# Nx=100 Ny=100
0.0831776 0.0508926 0.0211971 0.00836042 0.0032616 0.00126702 0.000490797 0.000189685 7.31715e-05 2.81814e-05 1.08394e-05 4.16449e-06 1.59848e-06 6.1307e-07 2.34975e-07 9.00095e-08 3.44628e-08 1.31899e-08 5.04646e-09 1.93024e-09 7.38133e-10 2.8221e-10 1.0788e-10 4.12335e-11 1.57583e-11 6.02184e-12 2.30099e-12 8.79167e-13 3.35896e-13 1.28327e-13 4.9025e-14 1.87285e-14 7.15447e-15 2.73302e-15 1.044e-15 3.98798e-16 1.52335e-16 5.81892e-17 2.22271e-17 8.49022e-18 3.24305e-18 1.23876e-18 4.73171e-19 1.80737e-19 6.90362e-20 2.63697e-20 1.00724e-20 3.84733e-21 1.46956e-21 5.61323e-22 2.14407e-22 8.18963e-23 3.12817e-23 1.19485e-23 4.56394e-24 1.74327e-24 6.65872e-25 2.5434e-25 9.71495e-26 3.71078e-26 1.41739e-26 5.41396e-27 2.06795e-27 7.89886e-28 3.0171e-28 1.15243e-28 4.40189e-29 1.68137e-29 6.42227e-30 2.45309e-30 9.36996e-31 3.57901e-31 1.36706e-31 5.2217e-32 1.99451e-32 7.61836e-33 2.90996e-33 1.1115e-33 4.24557e-34 1.62166e-34 6.1942e-35 2.36597e-35 9.03722e-36 3.45191e-36 1.31851e-36 5.03627e-37 1.92368e-37 7.34782e-38 2.80662e-38 1.07203e-38 4.0948e-39 1.56407e-39 5.97418e-40 2.28185e-40 8.71391e-41 3.32418e-41 1.26088e-41 4.64052e-42 1.44542e-42 0. 
0.0831776 0.0508926 0.0211971 0.00836042 0.0032616 0.00126702 0.000490797 0.000189685 7.31715e-05 2.81814e-05 1.08394e-05 4.16449e-06 1.59848e-06 6.1307e-07 2.34975e-07 9.00095e-08 3.44628e-08 1.31899e-08 5.04646e-09 1.93024e-09 7.38133e-10 2.8221e-10 1.0788e-10 4.12335e-11 1.57583e-11 6.02184e-12 2.30099e-12 8.79167e-13 3.35896e-13 1.28327e-13 4.9025e-14 1.87285e-14 7.15447e-15 2.73302e-15 1.044e-15 3.98798e-16 1.52335e-16 5.81892e-17 2.22271e-17 8.49022e-18 3.24305e-18 1.23876e-18 4.73171e-19 1.80737e-19 6.90362e-20 2.63697e-20 1.00724e-20 3.84733e-21 1.46956e-21 5.61323e-22 2.14407e-22 8.18963e-23 3.12817e-23 1.19485e-23 4.56394e-24 1.74327e-24 6.65872e-25 2.5434e-25 9.71495e-26 3.71078e-26 1.41739e-26 5.41396e-27 2.06795e-27 7.89886e-28 3.0171e-28 1.15243e-28 4.40189e-29 1.68137e-29 6.42227e-30 2.45309e-30 9.36996e-31 3.57901e-31 1.36706e-31 5.2217e-32 1.99451e-32 7.61836e-33 2.90996e-33 1.1115e-33 4.24557e-34 1.62166e-34 6.1942e-35 2.36597e-35 9.03722e-36 3.45191e-36 1.31851e-36 5.03627e-37 1.92368e-37 7.34782e-38 2.80662e-38 1.07203e-38 4.0948e-39 1.56407e-39 5.97418e-40 2.28185e-40 8.71391e-41 3.32418e-41 1.26088e-41 4.64052e-42 1.44542e-42 0. 
0.0831776 0.0483032 0.0204394 0.00828731 0.00331442 0.00131417 0.000517626 0.0002028 7.91109e-05 3.07511e-05 1.19182e-05 4.60792e-06 1.77796e-06 6.8487e-07 2.63442e-07 1.01217e-07 3.88505e-08 1.48999e-08 5.71051e-09 2.18735e-09 8.37442e-10 3.20493e-10 1.22614e-10 4.68963e-11 1.79324e-11 6.85579e-12 2.62064e-12 1.00161e-12 3.82775e-13 1.46268e-13 5.58887e-14 2.13536e-14 8.15823e-15 3.11676e-15 1.19068e-15 4.54857e-16 1.73758e-16 6.63753e-17 2.53548e-17 9.68524e-18 3.6996e-18 1.41317e-18 5.39801e-19 2.06191e-19 7.87595e-20 3.00839e-20 1.14912e-20 4.38929e-21 1.67658e-21 6.40399e-22 2.44612e-22 9.3434e-23 3.56887e-23 1.36319e-23 5.20694e-24 1.98888e-24 7.59686e-25 2.90174e-25 1.10837e-25 4.2336e-26 1.61709e-26 6.17674e-27 2.35931e-27 9.01175e-28 3.44218e-28 1.3148e-28 5.02208e-29 1.91826e-29 7.32712e-30 2.79871e-30 1.06901e-30 4.08326e-31 1.55967e-31 5.9574e-32 2.27553e-32 8.69173e-33 3.31995e-33 1.26811e-33 4.84374e-34 1.85014e-34 7.06692e-35 2.69932e-35 1.03105e-35 3.93826e-36 1.50428e-36 5.74584e-37 2.19472e-37 8.38307e-38 3.20205e-38 1.22307e-38 4.67172e-39 1.78444e-39 6.81594e-40 2.60342e-40 9.94329e-41 3.79573e-41 1.44426e-41 5.38391e-42 1.7522e-42 0. 
0.0831776 0.0457687 0.0195875 0.00812058 0.00332377 0.00134711 0.000541363 0.000215958 8.56016e-05 3.37448e-05 1.32398e-05 5.17369e-06 2.01472e-06 7.82242e-07 3.0295e-07 1.17075e-07 4.5161e-08 1.73934e-08 6.6901e-09 2.57036e-09 9.86606e-10 3.78395e-10 1.45029e-10 5.55544e-11 2.12703e-11 8.1406e-12 3.11453e-12 1.19126e-12 4.55535e-13 1.74161e-13 6.65748e-14 2.54454e-14 9.72438e-15 3.71598e-15 1.41988e-15 5.42504e-16 2.07267e-16 7.91846e-17 3.02506e-17 1.15562e-17 4.41456e-18 1.68636e-18 6.44177e-19 2.46068e-19 9.39941e-20 3.59039e-20 1.37145e-20 5.23861e-21 2.00101e-21 7.64332e-22 2.91953e-22 1.11517e-22 4.25962e-23 1.62704e-23 6.21478e-24 2.37385e-24 9.06732e-25 3.46342e-25 1.32291e-25 5.05308e-26 1.93011e-26 7.37237e-27 2.816e-27 1.07562e-27 4.10849e-28 1.5693e-28 5.99421e-29 2.28959e-29 8.74544e-30 3.34046e-30 1.27594e-30 4.87367e-31 1.86158e-31 7.11059e-32 2.716e-32 1.03742e-32 3.9626e-33 1.51358e-33 5.78135e-34 2.20828e-34 8.43488e-35 3.22184e-35 1.23063e-35 4.7006e-36 1.79547e-36 6.85808e-37 2.61955e-37 1.00058e-37 3.82188e-38 1.45983e-38 5.57604e-39 2.12986e-39 8.13533e-40 3.10739e-40 1.18685e-40 4.5314e-41 1.72562e-41 6.45548e-42 2.12595e-42 0. 
0.0831776 0.037581 0.0165763 0.00710974 0.00299559 0.00124496 0.000511551 0.000208169 8.40046e-05 3.3653e-05 1.33961e-05 5.30288e-06 2.08896e-06 8.19404e-07 3.20223e-07 1.24739e-07 4.84539e-08 1.87757e-08 7.26016e-09 2.80223e-09 1.07989e-09 4.15595e-10 1.59756e-10 6.13498e-11 2.35398e-11 9.02569e-12 3.45854e-12 1.32458e-12 5.0708e-13 1.9405e-13 7.42361e-14 2.83924e-14 1.08566e-14 4.15058e-15 1.58655e-15 6.06381e-16 2.31734e-16 8.85515e-17 3.38353e-17 1.29276e-17 4.93905e-18 1.88691e-18 7.20849e-19 2.75375e-19 1.05195e-19 4.01844e-20 1.53501e-20 5.86357e-21 2.23979e-21 8.55555e-22 3.26803e-22 1.24831e-22 4.76821e-23 1.82133e-23 6.95694e-24 2.65734e-24 1.01502e-24 3.87707e-25 1.48092e-25 5.65663e-26 2.16065e-26 8.25297e-27 3.15236e-27 1.2041e-27 4.59925e-28 1.75676e-28 6.71024e-29 2.56308e-29 9.79012e-30 3.73949e-30 1.42836e-30 5.45585e-31 2.08395e-31 7.95999e-32 3.04044e-32 1.16135e-32 4.43595e-33 1.69438e-33 6.47196e-34 2.47207e-34 9.44247e-35 3.6067e-35 1.37764e-35 5.26211e-36 2.00995e-36 7.67731e-37 2.93247e-37 1.1201e-37 4.27842e-38 1.63421e-38 6.24213e-39 2.38428e-39 9.10714e-40 3.4786e-40 1.32866e-40 5.07362e-41 1.93373e-41 7.26371e-42 2.4295e-42 0. 
0.0831776 0.0376984 0.0126289 0.00408128 0.00131415 0.000423065 0.000136209 4.38561e-05 1.41204e-05 4.54599e-06 1.46334e-06 4.70938e-07 1.51517e-07 4.87312e-08 1.56667e-08 5.03442e-09 1.61696e-09 5.19044e-10 1.66513e-10 5.33841e-11 1.71033e-11 5.47571e-12 1.75177e-12 5.59992e-13 1.78872e-13 5.70891e-14 1.82056e-14 5.80088e-15 1.84678e-15 5.8744e-16 1.86697e-16 5.92837e-17 1.88086e-17 5.96212e-18 1.88829e-18 5.9753e-19 1.8892e-19 5.96792e-20 1.88365e-20 5.94032e-21 1.87179e-21 5.8931e-22 1.85385e-22 5.82713e-23 1.83015e-23 5.74346e-24 1.80104e-24 5.64335e-25 1.76694e-25 5.52815e-26 1.7283e-26 5.39934e-27 1.68559e-27 5.25845e-28 1.63931e-28 5.10703e-29 1.58995e-29 4.94664e-30 1.538e-30 4.77883e-31 1.48394e-31 4.6051e-32 1.42823e-32 4.42689e-33 1.37133e-33 4.24555e-34 1.31365e-34 4.06237e-35 1.25557e-35 3.87854e-36 1.19747e-36 3.69515e-37 1.13966e-37 3.51318e-38 1.08245e-38 3.33353e-39 1.0261e-39 3.15698e-40 9.70844e-41 2.9842e-41 9.16878e-42 2.8158e-42 8.64376e-43 2.65227e-43 8.13482e-44 2.49401e-44 7.64313e-45 2.34136e-45 7.16959e-46 2.19457e-46 6.7149e-47 2.05382e-47 6.27943e-48 1.91903e-48 5.85948e-49 1.78315e-49 5.34205e-50 1.49191e-50 3.0873e-51 0. 
0.0831776 0.0455625 0.0175181 0.00634221 0.00224185 0.000779919 0.000268041 9.12289e-05 3.08047e-05 1.03331e-05 3.44684e-06 1.14427e-06 3.78293e-07 1.24605e-07 4.09103e-08 1.33925e-08 4.37258e-09 1.42418e-09 4.62835e-10 1.50103e-10 4.85867e-11 1.56985e-11 5.06355e-12 1.6306e-12 5.24289e-13 1.68326e-13 5.39652e-14 1.72776e-14 5.52435e-15 1.76411e-15 5.62641e-16 1.79232e-16 5.70289e-17 1.81251e-17 5.75419e-18 1.82482e-18 5.78091e-19 1.82947e-19 5.78387e-20 1.82677e-20 5.76406e-21 1.81704e-21 5.72269e-22 1.8007e-22 5.66108e-23 1.7782e-23 5.58072e-24 1.75e-24 5.48316e-25 1.71662e-25 5.37005e-26 1.6786e-26 5.24307e-27 1.63645e-27 5.10392e-28 1.59072e-28 4.95429e-29 1.54195e-29 4.79583e-30 1.49063e-30 4.63016e-31 1.43729e-31 4.45881e-32 1.38238e-32 4.28325e-33 1.32636e-33 4.10486e-34 1.26965e-34 3.9249e-35 1.21264e-35 3.74457e-36 1.15568e-36 3.56491e-37 1.0991e-37 3.38691e-38 1.04317e-38 3.21141e-39 9.88161e-40 3.03917e-40 9.34289e-41 2.87084e-41 8.81744e-42 2.70698e-42 8.30689e-43 2.54805e-43 7.81257e-44 2.39443e-44 7.33555e-45 2.24642e-45 6.87667e-46 2.10425e-46 6.43652e-47 1.96806e-47 6.01519e-48 1.8373e-48 5.59979e-49 1.68849e-49 4.8234e-50 1.06183e-50 0. 
0.0831776 0.0472237 0.0193655 0.00753265 0.00285705 0.00106244 0.000388498 0.000140021 4.98378e-05 1.75465e-05 6.11891e-06 2.1159e-06 7.26209e-07 2.47584e-07 8.39012e-08 2.82782e-08 9.48389e-09 3.16636e-09 1.05277e-09 3.48697e-10 1.15088e-10 3.78604e-11 1.24169e-11 4.06068e-12 1.3244e-12 4.3087e-13 1.39843e-13 4.52852e-14 1.46335e-14 4.7191e-15 1.51892e-15 4.87992e-16 1.56505e-16 5.01091e-17 1.60179e-17 5.11241e-18 1.6293e-18 5.1851e-19 1.64785e-19 5.22999e-20 1.65779e-20 5.24834e-21 1.65957e-21 5.24165e-22 1.65369e-22 5.21155e-23 1.64068e-23 5.15985e-24 1.62113e-24 5.0884e-25 1.59565e-25 4.99914e-26 1.56483e-26 4.89402e-27 1.52931e-27 4.77497e-28 1.48969e-28 4.64391e-29 1.44657e-29 4.50268e-30 1.40051e-30 4.35306e-31 1.35207e-31 4.19673e-32 1.30177e-32 4.03529e-33 1.25009e-33 3.87021e-34 1.19747e-34 3.70286e-35 1.14434e-35 3.53449e-36 1.09107e-36 3.36623e-37 1.038e-37 3.19908e-38 9.85433e-39 3.03395e-39 9.33629e-40 2.87163e-40 8.82822e-41 2.71278e-41 8.33212e-42 2.55799e-42 7.84965e-43 2.40775e-43 7.38219e-44 2.26244e-44 6.93087e-45 2.12237e-45 6.49654e-46 1.98779e-46 6.07983e-47 1.85882e-47 5.6802e-48 1.73344e-48 5.25432e-49 1.53228e-49 3.59981e-50 0. 
0.0831776 0.0454815 0.0192155 0.00780472 0.00310363 0.00121164 0.000465045 0.000175732 6.54708e-05 2.40797e-05 8.75356e-06 3.14859e-06 1.12167e-06 3.96099e-07 1.38759e-07 4.82536e-08 1.66674e-08 5.72149e-09 1.95279e-09 6.62967e-10 2.23967e-10 7.53141e-11 2.52176e-11 8.40983e-12 2.79405e-12 9.25005e-13 3.05216e-13 1.00393e-13 3.2924e-14 1.07671e-14 3.5118e-15 1.14251e-15 3.70807e-16 1.20072e-16 3.87957e-17 1.2509e-17 4.02528e-18 1.29283e-18 4.14471e-19 1.32644e-19 4.23789e-20 1.3518e-20 4.30526e-21 1.36911e-21 4.34763e-22 1.37868e-22 4.36612e-23 1.38091e-23 4.36208e-24 1.37625e-24 4.33706e-25 1.36522e-25 4.29274e-26 1.34836e-26 4.23089e-27 1.32624e-27 4.15332e-28 1.29945e-28 4.06188e-29 1.26855e-29 3.95836e-30 1.23412e-30 3.84454e-31 1.1967e-31 3.72213e-32 1.15683e-32 3.59273e-33 1.11499e-33 3.45789e-34 1.07166e-34 3.31902e-35 1.02726e-35 3.17743e-36 9.822e-37 3.03432e-37 9.36837e-38 2.89078e-38 8.91493e-39 2.74777e-39 8.46459e-40 2.60616e-40 8.01989e-41 2.46669e-41 7.58304e-42 2.33002e-42 7.15594e-43 2.19669e-43 6.74017e-44 2.06717e-44 6.33707e-45 1.94183e-45 5.9477e-46 1.82097e-46 5.57284e-47 1.70471e-47 5.21017e-48 1.58625e-48 4.70924e-49 1.18067e-49 0. 
0.0831776 0.0374979 0.0164466 0.00698215 0.00289572 0.00117729 0.000470137 0.000184689 7.14659e-05 2.72719e-05 1.02744e-05 3.82521e-06 1.40866e-06 5.1354e-07 1.85475e-07 6.64115e-08 2.35895e-08 8.31684e-09 2.91199e-09 1.01302e-09 3.5029e-10 1.20445e-10 4.11963e-11 1.40209e-11 4.74974e-12 1.602e-12 5.38096e-13 1.80037e-13 6.00156e-14 1.99365e-14 6.6008e-15 2.17861e-15 7.16909e-16 2.35242e-16 7.6982e-17 2.51271e-17 8.18136e-18 2.65757e-18 8.61323e-19 2.78554e-19 8.98992e-20 2.89561e-20 9.30889e-21 2.98718e-21 9.56886e-22 3.06002e-22 9.76971e-23 3.11427e-23 9.91229e-24 3.15034e-24 9.99833e-25 3.16888e-25 1.00303e-25 3.17079e-26 1.00112e-26 3.15708e-27 9.94452e-28 3.12893e-28 9.83412e-29 3.08757e-29 9.68401e-30 3.03432e-30 9.49837e-31 2.9705e-31 9.2814e-32 2.89743e-32 9.03726e-33 2.81641e-33 8.77002e-34 2.72872e-34 8.48361e-35 2.63557e-35 8.18175e-36 2.53809e-36 7.86795e-37 2.43736e-37 7.54548e-38 2.33437e-38 7.21733e-39 2.23004e-39 6.88627e-40 2.12518e-40 6.55475e-41 2.02054e-41 6.22498e-42 1.91678e-42 5.89893e-43 1.81446e-43 5.57827e-44 1.71409e-44 5.26447e-45 1.6161e-45 4.95877e-46 1.52083e-46 4.66208e-47 1.42827e-47 4.3666e-48 1.31564e-48 3.50685e-49 0. 
0.0831776 0.0376984 0.0126289 0.00408128 0.00131415 0.000423065 0.000136209 4.38561e-05 1.41204e-05 4.54599e-06 1.46334e-06 4.70938e-07 1.51517e-07 4.87312e-08 1.56667e-08 5.03442e-09 1.61696e-09 5.19044e-10 1.66513e-10 5.33841e-11 1.71033e-11 5.47571e-12 1.75177e-12 5.59992e-13 1.78872e-13 5.70891e-14 1.82056e-14 5.80088e-15 1.84678e-15 5.8744e-16 1.86697e-16 5.92837e-17 1.88086e-17 5.96212e-18 1.88829e-18 5.9753e-19 1.8892e-19 5.96792e-20 1.88365e-20 5.94032e-21 1.87179e-21 5.8931e-22 1.85385e-22 5.82713e-23 1.83015e-23 5.74346e-24 1.80104e-24 5.64335e-25 1.76694e-25 5.52815e-26 1.7283e-26 5.39934e-27 1.68559e-27 5.25845e-28 1.63931e-28 5.10703e-29 1.58995e-29 4.94664e-30 1.538e-30 4.77883e-31 1.48394e-31 4.6051e-32 1.42823e-32 4.42689e-33 1.37133e-33 4.24555e-34 1.31365e-34 4.06237e-35 1.25557e-35 3.87854e-36 1.19747e-36 3.69515e-37 1.13966e-37 3.51318e-38 1.08245e-38 3.33353e-39 1.0261e-39 3.15698e-40 9.70844e-41 2.9842e-41 9.16878e-42 2.8158e-42 8.64376e-43 2.65227e-43 8.13482e-44 2.49401e-44 7.64313e-45 2.34136e-45 7.16959e-46 2.19457e-46 6.7149e-47 2.05382e-47 6.27943e-48 1.91903e-48 5.85948e-49 1.78315e-49 5.34205e-50 1.49191e-50 3.0873e-51 0. 
0.0831776 0.0455625 0.0175181 0.00634221 0.00224185 0.000779919 0.000268041 9.12289e-05 3.08047e-05 1.03331e-05 3.44684e-06 1.14427e-06 3.78293e-07 1.24605e-07 4.09103e-08 1.33925e-08 4.37258e-09 1.42418e-09 4.62835e-10 1.50103e-10 4.85867e-11 1.56985e-11 5.06355e-12 1.6306e-12 5.24289e-13 1.68326e-13 5.39652e-14 1.72776e-14 5.52435e-15 1.76411e-15 5.62641e-16 1.79232e-16 5.70289e-17 1.81251e-17 5.75419e-18 1.82482e-18 5.78091e-19 1.82947e-19 5.78387e-20 1.82677e-20 5.76406e-21 1.81704e-21 5.72269e-22 1.8007e-22 5.66108e-23 1.7782e-23 5.58072e-24 1.75e-24 5.48316e-25 1.71662e-25 5.37005e-26 1.6786e-26 5.24307e-27 1.63645e-27 5.10392e-28 1.59072e-28 4.95429e-29 1.54195e-29 4.79583e-30 1.49063e-30 4.63016e-31 1.43729e-31 4.45881e-32 1.38238e-32 4.28325e-33 1.32636e-33 4.10486e-34 1.26965e-34 3.9249e-35 1.21264e-35 3.74457e-36 1.15568e-36 3.56491e-37 1.0991e-37 3.38691e-38 1.04317e-38 3.21141e-39 9.88161e-40 3.03917e-40 9.34289e-41 2.87084e-41 8.81744e-42 2.70698e-42 8.30689e-43 2.54805e-43 7.81257e-44 2.39443e-44 7.33555e-45 2.24642e-45 6.87667e-46 2.10425e-46 6.43652e-47 1.96806e-47 6.01519e-48 1.8373e-48 5.59979e-49 1.68849e-49 4.8234e-50 1.06183e-50 0. 
0.0831776 0.0472237 0.0193655 0.00753265 0.00285705 0.00106244 0.000388498 0.000140021 4.98378e-05 1.75465e-05 6.11891e-06 2.1159e-06 7.26209e-07 2.47584e-07 8.39012e-08 2.82782e-08 9.48389e-09 3.16636e-09 1.05277e-09 3.48697e-10 1.15088e-10 3.78604e-11 1.24169e-11 4.06068e-12 1.3244e-12 4.3087e-13 1.39843e-13 4.52852e-14 1.46335e-14 4.7191e-15 1.51892e-15 4.87992e-16 1.56505e-16 5.01091e-17 1.60179e-17 5.11241e-18 1.6293e-18 5.1851e-19 1.64785e-19 5.22999e-20 1.65779e-20 5.24834e-21 1.65957e-21 5.24165e-22 1.65369e-22 5.21155e-23 1.64068e-23 5.15985e-24 1.62113e-24 5.0884e-25 1.59565e-25 4.99914e-26 1.56483e-26 4.89402e-27 1.52931e-27 4.77497e-28 1.48969e-28 4.64391e-29 1.44657e-29 4.50268e-30 1.40051e-30 4.35306e-31 1.35207e-31 4.19673e-32 1.30177e-32 4.03529e-33 1.25009e-33 3.87021e-34 1.19747e-34 3.70286e-35 1.14434e-35 3.53449e-36 1.09107e-36 3.36623e-37 1.038e-37 3.19908e-38 9.85433e-39 3.03395e-39 9.33629e-40 2.87163e-40 8.82822e-41 2.71278e-41 8.33212e-42 2.55799e-42 7.84965e-43 2.40775e-43 7.38219e-44 2.26244e-44 6.93087e-45 2.12237e-45 6.49654e-46 1.98779e-46 6.07983e-47 1.85882e-47 5.6802e-48 1.73344e-48 5.25432e-49 1.53228e-49 3.59981e-50 0. 
0.0831776 0.0454815 0.0192155 0.00780472 0.00310363 0.00121164 0.000465045 0.000175732 6.54708e-05 2.40797e-05 8.75356e-06 3.14859e-06 1.12167e-06 3.96099e-07 1.38759e-07 4.82536e-08 1.66674e-08 5.72149e-09 1.95279e-09 6.62967e-10 2.23967e-10 7.53141e-11 2.52176e-11 8.40983e-12 2.79405e-12 9.25005e-13 3.05216e-13 1.00393e-13 3.2924e-14 1.07671e-14 3.5118e-15 1.14251e-15 3.70807e-16 1.20072e-16 3.87957e-17 1.2509e-17 4.02528e-18 1.29283e-18 4.14471e-19 1.32644e-19 4.23789e-20 1.3518e-20 4.30526e-21 1.36911e-21 4.34763e-22 1.37868e-22 4.36612e-23 1.38091e-23 4.36208e-24 1.37625e-24 4.33706e-25 1.36522e-25 4.29274e-26 1.34836e-26 4.23089e-27 1.32624e-27 4.15332e-28 1.29945e-28 4.06188e-29 1.26855e-29 3.95836e-30 1.23412e-30 3.84454e-31 1.1967e-31 3.72213e-32 1.15683e-32 3.59273e-33 1.11499e-33 3.45789e-34 1.07166e-34 3.31902e-35 1.02726e-35 3.17743e-36 9.822e-37 3.03432e-37 9.36837e-38 2.89078e-38 8.91493e-39 2.74777e-39 8.46459e-40 2.60616e-40 8.01989e-41 2.46669e-41 7.58304e-42 2.33002e-42 7.15594e-43 2.19669e-43 6.74017e-44 2.06717e-44 6.33707e-45 1.94183e-45 5.9477e-46 1.82097e-46 5.57284e-47 1.70471e-47 5.21017e-48 1.58625e-48 4.70924e-49 1.18067e-49 0. 
0.0831776 0.0374979 0.0164466 0.00698215 0.00289572 0.00117729 0.000470137 0.000184689 7.14659e-05 2.72719e-05 1.02744e-05 3.82521e-06 1.40866e-06 5.1354e-07 1.85475e-07 6.64115e-08 2.35895e-08 8.31684e-09 2.91199e-09 1.01302e-09 3.5029e-10 1.20445e-10 4.11963e-11 1.40209e-11 4.74974e-12 1.602e-12 5.38096e-13 1.80037e-13 6.00156e-14 1.99365e-14 6.6008e-15 2.17861e-15 7.16909e-16 2.35242e-16 7.6982e-17 2.51271e-17 8.18136e-18 2.65757e-18 8.61323e-19 2.78554e-19 8.98992e-20 2.89561e-20 9.30889e-21 2.98718e-21 9.56886e-22 3.06002e-22 9.76971e-23 3.11427e-23 9.91229e-24 3.15034e-24 9.99833e-25 3.16888e-25 1.00303e-25 3.17079e-26 1.00112e-26 3.15708e-27 9.94452e-28 3.12893e-28 9.83412e-29 3.08757e-29 9.68401e-30 3.03432e-30 9.49837e-31 2.9705e-31 9.2814e-32 2.89743e-32 9.03726e-33 2.81641e-33 8.77002e-34 2.72872e-34 8.48361e-35 2.63557e-35 8.18175e-36 2.53809e-36 7.86795e-37 2.43736e-37 7.54548e-38 2.33437e-38 7.21733e-39 2.23004e-39 6.88627e-40 2.12518e-40 6.55475e-41 2.02054e-41 6.22498e-42 1.91678e-42 5.89893e-43 1.81446e-43 5.57827e-44 1.71409e-44 5.26447e-45 1.6161e-45 4.95877e-46 1.52083e-46 4.66208e-47 1.42827e-47 4.3666e-48 1.31564e-48 3.50685e-49 0. 
0.0831776 0.0376984 0.0126289 0.00408128 0.00131415 0.000423065 0.000136209 4.38561e-05 1.41204e-05 4.54599e-06 1.46334e-06 4.70938e-07 1.51517e-07 4.87312e-08 1.56667e-08 5.03442e-09 1.61696e-09 5.19044e-10 1.66513e-10 5.33841e-11 1.71033e-11 5.47571e-12 1.75177e-12 5.59992e-13 1.78872e-13 5.70891e-14 1.82056e-14 5.80088e-15 1.84678e-15 5.8744e-16 1.86697e-16 5.92837e-17 1.88086e-17 5.96212e-18 1.88829e-18 5.9753e-19 1.8892e-19 5.96792e-20 1.88365e-20 5.94032e-21 1.87179e-21 5.8931e-22 1.85385e-22 5.82713e-23 1.83015e-23 5.74346e-24 1.80104e-24 5.64335e-25 1.76694e-25 5.52815e-26 1.7283e-26 5.39934e-27 1.68559e-27 5.25845e-28 1.63931e-28 5.10703e-29 1.58995e-29 4.94664e-30 1.538e-30 4.77883e-31 1.48394e-31 4.6051e-32 1.42823e-32 4.42689e-33 1.37133e-33 4.24555e-34 1.31365e-34 4.06237e-35 1.25557e-35 3.87854e-36 1.19747e-36 3.69515e-37 1.13966e-37 3.51318e-38 1.08245e-38 3.33353e-39 1.0261e-39 3.15698e-40 9.70844e-41 2.9842e-41 9.16878e-42 2.8158e-42 8.64376e-43 2.65227e-43 8.13482e-44 2.49401e-44 7.64313e-45 2.34136e-45 7.16959e-46 2.19457e-46 6.7149e-47 2.05382e-47 6.27943e-48 1.91903e-48 5.85948e-49 1.78315e-49 5.34205e-50 1.49191e-50 3.0873e-51 0. 
0.0831776 0.0455625 0.0175181 0.00634221 0.00224185 0.000779919 0.000268041 9.12289e-05 3.08047e-05 1.03331e-05 3.44684e-06 1.14427e-06 3.78293e-07 1.24605e-07 4.09103e-08 1.33925e-08 4.37258e-09 1.42418e-09 4.62835e-10 1.50103e-10 4.85867e-11 1.56985e-11 5.06355e-12 1.6306e-12 5.24289e-13 1.68326e-13 5.39652e-14 1.72776e-14 5.52435e-15 1.76411e-15 5.62641e-16 1.79232e-16 5.70289e-17 1.81251e-17 5.75419e-18 1.82482e-18 5.78091e-19 1.82947e-19 5.78387e-20 1.82677e-20 5.76406e-21 1.81704e-21 5.72269e-22 1.8007e-22 5.66108e-23 1.7782e-23 5.58072e-24 1.75e-24 5.48316e-25 1.71662e-25 5.37005e-26 1.6786e-26 5.24307e-27 1.63645e-27 5.10392e-28 1.59072e-28 4.95429e-29 1.54195e-29 4.79583e-30 1.49063e-30 4.63016e-31 1.43729e-31 4.45881e-32 1.38238e-32 4.28325e-33 1.32636e-33 4.10486e-34 1.26965e-34 3.9249e-35 1.21264e-35 3.74457e-36 1.15568e-36 3.56491e-37 1.0991e-37 3.38691e-38 1.04317e-38 3.21141e-39 9.88161e-40 3.03917e-40 9.34289e-41 2.87084e-41 8.81744e-42 2.70698e-42 8.30689e-43 2.54805e-43 7.81257e-44 2.39443e-44 7.33555e-45 2.24642e-45 6.87667e-46 2.10425e-46 6.43652e-47 1.96806e-47 6.01519e-48 1.8373e-48 5.59979e-49 1.68849e-49 4.8234e-50 1.06183e-50 0. 
0.0831776 0.0472237 0.0193655 0.00753265 0.00285705 0.00106244 0.000388498 0.000140021 4.98378e-05 1.75465e-05 6.11891e-06 2.1159e-06 7.26209e-07 2.47584e-07 8.39012e-08 2.82782e-08 9.48389e-09 3.16636e-09 1.05277e-09 3.48697e-10 1.15088e-10 3.78604e-11 1.24169e-11 4.06068e-12 1.3244e-12 4.3087e-13 1.39843e-13 4.52852e-14 1.46335e-14 4.7191e-15 1.51892e-15 4.87992e-16 1.56505e-16 5.01091e-17 1.60179e-17 5.11241e-18 1.6293e-18 5.1851e-19 1.64785e-19 5.22999e-20 1.65779e-20 5.24834e-21 1.65957e-21 5.24165e-22 1.65369e-22 5.21155e-23 1.64068e-23 5.15985e-24 1.62113e-24 5.0884e-25 1.59565e-25 4.99914e-26 1.56483e-26 4.89402e-27 1.52931e-27 4.77497e-28 1.48969e-28 4.64391e-29 1.44657e-29 4.50268e-30 1.40051e-30 4.35306e-31 1.35207e-31 4.19673e-32 1.30177e-32 4.03529e-33 1.25009e-33 3.87021e-34 1.19747e-34 3.70286e-35 1.14434e-35 3.53449e-36 1.09107e-36 3.36623e-37 1.038e-37 3.19908e-38 9.85433e-39 3.03395e-39 9.33629e-40 2.87163e-40 8.82822e-41 2.71278e-41 8.33212e-42 2.55799e-42 7.84965e-43 2.40775e-43 7.38219e-44 2.26244e-44 6.93087e-45 2.12237e-45 6.49654e-46 1.98779e-46 6.07983e-47 1.85882e-47 5.6802e-48 1.73344e-48 5.25432e-49 1.53228e-49 3.59981e-50 0. 
0.0831776 0.0454815 0.0192155 0.00780472 0.00310363 0.00121164 0.000465045 0.000175732 6.54708e-05 2.40797e-05 8.75356e-06 3.14859e-06 1.12167e-06 3.96099e-07 1.38759e-07 4.82536e-08 1.66674e-08 5.72149e-09 1.95279e-09 6.62967e-10 2.23967e-10 7.53141e-11 2.52176e-11 8.40983e-12 2.79405e-12 9.25005e-13 3.05216e-13 1.00393e-13 3.2924e-14 1.07671e-14 3.5118e-15 1.14251e-15 3.70807e-16 1.20072e-16 3.87957e-17 1.2509e-17 4.02528e-18 1.29283e-18 4.14471e-19 1.32644e-19 4.23789e-20 1.3518e-20 4.30526e-21 1.36911e-21 4.34763e-22 1.37868e-22 4.36612e-23 1.38091e-23 4.36208e-24 1.37625e-24 4.33706e-25 1.36522e-25 4.29274e-26 1.34836e-26 4.23089e-27 1.32624e-27 4.15332e-28 1.29945e-28 4.06188e-29 1.26855e-29 3.95836e-30 1.23412e-30 3.84454e-31 1.1967e-31 3.72213e-32 1.15683e-32 3.59273e-33 1.11499e-33 3.45789e-34 1.07166e-34 3.31902e-35 1.02726e-35 3.17743e-36 9.822e-37 3.03432e-37 9.36837e-38 2.89078e-38 8.91493e-39 2.74777e-39 8.46459e-40 2.60616e-40 8.01989e-41 2.46669e-41 7.58304e-42 2.33002e-42 7.15594e-43 2.19669e-43 6.74017e-44 2.06717e-44 6.33707e-45 1.94183e-45 5.9477e-46 1.82097e-46 5.57284e-47 1.70471e-47 5.21017e-48 1.58625e-48 4.70924e-49 1.18067e-49 0. 
0.0831776 0.0374979 0.0164466 0.00698215 0.00289572 0.00117729 0.000470137 0.000184689 7.14659e-05 2.72719e-05 1.02744e-05 3.82521e-06 1.40866e-06 5.1354e-07 1.85475e-07 6.64115e-08 2.35895e-08 8.31684e-09 2.91199e-09 1.01302e-09 3.5029e-10 1.20445e-10 4.11963e-11 1.40209e-11 4.74974e-12 1.602e-12 5.38096e-13 1.80037e-13 6.00156e-14 1.99365e-14 6.6008e-15 2.17861e-15 7.16909e-16 2.35242e-16 7.6982e-17 2.51271e-17 8.18136e-18 2.65757e-18 8.61323e-19 2.78554e-19 8.98992e-20 2.89561e-20 9.30889e-21 2.98718e-21 9.56886e-22 3.06002e-22 9.76971e-23 3.11427e-23 9.91229e-24 3.15034e-24 9.99833e-25 3.16888e-25 1.00303e-25 3.17079e-26 1.00112e-26 3.15708e-27 9.94452e-28 3.12893e-28 9.83412e-29 3.08757e-29 9.68401e-30 3.03432e-30 9.49837e-31 2.9705e-31 9.2814e-32 2.89743e-32 9.03726e-33 2.81641e-33 8.77002e-34 2.72872e-34 8.48361e-35 2.63557e-35 8.18175e-36 2.53809e-36 7.86795e-37 2.43736e-37 7.54548e-38 2.33437e-38 7.21733e-39 2.23004e-39 6.88627e-40 2.12518e-40 6.55475e-41 2.02054e-41 6.22498e-42 1.91678e-42 5.89893e-43 1.81446e-43 5.57827e-44 1.71409e-44 5.26447e-45 1.6161e-45 4.95877e-46 1.52083e-46 4.66208e-47 1.42827e-47 4.3666e-48 1.31564e-48 3.50685e-49 0. 
0.0831776 0.0376984 0.0126289 0.00408128 0.00131415 0.000423065 0.000136209 4.38561e-05 1.41204e-05 4.54599e-06 1.46334e-06 4.70938e-07 1.51517e-07 4.87312e-08 1.56667e-08 5.03442e-09 1.61696e-09 5.19044e-10 1.66513e-10 5.33841e-11 1.71033e-11 5.47571e-12 1.75177e-12 5.59992e-13 1.78872e-13 5.70891e-14 1.82056e-14 5.80088e-15 1.84678e-15 5.8744e-16 1.86697e-16 5.92837e-17 1.88086e-17 5.96212e-18 1.88829e-18 5.9753e-19 1.8892e-19 5.96792e-20 1.88365e-20 5.94032e-21 1.87179e-21 5.8931e-22 1.85385e-22 5.82713e-23 1.83015e-23 5.74346e-24 1.80104e-24 5.64335e-25 1.76694e-25 5.52815e-26 1.7283e-26 5.39934e-27 1.68559e-27 5.25845e-28 1.63931e-28 5.10703e-29 1.58995e-29 4.94664e-30 1.538e-30 4.77883e-31 1.48394e-31 4.6051e-32 1.42823e-32 4.42689e-33 1.37133e-33 4.24555e-34 1.31365e-34 4.06237e-35 1.25557e-35 3.87854e-36 1.19747e-36 3.69515e-37 1.13966e-37 3.51318e-38 1.08245e-38 3.33353e-39 1.0261e-39 3.15698e-40 9.70844e-41 2.9842e-41 9.16878e-42 2.8158e-42 8.64376e-43 2.65227e-43 8.13482e-44 2.49401e-44 7.64313e-45 2.34136e-45 7.16959e-46 2.19457e-46 6.7149e-47 2.05382e-47 6.27943e-48 1.91903e-48 5.85948e-49 1.78315e-49 5.34205e-50 1.49191e-50 3.0873e-51 0. 
0.0831776 0.0455625 0.0175181 0.00634221 0.00224185 0.000779919 0.000268041 9.12289e-05 3.08047e-05 1.03331e-05 3.44684e-06 1.14427e-06 3.78293e-07 1.24605e-07 4.09103e-08 1.33925e-08 4.37258e-09 1.42418e-09 4.62835e-10 1.50103e-10 4.85867e-11 1.56985e-11 5.06355e-12 1.6306e-12 5.24289e-13 1.68326e-13 5.39652e-14 1.72776e-14 5.52435e-15 1.76411e-15 5.62641e-16 1.79232e-16 5.70289e-17 1.81251e-17 5.75419e-18 1.82482e-18 5.78091e-19 1.82947e-19 5.78387e-20 1.82677e-20 5.76406e-21 1.81704e-21 5.72269e-22 1.8007e-22 5.66108e-23 1.7782e-23 5.58072e-24 1.75e-24 5.48316e-25 1.71662e-25 5.37005e-26 1.6786e-26 5.24307e-27 1.63645e-27 5.10392e-28 1.59072e-28 4.95429e-29 1.54195e-29 4.79583e-30 1.49063e-30 4.63016e-31 1.43729e-31 4.45881e-32 1.38238e-32 4.28325e-33 1.32636e-33 4.10486e-34 1.26965e-34 3.9249e-35 1.21264e-35 3.74457e-36 1.15568e-36 3.56491e-37 1.0991e-37 3.38691e-38 1.04317e-38 3.21141e-39 9.88161e-40 3.03917e-40 9.34289e-41 2.87084e-41 8.81744e-42 2.70698e-42 8.30689e-43 2.54805e-43 7.81257e-44 2.39443e-44 7.33555e-45 2.24642e-45 6.87667e-46 2.10425e-46 6.43652e-47 1.96806e-47 6.01519e-48 1.8373e-48 5.59979e-49 1.68849e-49 4.8234e-50 1.06183e-50 0. 
0.0831776 0.0472237 0.0193655 0.00753265 0.00285705 0.00106244 0.000388498 0.000140021 4.98378e-05 1.75465e-05 6.11891e-06 2.1159e-06 7.26209e-07 2.47584e-07 8.39012e-08 2.82782e-08 9.48389e-09 3.16636e-09 1.05277e-09 3.48697e-10 1.15088e-10 3.78604e-11 1.24169e-11 4.06068e-12 1.3244e-12 4.3087e-13 1.39843e-13 4.52852e-14 1.46335e-14 4.7191e-15 1.51892e-15 4.87992e-16 1.56505e-16 5.01091e-17 1.60179e-17 5.11241e-18 1.6293e-18 5.1851e-19 1.64785e-19 5.22999e-20 1.65779e-20 5.24834e-21 1.65957e-21 5.24165e-22 1.65369e-22 5.21155e-23 1.64068e-23 5.15985e-24 1.62113e-24 5.0884e-25 1.59565e-25 4.99914e-26 1.56483e-26 4.89402e-27 1.52931e-27 4.77497e-28 1.48969e-28 4.64391e-29 1.44657e-29 4.50268e-30 1.40051e-30 4.35306e-31 1.35207e-31 4.19673e-32 1.30177e-32 4.03529e-33 1.25009e-33 3.87021e-34 1.19747e-34 3.70286e-35 1.14434e-35 3.53449e-36 1.09107e-36 3.36623e-37 1.038e-37 3.19908e-38 9.85433e-39 3.03395e-39 9.33629e-40 2.87163e-40 8.82822e-41 2.71278e-41 8.33212e-42 2.55799e-42 7.84965e-43 2.40775e-43 7.38219e-44 2.26244e-44 6.93087e-45 2.12237e-45 6.49654e-46 1.98779e-46 6.07983e-47 1.85882e-47 5.6802e-48 1.73344e-48 5.25432e-49 1.53228e-49 3.59981e-50 0. 
0.0831776 0.0454815 0.0192155 0.00780472 0.00310363 0.00121164 0.000465045 0.000175732 6.54708e-05 2.40797e-05 8.75356e-06 3.14859e-06 1.12167e-06 3.96099e-07 1.38759e-07 4.82536e-08 1.66674e-08 5.72149e-09 1.95279e-09 6.62967e-10 2.23967e-10 7.53141e-11 2.52176e-11 8.40983e-12 2.79405e-12 9.25005e-13 3.05216e-13 1.00393e-13 3.2924e-14 1.07671e-14 3.5118e-15 1.14251e-15 3.70807e-16 1.20072e-16 3.87957e-17 1.2509e-17 4.02528e-18 1.29283e-18 4.14471e-19 1.32644e-19 4.23789e-20 1.3518e-20 4.30526e-21 1.36911e-21 4.34763e-22 1.37868e-22 4.36612e-23 1.38091e-23 4.36208e-24 1.37625e-24 4.33706e-25 1.36522e-25 4.29274e-26 1.34836e-26 4.23089e-27 1.32624e-27 4.15332e-28 1.29945e-28 4.06188e-29 1.26855e-29 3.95836e-30 1.23412e-30 3.84454e-31 1.1967e-31 3.72213e-32 1.15683e-32 3.59273e-33 1.11499e-33 3.45789e-34 1.07166e-34 3.31902e-35 1.02726e-35 3.17743e-36 9.822e-37 3.03432e-37 9.36837e-38 2.89078e-38 8.91493e-39 2.74777e-39 8.46459e-40 2.60616e-40 8.01989e-41 2.46669e-41 7.58304e-42 2.33002e-42 7.15594e-43 2.19669e-43 6.74017e-44 2.06717e-44 6.33707e-45 1.94183e-45 5.9477e-46 1.82097e-46 5.57284e-47 1.70471e-47 5.21017e-48 1.58625e-48 4.70924e-49 1.18067e-49 0. 
0.0831776 0.0374979 0.0164466 0.00698215 0.00289572 0.00117729 0.000470137 0.000184689 7.14659e-05 2.72719e-05 1.02744e-05 3.82521e-06 1.40866e-06 5.1354e-07 1.85475e-07 6.64115e-08 2.35895e-08 8.31684e-09 2.91199e-09 1.01302e-09 3.5029e-10 1.20445e-10 4.11963e-11 1.40209e-11 4.74974e-12 1.602e-12 5.38096e-13 1.80037e-13 6.00156e-14 1.99365e-14 6.6008e-15 2.17861e-15 7.16909e-16 2.35242e-16 7.6982e-17 2.51271e-17 8.18136e-18 2.65757e-18 8.61323e-19 2.78554e-19 8.98992e-20 2.89561e-20 9.30889e-21 2.98718e-21 9.56886e-22 3.06002e-22 9.76971e-23 3.11427e-23 9.91229e-24 3.15034e-24 9.99833e-25 3.16888e-25 1.00303e-25 3.17079e-26 1.00112e-26 3.15708e-27 9.94452e-28 3.12893e-28 9.83412e-29 3.08757e-29 9.68401e-30 3.03432e-30 9.49837e-31 2.9705e-31 9.2814e-32 2.89743e-32 9.03726e-33 2.81641e-33 8.77002e-34 2.72872e-34 8.48361e-35 2.63557e-35 8.18175e-36 2.53809e-36 7.86795e-37 2.43736e-37 7.54548e-38 2.33437e-38 7.21733e-39 2.23004e-39 6.88627e-40 2.12518e-40 6.55475e-41 2.02054e-41 6.22498e-42 1.91678e-42 5.89893e-43 1.81446e-43 5.57827e-44 1.71409e-44 5.26447e-45 1.6161e-45 4.95877e-46 1.52083e-46 4.66208e-47 1.42827e-47 4.3666e-48 1.31564e-48 3.50685e-49 0. 
0.0831776 0.0376984 0.0126289 0.00408128 0.00131415 0.000423065 0.000136209 4.38561e-05 1.41204e-05 4.54599e-06 1.46334e-06 4.70938e-07 1.51517e-07 4.87312e-08 1.56667e-08 5.03442e-09 1.61696e-09 5.19044e-10 1.66513e-10 5.33841e-11 1.71033e-11 5.47571e-12 1.75177e-12 5.59992e-13 1.78872e-13 5.70891e-14 1.82056e-14 5.80088e-15 1.84678e-15 5.8744e-16 1.86697e-16 5.92837e-17 1.88086e-17 5.96212e-18 1.88829e-18 5.9753e-19 1.8892e-19 5.96792e-20 1.88365e-20 5.94032e-21 1.87179e-21 5.8931e-22 1.85385e-22 5.82713e-23 1.83015e-23 5.74346e-24 1.80104e-24 5.64335e-25 1.76694e-25 5.52815e-26 1.7283e-26 5.39934e-27 1.68559e-27 5.25845e-28 1.63931e-28 5.10703e-29 1.58995e-29 4.94664e-30 1.538e-30 4.77883e-31 1.48394e-31 4.6051e-32 1.42823e-32 4.42689e-33 1.37133e-33 4.24555e-34 1.31365e-34 4.06237e-35 1.25557e-35 3.87854e-36 1.19747e-36 3.69515e-37 1.13966e-37 3.51318e-38 1.08245e-38 3.33353e-39 1.0261e-39 3.15698e-40 9.70844e-41 2.9842e-41 9.16878e-42 2.8158e-42 8.64376e-43 2.65227e-43 8.13482e-44 2.49401e-44 7.64313e-45 2.34136e-45 7.16959e-46 2.19457e-46 6.7149e-47 2.05382e-47 6.27943e-48 1.91903e-48 5.85948e-49 1.78315e-49 5.34205e-50 1.49191e-50 3.0873e-51 0. 
0.0831776 0.0455625 0.0175181 0.00634221 0.00224185 0.000779919 0.000268041 9.12289e-05 3.08047e-05 1.03331e-05 3.44684e-06 1.14427e-06 3.78293e-07 1.24605e-07 4.09103e-08 1.33925e-08 4.37258e-09 1.42418e-09 4.62835e-10 1.50103e-10 4.85867e-11 1.56985e-11 5.06355e-12 1.6306e-12 5.24289e-13 1.68326e-13 5.39652e-14 1.72776e-14 5.52435e-15 1.76411e-15 5.62641e-16 1.79232e-16 5.70289e-17 1.81251e-17 5.75419e-18 1.82482e-18 5.78091e-19 1.82947e-19 5.78387e-20 1.82677e-20 5.76406e-21 1.81704e-21 5.72269e-22 1.8007e-22 5.66108e-23 1.7782e-23 5.58072e-24 1.75e-24 5.48316e-25 1.71662e-25 5.37005e-26 1.6786e-26 5.24307e-27 1.63645e-27 5.10392e-28 1.59072e-28 4.95429e-29 1.54195e-29 4.79583e-30 1.49063e-30 4.63016e-31 1.43729e-31 4.45881e-32 1.38238e-32 4.28325e-33 1.32636e-33 4.10486e-34 1.26965e-34 3.9249e-35 1.21264e-35 3.74457e-36 1.15568e-36 3.56491e-37 1.0991e-37 3.38691e-38 1.04317e-38 3.21141e-39 9.88161e-40 3.03917e-40 9.34289e-41 2.87084e-41 8.81744e-42 2.70698e-42 8.30689e-43 2.54805e-43 7.81257e-44 2.39443e-44 7.33555e-45 2.24642e-45 6.87667e-46 2.10425e-46 6.43652e-47 1.96806e-47 6.01519e-48 1.8373e-48 5.59979e-49 1.68849e-49 4.8234e-50 1.06183e-50 0. 
0.0831776 0.0472237 0.0193655 0.00753265 0.00285705 0.00106244 0.000388498 0.000140021 4.98378e-05 1.75465e-05 6.11891e-06 2.1159e-06 7.26209e-07 2.47584e-07 8.39012e-08 2.82782e-08 9.48389e-09 3.16636e-09 1.05277e-09 3.48697e-10 1.15088e-10 3.78604e-11 1.24169e-11 4.06068e-12 1.3244e-12 4.3087e-13 1.39843e-13 4.52852e-14 1.46335e-14 4.7191e-15 1.51892e-15 4.87992e-16 1.56505e-16 5.01091e-17 1.60179e-17 5.11241e-18 1.6293e-18 5.1851e-19 1.64785e-19 5.22999e-20 1.65779e-20 5.24834e-21 1.65957e-21 5.24165e-22 1.65369e-22 5.21155e-23 1.64068e-23 5.15985e-24 1.62113e-24 5.0884e-25 1.59565e-25 4.99914e-26 1.56483e-26 4.89402e-27 1.52931e-27 4.77497e-28 1.48969e-28 4.64391e-29 1.44657e-29 4.50268e-30 1.40051e-30 4.35306e-31 1.35207e-31 4.19673e-32 1.30177e-32 4.03529e-33 1.25009e-33 3.87021e-34 1.19747e-34 3.70286e-35 1.14434e-35 3.53449e-36 1.09107e-36 3.36623e-37 1.038e-37 3.19908e-38 9.85433e-39 3.03395e-39 9.33629e-40 2.87163e-40 8.82822e-41 2.71278e-41 8.33212e-42 2.55799e-42 7.84965e-43 2.40775e-43 7.38219e-44 2.26244e-44 6.93087e-45 2.12237e-45 6.49654e-46 1.98779e-46 6.07983e-47 1.85882e-47 5.6802e-48 1.73344e-48 5.25432e-49 1.53228e-49 3.59981e-50 0. 
0.0831776 0.0454815 0.0192155 0.00780472 0.00310363 0.00121164 0.000465045 0.000175732 6.54708e-05 2.40797e-05 8.75356e-06 3.14859e-06 1.12167e-06 3.96099e-07 1.38759e-07 4.82536e-08 1.66674e-08 5.72149e-09 1.95279e-09 6.62967e-10 2.23967e-10 7.53141e-11 2.52176e-11 8.40983e-12 2.79405e-12 9.25005e-13 3.05216e-13 1.00393e-13 3.2924e-14 1.07671e-14 3.5118e-15 1.14251e-15 3.70807e-16 1.20072e-16 3.87957e-17 1.2509e-17 4.02528e-18 1.29283e-18 4.14471e-19 1.32644e-19 4.23789e-20 1.3518e-20 4.30526e-21 1.36911e-21 4.34763e-22 1.37868e-22 4.36612e-23 1.38091e-23 4.36208e-24 1.37625e-24 4.33706e-25 1.36522e-25 4.29274e-26 1.34836e-26 4.23089e-27 1.32624e-27 4.15332e-28 1.29945e-28 4.06188e-29 1.26855e-29 3.95836e-30 1.23412e-30 3.84454e-31 1.1967e-31 3.72213e-32 1.15683e-32 3.59273e-33 1.11499e-33 3.45789e-34 1.07166e-34 3.31902e-35 1.02726e-35 3.17743e-36 9.822e-37 3.03432e-37 9.36837e-38 2.89078e-38 8.91493e-39 2.74777e-39 8.46459e-40 2.60616e-40 8.01989e-41 2.46669e-41 7.58304e-42 2.33002e-42 7.15594e-43 2.19669e-43 6.74017e-44 2.06717e-44 6.33707e-45 1.94183e-45 5.9477e-46 1.82097e-46 5.57284e-47 1.70471e-47 5.21017e-48 1.58625e-48 4.70924e-49 1.18067e-49 0. 
0.0831776 0.0374979 0.0164466 0.00698215 0.00289572 0.00117729 0.000470137 0.000184689 7.14659e-05 2.72719e-05 1.02744e-05 3.82521e-06 1.40866e-06 5.1354e-07 1.85475e-07 6.64115e-08 2.35895e-08 8.31684e-09 2.91199e-09 1.01302e-09 3.5029e-10 1.20445e-10 4.11963e-11 1.40209e-11 4.74974e-12 1.602e-12 5.38096e-13 1.80037e-13 6.00156e-14 1.99365e-14 6.6008e-15 2.17861e-15 7.16909e-16 2.35242e-16 7.6982e-17 2.51271e-17 8.18136e-18 2.65757e-18 8.61323e-19 2.78554e-19 8.98992e-20 2.89561e-20 9.30889e-21 2.98718e-21 9.56886e-22 3.06002e-22 9.76971e-23 3.11427e-23 9.91229e-24 3.15034e-24 9.99833e-25 3.16888e-25 1.00303e-25 3.17079e-26 1.00112e-26 3.15708e-27 9.94452e-28 3.12893e-28 9.83412e-29 3.08757e-29 9.68401e-30 3.03432e-30 9.49837e-31 2.9705e-31 9.2814e-32 2.89743e-32 9.03726e-33 2.81641e-33 8.77002e-34 2.72872e-34 8.48361e-35 2.63557e-35 8.18175e-36 2.53809e-36 7.86795e-37 2.43736e-37 7.54548e-38 2.33437e-38 7.21733e-39 2.23004e-39 6.88627e-40 2.12518e-40 6.55475e-41 2.02054e-41 6.22498e-42 1.91678e-42 5.89893e-43 1.81446e-43 5.57827e-44 1.71409e-44 5.26447e-45 1.6161e-45 4.95877e-46 1.52083e-46 4.66208e-47 1.42827e-47 4.3666e-48 1.31564e-48 3.50685e-49 0. 
0.0831776 0.0376984 0.0126289 0.00408128 0.00131415 0.000423065 0.000136209 4.38561e-05 1.41204e-05 4.54599e-06 1.46334e-06 4.70938e-07 1.51517e-07 4.87312e-08 1.56667e-08 5.03442e-09 1.61696e-09 5.19044e-10 1.66513e-10 5.33841e-11 1.71033e-11 5.47571e-12 1.75177e-12 5.59992e-13 1.78872e-13 5.70891e-14 1.82056e-14 5.80088e-15 1.84678e-15 5.8744e-16 1.86697e-16 5.92837e-17 1.88086e-17 5.96212e-18 1.88829e-18 5.9753e-19 1.8892e-19 5.96792e-20 1.88365e-20 5.94032e-21 1.87179e-21 5.8931e-22 1.85385e-22 5.82713e-23 1.83015e-23 5.74346e-24 1.80104e-24 5.64335e-25 1.76694e-25 5.52815e-26 1.7283e-26 5.39934e-27 1.68559e-27 5.25845e-28 1.63931e-28 5.10703e-29 1.58995e-29 4.94664e-30 1.538e-30 4.77883e-31 1.48394e-31 4.6051e-32 1.42823e-32 4.42689e-33 1.37133e-33 4.24555e-34 1.31365e-34 4.06237e-35 1.25557e-35 3.87854e-36 1.19747e-36 3.69515e-37 1.13966e-37 3.51318e-38 1.08245e-38 3.33353e-39 1.0261e-39 3.15698e-40 9.70844e-41 2.9842e-41 9.16878e-42 2.8158e-42 8.64376e-43 2.65227e-43 8.13482e-44 2.49401e-44 7.64313e-45 2.34136e-45 7.16959e-46 2.19457e-46 6.7149e-47 2.05382e-47 6.27943e-48 1.91903e-48 5.85948e-49 1.78315e-49 5.34205e-50 1.49191e-50 3.0873e-51 0. 
0.0831776 0.0455625 0.0175181 0.00634221 0.00224185 0.000779919 0.000268041 9.12289e-05 3.08047e-05 1.03331e-05 3.44684e-06 1.14427e-06 3.78293e-07 1.24605e-07 4.09103e-08 1.33925e-08 4.37258e-09 1.42418e-09 4.62835e-10 1.50103e-10 4.85867e-11 1.56985e-11 5.06355e-12 1.6306e-12 5.24289e-13 1.68326e-13 5.39652e-14 1.72776e-14 5.52435e-15 1.76411e-15 5.62641e-16 1.79232e-16 5.70289e-17 1.81251e-17 5.75419e-18 1.82482e-18 5.78091e-19 1.82947e-19 5.78387e-20 1.82677e-20 5.76406e-21 1.81704e-21 5.72269e-22 1.8007e-22 5.66108e-23 1.7782e-23 5.58072e-24 1.75e-24 5.48316e-25 1.71662e-25 5.37005e-26 1.6786e-26 5.24307e-27 1.63645e-27 5.10392e-28 1.59072e-28 4.95429e-29 1.54195e-29 4.79583e-30 1.49063e-30 4.63016e-31 1.43729e-31 4.45881e-32 1.38238e-32 4.28325e-33 1.32636e-33 4.10486e-34 1.26965e-34 3.9249e-35 1.21264e-35 3.74457e-36 1.15568e-36 3.56491e-37 1.0991e-37 3.38691e-38 1.04317e-38 3.21141e-39 9.88161e-40 3.03917e-40 9.34289e-41 2.87084e-41 8.81744e-42 2.70698e-42 8.30689e-43 2.54805e-43 7.81257e-44 2.39443e-44 7.33555e-45 2.24642e-45 6.87667e-46 2.10425e-46 6.43652e-47 1.96806e-47 6.01519e-48 1.8373e-48 5.59979e-49 1.68849e-49 4.8234e-50 1.06183e-50 0. 
0.0831776 0.0472237 0.0193655 0.00753265 0.00285705 0.00106244 0.000388498 0.000140021 4.98378e-05 1.75465e-05 6.11891e-06 2.1159e-06 7.26209e-07 2.47584e-07 8.39012e-08 2.82782e-08 9.48389e-09 3.16636e-09 1.05277e-09 3.48697e-10 1.15088e-10 3.78604e-11 1.24169e-11 4.06068e-12 1.3244e-12 4.3087e-13 1.39843e-13 4.52852e-14 1.46335e-14 4.7191e-15 1.51892e-15 4.87992e-16 1.56505e-16 5.01091e-17 1.60179e-17 5.11241e-18 1.6293e-18 5.1851e-19 1.64785e-19 5.22999e-20 1.65779e-20 5.24834e-21 1.65957e-21 5.24165e-22 1.65369e-22 5.21155e-23 1.64068e-23 5.15985e-24 1.62113e-24 5.0884e-25 1.59565e-25 4.99914e-26 1.56483e-26 4.89402e-27 1.52931e-27 4.77497e-28 1.48969e-28 4.64391e-29 1.44657e-29 4.50268e-30 1.40051e-30 4.35306e-31 1.35207e-31 4.19673e-32 1.30177e-32 4.03529e-33 1.25009e-33 3.87021e-34 1.19747e-34 3.70286e-35 1.14434e-35 3.53449e-36 1.09107e-36 3.36623e-37 1.038e-37 3.19908e-38 9.85433e-39 3.03395e-39 9.33629e-40 2.87163e-40 8.82822e-41 2.71278e-41 8.33212e-42 2.55799e-42 7.84965e-43 2.40775e-43 7.38219e-44 2.26244e-44 6.93087e-45 2.12237e-45 6.49654e-46 1.98779e-46 6.07983e-47 1.85882e-47 5.6802e-48 1.73344e-48 5.25432e-49 1.53228e-49 3.59981e-50 0. 
0.0831776 0.0454815 0.0192155 0.00780472 0.00310363 0.00121164 0.000465045 0.000175732 6.54708e-05 2.40797e-05 8.75356e-06 3.14859e-06 1.12167e-06 3.96099e-07 1.38759e-07 4.82536e-08 1.66674e-08 5.72149e-09 1.95279e-09 6.62967e-10 2.23967e-10 7.53141e-11 2.52176e-11 8.40983e-12 2.79405e-12 9.25005e-13 3.05216e-13 1.00393e-13 3.2924e-14 1.07671e-14 3.5118e-15 1.14251e-15 3.70807e-16 1.20072e-16 3.87957e-17 1.2509e-17 4.02528e-18 1.29283e-18 4.14471e-19 1.32644e-19 4.23789e-20 1.3518e-20 4.30526e-21 1.36911e-21 4.34763e-22 1.37868e-22 4.36612e-23 1.38091e-23 4.36208e-24 1.37625e-24 4.33706e-25 1.36522e-25 4.29274e-26 1.34836e-26 4.23089e-27 1.32624e-27 4.15332e-28 1.29945e-28 4.06188e-29 1.26855e-29 3.95836e-30 1.23412e-30 3.84454e-31 1.1967e-31 3.72213e-32 1.15683e-32 3.59273e-33 1.11499e-33 3.45789e-34 1.07166e-34 3.31902e-35 1.02726e-35 3.17743e-36 9.822e-37 3.03432e-37 9.36837e-38 2.89078e-38 8.91493e-39 2.74777e-39 8.46459e-40 2.60616e-40 8.01989e-41 2.46669e-41 7.58304e-42 2.33002e-42 7.15594e-43 2.19669e-43 6.74017e-44 2.06717e-44 6.33707e-45 1.94183e-45 5.9477e-46 1.82097e-46 5.57284e-47 1.70471e-47 5.21017e-48 1.58625e-48 4.70924e-49 1.18067e-49 0. 
0.0831776 0.0374979 0.0164466 0.00698215 0.00289572 0.00117729 0.000470137 0.000184689 7.14659e-05 2.72719e-05 1.02744e-05 3.82521e-06 1.40866e-06 5.1354e-07 1.85475e-07 6.64115e-08 2.35895e-08 8.31684e-09 2.91199e-09 1.01302e-09 3.5029e-10 1.20445e-10 4.11963e-11 1.40209e-11 4.74974e-12 1.602e-12 5.38096e-13 1.80037e-13 6.00156e-14 1.99365e-14 6.6008e-15 2.17861e-15 7.16909e-16 2.35242e-16 7.6982e-17 2.51271e-17 8.18136e-18 2.65757e-18 8.61323e-19 2.78554e-19 8.98992e-20 2.89561e-20 9.30889e-21 2.98718e-21 9.56886e-22 3.06002e-22 9.76971e-23 3.11427e-23 9.91229e-24 3.15034e-24 9.99833e-25 3.16888e-25 1.00303e-25 3.17079e-26 1.00112e-26 3.15708e-27 9.94452e-28 3.12893e-28 9.83412e-29 3.08757e-29 9.68401e-30 3.03432e-30 9.49837e-31 2.9705e-31 9.2814e-32 2.89743e-32 9.03726e-33 2.81641e-33 8.77002e-34 2.72872e-34 8.48361e-35 2.63557e-35 8.18175e-36 2.53809e-36 7.86795e-37 2.43736e-37 7.54548e-38 2.33437e-38 7.21733e-39 2.23004e-39 6.88627e-40 2.12518e-40 6.55475e-41 2.02054e-41 6.22498e-42 1.91678e-42 5.89893e-43 1.81446e-43 5.57827e-44 1.71409e-44 5.26447e-45 1.6161e-45 4.95877e-46 1.52083e-46 4.66208e-47 1.42827e-47 4.3666e-48 1.31564e-48 3.50685e-49 0. 
0.0831776 0.0376984 0.0126289 0.00408128 0.00131415 0.000423065 0.000136209 4.38561e-05 1.41204e-05 4.54599e-06 1.46334e-06 4.70938e-07 1.51517e-07 4.87312e-08 1.56667e-08 5.03442e-09 1.61696e-09 5.19044e-10 1.66513e-10 5.33841e-11 1.71033e-11 5.47571e-12 1.75177e-12 5.59992e-13 1.78872e-13 5.70891e-14 1.82056e-14 5.80088e-15 1.84678e-15 5.8744e-16 1.86697e-16 5.92837e-17 1.88086e-17 5.96212e-18 1.88829e-18 5.9753e-19 1.8892e-19 5.96792e-20 1.88365e-20 5.94032e-21 1.87179e-21 5.8931e-22 1.85385e-22 5.82713e-23 1.83015e-23 5.74346e-24 1.80104e-24 5.64335e-25 1.76694e-25 5.52815e-26 1.7283e-26 5.39934e-27 1.68559e-27 5.25845e-28 1.63931e-28 5.10703e-29 1.58995e-29 4.94664e-30 1.538e-30 4.77883e-31 1.48394e-31 4.6051e-32 1.42823e-32 4.42689e-33 1.37133e-33 4.24555e-34 1.31365e-34 4.06237e-35 1.25557e-35 3.87854e-36 1.19747e-36 3.69515e-37 1.13966e-37 3.51318e-38 1.08245e-38 3.33353e-39 1.0261e-39 3.15698e-40 9.70844e-41 2.9842e-41 9.16878e-42 2.8158e-42 8.64376e-43 2.65227e-43 8.13482e-44 2.49401e-44 7.64313e-45 2.34136e-45 7.16959e-46 2.19457e-46 6.7149e-47 2.05382e-47 6.27943e-48 1.91903e-48 5.85948e-49 1.78315e-49 5.34205e-50 1.49191e-50 3.0873e-51 0. 
0.0831776 0.0455625 0.0175181 0.00634221 0.00224185 0.000779919 0.000268041 9.12289e-05 3.08047e-05 1.03331e-05 3.44684e-06 1.14427e-06 3.78293e-07 1.24605e-07 4.09103e-08 1.33925e-08 4.37258e-09 1.42418e-09 4.62835e-10 1.50103e-10 4.85867e-11 1.56985e-11 5.06355e-12 1.6306e-12 5.24289e-13 1.68326e-13 5.39652e-14 1.72776e-14 5.52435e-15 1.76411e-15 5.62641e-16 1.79232e-16 5.70289e-17 1.81251e-17 5.75419e-18 1.82482e-18 5.78091e-19 1.82947e-19 5.78387e-20 1.82677e-20 5.76406e-21 1.81704e-21 5.72269e-22 1.8007e-22 5.66108e-23 1.7782e-23 5.58072e-24 1.75e-24 5.48316e-25 1.71662e-25 5.37005e-26 1.6786e-26 5.24307e-27 1.63645e-27 5.10392e-28 1.59072e-28 4.95429e-29 1.54195e-29 4.79583e-30 1.49063e-30 4.63016e-31 1.43729e-31 4.45881e-32 1.38238e-32 4.28325e-33 1.32636e-33 4.10486e-34 1.26965e-34 3.9249e-35 1.21264e-35 3.74457e-36 1.15568e-36 3.56491e-37 1.0991e-37 3.38691e-38 1.04317e-38 3.21141e-39 9.88161e-40 3.03917e-40 9.34289e-41 2.87084e-41 8.81744e-42 2.70698e-42 8.30689e-43 2.54805e-43 7.81257e-44 2.39443e-44 7.33555e-45 2.24642e-45 6.87667e-46 2.10425e-46 6.43652e-47 1.96806e-47 6.01519e-48 1.8373e-48 5.59979e-49 1.68849e-49 4.8234e-50 1.06183e-50 0. 
0.0831776 0.0472237 0.0193655 0.00753265 0.00285705 0.00106244 0.000388498 0.000140021 4.98378e-05 1.75465e-05 6.11891e-06 2.1159e-06 7.26209e-07 2.47584e-07 8.39012e-08 2.82782e-08 9.48389e-09 3.16636e-09 1.05277e-09 3.48697e-10 1.15088e-10 3.78604e-11 1.24169e-11 4.06068e-12 1.3244e-12 4.3087e-13 1.39843e-13 4.52852e-14 1.46335e-14 4.7191e-15 1.51892e-15 4.87992e-16 1.56505e-16 5.01091e-17 1.60179e-17 5.11241e-18 1.6293e-18 5.1851e-19 1.64785e-19 5.22999e-20 1.65779e-20 5.24834e-21 1.65957e-21 5.24165e-22 1.65369e-22 5.21155e-23 1.64068e-23 5.15985e-24 1.62113e-24 5.0884e-25 1.59565e-25 4.99914e-26 1.56483e-26 4.89402e-27 1.52931e-27 4.77497e-28 1.48969e-28 4.64391e-29 1.44657e-29 4.50268e-30 1.40051e-30 4.35306e-31 1.35207e-31 4.19673e-32 1.30177e-32 4.03529e-33 1.25009e-33 3.87021e-34 1.19747e-34 3.70286e-35 1.14434e-35 3.53449e-36 1.09107e-36 3.36623e-37 1.038e-37 3.19908e-38 9.85433e-39 3.03395e-39 9.33629e-40 2.87163e-40 8.82822e-41 2.71278e-41 8.33212e-42 2.55799e-42 7.84965e-43 2.40775e-43 7.38219e-44 2.26244e-44 6.93087e-45 2.12237e-45 6.49654e-46 1.98779e-46 6.07983e-47 1.85882e-47 5.6802e-48 1.73344e-48 5.25432e-49 1.53228e-49 3.59981e-50 0. 
0.0831776 0.0454815 0.0192155 0.00780472 0.00310363 0.00121164 0.000465045 0.000175732 6.54708e-05 2.40797e-05 8.75356e-06 3.14859e-06 1.12167e-06 3.96099e-07 1.38759e-07 4.82536e-08 1.66674e-08 5.72149e-09 1.95279e-09 6.62967e-10 2.23967e-10 7.53141e-11 2.52176e-11 8.40983e-12 2.79405e-12 9.25005e-13 3.05216e-13 1.00393e-13 3.2924e-14 1.07671e-14 3.5118e-15 1.14251e-15 3.70807e-16 1.20072e-16 3.87957e-17 1.2509e-17 4.02528e-18 1.29283e-18 4.14471e-19 1.32644e-19 4.23789e-20 1.3518e-20 4.30526e-21 1.36911e-21 4.34763e-22 1.37868e-22 4.36612e-23 1.38091e-23 4.36208e-24 1.37625e-24 4.33706e-25 1.36522e-25 4.29274e-26 1.34836e-26 4.23089e-27 1.32624e-27 4.15332e-28 1.29945e-28 4.06188e-29 1.26855e-29 3.95836e-30 1.23412e-30 3.84454e-31 1.1967e-31 3.72213e-32 1.15683e-32 3.59273e-33 1.11499e-33 3.45789e-34 1.07166e-34 3.31902e-35 1.02726e-35 3.17743e-36 9.822e-37 3.03432e-37 9.36837e-38 2.89078e-38 8.91493e-39 2.74777e-39 8.46459e-40 2.60616e-40 8.01989e-41 2.46669e-41 7.58304e-42 2.33002e-42 7.15594e-43 2.19669e-43 6.74017e-44 2.06717e-44 6.33707e-45 1.94183e-45 5.9477e-46 1.82097e-46 5.57284e-47 1.70471e-47 5.21017e-48 1.58625e-48 4.70924e-49 1.18067e-49 0. 
0.0831776 0.0374979 0.0164466 0.00698215 0.00289572 0.00117729 0.000470137 0.000184689 7.14659e-05 2.72719e-05 1.02744e-05 3.82521e-06 1.40866e-06 5.1354e-07 1.85475e-07 6.64115e-08 2.35895e-08 8.31684e-09 2.91199e-09 1.01302e-09 3.5029e-10 1.20445e-10 4.11963e-11 1.40209e-11 4.74974e-12 1.602e-12 5.38096e-13 1.80037e-13 6.00156e-14 1.99365e-14 6.6008e-15 2.17861e-15 7.16909e-16 2.35242e-16 7.6982e-17 2.51271e-17 8.18136e-18 2.65757e-18 8.61323e-19 2.78554e-19 8.98992e-20 2.89561e-20 9.30889e-21 2.98718e-21 9.56886e-22 3.06002e-22 9.76971e-23 3.11427e-23 9.91229e-24 3.15034e-24 9.99833e-25 3.16888e-25 1.00303e-25 3.17079e-26 1.00112e-26 3.15708e-27 9.94452e-28 3.12893e-28 9.83412e-29 3.08757e-29 9.68401e-30 3.03432e-30 9.49837e-31 2.9705e-31 9.2814e-32 2.89743e-32 9.03726e-33 2.81641e-33 8.77002e-34 2.72872e-34 8.48361e-35 2.63557e-35 8.18175e-36 2.53809e-36 7.86795e-37 2.43736e-37 7.54548e-38 2.33437e-38 7.21733e-39 2.23004e-39 6.88627e-40 2.12518e-40 6.55475e-41 2.02054e-41 6.22498e-42 1.91678e-42 5.89893e-43 1.81446e-43 5.57827e-44 1.71409e-44 5.26447e-45 1.6161e-45 4.95877e-46 1.52083e-46 4.66208e-47 1.42827e-47 4.3666e-48 1.31564e-48 3.50685e-49 0. 
0.0831776 0.0376984 0.0126289 0.00408128 0.00131415 0.000423065 0.000136209 4.38561e-05 1.41204e-05 4.54599e-06 1.46334e-06 4.70938e-07 1.51517e-07 4.87312e-08 1.56667e-08 5.03442e-09 1.61696e-09 5.19044e-10 1.66513e-10 5.33841e-11 1.71033e-11 5.47571e-12 1.75177e-12 5.59992e-13 1.78872e-13 5.70891e-14 1.82056e-14 5.80088e-15 1.84678e-15 5.8744e-16 1.86697e-16 5.92837e-17 1.88086e-17 5.96212e-18 1.88829e-18 5.9753e-19 1.8892e-19 5.96792e-20 1.88365e-20 5.94032e-21 1.87179e-21 5.8931e-22 1.85385e-22 5.82713e-23 1.83015e-23 5.74346e-24 1.80104e-24 5.64335e-25 1.76694e-25 5.52815e-26 1.7283e-26 5.39934e-27 1.68559e-27 5.25845e-28 1.63931e-28 5.10703e-29 1.58995e-29 4.94664e-30 1.538e-30 4.77883e-31 1.48394e-31 4.6051e-32 1.42823e-32 4.42689e-33 1.37133e-33 4.24555e-34 1.31365e-34 4.06237e-35 1.25557e-35 3.87854e-36 1.19747e-36 3.69515e-37 1.13966e-37 3.51318e-38 1.08245e-38 3.33353e-39 1.0261e-39 3.15698e-40 9.70844e-41 2.9842e-41 9.16878e-42 2.8158e-42 8.64376e-43 2.65227e-43 8.13482e-44 2.49401e-44 7.64313e-45 2.34136e-45 7.16959e-46 2.19457e-46 6.7149e-47 2.05382e-47 6.27943e-48 1.91903e-48 5.85948e-49 1.78315e-49 5.34205e-50 1.49191e-50 3.0873e-51 0. 
0.0831776 0.0455625 0.0175181 0.00634221 0.00224185 0.000779919 0.000268041 9.12289e-05 3.08047e-05 1.03331e-05 3.44684e-06 1.14427e-06 3.78293e-07 1.24605e-07 4.09103e-08 1.33925e-08 4.37258e-09 1.42418e-09 4.62835e-10 1.50103e-10 4.85867e-11 1.56985e-11 5.06355e-12 1.6306e-12 5.24289e-13 1.68326e-13 5.39652e-14 1.72776e-14 5.52435e-15 1.76411e-15 5.62641e-16 1.79232e-16 5.70289e-17 1.81251e-17 5.75419e-18 1.82482e-18 5.78091e-19 1.82947e-19 5.78387e-20 1.82677e-20 5.76406e-21 1.81704e-21 5.72269e-22 1.8007e-22 5.66108e-23 1.7782e-23 5.58072e-24 1.75e-24 5.48316e-25 1.71662e-25 5.37005e-26 1.6786e-26 5.24307e-27 1.63645e-27 5.10392e-28 1.59072e-28 4.95429e-29 1.54195e-29 4.79583e-30 1.49063e-30 4.63016e-31 1.43729e-31 4.45881e-32 1.38238e-32 4.28325e-33 1.32636e-33 4.10486e-34 1.26965e-34 3.9249e-35 1.21264e-35 3.74457e-36 1.15568e-36 3.56491e-37 1.0991e-37 3.38691e-38 1.04317e-38 3.21141e-39 9.88161e-40 3.03917e-40 9.34289e-41 2.87084e-41 8.81744e-42 2.70698e-42 8.30689e-43 2.54805e-43 7.81257e-44 2.39443e-44 7.33555e-45 2.24642e-45 6.87667e-46 2.10425e-46 6.43652e-47 1.96806e-47 6.01519e-48 1.8373e-48 5.59979e-49 1.68849e-49 4.8234e-50 1.06183e-50 0. 
0.0831776 0.0472237 0.0193655 0.00753265 0.00285705 0.00106244 0.000388498 0.000140021 4.98378e-05 1.75465e-05 6.11891e-06 2.1159e-06 7.26209e-07 2.47584e-07 8.39012e-08 2.82782e-08 9.48389e-09 3.16636e-09 1.05277e-09 3.48697e-10 1.15088e-10 3.78604e-11 1.24169e-11 4.06068e-12 1.3244e-12 4.3087e-13 1.39843e-13 4.52852e-14 1.46335e-14 4.7191e-15 1.51892e-15 4.87992e-16 1.56505e-16 5.01091e-17 1.60179e-17 5.11241e-18 1.6293e-18 5.1851e-19 1.64785e-19 5.22999e-20 1.65779e-20 5.24834e-21 1.65957e-21 5.24165e-22 1.65369e-22 5.21155e-23 1.64068e-23 5.15985e-24 1.62113e-24 5.0884e-25 1.59565e-25 4.99914e-26 1.56483e-26 4.89402e-27 1.52931e-27 4.77497e-28 1.48969e-28 4.64391e-29 1.44657e-29 4.50268e-30 1.40051e-30 4.35306e-31 1.35207e-31 4.19673e-32 1.30177e-32 4.03529e-33 1.25009e-33 3.87021e-34 1.19747e-34 3.70286e-35 1.14434e-35 3.53449e-36 1.09107e-36 3.36623e-37 1.038e-37 3.19908e-38 9.85433e-39 3.03395e-39 9.33629e-40 2.87163e-40 8.82822e-41 2.71278e-41 8.33212e-42 2.55799e-42 7.84965e-43 2.40775e-43 7.38219e-44 2.26244e-44 6.93087e-45 2.12237e-45 6.49654e-46 1.98779e-46 6.07983e-47 1.85882e-47 5.6802e-48 1.73344e-48 5.25432e-49 1.53228e-49 3.59981e-50 0. 
0.0831776 0.0454815 0.0192155 0.00780472 0.00310363 0.00121164 0.000465045 0.000175732 6.54708e-05 2.40797e-05 8.75356e-06 3.14859e-06 1.12167e-06 3.96099e-07 1.38759e-07 4.82536e-08 1.66674e-08 5.72149e-09 1.95279e-09 6.62967e-10 2.23967e-10 7.53141e-11 2.52176e-11 8.40983e-12 2.79405e-12 9.25005e-13 3.05216e-13 1.00393e-13 3.2924e-14 1.07671e-14 3.5118e-15 1.14251e-15 3.70807e-16 1.20072e-16 3.87957e-17 1.2509e-17 4.02528e-18 1.29283e-18 4.14471e-19 1.32644e-19 4.23789e-20 1.3518e-20 4.30526e-21 1.36911e-21 4.34763e-22 1.37868e-22 4.36612e-23 1.38091e-23 4.36208e-24 1.37625e-24 4.33706e-25 1.36522e-25 4.29274e-26 1.34836e-26 4.23089e-27 1.32624e-27 4.15332e-28 1.29945e-28 4.06188e-29 1.26855e-29 3.95836e-30 1.23412e-30 3.84454e-31 1.1967e-31 3.72213e-32 1.15683e-32 3.59273e-33 1.11499e-33 3.45789e-34 1.07166e-34 3.31902e-35 1.02726e-35 3.17743e-36 9.822e-37 3.03432e-37 9.36837e-38 2.89078e-38 8.91493e-39 2.74777e-39 8.46459e-40 2.60616e-40 8.01989e-41 2.46669e-41 7.58304e-42 2.33002e-42 7.15594e-43 2.19669e-43 6.74017e-44 2.06717e-44 6.33707e-45 1.94183e-45 5.9477e-46 1.82097e-46 5.57284e-47 1.70471e-47 5.21017e-48 1.58625e-48 4.70924e-49 1.18067e-49 0. 
0.0831776 0.0374979 0.0164466 0.00698215 0.00289572 0.00117729 0.000470137 0.000184689 7.14659e-05 2.72719e-05 1.02744e-05 3.82521e-06 1.40866e-06 5.1354e-07 1.85475e-07 6.64115e-08 2.35895e-08 8.31684e-09 2.91199e-09 1.01302e-09 3.5029e-10 1.20445e-10 4.11963e-11 1.40209e-11 4.74974e-12 1.602e-12 5.38096e-13 1.80037e-13 6.00156e-14 1.99365e-14 6.6008e-15 2.17861e-15 7.16909e-16 2.35242e-16 7.6982e-17 2.51271e-17 8.18136e-18 2.65757e-18 8.61323e-19 2.78554e-19 8.98992e-20 2.89561e-20 9.30889e-21 2.98718e-21 9.56886e-22 3.06002e-22 9.76971e-23 3.11427e-23 9.91229e-24 3.15034e-24 9.99833e-25 3.16888e-25 1.00303e-25 3.17079e-26 1.00112e-26 3.15708e-27 9.94452e-28 3.12893e-28 9.83412e-29 3.08757e-29 9.68401e-30 3.03432e-30 9.49837e-31 2.9705e-31 9.2814e-32 2.89743e-32 9.03726e-33 2.81641e-33 8.77002e-34 2.72872e-34 8.48361e-35 2.63557e-35 8.18175e-36 2.53809e-36 7.86795e-37 2.43736e-37 7.54548e-38 2.33437e-38 7.21733e-39 2.23004e-39 6.88627e-40 2.12518e-40 6.55475e-41 2.02054e-41 6.22498e-42 1.91678e-42 5.89893e-43 1.81446e-43 5.57827e-44 1.71409e-44 5.26447e-45 1.6161e-45 4.95877e-46 1.52083e-46 4.66208e-47 1.42827e-47 4.3666e-48 1.31564e-48 3.50685e-49 0. 
0.0831776 0.0376984 0.0126289 0.00408128 0.00131415 0.000423065 0.000136209 4.38561e-05 1.41204e-05 4.54599e-06 1.46334e-06 4.70938e-07 1.51517e-07 4.87312e-08 1.56667e-08 5.03442e-09 1.61696e-09 5.19044e-10 1.66513e-10 5.33841e-11 1.71033e-11 5.47571e-12 1.75177e-12 5.59992e-13 1.78872e-13 5.70891e-14 1.82056e-14 5.80088e-15 1.84678e-15 5.8744e-16 1.86697e-16 5.92837e-17 1.88086e-17 5.96212e-18 1.88829e-18 5.9753e-19 1.8892e-19 5.96792e-20 1.88365e-20 5.94032e-21 1.87179e-21 5.8931e-22 1.85385e-22 5.82713e-23 1.83015e-23 5.74346e-24 1.80104e-24 5.64335e-25 1.76694e-25 5.52815e-26 1.7283e-26 5.39934e-27 1.68559e-27 5.25845e-28 1.63931e-28 5.10703e-29 1.58995e-29 4.94664e-30 1.538e-30 4.77883e-31 1.48394e-31 4.6051e-32 1.42823e-32 4.42689e-33 1.37133e-33 4.24555e-34 1.31365e-34 4.06237e-35 1.25557e-35 3.87854e-36 1.19747e-36 3.69515e-37 1.13966e-37 3.51318e-38 1.08245e-38 3.33353e-39 1.0261e-39 3.15698e-40 9.70844e-41 2.9842e-41 9.16878e-42 2.8158e-42 8.64376e-43 2.65227e-43 8.13482e-44 2.49401e-44 7.64313e-45 2.34136e-45 7.16959e-46 2.19457e-46 6.7149e-47 2.05382e-47 6.27943e-48 1.91903e-48 5.85948e-49 1.78315e-49 5.34205e-50 1.49191e-50 3.0873e-51 0. 
0.0831776 0.0455625 0.0175181 0.00634221 0.00224185 0.000779919 0.000268041 9.12289e-05 3.08047e-05 1.03331e-05 3.44684e-06 1.14427e-06 3.78293e-07 1.24605e-07 4.09103e-08 1.33925e-08 4.37258e-09 1.42418e-09 4.62835e-10 1.50103e-10 4.85867e-11 1.56985e-11 5.06355e-12 1.6306e-12 5.24289e-13 1.68326e-13 5.39652e-14 1.72776e-14 5.52435e-15 1.76411e-15 5.62641e-16 1.79232e-16 5.70289e-17 1.81251e-17 5.75419e-18 1.82482e-18 5.78091e-19 1.82947e-19 5.78387e-20 1.82677e-20 5.76406e-21 1.81704e-21 5.72269e-22 1.8007e-22 5.66108e-23 1.7782e-23 5.58072e-24 1.75e-24 5.48316e-25 1.71662e-25 5.37005e-26 1.6786e-26 5.24307e-27 1.63645e-27 5.10392e-28 1.59072e-28 4.95429e-29 1.54195e-29 4.79583e-30 1.49063e-30 4.63016e-31 1.43729e-31 4.45881e-32 1.38238e-32 4.28325e-33 1.32636e-33 4.10486e-34 1.26965e-34 3.9249e-35 1.21264e-35 3.74457e-36 1.15568e-36 3.56491e-37 1.0991e-37 3.38691e-38 1.04317e-38 3.21141e-39 9.88161e-40 3.03917e-40 9.34289e-41 2.87084e-41 8.81744e-42 2.70698e-42 8.30689e-43 2.54805e-43 7.81257e-44 2.39443e-44 7.33555e-45 2.24642e-45 6.87667e-46 2.10425e-46 6.43652e-47 1.96806e-47 6.01519e-48 1.8373e-48 5.59979e-49 1.68849e-49 4.8234e-50 1.06183e-50 0. 
0.0831776 0.0472237 0.0193655 0.00753265 0.00285705 0.00106244 0.000388498 0.000140021 4.98378e-05 1.75465e-05 6.11891e-06 2.1159e-06 7.26209e-07 2.47584e-07 8.39012e-08 2.82782e-08 9.48389e-09 3.16636e-09 1.05277e-09 3.48697e-10 1.15088e-10 3.78604e-11 1.24169e-11 4.06068e-12 1.3244e-12 4.3087e-13 1.39843e-13 4.52852e-14 1.46335e-14 4.7191e-15 1.51892e-15 4.87992e-16 1.56505e-16 5.01091e-17 1.60179e-17 5.11241e-18 1.6293e-18 5.1851e-19 1.64785e-19 5.22999e-20 1.65779e-20 5.24834e-21 1.65957e-21 5.24165e-22 1.65369e-22 5.21155e-23 1.64068e-23 5.15985e-24 1.62113e-24 5.0884e-25 1.59565e-25 4.99914e-26 1.56483e-26 4.89402e-27 1.52931e-27 4.77497e-28 1.48969e-28 4.64391e-29 1.44657e-29 4.50268e-30 1.40051e-30 4.35306e-31 1.35207e-31 4.19673e-32 1.30177e-32 4.03529e-33 1.25009e-33 3.87021e-34 1.19747e-34 3.70286e-35 1.14434e-35 3.53449e-36 1.09107e-36 3.36623e-37 1.038e-37 3.19908e-38 9.85433e-39 3.03395e-39 9.33629e-40 2.87163e-40 8.82822e-41 2.71278e-41 8.33212e-42 2.55799e-42 7.84965e-43 2.40775e-43 7.38219e-44 2.26244e-44 6.93087e-45 2.12237e-45 6.49654e-46 1.98779e-46 6.07983e-47 1.85882e-47 5.6802e-48 1.73344e-48 5.25432e-49 1.53228e-49 3.59981e-50 0. 
0.0831776 0.0454815 0.0192155 0.00780472 0.00310363 0.00121164 0.000465045 0.000175732 6.54708e-05 2.40797e-05 8.75356e-06 3.14859e-06 1.12167e-06 3.96099e-07 1.38759e-07 4.82536e-08 1.66674e-08 5.72149e-09 1.95279e-09 6.62967e-10 2.23967e-10 7.53141e-11 2.52176e-11 8.40983e-12 2.79405e-12 9.25005e-13 3.05216e-13 1.00393e-13 3.2924e-14 1.07671e-14 3.5118e-15 1.14251e-15 3.70807e-16 1.20072e-16 3.87957e-17 1.2509e-17 4.02528e-18 1.29283e-18 4.14471e-19 1.32644e-19 4.23789e-20 1.3518e-20 4.30526e-21 1.36911e-21 4.34763e-22 1.37868e-22 4.36612e-23 1.38091e-23 4.36208e-24 1.37625e-24 4.33706e-25 1.36522e-25 4.29274e-26 1.34836e-26 4.23089e-27 1.32624e-27 4.15332e-28 1.29945e-28 4.06188e-29 1.26855e-29 3.95836e-30 1.23412e-30 3.84454e-31 1.1967e-31 3.72213e-32 1.15683e-32 3.59273e-33 1.11499e-33 3.45789e-34 1.07166e-34 3.31902e-35 1.02726e-35 3.17743e-36 9.822e-37 3.03432e-37 9.36837e-38 2.89078e-38 8.91493e-39 2.74777e-39 8.46459e-40 2.60616e-40 8.01989e-41 2.46669e-41 7.58304e-42 2.33002e-42 7.15594e-43 2.19669e-43 6.74017e-44 2.06717e-44 6.33707e-45 1.94183e-45 5.9477e-46 1.82097e-46 5.57284e-47 1.70471e-47 5.21017e-48 1.58625e-48 4.70924e-49 1.18067e-49 0. 
0.0831776 0.0374979 0.0164466 0.00698215 0.00289572 0.00117729 0.000470137 0.000184689 7.14659e-05 2.72719e-05 1.02744e-05 3.82521e-06 1.40866e-06 5.1354e-07 1.85475e-07 6.64115e-08 2.35895e-08 8.31684e-09 2.91199e-09 1.01302e-09 3.5029e-10 1.20445e-10 4.11963e-11 1.40209e-11 4.74974e-12 1.602e-12 5.38096e-13 1.80037e-13 6.00156e-14 1.99365e-14 6.6008e-15 2.17861e-15 7.16909e-16 2.35242e-16 7.6982e-17 2.51271e-17 8.18136e-18 2.65757e-18 8.61323e-19 2.78554e-19 8.98992e-20 2.89561e-20 9.30889e-21 2.98718e-21 9.56886e-22 3.06002e-22 9.76971e-23 3.11427e-23 9.91229e-24 3.15034e-24 9.99833e-25 3.16888e-25 1.00303e-25 3.17079e-26 1.00112e-26 3.15708e-27 9.94452e-28 3.12893e-28 9.83412e-29 3.08757e-29 9.68401e-30 3.03432e-30 9.49837e-31 2.9705e-31 9.2814e-32 2.89743e-32 9.03726e-33 2.81641e-33 8.77002e-34 2.72872e-34 8.48361e-35 2.63557e-35 8.18175e-36 2.53809e-36 7.86795e-37 2.43736e-37 7.54548e-38 2.33437e-38 7.21733e-39 2.23004e-39 6.88627e-40 2.12518e-40 6.55475e-41 2.02054e-41 6.22498e-42 1.91678e-42 5.89893e-43 1.81446e-43 5.57827e-44 1.71409e-44 5.26447e-45 1.6161e-45 4.95877e-46 1.52083e-46 4.66208e-47 1.42827e-47 4.3666e-48 1.31564e-48 3.50685e-49 0. 
0.0831776 0.0376984 0.0126289 0.00408128 0.00131415 0.000423065 0.000136209 4.38561e-05 1.41204e-05 4.54599e-06 1.46334e-06 4.70938e-07 1.51517e-07 4.87312e-08 1.56667e-08 5.03442e-09 1.61696e-09 5.19044e-10 1.66513e-10 5.33841e-11 1.71033e-11 5.47571e-12 1.75177e-12 5.59992e-13 1.78872e-13 5.70891e-14 1.82056e-14 5.80088e-15 1.84678e-15 5.8744e-16 1.86697e-16 5.92837e-17 1.88086e-17 5.96212e-18 1.88829e-18 5.9753e-19 1.8892e-19 5.96792e-20 1.88365e-20 5.94032e-21 1.87179e-21 5.8931e-22 1.85385e-22 5.82713e-23 1.83015e-23 5.74346e-24 1.80104e-24 5.64335e-25 1.76694e-25 5.52815e-26 1.7283e-26 5.39934e-27 1.68559e-27 5.25845e-28 1.63931e-28 5.10703e-29 1.58995e-29 4.94664e-30 1.538e-30 4.77883e-31 1.48394e-31 4.6051e-32 1.42823e-32 4.42689e-33 1.37133e-33 4.24555e-34 1.31365e-34 4.06237e-35 1.25557e-35 3.87854e-36 1.19747e-36 3.69515e-37 1.13966e-37 3.51318e-38 1.08245e-38 3.33353e-39 1.0261e-39 3.15698e-40 9.70844e-41 2.9842e-41 9.16878e-42 2.8158e-42 8.64376e-43 2.65227e-43 8.13482e-44 2.49401e-44 7.64313e-45 2.34136e-45 7.16959e-46 2.19457e-46 6.7149e-47 2.05382e-47 6.27943e-48 1.91903e-48 5.85948e-49 1.78315e-49 5.34205e-50 1.49191e-50 3.0873e-51 0. 
0.0831776 0.0455625 0.0175181 0.00634221 0.00224185 0.000779919 0.000268041 9.12289e-05 3.08047e-05 1.03331e-05 3.44684e-06 1.14427e-06 3.78293e-07 1.24605e-07 4.09103e-08 1.33925e-08 4.37258e-09 1.42418e-09 4.62835e-10 1.50103e-10 4.85867e-11 1.56985e-11 5.06355e-12 1.6306e-12 5.24289e-13 1.68326e-13 5.39652e-14 1.72776e-14 5.52435e-15 1.76411e-15 5.62641e-16 1.79232e-16 5.70289e-17 1.81251e-17 5.75419e-18 1.82482e-18 5.78091e-19 1.82947e-19 5.78387e-20 1.82677e-20 5.76406e-21 1.81704e-21 5.72269e-22 1.8007e-22 5.66108e-23 1.7782e-23 5.58072e-24 1.75e-24 5.48316e-25 1.71662e-25 5.37005e-26 1.6786e-26 5.24307e-27 1.63645e-27 5.10392e-28 1.59072e-28 4.95429e-29 1.54195e-29 4.79583e-30 1.49063e-30 4.63016e-31 1.43729e-31 4.45881e-32 1.38238e-32 4.28325e-33 1.32636e-33 4.10486e-34 1.26965e-34 3.9249e-35 1.21264e-35 3.74457e-36 1.15568e-36 3.56491e-37 1.0991e-37 3.38691e-38 1.04317e-38 3.21141e-39 9.88161e-40 3.03917e-40 9.34289e-41 2.87084e-41 8.81744e-42 2.70698e-42 8.30689e-43 2.54805e-43 7.81257e-44 2.39443e-44 7.33555e-45 2.24642e-45 6.87667e-46 2.10425e-46 6.43652e-47 1.96806e-47 6.01519e-48 1.8373e-48 5.59979e-49 1.68849e-49 4.8234e-50 1.06183e-50 0. 
0.0831776 0.0472237 0.0193655 0.00753265 0.00285705 0.00106244 0.000388498 0.000140021 4.98378e-05 1.75465e-05 6.11891e-06 2.1159e-06 7.26209e-07 2.47584e-07 8.39012e-08 2.82782e-08 9.48389e-09 3.16636e-09 1.05277e-09 3.48697e-10 1.15088e-10 3.78604e-11 1.24169e-11 4.06068e-12 1.3244e-12 4.3087e-13 1.39843e-13 4.52852e-14 1.46335e-14 4.7191e-15 1.51892e-15 4.87992e-16 1.56505e-16 5.01091e-17 1.60179e-17 5.11241e-18 1.6293e-18 5.1851e-19 1.64785e-19 5.22999e-20 1.65779e-20 5.24834e-21 1.65957e-21 5.24165e-22 1.65369e-22 5.21155e-23 1.64068e-23 5.15985e-24 1.62113e-24 5.0884e-25 1.59565e-25 4.99914e-26 1.56483e-26 4.89402e-27 1.52931e-27 4.77497e-28 1.48969e-28 4.64391e-29 1.44657e-29 4.50268e-30 1.40051e-30 4.35306e-31 1.35207e-31 4.19673e-32 1.30177e-32 4.03529e-33 1.25009e-33 3.87021e-34 1.19747e-34 3.70286e-35 1.14434e-35 3.53449e-36 1.09107e-36 3.36623e-37 1.038e-37 3.19908e-38 9.85433e-39 3.03395e-39 9.33629e-40 2.87163e-40 8.82822e-41 2.71278e-41 8.33212e-42 2.55799e-42 7.84965e-43 2.40775e-43 7.38219e-44 2.26244e-44 6.93087e-45 2.12237e-45 6.49654e-46 1.98779e-46 6.07983e-47 1.85882e-47 5.6802e-48 1.73344e-48 5.25432e-49 1.53228e-49 3.59981e-50 0. 
0.0831776 0.0454815 0.0192155 0.00780472 0.00310363 0.00121164 0.000465045 0.000175732 6.54708e-05 2.40797e-05 8.75356e-06 3.14859e-06 1.12167e-06 3.96099e-07 1.38759e-07 4.82536e-08 1.66674e-08 5.72149e-09 1.95279e-09 6.62967e-10 2.23967e-10 7.53141e-11 2.52176e-11 8.40983e-12 2.79405e-12 9.25005e-13 3.05216e-13 1.00393e-13 3.2924e-14 1.07671e-14 3.5118e-15 1.14251e-15 3.70807e-16 1.20072e-16 3.87957e-17 1.2509e-17 4.02528e-18 1.29283e-18 4.14471e-19 1.32644e-19 4.23789e-20 1.3518e-20 4.30526e-21 1.36911e-21 4.34763e-22 1.37868e-22 4.36612e-23 1.38091e-23 4.36208e-24 1.37625e-24 4.33706e-25 1.36522e-25 4.29274e-26 1.34836e-26 4.23089e-27 1.32624e-27 4.15332e-28 1.29945e-28 4.06188e-29 1.26855e-29 3.95836e-30 1.23412e-30 3.84454e-31 1.1967e-31 3.72213e-32 1.15683e-32 3.59273e-33 1.11499e-33 3.45789e-34 1.07166e-34 3.31902e-35 1.02726e-35 3.17743e-36 9.822e-37 3.03432e-37 9.36837e-38 2.89078e-38 8.91493e-39 2.74777e-39 8.46459e-40 2.60616e-40 8.01989e-41 2.46669e-41 7.58304e-42 2.33002e-42 7.15594e-43 2.19669e-43 6.74017e-44 2.06717e-44 6.33707e-45 1.94183e-45 5.9477e-46 1.82097e-46 5.57284e-47 1.70471e-47 5.21017e-48 1.58625e-48 4.70924e-49 1.18067e-49 0. 
0.0831776 0.0374979 0.0164466 0.00698215 0.00289572 0.00117729 0.000470137 0.000184689 7.14659e-05 2.72719e-05 1.02744e-05 3.82521e-06 1.40866e-06 5.1354e-07 1.85475e-07 6.64115e-08 2.35895e-08 8.31684e-09 2.91199e-09 1.01302e-09 3.5029e-10 1.20445e-10 4.11963e-11 1.40209e-11 4.74974e-12 1.602e-12 5.38096e-13 1.80037e-13 6.00156e-14 1.99365e-14 6.6008e-15 2.17861e-15 7.16909e-16 2.35242e-16 7.6982e-17 2.51271e-17 8.18136e-18 2.65757e-18 8.61323e-19 2.78554e-19 8.98992e-20 2.89561e-20 9.30889e-21 2.98718e-21 9.56886e-22 3.06002e-22 9.76971e-23 3.11427e-23 9.91229e-24 3.15034e-24 9.99833e-25 3.16888e-25 1.00303e-25 3.17079e-26 1.00112e-26 3.15708e-27 9.94452e-28 3.12893e-28 9.83412e-29 3.08757e-29 9.68401e-30 3.03432e-30 9.49837e-31 2.9705e-31 9.2814e-32 2.89743e-32 9.03726e-33 2.81641e-33 8.77002e-34 2.72872e-34 8.48361e-35 2.63557e-35 8.18175e-36 2.53809e-36 7.86795e-37 2.43736e-37 7.54548e-38 2.33437e-38 7.21733e-39 2.23004e-39 6.88627e-40 2.12518e-40 6.55475e-41 2.02054e-41 6.22498e-42 1.91678e-42 5.89893e-43 1.81446e-43 5.57827e-44 1.71409e-44 5.26447e-45 1.6161e-45 4.95877e-46 1.52083e-46 4.66208e-47 1.42827e-47 4.3666e-48 1.31564e-48 3.50685e-49 0. 
0.0831776 0.0376984 0.0126289 0.00408128 0.00131415 0.000423065 0.000136209 4.38561e-05 1.41204e-05 4.54599e-06 1.46334e-06 4.70938e-07 1.51517e-07 4.87312e-08 1.56667e-08 5.03442e-09 1.61696e-09 5.19044e-10 1.66513e-10 5.33841e-11 1.71033e-11 5.47571e-12 1.75177e-12 5.59992e-13 1.78872e-13 5.70891e-14 1.82056e-14 5.80088e-15 1.84678e-15 5.8744e-16 1.86697e-16 5.92837e-17 1.88086e-17 5.96212e-18 1.88829e-18 5.9753e-19 1.8892e-19 5.96792e-20 1.88365e-20 5.94032e-21 1.87179e-21 5.8931e-22 1.85385e-22 5.82713e-23 1.83015e-23 5.74346e-24 1.80104e-24 5.64335e-25 1.76694e-25 5.52815e-26 1.7283e-26 5.39934e-27 1.68559e-27 5.25845e-28 1.63931e-28 5.10703e-29 1.58995e-29 4.94664e-30 1.538e-30 4.77883e-31 1.48394e-31 4.6051e-32 1.42823e-32 4.42689e-33 1.37133e-33 4.24555e-34 1.31365e-34 4.06237e-35 1.25557e-35 3.87854e-36 1.19747e-36 3.69515e-37 1.13966e-37 3.51318e-38 1.08245e-38 3.33353e-39 1.0261e-39 3.15698e-40 9.70844e-41 2.9842e-41 9.16878e-42 2.8158e-42 8.64376e-43 2.65227e-43 8.13482e-44 2.49401e-44 7.64313e-45 2.34136e-45 7.16959e-46 2.19457e-46 6.7149e-47 2.05382e-47 6.27943e-48 1.91903e-48 5.85948e-49 1.78315e-49 5.34205e-50 1.49191e-50 3.0873e-51 0. 
0.0831776 0.0455625 0.0175181 0.00634221 0.00224185 0.000779919 0.000268041 9.12289e-05 3.08047e-05 1.03331e-05 3.44684e-06 1.14427e-06 3.78293e-07 1.24605e-07 4.09103e-08 1.33925e-08 4.37258e-09 1.42418e-09 4.62835e-10 1.50103e-10 4.85867e-11 1.56985e-11 5.06355e-12 1.6306e-12 5.24289e-13 1.68326e-13 5.39652e-14 1.72776e-14 5.52435e-15 1.76411e-15 5.62641e-16 1.79232e-16 5.70289e-17 1.81251e-17 5.75419e-18 1.82482e-18 5.78091e-19 1.82947e-19 5.78387e-20 1.82677e-20 5.76406e-21 1.81704e-21 5.72269e-22 1.8007e-22 5.66108e-23 1.7782e-23 5.58072e-24 1.75e-24 5.48316e-25 1.71662e-25 5.37005e-26 1.6786e-26 5.24307e-27 1.63645e-27 5.10392e-28 1.59072e-28 4.95429e-29 1.54195e-29 4.79583e-30 1.49063e-30 4.63016e-31 1.43729e-31 4.45881e-32 1.38238e-32 4.28325e-33 1.32636e-33 4.10486e-34 1.26965e-34 3.9249e-35 1.21264e-35 3.74457e-36 1.15568e-36 3.56491e-37 1.0991e-37 3.38691e-38 1.04317e-38 3.21141e-39 9.88161e-40 3.03917e-40 9.34289e-41 2.87084e-41 8.81744e-42 2.70698e-42 8.30689e-43 2.54805e-43 7.81257e-44 2.39443e-44 7.33555e-45 2.24642e-45 6.87667e-46 2.10425e-46 6.43652e-47 1.96806e-47 6.01519e-48 1.8373e-48 5.59979e-49 1.68849e-49 4.8234e-50 1.06183e-50 0. 
0.0831776 0.0472237 0.0193655 0.00753265 0.00285705 0.00106244 0.000388498 0.000140021 4.98378e-05 1.75465e-05 6.11891e-06 2.1159e-06 7.26209e-07 2.47584e-07 8.39012e-08 2.82782e-08 9.48389e-09 3.16636e-09 1.05277e-09 3.48697e-10 1.15088e-10 3.78604e-11 1.24169e-11 4.06068e-12 1.3244e-12 4.3087e-13 1.39843e-13 4.52852e-14 1.46335e-14 4.7191e-15 1.51892e-15 4.87992e-16 1.56505e-16 5.01091e-17 1.60179e-17 5.11241e-18 1.6293e-18 5.1851e-19 1.64785e-19 5.22999e-20 1.65779e-20 5.24834e-21 1.65957e-21 5.24165e-22 1.65369e-22 5.21155e-23 1.64068e-23 5.15985e-24 1.62113e-24 5.0884e-25 1.59565e-25 4.99914e-26 1.56483e-26 4.89402e-27 1.52931e-27 4.77497e-28 1.48969e-28 4.64391e-29 1.44657e-29 4.50268e-30 1.40051e-30 4.35306e-31 1.35207e-31 4.19673e-32 1.30177e-32 4.03529e-33 1.25009e-33 3.87021e-34 1.19747e-34 3.70286e-35 1.14434e-35 3.53449e-36 1.09107e-36 3.36623e-37 1.038e-37 3.19908e-38 9.85433e-39 3.03395e-39 9.33629e-40 2.87163e-40 8.82822e-41 2.71278e-41 8.33212e-42 2.55799e-42 7.84965e-43 2.40775e-43 7.38219e-44 2.26244e-44 6.93087e-45 2.12237e-45 6.49654e-46 1.98779e-46 6.07983e-47 1.85882e-47 5.6802e-48 1.73344e-48 5.25432e-49 1.53228e-49 3.59981e-50 0. 
0.0831776 0.0454815 0.0192155 0.00780472 0.00310363 0.00121164 0.000465045 0.000175732 6.54708e-05 2.40797e-05 8.75356e-06 3.14859e-06 1.12167e-06 3.96099e-07 1.38759e-07 4.82536e-08 1.66674e-08 5.72149e-09 1.95279e-09 6.62967e-10 2.23967e-10 7.53141e-11 2.52176e-11 8.40983e-12 2.79405e-12 9.25005e-13 3.05216e-13 1.00393e-13 3.2924e-14 1.07671e-14 3.5118e-15 1.14251e-15 3.70807e-16 1.20072e-16 3.87957e-17 1.2509e-17 4.02528e-18 1.29283e-18 4.14471e-19 1.32644e-19 4.23789e-20 1.3518e-20 4.30526e-21 1.36911e-21 4.34763e-22 1.37868e-22 4.36612e-23 1.38091e-23 4.36208e-24 1.37625e-24 4.33706e-25 1.36522e-25 4.29274e-26 1.34836e-26 4.23089e-27 1.32624e-27 4.15332e-28 1.29945e-28 4.06188e-29 1.26855e-29 3.95836e-30 1.23412e-30 3.84454e-31 1.1967e-31 3.72213e-32 1.15683e-32 3.59273e-33 1.11499e-33 3.45789e-34 1.07166e-34 3.31902e-35 1.02726e-35 3.17743e-36 9.822e-37 3.03432e-37 9.36837e-38 2.89078e-38 8.91493e-39 2.74777e-39 8.46459e-40 2.60616e-40 8.01989e-41 2.46669e-41 7.58304e-42 2.33002e-42 7.15594e-43 2.19669e-43 6.74017e-44 2.06717e-44 6.33707e-45 1.94183e-45 5.9477e-46 1.82097e-46 5.57284e-47 1.70471e-47 5.21017e-48 1.58625e-48 4.70924e-49 1.18067e-49 0. 
0.0831776 0.0374979 0.0164466 0.00698215 0.00289572 0.00117729 0.000470137 0.000184689 7.14659e-05 2.72719e-05 1.02744e-05 3.82521e-06 1.40866e-06 5.1354e-07 1.85475e-07 6.64115e-08 2.35895e-08 8.31684e-09 2.91199e-09 1.01302e-09 3.5029e-10 1.20445e-10 4.11963e-11 1.40209e-11 4.74974e-12 1.602e-12 5.38096e-13 1.80037e-13 6.00156e-14 1.99365e-14 6.6008e-15 2.17861e-15 7.16909e-16 2.35242e-16 7.6982e-17 2.51271e-17 8.18136e-18 2.65757e-18 8.61323e-19 2.78554e-19 8.98992e-20 2.89561e-20 9.30889e-21 2.98718e-21 9.56886e-22 3.06002e-22 9.76971e-23 3.11427e-23 9.91229e-24 3.15034e-24 9.99833e-25 3.16888e-25 1.00303e-25 3.17079e-26 1.00112e-26 3.15708e-27 9.94452e-28 3.12893e-28 9.83412e-29 3.08757e-29 9.68401e-30 3.03432e-30 9.49837e-31 2.9705e-31 9.2814e-32 2.89743e-32 9.03726e-33 2.81641e-33 8.77002e-34 2.72872e-34 8.48361e-35 2.63557e-35 8.18175e-36 2.53809e-36 7.86795e-37 2.43736e-37 7.54548e-38 2.33437e-38 7.21733e-39 2.23004e-39 6.88627e-40 2.12518e-40 6.55475e-41 2.02054e-41 6.22498e-42 1.91678e-42 5.89893e-43 1.81446e-43 5.57827e-44 1.71409e-44 5.26447e-45 1.6161e-45 4.95877e-46 1.52083e-46 4.66208e-47 1.42827e-47 4.3666e-48 1.31564e-48 3.50685e-49 0. 
0.0831776 0.0376984 0.0126289 0.00408128 0.00131415 0.000423065 0.000136209 4.38561e-05 1.41204e-05 4.54599e-06 1.46334e-06 4.70938e-07 1.51517e-07 4.87312e-08 1.56667e-08 5.03442e-09 1.61696e-09 5.19044e-10 1.66513e-10 5.33841e-11 1.71033e-11 5.47571e-12 1.75177e-12 5.59992e-13 1.78872e-13 5.70891e-14 1.82056e-14 5.80088e-15 1.84678e-15 5.8744e-16 1.86697e-16 5.92837e-17 1.88086e-17 5.96212e-18 1.88829e-18 5.9753e-19 1.8892e-19 5.96792e-20 1.88365e-20 5.94032e-21 1.87179e-21 5.8931e-22 1.85385e-22 5.82713e-23 1.83015e-23 5.74346e-24 1.80104e-24 5.64335e-25 1.76694e-25 5.52815e-26 1.7283e-26 5.39934e-27 1.68559e-27 5.25845e-28 1.63931e-28 5.10703e-29 1.58995e-29 4.94664e-30 1.538e-30 4.77883e-31 1.48394e-31 4.6051e-32 1.42823e-32 4.42689e-33 1.37133e-33 4.24555e-34 1.31365e-34 4.06237e-35 1.25557e-35 3.87854e-36 1.19747e-36 3.69515e-37 1.13966e-37 3.51318e-38 1.08245e-38 3.33353e-39 1.0261e-39 3.15698e-40 9.70844e-41 2.9842e-41 9.16878e-42 2.8158e-42 8.64376e-43 2.65227e-43 8.13482e-44 2.49401e-44 7.64313e-45 2.34136e-45 7.16959e-46 2.19457e-46 6.7149e-47 2.05382e-47 6.27943e-48 1.91903e-48 5.85948e-49 1.78315e-49 5.34205e-50 1.49191e-50 3.0873e-51 0. 
0.0831776 0.0455625 0.0175181 0.00634221 0.00224185 0.000779919 0.000268041 9.12289e-05 3.08047e-05 1.03331e-05 3.44684e-06 1.14427e-06 3.78293e-07 1.24605e-07 4.09103e-08 1.33925e-08 4.37258e-09 1.42418e-09 4.62835e-10 1.50103e-10 4.85867e-11 1.56985e-11 5.06355e-12 1.6306e-12 5.24289e-13 1.68326e-13 5.39652e-14 1.72776e-14 5.52435e-15 1.76411e-15 5.62641e-16 1.79232e-16 5.70289e-17 1.81251e-17 5.75419e-18 1.82482e-18 5.78091e-19 1.82947e-19 5.78387e-20 1.82677e-20 5.76406e-21 1.81704e-21 5.72269e-22 1.8007e-22 5.66108e-23 1.7782e-23 5.58072e-24 1.75e-24 5.48316e-25 1.71662e-25 5.37005e-26 1.6786e-26 5.24307e-27 1.63645e-27 5.10392e-28 1.59072e-28 4.95429e-29 1.54195e-29 4.79583e-30 1.49063e-30 4.63016e-31 1.43729e-31 4.45881e-32 1.38238e-32 4.28325e-33 1.32636e-33 4.10486e-34 1.26965e-34 3.9249e-35 1.21264e-35 3.74457e-36 1.15568e-36 3.56491e-37 1.0991e-37 3.38691e-38 1.04317e-38 3.21141e-39 9.88161e-40 3.03917e-40 9.34289e-41 2.87084e-41 8.81744e-42 2.70698e-42 8.30689e-43 2.54805e-43 7.81257e-44 2.39443e-44 7.33555e-45 2.24642e-45 6.87667e-46 2.10425e-46 6.43652e-47 1.96806e-47 6.01519e-48 1.8373e-48 5.59979e-49 1.68849e-49 4.8234e-50 1.06183e-50 0. 
0.0831776 0.0472237 0.0193655 0.00753265 0.00285705 0.00106244 0.000388498 0.000140021 4.98378e-05 1.75465e-05 6.11891e-06 2.1159e-06 7.26209e-07 2.47584e-07 8.39012e-08 2.82782e-08 9.48389e-09 3.16636e-09 1.05277e-09 3.48697e-10 1.15088e-10 3.78604e-11 1.24169e-11 4.06068e-12 1.3244e-12 4.3087e-13 1.39843e-13 4.52852e-14 1.46335e-14 4.7191e-15 1.51892e-15 4.87992e-16 1.56505e-16 5.01091e-17 1.60179e-17 5.11241e-18 1.6293e-18 5.1851e-19 1.64785e-19 5.22999e-20 1.65779e-20 5.24834e-21 1.65957e-21 5.24165e-22 1.65369e-22 5.21155e-23 1.64068e-23 5.15985e-24 1.62113e-24 5.0884e-25 1.59565e-25 4.99914e-26 1.56483e-26 4.89402e-27 1.52931e-27 4.77497e-28 1.48969e-28 4.64391e-29 1.44657e-29 4.50268e-30 1.40051e-30 4.35306e-31 1.35207e-31 4.19673e-32 1.30177e-32 4.03529e-33 1.25009e-33 3.87021e-34 1.19747e-34 3.70286e-35 1.14434e-35 3.53449e-36 1.09107e-36 3.36623e-37 1.038e-37 3.19908e-38 9.85433e-39 3.03395e-39 9.33629e-40 2.87163e-40 8.82822e-41 2.71278e-41 8.33212e-42 2.55799e-42 7.84965e-43 2.40775e-43 7.38219e-44 2.26244e-44 6.93087e-45 2.12237e-45 6.49654e-46 1.98779e-46 6.07983e-47 1.85882e-47 5.6802e-48 1.73344e-48 5.25432e-49 1.53228e-49 3.59981e-50 0. 
0.0831776 0.0454815 0.0192155 0.00780472 0.00310363 0.00121164 0.000465045 0.000175732 6.54708e-05 2.40797e-05 8.75356e-06 3.14859e-06 1.12167e-06 3.96099e-07 1.38759e-07 4.82536e-08 1.66674e-08 5.72149e-09 1.95279e-09 6.62967e-10 2.23967e-10 7.53141e-11 2.52176e-11 8.40983e-12 2.79405e-12 9.25005e-13 3.05216e-13 1.00393e-13 3.2924e-14 1.07671e-14 3.5118e-15 1.14251e-15 3.70807e-16 1.20072e-16 3.87957e-17 1.2509e-17 4.02528e-18 1.29283e-18 4.14471e-19 1.32644e-19 4.23789e-20 1.3518e-20 4.30526e-21 1.36911e-21 4.34763e-22 1.37868e-22 4.36612e-23 1.38091e-23 4.36208e-24 1.37625e-24 4.33706e-25 1.36522e-25 4.29274e-26 1.34836e-26 4.23089e-27 1.32624e-27 4.15332e-28 1.29945e-28 4.06188e-29 1.26855e-29 3.95836e-30 1.23412e-30 3.84454e-31 1.1967e-31 3.72213e-32 1.15683e-32 3.59273e-33 1.11499e-33 3.45789e-34 1.07166e-34 3.31902e-35 1.02726e-35 3.17743e-36 9.822e-37 3.03432e-37 9.36837e-38 2.89078e-38 8.91493e-39 2.74777e-39 8.46459e-40 2.60616e-40 8.01989e-41 2.46669e-41 7.58304e-42 2.33002e-42 7.15594e-43 2.19669e-43 6.74017e-44 2.06717e-44 6.33707e-45 1.94183e-45 5.9477e-46 1.82097e-46 5.57284e-47 1.70471e-47 5.21017e-48 1.58625e-48 4.70924e-49 1.18067e-49 0. 
0.0831776 0.0374979 0.0164466 0.00698215 0.00289572 0.00117729 0.000470137 0.000184689 7.14659e-05 2.72719e-05 1.02744e-05 3.82521e-06 1.40866e-06 5.1354e-07 1.85475e-07 6.64115e-08 2.35895e-08 8.31684e-09 2.91199e-09 1.01302e-09 3.5029e-10 1.20445e-10 4.11963e-11 1.40209e-11 4.74974e-12 1.602e-12 5.38096e-13 1.80037e-13 6.00156e-14 1.99365e-14 6.6008e-15 2.17861e-15 7.16909e-16 2.35242e-16 7.6982e-17 2.51271e-17 8.18136e-18 2.65757e-18 8.61323e-19 2.78554e-19 8.98992e-20 2.89561e-20 9.30889e-21 2.98718e-21 9.56886e-22 3.06002e-22 9.76971e-23 3.11427e-23 9.91229e-24 3.15034e-24 9.99833e-25 3.16888e-25 1.00303e-25 3.17079e-26 1.00112e-26 3.15708e-27 9.94452e-28 3.12893e-28 9.83412e-29 3.08757e-29 9.68401e-30 3.03432e-30 9.49837e-31 2.9705e-31 9.2814e-32 2.89743e-32 9.03726e-33 2.81641e-33 8.77002e-34 2.72872e-34 8.48361e-35 2.63557e-35 8.18175e-36 2.53809e-36 7.86795e-37 2.43736e-37 7.54548e-38 2.33437e-38 7.21733e-39 2.23004e-39 6.88627e-40 2.12518e-40 6.55475e-41 2.02054e-41 6.22498e-42 1.91678e-42 5.89893e-43 1.81446e-43 5.57827e-44 1.71409e-44 5.26447e-45 1.6161e-45 4.95877e-46 1.52083e-46 4.66208e-47 1.42827e-47 4.3666e-48 1.31564e-48 3.50685e-49 0. 
0.0831776 0.0376984 0.0126289 0.00408128 0.00131415 0.000423065 0.000136209 4.38561e-05 1.41204e-05 4.54599e-06 1.46334e-06 4.70938e-07 1.51517e-07 4.87312e-08 1.56667e-08 5.03442e-09 1.61696e-09 5.19044e-10 1.66513e-10 5.33841e-11 1.71033e-11 5.47571e-12 1.75177e-12 5.59992e-13 1.78872e-13 5.70891e-14 1.82056e-14 5.80088e-15 1.84678e-15 5.8744e-16 1.86697e-16 5.92837e-17 1.88086e-17 5.96212e-18 1.88829e-18 5.9753e-19 1.8892e-19 5.96792e-20 1.88365e-20 5.94032e-21 1.87179e-21 5.8931e-22 1.85385e-22 5.82713e-23 1.83015e-23 5.74346e-24 1.80104e-24 5.64335e-25 1.76694e-25 5.52815e-26 1.7283e-26 5.39934e-27 1.68559e-27 5.25845e-28 1.63931e-28 5.10703e-29 1.58995e-29 4.94664e-30 1.538e-30 4.77883e-31 1.48394e-31 4.6051e-32 1.42823e-32 4.42689e-33 1.37133e-33 4.24555e-34 1.31365e-34 4.06237e-35 1.25557e-35 3.87854e-36 1.19747e-36 3.69515e-37 1.13966e-37 3.51318e-38 1.08245e-38 3.33353e-39 1.0261e-39 3.15698e-40 9.70844e-41 2.9842e-41 9.16878e-42 2.8158e-42 8.64376e-43 2.65227e-43 8.13482e-44 2.49401e-44 7.64313e-45 2.34136e-45 7.16959e-46 2.19457e-46 6.7149e-47 2.05382e-47 6.27943e-48 1.91903e-48 5.85948e-49 1.78315e-49 5.34205e-50 1.49191e-50 3.0873e-51 0. 
0.0831776 0.0455625 0.0175181 0.00634221 0.00224185 0.000779919 0.000268041 9.12289e-05 3.08047e-05 1.03331e-05 3.44684e-06 1.14427e-06 3.78293e-07 1.24605e-07 4.09103e-08 1.33925e-08 4.37258e-09 1.42418e-09 4.62835e-10 1.50103e-10 4.85867e-11 1.56985e-11 5.06355e-12 1.6306e-12 5.24289e-13 1.68326e-13 5.39652e-14 1.72776e-14 5.52435e-15 1.76411e-15 5.62641e-16 1.79232e-16 5.70289e-17 1.81251e-17 5.75419e-18 1.82482e-18 5.78091e-19 1.82947e-19 5.78387e-20 1.82677e-20 5.76406e-21 1.81704e-21 5.72269e-22 1.8007e-22 5.66108e-23 1.7782e-23 5.58072e-24 1.75e-24 5.48316e-25 1.71662e-25 5.37005e-26 1.6786e-26 5.24307e-27 1.63645e-27 5.10392e-28 1.59072e-28 4.95429e-29 1.54195e-29 4.79583e-30 1.49063e-30 4.63016e-31 1.43729e-31 4.45881e-32 1.38238e-32 4.28325e-33 1.32636e-33 4.10486e-34 1.26965e-34 3.9249e-35 1.21264e-35 3.74457e-36 1.15568e-36 3.56491e-37 1.0991e-37 3.38691e-38 1.04317e-38 3.21141e-39 9.88161e-40 3.03917e-40 9.34289e-41 2.87084e-41 8.81744e-42 2.70698e-42 8.30689e-43 2.54805e-43 7.81257e-44 2.39443e-44 7.33555e-45 2.24642e-45 6.87667e-46 2.10425e-46 6.43652e-47 1.96806e-47 6.01519e-48 1.8373e-48 5.59979e-49 1.68849e-49 4.8234e-50 1.06183e-50 0. 
0.0831776 0.0472237 0.0193655 0.00753265 0.00285705 0.00106244 0.000388498 0.000140021 4.98378e-05 1.75465e-05 6.11891e-06 2.1159e-06 7.26209e-07 2.47584e-07 8.39012e-08 2.82782e-08 9.48389e-09 3.16636e-09 1.05277e-09 3.48697e-10 1.15088e-10 3.78604e-11 1.24169e-11 4.06068e-12 1.3244e-12 4.3087e-13 1.39843e-13 4.52852e-14 1.46335e-14 4.7191e-15 1.51892e-15 4.87992e-16 1.56505e-16 5.01091e-17 1.60179e-17 5.11241e-18 1.6293e-18 5.1851e-19 1.64785e-19 5.22999e-20 1.65779e-20 5.24834e-21 1.65957e-21 5.24165e-22 1.65369e-22 5.21155e-23 1.64068e-23 5.15985e-24 1.62113e-24 5.0884e-25 1.59565e-25 4.99914e-26 1.56483e-26 4.89402e-27 1.52931e-27 4.77497e-28 1.48969e-28 4.64391e-29 1.44657e-29 4.50268e-30 1.40051e-30 4.35306e-31 1.35207e-31 4.19673e-32 1.30177e-32 4.03529e-33 1.25009e-33 3.87021e-34 1.19747e-34 3.70286e-35 1.14434e-35 3.53449e-36 1.09107e-36 3.36623e-37 1.038e-37 3.19908e-38 9.85433e-39 3.03395e-39 9.33629e-40 2.87163e-40 8.82822e-41 2.71278e-41 8.33212e-42 2.55799e-42 7.84965e-43 2.40775e-43 7.38219e-44 2.26244e-44 6.93087e-45 2.12237e-45 6.49654e-46 1.98779e-46 6.07983e-47 1.85882e-47 5.6802e-48 1.73344e-48 5.25432e-49 1.53228e-49 3.59981e-50 0. 
0.0831776 0.0454815 0.0192155 0.00780472 0.00310363 0.00121164 0.000465045 0.000175732 6.54708e-05 2.40797e-05 8.75356e-06 3.14859e-06 1.12167e-06 3.96099e-07 1.38759e-07 4.82536e-08 1.66674e-08 5.72149e-09 1.95279e-09 6.62967e-10 2.23967e-10 7.53141e-11 2.52176e-11 8.40983e-12 2.79405e-12 9.25005e-13 3.05216e-13 1.00393e-13 3.2924e-14 1.07671e-14 3.5118e-15 1.14251e-15 3.70807e-16 1.20072e-16 3.87957e-17 1.2509e-17 4.02528e-18 1.29283e-18 4.14471e-19 1.32644e-19 4.23789e-20 1.3518e-20 4.30526e-21 1.36911e-21 4.34763e-22 1.37868e-22 4.36612e-23 1.38091e-23 4.36208e-24 1.37625e-24 4.33706e-25 1.36522e-25 4.29274e-26 1.34836e-26 4.23089e-27 1.32624e-27 4.15332e-28 1.29945e-28 4.06188e-29 1.26855e-29 3.95836e-30 1.23412e-30 3.84454e-31 1.1967e-31 3.72213e-32 1.15683e-32 3.59273e-33 1.11499e-33 3.45789e-34 1.07166e-34 3.31902e-35 1.02726e-35 3.17743e-36 9.822e-37 3.03432e-37 9.36837e-38 2.89078e-38 8.91493e-39 2.74777e-39 8.46459e-40 2.60616e-40 8.01989e-41 2.46669e-41 7.58304e-42 2.33002e-42 7.15594e-43 2.19669e-43 6.74017e-44 2.06717e-44 6.33707e-45 1.94183e-45 5.9477e-46 1.82097e-46 5.57284e-47 1.70471e-47 5.21017e-48 1.58625e-48 4.70924e-49 1.18067e-49 0. 
0.0831776 0.0374979 0.0164466 0.00698215 0.00289572 0.00117729 0.000470137 0.000184689 7.14659e-05 2.72719e-05 1.02744e-05 3.82521e-06 1.40866e-06 5.1354e-07 1.85475e-07 6.64115e-08 2.35895e-08 8.31684e-09 2.91199e-09 1.01302e-09 3.5029e-10 1.20445e-10 4.11963e-11 1.40209e-11 4.74974e-12 1.602e-12 5.38096e-13 1.80037e-13 6.00156e-14 1.99365e-14 6.6008e-15 2.17861e-15 7.16909e-16 2.35242e-16 7.6982e-17 2.51271e-17 8.18136e-18 2.65757e-18 8.61323e-19 2.78554e-19 8.98992e-20 2.89561e-20 9.30889e-21 2.98718e-21 9.56886e-22 3.06002e-22 9.76971e-23 3.11427e-23 9.91229e-24 3.15034e-24 9.99833e-25 3.16888e-25 1.00303e-25 3.17079e-26 1.00112e-26 3.15708e-27 9.94452e-28 3.12893e-28 9.83412e-29 3.08757e-29 9.68401e-30 3.03432e-30 9.49837e-31 2.9705e-31 9.2814e-32 2.89743e-32 9.03726e-33 2.81641e-33 8.77002e-34 2.72872e-34 8.48361e-35 2.63557e-35 8.18175e-36 2.53809e-36 7.86795e-37 2.43736e-37 7.54548e-38 2.33437e-38 7.21733e-39 2.23004e-39 6.88627e-40 2.12518e-40 6.55475e-41 2.02054e-41 6.22498e-42 1.91678e-42 5.89893e-43 1.81446e-43 5.57827e-44 1.71409e-44 5.26447e-45 1.6161e-45 4.95877e-46 1.52083e-46 4.66208e-47 1.42827e-47 4.3666e-48 1.31564e-48 3.50685e-49 0. 
0.0831776 0.0376984 0.0126289 0.00408128 0.00131415 0.000423065 0.000136209 4.38561e-05 1.41204e-05 4.54599e-06 1.46334e-06 4.70938e-07 1.51517e-07 4.87312e-08 1.56667e-08 5.03442e-09 1.61696e-09 5.19044e-10 1.66513e-10 5.33841e-11 1.71033e-11 5.47571e-12 1.75177e-12 5.59992e-13 1.78872e-13 5.70891e-14 1.82056e-14 5.80088e-15 1.84678e-15 5.8744e-16 1.86697e-16 5.92837e-17 1.88086e-17 5.96212e-18 1.88829e-18 5.9753e-19 1.8892e-19 5.96792e-20 1.88365e-20 5.94032e-21 1.87179e-21 5.8931e-22 1.85385e-22 5.82713e-23 1.83015e-23 5.74346e-24 1.80104e-24 5.64335e-25 1.76694e-25 5.52815e-26 1.7283e-26 5.39934e-27 1.68559e-27 5.25845e-28 1.63931e-28 5.10703e-29 1.58995e-29 4.94664e-30 1.538e-30 4.77883e-31 1.48394e-31 4.6051e-32 1.42823e-32 4.42689e-33 1.37133e-33 4.24555e-34 1.31365e-34 4.06237e-35 1.25557e-35 3.87854e-36 1.19747e-36 3.69515e-37 1.13966e-37 3.51318e-38 1.08245e-38 3.33353e-39 1.0261e-39 3.15698e-40 9.70844e-41 2.9842e-41 9.16878e-42 2.8158e-42 8.64376e-43 2.65227e-43 8.13482e-44 2.49401e-44 7.64313e-45 2.34136e-45 7.16959e-46 2.19457e-46 6.7149e-47 2.05382e-47 6.27943e-48 1.91903e-48 5.85948e-49 1.78315e-49 5.34205e-50 1.49191e-50 3.0873e-51 0. 
0.0831776 0.0455625 0.0175181 0.00634221 0.00224185 0.000779919 0.000268041 9.12289e-05 3.08047e-05 1.03331e-05 3.44684e-06 1.14427e-06 3.78293e-07 1.24605e-07 4.09103e-08 1.33925e-08 4.37258e-09 1.42418e-09 4.62835e-10 1.50103e-10 4.85867e-11 1.56985e-11 5.06355e-12 1.6306e-12 5.24289e-13 1.68326e-13 5.39652e-14 1.72776e-14 5.52435e-15 1.76411e-15 5.62641e-16 1.79232e-16 5.70289e-17 1.81251e-17 5.75419e-18 1.82482e-18 5.78091e-19 1.82947e-19 5.78387e-20 1.82677e-20 5.76406e-21 1.81704e-21 5.72269e-22 1.8007e-22 5.66108e-23 1.7782e-23 5.58072e-24 1.75e-24 5.48316e-25 1.71662e-25 5.37005e-26 1.6786e-26 5.24307e-27 1.63645e-27 5.10392e-28 1.59072e-28 4.95429e-29 1.54195e-29 4.79583e-30 1.49063e-30 4.63016e-31 1.43729e-31 4.45881e-32 1.38238e-32 4.28325e-33 1.32636e-33 4.10486e-34 1.26965e-34 3.9249e-35 1.21264e-35 3.74457e-36 1.15568e-36 3.56491e-37 1.0991e-37 3.38691e-38 1.04317e-38 3.21141e-39 9.88161e-40 3.03917e-40 9.34289e-41 2.87084e-41 8.81744e-42 2.70698e-42 8.30689e-43 2.54805e-43 7.81257e-44 2.39443e-44 7.33555e-45 2.24642e-45 6.87667e-46 2.10425e-46 6.43652e-47 1.96806e-47 6.01519e-48 1.8373e-48 5.59979e-49 1.68849e-49 4.8234e-50 1.06183e-50 0. 
0.0831776 0.0472237 0.0193655 0.00753265 0.00285705 0.00106244 0.000388498 0.000140021 4.98378e-05 1.75465e-05 6.11891e-06 2.1159e-06 7.26209e-07 2.47584e-07 8.39012e-08 2.82782e-08 9.48389e-09 3.16636e-09 1.05277e-09 3.48697e-10 1.15088e-10 3.78604e-11 1.24169e-11 4.06068e-12 1.3244e-12 4.3087e-13 1.39843e-13 4.52852e-14 1.46335e-14 4.7191e-15 1.51892e-15 4.87992e-16 1.56505e-16 5.01091e-17 1.60179e-17 5.11241e-18 1.6293e-18 5.1851e-19 1.64785e-19 5.22999e-20 1.65779e-20 5.24834e-21 1.65957e-21 5.24165e-22 1.65369e-22 5.21155e-23 1.64068e-23 5.15985e-24 1.62113e-24 5.0884e-25 1.59565e-25 4.99914e-26 1.56483e-26 4.89402e-27 1.52931e-27 4.77497e-28 1.48969e-28 4.64391e-29 1.44657e-29 4.50268e-30 1.40051e-30 4.35306e-31 1.35207e-31 4.19673e-32 1.30177e-32 4.03529e-33 1.25009e-33 3.87021e-34 1.19747e-34 3.70286e-35 1.14434e-35 3.53449e-36 1.09107e-36 3.36623e-37 1.038e-37 3.19908e-38 9.85433e-39 3.03395e-39 9.33629e-40 2.87163e-40 8.82822e-41 2.71278e-41 8.33212e-42 2.55799e-42 7.84965e-43 2.40775e-43 7.38219e-44 2.26244e-44 6.93087e-45 2.12237e-45 6.49654e-46 1.98779e-46 6.07983e-47 1.85882e-47 5.6802e-48 1.73344e-48 5.25432e-49 1.53228e-49 3.59981e-50 0. 
0.0831776 0.0454815 0.0192155 0.00780472 0.00310363 0.00121164 0.000465045 0.000175732 6.54708e-05 2.40797e-05 8.75356e-06 3.14859e-06 1.12167e-06 3.96099e-07 1.38759e-07 4.82536e-08 1.66674e-08 5.72149e-09 1.95279e-09 6.62967e-10 2.23967e-10 7.53141e-11 2.52176e-11 8.40983e-12 2.79405e-12 9.25005e-13 3.05216e-13 1.00393e-13 3.2924e-14 1.07671e-14 3.5118e-15 1.14251e-15 3.70807e-16 1.20072e-16 3.87957e-17 1.2509e-17 4.02528e-18 1.29283e-18 4.14471e-19 1.32644e-19 4.23789e-20 1.3518e-20 4.30526e-21 1.36911e-21 4.34763e-22 1.37868e-22 4.36612e-23 1.38091e-23 4.36208e-24 1.37625e-24 4.33706e-25 1.36522e-25 4.29274e-26 1.34836e-26 4.23089e-27 1.32624e-27 4.15332e-28 1.29945e-28 4.06188e-29 1.26855e-29 3.95836e-30 1.23412e-30 3.84454e-31 1.1967e-31 3.72213e-32 1.15683e-32 3.59273e-33 1.11499e-33 3.45789e-34 1.07166e-34 3.31902e-35 1.02726e-35 3.17743e-36 9.822e-37 3.03432e-37 9.36837e-38 2.89078e-38 8.91493e-39 2.74777e-39 8.46459e-40 2.60616e-40 8.01989e-41 2.46669e-41 7.58304e-42 2.33002e-42 7.15594e-43 2.19669e-43 6.74017e-44 2.06717e-44 6.33707e-45 1.94183e-45 5.9477e-46 1.82097e-46 5.57284e-47 1.70471e-47 5.21017e-48 1.58625e-48 4.70924e-49 1.18067e-49 0. 
0.0831776 0.0374979 0.0164466 0.00698215 0.00289572 0.00117729 0.000470137 0.000184689 7.14659e-05 2.72719e-05 1.02744e-05 3.82521e-06 1.40866e-06 5.1354e-07 1.85475e-07 6.64115e-08 2.35895e-08 8.31684e-09 2.91199e-09 1.01302e-09 3.5029e-10 1.20445e-10 4.11963e-11 1.40209e-11 4.74974e-12 1.602e-12 5.38096e-13 1.80037e-13 6.00156e-14 1.99365e-14 6.6008e-15 2.17861e-15 7.16909e-16 2.35242e-16 7.6982e-17 2.51271e-17 8.18136e-18 2.65757e-18 8.61323e-19 2.78554e-19 8.98992e-20 2.89561e-20 9.30889e-21 2.98718e-21 9.56886e-22 3.06002e-22 9.76971e-23 3.11427e-23 9.91229e-24 3.15034e-24 9.99833e-25 3.16888e-25 1.00303e-25 3.17079e-26 1.00112e-26 3.15708e-27 9.94452e-28 3.12893e-28 9.83412e-29 3.08757e-29 9.68401e-30 3.03432e-30 9.49837e-31 2.9705e-31 9.2814e-32 2.89743e-32 9.03726e-33 2.81641e-33 8.77002e-34 2.72872e-34 8.48361e-35 2.63557e-35 8.18175e-36 2.53809e-36 7.86795e-37 2.43736e-37 7.54548e-38 2.33437e-38 7.21733e-39 2.23004e-39 6.88627e-40 2.12518e-40 6.55475e-41 2.02054e-41 6.22498e-42 1.91678e-42 5.89893e-43 1.81446e-43 5.57827e-44 1.71409e-44 5.26447e-45 1.6161e-45 4.95877e-46 1.52083e-46 4.66208e-47 1.42827e-47 4.3666e-48 1.31564e-48 3.50685e-49 0. 
0.0831776 0.0376984 0.0126289 0.00408128 0.00131415 0.000423065 0.000136209 4.38561e-05 1.41204e-05 4.54599e-06 1.46334e-06 4.70938e-07 1.51517e-07 4.87312e-08 1.56667e-08 5.03442e-09 1.61696e-09 5.19044e-10 1.66513e-10 5.33841e-11 1.71033e-11 5.47571e-12 1.75177e-12 5.59992e-13 1.78872e-13 5.70891e-14 1.82056e-14 5.80088e-15 1.84678e-15 5.8744e-16 1.86697e-16 5.92837e-17 1.88086e-17 5.96212e-18 1.88829e-18 5.9753e-19 1.8892e-19 5.96792e-20 1.88365e-20 5.94032e-21 1.87179e-21 5.8931e-22 1.85385e-22 5.82713e-23 1.83015e-23 5.74346e-24 1.80104e-24 5.64335e-25 1.76694e-25 5.52815e-26 1.7283e-26 5.39934e-27 1.68559e-27 5.25845e-28 1.63931e-28 5.10703e-29 1.58995e-29 4.94664e-30 1.538e-30 4.77883e-31 1.48394e-31 4.6051e-32 1.42823e-32 4.42689e-33 1.37133e-33 4.24555e-34 1.31365e-34 4.06237e-35 1.25557e-35 3.87854e-36 1.19747e-36 3.69515e-37 1.13966e-37 3.51318e-38 1.08245e-38 3.33353e-39 1.0261e-39 3.15698e-40 9.70844e-41 2.9842e-41 9.16878e-42 2.8158e-42 8.64376e-43 2.65227e-43 8.13482e-44 2.49401e-44 7.64313e-45 2.34136e-45 7.16959e-46 2.19457e-46 6.7149e-47 2.05382e-47 6.27943e-48 1.91903e-48 5.85948e-49 1.78315e-49 5.34205e-50 1.49191e-50 3.0873e-51 0. 
0.0831776 0.0455625 0.0175181 0.00634221 0.00224185 0.000779919 0.000268041 9.12289e-05 3.08047e-05 1.03331e-05 3.44684e-06 1.14427e-06 3.78293e-07 1.24605e-07 4.09103e-08 1.33925e-08 4.37258e-09 1.42418e-09 4.62835e-10 1.50103e-10 4.85867e-11 1.56985e-11 5.06355e-12 1.6306e-12 5.24289e-13 1.68326e-13 5.39652e-14 1.72776e-14 5.52435e-15 1.76411e-15 5.62641e-16 1.79232e-16 5.70289e-17 1.81251e-17 5.75419e-18 1.82482e-18 5.78091e-19 1.82947e-19 5.78387e-20 1.82677e-20 5.76406e-21 1.81704e-21 5.72269e-22 1.8007e-22 5.66108e-23 1.7782e-23 5.58072e-24 1.75e-24 5.48316e-25 1.71662e-25 5.37005e-26 1.6786e-26 5.24307e-27 1.63645e-27 5.10392e-28 1.59072e-28 4.95429e-29 1.54195e-29 4.79583e-30 1.49063e-30 4.63016e-31 1.43729e-31 4.45881e-32 1.38238e-32 4.28325e-33 1.32636e-33 4.10486e-34 1.26965e-34 3.9249e-35 1.21264e-35 3.74457e-36 1.15568e-36 3.56491e-37 1.0991e-37 3.38691e-38 1.04317e-38 3.21141e-39 9.88161e-40 3.03917e-40 9.34289e-41 2.87084e-41 8.81744e-42 2.70698e-42 8.30689e-43 2.54805e-43 7.81257e-44 2.39443e-44 7.33555e-45 2.24642e-45 6.87667e-46 2.10425e-46 6.43652e-47 1.96806e-47 6.01519e-48 1.8373e-48 5.59979e-49 1.68849e-49 4.8234e-50 1.06183e-50 0. 
0.0831776 0.0472237 0.0193655 0.00753265 0.00285705 0.00106244 0.000388498 0.000140021 4.98378e-05 1.75465e-05 6.11891e-06 2.1159e-06 7.26209e-07 2.47584e-07 8.39012e-08 2.82782e-08 9.48389e-09 3.16636e-09 1.05277e-09 3.48697e-10 1.15088e-10 3.78604e-11 1.24169e-11 4.06068e-12 1.3244e-12 4.3087e-13 1.39843e-13 4.52852e-14 1.46335e-14 4.7191e-15 1.51892e-15 4.87992e-16 1.56505e-16 5.01091e-17 1.60179e-17 5.11241e-18 1.6293e-18 5.1851e-19 1.64785e-19 5.22999e-20 1.65779e-20 5.24834e-21 1.65957e-21 5.24165e-22 1.65369e-22 5.21155e-23 1.64068e-23 5.15985e-24 1.62113e-24 5.0884e-25 1.59565e-25 4.99914e-26 1.56483e-26 4.89402e-27 1.52931e-27 4.77497e-28 1.48969e-28 4.64391e-29 1.44657e-29 4.50268e-30 1.40051e-30 4.35306e-31 1.35207e-31 4.19673e-32 1.30177e-32 4.03529e-33 1.25009e-33 3.87021e-34 1.19747e-34 3.70286e-35 1.14434e-35 3.53449e-36 1.09107e-36 3.36623e-37 1.038e-37 3.19908e-38 9.85433e-39 3.03395e-39 9.33629e-40 2.87163e-40 8.82822e-41 2.71278e-41 8.33212e-42 2.55799e-42 7.84965e-43 2.40775e-43 7.38219e-44 2.26244e-44 6.93087e-45 2.12237e-45 6.49654e-46 1.98779e-46 6.07983e-47 1.85882e-47 5.6802e-48 1.73344e-48 5.25432e-49 1.53228e-49 3.59981e-50 0. 
0.0831776 0.0454815 0.0192155 0.00780472 0.00310363 0.00121164 0.000465045 0.000175732 6.54708e-05 2.40797e-05 8.75356e-06 3.14859e-06 1.12167e-06 3.96099e-07 1.38759e-07 4.82536e-08 1.66674e-08 5.72149e-09 1.95279e-09 6.62967e-10 2.23967e-10 7.53141e-11 2.52176e-11 8.40983e-12 2.79405e-12 9.25005e-13 3.05216e-13 1.00393e-13 3.2924e-14 1.07671e-14 3.5118e-15 1.14251e-15 3.70807e-16 1.20072e-16 3.87957e-17 1.2509e-17 4.02528e-18 1.29283e-18 4.14471e-19 1.32644e-19 4.23789e-20 1.3518e-20 4.30526e-21 1.36911e-21 4.34763e-22 1.37868e-22 4.36612e-23 1.38091e-23 4.36208e-24 1.37625e-24 4.33706e-25 1.36522e-25 4.29274e-26 1.34836e-26 4.23089e-27 1.32624e-27 4.15332e-28 1.29945e-28 4.06188e-29 1.26855e-29 3.95836e-30 1.23412e-30 3.84454e-31 1.1967e-31 3.72213e-32 1.15683e-32 3.59273e-33 1.11499e-33 3.45789e-34 1.07166e-34 3.31902e-35 1.02726e-35 3.17743e-36 9.822e-37 3.03432e-37 9.36837e-38 2.89078e-38 8.91493e-39 2.74777e-39 8.46459e-40 2.60616e-40 8.01989e-41 2.46669e-41 7.58304e-42 2.33002e-42 7.15594e-43 2.19669e-43 6.74017e-44 2.06717e-44 6.33707e-45 1.94183e-45 5.9477e-46 1.82097e-46 5.57284e-47 1.70471e-47 5.21017e-48 1.58625e-48 4.70924e-49 1.18067e-49 0. 
0.0831776 0.0374979 0.0164466 0.00698215 0.00289572 0.00117729 0.000470137 0.000184689 7.14659e-05 2.72719e-05 1.02744e-05 3.82521e-06 1.40866e-06 5.1354e-07 1.85475e-07 6.64115e-08 2.35895e-08 8.31684e-09 2.91199e-09 1.01302e-09 3.5029e-10 1.20445e-10 4.11963e-11 1.40209e-11 4.74974e-12 1.602e-12 5.38096e-13 1.80037e-13 6.00156e-14 1.99365e-14 6.6008e-15 2.17861e-15 7.16909e-16 2.35242e-16 7.6982e-17 2.51271e-17 8.18136e-18 2.65757e-18 8.61323e-19 2.78554e-19 8.98992e-20 2.89561e-20 9.30889e-21 2.98718e-21 9.56886e-22 3.06002e-22 9.76971e-23 3.11427e-23 9.91229e-24 3.15034e-24 9.99833e-25 3.16888e-25 1.00303e-25 3.17079e-26 1.00112e-26 3.15708e-27 9.94452e-28 3.12893e-28 9.83412e-29 3.08757e-29 9.68401e-30 3.03432e-30 9.49837e-31 2.9705e-31 9.2814e-32 2.89743e-32 9.03726e-33 2.81641e-33 8.77002e-34 2.72872e-34 8.48361e-35 2.63557e-35 8.18175e-36 2.53809e-36 7.86795e-37 2.43736e-37 7.54548e-38 2.33437e-38 7.21733e-39 2.23004e-39 6.88627e-40 2.12518e-40 6.55475e-41 2.02054e-41 6.22498e-42 1.91678e-42 5.89893e-43 1.81446e-43 5.57827e-44 1.71409e-44 5.26447e-45 1.6161e-45 4.95877e-46 1.52083e-46 4.66208e-47 1.42827e-47 4.3666e-48 1.31564e-48 3.50685e-49 0. 
0.0831776 0.0376984 0.0126289 0.00408128 0.00131415 0.000423065 0.000136209 4.38561e-05 1.41204e-05 4.54599e-06 1.46334e-06 4.70938e-07 1.51517e-07 4.87312e-08 1.56667e-08 5.03442e-09 1.61696e-09 5.19044e-10 1.66513e-10 5.33841e-11 1.71033e-11 5.47571e-12 1.75177e-12 5.59992e-13 1.78872e-13 5.70891e-14 1.82056e-14 5.80088e-15 1.84678e-15 5.8744e-16 1.86697e-16 5.92837e-17 1.88086e-17 5.96212e-18 1.88829e-18 5.9753e-19 1.8892e-19 5.96792e-20 1.88365e-20 5.94032e-21 1.87179e-21 5.8931e-22 1.85385e-22 5.82713e-23 1.83015e-23 5.74346e-24 1.80104e-24 5.64335e-25 1.76694e-25 5.52815e-26 1.7283e-26 5.39934e-27 1.68559e-27 5.25845e-28 1.63931e-28 5.10703e-29 1.58995e-29 4.94664e-30 1.538e-30 4.77883e-31 1.48394e-31 4.6051e-32 1.42823e-32 4.42689e-33 1.37133e-33 4.24555e-34 1.31365e-34 4.06237e-35 1.25557e-35 3.87854e-36 1.19747e-36 3.69515e-37 1.13966e-37 3.51318e-38 1.08245e-38 3.33353e-39 1.0261e-39 3.15698e-40 9.70844e-41 2.9842e-41 9.16878e-42 2.8158e-42 8.64376e-43 2.65227e-43 8.13482e-44 2.49401e-44 7.64313e-45 2.34136e-45 7.16959e-46 2.19457e-46 6.7149e-47 2.05382e-47 6.27943e-48 1.91903e-48 5.85948e-49 1.78315e-49 5.34205e-50 1.49191e-50 3.0873e-51 0. 
0.0831776 0.0455625 0.0175181 0.00634221 0.00224185 0.000779919 0.000268041 9.12289e-05 3.08047e-05 1.03331e-05 3.44684e-06 1.14427e-06 3.78293e-07 1.24605e-07 4.09103e-08 1.33925e-08 4.37258e-09 1.42418e-09 4.62835e-10 1.50103e-10 4.85867e-11 1.56985e-11 5.06355e-12 1.6306e-12 5.24289e-13 1.68326e-13 5.39652e-14 1.72776e-14 5.52435e-15 1.76411e-15 5.62641e-16 1.79232e-16 5.70289e-17 1.81251e-17 5.75419e-18 1.82482e-18 5.78091e-19 1.82947e-19 5.78387e-20 1.82677e-20 5.76406e-21 1.81704e-21 5.72269e-22 1.8007e-22 5.66108e-23 1.7782e-23 5.58072e-24 1.75e-24 5.48316e-25 1.71662e-25 5.37005e-26 1.6786e-26 5.24307e-27 1.63645e-27 5.10392e-28 1.59072e-28 4.95429e-29 1.54195e-29 4.79583e-30 1.49063e-30 4.63016e-31 1.43729e-31 4.45881e-32 1.38238e-32 4.28325e-33 1.32636e-33 4.10486e-34 1.26965e-34 3.9249e-35 1.21264e-35 3.74457e-36 1.15568e-36 3.56491e-37 1.0991e-37 3.38691e-38 1.04317e-38 3.21141e-39 9.88161e-40 3.03917e-40 9.34289e-41 2.87084e-41 8.81744e-42 2.70698e-42 8.30689e-43 2.54805e-43 7.81257e-44 2.39443e-44 7.33555e-45 2.24642e-45 6.87667e-46 2.10425e-46 6.43652e-47 1.96806e-47 6.01519e-48 1.8373e-48 5.59979e-49 1.68849e-49 4.8234e-50 1.06183e-50 0. 
0.0831776 0.0472237 0.0193655 0.00753265 0.00285705 0.00106244 0.000388498 0.000140021 4.98378e-05 1.75465e-05 6.11891e-06 2.1159e-06 7.26209e-07 2.47584e-07 8.39012e-08 2.82782e-08 9.48389e-09 3.16636e-09 1.05277e-09 3.48697e-10 1.15088e-10 3.78604e-11 1.24169e-11 4.06068e-12 1.3244e-12 4.3087e-13 1.39843e-13 4.52852e-14 1.46335e-14 4.7191e-15 1.51892e-15 4.87992e-16 1.56505e-16 5.01091e-17 1.60179e-17 5.11241e-18 1.6293e-18 5.1851e-19 1.64785e-19 5.22999e-20 1.65779e-20 5.24834e-21 1.65957e-21 5.24165e-22 1.65369e-22 5.21155e-23 1.64068e-23 5.15985e-24 1.62113e-24 5.0884e-25 1.59565e-25 4.99914e-26 1.56483e-26 4.89402e-27 1.52931e-27 4.77497e-28 1.48969e-28 4.64391e-29 1.44657e-29 4.50268e-30 1.40051e-30 4.35306e-31 1.35207e-31 4.19673e-32 1.30177e-32 4.03529e-33 1.25009e-33 3.87021e-34 1.19747e-34 3.70286e-35 1.14434e-35 3.53449e-36 1.09107e-36 3.36623e-37 1.038e-37 3.19908e-38 9.85433e-39 3.03395e-39 9.33629e-40 2.87163e-40 8.82822e-41 2.71278e-41 8.33212e-42 2.55799e-42 7.84965e-43 2.40775e-43 7.38219e-44 2.26244e-44 6.93087e-45 2.12237e-45 6.49654e-46 1.98779e-46 6.07983e-47 1.85882e-47 5.6802e-48 1.73344e-48 5.25432e-49 1.53228e-49 3.59981e-50 0. 
0.0831776 0.0454815 0.0192155 0.00780472 0.00310363 0.00121164 0.000465045 0.000175732 6.54708e-05 2.40797e-05 8.75356e-06 3.14859e-06 1.12167e-06 3.96099e-07 1.38759e-07 4.82536e-08 1.66674e-08 5.72149e-09 1.95279e-09 6.62967e-10 2.23967e-10 7.53141e-11 2.52176e-11 8.40983e-12 2.79405e-12 9.25005e-13 3.05216e-13 1.00393e-13 3.2924e-14 1.07671e-14 3.5118e-15 1.14251e-15 3.70807e-16 1.20072e-16 3.87957e-17 1.2509e-17 4.02528e-18 1.29283e-18 4.14471e-19 1.32644e-19 4.23789e-20 1.3518e-20 4.30526e-21 1.36911e-21 4.34763e-22 1.37868e-22 4.36612e-23 1.38091e-23 4.36208e-24 1.37625e-24 4.33706e-25 1.36522e-25 4.29274e-26 1.34836e-26 4.23089e-27 1.32624e-27 4.15332e-28 1.29945e-28 4.06188e-29 1.26855e-29 3.95836e-30 1.23412e-30 3.84454e-31 1.1967e-31 3.72213e-32 1.15683e-32 3.59273e-33 1.11499e-33 3.45789e-34 1.07166e-34 3.31902e-35 1.02726e-35 3.17743e-36 9.822e-37 3.03432e-37 9.36837e-38 2.89078e-38 8.91493e-39 2.74777e-39 8.46459e-40 2.60616e-40 8.01989e-41 2.46669e-41 7.58304e-42 2.33002e-42 7.15594e-43 2.19669e-43 6.74017e-44 2.06717e-44 6.33707e-45 1.94183e-45 5.9477e-46 1.82097e-46 5.57284e-47 1.70471e-47 5.21017e-48 1.58625e-48 4.70924e-49 1.18067e-49 0. 
0.0831776 0.0374979 0.0164466 0.00698215 0.00289572 0.00117729 0.000470137 0.000184689 7.14659e-05 2.72719e-05 1.02744e-05 3.82521e-06 1.40866e-06 5.1354e-07 1.85475e-07 6.64115e-08 2.35895e-08 8.31684e-09 2.91199e-09 1.01302e-09 3.5029e-10 1.20445e-10 4.11963e-11 1.40209e-11 4.74974e-12 1.602e-12 5.38096e-13 1.80037e-13 6.00156e-14 1.99365e-14 6.6008e-15 2.17861e-15 7.16909e-16 2.35242e-16 7.6982e-17 2.51271e-17 8.18136e-18 2.65757e-18 8.61323e-19 2.78554e-19 8.98992e-20 2.89561e-20 9.30889e-21 2.98718e-21 9.56886e-22 3.06002e-22 9.76971e-23 3.11427e-23 9.91229e-24 3.15034e-24 9.99833e-25 3.16888e-25 1.00303e-25 3.17079e-26 1.00112e-26 3.15708e-27 9.94452e-28 3.12893e-28 9.83412e-29 3.08757e-29 9.68401e-30 3.03432e-30 9.49837e-31 2.9705e-31 9.2814e-32 2.89743e-32 9.03726e-33 2.81641e-33 8.77002e-34 2.72872e-34 8.48361e-35 2.63557e-35 8.18175e-36 2.53809e-36 7.86795e-37 2.43736e-37 7.54548e-38 2.33437e-38 7.21733e-39 2.23004e-39 6.88627e-40 2.12518e-40 6.55475e-41 2.02054e-41 6.22498e-42 1.91678e-42 5.89893e-43 1.81446e-43 5.57827e-44 1.71409e-44 5.26447e-45 1.6161e-45 4.95877e-46 1.52083e-46 4.66208e-47 1.42827e-47 4.3666e-48 1.31564e-48 3.50685e-49 0. 
0.0831776 0.0376984 0.0126289 0.00408128 0.00131415 0.000423065 0.000136209 4.38561e-05 1.41204e-05 4.54599e-06 1.46334e-06 4.70938e-07 1.51517e-07 4.87312e-08 1.56667e-08 5.03442e-09 1.61696e-09 5.19044e-10 1.66513e-10 5.33841e-11 1.71033e-11 5.47571e-12 1.75177e-12 5.59992e-13 1.78872e-13 5.70891e-14 1.82056e-14 5.80088e-15 1.84678e-15 5.8744e-16 1.86697e-16 5.92837e-17 1.88086e-17 5.96212e-18 1.88829e-18 5.9753e-19 1.8892e-19 5.96792e-20 1.88365e-20 5.94032e-21 1.87179e-21 5.8931e-22 1.85385e-22 5.82713e-23 1.83015e-23 5.74346e-24 1.80104e-24 5.64335e-25 1.76694e-25 5.52815e-26 1.7283e-26 5.39934e-27 1.68559e-27 5.25845e-28 1.63931e-28 5.10703e-29 1.58995e-29 4.94664e-30 1.538e-30 4.77883e-31 1.48394e-31 4.6051e-32 1.42823e-32 4.42689e-33 1.37133e-33 4.24555e-34 1.31365e-34 4.06237e-35 1.25557e-35 3.87854e-36 1.19747e-36 3.69515e-37 1.13966e-37 3.51318e-38 1.08245e-38 3.33353e-39 1.0261e-39 3.15698e-40 9.70844e-41 2.9842e-41 9.16878e-42 2.8158e-42 8.64376e-43 2.65227e-43 8.13482e-44 2.49401e-44 7.64313e-45 2.34136e-45 7.16959e-46 2.19457e-46 6.7149e-47 2.05382e-47 6.27943e-48 1.91903e-48 5.85948e-49 1.78315e-49 5.34205e-50 1.49191e-50 3.0873e-51 0. 
0.0831776 0.0455625 0.0175181 0.00634221 0.00224185 0.000779919 0.000268041 9.12289e-05 3.08047e-05 1.03331e-05 3.44684e-06 1.14427e-06 3.78293e-07 1.24605e-07 4.09103e-08 1.33925e-08 4.37258e-09 1.42418e-09 4.62835e-10 1.50103e-10 4.85867e-11 1.56985e-11 5.06355e-12 1.6306e-12 5.24289e-13 1.68326e-13 5.39652e-14 1.72776e-14 5.52435e-15 1.76411e-15 5.62641e-16 1.79232e-16 5.70289e-17 1.81251e-17 5.75419e-18 1.82482e-18 5.78091e-19 1.82947e-19 5.78387e-20 1.82677e-20 5.76406e-21 1.81704e-21 5.72269e-22 1.8007e-22 5.66108e-23 1.7782e-23 5.58072e-24 1.75e-24 5.48316e-25 1.71662e-25 5.37005e-26 1.6786e-26 5.24307e-27 1.63645e-27 5.10392e-28 1.59072e-28 4.95429e-29 1.54195e-29 4.79583e-30 1.49063e-30 4.63016e-31 1.43729e-31 4.45881e-32 1.38238e-32 4.28325e-33 1.32636e-33 4.10486e-34 1.26965e-34 3.9249e-35 1.21264e-35 3.74457e-36 1.15568e-36 3.56491e-37 1.0991e-37 3.38691e-38 1.04317e-38 3.21141e-39 9.88161e-40 3.03917e-40 9.34289e-41 2.87084e-41 8.81744e-42 2.70698e-42 8.30689e-43 2.54805e-43 7.81257e-44 2.39443e-44 7.33555e-45 2.24642e-45 6.87667e-46 2.10425e-46 6.43652e-47 1.96806e-47 6.01519e-48 1.8373e-48 5.59979e-49 1.68849e-49 4.8234e-50 1.06183e-50 0. 
0.0831776 0.0472237 0.0193655 0.00753265 0.00285705 0.00106244 0.000388498 0.000140021 4.98378e-05 1.75465e-05 6.11891e-06 2.1159e-06 7.26209e-07 2.47584e-07 8.39012e-08 2.82782e-08 9.48389e-09 3.16636e-09 1.05277e-09 3.48697e-10 1.15088e-10 3.78604e-11 1.24169e-11 4.06068e-12 1.3244e-12 4.3087e-13 1.39843e-13 4.52852e-14 1.46335e-14 4.7191e-15 1.51892e-15 4.87992e-16 1.56505e-16 5.01091e-17 1.60179e-17 5.11241e-18 1.6293e-18 5.1851e-19 1.64785e-19 5.22999e-20 1.65779e-20 5.24834e-21 1.65957e-21 5.24165e-22 1.65369e-22 5.21155e-23 1.64068e-23 5.15985e-24 1.62113e-24 5.0884e-25 1.59565e-25 4.99914e-26 1.56483e-26 4.89402e-27 1.52931e-27 4.77497e-28 1.48969e-28 4.64391e-29 1.44657e-29 4.50268e-30 1.40051e-30 4.35306e-31 1.35207e-31 4.19673e-32 1.30177e-32 4.03529e-33 1.25009e-33 3.87021e-34 1.19747e-34 3.70286e-35 1.14434e-35 3.53449e-36 1.09107e-36 3.36623e-37 1.038e-37 3.19908e-38 9.85433e-39 3.03395e-39 9.33629e-40 2.87163e-40 8.82822e-41 2.71278e-41 8.33212e-42 2.55799e-42 7.84965e-43 2.40775e-43 7.38219e-44 2.26244e-44 6.93087e-45 2.12237e-45 6.49654e-46 1.98779e-46 6.07983e-47 1.85882e-47 5.6802e-48 1.73344e-48 5.25432e-49 1.53228e-49 3.59981e-50 0. 
0.0831776 0.0454815 0.0192155 0.00780472 0.00310363 0.00121164 0.000465045 0.000175732 6.54708e-05 2.40797e-05 8.75356e-06 3.14859e-06 1.12167e-06 3.96099e-07 1.38759e-07 4.82536e-08 1.66674e-08 5.72149e-09 1.95279e-09 6.62967e-10 2.23967e-10 7.53141e-11 2.52176e-11 8.40983e-12 2.79405e-12 9.25005e-13 3.05216e-13 1.00393e-13 3.2924e-14 1.07671e-14 3.5118e-15 1.14251e-15 3.70807e-16 1.20072e-16 3.87957e-17 1.2509e-17 4.02528e-18 1.29283e-18 4.14471e-19 1.32644e-19 4.23789e-20 1.3518e-20 4.30526e-21 1.36911e-21 4.34763e-22 1.37868e-22 4.36612e-23 1.38091e-23 4.36208e-24 1.37625e-24 4.33706e-25 1.36522e-25 4.29274e-26 1.34836e-26 4.23089e-27 1.32624e-27 4.15332e-28 1.29945e-28 4.06188e-29 1.26855e-29 3.95836e-30 1.23412e-30 3.84454e-31 1.1967e-31 3.72213e-32 1.15683e-32 3.59273e-33 1.11499e-33 3.45789e-34 1.07166e-34 3.31902e-35 1.02726e-35 3.17743e-36 9.822e-37 3.03432e-37 9.36837e-38 2.89078e-38 8.91493e-39 2.74777e-39 8.46459e-40 2.60616e-40 8.01989e-41 2.46669e-41 7.58304e-42 2.33002e-42 7.15594e-43 2.19669e-43 6.74017e-44 2.06717e-44 6.33707e-45 1.94183e-45 5.9477e-46 1.82097e-46 5.57284e-47 1.70471e-47 5.21017e-48 1.58625e-48 4.70924e-49 1.18067e-49 0. 
0.0831776 0.0374979 0.0164466 0.00698215 0.00289572 0.00117729 0.000470137 0.000184689 7.14659e-05 2.72719e-05 1.02744e-05 3.82521e-06 1.40866e-06 5.1354e-07 1.85475e-07 6.64115e-08 2.35895e-08 8.31684e-09 2.91199e-09 1.01302e-09 3.5029e-10 1.20445e-10 4.11963e-11 1.40209e-11 4.74974e-12 1.602e-12 5.38096e-13 1.80037e-13 6.00156e-14 1.99365e-14 6.6008e-15 2.17861e-15 7.16909e-16 2.35242e-16 7.6982e-17 2.51271e-17 8.18136e-18 2.65757e-18 8.61323e-19 2.78554e-19 8.98992e-20 2.89561e-20 9.30889e-21 2.98718e-21 9.56886e-22 3.06002e-22 9.76971e-23 3.11427e-23 9.91229e-24 3.15034e-24 9.99833e-25 3.16888e-25 1.00303e-25 3.17079e-26 1.00112e-26 3.15708e-27 9.94452e-28 3.12893e-28 9.83412e-29 3.08757e-29 9.68401e-30 3.03432e-30 9.49837e-31 2.9705e-31 9.2814e-32 2.89743e-32 9.03726e-33 2.81641e-33 8.77002e-34 2.72872e-34 8.48361e-35 2.63557e-35 8.18175e-36 2.53809e-36 7.86795e-37 2.43736e-37 7.54548e-38 2.33437e-38 7.21733e-39 2.23004e-39 6.88627e-40 2.12518e-40 6.55475e-41 2.02054e-41 6.22498e-42 1.91678e-42 5.89893e-43 1.81446e-43 5.57827e-44 1.71409e-44 5.26447e-45 1.6161e-45 4.95877e-46 1.52083e-46 4.66208e-47 1.42827e-47 4.3666e-48 1.31564e-48 3.50685e-49 0. 
0.0831776 0.0376984 0.0126289 0.00408128 0.00131415 0.000423065 0.000136209 4.38561e-05 1.41204e-05 4.54599e-06 1.46334e-06 4.70938e-07 1.51517e-07 4.87312e-08 1.56667e-08 5.03442e-09 1.61696e-09 5.19044e-10 1.66513e-10 5.33841e-11 1.71033e-11 5.47571e-12 1.75177e-12 5.59992e-13 1.78872e-13 5.70891e-14 1.82056e-14 5.80088e-15 1.84678e-15 5.8744e-16 1.86697e-16 5.92837e-17 1.88086e-17 5.96212e-18 1.88829e-18 5.9753e-19 1.8892e-19 5.96792e-20 1.88365e-20 5.94032e-21 1.87179e-21 5.8931e-22 1.85385e-22 5.82713e-23 1.83015e-23 5.74346e-24 1.80104e-24 5.64335e-25 1.76694e-25 5.52815e-26 1.7283e-26 5.39934e-27 1.68559e-27 5.25845e-28 1.63931e-28 5.10703e-29 1.58995e-29 4.94664e-30 1.538e-30 4.77883e-31 1.48394e-31 4.6051e-32 1.42823e-32 4.42689e-33 1.37133e-33 4.24555e-34 1.31365e-34 4.06237e-35 1.25557e-35 3.87854e-36 1.19747e-36 3.69515e-37 1.13966e-37 3.51318e-38 1.08245e-38 3.33353e-39 1.0261e-39 3.15698e-40 9.70844e-41 2.9842e-41 9.16878e-42 2.8158e-42 8.64376e-43 2.65227e-43 8.13482e-44 2.49401e-44 7.64313e-45 2.34136e-45 7.16959e-46 2.19457e-46 6.7149e-47 2.05382e-47 6.27943e-48 1.91903e-48 5.85948e-49 1.78315e-49 5.34205e-50 1.49191e-50 3.0873e-51 0. 
0.0831776 0.0455625 0.0175181 0.00634221 0.00224185 0.000779919 0.000268041 9.12289e-05 3.08047e-05 1.03331e-05 3.44684e-06 1.14427e-06 3.78293e-07 1.24605e-07 4.09103e-08 1.33925e-08 4.37258e-09 1.42418e-09 4.62835e-10 1.50103e-10 4.85867e-11 1.56985e-11 5.06355e-12 1.6306e-12 5.24289e-13 1.68326e-13 5.39652e-14 1.72776e-14 5.52435e-15 1.76411e-15 5.62641e-16 1.79232e-16 5.70289e-17 1.81251e-17 5.75419e-18 1.82482e-18 5.78091e-19 1.82947e-19 5.78387e-20 1.82677e-20 5.76406e-21 1.81704e-21 5.72269e-22 1.8007e-22 5.66108e-23 1.7782e-23 5.58072e-24 1.75e-24 5.48316e-25 1.71662e-25 5.37005e-26 1.6786e-26 5.24307e-27 1.63645e-27 5.10392e-28 1.59072e-28 4.95429e-29 1.54195e-29 4.79583e-30 1.49063e-30 4.63016e-31 1.43729e-31 4.45881e-32 1.38238e-32 4.28325e-33 1.32636e-33 4.10486e-34 1.26965e-34 3.9249e-35 1.21264e-35 3.74457e-36 1.15568e-36 3.56491e-37 1.0991e-37 3.38691e-38 1.04317e-38 3.21141e-39 9.88161e-40 3.03917e-40 9.34289e-41 2.87084e-41 8.81744e-42 2.70698e-42 8.30689e-43 2.54805e-43 7.81257e-44 2.39443e-44 7.33555e-45 2.24642e-45 6.87667e-46 2.10425e-46 6.43652e-47 1.96806e-47 6.01519e-48 1.8373e-48 5.59979e-49 1.68849e-49 4.8234e-50 1.06183e-50 0. 
0.0831776 0.0472237 0.0193655 0.00753265 0.00285705 0.00106244 0.000388498 0.000140021 4.98378e-05 1.75465e-05 6.11891e-06 2.1159e-06 7.26209e-07 2.47584e-07 8.39012e-08 2.82782e-08 9.48389e-09 3.16636e-09 1.05277e-09 3.48697e-10 1.15088e-10 3.78604e-11 1.24169e-11 4.06068e-12 1.3244e-12 4.3087e-13 1.39843e-13 4.52852e-14 1.46335e-14 4.7191e-15 1.51892e-15 4.87992e-16 1.56505e-16 5.01091e-17 1.60179e-17 5.11241e-18 1.6293e-18 5.1851e-19 1.64785e-19 5.22999e-20 1.65779e-20 5.24834e-21 1.65957e-21 5.24165e-22 1.65369e-22 5.21155e-23 1.64068e-23 5.15985e-24 1.62113e-24 5.0884e-25 1.59565e-25 4.99914e-26 1.56483e-26 4.89402e-27 1.52931e-27 4.77497e-28 1.48969e-28 4.64391e-29 1.44657e-29 4.50268e-30 1.40051e-30 4.35306e-31 1.35207e-31 4.19673e-32 1.30177e-32 4.03529e-33 1.25009e-33 3.87021e-34 1.19747e-34 3.70286e-35 1.14434e-35 3.53449e-36 1.09107e-36 3.36623e-37 1.038e-37 3.19908e-38 9.85433e-39 3.03395e-39 9.33629e-40 2.87163e-40 8.82822e-41 2.71278e-41 8.33212e-42 2.55799e-42 7.84965e-43 2.40775e-43 7.38219e-44 2.26244e-44 6.93087e-45 2.12237e-45 6.49654e-46 1.98779e-46 6.07983e-47 1.85882e-47 5.6802e-48 1.73344e-48 5.25432e-49 1.53228e-49 3.59981e-50 0. 
0.0831776 0.0454815 0.0192155 0.00780472 0.00310363 0.00121164 0.000465045 0.000175732 6.54708e-05 2.40797e-05 8.75356e-06 3.14859e-06 1.12167e-06 3.96099e-07 1.38759e-07 4.82536e-08 1.66674e-08 5.72149e-09 1.95279e-09 6.62967e-10 2.23967e-10 7.53141e-11 2.52176e-11 8.40983e-12 2.79405e-12 9.25005e-13 3.05216e-13 1.00393e-13 3.2924e-14 1.07671e-14 3.5118e-15 1.14251e-15 3.70807e-16 1.20072e-16 3.87957e-17 1.2509e-17 4.02528e-18 1.29283e-18 4.14471e-19 1.32644e-19 4.23789e-20 1.3518e-20 4.30526e-21 1.36911e-21 4.34763e-22 1.37868e-22 4.36612e-23 1.38091e-23 4.36208e-24 1.37625e-24 4.33706e-25 1.36522e-25 4.29274e-26 1.34836e-26 4.23089e-27 1.32624e-27 4.15332e-28 1.29945e-28 4.06188e-29 1.26855e-29 3.95836e-30 1.23412e-30 3.84454e-31 1.1967e-31 3.72213e-32 1.15683e-32 3.59273e-33 1.11499e-33 3.45789e-34 1.07166e-34 3.31902e-35 1.02726e-35 3.17743e-36 9.822e-37 3.03432e-37 9.36837e-38 2.89078e-38 8.91493e-39 2.74777e-39 8.46459e-40 2.60616e-40 8.01989e-41 2.46669e-41 7.58304e-42 2.33002e-42 7.15594e-43 2.19669e-43 6.74017e-44 2.06717e-44 6.33707e-45 1.94183e-45 5.9477e-46 1.82097e-46 5.57284e-47 1.70471e-47 5.21017e-48 1.58625e-48 4.70924e-49 1.18067e-49 0. 
0.0831776 0.0374979 0.0164466 0.00698215 0.00289572 0.00117729 0.000470137 0.000184689 7.14659e-05 2.72719e-05 1.02744e-05 3.82521e-06 1.40866e-06 5.1354e-07 1.85475e-07 6.64115e-08 2.35895e-08 8.31684e-09 2.91199e-09 1.01302e-09 3.5029e-10 1.20445e-10 4.11963e-11 1.40209e-11 4.74974e-12 1.602e-12 5.38096e-13 1.80037e-13 6.00156e-14 1.99365e-14 6.6008e-15 2.17861e-15 7.16909e-16 2.35242e-16 7.6982e-17 2.51271e-17 8.18136e-18 2.65757e-18 8.61323e-19 2.78554e-19 8.98992e-20 2.89561e-20 9.30889e-21 2.98718e-21 9.56886e-22 3.06002e-22 9.76971e-23 3.11427e-23 9.91229e-24 3.15034e-24 9.99833e-25 3.16888e-25 1.00303e-25 3.17079e-26 1.00112e-26 3.15708e-27 9.94452e-28 3.12893e-28 9.83412e-29 3.08757e-29 9.68401e-30 3.03432e-30 9.49837e-31 2.9705e-31 9.2814e-32 2.89743e-32 9.03726e-33 2.81641e-33 8.77002e-34 2.72872e-34 8.48361e-35 2.63557e-35 8.18175e-36 2.53809e-36 7.86795e-37 2.43736e-37 7.54548e-38 2.33437e-38 7.21733e-39 2.23004e-39 6.88627e-40 2.12518e-40 6.55475e-41 2.02054e-41 6.22498e-42 1.91678e-42 5.89893e-43 1.81446e-43 5.57827e-44 1.71409e-44 5.26447e-45 1.6161e-45 4.95877e-46 1.52083e-46 4.66208e-47 1.42827e-47 4.3666e-48 1.31564e-48 3.50685e-49 0. 
0.0831776 0.0377214 0.0126309 0.00407735 0.00131072 0.000420998 0.000135134 4.33419e-05 1.38884e-05 4.44571e-06 1.42145e-06 4.53929e-07 1.4477e-07 4.61091e-08 1.46654e-08 4.65787e-09 1.47728e-09 4.67865e-10 1.47965e-10 4.67285e-11 1.47366e-11 4.64097e-12 1.45958e-12 4.58425e-13 1.43792e-13 4.50449e-14 1.40932e-14 4.4039e-15 1.3745e-15 4.28496e-16 1.3343e-16 4.15026e-17 1.28952e-17 4.00244e-18 1.24101e-18 3.84411e-19 1.18958e-19 3.67775e-20 1.13598e-20 3.5057e-21 1.08094e-21 3.33012e-22 1.02509e-22 3.15295e-23 9.69025e-24 2.97594e-24 9.13256e-25 2.80059e-25 8.58231e-26 2.62823e-26 8.04329e-27 2.45994e-27 7.51869e-28 2.29664e-28 7.01108e-29 2.13906e-29 6.52253e-30 1.98777e-30 6.05457e-31 1.84319e-31 5.60833e-32 1.7056e-32 5.18453e-33 1.57519e-33 4.78357e-34 1.45202e-34 4.40554e-35 1.33609e-35 4.05029e-36 1.22731e-36 3.71746e-37 1.12555e-37 3.40652e-38 1.0306e-38 3.11681e-39 9.42254e-40 2.84754e-40 8.60239e-41 2.59787e-41 7.84278e-42 2.36689e-42 7.14078e-43 2.15365e-43 6.49334e-44 1.95717e-44 5.89738e-45 1.77648e-45 5.3498e-46 1.61061e-46 4.84757e-47 1.45861e-47 4.38768e-48 1.31952e-48 3.96715e-49 1.19224e-49 3.57816e-50 1.0659e-50 3.04224e-51 6.87448e-52 0. 
0.0831776 0.0456469 0.017529 0.0063321 0.00223211 0.000773882 0.000264854 8.96915e-05 3.01064e-05 1.00299e-05 3.3197e-06 1.09248e-06 3.57697e-07 1.16583e-07 3.78407e-08 1.22362e-08 3.94308e-09 1.2666e-09 4.05659e-10 1.29565e-10 4.12762e-11 1.31179e-11 4.15956e-12 1.31614e-12 4.15607e-13 1.30988e-13 4.12092e-14 1.29422e-14 4.05798e-15 1.27037e-15 3.97103e-16 1.23952e-16 3.86378e-17 1.20282e-17 3.73973e-18 1.16133e-18 3.60221e-19 1.11608e-19 3.45426e-20 1.06798e-20 3.29866e-21 1.01787e-21 3.13794e-22 9.66504e-23 2.9743e-23 9.14536e-24 2.80971e-24 8.62543e-25 2.64586e-25 8.11019e-26 2.48418e-26 7.60381e-27 2.32587e-27 7.10973e-28 2.17192e-28 6.63076e-29 2.02312e-29 6.16912e-30 1.88008e-30 5.72649e-31 1.74327e-31 5.30408e-32 1.61299e-32 4.90272e-33 1.48946e-33 4.52285e-34 1.37276e-34 4.16465e-35 1.2629e-35 3.828e-36 1.15982e-36 3.51261e-37 1.06339e-37 3.218e-38 9.7344e-39 2.94353e-39 8.8975e-40 2.6885e-40 8.12078e-41 2.45208e-41 7.40158e-42 2.23342e-42 6.73711e-43 2.0316e-43 6.12447e-44 1.84572e-44 5.56072e-45 1.67482e-45 5.04291e-46 1.518e-46 4.56814e-47 1.37433e-47 4.13355e-48 1.24291e-48 3.73608e-49 1.12216e-49 3.35631e-50 9.75986e-51 2.35931e-51 0. 
0.0831776 0.047528 0.019413 0.00750782 0.00282981 0.001045 0.000379147 0.000135466 4.77553e-05 1.66376e-05 5.73629e-06 1.95953e-06 6.63862e-07 2.23242e-07 7.45694e-08 2.47572e-08 8.17398e-09 2.68512e-09 8.77951e-10 2.85834e-10 9.26903e-11 2.99473e-11 9.64265e-12 3.09493e-12 9.90402e-13 3.16054e-13 1.00594e-13 3.19386e-14 1.0117e-14 3.19768e-15 1.0086e-15 3.17506e-16 9.97645e-17 3.1292e-17 9.79852e-18 3.06332e-18 9.56231e-19 2.98058e-19 9.27755e-20 2.88395e-20 8.95342e-21 2.77626e-21 8.59846e-22 2.66007e-22 8.22047e-23 2.53774e-23 7.82644e-24 2.41136e-24 7.42259e-25 2.28276e-25 7.01437e-26 2.15355e-26 6.60646e-27 2.02509e-27 6.20286e-28 1.89855e-28 5.80689e-29 1.77487e-29 5.42128e-30 1.65484e-30 5.04822e-31 1.53906e-31 4.68939e-32 1.428e-32 4.34607e-33 1.322e-33 4.01914e-34 1.22128e-34 3.70917e-35 1.12597e-35 3.41643e-36 1.03613e-36 3.14096e-37 9.51741e-38 2.88262e-38 8.72721e-39 2.6411e-39 7.98952e-40 2.41594e-40 7.30277e-41 2.20661e-41 6.66509e-42 2.01248e-42 6.07444e-43 1.83287e-43 5.52857e-44 1.66706e-44 5.02519e-45 1.51432e-45 4.56193e-46 1.37388e-46 4.13639e-47 1.245e-47 3.74622e-48 1.12691e-48 3.38828e-49 1.01668e-49 3.00303e-50 7.77906e-51 0. 
0.0831776 0.0465696 0.019404 0.00774712 0.00302806 0.00116143 0.000437671 0.000162264 5.92693e-05 2.13587e-05 7.60352e-06 2.67703e-06 9.33132e-07 3.22319e-07 1.10417e-07 3.75413e-08 1.26761e-08 4.25314e-09 1.41874e-09 4.7072e-10 1.55404e-10 5.10695e-11 1.67109e-11 5.44632e-12 1.76843e-12 5.72217e-13 1.8455e-13 5.93384e-14 1.90241e-14 6.08261e-15 1.93982e-15 6.17135e-16 1.95885e-16 6.20407e-17 1.9609e-17 6.18557e-18 1.94757e-18 6.12117e-19 1.9206e-19 6.0164e-20 1.88176e-20 5.87687e-21 1.83279e-21 5.70808e-22 1.77542e-22 5.51527e-23 1.71124e-23 5.30339e-24 1.64177e-24 5.077e-25 1.56839e-25 4.84023e-26 1.49232e-26 4.59682e-27 1.4147e-27 4.35004e-28 1.33647e-28 4.10275e-29 1.25849e-29 3.85741e-30 1.18147e-30 3.61609e-31 1.106e-31 3.38049e-32 1.03258e-32 3.15202e-33 9.61588e-34 2.93177e-34 8.93344e-35 2.72058e-35 8.28068e-36 2.51906e-36 7.65921e-37 2.3276e-37 7.06999e-38 2.14644e-38 6.51353e-39 1.97567e-39 5.98986e-40 1.81522e-40 5.49867e-41 1.66497e-41 5.03937e-42 1.52466e-42 4.61109e-43 1.39402e-43 4.21281e-44 1.27268e-44 3.84334e-45 1.16025e-45 3.50141e-46 1.05631e-46 3.18565e-47 9.60432e-48 2.89466e-48 8.72112e-49 2.62524e-49 7.84911e-50 2.17145e-50 0. 
0.0831776 0.0413703 0.0171529 0.00686088 0.00268791 0.00103324 0.000390146 0.000144904 5.30135e-05 1.91317e-05 6.81944e-06 2.40373e-06 8.38728e-07 2.89978e-07 9.94214e-08 3.38286e-08 1.14304e-08 3.8376e-09 1.28087e-09 4.25204e-10 1.40447e-10 4.6175e-11 1.51157e-11 4.92836e-12 1.60084e-12 5.18164e-13 1.67171e-13 5.37664e-14 1.72425e-14 5.51445e-15 1.75907e-15 5.59762e-16 1.77714e-16 5.62974e-17 1.77973e-17 5.61515e-18 1.76829e-18 5.55864e-19 1.74439e-19 5.46525e-20 1.70963e-20 5.34006e-21 1.66561e-21 5.18807e-22 1.61388e-22 5.01406e-23 1.55591e-23 4.82253e-24 1.49307e-24 4.61763e-25 1.42662e-25 4.40315e-26 1.35769e-26 4.18247e-27 1.28729e-27 3.9586e-28 1.21631e-28 3.73415e-29 1.14551e-29 3.51137e-30 1.07556e-30 3.29215e-31 1.00699e-31 3.07806e-32 9.40255e-33 2.87038e-33 8.75719e-34 2.67012e-34 8.1366e-35 2.47805e-35 7.54287e-36 2.29473e-36 6.97747e-37 2.12053e-37 6.44132e-38 1.95567e-38 5.93487e-39 1.80023e-39 5.4582e-40 1.65417e-40 5.01102e-41 1.51737e-41 4.59281e-42 1.38961e-42 4.2028e-43 1.27063e-43 3.84005e-44 1.16011e-44 3.50352e-45 1.05769e-45 3.19203e-46 9.63005e-47 2.90435e-47 8.7565e-48 2.63922e-48 7.95221e-49 2.39535e-49 7.21311e-50 2.17145e-50 0. 
