# Nx=100 Ny=100
-0.00308213 -0.00715186 -0.00622124 -0.00665823 -0.00636616 -0.00648492 -0.00638205 -0.00617562 -0.00605571 -0.00595663 -0.0058351 -0.0057541 -0.00562528 -0.00557952 -0.00551939 -0.00544691 -0.005412 -0.00540373 -0.00537286 -0.0052987 -0.00522533 -0.00516101 -0.00506974 -0.00501261 -0.00486835 -0.00480345 -0.00470905 -0.00458649 -0.00449767 -0.00441753 -0.00430242 -0.00419618 -0.00410826 -0.00402372 -0.00389495 -0.00382733 -0.00371305 -0.00363866 -0.00354282 -0.00347975 -0.00343015 -0.00338524 -0.00331705 -0.00325604 -0.00320814 -0.00315992 -0.00308748 -0.0030443 -0.00298223 -0.00292661 -0.00287605 -0.00284367 -0.0027697 -0.00273404 -0.00266862 -0.00260993 -0.00256772 -0.00252573 -0.00248447 -0.0024355 -0.00237318 -0.00231927 -0.00228091 -0.00222899 -0.00216493 -0.00210517 -0.00207443 -0.00198088 -0.00195809 -0.00191645 -0.00184571 -0.00180226 -0.00173929 -0.00167084 -0.00161655 -0.00156527 -0.00150897 -0.00146312 -0.00140632 -0.00135076 -0.00130039 -0.0012277 -0.00117038 -0.00112988 -0.0010422 -0.000994638 -0.000929974 -0.000884023 -0.000804409 -0.000726105 -0.000663348 -0.000599341 -0.00050676 -0.000436026 -0.000373993 -0.000309351 -0.000231327 -0.000177976 -9.75284e-05 0. 
-0.00239881 -0.00592649 -0.00643664 -0.00652911 -0.00646559 -0.00649081 -0.00633686 -0.00619064 -0.00606678 -0.0059627 -0.00583996 -0.0057486 -0.00564785 -0.0055773 -0.00551411 -0.00545909 -0.00542393 -0.00539477 -0.00536452 -0.00530558 -0.00523151 -0.00515156 -0.00506962 -0.00498405 -0.00488198 -0.00479726 -0.00469931 -0.00460268 -0.00450095 -0.00439788 -0.0043023 -0.00420962 -0.00410175 -0.00400546 -0.00390683 -0.00382042 -0.00371696 -0.00363318 -0.00355335 -0.00349002 -0.00342874 -0.00337459 -0.00332075 -0.00326604 -0.00320725 -0.00315029 -0.00309309 -0.00304282 -0.00298337 -0.00293288 -0.00287582 -0.00283155 -0.00277738 -0.00272871 -0.0026691 -0.00261369 -0.00257016 -0.00252579 -0.00247935 -0.00243226 -0.00237474 -0.00232592 -0.00227982 -0.00222841 -0.00217248 -0.00211046 -0.00205598 -0.00200048 -0.00195875 -0.00190392 -0.00184852 -0.00179685 -0.00173965 -0.00168102 -0.00161944 -0.00155902 -0.00151025 -0.00146032 -0.00141031 -0.00135176 -0.00128942 -0.00123187 -0.00116856 -0.00112119 -0.00105565 -0.000997121 -0.000928349 -0.000870409 -0.000803329 -0.000736949 -0.000658376 -0.000586898 -0.000510834 -0.000441253 -0.000371246 -0.000305194 -0.000236271 -0.000174551 -8.48334e-05 1.55891e-05 
-0.00228415 -0.00597879 -0.00656936 -0.00650383 -0.00658095 -0.00653423 -0.00637825 -0.00619411 -0.00608407 -0.00597678 -0.00584984 -0.00574933 -0.00566675 -0.00558634 -0.00551769 -0.00547477 -0.00543738 -0.00539856 -0.00535843 -0.00530438 -0.00523272 -0.00513597 -0.0050505 -0.00495786 -0.0048814 -0.00478722 -0.00468675 -0.00460731 -0.00449399 -0.00437856 -0.00429618 -0.00421369 -0.00409172 -0.00399095 -0.00390003 -0.00380902 -0.00371918 -0.00363251 -0.00355881 -0.00349941 -0.00342954 -0.00336502 -0.00332424 -0.00327474 -0.00321105 -0.00315064 -0.00309413 -0.00303955 -0.00298984 -0.00293892 -0.00287611 -0.00282567 -0.00277567 -0.00272172 -0.00267 -0.00261848 -0.00257153 -0.00252435 -0.00247394 -0.00243024 -0.00238003 -0.00233147 -0.00228501 -0.00223562 -0.00218133 -0.00211391 -0.00205148 -0.0020105 -0.00195967 -0.00189706 -0.00184488 -0.00179623 -0.00174 -0.00169148 -0.00162268 -0.00155281 -0.00150465 -0.00145921 -0.00141441 -0.00134833 -0.00127974 -0.00122836 -0.00117138 -0.00111544 -0.00106277 -0.00100126 -0.000926073 -0.000853942 -0.000804614 -0.000740363 -0.000652841 -0.000578343 -0.000508404 -0.000437165 -0.000371492 -0.000303884 -0.000240244 -0.000169145 -8.28045e-05 1.55891e-05 
-0.00236228 -0.00632638 -0.0067698 -0.00658343 -0.00665634 -0.00664275 -0.00647722 -0.00628136 -0.00610471 -0.00598158 -0.00584384 -0.00574022 -0.00566885 -0.00561642 -0.00554597 -0.00549546 -0.00544574 -0.00539795 -0.00533374 -0.00526663 -0.00520493 -0.00512716 -0.00505081 -0.0049668 -0.00489209 -0.0047761 -0.00466585 -0.00457229 -0.00446408 -0.004366 -0.00429222 -0.00420262 -0.00409045 -0.00399118 -0.00389557 -0.00380539 -0.00371556 -0.00363005 -0.00355221 -0.00348923 -0.00342895 -0.00337172 -0.00332347 -0.00327455 -0.00321786 -0.00316392 -0.00310405 -0.0030421 -0.00298689 -0.00294318 -0.00288812 -0.00283362 -0.0027759 -0.00271943 -0.00266643 -0.00262164 -0.00256908 -0.00252744 -0.00247491 -0.00243029 -0.0023816 -0.00233218 -0.0022779 -0.00223474 -0.0021814 -0.00211053 -0.00205491 -0.00201458 -0.00196202 -0.00190858 -0.00185955 -0.00180231 -0.00173976 -0.00168139 -0.00161156 -0.00155262 -0.00150593 -0.00145138 -0.00140411 -0.00134112 -0.00128217 -0.00124211 -0.00118042 -0.00110848 -0.00104763 -0.000999839 -0.000930255 -0.000857417 -0.000806312 -0.000737233 -0.000653602 -0.000583435 -0.000514911 -0.000440267 -0.000368685 -0.000304891 -0.000236732 -0.000155682 -8.13145e-05 2.96515e-06 
-0.00183265 -0.00607484 -0.00700672 -0.00668159 -0.00668472 -0.00665923 -0.0065332 -0.00632467 -0.0061078 -0.00595101 -0.00584528 -0.00575362 -0.00570139 -0.00564595 -0.00557982 -0.00551254 -0.00544949 -0.00540304 -0.00534472 -0.00526903 -0.00521141 -0.00513281 -0.0050488 -0.00495722 -0.00486312 -0.00475673 -0.00465551 -0.0045559 -0.00445163 -0.00436928 -0.00427785 -0.0041689 -0.00407728 -0.00398835 -0.00388403 -0.00380174 -0.00372217 -0.00363307 -0.00356327 -0.00349475 -0.00343561 -0.00339109 -0.00333458 -0.00327523 -0.00322212 -0.00316936 -0.00310623 -0.00305509 -0.00299512 -0.002938 -0.00289167 -0.00283865 -0.00277699 -0.0027258 -0.00267796 -0.00262338 -0.00257215 -0.00253255 -0.0024759 -0.00242319 -0.00238096 -0.00233477 -0.00228684 -0.0022431 -0.0021794 -0.00211669 -0.0020628 -0.00201356 -0.00195843 -0.00191701 -0.00186606 -0.00180379 -0.00174582 -0.00167985 -0.0016102 -0.00155891 -0.0015036 -0.00144129 -0.00139078 -0.00133526 -0.0012822 -0.00123432 -0.00117721 -0.00111815 -0.00105185 -0.000995601 -0.000930961 -0.000859376 -0.000788231 -0.000709547 -0.000643895 -0.000584623 -0.000521924 -0.000447269 -0.000377735 -0.000300436 -0.000226366 -0.000158096 -8.98781e-05 5.62138e-07 
-0.00213541 -0.00589991 -0.00680016 -0.00674961 -0.00673702 -0.00665231 -0.00650497 -0.00629647 -0.00610583 -0.00596706 -0.00584451 -0.00578527 -0.00572015 -0.00565194 -0.00558716 -0.00552045 -0.00545173 -0.00540804 -0.00534752 -0.00525731 -0.00519072 -0.00511764 -0.00505161 -0.00497174 -0.00484953 -0.00473277 -0.00464995 -0.00454265 -0.00445314 -0.00437883 -0.00427581 -0.00416444 -0.00409054 -0.00399047 -0.00387625 -0.00380109 -0.00370712 -0.00363323 -0.0035786 -0.00349844 -0.00343215 -0.0033931 -0.00333838 -0.00328537 -0.00323599 -0.00317461 -0.00310965 -0.00306459 -0.00300373 -0.00294416 -0.00290608 -0.00284802 -0.00278089 -0.00273659 -0.00268142 -0.00262064 -0.00257081 -0.00253327 -0.00248028 -0.00243329 -0.00238984 -0.00233782 -0.00228505 -0.0022365 -0.0021725 -0.00212422 -0.00207141 -0.00200801 -0.00195978 -0.00192037 -0.00185946 -0.00180133 -0.00174289 -0.00167043 -0.00160835 -0.00155936 -0.00150152 -0.00144719 -0.00140124 -0.00135383 -0.0012931 -0.00122273 -0.00117101 -0.00112239 -0.00104647 -0.000980973 -0.000920959 -0.00086299 -0.000784815 -0.000703964 -0.000652986 -0.000582761 -0.000502973 -0.000444169 -0.00038237 -0.000301676 -0.000225304 -0.000166561 -8.38398e-05 1.45861e-05 
-0.00322766 -0.00628512 -0.0066311 -0.00668692 -0.00678677 -0.00669392 -0.0065468 -0.00629027 -0.00610909 -0.00596452 -0.00585572 -0.00580148 -0.00574878 -0.00568185 -0.00561787 -0.00554764 -0.00545547 -0.00538512 -0.00533671 -0.00527291 -0.00520486 -0.00513311 -0.00506428 -0.00498193 -0.00487328 -0.00476058 -0.00466167 -0.0045383 -0.00444655 -0.00436263 -0.00426004 -0.00417457 -0.00408264 -0.0039738 -0.00387328 -0.00380555 -0.00371397 -0.00363991 -0.00358508 -0.00351766 -0.00344464 -0.00339575 -0.00333548 -0.00327778 -0.00322759 -0.00317464 -0.00311572 -0.00307095 -0.00301161 -0.00295277 -0.00290961 -0.00285042 -0.00279347 -0.00273798 -0.00267945 -0.00263051 -0.00258709 -0.00253163 -0.00247037 -0.00242653 -0.00238178 -0.00233355 -0.00228918 -0.00222822 -0.00216876 -0.00211486 -0.00205773 -0.00200978 -0.00196339 -0.00191857 -0.0018658 -0.00181096 -0.00173991 -0.00166916 -0.00160867 -0.00155862 -0.00150207 -0.00144047 -0.0013922 -0.00133875 -0.00128614 -0.00123567 -0.00117617 -0.00111736 -0.00105269 -0.000977267 -0.000917479 -0.000856918 -0.000786459 -0.000708312 -0.000651786 -0.000583621 -0.000514033 -0.00044913 -0.000389632 -0.000309191 -0.000224034 -0.00016924 -8.0035e-05 1.45861e-05 
-0.0023243 -0.00605848 -0.00679677 -0.00671248 -0.00675566 -0.0067053 -0.00655386 -0.00626972 -0.00606329 -0.00597346 -0.00588908 -0.00582974 -0.00577411 -0.00569326 -0.00561211 -0.00554472 -0.00546564 -0.00539709 -0.00534022 -0.00528202 -0.00522476 -0.00514761 -0.00506639 -0.00497371 -0.00488005 -0.00477603 -0.00467408 -0.00456974 -0.00449187 -0.00438708 -0.00428248 -0.00418691 -0.00407462 -0.0039698 -0.00387829 -0.00380456 -0.0037297 -0.00364615 -0.00357397 -0.00351775 -0.00344767 -0.00338514 -0.00333787 -0.00328449 -0.00323166 -0.00318506 -0.00312058 -0.00306036 -0.00301639 -0.0029701 -0.00291095 -0.00285565 -0.00280719 -0.00273991 -0.00267912 -0.00263068 -0.00258575 -0.00253295 -0.00247948 -0.00243548 -0.00238497 -0.00233336 -0.0022803 -0.00222122 -0.00217289 -0.00211527 -0.00204815 -0.00201106 -0.00196133 -0.0019007 -0.00185363 -0.00180329 -0.00173348 -0.00167559 -0.00161273 -0.00154904 -0.00150273 -0.00145375 -0.00140398 -0.00134272 -0.00128439 -0.00124255 -0.00117429 -0.00110123 -0.00104701 -0.000982383 -0.000906814 -0.000842115 -0.000789446 -0.000710766 -0.000636797 -0.000581543 -0.000526226 -0.000448156 -0.000373006 -0.00030739 -0.000232851 -0.000168667 -8.35653e-05 1.45861e-05 
-0.00210723 -0.00614336 -0.00696929 -0.00673245 -0.00676844 -0.00669954 -0.00654442 -0.0063035 -0.00610463 -0.00599498 -0.00590983 -0.00584197 -0.0057836 -0.00571162 -0.00563023 -0.00555584 -0.00547961 -0.00541037 -0.00533365 -0.00526417 -0.00521629 -0.00515664 -0.00508318 -0.00499313 -0.00490855 -0.00478707 -0.00467071 -0.00457391 -0.00449507 -0.00439237 -0.00428847 -0.00419718 -0.00408328 -0.00397968 -0.00387922 -0.00379341 -0.00372044 -0.00364941 -0.00357568 -0.00351855 -0.00345631 -0.00338967 -0.0033343 -0.00327603 -0.00322031 -0.00317133 -0.00311713 -0.0030644 -0.00301986 -0.00297407 -0.00291586 -0.00285736 -0.00281165 -0.00274933 -0.00269129 -0.00264083 -0.00258343 -0.00253354 -0.00249099 -0.00244167 -0.00238826 -0.00233727 -0.00227716 -0.00221568 -0.00216174 -0.00209814 -0.00204233 -0.00199946 -0.00194569 -0.00189891 -0.00184977 -0.00178779 -0.0017231 -0.00166462 -0.00159692 -0.00154191 -0.00149842 -0.00144862 -0.00140062 -0.00133828 -0.00128169 -0.00124201 -0.0011739 -0.00109693 -0.00104091 -0.000984709 -0.000914318 -0.000843388 -0.000797075 -0.000718182 -0.000639373 -0.000581882 -0.000530778 -0.000462976 -0.000382576 -0.000318993 -0.00024394 -0.000162785 -8.77468e-05 6.81315e-06 
-0.00242706 -0.0062074 -0.00697476 -0.006776 -0.00679068 -0.00669167 -0.00651188 -0.00632342 -0.0061517 -0.00601513 -0.00592823 -0.00586964 -0.00580621 -0.00573685 -0.00565565 -0.00557027 -0.00548333 -0.00542127 -0.00535339 -0.00527814 -0.00522756 -0.00516358 -0.00508416 -0.00499346 -0.00489706 -0.00478405 -0.0047033 -0.00460412 -0.00449962 -0.00439757 -0.00428722 -0.00417661 -0.0040805 -0.00398581 -0.00388151 -0.00380138 -0.00372569 -0.0036532 -0.00359015 -0.00352203 -0.00345084 -0.00338855 -0.00332724 -0.00326967 -0.00322248 -0.00317182 -0.00311972 -0.00307771 -0.00302132 -0.00296481 -0.00292182 -0.00286381 -0.00280446 -0.00275068 -0.00270311 -0.00264841 -0.00259022 -0.00255148 -0.00250414 -0.00244387 -0.00238904 -0.0023361 -0.00227699 -0.0022214 -0.00215884 -0.00209444 -0.00204223 -0.00198935 -0.00193348 -0.00189551 -0.0018433 -0.00177767 -0.00172086 -0.00165747 -0.00158907 -0.00154284 -0.00149126 -0.00143222 -0.00138386 -0.00133063 -0.0012818 -0.00123504 -0.00117279 -0.00111158 -0.00104276 -0.000978021 -0.000920485 -0.000850116 -0.000784123 -0.000716001 -0.00065817 -0.00059259 -0.000530526 -0.000468103 -0.000395737 -0.000319878 -0.000240665 -0.000173368 -9.32321e-05 1.66562e-05 
-0.00211671 -0.00584807 -0.00689752 -0.00684477 -0.00677399 -0.00669111 -0.00650292 -0.00632086 -0.00617769 -0.00603904 -0.00594997 -0.00588937 -0.0058074 -0.00572593 -0.00565257 -0.00557213 -0.00548731 -0.00543427 -0.00536457 -0.00527389 -0.00520995 -0.00514745 -0.00508506 -0.0050072 -0.00487986 -0.00476398 -0.00468482 -0.00459169 -0.0044904 -0.00440958 -0.00430562 -0.00417942 -0.00409326 -0.00398903 -0.00387622 -0.00380281 -0.00371338 -0.00364582 -0.00359214 -0.00350755 -0.00344024 -0.00338883 -0.00332792 -0.0032725 -0.00322598 -0.00316829 -0.00311659 -0.00308206 -0.00302333 -0.00296373 -0.00293125 -0.00287841 -0.00281353 -0.00276696 -0.00271533 -0.0026526 -0.00260023 -0.00255669 -0.00250844 -0.00245822 -0.00240653 -0.00234138 -0.00227575 -0.00221579 -0.00215009 -0.00209736 -0.00204365 -0.00197891 -0.00192726 -0.00188865 -0.00182713 -0.00176721 -0.00171187 -0.00164227 -0.00158269 -0.00153959 -0.00148566 -0.00143329 -0.00138964 -0.00134543 -0.00128943 -0.00122038 -0.00116747 -0.00111551 -0.00103553 -0.000972528 -0.000924349 -0.000863581 -0.000781946 -0.000707502 -0.000666093 -0.000595455 -0.000521294 -0.000467269 -0.000405408 -0.000320284 -0.000242043 -0.000182445 -9.47121e-05 1.66668e-05 
-0.00306223 -0.00633281 -0.00677473 -0.00671653 -0.00676323 -0.00670131 -0.00655863 -0.00635758 -0.00620103 -0.00608041 -0.0059604 -0.00588489 -0.0058174 -0.00574141 -0.00567228 -0.00559392 -0.00549197 -0.00541302 -0.00535438 -0.00528513 -0.00521638 -0.00514684 -0.00507966 -0.00499607 -0.00488061 -0.00477427 -0.00467908 -0.00456329 -0.00447366 -0.00439304 -0.00428189 -0.004177 -0.00408391 -0.00396917 -0.00386685 -0.00379781 -0.00371051 -0.00364199 -0.00358752 -0.00351746 -0.00344564 -0.00339409 -0.00333611 -0.00326577 -0.00321716 -0.00317016 -0.00312014 -0.00308227 -0.0030268 -0.00297104 -0.00292871 -0.00287675 -0.00282471 -0.00277512 -0.00271915 -0.00266771 -0.00262498 -0.00256877 -0.0025047 -0.00245826 -0.00240939 -0.00234633 -0.00228592 -0.00221723 -0.00214935 -0.00208889 -0.00202696 -0.00197764 -0.00192766 -0.00188081 -0.00182646 -0.00177214 -0.00170691 -0.00163907 -0.00158308 -0.0015364 -0.00148341 -0.00142451 -0.00138003 -0.00132949 -0.00127709 -0.00122891 -0.00116821 -0.00111232 -0.0010467 -0.000980407 -0.000924493 -0.000865738 -0.000794911 -0.000717599 -0.000660988 -0.00059971 -0.000535274 -0.000470864 -0.00040784 -0.000323537 -0.000237164 -0.000180611 -8.70967e-05 1.66668e-05 
-0.00233083 -0.00622739 -0.00688847 -0.00674096 -0.00675961 -0.00670547 -0.00659529 -0.00636821 -0.0061971 -0.00610338 -0.00599431 -0.00590822 -0.00583536 -0.00574374 -0.00565415 -0.00558425 -0.0055011 -0.0054222 -0.00535452 -0.00528478 -0.00521868 -0.00513526 -0.00505389 -0.00495717 -0.00485853 -0.00475829 -0.00465127 -0.00455371 -0.00448377 -0.00438251 -0.00427106 -0.0041797 -0.00406468 -0.00395771 -0.00386322 -0.00378839 -0.00371484 -0.00363939 -0.00357156 -0.00351692 -0.00344631 -0.00338179 -0.00333463 -0.00327782 -0.00322929 -0.00318648 -0.00312765 -0.00307179 -0.00303204 -0.00298835 -0.00293158 -0.00288007 -0.00283814 -0.00277783 -0.00272283 -0.00267375 -0.00262697 -0.00257262 -0.00251641 -0.00246905 -0.0024106 -0.00234671 -0.00228423 -0.00221746 -0.00216119 -0.00209704 -0.00202267 -0.00198072 -0.00192816 -0.00186403 -0.00181544 -0.00176662 -0.00170108 -0.00164779 -0.00158877 -0.00152745 -0.00148224 -0.00143538 -0.00138899 -0.00133075 -0.00127367 -0.00123177 -0.00116592 -0.00109524 -0.00104677 -0.000988274 -0.00091802 -0.00085379 -0.000802304 -0.000721637 -0.000646533 -0.000593891 -0.000538712 -0.000459089 -0.00038223 -0.000313567 -0.000239521 -0.000173718 -8.38152e-05 1.66668e-05 
-0.00205423 -0.00625444 -0.007065 -0.00678314 -0.0067935 -0.00673668 -0.00661539 -0.00643049 -0.00624543 -0.00612695 -0.00601342 -0.00591534 -0.00583331 -0.00575249 -0.00566794 -0.00559171 -0.0055082 -0.00542479 -0.00533157 -0.00524734 -0.00518956 -0.00512106 -0.00504761 -0.00495225 -0.00486104 -0.0047396 -0.00461783 -0.0045256 -0.00445635 -0.00435089 -0.00425273 -0.00416865 -0.00405372 -0.00395318 -0.00385378 -0.00376673 -0.00369806 -0.00363586 -0.00356992 -0.00351898 -0.00345705 -0.00339089 -0.00333995 -0.00328533 -0.00323248 -0.00318576 -0.00313365 -0.00308045 -0.00303596 -0.00299372 -0.00293877 -0.00288448 -0.00284336 -0.00278857 -0.00273675 -0.00268363 -0.00262435 -0.00257296 -0.00252527 -0.0024732 -0.00241397 -0.00235609 -0.0022861 -0.00221661 -0.0021562 -0.00208845 -0.00202611 -0.00197758 -0.00192152 -0.00187011 -0.00181945 -0.00176136 -0.00169835 -0.0016423 -0.00157852 -0.00152472 -0.00148015 -0.00143098 -0.0013848 -0.00132555 -0.00127003 -0.00123018 -0.00116456 -0.00109182 -0.00104158 -0.000992196 -0.000925306 -0.00085474 -0.000806412 -0.000724448 -0.000644712 -0.000586962 -0.000533321 -0.000464227 -0.000383091 -0.000317102 -0.000241852 -0.000159373 -8.7144e-05 2.62813e-06 
-0.00220981 -0.00623031 -0.00709408 -0.00685587 -0.00683581 -0.00674299 -0.00660821 -0.00645388 -0.00628622 -0.00614441 -0.00603216 -0.00594533 -0.00586093 -0.00577758 -0.00569231 -0.00559948 -0.00550174 -0.00542555 -0.00534142 -0.00525058 -0.00519008 -0.0051149 -0.00502592 -0.00492843 -0.0048232 -0.00470673 -0.0046228 -0.00452856 -0.00443319 -0.00433717 -0.00423814 -0.00413446 -0.00403516 -0.00394487 -0.00384315 -0.00376634 -0.0037007 -0.00363803 -0.00358204 -0.00352232 -0.00345874 -0.00340153 -0.00334846 -0.00329542 -0.00324854 -0.00319671 -0.00314409 -0.00309992 -0.00304109 -0.00298641 -0.00294582 -0.0028912 -0.00283579 -0.00278812 -0.00274547 -0.00268869 -0.00262739 -0.00258819 -0.00253616 -0.00247025 -0.00241254 -0.00235481 -0.00228875 -0.00222778 -0.00216049 -0.0020919 -0.00203434 -0.0019764 -0.00191834 -0.00187611 -0.0018227 -0.0017602 -0.00170484 -0.00164287 -0.00157759 -0.00153006 -0.0014772 -0.00141914 -0.00137158 -0.00131964 -0.00127069 -0.00122492 -0.00116472 -0.00110786 -0.00104373 -0.000984727 -0.000928882 -0.000858928 -0.000791739 -0.000718282 -0.000658684 -0.000591552 -0.000527178 -0.000462609 -0.00038968 -0.000309174 -0.000230462 -0.000165022 -8.92171e-05 1.64026e-05 
-0.00210669 -0.00595013 -0.00701143 -0.00690668 -0.00681798 -0.0067533 -0.00660745 -0.00645729 -0.00631344 -0.00616431 -0.00605173 -0.00596704 -0.00586852 -0.0057721 -0.00569138 -0.00560289 -0.00550304 -0.0054324 -0.00534432 -0.00523085 -0.00515512 -0.00508511 -0.00501557 -0.00493074 -0.004799 -0.0046756 -0.00459582 -0.00450237 -0.00440774 -0.00433369 -0.00424156 -0.00412445 -0.0040385 -0.00394286 -0.00383446 -0.003767 -0.00368998 -0.00363265 -0.00358662 -0.00351344 -0.00345583 -0.00341106 -0.003356 -0.00330756 -0.00326164 -0.00320335 -0.00314915 -0.00311106 -0.00304872 -0.00298783 -0.00295555 -0.00290401 -0.00284136 -0.00279799 -0.00274918 -0.00268666 -0.00263207 -0.00258862 -0.00253514 -0.00248087 -0.00242623 -0.00235639 -0.00228598 -0.00222499 -0.00215815 -0.00210299 -0.00204602 -0.00197754 -0.00192313 -0.00188084 -0.00181893 -0.00176004 -0.00170365 -0.00163569 -0.00157652 -0.00153031 -0.00147495 -0.00142426 -0.00138112 -0.00133701 -0.00128279 -0.00121581 -0.00116424 -0.0011148 -0.00103793 -0.000977114 -0.000929966 -0.000870287 -0.00078744 -0.000708886 -0.000664168 -0.000590628 -0.000513457 -0.000457758 -0.000394561 -0.00030865 -0.000229684 -0.000172264 -8.9115e-05 1.48662e-05 
-0.00303593 -0.00637627 -0.00682596 -0.00675827 -0.00681545 -0.00676762 -0.00665535 -0.00647499 -0.00632107 -0.0061847 -0.00604582 -0.00595104 -0.00587675 -0.00579485 -0.00571904 -0.00562943 -0.00550661 -0.0054047 -0.00532961 -0.00523985 -0.00515849 -0.00508252 -0.0050111 -0.0049249 -0.00480396 -0.00469021 -0.00459493 -0.00447955 -0.00439162 -0.00431614 -0.00421366 -0.00411704 -0.00402914 -0.00392295 -0.00382813 -0.00376542 -0.00368847 -0.00362966 -0.00358409 -0.00352454 -0.00346234 -0.00341737 -0.00336423 -0.00330296 -0.00325836 -0.00321182 -0.00315992 -0.00311685 -0.00305727 -0.00299678 -0.00295333 -0.0029007 -0.00284945 -0.00279844 -0.00274199 -0.00269082 -0.00264797 -0.00259137 -0.00252574 -0.00247667 -0.00242492 -0.00235697 -0.00229384 -0.00222683 -0.00215998 -0.00209889 -0.00203643 -0.00198407 -0.0019308 -0.00188216 -0.00182778 -0.00177236 -0.00170371 -0.00163637 -0.00157863 -0.00153069 -0.00147724 -0.00141951 -0.00137468 -0.00132495 -0.00127662 -0.00123026 -0.00117081 -0.00111496 -0.00105033 -0.000983151 -0.000927681 -0.000870471 -0.00079927 -0.000719105 -0.000662025 -0.00059772 -0.000530217 -0.000463985 -0.000402282 -0.000319893 -0.000230907 -0.000174111 -8.36187e-05 1.48662e-05 
-0.00234066 -0.0062564 -0.00690399 -0.00676377 -0.00680455 -0.0067727 -0.0066706 -0.00645536 -0.00628318 -0.00617854 -0.00606118 -0.00596819 -0.00589257 -0.00579749 -0.00570385 -0.00562528 -0.0055238 -0.00542388 -0.00533949 -0.00525138 -0.00517386 -0.00508182 -0.00499529 -0.00489541 -0.00479259 -0.00468306 -0.00457432 -0.004476 -0.00440874 -0.00430897 -0.00420403 -0.0041191 -0.00401142 -0.00391305 -0.0038258 -0.00375803 -0.00369275 -0.00362712 -0.00356934 -0.00352156 -0.00345914 -0.00340283 -0.00336009 -0.00330993 -0.00326574 -0.00322573 -0.00316611 -0.0031077 -0.00306263 -0.00301482 -0.00295601 -0.00290341 -0.00285994 -0.00279744 -0.00273954 -0.00269049 -0.0026438 -0.00258935 -0.00253426 -0.00248492 -0.00242455 -0.0023561 -0.00229268 -0.0022263 -0.00217202 -0.00210803 -0.00203296 -0.00199052 -0.00193436 -0.0018682 -0.00181921 -0.00176797 -0.00169984 -0.00164436 -0.00158454 -0.00152399 -0.00148046 -0.00143454 -0.00138842 -0.00133151 -0.00127752 -0.00123799 -0.00117287 -0.00110251 -0.00105209 -0.000990805 -0.000919626 -0.000858349 -0.000807268 -0.000727734 -0.000652674 -0.000598603 -0.000544077 -0.000464657 -0.000388458 -0.000321484 -0.000243093 -0.000176005 -8.78881e-05 1.48662e-05 
-0.00205526 -0.00625979 -0.00706083 -0.00679167 -0.0068245 -0.00678894 -0.00667308 -0.00649446 -0.00630542 -0.00617275 -0.00605922 -0.00595932 -0.00588348 -0.00580329 -0.00571865 -0.00563566 -0.00554022 -0.00543803 -0.00532568 -0.0052238 -0.00515842 -0.00508263 -0.00499791 -0.00489741 -0.00480258 -0.004669 -0.00454356 -0.00444842 -0.00438171 -0.00427958 -0.00418602 -0.00410672 -0.00399893 -0.00390811 -0.0038159 -0.00373763 -0.00367614 -0.00361993 -0.00356299 -0.0035167 -0.00346186 -0.00340415 -0.00335634 -0.0033055 -0.00325881 -0.0032168 -0.00316504 -0.00311229 -0.00306636 -0.00301977 -0.00296263 -0.00290701 -0.00286392 -0.00280575 -0.00275103 -0.0026983 -0.00263965 -0.0025884 -0.00254214 -0.00249005 -0.00242903 -0.00236895 -0.00229883 -0.00222819 -0.00216662 -0.00209805 -0.00203455 -0.0019846 -0.00192499 -0.00187263 -0.00182011 -0.00175824 -0.00169356 -0.00163699 -0.00157316 -0.0015212 -0.0014797 -0.00143259 -0.00138845 -0.00133154 -0.00127836 -0.00124112 -0.00117725 -0.00110344 -0.00105034 -0.000996953 -0.000929167 -0.000860794 -0.000815803 -0.000737722 -0.00065838 -0.000601025 -0.000551183 -0.000483223 -0.000401605 -0.000336786 -0.000257647 -0.000172399 -9.365e-05 6.99069e-06 
-0.0022123 -0.00621763 -0.00708116 -0.00686357 -0.00685853 -0.00678753 -0.00665768 -0.0065012 -0.00632127 -0.00616041 -0.00604739 -0.00596892 -0.0058966 -0.00582362 -0.00573925 -0.00564162 -0.00553599 -0.0054481 -0.00534963 -0.0052392 -0.00516844 -0.00508358 -0.00498256 -0.00487982 -0.00476897 -0.00463899 -0.0045508 -0.00445128 -0.00435358 -0.00426026 -0.00416558 -0.00406933 -0.00397581 -0.00389416 -0.00380248 -0.003734 -0.00367424 -0.00361679 -0.00356821 -0.00351421 -0.00345531 -0.0034024 -0.0033517 -0.00330247 -0.00326235 -0.00321664 -0.00316748 -0.00312544 -0.00306851 -0.00301137 -0.00296932 -0.00291361 -0.0028561 -0.00280519 -0.00275947 -0.00270292 -0.00264347 -0.00260529 -0.0025554 -0.00249022 -0.00243121 -0.00237174 -0.0023055 -0.00224215 -0.00217088 -0.00209975 -0.00203955 -0.0019789 -0.00191761 -0.00187485 -0.00181917 -0.00175273 -0.00169636 -0.00163662 -0.00157076 -0.00152672 -0.00147711 -0.0014214 -0.00137689 -0.00132789 -0.00128157 -0.00123789 -0.0011799 -0.00112095 -0.00105527 -0.000994311 -0.00093898 -0.000870317 -0.000805125 -0.000737845 -0.000679673 -0.000613919 -0.000552592 -0.000490707 -0.000416992 -0.000340629 -0.000257468 -0.000185781 -0.000100326 1.7205e-05 
-0.00211104 -0.00593108 -0.00699735 -0.0069171 -0.00684191 -0.00679096 -0.00664975 -0.00648813 -0.00632619 -0.00616731 -0.00605451 -0.0059776 -0.00588756 -0.0058045 -0.00573003 -0.00563955 -0.00553179 -0.00545427 -0.00535208 -0.00522353 -0.00513423 -0.00505412 -0.00497333 -0.00488213 -0.00473617 -0.00459973 -0.00451455 -0.0044143 -0.00431458 -0.00424181 -0.00415327 -0.00404505 -0.00396856 -0.00388319 -0.00378615 -0.00372728 -0.00365801 -0.00360535 -0.00356372 -0.00349668 -0.00344257 -0.0034005 -0.00335053 -0.00330447 -0.0032634 -0.00321039 -0.00316211 -0.00312881 -0.00307005 -0.00301093 -0.00297905 -0.00292685 -0.0028629 -0.00281745 -0.00276647 -0.0027034 -0.00265062 -0.00260812 -0.0025571 -0.0025041 -0.00244885 -0.0023768 -0.00230604 -0.00224029 -0.00216766 -0.00210832 -0.00204694 -0.00197438 -0.00191697 -0.00187431 -0.00181089 -0.00174898 -0.00169398 -0.00162803 -0.00156983 -0.00152854 -0.00147644 -0.00142709 -0.00138619 -0.00134507 -0.00129293 -0.00122838 -0.00117879 -0.00112938 -0.00105326 -0.000993083 -0.00094707 -0.000887162 -0.000805237 -0.000731092 -0.000689556 -0.000618257 -0.000544165 -0.000490285 -0.000427887 -0.00034101 -0.000259706 -0.000195742 -0.000101859 1.81336e-05 
-0.00306865 -0.00637191 -0.00682103 -0.00677193 -0.00684878 -0.00681113 -0.00669749 -0.00650052 -0.00633109 -0.00619009 -0.00604807 -0.00595497 -0.00588455 -0.00581104 -0.00573668 -0.00564062 -0.00550938 -0.00540534 -0.00531279 -0.00521761 -0.00513074 -0.0050433 -0.00495768 -0.00485826 -0.0047251 -0.00460187 -0.00449746 -0.00437442 -0.00428487 -0.00421085 -0.00411053 -0.00402259 -0.0039483 -0.00385466 -0.00377056 -0.00371668 -0.00364935 -0.00359726 -0.00355456 -0.00349943 -0.00344368 -0.0034019 -0.00335409 -0.00329514 -0.00325264 -0.00320951 -0.0031634 -0.00312625 -0.00307181 -0.00301745 -0.00297654 -0.00292344 -0.00287121 -0.00282046 -0.0027634 -0.00271242 -0.00267052 -0.00261373 -0.00254836 -0.00250012 -0.00244938 -0.00238122 -0.00231624 -0.00224252 -0.00216882 -0.00210142 -0.00203273 -0.00197765 -0.00192229 -0.00187351 -0.00181848 -0.00176243 -0.00169902 -0.00163313 -0.0015771 -0.0015312 -0.00148013 -0.00142341 -0.00138095 -0.00133349 -0.00128575 -0.00124052 -0.00118283 -0.00113053 -0.00106822 -0.00100396 -0.000949758 -0.000891875 -0.000820838 -0.000742905 -0.000684677 -0.000622359 -0.000557085 -0.000492421 -0.000428168 -0.000341243 -0.000252745 -0.000193182 -9.30824e-05 1.81336e-05 
-0.00233554 -0.00622907 -0.00690164 -0.00678116 -0.00683677 -0.0068166 -0.0067102 -0.00648015 -0.00629843 -0.00618825 -0.0060627 -0.00596785 -0.00589117 -0.00579301 -0.00568867 -0.00559938 -0.00548996 -0.00538707 -0.0052901 -0.00519943 -0.00511565 -0.00501479 -0.004917 -0.00480561 -0.00469154 -0.00458033 -0.00446073 -0.00435597 -0.00428705 -0.00419271 -0.00409101 -0.00401497 -0.00392483 -0.0038379 -0.00376412 -0.0037061 -0.00364886 -0.00359144 -0.00353844 -0.00349588 -0.00344083 -0.00338904 -0.00335015 -0.0033027 -0.00326071 -0.00322186 -0.00316697 -0.00311294 -0.00307398 -0.003032 -0.00297629 -0.00292449 -0.00288113 -0.00281928 -0.00276289 -0.00271444 -0.00266771 -0.0026119 -0.00255501 -0.00250598 -0.00244608 -0.00237891 -0.00231436 -0.00224343 -0.00218225 -0.00211272 -0.00203056 -0.00198444 -0.00192871 -0.00186304 -0.00181431 -0.00176563 -0.00170281 -0.00165004 -0.00159072 -0.0015295 -0.00148428 -0.0014382 -0.00139402 -0.00133889 -0.00128551 -0.0012463 -0.0011836 -0.00111723 -0.00107159 -0.001015 -0.000946359 -0.000882182 -0.00083021 -0.000746611 -0.000668789 -0.000614593 -0.00055743 -0.000476412 -0.000398185 -0.000327463 -0.000252093 -0.000183899 -8.78653e-05 1.81336e-05 
-0.002066 -0.00624201 -0.00705808 -0.00680512 -0.00685044 -0.0068242 -0.00670659 -0.00651839 -0.00632632 -0.00619063 -0.00606164 -0.00595616 -0.0058661 -0.0057718 -0.0056765 -0.00558079 -0.00546745 -0.00535867 -0.00523611 -0.00513304 -0.00506335 -0.00498355 -0.00490329 -0.00479494 -0.0046913 -0.00455595 -0.00442154 -0.00432237 -0.00425369 -0.00415359 -0.00406725 -0.0039991 -0.00390735 -0.00382917 -0.00375251 -0.00368564 -0.00363257 -0.00358412 -0.00353353 -0.00349392 -0.00344547 -0.00339389 -0.00335238 -0.00330564 -0.00326026 -0.00321783 -0.00316825 -0.00311747 -0.00307513 -0.003033 -0.00297728 -0.00292347 -0.00288125 -0.00282373 -0.00277266 -0.00271967 -0.00266008 -0.00260818 -0.00255962 -0.00250664 -0.00244645 -0.00238745 -0.00231717 -0.00224385 -0.00217966 -0.00210668 -0.00203821 -0.00198504 -0.00192789 -0.00187573 -0.00182585 -0.00176974 -0.00170871 -0.00165269 -0.00158996 -0.00153564 -0.00148952 -0.00143903 -0.00139467 -0.0013391 -0.00128596 -0.00124828 -0.00118691 -0.00111742 -0.00106952 -0.00102232 -0.000955591 -0.000883945 -0.000834098 -0.00074828 -0.00066522 -0.000604817 -0.000548197 -0.000477197 -0.000394906 -0.000327021 -0.000250329 -0.000165032 -8.99722e-05 2.2411e-06 
-0.00225913 -0.00622032 -0.00707149 -0.00686567 -0.00687449 -0.00681013 -0.0066807 -0.00652308 -0.00634203 -0.00618245 -0.00605804 -0.00596816 -0.00587698 -0.00577465 -0.00567043 -0.0055526 -0.00542184 -0.00532206 -0.00522122 -0.00512074 -0.00504986 -0.00496717 -0.00486968 -0.00476138 -0.0046452 -0.00451665 -0.00442441 -0.00432509 -0.00422977 -0.00413608 -0.00405032 -0.00396767 -0.00388855 -0.00381947 -0.00374121 -0.00368246 -0.0036322 -0.00358334 -0.00354041 -0.00349412 -0.00344444 -0.00339972 -0.00335766 -0.00331291 -0.00327185 -0.00322474 -0.00317467 -0.00313276 -0.0030762 -0.00302062 -0.00297922 -0.00292493 -0.00286805 -0.00281808 -0.00277557 -0.00271919 -0.00265824 -0.00261915 -0.00256722 -0.00250151 -0.00244393 -0.00238787 -0.00232292 -0.00226001 -0.00218889 -0.00211449 -0.00205165 -0.00198865 -0.0019288 -0.00188669 -0.00183595 -0.00177731 -0.00172393 -0.00166278 -0.00159774 -0.00154875 -0.00149382 -0.001435 -0.00138814 -0.0013379 -0.00128967 -0.00124626 -0.00118996 -0.00113525 -0.00107358 -0.00101668 -0.000960311 -0.000888912 -0.000818643 -0.00074044 -0.000677478 -0.000607128 -0.000538867 -0.000471715 -0.000397302 -0.000314314 -0.000234002 -0.000167326 -9.17187e-05 1.41682e-05 
-0.0021124 -0.00591655 -0.00698222 -0.00691233 -0.00684327 -0.00679526 -0.00665851 -0.00650238 -0.00634472 -0.00618539 -0.00606248 -0.00597167 -0.00585875 -0.00574268 -0.0056409 -0.00552477 -0.00539959 -0.00531252 -0.00521207 -0.00508451 -0.00500172 -0.00492635 -0.0048499 -0.00475759 -0.00461578 -0.00448155 -0.00439513 -0.00429676 -0.00420257 -0.0041309 -0.00405238 -0.00395691 -0.00388874 -0.00381708 -0.00373342 -0.00368136 -0.00362164 -0.0035771 -0.00354139 -0.00348458 -0.00344005 -0.00340523 -0.00336194 -0.00332153 -0.00328093 -0.00322713 -0.00317635 -0.00313989 -0.00307808 -0.00301666 -0.00298346 -0.00293043 -0.00286598 -0.00282189 -0.00277418 -0.00271233 -0.00265939 -0.00261651 -0.0025633 -0.0025106 -0.00245859 -0.00239032 -0.00232222 -0.00226116 -0.00219217 -0.0021321 -0.00206996 -0.00199685 -0.00193919 -0.0018969 -0.00183851 -0.00178307 -0.00172924 -0.00166439 -0.00160426 -0.0015564 -0.00149941 -0.0014476 -0.00140344 -0.00135898 -0.00130537 -0.00124092 -0.00119209 -0.00114438 -0.00107016 -0.00101057 -0.000962732 -0.000900796 -0.000812882 -0.000728944 -0.000680936 -0.00060262 -0.000521383 -0.000463341 -0.00039796 -0.000310736 -0.000231069 -0.00017296 -8.96522e-05 1.48208e-05 
-0.0030511 -0.00635973 -0.0068101 -0.00676264 -0.00683577 -0.00679957 -0.0066906 -0.00650411 -0.00633844 -0.00619476 -0.00604399 -0.00593567 -0.00584916 -0.00575183 -0.00565752 -0.00554196 -0.00539515 -0.0052733 -0.0051876 -0.00508811 -0.00499949 -0.00491763 -0.00483997 -0.00474806 -0.00461909 -0.00449682 -0.00439595 -0.00427635 -0.00418829 -0.00411778 -0.0040294 -0.00395128 -0.00388247 -0.00380248 -0.00372919 -0.00368048 -0.00362003 -0.00357324 -0.00353736 -0.00349096 -0.00344317 -0.00340833 -0.00336582 -0.00331486 -0.00327542 -0.00323221 -0.00318394 -0.00314136 -0.00308049 -0.00302009 -0.00297552 -0.00291956 -0.00286693 -0.00281707 -0.00276182 -0.00271226 -0.00267156 -0.00261622 -0.00255194 -0.0025057 -0.00245706 -0.00239176 -0.00233092 -0.00226295 -0.00219646 -0.00213116 -0.00206487 -0.00200851 -0.00195153 -0.00190275 -0.00185125 -0.00179819 -0.00173288 -0.00167002 -0.00161247 -0.00156377 -0.00150794 -0.00144785 -0.00140067 -0.00135023 -0.00130293 -0.00125797 -0.00120013 -0.00114634 -0.00108392 -0.00101711 -0.000960108 -0.000899711 -0.000824009 -0.000738374 -0.000676701 -0.000607461 -0.000536405 -0.00046763 -0.000403545 -0.000319896 -0.000230429 -0.000173387 -8.31385e-05 1.48208e-05 
-0.00233836 -0.00623807 -0.00689446 -0.00676609 -0.00681906 -0.00679559 -0.00669236 -0.00646985 -0.00629121 -0.00618085 -0.00605322 -0.00594928 -0.00585775 -0.00574357 -0.00562757 -0.00553049 -0.00540962 -0.00529384 -0.00519935 -0.00510192 -0.0050149 -0.0049127 -0.00481919 -0.00471493 -0.00460552 -0.00449266 -0.00438007 -0.00427962 -0.00421117 -0.00411999 -0.00402728 -0.00395678 -0.00387363 -0.00379746 -0.00373071 -0.00367754 -0.00362568 -0.00357231 -0.00352498 -0.00348749 -0.00343911 -0.00339481 -0.00336081 -0.003319 -0.00328023 -0.00324319 -0.00318649 -0.00312839 -0.00308201 -0.00303334 -0.00297349 -0.00291793 -0.00287388 -0.00281361 -0.00275645 -0.00271022 -0.00266526 -0.00261105 -0.00255751 -0.00251033 -0.00245107 -0.00238706 -0.00232561 -0.00226002 -0.00220688 -0.00214071 -0.00206293 -0.00201908 -0.00195897 -0.00189191 -0.00184482 -0.00179599 -0.00173161 -0.00167953 -0.00162038 -0.00156038 -0.00151539 -0.00146659 -0.00141853 -0.00136036 -0.00130606 -0.00126718 -0.0012036 -0.00113538 -0.00108604 -0.00102452 -0.000951261 -0.000885914 -0.000831032 -0.000745513 -0.000664514 -0.000606364 -0.000548748 -0.000466323 -0.000387716 -0.00031947 -0.000241147 -0.000174451 -8.67206e-05 1.48208e-05 
-0.00205826 -0.00624677 -0.00705463 -0.00679019 -0.00682872 -0.0067979 -0.00667945 -0.00649556 -0.0063073 -0.00616931 -0.00604299 -0.0059325 -0.00584326 -0.00574513 -0.00564184 -0.00554269 -0.00543174 -0.00531703 -0.00519015 -0.0050757 -0.00500304 -0.00491506 -0.00482416 -0.00471867 -0.00462107 -0.00448727 -0.004358 -0.00426232 -0.0041966 -0.00410486 -0.00402283 -0.00395749 -0.00387416 -0.00380078 -0.0037291 -0.00366716 -0.00361669 -0.00357029 -0.00352169 -0.00348332 -0.00344046 -0.00339502 -0.00335587 -0.0033124 -0.00327184 -0.00323252 -0.00318195 -0.00312943 -0.00308261 -0.0030346 -0.00297535 -0.00291845 -0.00287595 -0.00281923 -0.00276632 -0.00271653 -0.00265908 -0.00260826 -0.00256287 -0.00250958 -0.0024474 -0.00238962 -0.00232096 -0.00225397 -0.0021965 -0.00212896 -0.00206379 -0.00201426 -0.00195225 -0.00189819 -0.00184618 -0.00178711 -0.00172616 -0.00167234 -0.00161076 -0.00155889 -0.00151719 -0.0014672 -0.00142157 -0.00136375 -0.00130943 -0.00127244 -0.00121012 -0.0011372 -0.00108409 -0.00103061 -0.000960252 -0.000886993 -0.000838033 -0.000753286 -0.000668258 -0.000607193 -0.000554053 -0.000483121 -0.000399458 -0.000333779 -0.00025486 -0.000169899 -9.19268e-05 6.76667e-06 
-0.00223197 -0.00621651 -0.00707265 -0.00685554 -0.00685314 -0.00678298 -0.00665112 -0.00649269 -0.00631183 -0.0061504 -0.00602827 -0.00593945 -0.00585484 -0.00576861 -0.00566848 -0.00555553 -0.00543404 -0.00533541 -0.00522292 -0.0051006 -0.00502251 -0.004926 -0.00481705 -0.00470655 -0.0045934 -0.00446719 -0.00437621 -0.00427969 -0.00418874 -0.0041002 -0.00401607 -0.00393785 -0.00386619 -0.00380019 -0.00372682 -0.00367065 -0.00362098 -0.0035723 -0.00353038 -0.00348362 -0.00343593 -0.00339414 -0.00335182 -0.00330988 -0.00327391 -0.00323072 -0.00318199 -0.00314015 -0.00308203 -0.00302307 -0.00297951 -0.00292389 -0.0028678 -0.00281857 -0.00277485 -0.00272074 -0.00266171 -0.00262252 -0.00257112 -0.00250279 -0.0024419 -0.00238301 -0.00231622 -0.00225704 -0.00219277 -0.00212599 -0.00206805 -0.00200788 -0.00194546 -0.00190146 -0.00184538 -0.00178057 -0.00172693 -0.00167039 -0.00160808 -0.00156509 -0.00151577 -0.00145789 -0.00141236 -0.00136241 -0.00131489 -0.00127108 -0.00121396 -0.00115532 -0.00108885 -0.00102663 -0.000968094 -0.000894736 -0.000824431 -0.000750995 -0.000688713 -0.000618906 -0.000553572 -0.00048919 -0.000414158 -0.000336738 -0.000253417 -0.000182255 -9.87999e-05 1.53852e-05 
-0.0021126 -0.00592369 -0.00698521 -0.00690212 -0.00682389 -0.00677014 -0.00662806 -0.00646738 -0.00630679 -0.00614876 -0.00603097 -0.00594379 -0.00583972 -0.00574396 -0.00565911 -0.00555644 -0.00543595 -0.00534985 -0.00523604 -0.00509305 -0.00499389 -0.00490237 -0.00481653 -0.00471991 -0.00457403 -0.00444033 -0.00435525 -0.00426117 -0.00417158 -0.00410184 -0.00402585 -0.00393514 -0.00387189 -0.00380292 -0.00372498 -0.00367562 -0.00361678 -0.00357037 -0.00353459 -0.00347611 -0.00342895 -0.00339486 -0.00335244 -0.00331137 -0.00327439 -0.00322342 -0.00317563 -0.00314206 -0.00308115 -0.00301989 -0.00298792 -0.00293555 -0.00287299 -0.00283022 -0.00278068 -0.00271952 -0.00266706 -0.00262323 -0.0025684 -0.00251046 -0.00245311 -0.00238169 -0.00230945 -0.00224868 -0.00218254 -0.00212931 -0.00207252 -0.00200151 -0.00194427 -0.00190092 -0.00183707 -0.00177625 -0.0017234 -0.00166069 -0.00160611 -0.00156632 -0.0015159 -0.00146619 -0.00142427 -0.00138212 -0.00132865 -0.00126343 -0.00121387 -0.00116329 -0.00108535 -0.00102308 -0.00097378 -0.000909559 -0.000821714 -0.000741681 -0.0006968 -0.000621057 -0.000543321 -0.000487686 -0.000423922 -0.000336248 -0.000255161 -0.000191598 -9.95094e-05 1.76454e-05 
-0.00305524 -0.00636261 -0.00680662 -0.00675171 -0.00681971 -0.00677673 -0.00666263 -0.00647001 -0.00630143 -0.00615955 -0.00601275 -0.0059101 -0.00582951 -0.00574871 -0.00566557 -0.00556107 -0.00541712 -0.00530335 -0.00520392 -0.0050989 -0.00500049 -0.00490293 -0.00481252 -0.00471185 -0.00458138 -0.00445805 -0.00435955 -0.00424553 -0.00416135 -0.00409382 -0.00400914 -0.00393477 -0.00386942 -0.00379435 -0.00372572 -0.00368078 -0.00362252 -0.0035738 -0.00353668 -0.00348758 -0.00343582 -0.00339987 -0.00335862 -0.00330449 -0.00326501 -0.0032228 -0.00317654 -0.00313785 -0.00308065 -0.00302441 -0.00298301 -0.00293003 -0.0028794 -0.00283145 -0.00277599 -0.00272636 -0.0026847 -0.00262649 -0.00255696 -0.00250364 -0.00244909 -0.00237892 -0.00231484 -0.00224794 -0.00218031 -0.00212034 -0.00205731 -0.00200399 -0.00194934 -0.0018995 -0.0018435 -0.00178841 -0.001727 -0.00166394 -0.00161132 -0.00156828 -0.00151873 -0.00146325 -0.0014201 -0.00137191 -0.00132291 -0.00127703 -0.00121796 -0.00116338 -0.00109919 -0.00103183 -0.000973559 -0.000911013 -0.000834929 -0.000751925 -0.000689729 -0.000623433 -0.000555498 -0.000489 -0.000423134 -0.000335436 -0.000247238 -0.000188294 -9.0535e-05 1.76454e-05 
-0.00233942 -0.00623642 -0.00689003 -0.00675917 -0.00680524 -0.00677518 -0.00666768 -0.00643991 -0.00625885 -0.0061476 -0.0060182 -0.00591544 -0.00582993 -0.00572404 -0.0056117 -0.00551689 -0.00540021 -0.00529023 -0.0051879 -0.00508856 -0.00499749 -0.00488843 -0.00478454 -0.00467733 -0.004567 -0.00445898 -0.00435127 -0.00425683 -0.00418803 -0.00410272 -0.00401382 -0.00394464 -0.003866 -0.00379354 -0.00373168 -0.00368254 -0.0036342 -0.00358043 -0.00353276 -0.00349405 -0.00344194 -0.00339475 -0.00336018 -0.00331463 -0.00327385 -0.0032357 -0.00317955 -0.00312262 -0.00308081 -0.00303676 -0.00298043 -0.00292843 -0.00288669 -0.0028278 -0.00277326 -0.00272598 -0.002679 -0.00262127 -0.00256217 -0.00250986 -0.00244666 -0.00237646 -0.00231308 -0.00224707 -0.00219182 -0.00212785 -0.00205225 -0.00200904 -0.00195361 -0.00188722 -0.00183769 -0.00178949 -0.00172815 -0.00167783 -0.00162196 -0.00156467 -0.00152189 -0.00147728 -0.00143321 -0.001377 -0.00132254 -0.00128222 -0.0012174 -0.00114827 -0.00109976 -0.00103945 -0.000966135 -0.000897065 -0.000841603 -0.000753515 -0.000671056 -0.000613805 -0.000554487 -0.000471276 -0.000391413 -0.00031996 -0.000245365 -0.000178503 -8.4777e-05 1.76454e-05 
-0.00205865 -0.00624573 -0.00705169 -0.0067851 -0.00681776 -0.00678029 -0.00665787 -0.00646989 -0.00627838 -0.00613787 -0.00600163 -0.00589018 -0.00579285 -0.005692 -0.00559421 -0.00549692 -0.00538097 -0.00526727 -0.00513802 -0.00502701 -0.00495574 -0.00487064 -0.00478911 -0.00468461 -0.0045893 -0.00446684 -0.00434306 -0.00425406 -0.00418735 -0.00409943 -0.00401954 -0.00395538 -0.00387662 -0.00380438 -0.00373936 -0.00368118 -0.00363511 -0.00359242 -0.00354247 -0.00350468 -0.00345877 -0.0034072 -0.00336637 -0.00332069 -0.0032759 -0.00323274 -0.00318058 -0.00312609 -0.00308027 -0.00303552 -0.0029787 -0.00292511 -0.00288405 -0.00282841 -0.00277957 -0.00272734 -0.00266724 -0.0026144 -0.00256418 -0.00251035 -0.00244832 -0.00238829 -0.00231945 -0.0022494 -0.00218759 -0.00211868 -0.00205487 -0.00200507 -0.00194807 -0.00189624 -0.0018467 -0.00179052 -0.00173119 -0.00167735 -0.00161769 -0.00156651 -0.00152377 -0.00147583 -0.0014319 -0.00137464 -0.00132096 -0.00128183 -0.00121692 -0.00114483 -0.00109366 -0.00104274 -0.000972219 -0.000896172 -0.000842956 -0.000752159 -0.000665222 -0.000602483 -0.00054341 -0.000470272 -0.000386723 -0.000318399 -0.000242904 -0.00015917 -8.62981e-05 2.01209e-06 
-0.00223373 -0.00621777 -0.00707042 -0.00684998 -0.00684386 -0.00676603 -0.00662853 -0.00646732 -0.00628277 -0.00611742 -0.00598608 -0.00589215 -0.00579672 -0.00569018 -0.00558612 -0.00546893 -0.00533746 -0.00523719 -0.00513075 -0.00502713 -0.00495606 -0.00487158 -0.00477967 -0.00467477 -0.00457072 -0.00446173 -0.00437521 -0.00428692 -0.00420056 -0.00411123 -0.00402525 -0.00394749 -0.00388074 -0.00381531 -0.00374544 -0.00369193 -0.00364696 -0.00360389 -0.00356071 -0.0035143 -0.0034661 -0.00342057 -0.00337679 -0.00333191 -0.00328991 -0.00324048 -0.00318659 -0.0031413 -0.00308017 -0.00302208 -0.00297961 -0.00292623 -0.00286961 -0.00282085 -0.00277967 -0.00272306 -0.00266172 -0.00262267 -0.00256979 -0.00250274 -0.00244576 -0.00239001 -0.00232669 -0.0022645 -0.00219336 -0.00212228 -0.00206167 -0.00200209 -0.00194358 -0.00190246 -0.00185228 -0.00179376 -0.00174149 -0.00168197 -0.00162011 -0.00157383 -0.00152265 -0.00146615 -0.00141992 -0.00136945 -0.00132115 -0.00127611 -0.00121636 -0.00115948 -0.00109465 -0.00103322 -0.000973295 -0.000897977 -0.0008241 -0.000741741 -0.000676365 -0.000603524 -0.0005324 -0.000463537 -0.000388536 -0.000305051 -0.000225865 -0.000160907 -8.8539e-05 1.22949e-05 
-0.00211188 -0.0059262 -0.00698537 -0.00689738 -0.0068147 -0.00675277 -0.00660361 -0.00643958 -0.00627626 -0.00611167 -0.00598218 -0.00588825 -0.00577354 -0.00565599 -0.00555718 -0.00544262 -0.00531927 -0.00523305 -0.00513404 -0.00500544 -0.0049226 -0.00484645 -0.00477899 -0.00469312 -0.0045683 -0.004456 -0.00437698 -0.00429291 -0.0042098 -0.00413687 -0.0040596 -0.00396684 -0.00390117 -0.00383246 -0.00375604 -0.0037061 -0.00365105 -0.0036107 -0.00357508 -0.00351691 -0.00347024 -0.00343329 -0.00338603 -0.00334274 -0.00330049 -0.00324318 -0.00318817 -0.0031481 -0.00308249 -0.00301899 -0.00298557 -0.00293259 -0.0028674 -0.002823 -0.0027752 -0.00271256 -0.00265899 -0.00261673 -0.00256188 -0.00250867 -0.00245809 -0.00238992 -0.00232436 -0.00226231 -0.00219154 -0.00213324 -0.00207159 -0.0019999 -0.00194572 -0.0019055 -0.00184752 -0.00179399 -0.00174191 -0.00167808 -0.00162146 -0.00157628 -0.00152273 -0.00147175 -0.00142842 -0.00138435 -0.00132988 -0.00126381 -0.00121341 -0.00116328 -0.00108537 -0.00102273 -0.000971894 -0.000906907 -0.000815699 -0.000728336 -0.000678311 -0.000597138 -0.000513423 -0.000454252 -0.000388282 -0.000301432 -0.000223268 -0.000166704 -8.59608e-05 1.43025e-05 
-0.0030482 -0.00636103 -0.00680663 -0.00674578 -0.00680863 -0.00675679 -0.00663705 -0.00643846 -0.00626309 -0.00611389 -0.00595677 -0.00584526 -0.00575928 -0.00566406 -0.00557431 -0.00546452 -0.00532347 -0.00520392 -0.00512381 -0.00502501 -0.00493551 -0.00485649 -0.00478833 -0.00470861 -0.00459757 -0.00449183 -0.00440595 -0.00430218 -0.00421899 -0.00414893 -0.00406664 -0.00398931 -0.00391632 -0.0038398 -0.00377082 -0.00372335 -0.00366505 -0.00361764 -0.0035826 -0.00353496 -0.00348064 -0.00344174 -0.00339453 -0.00333823 -0.00329602 -0.00324943 -0.00319623 -0.00315094 -0.0030876 -0.00302549 -0.00297994 -0.00292294 -0.00286909 -0.0028161 -0.0027588 -0.00270837 -0.00266688 -0.00261105 -0.00254605 -0.00250014 -0.00245312 -0.00238824 -0.00232845 -0.00225794 -0.00218935 -0.00212492 -0.00205817 -0.00200347 -0.00195125 -0.00190455 -0.00185346 -0.00180314 -0.00173962 -0.00167781 -0.00162324 -0.00157729 -0.00152382 -0.00146486 -0.00141909 -0.00136899 -0.00131943 -0.00127385 -0.00121598 -0.00115974 -0.00109446 -0.00102615 -0.0009666 -0.000903251 -0.000824656 -0.00073638 -0.000672491 -0.000600736 -0.000527953 -0.000458326 -0.000394143 -0.00031154 -0.000223607 -0.000168083 -8.053e-05 1.43025e-05 
-0.00233852 -0.00623043 -0.00688445 -0.0067496 -0.00679028 -0.00675314 -0.0066382 -0.00640029 -0.00620986 -0.00609366 -0.00596283 -0.00585754 -0.00576812 -0.00565965 -0.00555185 -0.00546322 -0.00534962 -0.00523775 -0.00515011 -0.00505471 -0.00497232 -0.004877 -0.00479129 -0.00470293 -0.00461115 -0.00450923 -0.00441807 -0.00433196 -0.00426503 -0.00417558 -0.00408752 -0.00401431 -0.00392605 -0.00385123 -0.00378455 -0.00373211 -0.0036826 -0.00362713 -0.00357921 -0.0035392 -0.00348264 -0.00343175 -0.00339327 -0.00334575 -0.0033026 -0.00326212 -0.00320066 -0.00313897 -0.00309168 -0.00304213 -0.00297992 -0.00292218 -0.0028754 -0.00281103 -0.00275073 -0.00270326 -0.00265669 -0.00260082 -0.00254685 -0.00249992 -0.00244315 -0.00237973 -0.00231891 -0.00225061 -0.00219426 -0.00212776 -0.00205001 -0.00200705 -0.00195157 -0.0018878 -0.00184226 -0.0017959 -0.00173289 -0.00168224 -0.00162545 -0.0015674 -0.00152388 -0.00147664 -0.00142911 -0.00137142 -0.00131631 -0.00127723 -0.00121387 -0.0011435 -0.00109245 -0.00102994 -0.000954576 -0.000886412 -0.000829805 -0.000741991 -0.000658488 -0.000598466 -0.000539968 -0.000457178 -0.00037892 -0.00031179 -0.000235149 -0.000170324 -8.499e-05 1.43025e-05 
-0.00206314 -0.00623351 -0.00703544 -0.00676955 -0.00679826 -0.00675487 -0.00662504 -0.00642655 -0.00622525 -0.00608045 -0.00595396 -0.00584241 -0.00575716 -0.00566729 -0.00557216 -0.00548363 -0.00538473 -0.00527756 -0.00515824 -0.0050486 -0.00498397 -0.00490292 -0.00481653 -0.00472457 -0.00464358 -0.00452764 -0.004418 -0.00433507 -0.00427378 -0.00418986 -0.00410685 -0.00403704 -0.00395131 -0.00387258 -0.00380072 -0.00373782 -0.00368764 -0.00364033 -0.00358594 -0.00354249 -0.00349304 -0.00343805 -0.00339221 -0.00334272 -0.00329634 -0.00325277 -0.00319857 -0.00314254 -0.00309448 -0.00304512 -0.00298323 -0.00292282 -0.00287673 -0.00281529 -0.00275921 -0.00270816 -0.00264825 -0.00259553 -0.00254997 -0.00249692 -0.0024362 -0.00237927 -0.00231169 -0.00224168 -0.0021816 -0.00211055 -0.00204624 -0.00199781 -0.00193864 -0.00188789 -0.00183895 -0.0017817 -0.0017226 -0.00167028 -0.00160917 -0.00155861 -0.00151831 -0.0014709 -0.00142486 -0.00136558 -0.00131238 -0.00127533 -0.00121149 -0.00113908 -0.00108587 -0.00103139 -0.000960116 -0.000885487 -0.000834914 -0.000747537 -0.00066065 -0.000598628 -0.000544665 -0.000473508 -0.000390977 -0.000327077 -0.000250138 -0.000167203 -9.04401e-05 7.07558e-06 
-0.00225204 -0.00620683 -0.00704633 -0.00682724 -0.00682029 -0.00674006 -0.00659509 -0.00642341 -0.00623116 -0.00606105 -0.00593774 -0.00585101 -0.00577258 -0.00569702 -0.00560966 -0.00551075 -0.00540425 -0.00531663 -0.00520827 -0.00509043 -0.00502034 -0.00493165 -0.00483431 -0.00473654 -0.0046395 -0.00453173 -0.00445221 -0.00436665 -0.00428431 -0.00420262 -0.00411507 -0.0040318 -0.00395897 -0.0038866 -0.00381173 -0.00375299 -0.00370185 -0.00365162 -0.0036034 -0.00354898 -0.003494 -0.00344367 -0.0033926 -0.00334393 -0.00330232 -0.00325367 -0.00320077 -0.00315609 -0.00309534 -0.00303376 -0.00298794 -0.00292815 -0.00286754 -0.00281375 -0.00276701 -0.00271103 -0.00265021 -0.00260964 -0.00255828 -0.0024917 -0.00243169 -0.00237385 -0.00230745 -0.00224592 -0.00217794 -0.00210696 -0.00204886 -0.00199004 -0.00192928 -0.00188823 -0.00183444 -0.00177065 -0.00171818 -0.00166154 -0.00159974 -0.00155782 -0.00150987 -0.00145365 -0.00140776 -0.00135734 -0.00131165 -0.00126787 -0.00120964 -0.00115213 -0.00108654 -0.00102323 -0.000963937 -0.000890127 -0.000818867 -0.000743239 -0.000679942 -0.000609412 -0.000543412 -0.000479865 -0.000407045 -0.000332068 -0.000250836 -0.000181017 -9.87858e-05 1.37057e-05 
-0.00211662 -0.00590757 -0.00695742 -0.00687132 -0.00679001 -0.00672652 -0.00656998 -0.00639721 -0.00622729 -0.00606188 -0.00594471 -0.00586287 -0.00577014 -0.00568678 -0.00561586 -0.00552839 -0.00542032 -0.00534336 -0.00523814 -0.00510409 -0.00501081 -0.0049259 -0.00485154 -0.00476574 -0.00463548 -0.00452044 -0.00444494 -0.00436361 -0.00428359 -0.0042175 -0.00413968 -0.00404478 -0.00397766 -0.00390208 -0.00382162 -0.00376893 -0.00370666 -0.00365792 -0.00361602 -0.00354744 -0.00349182 -0.0034501 -0.00339771 -0.00334891 -0.00330593 -0.00324859 -0.00319603 -0.00315929 -0.00309535 -0.003031 -0.00299617 -0.00294015 -0.00287282 -0.00282621 -0.00277397 -0.00270966 -0.00265546 -0.00261034 -0.00255707 -0.00250193 -0.0024465 -0.00237523 -0.00230289 -0.00223885 -0.00216847 -0.00211153 -0.0020537 -0.0019836 -0.00192713 -0.00188568 -0.0018232 -0.00176292 -0.00170963 -0.00164565 -0.00159175 -0.00155273 -0.00150273 -0.00145319 -0.001412 -0.00137045 -0.00131759 -0.00125288 -0.0012038 -0.00115392 -0.00107673 -0.00101494 -0.000965226 -0.000900809 -0.000812894 -0.000731938 -0.000686302 -0.000610396 -0.000533351 -0.000479251 -0.000417737 -0.000332705 -0.00025414 -0.000191578 -9.92628e-05 1.81392e-05 
-0.00305694 -0.00634679 -0.00678246 -0.00672012 -0.00678311 -0.00673182 -0.00660704 -0.00640283 -0.00622581 -0.00608106 -0.005936 -0.00584162 -0.00577183 -0.00570027 -0.00563154 -0.00554436 -0.00541561 -0.00531246 -0.00522271 -0.00512333 -0.00502911 -0.00493803 -0.00485767 -0.00476735 -0.00465194 -0.00454316 -0.00445662 -0.00435677 -0.0042805 -0.00421647 -0.00413371 -0.00405537 -0.00398536 -0.00390452 -0.00383295 -0.00378448 -0.0037218 -0.00366699 -0.00362431 -0.00356683 -0.00350335 -0.00345933 -0.00340837 -0.00334379 -0.00329743 -0.00324938 -0.00319785 -0.00315633 -0.00309575 -0.00303589 -0.00299107 -0.00293435 -0.00288014 -0.00282902 -0.00277066 -0.00271843 -0.00267468 -0.00261612 -0.00254818 -0.00249808 -0.00244564 -0.00237664 -0.00231142 -0.00223937 -0.00216769 -0.00210393 -0.00203915 -0.00198611 -0.0019318 -0.00188235 -0.00182664 -0.00177161 -0.00170857 -0.00164368 -0.00159127 -0.00154824 -0.0014992 -0.00144383 -0.00140222 -0.00135446 -0.00130444 -0.00125929 -0.00120231 -0.00114785 -0.00108445 -0.00101897 -0.000960641 -0.000897772 -0.000821967 -0.000739761 -0.000677878 -0.000611898 -0.000545318 -0.000481117 -0.000417778 -0.000333014 -0.000247733 -0.000190207 -9.16367e-05 1.81392e-05 
-0.00233814 -0.00621416 -0.00686464 -0.00672826 -0.00676655 -0.0067285 -0.00661489 -0.0063765 -0.00618812 -0.006076 -0.00594945 -0.00585453 -0.00578125 -0.00569092 -0.00559691 -0.0055176 -0.00541412 -0.0053127 -0.00521827 -0.00512269 -0.00503641 -0.00493395 -0.00483849 -0.00474294 -0.00464598 -0.00454887 -0.00445467 -0.00437178 -0.00430908 -0.00422742 -0.00414148 -0.00407057 -0.00398583 -0.00391022 -0.0038427 -0.00379062 -0.00373834 -0.00367693 -0.00362231 -0.00357591 -0.0035116 -0.00345406 -0.00341158 -0.00335647 -0.00330755 -0.00326349 -0.00320157 -0.00314087 -0.00309704 -0.00305027 -0.00298956 -0.00293346 -0.00288884 -0.00282603 -0.00276859 -0.00271879 -0.00267037 -0.00261264 -0.00255477 -0.00250536 -0.00244228 -0.00237371 -0.00230816 -0.00223838 -0.00218003 -0.00211363 -0.00203625 -0.00199259 -0.00193666 -0.00186954 -0.00181943 -0.00176952 -0.00170557 -0.00165407 -0.00159786 -0.00153992 -0.00149742 -0.00145334 -0.00140963 -0.00135412 -0.00129943 -0.00125978 -0.00119702 -0.0011281 -0.00107954 -0.00102026 -0.000947774 -0.000879029 -0.000824474 -0.000738924 -0.000658126 -0.000601703 -0.000544446 -0.000464397 -0.000387768 -0.000318965 -0.000246823 -0.000180922 -8.6107e-05 1.81392e-05 
-0.0020669 -0.00622666 -0.00702317 -0.00675271 -0.006779 -0.00673425 -0.00660844 -0.00641264 -0.00621537 -0.00607732 -0.00595 -0.0058447 -0.0057593 -0.00567515 -0.00559132 -0.00550631 -0.00540538 -0.00530084 -0.00518051 -0.00507382 -0.00500766 -0.0049262 -0.00484903 -0.00475452 -0.00467002 -0.00456057 -0.00445099 -0.00437174 -0.00431008 -0.00422588 -0.00414685 -0.00408066 -0.00399738 -0.00392261 -0.00385185 -0.0037902 -0.00374052 -0.00369073 -0.00363296 -0.00358773 -0.00353161 -0.00346839 -0.00341792 -0.00336163 -0.00330796 -0.00325807 -0.00320156 -0.00314477 -0.0030973 -0.00305033 -0.00298942 -0.00293168 -0.00288736 -0.0028279 -0.00277572 -0.00272106 -0.00265934 -0.0026067 -0.00255815 -0.00250447 -0.00244191 -0.00238106 -0.00230866 -0.00223673 -0.00217509 -0.00210608 -0.00204137 -0.00199124 -0.0019334 -0.00187974 -0.00182753 -0.00176882 -0.00170624 -0.0016508 -0.0015897 -0.00153836 -0.00149565 -0.00144855 -0.00140403 -0.00134628 -0.00129352 -0.00125456 -0.00118941 -0.00111871 -0.00106759 -0.00101674 -0.000948264 -0.000874323 -0.000822284 -0.000734064 -0.000650504 -0.000590481 -0.000533398 -0.000463199 -0.000383098 -0.000317635 -0.000243914 -0.000160681 -8.678e-05 2.31236e-06 
-0.00224788 -0.00620391 -0.00703948 -0.00681352 -0.00680471 -0.00672295 -0.00658195 -0.00641779 -0.0062326 -0.00606959 -0.00594585 -0.00585833 -0.00577249 -0.00568088 -0.00558996 -0.00548594 -0.00537188 -0.00528187 -0.00518222 -0.00508436 -0.00501808 -0.00493605 -0.00485006 -0.00475268 -0.00465723 -0.00455991 -0.00448266 -0.00440167 -0.00431963 -0.00423562 -0.00414984 -0.00406774 -0.00399731 -0.00392984 -0.00385679 -0.00380043 -0.00375099 -0.00370188 -0.00365179 -0.00359756 -0.0035386 -0.00348182 -0.00342711 -0.0033717 -0.00332231 -0.00326595 -0.00320731 -0.00316026 -0.00309752 -0.00303606 -0.00299082 -0.00293312 -0.00287287 -0.00282053 -0.00277641 -0.00271752 -0.00265481 -0.00261594 -0.00256286 -0.0024946 -0.00243567 -0.0023776 -0.00230978 -0.00224752 -0.00217947 -0.00210994 -0.00205073 -0.00199101 -0.0019315 -0.00188788 -0.00183353 -0.00177077 -0.00171542 -0.00165382 -0.00158996 -0.00154345 -0.00149218 -0.00143587 -0.00138887 -0.00133784 -0.0012905 -0.00124494 -0.00118436 -0.00112885 -0.00106412 -0.00100214 -0.000943566 -0.000871049 -0.000800294 -0.000721325 -0.000659395 -0.000590563 -0.000522386 -0.000456224 -0.000384399 -0.000304141 -0.000226247 -0.000161085 -8.99619e-05 8.40102e-06 
-0.00211612 -0.00591125 -0.00695484 -0.00686065 -0.00677784 -0.00671338 -0.00656147 -0.00639797 -0.00623727 -0.00607528 -0.00595331 -0.00586633 -0.00576246 -0.00565806 -0.00556958 -0.00546805 -0.00535858 -0.00528182 -0.00519142 -0.00507269 -0.00499455 -0.00492001 -0.00485731 -0.00477681 -0.00465945 -0.00455678 -0.00448471 -0.00440581 -0.00432556 -0.00425555 -0.00417531 -0.00407769 -0.00400989 -0.0039384 -0.00386012 -0.00380891 -0.00375004 -0.00370528 -0.00366413 -0.0035962 -0.00354047 -0.00349444 -0.00343565 -0.00338183 -0.00333176 -0.00326766 -0.00320828 -0.00316689 -0.00309886 -0.00303154 -0.00299565 -0.00293881 -0.00287001 -0.00282337 -0.00277284 -0.00270775 -0.00265302 -0.00261047 -0.00255511 -0.0024995 -0.00244567 -0.0023757 -0.00230492 -0.00224415 -0.00217714 -0.00212151 -0.00206319 -0.00199282 -0.00193725 -0.0018939 -0.0018313 -0.00177234 -0.00171567 -0.00164828 -0.00158986 -0.00154414 -0.00148986 -0.00143857 -0.00139507 -0.00135071 -0.00129585 -0.00122872 -0.00117725 -0.0011268 -0.00104831 -0.00098592 -0.000935938 -0.000873626 -0.000788183 -0.000706014 -0.000658921 -0.000582753 -0.000503697 -0.000447161 -0.000383757 -0.000299642 -0.000222942 -0.000166183 -8.54481e-05 1.41735e-05 
-0.00304032 -0.00634324 -0.00678062 -0.00671285 -0.00677106 -0.00671913 -0.00659876 -0.00640359 -0.0062348 -0.00609087 -0.00594208 -0.00583905 -0.00575935 -0.00567019 -0.00558942 -0.0054914 -0.00536386 -0.00525626 -0.00518499 -0.00509625 -0.00501271 -0.00493699 -0.00487256 -0.00479567 -0.00469075 -0.0045914 -0.00450959 -0.00441046 -0.00432986 -0.00425942 -0.00417164 -0.00408995 -0.00401445 -0.00393321 -0.00386309 -0.00381557 -0.00375642 -0.00370801 -0.00366806 -0.00361305 -0.00355026 -0.0035023 -0.00344375 -0.00337432 -0.00332365 -0.0032718 -0.00321559 -0.00316843 -0.0031016 -0.00303607 -0.00298746 -0.00292689 -0.00287054 -0.0028164 -0.00275662 -0.00270464 -0.00266206 -0.00260597 -0.00254021 -0.00249125 -0.00244059 -0.00237279 -0.0023103 -0.00224417 -0.00217805 -0.00211695 -0.00205358 -0.00199987 -0.00194553 -0.00189612 -0.00184121 -0.00178547 -0.00171645 -0.00164923 -0.00159155 -0.00154385 -0.00148959 -0.0014298 -0.00138401 -0.00133342 -0.0012821 -0.0012355 -0.00117645 -0.00111798 -0.00105177 -0.000984386 -0.00092616 -0.000865247 -0.000791618 -0.00071018 -0.0006508 -0.000583893 -0.000516439 -0.000450685 -0.000388314 -0.000307501 -0.000221382 -0.000166511 -7.94497e-05 1.41735e-05 
-0.00234068 -0.00621992 -0.00686177 -0.00671939 -0.00675583 -0.0067173 -0.00660616 -0.00637494 -0.00619173 -0.00608196 -0.00595705 -0.00585829 -0.00577422 -0.00567157 -0.0055725 -0.00549161 -0.00538837 -0.00528736 -0.00520893 -0.00512413 -0.00504939 -0.00496023 -0.00487872 -0.0047918 -0.0047045 -0.00460474 -0.00451546 -0.00443111 -0.00436717 -0.00427489 -0.00418109 -0.00410488 -0.00401233 -0.00393347 -0.00386668 -0.00381498 -0.00376539 -0.00371022 -0.00365979 -0.00361423 -0.00354889 -0.0034879 -0.00344004 -0.00338234 -0.00333077 -0.00328526 -0.00321964 -0.00315451 -0.00310431 -0.0030517 -0.00298559 -0.00292429 -0.00287617 -0.00280958 -0.00274772 -0.00269884 -0.00265229 -0.00259689 -0.00254302 -0.00249482 -0.0024354 -0.00236838 -0.00230714 -0.00224217 -0.00218877 -0.00212489 -0.00204924 -0.00200626 -0.00194907 -0.00188211 -0.00183276 -0.00178117 -0.00171266 -0.00165698 -0.00159606 -0.00153387 -0.00148806 -0.00144043 -0.00139232 -0.00133372 -0.00127676 -0.00123633 -0.00117141 -0.00109829 -0.0010454 -0.000982799 -0.000909292 -0.000844422 -0.000792087 -0.000712124 -0.000635264 -0.000579991 -0.000525895 -0.00044757 -0.00037231 -0.000306299 -0.000231065 -0.000167067 -8.30472e-05 1.41735e-05 
-0.00206498 -0.00622589 -0.00701646 -0.00674456 -0.00677025 -0.00672542 -0.00659972 -0.00640798 -0.00621343 -0.00607689 -0.00595713 -0.00585127 -0.00577013 -0.00568534 -0.00559522 -0.0055119 -0.00542129 -0.0053252 -0.00521786 -0.0051193 -0.00505951 -0.00498453 -0.00490098 -0.00481128 -0.00473092 -0.00461422 -0.0045069 -0.00442409 -0.00436313 -0.00427394 -0.00418649 -0.00411224 -0.00401933 -0.00394011 -0.00386808 -0.00380716 -0.00375898 -0.00371175 -0.00365856 -0.00361348 -0.00355687 -0.00349291 -0.00343839 -0.00337958 -0.00332415 -0.00327462 -0.0032171 -0.00315805 -0.0031064 -0.00305351 -0.00298724 -0.00292335 -0.00287479 -0.00281047 -0.00275335 -0.00270039 -0.00264163 -0.00259099 -0.00254625 -0.00249531 -0.00243527 -0.0023773 -0.00231013 -0.00224194 -0.00218207 -0.00211367 -0.00204971 -0.00199944 -0.00193912 -0.00188625 -0.00183347 -0.001771 -0.00170592 -0.0016477 -0.00158062 -0.00152582 -0.00148171 -0.00143301 -0.00138571 -0.00132432 -0.00127001 -0.00123132 -0.00116447 -0.00109019 -0.00103534 -0.00097937 -0.000910104 -0.000839924 -0.000793102 -0.000713041 -0.00063445 -0.000578361 -0.000528299 -0.000461299 -0.000382094 -0.000319693 -0.000243985 -0.000162667 -8.80784e-05 6.51096e-06 
-0.00224496 -0.00619915 -0.00703299 -0.0068081 -0.00679852 -0.00671683 -0.00657505 -0.0064109 -0.00622727 -0.0060664 -0.0059497 -0.00586624 -0.00578981 -0.00571697 -0.00563262 -0.00553894 -0.00544079 -0.0053612 -0.00526364 -0.00515616 -0.00509072 -0.00500738 -0.00491294 -0.00481739 -0.00471959 -0.00460844 -0.00453103 -0.00444302 -0.0043563 -0.00427287 -0.0041824 -0.00409369 -0.00401327 -0.00394036 -0.00386582 -0.00381065 -0.00376271 -0.00371433 -0.00366851 -0.003615 -0.00355471 -0.00349594 -0.00343717 -0.00338 -0.00333154 -0.00327749 -0.00322041 -0.00317307 -0.00310731 -0.00304131 -0.00299175 -0.00292785 -0.00286217 -0.00280532 -0.00275651 -0.00269866 -0.00263994 -0.00260303 -0.00255452 -0.00249086 -0.00243382 -0.00237762 -0.0023141 -0.00225323 -0.0021841 -0.00211414 -0.00205415 -0.00199319 -0.00193135 -0.0018884 -0.00183224 -0.00176498 -0.00170722 -0.00164376 -0.00157377 -0.00152637 -0.00147293 -0.00141408 -0.00136581 -0.00131332 -0.00126646 -0.00122088 -0.00115968 -0.00110086 -0.00103391 -0.000969261 -0.000911437 -0.000841598 -0.000775292 -0.000706361 -0.000649698 -0.000586383 -0.000525703 -0.000465348 -0.000394947 -0.000321845 -0.000242456 -0.000174494 -9.42183e-05 1.57984e-05 
-0.00211741 -0.00590747 -0.00695068 -0.00685782 -0.00677529 -0.00671124 -0.00655784 -0.00639135 -0.00622913 -0.00607184 -0.00596106 -0.00588209 -0.0057913 -0.00570947 -0.0056396 -0.00555615 -0.00545592 -0.00538652 -0.00528974 -0.00516614 -0.00507886 -0.00499792 -0.00492362 -0.00483887 -0.00470547 -0.00458653 -0.00451073 -0.00442444 -0.00433785 -0.004271 -0.0041889 -0.00408889 -0.00401963 -0.00394443 -0.00386325 -0.00381342 -0.00375559 -0.00371096 -0.00367079 -0.00360348 -0.00354697 -0.00349967 -0.00344092 -0.00338635 -0.00333769 -0.00327507 -0.0032179 -0.00317839 -0.0031097 -0.00303962 -0.00300148 -0.00294006 -0.0028655 -0.00281436 -0.0027606 -0.00269509 -0.00264313 -0.00260214 -0.00255209 -0.00250056 -0.00244849 -0.00238023 -0.00231267 -0.00224998 -0.00217962 -0.00212153 -0.00206078 -0.0019883 -0.0019307 -0.00188787 -0.00182375 -0.00176066 -0.00170277 -0.00163154 -0.00156878 -0.0015236 -0.00146611 -0.00141181 -0.00136812 -0.00132442 -0.00126937 -0.00120207 -0.00115095 -0.0011003 -0.00102199 -0.00095988 -0.000911069 -0.000849833 -0.000768555 -0.000694481 -0.000653578 -0.000585127 -0.000514284 -0.000463057 -0.000403389 -0.000320868 -0.000243899 -0.000183366 -9.53734e-05 1.68398e-05 
-0.00305315 -0.00634673 -0.00678125 -0.00671409 -0.00677337 -0.00672176 -0.00659928 -0.00639993 -0.0062305 -0.00609312 -0.00595586 -0.00586571 -0.0057965 -0.00572486 -0.00565739 -0.00557409 -0.00545337 -0.00535734 -0.0052742 -0.00518193 -0.0050924 -0.0050036 -0.00492288 -0.00482972 -0.00470981 -0.00459807 -0.00450614 -0.00439959 -0.00432018 -0.00425363 -0.00416472 -0.0040834 -0.00401487 -0.00393354 -0.00386219 -0.00381527 -0.00375704 -0.00370861 -0.00366815 -0.00361295 -0.00355253 -0.00350633 -0.00345039 -0.0033805 -0.00332994 -0.00327836 -0.00322242 -0.00317788 -0.00311279 -0.00304702 -0.002997 -0.00293308 -0.00287205 -0.00281475 -0.00275342 -0.00270131 -0.00265975 -0.0026045 -0.00254125 -0.00249523 -0.00244719 -0.00238238 -0.00232065 -0.00225043 -0.00217963 -0.00211411 -0.00204633 -0.00199149 -0.00193622 -0.0018871 -0.00183137 -0.00177356 -0.00170561 -0.00163411 -0.00157238 -0.00152102 -0.00146435 -0.00140138 -0.00135627 -0.00130536 -0.00125285 -0.001206 -0.00114777 -0.0010926 -0.00102838 -0.000963421 -0.000906605 -0.000846343 -0.000775637 -0.000700252 -0.000643979 -0.000584279 -0.000523779 -0.000463417 -0.000402048 -0.000319611 -0.000236265 -0.000180094 -8.66796e-05 1.68398e-05 
-0.00233714 -0.00621946 -0.00686876 -0.00672863 -0.00676171 -0.00672112 -0.00660931 -0.00637703 -0.00619613 -0.00609075 -0.00597137 -0.00588111 -0.00580872 -0.00571897 -0.00562725 -0.00555059 -0.00545301 -0.00535624 -0.0052662 -0.00517575 -0.00509192 -0.00498982 -0.00489414 -0.00479252 -0.0046901 -0.00458932 -0.00448507 -0.00439517 -0.00433194 -0.00424808 -0.00415796 -0.0040881 -0.0040057 -0.00392945 -0.00386445 -0.00381359 -0.00376355 -0.00370861 -0.00365748 -0.00361401 -0.00355302 -0.00349535 -0.00345064 -0.00339311 -0.00334217 -0.00329544 -0.00322883 -0.00316388 -0.00311646 -0.00306477 -0.00299641 -0.00293269 -0.00288204 -0.00281232 -0.0027505 -0.00270146 -0.00265538 -0.00260059 -0.00254589 -0.00249918 -0.00244216 -0.00237856 -0.00231769 -0.00225025 -0.00219183 -0.00212444 -0.00204399 -0.00199867 -0.00194295 -0.00187678 -0.00182705 -0.00177555 -0.00170805 -0.00165036 -0.00158375 -0.00151441 -0.00146362 -0.00141252 -0.00136406 -0.00130493 -0.00124688 -0.00120592 -0.0011422 -0.00107208 -0.00102338 -0.000964806 -0.000894076 -0.000828126 -0.00077693 -0.000698219 -0.000624414 -0.000573463 -0.000520627 -0.000445177 -0.000371788 -0.00030475 -0.000234246 -0.000170768 -8.12337e-05 1.68398e-05 
-0.00206231 -0.00623323 -0.00703236 -0.00675775 -0.00677887 -0.00672999 -0.00660421 -0.00641288 -0.00622331 -0.00609298 -0.00597351 -0.00587378 -0.00579193 -0.00571001 -0.00562651 -0.00554377 -0.00544507 -0.00534274 -0.00522457 -0.00512051 -0.00505238 -0.00497104 -0.00489287 -0.00479323 -0.00470122 -0.00458291 -0.00446404 -0.00437787 -0.00431568 -0.0042275 -0.00414916 -0.00408671 -0.00400537 -0.00393332 -0.00386479 -0.00380489 -0.00375618 -0.00370932 -0.00365753 -0.00361607 -0.00356354 -0.00350421 -0.00345494 -0.00339828 -0.0033432 -0.00329201 -0.00323195 -0.00317048 -0.00311852 -0.00306637 -0.00299771 -0.00293147 -0.00288116 -0.00281525 -0.00275882 -0.00270491 -0.00264614 -0.00259569 -0.00254911 -0.00249836 -0.00244075 -0.00238514 -0.00231884 -0.00224951 -0.00218858 -0.00211838 -0.0020515 -0.00199937 -0.00194252 -0.00188998 -0.00183842 -0.00177817 -0.00171231 -0.00165042 -0.00157896 -0.00151766 -0.00146566 -0.00140975 -0.00135971 -0.00129842 -0.00124193 -0.00120175 -0.00113603 -0.00106374 -0.00101232 -0.000961951 -0.000894872 -0.000823532 -0.000774273 -0.000692338 -0.00061585 -0.000561097 -0.000508233 -0.000442203 -0.000365927 -0.000302594 -0.000231241 -0.000152035 -8.25779e-05 2.07123e-06 
-0.00224022 -0.00621173 -0.00705276 -0.00682228 -0.00680838 -0.00672108 -0.00657849 -0.00641828 -0.00624147 -0.00608791 -0.00597205 -0.00588942 -0.00580863 -0.00572187 -0.00563311 -0.00552946 -0.00541544 -0.00532444 -0.00522332 -0.00512158 -0.00505265 -0.00496877 -0.0048778 -0.00477594 -0.00467206 -0.00456356 -0.00448059 -0.00439386 -0.00430915 -0.00422425 -0.00414346 -0.00406785 -0.00399888 -0.00393515 -0.00386405 -0.00380934 -0.00376098 -0.00371332 -0.00366872 -0.00361976 -0.00356567 -0.00351319 -0.00346195 -0.00340788 -0.00335799 -0.00330071 -0.00324021 -0.00318933 -0.00312018 -0.0030519 -0.00300062 -0.00293385 -0.00286599 -0.00280838 -0.00276078 -0.00270254 -0.0026426 -0.00260486 -0.00255496 -0.00249188 -0.00243699 -0.00238408 -0.00232278 -0.00226342 -0.00219617 -0.00212536 -0.00206464 -0.00200291 -0.00194364 -0.00190097 -0.00184797 -0.00178535 -0.00172677 -0.00165821 -0.00158498 -0.00152997 -0.00146822 -0.00140259 -0.00134942 -0.00129345 -0.0012422 -0.00119463 -0.00113317 -0.0010765 -0.00101039 -0.000948821 -0.000891392 -0.00082088 -0.000753288 -0.000679414 -0.000622577 -0.000559526 -0.000496415 -0.000434059 -0.000365451 -0.000288503 -0.000214237 -0.00015282 -8.3961e-05 1.24909e-05 
-0.00211316 -0.00592151 -0.00697101 -0.00687261 -0.00678449 -0.00671523 -0.00656079 -0.00639967 -0.00624618 -0.00609402 -0.00598234 -0.00590281 -0.00580628 -0.00570649 -0.00562102 -0.00551998 -0.00540639 -0.00532438 -0.0052267 -0.00509951 -0.00501695 -0.00494114 -0.00487316 -0.00478796 -0.00466224 -0.00454754 -0.00447027 -0.00438357 -0.00430015 -0.00423255 -0.00415904 -0.00407052 -0.00400787 -0.00394137 -0.00386468 -0.00381461 -0.00375606 -0.00371211 -0.00367499 -0.00361403 -0.00356399 -0.00352264 -0.00346912 -0.00341864 -0.00336921 -0.00330355 -0.00324205 -0.0031981 -0.0031235 -0.0030481 -0.00300706 -0.00294212 -0.00286391 -0.00281234 -0.00276053 -0.00269568 -0.002643 -0.00260137 -0.00254991 -0.0024992 -0.00244969 -0.00238524 -0.00232087 -0.00226379 -0.00219867 -0.00214186 -0.00208218 -0.00201093 -0.00195423 -0.00191117 -0.00184983 -0.00179025 -0.00173069 -0.00165724 -0.00158963 -0.00153599 -0.00147175 -0.00141397 -0.0013647 -0.00131508 -0.0012558 -0.00118432 -0.00112998 -0.00107849 -0.000998263 -0.000934873 -0.000885391 -0.000824779 -0.000742975 -0.000665238 -0.000621527 -0.000551015 -0.000477149 -0.000423893 -0.00036343 -0.000283487 -0.00021067 -0.000157441 -8.16127e-05 1.3391e-05 
-0.00304502 -0.00635699 -0.006797 -0.00672658 -0.00678017 -0.00672287 -0.00660023 -0.00640715 -0.00624448 -0.00611114 -0.00597581 -0.00588375 -0.00581136 -0.00572615 -0.0056466 -0.00554717 -0.00541183 -0.0052963 -0.00521614 -0.0051171 -0.00502799 -0.00494956 -0.0048814 -0.00480064 -0.00468765 -0.00457777 -0.00448967 -0.00438138 -0.00429807 -0.00423057 -0.00414977 -0.00407699 -0.00401112 -0.00393657 -0.00386776 -0.00382033 -0.00376059 -0.00371258 -0.00367608 -0.00362638 -0.00357169 -0.00353016 -0.00347778 -0.00341248 -0.00336362 -0.00331044 -0.00325108 -0.0032012 -0.003128 -0.00305444 -0.00299861 -0.00293067 -0.002867 -0.00280867 -0.00274846 -0.00269659 -0.00265549 -0.00260142 -0.00253908 -0.00249469 -0.00244803 -0.00238566 -0.0023283 -0.00226507 -0.00220249 -0.00214073 -0.00207729 -0.00202254 -0.00196643 -0.00191712 -0.0018634 -0.00180595 -0.00173359 -0.00166251 -0.00159771 -0.00154252 -0.00147987 -0.00141289 -0.00136049 -0.00130406 -0.00124978 -0.00119935 -0.00113477 -0.00107414 -0.00100604 -0.000936157 -0.000878112 -0.000818795 -0.000747841 -0.000669869 -0.00061426 -0.000551692 -0.000488435 -0.000426176 -0.000367112 -0.000290717 -0.000209151 -0.00015714 -7.53294e-05 1.3391e-05 
-0.00233795 -0.00623166 -0.0068809 -0.00673769 -0.00676758 -0.00672275 -0.00661082 -0.00638316 -0.00620641 -0.00610535 -0.00599229 -0.00590455 -0.00582967 -0.00573162 -0.0056335 -0.00554933 -0.00543846 -0.00532874 -0.00524085 -0.0051459 -0.00506412 -0.00497082 -0.004885 -0.00479585 -0.00470073 -0.00459419 -0.00449348 -0.00440074 -0.00433252 -0.00424372 -0.00415648 -0.00408911 -0.00400913 -0.00393813 -0.00387333 -0.00382176 -0.0037707 -0.00371617 -0.00366838 -0.00362864 -0.00357255 -0.0035195 -0.00347737 -0.00342258 -0.00337283 -0.00332666 -0.00325792 -0.00318866 -0.00313354 -0.00307442 -0.00299971 -0.00293067 -0.00287829 -0.00280855 -0.00274464 -0.00269644 -0.00265173 -0.00259933 -0.00254701 -0.00250058 -0.00244421 -0.00238221 -0.00232383 -0.00226238 -0.0022125 -0.00215011 -0.00207573 -0.00203339 -0.0019742 -0.00190658 -0.00185718 -0.00180388 -0.0017326 -0.00167362 -0.0016066 -0.00153798 -0.00148686 -0.00143289 -0.00137909 -0.00131349 -0.00125108 -0.00120655 -0.00113542 -0.00105847 -0.00100377 -0.000938828 -0.000864499 -0.000801168 -0.000750235 -0.000673541 -0.000600639 -0.000548667 -0.000497507 -0.000423204 -0.000351645 -0.000289367 -0.000218249 -0.000157875 -7.85216e-05 1.3391e-05 
-0.00205983 -0.00623754 -0.00703762 -0.0067649 -0.00678488 -0.00673454 -0.00660807 -0.00641829 -0.0062297 -0.00610284 -0.00599615 -0.00590222 -0.00583027 -0.00574808 -0.00565677 -0.00556939 -0.00547151 -0.00536626 -0.00524819 -0.0051405 -0.00507871 -0.00499914 -0.00491391 -0.00482057 -0.00473641 -0.00461198 -0.00449051 -0.00439669 -0.00433011 -0.00424068 -0.00416088 -0.00409651 -0.00401684 -0.00394622 -0.00387669 -0.00381634 -0.00376732 -0.00372154 -0.00367119 -0.00363154 -0.00358334 -0.00352753 -0.00347927 -0.00342378 -0.00336984 -0.00331983 -0.00326004 -0.0031957 -0.00313841 -0.00308105 -0.00300855 -0.00293631 -0.00288531 -0.00282059 -0.00275928 -0.00270806 -0.00265136 -0.00260079 -0.00255611 -0.00250356 -0.00244305 -0.00238724 -0.00232206 -0.00225828 -0.00220396 -0.00214029 -0.00207792 -0.00202945 -0.00196882 -0.00191449 -0.00185998 -0.00179554 -0.00172773 -0.00166628 -0.00159487 -0.00153514 -0.00148713 -0.00143146 -0.00137992 -0.00131331 -0.00125169 -0.00120897 -0.00113764 -0.00105685 -0.000998542 -0.000940566 -0.000869722 -0.000799666 -0.000754249 -0.000677593 -0.000601796 -0.000547847 -0.000500587 -0.000436759 -0.000361301 -0.000302118 -0.000230724 -0.000153941 -8.34344e-05 6.13351e-06 
-0.00224357 -0.00621236 -0.00705433 -0.00682872 -0.00681541 -0.00672894 -0.00658572 -0.00642343 -0.00624689 -0.00609547 -0.00598997 -0.00591646 -0.00584799 -0.00577877 -0.00569254 -0.00559423 -0.00548838 -0.00540304 -0.00529674 -0.00518474 -0.00511876 -0.00503362 -0.00493829 -0.00483855 -0.0047339 -0.0046168 -0.00452581 -0.00442785 -0.00433467 -0.00424451 -0.00415843 -0.00408133 -0.0040127 -0.00394874 -0.00387817 -0.00382327 -0.00377567 -0.00372862 -0.00368495 -0.00363706 -0.00358582 -0.00353553 -0.00348373 -0.00343057 -0.00338176 -0.00332644 -0.00326757 -0.00321635 -0.00314356 -0.00307339 -0.00301964 -0.00294874 -0.00288111 -0.00282502 -0.00277477 -0.00271859 -0.0026599 -0.00262029 -0.00256985 -0.00250303 -0.00244232 -0.00238394 -0.00232017 -0.00226378 -0.00220285 -0.00213936 -0.00208363 -0.00202491 -0.00196359 -0.00191903 -0.00186065 -0.00179139 -0.00173121 -0.00166502 -0.00159162 -0.00154092 -0.00148327 -0.00141775 -0.00136564 -0.00130827 -0.00125444 -0.00120426 -0.00113866 -0.00107398 -0.00100184 -0.000935094 -0.00087661 -0.000806022 -0.000740261 -0.000673821 -0.00061877 -0.000556982 -0.000499133 -0.000441528 -0.000374468 -0.00030487 -0.000229787 -0.000165529 -8.95074e-05 1.47488e-05 
-0.00211371 -0.00591697 -0.00697114 -0.0068796 -0.00679392 -0.0067275 -0.00657217 -0.00640733 -0.00625148 -0.00610179 -0.00599984 -0.00592908 -0.00584586 -0.00576762 -0.00569676 -0.00560955 -0.00550503 -0.00543077 -0.0053317 -0.0052047 -0.005117 -0.00503487 -0.00496387 -0.00487395 -0.00473241 -0.00460531 -0.00451771 -0.00441979 -0.00432655 -0.00425182 -0.00417308 -0.00408209 -0.00402001 -0.00395379 -0.00387973 -0.00383224 -0.00377597 -0.00373161 -0.00369556 -0.00363549 -0.00358578 -0.00354564 -0.00349275 -0.00344125 -0.0033936 -0.00332953 -0.0032693 -0.00322732 -0.00315309 -0.00307723 -0.00303699 -0.002972 -0.00289514 -0.00284424 -0.00278893 -0.00272457 -0.00267088 -0.00262631 -0.00257334 -0.00251637 -0.00245818 -0.00238751 -0.00231715 -0.00225838 -0.00219561 -0.00214478 -0.00209017 -0.00202144 -0.00196508 -0.00192074 -0.00185403 -0.00178856 -0.00172854 -0.00165506 -0.00158978 -0.00154196 -0.00148153 -0.00142335 -0.00137543 -0.0013269 -0.00126593 -0.00119167 -0.00113541 -0.0010806 -0.000996787 -0.000931336 -0.000882009 -0.000820234 -0.00073856 -0.000665397 -0.000625412 -0.000558519 -0.000489642 -0.000440332 -0.000383486 -0.000304755 -0.000231613 -0.00017428 -9.05794e-05 1.60955e-05 
-0.00306087 -0.00636007 -0.00679841 -0.00673389 -0.00679342 -0.00673977 -0.00661629 -0.006419 -0.00625315 -0.00612139 -0.00599339 -0.00591061 -0.00584805 -0.00578049 -0.00571342 -0.00563033 -0.00550761 -0.0054084 -0.00532662 -0.00523253 -0.00514212 -0.00505436 -0.00497616 -0.004882 -0.00475551 -0.00463515 -0.00453418 -0.00441297 -0.00432111 -0.00424753 -0.00415938 -0.0040846 -0.00402015 -0.00394849 -0.00388368 -0.00384151 -0.00378591 -0.00373862 -0.00370274 -0.00365295 -0.00359731 -0.00355789 -0.00350778 -0.00344133 -0.00339258 -0.00333943 -0.00327896 -0.0032321 -0.00316351 -0.00309139 -0.003038 -0.00297437 -0.00291228 -0.00285384 -0.00279227 -0.00273918 -0.00269557 -0.00263634 -0.00256665 -0.00251326 -0.00245844 -0.00238925 -0.00232629 -0.0022615 -0.00219638 -0.00213817 -0.00207788 -0.00202623 -0.00197178 -0.00192141 -0.00186355 -0.00180324 -0.001733 -0.00165968 -0.00159602 -0.00154315 -0.00148352 -0.00141716 -0.0013674 -0.00131184 -0.00125566 -0.00120383 -0.00113863 -0.00107957 -0.00101065 -0.000940809 -0.000883017 -0.000822878 -0.000751577 -0.000675177 -0.000619418 -0.000560879 -0.000500777 -0.000441868 -0.000383391 -0.000304832 -0.000225221 -0.000171857 -8.27703e-05 1.60955e-05 
-0.00233649 -0.00622747 -0.00688354 -0.00674704 -0.00678121 -0.00674042 -0.00662865 -0.00639852 -0.00622049 -0.00611775 -0.00600531 -0.00592138 -0.00585461 -0.00577197 -0.00568496 -0.0056117 -0.00551555 -0.00541832 -0.00533172 -0.00523993 -0.00515878 -0.00506032 -0.00496457 -0.00485985 -0.00475336 -0.00464325 -0.00453539 -0.00443338 -0.00435604 -0.00426282 -0.00416794 -0.00409672 -0.00401996 -0.00395022 -0.00389179 -0.00384584 -0.00380033 -0.00374797 -0.00370201 -0.00366276 -0.00360649 -0.003555 -0.00351552 -0.00345968 -0.0034098 -0.00336241 -0.00329155 -0.00322291 -0.00317243 -0.00311624 -0.00304392 -0.00297969 -0.00292907 -0.00285756 -0.00279554 -0.00274405 -0.002695 -0.00263721 -0.00257663 -0.00252316 -0.00246021 -0.00239057 -0.0023275 -0.00226345 -0.00220991 -0.0021482 -0.00207532 -0.00203339 -0.00197819 -0.00191097 -0.00185916 -0.00180572 -0.00173621 -0.00167706 -0.0016089 -0.00153819 -0.00148575 -0.00143205 -0.00138032 -0.00131613 -0.00125411 -0.00120902 -0.00113815 -0.00106305 -0.00101168 -0.000949863 -0.000876873 -0.000810391 -0.000758311 -0.00067754 -0.00060354 -0.00055288 -0.000500598 -0.000426922 -0.000355999 -0.000292027 -0.000224387 -0.000163584 -7.79698e-05 1.60955e-05 
-0.00206059 -0.00623682 -0.00704248 -0.00677231 -0.00679477 -0.00674927 -0.00662449 -0.00643451 -0.00624638 -0.00611905 -0.00600481 -0.00591101 -0.00583572 -0.00576072 -0.00568352 -0.00560829 -0.00551649 -0.00541667 -0.00530273 -0.00519966 -0.00513619 -0.00505899 -0.00497574 -0.00487278 -0.00477973 -0.00465629 -0.00453084 -0.00443613 -0.00436035 -0.00426411 -0.00417843 -0.00411203 -0.00403439 -0.00396395 -0.0039027 -0.00384804 -0.00380457 -0.00376337 -0.00371392 -0.00367592 -0.00362761 -0.00357104 -0.00352467 -0.00347097 -0.00341686 -0.00336598 -0.00330269 -0.00323559 -0.00317872 -0.00312425 -0.00305466 -0.00298602 -0.00293486 -0.00286898 -0.00280926 -0.00275226 -0.00268956 -0.00263465 -0.00258289 -0.00252781 -0.00246543 -0.0024055 -0.00233739 -0.00226861 -0.00220832 -0.00214245 -0.0020807 -0.00203175 -0.00197561 -0.00192298 -0.00187026 -0.00180781 -0.00174049 -0.00167733 -0.00160475 -0.00154214 -0.0014889 -0.00143086 -0.00137889 -0.00131406 -0.00125287 -0.00120963 -0.00113934 -0.00106105 -0.00100707 -0.00095467 -0.000884154 -0.000810421 -0.000760591 -0.000677498 -0.000598983 -0.000543413 -0.000491537 -0.000426957 -0.000352437 -0.000291168 -0.000222488 -0.00014613 -7.89348e-05 2.33871e-06 
-0.00224269 -0.00621314 -0.00705701 -0.00683088 -0.00681963 -0.00673654 -0.00659827 -0.00643822 -0.00626229 -0.00611115 -0.00599947 -0.00592247 -0.00584949 -0.00577158 -0.00569316 -0.00560037 -0.00549677 -0.00541221 -0.00531408 -0.00521287 -0.00514768 -0.0050651 -0.00497187 -0.00486762 -0.00476586 -0.00465732 -0.00456985 -0.0044765 -0.00438118 -0.00428081 -0.00418727 -0.00410716 -0.00404181 -0.00397776 -0.00391157 -0.00386077 -0.0038178 -0.00377641 -0.00373346 -0.00368698 -0.003637 -0.0035867 -0.00353789 -0.00348613 -0.00343645 -0.00337829 -0.00331631 -0.00326067 -0.00318583 -0.00311625 -0.00306464 -0.00299524 -0.00292538 -0.00286757 -0.00281705 -0.00275433 -0.00268951 -0.00264781 -0.00259324 -0.00252497 -0.00246656 -0.00241002 -0.0023477 -0.00228656 -0.00221738 -0.00214854 -0.00208939 -0.00203088 -0.00197313 -0.00193075 -0.0018775 -0.00181387 -0.00175427 -0.00168477 -0.00161081 -0.00155491 -0.00149187 -0.00142412 -0.00136934 -0.00131099 -0.00125595 -0.00120565 -0.00114085 -0.00107936 -0.00100989 -0.000946379 -0.000886727 -0.000813371 -0.000743581 -0.000668378 -0.00060956 -0.000544899 -0.000482282 -0.000421174 -0.000353792 -0.000278942 -0.000206681 -0.000146967 -8.08951e-05 1.05238e-05 
-0.00211452 -0.00592002 -0.00696967 -0.00687217 -0.00678684 -0.00672363 -0.00657605 -0.00641853 -0.00626544 -0.00611523 -0.00600727 -0.00593401 -0.00584928 -0.00576107 -0.00568737 -0.00559761 -0.00549331 -0.00541812 -0.00532518 -0.00520242 -0.00512095 -0.00504483 -0.00497486 -0.00488864 -0.00476513 -0.00465279 -0.00457395 -0.00448707 -0.00439511 -0.00431266 -0.00422778 -0.00412982 -0.00406363 -0.00399663 -0.00392383 -0.00387587 -0.00382301 -0.00378438 -0.00374882 -0.00369014 -0.00364196 -0.00360143 -0.0035489 -0.00350038 -0.0034513 -0.00338446 -0.0033206 -0.00327377 -0.00319586 -0.00311984 -0.00307876 -0.00301288 -0.00293212 -0.00287792 -0.00282077 -0.00275025 -0.00269167 -0.00264622 -0.00258996 -0.0025352 -0.00248227 -0.00241367 -0.00234834 -0.00228713 -0.00221835 -0.00216169 -0.00210146 -0.00203114 -0.00197746 -0.00193562 -0.00187389 -0.00181543 -0.00175694 -0.00168309 -0.00161509 -0.00156088 -0.00149581 -0.00143654 -0.00138568 -0.00133445 -0.00127251 -0.0011977 -0.00114111 -0.00108693 -0.00100323 -0.000937394 -0.000886263 -0.000823015 -0.000737251 -0.000656659 -0.000611742 -0.000539763 -0.000465538 -0.000412779 -0.000353437 -0.000274738 -0.000203437 -0.000151472 -7.8166e-05 1.27363e-05 
-0.00304054 -0.006355 -0.00679157 -0.00672107 -0.00677562 -0.00672444 -0.00660825 -0.00642167 -0.00626033 -0.00612882 -0.00600027 -0.00591555 -0.0058547 -0.00578162 -0.00571226 -0.00562406 -0.00550035 -0.00539456 -0.00531803 -0.00522257 -0.00513528 -0.00505493 -0.0049828 -0.00490102 -0.00479164 -0.00468789 -0.00460336 -0.00449641 -0.0044064 -0.00432773 -0.00423704 -0.0041553 -0.00408057 -0.00400496 -0.00393906 -0.00389308 -0.00383706 -0.00379145 -0.00375667 -0.00370881 -0.00365275 -0.00361115 -0.00355897 -0.00349603 -0.00344827 -0.00339424 -0.00333223 -0.00328023 -0.00320744 -0.00313288 -0.00307804 -0.0030102 -0.00294377 -0.00287828 -0.00281114 -0.00275326 -0.00270667 -0.00264664 -0.00257811 -0.00252988 -0.00248111 -0.00241561 -0.00235584 -0.00228631 -0.00221891 -0.00215535 -0.00209027 -0.00203647 -0.00198399 -0.00193602 -0.00188233 -0.00182702 -0.00175627 -0.00168639 -0.00162229 -0.00156739 -0.00150384 -0.00143558 -0.00138164 -0.00132362 -0.00126804 -0.00121559 -0.0011488 -0.00108656 -0.00101592 -0.000942519 -0.000882121 -0.000820638 -0.000746367 -0.00066474 -0.000607039 -0.000543218 -0.000478421 -0.000415881 -0.000357318 -0.000281631 -0.000201355 -0.000150683 -7.19979e-05 1.27363e-05 
-0.00233884 -0.00624018 -0.00687616 -0.00672931 -0.00675907 -0.00671615 -0.00660876 -0.00638842 -0.00621701 -0.00611726 -0.00601085 -0.00593185 -0.00586944 -0.005787 -0.00570242 -0.00562787 -0.00552554 -0.00542393 -0.00533974 -0.00524656 -0.00516518 -0.00506923 -0.00498034 -0.00489192 -0.00480214 -0.00470588 -0.00461851 -0.00453056 -0.00445651 -0.00435737 -0.00425932 -0.00418102 -0.00409046 -0.00401608 -0.00395072 -0.00390004 -0.00385243 -0.00379878 -0.0037521 -0.00371155 -0.00365331 -0.00360021 -0.00355801 -0.00350458 -0.00345614 -0.00340987 -0.00333924 -0.00326916 -0.00321533 -0.00315731 -0.00308324 -0.00301543 -0.00295873 -0.00287979 -0.00280868 -0.00275332 -0.00270157 -0.0026431 -0.00258493 -0.00253487 -0.00247709 -0.00241177 -0.00234972 -0.00228205 -0.00222614 -0.00215996 -0.00208322 -0.00204064 -0.00198479 -0.00191949 -0.00187133 -0.00182093 -0.00175158 -0.00169436 -0.00162871 -0.00156155 -0.00151081 -0.00145595 -0.00140085 -0.00133349 -0.00126975 -0.00122415 -0.00115062 -0.00107174 -0.00101541 -0.000947941 -0.000870787 -0.000804695 -0.000751381 -0.000670672 -0.000595122 -0.000541447 -0.000488664 -0.000413442 -0.000341664 -0.000279648 -0.000209603 -0.000150638 -7.46347e-05 1.27363e-05 
-0.00205212 -0.00624642 -0.00704064 -0.00675287 -0.00676536 -0.00671609 -0.00659208 -0.00640969 -0.00623067 -0.00610946 -0.00601014 -0.00592604 -0.00586582 -0.00579585 -0.00571919 -0.00564052 -0.00555017 -0.00545003 -0.00533917 -0.00523253 -0.00516959 -0.00508852 -0.00500463 -0.00491238 -0.00483474 -0.00472592 -0.0046202 -0.00453677 -0.00446705 -0.00437119 -0.00427904 -0.00420328 -0.00411339 -0.0040339 -0.00396181 -0.00390137 -0.00385279 -0.0038055 -0.00375401 -0.00371144 -0.00366105 -0.00360506 -0.00355585 -0.00350007 -0.0034484 -0.0033998 -0.00333848 -0.00327506 -0.00322077 -0.00316518 -0.00309414 -0.00302256 -0.00296785 -0.00289496 -0.00282611 -0.0027675 -0.0027013 -0.00264355 -0.00259427 -0.00253803 -0.00247537 -0.00241641 -0.00234733 -0.00227661 -0.00221516 -0.00214386 -0.00207982 -0.00203124 -0.00197158 -0.00192003 -0.00186862 -0.00180658 -0.00174205 -0.00168339 -0.00161401 -0.00155565 -0.00150953 -0.00145386 -0.00140145 -0.00133312 -0.00127027 -0.00122662 -0.00115311 -0.00107023 -0.00101025 -0.000950828 -0.000877637 -0.000804641 -0.000757074 -0.000676753 -0.000597595 -0.000541472 -0.000492519 -0.000427576 -0.000351127 -0.000291293 -0.000220998 -0.000146269 -7.89513e-05 5.67065e-06 
-0.00219565 -0.006207 -0.00706058 -0.00681428 -0.00678705 -0.0066975 -0.00655888 -0.00640421 -0.0062355 -0.00609189 -0.00599499 -0.00593231 -0.0058738 -0.00581291 -0.00573629 -0.00564617 -0.00555111 -0.00547134 -0.00537493 -0.00527085 -0.00520457 -0.00511671 -0.00502374 -0.00492551 -0.00483134 -0.00473309 -0.00465733 -0.00457027 -0.00447849 -0.00438523 -0.00428697 -0.00419525 -0.00411804 -0.00404368 -0.00396774 -0.00391118 -0.00386017 -0.00381032 -0.00376487 -0.00371308 -0.00365782 -0.00360535 -0.00355316 -0.0034996 -0.00345361 -0.00340002 -0.00334187 -0.00329171 -0.00322399 -0.00315559 -0.00310392 -0.00303332 -0.00296272 -0.00289965 -0.00284297 -0.00277917 -0.00271136 -0.00266614 -0.00261071 -0.0025405 -0.00247699 -0.00241554 -0.00234749 -0.00228424 -0.00221339 -0.00214096 -0.00208189 -0.00202262 -0.00196127 -0.00191939 -0.00186363 -0.00179627 -0.00173892 -0.00167526 -0.00160583 -0.00155748 -0.00150264 -0.00143752 -0.00138513 -0.00132696 -0.00127236 -0.00122086 -0.00115336 -0.00108706 -0.00101289 -0.000943895 -0.000883584 -0.000810784 -0.0007427 -0.000673283 -0.000615613 -0.000551552 -0.000491431 -0.000432175 -0.000363474 -0.000292679 -0.000218422 -0.000156313 -8.35781e-05 1.55443e-05 
-0.00211507 -0.00593539 -0.006974 -0.00684932 -0.00675068 -0.00667896 -0.00653018 -0.00637571 -0.00622778 -0.00609021 -0.00599712 -0.00593365 -0.00585866 -0.00578874 -0.0057235 -0.00564167 -0.00555117 -0.00548555 -0.00539688 -0.00527999 -0.00519689 -0.00511358 -0.00504383 -0.00495972 -0.00483471 -0.00472743 -0.00465476 -0.00457099 -0.00448069 -0.0044037 -0.0043133 -0.00420564 -0.00413289 -0.00405466 -0.00397072 -0.00391712 -0.00385494 -0.00380755 -0.00376698 -0.00370148 -0.00364832 -0.00360585 -0.00355336 -0.00350257 -0.00345538 -0.0033932 -0.00333598 -0.00329624 -0.00322584 -0.00315489 -0.00311614 -0.00305238 -0.00297516 -0.0029208 -0.00285888 -0.00278535 -0.00272389 -0.0026731 -0.00261681 -0.00255822 -0.00249792 -0.00242191 -0.00234637 -0.00227829 -0.00220449 -0.00214574 -0.00208596 -0.00201438 -0.00195748 -0.00191518 -0.00185021 -0.00178736 -0.00173015 -0.00165914 -0.00159877 -0.00155389 -0.00149729 -0.00144033 -0.00139263 -0.00134389 -0.00128172 -0.00120571 -0.00114805 -0.00109124 -0.00100468 -0.000937499 -0.000886788 -0.000823265 -0.000739406 -0.00066386 -0.000622166 -0.000552723 -0.000481472 -0.000430207 -0.000371622 -0.000291932 -0.000219198 -0.000163825 -8.51157e-05 1.46338e-05 
-0.00303589 -0.00636364 -0.00678773 -0.00669875 -0.00673692 -0.00667512 -0.00655686 -0.00637517 -0.00622067 -0.00610149 -0.00598598 -0.0059078 -0.00584864 -0.00578723 -0.00572401 -0.00564581 -0.00554033 -0.00545467 -0.00538351 -0.00530234 -0.00521984 -0.00513716 -0.00506332 -0.00497526 -0.0048616 -0.00475572 -0.00466991 -0.00456429 -0.00447791 -0.00440119 -0.00430469 -0.00421563 -0.00413665 -0.00404958 -0.00397366 -0.00392193 -0.00385846 -0.00380649 -0.00376416 -0.00370947 -0.00365138 -0.00360814 -0.00355682 -0.00349172 -0.00344276 -0.00339193 -0.00333776 -0.00329283 -0.00322727 -0.0031616 -0.00311284 -0.00305063 -0.00298889 -0.00293072 -0.00286397 -0.00280354 -0.00275317 -0.00268697 -0.00261205 -0.00255769 -0.0025006 -0.00242687 -0.00235749 -0.0022794 -0.00220335 -0.00213661 -0.00206949 -0.00201521 -0.00196051 -0.00190999 -0.0018524 -0.00179506 -0.00172708 -0.00165649 -0.00159826 -0.00154994 -0.00149385 -0.00143055 -0.0013819 -0.00132641 -0.00126833 -0.00121536 -0.00114876 -0.00108701 -0.00101575 -0.000944484 -0.000885181 -0.000823427 -0.000750521 -0.000672684 -0.00061505 -0.00055431 -0.000492299 -0.000431398 -0.000371063 -0.000291643 -0.000212027 -0.00015991 -7.67703e-05 1.46338e-05 
-0.00233716 -0.00625868 -0.00687952 -0.00671707 -0.00672494 -0.00666424 -0.00655818 -0.00634657 -0.00618465 -0.00609339 -0.00599237 -0.00591559 -0.0058498 -0.00576803 -0.00568364 -0.00561508 -0.0055315 -0.00545326 -0.00538345 -0.00530939 -0.00524119 -0.00515535 -0.00506497 -0.00496631 -0.00486997 -0.00476506 -0.00466807 -0.00457826 -0.0045072 -0.00441153 -0.00431176 -0.00423148 -0.00413499 -0.00405029 -0.0039782 -0.00392104 -0.00386656 -0.00380706 -0.00375263 -0.00370821 -0.00364942 -0.00359457 -0.00355242 -0.00349879 -0.00344992 -0.00340448 -0.00333984 -0.00327567 -0.00322853 -0.00317791 -0.0031124 -0.00305233 -0.00300276 -0.00293185 -0.00286743 -0.0028095 -0.00275402 -0.00268935 -0.0026234 -0.00256853 -0.00249969 -0.00242569 -0.00235361 -0.00227752 -0.00221489 -0.00214428 -0.00206389 -0.00201929 -0.0019627 -0.00189432 -0.00184273 -0.00179072 -0.00172234 -0.00166634 -0.00160394 -0.00153927 -0.00149129 -0.00144105 -0.00139068 -0.00132667 -0.00126386 -0.0012177 -0.00114522 -0.00106724 -0.0010136 -0.000950173 -0.000875628 -0.000807892 -0.000755258 -0.000673341 -0.000597361 -0.00054503 -0.000491138 -0.000415326 -0.000342623 -0.000277759 -0.00021052 -0.000151749 -7.21274e-05 1.46338e-05 
-0.00203722 -0.00626977 -0.00706145 -0.00674893 -0.00673737 -0.00666997 -0.00654517 -0.00637031 -0.00620333 -0.00609036 -0.00598703 -0.00590198 -0.00582898 -0.00575251 -0.00567542 -0.00560452 -0.00552504 -0.00544803 -0.00536126 -0.00528037 -0.00522978 -0.00516554 -0.00508623 -0.00498451 -0.00489679 -0.00477563 -0.00465839 -0.0045702 -0.0045027 -0.00440734 -0.00431738 -0.00424225 -0.00414681 -0.00406032 -0.00398111 -0.00391311 -0.00385834 -0.00380693 -0.00375183 -0.00370816 -0.00365585 -0.00359912 -0.00355097 -0.00349622 -0.00344446 -0.00339524 -0.00333637 -0.00327783 -0.00322821 -0.00317825 -0.00311345 -0.003052 -0.00300446 -0.00293938 -0.0028805 -0.0028176 -0.00274689 -0.00268665 -0.00263079 -0.00257009 -0.00250067 -0.00243357 -0.00235257 -0.00227369 -0.00220635 -0.00213211 -0.00206497 -0.00201421 -0.00195467 -0.00190092 -0.00184776 -0.00178565 -0.00171989 -0.00166019 -0.00159217 -0.00153496 -0.00148732 -0.00143477 -0.00138442 -0.00131886 -0.00125818 -0.00121406 -0.00114098 -0.00106121 -0.0010057 -0.000951295 -0.000879872 -0.000805783 -0.000755321 -0.000670762 -0.000591035 -0.000534318 -0.000480823 -0.000414379 -0.000338561 -0.000276763 -0.000209315 -0.000136367 -7.41987e-05 1.70063e-06 
-0.00213808 -0.00621938 -0.00709427 -0.00681876 -0.00676621 -0.00665556 -0.0065139 -0.00636774 -0.0062113 -0.0060803 -0.00598081 -0.00590976 -0.00583799 -0.00575839 -0.00567723 -0.00559331 -0.00550417 -0.00543832 -0.00536888 -0.00529546 -0.00524517 -0.00517839 -0.00509252 -0.00499022 -0.00488395 -0.0047701 -0.00468503 -0.00459439 -0.00450524 -0.00441376 -0.00431958 -0.00422836 -0.00414658 -0.004067 -0.00398223 -0.00391917 -0.00386299 -0.00380964 -0.00376204 -0.0037091 -0.00365251 -0.00360009 -0.00355083 -0.00349772 -0.00345136 -0.00339708 -0.00333889 -0.0032908 -0.00322718 -0.00316264 -0.00311513 -0.00305425 -0.00299035 -0.00293387 -0.0028852 -0.00281851 -0.00274592 -0.00270044 -0.00263923 -0.00256161 -0.00249499 -0.00242819 -0.00235082 -0.0022815 -0.00220648 -0.00213181 -0.00207049 -0.00200969 -0.00194857 -0.00190506 -0.00184983 -0.00178415 -0.00172572 -0.00165905 -0.00158954 -0.00153861 -0.00148194 -0.0014194 -0.00136718 -0.00131006 -0.00125661 -0.00120585 -0.00113871 -0.00107642 -0.00100601 -0.000940523 -0.000880102 -0.000806517 -0.00073614 -0.000659801 -0.000600291 -0.000534639 -0.000470173 -0.000407981 -0.000340043 -0.00026516 -0.000195065 -0.000138855 -7.49842e-05 1.45413e-05 
-0.00210864 -0.00596942 -0.00700781 -0.00685166 -0.00673181 -0.00664205 -0.00648848 -0.00634264 -0.00620493 -0.00607603 -0.0059824 -0.00591145 -0.00582468 -0.00573537 -0.00565705 -0.00557339 -0.00549018 -0.00543751 -0.00537571 -0.00529285 -0.00523405 -0.00516944 -0.00510468 -0.00501634 -0.00487987 -0.00475671 -0.00467641 -0.00458876 -0.00450164 -0.00442899 -0.00434378 -0.00423816 -0.00416285 -0.0040776 -0.00398359 -0.00392361 -0.00385525 -0.00380536 -0.00376306 -0.00369593 -0.00364281 -0.00360001 -0.00354844 -0.00349974 -0.00345164 -0.00339027 -0.00333344 -0.00329306 -0.00322457 -0.00315674 -0.00311974 -0.00306042 -0.00298838 -0.00293876 -0.00288293 -0.00281013 -0.00274686 -0.00269691 -0.00263286 -0.00256887 -0.00250622 -0.0024248 -0.00234301 -0.00227369 -0.00219851 -0.00213892 -0.00207819 -0.00200547 -0.00194902 -0.00190592 -0.00184146 -0.00178093 -0.00172206 -0.00164934 -0.00158627 -0.00153679 -0.00147736 -0.00142173 -0.00137427 -0.0013258 -0.00126572 -0.00119165 -0.00113484 -0.00108019 -0.000995613 -0.000929131 -0.000877498 -0.000813868 -0.000727787 -0.00064653 -0.000600987 -0.000527645 -0.000452053 -0.000398738 -0.000339265 -0.000261763 -0.000192916 -0.000143961 -7.46207e-05 1.22829e-05 
-0.00303587 -0.00638253 -0.00679917 -0.00669216 -0.00671546 -0.00663423 -0.00651292 -0.00633512 -0.00618595 -0.00607017 -0.00596052 -0.00587807 -0.00581373 -0.00574297 -0.00566745 -0.00558439 -0.00548509 -0.00541206 -0.00536308 -0.00530613 -0.00524798 -0.00518259 -0.0051125 -0.00502418 -0.00490103 -0.0047852 -0.0046944 -0.00458536 -0.00450056 -0.00442853 -0.00433631 -0.00424857 -0.00416667 -0.00407132 -0.00398642 -0.00392743 -0.00385668 -0.00380144 -0.00375659 -0.00370083 -0.00364076 -0.0035945 -0.00354101 -0.00348036 -0.00343261 -0.00338449 -0.00333449 -0.00328785 -0.00322153 -0.00315776 -0.00311055 -0.00304791 -0.0029891 -0.00293216 -0.00286701 -0.00280849 -0.00275967 -0.00269413 -0.00261725 -0.00255991 -0.00249984 -0.00241972 -0.00234717 -0.00227106 -0.00219567 -0.00213027 -0.00206336 -0.00200797 -0.00195353 -0.00190302 -0.00184618 -0.00178942 -0.00171767 -0.00164669 -0.00158593 -0.00153479 -0.00147664 -0.00141296 -0.00136374 -0.00130883 -0.00125412 -0.001203 -0.00113839 -0.00107619 -0.00100509 -0.000932441 -0.000871873 -0.00080969 -0.000735013 -0.000653087 -0.000594582 -0.000529483 -0.000464012 -0.000401415 -0.000343761 -0.000270445 -0.000193054 -0.000144571 -6.94895e-05 1.22829e-05 
-0.0023389 -0.00626182 -0.00687569 -0.00670366 -0.00669424 -0.00661628 -0.00650096 -0.00628984 -0.00613017 -0.00604246 -0.00595206 -0.00587815 -0.0058114 -0.0057265 -0.0056377 -0.00556605 -0.00548534 -0.00541703 -0.00536444 -0.00531068 -0.00526016 -0.00518948 -0.0051063 -0.00500419 -0.00490186 -0.00479584 -0.00469718 -0.00460493 -0.00453453 -0.00443945 -0.00434215 -0.00426126 -0.00415965 -0.00407032 -0.00398832 -0.00392416 -0.00386253 -0.00379803 -0.00373922 -0.00368952 -0.00362568 -0.00356671 -0.00352156 -0.00347332 -0.00342853 -0.00338727 -0.00332836 -0.00326679 -0.00321801 -0.00316813 -0.00310506 -0.00304476 -0.00299481 -0.0029249 -0.00285839 -0.00280326 -0.00274982 -0.00268535 -0.00262179 -0.00256463 -0.0024935 -0.00241377 -0.00234113 -0.00226563 -0.00220479 -0.00213622 -0.00205619 -0.00201144 -0.00195334 -0.00188452 -0.00183363 -0.00178112 -0.00170973 -0.00165181 -0.00158877 -0.00152404 -0.00147669 -0.00142619 -0.00137487 -0.00131166 -0.00125087 -0.00120728 -0.00113638 -0.00105831 -0.00100227 -0.000935767 -0.000858989 -0.000792175 -0.000738582 -0.000657437 -0.000580998 -0.00052641 -0.000473655 -0.000399291 -0.000329139 -0.000269735 -0.000202786 -0.000146571 -7.30721e-05 1.22829e-05 
-0.00203962 -0.00625876 -0.00704051 -0.00671992 -0.00669052 -0.00660663 -0.00647383 -0.00629426 -0.00612966 -0.00601431 -0.00592337 -0.00584792 -0.0057852 -0.0057107 -0.00563516 -0.0055668 -0.00549054 -0.00542241 -0.00535029 -0.00528625 -0.00524224 -0.00518868 -0.00511511 -0.00501704 -0.00492778 -0.00480699 -0.00469048 -0.0046034 -0.00453168 -0.00443156 -0.00434053 -0.00426187 -0.00416002 -0.00407212 -0.00398266 -0.00390808 -0.00384735 -0.00378811 -0.00372741 -0.00367508 -0.00361614 -0.00355648 -0.0035041 -0.00345237 -0.00340681 -0.00336425 -0.00331198 -0.00326025 -0.00321429 -0.00316463 -0.00310154 -0.00304118 -0.00299299 -0.00292611 -0.00286546 -0.00280605 -0.00273868 -0.0026796 -0.00262653 -0.00256531 -0.00249286 -0.00242343 -0.00234367 -0.00226375 -0.00219684 -0.00212257 -0.00205546 -0.00200276 -0.00194004 -0.00188549 -0.00183139 -0.00176738 -0.00169988 -0.00164081 -0.00157232 -0.00151642 -0.00147163 -0.0014203 -0.0013703 -0.00130511 -0.00124651 -0.00120495 -0.00113315 -0.00105307 -0.000994699 -0.000936079 -0.000863582 -0.000790673 -0.000742615 -0.000661616 -0.000582003 -0.000525787 -0.000476903 -0.000412842 -0.000339228 -0.000282923 -0.000216034 -0.000144095 -7.79746e-05 5.95392e-06 
-0.00215194 -0.0062026 -0.00705765 -0.00677496 -0.00670827 -0.00659202 -0.00643989 -0.00628107 -0.0061235 -0.00598285 -0.00589176 -0.00583627 -0.00578142 -0.00571748 -0.0056474 -0.00557257 -0.00548737 -0.00542713 -0.00536232 -0.00529106 -0.00524398 -0.00518286 -0.0051033 -0.00500869 -0.00491333 -0.00480496 -0.00472242 -0.00463165 -0.00453534 -0.0044353 -0.004334 -0.00423429 -0.00414564 -0.00406449 -0.00397346 -0.00390627 -0.00384459 -0.00378258 -0.00373 -0.00366715 -0.00359969 -0.00354196 -0.00348571 -0.00343439 -0.00339695 -0.00335394 -0.00330448 -0.00326418 -0.00320806 -0.0031477 -0.00310168 -0.00304296 -0.00297929 -0.00292073 -0.00286967 -0.0028056 -0.00273787 -0.00269443 -0.00263674 -0.00255968 -0.00249041 -0.00242248 -0.00234652 -0.00227629 -0.00220002 -0.00212342 -0.00206001 -0.0019957 -0.00193043 -0.00188592 -0.00182801 -0.00175847 -0.0016996 -0.00163605 -0.00156548 -0.00151822 -0.00146411 -0.00140241 -0.0013516 -0.00129571 -0.00124488 -0.00119555 -0.00113 -0.00106644 -0.00099495 -0.00092698 -0.000867026 -0.000794776 -0.000727191 -0.000657014 -0.000599332 -0.000534962 -0.000475615 -0.000418711 -0.000354538 -0.000287953 -0.000217221 -0.000156742 -8.53066e-05 1.2233e-05 
-0.00211559 -0.00594284 -0.00696618 -0.0068048 -0.00667834 -0.00658522 -0.00641454 -0.0062495 -0.00610823 -0.0059749 -0.00588568 -0.00583195 -0.00576365 -0.00569628 -0.00563764 -0.00556891 -0.00549114 -0.00543881 -0.00536976 -0.00527827 -0.00521584 -0.00515697 -0.00509504 -0.0050183 -0.00490265 -0.00479438 -0.00471787 -0.00462822 -0.00453094 -0.00444576 -0.00434729 -0.00422779 -0.00414542 -0.00405911 -0.0039608 -0.00389947 -0.00382618 -0.00376874 -0.00372013 -0.00364081 -0.00357624 -0.00352771 -0.00347382 -0.0034264 -0.00338708 -0.00333704 -0.00329123 -0.00325944 -0.00320091 -0.00314055 -0.00310725 -0.00305149 -0.00298144 -0.00293068 -0.00287416 -0.00280237 -0.00274283 -0.00269407 -0.00263376 -0.00257068 -0.00250696 -0.0024247 -0.0023441 -0.00227281 -0.00219555 -0.00213192 -0.00206713 -0.00198987 -0.00192842 -0.00188365 -0.00181656 -0.00175193 -0.00169371 -0.00162305 -0.00156083 -0.00151609 -0.00145877 -0.00140284 -0.00135639 -0.00130957 -0.0012501 -0.00117705 -0.00112155 -0.00106701 -0.000983456 -0.000918135 -0.000868015 -0.000805695 -0.00072304 -0.000647516 -0.000605711 -0.000537257 -0.000467758 -0.00041968 -0.000365604 -0.000290183 -0.000220971 -0.000166734 -8.61036e-05 1.57651e-05 
-0.0030488 -0.00635556 -0.00675655 -0.00664559 -0.00666976 -0.00658763 -0.00645357 -0.00626181 -0.00610746 -0.00599166 -0.00587849 -0.00580889 -0.00575731 -0.00570054 -0.00564918 -0.00558619 -0.00550047 -0.00542518 -0.00536696 -0.00529046 -0.0052189 -0.00515321 -0.00509049 -0.00501816 -0.00491541 -0.00481786 -0.00473458 -0.00462353 -0.00452869 -0.00444147 -0.00432669 -0.0042264 -0.00413497 -0.00403527 -0.00394799 -0.0038899 -0.0038175 -0.00375832 -0.00370613 -0.00363976 -0.00357204 -0.00352067 -0.00346805 -0.00340756 -0.00336535 -0.00332601 -0.00328578 -0.00324958 -0.00319445 -0.00314152 -0.00310028 -0.0030426 -0.00298547 -0.00293082 -0.0028677 -0.0028103 -0.00276316 -0.00269759 -0.00262061 -0.00256372 -0.00250465 -0.00242577 -0.00235342 -0.00227543 -0.00219724 -0.00212568 -0.00205162 -0.00199256 -0.00193293 -0.0018798 -0.00182081 -0.00176223 -0.00169384 -0.00162393 -0.00156437 -0.00151492 -0.00145794 -0.00139312 -0.00134529 -0.00129075 -0.00123399 -0.00118283 -0.00111911 -0.00105955 -0.000990955 -0.00092304 -0.000865459 -0.000805324 -0.000733668 -0.000656281 -0.000600972 -0.000541899 -0.000481672 -0.00042404 -0.000368798 -0.000294251 -0.000217907 -0.000167312 -8.07612e-05 1.57651e-05 
-0.00234467 -0.00622173 -0.00683111 -0.00666126 -0.00665843 -0.00658754 -0.00647209 -0.0062518 -0.00608436 -0.00599044 -0.0058908 -0.00581899 -0.00576264 -0.00570003 -0.00563719 -0.00558809 -0.00552106 -0.00545051 -0.00538628 -0.0053093 -0.00523891 -0.00515667 -0.00508014 -0.00500162 -0.00491675 -0.00482745 -0.00473856 -0.00464753 -0.00456754 -0.00445625 -0.00433519 -0.0042372 -0.00412387 -0.00402396 -0.00394423 -0.00388055 -0.00381825 -0.00375099 -0.00368549 -0.00363186 -0.00356331 -0.00349947 -0.00345378 -0.00340571 -0.00336453 -0.00332905 -0.00328072 -0.00323008 -0.00319151 -0.00315061 -0.00309506 -0.00304075 -0.00299399 -0.00292796 -0.00286592 -0.00281214 -0.00275951 -0.00269466 -0.00262776 -0.00256934 -0.00249983 -0.00242202 -0.00235156 -0.00227675 -0.00221288 -0.00213877 -0.00204979 -0.00199894 -0.00193681 -0.00186405 -0.00181145 -0.00175989 -0.00169212 -0.00163662 -0.00157323 -0.00150744 -0.00145785 -0.00140553 -0.00135464 -0.00129096 -0.00122799 -0.0011831 -0.00111378 -0.00103846 -0.000987425 -0.000927434 -0.00085558 -0.000790949 -0.0007395 -0.000660647 -0.0005876 -0.000537263 -0.000486776 -0.00041534 -0.000347068 -0.000286489 -0.000220844 -0.000161631 -7.76933e-05 1.57651e-05 
-0.00205774 -0.00622144 -0.00698898 -0.00668606 -0.00667354 -0.0066037 -0.00647836 -0.00629547 -0.00611503 -0.00599742 -0.00589554 -0.00581487 -0.00575421 -0.00569955 -0.00564794 -0.00560017 -0.00554528 -0.00547659 -0.00538889 -0.00530161 -0.00524631 -0.00517277 -0.00509927 -0.00501597 -0.0049439 -0.00484203 -0.00473554 -0.00464842 -0.00456891 -0.00445469 -0.00434297 -0.00424595 -0.00412769 -0.0040255 -0.0039365 -0.00386205 -0.00380116 -0.00374187 -0.00367793 -0.00362595 -0.00356372 -0.00349893 -0.0034488 -0.0033989 -0.00335469 -0.00331492 -0.0032705 -0.00322653 -0.00318826 -0.00314673 -0.0030903 -0.00303582 -0.00299224 -0.00293088 -0.00287652 -0.00281807 -0.00275121 -0.00269106 -0.00263349 -0.0025702 -0.00249915 -0.00243216 -0.00235671 -0.00227881 -0.00221054 -0.00213258 -0.00205745 -0.00199744 -0.00193104 -0.00187241 -0.00181679 -0.00175633 -0.00169161 -0.00163333 -0.00156569 -0.00150724 -0.00145787 -0.00140187 -0.0013497 -0.00128334 -0.00122218 -0.0011784 -0.00110778 -0.00103141 -0.000978866 -0.000927646 -0.000860781 -0.000791304 -0.000743926 -0.000664378 -0.000587111 -0.000532629 -0.000483558 -0.000421287 -0.000348598 -0.000289825 -0.000222638 -0.000146454 -7.75946e-05 3.81492e-06 
-0.00219609 -0.00617831 -0.00700465 -0.00674438 -0.00670264 -0.00660159 -0.00646154 -0.00630611 -0.00613968 -0.00599726 -0.00589558 -0.00583016 -0.00576742 -0.00571441 -0.00566796 -0.00561722 -0.00555797 -0.00550594 -0.00542722 -0.00533816 -0.00528126 -0.00520384 -0.00511905 -0.00502896 -0.0049392 -0.0048459 -0.00476949 -0.00467819 -0.00457374 -0.00446468 -0.00434442 -0.00422581 -0.00412303 -0.00402762 -0.00393074 -0.00386175 -0.00380079 -0.00374041 -0.00368575 -0.00362417 -0.00355732 -0.00349891 -0.00344491 -0.00339491 -0.00335611 -0.00331336 -0.00326795 -0.00323265 -0.00318344 -0.00313045 -0.00308881 -0.00303502 -0.0029759 -0.00292341 -0.00287904 -0.00281827 -0.00274987 -0.00270435 -0.00264341 -0.00256596 -0.00249789 -0.00243399 -0.00236333 -0.00229613 -0.00221924 -0.00213991 -0.00207045 -0.00199854 -0.00192932 -0.00188132 -0.00182279 -0.00175646 -0.00169969 -0.00163629 -0.00156747 -0.00151599 -0.00145678 -0.00139035 -0.00133541 -0.00127588 -0.00122077 -0.00117025 -0.001105 -0.00104545 -0.000979351 -0.000918841 -0.000864035 -0.000795568 -0.000730107 -0.000659511 -0.000602279 -0.000538696 -0.000478885 -0.000420263 -0.000354493 -0.000282483 -0.00021024 -0.000148621 -8.29924e-05 4.21143e-06 
-0.00212329 -0.00591303 -0.00692178 -0.00678072 -0.00667741 -0.00660281 -0.00644971 -0.00629427 -0.00614922 -0.00600252 -0.00590173 -0.00583413 -0.00576795 -0.0057124 -0.0056747 -0.00563281 -0.00557544 -0.00552941 -0.00545852 -0.00535584 -0.00528167 -0.00520646 -0.00514336 -0.00506368 -0.00494637 -0.00484227 -0.00476929 -0.00467805 -0.00457457 -0.00448417 -0.0043716 -0.0042338 -0.00413914 -0.00403916 -0.00392968 -0.00386231 -0.00378665 -0.00373176 -0.00368389 -0.00360722 -0.00354584 -0.00349819 -0.00344311 -0.00339538 -0.00335473 -0.00330557 -0.00326189 -0.00323165 -0.00317892 -0.00312331 -0.00309136 -0.00303749 -0.00297038 -0.00292454 -0.00287414 -0.0028091 -0.00275136 -0.00270242 -0.00264101 -0.0025791 -0.00251773 -0.00244022 -0.00236437 -0.00229746 -0.00222257 -0.00215726 -0.00208783 -0.00200495 -0.00193802 -0.00188985 -0.00182334 -0.00175963 -0.00170096 -0.00163141 -0.00156834 -0.00151835 -0.00145698 -0.00139801 -0.00134675 -0.00129449 -0.00123168 -0.00115695 -0.00110118 -0.00104999 -0.000971655 -0.000910842 -0.000865155 -0.000806989 -0.000726645 -0.000651364 -0.000608486 -0.000538714 -0.000466714 -0.00041579 -0.000358495 -0.000280755 -0.000209005 -0.000155054 -7.84036e-05 1.30087e-05 
-0.00302851 -0.00632704 -0.00673633 -0.00663302 -0.00667096 -0.00661134 -0.00649211 -0.00630655 -0.00614595 -0.00601306 -0.00588693 -0.00580951 -0.0057609 -0.00571899 -0.00568795 -0.00565029 -0.00558622 -0.00552371 -0.00546745 -0.00538987 -0.00530983 -0.00523282 -0.00516574 -0.00508661 -0.00498155 -0.00487919 -0.00479384 -0.00467547 -0.00457279 -0.00447885 -0.00435684 -0.00424293 -0.00414254 -0.00403147 -0.00393283 -0.00386552 -0.00378532 -0.00372328 -0.00367458 -0.00361189 -0.00354688 -0.00349726 -0.00344297 -0.003382 -0.00333957 -0.00330057 -0.00326097 -0.00322651 -0.00317447 -0.00312335 -0.00308145 -0.00302302 -0.00296772 -0.00291542 -0.00285655 -0.00280502 -0.00276253 -0.00270322 -0.0026311 -0.00257718 -0.00251941 -0.00244391 -0.00237521 -0.00230054 -0.00222691 -0.00215452 -0.00207991 -0.00201648 -0.00195141 -0.00189574 -0.00183687 -0.00177674 -0.00170539 -0.0016356 -0.001574 -0.00152159 -0.00146038 -0.00139158 -0.0013376 -0.00127852 -0.00122152 -0.00116975 -0.00110599 -0.00104811 -0.00098245 -0.000916671 -0.000863153 -0.000807768 -0.000738525 -0.00066173 -0.000606787 -0.000545227 -0.000481673 -0.000420441 -0.000363705 -0.000288247 -0.000207386 -0.000155963 -7.40524e-05 1.30087e-05 
-0.00234128 -0.00620828 -0.00681723 -0.00664923 -0.00666355 -0.00661337 -0.00650612 -0.0062839 -0.00610549 -0.00600004 -0.00589548 -0.00581697 -0.00576795 -0.00572142 -0.00568147 -0.00565265 -0.00560546 -0.00554549 -0.005486 -0.00541132 -0.0053437 -0.00525966 -0.00517598 -0.00508982 -0.00500208 -0.00490118 -0.00480369 -0.00470092 -0.00461148 -0.00449036 -0.00436331 -0.004261 -0.00414091 -0.00403367 -0.0039405 -0.00386499 -0.00379392 -0.00372037 -0.00365434 -0.00360381 -0.00353835 -0.0034774 -0.00343174 -0.00338284 -0.00334108 -0.00330587 -0.0032588 -0.00321087 -0.00317329 -0.00313257 -0.00307583 -0.00301834 -0.00297128 -0.00290736 -0.00284658 -0.00279897 -0.00275452 -0.00269938 -0.00264207 -0.00258795 -0.00251931 -0.00244347 -0.00237242 -0.00229899 -0.00223928 -0.0021661 -0.00207888 -0.00202956 -0.00196295 -0.00188743 -0.00183372 -0.00177788 -0.00170608 -0.00164822 -0.00158238 -0.00151478 -0.00146306 -0.00140774 -0.00135213 -0.00128464 -0.00122079 -0.00117611 -0.00110684 -0.00103315 -0.000982816 -0.000924056 -0.000855864 -0.000795057 -0.00074559 -0.000668797 -0.000597852 -0.000545689 -0.000493932 -0.000419681 -0.000348577 -0.000287304 -0.00021646 -0.000155907 -7.79829e-05 1.30087e-05 
-0.00206173 -0.00621913 -0.00698337 -0.00668254 -0.00668848 -0.00663226 -0.00650815 -0.00632363 -0.00613027 -0.00600202 -0.00590551 -0.00581621 -0.00576151 -0.00572893 -0.00569323 -0.00566187 -0.00562157 -0.00556167 -0.00548184 -0.00540013 -0.00534933 -0.0052834 -0.00520702 -0.00511874 -0.00504098 -0.00492326 -0.00480273 -0.00469893 -0.00460812 -0.00448178 -0.00436555 -0.00427211 -0.00415487 -0.00404902 -0.00394626 -0.00385629 -0.00378136 -0.00371412 -0.00364689 -0.00359429 -0.00353665 -0.00347592 -0.00342736 -0.00337736 -0.0033323 -0.00329321 -0.00325151 -0.0032096 -0.00317204 -0.00313062 -0.00307308 -0.00301454 -0.00296826 -0.00290646 -0.00285123 -0.0028016 -0.00274758 -0.00269768 -0.00265192 -0.00259358 -0.00252325 -0.00245484 -0.0023758 -0.0022975 -0.00223142 -0.00215682 -0.00208421 -0.00202874 -0.00196245 -0.00190165 -0.00184317 -0.00177612 -0.00170567 -0.00164137 -0.00156985 -0.00151011 -0.00146054 -0.00140378 -0.00135066 -0.00128291 -0.00122035 -0.00117828 -0.00110964 -0.00103274 -0.000979803 -0.000928617 -0.000862118 -0.000794312 -0.000750374 -0.000675427 -0.000601457 -0.000548179 -0.000500269 -0.000435947 -0.0003598 -0.000300071 -0.00022892 -0.000152744 -8.28762e-05 6.42363e-06 
-0.00218508 -0.00617632 -0.00701158 -0.00675633 -0.00672644 -0.00663412 -0.00649406 -0.00633605 -0.00615865 -0.00600254 -0.00590303 -0.00583809 -0.00579101 -0.00575345 -0.00571951 -0.00567451 -0.00562783 -0.00558286 -0.00551219 -0.00543051 -0.00537886 -0.00530945 -0.00522936 -0.00513809 -0.00504236 -0.00493512 -0.00484515 -0.00473473 -0.00461585 -0.0044905 -0.00436603 -0.004252 -0.00415294 -0.00405853 -0.00395461 -0.00386933 -0.0037877 -0.00371466 -0.0036557 -0.00359316 -0.0035296 -0.00347552 -0.00342285 -0.0033742 -0.00333551 -0.00329409 -0.00325141 -0.00321807 -0.00316944 -0.00311796 -0.00307509 -0.00301704 -0.00295612 -0.00290201 -0.00285648 -0.0028041 -0.002751 -0.00271547 -0.00266592 -0.00259486 -0.00252551 -0.00245582 -0.00237814 -0.00230886 -0.00223449 -0.00215867 -0.00209313 -0.00202764 -0.00196133 -0.00191214 -0.00184902 -0.00177612 -0.00171193 -0.00164031 -0.00156583 -0.00151312 -0.00145483 -0.00138882 -0.0013359 -0.00127786 -0.00122422 -0.00117515 -0.00111187 -0.00105103 -0.000983083 -0.000921509 -0.000865294 -0.000798232 -0.000736132 -0.000672176 -0.000619078 -0.000559768 -0.000502698 -0.000444015 -0.000376056 -0.000304271 -0.000228655 -0.000164747 -8.55886e-05 2.20235e-05 
-0.00212152 -0.00591573 -0.00693082 -0.00680472 -0.00671171 -0.00663873 -0.00648974 -0.00633187 -0.00617435 -0.0060232 -0.00593104 -0.00587853 -0.00583044 -0.00578168 -0.00574413 -0.00570004 -0.00564162 -0.00559932 -0.00553673 -0.00544352 -0.00537675 -0.00531011 -0.0052515 -0.00517167 -0.00504666 -0.00493061 -0.00484269 -0.00473452 -0.00461614 -0.00451255 -0.00439716 -0.00426125 -0.00416843 -0.00407857 -0.00396778 -0.00388903 -0.00378694 -0.00370743 -0.0036574 -0.0035809 -0.00352086 -0.00347762 -0.00342449 -0.00337722 -0.00333843 -0.00329126 -0.00324914 -0.00322071 -0.00317022 -0.00311513 -0.00308262 -0.00302835 -0.00296012 -0.00291244 -0.00286357 -0.00280639 -0.00276003 -0.00272111 -0.00267209 -0.00261404 -0.0025486 -0.00246417 -0.00237904 -0.00230551 -0.00222955 -0.00216875 -0.00210526 -0.00202921 -0.00196881 -0.00192012 -0.00184735 -0.00177664 -0.0017093 -0.0016298 -0.00156256 -0.00151139 -0.00145044 -0.0013939 -0.0013467 -0.00129885 -0.0012397 -0.00116731 -0.00111178 -0.00105878 -0.000977203 -0.000913983 -0.000865867 -0.000807638 -0.000731505 -0.000662312 -0.000625921 -0.000564553 -0.000497367 -0.000446912 -0.000389395 -0.000307083 -0.000230557 -0.000173934 -9.04843e-05 1.48664e-05 
-0.00302814 -0.00632281 -0.00674338 -0.00666107 -0.0067056 -0.00665072 -0.0065312 -0.00634518 -0.00618674 -0.00606301 -0.00595818 -0.00590108 -0.00586873 -0.00582123 -0.00578545 -0.00573967 -0.00566324 -0.00559434 -0.0055447 -0.00547309 -0.00540047 -0.00533035 -0.00526611 -0.00518697 -0.00507651 -0.00496799 -0.00487037 -0.00473409 -0.00461807 -0.00451406 -0.00438789 -0.00427601 -0.00418795 -0.00409027 -0.00398353 -0.00390911 -0.00380959 -0.00372052 -0.00365675 -0.00359278 -0.00352833 -0.00348338 -0.00343283 -0.00337135 -0.00332983 -0.00329183 -0.00325203 -0.00322017 -0.00317134 -0.00312011 -0.00307843 -0.00302332 -0.00296801 -0.00291577 -0.00286089 -0.00281495 -0.00277945 -0.00273023 -0.00266874 -0.00261563 -0.00255278 -0.00247075 -0.00239322 -0.00231071 -0.00223118 -0.00216241 -0.00209477 -0.00203795 -0.00197996 -0.00192474 -0.0018607 -0.00179326 -0.00171198 -0.00163078 -0.00156344 -0.00150839 -0.00145038 -0.00138867 -0.00134104 -0.00128754 -0.00123492 -0.00118471 -0.00111912 -0.00105807 -0.000989405 -0.000918427 -0.000860854 -0.000803977 -0.000737937 -0.000668668 -0.000621092 -0.000569515 -0.000513026 -0.00045447 -0.000395623 -0.000314021 -0.000227785 -0.00017241 -8.30368e-05 1.48664e-05 
-0.00235107 -0.00620779 -0.00682062 -0.00665935 -0.00667716 -0.00663632 -0.00652809 -0.00631924 -0.00615779 -0.00606918 -0.00598371 -0.00593173 -0.00589877 -0.00585189 -0.00580912 -0.00576707 -0.00570097 -0.00562852 -0.00556711 -0.00549591 -0.00543024 -0.00534708 -0.00526697 -0.00517872 -0.00508664 -0.00498579 -0.0048824 -0.00476915 -0.00466912 -0.00453746 -0.00440291 -0.0043033 -0.00419559 -0.00408979 -0.00399252 -0.00391269 -0.00381956 -0.00373592 -0.00365566 -0.00359717 -0.00353356 -0.00347567 -0.00343289 -0.00338073 -0.00333703 -0.00330238 -0.00325561 -0.00321004 -0.00317501 -0.00313462 -0.00307863 -0.00302497 -0.00297994 -0.00291656 -0.00286108 -0.00281758 -0.00277773 -0.00273281 -0.00268291 -0.00262999 -0.00255564 -0.00247309 -0.00239373 -0.00231141 -0.00224583 -0.00217389 -0.0020918 -0.00204691 -0.00198757 -0.00191401 -0.00185544 -0.00179258 -0.0017114 -0.00164402 -0.00157315 -0.0015014 -0.00145244 -0.00140401 -0.00135594 -0.00129558 -0.00123854 -0.00119508 -0.0011198 -0.00104175 -0.000985632 -0.000919818 -0.000846906 -0.000785851 -0.000738758 -0.000671903 -0.000610222 -0.000566349 -0.000520664 -0.000449098 -0.000377132 -0.000310394 -0.000234481 -0.000167987 -8.15188e-05 1.48664e-05 
-0.00207403 -0.00623033 -0.00698255 -0.00667554 -0.00668736 -0.0066306 -0.00652332 -0.00635277 -0.0061842 -0.00607132 -0.00599998 -0.00594374 -0.00591634 -0.0058821 -0.00583987 -0.00579181 -0.0057337 -0.0056608 -0.00557361 -0.00548861 -0.00543373 -0.00536341 -0.00528634 -0.00520017 -0.00512095 -0.00500535 -0.00488146 -0.00477462 -0.00467694 -0.00454189 -0.00441738 -0.0043205 -0.00421775 -0.00411206 -0.00401302 -0.00391798 -0.00382212 -0.00374191 -0.00366326 -0.00360987 -0.00355167 -0.00348812 -0.00343794 -0.0033857 -0.00333709 -0.00329653 -0.00325541 -0.00321393 -0.00317695 -0.00313736 -0.00308226 -0.00302666 -0.00298312 -0.00292407 -0.00287242 -0.00282509 -0.00277452 -0.00273107 -0.00268836 -0.00263503 -0.00256495 -0.00249106 -0.00240203 -0.00231393 -0.00224137 -0.00216541 -0.00209694 -0.00204323 -0.00198278 -0.0019256 -0.00186481 -0.00179185 -0.00171227 -0.00164208 -0.00156422 -0.00150213 -0.00145333 -0.00140285 -0.00135634 -0.00129929 -0.00124323 -0.00119488 -0.00112003 -0.00103558 -0.000975144 -0.000918055 -0.000849118 -0.00078352 -0.000741332 -0.000674398 -0.000610015 -0.00056377 -0.000520076 -0.000457811 -0.000382453 -0.000318154 -0.000241571 -0.000158077 -8.44732e-05 4.84525e-06 
-0.00218664 -0.00618765 -0.00701102 -0.00674534 -0.00671496 -0.0066392 -0.00652163 -0.00637295 -0.00621738 -0.00607078 -0.00598811 -0.0059535 -0.00592872 -0.00590619 -0.00586727 -0.00581081 -0.00575005 -0.00569394 -0.00561216 -0.0055192 -0.00545989 -0.00538208 -0.00529696 -0.0052067 -0.00511854 -0.00501624 -0.00492896 -0.00481913 -0.00469564 -0.00456014 -0.00442102 -0.0043112 -0.00421075 -0.00410052 -0.00400611 -0.00390728 -0.00382162 -0.00375807 -0.00368908 -0.00361799 -0.003557 -0.00349935 -0.0034444 -0.00339199 -0.00334894 -0.00330356 -0.00325982 -0.00322619 -0.00317786 -0.00312751 -0.00308684 -0.00303088 -0.00297138 -0.0029206 -0.00287682 -0.00282621 -0.00277476 -0.00274335 -0.0026967 -0.00262837 -0.00256327 -0.0024915 -0.00240812 -0.00233095 -0.00225048 -0.00217075 -0.00210699 -0.0020423 -0.00197793 -0.00193137 -0.0018713 -0.00179685 -0.00172863 -0.00165228 -0.0015682 -0.00151092 -0.00145258 -0.00138699 -0.00134111 -0.00129258 -0.00123762 -0.00118457 -0.00112038 -0.00105083 -0.000981464 -0.000907092 -0.000851448 -0.000782782 -0.000726865 -0.000669727 -0.000623496 -0.000567958 -0.000510553 -0.000451899 -0.000380911 -0.00031224 -0.000233652 -0.000165782 -9.02427e-05 1.39751e-05 
-0.00211553 -0.00594694 -0.00693216 -0.00680411 -0.00671677 -0.00666402 -0.00654255 -0.00636178 -0.00622757 -0.00607703 -0.00599594 -0.00595793 -0.00592857 -0.00590579 -0.00587914 -0.00583167 -0.00576896 -0.00571785 -0.00563736 -0.00552316 -0.00544828 -0.00537179 -0.00530538 -0.00523002 -0.00511506 -0.00501379 -0.0049246 -0.00482325 -0.00470409 -0.00458521 -0.00445037 -0.00431279 -0.00420648 -0.00410089 -0.0040151 -0.00392945 -0.00383077 -0.00375551 -0.00369721 -0.00361792 -0.00355592 -0.00350836 -0.00345184 -0.00340101 -0.00335744 -0.00330777 -0.00326188 -0.00323132 -0.0031812 -0.00312686 -0.00309371 -0.00303668 -0.00297162 -0.00292481 -0.00287633 -0.00281972 -0.00277597 -0.00274005 -0.00269384 -0.00263707 -0.00257676 -0.00249356 -0.00240642 -0.00232978 -0.00225171 -0.00218512 -0.00211865 -0.00204634 -0.00198273 -0.0019358 -0.00186625 -0.00179924 -0.00173043 -0.00165129 -0.00157473 -0.00151699 -0.00144395 -0.00138245 -0.00134222 -0.00129506 -0.00123751 -0.00117775 -0.0011209 -0.00105924 -0.000978762 -0.000901394 -0.000848637 -0.000790379 -0.000721531 -0.000663132 -0.000625593 -0.000559222 -0.000491042 -0.0004421 -0.000376125 -0.000302069 -0.000234165 -0.000175076 -8.95516e-05 1.6259e-05 
-0.00294559 -0.00622804 -0.00671419 -0.00662733 -0.00671129 -0.00669822 -0.00658669 -0.0064131 -0.00626488 -0.00610857 -0.00599374 -0.00594482 -0.00592305 -0.00590924 -0.00589094 -0.00584955 -0.00577563 -0.00570635 -0.00563296 -0.00554717 -0.00546403 -0.0053849 -0.0053064 -0.00522643 -0.00513464 -0.00504448 -0.00493437 -0.00480615 -0.00470164 -0.00458213 -0.00444571 -0.00433096 -0.0042174 -0.00409935 -0.00400682 -0.0039189 -0.00383743 -0.00376159 -0.0037039 -0.00363427 -0.00356366 -0.00351241 -0.00345731 -0.00339695 -0.00335581 -0.00331426 -0.0032676 -0.00323089 -0.00318408 -0.00313406 -0.00308522 -0.00302617 -0.00297146 -0.00292408 -0.00286355 -0.00282092 -0.00278356 -0.00273826 -0.00267668 -0.00262727 -0.00257418 -0.00250024 -0.00241844 -0.00233598 -0.00225598 -0.00217935 -0.00211109 -0.00205445 -0.00199498 -0.00193341 -0.0018742 -0.00181433 -0.0017332 -0.00165399 -0.00157866 -0.00150948 -0.00143895 -0.00138268 -0.00133158 -0.00127687 -0.00123442 -0.00118052 -0.00111595 -0.00105103 -0.000975894 -0.000908471 -0.000848018 -0.000789993 -0.000729371 -0.000667099 -0.000617675 -0.000563766 -0.000504955 -0.000452781 -0.000386834 -0.000302606 -0.00022704 -0.000175715 -8.59463e-05 1.6259e-05 
-0.00233333 -0.00580955 -0.00659555 -0.00652451 -0.00664016 -0.00669937 -0.00662031 -0.00647402 -0.00632788 -0.00613598 -0.00601503 -0.00595266 -0.00591563 -0.00589955 -0.00588052 -0.00584713 -0.00578477 -0.00571619 -0.00564713 -0.00557043 -0.00548078 -0.0053888 -0.00529053 -0.00520884 -0.00513042 -0.00504434 -0.0049436 -0.00483494 -0.00473072 -0.00458919 -0.00443121 -0.00432596 -0.00422989 -0.00412541 -0.00401404 -0.00390906 -0.00383698 -0.00376675 -0.00370324 -0.00363571 -0.00355884 -0.00349397 -0.00344614 -0.0034058 -0.00337281 -0.0033295 -0.00327335 -0.00322581 -0.00318789 -0.00314153 -0.00308425 -0.00302592 -0.00297519 -0.00291976 -0.00286019 -0.00281569 -0.00277719 -0.00272814 -0.00267386 -0.00262881 -0.00256935 -0.00249042 -0.00242104 -0.00234284 -0.00226506 -0.00219133 -0.00211402 -0.00206294 -0.00200051 -0.00192434 -0.0018608 -0.00181352 -0.00174102 -0.00166412 -0.00157829 -0.00149977 -0.00144192 -0.00138921 -0.00133028 -0.00126669 -0.00121797 -0.00116929 -0.00110833 -0.00104298 -0.000982692 -0.000918351 -0.000847708 -0.000782014 -0.000730497 -0.000671231 -0.000613876 -0.00055951 -0.000500214 -0.000435908 -0.000365233 -0.00029523 -0.000228699 -0.000179511 -8.91189e-05 1.6259e-05 
-0.00233333 -0.00572921 -0.00643976 -0.00646641 -0.00664568 -0.00672667 -0.0066172 -0.00651336 -0.00631536 -0.00614097 -0.00602914 -0.00594602 -0.00591156 -0.00589872 -0.00588404 -0.00584459 -0.00579412 -0.00572566 -0.00564354 -0.00555365 -0.00546218 -0.00538538 -0.00531366 -0.00522343 -0.00514271 -0.00502993 -0.00493654 -0.00483778 -0.00472801 -0.00459245 -0.00444473 -0.00432759 -0.004226 -0.00413092 -0.00402163 -0.00391809 -0.00384094 -0.00377049 -0.00369862 -0.00363219 -0.00355676 -0.00349257 -0.00344176 -0.00340405 -0.00336512 -0.00332568 -0.0032779 -0.00323299 -0.00318797 -0.00314153 -0.00308105 -0.00302834 -0.00297063 -0.00291735 -0.00286049 -0.00281411 -0.00276359 -0.00272106 -0.00266652 -0.00262348 -0.0025657 -0.00249963 -0.00242413 -0.00234344 -0.00226026 -0.00218823 -0.00211936 -0.00205151 -0.00199603 -0.00192581 -0.00186958 -0.00180162 -0.00173493 -0.00165768 -0.00157734 -0.00150041 -0.0014428 -0.00138463 -0.00132498 -0.00126782 -0.00121778 -0.00116041 -0.00110449 -0.00103878 -0.000971846 -0.000910708 -0.000844395 -0.000781704 -0.000733116 -0.000675642 -0.000615437 -0.000566448 -0.000506115 -0.000442212 -0.000369663 -0.000299576 -0.000232075 -0.000170501 -9.44232e-05 1.33803e-05 
-0.00308213 -0.00685242 -0.00634377 -0.00639242 -0.00667083 -0.00681939 -0.00657591 -0.00655269 -0.00630472 -0.00612178 -0.00603384 -0.00593252 -0.00590127 -0.00590585 -0.00588804 -0.00584866 -0.00579678 -0.00573953 -0.00563278 -0.00555474 -0.00544353 -0.0053839 -0.00532995 -0.00522882 -0.00516835 -0.00498998 -0.00495697 -0.00484656 -0.00470785 -0.00459077 -0.00446418 -0.0043251 -0.00421653 -0.0041275 -0.00402407 -0.00392161 -0.00383946 -0.00377033 -0.00369545 -0.00363408 -0.00355021 -0.00349538 -0.00344324 -0.00339813 -0.00336152 -0.00331878 -0.0032829 -0.00324142 -0.00318848 -0.00313384 -0.00308218 -0.00303812 -0.00295907 -0.00291495 -0.00286671 -0.00281585 -0.00274719 -0.00273435 -0.00265761 -0.00262198 -0.00256382 -0.00250903 -0.00242908 -0.00234886 -0.00224387 -0.00218516 -0.00213513 -0.00203421 -0.00199039 -0.00193315 -0.00187923 -0.00179465 -0.00173458 -0.00165328 -0.00156967 -0.00150988 -0.00144476 -0.00137036 -0.00132485 -0.00127241 -0.00121997 -0.00115404 -0.00110974 -0.00103964 -0.000960006 -0.000910939 -0.000842313 -0.000780194 -0.000736227 -0.000677027 -0.000614302 -0.000569229 -0.000510868 -0.000448062 -0.000375728 -0.000301848 -0.000230462 -0.000162599 -0.000116355 0. 
