# Nx=250 Ny=250
0.0966473 -2.22935e-05 -1.18421e-05 -6.68714e-06 -3.73708e-06 -1.86715e-06 -6.06594e-07 2.69864e-07 8.83658e-07 1.30724e-06 1.58764e-06 1.75761e-06 1.84128e-06 1.85725e-06 1.82037e-06 1.74278e-06 1.63463e-06 1.50447e-06 1.35957e-06 1.20608e-06 1.04922e-06 8.9336e-07 7.42111e-07 5.98395e-07 4.64509e-07 3.42176e-07 2.32603e-07 1.36524e-07 5.42553e-08 -1.42575e-08 -6.93909e-08 -1.11795e-07 -1.42346e-07 -1.62098e-07 -1.7224e-07 -1.74051e-07 -1.68858e-07 -1.57999e-07 -1.42789e-07 -1.24484e-07 -1.04261e-07 -8.31881e-08 -6.22116e-08 -4.21401e-08 -2.36364e-08 -7.21397e-09 6.76248e-09 1.80719e-08 2.66281e-08 3.2467e-08 3.5732e-08 3.66559e-08 3.55421e-08 3.27443e-08 2.86471e-08 2.36457e-08 1.81278e-08 1.24573e-08 6.96033e-09 1.91329e-09 -2.46464e-09 -6.0167e-09 -8.6501e-09 -1.03342e-08 -1.10962e-08 -1.10136e-08 -1.0205e-08 -8.81933e-09 -7.02432e-09 -4.99431e-09 -2.89921e-09 -8.93993e-10 8.89741e-10 2.35038e-09 3.42037e-09 4.06776e-09 4.29533e-09 4.1372e-09 3.65363e-09 2.92404e-09 2.0394e-09 1.09381e-09 1.7689e-10 -6.33499e-10 -1.27659e-09 -1.71272e-09 -1.92496e-09 -1.91882e-09 -1.71994e-09 -1.37001e-09 -9.21633e-10 -4.32099e-10 4.24056e-11 4.52723e-10 7.61021e-10 9.44152e-10 9.9489e-10 9.21606e-10 7.46179e-10 5.00385e-10 2.21652e-10 -5.20624e-11 -2.86627e-10 -4.55981e-10 -5.44579e-10 -5.48857e-10 -4.76741e-10 -3.45817e-10 -1.80363e-10 -7.35703e-12 1.47247e-10 2.62472e-10 3.24745e-10 3.2969e-10 2.81999e-10 1.94205e-10 8.42452e-11 -2.78884e-11 -1.23283e-10 -1.87453e-10 -2.1218e-10 -1.96804e-10 -1.47673e-10 -7.66769e-11 1.17971e-12 7.08635e-11 1.19846e-10 1.40621e-10 1.31538e-10 9.70326e-11 4.62391e-11 -9.09101e-12 -5.70285e-11 -8.81757e-11 -9.72044e-11 -8.40768e-11 -5.34937e-11 -1.37548e-11 2.53255e-11 5.48502e-11 6.86085e-11 6.46905e-11 4.54013e-11 1.67211e-11 -1.34788e-11 -3.75213e-11 -4.96798e-11 -4.78187e-11 -3.34459e-11 -1.14066e-11 1.17573e-11 2.96455e-11 3.76191e-11 3.42662e-11 2.13228e-11 3.30947e-12 -1.41102e-11 -2.58279e-11 -2.86566e-11 -2.24704e-11 -9.77385e-12 4.923e-12 1.67885e-11 2.22431e-11 1.9884e-11 1.11393e-11 -6.6249e-13 -1.12621e-11 -1.70628e-11 -1.64434e-11 -9.98669e-12 -4.93432e-13 8.41901e-12 1.3522e-11 1.31197e-11 7.82777e-12 -8.01348e-14 -7.31526e-12 -1.10867e-11 -1.01854e-11 -5.20252e-12 1.47605e-12 7.03768e-12 9.23995e-12 7.3195e-12 2.45792e-12 -3.13255e-12 -6.91111e-12 -7.30727e-12 -4.42966e-12 2.95867e-13 4.49894e-12 6.28437e-12 5.00083e-12 1.3765e-12 -2.59634e-12 -5.0258e-12 -4.81472e-12 -2.15202e-12 1.37544e-12 3.95366e-12 4.25682e-12 2.28774e-12 -6.32978e-13 -3.07558e-12 -3.76773e-12 -2.25991e-12 4.9219e-13 2.76226e-12 3.09353e-12 1.64242e-12 -3.96259e-13 -2.14245e-12 -2.66847e-12 -1.50922e-12 5.66723e-13 2.21945e-12 2.3325e-12 8.77149e-13 -1.08149e-12 -2.1784e-12 -1.57179e-12 1.19057e-14 1.21359e-12 1.56057e-12 9.27415e-13 -3.01756e-13 -1.12015e-12 -1.19457e-12 -6.16657e-13 4.76044e-13 1.28518e-12 1.10394e-12 8.85963e-14 -1.03937e-12 -1.37213e-12 -5.4935e-13 7.78458e-13 1.44228e-12 8.04865e-13 -5.16655e-13 -1.34762e-12 -1.00391e-12 2.92291e-13 1.31508e-12 1.04044e-12 -1.37731e-13 -1.16384e-12 -1.16323e-12 0. 
0.0966473 0.0493587 0.0307197 0.0219198 0.0170167 0.0138865 0.0116681 0.00996901 0.00859216 0.00743038 0.00642185 0.00552928 0.00472936 0.00400714 0.00335279 0.00275971 0.00222329 0.00174019 0.00130783 0.000924053 0.000586909 0.000294499 4.4865e-05 -0.000164049 -0.000334468 -0.000468764 -0.000569501 -0.000639383 -0.000681278 -0.000698145 -0.000693053 -0.000669092 -0.000629386 -0.000577005 -0.000514964 -0.000446145 -0.000373294 -0.000298945 -0.000225425 -0.000154786 -8.88135e-05 -2.89821e-05 2.35455e-05 6.79237e-05 0.000103636 0.000130464 0.000148507 0.000158112 0.000159906 0.000154689 0.000143476 0.000127366 0.000107589 8.53617e-05 6.19358e-05 3.84636e-05 1.6038e-05 -4.41797e-06 -2.2119e-05 -3.64899e-05 -4.71469e-05 -5.39183e-05 -5.68453e-05 -5.61437e-05 -5.22276e-05 -4.56156e-05 -3.69767e-05 -2.69945e-05 -1.64308e-05 -5.97146e-06 3.70237e-06 1.20563e-05 1.8637e-05 2.31716e-05 2.55223e-05 2.57184e-05 2.3944e-05 2.04918e-05 1.57913e-05 1.02919e-05 4.52805e-06 -1.0393e-06 -5.93458e-06 -9.82622e-06 -1.24376e-05 -1.36593e-05 -1.34861e-05 -1.20464e-05 -9.58689e-06 -6.40715e-06 -2.90114e-06 5.85079e-07 3.66406e-06 6.07888e-06 7.59456e-06 8.13753e-06 7.70688e-06 6.42718e-06 4.51559e-06 2.22437e-06 -1.18665e-07 -2.25745e-06 -3.90616e-06 -4.92511e-06 -5.19905e-06 -4.7636e-06 -3.71792e-06 -2.24159e-06 -5.85266e-07 1.03264e-06 2.34813e-06 3.22603e-06 3.53017e-06 3.27952e-06 2.53266e-06 1.44121e-06 2.13195e-07 -9.68066e-07 -1.8768e-06 -2.41561e-06 -2.47938e-06 -2.11519e-06 -1.3973e-06 -4.77284e-07 4.50348e-07 1.24106e-06 1.71752e-06 1.84616e-06 1.58819e-06 1.04069e-06 3.22541e-07 -4.19015e-07 -1.00419e-06 -1.35447e-06 -1.36862e-06 -1.09838e-06 -5.94781e-07 8.44338e-09 5.58266e-07 9.57608e-07 1.08364e-06 9.61459e-07 6.00217e-07 1.20826e-07 -3.52005e-07 -7.17982e-07 -8.55536e-07 -7.81733e-07 -4.89102e-07 -9.27703e-08 3.01187e-07 5.98876e-07 6.90569e-07 6.01739e-07 3.27665e-07 -1.57594e-08 -3.30762e-07 -5.39852e-07 -5.51626e-07 -4.14173e-07 -1.39174e-07 1.56463e-07 3.78312e-07 4.79696e-07 3.95083e-07 2.04189e-07 -5.71354e-08 -2.8248e-07 -3.84597e-07 -3.6561e-07 -1.95269e-07 1.90868e-08 2.18816e-07 3.34244e-07 2.98671e-07 1.74324e-07 -2.80438e-08 -2.00957e-07 -2.77604e-07 -2.57464e-07 -1.11444e-07 5.35942e-08 1.9365e-07 2.52433e-07 1.81282e-07 5.92372e-08 -9.90492e-08 -2.01089e-07 -1.96487e-07 -1.24719e-07 2.23658e-08 1.37224e-07 1.80839e-07 1.52495e-07 2.77963e-08 -8.32441e-08 -1.5271e-07 -1.53268e-07 -5.76594e-08 4.2099e-08 1.31742e-07 1.44808e-07 5.82999e-08 -1.898e-08 -9.58559e-08 -1.32943e-07 -8.0855e-08 1.48669e-08 1.15328e-07 1.08041e-07 3.19846e-08 4.31035e-10 -6.40118e-08 -1.12356e-07 -5.84899e-08 2.24548e-08 8.71504e-08 9.05508e-08 3.50397e-08 -3.7427e-08 -1.02832e-07 -6.03869e-08 2.4663e-08 3.11647e-08 5.44568e-08 5.48161e-08 -2.36988e-08 -4.16656e-08 -3.39596e-08 -4.66306e-08 1.13684e-08 6.71636e-08 5.02537e-08 9.85276e-09 -4.37145e-08 -7.18118e-08 -3.33473e-08 3.83305e-08 7.78825e-08 3.89241e-08 -2.76951e-08 -6.29359e-08 -5.82718e-08 1.33554e-08 7.79096e-08 4.61091e-08 -8.70719e-09 -5.08608e-08 -7.02334e-08 0. 
0.0966473 0.0692907 0.0511379 0.0396314 0.0320346 0.0266904 0.0226846 0.0195128 0.0168893 0.0146463 0.0126823 0.0109338 0.00936035 0.00793557 0.00664197 0.00546765 0.00440431 0.00344586 0.00258753 0.00182532 0.00115553 0.000574502 7.84558e-05 -0.000336653 -0.000675176 -0.000941833 -0.00114168 -0.0012801 -0.00136279 -0.00139565 -0.00138477 -0.00133635 -0.00125657 -0.00115158 -0.00102737 -0.000889726 -0.000744074 -0.000595513 -0.000448643 -0.000307592 -0.000175888 -5.64912e-05 4.82958e-05 0.000136786 0.00020795 0.000261371 0.000297229 0.000316256 0.000319665 0.000309112 0.000286566 0.000254293 0.000214677 0.000170227 0.000123366 7.6471e-05 3.1652e-05 -9.18359e-06 -4.45264e-05 -7.31841e-05 -9.4426e-05 -0.000107895 -0.000113677 -0.000112224 -0.000104332 -9.10893e-05 -7.37691e-05 -5.38178e-05 -3.26693e-05 -1.17884e-05 7.55969e-06 2.42172e-05 3.73618e-05 4.63827e-05 5.10557e-05 5.1415e-05 4.78324e-05 4.09194e-05 3.14862e-05 2.05044e-05 8.95186e-06 -2.14611e-06 -1.19498e-05 -1.9689e-05 -2.49109e-05 -2.7318e-05 -2.69573e-05 -2.4062e-05 -1.9119e-05 -1.277e-05 -5.73054e-06 1.20891e-06 7.38973e-06 1.21764e-05 1.52188e-05 1.62689e-05 1.54026e-05 1.28297e-05 8.98664e-06 4.4195e-06 -2.94488e-07 -4.53413e-06 -7.85659e-06 -9.85097e-06 -1.04102e-05 -9.511e-06 -7.41153e-06 -4.4605e-06 -1.12316e-06 2.081e-06 4.74185e-06 6.45193e-06 7.08018e-06 6.544e-06 5.04922e-06 2.86274e-06 3.84328e-07 -1.94728e-06 -3.79634e-06 -4.82631e-06 -4.97608e-06 -4.21297e-06 -2.77593e-06 -9.37343e-07 9.42687e-07 2.48618e-06 3.47168e-06 3.67977e-06 3.18209e-06 2.06174e-06 6.16023e-07 -8.48922e-07 -2.05027e-06 -2.70154e-06 -2.75965e-06 -2.17664e-06 -1.17485e-06 3.2499e-08 1.15609e-06 1.91187e-06 2.19823e-06 1.90272e-06 1.19603e-06 2.23016e-07 -7.39603e-07 -1.43465e-06 -1.74502e-06 -1.54239e-06 -9.78548e-07 -1.65317e-07 6.3572e-07 1.1957e-06 1.41477e-06 1.18012e-06 6.54922e-07 -5.14837e-08 -6.95244e-07 -1.07343e-06 -1.13375e-06 -8.0171e-07 -2.72049e-07 3.29342e-07 7.9221e-07 9.45102e-07 8.13514e-07 3.79608e-07 -1.30695e-07 -5.72338e-07 -8.04924e-07 -7.06587e-07 -4.00891e-07 6.35873e-08 4.65435e-07 6.60192e-07 6.26502e-07 3.16643e-07 -6.43764e-08 -4.133e-07 -5.88979e-07 -4.88207e-07 -2.34696e-07 1.33943e-07 4.13711e-07 4.91418e-07 3.88105e-07 8.33251e-08 -2.11211e-07 -4.03191e-07 -4.24036e-07 -2.15454e-07 4.42651e-08 2.92676e-07 3.90958e-07 2.69479e-07 6.88696e-08 -1.85879e-07 -3.33641e-07 -2.91696e-07 -1.28733e-07 1.31197e-07 2.72772e-07 2.5352e-07 1.55751e-07 -5.60654e-08 -2.28561e-07 -2.69186e-07 -1.57058e-07 7.96776e-08 2.06197e-07 2.06736e-07 1.24297e-07 -5.96273e-08 -1.63289e-07 -1.75632e-07 -1.31712e-07 4.041e-08 1.93353e-07 2.04251e-07 6.51658e-08 -1.31345e-07 -1.78811e-07 -1.13421e-07 -1.9241e-09 1.4163e-07 1.27657e-07 2.75724e-08 -5.56232e-09 -8.4314e-08 -1.22147e-07 -3.52517e-08 3.37366e-08 9.76079e-08 1.26769e-07 1.72821e-08 -1.10314e-07 -1.39009e-07 -6.212e-08 8.03498e-08 1.5637e-07 9.31787e-08 -5.6399e-08 -1.6164e-07 -1.06245e-07 3.87399e-08 1.39841e-07 1.30275e-07 -1.53224e-08 -1.50357e-07 -1.22312e-07 0. 
0.0966473 0.078908 0.0641304 0.0528657 0.0443725 0.0378272 0.0326111 0.0283088 0.0246516 0.0214664 0.0186415 0.0161041 0.0138061 0.0117157 0.00981139 0.00807835 0.00650617 0.00508708 0.00381494 0.00268439 0.00169041 0.000827884 9.14271e-05 -0.000524801 -0.00102717 -0.0014226 -0.00171857 -0.00192308 -0.00204457 -0.00209183 -0.00207394 -0.00200012 -0.00187962 -0.00172161 -0.00153505 -0.00132853 -0.0011102 -0.000887652 -0.000667774 -0.000456701 -0.000259726 -8.12386e-05 7.53075e-05 0.00020742 0.000313561 0.000393126 0.000446397 0.000474477 0.000479204 0.000463047 0.000428989 0.000380394 0.000320876 0.000254147 0.000183887 0.000113598 4.64939e-05 -1.46305e-05 -6.74678e-05 -0.000110288 -0.000141963 -0.000161998 -0.000170509 -0.00016819 -0.000156241 -0.000136284 -0.000110259 -8.02944e-05 -4.85916e-05 -1.72828e-05 1.16699e-05 3.6606e-05 5.62281e-05 6.96904e-05 7.66072e-05 7.70772e-05 7.16372e-05 6.12151e-05 4.70408e-05 3.05411e-05 1.32322e-05 -3.41451e-06 -1.80662e-05 -2.96532e-05 -3.74185e-05 -4.09957e-05 -4.03971e-05 -3.60203e-05 -2.85774e-05 -1.9029e-05 -8.47924e-06 1.94041e-06 1.11701e-05 1.83459e-05 2.28536e-05 2.44137e-05 2.30673e-05 1.91884e-05 1.34055e-05 6.53724e-06 -5.16055e-07 -6.88586e-06 -1.18246e-05 -1.48169e-05 -1.56052e-05 -1.42482e-05 -1.10679e-05 -6.62757e-06 -1.62571e-06 3.19446e-06 7.14857e-06 9.7223e-06 1.06147e-05 9.81008e-06 7.53352e-06 4.24442e-06 5.28358e-07 -2.98317e-06 -5.71973e-06 -7.27649e-06 -7.45141e-06 -6.3097e-06 -4.12388e-06 -1.35792e-06 1.45217e-06 3.78221e-06 5.21639e-06 5.54104e-06 4.7472e-06 3.06849e-06 8.84337e-07 -1.32376e-06 -3.09698e-06 -4.09007e-06 -4.12564e-06 -3.26107e-06 -1.72534e-06 8.99121e-08 1.76173e-06 2.91109e-06 3.29095e-06 2.86247e-06 1.75975e-06 3.01573e-07 -1.139e-06 -2.19538e-06 -2.61355e-06 -2.32677e-06 -1.43412e-06 -2.19073e-07 9.82461e-07 1.83504e-06 2.11562e-06 1.78199e-06 9.47148e-07 -1.06586e-07 -1.06792e-06 -1.64832e-06 -1.68672e-06 -1.2076e-06 -3.70881e-07 5.26859e-07 1.20456e-06 1.44958e-06 1.1952e-06 5.62858e-07 -2.31647e-07 -8.94483e-07 -1.20782e-06 -1.07995e-06 -5.65296e-07 1.1607e-07 7.22767e-07 1.02363e-06 9.18687e-07 4.76407e-07 -1.34542e-07 -6.51184e-07 -8.83883e-07 -7.51838e-07 -3.1344e-07 2.20297e-07 6.40751e-07 7.65655e-07 5.52568e-07 1.20599e-07 -3.50992e-07 -6.34691e-07 -6.19301e-07 -3.30128e-07 1.0616e-07 4.6222e-07 5.86044e-07 4.23261e-07 5.71208e-08 -3.01722e-07 -5.02838e-07 -4.50884e-07 -1.63714e-07 1.98479e-07 4.44936e-07 4.15709e-07 1.68672e-07 -1.07834e-07 -3.29845e-07 -4.06737e-07 -2.43853e-07 1.061e-07 3.84787e-07 3.42725e-07 1.02789e-07 -9.60896e-08 -2.36132e-07 -2.88032e-07 -1.70639e-07 7.79864e-08 2.95255e-07 3.04727e-07 9.7402e-08 -1.86281e-07 -3.33031e-07 -1.88391e-07 7.67701e-08 2.08594e-07 1.94718e-07 7.02517e-08 -8.91163e-08 -1.47363e-07 -1.22812e-07 -6.03811e-08 6.12232e-08 1.65935e-07 1.5287e-07 1.75292e-08 -1.51661e-07 -2.12402e-07 -9.32904e-08 1.2551e-07 2.46659e-07 1.37254e-07 -9.37759e-08 -2.39703e-07 -1.81862e-07 5.67882e-08 2.48443e-07 1.91688e-07 -2.92271e-08 -2.20107e-07 -2.22929e-07 0. 
0.0966473 0.0843094 0.0726451 0.0625817 0.0541789 0.0471749 0.0412604 0.0361742 0.0317197 0.0277572 0.0241893 0.0209494 0.017992 0.015286 0.0128102 0.0105498 0.00849423 0.00663541 0.00496678 0.00348241 0.00217643 0.00104272 7.4572e-05 -0.000735406 -0.0013954 -0.00191438 -0.00230214 -0.00256915 -0.00272652 -0.00278586 -0.00275916 -0.0026586 -0.00249645 -0.00228483 -0.00203561 -0.00176019 -0.00146938 -0.0011732 -0.000880817 -0.000600328 -0.000338758 -0.000101901 0.000105666 0.000280669 0.00042108 0.000526129 0.000596207 0.000632808 0.000638394 0.000616262 0.0005704 0.000505284 0.000425736 0.000336685 0.000243042 0.000149445 6.01791e-05 -2.1064e-05 -9.12081e-05 -0.000147983 -0.000189884 -0.000216285 -0.00022734 -0.000223995 -0.000207855 -0.000181092 -0.000146294 -0.000106294 -6.40353e-05 -2.23401e-05 1.61657e-05 4.92977e-05 7.53144e-05 9.31217e-05 0.000102193 0.000102691 9.53219e-05 8.13412e-05 6.23861e-05 4.03609e-05 1.72926e-05 -4.87299e-06 -2.43451e-05 -3.97273e-05 -4.99914e-05 -5.46839e-05 -5.38024e-05 -4.7906e-05 -3.79322e-05 -2.51744e-05 -1.11045e-05 2.77716e-06 1.50449e-05 2.45738e-05 3.05227e-05 3.25557e-05 3.07033e-05 2.54957e-05 1.77549e-05 8.5859e-06 -8.1132e-07 -9.2903e-06 -1.58373e-05 -1.97976e-05 -2.08001e-05 -1.89618e-05 -1.46863e-05 -8.75114e-06 -2.07685e-06 4.34538e-06 9.59209e-06 1.30049e-05 1.41543e-05 1.30604e-05 9.99285e-06 5.59612e-06 6.35532e-07 -4.043e-06 -7.66902e-06 -9.73054e-06 -9.92774e-06 -8.39078e-06 -5.4505e-06 -1.75673e-06 1.98905e-06 5.09012e-06 6.97599e-06 7.39711e-06 6.3062e-06 4.05917e-06 1.13215e-06 -1.81176e-06 -4.16244e-06 -5.47868e-06 -5.49509e-06 -4.33399e-06 -2.26296e-06 1.59353e-07 2.38499e-06 3.9122e-06 4.39155e-06 3.81323e-06 2.31603e-06 3.69627e-07 -1.55354e-06 -2.95787e-06 -3.49114e-06 -3.10303e-06 -1.88508e-06 -2.6375e-07 1.34222e-06 2.47484e-06 2.825e-06 2.37561e-06 1.23546e-06 -1.69204e-07 -1.45222e-06 -2.2215e-06 -2.24666e-06 -1.60475e-06 -4.64992e-07 7.2962e-07 1.62754e-06 1.94945e-06 1.58136e-06 7.37458e-07 -3.39031e-07 -1.21829e-06 -1.62003e-06 -1.44578e-06 -7.30664e-07 1.75267e-07 9.88292e-07 1.38377e-06 1.21759e-06 6.27366e-07 -2.08037e-07 -8.90884e-07 -1.18743e-06 -1.00756e-06 -3.94306e-07 3.12603e-07 8.74932e-07 1.0349e-06 7.23099e-07 1.49466e-07 -4.94616e-07 -8.64604e-07 -8.22342e-07 -4.36136e-07 1.68222e-07 6.34161e-07 7.88892e-07 5.67906e-07 4.82406e-08 -4.20739e-07 -6.78989e-07 -6.05122e-07 -2.02819e-07 2.75088e-07 6.20988e-07 5.6837e-07 1.89855e-07 -1.62693e-07 -4.38636e-07 -5.44107e-07 -3.32086e-07 1.44334e-07 5.60199e-07 4.73068e-07 9.41892e-08 -1.42872e-07 -3.16591e-07 -3.90834e-07 -2.13521e-07 1.16687e-07 4.00693e-07 4.06778e-07 1.31286e-07 -2.52387e-07 -4.83792e-07 -2.5878e-07 1.44651e-07 2.88855e-07 2.6619e-07 9.66524e-08 -1.63175e-07 -2.10359e-07 -1.35241e-07 -7.29527e-08 8.92392e-08 2.26418e-07 1.87069e-07 1.54443e-08 -1.98236e-07 -2.82038e-07 -1.25772e-07 1.70752e-07 3.39498e-07 1.8201e-07 -1.31516e-07 -3.2206e-07 -2.57168e-07 7.6922e-08 3.55369e-07 2.58293e-07 -4.25431e-08 -2.97054e-07 -3.21501e-07 0. 
0.0966473 0.0877078 0.0784795 0.069766 0.0618844 0.0548681 0.0486292 0.0430484 0.0380149 0.0334387 0.0292516 0.0254041 0.0218609 0.0185976 0.015597 0.0128471 0.0103392 0.00806652 0.00602303 0.00420303 0.00260049 0.00120865 1.99194e-05 -0.000974398 -0.00178405 -0.00241991 -0.00289386 -0.00321876 -0.00340827 -0.00347671 -0.00343888 -0.00330989 -0.00310488 -0.00283893 -0.00252671 -0.0021824 -0.00181936 -0.00145006 -0.00108583 -0.000736746 -0.000411478 -0.000117216 0.000140397 0.00035732 0.000531068 0.00066073 0.000746817 0.000791245 0.000797083 0.000768502 0.000710447 0.000628562 0.000528812 0.000417401 0.00030039 0.000183613 7.23413e-05 -2.87844e-05 -0.000115995 -0.000186443 -0.000238303 -0.000270804 -0.00028416 -0.000279587 -0.000259078 -0.000225395 -0.000181729 -0.00013168 -7.88524e-05 -2.68391e-05 2.11642e-05 6.23712e-05 9.46861e-05 0.000116704 0.000127824 0.00012824 0.000118851 0.000101253 7.74622e-05 4.99138e-05 2.10712e-05 -6.55904e-06 -3.08316e-05 -4.99269e-05 -6.26486e-05 -6.83772e-05 -6.71664e-05 -5.9702e-05 -4.71593e-05 -3.11889e-05 -1.35775e-05 3.72719e-06 1.90364e-05 3.08564e-05 3.82363e-05 4.06843e-05 3.8308e-05 3.17427e-05 2.20246e-05 1.05657e-05 -1.19242e-06 -1.1737e-05 -1.99041e-05 -2.47785e-05 -2.59994e-05 -2.36427e-05 -1.82669e-05 -1.08349e-05 -2.47364e-06 5.51777e-06 1.20773e-05 1.62803e-05 1.77049e-05 1.62849e-05 1.24328e-05 6.92462e-06 7.08641e-07 -5.10604e-06 -9.64654e-06 -1.2167e-05 -1.24127e-05 -1.0449e-05 -6.76511e-06 -2.14686e-06 2.54835e-06 6.38491e-06 8.75442e-06 9.22923e-06 7.87057e-06 5.03586e-06 1.3707e-06 -2.29081e-06 -5.24483e-06 -6.84243e-06 -6.87849e-06 -5.38807e-06 -2.80297e-06 2.23876e-07 3.01888e-06 4.88819e-06 5.50862e-06 4.74178e-06 2.88255e-06 4.39992e-07 -1.97271e-06 -3.69496e-06 -4.38554e-06 -3.8556e-06 -2.3511e-06 -3.10721e-07 1.70301e-06 3.08813e-06 3.55207e-06 2.94622e-06 1.54166e-06 -2.26259e-07 -1.83739e-06 -2.76631e-06 -2.827e-06 -1.98261e-06 -5.77696e-07 9.2021e-07 2.05559e-06 2.41989e-06 1.99211e-06 9.00806e-07 -4.31086e-07 -1.52128e-06 -2.04629e-06 -1.78498e-06 -9.23324e-07 2.3271e-07 1.24871e-06 1.71627e-06 1.54198e-06 7.61992e-07 -2.59138e-07 -1.11348e-06 -1.50386e-06 -1.23692e-06 -5.06512e-07 4.02848e-07 1.1052e-06 1.27735e-06 9.24374e-07 1.66267e-07 -6.18749e-07 -1.07291e-06 -1.04952e-06 -5.22616e-07 2.01508e-07 7.96477e-07 1.00262e-06 6.83736e-07 7.94108e-08 -5.30737e-07 -8.65587e-07 -7.43037e-07 -2.66713e-07 3.68827e-07 7.7059e-07 6.8083e-07 2.7896e-07 -2.08339e-07 -5.76218e-07 -6.78267e-07 -4.0696e-07 2.09359e-07 6.63958e-07 5.78503e-07 1.75928e-07 -2.11928e-07 -4.18494e-07 -4.52341e-07 -2.84103e-07 1.38048e-07 5.13184e-07 5.19358e-07 1.58659e-07 -3.46825e-07 -5.70193e-07 -3.15011e-07 1.29875e-07 4.05042e-07 3.40602e-07 6.78277e-08 -1.54808e-07 -2.57559e-07 -2.18744e-07 -5.61833e-08 1.14176e-07 2.55857e-07 2.61969e-07 2.00463e-08 -2.66804e-07 -3.46521e-07 -1.55061e-07 2.12331e-07 4.23461e-07 2.35348e-07 -1.63673e-07 -4.20094e-07 -3.10015e-07 1.02257e-07 4.25725e-07 3.42372e-07 -5.05175e-08 -3.96573e-07 -3.81695e-07 0. 
0.0966473 0.0900213 0.0826466 0.0751611 0.0679356 0.0611382 0.0548157 0.0489555 0.0435226 0.0384785 0.0337892 0.0294279 0.0253748 0.0216157 0.0181408 0.0149434 0.0120182 0.00936096 0.00696747 0.00483298 0.00295185 0.00131726 -7.89772e-05 -0.00124648 -0.00219635 -0.0029411 -0.00349461 -0.00387191 -0.0040891 -0.0041631 -0.00411142 -0.00395196 -0.00370273 -0.00338159 -0.00300602 -0.00259283 -0.00215795 -0.00171617 -0.00128097 -0.000864297 -0.000476469 -0.000125995 0.000180446 0.000438085 0.000644023 0.000797214 0.000898344 0.000949724 0.0009551 0.000919457 0.000848778 0.000749785 0.000629674 0.000495819 0.000355515 0.000215678 8.26437e-05 -3.81021e-05 -0.000142046 -0.000225837 -0.000287313 -0.000325584 -0.000340953 -0.000334881 -0.000309815 -0.000269037 -0.000216436 -0.000156269 -9.29191e-05 -3.06185e-05 2.67542e-05 7.59345e-05 0.000114383 0.000140476 0.000153494 0.000153695 0.000142189 0.000120875 9.22237e-05 5.91027e-05 2.4533e-05 -8.55972e-06 -3.75389e-05 -6.03054e-05 -7.53813e-05 -8.20838e-05 -8.04685e-05 -7.1374e-05 -5.62404e-05 -3.70121e-05 -1.5894e-05 4.85402e-06 2.31317e-05 3.72381e-05 4.59707e-05 4.88106e-05 4.58609e-05 3.79059e-05 2.62102e-05 1.243e-05 -1.64225e-06 -1.42755e-05 -2.39931e-05 -2.9791e-05 -3.11732e-05 -2.82914e-05 -2.17994e-05 -1.28492e-05 -2.8337e-06 6.75631e-06 1.45664e-05 1.95862e-05 2.12295e-05 1.94949e-05 1.48401e-05 8.20936e-06 7.68445e-07 -6.2133e-06 -1.16086e-05 -1.46237e-05 -1.48669e-05 -1.24964e-05 -8.05987e-06 -2.50696e-06 3.09916e-06 7.70822e-06 1.0502e-05 1.10719e-05 9.40757e-06 6.00198e-06 1.60973e-06 -2.79179e-06 -6.29759e-06 -8.22445e-06 -8.22802e-06 -6.44603e-06 -3.33554e-06 2.9977e-07 3.62551e-06 5.88222e-06 6.58765e-06 5.68253e-06 3.43609e-06 5.0813e-07 -2.36618e-06 -4.44735e-06 -5.23967e-06 -4.62489e-06 -2.80248e-06 -3.61652e-07 2.03704e-06 3.71494e-06 4.23815e-06 3.53663e-06 1.83635e-06 -2.76436e-07 -2.19148e-06 -3.32573e-06 -3.3679e-06 -2.38292e-06 -6.87588e-07 1.10503e-06 2.44624e-06 2.90966e-06 2.36965e-06 1.08778e-06 -5.11681e-07 -1.82526e-06 -2.43063e-06 -2.15076e-06 -1.09694e-06 2.70591e-07 1.48065e-06 2.06311e-06 1.82837e-06 9.27754e-07 -3.06229e-07 -1.33084e-06 -1.78016e-06 -1.49641e-06 -5.99475e-07 4.69957e-07 1.30634e-06 1.53874e-06 1.0916e-06 2.17952e-07 -7.30772e-07 -1.28576e-06 -1.23743e-06 -6.45441e-07 2.38833e-07 9.44585e-07 1.18079e-06 8.39409e-07 9.07401e-08 -6.239e-07 -1.01746e-06 -9.00392e-07 -3.12514e-07 4.15999e-07 9.10288e-07 8.33944e-07 3.17434e-07 -2.33791e-07 -6.68864e-07 -8.16058e-07 -4.85382e-07 2.25965e-07 7.96077e-07 6.92764e-07 1.8561e-07 -2.11401e-07 -4.81043e-07 -5.74095e-07 -3.3194e-07 1.65522e-07 5.99942e-07 6.13104e-07 1.90539e-07 -3.85491e-07 -6.85426e-07 -3.78331e-07 1.73715e-07 4.34237e-07 3.95065e-07 1.30665e-07 -1.9922e-07 -3.02308e-07 -2.36739e-07 -1.09931e-07 1.29884e-07 3.31263e-07 2.9919e-07 3.03775e-08 -3.0544e-07 -4.25179e-07 -1.8562e-07 2.54774e-07 4.99899e-07 2.76263e-07 -1.92389e-07 -4.86845e-07 -3.70692e-07 1.16779e-07 5.09289e-07 3.89953e-07 -6.04691e-08 -4.49045e-07 -4.58031e-07 0. 
0.0966473 0.0916824 0.0857235 0.0792789 0.072706 0.0662259 0.0599601 0.0539674 0.0482719 0.0428802 0.0377915 0.0330032 0.0285129 0.0243193 0.0204217 0.0168202 0.0135147 0.0105046 0.00778812 0.00536231 0.00322251 0.00136225 -0.000226813 -0.00155497 -0.0026344 -0.00347906 -0.00410459 -0.00452808 -0.00476792 -0.00484347 -0.00477487 -0.00458269 -0.0042877 -0.00391048 -0.0034712 -0.00298925 -0.00248301 -0.00196956 -0.00146444 -0.000981432 -0.000532402 -0.00012715 0.000226667 0.000523593 0.000760353 0.000935801 0.00105082 0.00110815 0.0011122 0.00106881 0.000984971 0.000868522 0.000727837 0.000571493 0.000407956 0.000245256 9.07218e-05 -4.92922e-05 -0.000169591 -0.000266309 -0.000336994 -0.000380643 -0.000397668 -0.000389797 -0.000359921 -0.00031188 -0.000250222 -0.000179911 -0.000106048 -3.35541e-05 3.30788e-05 9.00617e-05 0.000134479 0.000164455 0.000179198 0.000179025 0.000165268 0.000140146 0.000106565 6.78651e-05 2.75685e-05 -1.09197e-05 -4.45485e-05 -7.08778e-05 -8.82219e-05 -9.57901e-05 -9.36869e-05 -8.28913e-05 -6.51117e-05 -4.26122e-05 -1.79728e-05 6.17609e-06 2.73994e-05 4.37171e-05 5.37581e-05 5.69162e-05 5.33478e-05 4.39616e-05 3.02591e-05 1.41636e-05 -2.22846e-06 -1.69041e-05 -2.81576e-05 -3.48177e-05 -3.63372e-05 -3.28853e-05 -2.52557e-05 -1.47803e-05 -3.09959e-06 8.05684e-06 1.71166e-05 2.2902e-05 2.47553e-05 2.26657e-05 1.71977e-05 9.43764e-06 7.63349e-07 -7.35599e-06 -1.36107e-05 -1.70749e-05 -1.73165e-05 -1.45073e-05 -9.31495e-06 -2.82964e-06 3.69433e-06 9.04225e-06 1.22693e-05 1.28938e-05 1.09302e-05 6.93588e-06 1.81537e-06 -3.30891e-06 -7.37657e-06 -9.59446e-06 -9.57896e-06 -7.47673e-06 -3.84744e-06 3.92541e-07 4.25609e-06 6.86785e-06 7.67515e-06 6.59904e-06 3.97837e-06 5.60564e-07 -2.77878e-06 -5.19158e-06 -6.10419e-06 -5.37134e-06 -3.24822e-06 -3.99353e-07 2.3858e-06 4.33148e-06 4.93429e-06 4.10497e-06 2.12823e-06 -3.35685e-07 -2.55735e-06 -3.87109e-06 -3.91791e-06 -2.76267e-06 -7.95573e-07 1.29247e-06 2.8473e-06 3.38113e-06 2.75529e-06 1.25831e-06 -5.94911e-07 -2.12313e-06 -2.82543e-06 -2.49591e-06 -1.2771e-06 3.16412e-07 1.71779e-06 2.39467e-06 2.12577e-06 1.0761e-06 -3.50282e-07 -1.5434e-06 -2.06583e-06 -1.7359e-06 -7.02123e-07 5.42971e-07 1.51119e-06 1.78343e-06 1.2713e-06 2.5571e-07 -8.39633e-07 -1.48794e-06 -1.43716e-06 -7.50897e-07 2.67711e-07 1.09009e-06 1.36671e-06 9.74921e-07 1.16051e-07 -7.17235e-07 -1.17628e-06 -1.04371e-06 -3.68583e-07 4.75015e-07 1.04373e-06 9.64916e-07 3.81496e-07 -2.6122e-07 -7.73246e-07 -9.47801e-07 -5.61704e-07 2.59928e-07 9.03991e-07 7.91295e-07 2.30559e-07 -2.2383e-07 -5.53176e-07 -6.76835e-07 -3.91029e-07 1.93335e-07 6.88482e-07 7.04422e-07 2.24657e-07 -4.38656e-07 -7.80343e-07 -4.3067e-07 1.8602e-07 4.79639e-07 4.52568e-07 1.67484e-07 -2.127e-07 -3.44138e-07 -2.8163e-07 -1.43857e-07 1.42087e-07 3.9213e-07 3.54957e-07 3.67595e-08 -3.52559e-07 -4.946e-07 -2.18282e-07 2.95484e-07 5.76217e-07 3.15578e-07 -2.19037e-07 -5.55863e-07 -4.25453e-07 1.33406e-07 5.81311e-07 4.42262e-07 -6.83725e-08 -5.08799e-07 -5.21858e-07 0. 
0.0966473 0.0929185 0.0880526 0.0824659 0.0764853 0.0703465 0.0642093 0.0581775 0.0523176 0.0466722 0.0412699 0.0361307 0.03127 0.0266996 0.0224295 0.0184673 0.0148191 0.0114885 0.00847729 0.0057846 0.00340729 0.00133967 -0.000426448 -0.00190172 -0.00309915 -0.00403393 -0.00472329 -0.00518621 -0.0054432 -0.00551596 -0.00542711 -0.00519982 -0.00485745 -0.00442325 -0.00391994 -0.00336945 -0.0027925 -0.00220838 -0.0016346 -0.00108671 -0.000578074 -0.000119711 0.000279802 0.000614369 0.000880375 0.00107663 0.00120421 0.00126634 0.00126809 0.00121619 0.0011186 0.00098431 0.000822829 0.000643958 0.000457281 0.000271955 9.62448e-05 -6.26245e-05 -0.000198825 -0.000307989 -0.000387404 -0.000435979 -0.000454245 -0.000444229 -0.000409255 -0.00035376 -0.000282915 -0.000202432 -0.000118076 -3.54992e-05 4.02538e-05 0.000104842 0.000155024 0.000188661 0.000204922 0.000204189 0.00018802 0.000158987 0.000120396 7.61095e-05 3.00947e-05 -1.37136e-05 -5.19135e-05 -8.16824e-05 -0.000101181 -0.000109491 -0.000106793 -9.42133e-05 -7.37198e-05 -4.79314e-05 -1.97582e-05 7.74588e-06 3.18772e-05 5.03222e-05 6.16054e-05 6.49976e-05 6.07451e-05 4.98791e-05 3.41301e-05 1.57235e-05 -2.99064e-06 -1.96581e-05 -3.24178e-05 -3.98712e-05 -4.1484e-05 -3.741e-05 -2.86064e-05 -1.65959e-05 -3.23605e-06 9.45235e-06 1.97504e-05 2.62438e-05 2.82802e-05 2.57891e-05 1.94811e-05 1.05826e-05 6.61865e-07 -8.56294e-06 -1.56722e-05 -1.95338e-05 -1.97566e-05 -1.64715e-05 -1.05052e-05 -3.08901e-06 4.36191e-06 1.04105e-05 1.40675e-05 1.46996e-05 1.24253e-05 7.82066e-06 1.95991e-06 -3.86728e-06 -8.50247e-06 -1.09661e-05 -1.09286e-05 -8.47167e-06 -4.31498e-06 5.25128e-07 4.93523e-06 7.86246e-06 8.77524e-06 7.48794e-06 4.4894e-06 5.76784e-07 -3.2361e-06 -5.94568e-06 -6.98603e-06 -6.09316e-06 -3.6699e-06 -4.04484e-07 2.77454e-06 4.95446e-06 5.64659e-06 4.64781e-06 2.39791e-06 -4.23406e-07 -2.95875e-06 -4.41588e-06 -4.47883e-06 -3.11418e-06 -8.79614e-07 1.50195e-06 3.2788e-06 3.84185e-06 3.14319e-06 1.39898e-06 -7.05063e-07 -2.43189e-06 -3.2429e-06 -2.81886e-06 -1.44847e-06 3.8798e-07 1.98258e-06 2.7204e-06 2.43363e-06 1.19499e-06 -4.13713e-07 -1.76725e-06 -2.37345e-06 -1.95183e-06 -7.99403e-07 6.39581e-07 1.73983e-06 2.01606e-06 1.45859e-06 2.63585e-07 -9.67128e-07 -1.68983e-06 -1.6531e-06 -8.27514e-07 3.07569e-07 1.2486e-06 1.57132e-06 1.08084e-06 1.40621e-07 -8.25324e-07 -1.35795e-06 -1.17171e-06 -4.22573e-07 5.67451e-07 1.18491e-06 1.06841e-06 4.68313e-07 -3.06876e-07 -9.12665e-07 -1.07201e-06 -6.23173e-07 3.23395e-07 9.96053e-07 8.88043e-07 3.13689e-07 -2.90566e-07 -6.54513e-07 -7.31719e-07 -4.57745e-07 2.14917e-07 7.9983e-07 8.05379e-07 2.43679e-07 -5.25209e-07 -8.55145e-07 -4.8179e-07 1.67329e-07 5.87909e-07 5.21603e-07 1.38647e-07 -1.97136e-07 -3.88565e-07 -3.68262e-07 -1.23436e-07 1.66883e-07 4.15547e-07 4.30487e-07 3.85775e-08 -4.22498e-07 -5.47842e-07 -2.44008e-07 3.30921e-07 6.56282e-07 3.6115e-07 -2.5143e-07 -6.40428e-07 -4.72663e-07 1.55121e-07 6.456e-07 5.15962e-07 -7.63068e-08 -5.96028e-07 -5.75565e-07 0. 
0.0966473 0.0938602 0.0898469 0.0849587 0.0794916 0.0736796 0.0677002 0.061684 0.0557266 0.049898 0.0442509 0.0388253 0.0336528 0.0287586 0.0241629 0.0198819 0.0159276 0.0123091 0.00903147 0.00609683 0.00350381 0.00124781 -0.000678894 -0.00228707 -0.00359034 -0.00460492 -0.00534946 -0.00584467 -0.00611302 -0.00617844 -0.00606589 -0.00580098 -0.00540963 -0.00491757 -0.00435005 -0.00373136 -0.00308451 -0.00243089 -0.00178993 -0.00117884 -0.000612424 -0.000102836 0.000340468 0.000710821 0.00100431 0.00121974 0.00135843 0.00142408 0.00142248 0.00136119 0.00124924 0.00109667 0.0009142 0.000712753 0.000503097 0.0002954 9.89232e-05 -7.83472e-05 -0.00022991 -0.000350983 -0.000438578 -0.000491569 -0.000510618 -0.000498058 -0.00045769 -0.000394503 -0.000314367 -0.00022365 -0.000128877 -3.63068e-05 4.83615e-05 0.000120361 0.000176044 0.000213111 0.000230643 0.000229142 0.000210395 0.000177311 0.000133659 8.37382e-05 3.20667e-05 -1.7022e-05 -5.96522e-05 -9.27619e-05 -0.000114251 -0.000123184 -0.00011976 -0.000105298 -8.20364e-05 -5.29062e-05 -2.12333e-05 9.62507e-06 3.65634e-05 5.70921e-05 6.94956e-05 7.30586e-05 6.80315e-05 5.56281e-05 3.78103e-05 1.706e-05 -3.92506e-06 -2.25859e-05 -3.67549e-05 -4.49779e-05 -4.65908e-05 -4.18594e-05 -3.18382e-05 -1.82608e-05 -3.24893e-06 1.0989e-05 2.24448e-05 2.9646e-05 3.17776e-05 2.88694e-05 2.16768e-05 1.1617e-05 4.73786e-07 -9.87783e-06 -1.77648e-05 -2.20349e-05 -2.21584e-05 -1.83933e-05 -1.16215e-05 -3.25626e-06 5.08336e-06 1.18565e-05 1.58622e-05 1.65184e-05 1.3867e-05 8.65027e-06 2.047e-06 -4.50431e-06 -9.64338e-06 -1.23806e-05 -1.22411e-05 -9.44418e-06 -4.7279e-06 7.23482e-07 5.63726e-06 8.91076e-06 9.84691e-06 8.3751e-06 4.94901e-06 5.40691e-07 -3.71771e-06 -6.75415e-06 -7.84153e-06 -6.82258e-06 -4.04205e-06 -3.65913e-07 3.18418e-06 5.62841e-06 6.32891e-06 5.1989e-06 2.61953e-06 -5.5184e-07 -3.3724e-06 -5.0063e-06 -5.00181e-06 -3.4679e-06 -9.19628e-07 1.75317e-06 3.70745e-06 4.34014e-06 3.48415e-06 1.53051e-06 -8.47842e-07 -2.78403e-06 -3.63637e-06 -3.16634e-06 -1.5697e-06 4.8318e-07 2.25668e-06 3.08667e-06 2.69626e-06 1.31872e-06 -5.14526e-07 -2.02713e-06 -2.65671e-06 -2.19499e-06 -8.44847e-07 7.55151e-07 1.97064e-06 2.28542e-06 1.59407e-06 2.73285e-07 -1.12119e-06 -1.92794e-06 -1.82633e-06 -9.20097e-07 3.89211e-07 1.43048e-06 1.7519e-06 1.22002e-06 1.05986e-07 -9.57284e-07 -1.51686e-06 -1.31949e-06 -4.36778e-07 6.47518e-07 1.35435e-06 1.22712e-06 4.55945e-07 -3.75093e-07 -1.00672e-06 -1.20286e-06 -6.93186e-07 3.5983e-07 1.17534e-06 1.02082e-06 2.70845e-07 -3.34728e-07 -7.25576e-07 -8.44726e-07 -4.72326e-07 2.64996e-07 8.87917e-07 8.97928e-07 2.66169e-07 -5.8391e-07 -1.00363e-06 -5.50664e-07 2.57513e-07 6.53078e-07 5.84222e-07 1.82372e-07 -2.99976e-07 -4.54496e-07 -3.48483e-07 -1.4771e-07 2.01482e-07 4.87853e-07 4.29602e-07 3.35091e-08 -4.49763e-07 -6.19755e-07 -2.62073e-07 3.79299e-07 7.24893e-07 4.00633e-07 -2.8309e-07 -7.16241e-07 -5.35296e-07 1.747e-07 7.39379e-07 5.73412e-07 -8.88724e-08 -6.62489e-07 -6.64336e-07 0. 
0.0966473 0.0945888 0.0912454 0.0869222 0.0818886 0.0763709 0.070553 0.0645809 0.0585693 0.0526086 0.0467702 0.0411112 0.0356774 0.0305064 0.0256283 0.0210672 0.0168422 0.012967 0.009451 0.0062992 0.00351234 0.00108718 -0.000983355 -0.00270992 -0.00410655 -0.00519034 -0.00598115 -0.00650129 -0.00677509 -0.00682851 -0.00668874 -0.00638376 -0.00594185 -0.00539118 -0.00475937 -0.00407299 -0.00335725 -0.00263552 -0.00192907 -0.0012567 -0.000634543 -7.58411e-05 0.000409145 0.000813238 0.00113228 0.00136509 0.00151329 0.00158109 0.00157498 0.00150342 0.00137642 0.00120516 0.00100148 0.000777473 0.000545001 0.000315277 9.84722e-05 -9.66526e-05 -0.000262994 -0.00039536 -0.000490534 -0.000547378 -0.000566698 -0.000551179 -0.000505074 -0.000433978 -0.000344405 -0.000243444 -0.000138296 -3.58923e-05 5.75058e-05 0.000136657 0.000197582 0.000237797 0.000256342 0.000253847 0.000232328 0.000195075 0.000146269 9.07185e-05 3.34054e-05 -2.08568e-05 -6.7818e-05 -0.000104108 -0.000127448 -0.00013685 -0.000132571 -0.00011613 -9.00176e-05 -5.75346e-05 -2.23461e-05 1.17994e-05 4.15006e-05 6.40032e-05 7.7449e-05 8.108e-05 7.52003e-05 6.12063e-05 4.12709e-05 1.81915e-05 -5.07053e-06 -2.56552e-05 -4.12024e-05 -5.01086e-05 -5.16722e-05 -4.62241e-05 -3.49418e-05 -1.97936e-05 -3.10918e-06 1.26287e-05 2.52349e-05 3.30715e-05 3.52715e-05 3.18935e-05 2.37855e-05 1.2561e-05 1.75362e-07 -1.12573e-05 -1.99239e-05 -2.45386e-05 -2.45488e-05 -2.02637e-05 -1.26653e-05 -3.36061e-06 5.8849e-06 1.33316e-05 1.76911e-05 1.83164e-05 1.52793e-05 9.43157e-06 2.06859e-06 -5.17627e-06 -1.08351e-05 -1.37905e-05 -1.35537e-05 -1.03811e-05 -5.09546e-06 9.54434e-07 6.39033e-06 9.96027e-06 1.09339e-05 9.23411e-06 5.37881e-06 4.76226e-07 -4.24499e-06 -7.56368e-06 -8.71742e-06 -7.52669e-06 -4.39309e-06 -3.03412e-07 3.6338e-06 6.29966e-06 7.03088e-06 5.72485e-06 2.82279e-06 -6.98903e-07 -3.82156e-06 -5.58768e-06 -5.53994e-06 -3.79622e-06 -9.39712e-07 2.01531e-06 4.16756e-06 4.82162e-06 3.83257e-06 1.63887e-06 -1.01441e-06 -3.13588e-06 -4.05554e-06 -3.49047e-06 -1.68769e-06 5.93498e-07 2.55769e-06 3.43909e-06 2.97462e-06 1.41881e-06 -6.30629e-07 -2.28685e-06 -2.96496e-06 -2.41419e-06 -8.90811e-07 8.83131e-07 2.22533e-06 2.53686e-06 1.7432e-06 2.617e-07 -1.29141e-06 -2.15666e-06 -2.0207e-06 -9.88307e-07 4.77266e-07 1.61392e-06 1.95521e-06 1.33164e-06 7.51046e-08 -1.09404e-06 -1.69938e-06 -1.44863e-06 -4.56852e-07 7.48218e-07 1.53605e-06 1.35657e-06 4.67012e-07 -4.52222e-07 -1.12951e-06 -1.32239e-06 -7.61917e-07 4.19789e-07 1.34731e-06 1.13865e-06 2.64294e-07 -4.10454e-07 -8.21672e-07 -9.21414e-07 -4.99913e-07 3.14385e-07 9.94558e-07 9.86003e-07 2.88527e-07 -6.63578e-07 -1.14582e-06 -6.08093e-07 3.21365e-07 7.53347e-07 6.59274e-07 1.7898e-07 -3.75656e-07 -5.20228e-07 -3.65319e-07 -1.28905e-07 2.38355e-07 5.29505e-07 4.57445e-07 1.88217e-08 -4.9797e-07 -6.67714e-07 -2.85987e-07 4.19793e-07 8.09376e-07 4.34877e-07 -3.20293e-07 -7.90226e-07 -6.02507e-07 1.9593e-07 8.37448e-07 6.35367e-07 -1.0181e-07 -7.36946e-07 -7.54163e-07 0. 
0.0966473 0.0951576 0.0923426 0.0884742 0.0838002 0.0785374 0.0728705 0.0669538 0.0609146 0.0548576 0.0488688 0.0430189 0.0373664 0.0319594 0.0268373 0.0220321 0.017569 0.013467 0.00973964 0.00639481 0.00343561 0.000860281 -0.00133739 -0.00316782 -0.00464528 -0.00578761 -0.00661575 -0.00715346 -0.00742674 -0.00746354 -0.00729311 -0.00694567 -0.00645176 -0.00584188 -0.00514586 -0.00439252 -0.00360908 -0.00282087 -0.00205085 -0.00131933 -0.000643697 -3.82026e-05 0.000486162 0.000921769 0.00126426 0.00151255 0.00166855 0.00173703 0.00172519 0.00164242 0.00149969 0.00130932 0.00108424 0.000837709 0.000582641 0.000331285 9.46595e-05 -0.000117711 -0.00029818 -0.000441162 -0.000543259 -0.000603343 -0.000622391 -0.000603463 -0.000551265 -0.00047203 -0.000372886 -0.000261672 -0.000146221 -3.41577e-05 6.77503e-05 0.000153771 0.000219647 0.000262708 0.000281989 0.000278256 0.000253767 0.000212214 0.000158173 9.69928e-05 3.40749e-05 -2.52526e-05 -7.6423e-05 -0.000115727 -0.000140763 -0.000150472 -0.000145203 -0.000126679 -9.76447e-05 -6.17895e-05 -2.30881e-05 1.4284e-05 4.66855e-05 7.10558e-05 8.54555e-05 8.90507e-05 8.22431e-05 6.65998e-05 4.45119e-05 1.9109e-05 -6.4179e-06 -2.88671e-05 -4.57476e-05 -5.52577e-05 -5.67211e-05 -5.04978e-05 -3.79217e-05 -2.11916e-05 -2.83183e-06 1.43689e-05 2.8104e-05 3.65155e-05 3.87546e-05 3.48591e-05 2.58155e-05 1.34174e-05 -2.13481e-07 -1.26956e-05 -2.21309e-05 -2.7041e-05 -2.69236e-05 -2.20843e-05 -1.3651e-05 -3.40874e-06 6.74275e-06 1.48292e-05 1.95386e-05 2.00929e-05 1.66672e-05 1.01712e-05 2.04738e-06 -5.87441e-06 -1.20547e-05 -1.51927e-05 -1.48627e-05 -1.12885e-05 -5.4366e-06 1.20782e-06 7.16856e-06 1.1006e-05 1.20263e-05 1.00705e-05 5.79453e-06 3.94558e-07 -4.79101e-06 -8.36851e-06 -9.6015e-06 -8.21152e-06 -4.7379e-06 -2.29004e-07 4.09625e-06 6.96308e-06 7.74132e-06 6.23355e-06 3.0246e-06 -8.52148e-07 -4.27962e-06 -6.1575e-06 -6.0868e-06 -4.10996e-06 -9.61038e-07 2.277e-06 4.63532e-06 5.28863e-06 4.19072e-06 1.73756e-06 -1.17934e-06 -3.4801e-06 -4.48412e-06 -3.80007e-06 -1.81624e-06 7.05571e-07 2.86025e-06 3.77823e-06 3.2662e-06 1.50932e-06 -7.38504e-07 -2.53888e-06 -3.28219e-06 -2.61971e-06 -9.51844e-07 1.01048e-06 2.48086e-06 2.77468e-06 1.90911e-06 2.44168e-07 -1.45337e-06 -2.37398e-06 -2.23032e-06 -1.04719e-06 5.51792e-07 1.79162e-06 2.16578e-06 1.42909e-06 6.78325e-08 -1.22495e-06 -1.89348e-06 -1.56925e-06 -4.86606e-07 8.54844e-07 1.69932e-06 1.4677e-06 5.25156e-07 -5.26678e-07 -1.27974e-06 -1.43405e-06 -8.16123e-07 4.83459e-07 1.47421e-06 1.25312e-06 3.13845e-07 -5.06012e-07 -9.29374e-07 -9.67709e-07 -5.54153e-07 3.48094e-07 1.11973e-06 1.07866e-06 2.98334e-07 -7.50302e-07 -1.24837e-06 -6.66768e-07 3.37943e-07 8.78318e-07 7.30692e-07 1.43788e-07 -3.91723e-07 -5.78816e-07 -4.33873e-07 -8.87158e-08 2.71521e-07 5.47669e-07 5.22225e-07 9.68669e-09 -5.6964e-07 -7.08288e-07 -3.10543e-07 4.52539e-07 8.99585e-07 4.74545e-07 -3.60501e-07 -8.68775e-07 -6.60755e-07 2.1682e-07 9.22097e-07 7.05845e-07 -1.13572e-07 -8.21063e-07 -8.27245e-07 0. 
0.0966473 0.0956034 0.0932055 0.0897013 0.0853213 0.080273 0.0747395 0.068879 0.0628269 0.056698 0.0505892 0.0445824 0.0387463 0.0331383 0.0278063 0.0227892 0.0181183 0.0138174 0.00990401 0.00638925 0.00327845 0.000571439 -0.00173706 -0.00365709 -0.00520307 -0.00639341 -0.00725007 -0.00779807 -0.00806505 -0.00808072 -0.00787635 -0.00748422 -0.00693708 -0.00626755 -0.00550766 -0.00468827 -0.0038386 -0.00298573 -0.00215429 -0.00136597 -0.000639345 1.04205e-05 0.000571682 0.00103641 0.00140012 0.00166184 0.00182385 0.00189146 0.00187266 0.00177767 0.00161856 0.00140865 0.00116204 0.000893052 0.000615696 0.000343141 8.72933e-05 -0.000141662 -0.000335528 -0.000488393 -0.000596705 -0.000659361 -0.000677576 -0.000654742 -0.000596116 -0.000508474 -0.000399674 -0.000278175 -0.000152556 -3.09958e-05 7.91372e-05 0.000171742 0.000242231 0.000287819 0.000307538 0.000302296 0.000274655 0.000228636 0.000169325 0.000102477 3.40524e-05 -3.0264e-05 -8.54619e-05 -0.000127632 -0.000154171 -0.000164025 -0.000157629 -0.000136895 -0.000104899 -6.56147e-05 -2.3461e-05 1.71215e-05 5.20976e-05 7.8266e-05 9.34874e-05 9.69581e-05 8.91407e-05 7.17748e-05 4.75339e-05 1.97725e-05 -7.94508e-06 -3.22512e-05 -5.0358e-05 -6.0434e-05 -6.17125e-05 -5.46657e-05 -4.07757e-05 -2.2425e-05 -2.44052e-06 1.62405e-05 3.10146e-05 3.99955e-05 4.21976e-05 3.77619e-05 2.77644e-05 1.41632e-05 -6.65104e-07 -1.4222e-05 -2.43442e-05 -2.95616e-05 -2.92546e-05 -2.38538e-05 -1.45835e-05 -3.37923e-06 7.62085e-06 1.63777e-05 2.13619e-05 2.18653e-05 1.80124e-05 1.08634e-05 2.00449e-06 -6.62419e-06 -1.3257e-05 -1.66145e-05 -1.61337e-05 -1.2175e-05 -5.75674e-06 1.50104e-06 7.9303e-06 1.20787e-05 1.30813e-05 1.0903e-05 6.19013e-06 2.85955e-07 -5.31851e-06 -9.19958e-06 -1.0447e-05 -8.90175e-06 -5.06499e-06 -1.37382e-07 4.53563e-06 7.65021e-06 8.41225e-06 6.75225e-06 3.21449e-06 -1.01704e-06 -4.70766e-06 -6.74967e-06 -6.59565e-06 -4.43569e-06 -9.81241e-07 2.54932e-06 5.0653e-06 5.77888e-06 4.51799e-06 1.84738e-06 -1.32952e-06 -3.83901e-06 -4.87068e-06 -4.13463e-06 -1.92991e-06 8.12667e-07 3.13074e-06 4.14044e-06 3.52192e-06 1.62251e-06 -8.36676e-07 -2.79972e-06 -3.55782e-06 -2.85561e-06 -9.98987e-07 1.1284e-06 2.70235e-06 3.03927e-06 2.04419e-06 2.51899e-07 -1.59654e-06 -2.6081e-06 -2.40022e-06 -1.139e-06 6.2223e-07 1.96999e-06 2.3391e-06 1.56664e-06 4.52201e-08 -1.35007e-06 -2.04433e-06 -1.71999e-06 -5.08157e-07 9.34464e-07 1.85202e-06 1.61773e-06 5.29241e-07 -5.76319e-07 -1.36989e-06 -1.5801e-06 -8.82932e-07 5.3097e-07 1.62491e-06 1.36568e-06 2.94617e-07 -5.22729e-07 -9.96498e-07 -1.09569e-06 -5.76014e-07 3.94072e-07 1.19857e-06 1.17998e-06 3.23255e-07 -8.14518e-07 -1.37183e-06 -7.23973e-07 4.01168e-07 9.23327e-07 7.87694e-07 1.97687e-07 -4.65719e-07 -6.29782e-07 -4.29755e-07 -1.40208e-07 2.97843e-07 6.32115e-07 5.32391e-07 1.66597e-08 -5.96513e-07 -7.99632e-07 -3.30242e-07 5.08033e-07 9.60948e-07 5.21209e-07 -3.86038e-07 -9.54154e-07 -7.14688e-07 2.38942e-07 9.99526e-07 7.67081e-07 -1.23219e-07 -8.91629e-07 -8.99856e-07 0. 
0.0966473 0.0959526 0.0938832 0.0906685 0.0865254 0.0816535 0.0762327 0.0704232 0.064365 0.0581801 0.0519739 0.0458368 0.039846 0.0340669 0.0285546 0.0233543 0.0185028 0.0140287 0.0099531 0.00629016 0.00304747 0.000226453 -0.00217718 -0.00417304 -0.0057756 -0.00700379 -0.00788042 -0.00843173 -0.00868682 -0.00867712 -0.00843575 -0.00799697 -0.00739556 -0.00666624 -0.00584303 -0.00495878 -0.00404454 -0.00312912 -0.00223862 -0.00139608 -0.000621146 7.0188e-05 0.000665691 0.001157 0.00153958 0.0018126 0.00197874 0.00204391 0.00201683 0.00190869 0.00173249 0.00150268 0.00123443 0.000943142 0.000643831 0.000350619 7.61902e-05 -0.000168595 -0.000375075 -0.000537023 -0.000650782 -0.000715317 -0.000732078 -0.000704859 -0.000639415 -0.000543153 -0.000424569 -0.000292831 -0.00015715 -2.63418e-05 9.17433e-05 0.000190575 0.000265332 0.000313087 0.000332921 0.000325902 0.000294881 0.000244277 0.000179605 0.000107128 3.32441e-05 -3.59005e-05 -9.49815e-05 -0.000139804 -0.000167663 -0.000177471 -0.000169791 -0.000146745 -0.000111699 -6.89935e-05 -2.33853e-05 2.03045e-05 5.77876e-05 8.56076e-05 0.00010155 0.000104772 9.58541e-05 7.67128e-05 5.02707e-05 2.01861e-05 -9.71849e-06 -3.57828e-05 -5.50724e-05 -6.56047e-05 -6.66415e-05 -5.87059e-05 -4.34581e-05 -2.34959e-05 -1.87134e-06 1.82167e-05 3.40174e-05 4.34748e-05 4.56119e-05 4.05774e-05 2.95985e-05 1.48022e-05 -1.23952e-06 -1.5805e-05 -2.66159e-05 -3.20602e-05 -3.15543e-05 -2.55502e-05 -1.54282e-05 -3.28446e-06 8.57915e-06 1.79375e-05 2.32067e-05 2.35941e-05 1.93149e-05 1.14986e-05 1.89355e-06 -7.39636e-06 -1.4501e-05 -1.80093e-05 -1.73939e-05 -1.30137e-05 -6.02934e-06 1.81786e-06 8.7349e-06 1.31307e-05 1.41422e-05 1.16936e-05 6.55529e-06 1.56515e-07 -5.88284e-06 -1.00104e-05 -1.13046e-05 -9.55326e-06 -5.37276e-06 -3.01895e-08 5.00481e-06 8.31349e-06 9.09612e-06 7.2349e-06 3.39114e-06 -1.18924e-06 -5.15994e-06 -7.31231e-06 -7.11614e-06 -4.7302e-06 -9.90719e-07 2.81699e-06 5.51609e-06 6.23455e-06 4.85471e-06 1.93611e-06 -1.49086e-06 -4.17871e-06 -5.27649e-06 -4.4349e-06 -2.0494e-06 9.23583e-07 3.41575e-06 4.47111e-06 3.79544e-06 1.71252e-06 -9.36083e-07 -3.04298e-06 -3.85298e-06 -3.0587e-06 -1.05844e-06 1.24631e-06 2.93647e-06 3.27159e-06 2.19984e-06 2.44021e-07 -1.74099e-06 -2.8166e-06 -2.59335e-06 -1.20603e-06 6.84296e-07 2.13457e-06 2.5303e-06 1.67148e-06 4.4141e-08 -1.46635e-06 -2.21587e-06 -1.84429e-06 -5.43218e-07 1.02333e-06 1.99819e-06 1.72933e-06 5.82011e-07 -6.25317e-07 -1.493e-06 -1.70489e-06 -9.43887e-07 5.92908e-07 1.74046e-06 1.4539e-06 3.37177e-07 -5.6132e-07 -1.08422e-06 -1.18116e-06 -6.26711e-07 4.32899e-07 1.29757e-06 1.26775e-06 3.47605e-07 -8.88155e-07 -1.46923e-06 -7.65551e-07 4.16103e-07 9.90139e-07 8.5018e-07 2.08684e-07 -4.81896e-07 -6.74359e-07 -4.81071e-07 -1.52148e-07 3.16598e-07 6.82552e-07 5.90958e-07 1.50159e-08 -6.51154e-07 -8.60629e-07 -3.61118e-07 5.50367e-07 1.04248e-06 5.57497e-07 -4.17157e-07 -1.02672e-06 -7.709e-07 2.59393e-07 1.07583e-06 8.2357e-07 -1.32332e-07 -9.5888e-07 -9.66788e-07 0. 
0.0966473 0.096225 0.0944126 0.0914258 0.0874709 0.0827405 0.0774115 0.0716441 0.0655817 0.0593511 0.0530639 0.0468172 0.0406953 0.0347702 0.0291032 0.0237451 0.0187376 0.0141136 0.00989768 0.00610679 0.00275069 -0.000167654 -0.00265154 -0.00471014 -0.00635794 -0.00761427 -0.00850276 -0.00905077 -0.00928876 -0.00924976 -0.00896864 -0.00848153 -0.00782514 -0.00703613 -0.00615045 -0.00520279 -0.00422592 -0.00325026 -0.00230331 -0.00140934 -0.000588966 0.000141061 0.000768004 0.00128325 0.00168222 0.00196433 0.00213267 0.00219378 0.00215716 0.00203488 0.00184098 0.00159094 0.00130099 0.000987611 0.000666774 0.000353503 6.12276e-05 -0.000198572 -0.000416805 -0.000586981 -0.000705374 -0.000771048 -0.000785721 -0.000753605 -0.000680974 -0.000575861 -0.000447409 -0.000305477 -0.000159901 -2.01016e-05 0.000105601 0.000210288 0.000288917 0.000338462 0.000358063 0.000348976 0.000314356 0.000259024 0.000188938 0.000110852 3.16054e-05 -4.2218e-05 -0.000104985 -0.000152247 -0.000181207 -0.000190771 -0.000181639 -0.000156158 -0.000117995 -7.18528e-05 -2.28314e-05 2.38852e-05 6.37555e-05 9.30957e-05 0.000109619 0.000112466 0.000102345 8.13614e-05 5.269e-05 2.02922e-05 -1.175e-05 -3.95005e-05 -5.98781e-05 -7.07741e-05 -7.14786e-05 -6.2588e-05 -4.59392e-05 -2.43547e-05 -1.11017e-06 2.03417e-05 3.71034e-05 4.69697e-05 4.89714e-05 4.32866e-05 3.12904e-05 1.52913e-05 -1.94834e-06 -1.74868e-05 -2.89341e-05 -3.45532e-05 -3.37956e-05 -2.71543e-05 -1.61607e-05 -3.08259e-06 9.62188e-06 1.9545e-05 2.50537e-05 2.52856e-05 2.05458e-05 1.2049e-05 1.69822e-06 -8.23215e-06 -1.57771e-05 -1.94004e-05 -1.86149e-05 -1.37923e-05 -6.23059e-06 2.19591e-06 9.58093e-06 1.41938e-05 1.51826e-05 1.2441e-05 6.86228e-06 -2.61404e-08 -6.48736e-06 -1.08348e-05 -1.21492e-05 -1.017e-05 -5.63167e-06 1.2173e-07 5.50809e-06 8.98593e-06 9.76675e-06 7.68503e-06 3.52493e-06 -1.39762e-06 -5.63726e-06 -7.87527e-06 -7.61848e-06 -4.9918e-06 -9.62454e-07 3.11047e-06 5.98003e-06 6.67914e-06 5.16681e-06 1.99299e-06 -1.68237e-06 -4.53011e-06 -5.68105e-06 -4.71325e-06 -2.14034e-06 1.05929e-06 3.71824e-06 4.79618e-06 4.0537e-06 1.77598e-06 -1.06061e-06 -3.29542e-06 -4.14843e-06 -3.24129e-06 -1.09507e-06 1.38288e-06 3.18254e-06 3.49287e-06 2.3403e-06 2.13298e-07 -1.90306e-06 -3.02303e-06 -2.7804e-06 -1.25077e-06 7.65622e-07 2.30553e-06 2.72123e-06 1.75476e-06 2.8421e-08 -1.59233e-06 -2.39651e-06 -1.95225e-06 -5.59094e-07 1.12745e-06 2.14391e-06 1.82619e-06 6.36166e-07 -6.93841e-07 -1.64004e-06 -1.80805e-06 -9.7941e-07 6.5724e-07 1.84708e-06 1.55077e-06 3.87158e-07 -6.4391e-07 -1.18531e-06 -1.22509e-06 -6.77063e-07 4.66522e-07 1.41808e-06 1.34679e-06 3.4613e-07 -9.6436e-07 -1.55196e-06 -8.14716e-07 4.25956e-07 1.09655e-06 9.10047e-07 1.79713e-07 -4.83558e-07 -7.25959e-07 -5.53624e-07 -1.16651e-07 3.46041e-07 6.98107e-07 6.58601e-07 5.24119e-09 -7.23946e-07 -8.92243e-07 -3.81736e-07 5.77123e-07 1.12682e-06 5.88904e-07 -4.57054e-07 -1.08986e-06 -8.20482e-07 2.76199e-07 1.15043e-06 8.80563e-07 -1.43707e-07 -1.0269e-06 -1.02936e-06 0. 
0.0966473 0.0964356 0.0948222 0.0920126 0.0882044 0.0835846 0.0783272 0.072592 0.0665241 0.0602539 0.0538976 0.0475576 0.0413238 0.0352738 0.0294741 0.0239805 0.0188389 0.0140861 0.00974977 0.00584954 0.00239715 -0.000602977 -0.00315322 -0.00526228 -0.00694465 -0.00822005 -0.00911283 -0.0096514 -0.00986752 -0.00979569 -0.00947246 -0.00893569 -0.00822394 -0.00737566 -0.00642865 -0.00541928 -0.00438199 -0.00334865 -0.00234809 -0.00140566 -0.000542888 0.000222804 0.000878265 0.00141467 0.00182752 0.00211646 0.00228505 0.00234047 0.00229303 0.00215568 0.00194349 0.00167294 0.00136134 0.00102614 0.000684293 0.000351631 4.23278e-05 -0.000231604 -0.000460665 -0.000638161 -0.000760331 -0.00082637 -0.000838312 -0.000800769 -0.0007206 -0.000606406 -0.000468043 -0.000315973 -0.000160721 -1.22082e-05 0.000120729 0.000230874 0.000312946 0.000363877 0.000382884 0.000371421 0.00033299 0.000272778 0.00019725 0.000113571 2.90993e-05 -4.92519e-05 -0.00011547 -0.000164953 -0.000194769 -0.00020388 -0.000193124 -0.000165074 -0.000123743 -7.41361e-05 -2.1777e-05 2.78971e-05 6.99987e-05 0.000100732 0.000117669 0.000120015 0.000108584 8.56776e-05 5.47696e-05 2.00498e-05 -1.40449e-05 -4.34268e-05 -6.4763e-05 -7.59382e-05 -7.62029e-05 -6.62848e-05 -4.82014e-05 -2.49649e-05 -1.52691e-07 2.26437e-05 4.0262e-05 5.04868e-05 5.2258e-05 4.58714e-05 3.28265e-05 1.5598e-05 -2.79165e-06 -1.92958e-05 -3.12856e-05 -3.70487e-05 -3.59609e-05 -2.86493e-05 -1.67722e-05 -2.74242e-06 1.07422e-05 2.12257e-05 2.68851e-05 2.69425e-05 2.16899e-05 1.24924e-05 1.41844e-06 -9.16288e-06 -1.70692e-05 -2.0805e-05 -1.97773e-05 -1.45004e-05 -6.35439e-06 2.6653e-06 1.04547e-05 1.52933e-05 1.61802e-05 1.31442e-05 7.10049e-06 -2.88862e-07 -7.11976e-06 -1.17019e-05 -1.2956e-05 -1.07564e-05 -5.82868e-06 3.43164e-07 6.03237e-06 9.69795e-06 1.03969e-05 8.10833e-06 3.60308e-06 -1.66762e-06 -6.12267e-06 -8.46885e-06 -8.07324e-06 -5.22281e-06 -8.88044e-07 3.45864e-06 6.43301e-06 7.14034e-06 5.42497e-06 2.01192e-06 -1.90227e-06 -4.92648e-06 -6.05174e-06 -4.98956e-06 -2.17999e-06 1.23872e-06 4.01996e-06 5.14961e-06 4.25988e-06 1.81716e-06 -1.21516e-06 -3.58869e-06 -4.40822e-06 -3.42783e-06 -1.08225e-06 1.55575e-06 3.4173e-06 3.73759e-06 2.42566e-06 1.6127e-07 -2.07888e-06 -3.26341e-06 -2.91555e-06 -1.28886e-06 8.77417e-07 2.50755e-06 2.87627e-06 1.85093e-06 -4.10411e-08 -1.75337e-06 -2.53616e-06 -2.06933e-06 -5.41953e-07 1.24167e-06 2.30379e-06 1.95979e-06 5.88978e-07 -7.90524e-07 -1.72233e-06 -1.92718e-06 -1.01904e-06 7.2986e-07 2.01238e-06 1.66283e-06 3.25273e-07 -7.08718e-07 -1.25737e-06 -1.32822e-06 -6.51732e-07 5.38845e-07 1.47761e-06 1.4293e-06 3.53858e-07 -1.04702e-06 -1.67587e-06 -8.62831e-07 5.16095e-07 1.1723e-06 9.66817e-07 2.04236e-07 -6.03403e-07 -7.92527e-07 -5.11667e-07 -1.29017e-07 3.9204e-07 7.69512e-07 6.16497e-07 -8.56764e-09 -7.28058e-07 -9.62719e-07 -3.75419e-07 6.33767e-07 1.15099e-06 6.24248e-07 -4.74466e-07 -1.17198e-06 -8.53292e-07 3.02218e-07 1.20581e-06 9.4131e-07 -1.5192e-07 -1.10092e-06 -1.08491e-06 0. 
0.0966473 0.0965962 0.0951347 0.0924601 0.0887637 0.0842277 0.0790235 0.0733101 0.0672339 0.0609276 0.0545108 0.0480903 0.0417603 0.0356031 0.0296896 0.0240799 0.0188236 0.0139608 0.00952216 0.00552955 0.00199657 -0.00107104 -0.00367477 -0.00582295 -0.00753004 -0.00881613 -0.00970626 -0.0102298 -0.0104198 -0.0103121 -0.00994479 -0.00935744 -0.00859028 -0.00768352 -0.00667659 -0.00560754 -0.00451227 -0.00342405 -0.0023729 -0.00138518 -0.000483215 0.000314998 0.000995942 0.0015507 0.00197482 0.00226831 0.00243519 0.00248333 0.00242381 0.00227054 0.00203951 0.00174827 0.00141511 0.00105847 0.00069619 0.000344912 1.94543e-05 -0.00026765 -0.000506561 -0.000690426 -0.000815475 -0.000881102 -0.000889632 -0.000846172 -0.000758085 -0.000634646 -0.00048631 -0.000324239 -0.000159517 -2.6442e-06 0.000137145 0.000252298 0.000337372 0.00038927 0.000407296 0.00039317 0.000350684 0.000285491 0.000204455 0.00011527 2.56723e-05 -5.69882e-05 -0.000126449 -0.00017789 -0.000208324 -0.000216767 -0.000204196 -0.000173476 -0.000128888 -7.58512e-05 -2.01759e-05 3.2315e-05 7.65392e-05 0.000108488 0.000125697 0.000127403 0.000114542 8.96688e-05 5.64687e-05 1.94873e-05 -1.66399e-05 -4.75268e-05 -6.97463e-05 -8.10749e-05 -8.08093e-05 -6.98011e-05 -5.02182e-05 -2.53576e-05 1.0375e-06 2.50812e-05 4.3523e-05 5.39983e-05 5.54805e-05 4.8336e-05 3.41896e-05 1.5758e-05 -3.80434e-06 -2.11858e-05 -3.37043e-05 -3.95195e-05 -3.80635e-05 -3.00463e-05 -1.7246e-05 -2.30757e-06 1.19779e-05 2.29328e-05 2.87356e-05 2.85486e-05 2.27545e-05 1.28565e-05 1.0273e-06 -1.01363e-05 -1.84208e-05 -2.21867e-05 -2.09081e-05 -1.51473e-05 -6.38888e-06 3.1772e-06 1.13995e-05 1.63811e-05 1.71747e-05 1.37982e-05 7.27055e-06 -5.88161e-07 -7.82119e-06 -1.25583e-05 -1.37718e-05 -1.12995e-05 -5.9713e-06 5.93158e-07 6.61889e-06 1.03942e-05 1.10371e-05 8.49124e-06 3.63295e-06 -1.95586e-06 -6.66201e-06 -9.03815e-06 -8.5315e-06 -5.41706e-06 -7.66195e-07 3.81106e-06 6.92969e-06 7.56841e-06 5.67459e-06 2.00278e-06 -2.17029e-06 -5.30935e-06 -6.45162e-06 -5.22861e-06 -2.19576e-06 1.42884e-06 4.3667e-06 5.47205e-06 4.47439e-06 1.82888e-06 -1.40726e-06 -3.8674e-06 -4.69975e-06 -3.57637e-06 -1.05258e-06 1.73337e-06 3.69224e-06 3.94604e-06 2.51649e-06 8.74083e-08 -2.2903e-06 -3.47553e-06 -3.07376e-06 -1.2946e-06 1.01459e-06 2.6946e-06 3.06155e-06 1.90604e-06 -1.18384e-07 -1.90708e-06 -2.71701e-06 -2.14865e-06 -5.15204e-07 1.36445e-06 2.48312e-06 2.04997e-06 5.71555e-07 -8.99628e-07 -1.8639e-06 -2.00006e-06 -1.0404e-06 8.03903e-07 2.17386e-06 1.75902e-06 3.07444e-07 -8.22103e-07 -1.37154e-06 -1.35706e-06 -6.46794e-07 5.99824e-07 1.58509e-06 1.47776e-06 3.46477e-07 -1.12414e-06 -1.80091e-06 -8.99966e-07 5.85156e-07 1.28406e-06 1.0388e-06 1.66015e-07 -6.87582e-07 -8.58476e-07 -5.26125e-07 -6.4325e-08 4.43349e-07 7.76955e-07 6.27953e-07 -4.40978e-08 -7.77072e-07 -9.62553e-07 -3.82705e-07 6.56405e-07 1.22122e-06 6.3054e-07 -5.13186e-07 -1.20906e-06 -9.06824e-07 3.17607e-07 1.29214e-06 9.76431e-07 -1.65503e-07 -1.1472e-06 -1.16315e-06 0. 
0.0966473 0.0967162 0.0953679 0.0927938 0.08918 0.0847048 0.0795374 0.0738361 0.0677479 0.0614072 0.0549364 0.0484454 0.0420322 0.0357827 0.0297716 0.0240626 0.0187087 0.0137528 0.00922799 0.00515833 0.00155901 -0.00156304 -0.00420854 -0.00638547 -0.00810829 -0.00939748 -0.0102787 -0.0107823 -0.0109424 -0.0107963 -0.0103835 -0.00974502 -0.00892281 -0.00795866 -0.00689359 -0.00576713 -0.0046166 -0.0034765 -0.00237798 -0.00134828 -0.000410461 0.000417017 0.00112035 0.00169056 0.00212337 0.00241912 0.00258236 0.00262165 0.00254888 0.00237887 0.00212857 0.00181653 0.001462 0.00108439 0.00070235 0.000333296 -7.36087e-06 -0.000306618 -0.000554353 -0.000743592 -0.000870609 -0.000935018 -0.000939479 -0.000889595 -0.000793263 -0.000660412 -0.000502105 -0.000330177 -0.000156257 8.61045e-06 0.000154819 0.000274515 0.000362128 0.000414553 0.000431224 0.000414125 0.000367376 0.000297082 0.000210525 0.000115901 2.13298e-05 -6.54336e-05 -0.000137893 -0.000191031 -0.000221836 -0.000229386 -0.000214831 -0.000181319 -0.000133426 -7.69651e-05 -1.80466e-05 3.71492e-05 8.33491e-05 0.000116352 0.000133679 0.000134605 0.000120217 9.33088e-05 5.78074e-05 1.85865e-05 -1.95035e-05 -5.18057e-05 -7.48029e-05 -8.61771e-05 -8.52943e-05 -7.31224e-05 -5.20116e-05 -2.55179e-05 2.42399e-06 2.76642e-05 4.68569e-05 5.75062e-05 5.86348e-05 5.06744e-05 3.54057e-05 1.57604e-05 -4.94571e-06 -2.3168e-05 -3.61607e-05 -4.19722e-05 -4.01055e-05 -3.13437e-05 -1.76159e-05 -1.76835e-06 1.32862e-05 2.46793e-05 3.05844e-05 3.01124e-05 2.37573e-05 1.31391e-05 5.68281e-07 -1.11656e-05 -1.97957e-05 -2.35609e-05 -2.20082e-05 -1.57387e-05 -6.3719e-06 3.74148e-06 1.23721e-05 1.74763e-05 1.81551e-05 1.44153e-05 7.40426e-06 -9.30532e-07 -8.546e-06 -1.34251e-05 -1.45801e-05 -1.18159e-05 -6.08839e-06 8.76842e-07 7.22179e-06 1.10981e-05 1.1671e-05 8.85221e-06 3.64495e-06 -2.26945e-06 -7.21067e-06 -9.60984e-06 -8.98327e-06 -5.59164e-06 -6.32705e-07 4.18092e-06 7.42973e-06 7.99296e-06 5.91822e-06 1.97623e-06 -2.4443e-06 -5.70159e-06 -6.85115e-06 -5.4593e-06 -2.2078e-06 1.63244e-06 4.71508e-06 5.79603e-06 4.68806e-06 1.83005e-06 -1.60004e-06 -4.15372e-06 -4.99154e-06 -3.72019e-06 -1.02404e-06 1.92015e-06 3.96672e-06 4.15519e-06 2.60929e-06 5.88347e-09 -2.49909e-06 -3.69177e-06 -3.23453e-06 -1.29544e-06 1.14875e-06 2.88716e-06 3.24585e-06 1.95929e-06 -1.87152e-07 -2.06718e-06 -2.90228e-06 -2.22655e-06 -4.87453e-07 1.48968e-06 2.65061e-06 2.1461e-06 5.73568e-07 -1.02015e-06 -2.01722e-06 -2.06518e-06 -1.05426e-06 8.68776e-07 2.32025e-06 1.8729e-06 3.02523e-07 -9.54243e-07 -1.47838e-06 -1.37603e-06 -6.63874e-07 6.57812e-07 1.7103e-06 1.52697e-06 3.27604e-07 -1.19585e-06 -1.91181e-06 -9.52164e-07 6.44752e-07 1.41238e-06 1.09805e-06 1.22143e-07 -7.40719e-07 -9.31676e-07 -5.61708e-07 1.16025e-08 4.87092e-07 7.77508e-07 6.63216e-07 -7.826e-08 -8.40758e-07 -9.60483e-07 -3.93457e-07 6.74866e-07 1.3023e-06 6.42487e-07 -5.58078e-07 -1.25007e-06 -9.60306e-07 3.31452e-07 1.38022e-06 1.01815e-06 -1.80504e-07 -1.1996e-06 -1.23997e-06 0. 
0.0966473 0.0968032 0.0955368 0.0930347 0.089479 0.0850452 0.0799004 0.0742025 0.0680984 0.0617242 0.0552041 0.0486508 0.0421649 0.0358358 0.0297412 0.0239477 0.0185111 0.0134769 0.0088804 0.00474742 0.00109458 -0.00207014 -0.00474684 -0.00694318 -0.00867369 -0.00995919 -0.010826 -0.0113054 -0.0114326 -0.011246 -0.0107866 -0.010097 -0.00922047 -0.0082004 -0.00707925 -0.00589794 -0.00469508 -0.00350634 -0.00236383 -0.00129562 -0.000325365 0.000528042 0.00125063 0.0018334 0.0022723 0.00256804 0.00272577 0.00275471 0.0026676 0.00248013 0.00221022 0.00187736 0.00150178 0.00110373 0.00070271 0.000316797 -3.80263e-05 -0.00034836 -0.000603849 -0.000797428 -0.000925493 -0.000987863 -0.000987624 -0.000930811 -0.000825956 -0.000683539 -0.000515329 -0.000333706 -0.000150923 2.1552e-05 0.000173702 0.000297455 0.000387124 0.000439622 0.000454569 0.000434176 0.00038299 0.000307466 0.000215423 0.000115424 1.60795e-05 -7.45825e-05 -0.00014976 -0.000204333 -0.000235252 -0.000241677 -0.000224986 -0.000188547 -0.000137341 -7.74458e-05 -1.5402e-05 4.24033e-05 9.03961e-05 0.000124304 0.000141583 0.000141587 0.00012559 9.65663e-05 5.8791e-05 1.73298e-05 -2.26103e-05 -5.62627e-05 -7.99019e-05 -9.12292e-05 -8.96394e-05 -7.62277e-05 -5.35861e-05 -2.54288e-05 3.98194e-06 3.0399e-05 5.02331e-05 6.10055e-05 6.17039e-05 5.28743e-05 3.64819e-05 1.55921e-05 -6.18826e-06 -2.52505e-05 -3.86247e-05 -4.44069e-05 -4.20747e-05 -3.25343e-05 -1.78963e-05 -1.11417e-06 1.46356e-05 2.64738e-05 3.24055e-05 3.1636e-05 2.46973e-05 1.33342e-05 6.69649e-08 -1.22618e-05 -2.11617e-05 -2.49369e-05 -2.30645e-05 -1.62755e-05 -6.32087e-06 4.36759e-06 1.33388e-05 1.85923e-05 1.91007e-05 1.5002e-05 7.51255e-06 -1.32271e-06 -9.26114e-06 -1.43181e-05 -1.53567e-05 -1.23165e-05 -6.18808e-06 1.19933e-06 7.80832e-06 1.18274e-05 1.22745e-05 9.2043e-06 3.64857e-06 -2.61436e-06 -7.73528e-06 -1.02041e-05 -9.40762e-06 -5.75934e-06 -5.02509e-07 4.57836e-06 7.89923e-06 8.43681e-06 6.14264e-06 1.94079e-06 -2.7009e-06 -6.12071e-06 -7.21889e-06 -5.70452e-06 -2.21618e-06 1.85102e-06 5.03348e-06 6.147e-06 4.87928e-06 1.83655e-06 -1.77588e-06 -4.46429e-06 -5.25101e-06 -3.88645e-06 -9.9487e-07 2.11793e-06 4.2089e-06 4.39469e-06 2.68608e-06 -6.99194e-08 -2.6838e-06 -3.93728e-06 -3.36729e-06 -1.31627e-06 1.26704e-06 3.10164e-06 3.40198e-06 2.04187e-06 -2.59465e-07 -2.23755e-06 -3.04445e-06 -2.34392e-06 -4.69498e-07 1.62586e-06 2.80973e-06 2.26482e-06 5.3324e-07 -1.11085e-06 -2.10595e-06 -2.20622e-06 -1.09042e-06 9.74125e-07 2.47479e-06 1.96615e-06 2.57269e-07 -1.01264e-06 -1.55728e-06 -1.48743e-06 -6.42591e-07 7.31787e-07 1.771e-06 1.62859e-06 3.36242e-07 -1.30576e-06 -2.02503e-06 -9.88962e-07 7.17168e-07 1.49482e-06 1.15709e-06 1.36464e-07 -8.42133e-07 -9.89332e-07 -5.36738e-07 -1.23992e-08 5.30613e-07 8.56732e-07 6.34471e-07 -8.25967e-08 -8.51183e-07 -1.05394e-06 -3.90366e-07 7.43711e-07 1.3296e-06 6.92331e-07 -5.75078e-07 -1.35834e-06 -9.91843e-07 3.6525e-07 1.43136e-06 1.09855e-06 -1.87753e-07 -1.29754e-06 -1.29023e-06 0. 
0.0966473 0.0968634 0.0956533 0.0932 0.0896825 0.0852738 0.0801398 0.0744374 0.068314 0.0619066 0.055341 0.0487319 0.0421825 0.0357845 0.0296183 0.023753 0.0182469 0.0131476 0.00849221 0.00430812 0.000613201 -0.00258371 -0.00528217 -0.00748961 -0.00922068 -0.0104966 -0.0113443 -0.0117958 -0.0118875 -0.0116591 -0.0111526 -0.0104122 -0.00948255 -0.00840837 -0.00723351 -0.00600018 -0.00474817 -0.00351418 -0.00233122 -0.00122806 -0.000228891 0.000647085 0.00138575 0.0019782 0.00242062 0.00271417 0.00286457 0.00288177 0.00277931 0.00257378 0.00228402 0.00193046 0.00153421 0.0011164 0.000697255 0.000295498 -7.23929e-05 -0.000392672 -0.000654791 -0.000851673 -0.000979828 -0.00103938 -0.00103378 -0.000969612 -0.000855938 -0.000703903 -0.000525848 -0.000334792 -0.000143482 3.61373e-05 0.000193737 0.000321024 0.000412239 0.000464365 0.000477185 0.000453234 0.000397392 0.000316595 0.000219058 0.000113839 9.89062e-06 -8.43935e-05 -0.000162022 -0.000217737 -0.000248498 -0.000253588 -0.000234569 -0.000195137 -0.000140553 -7.73033e-05 -1.2197e-05 4.80395e-05 9.76786e-05 0.000132298 0.000149364 0.000148319 0.000130594 9.94397e-05 5.9355e-05 1.5746e-05 -2.59974e-05 -6.0854e-05 -8.50394e-05 -9.61962e-05 -9.38031e-05 -7.911e-05 -5.48821e-05 -2.51165e-05 5.7611e-06 3.32405e-05 5.36684e-05 6.44582e-05 6.46636e-05 5.49285e-05 3.73664e-05 1.52821e-05 -7.5833e-06 -2.7385e-05 -4.11184e-05 -4.67868e-05 -4.39512e-05 -3.36183e-05 -1.80374e-05 -3.83291e-07 1.60747e-05 2.82657e-05 3.42148e-05 3.30929e-05 2.55465e-05 1.346e-05 -5.29442e-07 -1.33739e-05 -2.25583e-05 -2.62703e-05 -2.40736e-05 -1.67561e-05 -6.19137e-06 5.01133e-06 1.43503e-05 1.96755e-05 2.00266e-05 1.55424e-05 7.56169e-06 -1.72731e-06 -1.00204e-05 -1.51793e-05 -1.6127e-05 -1.27775e-05 -6.24357e-06 1.52573e-06 8.43291e-06 1.25219e-05 1.28764e-05 9.52372e-06 3.61771e-06 -2.95186e-06 -8.29089e-06 -1.07602e-05 -9.83032e-06 -5.90446e-06 -3.43389e-07 4.95488e-06 8.39323e-06 8.84245e-06 6.3626e-06 1.89867e-06 -2.98379e-06 -6.50612e-06 -7.60497e-06 -5.92009e-06 -2.21511e-06 2.05515e-06 5.37717e-06 6.45903e-06 5.0814e-06 1.83403e-06 -1.96837e-06 -4.74099e-06 -5.53372e-06 -4.02505e-06 -9.65241e-07 2.29614e-06 4.47551e-06 4.59708e-06 2.77743e-06 -1.43618e-07 -2.88483e-06 -4.14453e-06 -3.52574e-06 -1.32458e-06 1.39254e-06 3.28412e-06 3.58334e-06 2.09927e-06 -3.20026e-07 -2.38161e-06 -3.22374e-06 -2.43181e-06 -4.52688e-07 1.74554e-06 2.97303e-06 2.35047e-06 5.42732e-07 -1.19484e-06 -2.24981e-06 -2.30274e-06 -1.11675e-06 1.05673e-06 2.61496e-06 2.04588e-06 2.64627e-07 -1.09034e-06 -1.66098e-06 -1.54095e-06 -6.67277e-07 7.84173e-07 1.88667e-06 1.69672e-06 3.35142e-07 -1.38927e-06 -2.13762e-06 -1.01952e-06 7.63966e-07 1.58249e-06 1.22101e-06 1.18481e-07 -8.8628e-07 -1.03908e-06 -5.76889e-07 9.83806e-09 5.63875e-07 8.87083e-07 6.82282e-07 -9.8619e-08 -9.13335e-07 -1.08944e-06 -4.13823e-07 7.79352e-07 1.41904e-06 7.15201e-07 -6.1659e-07 -1.41721e-06 -1.0539e-06 3.85054e-07 1.52404e-06 1.14627e-06 -2.01134e-07 -1.35709e-06 -1.37197e-06 0. 
0.0966473 0.0969021 0.0957277 0.0933043 0.0898086 0.0854118 0.0802785 0.0745652 0.0684195 0.0619791 0.0553711 0.0487118 0.0421065 0.0356488 0.0294214 0.0234956 0.0179315 0.0127786 0.00807562 0.00385125 0.00012435 -0.00309548 -0.00580738 -0.00801867 -0.00974411 -0.0110053 -0.0118299 -0.0122507 -0.0123051 -0.0120339 -0.0114804 -0.01069 -0.00970873 -0.00858258 -0.00735668 -0.0060744 -0.0047766 -0.00350092 -0.00228116 -0.00114671 -0.000122185 0.000772965 0.00152457 0.00212385 0.0025673 0.00285654 0.0029979 0.00300206 0.00288337 0.0026593 0.00234958 0.00197554 0.00155917 0.00112236 0.000686051 0.00026954 -0.000110251 -0.000439289 -0.000706889 -0.000906002 -0.00103331 -0.00108924 -0.00107769 -0.00100573 -0.000883033 -0.00072133 -0.000533585 -0.000333371 -0.000133953 5.23272e-05 0.000214832 0.000345106 0.000437346 0.000488628 0.000498947 0.000471144 0.000410494 0.000324353 0.000221397 0.000111093 2.78396e-06 -9.48545e-05 -0.000174618 -0.000231175 -0.000261502 -0.000265021 -0.000243523 -0.000200992 -0.000143037 -7.64733e-05 -8.44546e-06 5.40736e-05 0.000105154 0.000140299 0.000156973 0.000154732 0.000135195 0.000101854 5.94946e-05 1.37822e-05 -2.96397e-05 -6.55903e-05 -9.01749e-05 -0.000101044 -9.7751e-05 -8.17071e-05 -5.58897e-05 -2.452e-05 7.74234e-06 3.62195e-05 5.71258e-05 6.78504e-05 6.74812e-05 5.67863e-05 3.80505e-05 1.47715e-05 -9.11e-06 -2.96057e-05 -4.36047e-05 -4.9102e-05 -4.57059e-05 -3.45478e-05 -1.80382e-05 4.79483e-07 1.75751e-05 3.00816e-05 3.59741e-05 3.44633e-05 2.62853e-05 1.34646e-05 -1.20659e-06 -1.45486e-05 -2.39473e-05 -2.75675e-05 -2.50037e-05 -1.7142e-05 -5.98455e-06 5.72515e-06 1.53721e-05 2.07493e-05 2.08943e-05 1.60113e-05 7.54364e-06 -2.19588e-06 -1.07929e-05 -1.60405e-05 -1.68495e-05 -1.31818e-05 -6.24268e-06 1.90536e-06 9.06501e-06 1.32148e-05 1.34336e-05 9.79431e-06 3.54173e-06 -3.33002e-06 -8.84294e-06 -1.13069e-05 -1.02087e-05 -6.0058e-06 -1.52962e-07 5.35741e-06 8.8698e-06 9.2288e-06 6.54083e-06 1.81926e-06 -3.27977e-06 -6.90051e-06 -7.96103e-06 -6.10841e-06 -2.18236e-06 2.28486e-06 5.71248e-06 6.76243e-06 5.24885e-06 1.80357e-06 -2.17259e-06 -5.02542e-06 -5.7901e-06 -4.14262e-06 -9.11271e-07 2.49154e-06 4.72892e-06 4.78847e-06 2.83996e-06 -2.37355e-07 -3.08518e-06 -4.34982e-06 -3.65712e-06 -1.31404e-06 1.52736e-06 3.47059e-06 3.74141e-06 2.14168e-06 -3.9448e-07 -2.53488e-06 -3.38714e-06 -2.50488e-06 -4.15731e-07 1.87076e-06 3.12014e-06 2.43251e-06 5.37395e-07 -1.29842e-06 -2.38774e-06 -2.37733e-06 -1.12118e-06 1.13235e-06 2.74442e-06 2.13551e-06 2.54049e-07 -1.19319e-06 -1.75108e-06 -1.57482e-06 -6.85591e-07 8.41535e-07 2.00328e-06 1.74699e-06 3.11985e-07 -1.46042e-06 -2.23314e-06 -1.05979e-06 8.19615e-07 1.68583e-06 1.26585e-06 8.95854e-08 -9.24291e-07 -1.10057e-06 -6.12605e-07 6.10449e-08 5.97652e-07 8.99206e-07 7.238e-07 -1.24544e-07 -9.75923e-07 -1.10029e-06 -4.26179e-07 8.02166e-07 1.49816e-06 7.2942e-07 -6.60212e-07 -1.45981e-06 -1.10346e-06 3.99174e-07 1.60622e-06 1.18573e-06 -2.15537e-07 -1.40628e-06 -1.4426e-06 0. 
0.0966473 0.0969235 0.0957683 0.0933598 0.0898727 0.0854771 0.0803365 0.0746072 0.0684368 0.0619637 0.055316 0.0486114 0.0419567 0.0354474 0.0291678 0.0231911 0.0175792 0.0123828 0.00764209 0.0033869 -0.000363106 -0.00359775 -0.00631588 -0.00852473 -0.0102393 -0.0114816 -0.0122798 -0.0126678 -0.0126836 -0.0123692 -0.0117692 -0.0109301 -0.00989907 -0.00872343 -0.00744941 -0.00612147 -0.00478142 -0.00346775 -0.00221493 -0.00105289 -6.5767e-06 0.000904372 0.00166581 0.00226914 0.00271122 0.00299414 0.00312489 0.00311484 0.00297919 0.00273622 0.00240658 0.00201242 0.00157657 0.00112164 0.000669222 0.000239129 -0.000151335 -0.0004879 -0.00075981 -0.00096007 -0.0010856 -0.00113714 -0.00111906 -0.00103894 -0.000907053 -0.000735698 -0.000538464 -0.00032943 -0.000122363 7.00451e-05 0.000236883 0.000369569 0.000462301 0.000512263 0.000519713 0.000487783 0.000422188 0.000330668 0.000222387 0.000107172 -5.23379e-06 -0.000105923 -0.000187496 -0.000244572 -0.000274187 -0.000275898 -0.000251773 -0.000206055 -0.000144745 -7.49358e-05 -4.13663e-06 6.04866e-05 0.000112799 0.000148261 0.000164364 0.000160774 0.000139344 0.000103772 5.91792e-05 1.14297e-05 -3.35413e-05 -7.04518e-05 -9.52878e-05 -0.000105736 -0.00010145 -8.39839e-05 -5.65791e-05 -2.36221e-05 9.93841e-06 3.93283e-05 6.05968e-05 7.11553e-05 7.01334e-05 5.84174e-05 3.85099e-05 1.40425e-05 -1.07803e-05 -3.19082e-05 -4.60775e-05 -5.13296e-05 -4.73198e-05 -3.52962e-05 -1.78796e-05 1.48767e-06 1.91436e-05 3.19135e-05 3.76744e-05 3.57237e-05 2.68963e-05 1.33256e-05 -1.97679e-06 -1.5791e-05 -2.53274e-05 -2.8813e-05 -2.58415e-05 -1.74093e-05 -5.68716e-06 6.52273e-06 1.64065e-05 2.18059e-05 2.16937e-05 1.63859e-05 7.44594e-06 -2.74636e-06 -1.15814e-05 -1.68988e-05 -1.75147e-05 -1.35083e-05 -6.17408e-06 2.35775e-06 9.70574e-06 1.3905e-05 1.39358e-05 9.99548e-06 3.41077e-06 -3.76812e-06 -9.38907e-06 -1.18418e-05 -1.05305e-05 -6.04176e-06 7.56978e-08 5.80295e-06 9.32136e-06 9.5889e-06 6.6644e-06 1.67975e-06 -3.58984e-06 -7.31538e-06 -8.27369e-06 -6.25574e-06 -2.10795e-06 2.56196e-06 6.03113e-06 7.05932e-06 5.36556e-06 1.72494e-06 -2.38894e-06 -5.33319e-06 -6.00274e-06 -4.22905e-06 -8.2297e-07 2.72597e-06 4.95482e-06 4.97119e-06 2.85621e-06 -3.71295e-07 -3.27812e-06 -4.56626e-06 -3.73719e-06 -1.27023e-06 1.66943e-06 3.67946e-06 3.85628e-06 2.1637e-06 -4.99646e-07 -2.71813e-06 -3.49724e-06 -2.56665e-06 -3.62535e-07 2.02621e-06 3.25521e-06 2.50918e-06 4.61757e-07 -1.42168e-06 -2.45906e-06 -2.47045e-06 -1.11681e-06 1.25548e-06 2.87019e-06 2.20303e-06 1.90398e-07 -1.28693e-06 -1.8261e-06 -1.64346e-06 -6.19693e-07 9.31969e-07 2.02905e-06 1.81244e-06 2.99301e-07 -1.57622e-06 -2.30811e-06 -1.07304e-06 8.87528e-07 1.78145e-06 1.3128e-06 6.95995e-08 -1.03757e-06 -1.15919e-06 -5.64809e-07 7.66315e-08 6.52984e-07 9.53152e-07 6.48667e-07 -1.47827e-07 -9.60185e-07 -1.15966e-06 -3.92865e-07 8.62855e-07 1.47124e-06 7.59155e-07 -6.60783e-07 -1.54802e-06 -1.09615e-06 4.32647e-07 1.6081e-06 1.25195e-06 -2.17621e-07 -1.49175e-06 -1.44936e-06 0. 
0.0966473 0.0969314 0.0957823 0.0933767 0.089888 0.085485 0.0803309 0.0745816 0.0683848 0.0618795 0.0551946 0.048449 0.0417507 0.0351968 0.0288731 0.022854 0.0172029 0.0119718 0.00720211 0.00292435 -0.000841066 -0.00408355 -0.00680171 -0.00900283 -0.0107021 -0.0119221 -0.0126915 -0.013045 -0.0130216 -0.0126643 -0.0120187 -0.0111325 -0.010054 -0.00883168 -0.00751271 -0.00614258 -0.00476397 -0.00341608 -0.00213401 -0.000948086 0.000116451 0.00103989 0.00180814 0.00241286 0.00285126 0.00312601 0.00324468 0.00321944 0.00306621 0.00280417 0.00245476 0.00204099 0.00158641 0.00111435 0.000646969 0.000204534 -0.00019532 -0.00053816 -0.00081318 -0.00101353 -0.00113635 -0.00118279 -0.00115763 -0.00106905 -0.000927833 -0.00074693 -0.000540435 -0.000322994 -0.000108765 8.91934e-05 0.000259768 0.000394282 0.000486953 0.00053515 0.000539342 0.000503069 0.000432375 0.00033551 0.000221988 0.0001021 -1.41441e-05 -0.000117545 -0.000200593 -0.00025787 -0.000286473 -0.000286177 -0.000259248 -0.000210315 -0.000145633 -7.27097e-05 7.36835e-07 6.72436e-05 0.000120587 0.000156155 0.000171491 0.000166435 0.000142995 0.000105208 5.83764e-05 8.71827e-06 -3.77103e-05 -7.54107e-05 -0.000100361 -0.000110263 -0.000104867 -8.59569e-05 -5.69156e-05 -2.24557e-05 1.23714e-05 4.25373e-05 6.40821e-05 7.43656e-05 7.25997e-05 5.98432e-05 3.87129e-05 1.31336e-05 -1.26213e-05 -3.42619e-05 -4.85449e-05 -5.34678e-05 -4.8777e-05 -3.58938e-05 -1.75302e-05 2.59853e-06 2.08089e-05 3.37364e-05 3.9323e-05 3.68863e-05 2.73591e-05 1.30851e-05 -2.87561e-06 -1.70605e-05 -2.67239e-05 -3e-05 -2.65824e-05 -1.75919e-05 -5.26599e-06 7.35569e-06 1.74898e-05 2.28237e-05 2.24337e-05 1.66917e-05 7.24047e-06 -3.32759e-06 -1.2428e-05 -1.77236e-05 -1.81407e-05 -1.3777e-05 -6.01268e-06 2.83019e-06 1.0401e-05 1.45588e-05 1.44044e-05 1.01478e-05 3.19793e-06 -4.21128e-06 -9.97855e-06 -1.2334e-05 -1.08146e-05 -6.04021e-06 3.77428e-07 6.23461e-06 9.79864e-06 9.90204e-06 6.74034e-06 1.5212e-06 -3.96145e-06 -7.69615e-06 -8.58824e-06 -6.36162e-06 -1.97698e-06 2.83073e-06 6.39146e-06 7.30909e-06 5.4571e-06 1.62738e-06 -2.66112e-06 -5.60341e-06 -6.22626e-06 -4.2762e-06 -6.88169e-07 2.94169e-06 5.21752e-06 5.1048e-06 2.84745e-06 -5.08145e-07 -3.51809e-06 -4.73335e-06 -3.81714e-06 -1.20436e-06 1.85954e-06 3.84531e-06 3.98538e-06 2.15e-06 -6.36161e-07 -2.87016e-06 -3.64728e-06 -2.57787e-06 -2.67788e-07 2.14907e-06 3.40529e-06 2.54972e-06 3.97959e-07 -1.55327e-06 -2.60303e-06 -2.47356e-06 -1.06802e-06 1.32061e-06 3.00387e-06 2.26732e-06 1.41873e-07 -1.42042e-06 -1.94096e-06 -1.6183e-06 -5.69769e-07 9.96502e-07 2.12598e-06 1.80071e-06 2.47943e-07 -1.62221e-06 -2.40118e-06 -1.08627e-06 9.71335e-07 1.87388e-06 1.36526e-06 1.43192e-08 -1.13292e-06 -1.21556e-06 -5.62448e-07 1.74086e-07 7.16456e-07 9.25058e-07 6.3179e-07 -2.01474e-07 -1.00275e-06 -1.1011e-06 -3.7644e-07 8.57058e-07 1.51645e-06 7.27754e-07 -6.99779e-07 -1.52464e-06 -1.12814e-06 4.3436e-07 1.67558e-06 1.23932e-06 -2.32143e-07 -1.48356e-06 -1.50968e-06 0. 
0.0966473 0.0969287 0.0957757 0.0933638 0.0898654 0.0854488 0.0802764 0.0745042 0.06828 0.0617432 0.0550237 0.048241 0.0415044 0.034912 0.0285509 0.0224969 0.0168143 0.0115564 0.00676512 0.00247192 -0.00130232 -0.00454667 -0.00725966 -0.00944865 -0.0111292 -0.0123241 -0.013063 -0.0133811 -0.0133184 -0.0129189 -0.0122292 -0.0112979 -0.0101746 -0.00890848 -0.00754794 -0.00613925 -0.00472584 -0.0033476 -0.00204007 -0.000833965 0.000245304 0.00117799 0.00195014 0.0025537 0.0029863 0.00325116 0.00335649 0.00331519 0.00314398 0.00286283 0.00249398 0.00206122 0.0015888 0.0011007 0.000619566 0.000166096 -0.000241839 -0.000589665 -0.000866621 -0.001066 -0.00118524 -0.00122587 -0.00119318 -0.00109586 -0.000945272 -0.00075495 -0.00053951 -0.000314101 -9.32536e-05 0.00010965 0.000283349 0.000419084 0.000511168 0.00055713 0.000557741 0.000516884 0.000441019 0.000338825 0.000220219 9.58836e-05 -2.38918e-05 -0.000129665 -0.000213847 -0.000270986 -0.000298316 -0.00029578 -0.000265938 -0.000213722 -0.000145724 -6.97808e-05 6.13397e-06 7.43245e-05 0.000128482 0.000163937 0.000178344 0.000171668 0.000146168 0.000106128 5.71252e-05 5.63557e-06 -4.21096e-05 -8.04563e-05 -0.000105382 -0.000114598 -0.000108022 -8.75953e-05 -5.69427e-05 -2.0998e-05 1.49994e-05 4.58528e-05 6.75669e-05 7.747e-05 7.49036e-05 6.10398e-05 3.87086e-05 1.20194e-05 -1.45887e-05 -3.66809e-05 -5.09967e-05 -5.55123e-05 -5.01103e-05 -3.6319e-05 -1.70446e-05 3.83929e-06 2.25319e-05 3.55669e-05 4.09255e-05 3.79454e-05 2.77215e-05 1.27172e-05 -3.84833e-06 -1.83863e-05 -2.81181e-05 -3.11393e-05 -2.72597e-05 -1.76723e-05 -4.78024e-06 8.25843e-06 1.85865e-05 2.38264e-05 2.31339e-05 1.69201e-05 6.98549e-06 -3.97524e-06 -1.32886e-05 -1.8547e-05 -1.8739e-05 -1.39851e-05 -5.81553e-06 3.3598e-06 1.11043e-05 1.52126e-05 1.48506e-05 1.02489e-05 2.96111e-06 -4.7005e-06 -1.05679e-05 -1.28206e-05 -1.10793e-05 -5.99231e-06 6.92081e-07 6.69976e-06 1.02685e-05 1.02002e-05 6.8014e-06 1.32042e-06 -4.33518e-06 -8.09529e-06 -8.89147e-06 -6.44229e-06 -1.83887e-06 3.13419e-06 6.74495e-06 7.55927e-06 5.53943e-06 1.49806e-06 -2.93037e-06 -5.89391e-06 -6.43982e-06 -4.30604e-06 -5.52844e-07 3.1862e-06 5.47041e-06 5.23781e-06 2.83488e-06 -6.72076e-07 -3.74906e-06 -4.91342e-06 -3.89058e-06 -1.11801e-06 2.04249e-06 4.03068e-06 4.10539e-06 2.12678e-06 -7.67276e-07 -3.04809e-06 -3.78655e-06 -2.58205e-06 -1.77418e-07 2.28965e-06 3.54614e-06 2.6002e-06 3.31885e-07 -1.71523e-06 -2.72816e-06 -2.47352e-06 -1.03057e-06 1.3965e-06 3.13894e-06 2.34676e-06 7.91539e-08 -1.57564e-06 -2.02932e-06 -1.60322e-06 -5.32759e-07 1.08522e-06 2.21659e-06 1.7877e-06 2.01828e-07 -1.67866e-06 -2.49163e-06 -1.10864e-06 1.06007e-06 1.98612e-06 1.40094e-06 -3.97321e-08 -1.21812e-06 -1.29273e-06 -5.51337e-07 2.81452e-07 7.65079e-07 9.07451e-07 6.17894e-07 -2.6369e-07 -1.0376e-06 -1.05106e-06 -3.64238e-07 8.62179e-07 1.55725e-06 7.02708e-07 -7.34441e-07 -1.51914e-06 -1.15664e-06 4.41991e-07 1.73588e-06 1.24196e-06 -2.45386e-07 -1.4943e-06 -1.56325e-06 0. 
0.0966473 0.0969181 0.0957536 0.0933284 0.0898145 0.0853794 0.0801855 0.0743885 0.0681366 0.0615695 0.0548177 0.0480016 0.0412313 0.034606 0.0282138 0.0221313 0.016424 0.0111457 0.00633939 0.00203686 -0.00174059 -0.00498183 -0.00768535 -0.00985868 -0.0115177 -0.0126857 -0.013393 -0.0136754 -0.0135739 -0.0131333 -0.0124012 -0.0114273 -0.0102619 -0.00895536 -0.00755678 -0.00611327 -0.00466892 -0.00326418 -0.00193498 -0.000712335 0.000378267 0.00131708 0.00209037 0.00269038 0.00311523 0.00336865 0.00345957 0.00340155 0.0032121 0.00291197 0.00252416 0.00207318 0.00158393 0.00108096 0.000587375 0.000124221 -0.000290452 -0.000641974 -0.000919699 -0.00111707 -0.00123191 -0.00126609 -0.00122546 -0.0011192 -0.000959277 -0.000759727 -0.000535726 -0.000302832 -7.59596e-05 0.000131266 0.000307452 0.000443804 0.000534776 0.000578057 0.000574784 0.000529138 0.000448066 0.000340589 0.000217096 8.85607e-05 -3.44075e-05 -0.000142208 -0.000227167 -0.000283843 -0.000309637 -0.000304651 -0.000271799 -0.000216254 -0.000145021 -6.61639e-05 1.20159e-05 8.16918e-05 0.000136431 0.000171568 0.000184877 0.000176447 0.000148844 0.000106529 5.54385e-05 2.19757e-06 -4.67058e-05 -8.55659e-05 -0.000110316 -0.000118726 -0.000110896 -8.88971e-05 -5.66655e-05 -1.92593e-05 1.77987e-05 4.92619e-05 7.10245e-05 8.04618e-05 7.70311e-05 6.20112e-05 3.8503e-05 1.07101e-05 -1.6662e-05 -3.91582e-05 -5.34127e-05 -5.7465e-05 -5.13128e-05 -3.65815e-05 -1.64333e-05 5.20087e-06 2.42939e-05 3.74047e-05 4.2469e-05 3.89107e-05 2.79859e-05 1.22335e-05 -4.88001e-06 -1.97654e-05 -2.9495e-05 -3.22406e-05 -2.78706e-05 -1.76648e-05 -4.24095e-06 9.22511e-06 1.96821e-05 2.48229e-05 2.37893e-05 1.7087e-05 6.68953e-06 -4.68177e-06 -1.41497e-05 -1.9378e-05 -1.93042e-05 -1.41501e-05 -5.59011e-06 3.93905e-06 1.18033e-05 1.58775e-05 1.52702e-05 1.03171e-05 2.708e-06 -5.23072e-06 -1.11464e-05 -1.33163e-05 -1.13228e-05 -5.91587e-06 1.01108e-06 7.19884e-06 1.07223e-05 1.05022e-05 6.84899e-06 1.09141e-06 -4.70179e-06 -8.52201e-06 -9.17807e-06 -6.51873e-06 -1.69863e-06 3.46779e-06 7.08334e-06 7.82854e-06 5.61188e-06 1.35299e-06 -3.18942e-06 -6.21467e-06 -6.63852e-06 -4.34032e-06 -4.20837e-07 3.45851e-06 5.70639e-06 5.39225e-06 2.81893e-06 -8.52927e-07 -3.96497e-06 -5.12347e-06 -3.95318e-06 -1.03076e-06 2.211e-06 4.25163e-06 4.21468e-06 2.10936e-06 -8.95376e-07 -3.24741e-06 -3.9012e-06 -2.62195e-06 -1.02384e-07 2.47901e-06 3.68339e-06 2.64419e-06 2.50024e-07 -1.85105e-06 -2.81847e-06 -2.56471e-06 -1.00385e-06 1.55694e-06 3.25896e-06 2.39529e-06 2.25849e-08 -1.69621e-06 -2.12127e-06 -1.64815e-06 -4.60617e-07 1.18087e-06 2.25479e-06 1.85647e-06 1.75233e-07 -1.82303e-06 -2.56059e-06 -1.11027e-06 1.12316e-06 2.11385e-06 1.45052e-06 -9.81636e-08 -1.32207e-06 -1.35148e-06 -5.20128e-07 3.25977e-07 8.25332e-07 9.43294e-07 5.55592e-07 -2.91144e-07 -1.03633e-06 -1.10329e-06 -3.30837e-07 9.23008e-07 1.54116e-06 7.35598e-07 -7.42248e-07 -1.6185e-06 -1.15204e-06 4.80042e-07 1.74417e-06 1.32127e-06 -2.49313e-07 -1.59723e-06 -1.57384e-06 0. 
0.0966473 0.0969016 0.0957201 0.0932769 0.0897432 0.0852865 0.0800689 0.0742462 0.0679668 0.0613708 0.0545892 0.0477432 0.0409435 0.0342903 0.0278723 0.0217671 0.0160407 0.010748 0.00593207 0.00162536 -0.00215062 -0.00538464 -0.00807525 -0.0102302 -0.0118657 -0.0130056 -0.0136807 -0.0139278 -0.0137884 -0.0133083 -0.0125361 -0.0115221 -0.0103178 -0.00897418 -0.00754124 -0.00606672 -0.00459531 -0.00316789 -0.00182077 -0.000585107 0.000513526 0.00145552 0.00222734 0.00282162 0.00323693 0.00347761 0.00355321 0.00347802 0.00327028 0.00295148 0.00254534 0.00207703 0.00157207 0.0010555 0.000550843 7.93821e-05 -0.000340644 -0.000694609 -0.000971925 -0.00116635 -0.00127596 -0.00130317 -0.00125424 -0.00113894 -0.000969759 -0.00076128 -0.000529138 -0.000289315 -5.70451e-05 0.000153853 0.00033186 0.000468254 0.000557564 0.00059779 0.00059031 0.000539766 0.000453434 0.000340817 0.000212628 8.02059e-05 -4.56117e-05 -0.000155074 -0.000240433 -0.000296351 -0.000320315 -0.000312741 -0.000276747 -0.000217917 -0.000143495 -6.19095e-05 1.83529e-05 8.92774e-05 0.000144362 0.000178994 0.000191007 0.000180757 0.000150959 0.000106436 5.32933e-05 -1.54292e-06 -5.14761e-05 -9.06885e-05 -0.000115107 -0.000122625 -0.000113427 -8.98803e-05 -5.60429e-05 -1.72869e-05 2.07727e-05 5.2715e-05 7.44213e-05 8.33193e-05 7.89302e-05 6.27767e-05 3.80528e-05 9.25428e-06 -1.88535e-05 -4.16465e-05 -5.57686e-05 -5.93116e-05 -5.23389e-05 -3.67103e-05 -1.56566e-05 6.63024e-06 2.61041e-05 3.92104e-05 4.39272e-05 3.97857e-05 2.8108e-05 1.16792e-05 -6.00252e-06 -2.11453e-05 -3.08517e-05 -3.32853e-05 -2.83798e-05 -1.76013e-05 -3.60706e-06 1.0199e-05 2.07913e-05 2.57802e-05 2.43763e-05 1.72135e-05 6.31011e-06 -5.39014e-06 -1.50364e-05 -2.01761e-05 -1.98216e-05 -1.42874e-05 -5.29487e-06 4.51036e-06 1.25276e-05 1.6511e-05 1.56517e-05 1.03697e-05 2.39704e-06 -5.74198e-06 -1.17436e-05 -1.37827e-05 -1.15309e-05 -5.83769e-06 1.37756e-06 7.66929e-06 1.11845e-05 1.07825e-05 6.86046e-06 8.77263e-07 -5.10533e-06 -8.91616e-06 -9.46063e-06 -6.58944e-06 -1.52112e-06 3.77113e-06 7.44582e-06 8.07337e-06 5.6667e-06 1.22484e-06 -3.48372e-06 -6.50061e-06 -6.84399e-06 -4.37321e-06 -2.59188e-07 3.69581e-06 5.96741e-06 5.52812e-06 2.78808e-06 -1.00629e-06 -4.21308e-06 -5.30319e-06 -4.01904e-06 -9.58428e-07 2.41267e-06 4.43421e-06 4.33783e-06 2.09817e-06 -1.04447e-06 -3.41333e-06 -4.04821e-06 -2.64644e-06 -1.94991e-09 2.61775e-06 3.84232e-06 2.69407e-06 1.69147e-07 -1.98065e-06 -2.952e-06 -2.60039e-06 -9.70013e-07 1.64346e-06 3.42173e-06 2.46275e-06 -5.42486e-08 -1.81664e-06 -2.21982e-06 -1.65634e-06 -4.23036e-07 1.25005e-06 2.36135e-06 1.87946e-06 1.31499e-07 -1.89544e-06 -2.68054e-06 -1.1274e-06 1.23121e-06 2.20861e-06 1.49923e-06 -1.38685e-07 -1.42778e-06 -1.40637e-06 -5.0756e-07 3.8635e-07 8.80699e-07 9.48095e-07 5.47643e-07 -3.26888e-07 -1.0815e-06 -1.09739e-06 -3.27334e-07 9.43286e-07 1.60683e-06 7.33663e-07 -7.8711e-07 -1.64342e-06 -1.2022e-06 4.93678e-07 1.83546e-06 1.34364e-06 -2.66297e-07 -1.62924e-06 -1.65668e-06 0. 
0.0966473 0.0968813 0.095679 0.0932143 0.0896582 0.0851779 0.0799355 0.0740869 0.0677808 0.0611576 0.0543489 0.0474762 0.0406512 0.0339744 0.0275354 0.0214125 0.0156722 0.0103698 0.00554907 0.0012425 -0.00252817 -0.00575169 -0.00842672 -0.0105613 -0.0121719 -0.0132831 -0.0139263 -0.0141387 -0.0139629 -0.0134452 -0.0126353 -0.0115842 -0.0103442 -0.00896716 -0.0075036 -0.0060019 -0.00450729 -0.00306099 -0.00169957 -0.000454303 0.000649255 0.00159164 0.00235961 0.00294616 0.0033504 0.00357722 0.00363683 0.00354422 0.00331832 0.00298133 0.00255764 0.00207305 0.00155361 0.0010248 0.000510474 3.21405e-05 -0.000391886 -0.000747014 -0.00102283 -0.00121336 -0.00131707 -0.00133679 -0.00127932 -0.00115495 -0.000976693 -0.000759629 -0.000519852 -0.000273702 -3.6698e-05 0.000177182 0.000356364 0.000492185 0.000579353 0.000616118 0.000604211 0.000548637 0.000457102 0.000339479 0.000206867 7.08824e-05 -5.74042e-05 -0.000168135 -0.000253539 -0.000308362 -0.000330274 -0.000319928 -0.000280758 -0.000218646 -0.000141175 -5.70237e-05 2.50817e-05 9.7013e-05 0.000152208 0.000186112 0.000196693 0.000184501 0.000152513 0.000105795 5.07271e-05 -5.58276e-06 -5.63673e-05 -9.57672e-05 -0.000119714 -0.00012621 -0.000115609 -9.04727e-05 -5.51033e-05 -1.50521e-05 2.38743e-05 5.61859e-05 7.77198e-05 8.59762e-05 8.05953e-05 6.32654e-05 3.73877e-05 7.61455e-06 -2.1117e-05 -4.41299e-05 -5.8032e-05 -6.09934e-05 -5.31917e-05 -3.66397e-05 -1.47516e-05 8.15905e-06 2.79175e-05 4.09618e-05 4.52798e-05 4.05099e-05 2.81081e-05 1.09975e-05 -7.1696e-06 -2.2538e-05 -3.21519e-05 -3.42327e-05 -2.87905e-05 -1.74194e-05 -2.91986e-06 1.12146e-05 2.18689e-05 2.66772e-05 2.48855e-05 1.72406e-05 5.88315e-06 -6.14549e-06 -1.58993e-05 -2.09326e-05 -2.02751e-05 -1.43428e-05 -4.96367e-06 5.1219e-06 1.32258e-05 1.71086e-05 1.59788e-05 1.03543e-05 2.06509e-06 -6.2804e-06 -1.23078e-05 -1.42116e-05 -1.16944e-05 -5.70446e-06 1.74694e-06 8.14993e-06 1.16073e-05 1.10214e-05 6.84174e-06 6.23351e-07 -5.49207e-06 -9.30176e-06 -9.70383e-06 -6.61876e-06 -1.33518e-06 4.09411e-06 7.7758e-06 8.29366e-06 5.69509e-06 1.06441e-06 -3.76112e-06 -6.78326e-06 -7.01549e-06 -4.37555e-06 -9.73595e-08 3.94601e-06 6.19578e-06 5.64304e-06 2.74318e-06 -1.18073e-06 -4.43533e-06 -5.47334e-06 -4.06162e-06 -8.63297e-07 2.5968e-06 4.61624e-06 4.4336e-06 2.06705e-06 -1.18488e-06 -3.58555e-06 -4.16512e-06 -2.65381e-06 9.3817e-08 2.76464e-06 3.97482e-06 2.73223e-06 8.45229e-08 -2.12128e-06 -3.05449e-06 -2.62614e-06 -9.37584e-07 1.74146e-06 3.5623e-06 2.51896e-06 -1.37254e-07 -1.94113e-06 -2.29005e-06 -1.66473e-06 -3.86993e-07 1.33635e-06 2.44426e-06 1.88633e-06 9.13159e-08 -1.96777e-06 -2.77801e-06 -1.13915e-06 1.33063e-06 2.30495e-06 1.52793e-06 -1.80856e-07 -1.5162e-06 -1.46988e-06 -4.86605e-07 4.59072e-07 9.20646e-07 9.51459e-07 5.3711e-07 -3.73809e-07 -1.11365e-06 -1.08054e-06 -3.22875e-07 9.63405e-07 1.65565e-06 7.23584e-07 -8.2275e-07 -1.66158e-06 -1.2389e-06 5.07588e-07 1.90544e-06 1.3608e-06 -2.80231e-07 -1.65669e-06 -1.71972e-06 0. 
0.0966473 0.0968585 0.0956332 0.093145 0.089565 0.0850602 0.0797929 0.073919 0.0675874 0.060939 0.0541056 0.0472095 0.0403628 0.0336665 0.0272109 0.0210746 0.0153247 0.0100169 0.00519515 0.00089225 -0.00287002 -0.00608049 -0.00873799 -0.0108508 -0.012436 -0.0135185 -0.0141301 -0.0143092 -0.0140986 -0.0135458 -0.0127009 -0.0116159 -0.0103437 -0.00893675 -0.00744634 -0.00592132 -0.00440729 -0.0029458 -0.00157357 -0.00032195 0.000783602 0.00172381 0.00248574 0.00306283 0.00345467 0.00366677 0.00370994 0.00359986 0.00335613 0.00300161 0.00256132 0.00206161 0.001529 0.000989376 0.000466847 -1.69177e-05 -0.00044359 -0.000798647 -0.00107191 -0.00125768 -0.00135485 -0.0013667 -0.00130053 -0.00116714 -0.000980063 -0.000754848 -0.000507994 -0.000256178 -1.5133e-05 0.000201018 0.000380719 0.000515377 0.000599931 0.000632884 0.000616346 0.000555684 0.00045902 0.000336598 0.000199855 6.0681e-05 -6.9682e-05 -0.000181271 -0.000266357 -0.000319767 -0.000339404 -0.000326146 -0.000283766 -0.000218434 -0.000138055 -5.15512e-05 3.21573e-05 0.000104825 0.000159895 0.000192854 0.000201861 0.000187639 0.000153458 0.000104607 4.77329e-05 -9.88335e-06 -6.13476e-05 -0.000100748 -0.000124085 -0.00012944 -0.000117391 -9.06623e-05 -5.38215e-05 -1.25762e-05 2.70956e-05 5.9634e-05 8.08854e-05 8.83958e-05 8.19847e-05 6.34646e-05 3.64805e-05 5.80761e-06 -2.34522e-05 -4.65742e-05 -6.01771e-05 -6.24804e-05 -5.38368e-05 -3.63629e-05 -1.36963e-05 9.76769e-06 2.97311e-05 4.2627e-05 4.65021e-05 4.10621e-05 2.79576e-05 1.01924e-05 -8.39378e-06 -2.39182e-05 -3.33841e-05 -3.50559e-05 -2.90772e-05 -1.7112e-05 -2.16005e-06 1.22542e-05 2.29133e-05 2.74861e-05 2.52969e-05 1.71546e-05 5.38823e-06 -6.93593e-06 -1.67414e-05 -2.16211e-05 -2.06485e-05 -1.42999e-05 -4.57755e-06 5.76436e-06 1.39014e-05 1.76448e-05 1.62371e-05 1.02551e-05 1.69594e-06 -6.83582e-06 -1.28398e-05 -1.45776e-05 -1.1799e-05 -5.50354e-06 2.13134e-06 8.62694e-06 1.1987e-05 1.11949e-05 6.77916e-06 3.23586e-07 -5.86812e-06 -9.65998e-06 -9.89921e-06 -6.58641e-06 -1.13009e-06 4.43309e-06 8.07162e-06 8.46701e-06 5.68633e-06 8.60225e-07 -4.02514e-06 -7.04807e-06 -7.14448e-06 -4.32739e-06 7.12937e-08 4.20641e-06 6.38544e-06 5.71651e-06 2.676e-06 -1.3844e-06 -4.62822e-06 -5.61779e-06 -4.07091e-06 -7.3153e-07 2.76096e-06 4.79061e-06 4.49223e-06 1.99591e-06 -1.31801e-06 -3.7572e-06 -4.23865e-06 -2.63548e-06 1.8631e-07 2.93555e-06 4.06603e-06 2.72601e-06 -1.61712e-09 -2.25557e-06 -3.12408e-06 -2.65866e-06 -8.78724e-07 1.88869e-06 3.62898e-06 2.53005e-06 -1.85319e-07 -2.06572e-06 -2.36481e-06 -1.66133e-06 -3.02175e-07 1.42401e-06 2.45531e-06 1.91115e-06 5.0244e-08 -2.08987e-06 -2.79553e-06 -1.1164e-06 1.36617e-06 2.41601e-06 1.55672e-06 -2.59437e-07 -1.59009e-06 -1.51299e-06 -4.59555e-07 5.26614e-07 9.73371e-07 9.56898e-07 4.68184e-07 -4.10062e-07 -1.10149e-06 -1.09324e-06 -2.77179e-07 1.00441e-06 1.60853e-06 7.32481e-07 -8.18741e-07 -1.72309e-06 -1.2062e-06 5.37708e-07 1.87433e-06 1.41099e-06 -2.79562e-07 -1.72718e-06 -1.69292e-06 0. 
0.0966473 0.0968344 0.0955851 0.0930727 0.0894683 0.084939 0.0796472 0.073749 0.0673936 0.0607222 0.0538669 0.0469505 0.0400854 0.0333733 0.0269047 0.0207588 0.0150031 0.00969338 0.0048739 0.000577518 -0.00317398 -0.00636952 -0.00900817 -0.0110986 -0.0126581 -0.0137123 -0.0142936 -0.0144408 -0.0141977 -0.0136123 -0.0127353 -0.0116197 -0.0103187 -0.00888566 -0.00737218 -0.0058276 -0.00429785 -0.0028247 -0.00144501 -0.000190066 0.000914761 0.00185046 0.00260443 0.00317056 0.00354894 0.00374567 0.00377219 0.00364481 0.00338377 0.00301255 0.00255673 0.00204317 0.00149881 0.000949833 0.000420593 -6.71799e-05 -0.000495151 -0.000848971 -0.00111867 -0.00129892 -0.00138899 -0.00139267 -0.00131772 -0.00117547 -0.00097991 -0.000747045 -0.000493736 -0.000236941 7.40677e-06 0.000225133 0.000404678 0.000537626 0.000619098 0.000647953 0.000626605 0.000560859 0.000459179 0.000332206 0.000191663 4.96885e-05 -8.23239e-05 -0.000194377 -0.000278759 -0.00033048 -0.000347606 -0.00033135 -0.00028573 -0.000217284 -0.000134152 -4.55305e-05 3.95168e-05 0.000112664 0.000167343 0.000199179 0.000206445 0.000190157 0.000153766 0.000102884 4.43237e-05 -1.4419e-05 -6.63728e-05 -0.00010561 -0.000128165 -0.000132308 -0.000118733 -9.04596e-05 -5.2187e-05 -9.87749e-06 3.04156e-05 6.30473e-05 8.38786e-05 9.05815e-05 8.30605e-05 6.3391e-05 3.53137e-05 3.85136e-06 -2.58485e-05 -4.89743e-05 -6.21724e-05 -6.37859e-05 -5.42398e-05 -3.59032e-05 -1.24731e-05 1.14399e-05 3.15352e-05 4.42107e-05 4.75638e-05 4.1466e-05 2.76251e-05 9.29014e-06 -9.68672e-06 -2.52787e-05 -3.45317e-05 -3.57742e-05 -2.92062e-05 -1.67109e-05 -1.30193e-06 1.32998e-05 2.39217e-05 2.822e-05 2.55803e-05 1.699e-05 4.79197e-06 -7.73582e-06 -1.75704e-05 -2.22494e-05 -2.09157e-05 -1.41948e-05 -4.09898e-06 6.40763e-06 1.45677e-05 1.81259e-05 1.64012e-05 1.01103e-05 1.2492e-06 -7.3769e-06 -1.33534e-05 -1.48909e-05 -1.18154e-05 -5.27725e-06 2.57267e-06 9.07214e-06 1.23308e-05 1.13225e-05 6.63503e-06 2.42706e-08 -6.27294e-06 -9.9732e-06 -1.00395e-05 -6.52692e-06 -8.58734e-07 4.74339e-06 8.3611e-06 8.59682e-06 5.61105e-06 6.61272e-07 -4.32515e-06 -7.26581e-06 -7.2324e-06 -4.26116e-06 2.97344e-07 4.42705e-06 6.56775e-06 5.75346e-06 2.55046e-06 -1.56195e-06 -4.84173e-06 -5.71509e-06 -4.03598e-06 -6.07988e-07 2.96622e-06 4.91024e-06 4.52062e-06 1.92277e-06 -1.49364e-06 -3.88391e-06 -4.30929e-06 -2.58517e-06 3.36857e-07 3.0362e-06 4.14787e-06 2.72031e-06 -1.18371e-07 -2.38165e-06 -3.21981e-06 -2.60757e-06 -7.69278e-07 1.93564e-06 3.71141e-06 2.55343e-06 -2.80067e-07 -2.17641e-06 -2.43884e-06 -1.61428e-06 -2.07959e-07 1.48441e-06 2.50792e-06 1.85526e-06 -3.58868e-08 -2.09967e-06 -2.83741e-06 -1.1073e-06 1.46259e-06 2.45881e-06 1.56821e-06 -2.97661e-07 -1.6909e-06 -1.54931e-06 -4.18153e-07 6.08198e-07 1.03391e-06 9.2308e-07 4.07063e-07 -4.60867e-07 -1.11422e-06 -1.01786e-06 -2.34487e-07 9.84739e-07 1.60444e-06 6.84234e-07 -8.44697e-07 -1.66525e-06 -1.2026e-06 5.29724e-07 1.90002e-06 1.36708e-06 -2.91124e-07 -1.68108e-06 -1.71604e-06 0. 
0.0966473 0.0968102 0.0955367 0.0930002 0.0893718 0.0848188 0.0795036 0.0735826 0.0672053 0.0605131 0.0536385 0.0467047 0.0398245 0.0330999 0.0266218 0.0204696 0.0147111 0.00940242 0.0045878 0.000300164 -0.00343878 -0.00661812 -0.00923717 -0.0113049 -0.0128392 -0.013866 -0.0144184 -0.0145358 -0.0142625 -0.0136472 -0.0127413 -0.0115984 -0.0102723 -0.00881677 -0.00728393 -0.00572347 -0.00418155 -0.00270013 -0.00131606 -6.06288e-05 0.00104102 0.00197013 0.00271448 0.0032684 0.00363252 0.00381349 0.00382337 0.00367906 0.00340141 0.00301447 0.00254433 0.00201828 0.00146363 0.000906839 0.000372363 -0.000117984 -0.000545986 -0.00089743 -0.00116266 -0.00133669 -0.00141924 -0.00141453 -0.00133083 -0.00117994 -0.000976323 -0.000736373 -0.000477271 -0.000216238 3.06896e-05 0.000249259 0.000428031 0.000558707 0.000636716 0.000661183 0.000634936 0.000564121 0.000457606 0.000326355 0.000182373 3.80181e-05 -9.52327e-05 -0.000207322 -0.00029067 -0.00034039 -0.000354849 -0.00033548 -0.000286663 -0.000215194 -0.000129509 -3.90099e-05 4.71149e-05 0.000120454 0.000174528 0.000205017 0.000210452 0.000192011 0.000153466 0.000100622 4.05328e-05 -1.91607e-05 -7.14275e-05 -0.000110304 -0.000131969 -0.000134768 -0.000119671 -8.98391e-05 -5.02361e-05 -6.95813e-06 3.38215e-05 6.63994e-05 8.67208e-05 9.24963e-05 8.38676e-05 6.3014e-05 3.39277e-05 1.73567e-06 -2.82976e-05 -5.13155e-05 -6.40502e-05 -6.48781e-05 -5.44543e-05 -3.52288e-05 -1.11204e-05 1.31895e-05 3.33354e-05 4.56994e-05 4.85127e-05 4.16883e-05 2.71668e-05 8.25829e-06 -1.10267e-05 -2.6628e-05 -3.56262e-05 -3.63644e-05 -2.92393e-05 -1.61766e-05 -3.87037e-07 1.43771e-05 2.4909e-05 2.88686e-05 2.57958e-05 1.67065e-05 4.14736e-06 -8.58194e-06 -1.83893e-05 -2.2817e-05 -2.11345e-05 -1.39872e-05 -3.58588e-06 7.09522e-06 1.52241e-05 1.85556e-05 1.65294e-05 9.8772e-06 7.82627e-07 -7.95064e-06 -1.38529e-05 -1.51514e-05 -1.18062e-05 -4.97558e-06 3.01942e-06 9.53113e-06 1.26573e-05 1.13912e-05 6.47688e-06 -3.3384e-07 -6.67052e-06 -1.02759e-05 -1.01644e-05 -6.40483e-06 -5.87318e-07 5.08774e-06 8.63651e-06 8.69087e-06 5.53039e-06 4.07122e-07 -4.61301e-06 -7.484e-06 -7.31021e-06 -4.14301e-06 5.14294e-07 4.67726e-06 6.7357e-06 5.7567e-06 2.42969e-06 -1.78429e-06 -5.03816e-06 -5.80145e-06 -3.99983e-06 -4.36635e-07 3.1522e-06 5.03814e-06 4.54413e-06 1.80778e-06 -1.65379e-06 -4.03348e-06 -4.36466e-06 -2.50125e-06 4.64633e-07 3.16832e-06 4.22368e-06 2.68719e-06 -2.31887e-07 -2.53763e-06 -3.28429e-06 -2.5453e-06 -6.88227e-07 2.0285e-06 3.78805e-06 2.54907e-06 -3.69375e-07 -2.3084e-06 -2.49265e-06 -1.56419e-06 -1.22784e-07 1.58306e-06 2.53207e-06 1.78491e-06 -9.33944e-08 -2.14478e-06 -2.87176e-06 -1.07312e-06 1.53887e-06 2.52419e-06 1.57629e-06 -3.62724e-07 -1.77615e-06 -1.59737e-06 -3.73298e-07 7.15618e-07 1.07735e-06 8.90636e-07 3.46794e-07 -5.31611e-07 -1.10919e-06 -9.39506e-07 -1.9937e-07 9.81081e-07 1.58439e-06 6.30928e-07 -8.54297e-07 -1.62376e-06 -1.19087e-06 5.34159e-07 1.90305e-06 1.33547e-06 -2.96457e-07 -1.65595e-06 -1.71999e-06 0. 
0.0966473 0.0967867 0.0954896 0.0929298 0.0892785 0.084703 0.079366 0.0734241 0.067027 0.0603164 0.0534253 0.0464769 0.0395844 0.0328502 0.0263655 0.0202099 0.0144514 0.00914602 0.00433831 6.10786e-05 -0.00366409 -0.00682648 -0.00942571 -0.0114711 -0.0129809 -0.0139816 -0.0145069 -0.0145966 -0.0142957 -0.0136535 -0.012722 -0.0115551 -0.0102075 -0.00873309 -0.00718451 -0.00561169 -0.00406098 -0.00257444 -0.00118889 6.44819e-05 0.00116076 0.00208147 0.00281482 0.00335557 0.00370489 0.00386995 0.00386342 0.00370276 0.00340939 0.00300785 0.0025247 0.00198762 0.0014242 0.000861108 0.00032288 -0.00016867 -0.000595472 -0.000943504 -0.00120346 -0.00137067 -0.00144535 -0.00143214 -0.00133983 -0.00118062 -0.000969448 -0.00072303 -0.000458855 -0.000194326 5.44251e-05 0.000273144 0.000450524 0.000578431 0.000652613 0.000672481 0.000641279 0.000565475 0.000454347 0.000319125 0.000172105 2.57863e-05 -0.000108262 -0.000219997 -0.000301963 -0.000349431 -0.000361061 -0.000338524 -0.000286561 -0.000212199 -0.00012418 -3.20471e-05 5.48684e-05 0.000128146 0.000181373 0.000210344 0.000213837 0.000193212 0.000152559 9.785e-05 3.63987e-05 -2.40771e-05 -7.64574e-05 -0.000114818 -0.000135451 -0.000136832 -0.000120188 -8.88264e-05 -4.79837e-05 -3.84044e-06 3.72788e-05 6.96874e-05 8.93775e-05 9.41592e-05 8.43885e-05 6.23619e-05 3.23289e-05 -5.22378e-07 -3.0776e-05 -5.36055e-05 -6.57849e-05 -6.57854e-05 -5.44669e-05 -3.43689e-05 -9.64308e-06 1.50088e-05 3.51138e-05 4.71147e-05 4.933e-05 4.17642e-05 2.65744e-05 7.11822e-06 -1.24075e-05 -2.79769e-05 -3.66523e-05 -3.6862e-05 -2.91625e-05 -1.55396e-05 5.87765e-07 1.54872e-05 2.58657e-05 2.94645e-05 2.59287e-05 1.63394e-05 3.44545e-06 -9.46927e-06 -1.91944e-05 -2.33546e-05 -2.12909e-05 -1.37143e-05 -3.02619e-06 7.82077e-06 1.58701e-05 1.8965e-05 1.66085e-05 9.59205e-06 2.825e-07 -8.55468e-06 -1.43389e-05 -1.53936e-05 -1.17574e-05 -4.63093e-06 3.48602e-06 1.0011e-05 1.29652e-05 1.1439e-05 6.2881e-06 -7.28109e-07 -7.07405e-06 -1.05885e-05 -1.02674e-05 -6.25723e-06 -2.96484e-07 5.4606e-06 8.90534e-06 8.78186e-06 5.42938e-06 1.2384e-07 -4.90677e-06 -7.71908e-06 -7.374e-06 -4.00757e-06 7.43296e-07 4.95447e-06 6.89741e-06 5.75901e-06 2.29611e-06 -2.03475e-06 -5.2346e-06 -5.89963e-06 -3.95255e-06 -2.4555e-07 3.34138e-06 5.19177e-06 4.55921e-06 1.67386e-06 -1.81807e-06 -4.20093e-06 -4.41528e-06 -2.42702e-06 6.00699e-07 3.35009e-06 4.28742e-06 2.62941e-06 -3.37572e-07 -2.69136e-06 -3.36264e-06 -2.52338e-06 -5.77752e-07 2.18068e-06 3.82731e-06 2.53617e-06 -4.2656e-07 -2.47279e-06 -2.57073e-06 -1.49869e-06 -1.8228e-08 1.67188e-06 2.54864e-06 1.76668e-06 -1.68056e-07 -2.25575e-06 -2.86776e-06 -1.03699e-06 1.58159e-06 2.65558e-06 1.5904e-06 -4.85262e-07 -1.84372e-06 -1.64232e-06 -3.49922e-07 8.44024e-07 1.13479e-06 8.47742e-07 2.79857e-07 -5.89658e-07 -1.10743e-06 -8.91211e-07 -1.46314e-07 9.94215e-07 1.54133e-06 6.10886e-07 -8.59245e-07 -1.64134e-06 -1.15548e-06 5.54228e-07 1.87629e-06 1.35757e-06 -2.98959e-07 -1.69545e-06 -1.69522e-06 0. 
0.0966473 0.0967643 0.0954451 0.0928634 0.0891907 0.0845944 0.0792375 0.0732768 0.0668622 0.0601357 0.0532305 0.0462701 0.0393681 0.0326271 0.0261383 0.0199817 0.0142252 0.00892517 0.00412592 -0.000139747 -0.00385041 -0.00699558 -0.00957518 -0.0115989 -0.0130854 -0.0140616 -0.0145618 -0.0146262 -0.0143005 -0.0136344 -0.0126805 -0.0114932 -0.0101274 -0.00863774 -0.00707689 -0.00549503 -0.00393871 -0.00244994 -0.00106554 0.000183506 0.0012725 0.00218332 0.00290456 0.00343146 0.00376568 0.00391495 0.00389247 0.00371623 0.00340817 0.00299328 0.00249854 0.00195193 0.00138131 0.000813421 0.000272911 -0.00021855 -0.000642977 -0.000986684 -0.00124061 -0.00140057 -0.00146714 -0.00144546 -0.00134474 -0.00117765 -0.000959481 -0.000707277 -0.000438786 -0.000171516 7.82893e-05 0.000296506 0.000471879 0.000596603 0.000666617 0.00068177 0.000645584 0.000564964 0.000449467 0.000310644 0.000161002 1.31525e-05 -0.000121241 -0.000232261 -0.000312493 -0.000357523 -0.000366161 -0.000340481 -0.000285423 -0.000208366 -0.000118231 -2.47393e-05 6.26757e-05 0.000135652 0.000187779 0.000215119 0.000216541 0.000193774 0.000151041 9.46279e-05 3.19669e-05 -2.90982e-05 -8.13923e-05 -0.000119104 -0.00013855 -0.000138499 -0.000120256 -8.74628e-05 -4.54427e-05 -5.81974e-07 4.07425e-05 7.28711e-05 9.1796e-05 9.55701e-05 8.45899e-05 6.14728e-05 3.0518e-05 -2.87173e-06 -3.32521e-05 -5.58137e-05 -6.73334e-05 -6.65178e-05 -5.42482e-05 -3.33663e-05 -8.04149e-06 1.68529e-05 3.68422e-05 4.84419e-05 4.99788e-05 4.17205e-05 2.58265e-05 5.91728e-06 -1.38214e-05 -2.92949e-05 -3.75794e-05 -3.72781e-05 -2.89449e-05 -1.4844e-05 1.63095e-06 1.65909e-05 2.67717e-05 3.00079e-05 2.59465e-05 1.59286e-05 2.66793e-06 -1.03548e-05 -1.99739e-05 -2.38567e-05 -2.13534e-05 -1.34141e-05 -2.39676e-06 8.54013e-06 1.64983e-05 1.93492e-05 1.66075e-05 9.29502e-06 -2.75604e-07 -9.14611e-06 -1.48038e-05 -1.56194e-05 -1.16366e-05 -4.28878e-06 3.99484e-06 1.04748e-05 1.32415e-05 1.14817e-05 6.03426e-06 -1.10806e-06 -7.49924e-06 -1.08883e-05 -1.03255e-05 -6.11874e-06 4.79808e-08 5.81406e-06 9.16957e-06 8.87243e-06 5.27389e-06 -1.3787e-07 -5.23179e-06 -7.94208e-06 -7.40476e-06 -3.88986e-06 1.02234e-06 5.20972e-06 7.05535e-06 5.76985e-06 2.1115e-06 -2.25687e-06 -5.45321e-06 -5.99652e-06 -3.86493e-06 -8.12382e-08 3.56937e-06 5.32886e-06 4.55172e-06 1.57201e-06 -2.03381e-06 -4.35662e-06 -4.45144e-06 -2.35901e-06 7.76297e-07 3.48224e-06 4.3747e-06 2.61767e-06 -5.22358e-07 -2.84927e-06 -3.41352e-06 -2.47554e-06 -4.72341e-07 2.26228e-06 3.94814e-06 2.56129e-06 -5.94831e-07 -2.61066e-06 -2.61849e-06 -1.45869e-06 1.10922e-07 1.75686e-06 2.57268e-06 1.72624e-06 -2.5224e-07 -2.30505e-06 -2.93114e-06 -1.02547e-06 1.72309e-06 2.73212e-06 1.59506e-06 -5.39914e-07 -2.00054e-06 -1.69195e-06 -2.51487e-07 9.30554e-07 1.20121e-06 8.29961e-07 1.672e-07 -6.42722e-07 -1.08759e-06 -8.45445e-07 -9.07135e-08 9.99759e-07 1.50861e-06 5.81647e-07 -8.75069e-07 -1.62895e-06 -1.14258e-06 5.61714e-07 1.89156e-06 1.34995e-06 -3.08991e-07 -1.69496e-06 -1.71363e-06 0. 
0.0966473 0.0967437 0.0954041 0.0928023 0.0891101 0.0844951 0.0791204 0.0731431 0.0667133 0.0599733 0.0530565 0.0460868 0.0391777 0.0324321 0.0259415 0.0197858 0.0140332 0.00873993 0.00395026 -0.000303136 -0.00399899 -0.00712708 -0.00968761 -0.0116907 -0.0131553 -0.0141089 -0.0145862 -0.0146279 -0.0142802 -0.0135933 -0.0126203 -0.0114159 -0.0100355 -0.00853384 -0.00696398 -0.00537624 -0.00381719 -0.00232885 -0.000947924 0.000294809 0.00137492 0.00227465 0.00298298 0.00349563 0.00381474 0.00394856 0.00391079 0.00371993 0.00339836 0.00297151 0.00246666 0.00191208 0.00133579 0.000764634 0.000223208 -0.00026689 -0.00068792 -0.00102644 -0.00127378 -0.00142612 -0.00148448 -0.00145445 -0.00134566 -0.0011712 -0.00094667 -0.000689433 -0.000417384 -0.000148183 0.000101975 0.000319001 0.00049187 0.000612979 0.000678615 0.000688945 0.000647865 0.000562622 0.000443077 0.000301059 0.000149223 3.24065e-07 -0.000134021 -0.000243915 -0.000322165 -0.000364529 -0.000370132 -0.000341308 -0.000283302 -0.000203748 -0.000111755 -1.72105e-05 7.04462e-05 0.000142828 0.000193695 0.000219229 0.000218571 0.000193655 0.000148965 9.09938e-05 2.73078e-05 -3.41276e-05 -8.61814e-05 -0.000123054 -0.000141257 -0.000139692 -0.000119912 -8.57388e-05 -4.26732e-05 2.76027e-06 4.41675e-05 7.58585e-05 9.39732e-05 9.66501e-05 8.45113e-05 6.03213e-05 2.85519e-05 -5.27284e-06 -3.56892e-05 -5.78604e-05 -6.8704e-05 -6.70033e-05 -5.38462e-05 -3.21998e-05 -6.36998e-06 1.86803e-05 3.84994e-05 4.96056e-05 5.04875e-05 4.14993e-05 2.49806e-05 4.65506e-06 -1.52263e-05 -3.05258e-05 -3.84151e-05 -3.75428e-05 -2.86389e-05 -1.40598e-05 2.68849e-06 1.7655e-05 2.76185e-05 3.04307e-05 2.58949e-05 1.54287e-05 1.87465e-06 -1.12221e-05 -2.071e-05 -2.42611e-05 -2.13646e-05 -1.30358e-05 -1.7601e-06 9.24471e-06 1.70893e-05 1.96492e-05 1.65711e-05 8.93616e-06 -8.28483e-07 -9.71492e-06 -1.52344e-05 -1.57699e-05 -1.14969e-05 -3.90555e-06 4.48583e-06 1.09025e-05 1.34898e-05 1.14593e-05 5.77996e-06 -1.50338e-06 -7.89867e-06 -1.11396e-05 -1.03691e-05 -5.93276e-06 3.75391e-07 6.15457e-06 9.41092e-06 8.91112e-06 5.12399e-06 -4.19205e-07 -5.53127e-06 -8.1286e-06 -7.42956e-06 -3.73395e-06 1.27799e-06 5.45108e-06 7.19756e-06 5.73867e-06 1.94481e-06 -2.48564e-06 -5.64926e-06 -6.05704e-06 -3.78807e-06 1.03127e-07 3.77097e-06 5.44083e-06 4.54765e-06 1.44078e-06 -2.22126e-06 -4.49409e-06 -4.48601e-06 -2.26464e-06 9.26067e-07 3.61272e-06 4.45128e-06 2.56769e-06 -6.73908e-07 -2.9941e-06 -3.46342e-06 -2.41273e-06 -3.82461e-07 2.35926e-06 4.04504e-06 2.54561e-06 -7.21744e-07 -2.7378e-06 -2.66918e-06 -1.40171e-06 2.1869e-07 1.84467e-06 2.59182e-06 1.6639e-06 -3.14353e-07 -2.35542e-06 -2.98646e-06 -9.87509e-07 1.83163e-06 2.79688e-06 1.60517e-06 -6.09907e-07 -2.12279e-06 -1.73073e-06 -1.80275e-07 1.03035e-06 1.25268e-06 7.96862e-07 8.75566e-08 -7.04206e-07 -1.07711e-06 -7.77148e-07 -5.2988e-08 9.97911e-07 1.49261e-06 5.35932e-07 -8.89573e-07 -1.5964e-06 -1.13946e-06 5.67483e-07 1.91119e-06 1.3254e-06 -3.1729e-07 -1.67743e-06 -1.73468e-06 0. 
0.0966473 0.0967252 0.0953671 0.0927475 0.0890378 0.0844063 0.0790161 0.0730246 0.066582 0.0598309 0.0529049 0.045928 0.0390141 0.032266 0.0257755 0.0196224 0.0138751 0.00858957 0.00381017 -0.00043062 -0.00411174 -0.00722323 -0.0097656 -0.0117493 -0.0131937 -0.0141268 -0.0145835 -0.0146053 -0.0142385 -0.0135339 -0.0125449 -0.0113267 -0.00993487 -0.00842446 -0.00684867 -0.00525792 -0.00369878 -0.00221322 -0.000837778 0.000396977 0.00146692 0.00235466 0.00304958 0.00354784 0.00385208 0.00397103 0.00391883 0.00371447 0.0033807 0.00294334 0.00242993 0.00186896 0.00128854 0.000715576 0.000174564 -0.000313024 -0.000729709 -0.00106234 -0.00130262 -0.00144712 -0.0014973 -0.00145917 -0.00134274 -0.0011615 -0.000931318 -0.000669823 -0.000395022 -0.000124668 0.000125124 0.000340348 0.000510225 0.000627387 0.000688471 0.000693966 0.000648126 0.000558526 0.0004353 0.000290521 0.000136959 -1.25294e-05 -0.000146401 -0.000254821 -0.000330828 -0.000370378 -0.000372909 -0.000341015 -0.000280227 -0.000198417 -0.000104853 -9.55819e-06 7.805e-05 0.00014959 0.000199013 0.000222634 0.000219873 0.000192868 0.00014635 8.69995e-05 2.24955e-05 -3.91023e-05 -9.07319e-05 -0.000126623 -0.000143505 -0.000140406 -0.000119139 -8.36841e-05 -3.97115e-05 6.14088e-06 4.74847e-05 7.86146e-05 9.58445e-05 9.73931e-05 8.41258e-05 5.8931e-05 2.64525e-05 -7.68988e-06 -3.80324e-05 -5.9721e-05 -6.98432e-05 -6.72435e-05 -5.32405e-05 -3.08944e-05 -4.65135e-06 2.04618e-05 4.00368e-05 5.05936e-05 5.08157e-05 4.1113e-05 2.40313e-05 3.35798e-06 -1.65907e-05 -3.16504e-05 -3.91164e-05 -3.76591e-05 -2.82231e-05 -1.32089e-05 3.74457e-06 1.8658e-05 2.83678e-05 3.07303e-05 2.57466e-05 1.48581e-05 1.07195e-06 -1.20495e-05 -2.13701e-05 -2.45628e-05 -2.12969e-05 -1.2596e-05 -1.11937e-06 9.91364e-06 1.7614e-05 1.98611e-05 1.64749e-05 8.53212e-06 -1.37129e-06 -1.02422e-05 -1.56034e-05 -1.58445e-05 -1.13191e-05 -3.49919e-06 4.94885e-06 1.12788e-05 1.36837e-05 1.13769e-05 5.51458e-06 -1.89516e-06 -8.25498e-06 -1.13333e-05 -1.03758e-05 -5.71123e-06 6.84064e-07 6.46531e-06 9.60708e-06 8.89876e-06 4.96796e-06 -7.03576e-07 -5.79057e-06 -8.27011e-06 -7.42934e-06 -3.55092e-06 1.50566e-06 5.66498e-06 7.30355e-06 5.66962e-06 1.79145e-06 -2.70689e-06 -5.80393e-06 -6.07908e-06 -3.71178e-06 2.94427e-07 3.93271e-06 5.52307e-06 4.52951e-06 1.28883e-06 -2.36486e-06 -4.60425e-06 -4.50905e-06 -2.15444e-06 1.0536e-06 3.73788e-06 4.48071e-06 2.48249e-06 -7.61148e-07 -3.11775e-06 -3.52445e-06 -2.33945e-06 -2.76437e-07 2.46033e-06 4.05824e-06 2.50904e-06 -7.6659e-07 -2.87361e-06 -2.72135e-06 -1.30627e-06 2.93491e-07 1.90715e-06 2.61062e-06 1.607e-06 -3.82537e-07 -2.41605e-06 -2.97061e-06 -9.41287e-07 1.85976e-06 2.88328e-06 1.6038e-06 -7.20192e-07 -2.15152e-06 -1.75445e-06 -1.75893e-07 1.15358e-06 1.28723e-06 7.34289e-07 5.81212e-08 -7.59102e-07 -1.08739e-06 -6.98477e-07 -1.94782e-08 9.86712e-07 1.47352e-06 4.95414e-07 -8.99018e-07 -1.56894e-06 -1.11696e-06 5.73581e-07 1.89723e-06 1.31088e-06 -3.20701e-07 -1.67204e-06 -1.71912e-06 0. 
0.0966473 0.0967089 0.0953348 0.0926994 0.0889747 0.084329 0.0789256 0.0729222 0.0664692 0.0597092 0.0527762 0.0457943 0.0388775 0.0321287 0.0256398 0.0194907 0.0137496 0.00847262 0.00370385 -0.000524343 -0.00419113 -0.00728678 -0.00981215 -0.011778 -0.0132042 -0.0141188 -0.0145575 -0.0145619 -0.014179 -0.0134597 -0.0124579 -0.011229 -0.00982879 -0.00831259 -0.00673368 -0.0051425 -0.00358562 -0.00210487 -0.000736625 0.000488804 0.00154762 0.00242276 0.00310405 0.00358807 0.00387792 0.00398275 0.00391719 0.00370056 0.00335605 0.00290968 0.0023893 0.0018235 0.00124047 0.000667081 0.000127736 -0.000356311 -0.000767821 -0.00109398 -0.00132687 -0.00146344 -0.00150559 -0.00145969 -0.00133618 -0.0011488 -0.00091376 -0.000648792 -0.000372081 -0.000101315 0.000147397 0.000360272 0.000526711 0.000639669 0.00069609 0.0006968 0.00064641 0.000552754 0.00042628 0.000279176 0.000124403 -2.52463e-05 -0.000158201 -0.00026485 -0.000338365 -0.000375005 -0.00037446 -0.000339604 -0.000276249 -0.000192429 -9.76303e-05 -1.86145e-06 8.53704e-05 0.000155869 0.000203646 0.000225296 0.000220421 0.000191412 0.00014323 8.26733e-05 1.76031e-05 -4.39845e-05 -9.4964e-05 -0.000129783 -0.00014524 -0.000140631 -0.000117931 -8.13054e-05 -3.65979e-05 9.54551e-06 5.06317e-05 8.11282e-05 9.73572e-05 9.77958e-05 8.34161e-05 5.7304e-05 2.42447e-05 -1.01211e-05 -4.02307e-05 -6.13983e-05 -7.07037e-05 -6.72436e-05 -5.24146e-05 -2.9451e-05 -2.90872e-06 2.22049e-05 4.14075e-05 5.14187e-05 5.09232e-05 4.05704e-05 2.29722e-05 2.02138e-06 -1.78837e-05 -3.26862e-05 -3.96373e-05 -3.76448e-05 -2.76703e-05 -1.22941e-05 4.78685e-06 1.9617e-05 2.89772e-05 3.09311e-05 2.5463e-05 1.4227e-05 2.57854e-07 -1.28516e-05 -2.1917e-05 -2.47901e-05 -2.11063e-05 -1.21105e-05 -4.64511e-07 1.05598e-05 1.80378e-05 2.00161e-05 1.62723e-05 8.10163e-06 -1.9157e-06 -1.0742e-05 -1.58742e-05 -1.58773e-05 -1.10561e-05 -3.08717e-06 5.39025e-06 1.16234e-05 1.37799e-05 1.12707e-05 5.19358e-06 -2.27287e-06 -8.56081e-06 -1.14986e-05 -1.02933e-05 -5.4888e-06 1.00723e-06 6.74973e-06 9.72836e-06 8.8743e-06 4.75001e-06 -9.66553e-07 -6.01693e-06 -8.3907e-06 -7.35094e-06 -3.38231e-06 1.74578e-06 5.85124e-06 7.34172e-06 5.60573e-06 1.59218e-06 -2.89594e-06 -5.91557e-06 -6.09656e-06 -3.5724e-06 4.53541e-07 4.07855e-06 5.58812e-06 4.44635e-06 1.17155e-06 -2.51852e-06 -4.69425e-06 -4.46767e-06 -2.06688e-06 1.19927e-06 3.82313e-06 4.46918e-06 2.43241e-06 -9.0009e-07 -3.2131e-06 -3.51889e-06 -2.28508e-06 -1.59039e-07 2.52396e-06 4.06568e-06 2.48181e-06 -8.82423e-07 -2.93964e-06 -2.71868e-06 -1.27555e-06 4.03744e-07 1.96687e-06 2.58133e-06 1.55707e-06 -4.60466e-07 -2.43804e-06 -2.94459e-06 -9.10175e-07 1.93097e-06 2.89921e-06 1.56932e-06 -7.45528e-07 -2.22609e-06 -1.77072e-06 -9.83822e-08 1.19172e-06 1.31882e-06 7.26827e-07 -3.79213e-08 -7.9022e-07 -1.05045e-06 -6.6848e-07 3.61777e-08 9.89103e-07 1.40439e-06 4.69658e-07 -8.92118e-07 -1.54926e-06 -1.06979e-06 5.76438e-07 1.85487e-06 1.2924e-06 -3.2167e-07 -1.65609e-06 -1.68255e-06 0. 
0.0966473 0.0966949 0.0953071 0.0926585 0.0889211 0.0842635 0.0788493 0.0728362 0.0663749 0.0596083 0.0526703 0.0456853 0.0387673 0.0320194 0.0255334 0.0193893 0.0136551 0.00838701 0.00362892 -0.00058697 -0.00424006 -0.00732091 -0.00983063 -0.0117803 -0.0131902 -0.0140888 -0.0145119 -0.0145017 -0.0141054 -0.0133744 -0.0123627 -0.011126 -0.0097203 -0.00820103 -0.00662152 -0.00503223 -0.00347962 -0.00200541 -0.000645737 0.000569346 0.00161636 0.00247861 0.00314633 0.0036165 0.00389265 0.00398435 0.0039066 0.0036791 0.00332531 0.00287153 0.00234575 0.00177666 0.00119247 0.000619973 8.34194e-05 -0.000396156 -0.000801805 -0.00112105 -0.00134634 -0.00147504 -0.00150941 -0.00145621 -0.00132621 -0.00113345 -0.000894329 -0.000626743 -0.000348906 -7.84986e-05 0.000168507 0.0003785 0.000541148 0.000649697 0.000701417 0.000697469 0.000642769 0.000545444 0.000416141 0.000267225 0.000111699 -3.76259e-05 -0.000169304 -0.000273857 -0.000344708 -0.000378357 -0.000374778 -0.000337115 -0.000271406 -0.000185889 -9.0142e-05 5.75174e-06 9.23604e-05 0.00016156 0.000207571 0.00022717 0.000220214 0.000189311 0.000139615 7.80881e-05 1.26415e-05 -4.8686e-05 -9.88775e-05 -0.000132468 -0.00014647 -0.000140349 -0.000116295 -7.86359e-05 -3.33257e-05 1.29099e-05 5.36294e-05 8.33367e-05 9.85358e-05 9.78275e-05 8.2393e-05 5.54546e-05 2.19137e-05 -1.25175e-05 -4.23201e-05 -6.28365e-05 -7.13213e-05 -6.69724e-05 -5.13794e-05 -2.78803e-05 -1.11662e-06 2.38647e-05 4.26593e-05 5.20304e-05 5.08478e-05 3.98479e-05 2.18012e-05 6.64485e-07 -1.91488e-05 -3.35845e-05 -4.00317e-05 -3.74567e-05 -2.70023e-05 -1.13097e-05 5.84586e-06 2.04949e-05 2.95065e-05 3.09819e-05 2.50829e-05 1.35119e-05 -5.85656e-07 -1.36031e-05 -2.24113e-05 -2.48896e-05 -2.0841e-05 -1.15454e-05 2.15568e-07 1.11647e-05 1.84219e-05 2.00586e-05 1.60143e-05 7.60634e-06 -2.47371e-06 -1.11953e-05 -1.61108e-05 -1.58093e-05 -1.07556e-05 -2.63358e-06 5.83183e-06 1.19078e-05 1.38463e-05 1.10776e-05 4.85263e-06 -2.66062e-06 -8.85595e-06 -1.15896e-05 -1.01892e-05 -5.20373e-06 1.33374e-06 7.00674e-06 9.83501e-06 8.77238e-06 4.52361e-06 -1.25217e-06 -6.23527e-06 -8.45126e-06 -7.26425e-06 -3.158e-06 1.981e-06 6.01045e-06 7.3725e-06 5.47507e-06 1.39743e-06 -3.09128e-06 -6.01974e-06 -6.05287e-06 -3.43704e-06 6.43559e-07 4.21411e-06 5.60745e-06 4.36821e-06 1.00689e-06 -2.66186e-06 -4.75183e-06 -4.42657e-06 -1.93119e-06 1.32794e-06 3.89903e-06 4.46122e-06 2.3199e-06 -1.02468e-06 -3.29019e-06 -3.51343e-06 -2.19462e-06 -5.43198e-08 2.60376e-06 4.062e-06 2.39087e-06 -9.65262e-07 -2.9963e-06 -2.73234e-06 -1.20215e-06 5.10963e-07 2.02091e-06 2.54286e-06 1.47418e-06 -5.19332e-07 -2.46453e-06 -2.91185e-06 -8.33434e-07 1.96853e-06 2.90169e-06 1.55328e-06 -8.08708e-07 -2.28371e-06 -1.76094e-06 -4.43242e-08 1.25363e-06 1.35116e-06 6.87109e-07 -1.21313e-07 -8.29199e-07 -1.01695e-06 -6.04704e-07 8.65353e-08 9.78911e-07 1.33476e-06 4.2242e-07 -8.78947e-07 -1.50395e-06 -1.02178e-06 5.77915e-07 1.80327e-06 1.25377e-06 -3.18899e-07 -1.62112e-06 -1.6377e-06 0. 
0.0966473 0.0966834 0.0952843 0.0926247 0.088877 0.0842098 0.078787 0.0727664 0.066299 0.0595277 0.0525866 0.0456001 0.0386824 0.0319366 0.0254545 0.019316 0.0135893 0.00833019 0.00358258 -0.00062156 -0.00426184 -0.00732908 -0.00982466 -0.01176 -0.0131556 -0.0140404 -0.0144505 -0.0144283 -0.0140214 -0.0132814 -0.0122626 -0.0110208 -0.00961226 -0.00809236 -0.0065145 -0.00492908 -0.00338245 -0.00191616 -0.000566109 0.00063792 0.00167278 0.00252213 0.00317659 0.00363354 0.00389688 0.00397657 0.00388796 0.00365105 0.00328953 0.00282992 0.00230029 0.00172941 0.00114543 0.000575025 4.22722e-05 -0.000432045 -0.000831287 -0.00114332 -0.00136096 -0.00148194 -0.00150891 -0.00144897 -0.00131317 -0.00111581 -0.000873438 -0.000604062 -0.000325895 -5.65516e-05 0.000188152 0.000394813 0.000553377 0.000657388 0.000704445 0.000696021 0.000637327 0.000536735 0.00040508 0.000254842 9.90539e-05 -4.95159e-05 -0.000179549 -0.000281752 -0.000349788 -0.000380415 -0.000373887 -0.000333593 -0.000265792 -0.000178877 -8.25125e-05 1.3206e-05 9.8915e-05 0.000166621 0.000210736 0.000228253 0.000219267 0.000186593 0.000135572 7.3282e-05 7.69184e-06 -5.3181e-05 -0.000102411 -0.000134675 -0.000147178 -0.000139577 -0.000114258 -7.56951e-05 -2.99492e-05 1.62269e-05 5.64261e-05 8.52505e-05 9.9356e-05 9.75075e-05 8.10684e-05 5.33949e-05 1.94969e-05 -1.48858e-05 -4.42602e-05 -6.40589e-05 -7.16755e-05 -6.6453e-05 -5.01429e-05 -2.61866e-05 6.9565e-07 2.54618e-05 4.3761e-05 5.24606e-05 5.0575e-05 3.89642e-05 2.05288e-05 -7.23817e-07 -2.03591e-05 -3.43795e-05 -4.0275e-05 -3.71252e-05 -2.62135e-05 -1.02561e-05 6.90476e-06 2.13236e-05 2.99295e-05 3.09204e-05 2.45908e-05 1.27226e-05 -1.45101e-06 -1.43329e-05 -2.28287e-05 -2.49026e-05 -2.04802e-05 -1.09148e-05 9.19503e-07 1.17566e-05 1.87436e-05 2.00315e-05 1.56778e-05 7.05925e-06 -3.04621e-06 -1.1633e-05 -1.62897e-05 -1.56822e-05 -1.03936e-05 -2.14437e-06 6.27206e-06 1.21687e-05 1.38566e-05 1.08344e-05 4.46999e-06 -3.06556e-06 -9.13155e-06 -1.16482e-05 -1.00339e-05 -4.8802e-06 1.67779e-06 7.2609e-06 9.90706e-06 8.63348e-06 4.25976e-06 -1.55849e-06 -6.44478e-06 -8.49011e-06 -7.1389e-06 -2.90208e-06 2.22877e-06 6.16638e-06 7.3752e-06 5.31324e-06 1.17797e-06 -3.29864e-06 -6.10894e-06 -5.98471e-06 -3.2754e-06 8.5499e-07 4.34932e-06 5.61157e-06 4.26134e-06 8.16361e-07 -2.80414e-06 -4.80415e-06 -4.37545e-06 -1.76401e-06 1.48122e-06 3.9671e-06 4.41592e-06 2.19371e-06 -1.13071e-06 -3.39441e-06 -3.53029e-06 -2.04337e-06 9.52385e-08 2.64597e-06 4.01741e-06 2.32456e-06 -1.03409e-06 -3.11208e-06 -2.74243e-06 -1.05993e-06 6.06492e-07 2.06289e-06 2.52928e-06 1.349e-06 -6.12916e-07 -2.45308e-06 -2.85335e-06 -7.74738e-07 2.0045e-06 2.93307e-06 1.51471e-06 -9.04339e-07 -2.30784e-06 -1.76745e-06 -1.26701e-08 1.38762e-06 1.37653e-06 5.91891e-07 -1.73785e-07 -8.93516e-07 -1.00869e-06 -4.64106e-07 1.32476e-07 9.27584e-07 1.29074e-06 3.40841e-07 -8.82647e-07 -1.39626e-06 -9.81713e-07 5.60484e-07 1.77047e-06 1.17548e-06 -3.21598e-07 -1.53848e-06 -1.60585e-06 0. 
0.0966473 0.0966742 0.095266 0.0925978 0.088842 0.0841675 0.0787382 0.0727122 0.0662406 0.0594663 0.0525237 0.0455372 0.038621 0.0318783 0.0254008 0.0192686 0.0135494 0.00829921 0.00356164 -0.000631481 -0.00426 -0.00731496 -0.00979803 -0.0117209 -0.0131044 -0.0139776 -0.0143771 -0.0143454 -0.0139306 -0.0131842 -0.0121608 -0.0109164 -0.00950731 -0.00798893 -0.00641464 -0.00483474 -0.00329546 -0.00183814 -0.000498447 0.000694132 0.00171677 0.00255348 0.00319524 0.00363979 0.0038914 0.00396035 0.0038623 0.00361748 0.00324982 0.00278593 0.00225398 0.00168271 0.0011002 0.000532966 4.88996e-06 -0.000463538 -0.000855974 -0.00116064 -0.00137071 -0.00148428 -0.00150434 -0.00143829 -0.00129745 -0.00109629 -0.000851532 -0.000581176 -0.000303451 -3.58165e-05 0.000206046 0.000409012 0.000563272 0.000662708 0.000705209 0.000692561 0.00063024 0.000526824 0.000393318 0.000242246 8.66803e-05 -6.07389e-05 -0.000188793 -0.000288444 -0.000353555 -0.00038119 -0.000371835 -0.000329129 -0.000259522 -0.000171518 -7.48716e-05 2.03887e-05 0.000104936 0.000170991 0.000213108 0.000228555 0.000217611 0.000183321 0.000131176 6.83375e-05 2.83557e-06 -5.7407e-05 -0.000105513 -0.000136387 -0.000147362 -0.000138344 -0.000111861 -7.25395e-05 -2.65263e-05 1.94473e-05 5.89787e-05 8.68532e-05 9.98101e-05 9.68577e-05 7.94693e-05 5.11675e-05 1.70365e-05 -1.71911e-05 -4.60205e-05 -6.50591e-05 -7.17634e-05 -6.57092e-05 -4.87286e-05 -2.44042e-05 2.49677e-06 2.69763e-05 4.46947e-05 5.27172e-05 5.01107e-05 3.79467e-05 1.91773e-05 -2.11949e-06 -2.14933e-05 -3.50699e-05 -4.03622e-05 -3.66714e-05 -2.53168e-05 -9.15768e-06 7.94447e-06 2.20972e-05 3.02363e-05 3.07639e-05 2.39927e-05 1.18825e-05 -2.32286e-06 -1.5034e-05 -2.31581e-05 -2.48456e-05 -2.00259e-05 -1.02416e-05 1.63529e-06 1.23303e-05 1.8992e-05 1.99532e-05 1.52623e-05 6.48225e-06 -3.62363e-06 -1.2055e-05 -1.64005e-05 -1.55183e-05 -9.96836e-06 -1.63834e-06 6.70218e-06 1.24139e-05 1.37999e-05 1.05668e-05 4.04411e-06 -3.47628e-06 -9.37721e-06 -1.16934e-05 -9.81575e-06 -4.5436e-06 2.03797e-06 7.51482e-06 9.93043e-06 8.48634e-06 3.94857e-06 -1.87045e-06 -6.63711e-06 -8.52888e-06 -6.95748e-06 -2.64276e-06 2.49166e-06 6.32721e-06 7.33094e-06 5.15393e-06 9.20651e-07 -3.51011e-06 -6.17081e-06 -5.92565e-06 -3.06237e-06 1.06747e-06 4.47413e-06 5.62607e-06 4.10715e-06 6.33765e-07 -2.96501e-06 -4.87161e-06 -4.26114e-06 -1.60532e-06 1.63626e-06 4.0437e-06 4.3568e-06 2.0842e-06 -1.30833e-06 -3.5037e-06 -3.4593e-06 -1.92296e-06 2.29351e-07 2.71531e-06 3.98245e-06 2.25288e-06 -1.1716e-06 -3.20222e-06 -2.71003e-06 -9.73115e-07 7.62392e-07 2.13332e-06 2.42982e-06 1.24873e-06 -6.88965e-07 -2.47368e-06 -2.78024e-06 -7.10362e-07 2.05905e-06 2.95787e-06 1.4642e-06 -9.74493e-07 -2.39162e-06 -1.77933e-06 1.00673e-07 1.47737e-06 1.4081e-06 5.4622e-07 -3.25186e-07 -9.47681e-07 -9.26179e-07 -3.85661e-07 2.14144e-07 9.15848e-07 1.15212e-06 2.87961e-07 -8.46111e-07 -1.34769e-06 -8.898e-07 5.61913e-07 1.66291e-06 1.13762e-06 -3.12748e-07 -1.50528e-06 -1.51369e-06 0. 
0.0966473 0.0966672 0.0952522 0.0925775 0.0888157 0.0841359 0.0787021 0.0726726 0.0661984 0.0594228 0.0524801 0.0454948 0.0385812 0.0318423 0.02537 0.0192441 0.0135325 0.00829084 0.00356271 -0.000620304 -0.00423823 -0.00728235 -0.00975458 -0.0116669 -0.0130402 -0.0139042 -0.0142954 -0.0142567 -0.0138362 -0.0130858 -0.0120602 -0.0108154 -0.0094078 -0.00789277 -0.00632363 -0.00475059 -0.0032197 -0.00177208 -0.000443159 0.000737875 0.0017485 0.00257309 0.00320291 0.00363609 0.00387718 0.00393677 0.00383075 0.00357959 0.00320733 0.0027407 0.00220785 0.0016375 0.00105759 0.000494479 -2.8223e-05 -0.000490273 -0.000875676 -0.00117298 -0.0013757 -0.00148229 -0.00149601 -0.00142458 -0.00127949 -0.0010754 -0.000829069 -0.00055856 -0.000281956 -1.6652e-05 0.000221947 0.000420909 0.000570762 0.000665652 0.000703795 0.000687246 0.000621704 0.000515961 0.000381086 0.000229707 7.4779e-05 -7.1083e-05 -0.000196917 -0.000293829 -0.000356001 -0.000380706 -0.000368704 -0.000323849 -0.000252728 -0.00016399 -6.73458e-05 2.71402e-05 0.00011035 0.000174583 0.000214685 0.000228082 0.00021531 0.000179585 0.000126516 6.33837e-05 -1.85451e-06 -6.1253e-05 -0.000108162 -0.000137559 -0.000147054 -0.000136685 -0.000109169 -6.92602e-05 -2.31159e-05 2.24704e-05 6.12676e-05 8.80859e-05 9.99263e-05 9.58883e-05 7.7651e-05 4.88422e-05 1.45777e-05 -1.93464e-05 -4.7595e-05 -6.57844e-05 -7.16216e-05 -6.47516e-05 -4.71882e-05 -2.25979e-05 4.258e-06 2.83332e-05 4.5476e-05 5.27647e-05 4.95028e-05 3.68221e-05 1.77887e-05 -3.45462e-06 -2.25501e-05 -3.55969e-05 -4.03342e-05 -3.60891e-05 -2.43608e-05 -8.06427e-06 8.95159e-06 2.27508e-05 3.04616e-05 3.04857e-05 2.33404e-05 1.10252e-05 -3.18113e-06 -1.56427e-05 -2.34315e-05 -2.46822e-05 -1.9532e-05 -9.55007e-06 2.34161e-06 1.28243e-05 1.92022e-05 1.97856e-05 1.48236e-05 5.89873e-06 -4.19009e-06 -1.24005e-05 -1.64869e-05 -1.52841e-05 -9.53477e-06 -1.14549e-06 7.12063e-06 1.25836e-05 1.37318e-05 1.02537e-05 3.62079e-06 -3.85026e-06 -9.61519e-06 -1.16697e-05 -9.59874e-06 -4.19439e-06 2.39193e-06 7.71247e-06 9.95595e-06 8.29201e-06 3.6462e-06 -2.15775e-06 -6.83017e-06 -8.50907e-06 -6.78849e-06 -2.37485e-06 2.75026e-06 6.43689e-06 7.30055e-06 4.96177e-06 6.7424e-07 -3.68804e-06 -6.24409e-06 -5.82054e-06 -2.86736e-06 1.26491e-06 4.60728e-06 5.59268e-06 3.97241e-06 4.47734e-07 -3.12325e-06 -4.89095e-06 -4.17766e-06 -1.43545e-06 1.79795e-06 4.0823e-06 4.30716e-06 1.95085e-06 -1.45703e-06 -3.57536e-06 -3.43954e-06 -1.77727e-06 3.82646e-07 2.74809e-06 3.94328e-06 2.16384e-06 -1.27384e-06 -3.27179e-06 -2.71713e-06 -8.52969e-07 9.08354e-07 2.16618e-06 2.36991e-06 1.13006e-06 -7.76983e-07 -2.45674e-06 -2.72082e-06 -6.41783e-07 2.11048e-06 2.95484e-06 1.43146e-06 -1.04576e-06 -2.46744e-06 -1.76806e-06 1.80365e-07 1.56862e-06 1.45035e-06 4.72531e-07 -4.43225e-07 -9.93592e-07 -8.78719e-07 -2.77337e-07 2.85746e-07 8.76193e-07 1.05589e-06 2.20512e-07 -8.30768e-07 -1.25865e-06 -8.22792e-07 5.48563e-07 1.59455e-06 1.06937e-06 -3.10442e-07 -1.43334e-06 -1.45447e-06 0. 
0.0966473 0.0966623 0.0952425 0.0925633 0.0887975 0.0841142 0.0786777 0.0726462 0.0661711 0.0593955 0.0524539 0.0454708 0.0385604 0.0318259 0.025359 0.0192396 0.0135353 0.00830169 0.00358223 -0.000591684 -0.00420028 -0.00723505 -0.00969813 -0.0116017 -0.012967 -0.0138238 -0.0142088 -0.0141653 -0.0137415 -0.0129893 -0.0119634 -0.0107202 -0.00931575 -0.00780559 -0.00624287 -0.00467769 -0.00315589 -0.00171839 -0.000400353 0.000769315 0.0017684 0.00258158 0.00320045 0.00362341 0.00385532 0.003907 0.00379454 0.00353859 0.00316326 0.00269532 0.00216292 0.00159467 0.00101835 0.000460138 -5.66306e-05 -0.000511997 -0.00089029 -0.00118038 -0.00137611 -0.00147624 -0.00148432 -0.00140828 -0.00125979 -0.00105362 -0.000806562 -0.000536635 -0.000261825 6.50579e-07 0.00023561 0.000430382 0.000575792 0.000666269 0.000700323 0.000680247 0.00061196 0.000504382 0.000368671 0.000217445 6.3598e-05 -8.03979e-05 -0.000203775 -0.000297862 -0.000357106 -0.000379014 -0.000364595 -0.000317871 -0.000245581 -0.000156423 -6.01141e-05 3.33635e-05 0.000115032 0.000177364 0.000215436 0.000226869 0.000212426 0.000175463 0.000121718 5.85001e-05 -6.24971e-06 -6.46743e-05 -0.000110278 -0.000138197 -0.000146257 -0.000134646 -0.000106257 -6.59148e-05 -1.98238e-05 2.52609e-05 6.32099e-05 8.89529e-05 9.96854e-05 9.46365e-05 7.56638e-05 4.64622e-05 1.22083e-05 -2.13308e-05 -4.89113e-05 -6.62481e-05 -7.12345e-05 -6.36163e-05 -4.55696e-05 -2.07989e-05 5.90165e-06 2.95291e-05 4.60502e-05 5.2629e-05 4.87555e-05 3.5624e-05 1.64207e-05 -4.71554e-06 -2.34623e-05 -3.5978e-05 -4.01654e-05 -3.54117e-05 -2.33796e-05 -6.99526e-06 9.86192e-06 2.32964e-05 3.05652e-05 3.01182e-05 2.2651e-05 1.01724e-05 -3.96834e-06 -1.61691e-05 -2.36042e-05 -2.44443e-05 -1.90077e-05 -8.86143e-06 2.98571e-06 1.32503e-05 1.93306e-05 1.95607e-05 1.43714e-05 5.32633e-06 -4.69414e-06 -1.26863e-05 -1.65117e-05 -1.50119e-05 -9.1107e-06 -6.76088e-07 7.47621e-06 1.27019e-05 1.3628e-05 9.92405e-06 3.23087e-06 -4.18993e-06 -9.79866e-06 -1.16082e-05 -9.37887e-06 -3.85136e-06 2.69682e-06 7.87216e-06 9.95127e-06 8.08068e-06 3.37414e-06 -2.42042e-06 -6.97947e-06 -8.46069e-06 -6.62789e-06 -2.11456e-06 2.96323e-06 6.5172e-06 7.25978e-06 4.76294e-06 4.67729e-07 -3.84232e-06 -6.2929e-06 -5.69988e-06 -2.70437e-06 1.44723e-06 4.70873e-06 5.53901e-06 3.8584e-06 2.70407e-07 -3.24099e-06 -4.89205e-06 -4.11367e-06 -1.2638e-06 1.92553e-06 4.09688e-06 4.26068e-06 1.82295e-06 -1.55768e-06 -3.64185e-06 -3.43307e-06 -1.61186e-06 4.95872e-07 2.74934e-06 3.91918e-06 2.08588e-06 -1.3531e-06 -3.34275e-06 -2.70648e-06 -7.18466e-07 9.78555e-07 2.18796e-06 2.36136e-06 9.95444e-07 -8.4899e-07 -2.41231e-06 -2.68899e-06 -5.82825e-07 2.15757e-06 2.9452e-06 1.39506e-06 -1.11334e-06 -2.4945e-06 -1.75804e-06 2.1497e-07 1.67135e-06 1.4646e-06 3.84301e-07 -4.79567e-07 -1.04379e-06 -8.74187e-07 -1.44941e-07 3.13603e-07 8.20258e-07 1.03631e-06 1.40605e-07 -8.39204e-07 -1.14266e-06 -8.04265e-07 5.26142e-07 1.58725e-06 9.81718e-07 -3.15124e-07 -1.33712e-06 -1.44639e-06 0. 
0.0966473 0.0966592 0.0952365 0.0925546 0.0887865 0.0841014 0.0786637 0.0726318 0.0661569 0.0593825 0.0524429 0.0454627 0.0385561 0.0318264 0.025365 0.0192519 0.0135545 0.00832831 0.00361664 -0.000549273 -0.00414985 -0.00717677 -0.00963238 -0.011529 -0.0128882 -0.0137398 -0.0141208 -0.0140745 -0.0136492 -0.012897 -0.0118728 -0.0106326 -0.00923283 -0.00772873 -0.00617339 -0.00461674 -0.00310444 -0.00167718 -0.000369854 0.000788877 0.00177713 0.00257981 0.00318886 0.00360289 0.00382703 0.00387228 0.00375494 0.00349569 0.00311876 0.00265088 0.00212014 0.00155502 0.000983146 0.000430442 -8.00121e-05 -0.000528545 -0.000899815 -0.00118297 -0.00137221 -0.00146651 -0.00146972 -0.00138987 -0.00123887 -0.00103146 -0.000784483 -0.000515831 -0.000243411 1.58088e-05 0.000246849 0.000437329 0.000578358 0.000664625 0.00069494 0.000671758 0.000601243 0.000492335 0.000356325 0.000205697 5.33379e-05 -8.85242e-05 -0.000209263 -0.000300489 -0.000356878 -0.000376164 -0.000359605 -0.000311314 -0.000238225 -0.000148959 -5.33125e-05 3.89483e-05 0.000118898 0.000179287 0.000215352 0.000224938 0.000209018 0.000171024 0.000116873 5.37687e-05 -1.02637e-05 -6.76111e-05 -0.000111815 -0.000138283 -0.000144978 -0.000132252 -0.000103178 -6.25513e-05 -1.67173e-05 2.7775e-05 6.47568e-05 8.94355e-05 9.90786e-05 9.31126e-05 7.35394e-05 4.40552e-05 9.9798e-06 -2.31188e-05 -4.99271e-05 -6.64413e-05 -7.05921e-05 -6.2312e-05 -4.3898e-05 -1.9023e-05 7.38438e-06 3.05544e-05 4.63832e-05 5.23119e-05 4.78652e-05 3.43604e-05 1.51015e-05 -5.89784e-06 -2.41903e-05 -3.62171e-05 -3.98326e-05 -3.46464e-05 -2.23834e-05 -5.95158e-06 1.06396e-05 2.37431e-05 3.05137e-05 2.96724e-05 2.19207e-05 9.32436e-06 -4.65504e-06 -1.66273e-05 -2.36383e-05 -2.41479e-05 -1.84403e-05 -8.17585e-06 3.54239e-06 1.36273e-05 1.93369e-05 1.92987e-05 1.38895e-05 4.76353e-06 -5.11004e-06 -1.29371e-05 -1.64321e-05 -1.47238e-05 -8.68213e-06 -2.23061e-07 7.73675e-06 1.28003e-05 1.34449e-05 9.59791e-06 2.87052e-06 -4.51342e-06 -9.88488e-06 -1.15457e-05 -9.11784e-06 -3.52337e-06 2.93713e-06 8.0277e-06 9.86463e-06 7.88606e-06 3.11225e-06 -2.6721e-06 -7.04393e-06 -8.42878e-06 -6.42854e-06 -1.87493e-06 3.1157e-06 6.60855e-06 7.15064e-06 4.59375e-06 2.86753e-07 -3.99778e-06 -6.26514e-06 -5.61329e-06 -2.53233e-06 1.61718e-06 4.73752e-06 5.52214e-06 3.71392e-06 1.1288e-07 -3.30572e-06 -4.91844e-06 -3.99345e-06 -1.13661e-06 1.99952e-06 4.15659e-06 4.17161e-06 1.70892e-06 -1.64495e-06 -3.69406e-06 -3.34851e-06 -1.54075e-06 5.69804e-07 2.82892e-06 3.84688e-06 1.99828e-06 -1.41401e-06 -3.38757e-06 -2.65139e-06 -6.60238e-07 1.05253e-06 2.23291e-06 2.27319e-06 9.43154e-07 -8.78463e-07 -2.45543e-06 -2.61146e-06 -5.19178e-07 2.15713e-06 2.96468e-06 1.34576e-06 -1.17533e-06 -2.50092e-06 -1.75145e-06 2.72283e-07 1.7178e-06 1.4569e-06 3.61571e-07 -5.49607e-07 -1.069e-06 -8.17828e-07 -1.19511e-07 3.49831e-07 8.2815e-07 9.4955e-07 1.21474e-07 -8.07256e-07 -1.14212e-06 -7.44871e-07 5.37673e-07 1.50739e-06 9.79969e-07 -3.05793e-07 -1.34446e-06 -1.37612e-06 0. 
0.0966473 0.0966578 0.0952337 0.0925507 0.0887818 0.0840963 0.0786588 0.0726275 0.0661541 0.0593817 0.0524448 0.0454681 0.0385658 0.0318408 0.0253849 0.0192777 0.0135867 0.00836725 0.00366243 -0.000496634 -0.00409052 -0.00711107 -0.00956082 -0.0114523 -0.0128071 -0.0136553 -0.0140341 -0.0139868 -0.0135618 -0.0128113 -0.0117901 -0.0105544 -0.00916036 -0.00766319 -0.00611587 -0.00456811 -0.00306543 -0.00164824 -0.000351228 0.000797255 0.00177552 0.00256882 0.00316927 0.00357577 0.00379359 0.00383395 0.00371319 0.00345212 0.00307495 0.00260837 0.00208038 0.00151928 0.000952526 0.000405762 -9.81415e-05 -0.000539881 -0.000904326 -0.00118101 -0.00136431 -0.00145354 -0.00145264 -0.00136991 -0.00121723 -0.00100943 -0.000763271 -0.000496561 -0.000227029 2.85867e-05 0.000255515 0.000441711 0.000578471 0.000660854 0.000687784 0.000662028 0.000589763 0.000480109 0.00034426 0.000194708 4.41634e-05 -9.53144e-05 -0.000213297 -0.000301689 -0.000355318 -0.000372251 -0.000353799 -0.000304346 -0.000230754 -0.000141772 -4.70292e-05 4.37683e-05 0.000121892 0.000180313 0.000214414 0.000222342 0.000205099 0.000166382 0.000112011 4.93161e-05 -1.38653e-05 -6.99773e-05 -0.00011275 -0.000137805 -0.000143201 -0.000129565 -9.99194e-05 -5.92709e-05 -1.37921e-05 2.9921e-05 6.59027e-05 8.94951e-05 9.80871e-05 9.13484e-05 7.12481e-05 4.17037e-05 7.86373e-06 -2.46239e-05 -5.06528e-05 -6.63227e-05 -6.96756e-05 -6.08659e-05 -4.21313e-05 -1.73482e-05 8.74833e-06 3.13298e-05 4.64883e-05 5.17851e-05 4.68028e-05 3.30734e-05 1.37754e-05 -6.91839e-06 -2.47771e-05 -3.62502e-05 -3.93319e-05 -3.37968e-05 -2.13201e-05 -5.00299e-06 1.13461e-05 2.40099e-05 3.03266e-05 2.91233e-05 2.11076e-05 8.53508e-06 -5.31089e-06 -1.69304e-05 -2.35693e-05 -2.3752e-05 -1.77962e-05 -7.53803e-06 4.08523e-06 1.38662e-05 1.92636e-05 1.89537e-05 1.33447e-05 4.25565e-06 -5.51468e-06 -1.30615e-05 -1.62881e-05 -1.438e-05 -8.20708e-06 1.56439e-07 7.981e-06 1.27869e-05 1.32081e-05 9.25515e-06 2.48121e-06 -4.74292e-06 -9.94755e-06 -1.13998e-05 -8.81398e-06 -3.22726e-06 3.18884e-06 8.08257e-06 9.74911e-06 7.65782e-06 2.82022e-06 -2.84802e-06 -7.10352e-06 -8.32086e-06 -6.1995e-06 -1.66618e-06 3.28251e-06 6.61111e-06 7.02383e-06 4.41105e-06 8.2884e-08 -4.07442e-06 -6.23433e-06 -5.48049e-06 -2.33807e-06 1.72969e-06 4.77485e-06 5.44096e-06 3.55273e-06 -1.12796e-08 -3.38492e-06 -4.87314e-06 -3.86516e-06 -1.02343e-06 2.09328e-06 4.14549e-06 4.07558e-06 1.59491e-06 -1.74331e-06 -3.68034e-06 -3.27424e-06 -1.4587e-06 6.70836e-07 2.84129e-06 3.76629e-06 1.90588e-06 -1.47766e-06 -3.37995e-06 -2.61013e-06 -5.87757e-07 1.14308e-06 2.21865e-06 2.19342e-06 8.88744e-07 -9.29655e-07 -2.44401e-06 -2.52672e-06 -4.64728e-07 2.16149e-06 2.93633e-06 1.29819e-06 -1.21421e-06 -2.51299e-06 -1.71264e-06 3.24057e-07 1.7359e-06 1.46259e-06 3.22032e-07 -6.22869e-07 -1.06903e-06 -7.72264e-07 -8.31871e-08 3.95617e-07 8.08023e-07 8.65546e-07 1.00201e-07 -7.83529e-07 -1.10848e-06 -6.83728e-07 5.31746e-07 1.43256e-06 9.53561e-07 -2.99198e-07 -1.31611e-06 -1.30937e-06 0. 
0.0966473 0.0966577 0.0952337 0.0925509 0.0887824 0.0840978 0.0786614 0.0726319 0.0661606 0.059391 0.0524574 0.0454845 0.0385865 0.0318664 0.0254157 0.019314 0.0136288 0.00841519 0.00371622 -0.00043715 -0.00402564 -0.00704127 -0.00948668 -0.0113746 -0.0127267 -0.0135732 -0.0139513 -0.0139046 -0.0134814 -0.012734 -0.011717 -0.0104867 -0.00909922 -0.00760956 -0.00607058 -0.00453183 -0.00303859 -0.00163108 -0.000343732 0.000795337 0.00176469 0.00254979 0.00314298 0.00354337 0.00375636 0.00379329 0.00367057 0.00340906 0.00303289 0.00256872 0.00204438 0.00148804 0.00092689 0.000386367 -0.000110967 -0.000546052 -0.000904071 -0.0011748 -0.00135287 -0.00143779 -0.00143367 -0.0013489 -0.0011954 -0.000988012 -0.000743367 -0.000479178 -0.000212936 3.87944e-05 0.000261553 0.000443508 0.000576264 0.000655081 0.000679112 0.00065127 0.000577821 0.000467936 0.00033274 0.000184672 3.62316e-05 -0.000100657 -0.000215855 -0.000301442 -0.000352527 -0.000367334 -0.000347355 -0.000297066 -0.000223354 -0.000134967 -4.13931e-05 4.77474e-05 0.00012398 0.000180409 0.000212687 0.000219089 0.000200794 0.000161574 0.000107263 4.51859e-05 -1.69739e-05 -7.17368e-05 -0.000113082 -0.000136741 -0.000140999 -0.000126575 -9.65892e-05 -5.60772e-05 -1.11333e-05 3.16851e-05 6.6625e-05 8.91096e-05 9.67581e-05 8.93178e-05 6.88769e-05 3.93867e-05 5.93641e-06 -2.58501e-05 -5.10662e-05 -6.58729e-05 -6.8527e-05 -5.92418e-05 -4.03471e-05 -1.57413e-05 9.93085e-06 3.18637e-05 4.63583e-05 5.10231e-05 4.56194e-05 3.17176e-05 1.25142e-05 -7.81114e-06 -2.51825e-05 -3.60731e-05 -3.86833e-05 -3.2821e-05 -2.02532e-05 -4.10097e-06 1.19254e-05 2.4112e-05 3.00007e-05 2.84384e-05 2.02628e-05 7.75066e-06 -5.87543e-06 -1.71057e-05 -2.33807e-05 -2.32311e-05 -1.71173e-05 -6.89301e-06 4.55419e-06 1.39983e-05 1.90908e-05 1.8502e-05 1.27764e-05 3.74777e-06 -5.85068e-06 -1.30879e-05 -1.60645e-05 -1.39515e-05 -7.72784e-06 5.16331e-07 8.15699e-06 1.26792e-05 1.29147e-05 8.85691e-06 2.11098e-06 -4.92633e-06 -9.94531e-06 -1.11688e-05 -8.48239e-06 -2.91526e-06 3.40055e-06 8.06811e-06 9.58332e-06 7.37076e-06 2.53353e-06 -2.99407e-06 -7.11511e-06 -8.14016e-06 -5.94874e-06 -1.44644e-06 3.4177e-06 6.54999e-06 6.86229e-06 4.18717e-06 -1.09233e-07 -4.10739e-06 -6.16691e-06 -5.2917e-06 -2.14111e-06 1.82379e-06 4.7834e-06 5.2941e-06 3.37597e-06 -1.28158e-07 -3.4383e-06 -4.77816e-06 -3.72461e-06 -8.79607e-07 2.17848e-06 4.0526e-06 3.95522e-06 1.49297e-06 -1.82666e-06 -3.65766e-06 -3.18664e-06 -1.29981e-06 7.62419e-07 2.75431e-06 3.68475e-06 1.82322e-06 -1.55783e-06 -3.33701e-06 -2.53339e-06 -5.04628e-07 1.2058e-06 2.19399e-06 2.12339e-06 7.59281e-07 -9.79511e-07 -2.32806e-06 -2.45447e-06 -4.2073e-07 2.19004e-06 2.82499e-06 1.22945e-06 -1.18791e-06 -2.52304e-06 -1.67069e-06 3.90873e-07 1.73622e-06 1.4498e-06 2.77317e-07 -6.84171e-07 -1.07916e-06 -7.26612e-07 4.53033e-09 4.26488e-07 7.51568e-07 8.02618e-07 3.56368e-08 -7.66555e-07 -9.86483e-07 -6.40692e-07 4.98352e-07 1.38311e-06 8.52344e-07 -2.96033e-07 -1.19513e-06 -1.26634e-06 0. 
0.0966473 0.0966588 0.0952359 0.0925544 0.0887875 0.0841046 0.0786703 0.0726432 0.0661747 0.0594083 0.0524783 0.0455095 0.0386158 0.0319003 0.0254544 0.0193578 0.0136776 0.008469 0.00377487 -0.00037396 -0.00395833 -0.00697038 -0.00941288 -0.0112986 -0.0126495 -0.0134958 -0.0138747 -0.0138299 -0.0134097 -0.0126663 -0.0116545 -0.0104304 -0.00904992 -0.00756807 -0.00603748 -0.00450757 -0.00302336 -0.00162492 -0.000346399 0.000784251 0.00174586 0.00252405 0.00311139 0.00350708 0.00371669 0.00375161 0.0036283 0.00336758 0.00299355 0.00253273 0.0020128 0.00146174 0.000906518 0.000372339 -0.000118547 -0.000547283 -0.000899382 -0.00116478 -0.0013384 -0.00141983 -0.00141337 -0.00132742 -0.00117394 -0.000967667 -0.000725168 -0.000463966 -0.000201343 4.63523e-05 0.000264955 0.000442829 0.000571898 0.000647543 0.000669193 0.000639772 0.000565707 0.000456073 0.000322001 0.000175749 2.96715e-05 -0.000104516 -0.000216935 -0.000299831 -0.000348609 -0.000361564 -0.000340433 -0.000289638 -0.000216184 -0.000128659 -3.65075e-05 5.08544e-05 0.000125142 0.000179628 0.000210229 0.00021528 0.000196206 0.000156702 0.000102729 4.14343e-05 -1.95346e-05 -7.28982e-05 -0.00011282 -0.000135151 -0.000138432 -0.00012336 -9.32618e-05 -5.30197e-05 -8.79312e-06 3.30691e-05 6.6918e-05 8.83254e-05 9.51297e-05 8.70793e-05 6.6482e-05 3.71376e-05 4.23761e-06 -2.68086e-05 -5.11653e-05 -6.51363e-05 -6.71797e-05 -5.7484e-05 -3.85896e-05 -1.42144e-05 1.09065e-05 3.21828e-05 4.60019e-05 5.00687e-05 4.43494e-05 3.03172e-05 1.13519e-05 -8.58953e-06 -2.53981e-05 -3.57245e-05 -3.79092e-05 -3.17485e-05 -1.92172e-05 -3.23941e-06 1.23593e-05 2.40852e-05 2.95487e-05 2.76487e-05 1.94185e-05 6.96701e-06 -6.32544e-06 -1.71883e-05 -2.30795e-05 -2.26158e-05 -1.64342e-05 -6.23403e-06 4.92383e-06 1.40611e-05 1.88233e-05 1.79709e-05 1.22157e-05 3.22583e-06 -6.09236e-06 -1.30575e-05 -1.57688e-05 -1.34589e-05 -7.27823e-06 8.82871e-07 8.24191e-06 1.25199e-05 1.25797e-05 8.40859e-06 1.79656e-06 -5.10485e-06 -9.86366e-06 -1.0888e-05 -8.14995e-06 -2.56842e-06 3.53623e-06 8.03443e-06 9.36882e-06 7.03695e-06 2.29149e-06 -3.15582e-06 -7.05366e-06 -7.92624e-06 -5.70196e-06 -1.18929e-06 3.47936e-06 6.48079e-06 6.66877e-06 3.92216e-06 -2.43274e-07 -4.15692e-06 -6.04341e-06 -5.06984e-06 -1.97895e-06 1.94815e-06 4.72264e-06 5.13412e-06 3.21192e-06 -2.90675e-07 -3.41961e-06 -4.67156e-06 -3.57814e-06 -7.1302e-07 2.19694e-06 3.99716e-06 3.8058e-06 1.31876e-06 -1.82781e-06 -3.61042e-06 -3.09522e-06 -1.16105e-06 8.28099e-07 2.74799e-06 3.52112e-06 1.66493e-06 -1.52122e-06 -3.29626e-06 -2.47272e-06 -3.93192e-07 1.2338e-06 2.17228e-06 2.02735e-06 6.42853e-07 -9.94841e-07 -2.27923e-06 -2.31452e-06 -3.27026e-07 2.10246e-06 2.75158e-06 1.17593e-06 -1.23741e-06 -2.43525e-06 -1.60707e-06 3.79394e-07 1.77201e-06 1.42046e-06 2.04107e-07 -6.96191e-07 -1.09117e-06 -6.91336e-07 9.384e-08 4.4795e-07 7.04936e-07 7.24604e-07 -2.23763e-08 -7.29996e-07 -8.94902e-07 -5.74287e-07 4.80341e-07 1.28251e-06 7.79331e-07 -2.81667e-07 -1.11448e-06 -1.17301e-06 0. 
0.0966473 0.0966607 0.0952399 0.0925605 0.0887959 0.0841155 0.0786839 0.0726598 0.0661945 0.0594316 0.0525054 0.0455405 0.038651 0.0319398 0.0254984 0.0194061 0.0137302 0.00852577 0.00383547 -0.000309905 -0.00389134 -0.00690105 -0.00934194 -0.0112269 -0.0125778 -0.0134251 -0.013806 -0.0137641 -0.0133478 -0.0126093 -0.0116033 -0.0103858 -0.00901258 -0.00753855 -0.00601618 -0.00449468 -0.00301891 -0.00162872 -0.000358067 0.000765307 0.00172041 0.00249304 0.00307591 0.00346832 0.00367595 0.00371018 0.00358753 0.0033287 0.00295776 0.00250104 0.00198611 0.00144068 0.000891546 0.000363613 -0.000121064 -0.000543931 -0.000890684 -0.0011515 -0.00132146 -0.00140027 -0.00139233 -0.00130603 -0.00115333 -0.000948833 -0.000709019 -0.000451159 -0.000192392 5.12513e-05 0.000265774 0.000439856 0.000565573 0.000638547 0.000658302 0.00062787 0.000553696 0.000444796 0.000312244 0.00016809 2.45715e-05 -0.000106896 -0.000216565 -0.00029699 -0.000343681 -0.000355152 -0.000333187 -0.000282267 -0.000209374 -0.000122977 -3.24423e-05 5.30731e-05 0.000125383 0.000178061 0.000207101 0.000211071 0.000191419 0.000151911 9.84756e-05 3.81386e-05 -2.15216e-05 -7.34831e-05 -0.000111978 -0.00013314 -0.00013554 -0.000120049 -8.99759e-05 -5.01877e-05 -6.78848e-06 3.40683e-05 6.67895e-05 8.72208e-05 9.32219e-05 8.47468e-05 6.40776e-05 3.50382e-05 2.76679e-06 -2.74975e-05 -5.0961e-05 -6.41894e-05 -6.56408e-05 -5.56961e-05 -3.68525e-05 -1.28294e-05 1.16912e-05 3.23081e-05 4.5429e-05 4.90093e-05 4.29838e-05 2.89617e-05 1.02638e-05 -9.22849e-06 -2.54436e-05 -3.52616e-05 -3.70041e-05 -3.0673e-05 -1.81812e-05 -2.47239e-06 1.26788e-05 2.39596e-05 2.8972e-05 2.68423e-05 1.85404e-05 6.25247e-06 -6.70184e-06 -1.71918e-05 -2.26726e-05 -2.19883e-05 -1.57088e-05 -5.63369e-06 5.24236e-06 1.40628e-05 1.84686e-05 1.7441e-05 1.16174e-05 2.75971e-06 -6.29152e-06 -1.29844e-05 -1.54011e-05 -1.29851e-05 -6.80273e-06 1.19646e-06 8.28481e-06 1.23409e-05 1.2186e-05 7.99638e-06 1.47172e-06 -5.24103e-06 -9.73733e-06 -1.06147e-05 -7.77312e-06 -2.26655e-06 3.66448e-06 7.98126e-06 9.10787e-06 6.73563e-06 2.02368e-06 -3.28088e-06 -6.9663e-06 -7.72507e-06 -5.41427e-06 -9.74425e-07 3.542e-06 6.40449e-06 6.43729e-06 3.69553e-06 -3.99919e-07 -4.18378e-06 -5.89504e-06 -4.87694e-06 -1.78344e-06 2.04032e-06 4.65466e-06 4.99122e-06 3.00996e-06 -4.15001e-07 -3.40456e-06 -4.57468e-06 -3.40211e-06 -5.80268e-07 2.23641e-06 3.93462e-06 3.62321e-06 1.19194e-06 -1.8458e-06 -3.57332e-06 -2.98639e-06 -1.03719e-06 9.22123e-07 2.71074e-06 3.33991e-06 1.56472e-06 -1.51646e-06 -3.27095e-06 -2.38658e-06 -2.98207e-07 1.27849e-06 2.1409e-06 1.92005e-06 5.5262e-07 -1.0339e-06 -2.22024e-06 -2.16067e-06 -2.73221e-07 2.04141e-06 2.6918e-06 1.09722e-06 -1.2624e-06 -2.36482e-06 -1.56144e-06 4.00868e-07 1.79426e-06 1.39055e-06 1.48446e-07 -7.36263e-07 -1.09547e-06 -6.40622e-07 1.62224e-07 4.82202e-07 6.62977e-07 6.28931e-07 -6.43802e-08 -6.92483e-07 -8.18926e-07 -4.97511e-07 4.61322e-07 1.1755e-06 7.19692e-07 -2.6875e-07 -1.04535e-06 -1.07504e-06 0. 
0.0966473 0.0966634 0.0952452 0.0925686 0.0888068 0.0841293 0.0787009 0.07268 0.0662182 0.0594589 0.0525364 0.0455754 0.0386898 0.0319825 0.025545 0.0194564 0.0137841 0.00858291 0.00389548 -0.00024749 -0.00382708 -0.00683559 -0.00927599 -0.0111612 -0.0125133 -0.0133626 -0.0137464 -0.0137082 -0.0132966 -0.0125635 -0.0115637 -0.0103529 -0.00898696 -0.00752052 -0.00600596 -0.00449226 -0.00302416 -0.00164126 -0.000377387 0.000739924 0.00168981 0.00245824 0.00303799 0.00342849 0.00363543 0.0036702 0.00354929 0.00329331 0.00292623 0.00247421 0.00196465 0.00142503 0.000881945 0.00036003 -0.000118853 -0.000536421 -0.000878521 -0.00113556 -0.00130269 -0.00137976 -0.00137117 -0.00128531 -0.00113406 -0.000931925 -0.000695203 -0.000440963 -0.000186143 5.34979e-05 0.000264152 0.000434777 0.000557575 0.000628391 0.00064678 0.000615888 0.000542088 0.000434373 0.00030366 0.000161845 2.09735e-05 -0.000107782 -0.000214843 -0.000293025 -0.00033793 -0.000348274 -0.000325821 -0.000275136 -0.000203078 -0.000118055 -2.92501e-05 5.43586e-05 0.000124756 0.000175752 0.000203431 0.000206565 0.000186573 0.00014732 9.4595e-05 3.53818e-05 -2.29249e-05 -7.34702e-05 -0.000110628 -0.000130747 -0.000132429 -0.000116718 -8.68206e-05 -4.76544e-05 -5.14607e-06 3.46447e-05 6.62842e-05 8.58061e-05 9.11207e-05 8.23674e-05 6.17386e-05 3.31441e-05 1.54342e-06 -2.78825e-05 -5.04976e-05 -6.30349e-05 -6.39869e-05 -5.39114e-05 -3.51917e-05 -1.16275e-05 1.2287e-05 3.22153e-05 4.46958e-05 4.78496e-05 4.1589e-05 2.76786e-05 9.27627e-06 -9.69742e-06 -2.53521e-05 -3.46708e-05 -3.60316e-05 -2.96049e-05 -1.7186e-05 -1.82541e-06 1.28998e-05 2.37136e-05 2.83274e-05 2.6017e-05 1.76746e-05 5.62483e-06 -7.01117e-06 -1.70927e-05 -2.22118e-05 -2.13391e-05 -1.4987e-05 -5.10374e-06 5.51523e-06 1.39808e-05 1.80771e-05 1.68994e-05 1.10231e-05 2.35826e-06 -6.45981e-06 -1.28465e-05 -1.50123e-05 -1.25167e-05 -6.33341e-06 1.44707e-06 8.30894e-06 1.21189e-05 1.17838e-05 7.61e-06 1.15235e-06 -5.31991e-06 -9.60358e-06 -1.03262e-05 -7.39408e-06 -2.00717e-06 3.79315e-06 7.88776e-06 8.84684e-06 6.44931e-06 1.75096e-06 -3.36018e-06 -6.88592e-06 -7.51305e-06 -5.12413e-06 -7.96708e-07 3.61746e-06 6.30037e-06 6.21057e-06 3.49099e-06 -5.70296e-07 -4.17496e-06 -5.76092e-06 -4.69182e-06 -1.57562e-06 2.09774e-06 4.60477e-06 4.84173e-06 2.80735e-06 -5.04494e-07 -3.4226e-06 -4.46816e-06 -3.21408e-06 -4.70367e-07 2.28275e-06 3.84811e-06 3.47756e-06 1.09463e-06 -1.93335e-06 -3.52034e-06 -2.83702e-06 -9.33273e-07 9.86962e-07 2.6584e-06 3.23079e-06 1.47002e-06 -1.59169e-06 -3.20433e-06 -2.2862e-06 -2.48557e-07 1.35982e-06 2.11573e-06 1.7896e-06 4.69525e-07 -1.05885e-06 -2.1494e-06 -2.05669e-06 -2.25385e-07 2.03959e-06 2.6004e-06 1.02751e-06 -1.24596e-06 -2.37603e-06 -1.5153e-06 4.87984e-07 1.77507e-06 1.37559e-06 1.24152e-07 -8.36776e-07 -1.09022e-06 -5.5659e-07 2.01828e-07 5.28843e-07 6.33559e-07 5.10074e-07 -9.69642e-08 -6.47217e-07 -7.55413e-07 -4.2007e-07 4.44604e-07 1.0707e-06 6.64758e-07 -2.55926e-07 -9.80217e-07 -9.84852e-07 0. 
0.0966473 0.0966664 0.0952513 0.0925778 0.0888192 0.0841451 0.07872 0.0727025 0.0662443 0.0594885 0.0525696 0.0456121 0.03873 0.0320262 0.025592 0.0195065 0.013837 0.00863815 0.0039527 -0.000188838 -0.00376756 -0.00677586 -0.00921676 -0.0111032 -0.0124574 -0.0133094 -0.0136968 -0.013663 -0.0132564 -0.0125291 -0.0115355 -0.0103314 -0.00897247 -0.00751322 -0.00600584 -0.0044992 -0.00303781 -0.00166116 -0.000402893 0.000709602 0.00165558 0.00242113 0.00299908 0.00338894 0.00359636 0.00363278 0.00351452 0.00326219 0.00289953 0.00245264 0.00194861 0.00141482 0.000877555 0.000361308 -0.000112351 -0.000525265 -0.000863508 -0.00111759 -0.00128276 -0.00135894 -0.00135049 -0.00126581 -0.0011166 -0.00091731 -0.000683962 -0.000433531 -0.000182607 5.31534e-05 0.000260281 0.000427819 0.000548226 0.000617394 0.000634989 0.000604151 0.000531193 0.000425057 0.000296434 0.000157146 1.89073e-05 -0.000107179 -0.000211883 -0.000288057 -0.000331564 -0.000341112 -0.00031856 -0.000268426 -0.000197463 -0.000114014 -2.69932e-05 5.46746e-05 0.000123315 0.000172751 0.000199356 0.000201866 0.000181829 0.000143039 9.12053e-05 3.32425e-05 -2.37151e-05 -7.28392e-05 -0.000108831 -0.000128009 -0.000129222 -0.000113435 -8.39126e-05 -4.54867e-05 -3.92242e-06 3.47612e-05 6.54304e-05 8.40845e-05 8.89188e-05 7.99764e-05 5.95685e-05 3.15014e-05 6.23318e-07 -2.79294e-05 -4.97976e-05 -6.16648e-05 -6.23016e-05 -5.21481e-05 -3.3698e-05 -1.06406e-05 1.26553e-05 3.18769e-05 4.38403e-05 4.65804e-05 4.02517e-05 2.64795e-05 8.46132e-06 -9.97201e-06 -2.51191e-05 -3.39295e-05 -3.50573e-05 -2.85365e-05 -1.63148e-05 -1.31005e-06 1.29893e-05 2.33236e-05 2.76591e-05 2.51529e-05 1.6904e-05 5.083e-06 -7.20551e-06 -1.68711e-05 -2.17279e-05 -2.06418e-05 -1.43494e-05 -4.63436e-06 5.68976e-06 1.37982e-05 1.76765e-05 1.63163e-05 1.05128e-05 2.0073e-06 -6.54858e-06 -1.26268e-05 -1.46375e-05 -1.20211e-05 -5.95077e-06 1.64858e-06 8.27924e-06 1.18321e-05 1.14242e-05 7.21478e-06 9.15768e-07 -5.34835e-06 -9.45299e-06 -9.99158e-06 -7.08389e-06 -1.7585e-06 3.86098e-06 7.74586e-06 8.61497e-06 6.13896e-06 1.55455e-06 -3.41258e-06 -6.79078e-06 -7.26199e-06 -4.90024e-06 -6.18652e-07 3.6447e-06 6.16097e-06 6.02542e-06 3.2659e-06 -6.75088e-07 -4.14534e-06 -5.63935e-06 -4.47646e-06 -1.43789e-06 2.15028e-06 4.5445e-06 4.66285e-06 2.66548e-06 -6.04209e-07 -3.40552e-06 -4.33548e-06 -3.08817e-06 -3.43274e-07 2.30018e-06 3.74411e-06 3.35758e-06 9.75107e-07 -1.94781e-06 -3.46007e-06 -2.75676e-06 -7.94686e-07 1.03849e-06 2.58403e-06 3.11919e-06 1.37062e-06 -1.58963e-06 -3.1597e-06 -2.23376e-06 -1.46645e-07 1.39295e-06 2.06848e-06 1.71477e-06 3.64527e-07 -1.07272e-06 -2.06153e-06 -1.97156e-06 -1.74121e-07 2.00492e-06 2.52152e-06 9.86362e-07 -1.26309e-06 -2.34382e-06 -1.4629e-06 5.06551e-07 1.79837e-06 1.35903e-06 5.70068e-08 -8.64919e-07 -1.09419e-06 -5.23164e-07 2.88078e-07 5.47038e-07 5.77755e-07 4.54826e-07 -1.49116e-07 -6.24149e-07 -6.56454e-07 -3.78799e-07 4.18047e-07 1.01185e-06 5.8776e-07 -2.48375e-07 -8.89603e-07 -9.3172e-07 0. 
0.0966473 0.0966697 0.0952579 0.0925878 0.0888325 0.0841617 0.07874 0.072726 0.0662711 0.0595187 0.0526031 0.0456489 0.0387699 0.032069 0.0256374 0.0195543 0.0138868 0.00868961 0.00400529 -0.000135653 -0.00371438 -0.00672332 -0.00916552 -0.011054 -0.0124108 -0.0132663 -0.0136577 -0.0136287 -0.0132274 -0.0125058 -0.0115183 -0.0103207 -0.00896827 -0.0075156 -0.00601465 -0.00451415 -0.00305846 -0.00168693 -0.000433054 0.000675872 0.00161924 0.00238316 0.00296056 0.00335091 0.00355989 0.00359883 0.00348402 0.00323591 0.00287811 0.00243651 0.00193807 0.00140991 0.000878125 0.000367008 -0.000102057 -0.000511081 -0.000846289 -0.00109826 -0.00126235 -0.00133843 -0.0013309 -0.00124799 -0.00110137 -0.000905243 -0.000675515 -0.000428883 -0.000181781 5.03989e-05 0.000254348 0.000419297 0.000537833 0.000605914 0.00062327 0.00059297 0.00052131 0.000417037 0.000290759 0.000154028 1.84301e-05 -0.000105198 -0.000207757 -0.000282287 -0.000324744 -0.000333887 -0.000311602 -0.000262302 -0.000192701 -0.000110916 -2.57699e-05 5.40758e-05 0.000121054 0.000169194 0.000194951 0.000197131 0.000177306 0.000139181 8.84263e-05 3.17426e-05 -2.38137e-05 -7.16588e-05 -0.000106576 -0.000125046 -0.000125966 -0.000110311 -8.13377e-05 -4.37311e-05 -3.20292e-06 3.44553e-05 6.41779e-05 8.21531e-05 8.66205e-05 7.76733e-05 5.76205e-05 3.01552e-05 8.119e-08 -2.76722e-05 -4.88022e-05 -6.01678e-05 -6.05722e-05 -5.04923e-05 -3.24108e-05 -9.89601e-06 1.27272e-05 3.13408e-05 4.28056e-05 4.52902e-05 3.89628e-05 2.54301e-05 7.86365e-06 -1.00577e-05 -2.46763e-05 -3.31095e-05 -3.40379e-05 -2.75494e-05 -1.55808e-05 -9.51664e-07 1.28874e-05 2.28411e-05 2.69078e-05 2.43339e-05 1.62178e-05 4.66965e-06 -7.23783e-06 -1.65639e-05 -2.11564e-05 -1.99786e-05 -1.37717e-05 -4.27469e-06 5.72737e-06 1.35465e-05 1.72019e-05 1.57724e-05 1.00591e-05 1.7535e-06 -6.52017e-06 -1.23618e-05 -1.42134e-05 -1.15785e-05 -5.63341e-06 1.76665e-06 8.15223e-06 1.15309e-05 1.10481e-05 6.88655e-06 7.55385e-07 -5.31563e-06 -9.23236e-06 -9.67781e-06 -6.7947e-06 -1.58102e-06 3.85101e-06 7.57875e-06 8.35324e-06 5.88058e-06 1.4112e-06 -3.41157e-06 -6.63838e-06 -7.03098e-06 -4.69391e-06 -5.01142e-07 3.61092e-06 6.01104e-06 5.82741e-06 3.09313e-06 -7.29938e-07 -4.08355e-06 -5.48537e-06 -4.29767e-06 -1.33455e-06 2.1588e-06 4.44415e-06 4.50463e-06 2.54126e-06 -6.57284e-07 -3.34399e-06 -4.20867e-06 -2.97323e-06 -2.63008e-07 2.28188e-06 3.63859e-06 3.23249e-06 8.96475e-07 -1.91814e-06 -3.39045e-06 -2.68061e-06 -6.9537e-07 1.05907e-06 2.49948e-06 3.00708e-06 1.30831e-06 -1.5643e-06 -3.10907e-06 -2.16426e-06 -7.4528e-08 1.37156e-06 2.01277e-06 1.6701e-06 2.92817e-07 -1.07618e-06 -1.97451e-06 -1.89538e-06 -1.52215e-07 1.96106e-06 2.45223e-06 9.38831e-07 -1.26033e-06 -2.27336e-06 -1.42061e-06 4.95114e-07 1.80374e-06 1.32217e-06 6.98579e-09 -8.40897e-07 -1.08763e-06 -5.1561e-07 3.50202e-07 5.38946e-07 5.28469e-07 4.44168e-07 -1.83959e-07 -6.14746e-07 -5.76721e-07 -3.64564e-07 3.92284e-07 9.86789e-07 5.26675e-07 -2.44702e-07 -8.14282e-07 -9.0655e-07 0. 
0.0966473 0.0966731 0.0952646 0.0925978 0.0888459 0.0841784 0.07876 0.0727492 0.0662975 0.0595482 0.0526355 0.0456841 0.0388077 0.0321092 0.0256797 0.0195983 0.0139321 0.0087358 0.00405185 -8.9243e-05 -0.0036687 -0.00667897 -0.00912313 -0.0110142 -0.0123742 -0.0132335 -0.0136293 -0.013605 -0.013209 -0.012493 -0.0115114 -0.0103197 -0.00897326 -0.00752642 -0.00603102 -0.00453567 -0.0030846 -0.00171703 -0.000466336 0.000640257 0.00158222 0.0023457 0.00292365 0.00331552 0.00352695 0.00356917 0.00345839 0.00321489 0.00286217 0.0024259 0.00193288 0.00141001 0.000883233 0.000376623 -8.85782e-05 -0.000494524 -0.000827538 -0.00107826 -0.00124208 -0.00131884 -0.00131287 -0.0012323 -0.00108866 -0.000895951 -0.00066992 -0.000427025 -0.000183521 4.54205e-05 0.000246638 0.000409521 0.000526737 0.000594299 0.000611935 0.000582645 0.000512645 0.000410507 0.000286701 0.000152545 1.9471e-05 -0.000101913 -0.000202632 -0.000275879 -0.000317669 -0.00032679 -0.000305106 -0.000256924 -0.000188866 -0.000108845 -2.55586e-05 5.25659e-05 0.00011807 0.000165159 0.00019034 0.000192472 0.000173104 0.000135849 8.62941e-05 3.09405e-05 -2.3255e-05 -6.99309e-05 -0.00010394 -0.000121909 -0.000122744 -0.000107418 -7.91401e-05 -4.2448e-05 -2.97603e-06 3.37028e-05 6.25819e-05 8.00282e-05 8.42893e-05 7.55014e-05 5.59299e-05 2.91509e-05 -9.35082e-08 -2.70848e-05 -4.75563e-05 -5.85472e-05 -5.88465e-05 -4.89701e-05 -3.13497e-05 -9.42644e-06 1.25212e-05 3.0586e-05 4.16316e-05 4.39795e-05 3.77539e-05 2.45497e-05 7.48525e-06 -9.92929e-06 -2.405e-05 -3.21958e-05 -3.30052e-05 -2.66476e-05 -1.49969e-05 -7.69554e-07 1.26083e-05 2.22464e-05 2.61006e-05 2.35548e-05 1.56324e-05 4.39646e-06 -7.11521e-06 -1.61532e-05 -2.05191e-05 -1.93403e-05 -1.32697e-05 -4.03083e-06 5.63188e-06 1.32113e-05 1.66703e-05 1.52582e-05 9.6747e-06 1.60034e-06 -6.37739e-06 -1.20399e-05 -1.3753e-05 -1.11811e-05 -5.39029e-06 1.79821e-06 7.93084e-06 1.12064e-05 1.0665e-05 6.62048e-06 6.76384e-07 -5.21903e-06 -8.94434e-06 -9.37924e-06 -6.53197e-06 -1.47215e-06 3.76015e-06 7.38481e-06 8.06194e-06 5.67138e-06 1.32406e-06 -3.35893e-06 -6.42411e-06 -6.82071e-06 -4.50377e-06 -4.42726e-07 3.51086e-06 5.85502e-06 5.6093e-06 2.9748e-06 -7.32903e-07 -3.99497e-06 -5.28898e-06 -4.16254e-06 -1.25934e-06 2.12648e-06 4.28972e-06 4.37847e-06 2.42824e-06 -6.63234e-07 -3.23738e-06 -4.09878e-06 -2.83954e-06 -2.41984e-07 2.20392e-06 3.55627e-06 3.10837e-06 8.53106e-07 -1.87831e-06 -3.29729e-06 -2.54659e-06 -6.92548e-07 1.01523e-06 2.47011e-06 2.89668e-06 1.24549e-06 -1.53115e-06 -3.01137e-06 -2.0663e-06 -9.47245e-08 1.34408e-06 1.97548e-06 1.56989e-06 3.02587e-07 -1.02598e-06 -1.95859e-06 -1.81461e-06 -1.29615e-07 1.88878e-06 2.38899e-06 8.97826e-07 -1.22891e-06 -2.20497e-06 -1.37714e-06 5.06364e-07 1.73086e-06 1.27103e-06 3.37736e-08 -8.45548e-07 -1.04997e-06 -4.6484e-07 2.96988e-07 5.31119e-07 5.44002e-07 3.87091e-07 -1.57428e-07 -5.724e-07 -6.09076e-07 -3.27909e-07 3.98438e-07 9.14134e-07 5.4623e-07 -2.29518e-07 -8.35022e-07 -8.43008e-07 0. 
0.0966473 0.0966763 0.0952711 0.0926075 0.0888587 0.0841944 0.078779 0.0727712 0.0663223 0.0595757 0.0526657 0.0457166 0.0388423 0.0321456 0.0257175 0.0196372 0.0139717 0.00877561 0.00409139 -5.04861e-05 -0.00363127 -0.00664342 -0.00909001 -0.010984 -0.0123476 -0.0132108 -0.013611 -0.0135916 -0.0132006 -0.0124899 -0.0115137 -0.0103273 -0.00898613 -0.00754426 -0.00605348 -0.00456223 -0.00311467 -0.00174989 -0.00050123 0.000604204 0.00154588 0.00230999 0.00288946 0.00328371 0.00349829 0.00354437 0.00343801 0.00319936 0.00285175 0.00242067 0.00193276 0.00141473 0.000892353 0.000389535 -7.25775e-05 -0.000476293 -0.000807943 -0.00105827 -0.00122256 -0.00130071 -0.00129686 -0.00121907 -0.00107868 -0.000889539 -0.000667166 -0.000427844 -0.00018763 3.84889e-05 0.000237465 0.00039884 0.000515281 0.000582888 0.000601269 0.00057343 0.000505368 0.000405585 0.00028429 0.000152671 2.19338e-05 -9.7466e-05 -0.000196679 -0.000269032 -0.000310522 -0.000320011 -0.000299206 -0.000252415 -0.000186009 -0.00010783 -2.63196e-05 5.02064e-05 0.000114459 0.00016076 0.00018563 0.000188007 0.000169294 0.000133119 8.48185e-05 3.08492e-05 -2.20837e-05 -6.77005e-05 -0.000100994 -0.000118674 -0.000119609 -0.000104826 -7.73321e-05 -4.1671e-05 -3.21105e-06 3.25139e-05 6.06921e-05 7.77522e-05 8.1961e-05 7.351e-05 5.44958e-05 2.85209e-05 6.44731e-08 -2.61647e-05 -4.6103e-05 -5.68265e-05 -5.71438e-05 -4.76155e-05 -3.04958e-05 -9.25783e-06 1.20805e-05 2.9606e-05 4.03523e-05 4.26623e-05 3.66217e-05 2.38639e-05 7.28679e-06 -9.56337e-06 -2.3284e-05 -3.11802e-05 -3.19708e-05 -2.58443e-05 -1.45311e-05 -7.91253e-07 1.22014e-05 2.15158e-05 2.52611e-05 2.28142e-05 1.51235e-05 4.28874e-06 -6.88931e-06 -1.56053e-05 -1.98475e-05 -1.87141e-05 -1.28232e-05 -3.92525e-06 5.45702e-06 1.27524e-05 1.61162e-05 1.47542e-05 9.33827e-06 1.57121e-06 -6.17661e-06 -1.16153e-05 -1.32878e-05 -1.08089e-05 -5.19256e-06 1.71239e-06 7.6732e-06 1.08083e-05 1.02959e-05 6.40509e-06 6.37079e-07 -5.01427e-06 -8.64462e-06 -9.04704e-06 -6.29683e-06 -1.44039e-06 3.64453e-06 7.10544e-06 7.7829e-06 5.47765e-06 1.2651e-06 -3.2156e-06 -6.209e-06 -6.56969e-06 -4.34017e-06 -4.46495e-07 3.39981e-06 5.62615e-06 5.41373e-06 2.87765e-06 -7.17386e-07 -3.82744e-06 -5.10919e-06 -4.01049e-06 -1.20915e-06 2.02534e-06 4.14719e-06 4.21075e-06 2.34081e-06 -6.21574e-07 -3.13015e-06 -3.92978e-06 -2.744e-06 -2.53797e-07 2.136e-06 3.41486e-06 2.9987e-06 8.22697e-07 -1.80902e-06 -3.14407e-06 -2.47294e-06 -6.87939e-07 9.92621e-07 2.37086e-06 2.79142e-06 1.19788e-06 -1.4697e-06 -2.87798e-06 -2.00493e-06 -9.49446e-08 1.29331e-06 1.87611e-06 1.53231e-06 3.11199e-07 -1.00016e-06 -1.88075e-06 -1.75359e-06 -1.31019e-07 1.8241e-06 2.29134e-06 8.67909e-07 -1.17772e-06 -2.11952e-06 -1.31206e-06 4.72839e-07 1.64902e-06 1.22831e-06 3.10502e-08 -7.96039e-07 -9.94309e-07 -4.67582e-07 2.75698e-07 5.06769e-07 5.18658e-07 3.96925e-07 -1.41756e-07 -5.64718e-07 -5.89196e-07 -3.28875e-07 3.79948e-07 9.02832e-07 5.29181e-07 -2.25307e-07 -8.04533e-07 -8.30496e-07 0. 
0.0966473 0.0966793 0.0952771 0.0926165 0.0888706 0.0842091 0.0787964 0.0727912 0.0663449 0.0596005 0.0526926 0.0457453 0.0388726 0.0321771 0.0257499 0.0196702 0.0140048 0.00880833 0.00412331 -1.98591e-05 -0.00360242 -0.00661683 -0.00906617 -0.0109634 -0.0123306 -0.0131978 -0.0136023 -0.0135875 -0.0132012 -0.0124953 -0.0115239 -0.0103422 -0.00900542 -0.00756761 -0.00608044 -0.00459225 -0.00314711 -0.00178402 -0.00053628 0.000569048 0.00151145 0.00227711 0.00285891 0.00325623 0.00347451 0.00352482 0.00342309 0.00318933 0.00284669 0.00242053 0.00193727 0.0014235 0.000904836 0.000405064 -5.47952e-05 -0.000457091 -0.000788219 -0.00103889 -0.00120438 -0.00128447 -0.00128322 -0.00120853 -0.00107156 -0.000886 -0.000667154 -0.000431143 -0.000193825 2.99251e-05 0.000227211 0.000387608 0.00050385 0.000571981 0.000591574 0.000565503 0.000499637 0.000402302 0.000283519 0.000154306 2.56741e-05 -9.20368e-05 -0.000190125 -0.000261938 -0.000303531 -0.000313689 -0.000294068 -0.000248823 -0.000184184 -0.000107823 -2.7998e-05 4.71063e-05 0.000110357 0.000156115 0.000180976 0.000183812 0.000165992 0.000130996 8.40376e-05 3.14092e-05 -2.03448e-05 -6.50531e-05 -9.78349e-05 -0.000115404 -0.000116666 -0.000102543 -7.5977e-05 -4.13537e-05 -3.90715e-06 3.09593e-05 5.85656e-05 7.5375e-05 7.97148e-05 7.16971e-05 5.33782e-05 2.82133e-05 5.67521e-07 -2.4978e-05 -4.44784e-05 -5.50404e-05 -5.55244e-05 -4.64069e-05 -2.98975e-05 -9.32694e-06 1.13951e-05 2.846e-05 3.89983e-05 4.13484e-05 3.56155e-05 2.33241e-05 7.30383e-06 -9.03016e-06 -2.23777e-05 -3.0098e-05 -3.09667e-05 -2.51092e-05 -1.42244e-05 -9.45266e-07 1.1645e-05 2.07004e-05 2.44015e-05 2.20972e-05 1.47273e-05 4.27803e-06 -6.52771e-06 -1.49796e-05 -1.91391e-05 -1.80941e-05 -1.24623e-05 -3.89192e-06 5.16569e-06 1.22312e-05 1.55288e-05 1.42546e-05 9.07618e-06 1.59885e-06 -5.87859e-06 -1.11456e-05 -1.28045e-05 -1.0447e-05 -5.06763e-06 1.5802e-06 7.33857e-06 1.03826e-05 9.93134e-06 6.208e-06 6.71457e-07 -4.77311e-06 -8.29374e-06 -8.70483e-06 -6.09183e-06 -1.43232e-06 3.46136e-06 6.80252e-06 7.48596e-06 5.28917e-06 1.25619e-06 -3.04941e-06 -5.94652e-06 -6.3102e-06 -4.19445e-06 -4.65325e-07 3.23519e-06 5.38274e-06 5.20628e-06 2.78646e-06 -6.58775e-07 -3.64418e-06 -4.89826e-06 -3.85886e-06 -1.18474e-06 1.91297e-06 3.96564e-06 4.03505e-06 2.26242e-06 -5.64299e-07 -2.98523e-06 -3.76214e-06 -2.64178e-06 -2.6096e-07 2.02904e-06 3.24746e-06 2.8852e-06 8.21844e-07 -1.72492e-06 -3.00905e-06 -2.3633e-06 -6.61422e-07 9.21194e-07 2.23919e-06 2.69855e-06 1.16906e-06 -1.41898e-06 -2.73335e-06 -1.90257e-06 -1.19618e-07 1.2129e-06 1.79687e-06 1.47807e-06 2.97605e-07 -9.43686e-07 -1.77662e-06 -1.70142e-06 -1.38862e-07 1.75978e-06 2.16384e-06 8.27785e-07 -1.08566e-06 -2.03056e-06 -1.25883e-06 4.58409e-07 1.54499e-06 1.16447e-06 5.44059e-08 -7.50952e-07 -9.45726e-07 -4.47776e-07 2.47546e-07 4.71577e-07 5.01187e-07 3.95784e-07 -1.3303e-07 -5.42826e-07 -5.62312e-07 -3.2932e-07 3.61222e-07 8.80843e-07 5.00766e-07 -2.16613e-07 -7.609e-07 -8.11126e-07 0. 
0.0966473 0.096682 0.0952825 0.0926244 0.0888811 0.084222 0.0788117 0.0728087 0.0663644 0.0596219 0.0527155 0.0457696 0.0388979 0.0322032 0.0257764 0.0196967 0.0140309 0.00883362 0.00414737 2.53776e-06 -0.00358212 -0.00659905 -0.0090513 -0.0109518 -0.0123226 -0.0131937 -0.0136023 -0.0135916 -0.0132096 -0.012508 -0.0115407 -0.0103628 -0.00902958 -0.0075949 -0.00611033 -0.00462418 -0.0031804 -0.00181798 -0.000570152 0.000536007 0.00148 0.00224797 0.00283276 0.00323363 0.00345597 0.0035107 0.00341363 0.00318463 0.00284668 0.00242498 0.00194583 0.00143567 0.000919965 0.00042244 -3.59835e-05 -0.000437665 -0.000769038 -0.00102074 -0.00118803 -0.00127054 -0.00127223 -0.00120083 -0.00106733 -0.00088524 -0.000669693 -0.000436631 -0.000201769 2.01311e-05 0.00021627 0.000376238 0.000492801 0.000561908 0.000583093 0.000559046 0.000495537 0.000400664 0.000284316 0.000157303 3.05047e-05 -8.58678e-05 -0.0001832 -0.000254852 -0.000296899 -0.000308013 -0.000289802 -0.000246217 -0.000183391 -0.000108767 -3.04938e-05 4.34143e-05 0.000105909 0.0001514 0.000176511 0.00018002 0.000163263 0.000129523 8.39333e-05 3.25666e-05 -1.8122e-05 -6.21075e-05 -9.45673e-05 -0.000112224 -0.000113985 -0.000100641 -7.50829e-05 -4.1486e-05 -5.01252e-06 2.91169e-05 5.62793e-05 7.29956e-05 7.76072e-05 7.01282e-05 5.25828e-05 2.82275e-05 1.37255e-06 -2.35849e-05 -4.27431e-05 -5.32678e-05 -5.40259e-05 -4.53921e-05 -2.95467e-05 -9.62336e-06 1.05094e-05 2.72046e-05 3.76164e-05 4.0099e-05 3.47498e-05 2.29531e-05 7.50998e-06 -8.35858e-06 -2.13759e-05 -2.90039e-05 -3.00192e-05 -2.44788e-05 -1.40636e-05 -1.22249e-06 1.09789e-05 1.98435e-05 2.35522e-05 2.14418e-05 1.4438e-05 4.36505e-06 -6.06544e-06 -1.43095e-05 -1.84237e-05 -1.75141e-05 -1.21836e-05 -3.93385e-06 4.78957e-06 1.16754e-05 1.49352e-05 1.37879e-05 8.88381e-06 1.68335e-06 -5.51357e-06 -1.06564e-05 -1.23257e-05 -1.01165e-05 -5.00631e-06 1.40798e-06 6.95662e-06 9.953e-06 9.5867e-06 6.0406e-06 7.63642e-07 -4.50878e-06 -7.91851e-06 -8.37158e-06 -5.92209e-06 -1.44787e-06 3.23209e-06 6.49349e-06 7.19114e-06 5.11544e-06 1.29067e-06 -2.87199e-06 -5.6599e-06 -6.05665e-06 -4.07478e-06 -4.93912e-07 3.03387e-06 5.14044e-06 5.00386e-06 2.70221e-06 -5.62931e-07 -3.46194e-06 -4.67513e-06 -3.711e-06 -1.1902e-06 1.80053e-06 3.76041e-06 3.86764e-06 2.20365e-06 -5.16672e-07 -2.80975e-06 -3.59063e-06 -2.55245e-06 -2.78927e-07 1.89653e-06 3.1106e-06 2.76273e-06 7.85661e-07 -1.59039e-06 -2.84669e-06 -2.27928e-06 -6.72169e-07 8.58259e-07 2.16181e-06 2.55172e-06 1.10104e-06 -1.28729e-06 -2.58568e-06 -1.83723e-06 -1.33309e-07 1.12779e-06 1.70941e-06 1.41917e-06 3.07683e-07 -8.82882e-07 -1.71517e-06 -1.6064e-06 -1.25476e-07 1.62746e-06 2.06475e-06 8.04386e-07 -1.03954e-06 -1.88998e-06 -1.19133e-06 3.89603e-07 1.46076e-06 1.1051e-06 5.75868e-08 -6.79531e-07 -8.92594e-07 -4.44241e-07 2.18918e-07 4.39209e-07 4.85355e-07 3.88295e-07 -1.15941e-07 -5.1635e-07 -5.5386e-07 -3.14708e-07 3.49086e-07 8.33114e-07 4.91169e-07 -2.03823e-07 -7.41774e-07 -7.6474e-07 0. 
0.0966473 0.0966843 0.095287 0.0926311 0.08889 0.0842329 0.0788246 0.0728233 0.0663805 0.0596394 0.0527342 0.0457891 0.038918 0.0322235 0.0257967 0.0197165 0.0140499 0.00885149 0.00416369 1.69374e-05 -0.00357001 -0.00658956 -0.00904475 -0.0109485 -0.0123227 -0.0131974 -0.0136097 -0.0136028 -0.0132245 -0.0125264 -0.0115624 -0.0103876 -0.00905703 -0.00762453 -0.00614162 -0.0046565 -0.00321314 -0.00185045 -0.000601664 0.000506142 0.00145243 0.0022233 0.00281152 0.00321627 0.00344283 0.00350201 0.00340946 0.00318491 0.00285123 0.00243346 0.00195777 0.00145046 0.00093696 0.000440863 -1.68991e-05 -0.000418745 -0.000751033 -0.00100439 -0.00117395 -0.00125924 -0.00126408 -0.00119603 -0.00106593 -0.00088709 -0.000674511 -0.000443961 -0.000211067 9.54018e-06 0.000205061 0.000365151 0.00048248 0.000552985 0.000576029 0.000554212 0.000493099 0.000400645 0.000286556 0.000161483 3.61967e-05 -7.92209e-05 -0.000176157 -0.000248035 -0.000290822 -0.000303169 -0.000286496 -0.000244661 -0.000183591 -0.000110596 -3.36732e-05 3.929e-05 0.000101286 0.000146799 0.000172369 0.000176772 0.000161162 0.000128749 8.44638e-05 3.42662e-05 -1.55239e-05 -5.89871e-05 -9.13099e-05 -0.000109265 -0.00011164 -9.92002e-05 -7.46448e-05 -4.20656e-05 -6.4552e-06 2.70638e-05 5.39274e-05 7.07203e-05 7.57007e-05 6.88812e-05 5.21072e-05 2.85739e-05 2.41944e-06 -2.20421e-05 -4.09731e-05 -5.15942e-05 -5.26904e-05 -4.46328e-05 -2.94265e-05 -1.01492e-05 9.48368e-06 2.58941e-05 3.62647e-05 3.89852e-05 3.40388e-05 2.27901e-05 7.86688e-06 -7.56616e-06 -2.0337e-05 -2.79565e-05 -2.91587e-05 -2.40068e-05 -1.40273e-05 -1.631e-06 1.02568e-05 1.89867e-05 2.27505e-05 2.09027e-05 1.42428e-05 4.57073e-06 -5.55219e-06 -1.36238e-05 -1.77393e-05 -1.70245e-05 -1.19757e-05 -4.07586e-06 4.3768e-06 1.11072e-05 1.43697e-05 1.33997e-05 8.74518e-06 1.84823e-06 -5.12981e-06 -1.01689e-05 -1.18779e-05 -9.8599e-06 -4.9827e-06 1.178e-06 6.57495e-06 9.54513e-06 9.27373e-06 5.94158e-06 8.74741e-07 -4.21451e-06 -7.55927e-06 -8.07923e-06 -5.77714e-06 -1.51803e-06 3.00435e-06 6.18644e-06 6.91912e-06 4.99256e-06 1.33358e-06 -2.6667e-06 -5.3912e-06 -5.83375e-06 -3.96963e-06 -5.63817e-07 2.84483e-06 4.90531e-06 4.81968e-06 2.65845e-06 -4.73886e-07 -3.26774e-06 -4.47198e-06 -3.59577e-06 -1.19492e-06 1.66632e-06 3.577e-06 3.71915e-06 2.14774e-06 -4.37724e-07 -2.65438e-06 -3.43681e-06 -2.47215e-06 -3.13873e-07 1.7858e-06 2.9614e-06 2.65118e-06 7.97461e-07 -1.47882e-06 -2.7127e-06 -2.20116e-06 -6.70071e-07 8.03633e-07 2.0424e-06 2.43535e-06 1.08926e-06 -1.19741e-06 -2.46126e-06 -1.76338e-06 -1.52164e-07 1.04942e-06 1.62313e-06 1.37477e-06 3.15131e-07 -8.37604e-07 -1.62846e-06 -1.53427e-06 -1.42957e-07 1.53751e-06 1.96765e-06 7.7301e-07 -9.68432e-07 -1.78234e-06 -1.14376e-06 3.4862e-07 1.37618e-06 1.05099e-06 6.92554e-08 -6.25558e-07 -8.44922e-07 -4.37098e-07 1.94883e-07 4.1112e-07 4.65399e-07 3.85043e-07 -1.02427e-07 -4.96887e-07 -5.34183e-07 -3.07059e-07 3.314e-07 8.023e-07 4.72605e-07 -1.9512e-07 -7.09675e-07 -7.34842e-07 0. 
0.0966473 0.0966861 0.0952906 0.0926366 0.0888971 0.0842416 0.0788347 0.0728347 0.066393 0.0596528 0.0527483 0.0458036 0.0389327 0.032238 0.0258107 0.0197298 0.0140621 0.00886223 0.00417268 2.38615e-05 -0.00356543 -0.00658761 -0.00904564 -0.0109524 -0.0123297 -0.0132077 -0.0136233 -0.0136195 -0.0132443 -0.0125491 -0.0115876 -0.010415 -0.00908621 -0.00765499 -0.00617281 -0.00468786 -0.00324403 -0.00188027 -0.000629791 0.000480295 0.00142941 0.00220359 0.00279553 0.0032043 0.00343508 0.00349854 0.00341022 0.00318971 0.00285975 0.00244526 0.0019723 0.00146711 0.000955003 0.000459565 1.6987e-06 -0.000400981 -0.000734801 -0.000990291 -0.00116249 -0.00125079 -0.00125886 -0.0011941 -0.0010672 -0.000891305 -0.000681277 -0.000452755 -0.000221283 -1.42959e-06 0.000194026 0.000354709 0.000473243 0.00054545 0.000570583 0.000551071 0.00049234 0.000402155 0.00029009 0.000166642 4.24964e-05 -7.23426e-05 -0.000169276 -0.000241702 -0.000285524 -0.000299276 -0.000284257 -0.000244153 -0.000184758 -0.000113207 -3.73991e-05 3.48884e-05 9.66762e-05 0.000142459 0.000168723 0.000174149 0.000159779 0.000128665 8.56148e-05 3.64281e-05 -1.26532e-05 -5.58018e-05 -8.82023e-05 -0.000106614 -0.000109744 -9.82468e-05 -7.47028e-05 -4.30516e-05 -8.18999e-06 2.48787e-05 5.16112e-05 6.86199e-05 7.40972e-05 6.79808e-05 5.20017e-05 2.92218e-05 3.68427e-06 -2.04123e-05 -3.92468e-05 -5.00724e-05 -5.16016e-05 -4.41392e-05 -2.95757e-05 -1.08694e-05 8.34403e-06 2.4581e-05 3.50126e-05 3.80385e-05 3.35464e-05 2.28245e-05 8.39088e-06 -6.69462e-06 -1.93003e-05 -2.69942e-05 -2.84487e-05 -2.36984e-05 -1.41542e-05 -2.14024e-06 9.49241e-06 1.81688e-05 2.20492e-05 2.04928e-05 1.41881e-05 4.8716e-06 -4.98734e-06 -1.29598e-05 -1.71288e-05 -1.66403e-05 -1.18838e-05 -4.29671e-06 3.92197e-06 1.05615e-05 1.3869e-05 1.31021e-05 8.70064e-06 2.07084e-06 -4.72351e-06 -9.71535e-06 -1.14952e-05 -9.68315e-06 -5.03097e-06 9.16465e-07 6.19623e-06 9.18644e-06 9.02694e-06 5.90711e-06 1.02994e-06 -3.92017e-06 -7.22908e-06 -7.84596e-06 -5.69014e-06 -1.62648e-06 2.76672e-06 5.91009e-06 6.69297e-06 4.9234e-06 1.41071e-06 -2.45956e-06 -5.14577e-06 -5.65999e-06 -3.90646e-06 -6.60202e-07 2.65796e-06 4.70359e-06 4.67382e-06 2.65411e-06 -3.72086e-07 -3.08835e-06 -4.29929e-06 -3.52305e-06 -1.21947e-06 1.53085e-06 3.41366e-06 3.61013e-06 2.11823e-06 -3.46205e-07 -2.51824e-06 -3.3163e-06 -2.40929e-06 -3.69481e-07 1.6754e-06 2.84246e-06 2.57829e-06 8.27766e-07 -1.39671e-06 -2.59535e-06 -2.11999e-06 -7.0078e-07 7.30013e-07 1.95576e-06 2.36682e-06 1.08498e-06 -1.13931e-06 -2.34081e-06 -1.69875e-06 -2.03556e-07 9.90352e-07 1.56359e-06 1.32625e-06 3.38231e-07 -7.82465e-07 -1.56778e-06 -1.49638e-06 -1.63088e-07 1.47687e-06 1.88562e-06 7.56157e-07 -8.92755e-07 -1.72141e-06 -1.11076e-06 3.36646e-07 1.2867e-06 1.00975e-06 1.01334e-07 -6.01532e-07 -8.0164e-07 -4.16559e-07 1.50172e-07 3.89507e-07 4.63618e-07 3.73085e-07 -7.98335e-08 -4.74947e-07 -5.39358e-07 -3.01556e-07 3.22903e-07 7.7612e-07 4.7163e-07 -1.86846e-07 -7.00065e-07 -7.12107e-07 0. 
0.0966473 0.0966875 0.0952934 0.0926406 0.0889023 0.084248 0.078842 0.0728429 0.0664019 0.0596622 0.0527579 0.0458132 0.0389421 0.0322469 0.0258189 0.0197369 0.0140678 0.00886639 0.00417499 2.40721e-05 -0.00356753 -0.00659221 -0.00905288 -0.0109624 -0.0123425 -0.0132232 -0.0136415 -0.0136404 -0.0132675 -0.0125744 -0.0116147 -0.0104435 -0.00911565 -0.00768488 -0.00620262 -0.00471703 -0.00327201 -0.0019065 -0.000653749 0.000459108 0.00141141 0.00218916 0.0027849 0.00319767 0.00343248 0.00349993 0.0034154 0.00319841 0.00287153 0.00245963 0.00198865 0.00148479 0.000973312 0.000477794 1.91436e-05 -0.000384975 -0.000720815 -0.000978821 -0.00115389 -0.00124531 -0.00125656 -0.00119493 -0.00107092 -0.000897589 -0.000689615 -0.000462606 -0.000231987 -1.23519e-05 0.000183552 0.000345271 0.000465359 0.000539522 0.000566861 0.000549679 0.000493201 0.000405093 0.000294731 0.000172572 4.91538e-05 -6.54825e-05 -0.00016279 -0.000236067 -0.000281157 -0.000296459 -0.000283123 -0.000244708 -0.000186814 -0.000116511 -4.15219e-05 3.03561e-05 9.22411e-05 0.000138527 0.000165682 0.000172247 0.000159142 0.000129292 8.73287e-05 3.89988e-05 -9.61839e-06 -5.26465e-05 -8.53521e-05 -0.000104364 -0.000108356 -9.78329e-05 -7.52463e-05 -4.44404e-05 -1.01492e-05 2.26111e-05 4.94162e-05 6.67604e-05 7.28548e-05 6.74765e-05 5.22691e-05 3.01831e-05 5.11802e-06 -1.87211e-05 -3.7633e-05 -4.87472e-05 -5.0806e-05 -4.39486e-05 -2.99923e-05 -1.17949e-05 7.13611e-06 2.32822e-05 3.39168e-05 3.729e-05 3.33021e-05 2.30815e-05 9.06564e-06 -5.73819e-06 -1.83133e-05 -2.61309e-05 -2.79318e-05 -2.35761e-05 -1.44508e-05 -2.76668e-06 8.71902e-06 1.7389e-05 2.14935e-05 2.02265e-05 1.42939e-05 5.28609e-06 -4.39224e-06 -1.23086e-05 -1.6636e-05 -1.63683e-05 -1.19344e-05 -4.61258e-06 3.44042e-06 1.00264e-05 1.34753e-05 1.28967e-05 8.77747e-06 2.36412e-06 -4.30973e-06 -9.28246e-06 -1.12191e-05 -9.58449e-06 -5.17498e-06 6.11684e-07 5.84017e-06 8.86273e-06 8.88778e-06 5.93521e-06 1.24483e-06 -3.61288e-06 -6.9569e-06 -7.65788e-06 -5.69978e-06 -1.77402e-06 2.51888e-06 5.64928e-06 6.55128e-06 4.896e-06 1.54962e-06 -2.24402e-06 -4.94376e-06 -5.51774e-06 -3.92622e-06 -7.77468e-07 2.46832e-06 4.52054e-06 4.60536e-06 2.67417e-06 -2.31576e-07 -2.91794e-06 -4.18292e-06 -3.47319e-06 -1.30369e-06 1.39767e-06 3.28162e-06 3.52306e-06 2.155e-06 -2.5612e-07 -2.38905e-06 -3.21307e-06 -2.41484e-06 -4.29536e-07 1.56115e-06 2.74708e-06 2.55914e-06 8.54544e-07 -1.28633e-06 -2.49442e-06 -2.1064e-06 -7.31881e-07 6.49282e-07 1.88493e-06 2.33024e-06 1.09149e-06 -1.04185e-06 -2.26328e-06 -1.69028e-06 -2.22997e-07 9.12047e-07 1.49969e-06 1.32939e-06 3.69995e-07 -7.25091e-07 -1.5308e-06 -1.49043e-06 -1.83911e-07 1.40657e-06 1.84937e-06 7.73589e-07 -8.63032e-07 -1.6515e-06 -1.08355e-06 2.77715e-07 1.24185e-06 9.82256e-07 1.04601e-07 -5.35032e-07 -7.67438e-07 -4.36497e-07 1.26156e-07 3.53981e-07 4.55243e-07 4.07446e-07 -5.95228e-08 -4.72771e-07 -5.46645e-07 -3.2266e-07 3.16368e-07 7.87288e-07 4.79025e-07 -1.83644e-07 -7.02482e-07 -7.20089e-07 0. 
0.0966473 0.0966884 0.0952952 0.0926432 0.0889058 0.0842521 0.0788467 0.072848 0.0664073 0.0596676 0.0527632 0.0458182 0.0389465 0.0322506 0.0258216 0.0197383 0.0140679 0.00886475 0.00417148 1.85256e-05 -0.00357526 -0.00660223 -0.00906527 -0.0109771 -0.0123596 -0.0132427 -0.0136631 -0.0136639 -0.0132927 -0.012601 -0.0116423 -0.0104717 -0.00914403 -0.00771296 -0.0062299 -0.00474301 -0.00329619 -0.00192842 -0.000672965 0.000442962 0.00139867 0.00218002 0.00277954 0.0031961 0.00343466 0.00350565 0.00342441 0.00321028 0.00288582 0.00247576 0.00200602 0.00150273 0.000991152 0.000494875 3.48462e-05 -0.000371205 -0.000709453 -0.000970215 -0.00114829 -0.00124278 -0.00125708 -0.00119829 -0.00107682 -0.000905556 -0.000699143 -0.00047307 -0.000242777 -2.28211e-05 0.000173981 0.000337122 0.000459046 0.000535321 0.000564928 0.000549981 0.000495603 0.000409268 0.000300299 0.000179009 5.59509e-05 -5.88933e-05 -0.000156893 -0.000231302 -0.00027784 -0.00029477 -0.000283114 -0.000246252 -0.000189698 -0.000120352 -4.59318e-05 2.58699e-05 8.80937e-05 0.000135133 0.000163326 0.000171111 0.000159273 0.000130579 8.95778e-05 4.18627e-05 -6.47502e-06 -4.96459e-05 -8.28142e-05 -0.000102592 -0.000107509 -9.79611e-05 -7.62801e-05 -4.61643e-05 -1.23171e-05 2.03594e-05 4.73644e-05 6.52194e-05 7.1991e-05 6.73873e-05 5.29188e-05 3.14129e-05 6.72493e-06 -1.70476e-05 -3.613e-05 -4.76845e-05 -5.03057e-05 -4.40768e-05 -3.06854e-05 -1.28847e-05 5.84361e-06 2.20669e-05 3.29612e-05 3.67906e-05 3.33014e-05 2.35611e-05 9.90577e-06 -4.74538e-06 -1.73487e-05 -2.54274e-05 -2.75862e-05 -2.3668e-05 -1.492e-05 -3.48635e-06 7.90707e-06 1.67032e-05 2.10487e-05 2.01464e-05 1.45508e-05 5.80968e-06 -3.73986e-06 -1.17173e-05 -1.62193e-05 -1.62574e-05 -1.21101e-05 -5.03039e-06 2.90737e-06 9.54377e-06 1.31441e-05 1.28347e-05 8.95534e-06 2.73806e-06 -3.86318e-06 -8.91181e-06 -1.10037e-05 -9.61403e-06 -5.39666e-06 2.58466e-07 5.47598e-06 8.61973e-06 8.80998e-06 6.07165e-06 1.51125e-06 -3.29976e-06 -6.7023e-06 -7.56737e-06 -5.76566e-06 -1.99498e-06 2.25111e-06 5.43106e-06 6.44625e-06 4.96473e-06 1.72609e-06 -2.00956e-06 -4.75362e-06 -5.4547e-06 -3.9841e-06 -9.5674e-07 2.27171e-06 4.37949e-06 4.56726e-06 2.77357e-06 -7.40209e-08 -2.75019e-06 -4.08736e-06 -3.49961e-06 -1.40927e-06 1.2373e-06 3.16391e-06 3.49595e-06 2.21237e-06 -1.17207e-07 -2.26768e-06 -3.15644e-06 -2.44271e-06 -5.39367e-07 1.45408e-06 2.66969e-06 2.5621e-06 9.51843e-07 -1.18671e-06 -2.4258e-06 -2.10372e-06 -7.98749e-07 5.58294e-07 1.80188e-06 2.33993e-06 1.16828e-06 -9.84873e-07 -2.20294e-06 -1.67021e-06 -2.89649e-07 8.20571e-07 1.45214e-06 1.36242e-06 4.30517e-07 -6.74492e-07 -1.49117e-06 -1.52805e-06 -2.49181e-07 1.38874e-06 1.82566e-06 7.84637e-07 -7.9084e-07 -1.61434e-06 -1.08872e-06 2.43636e-07 1.17512e-06 9.5327e-07 1.44822e-07 -4.68254e-07 -7.3283e-07 -4.62491e-07 7.28792e-08 3.08826e-07 4.61203e-07 4.71544e-07 -2.45784e-08 -4.86123e-07 -5.73199e-07 -3.70166e-07 3.11374e-07 8.41449e-07 4.99508e-07 -1.87487e-07 -7.16728e-07 -7.68474e-07 0. 
0.0966473 0.0966889 0.0952961 0.0926446 0.0889075 0.0842541 0.0788489 0.0728502 0.0664094 0.0596695 0.0527646 0.0458191 0.0389466 0.0322497 0.0258195 0.019735 0.014063 0.00885821 0.00416315 8.30051e-06 -0.00358746 -0.00661644 -0.00908149 -0.0109953 -0.0123797 -0.0132645 -0.0136865 -0.0136886 -0.0133185 -0.0126274 -0.0116691 -0.0104984 -0.00917022 -0.00773819 -0.00625374 -0.00476502 -0.00331596 -0.00194555 -0.000687143 0.000432018 0.00139115 0.00217605 0.00277912 0.00319917 0.00344103 0.00351506 0.00343647 0.00322457 0.00290179 0.00249284 0.0020236 0.00152017 0.00100784 0.000510227 4.83304e-05 -0.000360036 -0.000700943 -0.000964597 -0.00114565 -0.00124311 -0.00126019 -0.0012039 -0.00108449 -0.000914812 -0.000709401 -0.000483736 -0.00025323 -3.24916e-05 0.000165616 0.00033048 0.000454434 0.00053291 0.000564735 0.000551893 0.00049935 0.000414492 0.000306522 0.000185729 6.26206e-05 -5.27684e-05 -0.00015177 -0.000227522 -0.000275632 -0.000294221 -0.000284163 -0.000248713 -0.00019325 -0.000124613 -5.04416e-05 2.15436e-05 8.43781e-05 0.000132348 0.000161707 0.000170747 0.000160126 0.00013248 9.22436e-05 4.49546e-05 -3.35556e-06 -4.68518e-05 -8.06766e-05 -0.000101318 -0.000107213 -9.86135e-05 -7.77384e-05 -4.81898e-05 -1.45922e-05 1.81487e-05 4.55393e-05 6.39991e-05 7.15302e-05 6.76955e-05 5.39095e-05 3.28915e-05 8.42655e-06 -1.53956e-05 -3.48057e-05 -4.68685e-05 -5.01201e-05 -4.45012e-05 -3.16192e-05 -1.41303e-05 4.53089e-06 2.09193e-05 3.21957e-05 3.6511e-05 3.35494e-05 2.42438e-05 1.08716e-05 -3.70727e-06 -1.646e-05 -2.48504e-05 -2.74411e-05 -2.3943e-05 -1.55473e-05 -4.2976e-06 7.10056e-06 1.6079e-05 2.07529e-05 2.02126e-05 1.49617e-05 6.43127e-06 -3.06147e-06 -1.11555e-05 -1.59166e-05 -1.62625e-05 -1.24237e-05 -5.53438e-06 2.34389e-06 9.08304e-06 1.29108e-05 1.28691e-05 9.25194e-06 3.17772e-06 -3.39968e-06 -8.57055e-06 -1.08825e-05 -9.72586e-06 -5.71402e-06 -1.34189e-07 5.11941e-06 8.41911e-06 8.82627e-06 6.27417e-06 1.84377e-06 -2.97728e-06 -6.48495e-06 -7.52915e-06 -5.91976e-06 -2.25815e-06 1.95646e-06 5.23366e-06 6.40508e-06 5.08336e-06 1.96812e-06 -1.76649e-06 -4.58247e-06 -5.43214e-06 -4.11365e-06 -1.16335e-06 2.05284e-06 4.26292e-06 4.5836e-06 2.90853e-06 1.31924e-07 -2.59164e-06 -4.02082e-06 -3.56231e-06 -1.57065e-06 1.07329e-06 3.04742e-06 3.50449e-06 2.3274e-06 2.97924e-08 -2.13698e-06 -3.12447e-06 -2.50642e-06 -6.75977e-07 1.30689e-06 2.63598e-06 2.61785e-06 1.04458e-06 -1.07627e-06 -2.34812e-06 -2.10447e-06 -9.31603e-07 4.1233e-07 1.79435e-06 2.38559e-06 1.21757e-06 -9.00516e-07 -2.13024e-06 -1.6753e-06 -3.94228e-07 7.17978e-07 1.42306e-06 1.38969e-06 5.43245e-07 -5.81679e-07 -1.52901e-06 -1.58602e-06 -2.91742e-07 1.33925e-06 1.83334e-06 8.31267e-07 -7.4528e-07 -1.57368e-06 -1.08763e-06 1.88179e-07 1.09105e-06 9.28518e-07 2.11041e-07 -3.94088e-07 -6.8602e-07 -4.863e-07 -3.93441e-08 2.56682e-07 5.07705e-07 5.30482e-07 4.59801e-08 -4.87511e-07 -6.76527e-07 -4.16599e-07 3.32191e-07 8.81357e-07 5.79102e-07 -1.85314e-07 -8.05301e-07 -8.05193e-07 0. 
0.0966473 0.096689 0.0952963 0.0926449 0.0889077 0.0842542 0.0788489 0.0728499 0.0664087 0.0596683 0.0527627 0.0458164 0.0389429 0.032245 0.0258135 0.0197276 0.0140541 0.00884781 0.00415111 -5.43464e-06 -0.0036029 -0.00663357 -0.00910025 -0.0110156 -0.0124014 -0.0132874 -0.0137104 -0.0137132 -0.0133435 -0.0126525 -0.0116939 -0.0105225 -0.00919327 -0.00775978 -0.00627348 -0.00478254 -0.00333093 -0.00195769 -0.000696213 0.000426179 0.00138862 0.00217684 0.00278314 0.00320624 0.00345089 0.00352737 0.00345079 0.00324041 0.00291861 0.00251007 0.00204064 0.00153645 0.0010228 0.000523369 5.92391e-05 -0.0003517 -0.000695392 -0.000961942 -0.00114586 -0.00124604 -0.00126555 -0.00121133 -0.00109351 -0.000924884 -0.000719943 -0.000494161 -0.000262975 -4.10388e-05 0.000158687 0.000325498 0.00045158 0.000532252 0.000566175 0.000555223 0.000504224 0.000420486 0.000313138 0.000192449 6.89383e-05 -4.73165e-05 -0.000147551 -0.000224808 -0.000274541 -0.00029476 -0.00028617 -0.000251935 -0.000197312 -0.0001291 -5.49004e-05 1.7537e-05 8.11837e-05 0.000130244 0.000160827 0.000171124 0.000161623 0.000134885 9.52175e-05 4.81387e-05 -3.48717e-07 -4.43638e-05 -7.89687e-05 -0.000100563 -0.00010743 -9.9736e-05 -7.95447e-05 -5.04195e-05 -1.69044e-05 1.60667e-05 4.39656e-05 6.31335e-05 7.14418e-05 6.83704e-05 5.51782e-05 3.4548e-05 1.01706e-05 -1.38317e-05 -3.3668e-05 -4.63231e-05 -5.02097e-05 -4.51944e-05 -3.27367e-05 -1.54766e-05 3.22992e-06 1.98841e-05 3.16044e-05 3.64576e-05 3.39953e-05 2.50996e-05 1.19184e-05 -2.66481e-06 -1.56504e-05 -2.44218e-05 -2.74555e-05 -2.43912e-05 -1.62822e-05 -5.17149e-06 6.31612e-06 1.55396e-05 2.05738e-05 2.0426e-05 1.54743e-05 7.1333e-06 -2.38163e-06 -1.06412e-05 -1.57006e-05 -1.63878e-05 -1.28223e-05 -6.11582e-06 1.77626e-06 8.65456e-06 1.2748e-05 1.30041e-05 9.61475e-06 3.68177e-06 -2.94136e-06 -8.26207e-06 -1.08241e-05 -9.92469e-06 -6.07691e-06 -5.71304e-07 4.78346e-06 8.26013e-06 8.89798e-06 6.55017e-06 2.19719e-06 -2.63492e-06 -6.30258e-06 -7.54227e-06 -6.11527e-06 -2.57713e-06 1.66743e-06 5.0434e-06 6.40472e-06 5.25778e-06 2.22801e-06 -1.49351e-06 -4.43932e-06 -5.44169e-06 -4.27358e-06 -1.41639e-06 1.84549e-06 4.14872e-06 4.6336e-06 3.08741e-06 3.40656e-07 -2.41228e-06 -3.98415e-06 -3.655e-06 -1.74767e-06 8.75621e-07 2.95845e-06 3.52658e-06 2.4595e-06 2.13493e-07 -2.01771e-06 -3.09241e-06 -2.60719e-06 -8.42959e-07 1.18948e-06 2.58392e-06 2.67843e-06 1.1768e-06 -9.45596e-07 -2.27014e-06 -2.16641e-06 -1.06126e-06 3.03501e-07 1.73245e-06 2.43678e-06 1.3216e-06 -8.11284e-07 -2.06884e-06 -1.70199e-06 -4.91299e-07 5.97256e-07 1.3662e-06 1.47848e-06 6.57283e-07 -5.24339e-07 -1.51996e-06 -1.66566e-06 -3.7525e-07 1.32151e-06 1.83314e-06 8.72284e-07 -6.71475e-07 -1.52965e-06 -1.09622e-06 1.12643e-07 1.00669e-06 9.076e-07 2.68206e-07 -2.80903e-07 -6.36259e-07 -5.52468e-07 -1.28893e-07 1.91191e-07 5.28156e-07 6.49638e-07 1.07488e-07 -5.22834e-07 -7.41417e-07 -4.98993e-07 3.3421e-07 9.83681e-07 6.31452e-07 -1.95304e-07 -8.54864e-07 -8.94822e-07 0. 
0.0966473 0.0966888 0.0952958 0.0926441 0.0889066 0.0842528 0.0788469 0.0728475 0.0664056 0.0596644 0.0527581 0.0458108 0.0389363 0.0322372 0.0258045 0.0197172 0.0140424 0.00883463 0.00413649 -2.14912e-05 -0.00362036 -0.00665236 -0.00912027 -0.0110367 -0.0124234 -0.0133101 -0.0137335 -0.0137365 -0.0133666 -0.0126752 -0.0117158 -0.0105433 -0.00921249 -0.00777714 -0.00628867 -0.00479528 -0.00334097 -0.00196484 -0.000700338 0.000425135 0.00139065 0.00218184 0.00279094 0.00321658 0.00346344 0.00354172 0.0034665 0.00325695 0.00293546 0.00252667 0.00205645 0.00155095 0.00103554 0.000533939 6.73304e-05 -0.000346297 -0.000692779 -0.000962099 -0.00114865 -0.00125121 -0.00127276 -0.00122012 -0.00110339 -0.000935281 -0.000730303 -0.00050393 -0.000271654 -4.81976e-05 0.000153378 0.000322251 0.000450478 0.00053324 0.000569074 0.000559729 0.000509943 0.000426948 0.000319845 0.000198896 7.4663e-05 -4.27098e-05 -0.000144353 -0.000223191 -0.000274544 -0.000296282 -0.000288994 -0.00025573 -0.000201685 -0.00013361 -5.91246e-05 1.399e-05 7.86155e-05 0.000128853 0.000160684 0.000172164 0.00016367 0.000137651 9.8359e-05 5.12729e-05 2.4243e-06 -4.22601e-05 -7.77425e-05 -0.000100311 -0.000108128 -0.000101234 -8.16076e-05 -5.27351e-05 -1.91543e-05 1.41922e-05 4.27001e-05 6.2623e-05 7.17151e-05 6.93392e-05 5.66614e-05 3.62834e-05 1.18821e-05 -1.24196e-05 -3.27587e-05 -4.60396e-05 -5.05622e-05 -4.60849e-05 -3.39864e-05 -1.684e-05 1.99381e-06 1.89984e-05 3.12067e-05 3.65975e-05 3.46166e-05 2.60522e-05 1.30035e-05 -1.6783e-06 -1.49488e-05 -2.414e-05 -2.76259e-05 -2.49531e-05 -1.70968e-05 -6.0407e-06 5.58023e-06 1.51038e-05 2.05154e-05 2.07419e-05 1.60709e-05 7.84863e-06 -1.72036e-06 -1.02026e-05 -1.55754e-05 -1.65968e-05 -1.32932e-05 -6.70941e-06 1.2173e-06 8.28755e-06 1.26551e-05 1.32037e-05 1.00339e-05 4.18776e-06 -2.49282e-06 -8.00859e-06 -1.08227e-05 -1.01697e-05 -6.4793e-06 -9.95746e-07 4.46421e-06 8.15178e-06 9.0165e-06 6.85136e-06 2.57191e-06 -2.32046e-06 -6.14389e-06 -7.5964e-06 -6.34538e-06 -2.89712e-06 1.37407e-06 4.88945e-06 6.43013e-06 5.45432e-06 2.50835e-06 -1.24124e-06 -4.30465e-06 -5.48251e-06 -4.4555e-06 -1.66605e-06 1.63239e-06 4.0651e-06 4.69776e-06 3.27644e-06 5.62227e-07 -2.25651e-06 -3.95224e-06 -3.76708e-06 -1.93622e-06 6.93855e-07 2.86378e-06 3.57051e-06 2.60392e-06 3.9188e-07 -1.89683e-06 -3.08618e-06 -2.70098e-06 -1.00749e-06 1.04734e-06 2.55353e-06 2.75946e-06 1.31165e-06 -8.35965e-07 -2.20705e-06 -2.18635e-06 -1.2102e-06 1.47549e-07 1.70955e-06 2.51714e-06 1.40696e-06 -7.44392e-07 -1.99474e-06 -1.70539e-06 -6.24288e-07 4.76403e-07 1.34307e-06 1.53518e-06 7.79116e-07 -4.3537e-07 -1.54505e-06 -1.75083e-06 -4.38846e-07 1.29656e-06 1.83021e-06 9.17798e-07 -5.91988e-07 -1.49688e-06 -1.10715e-06 5.82671e-08 9.01236e-07 8.80725e-07 3.56039e-07 -1.93509e-07 -5.87664e-07 -5.87843e-07 -2.53411e-07 1.2924e-07 5.78211e-07 7.33806e-07 1.81165e-07 -5.35341e-07 -8.43991e-07 -5.64205e-07 3.52256e-07 1.0518e-06 7.07858e-07 -1.97405e-07 -9.36998e-07 -9.56822e-07 0. 
0.0966473 0.0966883 0.0952948 0.0926425 0.0889045 0.08425 0.0788435 0.0728433 0.0664006 0.0596586 0.0527513 0.045803 0.0389274 0.0322272 0.0257933 0.0197048 0.0140288 0.00881976 0.00412042 -3.87126e-05 -0.00363865 -0.00667161 -0.00914033 -0.0110575 -0.0124446 -0.0133315 -0.0137548 -0.0137575 -0.013387 -0.0126947 -0.011734 -0.01056 -0.00922739 -0.00778995 -0.00629913 -0.00480319 -0.00334617 -0.00196723 -0.000699887 0.000428402 0.00139662 0.00219035 0.00280174 0.00322936 0.00347781 0.00355725 0.00348271 0.00327336 0.00295154 0.00254193 0.00207041 0.00156319 0.00104567 0.000541689 7.2489e-05 -0.000343815 -0.000692967 -0.000964826 -0.00115369 -0.00125823 -0.00128134 -0.00122978 -0.0011136 -0.000945518 -0.000740025 -0.00051266 -0.000278955 -5.37507e-05 0.000149812 0.000320762 0.000451054 0.000535721 0.000573201 0.000565135 0.000516192 0.000433564 0.000326332 0.000204801 7.95696e-05 -3.91018e-05 -0.000142264 -0.000222682 -0.000275577 -0.000298667 -0.000292456 -0.000259899 -0.000206146 -0.000137945 -6.29266e-05 1.10377e-05 7.6764e-05 0.000128203 0.000161246 0.000173793 0.00016614 0.000140638 0.000101505 5.42184e-05 4.83529e-06 -4.06206e-05 -7.70392e-05 -0.000100557 -0.000109251 -0.000103027 -8.3809e-05 -5.50279e-05 -2.1225e-05 1.26047e-05 4.17997e-05 6.24803e-05 7.2323e-05 7.05483e-05 5.82692e-05 3.80148e-05 1.34644e-05 -1.12215e-05 -3.21245e-05 -4.60247e-05 -5.11505e-05 -4.71258e-05 -3.52894e-05 -1.81551e-05 8.98399e-07 1.83017e-05 3.10252e-05 3.69197e-05 3.53709e-05 2.70534e-05 1.40539e-05 -7.94516e-07 -1.44032e-05 -2.40156e-05 -2.79404e-05 -2.55983e-05 -1.79328e-05 -6.86286e-06 4.94799e-06 1.479e-05 2.0585e-05 2.1142e-05 1.67076e-05 8.54178e-06 -1.13156e-06 -9.85913e-06 -1.55563e-05 -1.68762e-05 -1.38012e-05 -7.2849e-06 7.17451e-07 7.99777e-06 1.26479e-05 1.34541e-05 1.0476e-05 4.66927e-06 -2.09978e-06 -7.81871e-06 -1.0887e-05 -1.04432e-05 -6.8857e-06 -1.3865e-06 4.19961e-06 8.09296e-06 9.17965e-06 7.15759e-06 2.93057e-06 -2.04639e-06 -6.03588e-06 -7.68053e-06 -6.59488e-06 -3.19922e-06 1.11325e-06 4.77216e-06 6.49225e-06 5.65451e-06 2.78122e-06 -1.01971e-06 -4.20632e-06 -5.54124e-06 -4.64976e-06 -1.89587e-06 1.4452e-06 4.00598e-06 4.78477e-06 3.45665e-06 7.70526e-07 -2.12699e-06 -3.94496e-06 -3.87802e-06 -2.12311e-06 5.35337e-07 2.79266e-06 3.62167e-06 2.75052e-06 5.4561e-07 -1.78872e-06 -3.08491e-06 -2.81141e-06 -1.15863e-06 9.31305e-07 2.54255e-06 2.83014e-06 1.41935e-06 -7.07506e-07 -2.1472e-06 -2.25194e-06 -1.34878e-06 4.21014e-08 1.70105e-06 2.55755e-06 1.47924e-06 -6.3787e-07 -1.94278e-06 -1.74678e-06 -7.23077e-07 3.71501e-07 1.31275e-06 1.60459e-06 8.90527e-07 -3.73229e-07 -1.57262e-06 -1.80855e-06 -4.94872e-07 1.25091e-06 1.84306e-06 9.66551e-07 -5.42445e-07 -1.44437e-06 -1.11437e-06 -2.39545e-08 8.28089e-07 8.65593e-07 4.14107e-07 -9.50471e-08 -5.46434e-07 -6.41638e-07 -3.46483e-07 7.63525e-08 6.11519e-07 8.20667e-07 2.41677e-07 -5.5547e-07 -9.23954e-07 -6.2247e-07 3.64276e-07 1.11641e-06 7.70517e-07 -2.01388e-07 -1.00349e-06 -1.01226e-06 0. 
0.0966473 0.0966876 0.0952934 0.0926404 0.0889016 0.0842463 0.078839 0.072838 0.0663944 0.0596514 0.0527431 0.0457938 0.0389171 0.0322158 0.0257809 0.0196914 0.0140142 0.00880424 0.00410396 -5.60175e-05 -0.00365669 -0.00669024 -0.0091594 -0.0110768 -0.0124639 -0.0133506 -0.0137735 -0.0137755 -0.013404 -0.0127104 -0.0117482 -0.0105724 -0.00923776 -0.0077981 -0.00630489 -0.00480643 -0.00334683 -0.00196529 -0.000695393 0.000435342 0.00140583 0.00220159 0.00281471 0.00324369 0.00349311 0.00357308 0.00349861 0.00328885 0.00296617 0.00255525 0.00208204 0.00157277 0.00105296 0.000546486 7.47294e-05 -0.000344135 -0.000695711 -0.00096979 -0.00116055 -0.0012666 -0.00129078 -0.00123978 -0.00112366 -0.000955119 -0.000748713 -0.000520003 -0.000284645 -5.75306e-05 0.000148032 0.000321005 0.000453173 0.000539502 0.000578294 0.000571145 0.000522658 0.000440014 0.00033232 0.000209906 8.34843e-05 -3.663e-05 -0.000141315 -0.000223272 -0.000277538 -0.000301782 -0.000296369 -0.000264237 -0.000210491 -0.000141898 -6.61545e-05 8.81674e-06 7.56806e-05 0.000128326 0.000162458 0.000175934 0.000168902 0.000143704 0.00010451 5.68296e-05 6.78637e-06 -3.95355e-05 -7.68716e-05 -0.000101302 -0.00011073 -0.000105039 -8.60381e-05 -5.71855e-05 -2.3022e-05 1.13969e-05 4.12962e-05 6.27355e-05 7.32238e-05 7.19568e-05 5.9916e-05 3.96586e-05 1.48398e-05 -1.03143e-05 -3.17905e-05 -4.63069e-05 -5.19358e-05 -4.82855e-05 -3.65728e-05 -1.93549e-05 1.27844e-09 1.78519e-05 3.10646e-05 3.74376e-05 3.62101e-05 2.8067e-05 1.50067e-05 -6.99562e-08 -1.40441e-05 -2.4084e-05 -2.83757e-05 -2.63182e-05 -1.87343e-05 -7.59529e-06 4.46061e-06 1.4639e-05 2.07752e-05 2.16337e-05 1.73376e-05 9.18392e-06 -6.58519e-07 -9.64868e-06 -1.56442e-05 -1.72405e-05 -1.43057e-05 -7.82242e-06 3.18506e-07 7.819e-06 1.27281e-05 1.37705e-05 1.09019e-05 5.10944e-06 -1.80054e-06 -7.72218e-06 -1.10131e-05 -1.07564e-05 -7.25513e-06 -1.72621e-06 4.02022e-06 8.10806e-06 9.37223e-06 7.47345e-06 3.23161e-06 -1.83072e-06 -5.99539e-06 -7.81313e-06 -6.83566e-06 -3.48129e-06 9.21407e-07 4.71017e-06 6.58815e-06 5.86952e-06 3.0088e-06 -8.38563e-07 -4.16462e-06 -5.63407e-06 -4.83107e-06 -2.1072e-06 1.31771e-06 3.98529e-06 4.88757e-06 3.6369e-06 9.29051e-07 -2.03075e-06 -3.97293e-06 -4.00136e-06 -2.27564e-06 4.03354e-07 2.76651e-06 3.6881e-06 2.87872e-06 6.84658e-07 -1.72932e-06 -3.10722e-06 -2.91407e-06 -1.28895e-06 8.58821e-07 2.5364e-06 2.90888e-06 1.53474e-06 -6.31712e-07 -2.12481e-06 -2.31239e-06 -1.45228e-06 -3.82583e-08 1.6772e-06 2.62533e-06 1.5677e-06 -5.89658e-07 -1.91804e-06 -1.77871e-06 -8.06292e-07 2.94601e-07 1.29718e-06 1.67622e-06 9.71224e-07 -3.37318e-07 -1.58005e-06 -1.87562e-06 -5.54123e-07 1.24741e-06 1.85368e-06 1.00359e-06 -4.89538e-07 -1.4292e-06 -1.13399e-06 -7.24001e-08 7.75723e-07 8.61246e-07 4.62264e-07 -2.82825e-08 -5.22053e-07 -6.85592e-07 -4.08936e-07 3.84469e-08 6.32836e-07 8.95111e-07 2.81032e-07 -5.78489e-07 -9.72121e-07 -6.74539e-07 3.69092e-07 1.18188e-06 8.07932e-07 -2.08058e-07 -1.04094e-06 -1.06943e-06 0. 
0.0966473 0.0966867 0.0952917 0.0926379 0.0888982 0.0842421 0.0788339 0.0728319 0.0663874 0.0596434 0.0527342 0.0457839 0.0389063 0.032204 0.0257681 0.0196777 0.0139997 0.008789 0.00408806 -7.24634e-05 -0.00367354 -0.00670734 -0.00917656 -0.0110938 -0.0124806 -0.0133667 -0.0137888 -0.0137898 -0.013417 -0.0127219 -0.011758 -0.0105803 -0.00924359 -0.00780171 -0.0063062 -0.00480538 -0.00334343 -0.00195959 -0.000687519 0.000445211 0.00141747 0.0022147 0.00282896 0.00325872 0.0035085 0.0035884 0.00351343 0.00330276 0.00297876 0.00256617 0.00209096 0.00157948 0.00105728 0.000548363 7.41628e-05 -0.000347006 -0.000700698 -0.000976579 -0.00116879 -0.00127585 -0.00130058 -0.00124964 -0.0011331 -0.000963694 -0.000756014 -0.000525723 -0.000288534 -5.94884e-05 0.000148043 0.000322854 0.000456676 0.000544327 0.000584085 0.00057745 0.000529039 0.00044602 0.000337549 0.00021403 8.62473e-05 -3.53398e-05 -0.000141538 -0.000224874 -0.000280339 -0.000305447 -0.000300564 -0.000268541 -0.00021453 -0.000145313 -6.86622e-05 7.39023e-06 7.54281e-05 0.000129176 0.00016429 0.000178465 0.000171855 0.000146707 0.00010725 5.90019e-05 8.17841e-06 -3.90307e-05 -7.72792e-05 -0.000102491 -0.000112537 -0.000107164 -8.8221e-05 -5.91096e-05 -2.44626e-05 1.06128e-05 4.12441e-05 6.33607e-05 7.44228e-05 7.3486e-05 6.15621e-05 4.11329e-05 1.59486e-05 -9.73652e-06 -3.18045e-05 -4.68618e-05 -5.2932e-05 -4.94962e-05 -3.78129e-05 -2.03738e-05 -6.53553e-07 1.76703e-05 3.1363e-05 3.81163e-05 3.71455e-05 2.90297e-05 1.58419e-05 4.49603e-07 -1.39078e-05 -2.43408e-05 -2.89604e-05 -2.70632e-05 -1.95036e-05 -8.18411e-06 4.14202e-06 1.46658e-05 2.11179e-05 2.21819e-05 1.79767e-05 9.72169e-06 -3.12274e-07 -9.59561e-06 -1.58675e-05 -1.76643e-05 -1.48291e-05 -8.27184e-06 2.28348e-08 7.77838e-06 1.29209e-05 1.41314e-05 1.13362e-05 5.46037e-06 -1.59464e-06 -7.74422e-06 -1.12251e-05 -1.10852e-05 -7.61096e-06 -1.96793e-06 3.92749e-06 8.21432e-06 9.61785e-06 7.76694e-06 3.49467e-06 -1.71649e-06 -6.02801e-06 -7.9966e-06 -7.09177e-06 -3.70279e-06 7.84284e-07 4.73573e-06 6.7307e-06 6.08203e-06 3.21467e-06 -7.41556e-07 -4.17563e-06 -5.77192e-06 -5.01966e-06 -2.2634e-06 1.23309e-06 4.03485e-06 5.01523e-06 3.79882e-06 1.05993e-06 -2.00903e-06 -4.03317e-06 -4.1386e-06 -2.41332e-06 3.36735e-07 2.77196e-06 3.79042e-06 3.00325e-06 7.735e-07 -1.70241e-06 -3.17748e-06 -3.01265e-06 -1.38484e-06 8.07169e-07 2.58454e-06 2.99822e-06 1.62466e-06 -5.91135e-07 -2.15157e-06 -2.36356e-06 -1.54667e-06 -1.05243e-07 1.71273e-06 2.6993e-06 1.63481e-06 -5.62814e-07 -1.93217e-06 -1.81867e-06 -8.83564e-07 2.59845e-07 1.32723e-06 1.71598e-06 1.03885e-06 -3.01931e-07 -1.63055e-06 -1.93603e-06 -5.89046e-07 1.24984e-06 1.896e-06 1.04492e-06 -4.68582e-07 -1.44711e-06 -1.16818e-06 -8.92524e-08 7.52879e-07 8.7005e-07 5.11878e-07 -1.10893e-08 -5.18681e-07 -6.99144e-07 -4.69395e-07 2.30177e-08 6.71799e-07 9.22744e-07 3.15511e-07 -5.83887e-07 -1.03826e-06 -6.99064e-07 3.87319e-07 1.2096e-06 8.58109e-07 -2.09375e-07 -1.10022e-06 -1.09556e-06 0. 
0.0966473 0.0966858 0.0952899 0.0926352 0.0888946 0.0842376 0.0788284 0.0728255 0.0663801 0.0596352 0.0527251 0.0457739 0.0388955 0.0321924 0.0257557 0.0196646 0.0139861 0.00877484 0.00407351 -8.72565e-05 -0.00368844 -0.00672217 -0.00919115 -0.011108 -0.0124941 -0.0133794 -0.0138005 -0.0138001 -0.013426 -0.0127292 -0.0117635 -0.0105839 -0.00924512 -0.00780113 -0.00630349 -0.00480057 -0.00333659 -0.00195084 -0.000677039 0.000457203 0.00143069 0.00222884 0.00284367 0.00327362 0.00352319 0.00360251 0.00352656 0.00331454 0.00298888 0.00257434 0.002097 0.00158322 0.00105869 0.000547448 7.10626e-05 -0.000352108 -0.000707501 -0.000984751 -0.00117791 -0.00128549 -0.00131025 -0.00125891 -0.00114153 -0.000970906 -0.000761696 -0.000529644 -0.000290577 -5.96201e-05 0.000149716 0.000326161 0.00046131 0.000549952 0.000590266 0.000583774 0.000535055 0.000451345 0.000341834 0.000217027 8.78082e-05 -3.52607e-05 -0.00014285 -0.000227411 -0.000283802 -0.000309519 -0.000304836 -0.000272653 -0.000218102 -0.000148067 -7.0379e-05 6.8107e-06 7.59708e-05 0.000130733 0.000166624 0.000181312 0.000174855 0.000149555 0.000109613 6.06645e-05 8.97616e-06 -3.91339e-05 -7.82141e-05 -0.000104106 -0.000114571 -0.00010936 -9.02557e-05 -6.07539e-05 -2.54931e-05 1.02817e-05 4.16266e-05 6.43614e-05 7.58482e-05 7.51228e-05 6.31239e-05 4.24174e-05 1.67422e-05 -9.50531e-06 -3.21558e-05 -4.76995e-05 -5.40799e-05 -5.07612e-05 -3.89419e-05 -2.12096e-05 -1.03213e-06 1.77647e-05 3.19015e-05 3.89695e-05 3.81215e-05 2.9956e-05 1.65074e-05 7.70702e-07 -1.40074e-05 -2.47949e-05 -2.96615e-05 -2.78553e-05 -2.01888e-05 -8.64952e-06 4.02326e-06 1.48688e-05 2.16e-05 2.28077e-05 1.85804e-05 1.01836e-05 -1.31197e-07 -9.68849e-06 -1.6226e-05 -1.81654e-05 -1.53344e-05 -8.66637e-06 -1.30159e-07 7.85797e-06 1.32323e-05 1.45534e-05 1.17474e-05 5.75863e-06 -1.52043e-06 -7.8659e-06 -1.15304e-05 -1.14495e-05 -7.92219e-06 -2.14946e-06 3.95857e-06 8.39786e-06 9.91942e-06 8.06377e-06 3.68475e-06 -1.66769e-06 -6.16652e-06 -8.22667e-06 -7.35509e-06 -3.89684e-06 7.41259e-07 4.81873e-06 6.94206e-06 6.3035e-06 3.3755e-06 -6.90285e-07 -4.27849e-06 -5.94069e-06 -5.21817e-06 -2.39352e-06 1.22931e-06 4.12282e-06 5.19342e-06 3.9528e-06 1.13937e-06 -2.02473e-06 -4.16393e-06 -4.28011e-06 -2.53295e-06 3.02043e-07 2.85184e-06 3.90623e-06 3.1353e-06 8.32478e-07 -1.73907e-06 -3.26151e-06 -3.1435e-06 -1.45898e-06 8.17804e-07 2.65348e-06 3.1142e-06 1.69052e-06 -5.77796e-07 -2.19927e-06 -2.4785e-06 -1.61038e-06 -1.12504e-07 1.75051e-06 2.79151e-06 1.70329e-06 -5.46174e-07 -1.99549e-06 -1.90971e-06 -9.01491e-07 2.52191e-07 1.34677e-06 1.80394e-06 1.08325e-06 -3.13523e-07 -1.67377e-06 -2.01134e-06 -6.22803e-07 1.28025e-06 1.96937e-06 1.09752e-06 -4.94095e-07 -1.48303e-06 -1.20508e-06 -1.24905e-07 7.93349e-07 9.06793e-07 5.08054e-07 1.79817e-08 -5.32826e-07 -7.50459e-07 -4.67613e-07 1.56854e-08 6.77917e-07 9.84326e-07 3.23643e-07 -6.17852e-07 -1.05858e-06 -7.39017e-07 3.92745e-07 1.27504e-06 8.80408e-07 -2.20466e-07 -1.1272e-06 -1.15221e-06 0. 
0.0966473 0.0966849 0.0952881 0.0926325 0.088891 0.0842331 0.078823 0.0728193 0.066373 0.0596273 0.0527164 0.0457645 0.0388853 0.0321816 0.0257444 0.0196529 0.0139739 0.00876242 0.00406096 -9.97978e-05 -0.00370081 -0.00673422 -0.0092027 -0.0111188 -0.0125041 -0.0133884 -0.0138082 -0.0138065 -0.0134308 -0.0127324 -0.0117649 -0.0105834 -0.00924275 -0.00779688 -0.00629737 -0.00479268 -0.00332705 -0.00193983 -0.000664771 0.000470459 0.00144465 0.00224317 0.00285803 0.00328764 0.00353653 0.0036148 0.00353749 0.00332382 0.00299626 0.00257964 0.0021001 0.00158409 0.00105735 0.000544048 6.57767e-05 -0.00035899 -0.000715662 -0.000993785 -0.00118741 -0.001295 -0.00131937 -0.0012672 -0.00114864 -0.000976523 -0.000765608 -0.000531725 -0.000290796 -5.80641e-05 0.000152884 0.000330657 0.000466814 0.000556049 0.000596559 0.000589819 0.000540478 0.000455787 0.000345048 0.000218839 8.81611e-05 -3.63107e-05 -0.000145152 -0.000230699 -0.000287771 -0.000313778 -0.000309028 -0.000276392 -0.000221101 -0.000150074 -7.12781e-05 7.05054e-06 7.72608e-05 0.000132878 0.00016937 0.000184319 0.000177813 0.000152119 0.000111549 6.17668e-05 9.18323e-06 -3.98051e-05 -7.96311e-05 -0.000106045 -0.000116776 -0.000111513 -9.21078e-05 -6.20492e-05 -2.61159e-05 1.03995e-05 4.2413e-05 6.56695e-05 7.74659e-05 7.67768e-05 6.45883e-05 4.345e-05 1.72363e-05 -9.62334e-06 -3.28139e-05 -4.87674e-05 -5.53598e-05 -5.20091e-05 -3.99679e-05 -2.18164e-05 -1.1651e-06 1.81298e-05 3.26517e-05 3.99488e-05 3.91371e-05 3.07902e-05 1.7033e-05 8.68014e-07 -1.43054e-05 -2.54273e-05 -3.04665e-05 -2.86488e-05 -2.08154e-05 -8.95393e-06 4.06056e-06 1.52511e-05 2.21984e-05 2.34806e-05 1.91686e-05 1.05313e-05 -6.83536e-08 -9.94301e-06 -1.66891e-05 -1.87255e-05 -1.58379e-05 -8.97114e-06 -1.89621e-07 8.07883e-06 1.36284e-05 1.50265e-05 1.21526e-05 5.97358e-06 -1.52583e-06 -8.10993e-06 -1.18977e-05 -1.18435e-05 -8.21363e-06 -2.24201e-06 4.05991e-06 8.68214e-06 1.02561e-05 8.35725e-06 3.83781e-06 -1.71531e-06 -6.36096e-06 -8.52448e-06 -7.62191e-06 -4.04937e-06 7.45047e-07 4.99299e-06 7.18364e-06 6.54643e-06 3.51172e-06 -7.10614e-07 -4.42085e-06 -6.17266e-06 -5.41369e-06 -2.49277e-06 1.26245e-06 4.28667e-06 5.38392e-06 4.11629e-06 1.18966e-06 -2.10581e-06 -4.31598e-06 -4.4614e-06 -2.63176e-06 3.1393e-07 2.9569e-06 4.07319e-06 3.25552e-06 8.73629e-07 -1.80698e-06 -3.41119e-06 -3.26039e-06 -1.51711e-06 8.4731e-07 2.76091e-06 3.24249e-06 1.78608e-06 -6.19634e-07 -2.32115e-06 -2.556e-06 -1.66406e-06 -1.32817e-07 1.80918e-06 2.92964e-06 1.80524e-06 -6.0572e-07 -2.10075e-06 -1.96584e-06 -9.47699e-07 2.68724e-07 1.42154e-06 1.86569e-06 1.12291e-06 -3.19013e-07 -1.74005e-06 -2.11349e-06 -6.63746e-07 1.36299e-06 2.06173e-06 1.13723e-06 -5.02114e-07 -1.57875e-06 -1.27692e-06 -9.15085e-08 8.30822e-07 9.43227e-07 5.42938e-07 -1.12639e-08 -5.6555e-07 -7.59229e-07 -4.91035e-07 2.01551e-08 7.14578e-07 1.01063e-06 3.36549e-07 -6.36921e-07 -1.10853e-06 -7.68085e-07 4.12108e-07 1.32611e-06 9.20529e-07 -2.28923e-07 -1.17899e-06 -1.20185e-06 0. 
0.0966473 0.0966841 0.0952864 0.0926299 0.0888876 0.0842289 0.0788181 0.0728135 0.0663665 0.0596202 0.0527086 0.045756 0.0388764 0.0321722 0.0257346 0.0196428 0.0139637 0.0087522 0.00405084 -0.000109677 -0.0037103 -0.00674317 -0.00921095 -0.0111262 -0.0125105 -0.0133936 -0.0138121 -0.013809 -0.0134318 -0.0127317 -0.0117626 -0.0105794 -0.00923711 -0.00778961 -0.00628859 -0.0047825 -0.00331564 -0.00192741 -0.000651581 0.000484144 0.00145852 0.00225692 0.00287132 0.00330016 0.00354795 0.00362484 0.00354588 0.00333036 0.00300079 0.00258207 0.0021004 0.00158231 0.00105362 0.000538552 5.87852e-05 -0.000367161 -0.000724637 -0.00100317 -0.00119679 -0.00130396 -0.00132751 -0.00127419 -0.00115418 -0.000980409 -0.000767706 -0.000532012 -0.000289335 -5.50193e-05 0.000157263 0.000336051 0.000472842 0.000562314 0.00060264 0.000595338 0.000545082 0.00045922 0.000347114 0.000219472 8.738e-05 -3.83647e-05 -0.000148256 -0.000234549 -0.00029201 -0.000318038 -0.000312935 -0.000279636 -0.000223415 -0.000151313 -7.13703e-05 8.03736e-06 7.91813e-05 0.000135482 0.000172358 0.000187362 0.000180577 0.000154333 0.000112984 6.23208e-05 8.82436e-06 -4.09683e-05 -8.14268e-05 -0.000108212 -0.000119025 -0.000113559 -9.36866e-05 -6.29943e-05 -2.6317e-05 1.09094e-05 4.35414e-05 6.72081e-05 7.9178e-05 7.83993e-05 6.5877e-05 4.42392e-05 1.74126e-05 -1.00336e-05 -3.37335e-05 -5.00008e-05 -5.6696e-05 -5.32126e-05 -4.08333e-05 -2.22233e-05 -1.04609e-06 1.87026e-05 3.35705e-05 4.10057e-05 4.01335e-05 3.15358e-05 1.73851e-05 7.94298e-07 -1.47907e-05 -2.61786e-05 -3.13331e-05 -2.94273e-05 -2.13445e-05 -9.13846e-06 4.26212e-06 1.57495e-05 2.2889e-05 2.41717e-05 1.97082e-05 1.07967e-05 -1.39969e-07 -1.02959e-05 -1.72465e-05 -1.93103e-05 -1.63148e-05 -9.21418e-06 -1.37968e-07 8.37788e-06 1.41069e-05 1.55163e-05 1.25349e-05 6.13575e-06 -1.62663e-06 -8.41279e-06 -1.23295e-05 -1.224e-05 -8.47474e-06 -2.28565e-06 4.24595e-06 9.00609e-06 1.06347e-05 8.63691e-06 3.94644e-06 -1.80768e-06 -6.62814e-06 -8.83973e-06 -7.90153e-06 -4.17311e-06 8.06257e-07 5.1997e-06 7.4761e-06 6.7819e-06 3.6292e-06 -7.63768e-07 -4.62165e-06 -6.4144e-06 -5.62781e-06 -2.56677e-06 1.33873e-06 4.47058e-06 5.61524e-06 4.26481e-06 1.22169e-06 -2.2121e-06 -4.51484e-06 -4.63582e-06 -2.73498e-06 3.49209e-07 3.10196e-06 4.24564e-06 3.39793e-06 8.84608e-07 -1.90523e-06 -3.55889e-06 -3.40733e-06 -1.5684e-06 8.96021e-07 2.90287e-06 3.39991e-06 1.83122e-06 -6.61004e-07 -2.42108e-06 -2.68124e-06 -1.73925e-06 -1.29589e-07 1.92288e-06 3.07016e-06 1.85992e-06 -6.31433e-07 -2.21186e-06 -2.07842e-06 -9.64588e-07 2.97846e-07 1.48496e-06 1.95431e-06 1.1754e-06 -3.3706e-07 -1.84488e-06 -2.21731e-06 -6.78664e-07 1.42586e-06 2.18537e-06 1.20402e-06 -5.68806e-07 -1.66245e-06 -1.33059e-06 -1.02615e-07 9.02088e-07 1.00001e-06 5.42471e-07 -1.38577e-08 -5.96525e-07 -8.02177e-07 -4.98542e-07 2.53639e-08 7.43338e-07 1.06134e-06 3.50782e-07 -6.7081e-07 -1.16388e-06 -8.0537e-07 4.34424e-07 1.39235e-06 9.71038e-07 -2.40551e-07 -1.24549e-06 -1.26177e-06 0. 
0.0966473 0.0966833 0.0952849 0.0926277 0.0888847 0.0842252 0.0788137 0.0728085 0.0663609 0.059614 0.0527019 0.045749 0.0388689 0.0321645 0.0257268 0.0196349 0.0139559 0.00874449 0.00404342 -0.000116679 -0.00371675 -0.00674891 -0.00921586 -0.0111302 -0.0125134 -0.0133952 -0.0138125 -0.013808 -0.0134293 -0.0127278 -0.0117572 -0.0105726 -0.0092289 -0.00778012 -0.00627794 -0.00477086 -0.00330322 -0.00191443 -0.000638301 0.000497448 0.00147156 0.00226939 0.00288294 0.00331064 0.00355703 0.0036323 0.00355155 0.0033341 0.00300252 0.00258179 0.00209816 0.00157825 0.00104792 0.000531461 5.06181e-05 -0.000376057 -0.000733882 -0.00101237 -0.00120556 -0.00131193 -0.00133435 -0.00127963 -0.00115801 -0.000982507 -0.000768041 -0.000530642 -0.000286411 -5.07716e-05 0.000162528 0.000341981 0.000479045 0.000568397 0.000608219 0.000600078 0.000548705 0.000461534 0.000348023 0.00021898 8.55976e-05 -4.1239e-05 -0.00015194 -0.000238711 -0.000296284 -0.000322067 -0.000316385 -0.000282242 -0.000224987 -0.000151766 -7.07211e-05 9.6687e-06 8.15805e-05 0.000138374 0.000175418 0.000190269 0.000183029 0.000156093 0.000113893 6.23257e-05 7.97384e-06 -4.25304e-05 -8.34716e-05 -0.000110469 -0.000121198 -0.000115384 -9.49421e-05 -6.35502e-05 -2.61352e-05 1.17645e-05 4.49119e-05 6.8877e-05 8.08829e-05 7.9895e-05 6.69452e-05 4.47457e-05 1.73062e-05 -1.0703e-05 -3.48261e-05 -5.13209e-05 -5.8006e-05 -5.42995e-05 -4.15155e-05 -2.24085e-05 -7.24837e-07 1.94462e-05 3.45743e-05 4.20754e-05 4.10549e-05 3.21474e-05 1.75762e-05 5.52878e-07 -1.53942e-05 -2.70052e-05 -3.21923e-05 -3.01441e-05 -2.17628e-05 -9.18945e-06 4.57576e-06 1.63387e-05 2.36009e-05 2.48426e-05 2.0172e-05 1.09623e-05 -3.05527e-07 -1.07325e-05 -1.78294e-05 -1.98913e-05 -1.67339e-05 -9.38062e-06 -1.08395e-08 8.74556e-06 1.46022e-05 1.60027e-05 1.28656e-05 6.23585e-06 -1.78504e-06 -8.7662e-06 -1.27626e-05 -1.26263e-05 -8.68665e-06 -2.27819e-06 4.47031e-06 9.36229e-06 1.09984e-05 8.89861e-06 4.01051e-06 -1.94115e-06 -6.91263e-06 -9.16998e-06 -8.15239e-06 -4.27241e-06 9.01501e-07 5.43556e-06 7.76258e-06 7.01575e-06 3.71196e-06 -8.41831e-07 -4.83561e-06 -6.66981e-06 -5.81662e-06 -2.62888e-06 1.43939e-06 4.67257e-06 5.83453e-06 4.41364e-06 1.2252e-06 -2.33227e-06 -4.71333e-06 -4.81875e-06 -2.81222e-06 3.93012e-07 3.25766e-06 4.42492e-06 3.51612e-06 9.0082e-07 -2.01617e-06 -3.72331e-06 -3.54096e-06 -1.61121e-06 9.6747e-07 3.02924e-06 3.54248e-06 1.91266e-06 -7.22638e-07 -2.55844e-06 -2.79363e-06 -1.78101e-06 -1.1723e-07 1.98962e-06 3.22478e-06 1.96379e-06 -7.04566e-07 -2.3436e-06 -2.15713e-06 -9.86125e-07 3.23379e-07 1.55575e-06 2.04795e-06 1.21303e-06 -3.66816e-07 -1.91658e-06 -2.33655e-06 -7.19275e-07 1.5326e-06 2.29488e-06 1.24642e-06 -5.96795e-07 -1.7677e-06 -1.40323e-06 -7.81852e-08 9.60154e-07 1.04658e-06 5.61118e-07 -2.86868e-08 -6.33307e-07 -8.34727e-07 -5.06612e-07 2.72929e-08 7.71687e-07 1.11734e-06 3.5932e-07 -7.08674e-07 -1.20557e-06 -8.51782e-07 4.50957e-07 1.47548e-06 1.00796e-06 -2.55549e-07 -1.29341e-06 -1.33858e-06 0. 
0.0966473 0.0966827 0.0952837 0.0926258 0.0888822 0.0842222 0.0788101 0.0728045 0.0663564 0.0596091 0.0526967 0.0457435 0.0388633 0.0321588 0.0257211 0.0196293 0.0139504 0.0087394 0.00403877 -0.00012077 -0.00372016 -0.00675154 -0.0092176 -0.0111309 -0.012513 -0.0133937 -0.0138098 -0.013804 -0.013424 -0.0127213 -0.0117495 -0.0105637 -0.00921892 -0.00776922 -0.00626627 -0.00475862 -0.00329062 -0.00190171 -0.00062571 0.000509642 0.0014831 0.00228001 0.00289239 0.0033187 0.00356351 0.00363705 0.00355445 0.0033351 0.00300164 0.00257909 0.00209376 0.00157234 0.00104075 0.000523327 4.18407e-05 -0.000385112 -0.000742856 -0.00102089 -0.00121328 -0.00131855 -0.00133961 -0.00128333 -0.00116005 -0.000982845 -0.000766733 -0.000527824 -0.000282299 -4.56543e-05 0.000168322 0.000348073 0.000485067 0.000573969 0.000613023 0.000603826 0.000551211 0.000462677 0.0003478 0.000217469 8.29769e-05 -4.47146e-05 -0.000155962 -0.000242927 -0.000300352 -0.000325646 -0.000319212 -0.000284096 -0.00022577 -0.000151452 -6.94065e-05 1.18111e-05 8.42979e-05 0.000141364 0.000178371 0.000192873 0.00018504 0.000157315 0.000114248 6.18091e-05 6.70159e-06 -4.43745e-05 -8.56364e-05 -0.000112671 -0.000123172 -0.000116882 -9.58116e-05 -6.36978e-05 -2.55938e-05 1.2894e-05 4.64353e-05 7.05594e-05 8.24785e-05 8.11669e-05 6.77342e-05 4.49445e-05 1.69303e-05 -1.15755e-05 -3.60215e-05 -5.26304e-05 -5.92102e-05 -5.51938e-05 -4.19758e-05 -2.23641e-05 -2.24195e-07 2.03e-05 3.55999e-05 4.30743e-05 4.18451e-05 3.25785e-05 1.75962e-05 1.6548e-07 -1.60776e-05 -2.78374e-05 -3.29906e-05 -3.0738e-05 -2.20451e-05 -9.1019e-06 4.98114e-06 1.69663e-05 2.42894e-05 2.54308e-05 2.05321e-05 1.10096e-05 -5.53473e-07 -1.12129e-05 -1.84015e-05 -2.04096e-05 -1.70708e-05 -9.44894e-06 1.81842e-07 9.14763e-06 1.50838e-05 1.6432e-05 1.3127e-05 6.25569e-06 -1.98872e-06 -9.13578e-06 -1.3171e-05 -1.29538e-05 -8.84028e-06 -2.21042e-06 4.71572e-06 9.71143e-06 1.13263e-05 9.10164e-06 4.03258e-06 -2.10952e-06 -7.1934e-06 -9.47185e-06 -8.36462e-06 -4.32196e-06 1.01636e-06 5.67743e-06 8.02604e-06 7.20831e-06 3.76517e-06 -9.48993e-07 -5.04324e-06 -6.90352e-06 -5.9762e-06 -2.65369e-06 1.54632e-06 4.87276e-06 6.02981e-06 4.5283e-06 1.21512e-06 -2.46554e-06 -4.89494e-06 -4.97546e-06 -2.87069e-06 4.56833e-07 3.39994e-06 4.58962e-06 3.61711e-06 8.90127e-07 -2.12275e-06 -3.87324e-06 -3.64922e-06 -1.6415e-06 1.02618e-06 3.16879e-06 3.67386e-06 1.95051e-06 -7.89471e-07 -2.66476e-06 -2.87781e-06 -1.84505e-06 -1.13712e-07 2.10394e-06 3.35822e-06 2.00708e-06 -7.63954e-07 -2.43944e-06 -2.23038e-06 -1.01799e-06 3.56784e-07 1.63057e-06 2.11174e-06 1.25753e-06 -3.83789e-07 -2.01711e-06 -2.42951e-06 -7.26541e-07 1.60688e-06 2.39472e-06 1.29091e-06 -6.40898e-07 -1.85504e-06 -1.45388e-06 -6.16395e-08 1.00466e-06 1.09021e-06 5.82239e-07 -4.89322e-08 -6.60682e-07 -8.55741e-07 -5.32309e-07 3.45021e-08 8.11072e-07 1.14852e-06 3.76775e-07 -7.32037e-07 -1.26808e-06 -8.79636e-07 4.76038e-07 1.52643e-06 1.05928e-06 -2.64577e-07 -1.36083e-06 -1.38637e-06 0. 
0.0966473 0.0966822 0.0952827 0.0926244 0.0888803 0.0842199 0.0788075 0.0728015 0.0663531 0.0596056 0.052693 0.0457397 0.0388595 0.0321551 0.0257175 0.019626 0.0139475 0.0087369 0.00403682 -0.000122084 -0.00372074 -0.0067513 -0.00921645 -0.0111288 -0.0125099 -0.0133895 -0.0138045 -0.0137976 -0.0134166 -0.0127128 -0.0117401 -0.0105534 -0.00920799 -0.00775773 -0.00625441 -0.00474658 -0.00327862 -0.00188998 -0.000614491 0.000520128 0.00149261 0.00228834 0.00289934 0.00332412 0.00356727 0.00363906 0.00355468 0.00333358 0.00299843 0.00257434 0.00208765 0.00156511 0.00103266 0.000514706 3.30217e-05 -0.000393796 -0.000751052 -0.0010283 -0.0012196 -0.00132355 -0.00134311 -0.00128524 -0.00116031 -0.000981537 -0.000763969 -0.000523821 -0.000277317 -4.00136e-05 0.000174271 0.000353976 0.000490563 0.000578753 0.000616807 0.000606435 0.000552504 0.000462655 0.000346506 0.000215079 7.97054e-05 -4.85654e-05 -0.000160071 -0.000246958 -0.000303977 -0.000328598 -0.000321259 -0.000285132 -0.000225731 -0.000150424 -6.75143e-05 1.43223e-05 8.71667e-05 0.00014428 0.000181038 0.000195037 0.000186488 0.00015795 0.000114021 6.0819e-05 5.07825e-06 -4.63857e-05 -8.77911e-05 -0.000114693 -0.000124818 -0.000117975 -9.62263e-05 -6.34403e-05 -2.47094e-05 1.42242e-05 4.80259e-05 7.21553e-05 8.38592e-05 8.21445e-05 6.81748e-05 4.48309e-05 1.62856e-05 -1.25937e-05 -3.72555e-05 -5.38484e-05 -6.02236e-05 -5.5843e-05 -4.21605e-05 -2.20968e-05 4.48026e-07 2.1207e-05 3.65882e-05 4.39381e-05 4.24367e-05 3.28027e-05 1.74155e-05 -3.39883e-07 -1.68152e-05 -2.86178e-05 -3.36703e-05 -3.11684e-05 -2.21467e-05 -8.88312e-06 5.47657e-06 1.7586e-05 2.49116e-05 2.58923e-05 2.07422e-05 1.09354e-05 -8.94331e-07 -1.16991e-05 -1.89309e-05 -2.08232e-05 -1.72832e-05 -9.41338e-06 4.53765e-07 9.54976e-06 1.55261e-05 1.67665e-05 1.32822e-05 6.19302e-06 -2.24918e-06 -9.4877e-06 -1.35312e-05 -1.31906e-05 -8.90361e-06 -2.08755e-06 4.98802e-06 1.00182e-05 1.15932e-05 9.22277e-06 3.98678e-06 -2.29586e-06 -7.46633e-06 -9.71019e-06 -8.51142e-06 -4.31391e-06 1.16566e-06 5.89637e-06 8.25236e-06 7.3337e-06 3.76621e-06 -1.07312e-06 -5.24641e-06 -7.08327e-06 -6.08672e-06 -2.63506e-06 1.67278e-06 5.04272e-06 6.1901e-06 4.58873e-06 1.17301e-06 -2.59281e-06 -5.05704e-06 -5.07897e-06 -2.89501e-06 5.34153e-07 3.53751e-06 4.70795e-06 3.68265e-06 8.53992e-07 -2.22716e-06 -3.98735e-06 -3.73549e-06 -1.63644e-06 1.10172e-06 3.27492e-06 3.76526e-06 1.96008e-06 -8.43412e-07 -2.75863e-06 -2.96577e-06 -1.85916e-06 -7.45514e-08 2.18077e-06 3.44305e-06 2.03515e-06 -8.03645e-07 -2.53258e-06 -2.29941e-06 -1.00747e-06 3.91614e-07 1.68105e-06 2.17136e-06 1.26954e-06 -4.18042e-07 -2.08113e-06 -2.4879e-06 -7.25459e-07 1.66301e-06 2.47086e-06 1.31956e-06 -6.8939e-07 -1.91267e-06 -1.48852e-06 -5.93595e-08 1.05995e-06 1.12727e-06 5.76264e-07 -5.72885e-08 -6.8852e-07 -8.82495e-07 -5.2337e-07 4.3703e-08 8.25753e-07 1.17722e-06 3.74963e-07 -7.56123e-07 -1.28961e-06 -8.9934e-07 4.88295e-07 1.56761e-06 1.07983e-06 -2.73435e-07 -1.39063e-06 -1.42286e-06 0. 
0.0966473 0.0966819 0.0952821 0.0926235 0.0888791 0.0842184 0.0788058 0.0727996 0.0663512 0.0596035 0.052691 0.0457377 0.0388576 0.0321534 0.0257161 0.0196249 0.0139469 0.00873681 0.00403733 -0.000120894 -0.00371881 -0.00674856 -0.00921286 -0.0111243 -0.0125045 -0.0133832 -0.0137973 -0.0137895 -0.0134077 -0.0127032 -0.0117298 -0.0105427 -0.00919688 -0.00774643 -0.0062431 -0.00473546 -0.00326789 -0.00187985 -0.000605167 0.000528438 0.00149974 0.00229411 0.00290364 0.00332682 0.00356834 0.00363847 0.00355249 0.00332985 0.00299331 0.002568 0.00208034 0.00155707 0.00102421 0.000506144 2.46675e-05 -0.000401624 -0.000758071 -0.00103423 -0.00122425 -0.00132675 -0.00134477 -0.00128533 -0.00115891 -0.000978746 -0.000760007 -0.000518922 -0.0002718 -3.41957e-05 0.000180039 0.000359362 0.000495264 0.000582502 0.000619429 0.00060779 0.000552588 0.000461495 0.000344274 0.000211959 7.59977e-05 -5.25747e-05 -0.000164041 -0.000250586 -0.000306985 -0.000330764 -0.000322457 -0.000285287 -0.000224912 -0.000148726 -6.51749e-05 1.70786e-05 9.00238e-05 0.00014697 0.000183286 0.000196639 0.000187316 0.000157942 0.000113249 5.93798e-05 3.20779e-06 -4.84785e-05 -8.98161e-05 -0.00011643 -0.000126056 -0.000118587 -9.61792e-05 -6.27555e-05 -2.35444e-05 1.57186e-05 4.95892e-05 7.35937e-05 8.49505e-05 8.27596e-05 6.82508e-05 4.43718e-05 1.54184e-05 -1.3743e-05 -3.84511e-05 -5.49268e-05 -6.09866e-05 -5.61944e-05 -4.20629e-05 -2.15787e-05 1.24514e-06 2.2158e-05 3.74736e-05 4.46297e-05 4.27909e-05 3.27802e-05 1.70475e-05 -9.81206e-07 -1.75537e-05 -2.93334e-05 -3.418e-05 -3.14026e-05 -2.20574e-05 -8.50439e-06 6.02537e-06 1.82032e-05 2.54156e-05 2.62068e-05 2.07791e-05 1.07106e-05 -1.30388e-06 -1.2206e-05 -1.93691e-05 -2.11218e-05 -1.73427e-05 -9.24822e-06 7.86746e-07 9.97036e-06 1.58835e-05 1.70017e-05 1.33038e-05 6.02564e-06 -2.5482e-06 -9.84074e-06 -1.37998e-05 -1.33344e-05 -8.85456e-06 -1.88867e-06 5.26461e-06 1.03003e-05 1.17574e-05 9.25731e-06 3.86031e-06 -2.52166e-06 -7.70045e-06 -9.898e-06 -8.55572e-06 -4.23833e-06 1.34606e-06 6.11217e-06 8.40245e-06 7.39785e-06 3.69182e-06 -1.22858e-06 -5.42188e-06 -7.22553e-06 -6.11081e-06 -2.57021e-06 1.81829e-06 5.20065e-06 6.27799e-06 4.603e-06 1.0797e-06 -2.72683e-06 -5.17269e-06 -5.14448e-06 -2.85284e-06 6.30092e-07 3.65594e-06 4.79607e-06 3.67892e-06 7.96732e-07 -2.33455e-06 -4.08281e-06 -3.75674e-06 -1.60247e-06 1.19419e-06 3.357e-06 3.80102e-06 1.95558e-06 -9.26305e-07 -2.84819e-06 -2.99926e-06 -1.84113e-06 -1.17959e-08 2.2343e-06 3.48981e-06 2.04685e-06 -8.79368e-07 -2.60338e-06 -2.32009e-06 -9.96039e-07 4.48163e-07 1.73393e-06 2.1891e-06 1.24833e-06 -4.67296e-07 -2.10968e-06 -2.50818e-06 -7.17658e-07 1.72766e-06 2.50603e-06 1.31301e-06 -7.10296e-07 -1.97405e-06 -1.51713e-06 -1.85492e-08 1.09978e-06 1.15399e-06 5.73821e-07 -1.02045e-07 -7.18227e-07 -8.77444e-07 -5.01267e-07 6.85173e-08 8.30787e-07 1.16525e-06 3.57512e-07 -7.65665e-07 -1.28065e-06 -8.92972e-07 4.91909e-07 1.57529e-06 1.0722e-06 -2.78901e-07 -1.38606e-06 -1.43058e-06 0. 
0.0966473 0.0966817 0.0952818 0.092623 0.0888785 0.0842177 0.0788051 0.0727988 0.0663504 0.0596029 0.0526904 0.0457373 0.0388575 0.0321536 0.0257166 0.0196259 0.0139484 0.00873883 0.00403996 -0.000117601 -0.00371481 -0.00674382 -0.00920736 -0.011118 -0.0124975 -0.0133755 -0.0137888 -0.0137805 -0.0133981 -0.0126931 -0.0117195 -0.0105321 -0.0091863 -0.00773598 -0.00623297 -0.00472583 -0.00325895 -0.00187177 -0.000598119 0.000534305 0.00150428 0.00229724 0.00290526 0.00332692 0.0035669 0.00363557 0.0035482 0.00332433 0.00298673 0.0025606 0.00207235 0.00154879 0.00101591 0.000498129 1.72257e-05 -0.000408224 -0.000763589 -0.00103849 -0.00122709 -0.00132811 -0.00134462 -0.00128375 -0.00115601 -0.000974745 -0.000755123 -0.000513468 -0.00026607 -2.85359e-05 0.000185324 0.00036397 0.000498953 0.000585088 0.000620789 0.000607906 0.000551492 0.000459342 0.000341238 0.000208329 7.20431e-05 -5.65141e-05 -0.000167682 -0.00025364 -0.000309243 -0.000332076 -0.000322755 -0.00028461 -0.000223351 -0.000146495 -6.2486e-05 1.99145e-05 9.27525e-05 0.000149301 0.000185023 0.000197622 0.000187485 0.000157329 0.000111947 5.75979e-05 1.14633e-06 -5.05306e-05 -9.16454e-05 -0.000117798 -0.000126839 -0.000118706 -9.56559e-05 -6.17053e-05 -2.21154e-05 1.72808e-05 5.1093e-05 7.47955e-05 8.57224e-05 8.29907e-05 6.79463e-05 4.36101e-05 1.43281e-05 -1.49459e-05 -3.95993e-05 -5.58004e-05 -6.14874e-05 -5.62335e-05 -4.16719e-05 -2.08505e-05 2.17667e-06 2.30865e-05 3.82619e-05 4.51018e-05 4.2906e-05 3.25133e-05 1.64804e-05 -1.71166e-06 -1.83115e-05 -2.99286e-05 -3.45332e-05 -3.14172e-05 -2.1774e-05 -7.98999e-06 6.64867e-06 1.87672e-05 2.5826e-05 2.63387e-05 2.06501e-05 1.03422e-05 -1.80114e-06 -1.26915e-05 -1.97471e-05 -2.12656e-05 -1.72647e-05 -8.9507e-06 1.19743e-06 1.03736e-05 1.61903e-05 1.70974e-05 1.32106e-05 5.74768e-06 -2.90256e-06 -1.01615e-05 -1.40134e-05 -1.33471e-05 -8.71133e-06 -1.61046e-06 5.56704e-06 1.05238e-05 1.18576e-05 9.17103e-06 3.66389e-06 -2.78335e-06 -7.9262e-06 -9.99764e-06 -8.53225e-06 -4.06764e-06 1.56133e-06 6.30812e-06 8.51337e-06 7.36019e-06 3.56518e-06 -1.4274e-06 -5.59044e-06 -7.29774e-06 -6.08583e-06 -2.42567e-06 1.98037e-06 5.33463e-06 6.32936e-06 4.53029e-06 9.5789e-07 -2.87859e-06 -5.26595e-06 -5.13562e-06 -2.77758e-06 7.7175e-07 3.76163e-06 4.83278e-06 3.64451e-06 6.76661e-07 -2.43969e-06 -4.14491e-06 -3.74423e-06 -1.50809e-06 1.28279e-06 3.43483e-06 3.80992e-06 1.87458e-06 -1.01056e-06 -2.91988e-06 -3.00753e-06 -1.78443e-06 6.18236e-08 2.31642e-06 3.48831e-06 1.98189e-06 -9.25515e-07 -2.66563e-06 -2.34352e-06 -9.39265e-07 5.27322e-07 1.78581e-06 2.16206e-06 1.19379e-06 -5.08546e-07 -2.15248e-06 -2.47807e-06 -6.58658e-07 1.7405e-06 2.53587e-06 1.30825e-06 -7.79893e-07 -2.00819e-06 -1.51809e-06 9.69852e-09 1.1671e-06 1.18139e-06 5.37734e-07 -1.62121e-07 -7.53908e-07 -8.53724e-07 -4.52291e-07 1.09049e-07 8.28355e-07 1.10623e-06 3.25167e-07 -7.52233e-07 -1.25993e-06 -8.49461e-07 4.98742e-07 1.5243e-06 1.05623e-06 -2.74776e-07 -1.37733e-06 -1.38507e-06 0. 
0.0966473 0.0966817 0.0952817 0.092623 0.0888785 0.0842178 0.0788052 0.0727991 0.0663508 0.0596034 0.0526912 0.0457384 0.0388589 0.0321553 0.0257188 0.0196285 0.0139515 0.00874254 0.00404426 -0.00011268 -0.00370926 -0.00673763 -0.00920054 -0.0111106 -0.0124895 -0.0133669 -0.0137798 -0.0137711 -0.0133885 -0.0126834 -0.0117096 -0.0105224 -0.00917685 -0.00772696 -0.00622453 -0.00471813 -0.00325214 -0.00186601 -0.000593526 0.000537618 0.00150624 0.00229779 0.0029044 0.00332466 0.00356331 0.00363075 0.0035423 0.00331752 0.00297924 0.00255265 0.00206422 0.00154074 0.00100823 0.000491073 1.1046e-05 -0.000413318 -0.000767426 -0.00104094 -0.00122811 -0.00132768 -0.00134283 -0.00128071 -0.00115193 -0.000969828 -0.000749681 -0.000507781 -0.000260475 -2.33187e-05 0.000189865 0.000367612 0.000501506 0.000586443 0.000620916 0.000606843 0.000549376 0.000456346 0.000337637 0.000204384 6.80878e-05 -6.02061e-05 -0.000170814 -0.000256009 -0.000310681 -0.000332515 -0.000322207 -0.000283164 -0.000221196 -0.00014384 -5.96311e-05 2.27167e-05 9.5203e-05 0.000151201 0.000186185 0.000197979 0.000187033 0.000156157 0.000110234 5.55438e-05 -9.67828e-07 -5.24835e-05 -9.31808e-05 -0.000118779 -0.000127149 -0.000118355 -9.47202e-05 -6.03324e-05 -2.05297e-05 1.8876e-05 5.24439e-05 7.57551e-05 8.61422e-05 8.28606e-05 6.73008e-05 4.25772e-05 1.30987e-05 -1.61874e-05 -4.06231e-05 -5.64827e-05 -6.17e-05 -5.5991e-05 -4.10234e-05 -1.99351e-05 3.17216e-06 2.39983e-05 3.88958e-05 4.53866e-05 4.27736e-05 3.20349e-05 1.5756e-05 -2.52625e-06 -1.90296e-05 -3.04336e-05 -3.46964e-05 -3.1254e-05 -2.13098e-05 -7.35696e-06 7.29992e-06 1.93031e-05 2.61012e-05 2.63351e-05 2.03498e-05 9.85707e-06 -2.35407e-06 -1.31762e-05 -2.00244e-05 -2.1305e-05 -1.70337e-05 -8.5528e-06 1.66511e-06 1.07791e-05 1.64097e-05 1.71064e-05 1.2983e-05 5.39109e-06 -3.29777e-06 -1.04733e-05 -1.41382e-05 -1.32835e-05 -8.45409e-06 -1.27903e-06 5.88211e-06 1.07214e-05 1.18618e-05 9.01882e-06 3.3802e-06 -3.06946e-06 -8.1281e-06 -1.00555e-05 -8.40913e-06 -3.84825e-06 1.82376e-06 6.49638e-06 8.56191e-06 7.27492e-06 3.35474e-06 -1.6444e-06 -5.7516e-06 -7.33687e-06 -5.97846e-06 -2.24994e-06 2.18117e-06 5.45249e-06 6.32427e-06 4.4232e-06 7.71219e-07 -3.02794e-06 -5.33532e-06 -5.09445e-06 -2.63312e-06 9.20748e-07 3.87588e-06 4.83969e-06 3.54309e-06 5.46041e-07 -2.56591e-06 -4.18618e-06 -3.6912e-06 -1.38905e-06 1.42533e-06 3.47619e-06 3.76187e-06 1.79577e-06 -1.11526e-06 -3.00018e-06 -3.01576e-06 -1.66749e-06 2.06977e-07 2.32943e-06 3.44558e-06 1.9441e-06 -1.00405e-06 -2.74287e-06 -2.34762e-06 -8.43499e-07 6.32059e-07 1.81716e-06 2.13804e-06 1.09264e-06 -6.01428e-07 -2.12291e-06 -2.424e-06 -6.22357e-07 1.79093e-06 2.53793e-06 1.26633e-06 -8.25754e-07 -2.05364e-06 -1.52457e-06 6.46621e-08 1.25195e-06 1.21005e-06 4.75058e-07 -2.38271e-07 -8.00334e-07 -8.31198e-07 -3.46083e-07 1.62515e-07 7.85617e-07 1.04818e-06 2.59038e-07 -7.52281e-07 -1.16459e-06 -8.03524e-07 4.799e-07 1.48624e-06 9.83303e-07 -2.77419e-07 -1.29654e-06 -1.35014e-06 0. 
0.0966473 0.0966818 0.095282 0.0926233 0.088879 0.0842184 0.078806 0.0728001 0.0663521 0.059605 0.0526931 0.0457406 0.0388615 0.0321583 0.0257223 0.0196325 0.0139559 0.00874749 0.00404974 -0.000106675 -0.00370272 -0.00673059 -0.00919302 -0.0111026 -0.0124811 -0.0133583 -0.0137709 -0.0137621 -0.0133794 -0.0126744 -0.0117009 -0.0105141 -0.009169 -0.00771975 -0.00621811 -0.00471262 -0.00324767 -0.00186267 -0.000591407 0.000538461 0.00150578 0.00229602 0.00290136 0.00332043 0.00355801 0.00362451 0.0035353 0.00330997 0.00297136 0.0025447 0.00205644 0.0015334 0.00100157 0.000485315 6.3747e-06 -0.000416744 -0.000769509 -0.00104163 -0.00122741 -0.00132567 -0.00133964 -0.00127653 -0.00114697 -0.000964383 -0.000744027 -0.000502231 -0.00025531 -1.88231e-05 0.000193477 0.000370151 0.000502875 0.000586597 0.000619901 0.00060477 0.00054643 0.000452769 0.000333699 0.000200396 6.43309e-05 -6.34429e-05 -0.000173321 -0.000257605 -0.000311294 -0.000332127 -0.000320908 -0.000281105 -0.000218596 -0.000140966 -5.67544e-05 2.5309e-05 9.72901e-05 0.000152581 0.000186773 0.000197734 0.000186038 0.000154545 0.000108218 5.33734e-05 -3.04472e-06 -5.42142e-05 -9.43944e-05 -0.000119332 -0.000127027 -0.000117589 -9.34556e-05 -5.8752e-05 -1.88625e-05 2.03911e-05 5.36173e-05 7.64179e-05 8.62472e-05 8.23968e-05 6.63867e-05 4.13597e-05 1.17893e-05 -1.73754e-05 -4.15155e-05 -5.69295e-05 -6.16726e-05 -5.54922e-05 -4.01855e-05 -1.89045e-05 4.19391e-06 2.48242e-05 3.93957e-05 4.54618e-05 4.24565e-05 3.13794e-05 1.49299e-05 -3.3636e-06 -1.97046e-05 -3.08056e-05 -3.47214e-05 -3.09169e-05 -2.07292e-05 -6.64736e-06 7.95828e-06 1.97668e-05 2.62824e-05 2.61837e-05 1.99452e-05 9.27957e-06 -2.93174e-06 -1.36232e-05 -2.02357e-05 -2.12219e-05 -1.67174e-05 -8.06664e-06 2.15601e-06 1.11592e-05 1.65764e-05 1.70105e-05 1.26886e-05 4.96026e-06 -3.7045e-06 -1.07563e-05 -1.42148e-05 -1.31267e-05 -8.14865e-06 -8.94408e-07 6.19241e-06 1.08782e-05 1.18212e-05 8.78507e-06 3.069e-06 -3.38235e-06 -8.31012e-06 -1.00588e-05 -8.24905e-06 -3.5636e-06 2.09169e-06 6.68015e-06 8.58063e-06 7.12567e-06 3.12299e-06 -1.89847e-06 -5.8963e-06 -7.33946e-06 -5.84409e-06 -2.01878e-06 2.37854e-06 5.56808e-06 6.29278e-06 4.26354e-06 5.78374e-07 -3.20183e-06 -5.38298e-06 -5.01661e-06 -2.47359e-06 1.10975e-06 3.96941e-06 4.82807e-06 3.42848e-06 3.72554e-07 -2.68674e-06 -4.22671e-06 -3.6046e-06 -1.23047e-06 1.53944e-06 3.53263e-06 3.71754e-06 1.67429e-06 -1.24726e-06 -3.08575e-06 -2.96124e-06 -1.54263e-06 3.08286e-07 2.39308e-06 3.41077e-06 1.84987e-06 -1.09679e-06 -2.8124e-06 -2.32786e-06 -7.49554e-07 7.5264e-07 1.87861e-06 2.0559e-06 9.82577e-07 -6.57004e-07 -2.13772e-06 -2.35576e-06 -5.419e-07 1.81493e-06 2.54657e-06 1.23157e-06 -9.02084e-07 -2.10706e-06 -1.52118e-06 1.41994e-07 1.34065e-06 1.23531e-06 4.19348e-07 -3.54182e-07 -8.5269e-07 -7.65891e-07 -2.5794e-07 2.28215e-07 7.68066e-07 9.31468e-07 1.98652e-07 -7.18536e-07 -1.10436e-06 -7.23632e-07 4.79864e-07 1.38803e-06 9.34831e-07 -2.67842e-07 -1.25218e-06 -1.26491e-06 0. 
0.0966473 0.0966821 0.0952824 0.092624 0.0888799 0.0842196 0.0788074 0.0728018 0.0663541 0.0596073 0.0526958 0.0457437 0.0388649 0.0321622 0.0257266 0.0196372 0.0139612 0.00875316 0.00405585 -0.000100137 -0.00369579 -0.00672329 -0.0091854 -0.0110948 -0.0124731 -0.0133501 -0.0137628 -0.013754 -0.0133715 -0.0126668 -0.0116938 -0.0105075 -0.00916308 -0.00771463 -0.00621389 -0.00470942 -0.00324554 -0.0018617 -0.000591615 0.000537057 0.00150319 0.00229231 0.0028966 0.00331474 0.00355152 0.00361741 0.00352778 0.00330224 0.00296367 0.00253726 0.0020495 0.00152718 0.000996257 0.000481088 3.3655e-06 -0.00041845 -0.000769876 -0.00104068 -0.00122521 -0.00132236 -0.0013354 -0.00127157 -0.00114156 -0.000958796 -0.000738553 -0.000497148 -0.000250878 -1.52576e-05 0.000196003 0.000371534 0.000503074 0.000585648 0.000617909 0.000601907 0.00054292 0.000448879 0.000329717 0.000196608 6.10094e-05 -6.60722e-05 -0.000175083 -0.000258404 -0.000311104 -0.000331014 -0.000319004 -0.000278613 -0.000215764 -0.000138066 -5.40577e-05 2.75584e-05 9.88929e-05 0.000153414 0.000186784 0.000196967 0.000184605 0.000152638 0.000106065 5.1229e-05 -4.93593e-06 -5.56457e-05 -9.52153e-05 -0.000119477 -0.000126507 -0.000116507 -9.19722e-05 -5.70864e-05 -1.72427e-05 2.17459e-05 5.45315e-05 7.67873e-05 8.60404e-05 8.16787e-05 6.52825e-05 4.00624e-05 1.05033e-05 -1.84452e-05 -4.22092e-05 -5.71547e-05 -6.141e-05 -5.48166e-05 -3.92249e-05 -1.78478e-05 5.16091e-06 2.55279e-05 3.97204e-05 4.53681e-05 4.19763e-05 3.06317e-05 1.40649e-05 -4.16032e-06 -2.0281e-05 -3.10517e-05 -3.45996e-05 -3.0476e-05 -2.00705e-05 -5.93487e-06 8.57301e-06 2.01433e-05 2.63482e-05 2.59398e-05 1.94572e-05 8.68498e-06 -3.49403e-06 -1.40068e-05 -2.03584e-05 -2.10637e-05 -1.63272e-05 -7.56593e-06 2.6405e-06 1.14869e-05 1.66727e-05 1.68563e-05 1.23351e-05 4.52577e-06 -4.10246e-06 -1.09909e-05 -1.42323e-05 -1.29284e-05 -7.80111e-06 -5.21124e-07 6.48583e-06 1.09898e-05 1.17312e-05 8.5299e-06 2.73449e-06 -3.66933e-06 -8.46762e-06 -1.00263e-05 -8.05156e-06 -3.27992e-06 2.36567e-06 6.8312e-06 8.57172e-06 6.95807e-06 2.86723e-06 -2.13256e-06 -6.03266e-06 -7.31395e-06 -5.68387e-06 -1.79232e-06 2.58373e-06 5.65428e-06 6.24437e-06 4.09575e-06 3.69323e-07 -3.35144e-06 -5.42471e-06 -4.92066e-06 -2.29894e-06 1.28067e-06 4.0693e-06 4.79493e-06 3.29773e-06 2.067e-07 -2.80965e-06 -4.23986e-06 -3.52413e-06 -1.0774e-06 1.68265e-06 3.56589e-06 3.64806e-06 1.55166e-06 -1.35629e-06 -3.15338e-06 -2.95304e-06 -1.39957e-06 4.64356e-07 2.41346e-06 3.34153e-06 1.7765e-06 -1.16529e-06 -2.89185e-06 -2.33352e-06 -6.20594e-07 8.74482e-07 1.90399e-06 2.00905e-06 8.62766e-07 -7.48782e-07 -2.11111e-06 -2.28152e-06 -4.84993e-07 1.84922e-06 2.5539e-06 1.18988e-06 -9.79188e-07 -2.14803e-06 -1.51571e-06 1.96717e-07 1.44929e-06 1.26662e-06 3.32006e-07 -4.40766e-07 -9.04006e-07 -7.35675e-07 -1.30396e-07 2.89819e-07 7.16634e-07 8.55199e-07 1.23623e-07 -7.11238e-07 -9.99091e-07 -6.63965e-07 4.60788e-07 1.33002e-06 8.5658e-07 -2.67429e-07 -1.16759e-06 -1.2125e-06 0. 
0.0966473 0.0966823 0.095283 0.0926249 0.0888811 0.0842211 0.0788093 0.072804 0.0663566 0.0596102 0.052699 0.0457473 0.0388689 0.0321666 0.0257314 0.0196424 0.0139667 0.00875905 0.00406208 -9.36007e-05 -0.00368899 -0.00671628 -0.00917824 -0.0110875 -0.0124658 -0.0133429 -0.0137558 -0.0137473 -0.0133652 -0.0126609 -0.0116885 -0.0105029 -0.00915928 -0.00771171 -0.00621192 -0.00470846 -0.00324565 -0.00186288 -0.000593872 0.000533754 0.00149891 0.00228713 0.00289063 0.00330812 0.00354444 0.00361002 0.00352031 0.00329489 0.00295666 0.0025308 0.00204378 0.00152238 0.000992526 0.000478536 2.06412e-06 -0.000418481 -0.000768662 -0.0010383 -0.0012218 -0.00131809 -0.00133047 -0.00126624 -0.0011361 -0.000953461 -0.000733616 -0.000492842 -0.000247417 -1.27945e-05 0.000197361 0.000371753 0.000502182 0.000583745 0.000615153 0.000598507 0.000539132 0.000444968 0.000325968 0.000193272 5.83214e-05 -6.79487e-05 -0.000176032 -0.000258398 -0.000310183 -0.000329296 -0.000316671 -0.000275891 -0.000212916 -0.000135347 -5.17211e-05 2.93205e-05 9.99286e-05 0.000153664 0.000186255 0.000195755 0.000182869 0.000150585 0.000103941 4.92667e-05 -6.5124e-06 -5.66827e-05 -9.56068e-05 -0.000119216 -0.000125652 -0.000115197 -9.03983e-05 -5.54623e-05 -1.5794e-05 2.28414e-05 5.51301e-05 7.68394e-05 8.55578e-05 8.07633e-05 6.40901e-05 3.87843e-05 9.3462e-06 -1.93152e-05 -4.26577e-05 -5.71401e-05 -6.09493e-05 -5.40145e-05 -3.82336e-05 -1.68458e-05 5.98997e-06 2.60531e-05 3.98507e-05 4.51083e-05 4.13874e-05 2.9846e-05 1.32459e-05 -4.85431e-06 -2.07082e-05 -3.1148e-05 -3.43514e-05 -2.99596e-05 -1.94059e-05 -5.27246e-06 9.08163e-06 2.04003e-05 2.6297e-05 2.56162e-05 1.89439e-05 8.11496e-06 -3.97727e-06 -1.4296e-05 -2.03811e-05 -2.08365e-05 -1.59126e-05 -7.08386e-06 3.05807e-06 1.17375e-05 1.66867e-05 1.66507e-05 1.19696e-05 4.11502e-06 -4.43672e-06 -1.11612e-05 -1.41864e-05 -1.26997e-05 -7.46028e-06 -1.80786e-07 6.71653e-06 1.10505e-05 1.16004e-05 8.26787e-06 2.42794e-06 -3.91625e-06 -8.56883e-06 -9.96271e-06 -7.84268e-06 -3.01256e-06 2.59589e-06 6.94655e-06 8.5264e-06 6.78561e-06 2.62981e-06 -2.3387e-06 -6.12606e-06 -7.27093e-06 -5.51735e-06 -1.58245e-06 2.75288e-06 5.71829e-06 6.17286e-06 3.93456e-06 1.83599e-07 -3.47852e-06 -5.43632e-06 -4.82548e-06 -2.13318e-06 1.43263e-06 4.13638e-06 4.75598e-06 3.16893e-06 6.15001e-08 -2.90986e-06 -4.25049e-06 -3.42625e-06 -9.35786e-07 1.78737e-06 3.58523e-06 3.58869e-06 1.45212e-06 -1.4764e-06 -3.21892e-06 -2.89264e-06 -1.27079e-06 5.58764e-07 2.4299e-06 3.30734e-06 1.71071e-06 -1.26286e-06 -2.95008e-06 -2.29898e-06 -5.27812e-07 9.75375e-07 1.93987e-06 1.94163e-06 7.59388e-07 -8.04378e-07 -2.09508e-06 -2.22787e-06 -4.29765e-07 1.88948e-06 2.55053e-06 1.14764e-06 -1.03231e-06 -2.19977e-06 -1.5126e-06 2.74313e-07 1.52376e-06 1.28334e-06 2.78596e-07 -5.37818e-07 -9.46968e-07 -6.82453e-07 -4.36436e-08 3.42112e-07 6.89522e-07 7.6784e-07 6.68433e-08 -6.89718e-07 -9.29356e-07 -6.05637e-07 4.52507e-07 1.26372e-06 8.02099e-07 -2.62676e-07 -1.11159e-06 -1.15572e-06 0. 
0.0966473 0.0966827 0.0952836 0.0926259 0.0888824 0.0842228 0.0788113 0.0728064 0.0663593 0.0596133 0.0527024 0.0457511 0.0388731 0.0321711 0.0257362 0.0196475 0.0139721 0.00876471 0.00406796 -8.75466e-05 -0.00368281 -0.00671004 -0.00917199 -0.0110814 -0.0124598 -0.0133371 -0.0137503 -0.0137422 -0.0133606 -0.012657 -0.0116852 -0.0105004 -0.00915762 -0.00771094 -0.00621209 -0.00470959 -0.00324773 -0.00186591 -0.000597801 0.000528988 0.00149339 0.00228098 0.002884 0.00330115 0.0035373 0.00360291 0.00351341 0.00328841 0.00295076 0.00252568 0.00203957 0.00151922 0.000990496 0.000477699 2.41496e-06 -0.000416968 -0.000766083 -0.00103477 -0.0012175 -0.00131322 -0.00132527 -0.00126095 -0.00113097 -0.000948742 -0.000729517 -0.000489571 -0.0002451 -1.15437e-05 0.000197533 0.000370859 0.000500331 0.000581073 0.000611869 0.000594841 0.000535341 0.000441319 0.000322697 0.00019061 5.64185e-05 -6.89634e-05 -0.000176142 -0.000257614 -0.000308627 -0.000327115 -0.000314089 -0.000273142 -0.00021025 -0.000133006 -4.98927e-05 3.04717e-05 0.000100345 0.000153319 0.000185241 0.000194189 0.000180958 0.00014854 0.000101995 4.7635e-05 -7.6711e-06 -5.72409e-05 -9.55503e-05 -0.000118559 -0.000124528 -0.000113752 -8.88469e-05 -5.40044e-05 -1.46174e-05 2.35831e-05 5.53733e-05 7.65543e-05 8.4836e-05 7.97091e-05 6.28963e-05 3.76249e-05 8.40204e-06 -1.99033e-05 -4.28278e-05 -5.68665e-05 -6.03236e-05 -5.31358e-05 -3.72849e-05 -1.59814e-05 6.61778e-06 2.63389e-05 3.97744e-05 4.46819e-05 4.07331e-05 2.90777e-05 1.25365e-05 -5.3771e-06 -2.09501e-05 -3.10632e-05 -3.39932e-05 -2.9394e-05 -1.87874e-05 -4.71977e-06 9.44065e-06 2.04941e-05 2.61294e-05 2.52196e-05 1.8446e-05 7.61738e-06 -4.3389e-06 -1.44459e-05 -2.02983e-05 -2.05381e-05 -1.55076e-05 -6.65987e-06 3.37013e-06 1.18693e-05 1.66136e-05 1.63902e-05 1.16241e-05 3.76369e-06 -4.67419e-06 -1.12312e-05 -1.40785e-05 -1.24419e-05 -7.15861e-06 9.19748e-08 6.85975e-06 1.10326e-05 1.144e-05 8.00858e-06 2.18108e-06 -4.08961e-06 -8.60085e-06 -9.8512e-06 -7.64362e-06 -2.78096e-06 2.75524e-06 6.99629e-06 8.44788e-06 6.60703e-06 2.43929e-06 -2.48936e-06 -6.16347e-06 -7.19319e-06 -5.36536e-06 -1.40465e-06 2.86296e-06 5.73573e-06 6.08748e-06 3.78176e-06 4.74382e-08 -3.56037e-06 -5.41502e-06 -4.72014e-06 -2.0026e-06 1.54555e-06 4.16167e-06 4.69888e-06 3.0594e-06 -5.83409e-08 -2.96313e-06 -4.23078e-06 -3.33985e-06 -8.23306e-07 1.85281e-06 3.59047e-06 3.52159e-06 1.3522e-06 -1.54205e-06 -3.23951e-06 -2.84513e-06 -1.17837e-06 6.33234e-07 2.44814e-06 3.24731e-06 1.63625e-06 -1.30269e-06 -2.9755e-06 -2.27631e-06 -4.51466e-07 1.04499e-06 1.95286e-06 1.88215e-06 6.86492e-07 -8.39526e-07 -2.08617e-06 -2.16882e-06 -3.79573e-07 1.89314e-06 2.54372e-06 1.11631e-06 -1.08109e-06 -2.2137e-06 -1.49654e-06 3.14564e-07 1.57462e-06 1.28983e-06 2.32753e-07 -5.95812e-07 -9.70459e-07 -6.46987e-07 1.66938e-08 3.76947e-07 6.6803e-07 7.04038e-07 2.97061e-08 -6.71487e-07 -8.82625e-07 -5.60307e-07 4.46975e-07 1.2082e-06 7.66482e-07 -2.5751e-07 -1.07542e-06 -1.107e-06 0. 
0.0966473 0.096683 0.0952843 0.0926269 0.0888838 0.0842245 0.0788133 0.0728087 0.066362 0.0596163 0.0527058 0.0457547 0.038877 0.0321753 0.0257406 0.0196522 0.013977 0.00876975 0.00407309 -8.23584e-05 -0.00367763 -0.00670492 -0.00916702 -0.0110766 -0.0124553 -0.013333 -0.0137466 -0.013739 -0.0133581 -0.0126551 -0.011684 -0.0105 -0.00915801 -0.00771216 -0.00621416 -0.00471249 -0.00325145 -0.00187037 -0.000602958 0.000523241 0.00148717 0.00227441 0.00287723 0.00329434 0.00353062 0.00359654 0.00350752 0.00328316 0.0029463 0.00252213 0.00203706 0.00151778 0.000990188 0.000478493 4.28212e-06 -0.000414139 -0.000762405 -0.00103043 -0.00121268 -0.00130814 -0.00132017 -0.00125605 -0.0011265 -0.000944911 -0.000726503 -0.000487483 -0.00024404 -1.15083e-05 0.000196552 0.000368982 0.000497677 0.000577856 0.000608294 0.000591167 0.000531805 0.000438156 0.000320118 0.000188761 5.54207e-05 -6.90954e-05 -0.000175409 -0.000256141 -0.000306537 -0.000324636 -0.000311424 -0.000270547 -0.00020794 -0.000131178 -4.87001e-05 3.09632e-05 0.000100099 0.000152423 0.000183788 0.000192385 0.000178982 0.000146636 0.000100353 4.64292e-05 -8.31973e-06 -5.73002e-05 -9.50197e-05 -0.000117563 -0.000123181 -0.000112272 -8.74041e-05 -5.28057e-05 -1.37994e-05 2.39306e-05 5.52137e-05 7.59599e-05 8.38845e-05 7.85921e-05 6.17559e-05 3.66624e-05 7.73863e-06 -2.01736e-05 -4.26754e-05 -5.6358e-05 -5.95332e-05 -5.22453e-05 -3.64183e-05 -1.53166e-05 6.9922e-06 2.63659e-05 3.94585e-05 4.4122e-05 4.00172e-05 2.83865e-05 1.19712e-05 -5.68682e-06 -2.09669e-05 -3.08027e-05 -3.35066e-05 -2.88253e-05 -1.82286e-05 -4.32534e-06 9.61703e-06 2.04127e-05 2.58183e-05 2.47825e-05 1.79624e-05 7.23985e-06 -4.55577e-06 -1.44362e-05 -2.00823e-05 -2.01925e-05 -1.51031e-05 -6.33851e-06 3.56108e-06 1.18602e-05 1.64284e-05 1.60959e-05 1.12869e-05 3.51371e-06 -4.80297e-06 -1.11818e-05 -1.3886e-05 -1.21786e-05 -6.88551e-06 2.57721e-07 6.90425e-06 1.09251e-05 1.12298e-05 7.78115e-06 1.98632e-06 -4.1553e-06 -8.55108e-06 -9.69316e-06 -7.43618e-06 -2.61949e-06 2.84607e-06 6.95631e-06 8.32011e-06 6.43946e-06 2.28223e-06 -2.54891e-06 -6.13901e-06 -7.07527e-06 -5.21187e-06 -1.29101e-06 2.91907e-06 5.68343e-06 5.97678e-06 3.65605e-06 -5.15034e-08 -3.56436e-06 -5.35666e-06 -4.60831e-06 -1.89313e-06 1.58735e-06 4.1483e-06 4.61117e-06 2.95695e-06 -1.20644e-07 -2.9777e-06 -4.1668e-06 -3.25628e-06 -7.52482e-07 1.8887e-06 3.54261e-06 3.44575e-06 1.28575e-06 -1.57166e-06 -3.21095e-06 -2.79874e-06 -1.10438e-06 6.83163e-07 2.40968e-06 3.18551e-06 1.5868e-06 -1.32348e-06 -2.95701e-06 -2.24004e-06 -3.93404e-07 1.07018e-06 1.92369e-06 1.84841e-06 6.34025e-07 -8.65864e-07 -2.03873e-06 -2.12007e-06 -3.55783e-07 1.89105e-06 2.50354e-06 1.08161e-06 -1.09004e-06 -2.19816e-06 -1.46807e-06 3.29025e-07 1.58609e-06 1.28075e-06 1.95852e-07 -6.08411e-07 -9.70299e-07 -6.35818e-07 6.25887e-08 3.88044e-07 6.35958e-07 6.83127e-07 3.18476e-09 -6.6726e-07 -8.28364e-07 -5.42048e-07 4.30949e-07 1.18771e-06 7.25044e-07 -2.56731e-07 -1.02554e-06 -1.08751e-06 0. 
0.0966473 0.0966833 0.095285 0.0926279 0.0888851 0.0842261 0.0788152 0.072811 0.0663645 0.0596191 0.0527088 0.045758 0.0388805 0.032179 0.0257445 0.0196562 0.0139811 0.00877386 0.0040772 -7.83239e-05 -0.00367371 -0.00670119 -0.00916353 -0.0110734 -0.0124525 -0.0133307 -0.0137448 -0.0137378 -0.0133574 -0.0126551 -0.0116847 -0.0105014 -0.00916018 -0.00771508 -0.00621778 -0.00471679 -0.00325635 -0.00187583 -0.00060885 0.000517013 0.00148074 0.00226791 0.00287081 0.00328816 0.00352484 0.0035913 0.00350296 0.00327941 0.00294346 0.00252029 0.00203625 0.00151804 0.000991469 0.000480756 7.40578e-06 -0.000410267 -0.00075797 -0.0010256 -0.00120769 -0.0013032 -0.00131549 -0.00125185 -0.00112295 -0.000942177 -0.000724685 -0.000486662 -0.000244208 -1.26454e-05 0.000194569 0.00036627 0.000494452 0.000574308 0.000604682 0.000587706 0.000528733 0.000435659 0.000318346 0.000187819 5.53284e-05 -6.83469e-05 -0.000173939 -0.000254067 -0.000304084 -0.000321994 -0.000308853 -0.000268244 -0.000206112 -0.000129962 -4.81784e-05 3.07633e-05 9.92492e-05 0.000151013 0.000182017 0.000190422 0.000177075 0.00014496 9.91017e-05 4.57107e-05 -8.44681e-06 -5.68426e-05 -9.40787e-05 -0.000116251 -0.000121711 -0.000110806 -8.61618e-05 -5.19126e-05 -1.33762e-05 2.38574e-05 5.46842e-05 7.50561e-05 8.27822e-05 7.74312e-05 6.07483e-05 3.59215e-05 7.39155e-06 -2.01074e-05 -4.22255e-05 -5.56068e-05 -5.86445e-05 -5.13452e-05 -3.56983e-05 -1.48596e-05 7.09104e-06 2.61227e-05 3.89345e-05 4.34168e-05 3.93002e-05 2.77636e-05 1.15964e-05 -5.78328e-06 -2.07576e-05 -3.03546e-05 -3.2934e-05 -2.82344e-05 -1.77812e-05 -4.07587e-06 9.58957e-06 2.01519e-05 2.53881e-05 2.42835e-05 1.75407e-05 6.95928e-06 -4.59692e-06 -1.42712e-05 -1.97446e-05 -1.97789e-05 -1.4741e-05 -6.09088e-06 3.59704e-06 1.17201e-05 1.61358e-05 1.57473e-05 1.09956e-05 3.33295e-06 -4.78978e-06 -1.10238e-05 -1.3613e-05 -1.18865e-05 -6.6776e-06 3.49545e-07 6.81982e-06 1.07346e-05 1.09787e-05 7.5575e-06 1.88121e-06 -4.14457e-06 -8.39648e-06 -9.48577e-06 -7.23825e-06 -2.4936e-06 2.83126e-06 6.84986e-06 8.13182e-06 6.26455e-06 2.18761e-06 -2.55296e-06 -6.02026e-06 -6.92249e-06 -5.06455e-06 -1.2102e-06 2.8834e-06 5.58616e-06 5.82578e-06 3.54095e-06 -8.36011e-08 -3.52446e-06 -5.23075e-06 -4.49153e-06 -1.81796e-06 1.59201e-06 4.0571e-06 4.50808e-06 2.86179e-06 -1.50622e-07 -2.921e-06 -4.08546e-06 -3.15253e-06 -7.06126e-07 1.85228e-06 3.47361e-06 3.35166e-06 1.24071e-06 -1.56094e-06 -3.15602e-06 -2.69757e-06 -1.0648e-06 6.63703e-07 2.37157e-06 3.10847e-06 1.53346e-06 -1.31946e-06 -2.88963e-06 -2.15992e-06 -3.90828e-07 1.05688e-06 1.9002e-06 1.77475e-06 6.09768e-07 -8.39e-07 -2.00357e-06 -2.05942e-06 -3.31874e-07 1.8503e-06 2.43769e-06 1.043e-06 -1.06013e-06 -2.15432e-06 -1.4343e-06 3.4763e-07 1.53754e-06 1.24283e-06 2.08194e-07 -6.19124e-07 -9.50419e-07 -5.94777e-07 4.50642e-08 3.8519e-07 6.36898e-07 6.378e-07 5.69433e-09 -6.36426e-07 -8.24333e-07 -5.1347e-07 4.2884e-07 1.13422e-06 7.16085e-07 -2.46253e-07 -1.01357e-06 -1.04088e-06 0. 
0.0966473 0.0966836 0.0952856 0.0926287 0.0888862 0.0842275 0.0788169 0.0728129 0.0663667 0.0596214 0.0527114 0.0457608 0.0388834 0.032182 0.0257475 0.0196592 0.0139841 0.00877685 0.00408008 -7.55974e-05 -0.0036712 -0.00669895 -0.00916162 -0.0110719 -0.0124514 -0.0133301 -0.0137447 -0.0137383 -0.0133585 -0.0126568 -0.0116871 -0.0105044 -0.00916381 -0.00771928 -0.00622253 -0.00472202 -0.00326199 -0.00188176 -0.000614991 0.0005108 0.00147457 0.00226194 0.00286516 0.00328299 0.00352025 0.00358743 0.00349992 0.00327727 0.0029423 0.00252011 0.00203707 0.00151981 0.000994131 0.000484184 1.14867e-05 -0.000405721 -0.000753123 -0.00102068 -0.00120287 -0.00129871 -0.00131151 -0.00124856 -0.00112048 -0.000940621 -0.000724104 -0.000487046 -0.000245522 -1.4768e-05 0.000191759 0.000362987 0.000490878 0.000570701 0.000601242 0.000584675 0.000526277 0.000433936 0.000317443 0.000187766 5.61054e-05 -6.68479e-05 -0.00017184 -0.000251588 -0.000301409 -0.000319386 -0.000306498 -0.000266364 -0.000204833 -0.000129386 -4.83242e-05 2.99462e-05 9.78567e-05 0.000149232 0.000180016 0.000188451 0.000175308 0.000143611 9.82725e-05 4.54905e-05 -8.07069e-06 -5.59437e-05 -9.27762e-05 -0.000114746 -0.00012017 -0.000109461 -8.51421e-05 -5.13698e-05 -1.33357e-05 2.33997e-05 5.38176e-05 7.39349e-05 8.15578e-05 7.63215e-05 5.98777e-05 3.54486e-05 7.33949e-06 -1.97288e-05 -4.15066e-05 -5.46881e-05 -5.76692e-05 -5.05129e-05 -3.51087e-05 -1.4643e-05 6.94636e-06 2.56386e-05 3.82239e-05 4.2633e-05 3.85733e-05 2.72662e-05 1.13772e-05 -5.65679e-06 -2.03554e-05 -2.97596e-05 -3.22773e-05 -2.76792e-05 -1.7411e-05 -4.00265e-06 9.40072e-06 1.97279e-05 2.48513e-05 2.377e-05 1.715e-05 6.81446e-06 -4.51077e-06 -1.39509e-05 -1.93054e-05 -1.93331e-05 -1.43922e-05 -5.95568e-06 3.52998e-06 1.14406e-05 1.57588e-05 1.53714e-05 1.07193e-05 3.25726e-06 -4.68856e-06 -1.07459e-05 -1.32783e-05 -1.15883e-05 -6.49715e-06 3.34139e-07 6.65928e-06 1.04506e-05 1.06942e-05 7.36029e-06 1.81875e-06 -4.026e-06 -8.18303e-06 -9.22343e-06 -7.03851e-06 -2.42954e-06 2.76596e-06 6.64908e-06 7.91136e-06 6.08559e-06 2.11955e-06 -2.47002e-06 -5.85861e-06 -6.71397e-06 -4.92027e-06 -1.18034e-06 2.80788e-06 5.40933e-06 5.66171e-06 3.43417e-06 -8.4964e-08 -3.40702e-06 -5.08277e-06 -4.34658e-06 -1.76468e-06 1.53324e-06 3.94117e-06 4.35846e-06 2.77858e-06 -1.44506e-07 -2.83289e-06 -3.93775e-06 -3.06565e-06 -6.91954e-07 1.80097e-06 3.35945e-06 3.24422e-06 1.18282e-06 -1.49389e-06 -3.0217e-06 -2.63909e-06 -1.04434e-06 6.60505e-07 2.29875e-06 2.99013e-06 1.46255e-06 -1.24549e-06 -2.77392e-06 -2.11235e-06 -3.7024e-07 1.01469e-06 1.81534e-06 1.73762e-06 5.95992e-07 -8.23285e-07 -1.93288e-06 -1.98032e-06 -3.14536e-07 1.76961e-06 2.34637e-06 1.01357e-06 -1.0314e-06 -2.05396e-06 -1.36863e-06 2.9903e-07 1.48189e-06 1.20392e-06 1.87469e-07 -5.65402e-07 -9.07883e-07 -6.0259e-07 4.95697e-08 3.66281e-07 6.04149e-07 6.41368e-07 5.60055e-09 -6.27723e-07 -7.86711e-07 -5.05198e-07 4.09082e-07 1.1108e-06 6.8573e-07 -2.41088e-07 -9.70285e-07 -1.01549e-06 0. 
0.0966473 0.0966839 0.095286 0.0926294 0.0888872 0.0842286 0.0788182 0.0728144 0.0663683 0.0596232 0.0527133 0.0457628 0.0388855 0.032184 0.0257496 0.0196613 0.013986 0.00877864 0.00408168 -7.42256e-05 -0.00367011 -0.00669818 -0.00916123 -0.0110719 -0.0124519 -0.013331 -0.0137462 -0.0137403 -0.0133611 -0.0126599 -0.0116907 -0.0105086 -0.00916843 -0.00772433 -0.00622793 -0.00472769 -0.00326785 -0.0018877 -0.000620893 0.000505046 0.0014691 0.00225686 0.00286061 0.00327907 0.00351708 0.00358508 0.00349845 0.00327674 0.00294271 0.00252145 0.00203928 0.00152282 0.000997827 0.000488437 1.61213e-05 -0.000400871 -0.000748263 -0.00101599 -0.00119856 -0.00129494 -0.00130845 -0.00124631 -0.00111915 -0.000940243 -0.000724673 -0.000488507 -0.000247767 -1.76598e-05 0.000188414 0.000359382 0.000487253 0.000567259 0.000598213 0.00058222 0.000524556 0.000433026 0.000317387 0.000188531 5.76071e-05 -6.47479e-05 -0.000169334 -0.000248877 -0.000298736 -0.000316951 -0.000304519 -0.000264973 -0.000204147 -0.000129424 -4.9063e-05 2.86119e-05 9.60811e-05 0.000147203 0.000177962 0.000186569 0.000173809 0.000142617 9.78946e-05 4.57233e-05 -7.26509e-06 -5.4694e-05 -9.12495e-05 -0.000113135 -0.00011869 -0.000108275 -8.44142e-05 -5.11497e-05 -1.36538e-05 2.26304e-05 5.27118e-05 7.26686e-05 8.03265e-05 7.52907e-05 5.9214e-05 3.5211e-05 7.57243e-06 -1.91074e-05 -4.05964e-05 -5.36599e-05 -5.67013e-05 -4.97544e-05 -3.47021e-05 -1.46169e-05 6.57591e-06 2.4982e-05 3.73968e-05 4.18059e-05 3.79081e-05 2.68688e-05 1.13386e-05 -5.37425e-06 -1.97945e-05 -2.90714e-05 -3.15994e-05 -2.71552e-05 -1.71613e-05 -4.04576e-06 9.0569e-06 1.92047e-05 2.42534e-05 2.32526e-05 1.68347e-05 6.7522e-06 -4.28854e-06 -1.35437e-05 -1.87942e-05 -1.88734e-05 -1.40952e-05 -5.88255e-06 3.3454e-06 1.10912e-05 1.53154e-05 1.49861e-05 1.04885e-05 3.23357e-06 -4.4843e-06 -1.04158e-05 -1.28932e-05 -1.12922e-05 -6.3679e-06 2.72024e-07 6.40856e-06 1.01333e-05 1.03831e-05 7.17945e-06 1.81881e-06 -3.86766e-06 -7.89709e-06 -8.9495e-06 -6.84285e-06 -2.39237e-06 2.63084e-06 6.4228e-06 7.64615e-06 5.91568e-06 2.08637e-06 -2.35999e-06 -5.63238e-06 -6.50006e-06 -4.76923e-06 -1.173e-06 2.67518e-06 5.21839e-06 5.46049e-06 3.34326e-06 -5.205e-08 -3.27026e-06 -4.8837e-06 -4.21277e-06 -1.71986e-06 1.45573e-06 3.77401e-06 4.20974e-06 2.68313e-06 -1.10367e-07 -2.70297e-06 -3.79988e-06 -2.94927e-06 -6.85554e-07 1.71102e-06 3.22152e-06 3.115e-06 1.17359e-06 -1.42351e-06 -2.91181e-06 -2.51824e-06 -1.0153e-06 6.0907e-07 2.19165e-06 2.87544e-06 1.43015e-06 -1.20061e-06 -2.64879e-06 -2.0021e-06 -3.92217e-07 9.54126e-07 1.75197e-06 1.65963e-06 5.81621e-07 -7.75686e-07 -1.84686e-06 -1.89974e-06 -3.14032e-07 1.69572e-06 2.22909e-06 9.62385e-07 -9.47505e-07 -1.96246e-06 -1.32015e-06 2.96291e-07 1.38247e-06 1.14023e-06 2.15972e-07 -5.42931e-07 -8.64343e-07 -5.64897e-07 1.59019e-08 3.45144e-07 5.95658e-07 6.07556e-07 1.53511e-08 -5.93466e-07 -7.70098e-07 -4.82157e-07 3.95935e-07 1.05651e-06 6.63973e-07 -2.28625e-07 -9.36602e-07 -9.66837e-07 0. 
0.0966473 0.096684 0.0952863 0.0926299 0.0888878 0.0842294 0.0788191 0.0728154 0.0663694 0.0596244 0.0527145 0.045764 0.0388867 0.0321852 0.0257507 0.0196622 0.0139868 0.00877924 0.00408205 -7.41395e-05 -0.00367034 -0.00669876 -0.00916219 -0.0110733 -0.0124537 -0.0133333 -0.0137489 -0.0137435 -0.0133647 -0.012664 -0.0116952 -0.0105134 -0.00917358 -0.00772972 -0.00623348 -0.00473331 -0.00327345 -0.00189318 -0.000626135 0.000500152 0.00146466 0.00225298 0.00285739 0.00327658 0.0035154 0.00358425 0.00349851 0.00327767 0.00294449 0.00252402 0.00204257 0.0015267 0.00100217 0.000493088 2.0911e-05 -0.000396131 -0.000743748 -0.00101188 -0.00119502 -0.00129211 -0.00130643 -0.00124519 -0.00111895 -0.000940954 -0.000726237 -0.00049082 -0.00025069 -2.10119e-05 0.000184827 0.00035578 0.000483841 0.000564248 0.000595767 0.000580488 0.000523619 0.000432927 0.000318098 0.000189977 5.96541e-05 -6.22753e-05 -0.000166637 -0.000246181 -0.00029625 -0.000314881 -0.000303011 -0.000264147 -0.000204038 -0.000130021 -5.02771e-05 2.69167e-05 9.40885e-05 0.000145124 0.000176004 0.000184935 0.000172648 0.000142044 9.79355e-05 4.63585e-05 -6.14206e-06 -5.32292e-05 -8.96328e-05 -0.000111571 -0.000117364 -0.000107352 -8.39827e-05 -5.12582e-05 -1.42517e-05 2.16352e-05 5.14815e-05 7.13841e-05 7.91725e-05 7.44368e-05 5.87636e-05 3.52275e-05 8.01887e-06 -1.83074e-05 -3.9596e-05 -5.26253e-05 -5.58054e-05 -4.91472e-05 -3.44647e-05 -1.47878e-05 6.05955e-06 2.4215e-05 3.65408e-05 4.10191e-05 3.73355e-05 2.66182e-05 1.14331e-05 -4.95389e-06 -1.91622e-05 -2.83538e-05 -3.09574e-05 -2.67203e-05 -1.70127e-05 -4.21467e-06 8.63632e-06 1.86228e-05 2.36631e-05 2.27838e-05 1.65937e-05 6.79324e-06 -3.99964e-06 -1.30733e-05 -1.82831e-05 -1.84417e-05 -1.38559e-05 -5.8929e-06 3.10857e-06 1.06865e-05 1.48765e-05 1.46227e-05 1.03069e-05 3.27871e-06 -4.24359e-06 -1.00438e-05 -1.25222e-05 -1.10202e-05 -6.28151e-06 1.52638e-07 6.13876e-06 9.79002e-06 1.00967e-05 7.02829e-06 1.85302e-06 -3.6635e-06 -7.6113e-06 -8.66747e-06 -6.67875e-06 -2.38927e-06 2.47718e-06 6.16589e-06 7.39978e-06 5.75424e-06 2.08047e-06 -2.21819e-06 -5.40941e-06 -6.27251e-06 -4.64535e-06 -1.18478e-06 2.53204e-06 5.00321e-06 5.2804e-06 3.25593e-06 1.1258e-09 -3.11081e-06 -4.69759e-06 -4.06893e-06 -1.69969e-06 1.36068e-06 3.6103e-06 4.04893e-06 2.61393e-06 -7.61656e-08 -2.56888e-06 -3.63464e-06 -2.85859e-06 -6.93244e-07 1.61427e-06 3.09111e-06 3.0005e-06 1.12662e-06 -1.32535e-06 -2.75296e-06 -2.43854e-06 -1.01653e-06 5.71435e-07 2.11662e-06 2.74074e-06 1.35252e-06 -1.09833e-06 -2.50187e-06 -1.94226e-06 -3.96455e-07 8.94749e-07 1.66513e-06 1.60094e-06 5.77585e-07 -7.34254e-07 -1.77592e-06 -1.80498e-06 -2.95513e-07 1.58229e-06 2.12263e-06 9.35908e-07 -9.036e-07 -1.84173e-06 -1.24866e-06 2.4106e-07 1.30414e-06 1.09126e-06 2.0959e-07 -4.88938e-07 -8.13619e-07 -5.59252e-07 1.80879e-09 3.24117e-07 5.71021e-07 5.92195e-07 2.33864e-08 -5.69636e-07 -7.44903e-07 -4.61712e-07 3.79472e-07 1.00711e-06 6.40782e-07 -2.17456e-07 -9.01513e-07 -9.18851e-07 0. 
0.0966473 0.0966841 0.0952865 0.0926302 0.0888881 0.0842298 0.0788196 0.0728159 0.0663699 0.0596249 0.052715 0.0457644 0.038887 0.0321855 0.0257508 0.0196622 0.0139866 0.00877875 0.00408129 -7.51836e-05 -0.0036717 -0.00670047 -0.00916426 -0.0110757 -0.0124565 -0.0133365 -0.0137525 -0.0137474 -0.013369 -0.0126686 -0.0117001 -0.0105184 -0.00917876 -0.00773496 -0.00623871 -0.00473843 -0.00327836 -0.00189779 -0.000630357 0.000496419 0.0014615 0.00225048 0.0028556 0.00327557 0.00351519 0.00358486 0.00349991 0.00327983 0.00294735 0.0025275 0.00204655 0.00153105 0.00100675 0.000497723 2.54431e-05 -0.000391874 -0.000739921 -0.00100864 -0.00119247 -0.00129035 -0.00130553 -0.00124517 -0.0011198 -0.000942597 -0.00072858 -0.000493722 -0.000253988 -2.45116e-05 0.00018132 0.000352473 0.000480915 0.000561874 0.000594071 0.000579559 0.000523489 0.000433579 0.000319462 0.000191927 6.20333e-05 -5.96649e-05 -0.000163996 -0.000243724 -0.000294159 -0.000313317 -0.000302082 -0.000263909 -0.000204484 -0.000131083 -5.18351e-05 2.50335e-05 9.20675e-05 0.000143176 0.000174312 0.00018367 0.000171916 0.000141906 9.83781e-05 4.7307e-05 -4.81349e-06 -5.1696e-05 -8.80778e-05 -0.000110189 -0.00011631 -0.00010675 -8.38845e-05 -5.16561e-05 -1.50718e-05 2.0526e-05 5.02427e-05 7.02024e-05 7.82059e-05 7.38235e-05 5.85724e-05 3.54718e-05 8.64107e-06 -1.74242e-05 -3.85983e-05 -5.16872e-05 -5.50698e-05 -4.87361e-05 -3.44272e-05 -1.51167e-05 5.43835e-06 2.34298e-05 3.57351e-05 4.03516e-05 3.69166e-05 2.65242e-05 1.16631e-05 -4.4591e-06 -1.85106e-05 -2.7692e-05 -3.04141e-05 -2.64139e-05 -1.69902e-05 -4.473e-06 8.1671e-06 1.80611e-05 2.31332e-05 2.24163e-05 1.64579e-05 6.91859e-06 -3.65826e-06 -1.26108e-05 -1.78136e-05 -1.80936e-05 -1.37027e-05 -5.97447e-06 2.8287e-06 1.02924e-05 1.44744e-05 1.43332e-05 1.01951e-05 3.37785e-06 -3.97622e-06 -9.69393e-06 -1.21906e-05 -1.08154e-05 -6.24914e-06 1.04835e-09 5.86227e-06 9.48368e-06 9.85213e-06 6.93359e-06 1.92212e-06 -3.45334e-06 -7.33833e-06 -8.43348e-06 -6.55296e-06 -2.42317e-06 2.31177e-06 5.9307e-06 7.17997e-06 5.6401e-06 2.09817e-06 -2.07024e-06 -5.19802e-06 -6.08532e-06 -4.54597e-06 -1.22239e-06 2.38878e-06 4.81261e-06 5.12059e-06 3.20326e-06 6.09859e-08 -2.9582e-06 -4.52643e-06 -3.96143e-06 -1.68994e-06 1.26069e-06 3.45949e-06 3.91614e-06 2.55384e-06 -2.11623e-08 -2.44315e-06 -3.50258e-06 -2.78015e-06 -7.07368e-07 1.52836e-06 2.95785e-06 2.89649e-06 1.13111e-06 -1.23991e-06 -2.6453e-06 -2.36192e-06 -9.94756e-07 5.31182e-07 2.00429e-06 2.63659e-06 1.33852e-06 -1.03327e-06 -2.39495e-06 -1.86876e-06 -4.05766e-07 8.3522e-07 1.59401e-06 1.55173e-06 5.65806e-07 -6.97419e-07 -1.6864e-06 -1.73728e-06 -3.06756e-07 1.50992e-06 2.02468e-06 9.01114e-07 -8.3442e-07 -1.75385e-06 -1.20654e-06 2.18532e-07 1.23006e-06 1.04187e-06 2.18615e-07 -4.53422e-07 -7.76406e-07 -5.43542e-07 -8.90525e-09 3.03771e-07 5.48955e-07 5.78312e-07 2.56253e-08 -5.48571e-07 -7.12441e-07 -4.4857e-07 3.60709e-07 9.71842e-07 6.10682e-07 -2.08903e-07 -8.57385e-07 -8.85905e-07 0. 
0.0966473 0.0966841 0.0952866 0.0926302 0.0888882 0.0842299 0.0788196 0.0728159 0.0663699 0.0596249 0.0527148 0.0457642 0.0388866 0.0321849 0.0257501 0.0196612 0.0139854 0.00877735 0.00407963 -7.71344e-05 -0.00367395 -0.00670303 -0.00916713 -0.0110789 -0.01246 -0.0133403 -0.0137566 -0.0137517 -0.0133735 -0.0126733 -0.0117048 -0.0105232 -0.00918353 -0.00773963 -0.0062432 -0.00474266 -0.00328224 -0.00190125 -0.000633302 0.000494045 0.00145977 0.00224943 0.00285527 0.00327597 0.00351633 0.0035867 0.00350242 0.00328294 0.00295097 0.00253151 0.00205083 0.00153547 0.00101115 0.000501956 2.93526e-05 -0.000388416 -0.000737055 -0.00100645 -0.00119106 -0.00128975 -0.00130576 -0.00124619 -0.00112155 -0.000944971 -0.000731451 -0.000496931 -0.000257356 -2.78574e-05 0.00017819 0.000349719 0.000478701 0.000560302 0.000593233 0.000579467 0.000524141 0.000434891 0.000321331 0.000194195 6.45246e-05 -5.71423e-05 -0.00016164 -0.000241702 -0.000292632 -0.000312375 -0.000301797 -0.000264261 -0.000205434 -0.000132506 -5.35921e-05 2.31266e-05 9.01983e-05 0.000141521 0.000173037 0.000182874 0.000171678 0.000142208 9.9182e-05 4.84851e-05 -3.39902e-06 -5.02261e-05 -8.67267e-05 -0.000109109 -0.000115631 -0.000106522 -8.41353e-05 -5.23116e-05 -1.60438e-05 1.93968e-05 4.91104e-05 6.92272e-05 7.75241e-05 7.35089e-05 5.867e-05 3.59287e-05 9.38901e-06 -1.65317e-05 -3.76984e-05 -5.09298e-05 -5.45754e-05 -4.85645e-05 -3.46077e-05 -1.55825e-05 4.76412e-06 2.26932e-05 3.50629e-05 3.98674e-05 3.67074e-05 2.66044e-05 1.20203e-05 -3.92738e-06 -1.79022e-05 -2.71465e-05 -3.00363e-05 -2.62715e-05 -1.71134e-05 -4.8059e-06 7.68931e-06 1.75689e-05 2.27274e-05 2.21898e-05 1.64601e-05 7.12534e-06 -3.28924e-06 -1.21956e-05 -1.74426e-05 -1.7866e-05 -1.36706e-05 -6.12748e-06 2.52408e-06 9.94251e-06 1.41604e-05 1.4149e-05 1.0185e-05 3.52824e-06 -3.70116e-06 -9.39744e-06 -1.19456e-05 -1.07013e-05 -6.29444e-06 -1.73168e-07 5.60396e-06 9.24363e-06 9.69243e-06 6.90835e-06 2.03671e-06 -3.25517e-06 -7.11092e-06 -8.27164e-06 -6.49968e-06 -2.4931e-06 2.14099e-06 5.74005e-06 7.02364e-06 5.58606e-06 2.15816e-06 -1.9304e-06 -5.02182e-06 -5.95866e-06 -4.50368e-06 -1.28185e-06 2.25016e-06 4.6681e-06 5.01447e-06 3.19048e-06 1.39872e-07 -2.83224e-06 -4.39672e-06 -3.90059e-06 -1.71204e-06 1.16846e-06 3.33385e-06 3.83167e-06 2.53377e-06 3.62355e-08 -2.33483e-06 -3.40946e-06 -2.73443e-06 -7.41455e-07 1.44038e-06 2.87283e-06 2.83737e-06 1.1393e-06 -1.16619e-06 -2.55298e-06 -2.30468e-06 -1.01539e-06 4.76832e-07 1.94845e-06 2.57143e-06 1.32078e-06 -9.72229e-07 -2.30388e-06 -1.82317e-06 -4.35153e-07 7.85429e-07 1.54785e-06 1.51392e-06 5.78252e-07 -6.54862e-07 -1.64349e-06 -1.69502e-06 -3.13773e-07 1.44531e-06 1.96413e-06 8.89632e-07 -7.88368e-07 -1.69045e-06 -1.17644e-06 1.95349e-07 1.16989e-06 1.00857e-06 2.34178e-07 -4.26258e-07 -7.44978e-07 -5.3164e-07 -3.51257e-08 2.87323e-07 5.44283e-07 5.66773e-07 3.90674e-08 -5.29804e-07 -7.11772e-07 -4.39459e-07 3.53914e-07 9.43164e-07 6.06932e-07 -2.01087e-07 -8.47407e-07 -8.59692e-07 0. 
0.0966473 0.0966841 0.0952865 0.0926301 0.088888 0.0842296 0.0788193 0.0728155 0.0663694 0.0596242 0.0527141 0.0457633 0.0388856 0.0321837 0.0257486 0.0196596 0.0139836 0.00877526 0.00407729 -7.97237e-05 -0.0036768 -0.00670612 -0.00917047 -0.0110825 -0.0124638 -0.0133443 -0.0137607 -0.013756 -0.0133778 -0.0126776 -0.0117091 -0.0105274 -0.00918754 -0.00774339 -0.00624665 -0.00474572 -0.00328486 -0.00190335 -0.000634848 0.000493116 0.00145947 0.0022498 0.0028563 0.00327765 0.00351861 0.00358955 0.00350574 0.00328666 0.00295497 0.00253569 0.00205504 0.00153958 0.00101502 0.000505457 3.23713e-05 -0.000386001 -0.00073531 -0.00100546 -0.00119082 -0.00129028 -0.00130701 -0.0012481 -0.001124 -0.000947849 -0.000734591 -0.000500172 -0.000260523 -3.07793e-05 0.000175661 0.000347729 0.000477334 0.000559641 0.000593273 0.000580207 0.000525484 0.000436749 0.000323537 0.000196597 6.69293e-05 -5.49082e-05 -0.000159739 -0.000240277 -0.000291765 -0.000312134 -0.000302153 -0.000265186 -0.000206795 -0.000134188 -5.54062e-05 2.13407e-05 8.862e-05 0.000140295 0.000172263 0.000182627 0.000171938 0.000142951 0.000100276 4.98207e-05 -2.00955e-06 -4.89277e-05 -8.56793e-05 -0.000108426 -0.00011537 -0.000106715 -8.47098e-05 -5.32037e-05 -1.709e-05 1.83186e-05 4.81715e-05 6.85406e-05 7.71776e-05 7.35453e-05 5.90463e-05 3.65974e-05 1.02026e-05 -1.56781e-05 -3.69679e-05 -5.04182e-05 -5.43618e-05 -4.86762e-05 -3.49918e-05 -1.61845e-05 4.09195e-06 2.20453e-05 3.45809e-05 3.96176e-05 3.67277e-05 2.68876e-05 1.24763e-05 -3.36901e-06 -1.739e-05 -2.67557e-05 -2.98604e-05 -2.63308e-05 -1.73753e-05 -5.22305e-06 7.24553e-06 1.71687e-05 2.24869e-05 2.21392e-05 1.66054e-05 7.43234e-06 -2.92594e-06 -1.18385e-05 -1.72106e-05 -1.77881e-05 -1.37699e-05 -6.37289e-06 2.223e-06 9.64181e-06 1.39724e-05 1.40942e-05 1.02859e-05 3.74938e-06 -3.44591e-06 -9.15756e-06 -1.18213e-05 -1.06991e-05 -6.42134e-06 -3.86384e-07 5.39349e-06 9.07475e-06 9.64633e-06 6.97188e-06 2.19115e-06 -3.05747e-06 -6.96144e-06 -8.19033e-06 -6.53756e-06 -2.61596e-06 1.98276e-06 5.58854e-06 6.96109e-06 5.60366e-06 2.26349e-06 -1.78508e-06 -4.90827e-06 -5.89428e-06 -4.53859e-06 -1.37734e-06 2.13161e-06 4.56334e-06 4.99066e-06 3.22687e-06 2.36397e-07 -2.72253e-06 -4.33639e-06 -3.8892e-06 -1.77794e-06 1.07393e-06 3.25785e-06 3.79127e-06 2.57073e-06 1.06765e-07 -2.25562e-06 -3.3525e-06 -2.75151e-06 -7.94739e-07 1.36828e-06 2.81784e-06 2.83621e-06 1.16911e-06 -1.09285e-06 -2.48956e-06 -2.30814e-06 -1.04965e-06 4.23882e-07 1.90625e-06 2.55786e-06 1.33539e-06 -9.08648e-07 -2.25635e-06 -1.82563e-06 -4.55567e-07 7.32778e-07 1.50701e-06 1.5256e-06 6.08259e-07 -6.18893e-07 -1.62332e-06 -1.69939e-06 -3.34608e-07 1.40358e-06 1.94741e-06 9.05713e-07 -7.673e-07 -1.64847e-06 -1.16311e-06 1.53512e-07 1.14021e-06 9.94035e-07 2.39417e-07 -3.79349e-07 -7.22356e-07 -5.5055e-07 -5.44508e-08 2.63758e-07 5.40377e-07 5.95611e-07 5.54515e-08 -5.32169e-07 -7.2079e-07 -4.57203e-07 3.50134e-07 9.57231e-07 6.15576e-07 -2.00125e-07 -8.52993e-07 -8.70921e-07 0. 
0.0966473 0.096684 0.0952863 0.0926298 0.0888876 0.0842291 0.0788187 0.0728148 0.0663685 0.0596232 0.0527129 0.0457619 0.038884 0.032182 0.0257467 0.0196575 0.0139812 0.00877273 0.00407455 -8.26621e-05 -0.00367993 -0.00670944 -0.00917394 -0.0110861 -0.0124675 -0.0133481 -0.0137645 -0.0137598 -0.0133816 -0.0126812 -0.0117126 -0.0105307 -0.0091905 -0.00774602 -0.00624886 -0.00474749 -0.00328611 -0.00190407 -0.00063498 0.000493565 0.00146052 0.00225143 0.00285849 0.00328035 0.00352176 0.00359307 0.00350955 0.00329064 0.00295902 0.00253967 0.00205885 0.00154307 0.0010181 0.000508014 3.43097e-05 -0.00038473 -0.000734766 -0.00100563 -0.00119172 -0.00129183 -0.00130914 -0.00125069 -0.00112694 -0.000950973 -0.000737752 -0.000503196 -0.000263261 -3.30875e-05 0.000173904 0.000346598 0.000476894 0.000559875 0.000594172 0.000581664 0.000527413 0.000438975 0.000325923 0.000198944 6.90845e-05 -5.31096e-05 -0.000158419 -0.000239516 -0.000291616 -0.000312566 -0.000303132 -0.000266576 -0.000208488 -0.000135988 -5.71699e-05 1.98014e-05 8.74295e-05 0.000139562 0.000172047 0.000182913 0.000172697 0.000144052 0.000101615 5.12031e-05 -7.12559e-07 -4.78896e-05 -8.4995e-05 -0.00010817 -0.000115558 -0.000107288 -8.56009e-05 -5.42493e-05 -1.81771e-05 1.7374e-05 4.7466e-05 6.81826e-05 7.71944e-05 7.39121e-05 5.97082e-05 3.74124e-05 1.10701e-05 -1.49333e-05 -3.64277e-05 -5.01856e-05 -5.44479e-05 -4.90504e-05 -3.55897e-05 -1.68646e-05 3.42184e-06 2.1542e-05 3.42973e-05 3.96192e-05 3.69905e-05 2.73428e-05 1.30438e-05 -2.83823e-06 -1.69671e-05 -2.65572e-05 -2.98903e-05 -2.65858e-05 -1.77903e-05 -5.6822e-06 6.8186e-06 1.69046e-05 2.24043e-05 2.2275e-05 1.69039e-05 7.80971e-06 -2.54665e-06 -1.15828e-05 -1.71017e-05 -1.78785e-05 -1.40057e-05 -6.68936e-06 1.90197e-06 9.43056e-06 1.38893e-05 1.41898e-05 1.05004e-05 4.02347e-06 -3.18529e-06 -9.01213e-06 -1.17951e-05 -1.08277e-05 -6.63409e-06 -6.19673e-07 5.203e-06 9.01305e-06 9.6929e-06 7.13774e-06 2.3958e-06 -2.88416e-06 -6.85981e-06 -8.22306e-06 -6.65253e-06 -2.79481e-06 1.81779e-06 5.50702e-06 6.96318e-06 5.71869e-06 2.41248e-06 -1.64611e-06 -4.82869e-06 -5.92593e-06 -4.6304e-06 -1.5198e-06 2.01674e-06 4.5257e-06 5.01996e-06 3.33984e-06 3.50186e-07 -2.64152e-06 -4.31728e-06 -3.96189e-06 -1.87253e-06 9.74318e-07 3.21067e-06 3.82574e-06 2.64058e-06 2.10444e-07 -2.19546e-06 -3.36207e-06 -2.80122e-06 -8.86744e-07 1.30634e-06 2.80143e-06 2.87307e-06 1.26332e-06 -1.03952e-06 -2.47882e-06 -2.32611e-06 -1.11762e-06 3.56618e-07 1.87361e-06 2.60446e-06 1.41675e-06 -8.90307e-07 -2.2442e-06 -1.82595e-06 -5.20695e-07 6.77453e-07 1.49807e-06 1.56231e-06 6.68049e-07 -5.84481e-07 -1.62208e-06 -1.75531e-06 -3.91265e-07 1.41712e-06 1.95921e-06 9.24463e-07 -7.17681e-07 -1.65453e-06 -1.18823e-06 1.44423e-07 1.09915e-06 9.84898e-07 2.84085e-07 -3.46867e-07 -7.06379e-07 -5.67286e-07 -1.06809e-07 2.35588e-07 5.60441e-07 6.42972e-07 8.76532e-08 -5.44828e-07 -7.61842e-07 -4.96533e-07 3.54518e-07 1.00654e-06 6.4744e-07 -2.04775e-07 -8.84966e-07 -9.16451e-07 0. 
0.0966473 0.0966839 0.095286 0.0926294 0.0888871 0.0842284 0.0788179 0.0728138 0.0663674 0.0596219 0.0527114 0.0457603 0.0388822 0.03218 0.0257446 0.0196551 0.0139787 0.00877003 0.0040717 -8.56643e-05 -0.00368305 -0.00671267 -0.00917725 -0.0110894 -0.0124709 -0.0133514 -0.0137678 -0.0137629 -0.0133845 -0.012684 -0.0117151 -0.0105328 -0.00919231 -0.00774741 -0.0062498 -0.00474793 -0.00328605 -0.00190346 -0.000633844 0.000495238 0.00146269 0.00225407 0.00286155 0.00328376 0.00352544 0.00359693 0.00351349 0.00329455 0.00296278 0.00254318 0.00206198 0.00154574 0.00102021 0.000509499 3.51249e-05 -0.000384621 -0.000735344 -0.00100688 -0.00119356 -0.0012942 -0.0013119 -0.00125374 -0.00113009 -0.000954106 -0.000740685 -0.000505803 -0.000265396 -3.46552e-05 0.00017298 0.000346358 0.000477323 0.000560946 0.000595775 0.000583709 0.00052972 0.000441413 0.000328284 0.000201093 7.08454e-05 -5.18367e-05 -0.000157728 -0.000239437 -0.000292128 -0.00031362 -0.000304597 -0.000268339 -0.000210348 -0.000137808 -5.87467e-05 1.85762e-05 8.66861e-05 0.000139339 0.000172352 0.0001837 0.000173846 0.000145449 0.000103064 5.25763e-05 3.91461e-07 -4.71385e-05 -8.46996e-05 -0.000108329 -0.00011614 -0.000108207 -8.67037e-05 -5.54134e-05 -1.92053e-05 1.65768e-05 4.7039e-05 6.81403e-05 7.75453e-05 7.45824e-05 6.05731e-05 3.83548e-05 1.19049e-05 -1.42933e-05 -3.61184e-05 -5.02083e-05 -5.48083e-05 -4.96632e-05 -3.63303e-05 -1.76198e-05 2.82318e-06 2.11605e-05 3.42355e-05 3.98407e-05 3.74612e-05 2.79564e-05 1.36584e-05 -2.31668e-06 -1.66811e-05 -2.6513e-05 -3.01244e-05 -2.70106e-05 -1.83127e-05 -6.19386e-06 6.46085e-06 1.67356e-05 2.24983e-05 2.25612e-05 1.73289e-05 8.26035e-06 -2.19863e-06 -1.13868e-05 -1.71433e-05 -1.80948e-05 -1.43643e-05 -7.07562e-06 1.60091e-06 9.26567e-06 1.39407e-05 1.43908e-05 1.0822e-05 4.35071e-06 -2.95341e-06 -8.91448e-06 -1.18952e-05 -1.10439e-05 -6.92832e-06 -8.81444e-07 5.06353e-06 9.00687e-06 9.85756e-06 7.37056e-06 2.64435e-06 -2.71208e-06 -6.83676e-06 -8.31588e-06 -6.8658e-06 -3.01159e-06 1.65878e-06 5.45499e-06 7.06182e-06 5.88415e-06 2.61755e-06 -1.50512e-06 -4.80566e-06 -6.001e-06 -4.80857e-06 -1.68525e-06 1.90769e-06 4.51675e-06 5.13444e-06 3.48531e-06 5.00169e-07 -2.57547e-06 -4.36332e-06 -4.06779e-06 -2.02674e-06 8.77794e-07 3.19844e-06 3.89412e-06 2.78337e-06 3.12495e-07 -2.15078e-06 -3.39338e-06 -2.91372e-06 -9.97224e-07 1.22798e-06 2.8308e-06 2.98329e-06 1.33951e-06 -9.77921e-07 -2.46031e-06 -2.38865e-06 -1.235e-06 2.5629e-07 1.9106e-06 2.70147e-06 1.46885e-06 -8.39646e-07 -2.23807e-06 -1.8818e-06 -5.91474e-07 6.10442e-07 1.49713e-06 1.63152e-06 7.64568e-07 -5.28776e-07 -1.68655e-06 -1.84577e-06 -4.26233e-07 1.40904e-06 2.01517e-06 9.89034e-07 -7.18692e-07 -1.65659e-06 -1.20629e-06 9.01962e-08 1.076e-06 9.92405e-07 3.21186e-07 -2.8344e-07 -6.86534e-07 -6.12672e-07 -1.79298e-07 1.9676e-07 5.98352e-07 7.18799e-07 1.39418e-07 -5.6557e-07 -8.48829e-07 -5.52645e-07 3.75339e-07 1.07354e-06 7.19173e-07 -2.09921e-07 -9.68314e-07 -9.7624e-07 0. 
0.0966473 0.0966837 0.0952857 0.0926289 0.0888865 0.0842276 0.0788169 0.0728127 0.0663661 0.0596205 0.0527098 0.0457585 0.0388803 0.0321779 0.0257423 0.0196528 0.0139762 0.00876741 0.00406898 -8.84592e-05 -0.0036859 -0.00671554 -0.00918012 -0.0110923 -0.0124736 -0.013354 -0.0137703 -0.0137652 -0.0133866 -0.0126857 -0.0117165 -0.0105339 -0.00919293 -0.00774759 -0.00624951 -0.00474717 -0.0032848 -0.00190174 -0.000631664 0.00049784 0.00146569 0.00225739 0.00286513 0.00328752 0.00352929 0.00360077 0.00351722 0.00329806 0.00296598 0.00254596 0.00206426 0.00154745 0.00102129 0.000509911 3.48574e-05 -0.000385547 -0.000736896 -0.00100898 -0.00119613 -0.0012971 -0.00131503 -0.00125692 -0.00113321 -0.000956977 -0.000743196 -0.000507816 -0.000266828 -3.54323e-05 0.000172882 0.000346928 0.000478516 0.000562664 0.000597912 0.000586098 0.000532217 0.000443824 0.000330467 0.000202877 7.21332e-05 -5.11429e-05 -0.000157651 -0.000239969 -0.000293207 -0.000315133 -0.000306413 -0.000270273 -0.000212247 -0.000139478 -6.00656e-05 1.77443e-05 8.63838e-05 0.000139593 0.000173106 0.00018486 0.000175281 0.000146981 0.00010454 5.38085e-05 1.27482e-06 -4.67199e-05 -8.47549e-05 -0.000108851 -0.000117035 -0.000109348 -8.7943e-05 -5.65668e-05 -2.01452e-05 1.59978e-05 4.68591e-05 6.83944e-05 7.816e-05 7.54634e-05 6.15774e-05 3.9314e-05 1.26912e-05 -1.38234e-05 -3.59985e-05 -5.0472e-05 -5.53733e-05 -5.04356e-05 -3.71653e-05 -1.83597e-05 2.28734e-06 2.09446e-05 3.43361e-05 4.02548e-05 3.80748e-05 2.86544e-05 1.43005e-05 -1.87015e-06 -1.64894e-05 -2.66354e-05 -3.04918e-05 -2.75604e-05 -1.89028e-05 -6.69478e-06 6.14571e-06 1.66939e-05 2.26981e-05 2.29774e-05 1.78282e-05 8.73318e-06 -1.86642e-06 -1.12877e-05 -1.72659e-05 -1.84315e-05 -1.47885e-05 -7.49329e-06 1.30795e-06 9.18158e-06 1.40565e-05 1.46985e-05 1.11944e-05 4.70264e-06 -2.7333e-06 -8.89369e-06 -1.20489e-05 -1.13511e-05 -7.25564e-06 -1.14998e-06 4.9445e-06 9.08006e-06 1.00658e-05 7.67403e-06 2.90625e-06 -2.55892e-06 -6.84211e-06 -8.48924e-06 -7.10858e-06 -3.26931e-06 1.50671e-06 5.44984e-06 7.18958e-06 6.11925e-06 2.83152e-06 -1.363e-06 -4.80337e-06 -6.14025e-06 -5.00355e-06 -1.8901e-06 1.80974e-06 4.54583e-06 5.26879e-06 3.68868e-06 6.46186e-07 -2.51646e-06 -4.42896e-06 -4.23224e-06 -2.18396e-06 7.64064e-07 3.20862e-06 4.00759e-06 2.92779e-06 4.52362e-07 -2.11936e-06 -3.4626e-06 -3.04408e-06 -1.13944e-06 1.18044e-06 2.86116e-06 3.09062e-06 1.48451e-06 -9.18979e-07 -2.48304e-06 -2.47946e-06 -1.35179e-06 1.83304e-07 1.90012e-06 2.81504e-06 1.60546e-06 -8.21822e-07 -2.26276e-06 -1.92978e-06 -6.83174e-07 5.37666e-07 1.49919e-06 1.73534e-06 8.69643e-07 -4.99721e-07 -1.71788e-06 -1.96576e-06 -5.13108e-07 1.45827e-06 2.0712e-06 1.03472e-06 -6.69304e-07 -1.6855e-06 -1.2566e-06 6.10826e-08 1.03777e-06 9.97686e-07 3.83124e-07 -2.17977e-07 -6.69803e-07 -6.68388e-07 -2.57378e-07 1.50683e-07 6.33579e-07 8.2794e-07 1.91875e-07 -6.07265e-07 -9.23941e-07 -6.34974e-07 3.86941e-07 1.18819e-06 7.80215e-07 -2.24456e-07 -1.03337e-06 -1.07948e-06 0. 
0.0966473 0.0966836 0.0952854 0.0926285 0.0888858 0.0842268 0.078816 0.0728115 0.0663648 0.059619 0.0527082 0.0457568 0.0388785 0.0321759 0.0257402 0.0196506 0.013974 0.0087651 0.00406663 -9.0822e-05 -0.00368825 -0.00671785 -0.00918235 -0.0110944 -0.0124756 -0.0133558 -0.0137718 -0.0137665 -0.0133876 -0.0126864 -0.0117168 -0.0105338 -0.00919246 -0.00774669 -0.00624819 -0.00474542 -0.00328264 -0.0018992 -0.000628773 0.000501039 0.00146912 0.00226101 0.00286884 0.00329125 0.00353294 0.00360425 0.00352043 0.00330092 0.00296839 0.00254786 0.00206559 0.00154816 0.00102135 0.000509331 3.36589e-05 -0.000387319 -0.000739165 -0.00101166 -0.00119909 -0.00130024 -0.00131818 -0.00125996 -0.00113598 -0.000959378 -0.000745091 -0.000509133 -0.000267496 -3.54397e-05 0.000173529 0.000348175 0.000480275 0.000564821 0.000600315 0.000588599 0.000534637 0.000446018 0.000332273 0.000204196 7.28668e-05 -5.1017e-05 -0.000158136 -0.000241001 -0.000294688 -0.00031693 -0.00030836 -0.000272208 -0.000213986 -0.000140889 -6.10111e-05 1.73177e-05 8.65171e-05 0.000140238 0.000174192 0.000186254 0.000176824 0.000148512 0.000105878 5.483e-05 1.85439e-06 -4.66116e-05 -8.5133e-05 -0.000109635 -0.000118124 -0.00011059 -8.91692e-05 -5.76289e-05 -2.08908e-05 1.56362e-05 4.69395e-05 6.88667e-05 7.89587e-05 7.64481e-05 6.25973e-05 4.02189e-05 1.33326e-05 -1.35161e-05 -3.60844e-05 -5.08984e-05 -5.6076e-05 -5.12721e-05 -3.79918e-05 -1.90374e-05 1.88638e-06 2.0861e-05 3.45967e-05 4.07738e-05 3.87629e-05 2.93611e-05 1.4888e-05 -1.5048e-06 -1.64292e-05 -2.6857e-05 -3.09627e-05 -2.81496e-05 -1.94923e-05 -7.15264e-06 5.92425e-06 1.67316e-05 2.3e-05 2.34379e-05 1.83531e-05 9.18214e-06 -1.59929e-06 -1.12498e-05 -1.74784e-05 -1.88053e-05 -1.52447e-05 -7.89235e-06 1.0642e-06 9.14577e-06 1.42484e-05 1.50313e-05 1.1594e-05 5.03364e-06 -2.55644e-06 -8.91118e-06 -1.22655e-05 -1.16693e-05 -7.59891e-06 -1.39295e-06 4.86833e-06 9.1808e-06 1.03235e-05 7.97323e-06 3.16946e-06 -2.43334e-06 -6.89085e-06 -8.6759e-06 -7.38534e-06 -3.5094e-06 1.36884e-06 5.4675e-06 7.35801e-06 6.35e-06 3.06012e-06 -1.24543e-06 -4.82783e-06 -6.28736e-06 -5.22829e-06 -2.07465e-06 1.71723e-06 4.59165e-06 5.43281e-06 3.87983e-06 8.05486e-07 -2.47927e-06 -4.51622e-06 -4.39367e-06 -2.36239e-06 6.73085e-07 3.22466e-06 4.12824e-06 3.10152e-06 5.67237e-07 -2.09289e-06 -3.53893e-06 -3.18438e-06 -1.27209e-06 1.10537e-06 2.92459e-06 3.23661e-06 1.58972e-06 -8.71046e-07 -2.49193e-06 -2.55299e-06 -1.50013e-06 6.61236e-08 1.96295e-06 2.95436e-06 1.67949e-06 -7.92018e-07 -2.26745e-06 -1.98869e-06 -7.87742e-07 4.6349e-07 1.52055e-06 1.82155e-06 9.91049e-07 -4.39165e-07 -1.80958e-06 -2.08575e-06 -5.56154e-07 1.47126e-06 2.14121e-06 1.10586e-06 -6.58496e-07 -1.70517e-06 -1.28898e-06 1.42608e-08 9.98784e-07 1.00677e-06 4.48357e-07 -1.53935e-07 -6.48552e-07 -7.15497e-07 -3.62187e-07 1.05452e-07 6.9317e-07 9.16369e-07 2.59745e-07 -6.32056e-07 -1.04379e-06 -7.03417e-07 4.1765e-07 1.27181e-06 8.7522e-07 -2.31376e-07 -1.14465e-06 -1.15519e-06 0. 
0.0966473 0.0966834 0.0952851 0.092628 0.0888852 0.0842261 0.0788151 0.0728105 0.0663637 0.0596178 0.0527069 0.0457553 0.0388769 0.0321742 0.0257385 0.0196488 0.0139721 0.00876328 0.00406483 -9.25754e-05 -0.00368993 -0.00671943 -0.0091838 -0.0110957 -0.0124767 -0.0133567 -0.0137724 -0.0137668 -0.0133876 -0.0126861 -0.0117161 -0.0105328 -0.00919106 -0.00774493 -0.00624607 -0.00474297 -0.00327988 -0.00189617 -0.000625524 0.000504451 0.00147263 0.00226454 0.00287232 0.00329459 0.00353606 0.00360707 0.00352287 0.00330291 0.00296987 0.00254878 0.00206592 0.00154789 0.0010205 0.000507917 3.17383e-05 -0.000389675 -0.000741863 -0.00101459 -0.00120214 -0.00130326 -0.00132106 -0.00126257 -0.0011382 -0.000961104 -0.000746252 -0.000509679 -0.000267413 -3.47412e-05 0.000174788 0.000349913 0.000482378 0.000567157 0.000602731 0.000590943 0.000536757 0.000447779 0.000333566 0.000204942 7.30295e-05 -5.14349e-05 -0.000159081 -0.000242389 -0.00029639 -0.000318802 -0.000310236 -0.000273933 -0.000215412 -0.000141899 -6.15292e-05 1.73257e-05 8.70279e-05 0.000141189 0.000175467 0.000187717 0.000178313 0.00014987 0.000106961 5.55293e-05 2.10671e-06 -4.68214e-05 -8.57578e-05 -0.00011059 -0.000119273 -0.00011179 -9.02582e-05 -5.8475e-05 -2.139e-05 1.55381e-05 4.72367e-05 6.95075e-05 7.9831e-05 7.74242e-05 6.35213e-05 4.09601e-05 1.37812e-05 -1.34174e-05 -3.63345e-05 -5.14483e-05 -5.68155e-05 -5.20787e-05 -3.87171e-05 -1.95663e-05 1.64285e-06 2.09345e-05 3.49573e-05 4.135e-05 3.94284e-05 2.9995e-05 1.53597e-05 -1.27585e-06 -1.64809e-05 -2.717e-05 -3.14546e-05 -2.87194e-05 -2.00041e-05 -7.50747e-06 5.80487e-06 1.68627e-05 2.33383e-05 2.39048e-05 1.88228e-05 9.55456e-06 -1.42004e-06 -1.12942e-05 -1.77263e-05 -1.91915e-05 -1.56543e-05 -8.23041e-06 8.95602e-07 9.1772e-06 1.44649e-05 1.53707e-05 1.19461e-05 5.31134e-06 -2.44244e-06 -8.9791e-06 -1.24898e-05 -1.19819e-05 -7.89007e-06 -1.58786e-06 4.83941e-06 9.31285e-06 1.05678e-05 8.25359e-06 3.37887e-06 -2.34738e-06 -6.96415e-06 -8.87252e-06 -7.62807e-06 -3.72238e-06 1.27581e-06 5.50954e-06 7.52208e-06 6.5717e-06 3.24371e-06 -1.15292e-06 -4.87363e-06 -6.43875e-06 -5.42129e-06 -2.24021e-06 1.66077e-06 4.64754e-06 5.58362e-06 4.05904e-06 9.24777e-07 -2.45276e-06 -4.60651e-06 -4.54818e-06 -2.50698e-06 5.91583e-07 3.26003e-06 4.24392e-06 3.24321e-06 6.74724e-07 -2.08341e-06 -3.61301e-06 -3.31704e-06 -1.39173e-06 1.07544e-06 2.97304e-06 3.34612e-06 1.70166e-06 -8.20416e-07 -2.51571e-06 -2.65538e-06 -1.6096e-06 1.4265e-08 1.98055e-06 3.05454e-06 1.78155e-06 -7.63465e-07 -2.29277e-06 -2.05224e-06 -8.63908e-07 4.04705e-07 1.5278e-06 1.92206e-06 1.08516e-06 -4.197e-07 -1.85459e-06 -2.18752e-06 -6.18862e-07 1.50452e-06 2.19774e-06 1.15364e-06 -6.31968e-07 -1.72257e-06 -1.32753e-06 -2.75746e-08 9.72261e-07 1.01703e-06 4.96488e-07 -8.78718e-08 -6.34155e-07 -7.73859e-07 -4.29765e-07 6.59616e-08 7.25638e-07 1.01599e-06 3.06386e-07 -6.71097e-07 -1.11458e-06 -7.74686e-07 4.30813e-07 1.3712e-06 9.32884e-07 -2.44062e-07 -1.20811e-06 -1.2435e-06 0. 
0.0966473 0.0966833 0.0952849 0.0926276 0.0888847 0.0842255 0.0788144 0.0728097 0.0663628 0.0596168 0.0527058 0.0457541 0.0388757 0.032173 0.0257373 0.0196476 0.0139709 0.00876209 0.00406371 -9.36119e-05 -0.00369086 -0.00672021 -0.00918442 -0.0110961 -0.0124769 -0.0133566 -0.0137721 -0.0137663 -0.0133867 -0.0126849 -0.0117147 -0.010531 -0.00918898 -0.00774257 -0.00624346 -0.00474013 -0.00327686 -0.00189301 -0.000622278 0.000507714 0.00147585 0.00226764 0.00287524 0.00329724 0.00353839 0.00360901 0.00352436 0.00330391 0.00297035 0.00254872 0.00206532 0.00154677 0.00101889 0.000505877 2.9343e-05 -0.000392335 -0.000744687 -0.00101746 -0.00120495 -0.00130589 -0.00132339 -0.00126451 -0.00113967 -0.000962026 -0.000746605 -0.000509447 -0.000266628 -3.34502e-05 0.000176498 0.000351939 0.000484594 0.000569424 0.000604913 0.000592898 0.000538373 0.000448949 0.000334232 0.000205063 7.26234e-05 -5.23308e-05 -0.000160377 -0.000243976 -0.000298132 -0.000320551 -0.000311851 -0.000275274 -0.000216382 -0.000142415 -6.15704e-05 1.77558e-05 8.78615e-05 0.000142338 0.0001768 0.000189094 0.00017959 0.000150913 0.000107674 5.58356e-05 1.99988e-06 -4.73235e-05 -8.65706e-05 -0.000111611 -0.000120365 -0.000112815 -9.10924e-05 -5.90117e-05 -2.15807e-05 1.57155e-05 4.77311e-05 7.02465e-05 8.0692e-05 7.82812e-05 6.42489e-05 4.14503e-05 1.39776e-05 -1.35429e-05 -3.67367e-05 -5.2061e-05 -5.75211e-05 -5.27601e-05 -3.92599e-05 -1.98787e-05 1.59714e-06 2.11624e-05 3.53942e-05 4.19162e-05 4.00051e-05 3.04747e-05 1.5656e-05 -1.21952e-06 -1.66554e-05 -2.75407e-05 -3.1926e-05 -2.91957e-05 -2.03804e-05 -7.7053e-06 5.81469e-06 1.70783e-05 2.36908e-05 2.43168e-05 1.9189e-05 9.79203e-06 -1.35934e-06 -1.14248e-05 -1.7997e-05 -1.95385e-05 -1.59776e-05 -8.45105e-06 8.29456e-07 9.28258e-06 1.46961e-05 1.5669e-05 1.22172e-05 5.48436e-06 -2.41159e-06 -9.09914e-06 -1.27093e-05 -1.22412e-05 -8.1011e-06 -1.6915e-06 4.86848e-06 9.46661e-06 1.0782e-05 8.46576e-06 3.51328e-06 -2.33083e-06 -7.06157e-06 -9.05413e-06 -7.81779e-06 -3.86119e-06 1.23833e-06 5.58492e-06 7.67087e-06 6.74523e-06 3.3675e-06 -1.11936e-06 -4.93794e-06 -6.57808e-06 -5.56828e-06 -2.34448e-06 1.64377e-06 4.72208e-06 5.70854e-06 4.1894e-06 9.97195e-07 -2.4634e-06 -4.69036e-06 -4.67249e-06 -2.60527e-06 5.5522e-07 3.30171e-06 4.3462e-06 3.34771e-06 7.38126e-07 -2.09579e-06 -3.68851e-06 -3.40896e-06 -1.4692e-06 1.05767e-06 3.02981e-06 3.44097e-06 1.77629e-06 -8.11888e-07 -2.54901e-06 -2.7118e-06 -1.69361e-06 -3.43117e-08 2.0224e-06 3.14801e-06 1.84027e-06 -7.67581e-07 -2.31335e-06 -2.09031e-06 -9.29203e-07 3.73504e-07 1.55446e-06 1.98203e-06 1.1513e-06 -4.02083e-07 -1.90826e-06 -2.26249e-06 -6.48476e-07 1.53317e-06 2.24156e-06 1.18933e-06 -6.1909e-07 -1.74929e-06 -1.3566e-06 -4.27712e-08 9.52795e-07 1.02768e-06 5.39281e-07 -6.07812e-08 -6.28507e-07 -8.00985e-07 -4.86747e-07 4.52481e-08 7.60628e-07 1.06708e-06 3.41122e-07 -6.8984e-07 -1.17833e-06 -8.14349e-07 4.47541e-07 1.42496e-06 9.82243e-07 -2.50152e-07 -1.26591e-06 -1.29245e-06 0. 
0.0966473 0.0966832 0.0952847 0.0926274 0.0888844 0.0842251 0.0788139 0.0728091 0.0663622 0.0596161 0.0527051 0.0457534 0.0388749 0.0321723 0.0257366 0.0196469 0.0139703 0.00876158 0.0040633 -9.39017e-05 -0.003691 -0.00672019 -0.00918421 -0.0110957 -0.0124763 -0.0133558 -0.013771 -0.0137649 -0.0133851 -0.0126831 -0.0117126 -0.0105287 -0.00918647 -0.00773989 -0.00624064 -0.0047372 -0.00327388 -0.00189003 -0.000619358 0.000510526 0.00147849 0.00227005 0.00287734 0.00329901 0.00353975 0.00360994 0.00352482 0.00330389 0.00296983 0.00254774 0.00206389 0.00154494 0.00101672 0.000503446 2.67325e-05 -0.000395026 -0.000747355 -0.00102001 -0.00120726 -0.00130788 -0.00132498 -0.00126563 -0.00114026 -0.000962098 -0.00074614 -0.000508498 -0.000265236 -3.17148e-05 0.000178486 0.000354051 0.000486708 0.000571414 0.000606655 0.000594298 0.000539334 0.000449439 0.000334211 0.000204569 7.16858e-05 -5.36082e-05 -0.000161904 -0.000245612 -0.000299752 -0.00032202 -0.000313049 -0.000276119 -0.000216796 -0.000142397 -6.11172e-05 1.85626e-05 8.89537e-05 0.000143578 0.000178073 0.00019026 0.000180535 0.000151549 0.000107933 5.5723e-05 1.52162e-06 -4.80726e-05 -8.75142e-05 -0.000112607 -0.000121304 -0.000113573 -9.15823e-05 -5.91893e-05 -2.14205e-05 1.61554e-05 4.84018e-05 7.10194e-05 8.14731e-05 7.89415e-05 6.47031e-05 4.16416e-05 1.38778e-05 -1.38862e-05 -3.72809e-05 -5.26837e-05 -5.81388e-05 -5.32524e-05 -3.95577e-05 -1.99406e-05 1.78159e-06 2.15295e-05 3.58922e-05 4.24215e-05 4.04439e-05 3.07514e-05 1.57297e-05 -1.34803e-06 -1.69658e-05 -2.79384e-05 -3.23493e-05 -2.95311e-05 -2.05769e-05 -7.7202e-06 5.98033e-06 1.73635e-05 2.40469e-05 2.46331e-05 1.94154e-05 9.86442e-06 -1.44711e-06 -1.16352e-05 -1.82896e-05 -1.98113e-05 -1.61857e-05 -8.525e-06 8.94013e-07 9.45773e-06 1.49437e-05 1.58947e-05 1.23833e-05 5.52707e-06 -2.48846e-06 -9.26453e-06 -1.29244e-05 -1.24167e-05 -8.20969e-06 -1.68445e-06 4.97516e-06 9.62922e-06 1.09621e-05 8.5809e-06 3.55136e-06 -2.39365e-06 -7.19613e-06 -9.20052e-06 -7.94467e-06 -3.90175e-06 1.27547e-06 5.69051e-06 7.80846e-06 6.84527e-06 3.41688e-06 -1.15719e-06 -5.03365e-06 -6.68846e-06 -5.66407e-06 -2.36615e-06 1.68101e-06 4.81056e-06 5.81151e-06 4.24793e-06 1.01039e-06 -2.51801e-06 -4.77658e-06 -4.74613e-06 -2.65093e-06 5.7771e-07 3.36247e-06 4.42124e-06 3.40924e-06 7.3779e-07 -2.13415e-06 -3.75512e-06 -3.47159e-06 -1.48572e-06 1.07558e-06 3.09156e-06 3.50353e-06 1.79402e-06 -8.22777e-07 -2.59496e-06 -2.76405e-06 -1.72333e-06 -3.2632e-08 2.0745e-06 3.19684e-06 1.85656e-06 -7.6973e-07 -2.35355e-06 -2.1342e-06 -9.43285e-07 3.81657e-07 1.58733e-06 2.01414e-06 1.17085e-06 -4.07409e-07 -1.95488e-06 -2.29501e-06 -6.4742e-07 1.54819e-06 2.28381e-06 1.2133e-06 -6.41115e-07 -1.77218e-06 -1.37568e-06 -5.07434e-08 9.72131e-07 1.04563e-06 5.46774e-07 -5.9825e-08 -6.39437e-07 -8.14339e-07 -4.97943e-07 4.66862e-08 7.77789e-07 1.08056e-06 3.4865e-07 -6.98184e-07 -1.20592e-06 -8.23804e-07 4.58981e-07 1.44076e-06 1.00463e-06 -2.5257e-07 -1.29568e-06 -1.30674e-06 0. 
0.0966473 0.0966831 0.0952846 0.0926272 0.0888842 0.0842248 0.0788136 0.0728089 0.0663619 0.0596158 0.0527048 0.0457532 0.0388747 0.0321721 0.0257364 0.0196469 0.0139704 0.00876173 0.00406357 -9.34823e-05 -0.00369043 -0.00671945 -0.00918329 -0.0110946 -0.012475 -0.0133543 -0.0137693 -0.013763 -0.013383 -0.0126808 -0.0117102 -0.0105261 -0.00918382 -0.00773717 -0.0062379 -0.00473449 -0.00327124 -0.00188751 -0.000617005 0.000512649 0.00148034 0.00227157 0.00287851 0.00329977 0.0035401 0.00360984 0.00352429 0.00330291 0.00296846 0.00254598 0.00206183 0.00154262 0.00101423 0.000500862 2.41567e-05 -0.000397505 -0.00074964 -0.00102201 -0.0012089 -0.00130909 -0.00132572 -0.00126586 -0.00114 -0.000961338 -0.000744956 -0.000506929 -0.000263399 -2.96915e-05 0.000180559 0.00035607 0.000488545 0.000572966 0.000607835 0.000595031 0.000539601 0.000449212 0.000333547 0.000203499 7.03295e-05 -5.517e-05 -0.000163518 -0.000247172 -0.000301119 -0.000323096 -0.000313754 -0.000276395 -0.000216652 -0.000141836 -6.02362e-05 1.97012e-05 9.01973e-05 0.00014483 0.000179182 0.000191134 0.000181083 0.000151723 0.000107741 5.51798e-05 7.32575e-07 -4.90388e-05 -8.85004e-05 -0.000113524 -0.000122016 -0.000114014 -9.1702e-05 -5.89786e-05 -2.09404e-05 1.68553e-05 4.91809e-05 7.17989e-05 8.21077e-05 7.93695e-05 6.48544e-05 4.15077e-05 1.35031e-05 -1.44542e-05 -3.79107e-05 -5.33046e-05 -5.86132e-05 -5.35344e-05 -3.95899e-05 -1.97326e-05 2.17131e-06 2.20447e-05 3.63999e-05 4.28623e-05 4.07032e-05 3.08123e-05 1.55769e-05 -1.67652e-06 -1.73776e-05 -2.83731e-05 -3.26793e-05 -2.9725e-05 -2.05716e-05 -7.54091e-06 6.28432e-06 1.77336e-05 2.43659e-05 2.48632e-05 1.94724e-05 9.7675e-06 -1.6777e-06 -1.19415e-05 -1.85694e-05 -2.00256e-05 -1.6247e-05 -8.45381e-06 1.08959e-06 9.71784e-06 1.51775e-05 1.60667e-05 1.24134e-05 5.44396e-06 -2.67432e-06 -9.49076e-06 -1.31064e-05 -1.25291e-05 -8.18762e-06 -1.57057e-06 5.15743e-06 9.8184e-06 1.10786e-05 8.6192e-06 3.46966e-06 -2.53636e-06 -7.35863e-06 -9.33284e-06 -7.97809e-06 -3.86061e-06 1.40226e-06 5.83491e-06 7.91573e-06 6.89481e-06 3.36302e-06 -1.25846e-06 -5.16147e-06 -6.78736e-06 -5.68069e-06 -2.32497e-06 1.79067e-06 4.91842e-06 5.87616e-06 4.25779e-06 9.36483e-07 -2.60966e-06 -4.86371e-06 -4.78849e-06 -2.6153e-06 6.43939e-07 3.45487e-06 4.47904e-06 3.40282e-06 6.95835e-07 -2.21829e-06 -3.81856e-06 -3.49042e-06 -1.45702e-06 1.15757e-06 3.14504e-06 3.52331e-06 1.78774e-06 -8.81109e-07 -2.66246e-06 -2.80673e-06 -1.693e-06 4.03383e-08 2.09859e-06 3.21579e-06 1.87029e-06 -8.16915e-07 -2.41793e-06 -2.16506e-06 -9.12617e-07 4.36454e-07 1.61868e-06 2.03371e-06 1.13915e-06 -4.62541e-07 -1.9592e-06 -2.29926e-06 -6.43928e-07 1.59673e-06 2.31089e-06 1.20689e-06 -6.65477e-07 -1.81777e-06 -1.39693e-06 -2.48885e-08 1.02289e-06 1.07335e-06 5.23346e-07 -9.51007e-08 -6.6842e-07 -8.17447e-07 -4.51285e-07 7.26273e-08 7.63488e-07 1.07153e-06 3.20705e-07 -7.10669e-07 -1.17031e-06 -8.15271e-07 4.52935e-07 1.44691e-06 9.78621e-07 -2.58241e-07 -1.26774e-06 -1.3122e-06 0. 
0.0966473 0.0966831 0.0952846 0.0926272 0.0888842 0.0842248 0.0788136 0.0728089 0.0663619 0.0596159 0.0527049 0.0457533 0.0388749 0.0321724 0.0257368 0.0196473 0.013971 0.00876246 0.00406444 -9.24759e-05 -0.00368926 -0.00671813 -0.0091818 -0.0110929 -0.0124732 -0.0133523 -0.0137672 -0.0137608 -0.0133807 -0.0126784 -0.0117077 -0.0105236 -0.00918129 -0.00773468 -0.00623549 -0.00473221 -0.00326914 -0.00188562 -0.000615388 0.000513963 0.00148131 0.00227217 0.00287871 0.00329957 0.00353948 0.00360882 0.00352288 0.00330117 0.0029664 0.0025437 0.00205935 0.00154006 0.00101165 0.000498375 2.18317e-05 -0.00039957 -0.000751375 -0.00102334 -0.00120978 -0.00130949 -0.00132561 -0.00126527 -0.00113895 -0.000959898 -0.00074318 -0.000504943 -0.000261282 -2.75884e-05 0.000182556 0.000357827 0.00048998 0.000573986 0.000608391 0.000595101 0.000539182 0.000448361 0.000332311 0.000202004 6.86614e-05 -5.6849e-05 -0.00016511 -0.000248526 -0.000302156 -0.000323723 -0.000313939 -0.000276135 -0.000215976 -0.000140837 -5.89905e-05 2.10349e-05 9.15217e-05 0.000145979 0.000180077 0.000191664 0.000181224 0.000151464 0.000107123 5.4299e-05 -3.24639e-07 -5.01091e-05 -8.94922e-05 -0.000114281 -0.000122487 -0.000114123 -9.14642e-05 -5.84354e-05 -2.01668e-05 1.77219e-05 5.00478e-05 7.25042e-05 8.25946e-05 7.95388e-05 6.47201e-05 4.10876e-05 1.2874e-05 -1.51689e-05 -3.862e-05 -5.38547e-05 -5.89589e-05 -5.35864e-05 -3.9381e-05 -1.92932e-05 2.7523e-06 2.26399e-05 3.69279e-05 4.3187e-05 4.08123e-05 3.06558e-05 1.52226e-05 -2.15933e-06 -1.78928e-05 -2.87874e-05 -3.29462e-05 -2.97506e-05 -2.03998e-05 -7.1887e-06 6.71815e-06 1.81394e-05 2.4676e-05 2.49699e-05 1.94016e-05 9.50496e-06 -2.03408e-06 -1.23053e-05 -1.88621e-05 -2.01429e-05 -1.62073e-05 -8.23157e-06 1.39483e-06 1.00338e-05 1.54237e-05 1.61492e-05 1.2356e-05 5.22552e-06 -2.94895e-06 -9.75408e-06 -1.32859e-05 -1.25459e-05 -8.08397e-06 -1.34079e-06 5.40282e-06 1.00121e-05 1.11708e-05 8.55135e-06 3.31369e-06 -2.76451e-06 -7.55196e-06 -9.42756e-06 -7.96622e-06 -3.71177e-06 1.58555e-06 6.01687e-06 8.01699e-06 6.86657e-06 3.25566e-06 -1.44351e-06 -5.31246e-06 -6.86209e-06 -5.6618e-06 -2.19129e-06 1.9373e-06 5.05308e-06 5.92537e-06 4.19349e-06 8.23705e-07 -2.76191e-06 -4.95166e-06 -4.78739e-06 -2.54285e-06 7.86318e-07 3.55481e-06 4.52217e-06 3.3693e-06 5.79603e-07 -2.32252e-06 -3.89356e-06 -3.4736e-06 -1.35964e-06 1.24159e-06 3.22487e-06 3.53925e-06 1.72163e-06 -9.81049e-07 -2.75959e-06 -2.79854e-06 -1.62326e-06 1.01832e-07 2.17445e-06 3.2327e-06 1.82431e-06 -8.873e-07 -2.50175e-06 -2.17882e-06 -8.56218e-07 5.26153e-07 1.68805e-06 1.99548e-06 1.07439e-06 -5.0069e-07 -2.00234e-06 -2.27827e-06 -5.89577e-07 1.6266e-06 2.35112e-06 1.20093e-06 -7.3482e-07 -1.87773e-06 -1.41284e-06 2.97934e-08 1.10289e-06 1.10437e-06 4.90594e-07 -1.82202e-07 -7.16543e-07 -7.76269e-07 -3.96017e-07 1.21383e-07 7.64943e-07 9.9413e-07 2.82249e-07 -6.90368e-07 -1.14811e-06 -7.64201e-07 4.618e-07 1.38634e-06 9.61214e-07 -2.52645e-07 -1.25909e-06 -1.2606e-06 0. 
0.0966473 0.0966832 0.0952846 0.0926273 0.0888843 0.084225 0.0788138 0.0728091 0.0663622 0.0596162 0.0527053 0.0457538 0.0388755 0.0321731 0.0257376 0.0196483 0.013972 0.00876362 0.00406573 -9.10431e-05 -0.0036877 -0.00671642 -0.00917997 -0.011091 -0.0124711 -0.0133501 -0.013765 -0.0137584 -0.0133783 -0.012676 -0.0117053 -0.0105213 -0.00917909 -0.00773262 -0.0062336 -0.00473053 -0.00326771 -0.00188449 -0.00061457 0.00051443 0.00148141 0.00227189 0.00287804 0.00329851 0.00353807 0.00360707 0.00352084 0.00329888 0.00296395 0.00254112 0.00205676 0.00153751 0.00100925 0.000496188 1.99513e-05 -0.000401085 -0.00075246 -0.00102396 -0.00120991 -0.00130912 -0.00132477 -0.00126398 -0.0011373 -0.000957956 -0.000741064 -0.000502736 -0.000259128 -2.55781e-05 0.00018429 0.00035921 0.00049092 0.000574446 0.000608347 0.000594563 0.000538205 0.000447005 0.0003307 0.000200232 6.689e-05 -5.85172e-05 -0.000166521 -0.000249602 -0.000302797 -0.000323904 -0.000313649 -0.000275412 -0.000214905 -0.000139507 -5.75565e-05 2.24632e-05 9.27751e-05 0.00014697 0.000180685 0.000191863 0.000180988 0.00015084 0.000106195 5.31679e-05 -1.50084e-06 -5.122e-05 -9.03749e-05 -0.000114869 -0.000122686 -0.000113946 -9.09323e-05 -5.76338e-05 -1.92206e-05 1.86975e-05 5.08882e-05 7.31277e-05 8.28846e-05 7.94954e-05 6.43379e-05 4.04501e-05 1.20889e-05 -1.59844e-05 -3.93099e-05 -5.43418e-05 -5.91346e-05 -5.3465e-05 -3.89682e-05 -1.86872e-05 3.43791e-06 2.32899e-05 3.73992e-05 4.343e-05 4.07539e-05 3.03501e-05 1.47161e-05 -2.74789e-06 -1.84354e-05 -2.91925e-05 -3.31038e-05 -2.96711e-05 -2.00758e-05 -6.72588e-06 7.22294e-06 1.85737e-05 2.49232e-05 2.50092e-05 1.91961e-05 9.14589e-06 -2.4757e-06 -1.27087e-05 -1.91179e-05 -2.02146e-05 -1.605e-05 -7.93003e-06 1.78264e-06 1.03848e-05 1.564e-05 1.61946e-05 1.21928e-05 4.94327e-06 -3.29327e-06 -1.00399e-05 -1.34287e-05 -1.25259e-05 -7.88259e-06 -1.06213e-06 5.69631e-06 1.02114e-05 1.12103e-05 8.44548e-06 3.07061e-06 -3.02402e-06 -7.76254e-06 -9.51046e-06 -7.88493e-06 -3.52864e-06 1.83464e-06 6.20887e-06 8.09769e-06 6.81426e-06 3.07252e-06 -1.6493e-06 -5.4913e-06 -6.92539e-06 -5.58796e-06 -2.03495e-06 2.14094e-06 5.18601e-06 5.95408e-06 4.10898e-06 6.46359e-07 -2.9194e-06 -5.05088e-06 -4.76804e-06 -2.4158e-06 9.37239e-07 3.69172e-06 4.55045e-06 3.29127e-06 4.49232e-07 -2.46502e-06 -3.95145e-06 -3.44632e-06 -1.24898e-06 1.39384e-06 3.29004e-06 3.51952e-06 1.6424e-06 -1.09323e-06 -2.85255e-06 -2.83465e-06 -1.51609e-06 2.54931e-07 2.20756e-06 3.21132e-06 1.7939e-06 -9.64141e-07 -2.60681e-06 -2.21674e-06 -7.49933e-07 6.4738e-07 1.7274e-06 1.98742e-06 9.78023e-07 -6.01505e-07 -1.99163e-06 -2.24262e-06 -5.54964e-07 1.68884e-06 2.38578e-06 1.1764e-06 -8.07854e-07 -1.94465e-06 -1.4291e-06 8.11532e-08 1.2183e-06 1.15115e-06 4.13543e-07 -2.62915e-07 -7.73366e-07 -7.65105e-07 -2.76065e-07 1.80913e-07 7.20413e-07 9.44798e-07 2.12808e-07 -6.99323e-07 -1.05413e-06 -7.23892e-07 4.44993e-07 1.36172e-06 8.93234e-07 -2.5825e-07 -1.18599e-06 -1.2379e-06 0. 
0.0966473 0.0966832 0.0952847 0.0926275 0.0888845 0.0842253 0.0788142 0.0728095 0.0663627 0.0596168 0.052706 0.0457546 0.0388764 0.0321741 0.0257387 0.0196495 0.0139733 0.00876504 0.00406727 -8.93964e-05 -0.00368594 -0.00671457 -0.00917803 -0.011089 -0.012469 -0.013348 -0.0137628 -0.0137563 -0.0133762 -0.012674 -0.0117033 -0.0105195 -0.00917742 -0.00773114 -0.00623236 -0.00472956 -0.00326702 -0.00188412 -0.000614537 0.000514113 0.00148074 0.00227086 0.00287668 0.00329684 0.0035361 0.00360487 0.00351845 0.00329638 0.00296138 0.00253858 0.00205432 0.00153525 0.00100723 0.000494503 1.86439e-05 -0.000401954 -0.000752867 -0.00102388 -0.00120935 -0.00130811 -0.00132336 -0.00126224 -0.00113529 -0.000955793 -0.000738841 -0.000500584 -0.000257139 -2.3877e-05 0.000185634 0.000360106 0.000491341 0.000574361 0.00060778 0.000593553 0.000536826 0.000445363 0.000328902 0.000198424 6.51824e-05 -5.99778e-05 -0.000167654 -0.000250302 -0.000303042 -0.000323667 -0.000312975 -0.000274363 -0.000213584 -0.000138046 -5.60796e-05 2.37983e-05 9.38674e-05 0.000147694 0.000181006 0.000191734 0.000180457 0.000149963 0.000105083 5.19546e-05 -2.68496e-06 -5.22208e-05 -9.11038e-05 -0.000115219 -0.000122655 -0.000113525 -9.0207e-05 -5.66973e-05 -1.82071e-05 1.96406e-05 5.16498e-05 7.35826e-05 8.30068e-05 7.92486e-05 6.37981e-05 3.96894e-05 1.12423e-05 -1.67799e-05 -3.99415e-05 -5.46902e-05 -5.91809e-05 -5.31809e-05 -3.84427e-05 -1.79986e-05 4.15064e-06 2.3896e-05 3.78054e-05 4.35432e-05 4.05939e-05 2.99255e-05 1.4147e-05 -3.36113e-06 -1.89621e-05 -2.95184e-05 -3.31898e-05 -2.94772e-05 -1.9687e-05 -6.20485e-06 7.73595e-06 1.89689e-05 2.51237e-05 2.49523e-05 1.89364e-05 8.71933e-06 -2.93119e-06 -1.30954e-05 -1.93412e-05 -2.02076e-05 -1.58512e-05 -7.56432e-06 2.18021e-06 1.07273e-05 1.58299e-05 1.6173e-05 1.19998e-05 4.60599e-06 -3.639e-06 -1.03151e-05 -1.35474e-05 -1.24462e-05 -7.66285e-06 -7.41055e-07 5.9818e-06 1.0392e-05 1.12288e-05 8.2853e-06 2.82171e-06 -3.30979e-06 -7.95757e-06 -9.56391e-06 -7.78964e-06 -3.29924e-06 2.07658e-06 6.40752e-06 8.16117e-06 6.72392e-06 2.8876e-06 -1.88716e-06 -5.65358e-06 -6.97409e-06 -5.50419e-06 -1.83994e-06 2.33184e-06 5.32838e-06 5.96659e-06 3.9941e-06 4.76091e-07 -3.10165e-06 -5.13172e-06 -4.73513e-06 -2.28691e-06 1.12116e-06 3.80717e-06 4.57731e-06 3.20977e-06 2.92295e-07 -2.5983e-06 -4.02649e-06 -3.39182e-06 -1.10825e-06 1.51113e-06 3.36779e-06 3.51174e-06 1.55304e-06 -1.23483e-06 -2.97276e-06 -2.79979e-06 -1.39979e-06 3.43344e-07 2.27387e-06 3.22226e-06 1.74115e-06 -1.07642e-06 -2.71434e-06 -2.21123e-06 -6.62363e-07 7.67747e-07 1.80451e-06 1.92801e-06 8.80513e-07 -6.56804e-07 -2.02127e-06 -2.21213e-06 -4.92751e-07 1.74293e-06 2.42583e-06 1.15388e-06 -8.87408e-07 -2.02896e-06 -1.44921e-06 1.6872e-07 1.3217e-06 1.18674e-06 3.65998e-07 -3.8372e-07 -8.36171e-07 -7.05863e-07 -1.92482e-07 2.44877e-07 7.12121e-07 8.43884e-07 1.56095e-07 -6.74733e-07 -1.0076e-06 -6.58962e-07 4.49722e-07 1.28818e-06 8.57132e-07 -2.52665e-07 -1.15712e-06 -1.17592e-06 0. 
0.0966473 0.0966833 0.0952849 0.0926277 0.0888848 0.0842257 0.0788146 0.0728101 0.0663633 0.0596175 0.0527068 0.0457555 0.0388774 0.0321752 0.0257399 0.0196508 0.0139747 0.00876653 0.00406884 -8.7743e-05 -0.00368422 -0.00671279 -0.0091762 -0.0110871 -0.0124672 -0.0133462 -0.013761 -0.0137545 -0.0133745 -0.0126724 -0.0117019 -0.0105183 -0.00917639 -0.00773035 -0.00623182 -0.0047293 -0.00326706 -0.00188446 -0.000615199 0.000513138 0.00147946 0.0022693 0.00287486 0.00329479 0.00353388 0.00360252 0.00351603 0.00329395 0.00295902 0.00253635 0.00205229 0.00153349 0.0010058 0.000493446 1.80058e-05 -0.000402153 -0.000752618 -0.00102319 -0.00120826 -0.00130665 -0.0013216 -0.00126026 -0.00113319 -0.000953667 -0.000736796 -0.000498715 -0.000255547 -2.26353e-05 0.000186455 0.000360473 0.000491235 0.0005738 0.000606803 0.000592232 0.000535253 0.000443645 0.000327163 0.000196779 6.37549e-05 -6.10965e-05 -0.000168378 -0.000250595 -0.000302883 -0.000323087 -0.000312028 -0.000273143 -0.000212202 -0.000136628 -5.47603e-05 2.49061e-05 9.46569e-05 0.000148107 0.000181003 0.000191338 0.000179713 0.000148965 0.000103945 5.08062e-05 -3.71138e-06 -5.30169e-05 -9.15757e-05 -0.000115331 -0.000122395 -0.000112947 -8.93874e-05 -5.5756e-05 -1.72696e-05 2.04493e-05 5.22189e-05 7.38487e-05 8.29327e-05 7.8868e-05 6.31674e-05 3.89209e-05 1.04526e-05 -1.74652e-05 -4.04151e-05 -5.48899e-05 -5.90741e-05 -5.2808e-05 -3.78651e-05 -1.73335e-05 4.78982e-06 2.43936e-05 3.80736e-05 4.35478e-05 4.03333e-05 2.94715e-05 1.35829e-05 -3.91024e-06 -1.9392e-05 -2.97457e-05 -3.31696e-05 -2.92327e-05 -1.92664e-05 -5.71884e-06 8.18832e-06 1.92812e-05 2.52306e-05 2.48423e-05 1.86329e-05 8.31505e-06 -3.3479e-06 -1.34116e-05 -1.94867e-05 -2.01537e-05 -1.56113e-05 -7.2202e-06 2.54783e-06 1.10066e-05 1.59559e-05 1.61159e-05 1.1776e-05 4.29719e-06 -3.95535e-06 -1.0533e-05 -1.36147e-05 -1.23469e-05 -7.42692e-06 -4.58824e-07 6.23544e-06 1.05244e-05 1.12095e-05 8.1266e-06 2.57267e-06 -3.54842e-06 -8.1207e-06 -9.58631e-06 -7.67327e-06 -3.09457e-06 2.30521e-06 6.56057e-06 8.19964e-06 6.62952e-06 2.69949e-06 -2.08358e-06 -5.79773e-06 -6.99561e-06 -5.40904e-06 -1.67023e-06 2.51367e-06 5.43118e-06 5.96702e-06 3.8853e-06 3.08703e-07 -3.24335e-06 -5.20307e-06 -4.69043e-06 -2.16009e-06 1.26852e-06 3.91926e-06 4.58429e-06 3.12635e-06 1.56504e-07 -2.72236e-06 -4.06585e-06 -3.35073e-06 -9.92224e-07 1.64149e-06 3.42463e-06 3.48562e-06 1.459e-06 -1.33953e-06 -3.04741e-06 -2.81406e-06 -1.29768e-06 4.7294e-07 2.31442e-06 3.19728e-06 1.69187e-06 -1.14496e-06 -2.80345e-06 -2.23804e-06 -5.59315e-07 8.78848e-07 1.83948e-06 1.90584e-06 7.91584e-07 -7.37368e-07 -2.02042e-06 -2.17516e-06 -4.50068e-07 1.7899e-06 2.45914e-06 1.13309e-06 -9.65212e-07 -2.08636e-06 -1.45737e-06 2.15981e-07 1.42777e-06 1.2266e-06 2.93923e-07 -4.5991e-07 -8.86266e-07 -6.89199e-07 -8.80651e-08 2.98434e-07 6.76158e-07 7.91444e-07 9.63537e-08 -6.76928e-07 -9.3203e-07 -6.1826e-07 4.38753e-07 1.25674e-06 8.03196e-07 -2.55637e-07 -1.10147e-06 -1.14744e-06 0. 
0.0966473 0.0966834 0.095285 0.0926279 0.0888852 0.0842261 0.0788151 0.0728107 0.066364 0.0596183 0.0527077 0.0457564 0.0388784 0.0321763 0.0257411 0.019652 0.013976 0.0087679 0.00407026 -8.62804e-05 -0.00368273 -0.00671128 -0.0091747 -0.0110856 -0.0124657 -0.0133448 -0.0137597 -0.0137534 -0.0133735 -0.0126715 -0.0117012 -0.0105177 -0.00917608 -0.00773027 -0.00623199 -0.00472973 -0.00326776 -0.00188542 -0.000616415 0.00051168 0.00147778 0.00226743 0.00287283 0.00329265 0.00353167 0.0036003 0.00351386 0.00329188 0.00295712 0.00253467 0.00205088 0.0015324 0.00100508 0.000493103 1.80594e-05 -0.000401705 -0.000751791 -0.00102202 -0.00120679 -0.00130495 -0.00131974 -0.00125832 -0.00113126 -0.000951837 -0.000735157 -0.000497344 -0.000254513 -2.19854e-05 0.000186689 0.000360287 0.000490646 0.00057285 0.000605559 0.000590775 0.000533685 0.000442067 0.000325686 0.0001955 6.27632e-05 -6.1739e-05 -0.000168629 -0.000250448 -0.000302359 -0.000322239 -0.000310936 -0.000271905 -0.000210931 -0.000135434 -5.37523e-05 2.56444e-05 9.50604e-05 0.000148151 0.000180692 0.000190717 0.000178855 0.000147968 0.000102923 4.98693e-05 -4.45767e-06 -5.34981e-05 -9.17413e-05 -0.000115176 -0.000121947 -0.000112273 -8.85822e-05 -5.49253e-05 -1.65269e-05 2.10123e-05 5.2528e-05 7.38744e-05 8.26793e-05 7.83843e-05 6.25332e-05 3.8235e-05 9.82449e-06 -1.79446e-05 -4.06718e-05 -5.48954e-05 -5.88344e-05 -5.23742e-05 -3.73184e-05 -1.67703e-05 5.26694e-06 2.47075e-05 3.81697e-05 4.34209e-05 4.00137e-05 2.90282e-05 1.31081e-05 -4.32537e-06 -1.96627e-05 -2.98275e-05 -3.30495e-05 -2.89465e-05 -1.88812e-05 -5.32022e-06 8.50894e-06 1.94602e-05 2.52286e-05 2.46708e-05 1.8337e-05 7.96955e-06 -3.65538e-06 -1.36118e-05 -1.95297e-05 -2.00394e-05 -1.53726e-05 -6.92437e-06 2.81872e-06 1.11856e-05 1.59933e-05 1.6012e-05 1.15624e-05 4.03912e-06 -4.18013e-06 -1.0665e-05 -1.36136e-05 -1.22232e-05 -7.22025e-06 -2.35751e-07 6.40198e-06 1.05891e-05 1.11506e-05 7.97213e-06 2.37566e-06 -3.72232e-06 -8.20966e-06 -9.5688e-06 -7.5547e-06 -2.92326e-06 2.46588e-06 6.65671e-06 8.19342e-06 6.53254e-06 2.54819e-06 -2.22953e-06 -5.87928e-06 -6.98872e-06 -5.31438e-06 -1.53269e-06 2.63692e-06 5.49337e-06 5.93939e-06 3.78861e-06 1.83774e-07 -3.34201e-06 -5.23053e-06 -4.64316e-06 -2.05594e-06 1.3782e-06 3.98161e-06 4.57649e-06 3.05086e-06 5.59929e-08 -2.80346e-06 -4.0909e-06 -3.29731e-06 -8.96778e-07 1.72144e-06 3.4524e-06 3.45971e-06 1.39632e-06 -1.42956e-06 -3.10793e-06 -2.78306e-06 -1.21141e-06 5.38095e-07 2.3334e-06 3.19104e-06 1.65781e-06 -1.2204e-06 -2.8617e-06 -2.22284e-06 -4.93504e-07 9.51998e-07 1.87095e-06 1.868e-06 7.24422e-07 -7.77529e-07 -2.01861e-06 -2.15144e-06 -4.16019e-07 1.82837e-06 2.47146e-06 1.10967e-06 -1.0077e-06 -2.13364e-06 -1.46365e-06 2.71231e-07 1.48779e-06 1.24429e-06 2.58427e-07 -5.28902e-07 -9.20947e-07 -6.56243e-07 -2.87725e-08 3.35029e-07 6.61338e-07 7.37243e-07 5.81996e-08 -6.66387e-07 -8.90048e-07 -5.8292e-07 4.35786e-07 1.22006e-06 7.70956e-07 -2.54137e-07 -1.07008e-06 -1.11643e-06 0. 
0.0966473 0.0966835 0.0952852 0.0926282 0.0888855 0.0842265 0.0788156 0.0728112 0.0663646 0.059619 0.0527084 0.0457573 0.0388793 0.0321772 0.0257421 0.019653 0.0139771 0.008769 0.00407138 -8.51635e-05 -0.00368162 -0.00671021 -0.00917366 -0.0110847 -0.0124648 -0.013344 -0.013759 -0.0137528 -0.0133731 -0.0126713 -0.0117012 -0.0105179 -0.00917645 -0.00773086 -0.0062328 -0.00473075 -0.00326898 -0.00188684 -0.000618007 0.000509938 0.00147592 0.00226548 0.00287084 0.00329067 0.00352974 0.00359847 0.00351218 0.0032904 0.00295587 0.00253371 0.00205022 0.00153209 0.0010051 0.000493479 1.87651e-05 -0.000400685 -0.000750505 -0.00102051 -0.00120513 -0.0013032 -0.00131797 -0.00125662 -0.00112971 -0.000950503 -0.000734094 -0.000496615 -0.000254136 -2.19896e-05 0.000186326 0.000359577 0.00048965 0.000571623 0.000604189 0.000589346 0.000532292 0.000440804 0.000324629 0.000194728 6.23112e-05 -6.18315e-05 -0.000168383 -0.000249874 -0.000301529 -0.000321213 -0.000309817 -0.000270783 -0.000209906 -0.000134598 -5.31658e-05 2.59224e-05 9.50301e-05 0.000147808 0.0001801 0.000189928 0.000177972 0.000147079 0.000102127 4.92532e-05 -4.83863e-06 -5.35969e-05 -9.15737e-05 -0.000114754 -0.000121351 -0.000111567 -8.78738e-05 -5.42985e-05 -1.60621e-05 2.12538e-05 5.25338e-05 7.36376e-05 8.22625e-05 7.78366e-05 6.19575e-05 3.77071e-05 9.42871e-06 -1.81509e-05 -4.06728e-05 -5.46855e-05 -5.84755e-05 -5.19137e-05 -3.68561e-05 -1.63738e-05 5.52517e-06 2.47857e-05 3.80711e-05 4.31566e-05 3.96593e-05 2.86369e-05 1.27729e-05 -4.55024e-06 -1.97356e-05 -2.97344e-05 -3.28304e-05 -2.86359e-05 -1.8568e-05 -5.05687e-06 8.65704e-06 1.94672e-05 2.51061e-05 2.44396e-05 1.8074e-05 7.72082e-06 -3.81634e-06 -1.36571e-05 -1.94548e-05 -1.98595e-05 -1.51542e-05 -6.7081e-06 2.96015e-06 1.1228e-05 1.59285e-05 1.58556e-05 1.13766e-05 3.86037e-06 -4.28486e-06 -1.06793e-05 -1.35358e-05 -1.20737e-05 -7.06204e-06 -1.00553e-07 6.45795e-06 1.05608e-05 1.10514e-05 7.82841e-06 2.25209e-06 -3.8024e-06 -8.2085e-06 -9.49557e-06 -7.44292e-06 -2.80129e-06 2.53777e-06 6.6698e-06 8.13784e-06 6.43058e-06 2.45058e-06 -2.30169e-06 -5.88432e-06 -6.93707e-06 -5.22905e-06 -1.43996e-06 2.68413e-06 5.4927e-06 5.88426e-06 3.70463e-06 1.17763e-07 -3.37738e-06 -5.20753e-06 -4.58256e-06 -1.98862e-06 1.43259e-06 3.9842e-06 4.5413e-06 2.99148e-06 -4.48245e-09 -2.82359e-06 -4.07598e-06 -3.24656e-06 -8.38186e-07 1.74845e-06 3.45084e-06 3.41975e-06 1.34285e-06 -1.46129e-06 -3.11259e-06 -2.74772e-06 -1.16545e-06 5.67847e-07 2.34208e-06 3.15839e-06 1.61536e-06 -1.24198e-06 -2.86715e-06 -2.20161e-06 -4.58018e-07 9.83025e-07 1.87615e-06 1.83064e-06 6.88261e-07 -7.88799e-07 -2.01282e-06 -2.11886e-06 -3.89678e-07 1.82588e-06 2.46269e-06 1.09174e-06 -1.02765e-06 -2.13659e-06 -1.45342e-06 2.92703e-07 1.50584e-06 1.2435e-06 2.40391e-07 -5.581e-07 -9.30198e-07 -6.34353e-07 -5.05456e-09 3.50735e-07 6.53794e-07 7.02236e-07 4.23716e-08 -6.54133e-07 -8.71435e-07 -5.58852e-07 4.3453e-07 1.18836e-06 7.55805e-07 -2.50604e-07 -1.05522e-06 -1.08856e-06 0. 
0.0966473 0.0966835 0.0952853 0.0926284 0.0888857 0.0842268 0.078816 0.0728117 0.0663652 0.0596196 0.052709 0.0457579 0.03888 0.0321779 0.0257428 0.0196538 0.0139778 0.00876974 0.00407209 -8.44827e-05 -0.003681 -0.00670964 -0.00917318 -0.0110843 -0.0124645 -0.0133438 -0.013759 -0.0137529 -0.0133734 -0.0126717 -0.0117018 -0.0105187 -0.00917743 -0.00773201 -0.00623411 -0.00473221 -0.00327057 -0.00188854 -0.000619783 0.000508117 0.00147409 0.00226368 0.00286911 0.00328904 0.00352827 0.00359719 0.00351113 0.00328961 0.00295537 0.00253351 0.00205036 0.00153252 0.00100585 0.000494493 2.00304e-05 -0.000399234 -0.000748906 -0.00101884 -0.00120344 -0.00130158 -0.00131649 -0.00125533 -0.00112868 -0.00094977 -0.000733705 -0.000496565 -0.000254446 -2.26126e-05 0.000185404 0.00035844 0.000488344 0.000570252 0.000602821 0.000588083 0.000531205 0.000439964 0.000324094 0.000194516 6.2447e-05 -6.13902e-05 -0.000167651 -0.000248946 -0.000300456 -0.000320114 -0.000308763 -0.00026988 -0.00020922 -0.000134184 -5.30624e-05 2.57325e-05 9.45519e-05 0.000147126 0.00017926 0.000189052 0.000177127 0.000146376 0.000101625 4.90048e-05 -4.80862e-06 -5.33174e-05 -9.10642e-05 -0.000114114 -0.000120634 -0.000110898 -8.73095e-05 -5.3929e-05 -1.592e-05 2.11602e-05 5.22139e-05 7.31689e-05 8.16891e-05 7.72803e-05 6.14695e-05 3.73852e-05 9.29933e-06 -1.80703e-05 -4.03964e-05 -5.42863e-05 -5.79973e-05 -5.1474e-05 -3.64968e-05 -1.61819e-05 5.53991e-06 2.46236e-05 3.77608e-05 4.27843e-05 3.9269e-05 2.8339e-05 1.25909e-05 -4.56155e-06 -1.95923e-05 -2.94767e-05 -3.25003e-05 -2.83354e-05 -1.8328e-05 -4.9596e-06 8.62014e-06 1.92993e-05 2.4848e-05 2.41746e-05 1.78365e-05 7.60059e-06 -3.82531e-06 -1.35373e-05 -1.92481e-05 -1.96333e-05 -1.49445e-05 -6.6016e-06 2.97172e-06 1.11214e-05 1.57491e-05 1.5663e-05 1.12052e-05 3.78921e-06 -4.27164e-06 -1.05645e-05 -1.33696e-05 -1.19151e-05 -6.93832e-06 -7.9615e-08 6.40525e-06 1.04323e-05 1.08997e-05 7.71501e-06 2.18866e-06 -3.76527e-06 -8.11636e-06 -9.36687e-06 -7.32375e-06 -2.75182e-06 2.53157e-06 6.58262e-06 8.02696e-06 6.33393e-06 2.39154e-06 -2.27581e-06 -5.81757e-06 -6.8347e-06 -5.14137e-06 -1.41246e-06 2.66748e-06 5.41122e-06 5.79792e-06 3.64338e-06 9.60935e-08 -3.32664e-06 -5.13833e-06 -4.50677e-06 -1.94584e-06 1.41027e-06 3.93745e-06 4.46636e-06 2.93926e-06 -6.76207e-09 -2.79334e-06 -4.00486e-06 -3.19871e-06 -8.24628e-07 1.73931e-06 3.39369e-06 3.36269e-06 1.31257e-06 -1.44076e-06 -3.05122e-06 -2.71994e-06 -1.14585e-06 5.79216e-07 2.29983e-06 3.10305e-06 1.58384e-06 -1.221e-06 -2.8165e-06 -2.17502e-06 -4.39336e-07 9.69053e-07 1.83172e-06 1.81523e-06 6.74891e-07 -7.90163e-07 -1.96905e-06 -2.08304e-06 -3.84944e-07 1.79946e-06 2.417e-06 1.07261e-06 -1.01245e-06 -2.09522e-06 -1.42278e-06 2.75486e-07 1.4831e-06 1.22635e-06 2.25774e-07 -5.346e-07 -9.11499e-07 -6.40253e-07 5.64074e-09 3.42903e-07 6.32111e-07 7.08378e-07 3.80917e-08 -6.54458e-07 -8.43684e-07 -5.57985e-07 4.21732e-07 1.18489e-06 7.33922e-07 -2.50171e-07 -1.02523e-06 -1.08323e-06 0. 
0.0966473 0.0966836 0.0952854 0.0926285 0.0888859 0.084227 0.0788163 0.072812 0.0663655 0.0596199 0.0527095 0.0457584 0.0388804 0.0321784 0.0257432 0.0196542 0.0139782 0.00877007 0.00407237 -8.42742e-05 -0.00368086 -0.0067096 -0.00917324 -0.0110844 -0.0124648 -0.0133443 -0.0137596 -0.0137537 -0.0133742 -0.0126727 -0.011703 -0.01052 -0.00917886 -0.00773355 -0.00623575 -0.00473392 -0.00327233 -0.00189032 -0.000621544 0.000506404 0.00147246 0.00226218 0.00286777 0.00328791 0.00352736 0.00359654 0.00351077 0.00328955 0.00295561 0.00253406 0.00205118 0.00153362 0.00100717 0.000496014 2.16739e-05 -0.000397507 -0.000747181 -0.00101717 -0.00120191 -0.00130023 -0.0013154 -0.00125455 -0.00112822 -0.000949675 -0.000733959 -0.00049717 -0.000255344 -2.37773e-05 0.000184069 0.000356986 0.000486885 0.000568853 0.000601589 0.000587078 0.0005305 0.000439597 0.00032408 0.00019486 6.30985e-05 -6.04632e-05 -0.000166554 -0.000247739 -0.000299271 -0.000319018 -0.000307873 -0.000269248 -0.000208907 -0.000134207 -5.34043e-05 2.50985e-05 9.3718e-05 0.000146153 0.000178282 0.000188138 0.000176403 0.000145888 0.00010144 4.91236e-05 -4.4101e-06 -5.26827e-05 -9.02991e-05 -0.000113287 -0.000119884 -0.000110284 -8.69379e-05 -5.38162e-05 -1.60875e-05 2.0748e-05 5.16323e-05 7.24863e-05 8.10379e-05 7.67211e-05 6.11192e-05 3.72587e-05 9.43185e-06 -1.77205e-05 -3.98959e-05 -5.37076e-05 -5.74671e-05 -5.10471e-05 -3.62802e-05 -1.61731e-05 5.32223e-06 2.42394e-05 3.72904e-05 4.23025e-05 3.88979e-05 2.81113e-05 1.25831e-05 -4.38659e-06 -1.92581e-05 -2.90627e-05 -3.21093e-05 -2.80247e-05 -1.81975e-05 -4.99442e-06 8.40201e-06 1.89749e-05 2.44923e-05 2.38601e-05 1.76642e-05 7.57115e-06 -3.67313e-06 -1.32779e-05 -1.8936e-05 -1.93488e-05 -1.47806e-05 -6.5648e-06 2.83864e-06 1.08947e-05 1.54739e-05 1.5422e-05 1.10811e-05 3.78323e-06 -4.12478e-06 -1.03488e-05 -1.31301e-05 -1.173e-05 -6.87853e-06 -1.28267e-07 6.23014e-06 1.02252e-05 1.07104e-05 7.60477e-06 2.21213e-06 -3.65513e-06 -7.92358e-06 -9.19038e-06 -7.21467e-06 -2.73617e-06 2.42295e-06 6.43142e-06 7.85785e-06 6.22941e-06 2.39286e-06 -2.19704e-06 -5.65917e-06 -6.6976e-06 -5.0586e-06 -1.41538e-06 2.56139e-06 5.28536e-06 5.67075e-06 3.5906e-06 1.39018e-07 -3.23287e-06 -5.00158e-06 -4.42439e-06 -1.93488e-06 1.35265e-06 3.81294e-06 4.37297e-06 2.89192e-06 2.41606e-08 -2.69194e-06 -3.9176e-06 -3.12849e-06 -8.30538e-07 1.65739e-06 3.30793e-06 3.28783e-06 1.31201e-06 -1.38398e-06 -2.97412e-06 -2.63164e-06 -1.14708e-06 5.16383e-07 2.24445e-06 3.0392e-06 1.55883e-06 -1.18559e-06 -2.72425e-06 -2.0955e-06 -4.72027e-07 9.13293e-07 1.79396e-06 1.75972e-06 6.83415e-07 -7.3747e-07 -1.93024e-06 -2.03873e-06 -3.83067e-07 1.74085e-06 2.34326e-06 1.04582e-06 -9.54016e-07 -2.02942e-06 -1.39009e-06 2.69789e-07 1.4017e-06 1.17754e-06 2.60908e-07 -5.12708e-07 -8.7591e-07 -6.12015e-07 -4.31118e-08 3.20736e-07 6.4195e-07 6.8773e-07 5.95207e-08 -6.2657e-07 -8.60913e-07 -5.46479e-07 4.21481e-07 1.1475e-06 7.40157e-07 -2.39669e-07 -1.02794e-06 -1.05057e-06 0. 
0.0966473 0.0966836 0.0952855 0.0926286 0.0888861 0.0842272 0.0788164 0.0728122 0.0663657 0.0596201 0.0527096 0.0457585 0.0388806 0.0321785 0.0257433 0.0196542 0.0139782 0.00877001 0.00407223 -8.44959e-05 -0.00368118 -0.00671002 -0.00917377 -0.0110851 -0.0124656 -0.0133452 -0.0137606 -0.0137548 -0.0133755 -0.0126741 -0.0117045 -0.0105216 -0.00918053 -0.00773528 -0.0062375 -0.00473567 -0.00327406 -0.00189198 -0.000623115 0.000504969 0.00147119 0.00226111 0.00286693 0.00328732 0.00352706 0.00359653 0.00351105 0.00329013 0.00295649 0.00253519 0.00205256 0.00153519 0.00100889 0.00049781 2.35079e-05 -0.000395728 -0.000745501 -0.00101568 -0.00120064 -0.00129927 -0.00131476 -0.00125428 -0.00112833 -0.000950142 -0.000734776 -0.000498275 -0.0002567 -2.52818e-05 0.00018247 0.000355417 0.000485407 0.000567584 0.000600578 0.000586408 0.000530194 0.000439679 0.000324538 0.000195646 6.41668e-05 -5.9222e-05 -0.000165208 -0.000246429 -0.000298066 -0.000318051 -0.000307188 -0.000268923 -0.000208946 -0.000134606 -5.41201e-05 2.41539e-05 9.26188e-05 0.000145042 0.000177236 0.000187302 0.000175822 0.00014565 0.000101537 4.9551e-05 -3.71294e-06 -5.18155e-05 -8.93474e-05 -0.000112402 -0.000119134 -0.000109801 -8.67387e-05 -5.39499e-05 -1.65057e-05 2.0104e-05 5.08517e-05 7.17053e-05 8.03369e-05 7.62408e-05 6.08828e-05 3.73334e-05 9.76656e-06 -1.71707e-05 -3.92268e-05 -5.30485e-05 -5.68981e-05 -5.07012e-05 -3.61671e-05 -1.63451e-05 4.93572e-06 2.36995e-05 3.67008e-05 4.17942e-05 3.85325e-05 2.79967e-05 1.26906e-05 -4.04913e-06 -1.87909e-05 -2.85608e-05 -3.16667e-05 -2.77635e-05 -1.8128e-05 -5.16901e-06 8.06849e-06 1.85394e-05 2.40646e-05 2.35546e-05 1.75182e-05 7.65618e-06 -3.42859e-06 -1.29059e-05 -1.85529e-05 -1.90559e-05 -1.46283e-05 -6.62603e-06 2.63085e-06 1.05635e-05 1.51388e-05 1.51734e-05 1.09685e-05 3.86921e-06 -3.91468e-06 -1.0042e-05 -1.28467e-05 -1.15516e-05 -6.83814e-06 -2.69162e-07 6.00106e-06 9.94782e-06 1.04969e-05 7.52563e-06 2.26512e-06 -3.454e-06 -7.68937e-06 -8.97522e-06 -7.10395e-06 -2.77917e-06 2.27952e-06 6.20275e-06 7.66701e-06 6.12913e-06 2.41237e-06 -2.04184e-06 -5.47275e-06 -6.51815e-06 -4.97874e-06 -1.46664e-06 2.42963e-06 5.09276e-06 5.53683e-06 3.54993e-06 2.02239e-07 -3.07126e-06 -4.853e-06 -4.32074e-06 -1.93963e-06 1.23713e-06 3.67508e-06 4.2413e-06 2.85426e-06 8.77149e-08 -2.56973e-06 -3.76915e-06 -3.07648e-06 -8.71375e-07 1.57043e-06 3.18637e-06 3.2023e-06 1.29597e-06 -1.2774e-06 -2.81781e-06 -2.59394e-06 -1.17516e-06 4.81339e-07 2.16486e-06 2.93517e-06 1.5128e-06 -1.08348e-06 -2.58412e-06 -2.05683e-06 -4.89534e-07 8.37756e-07 1.69849e-06 1.74442e-06 7.03604e-07 -7.03611e-07 -1.85967e-06 -1.97828e-06 -3.87986e-07 1.64941e-06 2.2489e-06 1.02949e-06 -9.00451e-07 -1.91501e-06 -1.32701e-06 1.9946e-07 1.31773e-06 1.1328e-06 2.60378e-07 -4.299e-07 -8.18911e-07 -6.35374e-07 -6.70269e-08 2.85753e-07 6.16856e-07 7.17665e-07 7.73111e-08 -6.24063e-07 -8.42861e-07 -5.56452e-07 4.029e-07 1.1447e-06 7.24499e-07 -2.35895e-07 -9.98633e-07 -1.04311e-06 0. 
0.0966473 0.0966836 0.0952855 0.0926286 0.0888861 0.0842272 0.0788165 0.0728122 0.0663657 0.0596201 0.0527096 0.0457585 0.0388805 0.0321784 0.0257432 0.019654 0.0139779 0.00876961 0.00407175 -8.50686e-05 -0.00368185 -0.00671079 -0.00917465 -0.0110861 -0.0124667 -0.0133464 -0.0137619 -0.0137562 -0.013377 -0.0126757 -0.0117061 -0.0105233 -0.00918222 -0.00773696 -0.00623915 -0.00473727 -0.00327556 -0.00189336 -0.000624333 0.000503932 0.00147037 0.00226053 0.00286661 0.00328727 0.0035273 0.00359706 0.00351186 0.0032912 0.0029578 0.00253672 0.00205424 0.00153699 0.00101074 0.000499659 2.52761e-05 -0.000394087 -0.000744069 -0.0010145 -0.00119977 -0.00129874 -0.0013146 -0.00125448 -0.0011289 -0.000951051 -0.00073597 -0.000499704 -0.000258274 -2.69338e-05 0.000180852 0.000353903 0.000484106 0.000566548 0.000599891 0.000586089 0.000530274 0.000440138 0.000325343 0.000196737 6.54522e-05 -5.78261e-05 -0.000163828 -0.000245149 -0.000297011 -0.000317277 -0.000306777 -0.000268883 -0.000209289 -0.000135283 -5.50642e-05 2.30323e-05 9.14425e-05 0.000143909 0.000176283 0.000186593 0.000175455 0.000145629 0.000101877 5.0189e-05 -2.84912e-06 -5.08303e-05 -8.83711e-05 -0.000111533 -0.000118502 -0.00010945 -8.67344e-05 -5.42569e-05 -1.70948e-05 1.93327e-05 5.00081e-05 7.09016e-05 7.97055e-05 7.5843e-05 6.0801e-05 3.75399e-05 1.02475e-05 -1.65181e-05 -3.85037e-05 -5.23712e-05 -5.63925e-05 -5.04225e-05 -3.61865e-05 -1.66181e-05 4.43727e-06 2.30926e-05 3.6092e-05 4.12921e-05 3.82466e-05 2.79478e-05 1.29132e-05 -3.64005e-06 -1.82587e-05 -2.80332e-05 -3.12536e-05 -2.75349e-05 -1.8153e-05 -5.40104e-06 7.65468e-06 1.80701e-05 2.36346e-05 2.32622e-05 1.7444e-05 7.78272e-06 -3.1047e-06 -1.25041e-05 -1.81528e-05 -1.87689e-05 -1.45322e-05 -6.71699e-06 2.35068e-06 1.0211e-05 1.47846e-05 1.49306e-05 1.09048e-05 3.97684e-06 -3.64081e-06 -9.7235e-06 -1.25505e-05 -1.13819e-05 -6.84589e-06 -4.24883e-07 5.71833e-06 9.66827e-06 1.02832e-05 7.45706e-06 2.36811e-06 -3.24596e-06 -7.41528e-06 -8.76615e-06 -7.0095e-06 -2.83094e-06 2.08658e-06 5.9767e-06 7.45603e-06 6.03908e-06 2.46456e-06 -1.88527e-06 -5.24572e-06 -6.34951e-06 -4.90381e-06 -1.52455e-06 2.25628e-06 4.90962e-06 5.38374e-06 3.521e-06 2.94326e-07 -2.91449e-06 -4.67171e-06 -4.23427e-06 -1.95503e-06 1.12401e-06 3.50079e-06 4.12269e-06 2.8118e-06 1.63815e-07 -2.41773e-06 -3.64695e-06 -3.00118e-06 -9.08407e-07 1.44788e-06 3.05671e-06 3.1088e-06 1.32429e-06 -1.17764e-06 -2.70547e-06 -2.49496e-06 -1.1893e-06 3.92922e-07 2.06661e-06 2.84904e-06 1.5046e-06 -1.01733e-06 -2.45333e-06 -1.9601e-06 -5.44132e-07 7.48343e-07 1.63627e-06 1.68766e-06 7.24289e-07 -6.33988e-07 -1.79274e-06 -1.92448e-06 -4.02264e-07 1.56859e-06 2.14422e-06 9.96772e-07 -8.06494e-07 -1.8186e-06 -1.28564e-06 1.793e-07 1.20105e-06 1.06661e-06 3.08967e-07 -3.85171e-07 -7.66792e-07 -6.09333e-07 -1.31078e-07 2.50582e-07 6.23319e-07 7.05053e-07 1.06159e-07 -5.93257e-07 -8.56769e-07 -5.49502e-07 3.96583e-07 1.10704e-06 7.26461e-07 -2.23764e-07 -9.91858e-07 -1.00958e-06 0. 
0.0966473 0.0966836 0.0952855 0.0926286 0.088886 0.0842272 0.0788164 0.0728121 0.0663656 0.05962 0.0527094 0.0457582 0.0388802 0.032178 0.0257427 0.0196535 0.0139773 0.00876898 0.00407104 -8.58661e-05 -0.00368274 -0.00671177 -0.00917572 -0.0110872 -0.0124679 -0.0133477 -0.0137633 -0.0137577 -0.0133785 -0.0126772 -0.0117076 -0.0105248 -0.00918371 -0.00773839 -0.00624051 -0.00473851 -0.00327667 -0.0018943 -0.000625094 0.000503384 0.00147005 0.00226045 0.00286678 0.00328771 0.00352798 0.00359799 0.00351302 0.00329256 0.00295933 0.00253837 0.00205598 0.00153874 0.00101247 0.000501294 2.67707e-05 -0.000392802 -0.000743029 -0.00101376 -0.00119935 -0.00129866 -0.00131487 -0.00125509 -0.00112981 -0.000952221 -0.000737349 -0.000501215 -0.000259848 -2.84747e-05 0.000179413 0.000352661 0.000483113 0.000565879 0.000599565 0.000586137 0.000530677 0.000440871 0.000326349 0.00019794 6.67698e-05 -5.65025e-05 -0.000162583 -0.000244095 -0.000296208 -0.000316804 -0.000306648 -0.000269118 -0.000209847 -0.000136115 -5.60868e-05 2.19212e-05 9.03417e-05 0.000142939 0.000175517 0.000186126 0.000175305 0.000145824 0.000102371 5.09312e-05 -1.95454e-06 -4.98914e-05 -8.7491e-05 -0.000110829 -0.000118037 -0.000109295 -8.688e-05 -5.46945e-05 -1.77432e-05 1.85583e-05 4.92183e-05 7.02141e-05 7.92008e-05 7.56082e-05 6.084e-05 3.78608e-05 1.07734e-05 -1.58623e-05 -3.78314e-05 -5.17948e-05 -5.59917e-05 -5.02775e-05 -3.62911e-05 -1.69694e-05 3.92913e-06 2.25101e-05 3.55483e-05 4.08915e-05 3.80461e-05 2.79996e-05 1.31753e-05 -3.20387e-06 -1.77592e-05 -2.75656e-05 -3.09125e-05 -2.73994e-05 -1.82259e-05 -5.68309e-06 7.25596e-06 1.76303e-05 2.32642e-05 2.30467e-05 1.74161e-05 7.96325e-06 -2.7905e-06 -1.2116e-05 -1.78053e-05 -1.85438e-05 -1.44764e-05 -6.85618e-06 2.08302e-06 9.86761e-06 1.44798e-05 1.47391e-05 1.08724e-05 4.1224e-06 -3.38769e-06 -9.41689e-06 -1.23017e-05 -1.12554e-05 -6.87184e-06 -6.05656e-07 5.4673e-06 9.40612e-06 1.01115e-05 7.42324e-06 2.47112e-06 -3.02709e-06 -7.18215e-06 -8.57858e-06 -6.94337e-06 -2.90637e-06 1.91492e-06 5.75282e-06 7.28651e-06 5.96955e-06 2.52138e-06 -1.71823e-06 -5.05663e-06 -6.19081e-06 -4.8547e-06 -1.59565e-06 2.10618e-06 4.72647e-06 5.26762e-06 3.50189e-06 3.81855e-07 -2.75363e-06 -4.52908e-06 -4.15069e-06 -1.98217e-06 1.00465e-06 3.36002e-06 4.00709e-06 2.79173e-06 2.34249e-07 -2.28883e-06 -3.51108e-06 -2.95826e-06 -9.57334e-07 1.34701e-06 2.94401e-06 3.03547e-06 1.31897e-06 -1.06659e-06 -2.55849e-06 -2.45557e-06 -1.22736e-06 3.42735e-07 1.99739e-06 2.75291e-06 1.46352e-06 -9.10528e-07 -2.3165e-06 -1.92418e-06 -5.74476e-07 6.71423e-07 1.55341e-06 1.66771e-06 7.49838e-07 -5.90805e-07 -1.73467e-06 -1.86729e-06 -4.0639e-07 1.47265e-06 2.0574e-06 9.86338e-07 -7.53609e-07 -1.70901e-06 -1.22874e-06 1.12722e-07 1.1174e-06 1.02321e-06 3.16052e-07 -3.10976e-07 -7.13129e-07 -6.24595e-07 -1.62429e-07 2.18184e-07 6.0662e-07 7.23731e-07 1.26438e-07 -5.84151e-07 -8.49039e-07 -5.53447e-07 3.82425e-07 1.09322e-06 7.18342e-07 -2.17616e-07 -9.7268e-07 -9.93123e-07 0. 
0.0966473 0.0966836 0.0952854 0.0926285 0.0888859 0.084227 0.0788162 0.0728119 0.0663653 0.0596197 0.0527091 0.0457578 0.0388798 0.0321775 0.0257422 0.0196529 0.0139767 0.00876823 0.00407022 -8.67571e-05 -0.0036837 -0.00671279 -0.0091768 -0.0110884 -0.0124691 -0.0133489 -0.0137645 -0.0137589 -0.0133798 -0.0126785 -0.0117089 -0.0105259 -0.00918481 -0.0077394 -0.0062414 -0.00473926 -0.00327726 -0.00189472 -0.000625327 0.000503351 0.00147023 0.00226084 0.00286739 0.00328852 0.00352899 0.00359916 0.00351434 0.003294 0.00296084 0.00253992 0.00205751 0.00154022 0.00101384 0.000502513 2.77915e-05 -0.000392016 -0.000742508 -0.00101352 -0.00119941 -0.00129902 -0.0013155 -0.00125597 -0.0011309 -0.000953474 -0.000738699 -0.000502595 -0.000261188 -2.97041e-05 0.00017836 0.000351839 0.000482569 0.000565638 0.000599641 0.000586517 0.000531336 0.000441758 0.000327402 0.000199083 6.7921e-05 -5.54274e-05 -0.000161663 -0.000243395 -0.000295779 -0.000316673 -0.000306823 -0.000269572 -0.000210539 -0.000136974 -5.70355e-05 2.09754e-05 8.94858e-05 0.000142253 0.000175066 0.000185945 0.000175409 0.00014619 0.000102957 5.16615e-05 -1.16069e-06 -4.91302e-05 -8.68474e-05 -0.000110377 -0.000117826 -0.000109341 -8.71728e-05 -5.51835e-05 -1.83645e-05 1.78977e-05 4.86047e-05 6.97339e-05 7.89166e-05 7.55527e-05 6.10175e-05 3.82313e-05 1.12809e-05 -1.53078e-05 -3.73127e-05 -5.13981e-05 -5.57756e-05 -5.02705e-05 -3.6491e-05 -1.73285e-05 3.47171e-06 2.20467e-05 3.51565e-05 4.06449e-05 3.79844e-05 2.81257e-05 1.34634e-05 -2.8236e-06 -1.73576e-05 -2.72326e-05 -3.07087e-05 -2.73649e-05 -1.83635e-05 -5.95155e-06 6.91244e-06 1.73e-05 2.30131e-05 2.29353e-05 1.74634e-05 8.14966e-06 -2.50851e-06 -1.18197e-05 -1.75592e-05 -1.84157e-05 -1.44904e-05 -7.00283e-06 1.8419e-06 9.60847e-06 1.42633e-05 1.4632e-05 1.0895e-05 4.26398e-06 -3.16725e-06 -9.19339e-06 -1.21305e-05 -1.11951e-05 -6.93105e-06 -7.61756e-07 5.2607e-06 9.22594e-06 1.00033e-05 7.42843e-06 2.5798e-06 -2.85719e-06 -7.00262e-06 -8.46248e-06 -6.9177e-06 -2.98384e-06 1.76624e-06 5.59526e-06 7.16714e-06 5.94312e-06 2.58563e-06 -1.58854e-06 -4.90892e-06 -6.09383e-06 -4.83252e-06 -1.66418e-06 1.98104e-06 4.6029e-06 5.18621e-06 3.50813e-06 4.6033e-07 -2.6369e-06 -4.42093e-06 -4.11071e-06 -2.01245e-06 9.12825e-07 3.25074e-06 3.93814e-06 2.78174e-06 3.0023e-07 -2.18822e-06 -3.43215e-06 -2.92608e-06 -9.96358e-07 1.26512e-06 2.85657e-06 2.985e-06 1.35052e-06 -9.90831e-07 -2.48317e-06 -2.41057e-06 -1.24286e-06 2.8733e-07 1.92431e-06 2.70054e-06 1.47193e-06 -8.55484e-07 -2.23433e-06 -1.87655e-06 -6.10481e-07 6.09264e-07 1.50721e-06 1.64596e-06 7.6803e-07 -5.49131e-07 -1.68655e-06 -1.8397e-06 -4.24671e-07 1.42132e-06 1.99454e-06 9.71581e-07 -6.92856e-07 -1.6463e-06 -1.20473e-06 9.00941e-08 1.04731e-06 9.84887e-07 3.42118e-07 -2.73416e-07 -6.79837e-07 -6.18339e-07 -1.96904e-07 1.93793e-07 6.04841e-07 7.27058e-07 1.43143e-07 -5.70662e-07 -8.50876e-07 -5.55248e-07 3.74805e-07 1.07958e-06 7.15735e-07 -2.11822e-07 -9.62591e-07 -9.80196e-07 0. 
0.0966473 0.0966835 0.0952854 0.0926284 0.0888858 0.0842268 0.078816 0.0728116 0.066365 0.0596193 0.0527087 0.0457574 0.0388793 0.032177 0.0257416 0.0196522 0.0139759 0.00876746 0.0040694 -8.7614e-05 -0.00368459 -0.00671372 -0.00917776 -0.0110893 -0.0124701 -0.0133499 -0.0137655 -0.0137599 -0.0133807 -0.0126793 -0.0117096 -0.0105266 -0.00918539 -0.00773986 -0.00624173 -0.00473945 -0.0032773 -0.0018946 -0.000625032 0.000503813 0.00147086 0.00226163 0.00286832 0.00328958 0.00353015 0.00360041 0.00351564 0.00329531 0.00296214 0.00254116 0.00205866 0.00154124 0.00101468 0.000503165 2.82199e-05 -0.000391819 -0.000742559 -0.00101381 -0.00119994 -0.00129975 -0.00131641 -0.00125701 -0.00113204 -0.000954642 -0.000739844 -0.000503664 -0.000262121 -3.04619e-05 0.000177825 0.000351544 0.000482538 0.000565858 0.000600104 0.000587182 0.000532162 0.000442684 0.000328366 0.000200016 6.87561e-05 -5.4744e-05 -0.000161186 -0.000243147 -0.000295784 -0.000316913 -0.000307282 -0.000270196 -0.000211278 -0.000137754 -5.77868e-05 2.03199e-05 8.89896e-05 0.000141952 0.000174993 0.000186089 0.00017576 0.000146693 0.000103561 5.22925e-05 -5.72427e-07 -4.86494e-05 -8.65309e-05 -0.000110249 -0.000117905 -0.000109598 -8.7581e-05 -5.56745e-05 -1.8878e-05 1.7435e-05 4.82541e-05 6.95356e-05 7.89003e-05 7.57035e-05 6.13181e-05 3.86199e-05 1.17039e-05 -1.49231e-05 -3.70236e-05 -5.12445e-05 -5.57838e-05 -5.04227e-05 -3.67668e-05 -1.76643e-05 3.12803e-06 2.17622e-05 3.4979e-05 4.05991e-05 3.80808e-05 2.83296e-05 1.37421e-05 -2.5382e-06 -1.71156e-05 -2.7084e-05 -3.06821e-05 -2.7454e-05 -1.85541e-05 -6.18701e-06 6.67572e-06 1.71216e-05 2.29285e-05 2.2957e-05 1.75889e-05 8.33448e-06 -2.30067e-06 -1.16494e-05 -1.74618e-05 -1.84124e-05 -1.45828e-05 -7.154e-06 1.66379e-06 9.46145e-06 1.41794e-05 1.46327e-05 1.09802e-05 4.3978e-06 -3.01508e-06 -9.07712e-06 -1.20765e-05 -1.12178e-05 -7.02427e-06 -8.85624e-07 5.13608e-06 9.14844e-06 9.99054e-06 7.48136e-06 2.68357e-06 -2.74814e-06 -6.9157e-06 -8.43335e-06 -6.95145e-06 -3.06279e-06 1.66457e-06 5.51773e-06 7.13286e-06 5.96675e-06 2.65728e-06 -1.50454e-06 -4.83629e-06 -6.06847e-06 -4.85774e-06 -1.72681e-06 1.90182e-06 4.54881e-06 5.17047e-06 3.54003e-06 5.25579e-07 -2.57409e-06 -4.37928e-06 -4.11507e-06 -2.05569e-06 8.54565e-07 3.19812e-06 3.92353e-06 2.80322e-06 3.46778e-07 -2.13427e-06 -3.40408e-06 -2.93054e-06 -1.03489e-06 1.21394e-06 2.82697e-06 2.97948e-06 1.37547e-06 -9.44077e-07 -2.44451e-06 -2.40217e-06 -1.275e-06 2.48863e-07 1.9045e-06 2.68677e-06 1.48029e-06 -8.16119e-07 -2.1938e-06 -1.86848e-06 -6.42258e-07 5.73568e-07 1.48964e-06 1.64556e-06 7.92658e-07 -5.23021e-07 -1.67871e-06 -1.8373e-06 -4.37277e-07 1.39303e-06 1.97733e-06 9.76619e-07 -6.67737e-07 -1.6184e-06 -1.19744e-06 7.06279e-08 1.01408e-06 9.71114e-07 3.59098e-07 -2.49915e-07 -6.62792e-07 -6.21339e-07 -2.22866e-07 1.79625e-07 6.10195e-07 7.35851e-07 1.58135e-07 -5.66586e-07 -8.65171e-07 -5.61114e-07 3.74795e-07 1.07918e-06 7.25914e-07 -2.09499e-07 -9.71422e-07 -9.79466e-07 0. 
0.0966473 0.0966835 0.0952853 0.0926283 0.0888856 0.0842266 0.0788157 0.0728113 0.0663647 0.0596189 0.0527082 0.0457569 0.0388787 0.0321764 0.025741 0.0196516 0.0139753 0.00876678 0.0040687 -8.83307e-05 -0.00368532 -0.00671445 -0.00917847 -0.01109 -0.0124708 -0.0133505 -0.0137661 -0.0137604 -0.0133811 -0.0126797 -0.0117099 -0.0105268 -0.00918542 -0.00773976 -0.0062415 -0.00473908 -0.0032768 -0.00189396 -0.000624272 0.000504695 0.00147184 0.0022627 0.00286945 0.00329075 0.00353134 0.00360158 0.00351676 0.00329636 0.00296307 0.00254195 0.00205929 0.00154167 0.00101492 0.000503184 2.80313e-05 -0.000392226 -0.000743153 -0.00101459 -0.00120084 -0.00130076 -0.00131748 -0.0012581 -0.00113308 -0.000955593 -0.000740662 -0.000504302 -0.000262558 -3.06627e-05 0.000177852 0.000351813 0.000483009 0.000566521 0.000600894 0.000588065 0.000533062 0.000443553 0.000329137 0.00020064 6.91922e-05 -5.45312e-05 -0.000161195 -0.000243388 -0.000296212 -0.000317511 -0.000307971 -0.000270937 -0.000211985 -0.000138378 -5.8265e-05 2.00273e-05 8.88998e-05 0.000142079 0.0001753 0.000186561 0.000176317 0.000147297 0.000104123 5.2766e-05 -2.48395e-07 -4.85044e-05 -8.65713e-05 -0.000110475 -0.000118264 -0.000110063 -8.80626e-05 -5.61324e-05 -1.92317e-05 1.72163e-05 4.82015e-05 6.96534e-05 7.91533e-05 7.60679e-05 6.17113e-05 3.90057e-05 1.19991e-05 -1.47435e-05 -3.69945e-05 -5.13636e-05 -5.60165e-05 -5.07421e-05 -3.70908e-05 -1.79612e-05 2.93431e-06 2.16843e-05 3.50363e-05 4.07758e-05 3.83271e-05 2.86141e-05 1.3982e-05 -2.36362e-06 -1.70611e-05 -2.71419e-05 -3.08387e-05 -2.76795e-05 -1.87785e-05 -6.38489e-06 6.5735e-06 1.71122e-05 2.30238e-05 2.31276e-05 1.77811e-05 8.52028e-06 -2.19195e-06 -1.16163e-05 -1.7529e-05 -1.85487e-05 -1.47465e-05 -7.31546e-06 1.57111e-06 9.43397e-06 1.42438e-05 1.47543e-05 1.11217e-05 4.53032e-06 -2.95211e-06 -9.07366e-06 -1.21531e-05 -1.1335e-05 -7.14341e-06 -9.82855e-07 5.11348e-06 9.1791e-06 1.00825e-05 7.59211e-06 2.77054e-06 -2.69631e-06 -6.93969e-06 -8.49756e-06 -7.04708e-06 -3.1518e-06 1.62591e-06 5.5195e-06 7.19737e-06 6.04786e-06 2.72999e-06 -1.46009e-06 -4.85616e-06 -6.11741e-06 -4.93498e-06 -1.79116e-06 1.88284e-06 4.56201e-06 5.23303e-06 3.60325e-06 5.69819e-07 -2.55993e-06 -4.41988e-06 -4.16612e-06 -2.11177e-06 8.24031e-07 3.21793e-06 3.96131e-06 2.86128e-06 3.81142e-07 -2.1385e-06 -3.42603e-06 -2.98393e-06 -1.07351e-06 1.20625e-06 2.8454e-06 3.02795e-06 1.40446e-06 -9.29843e-07 -2.44955e-06 -2.44717e-06 -1.30905e-06 2.34913e-07 1.91477e-06 2.72492e-06 1.50774e-06 -7.99527e-07 -2.20807e-06 -1.90736e-06 -6.5559e-07 5.61322e-07 1.49024e-06 1.68529e-06 8.19864e-07 -5.20372e-07 -1.69748e-06 -1.87386e-06 -4.53461e-07 1.40159e-06 2.00701e-06 1.00264e-06 -6.7758e-07 -1.62911e-06 -1.20892e-06 4.95241e-08 1.0252e-06 9.84415e-07 3.58482e-07 -2.2937e-07 -6.63448e-07 -6.46665e-07 -2.28068e-07 1.71334e-07 6.13316e-07 7.69126e-07 1.66637e-07 -5.82093e-07 -8.79053e-07 -5.83214e-07 3.77315e-07 1.11215e-06 7.40245e-07 -2.1434e-07 -9.87809e-07 -1.00805e-06 0. 
0.0966473 0.0966835 0.0952852 0.0926282 0.0888854 0.0842264 0.0788155 0.072811 0.0663643 0.0596185 0.0527078 0.0457565 0.0388783 0.0321759 0.0257405 0.0196511 0.0139748 0.00876625 0.00406818 -8.88401e-05 -0.0036858 -0.0067149 -0.00917889 -0.0110904 -0.0124711 -0.0133507 -0.0137662 -0.0137605 -0.0133811 -0.0126795 -0.0117096 -0.0105264 -0.00918492 -0.00773915 -0.00624076 -0.00473824 -0.00327584 -0.00189292 -0.000623155 0.000505861 0.00147304 0.00226391 0.00287065 0.0032919 0.00353242 0.00360255 0.0035176 0.00329703 0.00296356 0.00254225 0.00205936 0.00154154 0.00101456 0.000502625 2.72701e-05 -0.000393139 -0.000744209 -0.00101572 -0.00120203 -0.00130193 -0.0013186 -0.0012591 -0.00113393 -0.000956248 -0.000741086 -0.000504482 -0.000262473 -3.03363e-05 0.000178422 0.000352566 0.000483927 0.000567516 0.000601933 0.000589053 0.000533959 0.00044428 0.000329658 0.000200916 6.92044e-05 -5.47687e-05 -0.000161677 -0.000244049 -0.000297024 -0.00031837 -0.000308838 -0.000271705 -0.000212614 -0.000138794 -5.84453e-05 2.00966e-05 8.92133e-05 0.000142583 0.000175964 0.00018728 0.000177049 0.000147926 0.000104614 5.30428e-05 -1.96497e-07 -4.86828e-05 -8.69583e-05 -0.000111 -0.000118884 -0.000110663 -8.86015e-05 -5.65055e-05 -1.94226e-05 1.72489e-05 4.84376e-05 7.0049e-05 7.96624e-05 7.65845e-05 6.2191e-05 3.93393e-05 1.21728e-05 -1.47791e-05 -3.72115e-05 -5.17224e-05 -5.64643e-05 -5.11748e-05 -3.74668e-05 -1.8179e-05 2.8744e-06 2.18147e-05 3.53123e-05 4.11397e-05 3.87213e-05 2.89328e-05 1.41995e-05 -2.32435e-06 -1.71712e-05 -2.73932e-05 -3.11683e-05 -2.80027e-05 -1.90497e-05 -6.51161e-06 6.5787e-06 1.72747e-05 2.32811e-05 2.34192e-05 1.80489e-05 8.67307e-06 -2.15313e-06 -1.17324e-05 -1.77376e-05 -1.88063e-05 -1.49876e-05 -7.45644e-06 1.53309e-06 9.5412e-06 1.4431e-05 1.49838e-05 1.1326e-05 4.63437e-06 -2.94552e-06 -9.19797e-06 -1.23357e-05 -1.15359e-05 -7.29946e-06 -1.02908e-06 5.15772e-06 9.33053e-06 1.02597e-05 7.74917e-06 2.86025e-06 -2.72407e-06 -7.03914e-06 -8.66362e-06 -7.19663e-06 -3.2365e-06 1.62057e-06 5.62082e-06 7.33118e-06 6.18866e-06 2.81298e-06 -1.4736e-06 -4.93292e-06 -6.25656e-06 -5.05083e-06 -1.85034e-06 1.89671e-06 4.66354e-06 5.34508e-06 3.70434e-06 6.04298e-07 -2.61149e-06 -4.50849e-06 -4.28146e-06 -2.17518e-06 8.31492e-07 3.27877e-06 4.07023e-06 2.93758e-06 4.09335e-07 -2.1777e-06 -3.5269e-06 -3.05788e-06 -1.11174e-06 1.22218e-06 2.91616e-06 3.11e-06 1.47299e-06 -9.56336e-07 -2.536e-06 -2.49326e-06 -1.34295e-06 2.15884e-07 1.94899e-06 2.81846e-06 1.58619e-06 -8.4092e-07 -2.2841e-06 -1.94011e-06 -6.89516e-07 5.67582e-07 1.54117e-06 1.72756e-06 8.5327e-07 -5.20185e-07 -1.74633e-06 -1.94915e-06 -4.8596e-07 1.46291e-06 2.07482e-06 1.02821e-06 -6.80874e-07 -1.69695e-06 -1.26135e-06 7.65216e-08 1.04745e-06 1.00625e-06 3.88364e-07 -2.48486e-07 -6.84726e-07 -6.51183e-07 -2.52261e-07 1.7061e-07 6.43113e-07 7.91244e-07 1.80697e-07 -5.95703e-07 -9.22271e-07 -6.07677e-07 3.92614e-07 1.15269e-06 7.75045e-07 -2.20557e-07 -1.03161e-06 -1.04761e-06 0. 
0.0966473 0.0966834 0.0952851 0.092628 0.0888853 0.0842262 0.0788152 0.0728108 0.066364 0.0596182 0.0527075 0.0457561 0.0388779 0.0321755 0.0257401 0.0196507 0.0139744 0.00876592 0.00406788 -8.91062e-05 -0.00368602 -0.00671507 -0.00917899 -0.0110904 -0.012471 -0.0133506 -0.013766 -0.0137601 -0.0133806 -0.012679 -0.0117089 -0.0105256 -0.00918402 -0.00773815 -0.00623967 -0.00473707 -0.00327462 -0.00189164 -0.00062186 0.000507162 0.00147431 0.00226512 0.00287177 0.00329291 0.00353328 0.00360324 0.0035181 0.00329732 0.00296362 0.00254207 0.00205896 0.0015409 0.00101373 0.000501597 2.61057e-05 -0.000394423 -0.000745539 -0.00101707 -0.00120332 -0.00130313 -0.00131964 -0.00125994 -0.00113452 -0.000956576 -0.000741126 -0.00050423 -0.000261951 -2.95603e-05 0.00017939 0.000353693 0.000485119 0.000568731 0.000603063 0.000590058 0.000534746 0.000444822 0.000329902 0.00020086 6.88518e-05 -5.53923e-05 -0.000162508 -0.000245039 -0.000298065 -0.000319407 -0.00030975 -0.000272449 -0.000213095 -0.000139001 -5.83448e-05 2.04792e-05 8.9836e-05 0.00014339 0.00017685 0.00018818 0.000177833 0.000148551 0.000104977 5.31417e-05 -3.91978e-07 -4.91285e-05 -8.75977e-05 -0.000111761 -0.000119647 -0.000111363 -8.91117e-05 -5.68033e-05 -1.94366e-05 1.74837e-05 4.89007e-05 7.06635e-05 8.03261e-05 7.72211e-05 6.26722e-05 3.96356e-05 1.22023e-05 -1.49776e-05 -3.76258e-05 -5.22661e-05 -5.70394e-05 -5.1702e-05 -3.78241e-05 -1.83487e-05 2.95928e-06 2.20943e-05 3.5755e-05 4.16473e-05 3.91874e-05 2.9292e-05 1.43476e-05 -2.36819e-06 -1.74333e-05 -2.77807e-05 -3.16124e-05 -2.84088e-05 -1.931e-05 -6.60849e-06 6.70493e-06 1.75465e-05 2.36632e-05 2.3803e-05 1.83384e-05 8.82509e-06 -2.20981e-06 -1.19329e-05 -1.80667e-05 -1.9149e-05 -1.52609e-05 -7.60534e-06 1.57766e-06 9.7177e-06 1.47293e-05 1.52851e-05 1.15567e-05 4.74124e-06 -3.02057e-06 -9.38407e-06 -1.26167e-05 -1.17915e-05 -7.46299e-06 -1.06501e-06 5.28961e-06 9.53862e-06 1.05156e-05 7.93973e-06 2.92812e-06 -2.77767e-06 -7.23031e-06 -8.87683e-06 -7.39247e-06 -3.32927e-06 1.67031e-06 5.75838e-06 7.54642e-06 6.35739e-06 2.89592e-06 -1.5035e-06 -5.08741e-06 -6.42815e-06 -5.21231e-06 -1.91021e-06 1.95938e-06 4.7929e-06 5.52628e-06 3.81676e-06 6.26675e-07 -2.68453e-06 -4.66901e-06 -4.41137e-06 -2.25699e-06 8.52054e-07 3.39844e-06 4.1993e-06 3.05558e-06 4.21124e-07 -2.26099e-06 -3.63595e-06 -3.18258e-06 -1.15615e-06 1.26436e-06 3.02714e-06 3.24621e-06 1.50405e-06 -9.92626e-07 -2.60666e-06 -2.60266e-06 -1.40546e-06 2.17709e-07 2.03853e-06 2.94256e-06 1.62805e-06 -8.60817e-07 -2.37186e-06 -2.04125e-06 -6.98228e-07 5.87537e-07 1.58523e-06 1.81479e-06 8.98922e-07 -5.38114e-07 -1.83153e-06 -2.04474e-06 -4.9901e-07 1.51906e-06 2.17992e-06 1.08917e-06 -7.42598e-07 -1.76665e-06 -1.30216e-06 5.79728e-08 1.11115e-06 1.05667e-06 3.80083e-07 -2.38923e-07 -7.0815e-07 -6.99046e-07 -2.54068e-07 1.69921e-07 6.62218e-07 8.50686e-07 1.93125e-07 -6.32034e-07 -9.66081e-07 -6.49713e-07 4.0946e-07 1.22458e-06 8.17274e-07 -2.32911e-07 -1.0866e-06 -1.11175e-06 0. 
0.0966473 0.0966834 0.0952851 0.0926279 0.0888852 0.0842261 0.0788151 0.0728106 0.0663638 0.059618 0.0527073 0.0457559 0.0388777 0.0321753 0.0257399 0.0196505 0.0139742 0.0087658 0.00406779 -8.9136e-05 -0.00368599 -0.00671497 -0.00917881 -0.0110902 -0.0124707 -0.0133502 -0.0137655 -0.0137595 -0.0133799 -0.0126781 -0.011708 -0.0105246 -0.00918289 -0.00773695 -0.00623841 -0.00473577 -0.00327329 -0.00189032 -0.000620559 0.000508403 0.00147548 0.00226618 0.0028727 0.00329367 0.00353385 0.00360361 0.00351824 0.00329723 0.0029633 0.00254152 0.00205818 0.00153993 0.00101257 0.000500318 2.4721e-05 -0.00039584 -0.000746962 -0.00101842 -0.00120456 -0.00130419 -0.00132049 -0.00126053 -0.00113483 -0.000956584 -0.000740834 -0.000503654 -0.000261112 -2.85183e-05 0.000180597 0.000354973 0.000486425 0.000569955 0.000604161 0.000590932 0.000535368 0.00044513 0.000329895 0.000200531 6.82304e-05 -5.62509e-05 -0.00016355 -0.000246161 -0.000299203 -0.000320437 -0.000310621 -0.000273057 -0.000213421 -0.000138996 -5.80308e-05 2.10745e-05 9.0653e-05 0.000144333 0.000177842 0.000189093 0.000178605 0.000149067 0.000105221 5.30624e-05 -7.57041e-07 -4.97417e-05 -8.83814e-05 -0.000112605 -0.000120468 -0.000112029 -8.95754e-05 -5.69734e-05 -1.93302e-05 1.78705e-05 4.94929e-05 7.13745e-05 8.1062e-05 7.78508e-05 6.31364e-05 3.98319e-05 1.21437e-05 -1.53061e-05 -3.81432e-05 -5.28912e-05 -5.76718e-05 -5.22151e-05 -3.81636e-05 -1.84237e-05 3.11781e-06 2.24823e-05 3.62743e-05 4.22033e-05 3.96827e-05 2.96096e-05 1.44635e-05 -2.50849e-06 -1.7759e-05 -2.82452e-05 -3.21023e-05 -2.88149e-05 -1.9567e-05 -6.63298e-06 6.87432e-06 1.79006e-05 2.40893e-05 2.42106e-05 1.86375e-05 8.92521e-06 -2.29378e-06 -1.22115e-05 -1.84313e-05 -1.95245e-05 -1.5546e-05 -7.71391e-06 1.64048e-06 9.96565e-06 1.50537e-05 1.56181e-05 1.17956e-05 4.81049e-06 -3.10962e-06 -9.63531e-06 -1.29151e-05 -1.20703e-05 -7.62899e-06 -1.05933e-06 5.43281e-06 9.80431e-06 1.07806e-05 8.13837e-06 2.99329e-06 -2.87974e-06 -7.42903e-06 -9.13531e-06 -7.58936e-06 -3.40967e-06 1.72495e-06 5.94807e-06 7.76285e-06 6.55042e-06 2.97405e-06 -1.56702e-06 -5.24355e-06 -6.64426e-06 -5.36754e-06 -1.96516e-06 2.02632e-06 4.96777e-06 5.70113e-06 3.94922e-06 6.40186e-07 -2.7901e-06 -4.82487e-06 -4.57766e-06 -2.32661e-06 8.90256e-07 3.51901e-06 4.3642e-06 3.1568e-06 4.4117e-07 -2.34719e-06 -3.79346e-06 -3.29379e-06 -1.19763e-06 1.3172e-06 3.1447e-06 3.37076e-06 1.5916e-06 -1.05116e-06 -2.74628e-06 -2.68463e-06 -1.44375e-06 2.13981e-07 2.09746e-06 3.08742e-06 1.73915e-06 -9.37812e-07 -2.5012e-06 -2.09857e-06 -7.30143e-07 6.11163e-07 1.66165e-06 1.88633e-06 9.39399e-07 -5.54614e-07 -1.90469e-06 -2.15873e-06 -5.42417e-07 1.62361e-06 2.28609e-06 1.12475e-06 -7.58912e-07 -1.8745e-06 -1.37958e-06 9.85527e-08 1.1573e-06 1.09518e-06 4.13769e-07 -2.66797e-07 -7.4367e-07 -7.13946e-07 -2.77971e-07 1.71546e-07 7.00932e-07 8.91744e-07 2.08522e-07 -6.59934e-07 -1.02205e-06 -6.90247e-07 4.30546e-07 1.29561e-06 8.63418e-07 -2.45003e-07 -1.1457e-06 -1.17961e-06 0. 
0.0966473 0.0966834 0.095285 0.0926279 0.0888851 0.084226 0.078815 0.0728105 0.0663637 0.0596179 0.0527072 0.0457558 0.0388776 0.0321753 0.0257398 0.0196505 0.0139743 0.00876586 0.00406791 -8.89596e-05 -0.00368575 -0.00671466 -0.00917843 -0.0110897 -0.0124701 -0.0133495 -0.0137647 -0.0137587 -0.013379 -0.0126772 -0.011707 -0.0105235 -0.00918174 -0.00773575 -0.00623719 -0.00473454 -0.00327208 -0.00188915 -0.000619456 0.000509425 0.00147638 0.00226695 0.00287331 0.00329411 0.0035341 0.00360365 0.00351807 0.00329685 0.00296271 0.00254072 0.00205721 0.00153881 0.00101134 0.000498995 2.33711e-05 -0.000397185 -0.000748234 -0.00101958 -0.00120556 -0.001305 -0.00132105 -0.00126083 -0.00113485 -0.000956324 -0.000740302 -0.000502881 -0.000260137 -2.73876e-05 0.000181812 0.000356218 0.000487611 0.000571032 0.000605043 0.000591588 0.000535735 0.000445208 0.000329663 0.000200022 6.7475e-05 -5.71927e-05 -0.000164601 -0.000247249 -0.000300227 -0.000321337 -0.000311299 -0.000273485 -0.000213541 -0.000138825 -5.7572e-05 2.17619e-05 9.15051e-05 0.000145266 0.000178753 0.000189906 0.000179217 0.000149443 0.000105297 5.28636e-05 -1.22453e-06 -5.04028e-05 -8.91616e-05 -0.00011341 -0.000121189 -0.000112596 -8.98953e-05 -5.70397e-05 -1.91116e-05 1.83122e-05 5.01101e-05 7.20671e-05 8.17284e-05 7.84065e-05 6.34815e-05 3.99474e-05 1.19879e-05 -1.56726e-05 -3.86801e-05 -5.34924e-05 -5.82398e-05 -5.26645e-05 -3.84015e-05 -1.84424e-05 3.34661e-06 2.28805e-05 3.6788e-05 4.27206e-05 4.01063e-05 2.98738e-05 1.44977e-05 -2.67361e-06 -1.81163e-05 -2.86881e-05 -3.25541e-05 -2.91752e-05 -1.97516e-05 -6.62922e-06 7.09048e-06 1.82412e-05 2.45008e-05 2.4578e-05 1.88784e-05 8.99858e-06 -2.42584e-06 -1.24776e-05 -1.8793e-05 -1.98623e-05 -1.57849e-05 -7.79969e-06 1.74613e-06 1.01974e-05 1.5378e-05 1.59142e-05 1.19963e-05 4.86356e-06 -3.23341e-06 -9.86359e-06 -1.32109e-05 -1.23138e-05 -7.76221e-06 -1.04787e-06 5.60124e-06 1.00391e-05 1.10378e-05 8.30738e-06 3.03055e-06 -2.97296e-06 -7.6427e-06 -9.35762e-06 -7.7738e-06 -3.47359e-06 1.80131e-06 6.11263e-06 7.98439e-06 6.71062e-06 3.03772e-06 -1.62591e-06 -5.41385e-06 -6.82487e-06 -5.52054e-06 -2.00447e-06 2.10641e-06 5.11564e-06 5.88297e-06 4.05288e-06 6.48044e-07 -2.8838e-06 -4.99198e-06 -4.70879e-06 -2.39736e-06 9.29238e-07 3.64705e-06 4.49984e-06 3.26769e-06 4.40332e-07 -2.43931e-06 -3.91262e-06 -3.41312e-06 -1.23435e-06 1.36472e-06 3.267e-06 3.50866e-06 1.61833e-06 -1.09981e-06 -2.82696e-06 -2.78635e-06 -1.50686e-06 2.14667e-07 2.20088e-06 3.2192e-06 1.7761e-06 -9.72179e-07 -2.59405e-06 -2.19282e-06 -7.41695e-07 6.36215e-07 1.71559e-06 1.96742e-06 9.8446e-07 -5.72025e-07 -1.9992e-06 -2.25509e-06 -5.49901e-07 1.68494e-06 2.39259e-06 1.18276e-06 -8.20994e-07 -1.94972e-06 -1.42209e-06 8.84335e-08 1.21805e-06 1.14452e-06 4.12294e-07 -2.64335e-07 -7.67982e-07 -7.55558e-07 -2.87964e-07 1.72096e-07 7.27481e-07 9.45502e-07 2.23845e-07 -6.93333e-07 -1.07535e-06 -7.29998e-07 4.51499e-07 1.36369e-06 9.11724e-07 -2.56466e-07 -1.20895e-06 -1.24127e-06 0. 
0.0966473 0.0966834 0.095285 0.0926279 0.0888851 0.084226 0.078815 0.0728105 0.0663637 0.0596179 0.0527072 0.0457558 0.0388776 0.0321753 0.02574 0.0196507 0.0139745 0.00876609 0.00406819 -8.86312e-05 -0.00368537 -0.00671422 -0.00917792 -0.0110891 -0.0124695 -0.0133488 -0.013764 -0.0137578 -0.0133781 -0.0126762 -0.011706 -0.0105225 -0.00918074 -0.00773475 -0.00623621 -0.00473359 -0.00327117 -0.00188831 -0.000618698 0.000510076 0.00147691 0.00226735 0.00287356 0.00329419 0.00353401 0.00360339 0.00351764 0.00329625 0.00296196 0.00253984 0.00205622 0.00153774 0.00101021 0.000497862 2.22591e-05 -0.000398228 -0.000749177 -0.00102038 -0.00120619 -0.00130542 -0.00132126 -0.00126081 -0.0011346 -0.000955857 -0.00073964 -0.000502057 -0.000259191 -2.6373e-05 0.000182846 0.000357207 0.000488508 0.000571775 0.0006056 0.000591915 0.000535824 0.000445046 0.000329271 0.000199424 6.67197e-05 -5.80487e-05 -0.000165497 -0.00024811 -0.000300994 -0.00032194 -0.000311705 -0.00027365 -0.000213468 -0.000138514 -5.70626e-05 2.24231e-05 9.22518e-05 0.000146023 0.000179451 0.000190468 0.000179598 0.000149596 0.000105224 5.25659e-05 -1.6992e-06 -5.10022e-05 -8.98107e-05 -0.000114029 -0.000121709 -0.000112946 -9.00487e-05 -5.69682e-05 -1.88432e-05 1.87472e-05 5.06404e-05 7.26199e-05 8.22264e-05 7.87736e-05 6.36775e-05 3.99354e-05 1.17892e-05 -1.60345e-05 -3.91333e-05 -5.39674e-05 -5.86576e-05 -5.29529e-05 -3.85247e-05 -1.83718e-05 3.57894e-06 2.32412e-05 3.71977e-05 4.31078e-05 4.03994e-05 3.0014e-05 1.44733e-05 -2.8661e-06 -1.84192e-05 -2.90481e-05 -3.28874e-05 -2.94147e-05 -1.98534e-05 -6.56617e-06 7.28598e-06 1.85353e-05 2.48113e-05 2.48406e-05 1.90317e-05 9.00467e-06 -2.55295e-06 -1.27162e-05 -1.90663e-05 -2.0111e-05 -1.59409e-05 -7.82398e-06 1.84743e-06 1.04058e-05 1.56192e-05 1.61329e-05 1.21251e-05 4.86903e-06 -3.34172e-06 -1.00626e-05 -1.34244e-05 -1.24898e-05 -7.84134e-06 -1.00885e-06 5.73486e-06 1.02345e-05 1.1216e-05 8.42247e-06 3.0412e-06 -3.06906e-06 -7.80001e-06 -9.53373e-06 -7.89312e-06 -3.50521e-06 1.86765e-06 6.25579e-06 8.13703e-06 6.82987e-06 3.06845e-06 -1.68791e-06 -5.5376e-06 -6.97083e-06 -5.61592e-06 -2.02495e-06 2.17238e-06 5.24096e-06 6.00289e-06 4.13106e-06 6.40096e-07 -2.96588e-06 -5.10651e-06 -4.81496e-06 -2.43291e-06 9.66761e-07 3.7409e-06 4.60882e-06 3.32927e-06 4.42253e-07 -2.50866e-06 -4.01741e-06 -3.48708e-06 -1.25443e-06 1.41181e-06 3.34904e-06 3.59154e-06 1.66752e-06 -1.14426e-06 -2.92063e-06 -2.84873e-06 -1.52842e-06 2.24034e-07 2.24526e-06 3.31527e-06 1.84329e-06 -1.02623e-06 -2.68417e-06 -2.23658e-06 -7.53815e-07 6.57893e-07 1.76498e-06 2.01886e-06 1.00697e-06 -5.90624e-07 -2.04792e-06 -2.32894e-06 -5.74374e-07 1.75648e-06 2.46343e-06 1.20549e-06 -8.37905e-07 -2.02023e-06 -1.47057e-06 1.11778e-07 1.25355e-06 1.17236e-06 4.28491e-07 -2.79718e-07 -7.91876e-07 -7.70662e-07 -2.98388e-07 1.73941e-07 7.49982e-07 9.76992e-07 2.31651e-07 -7.1526e-07 -1.10823e-06 -7.58432e-07 4.64481e-07 1.41477e-06 9.39449e-07 -2.65559e-07 -1.24496e-06 -1.2893e-06 0. 
0.0966473 0.0966834 0.095285 0.0926279 0.0888851 0.084226 0.078815 0.0728105 0.0663638 0.059618 0.0527073 0.045756 0.0388778 0.0321755 0.0257402 0.0196509 0.0139748 0.00876643 0.00406857 -8.82124e-05 -0.00368491 -0.00671372 -0.00917738 -0.0110886 -0.0124689 -0.0133482 -0.0137633 -0.0137571 -0.0133774 -0.0126755 -0.0117053 -0.0105218 -0.00918005 -0.0077341 -0.0062356 -0.00473304 -0.0032707 -0.00188792 -0.000618395 0.000510276 0.001477 0.00226731 0.0028734 0.00329392 0.00353362 0.00360289 0.00351703 0.00329556 0.00296119 0.00253902 0.00205537 0.00153688 0.00100938 0.000497085 2.15601e-05 -0.00039882 -0.000749644 -0.0010207 -0.00120635 -0.00130542 -0.00132109 -0.00126048 -0.00113413 -0.00095526 -0.000738951 -0.000501309 -0.000258423 -2.56257e-05 0.000183535 0.000357797 0.00048897 0.000572081 0.000605735 0.000591871 0.000535608 0.000444674 0.000328771 0.000198833 6.60791e-05 -5.86902e-05 -0.000166093 -0.000248615 -0.000301373 -0.000322163 -0.000311759 -0.000273533 -0.000213195 -0.000138112 -5.6571e-05 2.29567e-05 9.27777e-05 0.000146489 0.000179816 0.000190695 0.000179671 0.000149509 0.000104993 5.22185e-05 -2.12029e-06 -5.14462e-05 -9.02273e-05 -0.000114367 -0.000121934 -0.000113031 -8.99888e-05 -5.67745e-05 -1.85466e-05 1.91042e-05 5.10083e-05 7.29458e-05 8.24682e-05 7.8897e-05 6.36712e-05 3.98025e-05 1.15557e-05 -1.63295e-05 -3.94419e-05 -5.42384e-05 -5.88505e-05 -5.3036e-05 -3.84907e-05 -1.82286e-05 3.80104e-06 2.35003e-05 3.74466e-05 4.32994e-05 4.05028e-05 3.00102e-05 1.43694e-05 -3.04749e-06 -1.86385e-05 -2.9259e-05 -3.30487e-05 -2.94921e-05 -1.98366e-05 -6.45992e-06 7.45335e-06 1.87246e-05 2.49801e-05 2.49488e-05 1.90595e-05 8.94578e-06 -2.67879e-06 -1.28769e-05 -1.92211e-05 -2.02198e-05 -1.59805e-05 -7.78397e-06 1.95098e-06 1.05443e-05 1.5754e-05 1.62258e-05 1.21548e-05 4.82655e-06 -3.43893e-06 -1.01855e-05 -1.35364e-05 -1.25561e-05 -7.84666e-06 -9.50912e-07 5.83338e-06 1.03418e-05 1.12986e-05 8.45221e-06 3.01353e-06 -3.14554e-06 -7.89612e-06 -9.61577e-06 -7.93522e-06 -3.49117e-06 1.92759e-06 6.34038e-06 8.21421e-06 6.86988e-06 3.06071e-06 -1.74182e-06 -5.61295e-06 -7.03801e-06 -5.65032e-06 -2.0112e-06 2.2236e-06 5.30949e-06 6.05943e-06 4.15083e-06 6.19164e-07 -3.02043e-06 -5.1678e-06 -4.85526e-06 -2.437e-06 1.00222e-06 3.79504e-06 4.65779e-06 3.35122e-06 4.23851e-07 -2.55327e-06 -4.06557e-06 -3.51554e-06 -1.25184e-06 1.44081e-06 3.3976e-06 3.63114e-06 1.6687e-06 -1.17527e-06 -2.95935e-06 -2.87566e-06 -1.54063e-06 2.34532e-07 2.28802e-06 3.35843e-06 1.84989e-06 -1.05357e-06 -2.7228e-06 -2.26109e-06 -7.5327e-07 6.77848e-07 1.79184e-06 2.03729e-06 1.0129e-06 -6.02863e-07 -2.08123e-06 -2.3552e-06 -5.70723e-07 1.78366e-06 2.49741e-06 1.21768e-06 -8.59758e-07 -2.05144e-06 -1.48604e-06 1.19699e-07 1.27608e-06 1.18903e-06 4.28969e-07 -2.90594e-07 -8.03609e-07 -7.76871e-07 -2.99776e-07 1.7935e-07 7.60598e-07 9.8464e-07 2.33451e-07 -7.23391e-07 -1.1243e-06 -7.65363e-07 4.72427e-07 1.43e-06 9.53153e-07 -2.68647e-07 -1.26418e-06 -1.30387e-06 0. 
0.0966473 0.0966834 0.0952851 0.092628 0.0888852 0.0842261 0.0788151 0.0728107 0.066364 0.0596182 0.0527075 0.0457562 0.0388781 0.0321758 0.0257405 0.0196513 0.0139751 0.00876683 0.00406899 -8.77658e-05 -0.00368444 -0.00671323 -0.00917689 -0.0110881 -0.0124684 -0.0133477 -0.0137628 -0.0137567 -0.0133769 -0.0126751 -0.0117049 -0.0105214 -0.00917976 -0.00773387 -0.00623544 -0.00473296 -0.0032707 -0.00188801 -0.000618578 0.000510007 0.00147664 0.00226688 0.00287288 0.00329333 0.00353298 0.00360221 0.00351633 0.00329485 0.00296049 0.00253836 0.00205477 0.00153635 0.00100895 0.000496761 2.13648e-05 -0.000398891 -0.000749573 -0.00102051 -0.00120602 -0.00130498 -0.00132055 -0.00125989 -0.00113349 -0.000954613 -0.000738323 -0.000500735 -0.000257932 -2.52403e-05 0.000183787 0.000357914 0.000488933 0.000571909 0.000605425 0.000591461 0.000535111 0.000444138 0.000328223 0.000198319 6.56327e-05 -5.90374e-05 -0.000166313 -0.0002487 -0.000301309 -0.000321973 -0.000311445 -0.000273143 -0.000212748 -0.000137665 -5.61535e-05 2.32987e-05 9.30156e-05 0.000146605 0.000179794 0.000190553 0.000179413 0.000149184 0.00010462 5.18577e-05 -2.44098e-06 -5.16823e-05 -9.03563e-05 -0.00011438 -0.000121824 -0.000112829 -8.97092e-05 -5.64738e-05 -1.82488e-05 1.9344e-05 5.11685e-05 7.30025e-05 8.24146e-05 7.87536e-05 6.34492e-05 3.95558e-05 1.13059e-05 -1.65263e-05 -3.95684e-05 -5.42697e-05 -5.8785e-05 -5.28955e-05 -3.82898e-05 -1.80217e-05 3.99443e-06 2.36291e-05 3.75015e-05 4.32675e-05 4.03918e-05 2.98539e-05 1.41862e-05 -3.20213e-06 -1.87514e-05 -2.92944e-05 -3.30104e-05 -2.93908e-05 -1.969e-05 -6.31576e-06 7.57969e-06 1.87879e-05 2.4982e-05 2.48841e-05 1.89461e-05 8.82149e-06 -2.79712e-06 -1.29427e-05 -1.92362e-05 -2.0171e-05 -1.58873e-05 -7.67747e-06 2.05333e-06 1.05985e-05 1.57639e-05 1.61776e-05 1.20705e-05 4.73496e-06 -3.52129e-06 -1.0219e-05 -1.35295e-05 -1.25e-05 -7.76629e-06 -8.75904e-07 5.89054e-06 1.03478e-05 1.12693e-05 8.38793e-06 2.94036e-06 -3.19639e-06 -7.92114e-06 -9.59133e-06 -7.88599e-06 -3.42859e-06 1.9819e-06 6.35668e-06 8.20312e-06 6.82189e-06 3.00539e-06 -1.78367e-06 -5.63349e-06 -7.01593e-06 -5.61133e-06 -1.96153e-06 2.26098e-06 5.31224e-06 6.04151e-06 4.10625e-06 5.7845e-07 -3.04112e-06 -5.16794e-06 -4.82187e-06 -2.40072e-06 1.03293e-06 3.80705e-06 4.63689e-06 3.32206e-06 3.88022e-07 -2.57109e-06 -4.05259e-06 -3.49323e-06 -1.21865e-06 1.46048e-06 3.39473e-06 3.61236e-06 1.63322e-06 -1.18942e-06 -2.95419e-06 -2.86872e-06 -1.51665e-06 2.58973e-07 2.29547e-06 3.33757e-06 1.81721e-06 -1.05753e-06 -2.72116e-06 -2.25941e-06 -7.27369e-07 6.96233e-07 1.78931e-06 2.02307e-06 9.89404e-07 -6.15271e-07 -2.07542e-06 -2.33138e-06 -5.50175e-07 1.77519e-06 2.48734e-06 1.20942e-06 -8.75616e-07 -2.04377e-06 -1.47317e-06 1.19461e-07 1.28834e-06 1.19067e-06 4.10498e-07 -2.98278e-07 -8.06837e-07 -7.72786e-07 -2.79231e-07 1.88452e-07 7.50368e-07 9.69266e-07 2.2104e-07 -7.19266e-07 -1.10547e-06 -7.51709e-07 4.69031e-07 1.41265e-06 9.386e-07 -2.67009e-07 -1.24848e-06 -1.28753e-06 0. 
0.0966473 0.0966834 0.0952851 0.0926281 0.0888853 0.0842262 0.0788153 0.0728109 0.0663642 0.0596185 0.0527078 0.0457565 0.0388784 0.0321762 0.0257409 0.0196517 0.0139755 0.00876724 0.00406941 -8.73474e-05 -0.00368403 -0.00671282 -0.00917649 -0.0110877 -0.012468 -0.0133474 -0.0137625 -0.0137564 -0.0133768 -0.012675 -0.0117048 -0.0105215 -0.00917988 -0.00773408 -0.00623573 -0.00473334 -0.00327116 -0.00188855 -0.000619191 0.00050932 0.00147591 0.00226609 0.00287208 0.00329252 0.00353218 0.00360144 0.00351561 0.00329421 0.00295995 0.00253793 0.00205447 0.0015362 0.00100895 0.000496913 2.16595e-05 -0.000398445 -0.000749012 -0.00101983 -0.00120528 -0.00130418 -0.00131975 -0.00125909 -0.00113276 -0.000953979 -0.000737822 -0.000500385 -0.000257754 -2.52464e-05 0.000183606 0.000357555 0.000488436 0.000571283 0.000604736 0.000590726 0.000534406 0.000443486 0.00032769 0.000197925 6.54165e-05 -5.90665e-05 -0.000166157 -0.000248365 -0.00030084 -0.000321389 -0.000310824 -0.00027251 -0.000212189 -0.000137203 -5.58525e-05 2.34298e-05 9.2958e-05 0.000146368 0.000179414 0.000190057 0.000178878 0.00014864 0.000104159 5.15006e-05 -2.6296e-06 -5.17036e-05 -9.02006e-05 -0.000114071 -0.000121414 -0.000112354 -8.92584e-05 -5.60756e-05 -1.79879e-05 1.94643e-05 5.11122e-05 7.27954e-05 8.2089e-05 7.8351e-05 6.3053e-05 3.91985e-05 1.10749e-05 -1.66297e-05 -3.95037e-05 -5.40704e-05 -5.8482e-05 -5.2537e-05 -3.79586e-05 -1.77475e-05 4.13073e-06 2.36394e-05 3.73604e-05 4.30227e-05 4.00903e-05 2.95455e-05 1.39557e-05 -3.34207e-06 -1.87405e-05 -2.91701e-05 -3.27813e-05 -2.91169e-05 -1.94404e-05 -6.12347e-06 7.64185e-06 1.87442e-05 2.48152e-05 2.46577e-05 1.87108e-05 8.62407e-06 -2.88457e-06 -1.29347e-05 -1.91038e-05 -1.99794e-05 -1.56748e-05 -7.49816e-06 2.13314e-06 1.05906e-05 1.5639e-05 1.60041e-05 1.18823e-05 4.58706e-06 -3.56984e-06 -1.01865e-05 -1.33942e-05 -1.2336e-05 -7.60895e-06 -7.72973e-07 5.88927e-06 1.02769e-05 1.11205e-05 8.23961e-06 2.83104e-06 -3.23841e-06 -7.85945e-06 -9.48388e-06 -7.74095e-06 -3.31857e-06 2.01913e-06 6.32744e-06 8.09003e-06 6.70314e-06 2.90292e-06 -1.82449e-06 -5.58522e-06 -6.9289e-06 -5.48909e-06 -1.88004e-06 2.27732e-06 5.27101e-06 5.9344e-06 4.01333e-06 5.15611e-07 -3.04076e-06 -5.09274e-06 -4.73736e-06 -2.31429e-06 1.06222e-06 3.76825e-06 4.567e-06 3.22623e-06 3.44858e-07 -2.55822e-06 -4.00357e-06 -3.40504e-06 -1.16005e-06 1.47493e-06 3.34405e-06 3.51999e-06 1.59414e-06 -1.19817e-06 -2.93693e-06 -2.80629e-06 -1.45076e-06 2.97184e-07 2.25095e-06 3.25535e-06 1.78298e-06 -1.06971e-06 -2.69374e-06 -2.20213e-06 -6.97286e-07 7.16559e-07 1.77525e-06 1.96323e-06 9.3574e-07 -6.29727e-07 -2.02066e-06 -2.26189e-06 -5.32673e-07 1.7581e-06 2.42973e-06 1.16286e-06 -8.53534e-07 -2.01923e-06 -1.45286e-06 1.48293e-07 1.27563e-06 1.17033e-06 3.99387e-07 -3.28412e-07 -8.07023e-07 -7.36855e-07 -2.50369e-07 2.04931e-07 7.29432e-07 9.16407e-07 1.96192e-07 -6.97465e-07 -1.05634e-06 -7.13613e-07 4.55187e-07 1.35925e-06 8.95953e-07 -2.60397e-07 -1.19695e-06 -1.23997e-06 0. 
0.0966473 0.0966834 0.0952852 0.0926281 0.0888854 0.0842264 0.0788155 0.0728111 0.0663644 0.0596187 0.0527081 0.0457568 0.0388788 0.0321765 0.0257412 0.019652 0.0139759 0.00876761 0.00406977 -8.70015e-05 -0.0036837 -0.00671253 -0.00917623 -0.0110875 -0.0124679 -0.0133473 -0.0137625 -0.0137565 -0.0133769 -0.0126752 -0.0117051 -0.0105218 -0.00918035 -0.00773463 -0.00623638 -0.00473407 -0.00327198 -0.00188943 -0.000620129 0.000508352 0.00147491 0.0022651 0.00287111 0.0032916 0.00353132 0.00360068 0.00351497 0.0032937 0.0029596 0.00253775 0.00205447 0.00153639 0.00100932 0.000497455 2.23699e-05 -0.000397611 -0.000748058 -0.00101882 -0.00120423 -0.00130315 -0.00131877 -0.00125823 -0.00113203 -0.000953432 -0.000737477 -0.000500268 -0.000257871 -2.55863e-05 0.00018305 0.000356832 0.000487566 0.000570346 0.000603758 0.000589803 0.000533567 0.000442814 0.000327207 0.000197683 6.5418e-05 -5.88187e-05 -0.00016568 -0.00024771 -0.000300042 -0.000320541 -0.000309966 -0.000271751 -0.00021156 -0.00013679 -5.5665e-05 2.33594e-05 9.2649e-05 0.000145856 0.000178743 0.000189318 0.000178122 0.000147983 0.000103635 5.11997e-05 -2.70594e-06 -5.15296e-05 -8.98128e-05 -0.000113522 -0.000120762 -0.000111707 -8.86683e-05 -5.56546e-05 -1.77526e-05 1.94535e-05 5.0887e-05 7.23789e-05 8.15466e-05 7.77778e-05 6.25118e-05 3.88035e-05 1.08474e-05 -1.66221e-05 -3.92979e-05 -5.36856e-05 -5.79931e-05 -5.20378e-05 -3.75139e-05 -1.74658e-05 4.2402e-06 2.35252e-05 3.70791e-05 4.26137e-05 3.96384e-05 2.91517e-05 1.36706e-05 -3.42976e-06 -1.86558e-05 -2.89019e-05 -3.24143e-05 -2.87241e-05 -1.90995e-05 -5.93139e-06 7.67998e-06 1.85869e-05 2.45378e-05 2.43063e-05 1.83778e-05 8.40007e-06 -2.97359e-06 -1.28355e-05 -1.88837e-05 -1.96685e-05 -1.53728e-05 -7.28603e-06 2.22024e-06 1.05011e-05 1.54395e-05 1.57212e-05 1.16188e-05 4.41573e-06 -3.61784e-06 -1.00707e-05 -1.31906e-05 -1.20766e-05 -7.39523e-06 -6.68752e-07 5.87166e-06 1.01158e-05 1.09087e-05 8.01836e-06 2.68979e-06 -3.25003e-06 -7.76406e-06 -9.28422e-06 -7.5449e-06 -3.17216e-06 2.05895e-06 6.2349e-06 7.93347e-06 6.50837e-06 2.77355e-06 -1.85226e-06 -5.51288e-06 -6.76164e-06 -5.33147e-06 -1.76581e-06 2.28857e-06 5.17081e-06 5.79393e-06 3.85976e-06 4.45148e-07 -3.01335e-06 -4.99102e-06 -4.58235e-06 -2.21239e-06 1.09251e-06 3.70726e-06 4.43456e-06 3.1153e-06 2.72856e-07 -2.53218e-06 -3.89383e-06 -3.29494e-06 -1.07519e-06 1.47173e-06 3.27103e-06 3.41218e-06 1.48412e-06 -1.1944e-06 -2.85518e-06 -2.72937e-06 -1.37933e-06 3.33088e-07 2.22646e-06 3.1337e-06 1.66452e-06 -1.03778e-06 -2.61799e-06 -2.15534e-06 -6.37438e-07 7.36959e-07 1.7342e-06 1.88423e-06 8.676e-07 -6.35481e-07 -1.96921e-06 -2.15243e-06 -4.71634e-07 1.68338e-06 2.35242e-06 1.12649e-06 -8.70271e-07 -1.95186e-06 -1.39072e-06 1.37862e-07 1.27275e-06 1.15041e-06 3.51389e-07 -3.41806e-07 -7.97444e-07 -7.07311e-07 -1.99617e-07 2.24988e-07 6.92128e-07 8.49068e-07 1.63238e-07 -6.66303e-07 -9.91585e-07 -6.57099e-07 4.3859e-07 1.27385e-06 8.43558e-07 -2.48285e-07 -1.13597e-06 -1.16069e-06 0. 
0.0966473 0.0966835 0.0952852 0.0926282 0.0888856 0.0842266 0.0788157 0.0728113 0.0663647 0.059619 0.0527084 0.0457571 0.0388791 0.0321768 0.0257416 0.0196523 0.0139762 0.0087679 0.00407004 -8.67578e-05 -0.00368349 -0.00671236 -0.00917611 -0.0110874 -0.0124679 -0.0133473 -0.0137626 -0.0137567 -0.0133772 -0.0126756 -0.0117056 -0.0105224 -0.00918104 -0.00773542 -0.00623724 -0.00473501 -0.00327297 -0.00189048 -0.000621203 0.000507257 0.00147383 0.00226405 0.00287012 0.00329069 0.00353053 0.00360001 0.00351446 0.00329336 0.00295945 0.0025378 0.00205472 0.00153683 0.00100995 0.000498264 2.33167e-05 -0.000396538 -0.000746921 -0.00101763 -0.00120307 -0.00130204 -0.00131778 -0.00125738 -0.00113139 -0.000953008 -0.000737309 -0.000500353 -0.000258212 -2.61663e-05 0.000182269 0.00035588 0.000486518 0.000569238 0.00060269 0.000588807 0.000532742 0.000442181 0.000326838 0.000197578 6.56009e-05 -5.8374e-05 -0.000165007 -0.000246856 -0.000299092 -0.000319549 -0.000309047 -0.000270945 -0.000210975 -0.000136438 -5.56079e-05 2.31457e-05 9.21726e-05 0.000145173 0.00017793 0.000188443 0.000177305 0.000147275 0.000103151 5.09483e-05 -2.66311e-06 -5.12323e-05 -8.92822e-05 -0.000112832 -0.000120009 -0.000110966 -8.80655e-05 -5.52265e-05 -1.75947e-05 1.93659e-05 5.0538e-05 7.18455e-05 8.09019e-05 7.71106e-05 6.19447e-05 3.83856e-05 1.06815e-05 -1.65593e-05 -3.89832e-05 -5.32048e-05 -5.74165e-05 -5.14616e-05 -3.70574e-05 -1.71714e-05 4.28168e-06 2.33572e-05 3.66991e-05 4.21249e-05 3.91269e-05 2.87077e-05 1.34061e-05 -3.50642e-06 -1.84889e-05 -2.85753e-05 -3.19687e-05 -2.82726e-05 -1.87449e-05 -5.72447e-06 7.65845e-06 1.83938e-05 2.41797e-05 2.39025e-05 1.80127e-05 8.15151e-06 -3.01976e-06 -1.27157e-05 -1.8587e-05 -1.93151e-05 -1.50325e-05 -7.04968e-06 2.27221e-06 1.0398e-05 1.51684e-05 1.54049e-05 1.13201e-05 4.22567e-06 -3.62974e-06 -9.94289e-06 -1.29197e-05 -1.17914e-05 -7.15672e-06 -5.53634e-07 5.81042e-06 9.94206e-06 1.06363e-05 7.77909e-06 2.54183e-06 -3.26419e-06 -7.61534e-06 -9.07234e-06 -7.30216e-06 -3.01658e-06 2.08105e-06 6.13853e-06 7.71939e-06 6.30554e-06 2.62286e-06 -1.88059e-06 -5.39864e-06 -6.58955e-06 -5.12762e-06 -1.65103e-06 2.2861e-06 5.06729e-06 5.60167e-06 3.70688e-06 3.60276e-07 -2.98093e-06 -4.84531e-06 -4.4293e-06 -2.07835e-06 1.11693e-06 3.62085e-06 4.29866e-06 2.95813e-06 2.16867e-07 -2.48975e-06 -3.79064e-06 -3.1485e-06 -9.86812e-07 1.48186e-06 3.16794e-06 3.25116e-06 1.41995e-06 -1.19196e-06 -2.8073e-06 -2.62431e-06 -1.26747e-06 3.91628e-07 2.13272e-06 2.98193e-06 1.60788e-06 -1.03786e-06 -2.55802e-06 -2.06066e-06 -5.85023e-07 7.59865e-07 1.6952e-06 1.78601e-06 7.7995e-07 -6.54433e-07 -1.86556e-06 -2.03194e-06 -4.47194e-07 1.64259e-06 2.24953e-06 1.05111e-06 -8.30514e-07 -1.89891e-06 -1.35134e-06 1.75175e-07 1.2493e-06 1.11375e-06 3.26964e-07 -3.81879e-07 -7.93825e-07 -6.52152e-07 -1.45944e-07 2.4907e-07 6.49591e-07 7.65479e-07 1.20668e-07 -6.30625e-07 -9.01321e-07 -5.9513e-07 4.11318e-07 1.18559e-06 7.66953e-07 -2.37281e-07 -1.04217e-06 -1.081e-06 0. 
0.0966473 0.0966835 0.0952853 0.0926283 0.0888857 0.0842267 0.0788158 0.0728115 0.0663649 0.0596192 0.0527086 0.0457573 0.0388793 0.0321771 0.0257418 0.0196526 0.0139764 0.00876808 0.0040702 -8.66327e-05 -0.00368341 -0.00671232 -0.00917612 -0.0110875 -0.012468 -0.0133475 -0.0137629 -0.013757 -0.0133776 -0.0126761 -0.0117062 -0.0105231 -0.00918181 -0.00773625 -0.00623815 -0.00473597 -0.00327397 -0.0018915 -0.000622238 0.000506242 0.00147284 0.00226312 0.00286927 0.00328994 0.00352989 0.00359953 0.00351413 0.00329321 0.00295948 0.00253802 0.00205512 0.00153741 0.0010107 0.000499149 2.43244e-05 -0.000395459 -0.000745789 -0.00101651 -0.00120198 -0.00130106 -0.00131692 -0.0012567 -0.0011309 -0.000952758 -0.000737296 -0.000500587 -0.000258679 -2.68405e-05 0.000181416 0.000354908 0.000485466 0.000568189 0.000601683 0.000587932 0.000532027 0.000441698 0.000326596 0.00019761 6.58917e-05 -5.78423e-05 -0.000164275 -0.00024599 -0.000298146 -0.000318621 -0.000308188 -0.000270255 -0.000210483 -0.000136212 -5.56422e-05 2.28407e-05 9.16401e-05 0.000144466 0.000177114 0.000187618 0.000176535 0.000146667 0.000102738 5.08024e-05 -2.55686e-06 -5.08702e-05 -8.8724e-05 -0.000112146 -0.000119274 -0.000110291 -8.75113e-05 -5.48918e-05 -1.7488e-05 1.92059e-05 5.01629e-05 7.12975e-05 8.02676e-05 7.64911e-05 6.1414e-05 3.80475e-05 1.05526e-05 -1.64323e-05 -3.86547e-05 -5.27129e-05 -5.68557e-05 -5.09309e-05 -3.66315e-05 -1.69467e-05 4.30171e-06 2.31421e-05 3.63225e-05 4.1642e-05 3.86387e-05 2.83149e-05 1.31637e-05 -3.52598e-06 -1.83203e-05 -2.82276e-05 -3.15426e-05 -2.78493e-05 -1.84124e-05 -5.56968e-06 7.63362e-06 1.81676e-05 2.38407e-05 2.35098e-05 1.76706e-05 7.94558e-06 -3.06261e-06 -1.25605e-05 -1.83111e-05 -1.89636e-05 -1.47165e-05 -6.84762e-06 2.32262e-06 1.02622e-05 1.49212e-05 1.50875e-05 1.10457e-05 4.06431e-06 -3.64448e-06 -9.78727e-06 -1.26769e-05 -1.15065e-05 -6.93982e-06 -4.63814e-07 5.75981e-06 9.74636e-06 1.03953e-05 7.54372e-06 2.40814e-06 -3.2554e-06 -7.48773e-06 -8.84516e-06 -7.09002e-06 -2.86935e-06 2.10246e-06 6.02185e-06 7.53612e-06 6.09467e-06 2.49357e-06 -1.89654e-06 -5.30188e-06 -6.40101e-06 -4.95622e-06 -1.53578e-06 2.28241e-06 4.94864e-06 5.4411e-06 3.54343e-06 2.93817e-07 -2.9416e-06 -4.72338e-06 -4.26023e-06 -1.97141e-06 1.14207e-06 3.54248e-06 4.15108e-06 2.83717e-06 1.45979e-07 -2.45095e-06 -3.66841e-06 -3.02598e-06 -8.99236e-07 1.46993e-06 3.08474e-06 3.13182e-06 1.30516e-06 -1.18627e-06 -2.71776e-06 -2.5311e-06 -1.18884e-06 4.22781e-07 2.09945e-06 2.84765e-06 1.48328e-06 -1.00274e-06 -2.47207e-06 -2.00271e-06 -5.24822e-07 7.78073e-07 1.65036e-06 1.6953e-06 7.07592e-07 -6.55327e-07 -1.80761e-06 -1.91293e-06 -3.83837e-07 1.56019e-06 2.16388e-06 1.01092e-06 -8.43775e-07 -1.82692e-06 -1.28564e-06 1.6828e-07 1.24288e-06 1.08995e-06 2.78645e-07 -4.00241e-07 -7.83552e-07 -6.14914e-07 -9.32306e-08 2.70906e-07 6.10411e-07 6.87645e-07 8.57346e-08 -5.93731e-07 -8.3232e-07 -5.31653e-07 3.9355e-07 1.08876e-06 7.10671e-07 -2.23255e-07 -9.76527e-07 -9.91638e-07 0. 
0.0966473 0.0966835 0.0952853 0.0926284 0.0888857 0.0842268 0.0788159 0.0728116 0.066365 0.0596193 0.0527087 0.0457575 0.0388794 0.0321772 0.0257419 0.0196527 0.0139765 0.00876815 0.00407023 -8.66272e-05 -0.00368344 -0.00671239 -0.00917624 -0.0110876 -0.0124682 -0.0133478 -0.0137633 -0.0137574 -0.0133781 -0.0126766 -0.0117068 -0.0105238 -0.0091825 -0.00773699 -0.00623892 -0.00473677 -0.00327479 -0.00189232 -0.000623037 0.000505467 0.00147212 0.00226246 0.00286869 0.00328945 0.00352952 0.00359927 0.00351402 0.00329323 0.00295966 0.00253834 0.00205558 0.001538 0.0010114 0.000499946 2.51832e-05 -0.000394556 -0.000744889 -0.00101563 -0.00120117 -0.00130034 -0.00131634 -0.00125627 -0.00113065 -0.00095269 -0.000737426 -0.0005009 -0.000259167 -2.74755e-05 0.00018067 0.000354085 0.000484624 0.000567364 0.00060094 0.000587298 0.000531562 0.000441412 0.000326525 0.000197742 6.6228e-05 -5.73355e-05 -0.000163634 -0.000245262 -0.000297397 -0.000317898 -0.000307567 -0.000269767 -0.00021019 -0.000136115 -5.5767e-05 2.25248e-05 9.11544e-05 0.000143865 0.000176461 0.00018697 0.000175974 0.00014623 0.000102493 5.07496e-05 -2.39367e-06 -5.05322e-05 -8.82414e-05 -0.000111585 -0.000118706 -0.000109777 -8.71319e-05 -5.46713e-05 -1.7476e-05 1.90362e-05 4.98183e-05 7.08446e-05 7.97665e-05 7.60132e-05 6.10402e-05 3.78128e-05 1.05131e-05 -1.63007e-05 -3.83536e-05 -5.23133e-05 -5.64157e-05 -5.05255e-05 -3.63381e-05 -1.67951e-05 4.26467e-06 2.29541e-05 3.59981e-05 4.12624e-05 3.82688e-05 2.80224e-05 1.30167e-05 -3.5241e-06 -1.81481e-05 -2.79507e-05 -3.1201e-05 -2.75282e-05 -1.81802e-05 -5.46254e-06 7.57448e-06 1.79866e-05 2.35567e-05 2.32117e-05 1.7419e-05 7.79664e-06 -3.0613e-06 -1.24372e-05 -1.80732e-05 -1.86992e-05 -1.44784e-05 -6.70091e-06 2.33227e-06 1.01571e-05 1.47067e-05 1.48523e-05 1.08378e-05 3.94835e-06 -3.63008e-06 -9.67056e-06 -1.24691e-05 -1.1299e-05 -6.77774e-06 -4.01032e-07 5.6971e-06 9.60341e-06 1.01937e-05 7.37571e-06 2.31383e-06 -3.24663e-06 -7.36748e-06 -8.68298e-06 -6.91721e-06 -2.76762e-06 2.10572e-06 5.93728e-06 7.37625e-06 5.9483e-06 2.39279e-06 -1.90378e-06 -5.21065e-06 -6.2694e-06 -4.81169e-06 -1.46055e-06 2.27185e-06 4.8636e-06 5.3009e-06 3.43489e-06 2.39596e-07 -2.90858e-06 -4.61458e-06 -4.14712e-06 -1.87932e-06 1.15245e-06 3.47533e-06 4.04767e-06 2.72639e-06 1.10512e-07 -2.41442e-06 -3.58759e-06 -2.92337e-06 -8.39667e-07 1.47328e-06 3.00699e-06 3.01691e-06 1.25826e-06 -1.1805e-06 -2.67807e-06 -2.45699e-06 -1.10751e-06 4.63759e-07 2.02701e-06 2.73516e-06 1.44242e-06 -9.95779e-07 -2.42603e-06 -1.93734e-06 -4.84958e-07 7.91576e-07 1.61718e-06 1.62678e-06 6.45718e-07 -6.67658e-07 -1.73068e-06 -1.82634e-06 -3.67605e-07 1.52736e-06 2.09018e-06 9.59118e-07 -8.16783e-07 -1.78625e-06 -1.25597e-06 1.90772e-07 1.22787e-06 1.06406e-06 2.57662e-07 -4.25527e-07 -7.8044e-07 -5.78019e-07 -5.14901e-08 2.87353e-07 5.76977e-07 6.30099e-07 5.45386e-08 -5.69078e-07 -7.64792e-07 -4.88248e-07 3.72752e-07 1.0268e-06 6.54181e-07 -2.15628e-07 -9.07136e-07 -9.35232e-07 0. 
0.0966473 0.0966835 0.0952853 0.0926284 0.0888857 0.0842268 0.0788159 0.0728116 0.066365 0.0596193 0.0527087 0.0457575 0.0388794 0.0321772 0.0257419 0.0196526 0.0139764 0.00876809 0.00407015 -8.67318e-05 -0.00368357 -0.00671255 -0.00917643 -0.0110879 -0.0124685 -0.0133481 -0.0137636 -0.0137578 -0.0133785 -0.012677 -0.0117073 -0.0105242 -0.00918298 -0.00773749 -0.00623942 -0.00473727 -0.00327527 -0.00189278 -0.000623474 0.000505072 0.00147177 0.00226217 0.00286847 0.0032893 0.00352946 0.00359929 0.00351412 0.00329343 0.00295993 0.00253869 0.00205601 0.00153849 0.00101193 0.000500499 2.57475e-05 -0.000394004 -0.000744365 -0.00101516 -0.00120077 -0.00130002 -0.00131612 -0.00125616 -0.00113066 -0.000952814 -0.000737659 -0.000501232 -0.00025958 -2.79494e-05 0.00018016 0.00035357 0.000484129 0.000566921 0.000600572 0.000587031 0.000531407 0.000441383 0.000326619 0.000197954 6.65397e-05 -5.6946e-05 -0.000163197 -0.000244812 -0.000296966 -0.000317524 -0.000307275 -0.000269585 -0.000210126 -0.000136178 -5.59444e-05 2.22472e-05 9.0807e-05 0.000143481 0.000176078 0.000186629 0.000175704 0.000146064 0.000102439 5.08182e-05 -2.21883e-06 -5.02687e-05 -8.79249e-05 -0.000111253 -0.000118398 -0.000109533 -8.69761e-05 -5.46273e-05 -1.75407e-05 1.88683e-05 4.95778e-05 7.05627e-05 7.94861e-05 7.57745e-05 6.08745e-05 3.77473e-05 1.0549e-05 -1.61652e-05 -3.81489e-05 -5.2069e-05 -5.61759e-05 -5.03289e-05 -3.6215e-05 -1.67684e-05 4.19893e-06 2.28037e-05 3.57992e-05 4.10478e-05 3.80821e-05 2.78978e-05 1.29739e-05 -3.47429e-06 -1.8025e-05 -2.77747e-05 -3.1016e-05 -2.73692e-05 -1.80813e-05 -5.44517e-06 7.51388e-06 1.78574e-05 2.33974e-05 2.30538e-05 1.73031e-05 7.74816e-06 -3.03551e-06 -1.23405e-05 -1.79388e-05 -1.85552e-05 -1.43672e-05 -6.64778e-06 2.31625e-06 1.00741e-05 1.45881e-05 1.47245e-05 1.07428e-05 3.90856e-06 -3.60535e-06 -9.58672e-06 -1.23594e-05 -1.11895e-05 -6.70806e-06 -3.87892e-07 5.65198e-06 9.5119e-06 1.00935e-05 7.29227e-06 2.27986e-06 -3.22377e-06 -7.29925e-06 -8.58876e-06 -6.83813e-06 -2.72394e-06 2.0952e-06 5.87836e-06 7.29628e-06 5.87057e-06 2.35411e-06 -1.89555e-06 -5.15876e-06 -6.19243e-06 -4.74769e-06 -1.42684e-06 2.25648e-06 4.80911e-06 5.2342e-06 3.37779e-06 2.24179e-07 -2.8833e-06 -4.55931e-06 -4.08367e-06 -1.8436e-06 1.15287e-06 3.43576e-06 3.98877e-06 2.68133e-06 9.20375e-08 -2.38998e-06 -3.53725e-06 -2.87625e-06 -8.13401e-07 1.4609e-06 2.97123e-06 2.97077e-06 1.22052e-06 -1.17468e-06 -2.64134e-06 -2.41643e-06 -1.07948e-06 4.68863e-07 2.00779e-06 2.68309e-06 1.40006e-06 -9.80334e-07 -2.38905e-06 -1.91078e-06 -4.67165e-07 7.93074e-07 1.59785e-06 1.59124e-06 6.21939e-07 -6.63638e-07 -1.70633e-06 -1.78255e-06 -3.47573e-07 1.49509e-06 2.05575e-06 9.43762e-07 -8.16296e-07 -1.7582e-06 -1.23204e-06 1.89224e-07 1.22073e-06 1.05279e-06 2.43077e-07 -4.31797e-07 -7.75053e-07 -5.624e-07 -3.51393e-08 2.93909e-07 5.63082e-07 6.00866e-07 4.33318e-08 -5.54202e-07 -7.40561e-07 -4.65069e-07 3.65958e-07 9.90359e-07 6.34095e-07 -2.10087e-07 -8.83213e-07 -9.01773e-07 0. 
0.0966473 0.0966835 0.0952853 0.0926284 0.0888857 0.0842268 0.0788159 0.0728115 0.0663649 0.0596193 0.0527086 0.0457574 0.0388793 0.0321771 0.0257418 0.0196525 0.0139763 0.00876792 0.00406997 -8.6926e-05 -0.00368377 -0.00671277 -0.00917666 -0.0110881 -0.0124687 -0.0133483 -0.0137638 -0.0137581 -0.0133787 -0.0126773 -0.0117075 -0.0105244 -0.00918319 -0.00773766 -0.00623957 -0.00473738 -0.00327536 -0.00189282 -0.000623476 0.000505115 0.00147186 0.0022623 0.00286864 0.00328952 0.0035297 0.00359957 0.00351443 0.00329375 0.00296026 0.00253902 0.00205633 0.00153878 0.00101219 0.000500723 2.59242e-05 -0.000393886 -0.000744306 -0.00101517 -0.00120084 -0.00130016 -0.0013163 -0.0012564 -0.00113093 -0.000953111 -0.000737963 -0.000501531 -0.000259857 -2.81887e-05 0.000179969 0.000353441 0.000484064 0.00056693 0.000600646 0.000587172 0.000531597 0.000441617 0.000326872 0.000198214 6.67833e-05 -5.67339e-05 -0.000163032 -0.000244708 -0.000296928 -0.000317557 -0.000307368 -0.000269737 -0.000210314 -0.000136392 -5.61567e-05 2.20506e-05 9.06488e-05 0.000143374 0.000176031 0.000186649 0.00017578 0.000146194 0.0001026 5.09984e-05 -2.04845e-06 -5.01208e-05 -8.78211e-05 -0.000111202 -0.000118404 -0.000109598 -8.70821e-05 -5.47679e-05 -1.76861e-05 1.87288e-05 4.94713e-05 7.0498e-05 7.9473e-05 7.58148e-05 6.09552e-05 3.78622e-05 1.06696e-05 -1.60486e-05 -3.80636e-05 -5.20216e-05 -5.6176e-05 -5.03754e-05 -3.62935e-05 -1.68715e-05 4.10023e-06 2.27173e-05 3.57494e-05 4.10366e-05 3.81123e-05 2.79639e-05 1.30554e-05 -3.38569e-06 -1.79578e-05 -2.77325e-05 -3.10139e-05 -2.74027e-05 -1.81404e-05 -5.52106e-06 7.44745e-06 1.78053e-05 2.33804e-05 2.30678e-05 1.7346e-05 7.8104e-06 -2.97635e-06 -1.229e-05 -1.79193e-05 -1.8562e-05 -1.44023e-05 -6.7005e-06 2.26544e-06 1.00309e-05 1.45738e-05 1.47331e-05 1.07765e-05 3.95552e-06 -3.56337e-06 -9.55422e-06 -1.23553e-05 -1.12051e-05 -6.74312e-06 -4.2995e-07 5.62103e-06 9.4934e-06 1.01024e-05 7.31653e-06 2.31467e-06 -3.18952e-06 -7.28333e-06 -8.58709e-06 -6.85961e-06 -2.75382e-06 2.06696e-06 5.85803e-06 7.29903e-06 5.88533e-06 2.38175e-06 -1.86885e-06 -5.14632e-06 -6.1914e-06 -4.76685e-06 -1.45023e-06 2.23575e-06 4.79707e-06 5.24255e-06 3.39348e-06 2.47008e-07 -2.86626e-06 -4.55843e-06 -4.09125e-06 -1.8641e-06 1.13528e-06 3.42791e-06 3.98985e-06 2.69812e-06 1.07875e-07 -2.3779e-06 -3.53333e-06 -2.88949e-06 -8.29519e-07 1.44646e-06 2.96984e-06 2.98308e-06 1.22877e-06 -1.16365e-06 -2.6333e-06 -2.42214e-06 -1.09245e-06 4.541e-07 2.00686e-06 2.69093e-06 1.40522e-06 -9.68587e-07 -2.38332e-06 -1.91695e-06 -4.75045e-07 7.80916e-07 1.59288e-06 1.59998e-06 6.34639e-07 -6.54665e-07 -1.71138e-06 -1.79237e-06 -3.52284e-07 1.49009e-06 2.0601e-06 9.52341e-07 -8.15768e-07 -1.7544e-06 -1.23196e-06 1.79187e-07 1.21647e-06 1.05238e-06 2.46223e-07 -4.20417e-07 -7.70986e-07 -5.69302e-07 -4.33675e-08 2.87582e-07 5.65961e-07 6.11849e-07 4.99812e-08 -5.56783e-07 -7.49898e-07 -4.72718e-07 3.67652e-07 9.98902e-07 6.4205e-07 -2.10637e-07 -8.9209e-07 -9.09103e-07 0. 
0.0966473 0.0966835 0.0952853 0.0926283 0.0888856 0.0842267 0.0788158 0.0728114 0.0663648 0.0596191 0.0527085 0.0457572 0.0388791 0.0321769 0.0257415 0.0196523 0.013976 0.00876767 0.00406972 -8.71817e-05 -0.00368403 -0.00671301 -0.0091769 -0.0110883 -0.0124689 -0.0133485 -0.013764 -0.0137582 -0.0133788 -0.0126773 -0.0117075 -0.0105244 -0.00918308 -0.00773751 -0.00623936 -0.00473712 -0.00327503 -0.00189246 -0.000623054 0.000505573 0.00147236 0.00226282 0.00286918 0.00329005 0.00353023 0.00360008 0.0035149 0.00329416 0.00296061 0.00253929 0.00205651 0.00153887 0.00101218 0.000500605 2.56994e-05 -0.0003942 -0.000744711 -0.00101564 -0.00120137 -0.00130071 -0.00131687 -0.00125694 -0.00113144 -0.00095354 -0.000738306 -0.000501764 -0.000259969 -2.81752e-05 0.000180113 0.000353699 0.000484432 0.000567372 0.000601151 0.000587689 0.000532112 0.000442075 0.00032726 0.00019849 6.69386e-05 -5.67166e-05 -0.000163152 -0.000244951 -0.000297281 -0.000317978 -0.000307838 -0.000270194 -0.000210739 -0.000136727 -5.63895e-05 2.1955e-05 9.06883e-05 0.000143547 0.00017632 0.000187013 0.000176195 0.000146595 0.000102964 5.12641e-05 -1.88999e-06 -5.01028e-05 -8.79321e-05 -0.000111431 -0.000118722 -0.000109953 -8.74444e-05 -5.50685e-05 -1.79085e-05 1.86355e-05 4.94987e-05 7.06525e-05 7.9724e-05 7.61201e-05 6.12786e-05 3.81362e-05 1.08744e-05 -1.5967e-05 -3.80944e-05 -5.2173e-05 -5.64111e-05 -5.06519e-05 -3.65717e-05 -1.70855e-05 3.96538e-06 2.27075e-05 3.58422e-05 4.12271e-05 3.83546e-05 2.82067e-05 1.32626e-05 -3.27404e-06 -1.79389e-05 -2.78304e-05 -3.11867e-05 -2.76212e-05 -1.8356e-05 -5.67583e-06 7.36811e-06 1.78403e-05 2.34957e-05 2.32516e-05 1.75438e-05 7.97187e-06 -2.87753e-06 -1.22966e-05 -1.80034e-05 -1.8721e-05 -1.45782e-05 -6.8502e-06 2.17384e-06 1.00377e-05 1.46518e-05 1.48805e-05 1.0933e-05 4.08203e-06 -3.49737e-06 -9.58233e-06 -1.24442e-05 -1.13481e-05 -6.87817e-06 -5.20725e-07 5.59544e-06 9.55612e-06 1.02079e-05 7.44988e-06 2.4167e-06 -3.15046e-06 -7.30833e-06 -8.68502e-06 -6.97114e-06 -2.85692e-06 2.01742e-06 5.88342e-06 7.37137e-06 5.99798e-06 2.47017e-06 -1.82651e-06 -5.16384e-06 -6.27375e-06 -4.85765e-06 -1.53332e-06 2.20716e-06 4.83325e-06 5.31316e-06 3.48828e-06 3.03479e-07 -2.85923e-06 -4.6013e-06 -4.17759e-06 -1.93176e-06 1.09761e-06 3.44615e-06 4.05704e-06 2.76451e-06 1.64811e-07 -2.37587e-06 -3.58281e-06 -2.95251e-06 -8.91395e-07 1.43442e-06 2.99874e-06 3.04032e-06 1.29949e-06 -1.15025e-06 -2.66386e-06 -2.46528e-06 -1.14321e-06 4.24437e-07 2.01013e-06 2.75477e-06 1.47676e-06 -9.74626e-07 -2.41173e-06 -1.94072e-06 -5.1776e-07 7.56241e-07 1.60595e-06 1.64837e-06 6.82247e-07 -6.4527e-07 -1.73422e-06 -1.85491e-06 -3.93398e-07 1.5256e-06 2.09633e-06 9.73306e-07 -7.95926e-07 -1.78195e-06 -1.26364e-06 1.76731e-07 1.20532e-06 1.05843e-06 2.7826e-07 -4.00383e-07 -7.68837e-07 -5.91004e-07 -8.05646e-08 2.69417e-07 5.86933e-07 6.5931e-07 7.42345e-08 -5.76227e-07 -7.89706e-07 -5.10697e-07 3.75758e-07 1.05355e-06 6.74043e-07 -2.17843e-07 -9.27637e-07 -9.59251e-07 0. 
0.0966473 0.0966835 0.0952852 0.0926282 0.0888855 0.0842265 0.0788156 0.0728113 0.0663646 0.0596189 0.0527082 0.045757 0.0388788 0.0321766 0.0257412 0.019652 0.0139757 0.00876737 0.00406942 -8.7468e-05 -0.0036843 -0.00671326 -0.00917712 -0.0110885 -0.0124691 -0.0133486 -0.013764 -0.0137582 -0.0133788 -0.0126772 -0.0117073 -0.0105241 -0.00918273 -0.00773708 -0.00623886 -0.00473654 -0.00327439 -0.00189175 -0.000622309 0.000506363 0.00147316 0.00226364 0.00286997 0.00329083 0.00353095 0.00360073 0.00351545 0.00329462 0.00296094 0.00253948 0.00205655 0.00153876 0.00101191 0.00050019 2.51536e-05 -0.000394875 -0.000745473 -0.00101648 -0.00120223 -0.00130159 -0.0013177 -0.00125771 -0.00113208 -0.000954057 -0.000738646 -0.000501923 -0.000259929 -2.79398e-05 0.000180529 0.000354281 0.000485133 0.00056817 0.000601971 0.00058851 0.000532848 0.00044271 0.00032772 0.00019877 6.6998e-05 -5.6867e-05 -0.000163506 -0.000245481 -0.000297934 -0.000318718 -0.000308577 -0.0002709 -0.000211316 -0.000137159 -5.66074e-05 2.19431e-05 9.08999e-05 0.000143949 0.000176868 0.000187662 0.000176853 0.000147221 0.000103456 5.16056e-05 -1.77015e-06 -5.01853e-05 -8.82249e-05 -0.000111884 -0.000119276 -0.000110549 -8.79811e-05 -5.55094e-05 -1.81593e-05 1.85677e-05 4.96524e-05 7.09775e-05 8.01817e-05 7.66426e-05 6.17707e-05 3.85512e-05 1.11141e-05 -1.58975e-05 -3.82389e-05 -5.24742e-05 -5.6832e-05 -5.11164e-05 -3.69855e-05 -1.74042e-05 3.83234e-06 2.274e-05 3.60667e-05 4.15693e-05 3.87599e-05 2.85979e-05 1.35441e-05 -3.12379e-06 -1.79861e-05 -2.80209e-05 -3.15085e-05 -2.7984e-05 -1.86811e-05 -5.9094e-06 7.30674e-06 1.79211e-05 2.37354e-05 2.35588e-05 1.78596e-05 8.22257e-06 -2.77219e-06 -1.23243e-05 -1.81936e-05 -1.89836e-05 -1.48677e-05 -7.083e-06 2.07149e-06 1.00599e-05 1.4828e-05 1.51184e-05 1.11917e-05 4.27642e-06 -3.43239e-06 -9.63372e-06 -1.26318e-05 -1.15727e-05 -7.09676e-06 -6.57001e-07 5.5951e-06 9.65713e-06 1.04136e-05 7.65338e-06 2.57208e-06 -3.09524e-06 -7.38946e-06 -8.83505e-06 -7.17393e-06 -3.00885e-06 1.95878e-06 5.92504e-06 7.52494e-06 6.16401e-06 2.6184e-06 -1.76899e-06 -5.223e-06 -6.39591e-06 -5.02929e-06 -1.64928e-06 2.17475e-06 4.89024e-06 5.45862e-06 3.62112e-06 3.99762e-07 -2.85693e-06 -4.69836e-06 -4.29904e-06 -2.05819e-06 1.05239e-06 3.49043e-06 4.15715e-06 2.90085e-06 2.30413e-07 -2.38492e-06 -3.65221e-06 -3.07155e-06 -9.78376e-07 1.4005e-06 3.06637e-06 3.16887e-06 1.36268e-06 -1.1314e-06 -2.68419e-06 -2.54258e-06 -1.2483e-06 3.5301e-07 2.07663e-06 2.87632e-06 1.526e-06 -9.5983e-07 -2.44057e-06 -2.00944e-06 -5.75639e-07 7.17417e-07 1.62886e-06 1.72732e-06 7.66392e-07 -6.13742e-07 -1.81612e-06 -1.95457e-06 -4.18094e-07 1.54597e-06 2.17041e-06 1.03654e-06 -8.15235e-07 -1.81066e-06 -1.2909e-06 1.37416e-07 1.20466e-06 1.07908e-06 3.09068e-07 -3.54083e-07 -7.61754e-07 -6.36892e-07 -1.41719e-07 2.40193e-07 6.26774e-07 7.33768e-07 1.18792e-07 -6.02874e-07 -8.74911e-07 -5.66211e-07 3.99417e-07 1.12698e-06 7.44675e-07 -2.25488e-07 -1.01234e-06 -1.02558e-06 0. 
0.0966473 0.0966835 0.0952852 0.0926281 0.0888854 0.0842264 0.0788155 0.0728111 0.0663644 0.0596187 0.052708 0.0457567 0.0388786 0.0321763 0.0257409 0.0196516 0.0139754 0.00876706 0.00406912 -8.77487e-05 -0.00368456 -0.00671349 -0.00917731 -0.0110887 -0.0124692 -0.0133487 -0.013764 -0.0137581 -0.0133786 -0.012677 -0.011707 -0.0105237 -0.00918222 -0.00773648 -0.00623818 -0.00473579 -0.00327356 -0.00189087 -0.000621377 0.000507316 0.00147413 0.0022646 0.00287091 0.0032917 0.00353176 0.00360143 0.00351604 0.00329506 0.00296123 0.0025396 0.00205649 0.00153851 0.00101149 0.000499601 2.44049e-05 -0.000395742 -0.000746451 -0.00101751 -0.0012033 -0.00130262 -0.00131868 -0.00125856 -0.0011328 -0.00095458 -0.000738966 -0.000502009 -0.000259782 -2.75645e-05 0.000181118 0.00035504 0.000486036 0.000569141 0.000602978 0.000589459 0.000533711 0.000443397 0.000328215 0.000199014 6.69929e-05 -5.71311e-05 -0.000164004 -0.000246169 -0.000298768 -0.000319609 -0.000309478 -0.000271702 -0.000211985 -0.000137603 -5.68184e-05 2.20069e-05 9.12119e-05 0.000144483 0.000177571 0.000188447 0.000177659 0.000147933 0.000104032 5.19477e-05 -1.66301e-06 -5.03499e-05 -8.86172e-05 -0.000112462 -0.000119968 -0.000111252 -8.86294e-05 -5.59871e-05 -1.84428e-05 1.85493e-05 4.98647e-05 7.14087e-05 8.07544e-05 7.72676e-05 6.23696e-05 3.90069e-05 1.1394e-05 -1.5871e-05 -3.8429e-05 -5.28727e-05 -5.73518e-05 -5.1669e-05 -3.7488e-05 -1.77444e-05 3.67613e-06 2.28297e-05 3.63441e-05 4.20049e-05 3.92531e-05 2.90502e-05 1.38852e-05 -2.98891e-06 -1.80421e-05 -2.82891e-05 -3.18958e-05 -2.84236e-05 -1.90742e-05 -6.15671e-06 7.22782e-06 1.80609e-05 2.40177e-05 2.39449e-05 1.82376e-05 8.50192e-06 -2.63931e-06 -1.23981e-05 -1.84113e-05 -1.93219e-05 -1.52097e-05 -7.34809e-06 1.94232e-06 1.01237e-05 1.50252e-05 1.54281e-05 1.14935e-05 4.49786e-06 -3.34732e-06 -9.73006e-06 -1.28396e-05 -1.18637e-05 -7.34959e-06 -8.06917e-07 5.58469e-06 9.81129e-06 1.06407e-05 7.91326e-06 2.75155e-06 -3.04757e-06 -7.47157e-06 -9.04555e-06 -7.39699e-06 -3.19745e-06 1.88839e-06 5.99968e-06 7.6877e-06 6.38772e-06 2.78044e-06 -1.70645e-06 -5.28254e-06 -6.57075e-06 -5.21097e-06 -1.80084e-06 2.13922e-06 4.97845e-06 5.61039e-06 3.80446e-06 4.98099e-07 -2.8595e-06 -4.79916e-06 -4.4719e-06 -2.18695e-06 9.90969e-07 3.54259e-06 4.29734e-06 3.03377e-06 3.31879e-07 -2.39646e-06 -3.75878e-06 -3.19968e-06 -1.09156e-06 1.38891e-06 3.13131e-06 3.28529e-06 1.49576e-06 -1.10996e-06 -2.75002e-06 -2.63778e-06 -1.348e-06 3.03755e-07 2.09412e-06 3.00678e-06 1.66213e-06 -9.75289e-07 -2.50475e-06 -2.06469e-06 -6.53848e-07 6.76398e-07 1.6592e-06 1.82646e-06 8.56342e-07 -6.01674e-07 -1.86605e-06 -2.0783e-06 -4.94426e-07 1.61899e-06 2.24659e-06 1.07901e-06 -7.84184e-07 -1.86739e-06 -1.35317e-06 1.30836e-07 1.18975e-06 1.09487e-06 3.67679e-07 -3.15065e-07 -7.59882e-07 -6.82785e-07 -2.10868e-07 2.06447e-07 6.6759e-07 8.28591e-07 1.64357e-07 -6.43289e-07 -9.52084e-07 -6.41072e-07 4.15892e-07 1.23626e-06 8.0717e-07 -2.40293e-07 -1.08249e-06 -1.12561e-06 0. 
0.0966473 0.0966834 0.0952851 0.0926281 0.0888853 0.0842263 0.0788153 0.0728109 0.0663642 0.0596184 0.0527077 0.0457564 0.0388783 0.032176 0.0257406 0.0196514 0.0139751 0.00876678 0.00406886 -8.79941e-05 -0.00368477 -0.00671368 -0.00917746 -0.0110888 -0.0124692 -0.0133487 -0.0137639 -0.0137579 -0.0133784 -0.0126767 -0.0117066 -0.0105232 -0.00918168 -0.00773586 -0.00623748 -0.00473501 -0.00327273 -0.00188998 -0.000620459 0.000508265 0.00147508 0.00226553 0.0028718 0.00329254 0.00353251 0.00360209 0.00351657 0.00329545 0.00296145 0.00253966 0.00205637 0.00153822 0.00101102 0.000498969 2.36377e-05 -0.000396637 -0.000747421 -0.00101854 -0.00120433 -0.00130363 -0.0013196 -0.00125939 -0.00113346 -0.00095506 -0.000739224 -0.000502047 -0.000259586 -2.71481e-05 0.000181731 0.000355826 0.000486934 0.00057012 0.000603952 0.000590398 0.00053452 0.000444058 0.000328651 0.000199224 6.69395e-05 -5.74266e-05 -0.000164525 -0.000246877 -0.000299594 -0.000320506 -0.000310342 -0.000272495 -0.000212601 -0.000138027 -5.69789e-05 2.20923e-05 9.15537e-05 0.000145033 0.000178273 0.000189237 0.000178434 0.00014864 0.000104559 5.22788e-05 -1.60034e-06 -5.05254e-05 -8.90305e-05 -0.000113047 -0.000120648 -0.000111955 -8.92397e-05 -5.64617e-05 -1.8681e-05 1.85341e-05 5.01065e-05 7.18411e-05 8.13257e-05 7.78924e-05 6.2938e-05 3.94631e-05 1.16319e-05 -1.58414e-05 -3.86481e-05 -5.32667e-05 -5.7871e-05 -5.22194e-05 -3.79614e-05 -1.80883e-05 3.55833e-06 2.29105e-05 3.66442e-05 4.24317e-05 3.97388e-05 2.95012e-05 1.41947e-05 -2.84498e-06 -1.81308e-05 -2.85431e-05 -3.22931e-05 -2.8855e-05 -1.94481e-05 -6.40964e-06 7.18171e-06 1.8184e-05 2.43202e-05 2.43165e-05 1.86075e-05 8.78251e-06 -2.53521e-06 -1.24545e-05 -1.86534e-05 -1.96418e-05 -1.55507e-05 -7.61119e-06 1.83777e-06 1.01699e-05 1.52474e-05 1.57168e-05 1.17973e-05 4.71661e-06 -3.28442e-06 -9.807e-06 -1.30713e-05 -1.21329e-05 -7.60379e-06 -9.56697e-07 5.59613e-06 9.94301e-06 1.08892e-05 8.15319e-06 2.9287e-06 -2.99379e-06 -7.57664e-06 -9.23043e-06 -7.63703e-06 -3.37194e-06 1.82682e-06 6.05888e-06 7.87415e-06 6.58569e-06 2.9517e-06 -1.64632e-06 -5.35883e-06 -6.72104e-06 -5.4136e-06 -1.9342e-06 2.10651e-06 5.05295e-06 5.78462e-06 3.96157e-06 6.07844e-07 -2.86299e-06 -4.91715e-06 -4.618e-06 -2.33416e-06 9.41556e-07 3.5984e-06 4.4199e-06 3.19453e-06 4.07035e-07 -2.41151e-06 -3.84584e-06 -3.33952e-06 -1.19184e-06 1.35199e-06 3.21359e-06 3.4367e-06 1.57122e-06 -1.08976e-06 -2.77734e-06 -2.72923e-06 -1.47321e-06 2.2032e-07 2.17596e-06 3.15294e-06 1.72088e-06 -9.62071e-07 -2.54103e-06 -2.14492e-06 -7.23671e-07 6.325e-07 1.68964e-06 1.91908e-06 9.5507e-07 -5.65596e-07 -1.9643e-06 -2.19639e-06 -5.23085e-07 1.64555e-06 2.33438e-06 1.15246e-06 -8.06184e-07 -1.90322e-06 -1.38644e-06 8.69002e-08 1.18821e-06 1.1193e-06 4.06002e-07 -2.62455e-07 -7.51979e-07 -7.35641e-07 -2.84765e-07 1.725e-07 7.16279e-07 9.15356e-07 2.17234e-07 -6.74434e-07 -1.05414e-06 -7.06156e-07 4.44489e-07 1.32251e-06 8.91381e-07 -2.49245e-07 -1.18361e-06 -1.2038e-06 0. 
0.0966473 0.0966834 0.0952851 0.092628 0.0888852 0.0842262 0.0788152 0.0728107 0.066364 0.0596183 0.0527075 0.0457562 0.0388781 0.0321758 0.0257404 0.0196511 0.0139749 0.00876657 0.00406866 -8.81738e-05 -0.00368493 -0.00671381 -0.00917756 -0.0110888 -0.0124693 -0.0133486 -0.0137639 -0.0137578 -0.0133782 -0.0126764 -0.0117063 -0.0105229 -0.00918122 -0.00773535 -0.0062369 -0.00473439 -0.00327206 -0.00188927 -0.000619718 0.000509013 0.00147583 0.00226626 0.0028725 0.00329319 0.0035331 0.00360258 0.00351697 0.00329573 0.00296161 0.00253968 0.00205625 0.00153796 0.00101063 0.000498453 2.30051e-05 -0.000397352 -0.00074821 -0.00101936 -0.00120516 -0.00130442 -0.00132034 -0.00126002 -0.00113397 -0.000955415 -0.000739414 -0.000502053 -0.000259411 -2.67992e-05 0.000182239 0.000356458 0.000487665 0.000570892 0.000604737 0.000591125 0.000535167 0.000444558 0.000328992 0.000199365 6.68855e-05 -5.76801e-05 -0.000164955 -0.000247445 -0.000300265 -0.000321209 -0.000311039 -0.000273104 -0.000213095 -0.000138338 -5.7104e-05 2.21817e-05 9.18333e-05 0.00014548 0.000178841 0.000189859 0.00017906 0.000149182 0.000104985 5.25171e-05 -1.54853e-06 -5.06844e-05 -8.93627e-05 -0.000113517 -0.000121197 -0.000112503 -8.97346e-05 -5.68166e-05 -1.88784e-05 1.85447e-05 5.02957e-05 7.21961e-05 8.17834e-05 7.8383e-05 6.33988e-05 3.98058e-05 1.18317e-05 -1.58406e-05 -3.88152e-05 -5.35921e-05 -5.82842e-05 -5.26514e-05 -3.83462e-05 -1.83419e-05 3.45248e-06 2.2996e-05 3.68739e-05 4.278e-05 4.01253e-05 2.98503e-05 1.4451e-05 -2.75167e-06 -1.81876e-05 -2.87627e-05 -3.26014e-05 -2.9199e-05 -1.975e-05 -6.59474e-06 7.1309e-06 1.83024e-05 2.45477e-05 2.46207e-05 1.89005e-05 8.99534e-06 -2.43998e-06 -1.25198e-05 -1.88301e-05 -1.9909e-05 -1.58166e-05 -7.8142e-06 1.74386e-06 1.02259e-05 1.54068e-05 1.59606e-05 1.20317e-05 4.88603e-06 -3.22385e-06 -9.88691e-06 -1.32374e-05 -1.23609e-05 -7.79922e-06 -1.07039e-06 5.59295e-06 1.00666e-05 1.10686e-05 8.3556e-06 3.06606e-06 -2.95969e-06 -7.64463e-06 -9.3964e-06 -7.8114e-06 -3.51756e-06 1.7751e-06 6.11947e-06 8.00347e-06 6.76029e-06 3.07675e-06 -1.59948e-06 -5.40811e-06 -6.85843e-06 -5.5557e-06 -2.0513e-06 2.08101e-06 5.12309e-06 5.9045e-06 4.10417e-06 6.83257e-07 -2.86629e-06 -4.99751e-06 -4.75276e-06 -2.43433e-06 8.9445e-07 3.64064e-06 4.52978e-06 3.29886e-06 4.85303e-07 -2.42216e-06 -3.92954e-06 -3.44006e-06 -1.27914e-06 1.34424e-06 3.2645e-06 3.52743e-06 1.67406e-06 -1.07242e-06 -2.82798e-06 -2.80537e-06 -1.55182e-06 1.82983e-07 2.19103e-06 3.25482e-06 1.82596e-06 -9.73544e-07 -2.59114e-06 -2.18942e-06 -7.84151e-07 6.00944e-07 1.7133e-06 1.99723e-06 1.02501e-06 -5.56938e-07 -2.00359e-06 -2.29263e-06 -5.81997e-07 1.70214e-06 2.39386e-06 1.18579e-06 -7.82789e-07 -1.94673e-06 -1.43442e-06 8.05587e-08 1.17686e-06 1.13188e-06 4.5108e-07 -2.31043e-07 -7.50284e-07 -7.72402e-07 -3.38484e-07 1.46061e-07 7.47914e-07 9.90133e-07 2.52719e-07 -7.06402e-07 -1.11419e-06 -7.64845e-07 4.57292e-07 1.40825e-06 9.40089e-07 -2.60886e-07 -1.2383e-06 -1.28219e-06 0. 
0.0966473 0.0966834 0.0952851 0.092628 0.0888852 0.0842261 0.0788151 0.0728107 0.0663639 0.0596182 0.0527074 0.0457561 0.038878 0.0321757 0.0257403 0.019651 0.0139748 0.00876646 0.00406856 -8.82696e-05 -0.00368502 -0.00671388 -0.00917761 -0.0110889 -0.0124693 -0.0133486 -0.0137638 -0.0137577 -0.0133781 -0.0126763 -0.0117061 -0.0105226 -0.00918097 -0.00773506 -0.00623659 -0.00473404 -0.00327169 -0.00188888 -0.000619312 0.00050943 0.00147624 0.00226667 0.00287289 0.00329355 0.00353341 0.00360286 0.00351718 0.00329588 0.00296169 0.00253968 0.00205618 0.00153781 0.0010104 0.000498159 2.26545e-05 -0.000397755 -0.000748644 -0.00101982 -0.00120561 -0.00130487 -0.00132074 -0.00126037 -0.00113424 -0.000955609 -0.00073951 -0.000502051 -0.000259307 -2.66004e-05 0.000182522 0.000356813 0.000488067 0.000571325 0.000605164 0.000591532 0.000535514 0.000444837 0.00032917 0.000199442 6.68475e-05 -5.78234e-05 -0.000165196 -0.000247764 -0.000300633 -0.000321604 -0.000311417 -0.000273446 -0.000213357 -0.000138514 -5.71631e-05 2.22306e-05 9.19936e-05 0.000145729 0.000179154 0.000190208 0.000179398 0.000149488 0.00010521 5.26539e-05 -1.53003e-06 -5.07701e-05 -8.95513e-05 -0.000113778 -0.000121499 -0.000112811 -8.99993e-05 -5.70193e-05 -1.89763e-05 1.85453e-05 5.04083e-05 7.23909e-05 8.20371e-05 7.86575e-05 6.36464e-05 4.00019e-05 1.1931e-05 -1.58334e-05 -3.89165e-05 -5.37688e-05 -5.8514e-05 -5.28927e-05 -3.8552e-05 -1.8489e-05 3.40502e-06 2.30359e-05 3.7009e-05 4.29694e-05 4.03389e-05 3.00467e-05 1.45843e-05 -2.69213e-06 -1.82299e-05 -2.88769e-05 -3.27772e-05 -2.93883e-05 -1.99129e-05 -6.70319e-06 7.1133e-06 1.83591e-05 2.46821e-05 2.47844e-05 1.90623e-05 9.11671e-06 -2.39627e-06 -1.25469e-05 -1.89378e-05 -2.00501e-05 -1.59659e-05 -7.92832e-06 1.69953e-06 1.0248e-05 1.55054e-05 1.60879e-05 1.21647e-05 4.98085e-06 -3.19746e-06 -9.92215e-06 -1.33398e-05 -1.24793e-05 -7.9103e-06 -1.13501e-06 5.59889e-06 1.01254e-05 1.11779e-05 8.46071e-06 3.14322e-06 -2.93712e-06 -7.69134e-06 -9.47811e-06 -7.91662e-06 -3.59363e-06 1.74863e-06 6.14626e-06 8.08549e-06 6.84724e-06 3.15154e-06 -1.57376e-06 -5.44191e-06 -6.92481e-06 -5.64446e-06 -2.10951e-06 2.06696e-06 5.15632e-06 5.98094e-06 4.1731e-06 7.31118e-07 -2.86828e-06 -5.0493e-06 -4.81702e-06 -2.4987e-06 8.72992e-07 3.66515e-06 4.58388e-06 3.36931e-06 5.18198e-07 -2.429e-06 -3.96819e-06 -3.50116e-06 -1.32287e-06 1.3282e-06 3.30058e-06 3.59354e-06 1.70737e-06 -1.06353e-06 -2.84011e-06 -2.8453e-06 -1.607e-06 1.46259e-07 2.22716e-06 3.31911e-06 1.85182e-06 -9.68145e-07 -2.60703e-06 -2.22427e-06 -8.15155e-07 5.81714e-07 1.72698e-06 2.03767e-06 1.0683e-06 -5.41091e-07 -2.04674e-06 -2.34437e-06 -5.94551e-07 1.71393e-06 2.43216e-06 1.21777e-06 -7.92091e-07 -1.96246e-06 -1.44906e-06 6.15565e-08 1.17578e-06 1.14244e-06 4.68289e-07 -2.08113e-07 -7.46741e-07 -7.95356e-07 -3.7131e-07 1.31146e-07 7.69522e-07 1.02803e-06 2.76032e-07 -7.19951e-07 -1.15921e-06 -7.9333e-07 4.69913e-07 1.44595e-06 9.77159e-07 -2.64774e-07 -1.28281e-06 -1.3164e-06 0. 
0.0966473 0.0966834 0.0952851 0.092628 0.0888852 0.0842261 0.0788151 0.0728107 0.0663639 0.0596182 0.0527074 0.0457561 0.038878 0.0321757 0.0257403 0.019651 0.0139748 0.00876646 0.00406856 -8.82696e-05 -0.00368502 -0.00671388 -0.00917761 -0.0110889 -0.0124693 -0.0133486 -0.0137638 -0.0137577 -0.0133781 -0.0126763 -0.0117061 -0.0105226 -0.00918097 -0.00773506 -0.00623659 -0.00473404 -0.00327169 -0.00188888 -0.000619312 0.00050943 0.00147624 0.00226667 0.00287289 0.00329355 0.00353341 0.00360286 0.00351718 0.00329588 0.00296169 0.00253968 0.00205618 0.00153781 0.0010104 0.000498159 2.26545e-05 -0.000397755 -0.000748644 -0.00101982 -0.00120561 -0.00130487 -0.00132074 -0.00126037 -0.00113424 -0.000955609 -0.00073951 -0.000502051 -0.000259307 -2.66004e-05 0.000182522 0.000356813 0.000488067 0.000571325 0.000605164 0.000591532 0.000535514 0.000444837 0.00032917 0.000199442 6.68475e-05 -5.78234e-05 -0.000165196 -0.000247764 -0.000300633 -0.000321604 -0.000311417 -0.000273446 -0.000213357 -0.000138514 -5.71631e-05 2.22306e-05 9.19936e-05 0.000145729 0.000179154 0.000190208 0.000179398 0.000149488 0.00010521 5.26539e-05 -1.53003e-06 -5.07701e-05 -8.95513e-05 -0.000113778 -0.000121499 -0.000112811 -8.99993e-05 -5.70193e-05 -1.89763e-05 1.85453e-05 5.04083e-05 7.23909e-05 8.20371e-05 7.86575e-05 6.36464e-05 4.00019e-05 1.1931e-05 -1.58334e-05 -3.89165e-05 -5.37688e-05 -5.8514e-05 -5.28927e-05 -3.8552e-05 -1.8489e-05 3.40502e-06 2.30359e-05 3.7009e-05 4.29694e-05 4.03389e-05 3.00467e-05 1.45843e-05 -2.69213e-06 -1.82299e-05 -2.88769e-05 -3.27772e-05 -2.93883e-05 -1.99129e-05 -6.70319e-06 7.1133e-06 1.83591e-05 2.46821e-05 2.47844e-05 1.90623e-05 9.11671e-06 -2.39627e-06 -1.25469e-05 -1.89378e-05 -2.00501e-05 -1.59659e-05 -7.92832e-06 1.69953e-06 1.0248e-05 1.55054e-05 1.60879e-05 1.21647e-05 4.98085e-06 -3.19746e-06 -9.92215e-06 -1.33398e-05 -1.24793e-05 -7.9103e-06 -1.13501e-06 5.59889e-06 1.01254e-05 1.11779e-05 8.46071e-06 3.14322e-06 -2.93712e-06 -7.69134e-06 -9.47811e-06 -7.91662e-06 -3.59363e-06 1.74863e-06 6.14626e-06 8.08549e-06 6.84724e-06 3.15154e-06 -1.57376e-06 -5.44191e-06 -6.92481e-06 -5.64446e-06 -2.10951e-06 2.06696e-06 5.15632e-06 5.98094e-06 4.1731e-06 7.31118e-07 -2.86828e-06 -5.0493e-06 -4.81702e-06 -2.4987e-06 8.72992e-07 3.66515e-06 4.58388e-06 3.36931e-06 5.18198e-07 -2.429e-06 -3.96819e-06 -3.50116e-06 -1.32287e-06 1.3282e-06 3.30058e-06 3.59354e-06 1.70737e-06 -1.06353e-06 -2.84011e-06 -2.8453e-06 -1.607e-06 1.46259e-07 2.22716e-06 3.31911e-06 1.85182e-06 -9.68145e-07 -2.60703e-06 -2.22427e-06 -8.15155e-07 5.81714e-07 1.72698e-06 2.03767e-06 1.0683e-06 -5.41091e-07 -2.04674e-06 -2.34437e-06 -5.94551e-07 1.71393e-06 2.43216e-06 1.21777e-06 -7.92091e-07 -1.96246e-06 -1.44906e-06 6.15565e-08 1.17578e-06 1.14244e-06 4.68289e-07 -2.08113e-07 -7.46741e-07 -7.95356e-07 -3.7131e-07 1.31146e-07 7.69522e-07 1.02803e-06 2.76032e-07 -7.19951e-07 -1.15921e-06 -7.9333e-07 4.69913e-07 1.44595e-06 9.77159e-07 -2.64774e-07 -1.28281e-06 -1.3164e-06 0. 
0.0966473 0.0966834 0.0952851 0.092628 0.0888852 0.0842262 0.0788152 0.0728107 0.066364 0.0596183 0.0527075 0.0457562 0.0388781 0.0321758 0.0257404 0.0196511 0.0139749 0.00876657 0.00406866 -8.81738e-05 -0.00368493 -0.00671381 -0.00917756 -0.0110888 -0.0124693 -0.0133486 -0.0137639 -0.0137578 -0.0133782 -0.0126764 -0.0117063 -0.0105229 -0.00918122 -0.00773535 -0.0062369 -0.00473439 -0.00327206 -0.00188927 -0.000619718 0.000509013 0.00147583 0.00226626 0.0028725 0.00329319 0.0035331 0.00360258 0.00351697 0.00329573 0.00296161 0.00253968 0.00205625 0.00153796 0.00101063 0.000498453 2.30051e-05 -0.000397352 -0.00074821 -0.00101936 -0.00120516 -0.00130442 -0.00132034 -0.00126002 -0.00113397 -0.000955415 -0.000739414 -0.000502053 -0.000259411 -2.67992e-05 0.000182239 0.000356458 0.000487665 0.000570892 0.000604737 0.000591125 0.000535167 0.000444558 0.000328992 0.000199365 6.68855e-05 -5.76801e-05 -0.000164955 -0.000247445 -0.000300265 -0.000321209 -0.000311039 -0.000273104 -0.000213095 -0.000138338 -5.7104e-05 2.21817e-05 9.18333e-05 0.00014548 0.000178841 0.000189859 0.00017906 0.000149182 0.000104985 5.25171e-05 -1.54853e-06 -5.06844e-05 -8.93627e-05 -0.000113517 -0.000121197 -0.000112503 -8.97346e-05 -5.68166e-05 -1.88784e-05 1.85447e-05 5.02957e-05 7.21961e-05 8.17834e-05 7.8383e-05 6.33988e-05 3.98058e-05 1.18317e-05 -1.58406e-05 -3.88152e-05 -5.35921e-05 -5.82842e-05 -5.26514e-05 -3.83462e-05 -1.83419e-05 3.45248e-06 2.2996e-05 3.68739e-05 4.278e-05 4.01253e-05 2.98503e-05 1.4451e-05 -2.75167e-06 -1.81876e-05 -2.87627e-05 -3.26014e-05 -2.9199e-05 -1.975e-05 -6.59474e-06 7.1309e-06 1.83024e-05 2.45477e-05 2.46207e-05 1.89005e-05 8.99534e-06 -2.43998e-06 -1.25198e-05 -1.88301e-05 -1.9909e-05 -1.58166e-05 -7.8142e-06 1.74386e-06 1.02259e-05 1.54068e-05 1.59606e-05 1.20317e-05 4.88603e-06 -3.22385e-06 -9.88691e-06 -1.32374e-05 -1.23609e-05 -7.79922e-06 -1.07039e-06 5.59295e-06 1.00666e-05 1.10686e-05 8.3556e-06 3.06606e-06 -2.95969e-06 -7.64463e-06 -9.3964e-06 -7.8114e-06 -3.51756e-06 1.7751e-06 6.11947e-06 8.00347e-06 6.76029e-06 3.07675e-06 -1.59948e-06 -5.40811e-06 -6.85843e-06 -5.5557e-06 -2.0513e-06 2.08101e-06 5.12309e-06 5.9045e-06 4.10417e-06 6.83257e-07 -2.86629e-06 -4.99751e-06 -4.75276e-06 -2.43433e-06 8.9445e-07 3.64064e-06 4.52978e-06 3.29886e-06 4.85303e-07 -2.42216e-06 -3.92954e-06 -3.44006e-06 -1.27914e-06 1.34424e-06 3.2645e-06 3.52743e-06 1.67406e-06 -1.07242e-06 -2.82798e-06 -2.80537e-06 -1.55182e-06 1.82983e-07 2.19103e-06 3.25482e-06 1.82596e-06 -9.73544e-07 -2.59114e-06 -2.18942e-06 -7.84151e-07 6.00944e-07 1.7133e-06 1.99723e-06 1.02501e-06 -5.56938e-07 -2.00359e-06 -2.29263e-06 -5.81997e-07 1.70214e-06 2.39386e-06 1.18579e-06 -7.82789e-07 -1.94673e-06 -1.43442e-06 8.05587e-08 1.17686e-06 1.13188e-06 4.5108e-07 -2.31043e-07 -7.50284e-07 -7.72402e-07 -3.38484e-07 1.46061e-07 7.47914e-07 9.90133e-07 2.52719e-07 -7.06402e-07 -1.11419e-06 -7.64845e-07 4.57292e-07 1.40825e-06 9.40089e-07 -2.60886e-07 -1.2383e-06 -1.28219e-06 0. 
0.0966473 0.0966834 0.0952851 0.0926281 0.0888853 0.0842263 0.0788153 0.0728109 0.0663642 0.0596184 0.0527077 0.0457564 0.0388783 0.032176 0.0257406 0.0196514 0.0139751 0.00876678 0.00406886 -8.79941e-05 -0.00368477 -0.00671368 -0.00917746 -0.0110888 -0.0124692 -0.0133487 -0.0137639 -0.0137579 -0.0133784 -0.0126767 -0.0117066 -0.0105232 -0.00918168 -0.00773586 -0.00623748 -0.00473501 -0.00327273 -0.00188998 -0.000620459 0.000508265 0.00147508 0.00226553 0.0028718 0.00329254 0.00353251 0.00360209 0.00351657 0.00329545 0.00296145 0.00253966 0.00205637 0.00153822 0.00101102 0.000498969 2.36377e-05 -0.000396637 -0.000747421 -0.00101854 -0.00120433 -0.00130363 -0.0013196 -0.00125939 -0.00113346 -0.00095506 -0.000739224 -0.000502047 -0.000259586 -2.71481e-05 0.000181731 0.000355826 0.000486934 0.00057012 0.000603952 0.000590398 0.00053452 0.000444058 0.000328651 0.000199224 6.69395e-05 -5.74266e-05 -0.000164525 -0.000246877 -0.000299594 -0.000320506 -0.000310342 -0.000272495 -0.000212601 -0.000138027 -5.69789e-05 2.20923e-05 9.15537e-05 0.000145033 0.000178273 0.000189237 0.000178434 0.00014864 0.000104559 5.22788e-05 -1.60034e-06 -5.05254e-05 -8.90305e-05 -0.000113047 -0.000120648 -0.000111955 -8.92397e-05 -5.64617e-05 -1.8681e-05 1.85341e-05 5.01065e-05 7.18411e-05 8.13257e-05 7.78924e-05 6.2938e-05 3.94631e-05 1.16319e-05 -1.58414e-05 -3.86481e-05 -5.32667e-05 -5.7871e-05 -5.22194e-05 -3.79614e-05 -1.80883e-05 3.55833e-06 2.29105e-05 3.66442e-05 4.24317e-05 3.97388e-05 2.95012e-05 1.41947e-05 -2.84498e-06 -1.81308e-05 -2.85431e-05 -3.22931e-05 -2.8855e-05 -1.94481e-05 -6.40964e-06 7.18171e-06 1.8184e-05 2.43202e-05 2.43165e-05 1.86075e-05 8.78251e-06 -2.53521e-06 -1.24545e-05 -1.86534e-05 -1.96418e-05 -1.55507e-05 -7.61119e-06 1.83777e-06 1.01699e-05 1.52474e-05 1.57168e-05 1.17973e-05 4.71661e-06 -3.28442e-06 -9.807e-06 -1.30713e-05 -1.21329e-05 -7.60379e-06 -9.56697e-07 5.59613e-06 9.94301e-06 1.08892e-05 8.15319e-06 2.9287e-06 -2.99379e-06 -7.57664e-06 -9.23043e-06 -7.63703e-06 -3.37194e-06 1.82682e-06 6.05888e-06 7.87415e-06 6.58569e-06 2.9517e-06 -1.64632e-06 -5.35883e-06 -6.72104e-06 -5.4136e-06 -1.9342e-06 2.10651e-06 5.05295e-06 5.78462e-06 3.96157e-06 6.07844e-07 -2.86299e-06 -4.91715e-06 -4.618e-06 -2.33416e-06 9.41556e-07 3.5984e-06 4.4199e-06 3.19453e-06 4.07035e-07 -2.41151e-06 -3.84584e-06 -3.33952e-06 -1.19184e-06 1.35199e-06 3.21359e-06 3.4367e-06 1.57122e-06 -1.08976e-06 -2.77734e-06 -2.72923e-06 -1.47321e-06 2.2032e-07 2.17596e-06 3.15294e-06 1.72088e-06 -9.62071e-07 -2.54103e-06 -2.14492e-06 -7.23671e-07 6.325e-07 1.68964e-06 1.91908e-06 9.5507e-07 -5.65596e-07 -1.9643e-06 -2.19639e-06 -5.23085e-07 1.64555e-06 2.33438e-06 1.15246e-06 -8.06184e-07 -1.90322e-06 -1.38644e-06 8.69002e-08 1.18821e-06 1.1193e-06 4.06002e-07 -2.62455e-07 -7.51979e-07 -7.35641e-07 -2.84765e-07 1.725e-07 7.16279e-07 9.15356e-07 2.17234e-07 -6.74434e-07 -1.05414e-06 -7.06156e-07 4.44489e-07 1.32251e-06 8.91381e-07 -2.49245e-07 -1.18361e-06 -1.2038e-06 0. 
0.0966473 0.0966835 0.0952852 0.0926281 0.0888854 0.0842264 0.0788155 0.0728111 0.0663644 0.0596187 0.052708 0.0457567 0.0388786 0.0321763 0.0257409 0.0196516 0.0139754 0.00876706 0.00406912 -8.77487e-05 -0.00368456 -0.00671349 -0.00917731 -0.0110887 -0.0124692 -0.0133487 -0.013764 -0.0137581 -0.0133786 -0.012677 -0.011707 -0.0105237 -0.00918222 -0.00773648 -0.00623818 -0.00473579 -0.00327356 -0.00189087 -0.000621377 0.000507316 0.00147413 0.0022646 0.00287091 0.0032917 0.00353176 0.00360143 0.00351604 0.00329506 0.00296123 0.0025396 0.00205649 0.00153851 0.00101149 0.000499601 2.44049e-05 -0.000395742 -0.000746451 -0.00101751 -0.0012033 -0.00130262 -0.00131868 -0.00125856 -0.0011328 -0.00095458 -0.000738966 -0.000502009 -0.000259782 -2.75645e-05 0.000181118 0.00035504 0.000486036 0.000569141 0.000602978 0.000589459 0.000533711 0.000443397 0.000328215 0.000199014 6.69929e-05 -5.71311e-05 -0.000164004 -0.000246169 -0.000298768 -0.000319609 -0.000309478 -0.000271702 -0.000211985 -0.000137603 -5.68184e-05 2.20069e-05 9.12119e-05 0.000144483 0.000177571 0.000188447 0.000177659 0.000147933 0.000104032 5.19477e-05 -1.66301e-06 -5.03499e-05 -8.86172e-05 -0.000112462 -0.000119968 -0.000111252 -8.86294e-05 -5.59871e-05 -1.84428e-05 1.85493e-05 4.98647e-05 7.14087e-05 8.07544e-05 7.72676e-05 6.23696e-05 3.90069e-05 1.1394e-05 -1.5871e-05 -3.8429e-05 -5.28727e-05 -5.73518e-05 -5.1669e-05 -3.7488e-05 -1.77444e-05 3.67613e-06 2.28297e-05 3.63441e-05 4.20049e-05 3.92531e-05 2.90502e-05 1.38852e-05 -2.98891e-06 -1.80421e-05 -2.82891e-05 -3.18958e-05 -2.84236e-05 -1.90742e-05 -6.15671e-06 7.22782e-06 1.80609e-05 2.40177e-05 2.39449e-05 1.82376e-05 8.50192e-06 -2.63931e-06 -1.23981e-05 -1.84113e-05 -1.93219e-05 -1.52097e-05 -7.34809e-06 1.94232e-06 1.01237e-05 1.50252e-05 1.54281e-05 1.14935e-05 4.49786e-06 -3.34732e-06 -9.73006e-06 -1.28396e-05 -1.18637e-05 -7.34959e-06 -8.06917e-07 5.58469e-06 9.81129e-06 1.06407e-05 7.91326e-06 2.75155e-06 -3.04757e-06 -7.47157e-06 -9.04555e-06 -7.39699e-06 -3.19745e-06 1.88839e-06 5.99968e-06 7.6877e-06 6.38772e-06 2.78044e-06 -1.70645e-06 -5.28254e-06 -6.57075e-06 -5.21097e-06 -1.80084e-06 2.13922e-06 4.97845e-06 5.61039e-06 3.80446e-06 4.98099e-07 -2.8595e-06 -4.79916e-06 -4.4719e-06 -2.18695e-06 9.90969e-07 3.54259e-06 4.29734e-06 3.03377e-06 3.31879e-07 -2.39646e-06 -3.75878e-06 -3.19968e-06 -1.09156e-06 1.38891e-06 3.13131e-06 3.28529e-06 1.49576e-06 -1.10996e-06 -2.75002e-06 -2.63778e-06 -1.348e-06 3.03755e-07 2.09412e-06 3.00678e-06 1.66213e-06 -9.75289e-07 -2.50475e-06 -2.06469e-06 -6.53848e-07 6.76398e-07 1.6592e-06 1.82646e-06 8.56342e-07 -6.01674e-07 -1.86605e-06 -2.0783e-06 -4.94426e-07 1.61899e-06 2.24659e-06 1.07901e-06 -7.84184e-07 -1.86739e-06 -1.35317e-06 1.30836e-07 1.18975e-06 1.09487e-06 3.67679e-07 -3.15065e-07 -7.59882e-07 -6.82785e-07 -2.10868e-07 2.06447e-07 6.6759e-07 8.28591e-07 1.64357e-07 -6.43289e-07 -9.52084e-07 -6.41072e-07 4.15892e-07 1.23626e-06 8.0717e-07 -2.40293e-07 -1.08249e-06 -1.12561e-06 0. 
0.0966473 0.0966835 0.0952852 0.0926282 0.0888855 0.0842265 0.0788156 0.0728113 0.0663646 0.0596189 0.0527082 0.045757 0.0388788 0.0321766 0.0257412 0.019652 0.0139757 0.00876737 0.00406942 -8.7468e-05 -0.0036843 -0.00671326 -0.00917712 -0.0110885 -0.0124691 -0.0133486 -0.013764 -0.0137582 -0.0133788 -0.0126772 -0.0117073 -0.0105241 -0.00918273 -0.00773708 -0.00623886 -0.00473654 -0.00327439 -0.00189175 -0.000622309 0.000506363 0.00147316 0.00226364 0.00286997 0.00329083 0.00353095 0.00360073 0.00351545 0.00329462 0.00296094 0.00253948 0.00205655 0.00153876 0.00101191 0.00050019 2.51536e-05 -0.000394875 -0.000745473 -0.00101648 -0.00120223 -0.00130159 -0.0013177 -0.00125771 -0.00113208 -0.000954057 -0.000738646 -0.000501923 -0.000259929 -2.79398e-05 0.000180529 0.000354281 0.000485133 0.00056817 0.000601971 0.00058851 0.000532848 0.00044271 0.00032772 0.00019877 6.6998e-05 -5.6867e-05 -0.000163506 -0.000245481 -0.000297934 -0.000318718 -0.000308577 -0.0002709 -0.000211316 -0.000137159 -5.66074e-05 2.19431e-05 9.08999e-05 0.000143949 0.000176868 0.000187662 0.000176853 0.000147221 0.000103456 5.16056e-05 -1.77015e-06 -5.01853e-05 -8.82249e-05 -0.000111884 -0.000119276 -0.000110549 -8.79811e-05 -5.55094e-05 -1.81593e-05 1.85677e-05 4.96524e-05 7.09775e-05 8.01817e-05 7.66426e-05 6.17707e-05 3.85512e-05 1.11141e-05 -1.58975e-05 -3.82389e-05 -5.24742e-05 -5.6832e-05 -5.11164e-05 -3.69855e-05 -1.74042e-05 3.83234e-06 2.274e-05 3.60667e-05 4.15693e-05 3.87599e-05 2.85979e-05 1.35441e-05 -3.12379e-06 -1.79861e-05 -2.80209e-05 -3.15085e-05 -2.7984e-05 -1.86811e-05 -5.9094e-06 7.30674e-06 1.79211e-05 2.37354e-05 2.35588e-05 1.78596e-05 8.22257e-06 -2.77219e-06 -1.23243e-05 -1.81936e-05 -1.89836e-05 -1.48677e-05 -7.083e-06 2.07149e-06 1.00599e-05 1.4828e-05 1.51184e-05 1.11917e-05 4.27642e-06 -3.43239e-06 -9.63372e-06 -1.26318e-05 -1.15727e-05 -7.09676e-06 -6.57001e-07 5.5951e-06 9.65713e-06 1.04136e-05 7.65338e-06 2.57208e-06 -3.09524e-06 -7.38946e-06 -8.83505e-06 -7.17393e-06 -3.00885e-06 1.95878e-06 5.92504e-06 7.52494e-06 6.16401e-06 2.6184e-06 -1.76899e-06 -5.223e-06 -6.39591e-06 -5.02929e-06 -1.64928e-06 2.17475e-06 4.89024e-06 5.45862e-06 3.62112e-06 3.99762e-07 -2.85693e-06 -4.69836e-06 -4.29904e-06 -2.05819e-06 1.05239e-06 3.49043e-06 4.15715e-06 2.90085e-06 2.30413e-07 -2.38492e-06 -3.65221e-06 -3.07155e-06 -9.78376e-07 1.4005e-06 3.06637e-06 3.16887e-06 1.36268e-06 -1.1314e-06 -2.68419e-06 -2.54258e-06 -1.2483e-06 3.5301e-07 2.07663e-06 2.87632e-06 1.526e-06 -9.5983e-07 -2.44057e-06 -2.00944e-06 -5.75639e-07 7.17417e-07 1.62886e-06 1.72732e-06 7.66392e-07 -6.13742e-07 -1.81612e-06 -1.95457e-06 -4.18094e-07 1.54597e-06 2.17041e-06 1.03654e-06 -8.15235e-07 -1.81066e-06 -1.2909e-06 1.37416e-07 1.20466e-06 1.07908e-06 3.09068e-07 -3.54083e-07 -7.61754e-07 -6.36892e-07 -1.41719e-07 2.40193e-07 6.26774e-07 7.33768e-07 1.18792e-07 -6.02874e-07 -8.74911e-07 -5.66211e-07 3.99417e-07 1.12698e-06 7.44675e-07 -2.25488e-07 -1.01234e-06 -1.02558e-06 0. 
0.0966473 0.0966835 0.0952853 0.0926283 0.0888856 0.0842267 0.0788158 0.0728114 0.0663648 0.0596191 0.0527085 0.0457572 0.0388791 0.0321769 0.0257415 0.0196523 0.013976 0.00876767 0.00406972 -8.71817e-05 -0.00368403 -0.00671301 -0.0091769 -0.0110883 -0.0124689 -0.0133485 -0.013764 -0.0137582 -0.0133788 -0.0126773 -0.0117075 -0.0105244 -0.00918308 -0.00773751 -0.00623936 -0.00473712 -0.00327503 -0.00189246 -0.000623054 0.000505573 0.00147236 0.00226282 0.00286918 0.00329005 0.00353023 0.00360008 0.0035149 0.00329416 0.00296061 0.00253929 0.00205651 0.00153887 0.00101218 0.000500605 2.56994e-05 -0.0003942 -0.000744711 -0.00101564 -0.00120137 -0.00130071 -0.00131687 -0.00125694 -0.00113144 -0.00095354 -0.000738306 -0.000501764 -0.000259969 -2.81752e-05 0.000180113 0.000353699 0.000484432 0.000567372 0.000601151 0.000587689 0.000532112 0.000442075 0.00032726 0.00019849 6.69386e-05 -5.67166e-05 -0.000163152 -0.000244951 -0.000297281 -0.000317978 -0.000307838 -0.000270194 -0.000210739 -0.000136727 -5.63895e-05 2.1955e-05 9.06883e-05 0.000143547 0.00017632 0.000187013 0.000176195 0.000146595 0.000102964 5.12641e-05 -1.88999e-06 -5.01028e-05 -8.79321e-05 -0.000111431 -0.000118722 -0.000109953 -8.74444e-05 -5.50685e-05 -1.79085e-05 1.86355e-05 4.94987e-05 7.06525e-05 7.9724e-05 7.61201e-05 6.12786e-05 3.81362e-05 1.08744e-05 -1.5967e-05 -3.80944e-05 -5.2173e-05 -5.64111e-05 -5.06519e-05 -3.65717e-05 -1.70855e-05 3.96538e-06 2.27075e-05 3.58422e-05 4.12271e-05 3.83546e-05 2.82067e-05 1.32626e-05 -3.27404e-06 -1.79389e-05 -2.78304e-05 -3.11867e-05 -2.76212e-05 -1.8356e-05 -5.67583e-06 7.36811e-06 1.78403e-05 2.34957e-05 2.32516e-05 1.75438e-05 7.97187e-06 -2.87753e-06 -1.22966e-05 -1.80034e-05 -1.8721e-05 -1.45782e-05 -6.8502e-06 2.17384e-06 1.00377e-05 1.46518e-05 1.48805e-05 1.0933e-05 4.08203e-06 -3.49737e-06 -9.58233e-06 -1.24442e-05 -1.13481e-05 -6.87817e-06 -5.20725e-07 5.59544e-06 9.55612e-06 1.02079e-05 7.44988e-06 2.4167e-06 -3.15046e-06 -7.30833e-06 -8.68502e-06 -6.97114e-06 -2.85692e-06 2.01742e-06 5.88342e-06 7.37137e-06 5.99798e-06 2.47017e-06 -1.82651e-06 -5.16384e-06 -6.27375e-06 -4.85765e-06 -1.53332e-06 2.20716e-06 4.83325e-06 5.31316e-06 3.48828e-06 3.03479e-07 -2.85923e-06 -4.6013e-06 -4.17759e-06 -1.93176e-06 1.09761e-06 3.44615e-06 4.05704e-06 2.76451e-06 1.64811e-07 -2.37587e-06 -3.58281e-06 -2.95251e-06 -8.91395e-07 1.43442e-06 2.99874e-06 3.04032e-06 1.29949e-06 -1.15025e-06 -2.66386e-06 -2.46528e-06 -1.14321e-06 4.24437e-07 2.01013e-06 2.75477e-06 1.47676e-06 -9.74626e-07 -2.41173e-06 -1.94072e-06 -5.1776e-07 7.56241e-07 1.60595e-06 1.64837e-06 6.82247e-07 -6.4527e-07 -1.73422e-06 -1.85491e-06 -3.93398e-07 1.5256e-06 2.09633e-06 9.73306e-07 -7.95926e-07 -1.78195e-06 -1.26364e-06 1.76731e-07 1.20532e-06 1.05843e-06 2.7826e-07 -4.00383e-07 -7.68837e-07 -5.91004e-07 -8.05646e-08 2.69417e-07 5.86933e-07 6.5931e-07 7.42345e-08 -5.76227e-07 -7.89706e-07 -5.10697e-07 3.75758e-07 1.05355e-06 6.74043e-07 -2.17843e-07 -9.27637e-07 -9.59251e-07 0. 
0.0966473 0.0966835 0.0952853 0.0926284 0.0888857 0.0842268 0.0788159 0.0728115 0.0663649 0.0596193 0.0527086 0.0457574 0.0388793 0.0321771 0.0257418 0.0196525 0.0139763 0.00876792 0.00406997 -8.6926e-05 -0.00368377 -0.00671277 -0.00917666 -0.0110881 -0.0124687 -0.0133483 -0.0137638 -0.0137581 -0.0133787 -0.0126773 -0.0117075 -0.0105244 -0.00918319 -0.00773766 -0.00623957 -0.00473738 -0.00327536 -0.00189282 -0.000623476 0.000505115 0.00147186 0.0022623 0.00286864 0.00328952 0.0035297 0.00359957 0.00351443 0.00329375 0.00296026 0.00253902 0.00205633 0.00153878 0.00101219 0.000500723 2.59242e-05 -0.000393886 -0.000744306 -0.00101517 -0.00120084 -0.00130016 -0.0013163 -0.0012564 -0.00113093 -0.000953111 -0.000737963 -0.000501531 -0.000259857 -2.81887e-05 0.000179969 0.000353441 0.000484064 0.00056693 0.000600646 0.000587172 0.000531597 0.000441617 0.000326872 0.000198214 6.67833e-05 -5.67339e-05 -0.000163032 -0.000244708 -0.000296928 -0.000317557 -0.000307368 -0.000269737 -0.000210314 -0.000136392 -5.61567e-05 2.20506e-05 9.06488e-05 0.000143374 0.000176031 0.000186649 0.00017578 0.000146194 0.0001026 5.09984e-05 -2.04845e-06 -5.01208e-05 -8.78211e-05 -0.000111202 -0.000118404 -0.000109598 -8.70821e-05 -5.47679e-05 -1.76861e-05 1.87288e-05 4.94713e-05 7.0498e-05 7.9473e-05 7.58148e-05 6.09552e-05 3.78622e-05 1.06696e-05 -1.60486e-05 -3.80636e-05 -5.20216e-05 -5.6176e-05 -5.03754e-05 -3.62935e-05 -1.68715e-05 4.10023e-06 2.27173e-05 3.57494e-05 4.10366e-05 3.81123e-05 2.79639e-05 1.30554e-05 -3.38569e-06 -1.79578e-05 -2.77325e-05 -3.10139e-05 -2.74027e-05 -1.81404e-05 -5.52106e-06 7.44745e-06 1.78053e-05 2.33804e-05 2.30678e-05 1.7346e-05 7.8104e-06 -2.97635e-06 -1.229e-05 -1.79193e-05 -1.8562e-05 -1.44023e-05 -6.7005e-06 2.26544e-06 1.00309e-05 1.45738e-05 1.47331e-05 1.07765e-05 3.95552e-06 -3.56337e-06 -9.55422e-06 -1.23553e-05 -1.12051e-05 -6.74312e-06 -4.2995e-07 5.62103e-06 9.4934e-06 1.01024e-05 7.31653e-06 2.31467e-06 -3.18952e-06 -7.28333e-06 -8.58709e-06 -6.85961e-06 -2.75382e-06 2.06696e-06 5.85803e-06 7.29903e-06 5.88533e-06 2.38175e-06 -1.86885e-06 -5.14632e-06 -6.1914e-06 -4.76685e-06 -1.45023e-06 2.23575e-06 4.79707e-06 5.24255e-06 3.39348e-06 2.47008e-07 -2.86626e-06 -4.55843e-06 -4.09125e-06 -1.8641e-06 1.13528e-06 3.42791e-06 3.98985e-06 2.69812e-06 1.07875e-07 -2.3779e-06 -3.53333e-06 -2.88949e-06 -8.29519e-07 1.44646e-06 2.96984e-06 2.98308e-06 1.22877e-06 -1.16365e-06 -2.6333e-06 -2.42214e-06 -1.09245e-06 4.541e-07 2.00686e-06 2.69093e-06 1.40522e-06 -9.68587e-07 -2.38332e-06 -1.91695e-06 -4.75045e-07 7.80916e-07 1.59288e-06 1.59998e-06 6.34639e-07 -6.54665e-07 -1.71138e-06 -1.79237e-06 -3.52284e-07 1.49009e-06 2.0601e-06 9.52341e-07 -8.15768e-07 -1.7544e-06 -1.23196e-06 1.79187e-07 1.21647e-06 1.05238e-06 2.46223e-07 -4.20417e-07 -7.70986e-07 -5.69302e-07 -4.33675e-08 2.87582e-07 5.65961e-07 6.11849e-07 4.99812e-08 -5.56783e-07 -7.49898e-07 -4.72718e-07 3.67652e-07 9.98902e-07 6.4205e-07 -2.10637e-07 -8.9209e-07 -9.09103e-07 0. 
0.0966473 0.0966835 0.0952853 0.0926284 0.0888857 0.0842268 0.0788159 0.0728116 0.066365 0.0596193 0.0527087 0.0457575 0.0388794 0.0321772 0.0257419 0.0196526 0.0139764 0.00876809 0.00407015 -8.67318e-05 -0.00368357 -0.00671255 -0.00917643 -0.0110879 -0.0124685 -0.0133481 -0.0137636 -0.0137578 -0.0133785 -0.012677 -0.0117073 -0.0105242 -0.00918298 -0.00773749 -0.00623942 -0.00473727 -0.00327527 -0.00189278 -0.000623474 0.000505072 0.00147177 0.00226217 0.00286847 0.0032893 0.00352946 0.00359929 0.00351412 0.00329343 0.00295993 0.00253869 0.00205601 0.00153849 0.00101193 0.000500499 2.57475e-05 -0.000394004 -0.000744365 -0.00101516 -0.00120077 -0.00130002 -0.00131612 -0.00125616 -0.00113066 -0.000952814 -0.000737659 -0.000501232 -0.00025958 -2.79494e-05 0.00018016 0.00035357 0.000484129 0.000566921 0.000600572 0.000587031 0.000531407 0.000441383 0.000326619 0.000197954 6.65397e-05 -5.6946e-05 -0.000163197 -0.000244812 -0.000296966 -0.000317524 -0.000307275 -0.000269585 -0.000210126 -0.000136178 -5.59444e-05 2.22472e-05 9.0807e-05 0.000143481 0.000176078 0.000186629 0.000175704 0.000146064 0.000102439 5.08182e-05 -2.21883e-06 -5.02687e-05 -8.79249e-05 -0.000111253 -0.000118398 -0.000109533 -8.69761e-05 -5.46273e-05 -1.75407e-05 1.88683e-05 4.95778e-05 7.05627e-05 7.94861e-05 7.57745e-05 6.08745e-05 3.77473e-05 1.0549e-05 -1.61652e-05 -3.81489e-05 -5.2069e-05 -5.61759e-05 -5.03289e-05 -3.6215e-05 -1.67684e-05 4.19893e-06 2.28037e-05 3.57992e-05 4.10478e-05 3.80821e-05 2.78978e-05 1.29739e-05 -3.47429e-06 -1.8025e-05 -2.77747e-05 -3.1016e-05 -2.73692e-05 -1.80813e-05 -5.44517e-06 7.51388e-06 1.78574e-05 2.33974e-05 2.30538e-05 1.73031e-05 7.74816e-06 -3.03551e-06 -1.23405e-05 -1.79388e-05 -1.85552e-05 -1.43672e-05 -6.64778e-06 2.31625e-06 1.00741e-05 1.45881e-05 1.47245e-05 1.07428e-05 3.90856e-06 -3.60535e-06 -9.58672e-06 -1.23594e-05 -1.11895e-05 -6.70806e-06 -3.87892e-07 5.65198e-06 9.5119e-06 1.00935e-05 7.29227e-06 2.27986e-06 -3.22377e-06 -7.29925e-06 -8.58876e-06 -6.83813e-06 -2.72394e-06 2.0952e-06 5.87836e-06 7.29628e-06 5.87057e-06 2.35411e-06 -1.89555e-06 -5.15876e-06 -6.19243e-06 -4.74769e-06 -1.42684e-06 2.25648e-06 4.80911e-06 5.2342e-06 3.37779e-06 2.24179e-07 -2.8833e-06 -4.55931e-06 -4.08367e-06 -1.8436e-06 1.15287e-06 3.43576e-06 3.98877e-06 2.68133e-06 9.20375e-08 -2.38998e-06 -3.53725e-06 -2.87625e-06 -8.13401e-07 1.4609e-06 2.97123e-06 2.97077e-06 1.22052e-06 -1.17468e-06 -2.64134e-06 -2.41643e-06 -1.07948e-06 4.68863e-07 2.00779e-06 2.68309e-06 1.40006e-06 -9.80334e-07 -2.38905e-06 -1.91078e-06 -4.67165e-07 7.93074e-07 1.59785e-06 1.59124e-06 6.21939e-07 -6.63638e-07 -1.70633e-06 -1.78255e-06 -3.47573e-07 1.49509e-06 2.05575e-06 9.43762e-07 -8.16296e-07 -1.7582e-06 -1.23204e-06 1.89224e-07 1.22073e-06 1.05279e-06 2.43077e-07 -4.31797e-07 -7.75053e-07 -5.624e-07 -3.51393e-08 2.93909e-07 5.63082e-07 6.00866e-07 4.33318e-08 -5.54202e-07 -7.40561e-07 -4.65069e-07 3.65958e-07 9.90359e-07 6.34095e-07 -2.10087e-07 -8.83213e-07 -9.01773e-07 0. 
0.0966473 0.0966835 0.0952853 0.0926284 0.0888857 0.0842268 0.0788159 0.0728116 0.066365 0.0596193 0.0527087 0.0457575 0.0388794 0.0321772 0.0257419 0.0196527 0.0139765 0.00876815 0.00407023 -8.66272e-05 -0.00368344 -0.00671239 -0.00917624 -0.0110876 -0.0124682 -0.0133478 -0.0137633 -0.0137574 -0.0133781 -0.0126766 -0.0117068 -0.0105238 -0.0091825 -0.00773699 -0.00623892 -0.00473677 -0.00327479 -0.00189232 -0.000623037 0.000505467 0.00147212 0.00226246 0.00286869 0.00328945 0.00352952 0.00359927 0.00351402 0.00329323 0.00295966 0.00253834 0.00205558 0.001538 0.0010114 0.000499946 2.51832e-05 -0.000394556 -0.000744889 -0.00101563 -0.00120117 -0.00130034 -0.00131634 -0.00125627 -0.00113065 -0.00095269 -0.000737426 -0.0005009 -0.000259167 -2.74755e-05 0.00018067 0.000354085 0.000484624 0.000567364 0.00060094 0.000587298 0.000531562 0.000441412 0.000326525 0.000197742 6.6228e-05 -5.73355e-05 -0.000163634 -0.000245262 -0.000297397 -0.000317898 -0.000307567 -0.000269767 -0.00021019 -0.000136115 -5.5767e-05 2.25248e-05 9.11544e-05 0.000143865 0.000176461 0.00018697 0.000175974 0.00014623 0.000102493 5.07496e-05 -2.39367e-06 -5.05322e-05 -8.82414e-05 -0.000111585 -0.000118706 -0.000109777 -8.71319e-05 -5.46713e-05 -1.7476e-05 1.90362e-05 4.98183e-05 7.08446e-05 7.97665e-05 7.60132e-05 6.10402e-05 3.78128e-05 1.05131e-05 -1.63007e-05 -3.83536e-05 -5.23133e-05 -5.64157e-05 -5.05255e-05 -3.63381e-05 -1.67951e-05 4.26467e-06 2.29541e-05 3.59981e-05 4.12624e-05 3.82688e-05 2.80224e-05 1.30167e-05 -3.5241e-06 -1.81481e-05 -2.79507e-05 -3.1201e-05 -2.75282e-05 -1.81802e-05 -5.46254e-06 7.57448e-06 1.79866e-05 2.35567e-05 2.32117e-05 1.7419e-05 7.79664e-06 -3.0613e-06 -1.24372e-05 -1.80732e-05 -1.86992e-05 -1.44784e-05 -6.70091e-06 2.33227e-06 1.01571e-05 1.47067e-05 1.48523e-05 1.08378e-05 3.94835e-06 -3.63008e-06 -9.67056e-06 -1.24691e-05 -1.1299e-05 -6.77774e-06 -4.01032e-07 5.6971e-06 9.60341e-06 1.01937e-05 7.37571e-06 2.31383e-06 -3.24663e-06 -7.36748e-06 -8.68298e-06 -6.91721e-06 -2.76762e-06 2.10572e-06 5.93728e-06 7.37625e-06 5.9483e-06 2.39279e-06 -1.90378e-06 -5.21065e-06 -6.2694e-06 -4.81169e-06 -1.46055e-06 2.27185e-06 4.8636e-06 5.3009e-06 3.43489e-06 2.39596e-07 -2.90858e-06 -4.61458e-06 -4.14712e-06 -1.87932e-06 1.15245e-06 3.47533e-06 4.04767e-06 2.72639e-06 1.10512e-07 -2.41442e-06 -3.58759e-06 -2.92337e-06 -8.39667e-07 1.47328e-06 3.00699e-06 3.01691e-06 1.25826e-06 -1.1805e-06 -2.67807e-06 -2.45699e-06 -1.10751e-06 4.63759e-07 2.02701e-06 2.73516e-06 1.44242e-06 -9.95779e-07 -2.42603e-06 -1.93734e-06 -4.84958e-07 7.91576e-07 1.61718e-06 1.62678e-06 6.45718e-07 -6.67658e-07 -1.73068e-06 -1.82634e-06 -3.67605e-07 1.52736e-06 2.09018e-06 9.59118e-07 -8.16783e-07 -1.78625e-06 -1.25597e-06 1.90772e-07 1.22787e-06 1.06406e-06 2.57662e-07 -4.25527e-07 -7.8044e-07 -5.78019e-07 -5.14901e-08 2.87353e-07 5.76977e-07 6.30099e-07 5.45386e-08 -5.69078e-07 -7.64792e-07 -4.88248e-07 3.72752e-07 1.0268e-06 6.54181e-07 -2.15628e-07 -9.07136e-07 -9.35232e-07 0. 
0.0966473 0.0966835 0.0952853 0.0926283 0.0888857 0.0842267 0.0788158 0.0728115 0.0663649 0.0596192 0.0527086 0.0457573 0.0388793 0.0321771 0.0257418 0.0196526 0.0139764 0.00876808 0.0040702 -8.66327e-05 -0.00368341 -0.00671232 -0.00917612 -0.0110875 -0.012468 -0.0133475 -0.0137629 -0.013757 -0.0133776 -0.0126761 -0.0117062 -0.0105231 -0.00918181 -0.00773625 -0.00623815 -0.00473597 -0.00327397 -0.0018915 -0.000622238 0.000506242 0.00147284 0.00226312 0.00286927 0.00328994 0.00352989 0.00359953 0.00351413 0.00329321 0.00295948 0.00253802 0.00205512 0.00153741 0.0010107 0.000499149 2.43244e-05 -0.000395459 -0.000745789 -0.00101651 -0.00120198 -0.00130106 -0.00131692 -0.0012567 -0.0011309 -0.000952758 -0.000737296 -0.000500587 -0.000258679 -2.68405e-05 0.000181416 0.000354908 0.000485466 0.000568189 0.000601683 0.000587932 0.000532027 0.000441698 0.000326596 0.00019761 6.58917e-05 -5.78423e-05 -0.000164275 -0.00024599 -0.000298146 -0.000318621 -0.000308188 -0.000270255 -0.000210483 -0.000136212 -5.56422e-05 2.28407e-05 9.16401e-05 0.000144466 0.000177114 0.000187618 0.000176535 0.000146667 0.000102738 5.08024e-05 -2.55686e-06 -5.08702e-05 -8.8724e-05 -0.000112146 -0.000119274 -0.000110291 -8.75113e-05 -5.48918e-05 -1.7488e-05 1.92059e-05 5.01629e-05 7.12975e-05 8.02676e-05 7.64911e-05 6.1414e-05 3.80475e-05 1.05526e-05 -1.64323e-05 -3.86547e-05 -5.27129e-05 -5.68557e-05 -5.09309e-05 -3.66315e-05 -1.69467e-05 4.30171e-06 2.31421e-05 3.63225e-05 4.1642e-05 3.86387e-05 2.83149e-05 1.31637e-05 -3.52598e-06 -1.83203e-05 -2.82276e-05 -3.15426e-05 -2.78493e-05 -1.84124e-05 -5.56968e-06 7.63362e-06 1.81676e-05 2.38407e-05 2.35098e-05 1.76706e-05 7.94558e-06 -3.06261e-06 -1.25605e-05 -1.83111e-05 -1.89636e-05 -1.47165e-05 -6.84762e-06 2.32262e-06 1.02622e-05 1.49212e-05 1.50875e-05 1.10457e-05 4.06431e-06 -3.64448e-06 -9.78727e-06 -1.26769e-05 -1.15065e-05 -6.93982e-06 -4.63814e-07 5.75981e-06 9.74636e-06 1.03953e-05 7.54372e-06 2.40814e-06 -3.2554e-06 -7.48773e-06 -8.84516e-06 -7.09002e-06 -2.86935e-06 2.10246e-06 6.02185e-06 7.53612e-06 6.09467e-06 2.49357e-06 -1.89654e-06 -5.30188e-06 -6.40101e-06 -4.95622e-06 -1.53578e-06 2.28241e-06 4.94864e-06 5.4411e-06 3.54343e-06 2.93817e-07 -2.9416e-06 -4.72338e-06 -4.26023e-06 -1.97141e-06 1.14207e-06 3.54248e-06 4.15108e-06 2.83717e-06 1.45979e-07 -2.45095e-06 -3.66841e-06 -3.02598e-06 -8.99236e-07 1.46993e-06 3.08474e-06 3.13182e-06 1.30516e-06 -1.18627e-06 -2.71776e-06 -2.5311e-06 -1.18884e-06 4.22781e-07 2.09945e-06 2.84765e-06 1.48328e-06 -1.00274e-06 -2.47207e-06 -2.00271e-06 -5.24822e-07 7.78073e-07 1.65036e-06 1.6953e-06 7.07592e-07 -6.55327e-07 -1.80761e-06 -1.91293e-06 -3.83837e-07 1.56019e-06 2.16388e-06 1.01092e-06 -8.43775e-07 -1.82692e-06 -1.28564e-06 1.6828e-07 1.24288e-06 1.08995e-06 2.78645e-07 -4.00241e-07 -7.83552e-07 -6.14914e-07 -9.32306e-08 2.70906e-07 6.10411e-07 6.87645e-07 8.57346e-08 -5.93731e-07 -8.3232e-07 -5.31653e-07 3.9355e-07 1.08876e-06 7.10671e-07 -2.23255e-07 -9.76527e-07 -9.91638e-07 0. 
0.0966473 0.0966835 0.0952852 0.0926282 0.0888856 0.0842266 0.0788157 0.0728113 0.0663647 0.059619 0.0527084 0.0457571 0.0388791 0.0321768 0.0257416 0.0196523 0.0139762 0.0087679 0.00407004 -8.67578e-05 -0.00368349 -0.00671236 -0.00917611 -0.0110874 -0.0124679 -0.0133473 -0.0137626 -0.0137567 -0.0133772 -0.0126756 -0.0117056 -0.0105224 -0.00918104 -0.00773542 -0.00623724 -0.00473501 -0.00327297 -0.00189048 -0.000621203 0.000507257 0.00147383 0.00226405 0.00287012 0.00329069 0.00353053 0.00360001 0.00351446 0.00329336 0.00295945 0.0025378 0.00205472 0.00153683 0.00100995 0.000498264 2.33167e-05 -0.000396538 -0.000746921 -0.00101763 -0.00120307 -0.00130204 -0.00131778 -0.00125738 -0.00113139 -0.000953008 -0.000737309 -0.000500353 -0.000258212 -2.61663e-05 0.000182269 0.00035588 0.000486518 0.000569238 0.00060269 0.000588807 0.000532742 0.000442181 0.000326838 0.000197578 6.56009e-05 -5.8374e-05 -0.000165007 -0.000246856 -0.000299092 -0.000319549 -0.000309047 -0.000270945 -0.000210975 -0.000136438 -5.56079e-05 2.31457e-05 9.21726e-05 0.000145173 0.00017793 0.000188443 0.000177305 0.000147275 0.000103151 5.09483e-05 -2.66311e-06 -5.12323e-05 -8.92822e-05 -0.000112832 -0.000120009 -0.000110966 -8.80655e-05 -5.52265e-05 -1.75947e-05 1.93659e-05 5.0538e-05 7.18455e-05 8.09019e-05 7.71106e-05 6.19447e-05 3.83856e-05 1.06815e-05 -1.65593e-05 -3.89832e-05 -5.32048e-05 -5.74165e-05 -5.14616e-05 -3.70574e-05 -1.71714e-05 4.28168e-06 2.33572e-05 3.66991e-05 4.21249e-05 3.91269e-05 2.87077e-05 1.34061e-05 -3.50642e-06 -1.84889e-05 -2.85753e-05 -3.19687e-05 -2.82726e-05 -1.87449e-05 -5.72447e-06 7.65845e-06 1.83938e-05 2.41797e-05 2.39025e-05 1.80127e-05 8.15151e-06 -3.01976e-06 -1.27157e-05 -1.8587e-05 -1.93151e-05 -1.50325e-05 -7.04968e-06 2.27221e-06 1.0398e-05 1.51684e-05 1.54049e-05 1.13201e-05 4.22567e-06 -3.62974e-06 -9.94289e-06 -1.29197e-05 -1.17914e-05 -7.15672e-06 -5.53634e-07 5.81042e-06 9.94206e-06 1.06363e-05 7.77909e-06 2.54183e-06 -3.26419e-06 -7.61534e-06 -9.07234e-06 -7.30216e-06 -3.01658e-06 2.08105e-06 6.13853e-06 7.71939e-06 6.30554e-06 2.62286e-06 -1.88059e-06 -5.39864e-06 -6.58955e-06 -5.12762e-06 -1.65103e-06 2.2861e-06 5.06729e-06 5.60167e-06 3.70688e-06 3.60276e-07 -2.98093e-06 -4.84531e-06 -4.4293e-06 -2.07835e-06 1.11693e-06 3.62085e-06 4.29866e-06 2.95813e-06 2.16867e-07 -2.48975e-06 -3.79064e-06 -3.1485e-06 -9.86812e-07 1.48186e-06 3.16794e-06 3.25116e-06 1.41995e-06 -1.19196e-06 -2.8073e-06 -2.62431e-06 -1.26747e-06 3.91628e-07 2.13272e-06 2.98193e-06 1.60788e-06 -1.03786e-06 -2.55802e-06 -2.06066e-06 -5.85023e-07 7.59865e-07 1.6952e-06 1.78601e-06 7.7995e-07 -6.54433e-07 -1.86556e-06 -2.03194e-06 -4.47194e-07 1.64259e-06 2.24953e-06 1.05111e-06 -8.30514e-07 -1.89891e-06 -1.35134e-06 1.75175e-07 1.2493e-06 1.11375e-06 3.26964e-07 -3.81879e-07 -7.93825e-07 -6.52152e-07 -1.45944e-07 2.4907e-07 6.49591e-07 7.65479e-07 1.20668e-07 -6.30625e-07 -9.01321e-07 -5.9513e-07 4.11318e-07 1.18559e-06 7.66953e-07 -2.37281e-07 -1.04217e-06 -1.081e-06 0. 
0.0966473 0.0966834 0.0952852 0.0926281 0.0888854 0.0842264 0.0788155 0.0728111 0.0663644 0.0596187 0.0527081 0.0457568 0.0388788 0.0321765 0.0257412 0.019652 0.0139759 0.00876761 0.00406977 -8.70015e-05 -0.0036837 -0.00671253 -0.00917623 -0.0110875 -0.0124679 -0.0133473 -0.0137625 -0.0137565 -0.0133769 -0.0126752 -0.0117051 -0.0105218 -0.00918035 -0.00773463 -0.00623638 -0.00473407 -0.00327198 -0.00188943 -0.000620129 0.000508352 0.00147491 0.0022651 0.00287111 0.0032916 0.00353132 0.00360068 0.00351497 0.0032937 0.0029596 0.00253775 0.00205447 0.00153639 0.00100932 0.000497455 2.23699e-05 -0.000397611 -0.000748058 -0.00101882 -0.00120423 -0.00130315 -0.00131877 -0.00125823 -0.00113203 -0.000953432 -0.000737477 -0.000500268 -0.000257871 -2.55863e-05 0.00018305 0.000356832 0.000487566 0.000570346 0.000603758 0.000589803 0.000533567 0.000442814 0.000327207 0.000197683 6.5418e-05 -5.88187e-05 -0.00016568 -0.00024771 -0.000300042 -0.000320541 -0.000309966 -0.000271751 -0.00021156 -0.00013679 -5.5665e-05 2.33594e-05 9.2649e-05 0.000145856 0.000178743 0.000189318 0.000178122 0.000147983 0.000103635 5.11997e-05 -2.70594e-06 -5.15296e-05 -8.98128e-05 -0.000113522 -0.000120762 -0.000111707 -8.86683e-05 -5.56546e-05 -1.77526e-05 1.94535e-05 5.0887e-05 7.23789e-05 8.15466e-05 7.77778e-05 6.25118e-05 3.88035e-05 1.08474e-05 -1.66221e-05 -3.92979e-05 -5.36856e-05 -5.79931e-05 -5.20378e-05 -3.75139e-05 -1.74658e-05 4.2402e-06 2.35252e-05 3.70791e-05 4.26137e-05 3.96384e-05 2.91517e-05 1.36706e-05 -3.42976e-06 -1.86558e-05 -2.89019e-05 -3.24143e-05 -2.87241e-05 -1.90995e-05 -5.93139e-06 7.67998e-06 1.85869e-05 2.45378e-05 2.43063e-05 1.83778e-05 8.40007e-06 -2.97359e-06 -1.28355e-05 -1.88837e-05 -1.96685e-05 -1.53728e-05 -7.28603e-06 2.22024e-06 1.05011e-05 1.54395e-05 1.57212e-05 1.16188e-05 4.41573e-06 -3.61784e-06 -1.00707e-05 -1.31906e-05 -1.20766e-05 -7.39523e-06 -6.68752e-07 5.87166e-06 1.01158e-05 1.09087e-05 8.01836e-06 2.68979e-06 -3.25003e-06 -7.76406e-06 -9.28422e-06 -7.5449e-06 -3.17216e-06 2.05895e-06 6.2349e-06 7.93347e-06 6.50837e-06 2.77355e-06 -1.85226e-06 -5.51288e-06 -6.76164e-06 -5.33147e-06 -1.76581e-06 2.28857e-06 5.17081e-06 5.79393e-06 3.85976e-06 4.45148e-07 -3.01335e-06 -4.99102e-06 -4.58235e-06 -2.21239e-06 1.09251e-06 3.70726e-06 4.43456e-06 3.1153e-06 2.72856e-07 -2.53218e-06 -3.89383e-06 -3.29494e-06 -1.07519e-06 1.47173e-06 3.27103e-06 3.41218e-06 1.48412e-06 -1.1944e-06 -2.85518e-06 -2.72937e-06 -1.37933e-06 3.33088e-07 2.22646e-06 3.1337e-06 1.66452e-06 -1.03778e-06 -2.61799e-06 -2.15534e-06 -6.37438e-07 7.36959e-07 1.7342e-06 1.88423e-06 8.676e-07 -6.35481e-07 -1.96921e-06 -2.15243e-06 -4.71634e-07 1.68338e-06 2.35242e-06 1.12649e-06 -8.70271e-07 -1.95186e-06 -1.39072e-06 1.37862e-07 1.27275e-06 1.15041e-06 3.51389e-07 -3.41806e-07 -7.97444e-07 -7.07311e-07 -1.99617e-07 2.24988e-07 6.92128e-07 8.49068e-07 1.63238e-07 -6.66303e-07 -9.91585e-07 -6.57099e-07 4.3859e-07 1.27385e-06 8.43558e-07 -2.48285e-07 -1.13597e-06 -1.16069e-06 0. 
0.0966473 0.0966834 0.0952851 0.0926281 0.0888853 0.0842262 0.0788153 0.0728109 0.0663642 0.0596185 0.0527078 0.0457565 0.0388784 0.0321762 0.0257409 0.0196517 0.0139755 0.00876724 0.00406941 -8.73474e-05 -0.00368403 -0.00671282 -0.00917649 -0.0110877 -0.012468 -0.0133474 -0.0137625 -0.0137564 -0.0133768 -0.012675 -0.0117048 -0.0105215 -0.00917988 -0.00773408 -0.00623573 -0.00473334 -0.00327116 -0.00188855 -0.000619191 0.00050932 0.00147591 0.00226609 0.00287208 0.00329252 0.00353218 0.00360144 0.00351561 0.00329421 0.00295995 0.00253793 0.00205447 0.0015362 0.00100895 0.000496913 2.16595e-05 -0.000398445 -0.000749012 -0.00101983 -0.00120528 -0.00130418 -0.00131975 -0.00125909 -0.00113276 -0.000953979 -0.000737822 -0.000500385 -0.000257754 -2.52464e-05 0.000183606 0.000357555 0.000488436 0.000571283 0.000604736 0.000590726 0.000534406 0.000443486 0.00032769 0.000197925 6.54165e-05 -5.90665e-05 -0.000166157 -0.000248365 -0.00030084 -0.000321389 -0.000310824 -0.00027251 -0.000212189 -0.000137203 -5.58525e-05 2.34298e-05 9.2958e-05 0.000146368 0.000179414 0.000190057 0.000178878 0.00014864 0.000104159 5.15006e-05 -2.6296e-06 -5.17036e-05 -9.02006e-05 -0.000114071 -0.000121414 -0.000112354 -8.92584e-05 -5.60756e-05 -1.79879e-05 1.94643e-05 5.11122e-05 7.27954e-05 8.2089e-05 7.8351e-05 6.3053e-05 3.91985e-05 1.10749e-05 -1.66297e-05 -3.95037e-05 -5.40704e-05 -5.8482e-05 -5.2537e-05 -3.79586e-05 -1.77475e-05 4.13073e-06 2.36394e-05 3.73604e-05 4.30227e-05 4.00903e-05 2.95455e-05 1.39557e-05 -3.34207e-06 -1.87405e-05 -2.91701e-05 -3.27813e-05 -2.91169e-05 -1.94404e-05 -6.12347e-06 7.64185e-06 1.87442e-05 2.48152e-05 2.46577e-05 1.87108e-05 8.62407e-06 -2.88457e-06 -1.29347e-05 -1.91038e-05 -1.99794e-05 -1.56748e-05 -7.49816e-06 2.13314e-06 1.05906e-05 1.5639e-05 1.60041e-05 1.18823e-05 4.58706e-06 -3.56984e-06 -1.01865e-05 -1.33942e-05 -1.2336e-05 -7.60895e-06 -7.72973e-07 5.88927e-06 1.02769e-05 1.11205e-05 8.23961e-06 2.83104e-06 -3.23841e-06 -7.85945e-06 -9.48388e-06 -7.74095e-06 -3.31857e-06 2.01913e-06 6.32744e-06 8.09003e-06 6.70314e-06 2.90292e-06 -1.82449e-06 -5.58522e-06 -6.9289e-06 -5.48909e-06 -1.88004e-06 2.27732e-06 5.27101e-06 5.9344e-06 4.01333e-06 5.15611e-07 -3.04076e-06 -5.09274e-06 -4.73736e-06 -2.31429e-06 1.06222e-06 3.76825e-06 4.567e-06 3.22623e-06 3.44858e-07 -2.55822e-06 -4.00357e-06 -3.40504e-06 -1.16005e-06 1.47493e-06 3.34405e-06 3.51999e-06 1.59414e-06 -1.19817e-06 -2.93693e-06 -2.80629e-06 -1.45076e-06 2.97184e-07 2.25095e-06 3.25535e-06 1.78298e-06 -1.06971e-06 -2.69374e-06 -2.20213e-06 -6.97286e-07 7.16559e-07 1.77525e-06 1.96323e-06 9.3574e-07 -6.29727e-07 -2.02066e-06 -2.26189e-06 -5.32673e-07 1.7581e-06 2.42973e-06 1.16286e-06 -8.53534e-07 -2.01923e-06 -1.45286e-06 1.48293e-07 1.27563e-06 1.17033e-06 3.99387e-07 -3.28412e-07 -8.07023e-07 -7.36855e-07 -2.50369e-07 2.04931e-07 7.29432e-07 9.16407e-07 1.96192e-07 -6.97465e-07 -1.05634e-06 -7.13613e-07 4.55187e-07 1.35925e-06 8.95953e-07 -2.60397e-07 -1.19695e-06 -1.23997e-06 0. 
0.0966473 0.0966834 0.0952851 0.092628 0.0888852 0.0842261 0.0788151 0.0728107 0.066364 0.0596182 0.0527075 0.0457562 0.0388781 0.0321758 0.0257405 0.0196513 0.0139751 0.00876683 0.00406899 -8.77658e-05 -0.00368444 -0.00671323 -0.00917689 -0.0110881 -0.0124684 -0.0133477 -0.0137628 -0.0137567 -0.0133769 -0.0126751 -0.0117049 -0.0105214 -0.00917976 -0.00773387 -0.00623544 -0.00473296 -0.0032707 -0.00188801 -0.000618578 0.000510007 0.00147664 0.00226688 0.00287288 0.00329333 0.00353298 0.00360221 0.00351633 0.00329485 0.00296049 0.00253836 0.00205477 0.00153635 0.00100895 0.000496761 2.13648e-05 -0.000398891 -0.000749573 -0.00102051 -0.00120602 -0.00130498 -0.00132055 -0.00125989 -0.00113349 -0.000954613 -0.000738323 -0.000500735 -0.000257932 -2.52403e-05 0.000183787 0.000357914 0.000488933 0.000571909 0.000605425 0.000591461 0.000535111 0.000444138 0.000328223 0.000198319 6.56327e-05 -5.90374e-05 -0.000166313 -0.0002487 -0.000301309 -0.000321973 -0.000311445 -0.000273143 -0.000212748 -0.000137665 -5.61535e-05 2.32987e-05 9.30156e-05 0.000146605 0.000179794 0.000190553 0.000179413 0.000149184 0.00010462 5.18577e-05 -2.44098e-06 -5.16823e-05 -9.03563e-05 -0.00011438 -0.000121824 -0.000112829 -8.97092e-05 -5.64738e-05 -1.82488e-05 1.9344e-05 5.11685e-05 7.30025e-05 8.24146e-05 7.87536e-05 6.34492e-05 3.95558e-05 1.13059e-05 -1.65263e-05 -3.95684e-05 -5.42697e-05 -5.8785e-05 -5.28955e-05 -3.82898e-05 -1.80217e-05 3.99443e-06 2.36291e-05 3.75015e-05 4.32675e-05 4.03918e-05 2.98539e-05 1.41862e-05 -3.20213e-06 -1.87514e-05 -2.92944e-05 -3.30104e-05 -2.93908e-05 -1.969e-05 -6.31576e-06 7.57969e-06 1.87879e-05 2.4982e-05 2.48841e-05 1.89461e-05 8.82149e-06 -2.79712e-06 -1.29427e-05 -1.92362e-05 -2.0171e-05 -1.58873e-05 -7.67747e-06 2.05333e-06 1.05985e-05 1.57639e-05 1.61776e-05 1.20705e-05 4.73496e-06 -3.52129e-06 -1.0219e-05 -1.35295e-05 -1.25e-05 -7.76629e-06 -8.75904e-07 5.89054e-06 1.03478e-05 1.12693e-05 8.38793e-06 2.94036e-06 -3.19639e-06 -7.92114e-06 -9.59133e-06 -7.88599e-06 -3.42859e-06 1.9819e-06 6.35668e-06 8.20312e-06 6.82189e-06 3.00539e-06 -1.78367e-06 -5.63349e-06 -7.01593e-06 -5.61133e-06 -1.96153e-06 2.26098e-06 5.31224e-06 6.04151e-06 4.10625e-06 5.7845e-07 -3.04112e-06 -5.16794e-06 -4.82187e-06 -2.40072e-06 1.03293e-06 3.80705e-06 4.63689e-06 3.32206e-06 3.88022e-07 -2.57109e-06 -4.05259e-06 -3.49323e-06 -1.21865e-06 1.46048e-06 3.39473e-06 3.61236e-06 1.63322e-06 -1.18942e-06 -2.95419e-06 -2.86872e-06 -1.51665e-06 2.58973e-07 2.29547e-06 3.33757e-06 1.81721e-06 -1.05753e-06 -2.72116e-06 -2.25941e-06 -7.27369e-07 6.96233e-07 1.78931e-06 2.02307e-06 9.89404e-07 -6.15271e-07 -2.07542e-06 -2.33138e-06 -5.50175e-07 1.77519e-06 2.48734e-06 1.20942e-06 -8.75616e-07 -2.04377e-06 -1.47317e-06 1.19461e-07 1.28834e-06 1.19067e-06 4.10498e-07 -2.98278e-07 -8.06837e-07 -7.72786e-07 -2.79231e-07 1.88452e-07 7.50368e-07 9.69266e-07 2.2104e-07 -7.19266e-07 -1.10547e-06 -7.51709e-07 4.69031e-07 1.41265e-06 9.386e-07 -2.67009e-07 -1.24848e-06 -1.28753e-06 0. 
0.0966473 0.0966834 0.095285 0.0926279 0.0888851 0.084226 0.078815 0.0728105 0.0663638 0.059618 0.0527073 0.045756 0.0388778 0.0321755 0.0257402 0.0196509 0.0139748 0.00876643 0.00406857 -8.82124e-05 -0.00368491 -0.00671372 -0.00917738 -0.0110886 -0.0124689 -0.0133482 -0.0137633 -0.0137571 -0.0133774 -0.0126755 -0.0117053 -0.0105218 -0.00918005 -0.0077341 -0.0062356 -0.00473304 -0.0032707 -0.00188792 -0.000618395 0.000510276 0.001477 0.00226731 0.0028734 0.00329392 0.00353362 0.00360289 0.00351703 0.00329556 0.00296119 0.00253902 0.00205537 0.00153688 0.00100938 0.000497085 2.15601e-05 -0.00039882 -0.000749644 -0.0010207 -0.00120635 -0.00130542 -0.00132109 -0.00126048 -0.00113413 -0.00095526 -0.000738951 -0.000501309 -0.000258423 -2.56257e-05 0.000183535 0.000357797 0.00048897 0.000572081 0.000605735 0.000591871 0.000535608 0.000444674 0.000328771 0.000198833 6.60791e-05 -5.86902e-05 -0.000166093 -0.000248615 -0.000301373 -0.000322163 -0.000311759 -0.000273533 -0.000213195 -0.000138112 -5.6571e-05 2.29567e-05 9.27777e-05 0.000146489 0.000179816 0.000190695 0.000179671 0.000149509 0.000104993 5.22185e-05 -2.12029e-06 -5.14462e-05 -9.02273e-05 -0.000114367 -0.000121934 -0.000113031 -8.99888e-05 -5.67745e-05 -1.85466e-05 1.91042e-05 5.10083e-05 7.29458e-05 8.24682e-05 7.8897e-05 6.36712e-05 3.98025e-05 1.15557e-05 -1.63295e-05 -3.94419e-05 -5.42384e-05 -5.88505e-05 -5.3036e-05 -3.84907e-05 -1.82286e-05 3.80104e-06 2.35003e-05 3.74466e-05 4.32994e-05 4.05028e-05 3.00102e-05 1.43694e-05 -3.04749e-06 -1.86385e-05 -2.9259e-05 -3.30487e-05 -2.94921e-05 -1.98366e-05 -6.45992e-06 7.45335e-06 1.87246e-05 2.49801e-05 2.49488e-05 1.90595e-05 8.94578e-06 -2.67879e-06 -1.28769e-05 -1.92211e-05 -2.02198e-05 -1.59805e-05 -7.78397e-06 1.95098e-06 1.05443e-05 1.5754e-05 1.62258e-05 1.21548e-05 4.82655e-06 -3.43893e-06 -1.01855e-05 -1.35364e-05 -1.25561e-05 -7.84666e-06 -9.50912e-07 5.83338e-06 1.03418e-05 1.12986e-05 8.45221e-06 3.01353e-06 -3.14554e-06 -7.89612e-06 -9.61577e-06 -7.93522e-06 -3.49117e-06 1.92759e-06 6.34038e-06 8.21421e-06 6.86988e-06 3.06071e-06 -1.74182e-06 -5.61295e-06 -7.03801e-06 -5.65032e-06 -2.0112e-06 2.2236e-06 5.30949e-06 6.05943e-06 4.15083e-06 6.19164e-07 -3.02043e-06 -5.1678e-06 -4.85526e-06 -2.437e-06 1.00222e-06 3.79504e-06 4.65779e-06 3.35122e-06 4.23851e-07 -2.55327e-06 -4.06557e-06 -3.51554e-06 -1.25184e-06 1.44081e-06 3.3976e-06 3.63114e-06 1.6687e-06 -1.17527e-06 -2.95935e-06 -2.87566e-06 -1.54063e-06 2.34532e-07 2.28802e-06 3.35843e-06 1.84989e-06 -1.05357e-06 -2.7228e-06 -2.26109e-06 -7.5327e-07 6.77848e-07 1.79184e-06 2.03729e-06 1.0129e-06 -6.02863e-07 -2.08123e-06 -2.3552e-06 -5.70723e-07 1.78366e-06 2.49741e-06 1.21768e-06 -8.59758e-07 -2.05144e-06 -1.48604e-06 1.19699e-07 1.27608e-06 1.18903e-06 4.28969e-07 -2.90594e-07 -8.03609e-07 -7.76871e-07 -2.99776e-07 1.7935e-07 7.60598e-07 9.8464e-07 2.33451e-07 -7.23391e-07 -1.1243e-06 -7.65363e-07 4.72427e-07 1.43e-06 9.53153e-07 -2.68647e-07 -1.26418e-06 -1.30387e-06 0. 
0.0966473 0.0966834 0.095285 0.0926279 0.0888851 0.084226 0.078815 0.0728105 0.0663637 0.0596179 0.0527072 0.0457558 0.0388776 0.0321753 0.02574 0.0196507 0.0139745 0.00876609 0.00406819 -8.86312e-05 -0.00368537 -0.00671422 -0.00917792 -0.0110891 -0.0124695 -0.0133488 -0.013764 -0.0137578 -0.0133781 -0.0126762 -0.011706 -0.0105225 -0.00918074 -0.00773475 -0.00623621 -0.00473359 -0.00327117 -0.00188831 -0.000618698 0.000510076 0.00147691 0.00226735 0.00287356 0.00329419 0.00353401 0.00360339 0.00351764 0.00329625 0.00296196 0.00253984 0.00205622 0.00153774 0.00101021 0.000497862 2.22591e-05 -0.000398228 -0.000749177 -0.00102038 -0.00120619 -0.00130542 -0.00132126 -0.00126081 -0.0011346 -0.000955857 -0.00073964 -0.000502057 -0.000259191 -2.6373e-05 0.000182846 0.000357207 0.000488508 0.000571775 0.0006056 0.000591915 0.000535824 0.000445046 0.000329271 0.000199424 6.67197e-05 -5.80487e-05 -0.000165497 -0.00024811 -0.000300994 -0.00032194 -0.000311705 -0.00027365 -0.000213468 -0.000138514 -5.70626e-05 2.24231e-05 9.22518e-05 0.000146023 0.000179451 0.000190468 0.000179598 0.000149596 0.000105224 5.25659e-05 -1.6992e-06 -5.10022e-05 -8.98107e-05 -0.000114029 -0.000121709 -0.000112946 -9.00487e-05 -5.69682e-05 -1.88432e-05 1.87472e-05 5.06404e-05 7.26199e-05 8.22264e-05 7.87736e-05 6.36775e-05 3.99354e-05 1.17892e-05 -1.60345e-05 -3.91333e-05 -5.39674e-05 -5.86576e-05 -5.29529e-05 -3.85247e-05 -1.83718e-05 3.57894e-06 2.32412e-05 3.71977e-05 4.31078e-05 4.03994e-05 3.0014e-05 1.44733e-05 -2.8661e-06 -1.84192e-05 -2.90481e-05 -3.28874e-05 -2.94147e-05 -1.98534e-05 -6.56617e-06 7.28598e-06 1.85353e-05 2.48113e-05 2.48406e-05 1.90317e-05 9.00467e-06 -2.55295e-06 -1.27162e-05 -1.90663e-05 -2.0111e-05 -1.59409e-05 -7.82398e-06 1.84743e-06 1.04058e-05 1.56192e-05 1.61329e-05 1.21251e-05 4.86903e-06 -3.34172e-06 -1.00626e-05 -1.34244e-05 -1.24898e-05 -7.84134e-06 -1.00885e-06 5.73486e-06 1.02345e-05 1.1216e-05 8.42247e-06 3.0412e-06 -3.06906e-06 -7.80001e-06 -9.53373e-06 -7.89312e-06 -3.50521e-06 1.86765e-06 6.25579e-06 8.13703e-06 6.82987e-06 3.06845e-06 -1.68791e-06 -5.5376e-06 -6.97083e-06 -5.61592e-06 -2.02495e-06 2.17238e-06 5.24096e-06 6.00289e-06 4.13106e-06 6.40096e-07 -2.96588e-06 -5.10651e-06 -4.81496e-06 -2.43291e-06 9.66761e-07 3.7409e-06 4.60882e-06 3.32927e-06 4.42253e-07 -2.50866e-06 -4.01741e-06 -3.48708e-06 -1.25443e-06 1.41181e-06 3.34904e-06 3.59154e-06 1.66752e-06 -1.14426e-06 -2.92063e-06 -2.84873e-06 -1.52842e-06 2.24034e-07 2.24526e-06 3.31527e-06 1.84329e-06 -1.02623e-06 -2.68417e-06 -2.23658e-06 -7.53815e-07 6.57893e-07 1.76498e-06 2.01886e-06 1.00697e-06 -5.90624e-07 -2.04792e-06 -2.32894e-06 -5.74374e-07 1.75648e-06 2.46343e-06 1.20549e-06 -8.37905e-07 -2.02023e-06 -1.47057e-06 1.11778e-07 1.25355e-06 1.17236e-06 4.28491e-07 -2.79718e-07 -7.91876e-07 -7.70662e-07 -2.98388e-07 1.73941e-07 7.49982e-07 9.76992e-07 2.31651e-07 -7.1526e-07 -1.10823e-06 -7.58432e-07 4.64481e-07 1.41477e-06 9.39449e-07 -2.65559e-07 -1.24496e-06 -1.2893e-06 0. 
0.0966473 0.0966834 0.095285 0.0926279 0.0888851 0.084226 0.078815 0.0728105 0.0663637 0.0596179 0.0527072 0.0457558 0.0388776 0.0321753 0.0257398 0.0196505 0.0139743 0.00876586 0.00406791 -8.89596e-05 -0.00368575 -0.00671466 -0.00917843 -0.0110897 -0.0124701 -0.0133495 -0.0137647 -0.0137587 -0.013379 -0.0126772 -0.011707 -0.0105235 -0.00918174 -0.00773575 -0.00623719 -0.00473454 -0.00327208 -0.00188915 -0.000619456 0.000509425 0.00147638 0.00226695 0.00287331 0.00329411 0.0035341 0.00360365 0.00351807 0.00329685 0.00296271 0.00254072 0.00205721 0.00153881 0.00101134 0.000498995 2.33711e-05 -0.000397185 -0.000748234 -0.00101958 -0.00120556 -0.001305 -0.00132105 -0.00126083 -0.00113485 -0.000956324 -0.000740302 -0.000502881 -0.000260137 -2.73876e-05 0.000181812 0.000356218 0.000487611 0.000571032 0.000605043 0.000591588 0.000535735 0.000445208 0.000329663 0.000200022 6.7475e-05 -5.71927e-05 -0.000164601 -0.000247249 -0.000300227 -0.000321337 -0.000311299 -0.000273485 -0.000213541 -0.000138825 -5.7572e-05 2.17619e-05 9.15051e-05 0.000145266 0.000178753 0.000189906 0.000179217 0.000149443 0.000105297 5.28636e-05 -1.22453e-06 -5.04028e-05 -8.91616e-05 -0.00011341 -0.000121189 -0.000112596 -8.98953e-05 -5.70397e-05 -1.91116e-05 1.83122e-05 5.01101e-05 7.20671e-05 8.17284e-05 7.84065e-05 6.34815e-05 3.99474e-05 1.19879e-05 -1.56726e-05 -3.86801e-05 -5.34924e-05 -5.82398e-05 -5.26645e-05 -3.84015e-05 -1.84424e-05 3.34661e-06 2.28805e-05 3.6788e-05 4.27206e-05 4.01063e-05 2.98738e-05 1.44977e-05 -2.67361e-06 -1.81163e-05 -2.86881e-05 -3.25541e-05 -2.91752e-05 -1.97516e-05 -6.62922e-06 7.09048e-06 1.82412e-05 2.45008e-05 2.4578e-05 1.88784e-05 8.99858e-06 -2.42584e-06 -1.24776e-05 -1.8793e-05 -1.98623e-05 -1.57849e-05 -7.79969e-06 1.74613e-06 1.01974e-05 1.5378e-05 1.59142e-05 1.19963e-05 4.86356e-06 -3.23341e-06 -9.86359e-06 -1.32109e-05 -1.23138e-05 -7.76221e-06 -1.04787e-06 5.60124e-06 1.00391e-05 1.10378e-05 8.30738e-06 3.03055e-06 -2.97296e-06 -7.6427e-06 -9.35762e-06 -7.7738e-06 -3.47359e-06 1.80131e-06 6.11263e-06 7.98439e-06 6.71062e-06 3.03772e-06 -1.62591e-06 -5.41385e-06 -6.82487e-06 -5.52054e-06 -2.00447e-06 2.10641e-06 5.11564e-06 5.88297e-06 4.05288e-06 6.48044e-07 -2.8838e-06 -4.99198e-06 -4.70879e-06 -2.39736e-06 9.29238e-07 3.64705e-06 4.49984e-06 3.26769e-06 4.40332e-07 -2.43931e-06 -3.91262e-06 -3.41312e-06 -1.23435e-06 1.36472e-06 3.267e-06 3.50866e-06 1.61833e-06 -1.09981e-06 -2.82696e-06 -2.78635e-06 -1.50686e-06 2.14667e-07 2.20088e-06 3.2192e-06 1.7761e-06 -9.72179e-07 -2.59405e-06 -2.19282e-06 -7.41695e-07 6.36215e-07 1.71559e-06 1.96742e-06 9.8446e-07 -5.72025e-07 -1.9992e-06 -2.25509e-06 -5.49901e-07 1.68494e-06 2.39259e-06 1.18276e-06 -8.20994e-07 -1.94972e-06 -1.42209e-06 8.84335e-08 1.21805e-06 1.14452e-06 4.12294e-07 -2.64335e-07 -7.67982e-07 -7.55558e-07 -2.87964e-07 1.72096e-07 7.27481e-07 9.45502e-07 2.23845e-07 -6.93333e-07 -1.07535e-06 -7.29998e-07 4.51499e-07 1.36369e-06 9.11724e-07 -2.56466e-07 -1.20895e-06 -1.24127e-06 0. 
0.0966473 0.0966834 0.0952851 0.0926279 0.0888852 0.0842261 0.0788151 0.0728106 0.0663638 0.059618 0.0527073 0.0457559 0.0388777 0.0321753 0.0257399 0.0196505 0.0139742 0.0087658 0.00406779 -8.9136e-05 -0.00368599 -0.00671497 -0.00917881 -0.0110902 -0.0124707 -0.0133502 -0.0137655 -0.0137595 -0.0133799 -0.0126781 -0.011708 -0.0105246 -0.00918289 -0.00773695 -0.00623841 -0.00473577 -0.00327329 -0.00189032 -0.000620559 0.000508403 0.00147548 0.00226618 0.0028727 0.00329367 0.00353385 0.00360361 0.00351824 0.00329723 0.0029633 0.00254152 0.00205818 0.00153993 0.00101257 0.000500318 2.4721e-05 -0.00039584 -0.000746962 -0.00101842 -0.00120456 -0.00130419 -0.00132049 -0.00126053 -0.00113483 -0.000956584 -0.000740834 -0.000503654 -0.000261112 -2.85183e-05 0.000180597 0.000354973 0.000486425 0.000569955 0.000604161 0.000590932 0.000535368 0.00044513 0.000329895 0.000200531 6.82304e-05 -5.62509e-05 -0.00016355 -0.000246161 -0.000299203 -0.000320437 -0.000310621 -0.000273057 -0.000213421 -0.000138996 -5.80308e-05 2.10745e-05 9.0653e-05 0.000144333 0.000177842 0.000189093 0.000178605 0.000149067 0.000105221 5.30624e-05 -7.57041e-07 -4.97417e-05 -8.83814e-05 -0.000112605 -0.000120468 -0.000112029 -8.95754e-05 -5.69734e-05 -1.93302e-05 1.78705e-05 4.94929e-05 7.13745e-05 8.1062e-05 7.78508e-05 6.31364e-05 3.98319e-05 1.21437e-05 -1.53061e-05 -3.81432e-05 -5.28912e-05 -5.76718e-05 -5.22151e-05 -3.81636e-05 -1.84237e-05 3.11781e-06 2.24823e-05 3.62743e-05 4.22033e-05 3.96827e-05 2.96096e-05 1.44635e-05 -2.50849e-06 -1.7759e-05 -2.82452e-05 -3.21023e-05 -2.88149e-05 -1.9567e-05 -6.63298e-06 6.87432e-06 1.79006e-05 2.40893e-05 2.42106e-05 1.86375e-05 8.92521e-06 -2.29378e-06 -1.22115e-05 -1.84313e-05 -1.95245e-05 -1.5546e-05 -7.71391e-06 1.64048e-06 9.96565e-06 1.50537e-05 1.56181e-05 1.17956e-05 4.81049e-06 -3.10962e-06 -9.63531e-06 -1.29151e-05 -1.20703e-05 -7.62899e-06 -1.05933e-06 5.43281e-06 9.80431e-06 1.07806e-05 8.13837e-06 2.99329e-06 -2.87974e-06 -7.42903e-06 -9.13531e-06 -7.58936e-06 -3.40967e-06 1.72495e-06 5.94807e-06 7.76285e-06 6.55042e-06 2.97405e-06 -1.56702e-06 -5.24355e-06 -6.64426e-06 -5.36754e-06 -1.96516e-06 2.02632e-06 4.96777e-06 5.70113e-06 3.94922e-06 6.40186e-07 -2.7901e-06 -4.82487e-06 -4.57766e-06 -2.32661e-06 8.90256e-07 3.51901e-06 4.3642e-06 3.1568e-06 4.4117e-07 -2.34719e-06 -3.79346e-06 -3.29379e-06 -1.19763e-06 1.3172e-06 3.1447e-06 3.37076e-06 1.5916e-06 -1.05116e-06 -2.74628e-06 -2.68463e-06 -1.44375e-06 2.13981e-07 2.09746e-06 3.08742e-06 1.73915e-06 -9.37812e-07 -2.5012e-06 -2.09857e-06 -7.30143e-07 6.11163e-07 1.66165e-06 1.88633e-06 9.39399e-07 -5.54614e-07 -1.90469e-06 -2.15873e-06 -5.42417e-07 1.62361e-06 2.28609e-06 1.12475e-06 -7.58912e-07 -1.8745e-06 -1.37958e-06 9.85527e-08 1.1573e-06 1.09518e-06 4.13769e-07 -2.66797e-07 -7.4367e-07 -7.13946e-07 -2.77971e-07 1.71546e-07 7.00932e-07 8.91744e-07 2.08522e-07 -6.59934e-07 -1.02205e-06 -6.90247e-07 4.30546e-07 1.29561e-06 8.63418e-07 -2.45003e-07 -1.1457e-06 -1.17961e-06 0. 
0.0966473 0.0966834 0.0952851 0.092628 0.0888853 0.0842262 0.0788152 0.0728108 0.066364 0.0596182 0.0527075 0.0457561 0.0388779 0.0321755 0.0257401 0.0196507 0.0139744 0.00876592 0.00406788 -8.91062e-05 -0.00368602 -0.00671507 -0.00917899 -0.0110904 -0.012471 -0.0133506 -0.013766 -0.0137601 -0.0133806 -0.012679 -0.0117089 -0.0105256 -0.00918402 -0.00773815 -0.00623967 -0.00473707 -0.00327462 -0.00189164 -0.00062186 0.000507162 0.00147431 0.00226512 0.00287177 0.00329291 0.00353328 0.00360324 0.0035181 0.00329732 0.00296362 0.00254207 0.00205896 0.0015409 0.00101373 0.000501597 2.61057e-05 -0.000394423 -0.000745539 -0.00101707 -0.00120332 -0.00130313 -0.00131964 -0.00125994 -0.00113452 -0.000956576 -0.000741126 -0.00050423 -0.000261951 -2.95603e-05 0.00017939 0.000353693 0.000485119 0.000568731 0.000603063 0.000590058 0.000534746 0.000444822 0.000329902 0.00020086 6.88518e-05 -5.53923e-05 -0.000162508 -0.000245039 -0.000298065 -0.000319407 -0.00030975 -0.000272449 -0.000213095 -0.000139001 -5.83448e-05 2.04792e-05 8.9836e-05 0.00014339 0.00017685 0.00018818 0.000177833 0.000148551 0.000104977 5.31417e-05 -3.91978e-07 -4.91285e-05 -8.75977e-05 -0.000111761 -0.000119647 -0.000111363 -8.91117e-05 -5.68033e-05 -1.94366e-05 1.74837e-05 4.89007e-05 7.06635e-05 8.03261e-05 7.72211e-05 6.26722e-05 3.96356e-05 1.22023e-05 -1.49776e-05 -3.76258e-05 -5.22661e-05 -5.70394e-05 -5.1702e-05 -3.78241e-05 -1.83487e-05 2.95928e-06 2.20943e-05 3.5755e-05 4.16473e-05 3.91874e-05 2.9292e-05 1.43476e-05 -2.36819e-06 -1.74333e-05 -2.77807e-05 -3.16124e-05 -2.84088e-05 -1.931e-05 -6.60849e-06 6.70493e-06 1.75465e-05 2.36632e-05 2.3803e-05 1.83384e-05 8.82509e-06 -2.20981e-06 -1.19329e-05 -1.80667e-05 -1.9149e-05 -1.52609e-05 -7.60534e-06 1.57766e-06 9.7177e-06 1.47293e-05 1.52851e-05 1.15567e-05 4.74124e-06 -3.02057e-06 -9.38407e-06 -1.26167e-05 -1.17915e-05 -7.46299e-06 -1.06501e-06 5.28961e-06 9.53862e-06 1.05156e-05 7.93973e-06 2.92812e-06 -2.77767e-06 -7.23031e-06 -8.87683e-06 -7.39247e-06 -3.32927e-06 1.67031e-06 5.75838e-06 7.54642e-06 6.35739e-06 2.89592e-06 -1.5035e-06 -5.08741e-06 -6.42815e-06 -5.21231e-06 -1.91021e-06 1.95938e-06 4.7929e-06 5.52628e-06 3.81676e-06 6.26675e-07 -2.68453e-06 -4.66901e-06 -4.41137e-06 -2.25699e-06 8.52054e-07 3.39844e-06 4.1993e-06 3.05558e-06 4.21124e-07 -2.26099e-06 -3.63595e-06 -3.18258e-06 -1.15615e-06 1.26436e-06 3.02714e-06 3.24621e-06 1.50405e-06 -9.92626e-07 -2.60666e-06 -2.60266e-06 -1.40546e-06 2.17709e-07 2.03853e-06 2.94256e-06 1.62805e-06 -8.60817e-07 -2.37186e-06 -2.04125e-06 -6.98228e-07 5.87537e-07 1.58523e-06 1.81479e-06 8.98922e-07 -5.38114e-07 -1.83153e-06 -2.04474e-06 -4.9901e-07 1.51906e-06 2.17992e-06 1.08917e-06 -7.42598e-07 -1.76665e-06 -1.30216e-06 5.79728e-08 1.11115e-06 1.05667e-06 3.80083e-07 -2.38923e-07 -7.0815e-07 -6.99046e-07 -2.54068e-07 1.69921e-07 6.62218e-07 8.50686e-07 1.93125e-07 -6.32034e-07 -9.66081e-07 -6.49713e-07 4.0946e-07 1.22458e-06 8.17274e-07 -2.32911e-07 -1.0866e-06 -1.11175e-06 0. 
0.0966473 0.0966835 0.0952852 0.0926282 0.0888854 0.0842264 0.0788155 0.072811 0.0663643 0.0596185 0.0527078 0.0457565 0.0388783 0.0321759 0.0257405 0.0196511 0.0139748 0.00876625 0.00406818 -8.88401e-05 -0.0036858 -0.0067149 -0.00917889 -0.0110904 -0.0124711 -0.0133507 -0.0137662 -0.0137605 -0.0133811 -0.0126795 -0.0117096 -0.0105264 -0.00918492 -0.00773915 -0.00624076 -0.00473824 -0.00327584 -0.00189292 -0.000623155 0.000505861 0.00147304 0.00226391 0.00287065 0.0032919 0.00353242 0.00360255 0.0035176 0.00329703 0.00296356 0.00254225 0.00205936 0.00154154 0.00101456 0.000502625 2.72701e-05 -0.000393139 -0.000744209 -0.00101572 -0.00120203 -0.00130193 -0.0013186 -0.0012591 -0.00113393 -0.000956248 -0.000741086 -0.000504482 -0.000262473 -3.03363e-05 0.000178422 0.000352566 0.000483927 0.000567516 0.000601933 0.000589053 0.000533959 0.00044428 0.000329658 0.000200916 6.92044e-05 -5.47687e-05 -0.000161677 -0.000244049 -0.000297024 -0.00031837 -0.000308838 -0.000271705 -0.000212614 -0.000138794 -5.84453e-05 2.00966e-05 8.92133e-05 0.000142583 0.000175964 0.00018728 0.000177049 0.000147926 0.000104614 5.30428e-05 -1.96497e-07 -4.86828e-05 -8.69583e-05 -0.000111 -0.000118884 -0.000110663 -8.86015e-05 -5.65055e-05 -1.94226e-05 1.72489e-05 4.84376e-05 7.0049e-05 7.96624e-05 7.65845e-05 6.2191e-05 3.93393e-05 1.21728e-05 -1.47791e-05 -3.72115e-05 -5.17224e-05 -5.64643e-05 -5.11748e-05 -3.74668e-05 -1.8179e-05 2.8744e-06 2.18147e-05 3.53123e-05 4.11397e-05 3.87213e-05 2.89328e-05 1.41995e-05 -2.32435e-06 -1.71712e-05 -2.73932e-05 -3.11683e-05 -2.80027e-05 -1.90497e-05 -6.51161e-06 6.5787e-06 1.72747e-05 2.32811e-05 2.34192e-05 1.80489e-05 8.67307e-06 -2.15313e-06 -1.17324e-05 -1.77376e-05 -1.88063e-05 -1.49876e-05 -7.45644e-06 1.53309e-06 9.5412e-06 1.4431e-05 1.49838e-05 1.1326e-05 4.63437e-06 -2.94552e-06 -9.19797e-06 -1.23357e-05 -1.15359e-05 -7.29946e-06 -1.02908e-06 5.15772e-06 9.33053e-06 1.02597e-05 7.74917e-06 2.86025e-06 -2.72407e-06 -7.03914e-06 -8.66362e-06 -7.19663e-06 -3.2365e-06 1.62057e-06 5.62082e-06 7.33118e-06 6.18866e-06 2.81298e-06 -1.4736e-06 -4.93292e-06 -6.25656e-06 -5.05083e-06 -1.85034e-06 1.89671e-06 4.66354e-06 5.34508e-06 3.70434e-06 6.04298e-07 -2.61149e-06 -4.50849e-06 -4.28146e-06 -2.17518e-06 8.31492e-07 3.27877e-06 4.07023e-06 2.93758e-06 4.09335e-07 -2.1777e-06 -3.5269e-06 -3.05788e-06 -1.11174e-06 1.22218e-06 2.91616e-06 3.11e-06 1.47299e-06 -9.56336e-07 -2.536e-06 -2.49326e-06 -1.34295e-06 2.15884e-07 1.94899e-06 2.81846e-06 1.58619e-06 -8.4092e-07 -2.2841e-06 -1.94011e-06 -6.89516e-07 5.67582e-07 1.54117e-06 1.72756e-06 8.5327e-07 -5.20185e-07 -1.74633e-06 -1.94915e-06 -4.8596e-07 1.46291e-06 2.07482e-06 1.02821e-06 -6.80874e-07 -1.69695e-06 -1.26135e-06 7.65216e-08 1.04745e-06 1.00625e-06 3.88364e-07 -2.48486e-07 -6.84726e-07 -6.51183e-07 -2.52261e-07 1.7061e-07 6.43113e-07 7.91244e-07 1.80697e-07 -5.95703e-07 -9.22271e-07 -6.07677e-07 3.92614e-07 1.15269e-06 7.75045e-07 -2.20557e-07 -1.03161e-06 -1.04761e-06 0. 
0.0966473 0.0966835 0.0952853 0.0926283 0.0888856 0.0842266 0.0788157 0.0728113 0.0663647 0.0596189 0.0527082 0.0457569 0.0388787 0.0321764 0.025741 0.0196516 0.0139753 0.00876678 0.0040687 -8.83307e-05 -0.00368532 -0.00671445 -0.00917847 -0.01109 -0.0124708 -0.0133505 -0.0137661 -0.0137604 -0.0133811 -0.0126797 -0.0117099 -0.0105268 -0.00918542 -0.00773976 -0.0062415 -0.00473908 -0.0032768 -0.00189396 -0.000624272 0.000504695 0.00147184 0.0022627 0.00286945 0.00329075 0.00353134 0.00360158 0.00351676 0.00329636 0.00296307 0.00254195 0.00205929 0.00154167 0.00101492 0.000503184 2.80313e-05 -0.000392226 -0.000743153 -0.00101459 -0.00120084 -0.00130076 -0.00131748 -0.0012581 -0.00113308 -0.000955593 -0.000740662 -0.000504302 -0.000262558 -3.06627e-05 0.000177852 0.000351813 0.000483009 0.000566521 0.000600894 0.000588065 0.000533062 0.000443553 0.000329137 0.00020064 6.91922e-05 -5.45312e-05 -0.000161195 -0.000243388 -0.000296212 -0.000317511 -0.000307971 -0.000270937 -0.000211985 -0.000138378 -5.8265e-05 2.00273e-05 8.88998e-05 0.000142079 0.0001753 0.000186561 0.000176317 0.000147297 0.000104123 5.2766e-05 -2.48395e-07 -4.85044e-05 -8.65713e-05 -0.000110475 -0.000118264 -0.000110063 -8.80626e-05 -5.61324e-05 -1.92317e-05 1.72163e-05 4.82015e-05 6.96534e-05 7.91533e-05 7.60679e-05 6.17113e-05 3.90057e-05 1.19991e-05 -1.47435e-05 -3.69945e-05 -5.13636e-05 -5.60165e-05 -5.07421e-05 -3.70908e-05 -1.79612e-05 2.93431e-06 2.16843e-05 3.50363e-05 4.07758e-05 3.83271e-05 2.86141e-05 1.3982e-05 -2.36362e-06 -1.70611e-05 -2.71419e-05 -3.08387e-05 -2.76795e-05 -1.87785e-05 -6.38489e-06 6.5735e-06 1.71122e-05 2.30238e-05 2.31276e-05 1.77811e-05 8.52028e-06 -2.19195e-06 -1.16163e-05 -1.7529e-05 -1.85487e-05 -1.47465e-05 -7.31546e-06 1.57111e-06 9.43397e-06 1.42438e-05 1.47543e-05 1.11217e-05 4.53032e-06 -2.95211e-06 -9.07366e-06 -1.21531e-05 -1.1335e-05 -7.14341e-06 -9.82855e-07 5.11348e-06 9.1791e-06 1.00825e-05 7.59211e-06 2.77054e-06 -2.69631e-06 -6.93969e-06 -8.49756e-06 -7.04708e-06 -3.1518e-06 1.62591e-06 5.5195e-06 7.19737e-06 6.04786e-06 2.72999e-06 -1.46009e-06 -4.85616e-06 -6.11741e-06 -4.93498e-06 -1.79116e-06 1.88284e-06 4.56201e-06 5.23303e-06 3.60325e-06 5.69819e-07 -2.55993e-06 -4.41988e-06 -4.16612e-06 -2.11177e-06 8.24031e-07 3.21793e-06 3.96131e-06 2.86128e-06 3.81142e-07 -2.1385e-06 -3.42603e-06 -2.98393e-06 -1.07351e-06 1.20625e-06 2.8454e-06 3.02795e-06 1.40446e-06 -9.29843e-07 -2.44955e-06 -2.44717e-06 -1.30905e-06 2.34913e-07 1.91477e-06 2.72492e-06 1.50774e-06 -7.99527e-07 -2.20807e-06 -1.90736e-06 -6.5559e-07 5.61322e-07 1.49024e-06 1.68529e-06 8.19864e-07 -5.20372e-07 -1.69748e-06 -1.87386e-06 -4.53461e-07 1.40159e-06 2.00701e-06 1.00264e-06 -6.7758e-07 -1.62911e-06 -1.20892e-06 4.95241e-08 1.0252e-06 9.84415e-07 3.58482e-07 -2.2937e-07 -6.63448e-07 -6.46665e-07 -2.28068e-07 1.71334e-07 6.13316e-07 7.69126e-07 1.66637e-07 -5.82093e-07 -8.79053e-07 -5.83214e-07 3.77315e-07 1.11215e-06 7.40245e-07 -2.1434e-07 -9.87809e-07 -1.00805e-06 0. 
0.0966473 0.0966835 0.0952854 0.0926284 0.0888858 0.0842268 0.078816 0.0728116 0.066365 0.0596193 0.0527087 0.0457574 0.0388793 0.032177 0.0257416 0.0196522 0.0139759 0.00876746 0.0040694 -8.7614e-05 -0.00368459 -0.00671372 -0.00917776 -0.0110893 -0.0124701 -0.0133499 -0.0137655 -0.0137599 -0.0133807 -0.0126793 -0.0117096 -0.0105266 -0.00918539 -0.00773986 -0.00624173 -0.00473945 -0.0032773 -0.0018946 -0.000625032 0.000503813 0.00147086 0.00226163 0.00286832 0.00328958 0.00353015 0.00360041 0.00351564 0.00329531 0.00296214 0.00254116 0.00205866 0.00154124 0.00101468 0.000503165 2.82199e-05 -0.000391819 -0.000742559 -0.00101381 -0.00119994 -0.00129975 -0.00131641 -0.00125701 -0.00113204 -0.000954642 -0.000739844 -0.000503664 -0.000262121 -3.04619e-05 0.000177825 0.000351544 0.000482538 0.000565858 0.000600104 0.000587182 0.000532162 0.000442684 0.000328366 0.000200016 6.87561e-05 -5.4744e-05 -0.000161186 -0.000243147 -0.000295784 -0.000316913 -0.000307282 -0.000270196 -0.000211278 -0.000137754 -5.77868e-05 2.03199e-05 8.89896e-05 0.000141952 0.000174993 0.000186089 0.00017576 0.000146693 0.000103561 5.22925e-05 -5.72427e-07 -4.86494e-05 -8.65309e-05 -0.000110249 -0.000117905 -0.000109598 -8.7581e-05 -5.56745e-05 -1.8878e-05 1.7435e-05 4.82541e-05 6.95356e-05 7.89003e-05 7.57035e-05 6.13181e-05 3.86199e-05 1.17039e-05 -1.49231e-05 -3.70236e-05 -5.12445e-05 -5.57838e-05 -5.04227e-05 -3.67668e-05 -1.76643e-05 3.12803e-06 2.17622e-05 3.4979e-05 4.05991e-05 3.80808e-05 2.83296e-05 1.37421e-05 -2.5382e-06 -1.71156e-05 -2.7084e-05 -3.06821e-05 -2.7454e-05 -1.85541e-05 -6.18701e-06 6.67572e-06 1.71216e-05 2.29285e-05 2.2957e-05 1.75889e-05 8.33448e-06 -2.30067e-06 -1.16494e-05 -1.74618e-05 -1.84124e-05 -1.45828e-05 -7.154e-06 1.66379e-06 9.46145e-06 1.41794e-05 1.46327e-05 1.09802e-05 4.3978e-06 -3.01508e-06 -9.07712e-06 -1.20765e-05 -1.12178e-05 -7.02427e-06 -8.85624e-07 5.13608e-06 9.14844e-06 9.99054e-06 7.48136e-06 2.68357e-06 -2.74814e-06 -6.9157e-06 -8.43335e-06 -6.95145e-06 -3.06279e-06 1.66457e-06 5.51773e-06 7.13286e-06 5.96675e-06 2.65728e-06 -1.50454e-06 -4.83629e-06 -6.06847e-06 -4.85774e-06 -1.72681e-06 1.90182e-06 4.54881e-06 5.17047e-06 3.54003e-06 5.25579e-07 -2.57409e-06 -4.37928e-06 -4.11507e-06 -2.05569e-06 8.54565e-07 3.19812e-06 3.92353e-06 2.80322e-06 3.46778e-07 -2.13427e-06 -3.40408e-06 -2.93054e-06 -1.03489e-06 1.21394e-06 2.82697e-06 2.97948e-06 1.37547e-06 -9.44077e-07 -2.44451e-06 -2.40217e-06 -1.275e-06 2.48863e-07 1.9045e-06 2.68677e-06 1.48029e-06 -8.16119e-07 -2.1938e-06 -1.86848e-06 -6.42258e-07 5.73568e-07 1.48964e-06 1.64556e-06 7.92658e-07 -5.23021e-07 -1.67871e-06 -1.8373e-06 -4.37277e-07 1.39303e-06 1.97733e-06 9.76619e-07 -6.67737e-07 -1.6184e-06 -1.19744e-06 7.06279e-08 1.01408e-06 9.71114e-07 3.59098e-07 -2.49915e-07 -6.62792e-07 -6.21339e-07 -2.22866e-07 1.79625e-07 6.10195e-07 7.35851e-07 1.58135e-07 -5.66586e-07 -8.65171e-07 -5.61114e-07 3.74795e-07 1.07918e-06 7.25914e-07 -2.09499e-07 -9.71422e-07 -9.79466e-07 0. 
0.0966473 0.0966836 0.0952854 0.0926285 0.0888859 0.084227 0.0788162 0.0728119 0.0663653 0.0596197 0.0527091 0.0457578 0.0388798 0.0321775 0.0257422 0.0196529 0.0139767 0.00876823 0.00407022 -8.67571e-05 -0.0036837 -0.00671279 -0.0091768 -0.0110884 -0.0124691 -0.0133489 -0.0137645 -0.0137589 -0.0133798 -0.0126785 -0.0117089 -0.0105259 -0.00918481 -0.0077394 -0.0062414 -0.00473926 -0.00327726 -0.00189472 -0.000625327 0.000503351 0.00147023 0.00226084 0.00286739 0.00328852 0.00352899 0.00359916 0.00351434 0.003294 0.00296084 0.00253992 0.00205751 0.00154022 0.00101384 0.000502513 2.77915e-05 -0.000392016 -0.000742508 -0.00101352 -0.00119941 -0.00129902 -0.0013155 -0.00125597 -0.0011309 -0.000953474 -0.000738699 -0.000502595 -0.000261188 -2.97041e-05 0.00017836 0.000351839 0.000482569 0.000565638 0.000599641 0.000586517 0.000531336 0.000441758 0.000327402 0.000199083 6.7921e-05 -5.54274e-05 -0.000161663 -0.000243395 -0.000295779 -0.000316673 -0.000306823 -0.000269572 -0.000210539 -0.000136974 -5.70355e-05 2.09754e-05 8.94858e-05 0.000142253 0.000175066 0.000185945 0.000175409 0.00014619 0.000102957 5.16615e-05 -1.16069e-06 -4.91302e-05 -8.68474e-05 -0.000110377 -0.000117826 -0.000109341 -8.71728e-05 -5.51835e-05 -1.83645e-05 1.78977e-05 4.86047e-05 6.97339e-05 7.89166e-05 7.55527e-05 6.10175e-05 3.82313e-05 1.12809e-05 -1.53078e-05 -3.73127e-05 -5.13981e-05 -5.57756e-05 -5.02705e-05 -3.6491e-05 -1.73285e-05 3.47171e-06 2.20467e-05 3.51565e-05 4.06449e-05 3.79844e-05 2.81257e-05 1.34634e-05 -2.8236e-06 -1.73576e-05 -2.72326e-05 -3.07087e-05 -2.73649e-05 -1.83635e-05 -5.95155e-06 6.91244e-06 1.73e-05 2.30131e-05 2.29353e-05 1.74634e-05 8.14966e-06 -2.50851e-06 -1.18197e-05 -1.75592e-05 -1.84157e-05 -1.44904e-05 -7.00283e-06 1.8419e-06 9.60847e-06 1.42633e-05 1.4632e-05 1.0895e-05 4.26398e-06 -3.16725e-06 -9.19339e-06 -1.21305e-05 -1.11951e-05 -6.93105e-06 -7.61756e-07 5.2607e-06 9.22594e-06 1.00033e-05 7.42843e-06 2.5798e-06 -2.85719e-06 -7.00262e-06 -8.46248e-06 -6.9177e-06 -2.98384e-06 1.76624e-06 5.59526e-06 7.16714e-06 5.94312e-06 2.58563e-06 -1.58854e-06 -4.90892e-06 -6.09383e-06 -4.83252e-06 -1.66418e-06 1.98104e-06 4.6029e-06 5.18621e-06 3.50813e-06 4.6033e-07 -2.6369e-06 -4.42093e-06 -4.11071e-06 -2.01245e-06 9.12825e-07 3.25074e-06 3.93814e-06 2.78174e-06 3.0023e-07 -2.18822e-06 -3.43215e-06 -2.92608e-06 -9.96358e-07 1.26512e-06 2.85657e-06 2.985e-06 1.35052e-06 -9.90831e-07 -2.48317e-06 -2.41057e-06 -1.24286e-06 2.8733e-07 1.92431e-06 2.70054e-06 1.47193e-06 -8.55484e-07 -2.23433e-06 -1.87655e-06 -6.10481e-07 6.09264e-07 1.50721e-06 1.64596e-06 7.6803e-07 -5.49131e-07 -1.68655e-06 -1.8397e-06 -4.24671e-07 1.42132e-06 1.99454e-06 9.71581e-07 -6.92856e-07 -1.6463e-06 -1.20473e-06 9.00941e-08 1.04731e-06 9.84887e-07 3.42118e-07 -2.73416e-07 -6.79837e-07 -6.18339e-07 -1.96904e-07 1.93793e-07 6.04841e-07 7.27058e-07 1.43143e-07 -5.70662e-07 -8.50876e-07 -5.55248e-07 3.74805e-07 1.07958e-06 7.15735e-07 -2.11822e-07 -9.62591e-07 -9.80196e-07 0. 
0.0966473 0.0966836 0.0952855 0.0926286 0.088886 0.0842272 0.0788164 0.0728121 0.0663656 0.05962 0.0527094 0.0457582 0.0388802 0.032178 0.0257427 0.0196535 0.0139773 0.00876898 0.00407104 -8.58661e-05 -0.00368274 -0.00671177 -0.00917572 -0.0110872 -0.0124679 -0.0133477 -0.0137633 -0.0137577 -0.0133785 -0.0126772 -0.0117076 -0.0105248 -0.00918371 -0.00773839 -0.00624051 -0.00473851 -0.00327667 -0.0018943 -0.000625094 0.000503384 0.00147005 0.00226045 0.00286678 0.00328771 0.00352798 0.00359799 0.00351302 0.00329256 0.00295933 0.00253837 0.00205598 0.00153874 0.00101247 0.000501294 2.67707e-05 -0.000392802 -0.000743029 -0.00101376 -0.00119935 -0.00129866 -0.00131487 -0.00125509 -0.00112981 -0.000952221 -0.000737349 -0.000501215 -0.000259848 -2.84747e-05 0.000179413 0.000352661 0.000483113 0.000565879 0.000599565 0.000586137 0.000530677 0.000440871 0.000326349 0.00019794 6.67698e-05 -5.65025e-05 -0.000162583 -0.000244095 -0.000296208 -0.000316804 -0.000306648 -0.000269118 -0.000209847 -0.000136115 -5.60868e-05 2.19212e-05 9.03417e-05 0.000142939 0.000175517 0.000186126 0.000175305 0.000145824 0.000102371 5.09312e-05 -1.95454e-06 -4.98914e-05 -8.7491e-05 -0.000110829 -0.000118037 -0.000109295 -8.688e-05 -5.46945e-05 -1.77432e-05 1.85583e-05 4.92183e-05 7.02141e-05 7.92008e-05 7.56082e-05 6.084e-05 3.78608e-05 1.07734e-05 -1.58623e-05 -3.78314e-05 -5.17948e-05 -5.59917e-05 -5.02775e-05 -3.62911e-05 -1.69694e-05 3.92913e-06 2.25101e-05 3.55483e-05 4.08915e-05 3.80461e-05 2.79996e-05 1.31753e-05 -3.20387e-06 -1.77592e-05 -2.75656e-05 -3.09125e-05 -2.73994e-05 -1.82259e-05 -5.68309e-06 7.25596e-06 1.76303e-05 2.32642e-05 2.30467e-05 1.74161e-05 7.96325e-06 -2.7905e-06 -1.2116e-05 -1.78053e-05 -1.85438e-05 -1.44764e-05 -6.85618e-06 2.08302e-06 9.86761e-06 1.44798e-05 1.47391e-05 1.08724e-05 4.1224e-06 -3.38769e-06 -9.41689e-06 -1.23017e-05 -1.12554e-05 -6.87184e-06 -6.05656e-07 5.4673e-06 9.40612e-06 1.01115e-05 7.42324e-06 2.47112e-06 -3.02709e-06 -7.18215e-06 -8.57858e-06 -6.94337e-06 -2.90637e-06 1.91492e-06 5.75282e-06 7.28651e-06 5.96955e-06 2.52138e-06 -1.71823e-06 -5.05663e-06 -6.19081e-06 -4.8547e-06 -1.59565e-06 2.10618e-06 4.72647e-06 5.26762e-06 3.50189e-06 3.81855e-07 -2.75363e-06 -4.52908e-06 -4.15069e-06 -1.98217e-06 1.00465e-06 3.36002e-06 4.00709e-06 2.79173e-06 2.34249e-07 -2.28883e-06 -3.51108e-06 -2.95826e-06 -9.57334e-07 1.34701e-06 2.94401e-06 3.03547e-06 1.31897e-06 -1.06659e-06 -2.55849e-06 -2.45557e-06 -1.22736e-06 3.42735e-07 1.99739e-06 2.75291e-06 1.46352e-06 -9.10528e-07 -2.3165e-06 -1.92418e-06 -5.74476e-07 6.71423e-07 1.55341e-06 1.66771e-06 7.49838e-07 -5.90805e-07 -1.73467e-06 -1.86729e-06 -4.0639e-07 1.47265e-06 2.0574e-06 9.86338e-07 -7.53609e-07 -1.70901e-06 -1.22874e-06 1.12722e-07 1.1174e-06 1.02321e-06 3.16052e-07 -3.10976e-07 -7.13129e-07 -6.24595e-07 -1.62429e-07 2.18184e-07 6.0662e-07 7.23731e-07 1.26438e-07 -5.84151e-07 -8.49039e-07 -5.53447e-07 3.82425e-07 1.09322e-06 7.18342e-07 -2.17616e-07 -9.7268e-07 -9.93123e-07 0. 
0.0966473 0.0966836 0.0952855 0.0926286 0.0888861 0.0842272 0.0788165 0.0728122 0.0663657 0.0596201 0.0527096 0.0457585 0.0388805 0.0321784 0.0257432 0.019654 0.0139779 0.00876961 0.00407175 -8.50686e-05 -0.00368185 -0.00671079 -0.00917465 -0.0110861 -0.0124667 -0.0133464 -0.0137619 -0.0137562 -0.013377 -0.0126757 -0.0117061 -0.0105233 -0.00918222 -0.00773696 -0.00623915 -0.00473727 -0.00327556 -0.00189336 -0.000624333 0.000503932 0.00147037 0.00226053 0.00286661 0.00328727 0.0035273 0.00359706 0.00351186 0.0032912 0.0029578 0.00253672 0.00205424 0.00153699 0.00101074 0.000499659 2.52761e-05 -0.000394087 -0.000744069 -0.0010145 -0.00119977 -0.00129874 -0.0013146 -0.00125448 -0.0011289 -0.000951051 -0.00073597 -0.000499704 -0.000258274 -2.69338e-05 0.000180852 0.000353903 0.000484106 0.000566548 0.000599891 0.000586089 0.000530274 0.000440138 0.000325343 0.000196737 6.54522e-05 -5.78261e-05 -0.000163828 -0.000245149 -0.000297011 -0.000317277 -0.000306777 -0.000268883 -0.000209289 -0.000135283 -5.50642e-05 2.30323e-05 9.14425e-05 0.000143909 0.000176283 0.000186593 0.000175455 0.000145629 0.000101877 5.0189e-05 -2.84912e-06 -5.08303e-05 -8.83711e-05 -0.000111533 -0.000118502 -0.00010945 -8.67344e-05 -5.42569e-05 -1.70948e-05 1.93327e-05 5.00081e-05 7.09016e-05 7.97055e-05 7.5843e-05 6.0801e-05 3.75399e-05 1.02475e-05 -1.65181e-05 -3.85037e-05 -5.23712e-05 -5.63925e-05 -5.04225e-05 -3.61865e-05 -1.66181e-05 4.43727e-06 2.30926e-05 3.6092e-05 4.12921e-05 3.82466e-05 2.79478e-05 1.29132e-05 -3.64005e-06 -1.82587e-05 -2.80332e-05 -3.12536e-05 -2.75349e-05 -1.8153e-05 -5.40104e-06 7.65468e-06 1.80701e-05 2.36346e-05 2.32622e-05 1.7444e-05 7.78272e-06 -3.1047e-06 -1.25041e-05 -1.81528e-05 -1.87689e-05 -1.45322e-05 -6.71699e-06 2.35068e-06 1.0211e-05 1.47846e-05 1.49306e-05 1.09048e-05 3.97684e-06 -3.64081e-06 -9.7235e-06 -1.25505e-05 -1.13819e-05 -6.84589e-06 -4.24883e-07 5.71833e-06 9.66827e-06 1.02832e-05 7.45706e-06 2.36811e-06 -3.24596e-06 -7.41528e-06 -8.76615e-06 -7.0095e-06 -2.83094e-06 2.08658e-06 5.9767e-06 7.45603e-06 6.03908e-06 2.46456e-06 -1.88527e-06 -5.24572e-06 -6.34951e-06 -4.90381e-06 -1.52455e-06 2.25628e-06 4.90962e-06 5.38374e-06 3.521e-06 2.94326e-07 -2.91449e-06 -4.67171e-06 -4.23427e-06 -1.95503e-06 1.12401e-06 3.50079e-06 4.12269e-06 2.8118e-06 1.63815e-07 -2.41773e-06 -3.64695e-06 -3.00118e-06 -9.08407e-07 1.44788e-06 3.05671e-06 3.1088e-06 1.32429e-06 -1.17764e-06 -2.70547e-06 -2.49496e-06 -1.1893e-06 3.92922e-07 2.06661e-06 2.84904e-06 1.5046e-06 -1.01733e-06 -2.45333e-06 -1.9601e-06 -5.44132e-07 7.48343e-07 1.63627e-06 1.68766e-06 7.24289e-07 -6.33988e-07 -1.79274e-06 -1.92448e-06 -4.02264e-07 1.56859e-06 2.14422e-06 9.96772e-07 -8.06494e-07 -1.8186e-06 -1.28564e-06 1.793e-07 1.20105e-06 1.06661e-06 3.08967e-07 -3.85171e-07 -7.66792e-07 -6.09333e-07 -1.31078e-07 2.50582e-07 6.23319e-07 7.05053e-07 1.06159e-07 -5.93257e-07 -8.56769e-07 -5.49502e-07 3.96583e-07 1.10704e-06 7.26461e-07 -2.23764e-07 -9.91858e-07 -1.00958e-06 0. 
0.0966473 0.0966836 0.0952855 0.0926286 0.0888861 0.0842272 0.0788164 0.0728122 0.0663657 0.0596201 0.0527096 0.0457585 0.0388806 0.0321785 0.0257433 0.0196542 0.0139782 0.00877001 0.00407223 -8.44959e-05 -0.00368118 -0.00671002 -0.00917377 -0.0110851 -0.0124656 -0.0133452 -0.0137606 -0.0137548 -0.0133755 -0.0126741 -0.0117045 -0.0105216 -0.00918053 -0.00773528 -0.0062375 -0.00473567 -0.00327406 -0.00189198 -0.000623115 0.000504969 0.00147119 0.00226111 0.00286693 0.00328732 0.00352706 0.00359653 0.00351105 0.00329013 0.00295649 0.00253519 0.00205256 0.00153519 0.00100889 0.00049781 2.35079e-05 -0.000395728 -0.000745501 -0.00101568 -0.00120064 -0.00129927 -0.00131476 -0.00125428 -0.00112833 -0.000950142 -0.000734776 -0.000498275 -0.0002567 -2.52818e-05 0.00018247 0.000355417 0.000485407 0.000567584 0.000600578 0.000586408 0.000530194 0.000439679 0.000324538 0.000195646 6.41668e-05 -5.9222e-05 -0.000165208 -0.000246429 -0.000298066 -0.000318051 -0.000307188 -0.000268923 -0.000208946 -0.000134606 -5.41201e-05 2.41539e-05 9.26188e-05 0.000145042 0.000177236 0.000187302 0.000175822 0.00014565 0.000101537 4.9551e-05 -3.71294e-06 -5.18155e-05 -8.93474e-05 -0.000112402 -0.000119134 -0.000109801 -8.67387e-05 -5.39499e-05 -1.65057e-05 2.0104e-05 5.08517e-05 7.17053e-05 8.03369e-05 7.62408e-05 6.08828e-05 3.73334e-05 9.76656e-06 -1.71707e-05 -3.92268e-05 -5.30485e-05 -5.68981e-05 -5.07012e-05 -3.61671e-05 -1.63451e-05 4.93572e-06 2.36995e-05 3.67008e-05 4.17942e-05 3.85325e-05 2.79967e-05 1.26906e-05 -4.04913e-06 -1.87909e-05 -2.85608e-05 -3.16667e-05 -2.77635e-05 -1.8128e-05 -5.16901e-06 8.06849e-06 1.85394e-05 2.40646e-05 2.35546e-05 1.75182e-05 7.65618e-06 -3.42859e-06 -1.29059e-05 -1.85529e-05 -1.90559e-05 -1.46283e-05 -6.62603e-06 2.63085e-06 1.05635e-05 1.51388e-05 1.51734e-05 1.09685e-05 3.86921e-06 -3.91468e-06 -1.0042e-05 -1.28467e-05 -1.15516e-05 -6.83814e-06 -2.69162e-07 6.00106e-06 9.94782e-06 1.04969e-05 7.52563e-06 2.26512e-06 -3.454e-06 -7.68937e-06 -8.97522e-06 -7.10395e-06 -2.77917e-06 2.27952e-06 6.20275e-06 7.66701e-06 6.12913e-06 2.41237e-06 -2.04184e-06 -5.47275e-06 -6.51815e-06 -4.97874e-06 -1.46664e-06 2.42963e-06 5.09276e-06 5.53683e-06 3.54993e-06 2.02239e-07 -3.07126e-06 -4.853e-06 -4.32074e-06 -1.93963e-06 1.23713e-06 3.67508e-06 4.2413e-06 2.85426e-06 8.77149e-08 -2.56973e-06 -3.76915e-06 -3.07648e-06 -8.71375e-07 1.57043e-06 3.18637e-06 3.2023e-06 1.29597e-06 -1.2774e-06 -2.81781e-06 -2.59394e-06 -1.17516e-06 4.81339e-07 2.16486e-06 2.93517e-06 1.5128e-06 -1.08348e-06 -2.58412e-06 -2.05683e-06 -4.89534e-07 8.37756e-07 1.69849e-06 1.74442e-06 7.03604e-07 -7.03611e-07 -1.85967e-06 -1.97828e-06 -3.87986e-07 1.64941e-06 2.2489e-06 1.02949e-06 -9.00451e-07 -1.91501e-06 -1.32701e-06 1.9946e-07 1.31773e-06 1.1328e-06 2.60378e-07 -4.299e-07 -8.18911e-07 -6.35374e-07 -6.70269e-08 2.85753e-07 6.16856e-07 7.17665e-07 7.73111e-08 -6.24063e-07 -8.42861e-07 -5.56452e-07 4.029e-07 1.1447e-06 7.24499e-07 -2.35895e-07 -9.98633e-07 -1.04311e-06 0. 
0.0966473 0.0966836 0.0952854 0.0926285 0.0888859 0.084227 0.0788163 0.072812 0.0663655 0.0596199 0.0527095 0.0457584 0.0388804 0.0321784 0.0257432 0.0196542 0.0139782 0.00877007 0.00407237 -8.42742e-05 -0.00368086 -0.0067096 -0.00917324 -0.0110844 -0.0124648 -0.0133443 -0.0137596 -0.0137537 -0.0133742 -0.0126727 -0.011703 -0.01052 -0.00917886 -0.00773355 -0.00623575 -0.00473392 -0.00327233 -0.00189032 -0.000621544 0.000506404 0.00147246 0.00226218 0.00286777 0.00328791 0.00352736 0.00359654 0.00351077 0.00328955 0.00295561 0.00253406 0.00205118 0.00153362 0.00100717 0.000496014 2.16739e-05 -0.000397507 -0.000747181 -0.00101717 -0.00120191 -0.00130023 -0.0013154 -0.00125455 -0.00112822 -0.000949675 -0.000733959 -0.00049717 -0.000255344 -2.37773e-05 0.000184069 0.000356986 0.000486885 0.000568853 0.000601589 0.000587078 0.0005305 0.000439597 0.00032408 0.00019486 6.30985e-05 -6.04632e-05 -0.000166554 -0.000247739 -0.000299271 -0.000319018 -0.000307873 -0.000269248 -0.000208907 -0.000134207 -5.34043e-05 2.50985e-05 9.3718e-05 0.000146153 0.000178282 0.000188138 0.000176403 0.000145888 0.00010144 4.91236e-05 -4.4101e-06 -5.26827e-05 -9.02991e-05 -0.000113287 -0.000119884 -0.000110284 -8.69379e-05 -5.38162e-05 -1.60875e-05 2.0748e-05 5.16323e-05 7.24863e-05 8.10379e-05 7.67211e-05 6.11192e-05 3.72587e-05 9.43185e-06 -1.77205e-05 -3.98959e-05 -5.37076e-05 -5.74671e-05 -5.10471e-05 -3.62802e-05 -1.61731e-05 5.32223e-06 2.42394e-05 3.72904e-05 4.23025e-05 3.88979e-05 2.81113e-05 1.25831e-05 -4.38659e-06 -1.92581e-05 -2.90627e-05 -3.21093e-05 -2.80247e-05 -1.81975e-05 -4.99442e-06 8.40201e-06 1.89749e-05 2.44923e-05 2.38601e-05 1.76642e-05 7.57115e-06 -3.67313e-06 -1.32779e-05 -1.8936e-05 -1.93488e-05 -1.47806e-05 -6.5648e-06 2.83864e-06 1.08947e-05 1.54739e-05 1.5422e-05 1.10811e-05 3.78323e-06 -4.12478e-06 -1.03488e-05 -1.31301e-05 -1.173e-05 -6.87853e-06 -1.28267e-07 6.23014e-06 1.02252e-05 1.07104e-05 7.60477e-06 2.21213e-06 -3.65513e-06 -7.92358e-06 -9.19038e-06 -7.21467e-06 -2.73617e-06 2.42295e-06 6.43142e-06 7.85785e-06 6.22941e-06 2.39286e-06 -2.19704e-06 -5.65917e-06 -6.6976e-06 -5.0586e-06 -1.41538e-06 2.56139e-06 5.28536e-06 5.67075e-06 3.5906e-06 1.39018e-07 -3.23287e-06 -5.00158e-06 -4.42439e-06 -1.93488e-06 1.35265e-06 3.81294e-06 4.37297e-06 2.89192e-06 2.41606e-08 -2.69194e-06 -3.9176e-06 -3.12849e-06 -8.30538e-07 1.65739e-06 3.30793e-06 3.28783e-06 1.31201e-06 -1.38398e-06 -2.97412e-06 -2.63164e-06 -1.14708e-06 5.16383e-07 2.24445e-06 3.0392e-06 1.55883e-06 -1.18559e-06 -2.72425e-06 -2.0955e-06 -4.72027e-07 9.13293e-07 1.79396e-06 1.75972e-06 6.83415e-07 -7.3747e-07 -1.93024e-06 -2.03873e-06 -3.83067e-07 1.74085e-06 2.34326e-06 1.04582e-06 -9.54016e-07 -2.02942e-06 -1.39009e-06 2.69789e-07 1.4017e-06 1.17754e-06 2.60908e-07 -5.12708e-07 -8.7591e-07 -6.12015e-07 -4.31118e-08 3.20736e-07 6.4195e-07 6.8773e-07 5.95207e-08 -6.2657e-07 -8.60913e-07 -5.46479e-07 4.21481e-07 1.1475e-06 7.40157e-07 -2.39669e-07 -1.02794e-06 -1.05057e-06 0. 
0.0966473 0.0966835 0.0952853 0.0926284 0.0888857 0.0842268 0.078816 0.0728117 0.0663652 0.0596196 0.052709 0.0457579 0.03888 0.0321779 0.0257428 0.0196538 0.0139778 0.00876974 0.00407209 -8.44827e-05 -0.003681 -0.00670964 -0.00917318 -0.0110843 -0.0124645 -0.0133438 -0.013759 -0.0137529 -0.0133734 -0.0126717 -0.0117018 -0.0105187 -0.00917743 -0.00773201 -0.00623411 -0.00473221 -0.00327057 -0.00188854 -0.000619783 0.000508117 0.00147409 0.00226368 0.00286911 0.00328904 0.00352827 0.00359719 0.00351113 0.00328961 0.00295537 0.00253351 0.00205036 0.00153252 0.00100585 0.000494493 2.00304e-05 -0.000399234 -0.000748906 -0.00101884 -0.00120344 -0.00130158 -0.00131649 -0.00125533 -0.00112868 -0.00094977 -0.000733705 -0.000496565 -0.000254446 -2.26126e-05 0.000185404 0.00035844 0.000488344 0.000570252 0.000602821 0.000588083 0.000531205 0.000439964 0.000324094 0.000194516 6.2447e-05 -6.13902e-05 -0.000167651 -0.000248946 -0.000300456 -0.000320114 -0.000308763 -0.00026988 -0.00020922 -0.000134184 -5.30624e-05 2.57325e-05 9.45519e-05 0.000147126 0.00017926 0.000189052 0.000177127 0.000146376 0.000101625 4.90048e-05 -4.80862e-06 -5.33174e-05 -9.10642e-05 -0.000114114 -0.000120634 -0.000110898 -8.73095e-05 -5.3929e-05 -1.592e-05 2.11602e-05 5.22139e-05 7.31689e-05 8.16891e-05 7.72803e-05 6.14695e-05 3.73852e-05 9.29933e-06 -1.80703e-05 -4.03964e-05 -5.42863e-05 -5.79973e-05 -5.1474e-05 -3.64968e-05 -1.61819e-05 5.53991e-06 2.46236e-05 3.77608e-05 4.27843e-05 3.9269e-05 2.8339e-05 1.25909e-05 -4.56155e-06 -1.95923e-05 -2.94767e-05 -3.25003e-05 -2.83354e-05 -1.8328e-05 -4.9596e-06 8.62014e-06 1.92993e-05 2.4848e-05 2.41746e-05 1.78365e-05 7.60059e-06 -3.82531e-06 -1.35373e-05 -1.92481e-05 -1.96333e-05 -1.49445e-05 -6.6016e-06 2.97172e-06 1.11214e-05 1.57491e-05 1.5663e-05 1.12052e-05 3.78921e-06 -4.27164e-06 -1.05645e-05 -1.33696e-05 -1.19151e-05 -6.93832e-06 -7.9615e-08 6.40525e-06 1.04323e-05 1.08997e-05 7.71501e-06 2.18866e-06 -3.76527e-06 -8.11636e-06 -9.36687e-06 -7.32375e-06 -2.75182e-06 2.53157e-06 6.58262e-06 8.02696e-06 6.33393e-06 2.39154e-06 -2.27581e-06 -5.81757e-06 -6.8347e-06 -5.14137e-06 -1.41246e-06 2.66748e-06 5.41122e-06 5.79792e-06 3.64338e-06 9.60935e-08 -3.32664e-06 -5.13833e-06 -4.50677e-06 -1.94584e-06 1.41027e-06 3.93745e-06 4.46636e-06 2.93926e-06 -6.76207e-09 -2.79334e-06 -4.00486e-06 -3.19871e-06 -8.24628e-07 1.73931e-06 3.39369e-06 3.36269e-06 1.31257e-06 -1.44076e-06 -3.05122e-06 -2.71994e-06 -1.14585e-06 5.79216e-07 2.29983e-06 3.10305e-06 1.58384e-06 -1.221e-06 -2.8165e-06 -2.17502e-06 -4.39336e-07 9.69053e-07 1.83172e-06 1.81523e-06 6.74891e-07 -7.90163e-07 -1.96905e-06 -2.08304e-06 -3.84944e-07 1.79946e-06 2.417e-06 1.07261e-06 -1.01245e-06 -2.09522e-06 -1.42278e-06 2.75486e-07 1.4831e-06 1.22635e-06 2.25774e-07 -5.346e-07 -9.11499e-07 -6.40253e-07 5.64074e-09 3.42903e-07 6.32111e-07 7.08378e-07 3.80917e-08 -6.54458e-07 -8.43684e-07 -5.57985e-07 4.21732e-07 1.18489e-06 7.33922e-07 -2.50171e-07 -1.02523e-06 -1.08323e-06 0. 
0.0966473 0.0966835 0.0952852 0.0926282 0.0888855 0.0842265 0.0788156 0.0728112 0.0663646 0.059619 0.0527084 0.0457573 0.0388793 0.0321772 0.0257421 0.019653 0.0139771 0.008769 0.00407138 -8.51635e-05 -0.00368162 -0.00671021 -0.00917366 -0.0110847 -0.0124648 -0.013344 -0.013759 -0.0137528 -0.0133731 -0.0126713 -0.0117012 -0.0105179 -0.00917645 -0.00773086 -0.0062328 -0.00473075 -0.00326898 -0.00188684 -0.000618007 0.000509938 0.00147592 0.00226548 0.00287084 0.00329067 0.00352974 0.00359847 0.00351218 0.0032904 0.00295587 0.00253371 0.00205022 0.00153209 0.0010051 0.000493479 1.87651e-05 -0.000400685 -0.000750505 -0.00102051 -0.00120513 -0.0013032 -0.00131797 -0.00125662 -0.00112971 -0.000950503 -0.000734094 -0.000496615 -0.000254136 -2.19896e-05 0.000186326 0.000359577 0.00048965 0.000571623 0.000604189 0.000589346 0.000532292 0.000440804 0.000324629 0.000194728 6.23112e-05 -6.18315e-05 -0.000168383 -0.000249874 -0.000301529 -0.000321213 -0.000309817 -0.000270783 -0.000209906 -0.000134598 -5.31658e-05 2.59224e-05 9.50301e-05 0.000147808 0.0001801 0.000189928 0.000177972 0.000147079 0.000102127 4.92532e-05 -4.83863e-06 -5.35969e-05 -9.15737e-05 -0.000114754 -0.000121351 -0.000111567 -8.78738e-05 -5.42985e-05 -1.60621e-05 2.12538e-05 5.25338e-05 7.36376e-05 8.22625e-05 7.78366e-05 6.19575e-05 3.77071e-05 9.42871e-06 -1.81509e-05 -4.06728e-05 -5.46855e-05 -5.84755e-05 -5.19137e-05 -3.68561e-05 -1.63738e-05 5.52517e-06 2.47857e-05 3.80711e-05 4.31566e-05 3.96593e-05 2.86369e-05 1.27729e-05 -4.55024e-06 -1.97356e-05 -2.97344e-05 -3.28304e-05 -2.86359e-05 -1.8568e-05 -5.05687e-06 8.65704e-06 1.94672e-05 2.51061e-05 2.44396e-05 1.8074e-05 7.72082e-06 -3.81634e-06 -1.36571e-05 -1.94548e-05 -1.98595e-05 -1.51542e-05 -6.7081e-06 2.96015e-06 1.1228e-05 1.59285e-05 1.58556e-05 1.13766e-05 3.86037e-06 -4.28486e-06 -1.06793e-05 -1.35358e-05 -1.20737e-05 -7.06204e-06 -1.00553e-07 6.45795e-06 1.05608e-05 1.10514e-05 7.82841e-06 2.25209e-06 -3.8024e-06 -8.2085e-06 -9.49557e-06 -7.44292e-06 -2.80129e-06 2.53777e-06 6.6698e-06 8.13784e-06 6.43058e-06 2.45058e-06 -2.30169e-06 -5.88432e-06 -6.93707e-06 -5.22905e-06 -1.43996e-06 2.68413e-06 5.4927e-06 5.88426e-06 3.70463e-06 1.17763e-07 -3.37738e-06 -5.20753e-06 -4.58256e-06 -1.98862e-06 1.43259e-06 3.9842e-06 4.5413e-06 2.99148e-06 -4.48245e-09 -2.82359e-06 -4.07598e-06 -3.24656e-06 -8.38186e-07 1.74845e-06 3.45084e-06 3.41975e-06 1.34285e-06 -1.46129e-06 -3.11259e-06 -2.74772e-06 -1.16545e-06 5.67847e-07 2.34208e-06 3.15839e-06 1.61536e-06 -1.24198e-06 -2.86715e-06 -2.20161e-06 -4.58018e-07 9.83025e-07 1.87615e-06 1.83064e-06 6.88261e-07 -7.88799e-07 -2.01282e-06 -2.11886e-06 -3.89678e-07 1.82588e-06 2.46269e-06 1.09174e-06 -1.02765e-06 -2.13659e-06 -1.45342e-06 2.92703e-07 1.50584e-06 1.2435e-06 2.40391e-07 -5.581e-07 -9.30198e-07 -6.34353e-07 -5.05456e-09 3.50735e-07 6.53794e-07 7.02236e-07 4.23716e-08 -6.54133e-07 -8.71435e-07 -5.58852e-07 4.3453e-07 1.18836e-06 7.55805e-07 -2.50604e-07 -1.05522e-06 -1.08856e-06 0. 
0.0966473 0.0966834 0.095285 0.0926279 0.0888852 0.0842261 0.0788151 0.0728107 0.066364 0.0596183 0.0527077 0.0457564 0.0388784 0.0321763 0.0257411 0.019652 0.013976 0.0087679 0.00407026 -8.62804e-05 -0.00368273 -0.00671128 -0.0091747 -0.0110856 -0.0124657 -0.0133448 -0.0137597 -0.0137534 -0.0133735 -0.0126715 -0.0117012 -0.0105177 -0.00917608 -0.00773027 -0.00623199 -0.00472973 -0.00326776 -0.00188542 -0.000616415 0.00051168 0.00147778 0.00226743 0.00287283 0.00329265 0.00353167 0.0036003 0.00351386 0.00329188 0.00295712 0.00253467 0.00205088 0.0015324 0.00100508 0.000493103 1.80594e-05 -0.000401705 -0.000751791 -0.00102202 -0.00120679 -0.00130495 -0.00131974 -0.00125832 -0.00113126 -0.000951837 -0.000735157 -0.000497344 -0.000254513 -2.19854e-05 0.000186689 0.000360287 0.000490646 0.00057285 0.000605559 0.000590775 0.000533685 0.000442067 0.000325686 0.0001955 6.27632e-05 -6.1739e-05 -0.000168629 -0.000250448 -0.000302359 -0.000322239 -0.000310936 -0.000271905 -0.000210931 -0.000135434 -5.37523e-05 2.56444e-05 9.50604e-05 0.000148151 0.000180692 0.000190717 0.000178855 0.000147968 0.000102923 4.98693e-05 -4.45767e-06 -5.34981e-05 -9.17413e-05 -0.000115176 -0.000121947 -0.000112273 -8.85822e-05 -5.49253e-05 -1.65269e-05 2.10123e-05 5.2528e-05 7.38744e-05 8.26793e-05 7.83843e-05 6.25332e-05 3.8235e-05 9.82449e-06 -1.79446e-05 -4.06718e-05 -5.48954e-05 -5.88344e-05 -5.23742e-05 -3.73184e-05 -1.67703e-05 5.26694e-06 2.47075e-05 3.81697e-05 4.34209e-05 4.00137e-05 2.90282e-05 1.31081e-05 -4.32537e-06 -1.96627e-05 -2.98275e-05 -3.30495e-05 -2.89465e-05 -1.88812e-05 -5.32022e-06 8.50894e-06 1.94602e-05 2.52286e-05 2.46708e-05 1.8337e-05 7.96955e-06 -3.65538e-06 -1.36118e-05 -1.95297e-05 -2.00394e-05 -1.53726e-05 -6.92437e-06 2.81872e-06 1.11856e-05 1.59933e-05 1.6012e-05 1.15624e-05 4.03912e-06 -4.18013e-06 -1.0665e-05 -1.36136e-05 -1.22232e-05 -7.22025e-06 -2.35751e-07 6.40198e-06 1.05891e-05 1.11506e-05 7.97213e-06 2.37566e-06 -3.72232e-06 -8.20966e-06 -9.5688e-06 -7.5547e-06 -2.92326e-06 2.46588e-06 6.65671e-06 8.19342e-06 6.53254e-06 2.54819e-06 -2.22953e-06 -5.87928e-06 -6.98872e-06 -5.31438e-06 -1.53269e-06 2.63692e-06 5.49337e-06 5.93939e-06 3.78861e-06 1.83774e-07 -3.34201e-06 -5.23053e-06 -4.64316e-06 -2.05594e-06 1.3782e-06 3.98161e-06 4.57649e-06 3.05086e-06 5.59929e-08 -2.80346e-06 -4.0909e-06 -3.29731e-06 -8.96778e-07 1.72144e-06 3.4524e-06 3.45971e-06 1.39632e-06 -1.42956e-06 -3.10793e-06 -2.78306e-06 -1.21141e-06 5.38095e-07 2.3334e-06 3.19104e-06 1.65781e-06 -1.2204e-06 -2.8617e-06 -2.22284e-06 -4.93504e-07 9.51998e-07 1.87095e-06 1.868e-06 7.24422e-07 -7.77529e-07 -2.01861e-06 -2.15144e-06 -4.16019e-07 1.82837e-06 2.47146e-06 1.10967e-06 -1.0077e-06 -2.13364e-06 -1.46365e-06 2.71231e-07 1.48779e-06 1.24429e-06 2.58427e-07 -5.28902e-07 -9.20947e-07 -6.56243e-07 -2.87725e-08 3.35029e-07 6.61338e-07 7.37243e-07 5.81996e-08 -6.66387e-07 -8.90048e-07 -5.8292e-07 4.35786e-07 1.22006e-06 7.70956e-07 -2.54137e-07 -1.07008e-06 -1.11643e-06 0. 
0.0966473 0.0966833 0.0952849 0.0926277 0.0888848 0.0842257 0.0788146 0.0728101 0.0663633 0.0596175 0.0527068 0.0457555 0.0388774 0.0321752 0.0257399 0.0196508 0.0139747 0.00876653 0.00406884 -8.7743e-05 -0.00368422 -0.00671279 -0.0091762 -0.0110871 -0.0124672 -0.0133462 -0.013761 -0.0137545 -0.0133745 -0.0126724 -0.0117019 -0.0105183 -0.00917639 -0.00773035 -0.00623182 -0.0047293 -0.00326706 -0.00188446 -0.000615199 0.000513138 0.00147946 0.0022693 0.00287486 0.00329479 0.00353388 0.00360252 0.00351603 0.00329395 0.00295902 0.00253635 0.00205229 0.00153349 0.0010058 0.000493446 1.80058e-05 -0.000402153 -0.000752618 -0.00102319 -0.00120826 -0.00130665 -0.0013216 -0.00126026 -0.00113319 -0.000953667 -0.000736796 -0.000498715 -0.000255547 -2.26353e-05 0.000186455 0.000360473 0.000491235 0.0005738 0.000606803 0.000592232 0.000535253 0.000443645 0.000327163 0.000196779 6.37549e-05 -6.10965e-05 -0.000168378 -0.000250595 -0.000302883 -0.000323087 -0.000312028 -0.000273143 -0.000212202 -0.000136628 -5.47603e-05 2.49061e-05 9.46569e-05 0.000148107 0.000181003 0.000191338 0.000179713 0.000148965 0.000103945 5.08062e-05 -3.71138e-06 -5.30169e-05 -9.15757e-05 -0.000115331 -0.000122395 -0.000112947 -8.93874e-05 -5.5756e-05 -1.72696e-05 2.04493e-05 5.22189e-05 7.38487e-05 8.29327e-05 7.8868e-05 6.31674e-05 3.89209e-05 1.04526e-05 -1.74652e-05 -4.04151e-05 -5.48899e-05 -5.90741e-05 -5.2808e-05 -3.78651e-05 -1.73335e-05 4.78982e-06 2.43936e-05 3.80736e-05 4.35478e-05 4.03333e-05 2.94715e-05 1.35829e-05 -3.91024e-06 -1.9392e-05 -2.97457e-05 -3.31696e-05 -2.92327e-05 -1.92664e-05 -5.71884e-06 8.18832e-06 1.92812e-05 2.52306e-05 2.48423e-05 1.86329e-05 8.31505e-06 -3.3479e-06 -1.34116e-05 -1.94867e-05 -2.01537e-05 -1.56113e-05 -7.2202e-06 2.54783e-06 1.10066e-05 1.59559e-05 1.61159e-05 1.1776e-05 4.29719e-06 -3.95535e-06 -1.0533e-05 -1.36147e-05 -1.23469e-05 -7.42692e-06 -4.58824e-07 6.23544e-06 1.05244e-05 1.12095e-05 8.1266e-06 2.57267e-06 -3.54842e-06 -8.1207e-06 -9.58631e-06 -7.67327e-06 -3.09457e-06 2.30521e-06 6.56057e-06 8.19964e-06 6.62952e-06 2.69949e-06 -2.08358e-06 -5.79773e-06 -6.99561e-06 -5.40904e-06 -1.67023e-06 2.51367e-06 5.43118e-06 5.96702e-06 3.8853e-06 3.08703e-07 -3.24335e-06 -5.20307e-06 -4.69043e-06 -2.16009e-06 1.26852e-06 3.91926e-06 4.58429e-06 3.12635e-06 1.56504e-07 -2.72236e-06 -4.06585e-06 -3.35073e-06 -9.92224e-07 1.64149e-06 3.42463e-06 3.48562e-06 1.459e-06 -1.33953e-06 -3.04741e-06 -2.81406e-06 -1.29768e-06 4.7294e-07 2.31442e-06 3.19728e-06 1.69187e-06 -1.14496e-06 -2.80345e-06 -2.23804e-06 -5.59315e-07 8.78848e-07 1.83948e-06 1.90584e-06 7.91584e-07 -7.37368e-07 -2.02042e-06 -2.17516e-06 -4.50068e-07 1.7899e-06 2.45914e-06 1.13309e-06 -9.65212e-07 -2.08636e-06 -1.45737e-06 2.15981e-07 1.42777e-06 1.2266e-06 2.93923e-07 -4.5991e-07 -8.86266e-07 -6.89199e-07 -8.80651e-08 2.98434e-07 6.76158e-07 7.91444e-07 9.63537e-08 -6.76928e-07 -9.3203e-07 -6.1826e-07 4.38753e-07 1.25674e-06 8.03196e-07 -2.55637e-07 -1.10147e-06 -1.14744e-06 0. 
0.0966473 0.0966832 0.0952847 0.0926275 0.0888845 0.0842253 0.0788142 0.0728095 0.0663627 0.0596168 0.052706 0.0457546 0.0388764 0.0321741 0.0257387 0.0196495 0.0139733 0.00876504 0.00406727 -8.93964e-05 -0.00368594 -0.00671457 -0.00917803 -0.011089 -0.012469 -0.013348 -0.0137628 -0.0137563 -0.0133762 -0.012674 -0.0117033 -0.0105195 -0.00917742 -0.00773114 -0.00623236 -0.00472956 -0.00326702 -0.00188412 -0.000614537 0.000514113 0.00148074 0.00227086 0.00287668 0.00329684 0.0035361 0.00360487 0.00351845 0.00329638 0.00296138 0.00253858 0.00205432 0.00153525 0.00100723 0.000494503 1.86439e-05 -0.000401954 -0.000752867 -0.00102388 -0.00120935 -0.00130811 -0.00132336 -0.00126224 -0.00113529 -0.000955793 -0.000738841 -0.000500584 -0.000257139 -2.3877e-05 0.000185634 0.000360106 0.000491341 0.000574361 0.00060778 0.000593553 0.000536826 0.000445363 0.000328902 0.000198424 6.51824e-05 -5.99778e-05 -0.000167654 -0.000250302 -0.000303042 -0.000323667 -0.000312975 -0.000274363 -0.000213584 -0.000138046 -5.60796e-05 2.37983e-05 9.38674e-05 0.000147694 0.000181006 0.000191734 0.000180457 0.000149963 0.000105083 5.19546e-05 -2.68496e-06 -5.22208e-05 -9.11038e-05 -0.000115219 -0.000122655 -0.000113525 -9.0207e-05 -5.66973e-05 -1.82071e-05 1.96406e-05 5.16498e-05 7.35826e-05 8.30068e-05 7.92486e-05 6.37981e-05 3.96894e-05 1.12423e-05 -1.67799e-05 -3.99415e-05 -5.46902e-05 -5.91809e-05 -5.31809e-05 -3.84427e-05 -1.79986e-05 4.15064e-06 2.3896e-05 3.78054e-05 4.35432e-05 4.05939e-05 2.99255e-05 1.4147e-05 -3.36113e-06 -1.89621e-05 -2.95184e-05 -3.31898e-05 -2.94772e-05 -1.9687e-05 -6.20485e-06 7.73595e-06 1.89689e-05 2.51237e-05 2.49523e-05 1.89364e-05 8.71933e-06 -2.93119e-06 -1.30954e-05 -1.93412e-05 -2.02076e-05 -1.58512e-05 -7.56432e-06 2.18021e-06 1.07273e-05 1.58299e-05 1.6173e-05 1.19998e-05 4.60599e-06 -3.639e-06 -1.03151e-05 -1.35474e-05 -1.24462e-05 -7.66285e-06 -7.41055e-07 5.9818e-06 1.0392e-05 1.12288e-05 8.2853e-06 2.82171e-06 -3.30979e-06 -7.95757e-06 -9.56391e-06 -7.78964e-06 -3.29924e-06 2.07658e-06 6.40752e-06 8.16117e-06 6.72392e-06 2.8876e-06 -1.88716e-06 -5.65358e-06 -6.97409e-06 -5.50419e-06 -1.83994e-06 2.33184e-06 5.32838e-06 5.96659e-06 3.9941e-06 4.76091e-07 -3.10165e-06 -5.13172e-06 -4.73513e-06 -2.28691e-06 1.12116e-06 3.80717e-06 4.57731e-06 3.20977e-06 2.92295e-07 -2.5983e-06 -4.02649e-06 -3.39182e-06 -1.10825e-06 1.51113e-06 3.36779e-06 3.51174e-06 1.55304e-06 -1.23483e-06 -2.97276e-06 -2.79979e-06 -1.39979e-06 3.43344e-07 2.27387e-06 3.22226e-06 1.74115e-06 -1.07642e-06 -2.71434e-06 -2.21123e-06 -6.62363e-07 7.67747e-07 1.80451e-06 1.92801e-06 8.80513e-07 -6.56804e-07 -2.02127e-06 -2.21213e-06 -4.92751e-07 1.74293e-06 2.42583e-06 1.15388e-06 -8.87408e-07 -2.02896e-06 -1.44921e-06 1.6872e-07 1.3217e-06 1.18674e-06 3.65998e-07 -3.8372e-07 -8.36171e-07 -7.05863e-07 -1.92482e-07 2.44877e-07 7.12121e-07 8.43884e-07 1.56095e-07 -6.74733e-07 -1.0076e-06 -6.58962e-07 4.49722e-07 1.28818e-06 8.57132e-07 -2.52665e-07 -1.15712e-06 -1.17592e-06 0. 
0.0966473 0.0966832 0.0952846 0.0926273 0.0888843 0.084225 0.0788138 0.0728091 0.0663622 0.0596162 0.0527053 0.0457538 0.0388755 0.0321731 0.0257376 0.0196483 0.013972 0.00876362 0.00406573 -9.10431e-05 -0.0036877 -0.00671642 -0.00917997 -0.011091 -0.0124711 -0.0133501 -0.013765 -0.0137584 -0.0133783 -0.012676 -0.0117053 -0.0105213 -0.00917909 -0.00773262 -0.0062336 -0.00473053 -0.00326771 -0.00188449 -0.00061457 0.00051443 0.00148141 0.00227189 0.00287804 0.00329851 0.00353807 0.00360707 0.00352084 0.00329888 0.00296395 0.00254112 0.00205676 0.00153751 0.00100925 0.000496188 1.99513e-05 -0.000401085 -0.00075246 -0.00102396 -0.00120991 -0.00130912 -0.00132477 -0.00126398 -0.0011373 -0.000957956 -0.000741064 -0.000502736 -0.000259128 -2.55781e-05 0.00018429 0.00035921 0.00049092 0.000574446 0.000608347 0.000594563 0.000538205 0.000447005 0.0003307 0.000200232 6.689e-05 -5.85172e-05 -0.000166521 -0.000249602 -0.000302797 -0.000323904 -0.000313649 -0.000275412 -0.000214905 -0.000139507 -5.75565e-05 2.24632e-05 9.27751e-05 0.00014697 0.000180685 0.000191863 0.000180988 0.00015084 0.000106195 5.31679e-05 -1.50084e-06 -5.122e-05 -9.03749e-05 -0.000114869 -0.000122686 -0.000113946 -9.09323e-05 -5.76338e-05 -1.92206e-05 1.86975e-05 5.08882e-05 7.31277e-05 8.28846e-05 7.94954e-05 6.43379e-05 4.04501e-05 1.20889e-05 -1.59844e-05 -3.93099e-05 -5.43418e-05 -5.91346e-05 -5.3465e-05 -3.89682e-05 -1.86872e-05 3.43791e-06 2.32899e-05 3.73992e-05 4.343e-05 4.07539e-05 3.03501e-05 1.47161e-05 -2.74789e-06 -1.84354e-05 -2.91925e-05 -3.31038e-05 -2.96711e-05 -2.00758e-05 -6.72588e-06 7.22294e-06 1.85737e-05 2.49232e-05 2.50092e-05 1.91961e-05 9.14589e-06 -2.4757e-06 -1.27087e-05 -1.91179e-05 -2.02146e-05 -1.605e-05 -7.93003e-06 1.78264e-06 1.03848e-05 1.564e-05 1.61946e-05 1.21928e-05 4.94327e-06 -3.29327e-06 -1.00399e-05 -1.34287e-05 -1.25259e-05 -7.88259e-06 -1.06213e-06 5.69631e-06 1.02114e-05 1.12103e-05 8.44548e-06 3.07061e-06 -3.02402e-06 -7.76254e-06 -9.51046e-06 -7.88493e-06 -3.52864e-06 1.83464e-06 6.20887e-06 8.09769e-06 6.81426e-06 3.07252e-06 -1.6493e-06 -5.4913e-06 -6.92539e-06 -5.58796e-06 -2.03495e-06 2.14094e-06 5.18601e-06 5.95408e-06 4.10898e-06 6.46359e-07 -2.9194e-06 -5.05088e-06 -4.76804e-06 -2.4158e-06 9.37239e-07 3.69172e-06 4.55045e-06 3.29127e-06 4.49232e-07 -2.46502e-06 -3.95145e-06 -3.44632e-06 -1.24898e-06 1.39384e-06 3.29004e-06 3.51952e-06 1.6424e-06 -1.09323e-06 -2.85255e-06 -2.83465e-06 -1.51609e-06 2.54931e-07 2.20756e-06 3.21132e-06 1.7939e-06 -9.64141e-07 -2.60681e-06 -2.21674e-06 -7.49933e-07 6.4738e-07 1.7274e-06 1.98742e-06 9.78023e-07 -6.01505e-07 -1.99163e-06 -2.24262e-06 -5.54964e-07 1.68884e-06 2.38578e-06 1.1764e-06 -8.07854e-07 -1.94465e-06 -1.4291e-06 8.11532e-08 1.2183e-06 1.15115e-06 4.13543e-07 -2.62915e-07 -7.73366e-07 -7.65105e-07 -2.76065e-07 1.80913e-07 7.20413e-07 9.44798e-07 2.12808e-07 -6.99323e-07 -1.05413e-06 -7.23892e-07 4.44993e-07 1.36172e-06 8.93234e-07 -2.5825e-07 -1.18599e-06 -1.2379e-06 0. 
0.0966473 0.0966831 0.0952846 0.0926272 0.0888842 0.0842248 0.0788136 0.0728089 0.0663619 0.0596159 0.0527049 0.0457533 0.0388749 0.0321724 0.0257368 0.0196473 0.013971 0.00876246 0.00406444 -9.24759e-05 -0.00368926 -0.00671813 -0.0091818 -0.0110929 -0.0124732 -0.0133523 -0.0137672 -0.0137608 -0.0133807 -0.0126784 -0.0117077 -0.0105236 -0.00918129 -0.00773468 -0.00623549 -0.00473221 -0.00326914 -0.00188562 -0.000615388 0.000513963 0.00148131 0.00227217 0.00287871 0.00329957 0.00353948 0.00360882 0.00352288 0.00330117 0.0029664 0.0025437 0.00205935 0.00154006 0.00101165 0.000498375 2.18317e-05 -0.00039957 -0.000751375 -0.00102334 -0.00120978 -0.00130949 -0.00132561 -0.00126527 -0.00113895 -0.000959898 -0.00074318 -0.000504943 -0.000261282 -2.75884e-05 0.000182556 0.000357827 0.00048998 0.000573986 0.000608391 0.000595101 0.000539182 0.000448361 0.000332311 0.000202004 6.86614e-05 -5.6849e-05 -0.00016511 -0.000248526 -0.000302156 -0.000323723 -0.000313939 -0.000276135 -0.000215976 -0.000140837 -5.89905e-05 2.10349e-05 9.15217e-05 0.000145979 0.000180077 0.000191664 0.000181224 0.000151464 0.000107123 5.4299e-05 -3.24639e-07 -5.01091e-05 -8.94922e-05 -0.000114281 -0.000122487 -0.000114123 -9.14642e-05 -5.84354e-05 -2.01668e-05 1.77219e-05 5.00478e-05 7.25042e-05 8.25946e-05 7.95388e-05 6.47201e-05 4.10876e-05 1.2874e-05 -1.51689e-05 -3.862e-05 -5.38547e-05 -5.89589e-05 -5.35864e-05 -3.9381e-05 -1.92932e-05 2.7523e-06 2.26399e-05 3.69279e-05 4.3187e-05 4.08123e-05 3.06558e-05 1.52226e-05 -2.15933e-06 -1.78928e-05 -2.87874e-05 -3.29462e-05 -2.97506e-05 -2.03998e-05 -7.1887e-06 6.71815e-06 1.81394e-05 2.4676e-05 2.49699e-05 1.94016e-05 9.50496e-06 -2.03408e-06 -1.23053e-05 -1.88621e-05 -2.01429e-05 -1.62073e-05 -8.23157e-06 1.39483e-06 1.00338e-05 1.54237e-05 1.61492e-05 1.2356e-05 5.22552e-06 -2.94895e-06 -9.75408e-06 -1.32859e-05 -1.25459e-05 -8.08397e-06 -1.34079e-06 5.40282e-06 1.00121e-05 1.11708e-05 8.55135e-06 3.31369e-06 -2.76451e-06 -7.55196e-06 -9.42756e-06 -7.96622e-06 -3.71177e-06 1.58555e-06 6.01687e-06 8.01699e-06 6.86657e-06 3.25566e-06 -1.44351e-06 -5.31246e-06 -6.86209e-06 -5.6618e-06 -2.19129e-06 1.9373e-06 5.05308e-06 5.92537e-06 4.19349e-06 8.23705e-07 -2.76191e-06 -4.95166e-06 -4.78739e-06 -2.54285e-06 7.86318e-07 3.55481e-06 4.52217e-06 3.3693e-06 5.79603e-07 -2.32252e-06 -3.89356e-06 -3.4736e-06 -1.35964e-06 1.24159e-06 3.22487e-06 3.53925e-06 1.72163e-06 -9.81049e-07 -2.75959e-06 -2.79854e-06 -1.62326e-06 1.01832e-07 2.17445e-06 3.2327e-06 1.82431e-06 -8.873e-07 -2.50175e-06 -2.17882e-06 -8.56218e-07 5.26153e-07 1.68805e-06 1.99548e-06 1.07439e-06 -5.0069e-07 -2.00234e-06 -2.27827e-06 -5.89577e-07 1.6266e-06 2.35112e-06 1.20093e-06 -7.3482e-07 -1.87773e-06 -1.41284e-06 2.97934e-08 1.10289e-06 1.10437e-06 4.90594e-07 -1.82202e-07 -7.16543e-07 -7.76269e-07 -3.96017e-07 1.21383e-07 7.64943e-07 9.9413e-07 2.82249e-07 -6.90368e-07 -1.14811e-06 -7.64201e-07 4.618e-07 1.38634e-06 9.61214e-07 -2.52645e-07 -1.25909e-06 -1.2606e-06 0. 
0.0966473 0.0966831 0.0952846 0.0926272 0.0888842 0.0842248 0.0788136 0.0728089 0.0663619 0.0596158 0.0527048 0.0457532 0.0388747 0.0321721 0.0257364 0.0196469 0.0139704 0.00876173 0.00406357 -9.34823e-05 -0.00369043 -0.00671945 -0.00918329 -0.0110946 -0.012475 -0.0133543 -0.0137693 -0.013763 -0.013383 -0.0126808 -0.0117102 -0.0105261 -0.00918382 -0.00773717 -0.0062379 -0.00473449 -0.00327124 -0.00188751 -0.000617005 0.000512649 0.00148034 0.00227157 0.00287851 0.00329977 0.0035401 0.00360984 0.00352429 0.00330291 0.00296846 0.00254598 0.00206183 0.00154262 0.00101423 0.000500862 2.41567e-05 -0.000397505 -0.00074964 -0.00102201 -0.0012089 -0.00130909 -0.00132572 -0.00126586 -0.00114 -0.000961338 -0.000744956 -0.000506929 -0.000263399 -2.96915e-05 0.000180559 0.00035607 0.000488545 0.000572966 0.000607835 0.000595031 0.000539601 0.000449212 0.000333547 0.000203499 7.03295e-05 -5.517e-05 -0.000163518 -0.000247172 -0.000301119 -0.000323096 -0.000313754 -0.000276395 -0.000216652 -0.000141836 -6.02362e-05 1.97012e-05 9.01973e-05 0.00014483 0.000179182 0.000191134 0.000181083 0.000151723 0.000107741 5.51798e-05 7.32575e-07 -4.90388e-05 -8.85004e-05 -0.000113524 -0.000122016 -0.000114014 -9.1702e-05 -5.89786e-05 -2.09404e-05 1.68553e-05 4.91809e-05 7.17989e-05 8.21077e-05 7.93695e-05 6.48544e-05 4.15077e-05 1.35031e-05 -1.44542e-05 -3.79107e-05 -5.33046e-05 -5.86132e-05 -5.35344e-05 -3.95899e-05 -1.97326e-05 2.17131e-06 2.20447e-05 3.63999e-05 4.28623e-05 4.07032e-05 3.08123e-05 1.55769e-05 -1.67652e-06 -1.73776e-05 -2.83731e-05 -3.26793e-05 -2.9725e-05 -2.05716e-05 -7.54091e-06 6.28432e-06 1.77336e-05 2.43659e-05 2.48632e-05 1.94724e-05 9.7675e-06 -1.6777e-06 -1.19415e-05 -1.85694e-05 -2.00256e-05 -1.6247e-05 -8.45381e-06 1.08959e-06 9.71784e-06 1.51775e-05 1.60667e-05 1.24134e-05 5.44396e-06 -2.67432e-06 -9.49076e-06 -1.31064e-05 -1.25291e-05 -8.18762e-06 -1.57057e-06 5.15743e-06 9.8184e-06 1.10786e-05 8.6192e-06 3.46966e-06 -2.53636e-06 -7.35863e-06 -9.33284e-06 -7.97809e-06 -3.86061e-06 1.40226e-06 5.83491e-06 7.91573e-06 6.89481e-06 3.36302e-06 -1.25846e-06 -5.16147e-06 -6.78736e-06 -5.68069e-06 -2.32497e-06 1.79067e-06 4.91842e-06 5.87616e-06 4.25779e-06 9.36483e-07 -2.60966e-06 -4.86371e-06 -4.78849e-06 -2.6153e-06 6.43939e-07 3.45487e-06 4.47904e-06 3.40282e-06 6.95835e-07 -2.21829e-06 -3.81856e-06 -3.49042e-06 -1.45702e-06 1.15757e-06 3.14504e-06 3.52331e-06 1.78774e-06 -8.81109e-07 -2.66246e-06 -2.80673e-06 -1.693e-06 4.03383e-08 2.09859e-06 3.21579e-06 1.87029e-06 -8.16915e-07 -2.41793e-06 -2.16506e-06 -9.12617e-07 4.36454e-07 1.61868e-06 2.03371e-06 1.13915e-06 -4.62541e-07 -1.9592e-06 -2.29926e-06 -6.43928e-07 1.59673e-06 2.31089e-06 1.20689e-06 -6.65477e-07 -1.81777e-06 -1.39693e-06 -2.48885e-08 1.02289e-06 1.07335e-06 5.23346e-07 -9.51007e-08 -6.6842e-07 -8.17447e-07 -4.51285e-07 7.26273e-08 7.63488e-07 1.07153e-06 3.20705e-07 -7.10669e-07 -1.17031e-06 -8.15271e-07 4.52935e-07 1.44691e-06 9.78621e-07 -2.58241e-07 -1.26774e-06 -1.3122e-06 0. 
0.0966473 0.0966832 0.0952847 0.0926274 0.0888844 0.0842251 0.0788139 0.0728091 0.0663622 0.0596161 0.0527051 0.0457534 0.0388749 0.0321723 0.0257366 0.0196469 0.0139703 0.00876158 0.0040633 -9.39017e-05 -0.003691 -0.00672019 -0.00918421 -0.0110957 -0.0124763 -0.0133558 -0.013771 -0.0137649 -0.0133851 -0.0126831 -0.0117126 -0.0105287 -0.00918647 -0.00773989 -0.00624064 -0.0047372 -0.00327388 -0.00189003 -0.000619358 0.000510526 0.00147849 0.00227005 0.00287734 0.00329901 0.00353975 0.00360994 0.00352482 0.00330389 0.00296983 0.00254774 0.00206389 0.00154494 0.00101672 0.000503446 2.67325e-05 -0.000395026 -0.000747355 -0.00102001 -0.00120726 -0.00130788 -0.00132498 -0.00126563 -0.00114026 -0.000962098 -0.00074614 -0.000508498 -0.000265236 -3.17148e-05 0.000178486 0.000354051 0.000486708 0.000571414 0.000606655 0.000594298 0.000539334 0.000449439 0.000334211 0.000204569 7.16858e-05 -5.36082e-05 -0.000161904 -0.000245612 -0.000299752 -0.00032202 -0.000313049 -0.000276119 -0.000216796 -0.000142397 -6.11172e-05 1.85626e-05 8.89537e-05 0.000143578 0.000178073 0.00019026 0.000180535 0.000151549 0.000107933 5.5723e-05 1.52162e-06 -4.80726e-05 -8.75142e-05 -0.000112607 -0.000121304 -0.000113573 -9.15823e-05 -5.91893e-05 -2.14205e-05 1.61554e-05 4.84018e-05 7.10194e-05 8.14731e-05 7.89415e-05 6.47031e-05 4.16416e-05 1.38778e-05 -1.38862e-05 -3.72809e-05 -5.26837e-05 -5.81388e-05 -5.32524e-05 -3.95577e-05 -1.99406e-05 1.78159e-06 2.15295e-05 3.58922e-05 4.24215e-05 4.04439e-05 3.07514e-05 1.57297e-05 -1.34803e-06 -1.69658e-05 -2.79384e-05 -3.23493e-05 -2.95311e-05 -2.05769e-05 -7.7202e-06 5.98033e-06 1.73635e-05 2.40469e-05 2.46331e-05 1.94154e-05 9.86442e-06 -1.44711e-06 -1.16352e-05 -1.82896e-05 -1.98113e-05 -1.61857e-05 -8.525e-06 8.94013e-07 9.45773e-06 1.49437e-05 1.58947e-05 1.23833e-05 5.52707e-06 -2.48846e-06 -9.26453e-06 -1.29244e-05 -1.24167e-05 -8.20969e-06 -1.68445e-06 4.97516e-06 9.62922e-06 1.09621e-05 8.5809e-06 3.55136e-06 -2.39365e-06 -7.19613e-06 -9.20052e-06 -7.94467e-06 -3.90175e-06 1.27547e-06 5.69051e-06 7.80846e-06 6.84527e-06 3.41688e-06 -1.15719e-06 -5.03365e-06 -6.68846e-06 -5.66407e-06 -2.36615e-06 1.68101e-06 4.81056e-06 5.81151e-06 4.24793e-06 1.01039e-06 -2.51801e-06 -4.77658e-06 -4.74613e-06 -2.65093e-06 5.7771e-07 3.36247e-06 4.42124e-06 3.40924e-06 7.3779e-07 -2.13415e-06 -3.75512e-06 -3.47159e-06 -1.48572e-06 1.07558e-06 3.09156e-06 3.50353e-06 1.79402e-06 -8.22777e-07 -2.59496e-06 -2.76405e-06 -1.72333e-06 -3.2632e-08 2.0745e-06 3.19684e-06 1.85656e-06 -7.6973e-07 -2.35355e-06 -2.1342e-06 -9.43285e-07 3.81657e-07 1.58733e-06 2.01414e-06 1.17085e-06 -4.07409e-07 -1.95488e-06 -2.29501e-06 -6.4742e-07 1.54819e-06 2.28381e-06 1.2133e-06 -6.41115e-07 -1.77218e-06 -1.37568e-06 -5.07434e-08 9.72131e-07 1.04563e-06 5.46774e-07 -5.9825e-08 -6.39437e-07 -8.14339e-07 -4.97943e-07 4.66862e-08 7.77789e-07 1.08056e-06 3.4865e-07 -6.98184e-07 -1.20592e-06 -8.23804e-07 4.58981e-07 1.44076e-06 1.00463e-06 -2.5257e-07 -1.29568e-06 -1.30674e-06 0. 
0.0966473 0.0966833 0.0952849 0.0926276 0.0888847 0.0842255 0.0788144 0.0728097 0.0663628 0.0596168 0.0527058 0.0457541 0.0388757 0.032173 0.0257373 0.0196476 0.0139709 0.00876209 0.00406371 -9.36119e-05 -0.00369086 -0.00672021 -0.00918442 -0.0110961 -0.0124769 -0.0133566 -0.0137721 -0.0137663 -0.0133867 -0.0126849 -0.0117147 -0.010531 -0.00918898 -0.00774257 -0.00624346 -0.00474013 -0.00327686 -0.00189301 -0.000622278 0.000507714 0.00147585 0.00226764 0.00287524 0.00329724 0.00353839 0.00360901 0.00352436 0.00330391 0.00297035 0.00254872 0.00206532 0.00154677 0.00101889 0.000505877 2.9343e-05 -0.000392335 -0.000744687 -0.00101746 -0.00120495 -0.00130589 -0.00132339 -0.00126451 -0.00113967 -0.000962026 -0.000746605 -0.000509447 -0.000266628 -3.34502e-05 0.000176498 0.000351939 0.000484594 0.000569424 0.000604913 0.000592898 0.000538373 0.000448949 0.000334232 0.000205063 7.26234e-05 -5.23308e-05 -0.000160377 -0.000243976 -0.000298132 -0.000320551 -0.000311851 -0.000275274 -0.000216382 -0.000142415 -6.15704e-05 1.77558e-05 8.78615e-05 0.000142338 0.0001768 0.000189094 0.00017959 0.000150913 0.000107674 5.58356e-05 1.99988e-06 -4.73235e-05 -8.65706e-05 -0.000111611 -0.000120365 -0.000112815 -9.10924e-05 -5.90117e-05 -2.15807e-05 1.57155e-05 4.77311e-05 7.02465e-05 8.0692e-05 7.82812e-05 6.42489e-05 4.14503e-05 1.39776e-05 -1.35429e-05 -3.67367e-05 -5.2061e-05 -5.75211e-05 -5.27601e-05 -3.92599e-05 -1.98787e-05 1.59714e-06 2.11624e-05 3.53942e-05 4.19162e-05 4.00051e-05 3.04747e-05 1.5656e-05 -1.21952e-06 -1.66554e-05 -2.75407e-05 -3.1926e-05 -2.91957e-05 -2.03804e-05 -7.7053e-06 5.81469e-06 1.70783e-05 2.36908e-05 2.43168e-05 1.9189e-05 9.79203e-06 -1.35934e-06 -1.14248e-05 -1.7997e-05 -1.95385e-05 -1.59776e-05 -8.45105e-06 8.29456e-07 9.28258e-06 1.46961e-05 1.5669e-05 1.22172e-05 5.48436e-06 -2.41159e-06 -9.09914e-06 -1.27093e-05 -1.22412e-05 -8.1011e-06 -1.6915e-06 4.86848e-06 9.46661e-06 1.0782e-05 8.46576e-06 3.51328e-06 -2.33083e-06 -7.06157e-06 -9.05413e-06 -7.81779e-06 -3.86119e-06 1.23833e-06 5.58492e-06 7.67087e-06 6.74523e-06 3.3675e-06 -1.11936e-06 -4.93794e-06 -6.57808e-06 -5.56828e-06 -2.34448e-06 1.64377e-06 4.72208e-06 5.70854e-06 4.1894e-06 9.97195e-07 -2.4634e-06 -4.69036e-06 -4.67249e-06 -2.60527e-06 5.5522e-07 3.30171e-06 4.3462e-06 3.34771e-06 7.38126e-07 -2.09579e-06 -3.68851e-06 -3.40896e-06 -1.4692e-06 1.05767e-06 3.02981e-06 3.44097e-06 1.77629e-06 -8.11888e-07 -2.54901e-06 -2.7118e-06 -1.69361e-06 -3.43117e-08 2.0224e-06 3.14801e-06 1.84027e-06 -7.67581e-07 -2.31335e-06 -2.09031e-06 -9.29203e-07 3.73504e-07 1.55446e-06 1.98203e-06 1.1513e-06 -4.02083e-07 -1.90826e-06 -2.26249e-06 -6.48476e-07 1.53317e-06 2.24156e-06 1.18933e-06 -6.1909e-07 -1.74929e-06 -1.3566e-06 -4.27712e-08 9.52795e-07 1.02768e-06 5.39281e-07 -6.07812e-08 -6.28507e-07 -8.00985e-07 -4.86747e-07 4.52481e-08 7.60628e-07 1.06708e-06 3.41122e-07 -6.8984e-07 -1.17833e-06 -8.14349e-07 4.47541e-07 1.42496e-06 9.82243e-07 -2.50152e-07 -1.26591e-06 -1.29245e-06 0. 
0.0966473 0.0966834 0.0952851 0.092628 0.0888852 0.0842261 0.0788151 0.0728105 0.0663637 0.0596178 0.0527069 0.0457553 0.0388769 0.0321742 0.0257385 0.0196488 0.0139721 0.00876328 0.00406483 -9.25754e-05 -0.00368993 -0.00671943 -0.0091838 -0.0110957 -0.0124767 -0.0133567 -0.0137724 -0.0137668 -0.0133876 -0.0126861 -0.0117161 -0.0105328 -0.00919106 -0.00774493 -0.00624607 -0.00474297 -0.00327988 -0.00189617 -0.000625524 0.000504451 0.00147263 0.00226454 0.00287232 0.00329459 0.00353606 0.00360707 0.00352287 0.00330291 0.00296987 0.00254878 0.00206592 0.00154789 0.0010205 0.000507917 3.17383e-05 -0.000389675 -0.000741863 -0.00101459 -0.00120214 -0.00130326 -0.00132106 -0.00126257 -0.0011382 -0.000961104 -0.000746252 -0.000509679 -0.000267413 -3.47412e-05 0.000174788 0.000349913 0.000482378 0.000567157 0.000602731 0.000590943 0.000536757 0.000447779 0.000333566 0.000204942 7.30295e-05 -5.14349e-05 -0.000159081 -0.000242389 -0.00029639 -0.000318802 -0.000310236 -0.000273933 -0.000215412 -0.000141899 -6.15292e-05 1.73257e-05 8.70279e-05 0.000141189 0.000175467 0.000187717 0.000178313 0.00014987 0.000106961 5.55293e-05 2.10671e-06 -4.68214e-05 -8.57578e-05 -0.00011059 -0.000119273 -0.00011179 -9.02582e-05 -5.8475e-05 -2.139e-05 1.55381e-05 4.72367e-05 6.95075e-05 7.9831e-05 7.74242e-05 6.35213e-05 4.09601e-05 1.37812e-05 -1.34174e-05 -3.63345e-05 -5.14483e-05 -5.68155e-05 -5.20787e-05 -3.87171e-05 -1.95663e-05 1.64285e-06 2.09345e-05 3.49573e-05 4.135e-05 3.94284e-05 2.9995e-05 1.53597e-05 -1.27585e-06 -1.64809e-05 -2.717e-05 -3.14546e-05 -2.87194e-05 -2.00041e-05 -7.50747e-06 5.80487e-06 1.68627e-05 2.33383e-05 2.39048e-05 1.88228e-05 9.55456e-06 -1.42004e-06 -1.12942e-05 -1.77263e-05 -1.91915e-05 -1.56543e-05 -8.23041e-06 8.95602e-07 9.1772e-06 1.44649e-05 1.53707e-05 1.19461e-05 5.31134e-06 -2.44244e-06 -8.9791e-06 -1.24898e-05 -1.19819e-05 -7.89007e-06 -1.58786e-06 4.83941e-06 9.31285e-06 1.05678e-05 8.25359e-06 3.37887e-06 -2.34738e-06 -6.96415e-06 -8.87252e-06 -7.62807e-06 -3.72238e-06 1.27581e-06 5.50954e-06 7.52208e-06 6.5717e-06 3.24371e-06 -1.15292e-06 -4.87363e-06 -6.43875e-06 -5.42129e-06 -2.24021e-06 1.66077e-06 4.64754e-06 5.58362e-06 4.05904e-06 9.24777e-07 -2.45276e-06 -4.60651e-06 -4.54818e-06 -2.50698e-06 5.91583e-07 3.26003e-06 4.24392e-06 3.24321e-06 6.74724e-07 -2.08341e-06 -3.61301e-06 -3.31704e-06 -1.39173e-06 1.07544e-06 2.97304e-06 3.34612e-06 1.70166e-06 -8.20416e-07 -2.51571e-06 -2.65538e-06 -1.6096e-06 1.4265e-08 1.98055e-06 3.05454e-06 1.78155e-06 -7.63465e-07 -2.29277e-06 -2.05224e-06 -8.63908e-07 4.04705e-07 1.5278e-06 1.92206e-06 1.08516e-06 -4.197e-07 -1.85459e-06 -2.18752e-06 -6.18862e-07 1.50452e-06 2.19774e-06 1.15364e-06 -6.31968e-07 -1.72257e-06 -1.32753e-06 -2.75746e-08 9.72261e-07 1.01703e-06 4.96488e-07 -8.78718e-08 -6.34155e-07 -7.73859e-07 -4.29765e-07 6.59616e-08 7.25638e-07 1.01599e-06 3.06386e-07 -6.71097e-07 -1.11458e-06 -7.74686e-07 4.30813e-07 1.3712e-06 9.32884e-07 -2.44062e-07 -1.20811e-06 -1.2435e-06 0. 
0.0966473 0.0966836 0.0952854 0.0926285 0.0888858 0.0842268 0.078816 0.0728115 0.0663648 0.059619 0.0527082 0.0457568 0.0388785 0.0321759 0.0257402 0.0196506 0.013974 0.0087651 0.00406663 -9.0822e-05 -0.00368825 -0.00671785 -0.00918235 -0.0110944 -0.0124756 -0.0133558 -0.0137718 -0.0137665 -0.0133876 -0.0126864 -0.0117168 -0.0105338 -0.00919246 -0.00774669 -0.00624819 -0.00474542 -0.00328264 -0.0018992 -0.000628773 0.000501039 0.00146912 0.00226101 0.00286884 0.00329125 0.00353294 0.00360425 0.00352043 0.00330092 0.00296839 0.00254786 0.00206559 0.00154816 0.00102135 0.000509331 3.36589e-05 -0.000387319 -0.000739165 -0.00101166 -0.00119909 -0.00130024 -0.00131818 -0.00125996 -0.00113598 -0.000959378 -0.000745091 -0.000509133 -0.000267496 -3.54397e-05 0.000173529 0.000348175 0.000480275 0.000564821 0.000600315 0.000588599 0.000534637 0.000446018 0.000332273 0.000204196 7.28668e-05 -5.1017e-05 -0.000158136 -0.000241001 -0.000294688 -0.00031693 -0.00030836 -0.000272208 -0.000213986 -0.000140889 -6.10111e-05 1.73177e-05 8.65171e-05 0.000140238 0.000174192 0.000186254 0.000176824 0.000148512 0.000105878 5.483e-05 1.85439e-06 -4.66116e-05 -8.5133e-05 -0.000109635 -0.000118124 -0.00011059 -8.91692e-05 -5.76289e-05 -2.08908e-05 1.56362e-05 4.69395e-05 6.88667e-05 7.89587e-05 7.64481e-05 6.25973e-05 4.02189e-05 1.33326e-05 -1.35161e-05 -3.60844e-05 -5.08984e-05 -5.6076e-05 -5.12721e-05 -3.79918e-05 -1.90374e-05 1.88638e-06 2.0861e-05 3.45967e-05 4.07738e-05 3.87629e-05 2.93611e-05 1.4888e-05 -1.5048e-06 -1.64292e-05 -2.6857e-05 -3.09627e-05 -2.81496e-05 -1.94923e-05 -7.15264e-06 5.92425e-06 1.67316e-05 2.3e-05 2.34379e-05 1.83531e-05 9.18214e-06 -1.59929e-06 -1.12498e-05 -1.74784e-05 -1.88053e-05 -1.52447e-05 -7.89235e-06 1.0642e-06 9.14577e-06 1.42484e-05 1.50313e-05 1.1594e-05 5.03364e-06 -2.55644e-06 -8.91118e-06 -1.22655e-05 -1.16693e-05 -7.59891e-06 -1.39295e-06 4.86833e-06 9.1808e-06 1.03235e-05 7.97323e-06 3.16946e-06 -2.43334e-06 -6.89085e-06 -8.6759e-06 -7.38534e-06 -3.5094e-06 1.36884e-06 5.4675e-06 7.35801e-06 6.35e-06 3.06012e-06 -1.24543e-06 -4.82783e-06 -6.28736e-06 -5.22829e-06 -2.07465e-06 1.71723e-06 4.59165e-06 5.43281e-06 3.87983e-06 8.05486e-07 -2.47927e-06 -4.51622e-06 -4.39367e-06 -2.36239e-06 6.73085e-07 3.22466e-06 4.12824e-06 3.10152e-06 5.67237e-07 -2.09289e-06 -3.53893e-06 -3.18438e-06 -1.27209e-06 1.10537e-06 2.92459e-06 3.23661e-06 1.58972e-06 -8.71046e-07 -2.49193e-06 -2.55299e-06 -1.50013e-06 6.61236e-08 1.96295e-06 2.95436e-06 1.67949e-06 -7.92018e-07 -2.26745e-06 -1.98869e-06 -7.87742e-07 4.6349e-07 1.52055e-06 1.82155e-06 9.91049e-07 -4.39165e-07 -1.80958e-06 -2.08575e-06 -5.56154e-07 1.47126e-06 2.14121e-06 1.10586e-06 -6.58496e-07 -1.70517e-06 -1.28898e-06 1.42608e-08 9.98784e-07 1.00677e-06 4.48357e-07 -1.53935e-07 -6.48552e-07 -7.15497e-07 -3.62187e-07 1.05452e-07 6.9317e-07 9.16369e-07 2.59745e-07 -6.32056e-07 -1.04379e-06 -7.03417e-07 4.1765e-07 1.27181e-06 8.7522e-07 -2.31376e-07 -1.14465e-06 -1.15519e-06 0. 
0.0966473 0.0966837 0.0952857 0.0926289 0.0888865 0.0842276 0.0788169 0.0728127 0.0663661 0.0596205 0.0527098 0.0457585 0.0388803 0.0321779 0.0257423 0.0196528 0.0139762 0.00876741 0.00406898 -8.84592e-05 -0.0036859 -0.00671554 -0.00918012 -0.0110923 -0.0124736 -0.013354 -0.0137703 -0.0137652 -0.0133866 -0.0126857 -0.0117165 -0.0105339 -0.00919293 -0.00774759 -0.00624951 -0.00474717 -0.0032848 -0.00190174 -0.000631664 0.00049784 0.00146569 0.00225739 0.00286513 0.00328752 0.00352929 0.00360077 0.00351722 0.00329806 0.00296598 0.00254596 0.00206426 0.00154745 0.00102129 0.000509911 3.48574e-05 -0.000385547 -0.000736896 -0.00100898 -0.00119613 -0.0012971 -0.00131503 -0.00125692 -0.00113321 -0.000956977 -0.000743196 -0.000507816 -0.000266828 -3.54323e-05 0.000172882 0.000346928 0.000478516 0.000562664 0.000597912 0.000586098 0.000532217 0.000443824 0.000330467 0.000202877 7.21332e-05 -5.11429e-05 -0.000157651 -0.000239969 -0.000293207 -0.000315133 -0.000306413 -0.000270273 -0.000212247 -0.000139478 -6.00656e-05 1.77443e-05 8.63838e-05 0.000139593 0.000173106 0.00018486 0.000175281 0.000146981 0.00010454 5.38085e-05 1.27482e-06 -4.67199e-05 -8.47549e-05 -0.000108851 -0.000117035 -0.000109348 -8.7943e-05 -5.65668e-05 -2.01452e-05 1.59978e-05 4.68591e-05 6.83944e-05 7.816e-05 7.54634e-05 6.15774e-05 3.9314e-05 1.26912e-05 -1.38234e-05 -3.59985e-05 -5.0472e-05 -5.53733e-05 -5.04356e-05 -3.71653e-05 -1.83597e-05 2.28734e-06 2.09446e-05 3.43361e-05 4.02548e-05 3.80748e-05 2.86544e-05 1.43005e-05 -1.87015e-06 -1.64894e-05 -2.66354e-05 -3.04918e-05 -2.75604e-05 -1.89028e-05 -6.69478e-06 6.14571e-06 1.66939e-05 2.26981e-05 2.29774e-05 1.78282e-05 8.73318e-06 -1.86642e-06 -1.12877e-05 -1.72659e-05 -1.84315e-05 -1.47885e-05 -7.49329e-06 1.30795e-06 9.18158e-06 1.40565e-05 1.46985e-05 1.11944e-05 4.70264e-06 -2.7333e-06 -8.89369e-06 -1.20489e-05 -1.13511e-05 -7.25564e-06 -1.14998e-06 4.9445e-06 9.08006e-06 1.00658e-05 7.67403e-06 2.90625e-06 -2.55892e-06 -6.84211e-06 -8.48924e-06 -7.10858e-06 -3.26931e-06 1.50671e-06 5.44984e-06 7.18958e-06 6.11925e-06 2.83152e-06 -1.363e-06 -4.80337e-06 -6.14025e-06 -5.00355e-06 -1.8901e-06 1.80974e-06 4.54583e-06 5.26879e-06 3.68868e-06 6.46186e-07 -2.51646e-06 -4.42896e-06 -4.23224e-06 -2.18396e-06 7.64064e-07 3.20862e-06 4.00759e-06 2.92779e-06 4.52362e-07 -2.11936e-06 -3.4626e-06 -3.04408e-06 -1.13944e-06 1.18044e-06 2.86116e-06 3.09062e-06 1.48451e-06 -9.18979e-07 -2.48304e-06 -2.47946e-06 -1.35179e-06 1.83304e-07 1.90012e-06 2.81504e-06 1.60546e-06 -8.21822e-07 -2.26276e-06 -1.92978e-06 -6.83174e-07 5.37666e-07 1.49919e-06 1.73534e-06 8.69643e-07 -4.99721e-07 -1.71788e-06 -1.96576e-06 -5.13108e-07 1.45827e-06 2.0712e-06 1.03472e-06 -6.69304e-07 -1.6855e-06 -1.2566e-06 6.10826e-08 1.03777e-06 9.97686e-07 3.83124e-07 -2.17977e-07 -6.69803e-07 -6.68388e-07 -2.57378e-07 1.50683e-07 6.33579e-07 8.2794e-07 1.91875e-07 -6.07265e-07 -9.23941e-07 -6.34974e-07 3.86941e-07 1.18819e-06 7.80215e-07 -2.24456e-07 -1.03337e-06 -1.07948e-06 0. 
0.0966473 0.0966839 0.095286 0.0926294 0.0888871 0.0842284 0.0788179 0.0728138 0.0663674 0.0596219 0.0527114 0.0457603 0.0388822 0.03218 0.0257446 0.0196551 0.0139787 0.00877003 0.0040717 -8.56643e-05 -0.00368305 -0.00671267 -0.00917725 -0.0110894 -0.0124709 -0.0133514 -0.0137678 -0.0137629 -0.0133845 -0.012684 -0.0117151 -0.0105328 -0.00919231 -0.00774741 -0.0062498 -0.00474793 -0.00328605 -0.00190346 -0.000633844 0.000495238 0.00146269 0.00225407 0.00286155 0.00328376 0.00352544 0.00359693 0.00351349 0.00329455 0.00296278 0.00254318 0.00206198 0.00154574 0.00102021 0.000509499 3.51249e-05 -0.000384621 -0.000735344 -0.00100688 -0.00119356 -0.0012942 -0.0013119 -0.00125374 -0.00113009 -0.000954106 -0.000740685 -0.000505803 -0.000265396 -3.46552e-05 0.00017298 0.000346358 0.000477323 0.000560946 0.000595775 0.000583709 0.00052972 0.000441413 0.000328284 0.000201093 7.08454e-05 -5.18367e-05 -0.000157728 -0.000239437 -0.000292128 -0.00031362 -0.000304597 -0.000268339 -0.000210348 -0.000137808 -5.87467e-05 1.85762e-05 8.66861e-05 0.000139339 0.000172352 0.0001837 0.000173846 0.000145449 0.000103064 5.25763e-05 3.91461e-07 -4.71385e-05 -8.46996e-05 -0.000108329 -0.00011614 -0.000108207 -8.67037e-05 -5.54134e-05 -1.92053e-05 1.65768e-05 4.7039e-05 6.81403e-05 7.75453e-05 7.45824e-05 6.05731e-05 3.83548e-05 1.19049e-05 -1.42933e-05 -3.61184e-05 -5.02083e-05 -5.48083e-05 -4.96632e-05 -3.63303e-05 -1.76198e-05 2.82318e-06 2.11605e-05 3.42355e-05 3.98407e-05 3.74612e-05 2.79564e-05 1.36584e-05 -2.31668e-06 -1.66811e-05 -2.6513e-05 -3.01244e-05 -2.70106e-05 -1.83127e-05 -6.19386e-06 6.46085e-06 1.67356e-05 2.24983e-05 2.25612e-05 1.73289e-05 8.26035e-06 -2.19863e-06 -1.13868e-05 -1.71433e-05 -1.80948e-05 -1.43643e-05 -7.07562e-06 1.60091e-06 9.26567e-06 1.39407e-05 1.43908e-05 1.0822e-05 4.35071e-06 -2.95341e-06 -8.91448e-06 -1.18952e-05 -1.10439e-05 -6.92832e-06 -8.81444e-07 5.06353e-06 9.00687e-06 9.85756e-06 7.37056e-06 2.64435e-06 -2.71208e-06 -6.83676e-06 -8.31588e-06 -6.8658e-06 -3.01159e-06 1.65878e-06 5.45499e-06 7.06182e-06 5.88415e-06 2.61755e-06 -1.50512e-06 -4.80566e-06 -6.001e-06 -4.80857e-06 -1.68525e-06 1.90769e-06 4.51675e-06 5.13444e-06 3.48531e-06 5.00169e-07 -2.57547e-06 -4.36332e-06 -4.06779e-06 -2.02674e-06 8.77794e-07 3.19844e-06 3.89412e-06 2.78337e-06 3.12495e-07 -2.15078e-06 -3.39338e-06 -2.91372e-06 -9.97224e-07 1.22798e-06 2.8308e-06 2.98329e-06 1.33951e-06 -9.77921e-07 -2.46031e-06 -2.38865e-06 -1.235e-06 2.5629e-07 1.9106e-06 2.70147e-06 1.46885e-06 -8.39646e-07 -2.23807e-06 -1.8818e-06 -5.91474e-07 6.10442e-07 1.49713e-06 1.63152e-06 7.64568e-07 -5.28776e-07 -1.68655e-06 -1.84577e-06 -4.26233e-07 1.40904e-06 2.01517e-06 9.89034e-07 -7.18692e-07 -1.65659e-06 -1.20629e-06 9.01962e-08 1.076e-06 9.92405e-07 3.21186e-07 -2.8344e-07 -6.86534e-07 -6.12672e-07 -1.79298e-07 1.9676e-07 5.98352e-07 7.18799e-07 1.39418e-07 -5.6557e-07 -8.48829e-07 -5.52645e-07 3.75339e-07 1.07354e-06 7.19173e-07 -2.09921e-07 -9.68314e-07 -9.7624e-07 0. 
0.0966473 0.096684 0.0952863 0.0926298 0.0888876 0.0842291 0.0788187 0.0728148 0.0663685 0.0596232 0.0527129 0.0457619 0.038884 0.032182 0.0257467 0.0196575 0.0139812 0.00877273 0.00407455 -8.26621e-05 -0.00367993 -0.00670944 -0.00917394 -0.0110861 -0.0124675 -0.0133481 -0.0137645 -0.0137598 -0.0133816 -0.0126812 -0.0117126 -0.0105307 -0.0091905 -0.00774602 -0.00624886 -0.00474749 -0.00328611 -0.00190407 -0.00063498 0.000493565 0.00146052 0.00225143 0.00285849 0.00328035 0.00352176 0.00359307 0.00350955 0.00329064 0.00295902 0.00253967 0.00205885 0.00154307 0.0010181 0.000508014 3.43097e-05 -0.00038473 -0.000734766 -0.00100563 -0.00119172 -0.00129183 -0.00130914 -0.00125069 -0.00112694 -0.000950973 -0.000737752 -0.000503196 -0.000263261 -3.30875e-05 0.000173904 0.000346598 0.000476894 0.000559875 0.000594172 0.000581664 0.000527413 0.000438975 0.000325923 0.000198944 6.90845e-05 -5.31096e-05 -0.000158419 -0.000239516 -0.000291616 -0.000312566 -0.000303132 -0.000266576 -0.000208488 -0.000135988 -5.71699e-05 1.98014e-05 8.74295e-05 0.000139562 0.000172047 0.000182913 0.000172697 0.000144052 0.000101615 5.12031e-05 -7.12559e-07 -4.78896e-05 -8.4995e-05 -0.00010817 -0.000115558 -0.000107288 -8.56009e-05 -5.42493e-05 -1.81771e-05 1.7374e-05 4.7466e-05 6.81826e-05 7.71944e-05 7.39121e-05 5.97082e-05 3.74124e-05 1.10701e-05 -1.49333e-05 -3.64277e-05 -5.01856e-05 -5.44479e-05 -4.90504e-05 -3.55897e-05 -1.68646e-05 3.42184e-06 2.1542e-05 3.42973e-05 3.96192e-05 3.69905e-05 2.73428e-05 1.30438e-05 -2.83823e-06 -1.69671e-05 -2.65572e-05 -2.98903e-05 -2.65858e-05 -1.77903e-05 -5.6822e-06 6.8186e-06 1.69046e-05 2.24043e-05 2.2275e-05 1.69039e-05 7.80971e-06 -2.54665e-06 -1.15828e-05 -1.71017e-05 -1.78785e-05 -1.40057e-05 -6.68936e-06 1.90197e-06 9.43056e-06 1.38893e-05 1.41898e-05 1.05004e-05 4.02347e-06 -3.18529e-06 -9.01213e-06 -1.17951e-05 -1.08277e-05 -6.63409e-06 -6.19673e-07 5.203e-06 9.01305e-06 9.6929e-06 7.13774e-06 2.3958e-06 -2.88416e-06 -6.85981e-06 -8.22306e-06 -6.65253e-06 -2.79481e-06 1.81779e-06 5.50702e-06 6.96318e-06 5.71869e-06 2.41248e-06 -1.64611e-06 -4.82869e-06 -5.92593e-06 -4.6304e-06 -1.5198e-06 2.01674e-06 4.5257e-06 5.01996e-06 3.33984e-06 3.50186e-07 -2.64152e-06 -4.31728e-06 -3.96189e-06 -1.87253e-06 9.74318e-07 3.21067e-06 3.82574e-06 2.64058e-06 2.10444e-07 -2.19546e-06 -3.36207e-06 -2.80122e-06 -8.86744e-07 1.30634e-06 2.80143e-06 2.87307e-06 1.26332e-06 -1.03952e-06 -2.47882e-06 -2.32611e-06 -1.11762e-06 3.56618e-07 1.87361e-06 2.60446e-06 1.41675e-06 -8.90307e-07 -2.2442e-06 -1.82595e-06 -5.20695e-07 6.77453e-07 1.49807e-06 1.56231e-06 6.68049e-07 -5.84481e-07 -1.62208e-06 -1.75531e-06 -3.91265e-07 1.41712e-06 1.95921e-06 9.24463e-07 -7.17681e-07 -1.65453e-06 -1.18823e-06 1.44423e-07 1.09915e-06 9.84898e-07 2.84085e-07 -3.46867e-07 -7.06379e-07 -5.67286e-07 -1.06809e-07 2.35588e-07 5.60441e-07 6.42972e-07 8.76532e-08 -5.44828e-07 -7.61842e-07 -4.96533e-07 3.54518e-07 1.00654e-06 6.4744e-07 -2.04775e-07 -8.84966e-07 -9.16451e-07 0. 
0.0966473 0.0966841 0.0952865 0.0926301 0.088888 0.0842296 0.0788193 0.0728155 0.0663694 0.0596242 0.0527141 0.0457633 0.0388856 0.0321837 0.0257486 0.0196596 0.0139836 0.00877526 0.00407729 -7.97237e-05 -0.0036768 -0.00670612 -0.00917047 -0.0110825 -0.0124638 -0.0133443 -0.0137607 -0.013756 -0.0133778 -0.0126776 -0.0117091 -0.0105274 -0.00918754 -0.00774339 -0.00624665 -0.00474572 -0.00328486 -0.00190335 -0.000634848 0.000493116 0.00145947 0.0022498 0.0028563 0.00327765 0.00351861 0.00358955 0.00350574 0.00328666 0.00295497 0.00253569 0.00205504 0.00153958 0.00101502 0.000505457 3.23713e-05 -0.000386001 -0.00073531 -0.00100546 -0.00119082 -0.00129028 -0.00130701 -0.0012481 -0.001124 -0.000947849 -0.000734591 -0.000500172 -0.000260523 -3.07793e-05 0.000175661 0.000347729 0.000477334 0.000559641 0.000593273 0.000580207 0.000525484 0.000436749 0.000323537 0.000196597 6.69293e-05 -5.49082e-05 -0.000159739 -0.000240277 -0.000291765 -0.000312134 -0.000302153 -0.000265186 -0.000206795 -0.000134188 -5.54062e-05 2.13407e-05 8.862e-05 0.000140295 0.000172263 0.000182627 0.000171938 0.000142951 0.000100276 4.98207e-05 -2.00955e-06 -4.89277e-05 -8.56793e-05 -0.000108426 -0.00011537 -0.000106715 -8.47098e-05 -5.32037e-05 -1.709e-05 1.83186e-05 4.81715e-05 6.85406e-05 7.71776e-05 7.35453e-05 5.90463e-05 3.65974e-05 1.02026e-05 -1.56781e-05 -3.69679e-05 -5.04182e-05 -5.43618e-05 -4.86762e-05 -3.49918e-05 -1.61845e-05 4.09195e-06 2.20453e-05 3.45809e-05 3.96176e-05 3.67277e-05 2.68876e-05 1.24763e-05 -3.36901e-06 -1.739e-05 -2.67557e-05 -2.98604e-05 -2.63308e-05 -1.73753e-05 -5.22305e-06 7.24553e-06 1.71687e-05 2.24869e-05 2.21392e-05 1.66054e-05 7.43234e-06 -2.92594e-06 -1.18385e-05 -1.72106e-05 -1.77881e-05 -1.37699e-05 -6.37289e-06 2.223e-06 9.64181e-06 1.39724e-05 1.40942e-05 1.02859e-05 3.74938e-06 -3.44591e-06 -9.15756e-06 -1.18213e-05 -1.06991e-05 -6.42134e-06 -3.86384e-07 5.39349e-06 9.07475e-06 9.64633e-06 6.97188e-06 2.19115e-06 -3.05747e-06 -6.96144e-06 -8.19033e-06 -6.53756e-06 -2.61596e-06 1.98276e-06 5.58854e-06 6.96109e-06 5.60366e-06 2.26349e-06 -1.78508e-06 -4.90827e-06 -5.89428e-06 -4.53859e-06 -1.37734e-06 2.13161e-06 4.56334e-06 4.99066e-06 3.22687e-06 2.36397e-07 -2.72253e-06 -4.33639e-06 -3.8892e-06 -1.77794e-06 1.07393e-06 3.25785e-06 3.79127e-06 2.57073e-06 1.06765e-07 -2.25562e-06 -3.3525e-06 -2.75151e-06 -7.94739e-07 1.36828e-06 2.81784e-06 2.83621e-06 1.16911e-06 -1.09285e-06 -2.48956e-06 -2.30814e-06 -1.04965e-06 4.23882e-07 1.90625e-06 2.55786e-06 1.33539e-06 -9.08648e-07 -2.25635e-06 -1.82563e-06 -4.55567e-07 7.32778e-07 1.50701e-06 1.5256e-06 6.08259e-07 -6.18893e-07 -1.62332e-06 -1.69939e-06 -3.34608e-07 1.40358e-06 1.94741e-06 9.05713e-07 -7.673e-07 -1.64847e-06 -1.16311e-06 1.53512e-07 1.14021e-06 9.94035e-07 2.39417e-07 -3.79349e-07 -7.22356e-07 -5.5055e-07 -5.44508e-08 2.63758e-07 5.40377e-07 5.95611e-07 5.54515e-08 -5.32169e-07 -7.2079e-07 -4.57203e-07 3.50134e-07 9.57231e-07 6.15576e-07 -2.00125e-07 -8.52993e-07 -8.70921e-07 0. 
0.0966473 0.0966841 0.0952866 0.0926302 0.0888882 0.0842299 0.0788196 0.0728159 0.0663699 0.0596249 0.0527148 0.0457642 0.0388866 0.0321849 0.0257501 0.0196612 0.0139854 0.00877735 0.00407963 -7.71344e-05 -0.00367395 -0.00670303 -0.00916713 -0.0110789 -0.01246 -0.0133403 -0.0137566 -0.0137517 -0.0133735 -0.0126733 -0.0117048 -0.0105232 -0.00918353 -0.00773963 -0.0062432 -0.00474266 -0.00328224 -0.00190125 -0.000633302 0.000494045 0.00145977 0.00224943 0.00285527 0.00327597 0.00351633 0.0035867 0.00350242 0.00328294 0.00295097 0.00253151 0.00205083 0.00153547 0.00101115 0.000501956 2.93526e-05 -0.000388416 -0.000737055 -0.00100645 -0.00119106 -0.00128975 -0.00130576 -0.00124619 -0.00112155 -0.000944971 -0.000731451 -0.000496931 -0.000257356 -2.78574e-05 0.00017819 0.000349719 0.000478701 0.000560302 0.000593233 0.000579467 0.000524141 0.000434891 0.000321331 0.000194195 6.45246e-05 -5.71423e-05 -0.00016164 -0.000241702 -0.000292632 -0.000312375 -0.000301797 -0.000264261 -0.000205434 -0.000132506 -5.35921e-05 2.31266e-05 9.01983e-05 0.000141521 0.000173037 0.000182874 0.000171678 0.000142208 9.9182e-05 4.84851e-05 -3.39902e-06 -5.02261e-05 -8.67267e-05 -0.000109109 -0.000115631 -0.000106522 -8.41353e-05 -5.23116e-05 -1.60438e-05 1.93968e-05 4.91104e-05 6.92272e-05 7.75241e-05 7.35089e-05 5.867e-05 3.59287e-05 9.38901e-06 -1.65317e-05 -3.76984e-05 -5.09298e-05 -5.45754e-05 -4.85645e-05 -3.46077e-05 -1.55825e-05 4.76412e-06 2.26932e-05 3.50629e-05 3.98674e-05 3.67074e-05 2.66044e-05 1.20203e-05 -3.92738e-06 -1.79022e-05 -2.71465e-05 -3.00363e-05 -2.62715e-05 -1.71134e-05 -4.8059e-06 7.68931e-06 1.75689e-05 2.27274e-05 2.21898e-05 1.64601e-05 7.12534e-06 -3.28924e-06 -1.21956e-05 -1.74426e-05 -1.7866e-05 -1.36706e-05 -6.12748e-06 2.52408e-06 9.94251e-06 1.41604e-05 1.4149e-05 1.0185e-05 3.52824e-06 -3.70116e-06 -9.39744e-06 -1.19456e-05 -1.07013e-05 -6.29444e-06 -1.73168e-07 5.60396e-06 9.24363e-06 9.69243e-06 6.90835e-06 2.03671e-06 -3.25517e-06 -7.11092e-06 -8.27164e-06 -6.49968e-06 -2.4931e-06 2.14099e-06 5.74005e-06 7.02364e-06 5.58606e-06 2.15816e-06 -1.9304e-06 -5.02182e-06 -5.95866e-06 -4.50368e-06 -1.28185e-06 2.25016e-06 4.6681e-06 5.01447e-06 3.19048e-06 1.39872e-07 -2.83224e-06 -4.39672e-06 -3.90059e-06 -1.71204e-06 1.16846e-06 3.33385e-06 3.83167e-06 2.53377e-06 3.62355e-08 -2.33483e-06 -3.40946e-06 -2.73443e-06 -7.41455e-07 1.44038e-06 2.87283e-06 2.83737e-06 1.1393e-06 -1.16619e-06 -2.55298e-06 -2.30468e-06 -1.01539e-06 4.76832e-07 1.94845e-06 2.57143e-06 1.32078e-06 -9.72229e-07 -2.30388e-06 -1.82317e-06 -4.35153e-07 7.85429e-07 1.54785e-06 1.51392e-06 5.78252e-07 -6.54862e-07 -1.64349e-06 -1.69502e-06 -3.13773e-07 1.44531e-06 1.96413e-06 8.89632e-07 -7.88368e-07 -1.69045e-06 -1.17644e-06 1.95349e-07 1.16989e-06 1.00857e-06 2.34178e-07 -4.26258e-07 -7.44978e-07 -5.3164e-07 -3.51257e-08 2.87323e-07 5.44283e-07 5.66773e-07 3.90674e-08 -5.29804e-07 -7.11772e-07 -4.39459e-07 3.53914e-07 9.43164e-07 6.06932e-07 -2.01087e-07 -8.47407e-07 -8.59692e-07 0. 
0.0966473 0.0966841 0.0952865 0.0926302 0.0888881 0.0842298 0.0788196 0.0728159 0.0663699 0.0596249 0.052715 0.0457644 0.038887 0.0321855 0.0257508 0.0196622 0.0139866 0.00877875 0.00408129 -7.51836e-05 -0.0036717 -0.00670047 -0.00916426 -0.0110757 -0.0124565 -0.0133365 -0.0137525 -0.0137474 -0.013369 -0.0126686 -0.0117001 -0.0105184 -0.00917876 -0.00773496 -0.00623871 -0.00473843 -0.00327836 -0.00189779 -0.000630357 0.000496419 0.0014615 0.00225048 0.0028556 0.00327557 0.00351519 0.00358486 0.00349991 0.00327983 0.00294735 0.0025275 0.00204655 0.00153105 0.00100675 0.000497723 2.54431e-05 -0.000391874 -0.000739921 -0.00100864 -0.00119247 -0.00129035 -0.00130553 -0.00124517 -0.0011198 -0.000942597 -0.00072858 -0.000493722 -0.000253988 -2.45116e-05 0.00018132 0.000352473 0.000480915 0.000561874 0.000594071 0.000579559 0.000523489 0.000433579 0.000319462 0.000191927 6.20333e-05 -5.96649e-05 -0.000163996 -0.000243724 -0.000294159 -0.000313317 -0.000302082 -0.000263909 -0.000204484 -0.000131083 -5.18351e-05 2.50335e-05 9.20675e-05 0.000143176 0.000174312 0.00018367 0.000171916 0.000141906 9.83781e-05 4.7307e-05 -4.81349e-06 -5.1696e-05 -8.80778e-05 -0.000110189 -0.00011631 -0.00010675 -8.38845e-05 -5.16561e-05 -1.50718e-05 2.0526e-05 5.02427e-05 7.02024e-05 7.82059e-05 7.38235e-05 5.85724e-05 3.54718e-05 8.64107e-06 -1.74242e-05 -3.85983e-05 -5.16872e-05 -5.50698e-05 -4.87361e-05 -3.44272e-05 -1.51167e-05 5.43835e-06 2.34298e-05 3.57351e-05 4.03516e-05 3.69166e-05 2.65242e-05 1.16631e-05 -4.4591e-06 -1.85106e-05 -2.7692e-05 -3.04141e-05 -2.64139e-05 -1.69902e-05 -4.473e-06 8.1671e-06 1.80611e-05 2.31332e-05 2.24163e-05 1.64579e-05 6.91859e-06 -3.65826e-06 -1.26108e-05 -1.78136e-05 -1.80936e-05 -1.37027e-05 -5.97447e-06 2.8287e-06 1.02924e-05 1.44744e-05 1.43332e-05 1.01951e-05 3.37785e-06 -3.97622e-06 -9.69393e-06 -1.21906e-05 -1.08154e-05 -6.24914e-06 1.04835e-09 5.86227e-06 9.48368e-06 9.85213e-06 6.93359e-06 1.92212e-06 -3.45334e-06 -7.33833e-06 -8.43348e-06 -6.55296e-06 -2.42317e-06 2.31177e-06 5.9307e-06 7.17997e-06 5.6401e-06 2.09817e-06 -2.07024e-06 -5.19802e-06 -6.08532e-06 -4.54597e-06 -1.22239e-06 2.38878e-06 4.81261e-06 5.12059e-06 3.20326e-06 6.09859e-08 -2.9582e-06 -4.52643e-06 -3.96143e-06 -1.68994e-06 1.26069e-06 3.45949e-06 3.91614e-06 2.55384e-06 -2.11623e-08 -2.44315e-06 -3.50258e-06 -2.78015e-06 -7.07368e-07 1.52836e-06 2.95785e-06 2.89649e-06 1.13111e-06 -1.23991e-06 -2.6453e-06 -2.36192e-06 -9.94756e-07 5.31182e-07 2.00429e-06 2.63659e-06 1.33852e-06 -1.03327e-06 -2.39495e-06 -1.86876e-06 -4.05766e-07 8.3522e-07 1.59401e-06 1.55173e-06 5.65806e-07 -6.97419e-07 -1.6864e-06 -1.73728e-06 -3.06756e-07 1.50992e-06 2.02468e-06 9.01114e-07 -8.3442e-07 -1.75385e-06 -1.20654e-06 2.18532e-07 1.23006e-06 1.04187e-06 2.18615e-07 -4.53422e-07 -7.76406e-07 -5.43542e-07 -8.90525e-09 3.03771e-07 5.48955e-07 5.78312e-07 2.56253e-08 -5.48571e-07 -7.12441e-07 -4.4857e-07 3.60709e-07 9.71842e-07 6.10682e-07 -2.08903e-07 -8.57385e-07 -8.85905e-07 0. 
0.0966473 0.096684 0.0952863 0.0926299 0.0888878 0.0842294 0.0788191 0.0728154 0.0663694 0.0596244 0.0527145 0.045764 0.0388867 0.0321852 0.0257507 0.0196622 0.0139868 0.00877924 0.00408205 -7.41395e-05 -0.00367034 -0.00669876 -0.00916219 -0.0110733 -0.0124537 -0.0133333 -0.0137489 -0.0137435 -0.0133647 -0.012664 -0.0116952 -0.0105134 -0.00917358 -0.00772972 -0.00623348 -0.00473331 -0.00327345 -0.00189318 -0.000626135 0.000500152 0.00146466 0.00225298 0.00285739 0.00327658 0.0035154 0.00358425 0.00349851 0.00327767 0.00294449 0.00252402 0.00204257 0.0015267 0.00100217 0.000493088 2.0911e-05 -0.000396131 -0.000743748 -0.00101188 -0.00119502 -0.00129211 -0.00130643 -0.00124519 -0.00111895 -0.000940954 -0.000726237 -0.00049082 -0.00025069 -2.10119e-05 0.000184827 0.00035578 0.000483841 0.000564248 0.000595767 0.000580488 0.000523619 0.000432927 0.000318098 0.000189977 5.96541e-05 -6.22753e-05 -0.000166637 -0.000246181 -0.00029625 -0.000314881 -0.000303011 -0.000264147 -0.000204038 -0.000130021 -5.02771e-05 2.69167e-05 9.40885e-05 0.000145124 0.000176004 0.000184935 0.000172648 0.000142044 9.79355e-05 4.63585e-05 -6.14206e-06 -5.32292e-05 -8.96328e-05 -0.000111571 -0.000117364 -0.000107352 -8.39827e-05 -5.12582e-05 -1.42517e-05 2.16352e-05 5.14815e-05 7.13841e-05 7.91725e-05 7.44368e-05 5.87636e-05 3.52275e-05 8.01887e-06 -1.83074e-05 -3.9596e-05 -5.26253e-05 -5.58054e-05 -4.91472e-05 -3.44647e-05 -1.47878e-05 6.05955e-06 2.4215e-05 3.65408e-05 4.10191e-05 3.73355e-05 2.66182e-05 1.14331e-05 -4.95389e-06 -1.91622e-05 -2.83538e-05 -3.09574e-05 -2.67203e-05 -1.70127e-05 -4.21467e-06 8.63632e-06 1.86228e-05 2.36631e-05 2.27838e-05 1.65937e-05 6.79324e-06 -3.99964e-06 -1.30733e-05 -1.82831e-05 -1.84417e-05 -1.38559e-05 -5.8929e-06 3.10857e-06 1.06865e-05 1.48765e-05 1.46227e-05 1.03069e-05 3.27871e-06 -4.24359e-06 -1.00438e-05 -1.25222e-05 -1.10202e-05 -6.28151e-06 1.52638e-07 6.13876e-06 9.79002e-06 1.00967e-05 7.02829e-06 1.85302e-06 -3.6635e-06 -7.6113e-06 -8.66747e-06 -6.67875e-06 -2.38927e-06 2.47718e-06 6.16589e-06 7.39978e-06 5.75424e-06 2.08047e-06 -2.21819e-06 -5.40941e-06 -6.27251e-06 -4.64535e-06 -1.18478e-06 2.53204e-06 5.00321e-06 5.2804e-06 3.25593e-06 1.1258e-09 -3.11081e-06 -4.69759e-06 -4.06893e-06 -1.69969e-06 1.36068e-06 3.6103e-06 4.04893e-06 2.61393e-06 -7.61656e-08 -2.56888e-06 -3.63464e-06 -2.85859e-06 -6.93244e-07 1.61427e-06 3.09111e-06 3.0005e-06 1.12662e-06 -1.32535e-06 -2.75296e-06 -2.43854e-06 -1.01653e-06 5.71435e-07 2.11662e-06 2.74074e-06 1.35252e-06 -1.09833e-06 -2.50187e-06 -1.94226e-06 -3.96455e-07 8.94749e-07 1.66513e-06 1.60094e-06 5.77585e-07 -7.34254e-07 -1.77592e-06 -1.80498e-06 -2.95513e-07 1.58229e-06 2.12263e-06 9.35908e-07 -9.036e-07 -1.84173e-06 -1.24866e-06 2.4106e-07 1.30414e-06 1.09126e-06 2.0959e-07 -4.88938e-07 -8.13619e-07 -5.59252e-07 1.80879e-09 3.24117e-07 5.71021e-07 5.92195e-07 2.33864e-08 -5.69636e-07 -7.44903e-07 -4.61712e-07 3.79472e-07 1.00711e-06 6.40782e-07 -2.17456e-07 -9.01513e-07 -9.18851e-07 0. 
0.0966473 0.0966839 0.095286 0.0926294 0.0888872 0.0842286 0.0788182 0.0728144 0.0663683 0.0596232 0.0527133 0.0457628 0.0388855 0.032184 0.0257496 0.0196613 0.013986 0.00877864 0.00408168 -7.42256e-05 -0.00367011 -0.00669818 -0.00916123 -0.0110719 -0.0124519 -0.013331 -0.0137462 -0.0137403 -0.0133611 -0.0126599 -0.0116907 -0.0105086 -0.00916843 -0.00772433 -0.00622793 -0.00472769 -0.00326785 -0.0018877 -0.000620893 0.000505046 0.0014691 0.00225686 0.00286061 0.00327907 0.00351708 0.00358508 0.00349845 0.00327674 0.00294271 0.00252145 0.00203928 0.00152282 0.000997827 0.000488437 1.61213e-05 -0.000400871 -0.000748263 -0.00101599 -0.00119856 -0.00129494 -0.00130845 -0.00124631 -0.00111915 -0.000940243 -0.000724673 -0.000488507 -0.000247767 -1.76598e-05 0.000188414 0.000359382 0.000487253 0.000567259 0.000598213 0.00058222 0.000524556 0.000433026 0.000317387 0.000188531 5.76071e-05 -6.47479e-05 -0.000169334 -0.000248877 -0.000298736 -0.000316951 -0.000304519 -0.000264973 -0.000204147 -0.000129424 -4.9063e-05 2.86119e-05 9.60811e-05 0.000147203 0.000177962 0.000186569 0.000173809 0.000142617 9.78946e-05 4.57233e-05 -7.26509e-06 -5.4694e-05 -9.12495e-05 -0.000113135 -0.00011869 -0.000108275 -8.44142e-05 -5.11497e-05 -1.36538e-05 2.26304e-05 5.27118e-05 7.26686e-05 8.03265e-05 7.52907e-05 5.9214e-05 3.5211e-05 7.57243e-06 -1.91074e-05 -4.05964e-05 -5.36599e-05 -5.67013e-05 -4.97544e-05 -3.47021e-05 -1.46169e-05 6.57591e-06 2.4982e-05 3.73968e-05 4.18059e-05 3.79081e-05 2.68688e-05 1.13386e-05 -5.37425e-06 -1.97945e-05 -2.90714e-05 -3.15994e-05 -2.71552e-05 -1.71613e-05 -4.04576e-06 9.0569e-06 1.92047e-05 2.42534e-05 2.32526e-05 1.68347e-05 6.7522e-06 -4.28854e-06 -1.35437e-05 -1.87942e-05 -1.88734e-05 -1.40952e-05 -5.88255e-06 3.3454e-06 1.10912e-05 1.53154e-05 1.49861e-05 1.04885e-05 3.23357e-06 -4.4843e-06 -1.04158e-05 -1.28932e-05 -1.12922e-05 -6.3679e-06 2.72024e-07 6.40856e-06 1.01333e-05 1.03831e-05 7.17945e-06 1.81881e-06 -3.86766e-06 -7.89709e-06 -8.9495e-06 -6.84285e-06 -2.39237e-06 2.63084e-06 6.4228e-06 7.64615e-06 5.91568e-06 2.08637e-06 -2.35999e-06 -5.63238e-06 -6.50006e-06 -4.76923e-06 -1.173e-06 2.67518e-06 5.21839e-06 5.46049e-06 3.34326e-06 -5.205e-08 -3.27026e-06 -4.8837e-06 -4.21277e-06 -1.71986e-06 1.45573e-06 3.77401e-06 4.20974e-06 2.68313e-06 -1.10367e-07 -2.70297e-06 -3.79988e-06 -2.94927e-06 -6.85554e-07 1.71102e-06 3.22152e-06 3.115e-06 1.17359e-06 -1.42351e-06 -2.91181e-06 -2.51824e-06 -1.0153e-06 6.0907e-07 2.19165e-06 2.87544e-06 1.43015e-06 -1.20061e-06 -2.64879e-06 -2.0021e-06 -3.92217e-07 9.54126e-07 1.75197e-06 1.65963e-06 5.81621e-07 -7.75686e-07 -1.84686e-06 -1.89974e-06 -3.14032e-07 1.69572e-06 2.22909e-06 9.62385e-07 -9.47505e-07 -1.96246e-06 -1.32015e-06 2.96291e-07 1.38247e-06 1.14023e-06 2.15972e-07 -5.42931e-07 -8.64343e-07 -5.64897e-07 1.59019e-08 3.45144e-07 5.95658e-07 6.07556e-07 1.53511e-08 -5.93466e-07 -7.70098e-07 -4.82157e-07 3.95935e-07 1.05651e-06 6.63973e-07 -2.28625e-07 -9.36602e-07 -9.66837e-07 0. 
0.0966473 0.0966836 0.0952856 0.0926287 0.0888862 0.0842275 0.0788169 0.0728129 0.0663667 0.0596214 0.0527114 0.0457608 0.0388834 0.032182 0.0257475 0.0196592 0.0139841 0.00877685 0.00408008 -7.55974e-05 -0.0036712 -0.00669895 -0.00916162 -0.0110719 -0.0124514 -0.0133301 -0.0137447 -0.0137383 -0.0133585 -0.0126568 -0.0116871 -0.0105044 -0.00916381 -0.00771928 -0.00622253 -0.00472202 -0.00326199 -0.00188176 -0.000614991 0.0005108 0.00147457 0.00226194 0.00286516 0.00328299 0.00352025 0.00358743 0.00349992 0.00327727 0.0029423 0.00252011 0.00203707 0.00151981 0.000994131 0.000484184 1.14867e-05 -0.000405721 -0.000753123 -0.00102068 -0.00120287 -0.00129871 -0.00131151 -0.00124856 -0.00112048 -0.000940621 -0.000724104 -0.000487046 -0.000245522 -1.4768e-05 0.000191759 0.000362987 0.000490878 0.000570701 0.000601242 0.000584675 0.000526277 0.000433936 0.000317443 0.000187766 5.61054e-05 -6.68479e-05 -0.00017184 -0.000251588 -0.000301409 -0.000319386 -0.000306498 -0.000266364 -0.000204833 -0.000129386 -4.83242e-05 2.99462e-05 9.78567e-05 0.000149232 0.000180016 0.000188451 0.000175308 0.000143611 9.82725e-05 4.54905e-05 -8.07069e-06 -5.59437e-05 -9.27762e-05 -0.000114746 -0.00012017 -0.000109461 -8.51421e-05 -5.13698e-05 -1.33357e-05 2.33997e-05 5.38176e-05 7.39349e-05 8.15578e-05 7.63215e-05 5.98777e-05 3.54486e-05 7.33949e-06 -1.97288e-05 -4.15066e-05 -5.46881e-05 -5.76692e-05 -5.05129e-05 -3.51087e-05 -1.4643e-05 6.94636e-06 2.56386e-05 3.82239e-05 4.2633e-05 3.85733e-05 2.72662e-05 1.13772e-05 -5.65679e-06 -2.03554e-05 -2.97596e-05 -3.22773e-05 -2.76792e-05 -1.7411e-05 -4.00265e-06 9.40072e-06 1.97279e-05 2.48513e-05 2.377e-05 1.715e-05 6.81446e-06 -4.51077e-06 -1.39509e-05 -1.93054e-05 -1.93331e-05 -1.43922e-05 -5.95568e-06 3.52998e-06 1.14406e-05 1.57588e-05 1.53714e-05 1.07193e-05 3.25726e-06 -4.68856e-06 -1.07459e-05 -1.32783e-05 -1.15883e-05 -6.49715e-06 3.34139e-07 6.65928e-06 1.04506e-05 1.06942e-05 7.36029e-06 1.81875e-06 -4.026e-06 -8.18303e-06 -9.22343e-06 -7.03851e-06 -2.42954e-06 2.76596e-06 6.64908e-06 7.91136e-06 6.08559e-06 2.11955e-06 -2.47002e-06 -5.85861e-06 -6.71397e-06 -4.92027e-06 -1.18034e-06 2.80788e-06 5.40933e-06 5.66171e-06 3.43417e-06 -8.4964e-08 -3.40702e-06 -5.08277e-06 -4.34658e-06 -1.76468e-06 1.53324e-06 3.94117e-06 4.35846e-06 2.77858e-06 -1.44506e-07 -2.83289e-06 -3.93775e-06 -3.06565e-06 -6.91954e-07 1.80097e-06 3.35945e-06 3.24422e-06 1.18282e-06 -1.49389e-06 -3.0217e-06 -2.63909e-06 -1.04434e-06 6.60505e-07 2.29875e-06 2.99013e-06 1.46255e-06 -1.24549e-06 -2.77392e-06 -2.11235e-06 -3.7024e-07 1.01469e-06 1.81534e-06 1.73762e-06 5.95992e-07 -8.23285e-07 -1.93288e-06 -1.98032e-06 -3.14536e-07 1.76961e-06 2.34637e-06 1.01357e-06 -1.0314e-06 -2.05396e-06 -1.36863e-06 2.9903e-07 1.48189e-06 1.20392e-06 1.87469e-07 -5.65402e-07 -9.07883e-07 -6.0259e-07 4.95697e-08 3.66281e-07 6.04149e-07 6.41368e-07 5.60055e-09 -6.27723e-07 -7.86711e-07 -5.05198e-07 4.09082e-07 1.1108e-06 6.8573e-07 -2.41088e-07 -9.70285e-07 -1.01549e-06 0. 
0.0966473 0.0966833 0.095285 0.0926279 0.0888851 0.0842261 0.0788152 0.072811 0.0663645 0.0596191 0.0527088 0.045758 0.0388805 0.032179 0.0257445 0.0196562 0.0139811 0.00877386 0.0040772 -7.83239e-05 -0.00367371 -0.00670119 -0.00916353 -0.0110734 -0.0124525 -0.0133307 -0.0137448 -0.0137378 -0.0133574 -0.0126551 -0.0116847 -0.0105014 -0.00916018 -0.00771508 -0.00621778 -0.00471679 -0.00325635 -0.00187583 -0.00060885 0.000517013 0.00148074 0.00226791 0.00287081 0.00328816 0.00352484 0.0035913 0.00350296 0.00327941 0.00294346 0.00252029 0.00203625 0.00151804 0.000991469 0.000480756 7.40578e-06 -0.000410267 -0.00075797 -0.0010256 -0.00120769 -0.0013032 -0.00131549 -0.00125185 -0.00112295 -0.000942177 -0.000724685 -0.000486662 -0.000244208 -1.26454e-05 0.000194569 0.00036627 0.000494452 0.000574308 0.000604682 0.000587706 0.000528733 0.000435659 0.000318346 0.000187819 5.53284e-05 -6.83469e-05 -0.000173939 -0.000254067 -0.000304084 -0.000321994 -0.000308853 -0.000268244 -0.000206112 -0.000129962 -4.81784e-05 3.07633e-05 9.92492e-05 0.000151013 0.000182017 0.000190422 0.000177075 0.00014496 9.91017e-05 4.57107e-05 -8.44681e-06 -5.68426e-05 -9.40787e-05 -0.000116251 -0.000121711 -0.000110806 -8.61618e-05 -5.19126e-05 -1.33762e-05 2.38574e-05 5.46842e-05 7.50561e-05 8.27822e-05 7.74312e-05 6.07483e-05 3.59215e-05 7.39155e-06 -2.01074e-05 -4.22255e-05 -5.56068e-05 -5.86445e-05 -5.13452e-05 -3.56983e-05 -1.48596e-05 7.09104e-06 2.61227e-05 3.89345e-05 4.34168e-05 3.93002e-05 2.77636e-05 1.15964e-05 -5.78328e-06 -2.07576e-05 -3.03546e-05 -3.2934e-05 -2.82344e-05 -1.77812e-05 -4.07587e-06 9.58957e-06 2.01519e-05 2.53881e-05 2.42835e-05 1.75407e-05 6.95928e-06 -4.59692e-06 -1.42712e-05 -1.97446e-05 -1.97789e-05 -1.4741e-05 -6.09088e-06 3.59704e-06 1.17201e-05 1.61358e-05 1.57473e-05 1.09956e-05 3.33295e-06 -4.78978e-06 -1.10238e-05 -1.3613e-05 -1.18865e-05 -6.6776e-06 3.49545e-07 6.81982e-06 1.07346e-05 1.09787e-05 7.5575e-06 1.88121e-06 -4.14457e-06 -8.39648e-06 -9.48577e-06 -7.23825e-06 -2.4936e-06 2.83126e-06 6.84986e-06 8.13182e-06 6.26455e-06 2.18761e-06 -2.55296e-06 -6.02026e-06 -6.92249e-06 -5.06455e-06 -1.2102e-06 2.8834e-06 5.58616e-06 5.82578e-06 3.54095e-06 -8.36011e-08 -3.52446e-06 -5.23075e-06 -4.49153e-06 -1.81796e-06 1.59201e-06 4.0571e-06 4.50808e-06 2.86179e-06 -1.50622e-07 -2.921e-06 -4.08546e-06 -3.15253e-06 -7.06126e-07 1.85228e-06 3.47361e-06 3.35166e-06 1.24071e-06 -1.56094e-06 -3.15602e-06 -2.69757e-06 -1.0648e-06 6.63703e-07 2.37157e-06 3.10847e-06 1.53346e-06 -1.31946e-06 -2.88963e-06 -2.15992e-06 -3.90828e-07 1.05688e-06 1.9002e-06 1.77475e-06 6.09768e-07 -8.39e-07 -2.00357e-06 -2.05942e-06 -3.31874e-07 1.8503e-06 2.43769e-06 1.043e-06 -1.06013e-06 -2.15432e-06 -1.4343e-06 3.4763e-07 1.53754e-06 1.24283e-06 2.08194e-07 -6.19124e-07 -9.50419e-07 -5.94777e-07 4.50642e-08 3.8519e-07 6.36898e-07 6.378e-07 5.69433e-09 -6.36426e-07 -8.24333e-07 -5.1347e-07 4.2884e-07 1.13422e-06 7.16085e-07 -2.46253e-07 -1.01357e-06 -1.04088e-06 0. 
0.0966473 0.096683 0.0952843 0.0926269 0.0888838 0.0842245 0.0788133 0.0728087 0.066362 0.0596163 0.0527058 0.0457547 0.038877 0.0321753 0.0257406 0.0196522 0.013977 0.00876975 0.00407309 -8.23584e-05 -0.00367763 -0.00670492 -0.00916702 -0.0110766 -0.0124553 -0.013333 -0.0137466 -0.013739 -0.0133581 -0.0126551 -0.011684 -0.0105 -0.00915801 -0.00771216 -0.00621416 -0.00471249 -0.00325145 -0.00187037 -0.000602958 0.000523241 0.00148717 0.00227441 0.00287723 0.00329434 0.00353062 0.00359654 0.00350752 0.00328316 0.0029463 0.00252213 0.00203706 0.00151778 0.000990188 0.000478493 4.28212e-06 -0.000414139 -0.000762405 -0.00103043 -0.00121268 -0.00130814 -0.00132017 -0.00125605 -0.0011265 -0.000944911 -0.000726503 -0.000487483 -0.00024404 -1.15083e-05 0.000196552 0.000368982 0.000497677 0.000577856 0.000608294 0.000591167 0.000531805 0.000438156 0.000320118 0.000188761 5.54207e-05 -6.90954e-05 -0.000175409 -0.000256141 -0.000306537 -0.000324636 -0.000311424 -0.000270547 -0.00020794 -0.000131178 -4.87001e-05 3.09632e-05 0.000100099 0.000152423 0.000183788 0.000192385 0.000178982 0.000146636 0.000100353 4.64292e-05 -8.31973e-06 -5.73002e-05 -9.50197e-05 -0.000117563 -0.000123181 -0.000112272 -8.74041e-05 -5.28057e-05 -1.37994e-05 2.39306e-05 5.52137e-05 7.59599e-05 8.38845e-05 7.85921e-05 6.17559e-05 3.66624e-05 7.73863e-06 -2.01736e-05 -4.26754e-05 -5.6358e-05 -5.95332e-05 -5.22453e-05 -3.64183e-05 -1.53166e-05 6.9922e-06 2.63659e-05 3.94585e-05 4.4122e-05 4.00172e-05 2.83865e-05 1.19712e-05 -5.68682e-06 -2.09669e-05 -3.08027e-05 -3.35066e-05 -2.88253e-05 -1.82286e-05 -4.32534e-06 9.61703e-06 2.04127e-05 2.58183e-05 2.47825e-05 1.79624e-05 7.23985e-06 -4.55577e-06 -1.44362e-05 -2.00823e-05 -2.01925e-05 -1.51031e-05 -6.33851e-06 3.56108e-06 1.18602e-05 1.64284e-05 1.60959e-05 1.12869e-05 3.51371e-06 -4.80297e-06 -1.11818e-05 -1.3886e-05 -1.21786e-05 -6.88551e-06 2.57721e-07 6.90425e-06 1.09251e-05 1.12298e-05 7.78115e-06 1.98632e-06 -4.1553e-06 -8.55108e-06 -9.69316e-06 -7.43618e-06 -2.61949e-06 2.84607e-06 6.95631e-06 8.32011e-06 6.43946e-06 2.28223e-06 -2.54891e-06 -6.13901e-06 -7.07527e-06 -5.21187e-06 -1.29101e-06 2.91907e-06 5.68343e-06 5.97678e-06 3.65605e-06 -5.15034e-08 -3.56436e-06 -5.35666e-06 -4.60831e-06 -1.89313e-06 1.58735e-06 4.1483e-06 4.61117e-06 2.95695e-06 -1.20644e-07 -2.9777e-06 -4.1668e-06 -3.25628e-06 -7.52482e-07 1.8887e-06 3.54261e-06 3.44575e-06 1.28575e-06 -1.57166e-06 -3.21095e-06 -2.79874e-06 -1.10438e-06 6.83163e-07 2.40968e-06 3.18551e-06 1.5868e-06 -1.32348e-06 -2.95701e-06 -2.24004e-06 -3.93404e-07 1.07018e-06 1.92369e-06 1.84841e-06 6.34025e-07 -8.65864e-07 -2.03873e-06 -2.12007e-06 -3.55783e-07 1.89105e-06 2.50354e-06 1.08161e-06 -1.09004e-06 -2.19816e-06 -1.46807e-06 3.29025e-07 1.58609e-06 1.28075e-06 1.95852e-07 -6.08411e-07 -9.70299e-07 -6.35818e-07 6.25887e-08 3.88044e-07 6.35958e-07 6.83127e-07 3.18476e-09 -6.6726e-07 -8.28364e-07 -5.42048e-07 4.30949e-07 1.18771e-06 7.25044e-07 -2.56731e-07 -1.02554e-06 -1.08751e-06 0. 
0.0966473 0.0966827 0.0952836 0.0926259 0.0888824 0.0842228 0.0788113 0.0728064 0.0663593 0.0596133 0.0527024 0.0457511 0.0388731 0.0321711 0.0257362 0.0196475 0.0139721 0.00876471 0.00406796 -8.75466e-05 -0.00368281 -0.00671004 -0.00917199 -0.0110814 -0.0124598 -0.0133371 -0.0137503 -0.0137422 -0.0133606 -0.012657 -0.0116852 -0.0105004 -0.00915762 -0.00771094 -0.00621209 -0.00470959 -0.00324773 -0.00186591 -0.000597801 0.000528988 0.00149339 0.00228098 0.002884 0.00330115 0.0035373 0.00360291 0.00351341 0.00328841 0.00295076 0.00252568 0.00203957 0.00151922 0.000990496 0.000477699 2.41496e-06 -0.000416968 -0.000766083 -0.00103477 -0.0012175 -0.00131322 -0.00132527 -0.00126095 -0.00113097 -0.000948742 -0.000729517 -0.000489571 -0.0002451 -1.15437e-05 0.000197533 0.000370859 0.000500331 0.000581073 0.000611869 0.000594841 0.000535341 0.000441319 0.000322697 0.00019061 5.64185e-05 -6.89634e-05 -0.000176142 -0.000257614 -0.000308627 -0.000327115 -0.000314089 -0.000273142 -0.00021025 -0.000133006 -4.98927e-05 3.04717e-05 0.000100345 0.000153319 0.000185241 0.000194189 0.000180958 0.00014854 0.000101995 4.7635e-05 -7.6711e-06 -5.72409e-05 -9.55503e-05 -0.000118559 -0.000124528 -0.000113752 -8.88469e-05 -5.40044e-05 -1.46174e-05 2.35831e-05 5.53733e-05 7.65543e-05 8.4836e-05 7.97091e-05 6.28963e-05 3.76249e-05 8.40204e-06 -1.99033e-05 -4.28278e-05 -5.68665e-05 -6.03236e-05 -5.31358e-05 -3.72849e-05 -1.59814e-05 6.61778e-06 2.63389e-05 3.97744e-05 4.46819e-05 4.07331e-05 2.90777e-05 1.25365e-05 -5.3771e-06 -2.09501e-05 -3.10632e-05 -3.39932e-05 -2.9394e-05 -1.87874e-05 -4.71977e-06 9.44065e-06 2.04941e-05 2.61294e-05 2.52196e-05 1.8446e-05 7.61738e-06 -4.3389e-06 -1.44459e-05 -2.02983e-05 -2.05381e-05 -1.55076e-05 -6.65987e-06 3.37013e-06 1.18693e-05 1.66136e-05 1.63902e-05 1.16241e-05 3.76369e-06 -4.67419e-06 -1.12312e-05 -1.40785e-05 -1.24419e-05 -7.15861e-06 9.19748e-08 6.85975e-06 1.10326e-05 1.144e-05 8.00858e-06 2.18108e-06 -4.08961e-06 -8.60085e-06 -9.8512e-06 -7.64362e-06 -2.78096e-06 2.75524e-06 6.99629e-06 8.44788e-06 6.60703e-06 2.43929e-06 -2.48936e-06 -6.16347e-06 -7.19319e-06 -5.36536e-06 -1.40465e-06 2.86296e-06 5.73573e-06 6.08748e-06 3.78176e-06 4.74382e-08 -3.56037e-06 -5.41502e-06 -4.72014e-06 -2.0026e-06 1.54555e-06 4.16167e-06 4.69888e-06 3.0594e-06 -5.83409e-08 -2.96313e-06 -4.23078e-06 -3.33985e-06 -8.23306e-07 1.85281e-06 3.59047e-06 3.52159e-06 1.3522e-06 -1.54205e-06 -3.23951e-06 -2.84513e-06 -1.17837e-06 6.33234e-07 2.44814e-06 3.24731e-06 1.63625e-06 -1.30269e-06 -2.9755e-06 -2.27631e-06 -4.51466e-07 1.04499e-06 1.95286e-06 1.88215e-06 6.86492e-07 -8.39526e-07 -2.08617e-06 -2.16882e-06 -3.79573e-07 1.89314e-06 2.54372e-06 1.11631e-06 -1.08109e-06 -2.2137e-06 -1.49654e-06 3.14564e-07 1.57462e-06 1.28983e-06 2.32753e-07 -5.95812e-07 -9.70459e-07 -6.46987e-07 1.66938e-08 3.76947e-07 6.6803e-07 7.04038e-07 2.97061e-08 -6.71487e-07 -8.82625e-07 -5.60307e-07 4.46975e-07 1.2082e-06 7.66482e-07 -2.5751e-07 -1.07542e-06 -1.107e-06 0. 
0.0966473 0.0966823 0.095283 0.0926249 0.0888811 0.0842211 0.0788093 0.072804 0.0663566 0.0596102 0.052699 0.0457473 0.0388689 0.0321666 0.0257314 0.0196424 0.0139667 0.00875905 0.00406208 -9.36007e-05 -0.00368899 -0.00671628 -0.00917824 -0.0110875 -0.0124658 -0.0133429 -0.0137558 -0.0137473 -0.0133652 -0.0126609 -0.0116885 -0.0105029 -0.00915928 -0.00771171 -0.00621192 -0.00470846 -0.00324565 -0.00186288 -0.000593872 0.000533754 0.00149891 0.00228713 0.00289063 0.00330812 0.00354444 0.00361002 0.00352031 0.00329489 0.00295666 0.0025308 0.00204378 0.00152238 0.000992526 0.000478536 2.06412e-06 -0.000418481 -0.000768662 -0.0010383 -0.0012218 -0.00131809 -0.00133047 -0.00126624 -0.0011361 -0.000953461 -0.000733616 -0.000492842 -0.000247417 -1.27945e-05 0.000197361 0.000371753 0.000502182 0.000583745 0.000615153 0.000598507 0.000539132 0.000444968 0.000325968 0.000193272 5.83214e-05 -6.79487e-05 -0.000176032 -0.000258398 -0.000310183 -0.000329296 -0.000316671 -0.000275891 -0.000212916 -0.000135347 -5.17211e-05 2.93205e-05 9.99286e-05 0.000153664 0.000186255 0.000195755 0.000182869 0.000150585 0.000103941 4.92667e-05 -6.5124e-06 -5.66827e-05 -9.56068e-05 -0.000119216 -0.000125652 -0.000115197 -9.03983e-05 -5.54623e-05 -1.5794e-05 2.28414e-05 5.51301e-05 7.68394e-05 8.55578e-05 8.07633e-05 6.40901e-05 3.87843e-05 9.3462e-06 -1.93152e-05 -4.26577e-05 -5.71401e-05 -6.09493e-05 -5.40145e-05 -3.82336e-05 -1.68458e-05 5.98997e-06 2.60531e-05 3.98507e-05 4.51083e-05 4.13874e-05 2.9846e-05 1.32459e-05 -4.85431e-06 -2.07082e-05 -3.1148e-05 -3.43514e-05 -2.99596e-05 -1.94059e-05 -5.27246e-06 9.08163e-06 2.04003e-05 2.6297e-05 2.56162e-05 1.89439e-05 8.11496e-06 -3.97727e-06 -1.4296e-05 -2.03811e-05 -2.08365e-05 -1.59126e-05 -7.08386e-06 3.05807e-06 1.17375e-05 1.66867e-05 1.66507e-05 1.19696e-05 4.11502e-06 -4.43672e-06 -1.11612e-05 -1.41864e-05 -1.26997e-05 -7.46028e-06 -1.80786e-07 6.71653e-06 1.10505e-05 1.16004e-05 8.26787e-06 2.42794e-06 -3.91625e-06 -8.56883e-06 -9.96271e-06 -7.84268e-06 -3.01256e-06 2.59589e-06 6.94655e-06 8.5264e-06 6.78561e-06 2.62981e-06 -2.3387e-06 -6.12606e-06 -7.27093e-06 -5.51735e-06 -1.58245e-06 2.75288e-06 5.71829e-06 6.17286e-06 3.93456e-06 1.83599e-07 -3.47852e-06 -5.43632e-06 -4.82548e-06 -2.13318e-06 1.43263e-06 4.13638e-06 4.75598e-06 3.16893e-06 6.15001e-08 -2.90986e-06 -4.25049e-06 -3.42625e-06 -9.35786e-07 1.78737e-06 3.58523e-06 3.58869e-06 1.45212e-06 -1.4764e-06 -3.21892e-06 -2.89264e-06 -1.27079e-06 5.58764e-07 2.4299e-06 3.30734e-06 1.71071e-06 -1.26286e-06 -2.95008e-06 -2.29898e-06 -5.27812e-07 9.75375e-07 1.93987e-06 1.94163e-06 7.59388e-07 -8.04378e-07 -2.09508e-06 -2.22787e-06 -4.29765e-07 1.88948e-06 2.55053e-06 1.14764e-06 -1.03231e-06 -2.19977e-06 -1.5126e-06 2.74313e-07 1.52376e-06 1.28334e-06 2.78596e-07 -5.37818e-07 -9.46968e-07 -6.82453e-07 -4.36436e-08 3.42112e-07 6.89522e-07 7.6784e-07 6.68433e-08 -6.89718e-07 -9.29356e-07 -6.05637e-07 4.52507e-07 1.26372e-06 8.02099e-07 -2.62676e-07 -1.11159e-06 -1.15572e-06 0. 
0.0966473 0.0966821 0.0952824 0.092624 0.0888799 0.0842196 0.0788074 0.0728018 0.0663541 0.0596073 0.0526958 0.0457437 0.0388649 0.0321622 0.0257266 0.0196372 0.0139612 0.00875316 0.00405585 -0.000100137 -0.00369579 -0.00672329 -0.0091854 -0.0110948 -0.0124731 -0.0133501 -0.0137628 -0.013754 -0.0133715 -0.0126668 -0.0116938 -0.0105075 -0.00916308 -0.00771463 -0.00621389 -0.00470942 -0.00324554 -0.0018617 -0.000591615 0.000537057 0.00150319 0.00229231 0.0028966 0.00331474 0.00355152 0.00361741 0.00352778 0.00330224 0.00296367 0.00253726 0.0020495 0.00152718 0.000996257 0.000481088 3.3655e-06 -0.00041845 -0.000769876 -0.00104068 -0.00122521 -0.00132236 -0.0013354 -0.00127157 -0.00114156 -0.000958796 -0.000738553 -0.000497148 -0.000250878 -1.52576e-05 0.000196003 0.000371534 0.000503074 0.000585648 0.000617909 0.000601907 0.00054292 0.000448879 0.000329717 0.000196608 6.10094e-05 -6.60722e-05 -0.000175083 -0.000258404 -0.000311104 -0.000331014 -0.000319004 -0.000278613 -0.000215764 -0.000138066 -5.40577e-05 2.75584e-05 9.88929e-05 0.000153414 0.000186784 0.000196967 0.000184605 0.000152638 0.000106065 5.1229e-05 -4.93593e-06 -5.56457e-05 -9.52153e-05 -0.000119477 -0.000126507 -0.000116507 -9.19722e-05 -5.70864e-05 -1.72427e-05 2.17459e-05 5.45315e-05 7.67873e-05 8.60404e-05 8.16787e-05 6.52825e-05 4.00624e-05 1.05033e-05 -1.84452e-05 -4.22092e-05 -5.71547e-05 -6.141e-05 -5.48166e-05 -3.92249e-05 -1.78478e-05 5.16091e-06 2.55279e-05 3.97204e-05 4.53681e-05 4.19763e-05 3.06317e-05 1.40649e-05 -4.16032e-06 -2.0281e-05 -3.10517e-05 -3.45996e-05 -3.0476e-05 -2.00705e-05 -5.93487e-06 8.57301e-06 2.01433e-05 2.63482e-05 2.59398e-05 1.94572e-05 8.68498e-06 -3.49403e-06 -1.40068e-05 -2.03584e-05 -2.10637e-05 -1.63272e-05 -7.56593e-06 2.6405e-06 1.14869e-05 1.66727e-05 1.68563e-05 1.23351e-05 4.52577e-06 -4.10246e-06 -1.09909e-05 -1.42323e-05 -1.29284e-05 -7.80111e-06 -5.21124e-07 6.48583e-06 1.09898e-05 1.17312e-05 8.5299e-06 2.73449e-06 -3.66933e-06 -8.46762e-06 -1.00263e-05 -8.05156e-06 -3.27992e-06 2.36567e-06 6.8312e-06 8.57172e-06 6.95807e-06 2.86723e-06 -2.13256e-06 -6.03266e-06 -7.31395e-06 -5.68387e-06 -1.79232e-06 2.58373e-06 5.65428e-06 6.24437e-06 4.09575e-06 3.69323e-07 -3.35144e-06 -5.42471e-06 -4.92066e-06 -2.29894e-06 1.28067e-06 4.0693e-06 4.79493e-06 3.29773e-06 2.067e-07 -2.80965e-06 -4.23986e-06 -3.52413e-06 -1.0774e-06 1.68265e-06 3.56589e-06 3.64806e-06 1.55166e-06 -1.35629e-06 -3.15338e-06 -2.95304e-06 -1.39957e-06 4.64356e-07 2.41346e-06 3.34153e-06 1.7765e-06 -1.16529e-06 -2.89185e-06 -2.33352e-06 -6.20594e-07 8.74482e-07 1.90399e-06 2.00905e-06 8.62766e-07 -7.48782e-07 -2.11111e-06 -2.28152e-06 -4.84993e-07 1.84922e-06 2.5539e-06 1.18988e-06 -9.79188e-07 -2.14803e-06 -1.51571e-06 1.96717e-07 1.44929e-06 1.26662e-06 3.32006e-07 -4.40766e-07 -9.04006e-07 -7.35675e-07 -1.30396e-07 2.89819e-07 7.16634e-07 8.55199e-07 1.23623e-07 -7.11238e-07 -9.99091e-07 -6.63965e-07 4.60788e-07 1.33002e-06 8.5658e-07 -2.67429e-07 -1.16759e-06 -1.2125e-06 0. 
0.0966473 0.0966818 0.095282 0.0926233 0.088879 0.0842184 0.078806 0.0728001 0.0663521 0.059605 0.0526931 0.0457406 0.0388615 0.0321583 0.0257223 0.0196325 0.0139559 0.00874749 0.00404974 -0.000106675 -0.00370272 -0.00673059 -0.00919302 -0.0111026 -0.0124811 -0.0133583 -0.0137709 -0.0137621 -0.0133794 -0.0126744 -0.0117009 -0.0105141 -0.009169 -0.00771975 -0.00621811 -0.00471262 -0.00324767 -0.00186267 -0.000591407 0.000538461 0.00150578 0.00229602 0.00290136 0.00332043 0.00355801 0.00362451 0.0035353 0.00330997 0.00297136 0.0025447 0.00205644 0.0015334 0.00100157 0.000485315 6.3747e-06 -0.000416744 -0.000769509 -0.00104163 -0.00122741 -0.00132567 -0.00133964 -0.00127653 -0.00114697 -0.000964383 -0.000744027 -0.000502231 -0.00025531 -1.88231e-05 0.000193477 0.000370151 0.000502875 0.000586597 0.000619901 0.00060477 0.00054643 0.000452769 0.000333699 0.000200396 6.43309e-05 -6.34429e-05 -0.000173321 -0.000257605 -0.000311294 -0.000332127 -0.000320908 -0.000281105 -0.000218596 -0.000140966 -5.67544e-05 2.5309e-05 9.72901e-05 0.000152581 0.000186773 0.000197734 0.000186038 0.000154545 0.000108218 5.33734e-05 -3.04472e-06 -5.42142e-05 -9.43944e-05 -0.000119332 -0.000127027 -0.000117589 -9.34556e-05 -5.8752e-05 -1.88625e-05 2.03911e-05 5.36173e-05 7.64179e-05 8.62472e-05 8.23968e-05 6.63867e-05 4.13597e-05 1.17893e-05 -1.73754e-05 -4.15155e-05 -5.69295e-05 -6.16726e-05 -5.54922e-05 -4.01855e-05 -1.89045e-05 4.19391e-06 2.48242e-05 3.93957e-05 4.54618e-05 4.24565e-05 3.13794e-05 1.49299e-05 -3.3636e-06 -1.97046e-05 -3.08056e-05 -3.47214e-05 -3.09169e-05 -2.07292e-05 -6.64736e-06 7.95828e-06 1.97668e-05 2.62824e-05 2.61837e-05 1.99452e-05 9.27957e-06 -2.93174e-06 -1.36232e-05 -2.02357e-05 -2.12219e-05 -1.67174e-05 -8.06664e-06 2.15601e-06 1.11592e-05 1.65764e-05 1.70105e-05 1.26886e-05 4.96026e-06 -3.7045e-06 -1.07563e-05 -1.42148e-05 -1.31267e-05 -8.14865e-06 -8.94408e-07 6.19241e-06 1.08782e-05 1.18212e-05 8.78507e-06 3.069e-06 -3.38235e-06 -8.31012e-06 -1.00588e-05 -8.24905e-06 -3.5636e-06 2.09169e-06 6.68015e-06 8.58063e-06 7.12567e-06 3.12299e-06 -1.89847e-06 -5.8963e-06 -7.33946e-06 -5.84409e-06 -2.01878e-06 2.37854e-06 5.56808e-06 6.29278e-06 4.26354e-06 5.78374e-07 -3.20183e-06 -5.38298e-06 -5.01661e-06 -2.47359e-06 1.10975e-06 3.96941e-06 4.82807e-06 3.42848e-06 3.72554e-07 -2.68674e-06 -4.22671e-06 -3.6046e-06 -1.23047e-06 1.53944e-06 3.53263e-06 3.71754e-06 1.67429e-06 -1.24726e-06 -3.08575e-06 -2.96124e-06 -1.54263e-06 3.08286e-07 2.39308e-06 3.41077e-06 1.84987e-06 -1.09679e-06 -2.8124e-06 -2.32786e-06 -7.49554e-07 7.5264e-07 1.87861e-06 2.0559e-06 9.82577e-07 -6.57004e-07 -2.13772e-06 -2.35576e-06 -5.419e-07 1.81493e-06 2.54657e-06 1.23157e-06 -9.02084e-07 -2.10706e-06 -1.52118e-06 1.41994e-07 1.34065e-06 1.23531e-06 4.19348e-07 -3.54182e-07 -8.5269e-07 -7.65891e-07 -2.5794e-07 2.28215e-07 7.68066e-07 9.31468e-07 1.98652e-07 -7.18536e-07 -1.10436e-06 -7.23632e-07 4.79864e-07 1.38803e-06 9.34831e-07 -2.67842e-07 -1.25218e-06 -1.26491e-06 0. 
0.0966473 0.0966817 0.0952817 0.092623 0.0888785 0.0842178 0.0788052 0.0727991 0.0663508 0.0596034 0.0526912 0.0457384 0.0388589 0.0321553 0.0257188 0.0196285 0.0139515 0.00874254 0.00404426 -0.00011268 -0.00370926 -0.00673763 -0.00920054 -0.0111106 -0.0124895 -0.0133669 -0.0137798 -0.0137711 -0.0133885 -0.0126834 -0.0117096 -0.0105224 -0.00917685 -0.00772696 -0.00622453 -0.00471813 -0.00325214 -0.00186601 -0.000593526 0.000537618 0.00150624 0.00229779 0.0029044 0.00332466 0.00356331 0.00363075 0.0035423 0.00331752 0.00297924 0.00255265 0.00206422 0.00154074 0.00100823 0.000491073 1.1046e-05 -0.000413318 -0.000767426 -0.00104094 -0.00122811 -0.00132768 -0.00134283 -0.00128071 -0.00115193 -0.000969828 -0.000749681 -0.000507781 -0.000260475 -2.33187e-05 0.000189865 0.000367612 0.000501506 0.000586443 0.000620916 0.000606843 0.000549376 0.000456346 0.000337637 0.000204384 6.80878e-05 -6.02061e-05 -0.000170814 -0.000256009 -0.000310681 -0.000332515 -0.000322207 -0.000283164 -0.000221196 -0.00014384 -5.96311e-05 2.27167e-05 9.5203e-05 0.000151201 0.000186185 0.000197979 0.000187033 0.000156157 0.000110234 5.55438e-05 -9.67828e-07 -5.24835e-05 -9.31808e-05 -0.000118779 -0.000127149 -0.000118355 -9.47202e-05 -6.03324e-05 -2.05297e-05 1.8876e-05 5.24439e-05 7.57551e-05 8.61422e-05 8.28606e-05 6.73008e-05 4.25772e-05 1.30987e-05 -1.61874e-05 -4.06231e-05 -5.64827e-05 -6.17e-05 -5.5991e-05 -4.10234e-05 -1.99351e-05 3.17216e-06 2.39983e-05 3.88958e-05 4.53866e-05 4.27736e-05 3.20349e-05 1.5756e-05 -2.52625e-06 -1.90296e-05 -3.04336e-05 -3.46964e-05 -3.1254e-05 -2.13098e-05 -7.35696e-06 7.29992e-06 1.93031e-05 2.61012e-05 2.63351e-05 2.03498e-05 9.85707e-06 -2.35407e-06 -1.31762e-05 -2.00244e-05 -2.1305e-05 -1.70337e-05 -8.5528e-06 1.66511e-06 1.07791e-05 1.64097e-05 1.71064e-05 1.2983e-05 5.39109e-06 -3.29777e-06 -1.04733e-05 -1.41382e-05 -1.32835e-05 -8.45409e-06 -1.27903e-06 5.88211e-06 1.07214e-05 1.18618e-05 9.01882e-06 3.3802e-06 -3.06946e-06 -8.1281e-06 -1.00555e-05 -8.40913e-06 -3.84825e-06 1.82376e-06 6.49638e-06 8.56191e-06 7.27492e-06 3.35474e-06 -1.6444e-06 -5.7516e-06 -7.33687e-06 -5.97846e-06 -2.24994e-06 2.18117e-06 5.45249e-06 6.32427e-06 4.4232e-06 7.71219e-07 -3.02794e-06 -5.33532e-06 -5.09445e-06 -2.63312e-06 9.20748e-07 3.87588e-06 4.83969e-06 3.54309e-06 5.46041e-07 -2.56591e-06 -4.18618e-06 -3.6912e-06 -1.38905e-06 1.42533e-06 3.47619e-06 3.76187e-06 1.79577e-06 -1.11526e-06 -3.00018e-06 -3.01576e-06 -1.66749e-06 2.06977e-07 2.32943e-06 3.44558e-06 1.9441e-06 -1.00405e-06 -2.74287e-06 -2.34762e-06 -8.43499e-07 6.32059e-07 1.81716e-06 2.13804e-06 1.09264e-06 -6.01428e-07 -2.12291e-06 -2.424e-06 -6.22357e-07 1.79093e-06 2.53793e-06 1.26633e-06 -8.25754e-07 -2.05364e-06 -1.52457e-06 6.46621e-08 1.25195e-06 1.21005e-06 4.75058e-07 -2.38271e-07 -8.00334e-07 -8.31198e-07 -3.46083e-07 1.62515e-07 7.85617e-07 1.04818e-06 2.59038e-07 -7.52281e-07 -1.16459e-06 -8.03524e-07 4.799e-07 1.48624e-06 9.83303e-07 -2.77419e-07 -1.29654e-06 -1.35014e-06 0. 
0.0966473 0.0966817 0.0952818 0.092623 0.0888785 0.0842177 0.0788051 0.0727988 0.0663504 0.0596029 0.0526904 0.0457373 0.0388575 0.0321536 0.0257166 0.0196259 0.0139484 0.00873883 0.00403996 -0.000117601 -0.00371481 -0.00674382 -0.00920736 -0.011118 -0.0124975 -0.0133755 -0.0137888 -0.0137805 -0.0133981 -0.0126931 -0.0117195 -0.0105321 -0.0091863 -0.00773598 -0.00623297 -0.00472583 -0.00325895 -0.00187177 -0.000598119 0.000534305 0.00150428 0.00229724 0.00290526 0.00332692 0.0035669 0.00363557 0.0035482 0.00332433 0.00298673 0.0025606 0.00207235 0.00154879 0.00101591 0.000498129 1.72257e-05 -0.000408224 -0.000763589 -0.00103849 -0.00122709 -0.00132811 -0.00134462 -0.00128375 -0.00115601 -0.000974745 -0.000755123 -0.000513468 -0.00026607 -2.85359e-05 0.000185324 0.00036397 0.000498953 0.000585088 0.000620789 0.000607906 0.000551492 0.000459342 0.000341238 0.000208329 7.20431e-05 -5.65141e-05 -0.000167682 -0.00025364 -0.000309243 -0.000332076 -0.000322755 -0.00028461 -0.000223351 -0.000146495 -6.2486e-05 1.99145e-05 9.27525e-05 0.000149301 0.000185023 0.000197622 0.000187485 0.000157329 0.000111947 5.75979e-05 1.14633e-06 -5.05306e-05 -9.16454e-05 -0.000117798 -0.000126839 -0.000118706 -9.56559e-05 -6.17053e-05 -2.21154e-05 1.72808e-05 5.1093e-05 7.47955e-05 8.57224e-05 8.29907e-05 6.79463e-05 4.36101e-05 1.43281e-05 -1.49459e-05 -3.95993e-05 -5.58004e-05 -6.14874e-05 -5.62335e-05 -4.16719e-05 -2.08505e-05 2.17667e-06 2.30865e-05 3.82619e-05 4.51018e-05 4.2906e-05 3.25133e-05 1.64804e-05 -1.71166e-06 -1.83115e-05 -2.99286e-05 -3.45332e-05 -3.14172e-05 -2.1774e-05 -7.98999e-06 6.64867e-06 1.87672e-05 2.5826e-05 2.63387e-05 2.06501e-05 1.03422e-05 -1.80114e-06 -1.26915e-05 -1.97471e-05 -2.12656e-05 -1.72647e-05 -8.9507e-06 1.19743e-06 1.03736e-05 1.61903e-05 1.70974e-05 1.32106e-05 5.74768e-06 -2.90256e-06 -1.01615e-05 -1.40134e-05 -1.33471e-05 -8.71133e-06 -1.61046e-06 5.56704e-06 1.05238e-05 1.18576e-05 9.17103e-06 3.66389e-06 -2.78335e-06 -7.9262e-06 -9.99764e-06 -8.53225e-06 -4.06764e-06 1.56133e-06 6.30812e-06 8.51337e-06 7.36019e-06 3.56518e-06 -1.4274e-06 -5.59044e-06 -7.29774e-06 -6.08583e-06 -2.42567e-06 1.98037e-06 5.33463e-06 6.32936e-06 4.53029e-06 9.5789e-07 -2.87859e-06 -5.26595e-06 -5.13562e-06 -2.77758e-06 7.7175e-07 3.76163e-06 4.83278e-06 3.64451e-06 6.76661e-07 -2.43969e-06 -4.14491e-06 -3.74423e-06 -1.50809e-06 1.28279e-06 3.43483e-06 3.80992e-06 1.87458e-06 -1.01056e-06 -2.91988e-06 -3.00753e-06 -1.78443e-06 6.18236e-08 2.31642e-06 3.48831e-06 1.98189e-06 -9.25515e-07 -2.66563e-06 -2.34352e-06 -9.39265e-07 5.27322e-07 1.78581e-06 2.16206e-06 1.19379e-06 -5.08546e-07 -2.15248e-06 -2.47807e-06 -6.58658e-07 1.7405e-06 2.53587e-06 1.30825e-06 -7.79893e-07 -2.00819e-06 -1.51809e-06 9.69852e-09 1.1671e-06 1.18139e-06 5.37734e-07 -1.62121e-07 -7.53908e-07 -8.53724e-07 -4.52291e-07 1.09049e-07 8.28355e-07 1.10623e-06 3.25167e-07 -7.52233e-07 -1.25993e-06 -8.49461e-07 4.98742e-07 1.5243e-06 1.05623e-06 -2.74776e-07 -1.37733e-06 -1.38507e-06 0. 
0.0966473 0.0966819 0.0952821 0.0926235 0.0888791 0.0842184 0.0788058 0.0727996 0.0663512 0.0596035 0.052691 0.0457377 0.0388576 0.0321534 0.0257161 0.0196249 0.0139469 0.00873681 0.00403733 -0.000120894 -0.00371881 -0.00674856 -0.00921286 -0.0111243 -0.0125045 -0.0133832 -0.0137973 -0.0137895 -0.0134077 -0.0127032 -0.0117298 -0.0105427 -0.00919688 -0.00774643 -0.0062431 -0.00473546 -0.00326789 -0.00187985 -0.000605167 0.000528438 0.00149974 0.00229411 0.00290364 0.00332682 0.00356834 0.00363847 0.00355249 0.00332985 0.00299331 0.002568 0.00208034 0.00155707 0.00102421 0.000506144 2.46675e-05 -0.000401624 -0.000758071 -0.00103423 -0.00122425 -0.00132675 -0.00134477 -0.00128533 -0.00115891 -0.000978746 -0.000760007 -0.000518922 -0.0002718 -3.41957e-05 0.000180039 0.000359362 0.000495264 0.000582502 0.000619429 0.00060779 0.000552588 0.000461495 0.000344274 0.000211959 7.59977e-05 -5.25747e-05 -0.000164041 -0.000250586 -0.000306985 -0.000330764 -0.000322457 -0.000285287 -0.000224912 -0.000148726 -6.51749e-05 1.70786e-05 9.00238e-05 0.00014697 0.000183286 0.000196639 0.000187316 0.000157942 0.000113249 5.93798e-05 3.20779e-06 -4.84785e-05 -8.98161e-05 -0.00011643 -0.000126056 -0.000118587 -9.61792e-05 -6.27555e-05 -2.35444e-05 1.57186e-05 4.95892e-05 7.35937e-05 8.49505e-05 8.27596e-05 6.82508e-05 4.43718e-05 1.54184e-05 -1.3743e-05 -3.84511e-05 -5.49268e-05 -6.09866e-05 -5.61944e-05 -4.20629e-05 -2.15787e-05 1.24514e-06 2.2158e-05 3.74736e-05 4.46297e-05 4.27909e-05 3.27802e-05 1.70475e-05 -9.81206e-07 -1.75537e-05 -2.93334e-05 -3.418e-05 -3.14026e-05 -2.20574e-05 -8.50439e-06 6.02537e-06 1.82032e-05 2.54156e-05 2.62068e-05 2.07791e-05 1.07106e-05 -1.30388e-06 -1.2206e-05 -1.93691e-05 -2.11218e-05 -1.73427e-05 -9.24822e-06 7.86746e-07 9.97036e-06 1.58835e-05 1.70017e-05 1.33038e-05 6.02564e-06 -2.5482e-06 -9.84074e-06 -1.37998e-05 -1.33344e-05 -8.85456e-06 -1.88867e-06 5.26461e-06 1.03003e-05 1.17574e-05 9.25731e-06 3.86031e-06 -2.52166e-06 -7.70045e-06 -9.898e-06 -8.55572e-06 -4.23833e-06 1.34606e-06 6.11217e-06 8.40245e-06 7.39785e-06 3.69182e-06 -1.22858e-06 -5.42188e-06 -7.22553e-06 -6.11081e-06 -2.57021e-06 1.81829e-06 5.20065e-06 6.27799e-06 4.603e-06 1.0797e-06 -2.72683e-06 -5.17269e-06 -5.14448e-06 -2.85284e-06 6.30092e-07 3.65594e-06 4.79607e-06 3.67892e-06 7.96732e-07 -2.33455e-06 -4.08281e-06 -3.75674e-06 -1.60247e-06 1.19419e-06 3.357e-06 3.80102e-06 1.95558e-06 -9.26305e-07 -2.84819e-06 -2.99926e-06 -1.84113e-06 -1.17959e-08 2.2343e-06 3.48981e-06 2.04685e-06 -8.79368e-07 -2.60338e-06 -2.32009e-06 -9.96039e-07 4.48163e-07 1.73393e-06 2.1891e-06 1.24833e-06 -4.67296e-07 -2.10968e-06 -2.50818e-06 -7.17658e-07 1.72766e-06 2.50603e-06 1.31301e-06 -7.10296e-07 -1.97405e-06 -1.51713e-06 -1.85492e-08 1.09978e-06 1.15399e-06 5.73821e-07 -1.02045e-07 -7.18227e-07 -8.77444e-07 -5.01267e-07 6.85173e-08 8.30787e-07 1.16525e-06 3.57512e-07 -7.65665e-07 -1.28065e-06 -8.92972e-07 4.91909e-07 1.57529e-06 1.0722e-06 -2.78901e-07 -1.38606e-06 -1.43058e-06 0. 
0.0966473 0.0966822 0.0952827 0.0926244 0.0888803 0.0842199 0.0788075 0.0728015 0.0663531 0.0596056 0.052693 0.0457397 0.0388595 0.0321551 0.0257175 0.019626 0.0139475 0.0087369 0.00403682 -0.000122084 -0.00372074 -0.0067513 -0.00921645 -0.0111288 -0.0125099 -0.0133895 -0.0138045 -0.0137976 -0.0134166 -0.0127128 -0.0117401 -0.0105534 -0.00920799 -0.00775773 -0.00625441 -0.00474658 -0.00327862 -0.00188998 -0.000614491 0.000520128 0.00149261 0.00228834 0.00289934 0.00332412 0.00356727 0.00363906 0.00355468 0.00333358 0.00299843 0.00257434 0.00208765 0.00156511 0.00103266 0.000514706 3.30217e-05 -0.000393796 -0.000751052 -0.0010283 -0.0012196 -0.00132355 -0.00134311 -0.00128524 -0.00116031 -0.000981537 -0.000763969 -0.000523821 -0.000277317 -4.00136e-05 0.000174271 0.000353976 0.000490563 0.000578753 0.000616807 0.000606435 0.000552504 0.000462655 0.000346506 0.000215079 7.97054e-05 -4.85654e-05 -0.000160071 -0.000246958 -0.000303977 -0.000328598 -0.000321259 -0.000285132 -0.000225731 -0.000150424 -6.75143e-05 1.43223e-05 8.71667e-05 0.00014428 0.000181038 0.000195037 0.000186488 0.00015795 0.000114021 6.0819e-05 5.07825e-06 -4.63857e-05 -8.77911e-05 -0.000114693 -0.000124818 -0.000117975 -9.62263e-05 -6.34403e-05 -2.47094e-05 1.42242e-05 4.80259e-05 7.21553e-05 8.38592e-05 8.21445e-05 6.81748e-05 4.48309e-05 1.62856e-05 -1.25937e-05 -3.72555e-05 -5.38484e-05 -6.02236e-05 -5.5843e-05 -4.21605e-05 -2.20968e-05 4.48026e-07 2.1207e-05 3.65882e-05 4.39381e-05 4.24367e-05 3.28027e-05 1.74155e-05 -3.39883e-07 -1.68152e-05 -2.86178e-05 -3.36703e-05 -3.11684e-05 -2.21467e-05 -8.88312e-06 5.47657e-06 1.7586e-05 2.49116e-05 2.58923e-05 2.07422e-05 1.09354e-05 -8.94331e-07 -1.16991e-05 -1.89309e-05 -2.08232e-05 -1.72832e-05 -9.41338e-06 4.53765e-07 9.54976e-06 1.55261e-05 1.67665e-05 1.32822e-05 6.19302e-06 -2.24918e-06 -9.4877e-06 -1.35312e-05 -1.31906e-05 -8.90361e-06 -2.08755e-06 4.98802e-06 1.00182e-05 1.15932e-05 9.22277e-06 3.98678e-06 -2.29586e-06 -7.46633e-06 -9.71019e-06 -8.51142e-06 -4.31391e-06 1.16566e-06 5.89637e-06 8.25236e-06 7.3337e-06 3.76621e-06 -1.07312e-06 -5.24641e-06 -7.08327e-06 -6.08672e-06 -2.63506e-06 1.67278e-06 5.04272e-06 6.1901e-06 4.58873e-06 1.17301e-06 -2.59281e-06 -5.05704e-06 -5.07897e-06 -2.89501e-06 5.34153e-07 3.53751e-06 4.70795e-06 3.68265e-06 8.53992e-07 -2.22716e-06 -3.98735e-06 -3.73549e-06 -1.63644e-06 1.10172e-06 3.27492e-06 3.76526e-06 1.96008e-06 -8.43412e-07 -2.75863e-06 -2.96577e-06 -1.85916e-06 -7.45514e-08 2.18077e-06 3.44305e-06 2.03515e-06 -8.03645e-07 -2.53258e-06 -2.29941e-06 -1.00747e-06 3.91614e-07 1.68105e-06 2.17136e-06 1.26954e-06 -4.18042e-07 -2.08113e-06 -2.4879e-06 -7.25459e-07 1.66301e-06 2.47086e-06 1.31956e-06 -6.8939e-07 -1.91267e-06 -1.48852e-06 -5.93595e-08 1.05995e-06 1.12727e-06 5.76264e-07 -5.72885e-08 -6.8852e-07 -8.82495e-07 -5.2337e-07 4.3703e-08 8.25753e-07 1.17722e-06 3.74963e-07 -7.56123e-07 -1.28961e-06 -8.9934e-07 4.88295e-07 1.56761e-06 1.07983e-06 -2.73435e-07 -1.39063e-06 -1.42286e-06 0. 
0.0966473 0.0966827 0.0952837 0.0926258 0.0888822 0.0842222 0.0788101 0.0728045 0.0663564 0.0596091 0.0526967 0.0457435 0.0388633 0.0321588 0.0257211 0.0196293 0.0139504 0.0087394 0.00403877 -0.00012077 -0.00372016 -0.00675154 -0.0092176 -0.0111309 -0.012513 -0.0133937 -0.0138098 -0.013804 -0.013424 -0.0127213 -0.0117495 -0.0105637 -0.00921892 -0.00776922 -0.00626627 -0.00475862 -0.00329062 -0.00190171 -0.00062571 0.000509642 0.0014831 0.00228001 0.00289239 0.0033187 0.00356351 0.00363705 0.00355445 0.0033351 0.00300164 0.00257909 0.00209376 0.00157234 0.00104075 0.000523327 4.18407e-05 -0.000385112 -0.000742856 -0.00102089 -0.00121328 -0.00131855 -0.00133961 -0.00128333 -0.00116005 -0.000982845 -0.000766733 -0.000527824 -0.000282299 -4.56543e-05 0.000168322 0.000348073 0.000485067 0.000573969 0.000613023 0.000603826 0.000551211 0.000462677 0.0003478 0.000217469 8.29769e-05 -4.47146e-05 -0.000155962 -0.000242927 -0.000300352 -0.000325646 -0.000319212 -0.000284096 -0.00022577 -0.000151452 -6.94065e-05 1.18111e-05 8.42979e-05 0.000141364 0.000178371 0.000192873 0.00018504 0.000157315 0.000114248 6.18091e-05 6.70159e-06 -4.43745e-05 -8.56364e-05 -0.000112671 -0.000123172 -0.000116882 -9.58116e-05 -6.36978e-05 -2.55938e-05 1.2894e-05 4.64353e-05 7.05594e-05 8.24785e-05 8.11669e-05 6.77342e-05 4.49445e-05 1.69303e-05 -1.15755e-05 -3.60215e-05 -5.26304e-05 -5.92102e-05 -5.51938e-05 -4.19758e-05 -2.23641e-05 -2.24195e-07 2.03e-05 3.55999e-05 4.30743e-05 4.18451e-05 3.25785e-05 1.75962e-05 1.6548e-07 -1.60776e-05 -2.78374e-05 -3.29906e-05 -3.0738e-05 -2.20451e-05 -9.1019e-06 4.98114e-06 1.69663e-05 2.42894e-05 2.54308e-05 2.05321e-05 1.10096e-05 -5.53473e-07 -1.12129e-05 -1.84015e-05 -2.04096e-05 -1.70708e-05 -9.44894e-06 1.81842e-07 9.14763e-06 1.50838e-05 1.6432e-05 1.3127e-05 6.25569e-06 -1.98872e-06 -9.13578e-06 -1.3171e-05 -1.29538e-05 -8.84028e-06 -2.21042e-06 4.71572e-06 9.71143e-06 1.13263e-05 9.10164e-06 4.03258e-06 -2.10952e-06 -7.1934e-06 -9.47185e-06 -8.36462e-06 -4.32196e-06 1.01636e-06 5.67743e-06 8.02604e-06 7.20831e-06 3.76517e-06 -9.48993e-07 -5.04324e-06 -6.90352e-06 -5.9762e-06 -2.65369e-06 1.54632e-06 4.87276e-06 6.02981e-06 4.5283e-06 1.21512e-06 -2.46554e-06 -4.89494e-06 -4.97546e-06 -2.87069e-06 4.56833e-07 3.39994e-06 4.58962e-06 3.61711e-06 8.90127e-07 -2.12275e-06 -3.87324e-06 -3.64922e-06 -1.6415e-06 1.02618e-06 3.16879e-06 3.67386e-06 1.95051e-06 -7.89471e-07 -2.66476e-06 -2.87781e-06 -1.84505e-06 -1.13712e-07 2.10394e-06 3.35822e-06 2.00708e-06 -7.63954e-07 -2.43944e-06 -2.23038e-06 -1.01799e-06 3.56784e-07 1.63057e-06 2.11174e-06 1.25753e-06 -3.83789e-07 -2.01711e-06 -2.42951e-06 -7.26541e-07 1.60688e-06 2.39472e-06 1.29091e-06 -6.40898e-07 -1.85504e-06 -1.45388e-06 -6.16395e-08 1.00466e-06 1.09021e-06 5.82239e-07 -4.89322e-08 -6.60682e-07 -8.55741e-07 -5.32309e-07 3.45021e-08 8.11072e-07 1.14852e-06 3.76775e-07 -7.32037e-07 -1.26808e-06 -8.79636e-07 4.76038e-07 1.52643e-06 1.05928e-06 -2.64577e-07 -1.36083e-06 -1.38637e-06 0. 
0.0966473 0.0966833 0.0952849 0.0926277 0.0888847 0.0842252 0.0788137 0.0728085 0.0663609 0.059614 0.0527019 0.045749 0.0388689 0.0321645 0.0257268 0.0196349 0.0139559 0.00874449 0.00404342 -0.000116679 -0.00371675 -0.00674891 -0.00921586 -0.0111302 -0.0125134 -0.0133952 -0.0138125 -0.013808 -0.0134293 -0.0127278 -0.0117572 -0.0105726 -0.0092289 -0.00778012 -0.00627794 -0.00477086 -0.00330322 -0.00191443 -0.000638301 0.000497448 0.00147156 0.00226939 0.00288294 0.00331064 0.00355703 0.0036323 0.00355155 0.0033341 0.00300252 0.00258179 0.00209816 0.00157825 0.00104792 0.000531461 5.06181e-05 -0.000376057 -0.000733882 -0.00101237 -0.00120556 -0.00131193 -0.00133435 -0.00127963 -0.00115801 -0.000982507 -0.000768041 -0.000530642 -0.000286411 -5.07716e-05 0.000162528 0.000341981 0.000479045 0.000568397 0.000608219 0.000600078 0.000548705 0.000461534 0.000348023 0.00021898 8.55976e-05 -4.1239e-05 -0.00015194 -0.000238711 -0.000296284 -0.000322067 -0.000316385 -0.000282242 -0.000224987 -0.000151766 -7.07211e-05 9.6687e-06 8.15805e-05 0.000138374 0.000175418 0.000190269 0.000183029 0.000156093 0.000113893 6.23257e-05 7.97384e-06 -4.25304e-05 -8.34716e-05 -0.000110469 -0.000121198 -0.000115384 -9.49421e-05 -6.35502e-05 -2.61352e-05 1.17645e-05 4.49119e-05 6.8877e-05 8.08829e-05 7.9895e-05 6.69452e-05 4.47457e-05 1.73062e-05 -1.0703e-05 -3.48261e-05 -5.13209e-05 -5.8006e-05 -5.42995e-05 -4.15155e-05 -2.24085e-05 -7.24837e-07 1.94462e-05 3.45743e-05 4.20754e-05 4.10549e-05 3.21474e-05 1.75762e-05 5.52878e-07 -1.53942e-05 -2.70052e-05 -3.21923e-05 -3.01441e-05 -2.17628e-05 -9.18945e-06 4.57576e-06 1.63387e-05 2.36009e-05 2.48426e-05 2.0172e-05 1.09623e-05 -3.05527e-07 -1.07325e-05 -1.78294e-05 -1.98913e-05 -1.67339e-05 -9.38062e-06 -1.08395e-08 8.74556e-06 1.46022e-05 1.60027e-05 1.28656e-05 6.23585e-06 -1.78504e-06 -8.7662e-06 -1.27626e-05 -1.26263e-05 -8.68665e-06 -2.27819e-06 4.47031e-06 9.36229e-06 1.09984e-05 8.89861e-06 4.01051e-06 -1.94115e-06 -6.91263e-06 -9.16998e-06 -8.15239e-06 -4.27241e-06 9.01501e-07 5.43556e-06 7.76258e-06 7.01575e-06 3.71196e-06 -8.41831e-07 -4.83561e-06 -6.66981e-06 -5.81662e-06 -2.62888e-06 1.43939e-06 4.67257e-06 5.83453e-06 4.41364e-06 1.2252e-06 -2.33227e-06 -4.71333e-06 -4.81875e-06 -2.81222e-06 3.93012e-07 3.25766e-06 4.42492e-06 3.51612e-06 9.0082e-07 -2.01617e-06 -3.72331e-06 -3.54096e-06 -1.61121e-06 9.6747e-07 3.02924e-06 3.54248e-06 1.91266e-06 -7.22638e-07 -2.55844e-06 -2.79363e-06 -1.78101e-06 -1.1723e-07 1.98962e-06 3.22478e-06 1.96379e-06 -7.04566e-07 -2.3436e-06 -2.15713e-06 -9.86125e-07 3.23379e-07 1.55575e-06 2.04795e-06 1.21303e-06 -3.66816e-07 -1.91658e-06 -2.33655e-06 -7.19275e-07 1.5326e-06 2.29488e-06 1.24642e-06 -5.96795e-07 -1.7677e-06 -1.40323e-06 -7.81852e-08 9.60154e-07 1.04658e-06 5.61118e-07 -2.86868e-08 -6.33307e-07 -8.34727e-07 -5.06612e-07 2.72929e-08 7.71687e-07 1.11734e-06 3.5932e-07 -7.08674e-07 -1.20557e-06 -8.51782e-07 4.50957e-07 1.47548e-06 1.00796e-06 -2.55549e-07 -1.29341e-06 -1.33858e-06 0. 
0.0966473 0.0966841 0.0952864 0.0926299 0.0888876 0.0842289 0.0788181 0.0728135 0.0663665 0.0596202 0.0527086 0.045756 0.0388764 0.0321722 0.0257346 0.0196428 0.0139637 0.0087522 0.00405084 -0.000109677 -0.0037103 -0.00674317 -0.00921095 -0.0111262 -0.0125105 -0.0133936 -0.0138121 -0.013809 -0.0134318 -0.0127317 -0.0117626 -0.0105794 -0.00923711 -0.00778961 -0.00628859 -0.0047825 -0.00331564 -0.00192741 -0.000651581 0.000484144 0.00145852 0.00225692 0.00287132 0.00330016 0.00354795 0.00362484 0.00354588 0.00333036 0.00300079 0.00258207 0.0021004 0.00158231 0.00105362 0.000538552 5.87852e-05 -0.000367161 -0.000724637 -0.00100317 -0.00119679 -0.00130396 -0.00132751 -0.00127419 -0.00115418 -0.000980409 -0.000767706 -0.000532012 -0.000289335 -5.50193e-05 0.000157263 0.000336051 0.000472842 0.000562314 0.00060264 0.000595338 0.000545082 0.00045922 0.000347114 0.000219472 8.738e-05 -3.83647e-05 -0.000148256 -0.000234549 -0.00029201 -0.000318038 -0.000312935 -0.000279636 -0.000223415 -0.000151313 -7.13703e-05 8.03736e-06 7.91813e-05 0.000135482 0.000172358 0.000187362 0.000180577 0.000154333 0.000112984 6.23208e-05 8.82436e-06 -4.09683e-05 -8.14268e-05 -0.000108212 -0.000119025 -0.000113559 -9.36866e-05 -6.29943e-05 -2.6317e-05 1.09094e-05 4.35414e-05 6.72081e-05 7.9178e-05 7.83993e-05 6.5877e-05 4.42392e-05 1.74126e-05 -1.00336e-05 -3.37335e-05 -5.00008e-05 -5.6696e-05 -5.32126e-05 -4.08333e-05 -2.22233e-05 -1.04609e-06 1.87026e-05 3.35705e-05 4.10057e-05 4.01335e-05 3.15358e-05 1.73851e-05 7.94298e-07 -1.47907e-05 -2.61786e-05 -3.13331e-05 -2.94273e-05 -2.13445e-05 -9.13846e-06 4.26212e-06 1.57495e-05 2.2889e-05 2.41717e-05 1.97082e-05 1.07967e-05 -1.39969e-07 -1.02959e-05 -1.72465e-05 -1.93103e-05 -1.63148e-05 -9.21418e-06 -1.37968e-07 8.37788e-06 1.41069e-05 1.55163e-05 1.25349e-05 6.13575e-06 -1.62663e-06 -8.41279e-06 -1.23295e-05 -1.224e-05 -8.47474e-06 -2.28565e-06 4.24595e-06 9.00609e-06 1.06347e-05 8.63691e-06 3.94644e-06 -1.80768e-06 -6.62814e-06 -8.83973e-06 -7.90153e-06 -4.17311e-06 8.06257e-07 5.1997e-06 7.4761e-06 6.7819e-06 3.6292e-06 -7.63768e-07 -4.62165e-06 -6.4144e-06 -5.62781e-06 -2.56677e-06 1.33873e-06 4.47058e-06 5.61524e-06 4.26481e-06 1.22169e-06 -2.2121e-06 -4.51484e-06 -4.63582e-06 -2.73498e-06 3.49209e-07 3.10196e-06 4.24564e-06 3.39793e-06 8.84608e-07 -1.90523e-06 -3.55889e-06 -3.40733e-06 -1.5684e-06 8.96021e-07 2.90287e-06 3.39991e-06 1.83122e-06 -6.61004e-07 -2.42108e-06 -2.68124e-06 -1.73925e-06 -1.29589e-07 1.92288e-06 3.07016e-06 1.85992e-06 -6.31433e-07 -2.21186e-06 -2.07842e-06 -9.64588e-07 2.97846e-07 1.48496e-06 1.95431e-06 1.1754e-06 -3.3706e-07 -1.84488e-06 -2.21731e-06 -6.78664e-07 1.42586e-06 2.18537e-06 1.20402e-06 -5.68806e-07 -1.66245e-06 -1.33059e-06 -1.02615e-07 9.02088e-07 1.00001e-06 5.42471e-07 -1.38577e-08 -5.96525e-07 -8.02177e-07 -4.98542e-07 2.53639e-08 7.43338e-07 1.06134e-06 3.50782e-07 -6.7081e-07 -1.16388e-06 -8.0537e-07 4.34424e-07 1.39235e-06 9.71038e-07 -2.40551e-07 -1.24549e-06 -1.26177e-06 0. 
0.0966473 0.0966849 0.0952881 0.0926325 0.088891 0.0842331 0.078823 0.0728193 0.066373 0.0596273 0.0527164 0.0457645 0.0388853 0.0321816 0.0257444 0.0196529 0.0139739 0.00876242 0.00406096 -9.97978e-05 -0.00370081 -0.00673422 -0.0092027 -0.0111188 -0.0125041 -0.0133884 -0.0138082 -0.0138065 -0.0134308 -0.0127324 -0.0117649 -0.0105834 -0.00924275 -0.00779688 -0.00629737 -0.00479268 -0.00332705 -0.00193983 -0.000664771 0.000470459 0.00144465 0.00224317 0.00285803 0.00328764 0.00353653 0.0036148 0.00353749 0.00332382 0.00299626 0.00257964 0.0021001 0.00158409 0.00105735 0.000544048 6.57767e-05 -0.00035899 -0.000715662 -0.000993785 -0.00118741 -0.001295 -0.00131937 -0.0012672 -0.00114864 -0.000976523 -0.000765608 -0.000531725 -0.000290796 -5.80641e-05 0.000152884 0.000330657 0.000466814 0.000556049 0.000596559 0.000589819 0.000540478 0.000455787 0.000345048 0.000218839 8.81611e-05 -3.63107e-05 -0.000145152 -0.000230699 -0.000287771 -0.000313778 -0.000309028 -0.000276392 -0.000221101 -0.000150074 -7.12781e-05 7.05054e-06 7.72608e-05 0.000132878 0.00016937 0.000184319 0.000177813 0.000152119 0.000111549 6.17668e-05 9.18323e-06 -3.98051e-05 -7.96311e-05 -0.000106045 -0.000116776 -0.000111513 -9.21078e-05 -6.20492e-05 -2.61159e-05 1.03995e-05 4.2413e-05 6.56695e-05 7.74659e-05 7.67768e-05 6.45883e-05 4.345e-05 1.72363e-05 -9.62334e-06 -3.28139e-05 -4.87674e-05 -5.53598e-05 -5.20091e-05 -3.99679e-05 -2.18164e-05 -1.1651e-06 1.81298e-05 3.26517e-05 3.99488e-05 3.91371e-05 3.07902e-05 1.7033e-05 8.68014e-07 -1.43054e-05 -2.54273e-05 -3.04665e-05 -2.86488e-05 -2.08154e-05 -8.95393e-06 4.06056e-06 1.52511e-05 2.21984e-05 2.34806e-05 1.91686e-05 1.05313e-05 -6.83536e-08 -9.94301e-06 -1.66891e-05 -1.87255e-05 -1.58379e-05 -8.97114e-06 -1.89621e-07 8.07883e-06 1.36284e-05 1.50265e-05 1.21526e-05 5.97358e-06 -1.52583e-06 -8.10993e-06 -1.18977e-05 -1.18435e-05 -8.21363e-06 -2.24201e-06 4.05991e-06 8.68214e-06 1.02561e-05 8.35725e-06 3.83781e-06 -1.71531e-06 -6.36096e-06 -8.52448e-06 -7.62191e-06 -4.04937e-06 7.45047e-07 4.99299e-06 7.18364e-06 6.54643e-06 3.51172e-06 -7.10614e-07 -4.42085e-06 -6.17266e-06 -5.41369e-06 -2.49277e-06 1.26245e-06 4.28667e-06 5.38392e-06 4.11629e-06 1.18966e-06 -2.10581e-06 -4.31598e-06 -4.4614e-06 -2.63176e-06 3.1393e-07 2.9569e-06 4.07319e-06 3.25552e-06 8.73629e-07 -1.80698e-06 -3.41119e-06 -3.26039e-06 -1.51711e-06 8.4731e-07 2.76091e-06 3.24249e-06 1.78608e-06 -6.19634e-07 -2.32115e-06 -2.556e-06 -1.66406e-06 -1.32817e-07 1.80918e-06 2.92964e-06 1.80524e-06 -6.0572e-07 -2.10075e-06 -1.96584e-06 -9.47699e-07 2.68724e-07 1.42154e-06 1.86569e-06 1.12291e-06 -3.19013e-07 -1.74005e-06 -2.11349e-06 -6.63746e-07 1.36299e-06 2.06173e-06 1.13723e-06 -5.02114e-07 -1.57875e-06 -1.27692e-06 -9.15085e-08 8.30822e-07 9.43227e-07 5.42938e-07 -1.12639e-08 -5.6555e-07 -7.59229e-07 -4.91035e-07 2.01551e-08 7.14578e-07 1.01063e-06 3.36549e-07 -6.36921e-07 -1.10853e-06 -7.68085e-07 4.12108e-07 1.32611e-06 9.20529e-07 -2.28923e-07 -1.17899e-06 -1.20185e-06 0. 
0.0966473 0.0966858 0.0952899 0.0926352 0.0888946 0.0842376 0.0788284 0.0728255 0.0663801 0.0596352 0.0527251 0.0457739 0.0388955 0.0321924 0.0257557 0.0196646 0.0139861 0.00877484 0.00407351 -8.72565e-05 -0.00368844 -0.00672217 -0.00919115 -0.011108 -0.0124941 -0.0133794 -0.0138005 -0.0138001 -0.013426 -0.0127292 -0.0117635 -0.0105839 -0.00924512 -0.00780113 -0.00630349 -0.00480057 -0.00333659 -0.00195084 -0.000677039 0.000457203 0.00143069 0.00222884 0.00284367 0.00327362 0.00352319 0.00360251 0.00352656 0.00331454 0.00298888 0.00257434 0.002097 0.00158322 0.00105869 0.000547448 7.10626e-05 -0.000352108 -0.000707501 -0.000984751 -0.00117791 -0.00128549 -0.00131025 -0.00125891 -0.00114153 -0.000970906 -0.000761696 -0.000529644 -0.000290577 -5.96201e-05 0.000149716 0.000326161 0.00046131 0.000549952 0.000590266 0.000583774 0.000535055 0.000451345 0.000341834 0.000217027 8.78082e-05 -3.52607e-05 -0.00014285 -0.000227411 -0.000283802 -0.000309519 -0.000304836 -0.000272653 -0.000218102 -0.000148067 -7.0379e-05 6.8107e-06 7.59708e-05 0.000130733 0.000166624 0.000181312 0.000174855 0.000149555 0.000109613 6.06645e-05 8.97616e-06 -3.91339e-05 -7.82141e-05 -0.000104106 -0.000114571 -0.00010936 -9.02557e-05 -6.07539e-05 -2.54931e-05 1.02817e-05 4.16266e-05 6.43614e-05 7.58482e-05 7.51228e-05 6.31239e-05 4.24174e-05 1.67422e-05 -9.50531e-06 -3.21558e-05 -4.76995e-05 -5.40799e-05 -5.07612e-05 -3.89419e-05 -2.12096e-05 -1.03213e-06 1.77647e-05 3.19015e-05 3.89695e-05 3.81215e-05 2.9956e-05 1.65074e-05 7.70702e-07 -1.40074e-05 -2.47949e-05 -2.96615e-05 -2.78553e-05 -2.01888e-05 -8.64952e-06 4.02326e-06 1.48688e-05 2.16e-05 2.28077e-05 1.85804e-05 1.01836e-05 -1.31197e-07 -9.68849e-06 -1.6226e-05 -1.81654e-05 -1.53344e-05 -8.66637e-06 -1.30159e-07 7.85797e-06 1.32323e-05 1.45534e-05 1.17474e-05 5.75863e-06 -1.52043e-06 -7.8659e-06 -1.15304e-05 -1.14495e-05 -7.92219e-06 -2.14946e-06 3.95857e-06 8.39786e-06 9.91942e-06 8.06377e-06 3.68475e-06 -1.66769e-06 -6.16652e-06 -8.22667e-06 -7.35509e-06 -3.89684e-06 7.41259e-07 4.81873e-06 6.94206e-06 6.3035e-06 3.3755e-06 -6.90285e-07 -4.27849e-06 -5.94069e-06 -5.21817e-06 -2.39352e-06 1.22931e-06 4.12282e-06 5.19342e-06 3.9528e-06 1.13937e-06 -2.02473e-06 -4.16393e-06 -4.28011e-06 -2.53295e-06 3.02043e-07 2.85184e-06 3.90623e-06 3.1353e-06 8.32478e-07 -1.73907e-06 -3.26151e-06 -3.1435e-06 -1.45898e-06 8.17804e-07 2.65348e-06 3.1142e-06 1.69052e-06 -5.77796e-07 -2.19927e-06 -2.4785e-06 -1.61038e-06 -1.12504e-07 1.75051e-06 2.79151e-06 1.70329e-06 -5.46174e-07 -1.99549e-06 -1.90971e-06 -9.01491e-07 2.52191e-07 1.34677e-06 1.80394e-06 1.08325e-06 -3.13523e-07 -1.67377e-06 -2.01134e-06 -6.22803e-07 1.28025e-06 1.96937e-06 1.09752e-06 -4.94095e-07 -1.48303e-06 -1.20508e-06 -1.24905e-07 7.93349e-07 9.06793e-07 5.08054e-07 1.79817e-08 -5.32826e-07 -7.50459e-07 -4.67613e-07 1.56854e-08 6.77917e-07 9.84326e-07 3.23643e-07 -6.17852e-07 -1.05858e-06 -7.39017e-07 3.92745e-07 1.27504e-06 8.80408e-07 -2.20466e-07 -1.1272e-06 -1.15221e-06 0. 
0.0966473 0.0966867 0.0952917 0.0926379 0.0888982 0.0842421 0.0788339 0.0728319 0.0663874 0.0596434 0.0527342 0.0457839 0.0389063 0.032204 0.0257681 0.0196777 0.0139997 0.008789 0.00408806 -7.24634e-05 -0.00367354 -0.00670734 -0.00917656 -0.0110938 -0.0124806 -0.0133667 -0.0137888 -0.0137898 -0.013417 -0.0127219 -0.011758 -0.0105803 -0.00924359 -0.00780171 -0.0063062 -0.00480538 -0.00334343 -0.00195959 -0.000687519 0.000445211 0.00141747 0.0022147 0.00282896 0.00325872 0.0035085 0.0035884 0.00351343 0.00330276 0.00297876 0.00256617 0.00209096 0.00157948 0.00105728 0.000548363 7.41628e-05 -0.000347006 -0.000700698 -0.000976579 -0.00116879 -0.00127585 -0.00130058 -0.00124964 -0.0011331 -0.000963694 -0.000756014 -0.000525723 -0.000288534 -5.94884e-05 0.000148043 0.000322854 0.000456676 0.000544327 0.000584085 0.00057745 0.000529039 0.00044602 0.000337549 0.00021403 8.62473e-05 -3.53398e-05 -0.000141538 -0.000224874 -0.000280339 -0.000305447 -0.000300564 -0.000268541 -0.00021453 -0.000145313 -6.86622e-05 7.39023e-06 7.54281e-05 0.000129176 0.00016429 0.000178465 0.000171855 0.000146707 0.00010725 5.90019e-05 8.17841e-06 -3.90307e-05 -7.72792e-05 -0.000102491 -0.000112537 -0.000107164 -8.8221e-05 -5.91096e-05 -2.44626e-05 1.06128e-05 4.12441e-05 6.33607e-05 7.44228e-05 7.3486e-05 6.15621e-05 4.11329e-05 1.59486e-05 -9.73652e-06 -3.18045e-05 -4.68618e-05 -5.2932e-05 -4.94962e-05 -3.78129e-05 -2.03738e-05 -6.53553e-07 1.76703e-05 3.1363e-05 3.81163e-05 3.71455e-05 2.90297e-05 1.58419e-05 4.49603e-07 -1.39078e-05 -2.43408e-05 -2.89604e-05 -2.70632e-05 -1.95036e-05 -8.18411e-06 4.14202e-06 1.46658e-05 2.11179e-05 2.21819e-05 1.79767e-05 9.72169e-06 -3.12274e-07 -9.59561e-06 -1.58675e-05 -1.76643e-05 -1.48291e-05 -8.27184e-06 2.28348e-08 7.77838e-06 1.29209e-05 1.41314e-05 1.13362e-05 5.46037e-06 -1.59464e-06 -7.74422e-06 -1.12251e-05 -1.10852e-05 -7.61096e-06 -1.96793e-06 3.92749e-06 8.21432e-06 9.61785e-06 7.76694e-06 3.49467e-06 -1.71649e-06 -6.02801e-06 -7.9966e-06 -7.09177e-06 -3.70279e-06 7.84284e-07 4.73573e-06 6.7307e-06 6.08203e-06 3.21467e-06 -7.41556e-07 -4.17563e-06 -5.77192e-06 -5.01966e-06 -2.2634e-06 1.23309e-06 4.03485e-06 5.01523e-06 3.79882e-06 1.05993e-06 -2.00903e-06 -4.03317e-06 -4.1386e-06 -2.41332e-06 3.36735e-07 2.77196e-06 3.79042e-06 3.00325e-06 7.735e-07 -1.70241e-06 -3.17748e-06 -3.01265e-06 -1.38484e-06 8.07169e-07 2.58454e-06 2.99822e-06 1.62466e-06 -5.91135e-07 -2.15157e-06 -2.36356e-06 -1.54667e-06 -1.05243e-07 1.71273e-06 2.6993e-06 1.63481e-06 -5.62814e-07 -1.93217e-06 -1.81867e-06 -8.83564e-07 2.59845e-07 1.32723e-06 1.71598e-06 1.03885e-06 -3.01931e-07 -1.63055e-06 -1.93603e-06 -5.89046e-07 1.24984e-06 1.896e-06 1.04492e-06 -4.68582e-07 -1.44711e-06 -1.16818e-06 -8.92524e-08 7.52879e-07 8.7005e-07 5.11878e-07 -1.10893e-08 -5.18681e-07 -6.99144e-07 -4.69395e-07 2.30177e-08 6.71799e-07 9.22744e-07 3.15511e-07 -5.83887e-07 -1.03826e-06 -6.99064e-07 3.87319e-07 1.2096e-06 8.58109e-07 -2.09375e-07 -1.10022e-06 -1.09556e-06 0. 
0.0966473 0.0966876 0.0952934 0.0926404 0.0889016 0.0842463 0.078839 0.072838 0.0663944 0.0596514 0.0527431 0.0457938 0.0389171 0.0322158 0.0257809 0.0196914 0.0140142 0.00880424 0.00410396 -5.60175e-05 -0.00365669 -0.00669024 -0.0091594 -0.0110768 -0.0124639 -0.0133506 -0.0137735 -0.0137755 -0.013404 -0.0127104 -0.0117482 -0.0105724 -0.00923776 -0.0077981 -0.00630489 -0.00480643 -0.00334683 -0.00196529 -0.000695393 0.000435342 0.00140583 0.00220159 0.00281471 0.00324369 0.00349311 0.00357308 0.00349861 0.00328885 0.00296617 0.00255525 0.00208204 0.00157277 0.00105296 0.000546486 7.47294e-05 -0.000344135 -0.000695711 -0.00096979 -0.00116055 -0.0012666 -0.00129078 -0.00123978 -0.00112366 -0.000955119 -0.000748713 -0.000520003 -0.000284645 -5.75306e-05 0.000148032 0.000321005 0.000453173 0.000539502 0.000578294 0.000571145 0.000522658 0.000440014 0.00033232 0.000209906 8.34843e-05 -3.663e-05 -0.000141315 -0.000223272 -0.000277538 -0.000301782 -0.000296369 -0.000264237 -0.000210491 -0.000141898 -6.61545e-05 8.81674e-06 7.56806e-05 0.000128326 0.000162458 0.000175934 0.000168902 0.000143704 0.00010451 5.68296e-05 6.78637e-06 -3.95355e-05 -7.68716e-05 -0.000101302 -0.00011073 -0.000105039 -8.60381e-05 -5.71855e-05 -2.3022e-05 1.13969e-05 4.12962e-05 6.27355e-05 7.32238e-05 7.19568e-05 5.9916e-05 3.96586e-05 1.48398e-05 -1.03143e-05 -3.17905e-05 -4.63069e-05 -5.19358e-05 -4.82855e-05 -3.65728e-05 -1.93549e-05 1.27844e-09 1.78519e-05 3.10646e-05 3.74376e-05 3.62101e-05 2.8067e-05 1.50067e-05 -6.99562e-08 -1.40441e-05 -2.4084e-05 -2.83757e-05 -2.63182e-05 -1.87343e-05 -7.59529e-06 4.46061e-06 1.4639e-05 2.07752e-05 2.16337e-05 1.73376e-05 9.18392e-06 -6.58519e-07 -9.64868e-06 -1.56442e-05 -1.72405e-05 -1.43057e-05 -7.82242e-06 3.18506e-07 7.819e-06 1.27281e-05 1.37705e-05 1.09019e-05 5.10944e-06 -1.80054e-06 -7.72218e-06 -1.10131e-05 -1.07564e-05 -7.25513e-06 -1.72621e-06 4.02022e-06 8.10806e-06 9.37223e-06 7.47345e-06 3.23161e-06 -1.83072e-06 -5.99539e-06 -7.81313e-06 -6.83566e-06 -3.48129e-06 9.21407e-07 4.71017e-06 6.58815e-06 5.86952e-06 3.0088e-06 -8.38563e-07 -4.16462e-06 -5.63407e-06 -4.83107e-06 -2.1072e-06 1.31771e-06 3.98529e-06 4.88757e-06 3.6369e-06 9.29051e-07 -2.03075e-06 -3.97293e-06 -4.00136e-06 -2.27564e-06 4.03354e-07 2.76651e-06 3.6881e-06 2.87872e-06 6.84658e-07 -1.72932e-06 -3.10722e-06 -2.91407e-06 -1.28895e-06 8.58821e-07 2.5364e-06 2.90888e-06 1.53474e-06 -6.31712e-07 -2.12481e-06 -2.31239e-06 -1.45228e-06 -3.82583e-08 1.6772e-06 2.62533e-06 1.5677e-06 -5.89658e-07 -1.91804e-06 -1.77871e-06 -8.06292e-07 2.94601e-07 1.29718e-06 1.67622e-06 9.71224e-07 -3.37318e-07 -1.58005e-06 -1.87562e-06 -5.54123e-07 1.24741e-06 1.85368e-06 1.00359e-06 -4.89538e-07 -1.4292e-06 -1.13399e-06 -7.24001e-08 7.75723e-07 8.61246e-07 4.62264e-07 -2.82825e-08 -5.22053e-07 -6.85592e-07 -4.08936e-07 3.84469e-08 6.32836e-07 8.95111e-07 2.81032e-07 -5.78489e-07 -9.72121e-07 -6.74539e-07 3.69092e-07 1.18188e-06 8.07932e-07 -2.08058e-07 -1.04094e-06 -1.06943e-06 0. 
0.0966473 0.0966883 0.0952948 0.0926425 0.0889045 0.08425 0.0788435 0.0728433 0.0664006 0.0596586 0.0527513 0.045803 0.0389274 0.0322272 0.0257933 0.0197048 0.0140288 0.00881976 0.00412042 -3.87126e-05 -0.00363865 -0.00667161 -0.00914033 -0.0110575 -0.0124446 -0.0133315 -0.0137548 -0.0137575 -0.013387 -0.0126947 -0.011734 -0.01056 -0.00922739 -0.00778995 -0.00629913 -0.00480319 -0.00334617 -0.00196723 -0.000699887 0.000428402 0.00139662 0.00219035 0.00280174 0.00322936 0.00347781 0.00355725 0.00348271 0.00327336 0.00295154 0.00254193 0.00207041 0.00156319 0.00104567 0.000541689 7.2489e-05 -0.000343815 -0.000692967 -0.000964826 -0.00115369 -0.00125823 -0.00128134 -0.00122978 -0.0011136 -0.000945518 -0.000740025 -0.00051266 -0.000278955 -5.37507e-05 0.000149812 0.000320762 0.000451054 0.000535721 0.000573201 0.000565135 0.000516192 0.000433564 0.000326332 0.000204801 7.95696e-05 -3.91018e-05 -0.000142264 -0.000222682 -0.000275577 -0.000298667 -0.000292456 -0.000259899 -0.000206146 -0.000137945 -6.29266e-05 1.10377e-05 7.6764e-05 0.000128203 0.000161246 0.000173793 0.00016614 0.000140638 0.000101505 5.42184e-05 4.83529e-06 -4.06206e-05 -7.70392e-05 -0.000100557 -0.000109251 -0.000103027 -8.3809e-05 -5.50279e-05 -2.1225e-05 1.26047e-05 4.17997e-05 6.24803e-05 7.2323e-05 7.05483e-05 5.82692e-05 3.80148e-05 1.34644e-05 -1.12215e-05 -3.21245e-05 -4.60247e-05 -5.11505e-05 -4.71258e-05 -3.52894e-05 -1.81551e-05 8.98399e-07 1.83017e-05 3.10252e-05 3.69197e-05 3.53709e-05 2.70534e-05 1.40539e-05 -7.94516e-07 -1.44032e-05 -2.40156e-05 -2.79404e-05 -2.55983e-05 -1.79328e-05 -6.86286e-06 4.94799e-06 1.479e-05 2.0585e-05 2.1142e-05 1.67076e-05 8.54178e-06 -1.13156e-06 -9.85913e-06 -1.55563e-05 -1.68762e-05 -1.38012e-05 -7.2849e-06 7.17451e-07 7.99777e-06 1.26479e-05 1.34541e-05 1.0476e-05 4.66927e-06 -2.09978e-06 -7.81871e-06 -1.0887e-05 -1.04432e-05 -6.8857e-06 -1.3865e-06 4.19961e-06 8.09296e-06 9.17965e-06 7.15759e-06 2.93057e-06 -2.04639e-06 -6.03588e-06 -7.68053e-06 -6.59488e-06 -3.19922e-06 1.11325e-06 4.77216e-06 6.49225e-06 5.65451e-06 2.78122e-06 -1.01971e-06 -4.20632e-06 -5.54124e-06 -4.64976e-06 -1.89587e-06 1.4452e-06 4.00598e-06 4.78477e-06 3.45665e-06 7.70526e-07 -2.12699e-06 -3.94496e-06 -3.87802e-06 -2.12311e-06 5.35337e-07 2.79266e-06 3.62167e-06 2.75052e-06 5.4561e-07 -1.78872e-06 -3.08491e-06 -2.81141e-06 -1.15863e-06 9.31305e-07 2.54255e-06 2.83014e-06 1.41935e-06 -7.07506e-07 -2.1472e-06 -2.25194e-06 -1.34878e-06 4.21014e-08 1.70105e-06 2.55755e-06 1.47924e-06 -6.3787e-07 -1.94278e-06 -1.74678e-06 -7.23077e-07 3.71501e-07 1.31275e-06 1.60459e-06 8.90527e-07 -3.73229e-07 -1.57262e-06 -1.80855e-06 -4.94872e-07 1.25091e-06 1.84306e-06 9.66551e-07 -5.42445e-07 -1.44437e-06 -1.11437e-06 -2.39545e-08 8.28089e-07 8.65593e-07 4.14107e-07 -9.50471e-08 -5.46434e-07 -6.41638e-07 -3.46483e-07 7.63525e-08 6.11519e-07 8.20667e-07 2.41677e-07 -5.5547e-07 -9.23954e-07 -6.2247e-07 3.64276e-07 1.11641e-06 7.70517e-07 -2.01388e-07 -1.00349e-06 -1.01226e-06 0. 
0.0966473 0.0966888 0.0952958 0.0926441 0.0889066 0.0842528 0.0788469 0.0728475 0.0664056 0.0596644 0.0527581 0.0458108 0.0389363 0.0322372 0.0258045 0.0197172 0.0140424 0.00883463 0.00413649 -2.14912e-05 -0.00362036 -0.00665236 -0.00912027 -0.0110367 -0.0124234 -0.0133101 -0.0137335 -0.0137365 -0.0133666 -0.0126752 -0.0117158 -0.0105433 -0.00921249 -0.00777714 -0.00628867 -0.00479528 -0.00334097 -0.00196484 -0.000700338 0.000425135 0.00139065 0.00218184 0.00279094 0.00321658 0.00346344 0.00354172 0.0034665 0.00325695 0.00293546 0.00252667 0.00205645 0.00155095 0.00103554 0.000533939 6.73304e-05 -0.000346297 -0.000692779 -0.000962099 -0.00114865 -0.00125121 -0.00127276 -0.00122012 -0.00110339 -0.000935281 -0.000730303 -0.00050393 -0.000271654 -4.81976e-05 0.000153378 0.000322251 0.000450478 0.00053324 0.000569074 0.000559729 0.000509943 0.000426948 0.000319845 0.000198896 7.4663e-05 -4.27098e-05 -0.000144353 -0.000223191 -0.000274544 -0.000296282 -0.000288994 -0.00025573 -0.000201685 -0.00013361 -5.91246e-05 1.399e-05 7.86155e-05 0.000128853 0.000160684 0.000172164 0.00016367 0.000137651 9.8359e-05 5.12729e-05 2.4243e-06 -4.22601e-05 -7.77425e-05 -0.000100311 -0.000108128 -0.000101234 -8.16076e-05 -5.27351e-05 -1.91543e-05 1.41922e-05 4.27001e-05 6.2623e-05 7.17151e-05 6.93392e-05 5.66614e-05 3.62834e-05 1.18821e-05 -1.24196e-05 -3.27587e-05 -4.60396e-05 -5.05622e-05 -4.60849e-05 -3.39864e-05 -1.684e-05 1.99381e-06 1.89984e-05 3.12067e-05 3.65975e-05 3.46166e-05 2.60522e-05 1.30035e-05 -1.6783e-06 -1.49488e-05 -2.414e-05 -2.76259e-05 -2.49531e-05 -1.70968e-05 -6.0407e-06 5.58023e-06 1.51038e-05 2.05154e-05 2.07419e-05 1.60709e-05 7.84863e-06 -1.72036e-06 -1.02026e-05 -1.55754e-05 -1.65968e-05 -1.32932e-05 -6.70941e-06 1.2173e-06 8.28755e-06 1.26551e-05 1.32037e-05 1.00339e-05 4.18776e-06 -2.49282e-06 -8.00859e-06 -1.08227e-05 -1.01697e-05 -6.4793e-06 -9.95746e-07 4.46421e-06 8.15178e-06 9.0165e-06 6.85136e-06 2.57191e-06 -2.32046e-06 -6.14389e-06 -7.5964e-06 -6.34538e-06 -2.89712e-06 1.37407e-06 4.88945e-06 6.43013e-06 5.45432e-06 2.50835e-06 -1.24124e-06 -4.30465e-06 -5.48251e-06 -4.4555e-06 -1.66605e-06 1.63239e-06 4.0651e-06 4.69776e-06 3.27644e-06 5.62227e-07 -2.25651e-06 -3.95224e-06 -3.76708e-06 -1.93622e-06 6.93855e-07 2.86378e-06 3.57051e-06 2.60392e-06 3.9188e-07 -1.89683e-06 -3.08618e-06 -2.70098e-06 -1.00749e-06 1.04734e-06 2.55353e-06 2.75946e-06 1.31165e-06 -8.35965e-07 -2.20705e-06 -2.18635e-06 -1.2102e-06 1.47549e-07 1.70955e-06 2.51714e-06 1.40696e-06 -7.44392e-07 -1.99474e-06 -1.70539e-06 -6.24288e-07 4.76403e-07 1.34307e-06 1.53518e-06 7.79116e-07 -4.3537e-07 -1.54505e-06 -1.75083e-06 -4.38846e-07 1.29656e-06 1.83021e-06 9.17798e-07 -5.91988e-07 -1.49688e-06 -1.10715e-06 5.82671e-08 9.01236e-07 8.80725e-07 3.56039e-07 -1.93509e-07 -5.87664e-07 -5.87843e-07 -2.53411e-07 1.2924e-07 5.78211e-07 7.33806e-07 1.81165e-07 -5.35341e-07 -8.43991e-07 -5.64205e-07 3.52256e-07 1.0518e-06 7.07858e-07 -1.97405e-07 -9.36998e-07 -9.56822e-07 0. 
0.0966473 0.096689 0.0952963 0.0926449 0.0889077 0.0842542 0.0788489 0.0728499 0.0664087 0.0596683 0.0527627 0.0458164 0.0389429 0.032245 0.0258135 0.0197276 0.0140541 0.00884781 0.00415111 -5.43464e-06 -0.0036029 -0.00663357 -0.00910025 -0.0110156 -0.0124014 -0.0132874 -0.0137104 -0.0137132 -0.0133435 -0.0126525 -0.0116939 -0.0105225 -0.00919327 -0.00775978 -0.00627348 -0.00478254 -0.00333093 -0.00195769 -0.000696213 0.000426179 0.00138862 0.00217684 0.00278314 0.00320624 0.00345089 0.00352737 0.00345079 0.00324041 0.00291861 0.00251007 0.00204064 0.00153645 0.0010228 0.000523369 5.92391e-05 -0.0003517 -0.000695392 -0.000961942 -0.00114586 -0.00124604 -0.00126555 -0.00121133 -0.00109351 -0.000924884 -0.000719943 -0.000494161 -0.000262975 -4.10388e-05 0.000158687 0.000325498 0.00045158 0.000532252 0.000566175 0.000555223 0.000504224 0.000420486 0.000313138 0.000192449 6.89383e-05 -4.73165e-05 -0.000147551 -0.000224808 -0.000274541 -0.00029476 -0.00028617 -0.000251935 -0.000197312 -0.0001291 -5.49004e-05 1.7537e-05 8.11837e-05 0.000130244 0.000160827 0.000171124 0.000161623 0.000134885 9.52175e-05 4.81387e-05 -3.48717e-07 -4.43638e-05 -7.89687e-05 -0.000100563 -0.00010743 -9.9736e-05 -7.95447e-05 -5.04195e-05 -1.69044e-05 1.60667e-05 4.39656e-05 6.31335e-05 7.14418e-05 6.83704e-05 5.51782e-05 3.4548e-05 1.01706e-05 -1.38317e-05 -3.3668e-05 -4.63231e-05 -5.02097e-05 -4.51944e-05 -3.27367e-05 -1.54766e-05 3.22992e-06 1.98841e-05 3.16044e-05 3.64576e-05 3.39953e-05 2.50996e-05 1.19184e-05 -2.66481e-06 -1.56504e-05 -2.44218e-05 -2.74555e-05 -2.43912e-05 -1.62822e-05 -5.17149e-06 6.31612e-06 1.55396e-05 2.05738e-05 2.0426e-05 1.54743e-05 7.1333e-06 -2.38163e-06 -1.06412e-05 -1.57006e-05 -1.63878e-05 -1.28223e-05 -6.11582e-06 1.77626e-06 8.65456e-06 1.2748e-05 1.30041e-05 9.61475e-06 3.68177e-06 -2.94136e-06 -8.26207e-06 -1.08241e-05 -9.92469e-06 -6.07691e-06 -5.71304e-07 4.78346e-06 8.26013e-06 8.89798e-06 6.55017e-06 2.19719e-06 -2.63492e-06 -6.30258e-06 -7.54227e-06 -6.11527e-06 -2.57713e-06 1.66743e-06 5.0434e-06 6.40472e-06 5.25778e-06 2.22801e-06 -1.49351e-06 -4.43932e-06 -5.44169e-06 -4.27358e-06 -1.41639e-06 1.84549e-06 4.14872e-06 4.6336e-06 3.08741e-06 3.40656e-07 -2.41228e-06 -3.98415e-06 -3.655e-06 -1.74767e-06 8.75621e-07 2.95845e-06 3.52658e-06 2.4595e-06 2.13493e-07 -2.01771e-06 -3.09241e-06 -2.60719e-06 -8.42959e-07 1.18948e-06 2.58392e-06 2.67843e-06 1.1768e-06 -9.45596e-07 -2.27014e-06 -2.16641e-06 -1.06126e-06 3.03501e-07 1.73245e-06 2.43678e-06 1.3216e-06 -8.11284e-07 -2.06884e-06 -1.70199e-06 -4.91299e-07 5.97256e-07 1.3662e-06 1.47848e-06 6.57283e-07 -5.24339e-07 -1.51996e-06 -1.66566e-06 -3.7525e-07 1.32151e-06 1.83314e-06 8.72284e-07 -6.71475e-07 -1.52965e-06 -1.09622e-06 1.12643e-07 1.00669e-06 9.076e-07 2.68206e-07 -2.80903e-07 -6.36259e-07 -5.52468e-07 -1.28893e-07 1.91191e-07 5.28156e-07 6.49638e-07 1.07488e-07 -5.22834e-07 -7.41417e-07 -4.98993e-07 3.3421e-07 9.83681e-07 6.31452e-07 -1.95304e-07 -8.54864e-07 -8.94822e-07 0. 
0.0966473 0.0966889 0.0952961 0.0926446 0.0889075 0.0842541 0.0788489 0.0728502 0.0664094 0.0596695 0.0527646 0.0458191 0.0389466 0.0322497 0.0258195 0.019735 0.014063 0.00885821 0.00416315 8.30051e-06 -0.00358746 -0.00661644 -0.00908149 -0.0109953 -0.0123797 -0.0132645 -0.0136865 -0.0136886 -0.0133185 -0.0126274 -0.0116691 -0.0104984 -0.00917022 -0.00773819 -0.00625374 -0.00476502 -0.00331596 -0.00194555 -0.000687143 0.000432018 0.00139115 0.00217605 0.00277912 0.00319917 0.00344103 0.00351506 0.00343647 0.00322457 0.00290179 0.00249284 0.0020236 0.00152017 0.00100784 0.000510227 4.83304e-05 -0.000360036 -0.000700943 -0.000964597 -0.00114565 -0.00124311 -0.00126019 -0.0012039 -0.00108449 -0.000914812 -0.000709401 -0.000483736 -0.00025323 -3.24916e-05 0.000165616 0.00033048 0.000454434 0.00053291 0.000564735 0.000551893 0.00049935 0.000414492 0.000306522 0.000185729 6.26206e-05 -5.27684e-05 -0.00015177 -0.000227522 -0.000275632 -0.000294221 -0.000284163 -0.000248713 -0.00019325 -0.000124613 -5.04416e-05 2.15436e-05 8.43781e-05 0.000132348 0.000161707 0.000170747 0.000160126 0.00013248 9.22436e-05 4.49546e-05 -3.35556e-06 -4.68518e-05 -8.06766e-05 -0.000101318 -0.000107213 -9.86135e-05 -7.77384e-05 -4.81898e-05 -1.45922e-05 1.81487e-05 4.55393e-05 6.39991e-05 7.15302e-05 6.76955e-05 5.39095e-05 3.28915e-05 8.42655e-06 -1.53956e-05 -3.48057e-05 -4.68685e-05 -5.01201e-05 -4.45012e-05 -3.16192e-05 -1.41303e-05 4.53089e-06 2.09193e-05 3.21957e-05 3.6511e-05 3.35494e-05 2.42438e-05 1.08716e-05 -3.70727e-06 -1.646e-05 -2.48504e-05 -2.74411e-05 -2.3943e-05 -1.55473e-05 -4.2976e-06 7.10056e-06 1.6079e-05 2.07529e-05 2.02126e-05 1.49617e-05 6.43127e-06 -3.06147e-06 -1.11555e-05 -1.59166e-05 -1.62625e-05 -1.24237e-05 -5.53438e-06 2.34389e-06 9.08304e-06 1.29108e-05 1.28691e-05 9.25194e-06 3.17772e-06 -3.39968e-06 -8.57055e-06 -1.08825e-05 -9.72586e-06 -5.71402e-06 -1.34189e-07 5.11941e-06 8.41911e-06 8.82627e-06 6.27417e-06 1.84377e-06 -2.97728e-06 -6.48495e-06 -7.52915e-06 -5.91976e-06 -2.25815e-06 1.95646e-06 5.23366e-06 6.40508e-06 5.08336e-06 1.96812e-06 -1.76649e-06 -4.58247e-06 -5.43214e-06 -4.11365e-06 -1.16335e-06 2.05284e-06 4.26292e-06 4.5836e-06 2.90853e-06 1.31924e-07 -2.59164e-06 -4.02082e-06 -3.56231e-06 -1.57065e-06 1.07329e-06 3.04742e-06 3.50449e-06 2.3274e-06 2.97924e-08 -2.13698e-06 -3.12447e-06 -2.50642e-06 -6.75977e-07 1.30689e-06 2.63598e-06 2.61785e-06 1.04458e-06 -1.07627e-06 -2.34812e-06 -2.10447e-06 -9.31603e-07 4.1233e-07 1.79435e-06 2.38559e-06 1.21757e-06 -9.00516e-07 -2.13024e-06 -1.6753e-06 -3.94228e-07 7.17978e-07 1.42306e-06 1.38969e-06 5.43245e-07 -5.81679e-07 -1.52901e-06 -1.58602e-06 -2.91742e-07 1.33925e-06 1.83334e-06 8.31267e-07 -7.4528e-07 -1.57368e-06 -1.08763e-06 1.88179e-07 1.09105e-06 9.28518e-07 2.11041e-07 -3.94088e-07 -6.8602e-07 -4.863e-07 -3.93441e-08 2.56682e-07 5.07705e-07 5.30482e-07 4.59801e-08 -4.87511e-07 -6.76527e-07 -4.16599e-07 3.32191e-07 8.81357e-07 5.79102e-07 -1.85314e-07 -8.05301e-07 -8.05193e-07 0. 
0.0966473 0.0966884 0.0952952 0.0926432 0.0889058 0.0842521 0.0788467 0.072848 0.0664073 0.0596676 0.0527632 0.0458182 0.0389465 0.0322506 0.0258216 0.0197383 0.0140679 0.00886475 0.00417148 1.85256e-05 -0.00357526 -0.00660223 -0.00906527 -0.0109771 -0.0123596 -0.0132427 -0.0136631 -0.0136639 -0.0132927 -0.012601 -0.0116423 -0.0104717 -0.00914403 -0.00771296 -0.0062299 -0.00474301 -0.00329619 -0.00192842 -0.000672965 0.000442962 0.00139867 0.00218002 0.00277954 0.0031961 0.00343466 0.00350565 0.00342441 0.00321028 0.00288582 0.00247576 0.00200602 0.00150273 0.000991152 0.000494875 3.48462e-05 -0.000371205 -0.000709453 -0.000970215 -0.00114829 -0.00124278 -0.00125708 -0.00119829 -0.00107682 -0.000905556 -0.000699143 -0.00047307 -0.000242777 -2.28211e-05 0.000173981 0.000337122 0.000459046 0.000535321 0.000564928 0.000549981 0.000495603 0.000409268 0.000300299 0.000179009 5.59509e-05 -5.88933e-05 -0.000156893 -0.000231302 -0.00027784 -0.00029477 -0.000283114 -0.000246252 -0.000189698 -0.000120352 -4.59318e-05 2.58699e-05 8.80937e-05 0.000135133 0.000163326 0.000171111 0.000159273 0.000130579 8.95778e-05 4.18627e-05 -6.47502e-06 -4.96459e-05 -8.28142e-05 -0.000102592 -0.000107509 -9.79611e-05 -7.62801e-05 -4.61643e-05 -1.23171e-05 2.03594e-05 4.73644e-05 6.52194e-05 7.1991e-05 6.73873e-05 5.29188e-05 3.14129e-05 6.72493e-06 -1.70476e-05 -3.613e-05 -4.76845e-05 -5.03057e-05 -4.40768e-05 -3.06854e-05 -1.28847e-05 5.84361e-06 2.20669e-05 3.29612e-05 3.67906e-05 3.33014e-05 2.35611e-05 9.90577e-06 -4.74538e-06 -1.73487e-05 -2.54274e-05 -2.75862e-05 -2.3668e-05 -1.492e-05 -3.48635e-06 7.90707e-06 1.67032e-05 2.10487e-05 2.01464e-05 1.45508e-05 5.80968e-06 -3.73986e-06 -1.17173e-05 -1.62193e-05 -1.62574e-05 -1.21101e-05 -5.03039e-06 2.90737e-06 9.54377e-06 1.31441e-05 1.28347e-05 8.95534e-06 2.73806e-06 -3.86318e-06 -8.91181e-06 -1.10037e-05 -9.61403e-06 -5.39666e-06 2.58466e-07 5.47598e-06 8.61973e-06 8.80998e-06 6.07165e-06 1.51125e-06 -3.29976e-06 -6.7023e-06 -7.56737e-06 -5.76566e-06 -1.99498e-06 2.25111e-06 5.43106e-06 6.44625e-06 4.96473e-06 1.72609e-06 -2.00956e-06 -4.75362e-06 -5.4547e-06 -3.9841e-06 -9.5674e-07 2.27171e-06 4.37949e-06 4.56726e-06 2.77357e-06 -7.40209e-08 -2.75019e-06 -4.08736e-06 -3.49961e-06 -1.40927e-06 1.2373e-06 3.16391e-06 3.49595e-06 2.21237e-06 -1.17207e-07 -2.26768e-06 -3.15644e-06 -2.44271e-06 -5.39367e-07 1.45408e-06 2.66969e-06 2.5621e-06 9.51843e-07 -1.18671e-06 -2.4258e-06 -2.10372e-06 -7.98749e-07 5.58294e-07 1.80188e-06 2.33993e-06 1.16828e-06 -9.84873e-07 -2.20294e-06 -1.67021e-06 -2.89649e-07 8.20571e-07 1.45214e-06 1.36242e-06 4.30517e-07 -6.74492e-07 -1.49117e-06 -1.52805e-06 -2.49181e-07 1.38874e-06 1.82566e-06 7.84637e-07 -7.9084e-07 -1.61434e-06 -1.08872e-06 2.43636e-07 1.17512e-06 9.5327e-07 1.44822e-07 -4.68254e-07 -7.3283e-07 -4.62491e-07 7.28792e-08 3.08826e-07 4.61203e-07 4.71544e-07 -2.45784e-08 -4.86123e-07 -5.73199e-07 -3.70166e-07 3.11374e-07 8.41449e-07 4.99508e-07 -1.87487e-07 -7.16728e-07 -7.68474e-07 0. 
0.0966473 0.0966875 0.0952934 0.0926406 0.0889023 0.084248 0.078842 0.0728429 0.0664019 0.0596622 0.0527579 0.0458132 0.0389421 0.0322469 0.0258189 0.0197369 0.0140678 0.00886639 0.00417499 2.40721e-05 -0.00356753 -0.00659221 -0.00905288 -0.0109624 -0.0123425 -0.0132232 -0.0136415 -0.0136404 -0.0132675 -0.0125744 -0.0116147 -0.0104435 -0.00911565 -0.00768488 -0.00620262 -0.00471703 -0.00327201 -0.0019065 -0.000653749 0.000459108 0.00141141 0.00218916 0.0027849 0.00319767 0.00343248 0.00349993 0.0034154 0.00319841 0.00287153 0.00245963 0.00198865 0.00148479 0.000973312 0.000477794 1.91436e-05 -0.000384975 -0.000720815 -0.000978821 -0.00115389 -0.00124531 -0.00125656 -0.00119493 -0.00107092 -0.000897589 -0.000689615 -0.000462606 -0.000231987 -1.23519e-05 0.000183552 0.000345271 0.000465359 0.000539522 0.000566861 0.000549679 0.000493201 0.000405093 0.000294731 0.000172572 4.91538e-05 -6.54825e-05 -0.00016279 -0.000236067 -0.000281157 -0.000296459 -0.000283123 -0.000244708 -0.000186814 -0.000116511 -4.15219e-05 3.03561e-05 9.22411e-05 0.000138527 0.000165682 0.000172247 0.000159142 0.000129292 8.73287e-05 3.89988e-05 -9.61839e-06 -5.26465e-05 -8.53521e-05 -0.000104364 -0.000108356 -9.78329e-05 -7.52463e-05 -4.44404e-05 -1.01492e-05 2.26111e-05 4.94162e-05 6.67604e-05 7.28548e-05 6.74765e-05 5.22691e-05 3.01831e-05 5.11802e-06 -1.87211e-05 -3.7633e-05 -4.87472e-05 -5.0806e-05 -4.39486e-05 -2.99923e-05 -1.17949e-05 7.13611e-06 2.32822e-05 3.39168e-05 3.729e-05 3.33021e-05 2.30815e-05 9.06564e-06 -5.73819e-06 -1.83133e-05 -2.61309e-05 -2.79318e-05 -2.35761e-05 -1.44508e-05 -2.76668e-06 8.71902e-06 1.7389e-05 2.14935e-05 2.02265e-05 1.42939e-05 5.28609e-06 -4.39224e-06 -1.23086e-05 -1.6636e-05 -1.63683e-05 -1.19344e-05 -4.61258e-06 3.44042e-06 1.00264e-05 1.34753e-05 1.28967e-05 8.77747e-06 2.36412e-06 -4.30973e-06 -9.28246e-06 -1.12191e-05 -9.58449e-06 -5.17498e-06 6.11684e-07 5.84017e-06 8.86273e-06 8.88778e-06 5.93521e-06 1.24483e-06 -3.61288e-06 -6.9569e-06 -7.65788e-06 -5.69978e-06 -1.77402e-06 2.51888e-06 5.64928e-06 6.55128e-06 4.896e-06 1.54962e-06 -2.24402e-06 -4.94376e-06 -5.51774e-06 -3.92622e-06 -7.77468e-07 2.46832e-06 4.52054e-06 4.60536e-06 2.67417e-06 -2.31576e-07 -2.91794e-06 -4.18292e-06 -3.47319e-06 -1.30369e-06 1.39767e-06 3.28162e-06 3.52306e-06 2.155e-06 -2.5612e-07 -2.38905e-06 -3.21307e-06 -2.41484e-06 -4.29536e-07 1.56115e-06 2.74708e-06 2.55914e-06 8.54544e-07 -1.28633e-06 -2.49442e-06 -2.1064e-06 -7.31881e-07 6.49282e-07 1.88493e-06 2.33024e-06 1.09149e-06 -1.04185e-06 -2.26328e-06 -1.69028e-06 -2.22997e-07 9.12047e-07 1.49969e-06 1.32939e-06 3.69995e-07 -7.25091e-07 -1.5308e-06 -1.49043e-06 -1.83911e-07 1.40657e-06 1.84937e-06 7.73589e-07 -8.63032e-07 -1.6515e-06 -1.08355e-06 2.77715e-07 1.24185e-06 9.82256e-07 1.04601e-07 -5.35032e-07 -7.67438e-07 -4.36497e-07 1.26156e-07 3.53981e-07 4.55243e-07 4.07446e-07 -5.95228e-08 -4.72771e-07 -5.46645e-07 -3.2266e-07 3.16368e-07 7.87288e-07 4.79025e-07 -1.83644e-07 -7.02482e-07 -7.20089e-07 0. 
0.0966473 0.0966861 0.0952906 0.0926366 0.0888971 0.0842416 0.0788347 0.0728347 0.066393 0.0596528 0.0527483 0.0458036 0.0389327 0.032238 0.0258107 0.0197298 0.0140621 0.00886223 0.00417268 2.38615e-05 -0.00356543 -0.00658761 -0.00904564 -0.0109524 -0.0123297 -0.0132077 -0.0136233 -0.0136195 -0.0132443 -0.0125491 -0.0115876 -0.010415 -0.00908621 -0.00765499 -0.00617281 -0.00468786 -0.00324403 -0.00188027 -0.000629791 0.000480295 0.00142941 0.00220359 0.00279553 0.0032043 0.00343508 0.00349854 0.00341022 0.00318971 0.00285975 0.00244526 0.0019723 0.00146711 0.000955003 0.000459565 1.6987e-06 -0.000400981 -0.000734801 -0.000990291 -0.00116249 -0.00125079 -0.00125886 -0.0011941 -0.0010672 -0.000891305 -0.000681277 -0.000452755 -0.000221283 -1.42959e-06 0.000194026 0.000354709 0.000473243 0.00054545 0.000570583 0.000551071 0.00049234 0.000402155 0.00029009 0.000166642 4.24964e-05 -7.23426e-05 -0.000169276 -0.000241702 -0.000285524 -0.000299276 -0.000284257 -0.000244153 -0.000184758 -0.000113207 -3.73991e-05 3.48884e-05 9.66762e-05 0.000142459 0.000168723 0.000174149 0.000159779 0.000128665 8.56148e-05 3.64281e-05 -1.26532e-05 -5.58018e-05 -8.82023e-05 -0.000106614 -0.000109744 -9.82468e-05 -7.47028e-05 -4.30516e-05 -8.18999e-06 2.48787e-05 5.16112e-05 6.86199e-05 7.40972e-05 6.79808e-05 5.20017e-05 2.92218e-05 3.68427e-06 -2.04123e-05 -3.92468e-05 -5.00724e-05 -5.16016e-05 -4.41392e-05 -2.95757e-05 -1.08694e-05 8.34403e-06 2.4581e-05 3.50126e-05 3.80385e-05 3.35464e-05 2.28245e-05 8.39088e-06 -6.69462e-06 -1.93003e-05 -2.69942e-05 -2.84487e-05 -2.36984e-05 -1.41542e-05 -2.14024e-06 9.49241e-06 1.81688e-05 2.20492e-05 2.04928e-05 1.41881e-05 4.8716e-06 -4.98734e-06 -1.29598e-05 -1.71288e-05 -1.66403e-05 -1.18838e-05 -4.29671e-06 3.92197e-06 1.05615e-05 1.3869e-05 1.31021e-05 8.70064e-06 2.07084e-06 -4.72351e-06 -9.71535e-06 -1.14952e-05 -9.68315e-06 -5.03097e-06 9.16465e-07 6.19623e-06 9.18644e-06 9.02694e-06 5.90711e-06 1.02994e-06 -3.92017e-06 -7.22908e-06 -7.84596e-06 -5.69014e-06 -1.62648e-06 2.76672e-06 5.91009e-06 6.69297e-06 4.9234e-06 1.41071e-06 -2.45956e-06 -5.14577e-06 -5.65999e-06 -3.90646e-06 -6.60202e-07 2.65796e-06 4.70359e-06 4.67382e-06 2.65411e-06 -3.72086e-07 -3.08835e-06 -4.29929e-06 -3.52305e-06 -1.21947e-06 1.53085e-06 3.41366e-06 3.61013e-06 2.11823e-06 -3.46205e-07 -2.51824e-06 -3.3163e-06 -2.40929e-06 -3.69481e-07 1.6754e-06 2.84246e-06 2.57829e-06 8.27766e-07 -1.39671e-06 -2.59535e-06 -2.11999e-06 -7.0078e-07 7.30013e-07 1.95576e-06 2.36682e-06 1.08498e-06 -1.13931e-06 -2.34081e-06 -1.69875e-06 -2.03556e-07 9.90352e-07 1.56359e-06 1.32625e-06 3.38231e-07 -7.82465e-07 -1.56778e-06 -1.49638e-06 -1.63088e-07 1.47687e-06 1.88562e-06 7.56157e-07 -8.92755e-07 -1.72141e-06 -1.11076e-06 3.36646e-07 1.2867e-06 1.00975e-06 1.01334e-07 -6.01532e-07 -8.0164e-07 -4.16559e-07 1.50172e-07 3.89507e-07 4.63618e-07 3.73085e-07 -7.98335e-08 -4.74947e-07 -5.39358e-07 -3.01556e-07 3.22903e-07 7.7612e-07 4.7163e-07 -1.86846e-07 -7.00065e-07 -7.12107e-07 0. 
0.0966473 0.0966843 0.095287 0.0926311 0.08889 0.0842329 0.0788246 0.0728233 0.0663805 0.0596394 0.0527342 0.0457891 0.038918 0.0322235 0.0257967 0.0197165 0.0140499 0.00885149 0.00416369 1.69374e-05 -0.00357001 -0.00658956 -0.00904475 -0.0109485 -0.0123227 -0.0131974 -0.0136097 -0.0136028 -0.0132245 -0.0125264 -0.0115624 -0.0103876 -0.00905703 -0.00762453 -0.00614162 -0.0046565 -0.00321314 -0.00185045 -0.000601664 0.000506142 0.00145243 0.0022233 0.00281152 0.00321627 0.00344283 0.00350201 0.00340946 0.00318491 0.00285123 0.00243346 0.00195777 0.00145046 0.00093696 0.000440863 -1.68991e-05 -0.000418745 -0.000751033 -0.00100439 -0.00117395 -0.00125924 -0.00126408 -0.00119603 -0.00106593 -0.00088709 -0.000674511 -0.000443961 -0.000211067 9.54018e-06 0.000205061 0.000365151 0.00048248 0.000552985 0.000576029 0.000554212 0.000493099 0.000400645 0.000286556 0.000161483 3.61967e-05 -7.92209e-05 -0.000176157 -0.000248035 -0.000290822 -0.000303169 -0.000286496 -0.000244661 -0.000183591 -0.000110596 -3.36732e-05 3.929e-05 0.000101286 0.000146799 0.000172369 0.000176772 0.000161162 0.000128749 8.44638e-05 3.42662e-05 -1.55239e-05 -5.89871e-05 -9.13099e-05 -0.000109265 -0.00011164 -9.92002e-05 -7.46448e-05 -4.20656e-05 -6.4552e-06 2.70638e-05 5.39274e-05 7.07203e-05 7.57007e-05 6.88812e-05 5.21072e-05 2.85739e-05 2.41944e-06 -2.20421e-05 -4.09731e-05 -5.15942e-05 -5.26904e-05 -4.46328e-05 -2.94265e-05 -1.01492e-05 9.48368e-06 2.58941e-05 3.62647e-05 3.89852e-05 3.40388e-05 2.27901e-05 7.86688e-06 -7.56616e-06 -2.0337e-05 -2.79565e-05 -2.91587e-05 -2.40068e-05 -1.40273e-05 -1.631e-06 1.02568e-05 1.89867e-05 2.27505e-05 2.09027e-05 1.42428e-05 4.57073e-06 -5.55219e-06 -1.36238e-05 -1.77393e-05 -1.70245e-05 -1.19757e-05 -4.07586e-06 4.3768e-06 1.11072e-05 1.43697e-05 1.33997e-05 8.74518e-06 1.84823e-06 -5.12981e-06 -1.01689e-05 -1.18779e-05 -9.8599e-06 -4.9827e-06 1.178e-06 6.57495e-06 9.54513e-06 9.27373e-06 5.94158e-06 8.74741e-07 -4.21451e-06 -7.55927e-06 -8.07923e-06 -5.77714e-06 -1.51803e-06 3.00435e-06 6.18644e-06 6.91912e-06 4.99256e-06 1.33358e-06 -2.6667e-06 -5.3912e-06 -5.83375e-06 -3.96963e-06 -5.63817e-07 2.84483e-06 4.90531e-06 4.81968e-06 2.65845e-06 -4.73886e-07 -3.26774e-06 -4.47198e-06 -3.59577e-06 -1.19492e-06 1.66632e-06 3.577e-06 3.71915e-06 2.14774e-06 -4.37724e-07 -2.65438e-06 -3.43681e-06 -2.47215e-06 -3.13873e-07 1.7858e-06 2.9614e-06 2.65118e-06 7.97461e-07 -1.47882e-06 -2.7127e-06 -2.20116e-06 -6.70071e-07 8.03633e-07 2.0424e-06 2.43535e-06 1.08926e-06 -1.19741e-06 -2.46126e-06 -1.76338e-06 -1.52164e-07 1.04942e-06 1.62313e-06 1.37477e-06 3.15131e-07 -8.37604e-07 -1.62846e-06 -1.53427e-06 -1.42957e-07 1.53751e-06 1.96765e-06 7.7301e-07 -9.68432e-07 -1.78234e-06 -1.14376e-06 3.4862e-07 1.37618e-06 1.05099e-06 6.92554e-08 -6.25558e-07 -8.44922e-07 -4.37098e-07 1.94883e-07 4.1112e-07 4.65399e-07 3.85043e-07 -1.02427e-07 -4.96887e-07 -5.34183e-07 -3.07059e-07 3.314e-07 8.023e-07 4.72605e-07 -1.9512e-07 -7.09675e-07 -7.34842e-07 0. 
0.0966473 0.096682 0.0952825 0.0926244 0.0888811 0.084222 0.0788117 0.0728087 0.0663644 0.0596219 0.0527155 0.0457696 0.0388979 0.0322032 0.0257764 0.0196967 0.0140309 0.00883362 0.00414737 2.53776e-06 -0.00358212 -0.00659905 -0.0090513 -0.0109518 -0.0123226 -0.0131937 -0.0136023 -0.0135916 -0.0132096 -0.012508 -0.0115407 -0.0103628 -0.00902958 -0.0075949 -0.00611033 -0.00462418 -0.0031804 -0.00181798 -0.000570152 0.000536007 0.00148 0.00224797 0.00283276 0.00323363 0.00345597 0.0035107 0.00341363 0.00318463 0.00284668 0.00242498 0.00194583 0.00143567 0.000919965 0.00042244 -3.59835e-05 -0.000437665 -0.000769038 -0.00102074 -0.00118803 -0.00127054 -0.00127223 -0.00120083 -0.00106733 -0.00088524 -0.000669693 -0.000436631 -0.000201769 2.01311e-05 0.00021627 0.000376238 0.000492801 0.000561908 0.000583093 0.000559046 0.000495537 0.000400664 0.000284316 0.000157303 3.05047e-05 -8.58678e-05 -0.0001832 -0.000254852 -0.000296899 -0.000308013 -0.000289802 -0.000246217 -0.000183391 -0.000108767 -3.04938e-05 4.34143e-05 0.000105909 0.0001514 0.000176511 0.00018002 0.000163263 0.000129523 8.39333e-05 3.25666e-05 -1.8122e-05 -6.21075e-05 -9.45673e-05 -0.000112224 -0.000113985 -0.000100641 -7.50829e-05 -4.1486e-05 -5.01252e-06 2.91169e-05 5.62793e-05 7.29956e-05 7.76072e-05 7.01282e-05 5.25828e-05 2.82275e-05 1.37255e-06 -2.35849e-05 -4.27431e-05 -5.32678e-05 -5.40259e-05 -4.53921e-05 -2.95467e-05 -9.62336e-06 1.05094e-05 2.72046e-05 3.76164e-05 4.0099e-05 3.47498e-05 2.29531e-05 7.50998e-06 -8.35858e-06 -2.13759e-05 -2.90039e-05 -3.00192e-05 -2.44788e-05 -1.40636e-05 -1.22249e-06 1.09789e-05 1.98435e-05 2.35522e-05 2.14418e-05 1.4438e-05 4.36505e-06 -6.06544e-06 -1.43095e-05 -1.84237e-05 -1.75141e-05 -1.21836e-05 -3.93385e-06 4.78957e-06 1.16754e-05 1.49352e-05 1.37879e-05 8.88381e-06 1.68335e-06 -5.51357e-06 -1.06564e-05 -1.23257e-05 -1.01165e-05 -5.00631e-06 1.40798e-06 6.95662e-06 9.953e-06 9.5867e-06 6.0406e-06 7.63642e-07 -4.50878e-06 -7.91851e-06 -8.37158e-06 -5.92209e-06 -1.44787e-06 3.23209e-06 6.49349e-06 7.19114e-06 5.11544e-06 1.29067e-06 -2.87199e-06 -5.6599e-06 -6.05665e-06 -4.07478e-06 -4.93912e-07 3.03387e-06 5.14044e-06 5.00386e-06 2.70221e-06 -5.62931e-07 -3.46194e-06 -4.67513e-06 -3.711e-06 -1.1902e-06 1.80053e-06 3.76041e-06 3.86764e-06 2.20365e-06 -5.16672e-07 -2.80975e-06 -3.59063e-06 -2.55245e-06 -2.78927e-07 1.89653e-06 3.1106e-06 2.76273e-06 7.85661e-07 -1.59039e-06 -2.84669e-06 -2.27928e-06 -6.72169e-07 8.58259e-07 2.16181e-06 2.55172e-06 1.10104e-06 -1.28729e-06 -2.58568e-06 -1.83723e-06 -1.33309e-07 1.12779e-06 1.70941e-06 1.41917e-06 3.07683e-07 -8.82882e-07 -1.71517e-06 -1.6064e-06 -1.25476e-07 1.62746e-06 2.06475e-06 8.04386e-07 -1.03954e-06 -1.88998e-06 -1.19133e-06 3.89603e-07 1.46076e-06 1.1051e-06 5.75868e-08 -6.79531e-07 -8.92594e-07 -4.44241e-07 2.18918e-07 4.39209e-07 4.85355e-07 3.88295e-07 -1.15941e-07 -5.1635e-07 -5.5386e-07 -3.14708e-07 3.49086e-07 8.33114e-07 4.91169e-07 -2.03823e-07 -7.41774e-07 -7.6474e-07 0. 
0.0966473 0.0966793 0.0952771 0.0926165 0.0888706 0.0842091 0.0787964 0.0727912 0.0663449 0.0596005 0.0526926 0.0457453 0.0388726 0.0321771 0.0257499 0.0196702 0.0140048 0.00880833 0.00412331 -1.98591e-05 -0.00360242 -0.00661683 -0.00906617 -0.0109634 -0.0123306 -0.0131978 -0.0136023 -0.0135875 -0.0132012 -0.0124953 -0.0115239 -0.0103422 -0.00900542 -0.00756761 -0.00608044 -0.00459225 -0.00314711 -0.00178402 -0.00053628 0.000569048 0.00151145 0.00227711 0.00285891 0.00325623 0.00347451 0.00352482 0.00342309 0.00318933 0.00284669 0.00242053 0.00193727 0.0014235 0.000904836 0.000405064 -5.47952e-05 -0.000457091 -0.000788219 -0.00103889 -0.00120438 -0.00128447 -0.00128322 -0.00120853 -0.00107156 -0.000886 -0.000667154 -0.000431143 -0.000193825 2.99251e-05 0.000227211 0.000387608 0.00050385 0.000571981 0.000591574 0.000565503 0.000499637 0.000402302 0.000283519 0.000154306 2.56741e-05 -9.20368e-05 -0.000190125 -0.000261938 -0.000303531 -0.000313689 -0.000294068 -0.000248823 -0.000184184 -0.000107823 -2.7998e-05 4.71063e-05 0.000110357 0.000156115 0.000180976 0.000183812 0.000165992 0.000130996 8.40376e-05 3.14092e-05 -2.03448e-05 -6.50531e-05 -9.78349e-05 -0.000115404 -0.000116666 -0.000102543 -7.5977e-05 -4.13537e-05 -3.90715e-06 3.09593e-05 5.85656e-05 7.5375e-05 7.97148e-05 7.16971e-05 5.33782e-05 2.82133e-05 5.67521e-07 -2.4978e-05 -4.44784e-05 -5.50404e-05 -5.55244e-05 -4.64069e-05 -2.98975e-05 -9.32694e-06 1.13951e-05 2.846e-05 3.89983e-05 4.13484e-05 3.56155e-05 2.33241e-05 7.30383e-06 -9.03016e-06 -2.23777e-05 -3.0098e-05 -3.09667e-05 -2.51092e-05 -1.42244e-05 -9.45266e-07 1.1645e-05 2.07004e-05 2.44015e-05 2.20972e-05 1.47273e-05 4.27803e-06 -6.52771e-06 -1.49796e-05 -1.91391e-05 -1.80941e-05 -1.24623e-05 -3.89192e-06 5.16569e-06 1.22312e-05 1.55288e-05 1.42546e-05 9.07618e-06 1.59885e-06 -5.87859e-06 -1.11456e-05 -1.28045e-05 -1.0447e-05 -5.06763e-06 1.5802e-06 7.33857e-06 1.03826e-05 9.93134e-06 6.208e-06 6.71457e-07 -4.77311e-06 -8.29374e-06 -8.70483e-06 -6.09183e-06 -1.43232e-06 3.46136e-06 6.80252e-06 7.48596e-06 5.28917e-06 1.25619e-06 -3.04941e-06 -5.94652e-06 -6.3102e-06 -4.19445e-06 -4.65325e-07 3.23519e-06 5.38274e-06 5.20628e-06 2.78646e-06 -6.58775e-07 -3.64418e-06 -4.89826e-06 -3.85886e-06 -1.18474e-06 1.91297e-06 3.96564e-06 4.03505e-06 2.26242e-06 -5.64299e-07 -2.98523e-06 -3.76214e-06 -2.64178e-06 -2.6096e-07 2.02904e-06 3.24746e-06 2.8852e-06 8.21844e-07 -1.72492e-06 -3.00905e-06 -2.3633e-06 -6.61422e-07 9.21194e-07 2.23919e-06 2.69855e-06 1.16906e-06 -1.41898e-06 -2.73335e-06 -1.90257e-06 -1.19618e-07 1.2129e-06 1.79687e-06 1.47807e-06 2.97605e-07 -9.43686e-07 -1.77662e-06 -1.70142e-06 -1.38862e-07 1.75978e-06 2.16384e-06 8.27785e-07 -1.08566e-06 -2.03056e-06 -1.25883e-06 4.58409e-07 1.54499e-06 1.16447e-06 5.44059e-08 -7.50952e-07 -9.45726e-07 -4.47776e-07 2.47546e-07 4.71577e-07 5.01187e-07 3.95784e-07 -1.3303e-07 -5.42826e-07 -5.62312e-07 -3.2932e-07 3.61222e-07 8.80843e-07 5.00766e-07 -2.16613e-07 -7.609e-07 -8.11126e-07 0. 
0.0966473 0.0966763 0.0952711 0.0926075 0.0888587 0.0841944 0.078779 0.0727712 0.0663223 0.0595757 0.0526657 0.0457166 0.0388423 0.0321456 0.0257175 0.0196372 0.0139717 0.00877561 0.00409139 -5.04861e-05 -0.00363127 -0.00664342 -0.00909001 -0.010984 -0.0123476 -0.0132108 -0.013611 -0.0135916 -0.0132006 -0.0124899 -0.0115137 -0.0103273 -0.00898613 -0.00754426 -0.00605348 -0.00456223 -0.00311467 -0.00174989 -0.00050123 0.000604204 0.00154588 0.00230999 0.00288946 0.00328371 0.00349829 0.00354437 0.00343801 0.00319936 0.00285175 0.00242067 0.00193276 0.00141473 0.000892353 0.000389535 -7.25775e-05 -0.000476293 -0.000807943 -0.00105827 -0.00122256 -0.00130071 -0.00129686 -0.00121907 -0.00107868 -0.000889539 -0.000667166 -0.000427844 -0.00018763 3.84889e-05 0.000237465 0.00039884 0.000515281 0.000582888 0.000601269 0.00057343 0.000505368 0.000405585 0.00028429 0.000152671 2.19338e-05 -9.7466e-05 -0.000196679 -0.000269032 -0.000310522 -0.000320011 -0.000299206 -0.000252415 -0.000186009 -0.00010783 -2.63196e-05 5.02064e-05 0.000114459 0.00016076 0.00018563 0.000188007 0.000169294 0.000133119 8.48185e-05 3.08492e-05 -2.20837e-05 -6.77005e-05 -0.000100994 -0.000118674 -0.000119609 -0.000104826 -7.73321e-05 -4.1671e-05 -3.21105e-06 3.25139e-05 6.06921e-05 7.77522e-05 8.1961e-05 7.351e-05 5.44958e-05 2.85209e-05 6.44731e-08 -2.61647e-05 -4.6103e-05 -5.68265e-05 -5.71438e-05 -4.76155e-05 -3.04958e-05 -9.25783e-06 1.20805e-05 2.9606e-05 4.03523e-05 4.26623e-05 3.66217e-05 2.38639e-05 7.28679e-06 -9.56337e-06 -2.3284e-05 -3.11802e-05 -3.19708e-05 -2.58443e-05 -1.45311e-05 -7.91253e-07 1.22014e-05 2.15158e-05 2.52611e-05 2.28142e-05 1.51235e-05 4.28874e-06 -6.88931e-06 -1.56053e-05 -1.98475e-05 -1.87141e-05 -1.28232e-05 -3.92525e-06 5.45702e-06 1.27524e-05 1.61162e-05 1.47542e-05 9.33827e-06 1.57121e-06 -6.17661e-06 -1.16153e-05 -1.32878e-05 -1.08089e-05 -5.19256e-06 1.71239e-06 7.6732e-06 1.08083e-05 1.02959e-05 6.40509e-06 6.37079e-07 -5.01427e-06 -8.64462e-06 -9.04704e-06 -6.29683e-06 -1.44039e-06 3.64453e-06 7.10544e-06 7.7829e-06 5.47765e-06 1.2651e-06 -3.2156e-06 -6.209e-06 -6.56969e-06 -4.34017e-06 -4.46495e-07 3.39981e-06 5.62615e-06 5.41373e-06 2.87765e-06 -7.17386e-07 -3.82744e-06 -5.10919e-06 -4.01049e-06 -1.20915e-06 2.02534e-06 4.14719e-06 4.21075e-06 2.34081e-06 -6.21574e-07 -3.13015e-06 -3.92978e-06 -2.744e-06 -2.53797e-07 2.136e-06 3.41486e-06 2.9987e-06 8.22697e-07 -1.80902e-06 -3.14407e-06 -2.47294e-06 -6.87939e-07 9.92621e-07 2.37086e-06 2.79142e-06 1.19788e-06 -1.4697e-06 -2.87798e-06 -2.00493e-06 -9.49446e-08 1.29331e-06 1.87611e-06 1.53231e-06 3.11199e-07 -1.00016e-06 -1.88075e-06 -1.75359e-06 -1.31019e-07 1.8241e-06 2.29134e-06 8.67909e-07 -1.17772e-06 -2.11952e-06 -1.31206e-06 4.72839e-07 1.64902e-06 1.22831e-06 3.10502e-08 -7.96039e-07 -9.94309e-07 -4.67582e-07 2.75698e-07 5.06769e-07 5.18658e-07 3.96925e-07 -1.41756e-07 -5.64718e-07 -5.89196e-07 -3.28875e-07 3.79948e-07 9.02832e-07 5.29181e-07 -2.25307e-07 -8.04533e-07 -8.30496e-07 0. 
0.0966473 0.0966731 0.0952646 0.0925978 0.0888459 0.0841784 0.07876 0.0727492 0.0662975 0.0595482 0.0526355 0.0456841 0.0388077 0.0321092 0.0256797 0.0195983 0.0139321 0.0087358 0.00405185 -8.9243e-05 -0.0036687 -0.00667897 -0.00912313 -0.0110142 -0.0123742 -0.0132335 -0.0136293 -0.013605 -0.013209 -0.012493 -0.0115114 -0.0103197 -0.00897326 -0.00752642 -0.00603102 -0.00453567 -0.0030846 -0.00171703 -0.000466336 0.000640257 0.00158222 0.0023457 0.00292365 0.00331552 0.00352695 0.00356917 0.00345839 0.00321489 0.00286217 0.0024259 0.00193288 0.00141001 0.000883233 0.000376623 -8.85782e-05 -0.000494524 -0.000827538 -0.00107826 -0.00124208 -0.00131884 -0.00131287 -0.0012323 -0.00108866 -0.000895951 -0.00066992 -0.000427025 -0.000183521 4.54205e-05 0.000246638 0.000409521 0.000526737 0.000594299 0.000611935 0.000582645 0.000512645 0.000410507 0.000286701 0.000152545 1.9471e-05 -0.000101913 -0.000202632 -0.000275879 -0.000317669 -0.00032679 -0.000305106 -0.000256924 -0.000188866 -0.000108845 -2.55586e-05 5.25659e-05 0.00011807 0.000165159 0.00019034 0.000192472 0.000173104 0.000135849 8.62941e-05 3.09405e-05 -2.3255e-05 -6.99309e-05 -0.00010394 -0.000121909 -0.000122744 -0.000107418 -7.91401e-05 -4.2448e-05 -2.97603e-06 3.37028e-05 6.25819e-05 8.00282e-05 8.42893e-05 7.55014e-05 5.59299e-05 2.91509e-05 -9.35082e-08 -2.70848e-05 -4.75563e-05 -5.85472e-05 -5.88465e-05 -4.89701e-05 -3.13497e-05 -9.42644e-06 1.25212e-05 3.0586e-05 4.16316e-05 4.39795e-05 3.77539e-05 2.45497e-05 7.48525e-06 -9.92929e-06 -2.405e-05 -3.21958e-05 -3.30052e-05 -2.66476e-05 -1.49969e-05 -7.69554e-07 1.26083e-05 2.22464e-05 2.61006e-05 2.35548e-05 1.56324e-05 4.39646e-06 -7.11521e-06 -1.61532e-05 -2.05191e-05 -1.93403e-05 -1.32697e-05 -4.03083e-06 5.63188e-06 1.32113e-05 1.66703e-05 1.52582e-05 9.6747e-06 1.60034e-06 -6.37739e-06 -1.20399e-05 -1.3753e-05 -1.11811e-05 -5.39029e-06 1.79821e-06 7.93084e-06 1.12064e-05 1.0665e-05 6.62048e-06 6.76384e-07 -5.21903e-06 -8.94434e-06 -9.37924e-06 -6.53197e-06 -1.47215e-06 3.76015e-06 7.38481e-06 8.06194e-06 5.67138e-06 1.32406e-06 -3.35893e-06 -6.42411e-06 -6.82071e-06 -4.50377e-06 -4.42726e-07 3.51086e-06 5.85502e-06 5.6093e-06 2.9748e-06 -7.32903e-07 -3.99497e-06 -5.28898e-06 -4.16254e-06 -1.25934e-06 2.12648e-06 4.28972e-06 4.37847e-06 2.42824e-06 -6.63234e-07 -3.23738e-06 -4.09878e-06 -2.83954e-06 -2.41984e-07 2.20392e-06 3.55627e-06 3.10837e-06 8.53106e-07 -1.87831e-06 -3.29729e-06 -2.54659e-06 -6.92548e-07 1.01523e-06 2.47011e-06 2.89668e-06 1.24549e-06 -1.53115e-06 -3.01137e-06 -2.0663e-06 -9.47245e-08 1.34408e-06 1.97548e-06 1.56989e-06 3.02587e-07 -1.02598e-06 -1.95859e-06 -1.81461e-06 -1.29615e-07 1.88878e-06 2.38899e-06 8.97826e-07 -1.22891e-06 -2.20497e-06 -1.37714e-06 5.06364e-07 1.73086e-06 1.27103e-06 3.37736e-08 -8.45548e-07 -1.04997e-06 -4.6484e-07 2.96988e-07 5.31119e-07 5.44002e-07 3.87091e-07 -1.57428e-07 -5.724e-07 -6.09076e-07 -3.27909e-07 3.98438e-07 9.14134e-07 5.4623e-07 -2.29518e-07 -8.35022e-07 -8.43008e-07 0. 
0.0966473 0.0966697 0.0952579 0.0925878 0.0888325 0.0841617 0.07874 0.072726 0.0662711 0.0595187 0.0526031 0.0456489 0.0387699 0.032069 0.0256374 0.0195543 0.0138868 0.00868961 0.00400529 -0.000135653 -0.00371438 -0.00672332 -0.00916552 -0.011054 -0.0124108 -0.0132663 -0.0136577 -0.0136287 -0.0132274 -0.0125058 -0.0115183 -0.0103207 -0.00896827 -0.0075156 -0.00601465 -0.00451415 -0.00305846 -0.00168693 -0.000433054 0.000675872 0.00161924 0.00238316 0.00296056 0.00335091 0.00355989 0.00359883 0.00348402 0.00323591 0.00287811 0.00243651 0.00193807 0.00140991 0.000878125 0.000367008 -0.000102057 -0.000511081 -0.000846289 -0.00109826 -0.00126235 -0.00133843 -0.0013309 -0.00124799 -0.00110137 -0.000905243 -0.000675515 -0.000428883 -0.000181781 5.03989e-05 0.000254348 0.000419297 0.000537833 0.000605914 0.00062327 0.00059297 0.00052131 0.000417037 0.000290759 0.000154028 1.84301e-05 -0.000105198 -0.000207757 -0.000282287 -0.000324744 -0.000333887 -0.000311602 -0.000262302 -0.000192701 -0.000110916 -2.57699e-05 5.40758e-05 0.000121054 0.000169194 0.000194951 0.000197131 0.000177306 0.000139181 8.84263e-05 3.17426e-05 -2.38137e-05 -7.16588e-05 -0.000106576 -0.000125046 -0.000125966 -0.000110311 -8.13377e-05 -4.37311e-05 -3.20292e-06 3.44553e-05 6.41779e-05 8.21531e-05 8.66205e-05 7.76733e-05 5.76205e-05 3.01552e-05 8.119e-08 -2.76722e-05 -4.88022e-05 -6.01678e-05 -6.05722e-05 -5.04923e-05 -3.24108e-05 -9.89601e-06 1.27272e-05 3.13408e-05 4.28056e-05 4.52902e-05 3.89628e-05 2.54301e-05 7.86365e-06 -1.00577e-05 -2.46763e-05 -3.31095e-05 -3.40379e-05 -2.75494e-05 -1.55808e-05 -9.51664e-07 1.28874e-05 2.28411e-05 2.69078e-05 2.43339e-05 1.62178e-05 4.66965e-06 -7.23783e-06 -1.65639e-05 -2.11564e-05 -1.99786e-05 -1.37717e-05 -4.27469e-06 5.72737e-06 1.35465e-05 1.72019e-05 1.57724e-05 1.00591e-05 1.7535e-06 -6.52017e-06 -1.23618e-05 -1.42134e-05 -1.15785e-05 -5.63341e-06 1.76665e-06 8.15223e-06 1.15309e-05 1.10481e-05 6.88655e-06 7.55385e-07 -5.31563e-06 -9.23236e-06 -9.67781e-06 -6.7947e-06 -1.58102e-06 3.85101e-06 7.57875e-06 8.35324e-06 5.88058e-06 1.4112e-06 -3.41157e-06 -6.63838e-06 -7.03098e-06 -4.69391e-06 -5.01142e-07 3.61092e-06 6.01104e-06 5.82741e-06 3.09313e-06 -7.29938e-07 -4.08355e-06 -5.48537e-06 -4.29767e-06 -1.33455e-06 2.1588e-06 4.44415e-06 4.50463e-06 2.54126e-06 -6.57284e-07 -3.34399e-06 -4.20867e-06 -2.97323e-06 -2.63008e-07 2.28188e-06 3.63859e-06 3.23249e-06 8.96475e-07 -1.91814e-06 -3.39045e-06 -2.68061e-06 -6.9537e-07 1.05907e-06 2.49948e-06 3.00708e-06 1.30831e-06 -1.5643e-06 -3.10907e-06 -2.16426e-06 -7.4528e-08 1.37156e-06 2.01277e-06 1.6701e-06 2.92817e-07 -1.07618e-06 -1.97451e-06 -1.89538e-06 -1.52215e-07 1.96106e-06 2.45223e-06 9.38831e-07 -1.26033e-06 -2.27336e-06 -1.42061e-06 4.95114e-07 1.80374e-06 1.32217e-06 6.98579e-09 -8.40897e-07 -1.08763e-06 -5.1561e-07 3.50202e-07 5.38946e-07 5.28469e-07 4.44168e-07 -1.83959e-07 -6.14746e-07 -5.76721e-07 -3.64564e-07 3.92284e-07 9.86789e-07 5.26675e-07 -2.44702e-07 -8.14282e-07 -9.0655e-07 0. 
0.0966473 0.0966664 0.0952513 0.0925778 0.0888192 0.0841451 0.07872 0.0727025 0.0662443 0.0594885 0.0525696 0.0456121 0.03873 0.0320262 0.025592 0.0195065 0.013837 0.00863815 0.0039527 -0.000188838 -0.00376756 -0.00677586 -0.00921676 -0.0111032 -0.0124574 -0.0133094 -0.0136968 -0.013663 -0.0132564 -0.0125291 -0.0115355 -0.0103314 -0.00897247 -0.00751322 -0.00600584 -0.0044992 -0.00303781 -0.00166116 -0.000402893 0.000709602 0.00165558 0.00242113 0.00299908 0.00338894 0.00359636 0.00363278 0.00351452 0.00326219 0.00289953 0.00245264 0.00194861 0.00141482 0.000877555 0.000361308 -0.000112351 -0.000525265 -0.000863508 -0.00111759 -0.00128276 -0.00135894 -0.00135049 -0.00126581 -0.0011166 -0.00091731 -0.000683962 -0.000433531 -0.000182607 5.31534e-05 0.000260281 0.000427819 0.000548226 0.000617394 0.000634989 0.000604151 0.000531193 0.000425057 0.000296434 0.000157146 1.89073e-05 -0.000107179 -0.000211883 -0.000288057 -0.000331564 -0.000341112 -0.00031856 -0.000268426 -0.000197463 -0.000114014 -2.69932e-05 5.46746e-05 0.000123315 0.000172751 0.000199356 0.000201866 0.000181829 0.000143039 9.12053e-05 3.32425e-05 -2.37151e-05 -7.28392e-05 -0.000108831 -0.000128009 -0.000129222 -0.000113435 -8.39126e-05 -4.54867e-05 -3.92242e-06 3.47612e-05 6.54304e-05 8.40845e-05 8.89188e-05 7.99764e-05 5.95685e-05 3.15014e-05 6.23318e-07 -2.79294e-05 -4.97976e-05 -6.16648e-05 -6.23016e-05 -5.21481e-05 -3.3698e-05 -1.06406e-05 1.26553e-05 3.18769e-05 4.38403e-05 4.65804e-05 4.02517e-05 2.64795e-05 8.46132e-06 -9.97201e-06 -2.51191e-05 -3.39295e-05 -3.50573e-05 -2.85365e-05 -1.63148e-05 -1.31005e-06 1.29893e-05 2.33236e-05 2.76591e-05 2.51529e-05 1.6904e-05 5.083e-06 -7.20551e-06 -1.68711e-05 -2.17279e-05 -2.06418e-05 -1.43494e-05 -4.63436e-06 5.68976e-06 1.37982e-05 1.76765e-05 1.63163e-05 1.05128e-05 2.0073e-06 -6.54858e-06 -1.26268e-05 -1.46375e-05 -1.20211e-05 -5.95077e-06 1.64858e-06 8.27924e-06 1.18321e-05 1.14242e-05 7.21478e-06 9.15768e-07 -5.34835e-06 -9.45299e-06 -9.99158e-06 -7.08389e-06 -1.7585e-06 3.86098e-06 7.74586e-06 8.61497e-06 6.13896e-06 1.55455e-06 -3.41258e-06 -6.79078e-06 -7.26199e-06 -4.90024e-06 -6.18652e-07 3.6447e-06 6.16097e-06 6.02542e-06 3.2659e-06 -6.75088e-07 -4.14534e-06 -5.63935e-06 -4.47646e-06 -1.43789e-06 2.15028e-06 4.5445e-06 4.66285e-06 2.66548e-06 -6.04209e-07 -3.40552e-06 -4.33548e-06 -3.08817e-06 -3.43274e-07 2.30018e-06 3.74411e-06 3.35758e-06 9.75107e-07 -1.94781e-06 -3.46007e-06 -2.75676e-06 -7.94686e-07 1.03849e-06 2.58403e-06 3.11919e-06 1.37062e-06 -1.58963e-06 -3.1597e-06 -2.23376e-06 -1.46645e-07 1.39295e-06 2.06848e-06 1.71477e-06 3.64527e-07 -1.07272e-06 -2.06153e-06 -1.97156e-06 -1.74121e-07 2.00492e-06 2.52152e-06 9.86362e-07 -1.26309e-06 -2.34382e-06 -1.4629e-06 5.06551e-07 1.79837e-06 1.35903e-06 5.70068e-08 -8.64919e-07 -1.09419e-06 -5.23164e-07 2.88078e-07 5.47038e-07 5.77755e-07 4.54826e-07 -1.49116e-07 -6.24149e-07 -6.56454e-07 -3.78799e-07 4.18047e-07 1.01185e-06 5.8776e-07 -2.48375e-07 -8.89603e-07 -9.3172e-07 0. 
0.0966473 0.0966634 0.0952452 0.0925686 0.0888068 0.0841293 0.0787009 0.07268 0.0662182 0.0594589 0.0525364 0.0455754 0.0386898 0.0319825 0.025545 0.0194564 0.0137841 0.00858291 0.00389548 -0.00024749 -0.00382708 -0.00683559 -0.00927599 -0.0111612 -0.0125133 -0.0133626 -0.0137464 -0.0137082 -0.0132966 -0.0125635 -0.0115637 -0.0103529 -0.00898696 -0.00752052 -0.00600596 -0.00449226 -0.00302416 -0.00164126 -0.000377387 0.000739924 0.00168981 0.00245824 0.00303799 0.00342849 0.00363543 0.0036702 0.00354929 0.00329331 0.00292623 0.00247421 0.00196465 0.00142503 0.000881945 0.00036003 -0.000118853 -0.000536421 -0.000878521 -0.00113556 -0.00130269 -0.00137976 -0.00137117 -0.00128531 -0.00113406 -0.000931925 -0.000695203 -0.000440963 -0.000186143 5.34979e-05 0.000264152 0.000434777 0.000557575 0.000628391 0.00064678 0.000615888 0.000542088 0.000434373 0.00030366 0.000161845 2.09735e-05 -0.000107782 -0.000214843 -0.000293025 -0.00033793 -0.000348274 -0.000325821 -0.000275136 -0.000203078 -0.000118055 -2.92501e-05 5.43586e-05 0.000124756 0.000175752 0.000203431 0.000206565 0.000186573 0.00014732 9.4595e-05 3.53818e-05 -2.29249e-05 -7.34702e-05 -0.000110628 -0.000130747 -0.000132429 -0.000116718 -8.68206e-05 -4.76544e-05 -5.14607e-06 3.46447e-05 6.62842e-05 8.58061e-05 9.11207e-05 8.23674e-05 6.17386e-05 3.31441e-05 1.54342e-06 -2.78825e-05 -5.04976e-05 -6.30349e-05 -6.39869e-05 -5.39114e-05 -3.51917e-05 -1.16275e-05 1.2287e-05 3.22153e-05 4.46958e-05 4.78496e-05 4.1589e-05 2.76786e-05 9.27627e-06 -9.69742e-06 -2.53521e-05 -3.46708e-05 -3.60316e-05 -2.96049e-05 -1.7186e-05 -1.82541e-06 1.28998e-05 2.37136e-05 2.83274e-05 2.6017e-05 1.76746e-05 5.62483e-06 -7.01117e-06 -1.70927e-05 -2.22118e-05 -2.13391e-05 -1.4987e-05 -5.10374e-06 5.51523e-06 1.39808e-05 1.80771e-05 1.68994e-05 1.10231e-05 2.35826e-06 -6.45981e-06 -1.28465e-05 -1.50123e-05 -1.25167e-05 -6.33341e-06 1.44707e-06 8.30894e-06 1.21189e-05 1.17838e-05 7.61e-06 1.15235e-06 -5.31991e-06 -9.60358e-06 -1.03262e-05 -7.39408e-06 -2.00717e-06 3.79315e-06 7.88776e-06 8.84684e-06 6.44931e-06 1.75096e-06 -3.36018e-06 -6.88592e-06 -7.51305e-06 -5.12413e-06 -7.96708e-07 3.61746e-06 6.30037e-06 6.21057e-06 3.49099e-06 -5.70296e-07 -4.17496e-06 -5.76092e-06 -4.69182e-06 -1.57562e-06 2.09774e-06 4.60477e-06 4.84173e-06 2.80735e-06 -5.04494e-07 -3.4226e-06 -4.46816e-06 -3.21408e-06 -4.70367e-07 2.28275e-06 3.84811e-06 3.47756e-06 1.09463e-06 -1.93335e-06 -3.52034e-06 -2.83702e-06 -9.33273e-07 9.86962e-07 2.6584e-06 3.23079e-06 1.47002e-06 -1.59169e-06 -3.20433e-06 -2.2862e-06 -2.48557e-07 1.35982e-06 2.11573e-06 1.7896e-06 4.69525e-07 -1.05885e-06 -2.1494e-06 -2.05669e-06 -2.25385e-07 2.03959e-06 2.6004e-06 1.02751e-06 -1.24596e-06 -2.37603e-06 -1.5153e-06 4.87984e-07 1.77507e-06 1.37559e-06 1.24152e-07 -8.36776e-07 -1.09022e-06 -5.5659e-07 2.01828e-07 5.28843e-07 6.33559e-07 5.10074e-07 -9.69642e-08 -6.47217e-07 -7.55413e-07 -4.2007e-07 4.44604e-07 1.0707e-06 6.64758e-07 -2.55926e-07 -9.80217e-07 -9.84852e-07 0. 
0.0966473 0.0966607 0.0952399 0.0925605 0.0887959 0.0841155 0.0786839 0.0726598 0.0661945 0.0594316 0.0525054 0.0455405 0.038651 0.0319398 0.0254984 0.0194061 0.0137302 0.00852577 0.00383547 -0.000309905 -0.00389134 -0.00690105 -0.00934194 -0.0112269 -0.0125778 -0.0134251 -0.013806 -0.0137641 -0.0133478 -0.0126093 -0.0116033 -0.0103858 -0.00901258 -0.00753855 -0.00601618 -0.00449468 -0.00301891 -0.00162872 -0.000358067 0.000765307 0.00172041 0.00249304 0.00307591 0.00346832 0.00367595 0.00371018 0.00358753 0.0033287 0.00295776 0.00250104 0.00198611 0.00144068 0.000891546 0.000363613 -0.000121064 -0.000543931 -0.000890684 -0.0011515 -0.00132146 -0.00140027 -0.00139233 -0.00130603 -0.00115333 -0.000948833 -0.000709019 -0.000451159 -0.000192392 5.12513e-05 0.000265774 0.000439856 0.000565573 0.000638547 0.000658302 0.00062787 0.000553696 0.000444796 0.000312244 0.00016809 2.45715e-05 -0.000106896 -0.000216565 -0.00029699 -0.000343681 -0.000355152 -0.000333187 -0.000282267 -0.000209374 -0.000122977 -3.24423e-05 5.30731e-05 0.000125383 0.000178061 0.000207101 0.000211071 0.000191419 0.000151911 9.84756e-05 3.81386e-05 -2.15216e-05 -7.34831e-05 -0.000111978 -0.00013314 -0.00013554 -0.000120049 -8.99759e-05 -5.01877e-05 -6.78848e-06 3.40683e-05 6.67895e-05 8.72208e-05 9.32219e-05 8.47468e-05 6.40776e-05 3.50382e-05 2.76679e-06 -2.74975e-05 -5.0961e-05 -6.41894e-05 -6.56408e-05 -5.56961e-05 -3.68525e-05 -1.28294e-05 1.16912e-05 3.23081e-05 4.5429e-05 4.90093e-05 4.29838e-05 2.89617e-05 1.02638e-05 -9.22849e-06 -2.54436e-05 -3.52616e-05 -3.70041e-05 -3.0673e-05 -1.81812e-05 -2.47239e-06 1.26788e-05 2.39596e-05 2.8972e-05 2.68423e-05 1.85404e-05 6.25247e-06 -6.70184e-06 -1.71918e-05 -2.26726e-05 -2.19883e-05 -1.57088e-05 -5.63369e-06 5.24236e-06 1.40628e-05 1.84686e-05 1.7441e-05 1.16174e-05 2.75971e-06 -6.29152e-06 -1.29844e-05 -1.54011e-05 -1.29851e-05 -6.80273e-06 1.19646e-06 8.28481e-06 1.23409e-05 1.2186e-05 7.99638e-06 1.47172e-06 -5.24103e-06 -9.73733e-06 -1.06147e-05 -7.77312e-06 -2.26655e-06 3.66448e-06 7.98126e-06 9.10787e-06 6.73563e-06 2.02368e-06 -3.28088e-06 -6.9663e-06 -7.72507e-06 -5.41427e-06 -9.74425e-07 3.542e-06 6.40449e-06 6.43729e-06 3.69553e-06 -3.99919e-07 -4.18378e-06 -5.89504e-06 -4.87694e-06 -1.78344e-06 2.04032e-06 4.65466e-06 4.99122e-06 3.00996e-06 -4.15001e-07 -3.40456e-06 -4.57468e-06 -3.40211e-06 -5.80268e-07 2.23641e-06 3.93462e-06 3.62321e-06 1.19194e-06 -1.8458e-06 -3.57332e-06 -2.98639e-06 -1.03719e-06 9.22123e-07 2.71074e-06 3.33991e-06 1.56472e-06 -1.51646e-06 -3.27095e-06 -2.38658e-06 -2.98207e-07 1.27849e-06 2.1409e-06 1.92005e-06 5.5262e-07 -1.0339e-06 -2.22024e-06 -2.16067e-06 -2.73221e-07 2.04141e-06 2.6918e-06 1.09722e-06 -1.2624e-06 -2.36482e-06 -1.56144e-06 4.00868e-07 1.79426e-06 1.39055e-06 1.48446e-07 -7.36263e-07 -1.09547e-06 -6.40622e-07 1.62224e-07 4.82202e-07 6.62977e-07 6.28931e-07 -6.43802e-08 -6.92483e-07 -8.18926e-07 -4.97511e-07 4.61322e-07 1.1755e-06 7.19692e-07 -2.6875e-07 -1.04535e-06 -1.07504e-06 0. 
0.0966473 0.0966588 0.0952359 0.0925544 0.0887875 0.0841046 0.0786703 0.0726432 0.0661747 0.0594083 0.0524783 0.0455095 0.0386158 0.0319003 0.0254544 0.0193578 0.0136776 0.008469 0.00377487 -0.00037396 -0.00395833 -0.00697038 -0.00941288 -0.0112986 -0.0126495 -0.0134958 -0.0138747 -0.0138299 -0.0134097 -0.0126663 -0.0116545 -0.0104304 -0.00904992 -0.00756807 -0.00603748 -0.00450757 -0.00302336 -0.00162492 -0.000346399 0.000784251 0.00174586 0.00252405 0.00311139 0.00350708 0.00371669 0.00375161 0.0036283 0.00336758 0.00299355 0.00253273 0.0020128 0.00146174 0.000906518 0.000372339 -0.000118547 -0.000547283 -0.000899382 -0.00116478 -0.0013384 -0.00141983 -0.00141337 -0.00132742 -0.00117394 -0.000967667 -0.000725168 -0.000463966 -0.000201343 4.63523e-05 0.000264955 0.000442829 0.000571898 0.000647543 0.000669193 0.000639772 0.000565707 0.000456073 0.000322001 0.000175749 2.96715e-05 -0.000104516 -0.000216935 -0.000299831 -0.000348609 -0.000361564 -0.000340433 -0.000289638 -0.000216184 -0.000128659 -3.65075e-05 5.08544e-05 0.000125142 0.000179628 0.000210229 0.00021528 0.000196206 0.000156702 0.000102729 4.14343e-05 -1.95346e-05 -7.28982e-05 -0.00011282 -0.000135151 -0.000138432 -0.00012336 -9.32618e-05 -5.30197e-05 -8.79312e-06 3.30691e-05 6.6918e-05 8.83254e-05 9.51297e-05 8.70793e-05 6.6482e-05 3.71376e-05 4.23761e-06 -2.68086e-05 -5.11653e-05 -6.51363e-05 -6.71797e-05 -5.7484e-05 -3.85896e-05 -1.42144e-05 1.09065e-05 3.21828e-05 4.60019e-05 5.00687e-05 4.43494e-05 3.03172e-05 1.13519e-05 -8.58953e-06 -2.53981e-05 -3.57245e-05 -3.79092e-05 -3.17485e-05 -1.92172e-05 -3.23941e-06 1.23593e-05 2.40852e-05 2.95487e-05 2.76487e-05 1.94185e-05 6.96701e-06 -6.32544e-06 -1.71883e-05 -2.30795e-05 -2.26158e-05 -1.64342e-05 -6.23403e-06 4.92383e-06 1.40611e-05 1.88233e-05 1.79709e-05 1.22157e-05 3.22583e-06 -6.09236e-06 -1.30575e-05 -1.57688e-05 -1.34589e-05 -7.27823e-06 8.82871e-07 8.24191e-06 1.25199e-05 1.25797e-05 8.40859e-06 1.79656e-06 -5.10485e-06 -9.86366e-06 -1.0888e-05 -8.14995e-06 -2.56842e-06 3.53623e-06 8.03443e-06 9.36882e-06 7.03695e-06 2.29149e-06 -3.15582e-06 -7.05366e-06 -7.92624e-06 -5.70196e-06 -1.18929e-06 3.47936e-06 6.48079e-06 6.66877e-06 3.92216e-06 -2.43274e-07 -4.15692e-06 -6.04341e-06 -5.06984e-06 -1.97895e-06 1.94815e-06 4.72264e-06 5.13412e-06 3.21192e-06 -2.90675e-07 -3.41961e-06 -4.67156e-06 -3.57814e-06 -7.1302e-07 2.19694e-06 3.99716e-06 3.8058e-06 1.31876e-06 -1.82781e-06 -3.61042e-06 -3.09522e-06 -1.16105e-06 8.28099e-07 2.74799e-06 3.52112e-06 1.66493e-06 -1.52122e-06 -3.29626e-06 -2.47272e-06 -3.93192e-07 1.2338e-06 2.17228e-06 2.02735e-06 6.42853e-07 -9.94841e-07 -2.27923e-06 -2.31452e-06 -3.27026e-07 2.10246e-06 2.75158e-06 1.17593e-06 -1.23741e-06 -2.43525e-06 -1.60707e-06 3.79394e-07 1.77201e-06 1.42046e-06 2.04107e-07 -6.96191e-07 -1.09117e-06 -6.91336e-07 9.384e-08 4.4795e-07 7.04936e-07 7.24604e-07 -2.23763e-08 -7.29996e-07 -8.94902e-07 -5.74287e-07 4.80341e-07 1.28251e-06 7.79331e-07 -2.81667e-07 -1.11448e-06 -1.17301e-06 0. 
0.0966473 0.0966577 0.0952337 0.0925509 0.0887824 0.0840978 0.0786614 0.0726319 0.0661606 0.059391 0.0524574 0.0454845 0.0385865 0.0318664 0.0254157 0.019314 0.0136288 0.00841519 0.00371622 -0.00043715 -0.00402564 -0.00704127 -0.00948668 -0.0113746 -0.0127267 -0.0135732 -0.0139513 -0.0139046 -0.0134814 -0.012734 -0.011717 -0.0104867 -0.00909922 -0.00760956 -0.00607058 -0.00453183 -0.00303859 -0.00163108 -0.000343732 0.000795337 0.00176469 0.00254979 0.00314298 0.00354337 0.00375636 0.00379329 0.00367057 0.00340906 0.00303289 0.00256872 0.00204438 0.00148804 0.00092689 0.000386367 -0.000110967 -0.000546052 -0.000904071 -0.0011748 -0.00135287 -0.00143779 -0.00143367 -0.0013489 -0.0011954 -0.000988012 -0.000743367 -0.000479178 -0.000212936 3.87944e-05 0.000261553 0.000443508 0.000576264 0.000655081 0.000679112 0.00065127 0.000577821 0.000467936 0.00033274 0.000184672 3.62316e-05 -0.000100657 -0.000215855 -0.000301442 -0.000352527 -0.000367334 -0.000347355 -0.000297066 -0.000223354 -0.000134967 -4.13931e-05 4.77474e-05 0.00012398 0.000180409 0.000212687 0.000219089 0.000200794 0.000161574 0.000107263 4.51859e-05 -1.69739e-05 -7.17368e-05 -0.000113082 -0.000136741 -0.000140999 -0.000126575 -9.65892e-05 -5.60772e-05 -1.11333e-05 3.16851e-05 6.6625e-05 8.91096e-05 9.67581e-05 8.93178e-05 6.88769e-05 3.93867e-05 5.93641e-06 -2.58501e-05 -5.10662e-05 -6.58729e-05 -6.8527e-05 -5.92418e-05 -4.03471e-05 -1.57413e-05 9.93085e-06 3.18637e-05 4.63583e-05 5.10231e-05 4.56194e-05 3.17176e-05 1.25142e-05 -7.81114e-06 -2.51825e-05 -3.60731e-05 -3.86833e-05 -3.2821e-05 -2.02532e-05 -4.10097e-06 1.19254e-05 2.4112e-05 3.00007e-05 2.84384e-05 2.02628e-05 7.75066e-06 -5.87543e-06 -1.71057e-05 -2.33807e-05 -2.32311e-05 -1.71173e-05 -6.89301e-06 4.55419e-06 1.39983e-05 1.90908e-05 1.8502e-05 1.27764e-05 3.74777e-06 -5.85068e-06 -1.30879e-05 -1.60645e-05 -1.39515e-05 -7.72784e-06 5.16331e-07 8.15699e-06 1.26792e-05 1.29147e-05 8.85691e-06 2.11098e-06 -4.92633e-06 -9.94531e-06 -1.11688e-05 -8.48239e-06 -2.91526e-06 3.40055e-06 8.06811e-06 9.58332e-06 7.37076e-06 2.53353e-06 -2.99407e-06 -7.11511e-06 -8.14016e-06 -5.94874e-06 -1.44644e-06 3.4177e-06 6.54999e-06 6.86229e-06 4.18717e-06 -1.09233e-07 -4.10739e-06 -6.16691e-06 -5.2917e-06 -2.14111e-06 1.82379e-06 4.7834e-06 5.2941e-06 3.37597e-06 -1.28158e-07 -3.4383e-06 -4.77816e-06 -3.72461e-06 -8.79607e-07 2.17848e-06 4.0526e-06 3.95522e-06 1.49297e-06 -1.82666e-06 -3.65766e-06 -3.18664e-06 -1.29981e-06 7.62419e-07 2.75431e-06 3.68475e-06 1.82322e-06 -1.55783e-06 -3.33701e-06 -2.53339e-06 -5.04628e-07 1.2058e-06 2.19399e-06 2.12339e-06 7.59281e-07 -9.79511e-07 -2.32806e-06 -2.45447e-06 -4.2073e-07 2.19004e-06 2.82499e-06 1.22945e-06 -1.18791e-06 -2.52304e-06 -1.67069e-06 3.90873e-07 1.73622e-06 1.4498e-06 2.77317e-07 -6.84171e-07 -1.07916e-06 -7.26612e-07 4.53033e-09 4.26488e-07 7.51568e-07 8.02618e-07 3.56368e-08 -7.66555e-07 -9.86483e-07 -6.40692e-07 4.98352e-07 1.38311e-06 8.52344e-07 -2.96033e-07 -1.19513e-06 -1.26634e-06 0. 
0.0966473 0.0966578 0.0952337 0.0925507 0.0887818 0.0840963 0.0786588 0.0726275 0.0661541 0.0593817 0.0524448 0.0454681 0.0385658 0.0318408 0.0253849 0.0192777 0.0135867 0.00836725 0.00366243 -0.000496634 -0.00409052 -0.00711107 -0.00956082 -0.0114523 -0.0128071 -0.0136553 -0.0140341 -0.0139868 -0.0135618 -0.0128113 -0.0117901 -0.0105544 -0.00916036 -0.00766319 -0.00611587 -0.00456811 -0.00306543 -0.00164824 -0.000351228 0.000797255 0.00177552 0.00256882 0.00316927 0.00357577 0.00379359 0.00383395 0.00371319 0.00345212 0.00307495 0.00260837 0.00208038 0.00151928 0.000952526 0.000405762 -9.81415e-05 -0.000539881 -0.000904326 -0.00118101 -0.00136431 -0.00145354 -0.00145264 -0.00136991 -0.00121723 -0.00100943 -0.000763271 -0.000496561 -0.000227029 2.85867e-05 0.000255515 0.000441711 0.000578471 0.000660854 0.000687784 0.000662028 0.000589763 0.000480109 0.00034426 0.000194708 4.41634e-05 -9.53144e-05 -0.000213297 -0.000301689 -0.000355318 -0.000372251 -0.000353799 -0.000304346 -0.000230754 -0.000141772 -4.70292e-05 4.37683e-05 0.000121892 0.000180313 0.000214414 0.000222342 0.000205099 0.000166382 0.000112011 4.93161e-05 -1.38653e-05 -6.99773e-05 -0.00011275 -0.000137805 -0.000143201 -0.000129565 -9.99194e-05 -5.92709e-05 -1.37921e-05 2.9921e-05 6.59027e-05 8.94951e-05 9.80871e-05 9.13484e-05 7.12481e-05 4.17037e-05 7.86373e-06 -2.46239e-05 -5.06528e-05 -6.63227e-05 -6.96756e-05 -6.08659e-05 -4.21313e-05 -1.73482e-05 8.74833e-06 3.13298e-05 4.64883e-05 5.17851e-05 4.68028e-05 3.30734e-05 1.37754e-05 -6.91839e-06 -2.47771e-05 -3.62502e-05 -3.93319e-05 -3.37968e-05 -2.13201e-05 -5.00299e-06 1.13461e-05 2.40099e-05 3.03266e-05 2.91233e-05 2.11076e-05 8.53508e-06 -5.31089e-06 -1.69304e-05 -2.35693e-05 -2.3752e-05 -1.77962e-05 -7.53803e-06 4.08523e-06 1.38662e-05 1.92636e-05 1.89537e-05 1.33447e-05 4.25565e-06 -5.51468e-06 -1.30615e-05 -1.62881e-05 -1.438e-05 -8.20708e-06 1.56439e-07 7.981e-06 1.27869e-05 1.32081e-05 9.25515e-06 2.48121e-06 -4.74292e-06 -9.94755e-06 -1.13998e-05 -8.81398e-06 -3.22726e-06 3.18884e-06 8.08257e-06 9.74911e-06 7.65782e-06 2.82022e-06 -2.84802e-06 -7.10352e-06 -8.32086e-06 -6.1995e-06 -1.66618e-06 3.28251e-06 6.61111e-06 7.02383e-06 4.41105e-06 8.2884e-08 -4.07442e-06 -6.23433e-06 -5.48049e-06 -2.33807e-06 1.72969e-06 4.77485e-06 5.44096e-06 3.55273e-06 -1.12796e-08 -3.38492e-06 -4.87314e-06 -3.86516e-06 -1.02343e-06 2.09328e-06 4.14549e-06 4.07558e-06 1.59491e-06 -1.74331e-06 -3.68034e-06 -3.27424e-06 -1.4587e-06 6.70836e-07 2.84129e-06 3.76629e-06 1.90588e-06 -1.47766e-06 -3.37995e-06 -2.61013e-06 -5.87757e-07 1.14308e-06 2.21865e-06 2.19342e-06 8.88744e-07 -9.29655e-07 -2.44401e-06 -2.52672e-06 -4.64728e-07 2.16149e-06 2.93633e-06 1.29819e-06 -1.21421e-06 -2.51299e-06 -1.71264e-06 3.24057e-07 1.7359e-06 1.46259e-06 3.22032e-07 -6.22869e-07 -1.06903e-06 -7.72264e-07 -8.31871e-08 3.95617e-07 8.08023e-07 8.65546e-07 1.00201e-07 -7.83529e-07 -1.10848e-06 -6.83728e-07 5.31746e-07 1.43256e-06 9.53561e-07 -2.99198e-07 -1.31611e-06 -1.30937e-06 0. 
0.0966473 0.0966592 0.0952365 0.0925546 0.0887865 0.0841014 0.0786637 0.0726318 0.0661569 0.0593825 0.0524429 0.0454627 0.0385561 0.0318264 0.025365 0.0192519 0.0135545 0.00832831 0.00361664 -0.000549273 -0.00414985 -0.00717677 -0.00963238 -0.011529 -0.0128882 -0.0137398 -0.0141208 -0.0140745 -0.0136492 -0.012897 -0.0118728 -0.0106326 -0.00923283 -0.00772873 -0.00617339 -0.00461674 -0.00310444 -0.00167718 -0.000369854 0.000788877 0.00177713 0.00257981 0.00318886 0.00360289 0.00382703 0.00387228 0.00375494 0.00349569 0.00311876 0.00265088 0.00212014 0.00155502 0.000983146 0.000430442 -8.00121e-05 -0.000528545 -0.000899815 -0.00118297 -0.00137221 -0.00146651 -0.00146972 -0.00138987 -0.00123887 -0.00103146 -0.000784483 -0.000515831 -0.000243411 1.58088e-05 0.000246849 0.000437329 0.000578358 0.000664625 0.00069494 0.000671758 0.000601243 0.000492335 0.000356325 0.000205697 5.33379e-05 -8.85242e-05 -0.000209263 -0.000300489 -0.000356878 -0.000376164 -0.000359605 -0.000311314 -0.000238225 -0.000148959 -5.33125e-05 3.89483e-05 0.000118898 0.000179287 0.000215352 0.000224938 0.000209018 0.000171024 0.000116873 5.37687e-05 -1.02637e-05 -6.76111e-05 -0.000111815 -0.000138283 -0.000144978 -0.000132252 -0.000103178 -6.25513e-05 -1.67173e-05 2.7775e-05 6.47568e-05 8.94355e-05 9.90786e-05 9.31126e-05 7.35394e-05 4.40552e-05 9.9798e-06 -2.31188e-05 -4.99271e-05 -6.64413e-05 -7.05921e-05 -6.2312e-05 -4.3898e-05 -1.9023e-05 7.38438e-06 3.05544e-05 4.63832e-05 5.23119e-05 4.78652e-05 3.43604e-05 1.51015e-05 -5.89784e-06 -2.41903e-05 -3.62171e-05 -3.98326e-05 -3.46464e-05 -2.23834e-05 -5.95158e-06 1.06396e-05 2.37431e-05 3.05137e-05 2.96724e-05 2.19207e-05 9.32436e-06 -4.65504e-06 -1.66273e-05 -2.36383e-05 -2.41479e-05 -1.84403e-05 -8.17585e-06 3.54239e-06 1.36273e-05 1.93369e-05 1.92987e-05 1.38895e-05 4.76353e-06 -5.11004e-06 -1.29371e-05 -1.64321e-05 -1.47238e-05 -8.68213e-06 -2.23061e-07 7.73675e-06 1.28003e-05 1.34449e-05 9.59791e-06 2.87052e-06 -4.51342e-06 -9.88488e-06 -1.15457e-05 -9.11784e-06 -3.52337e-06 2.93713e-06 8.0277e-06 9.86463e-06 7.88606e-06 3.11225e-06 -2.6721e-06 -7.04393e-06 -8.42878e-06 -6.42854e-06 -1.87493e-06 3.1157e-06 6.60855e-06 7.15064e-06 4.59375e-06 2.86753e-07 -3.99778e-06 -6.26514e-06 -5.61329e-06 -2.53233e-06 1.61718e-06 4.73752e-06 5.52214e-06 3.71392e-06 1.1288e-07 -3.30572e-06 -4.91844e-06 -3.99345e-06 -1.13661e-06 1.99952e-06 4.15659e-06 4.17161e-06 1.70892e-06 -1.64495e-06 -3.69406e-06 -3.34851e-06 -1.54075e-06 5.69804e-07 2.82892e-06 3.84688e-06 1.99828e-06 -1.41401e-06 -3.38757e-06 -2.65139e-06 -6.60238e-07 1.05253e-06 2.23291e-06 2.27319e-06 9.43154e-07 -8.78463e-07 -2.45543e-06 -2.61146e-06 -5.19178e-07 2.15713e-06 2.96468e-06 1.34576e-06 -1.17533e-06 -2.50092e-06 -1.75145e-06 2.72283e-07 1.7178e-06 1.4569e-06 3.61571e-07 -5.49607e-07 -1.069e-06 -8.17828e-07 -1.19511e-07 3.49831e-07 8.2815e-07 9.4955e-07 1.21474e-07 -8.07256e-07 -1.14212e-06 -7.44871e-07 5.37673e-07 1.50739e-06 9.79969e-07 -3.05793e-07 -1.34446e-06 -1.37612e-06 0. 
0.0966473 0.0966623 0.0952425 0.0925633 0.0887975 0.0841142 0.0786777 0.0726462 0.0661711 0.0593955 0.0524539 0.0454708 0.0385604 0.0318259 0.025359 0.0192396 0.0135353 0.00830169 0.00358223 -0.000591684 -0.00420028 -0.00723505 -0.00969813 -0.0116017 -0.012967 -0.0138238 -0.0142088 -0.0141653 -0.0137415 -0.0129893 -0.0119634 -0.0107202 -0.00931575 -0.00780559 -0.00624287 -0.00467769 -0.00315589 -0.00171839 -0.000400353 0.000769315 0.0017684 0.00258158 0.00320045 0.00362341 0.00385532 0.003907 0.00379454 0.00353859 0.00316326 0.00269532 0.00216292 0.00159467 0.00101835 0.000460138 -5.66306e-05 -0.000511997 -0.00089029 -0.00118038 -0.00137611 -0.00147624 -0.00148432 -0.00140828 -0.00125979 -0.00105362 -0.000806562 -0.000536635 -0.000261825 6.50579e-07 0.00023561 0.000430382 0.000575792 0.000666269 0.000700323 0.000680247 0.00061196 0.000504382 0.000368671 0.000217445 6.3598e-05 -8.03979e-05 -0.000203775 -0.000297862 -0.000357106 -0.000379014 -0.000364595 -0.000317871 -0.000245581 -0.000156423 -6.01141e-05 3.33635e-05 0.000115032 0.000177364 0.000215436 0.000226869 0.000212426 0.000175463 0.000121718 5.85001e-05 -6.24971e-06 -6.46743e-05 -0.000110278 -0.000138197 -0.000146257 -0.000134646 -0.000106257 -6.59148e-05 -1.98238e-05 2.52609e-05 6.32099e-05 8.89529e-05 9.96854e-05 9.46365e-05 7.56638e-05 4.64622e-05 1.22083e-05 -2.13308e-05 -4.89113e-05 -6.62481e-05 -7.12345e-05 -6.36163e-05 -4.55696e-05 -2.07989e-05 5.90165e-06 2.95291e-05 4.60502e-05 5.2629e-05 4.87555e-05 3.5624e-05 1.64207e-05 -4.71554e-06 -2.34623e-05 -3.5978e-05 -4.01654e-05 -3.54117e-05 -2.33796e-05 -6.99526e-06 9.86192e-06 2.32964e-05 3.05652e-05 3.01182e-05 2.2651e-05 1.01724e-05 -3.96834e-06 -1.61691e-05 -2.36042e-05 -2.44443e-05 -1.90077e-05 -8.86143e-06 2.98571e-06 1.32503e-05 1.93306e-05 1.95607e-05 1.43714e-05 5.32633e-06 -4.69414e-06 -1.26863e-05 -1.65117e-05 -1.50119e-05 -9.1107e-06 -6.76088e-07 7.47621e-06 1.27019e-05 1.3628e-05 9.92405e-06 3.23087e-06 -4.18993e-06 -9.79866e-06 -1.16082e-05 -9.37887e-06 -3.85136e-06 2.69682e-06 7.87216e-06 9.95127e-06 8.08068e-06 3.37414e-06 -2.42042e-06 -6.97947e-06 -8.46069e-06 -6.62789e-06 -2.11456e-06 2.96323e-06 6.5172e-06 7.25978e-06 4.76294e-06 4.67729e-07 -3.84232e-06 -6.2929e-06 -5.69988e-06 -2.70437e-06 1.44723e-06 4.70873e-06 5.53901e-06 3.8584e-06 2.70407e-07 -3.24099e-06 -4.89205e-06 -4.11367e-06 -1.2638e-06 1.92553e-06 4.09688e-06 4.26068e-06 1.82295e-06 -1.55768e-06 -3.64185e-06 -3.43307e-06 -1.61186e-06 4.95872e-07 2.74934e-06 3.91918e-06 2.08588e-06 -1.3531e-06 -3.34275e-06 -2.70648e-06 -7.18466e-07 9.78555e-07 2.18796e-06 2.36136e-06 9.95444e-07 -8.4899e-07 -2.41231e-06 -2.68899e-06 -5.82825e-07 2.15757e-06 2.9452e-06 1.39506e-06 -1.11334e-06 -2.4945e-06 -1.75804e-06 2.1497e-07 1.67135e-06 1.4646e-06 3.84301e-07 -4.79567e-07 -1.04379e-06 -8.74187e-07 -1.44941e-07 3.13603e-07 8.20258e-07 1.03631e-06 1.40605e-07 -8.39204e-07 -1.14266e-06 -8.04265e-07 5.26142e-07 1.58725e-06 9.81718e-07 -3.15124e-07 -1.33712e-06 -1.44639e-06 0. 
0.0966473 0.0966672 0.0952522 0.0925775 0.0888157 0.0841359 0.0787021 0.0726726 0.0661984 0.0594228 0.0524801 0.0454948 0.0385812 0.0318423 0.02537 0.0192441 0.0135325 0.00829084 0.00356271 -0.000620304 -0.00423823 -0.00728235 -0.00975458 -0.0116669 -0.0130402 -0.0139042 -0.0142954 -0.0142567 -0.0138362 -0.0130858 -0.0120602 -0.0108154 -0.0094078 -0.00789277 -0.00632363 -0.00475059 -0.0032197 -0.00177208 -0.000443159 0.000737875 0.0017485 0.00257309 0.00320291 0.00363609 0.00387718 0.00393677 0.00383075 0.00357959 0.00320733 0.0027407 0.00220785 0.0016375 0.00105759 0.000494479 -2.8223e-05 -0.000490273 -0.000875676 -0.00117298 -0.0013757 -0.00148229 -0.00149601 -0.00142458 -0.00127949 -0.0010754 -0.000829069 -0.00055856 -0.000281956 -1.6652e-05 0.000221947 0.000420909 0.000570762 0.000665652 0.000703795 0.000687246 0.000621704 0.000515961 0.000381086 0.000229707 7.4779e-05 -7.1083e-05 -0.000196917 -0.000293829 -0.000356001 -0.000380706 -0.000368704 -0.000323849 -0.000252728 -0.00016399 -6.73458e-05 2.71402e-05 0.00011035 0.000174583 0.000214685 0.000228082 0.00021531 0.000179585 0.000126516 6.33837e-05 -1.85451e-06 -6.1253e-05 -0.000108162 -0.000137559 -0.000147054 -0.000136685 -0.000109169 -6.92602e-05 -2.31159e-05 2.24704e-05 6.12676e-05 8.80859e-05 9.99263e-05 9.58883e-05 7.7651e-05 4.88422e-05 1.45777e-05 -1.93464e-05 -4.7595e-05 -6.57844e-05 -7.16216e-05 -6.47516e-05 -4.71882e-05 -2.25979e-05 4.258e-06 2.83332e-05 4.5476e-05 5.27647e-05 4.95028e-05 3.68221e-05 1.77887e-05 -3.45462e-06 -2.25501e-05 -3.55969e-05 -4.03342e-05 -3.60891e-05 -2.43608e-05 -8.06427e-06 8.95159e-06 2.27508e-05 3.04616e-05 3.04857e-05 2.33404e-05 1.10252e-05 -3.18113e-06 -1.56427e-05 -2.34315e-05 -2.46822e-05 -1.9532e-05 -9.55007e-06 2.34161e-06 1.28243e-05 1.92022e-05 1.97856e-05 1.48236e-05 5.89873e-06 -4.19009e-06 -1.24005e-05 -1.64869e-05 -1.52841e-05 -9.53477e-06 -1.14549e-06 7.12063e-06 1.25836e-05 1.37318e-05 1.02537e-05 3.62079e-06 -3.85026e-06 -9.61519e-06 -1.16697e-05 -9.59874e-06 -4.19439e-06 2.39193e-06 7.71247e-06 9.95595e-06 8.29201e-06 3.6462e-06 -2.15775e-06 -6.83017e-06 -8.50907e-06 -6.78849e-06 -2.37485e-06 2.75026e-06 6.43689e-06 7.30055e-06 4.96177e-06 6.7424e-07 -3.68804e-06 -6.24409e-06 -5.82054e-06 -2.86736e-06 1.26491e-06 4.60728e-06 5.59268e-06 3.97241e-06 4.47734e-07 -3.12325e-06 -4.89095e-06 -4.17766e-06 -1.43545e-06 1.79795e-06 4.0823e-06 4.30716e-06 1.95085e-06 -1.45703e-06 -3.57536e-06 -3.43954e-06 -1.77727e-06 3.82646e-07 2.74809e-06 3.94328e-06 2.16384e-06 -1.27384e-06 -3.27179e-06 -2.71713e-06 -8.52969e-07 9.08354e-07 2.16618e-06 2.36991e-06 1.13006e-06 -7.76983e-07 -2.45674e-06 -2.72082e-06 -6.41783e-07 2.11048e-06 2.95484e-06 1.43146e-06 -1.04576e-06 -2.46744e-06 -1.76806e-06 1.80365e-07 1.56862e-06 1.45035e-06 4.72531e-07 -4.43225e-07 -9.93592e-07 -8.78719e-07 -2.77337e-07 2.85746e-07 8.76193e-07 1.05589e-06 2.20512e-07 -8.30768e-07 -1.25865e-06 -8.22792e-07 5.48563e-07 1.59455e-06 1.06937e-06 -3.10442e-07 -1.43334e-06 -1.45447e-06 0. 
0.0966473 0.0966742 0.095266 0.0925978 0.088842 0.0841675 0.0787382 0.0727122 0.0662406 0.0594663 0.0525237 0.0455372 0.038621 0.0318783 0.0254008 0.0192686 0.0135494 0.00829921 0.00356164 -0.000631481 -0.00426 -0.00731496 -0.00979803 -0.0117209 -0.0131044 -0.0139776 -0.0143771 -0.0143454 -0.0139306 -0.0131842 -0.0121608 -0.0109164 -0.00950731 -0.00798893 -0.00641464 -0.00483474 -0.00329546 -0.00183814 -0.000498447 0.000694132 0.00171677 0.00255348 0.00319524 0.00363979 0.0038914 0.00396035 0.0038623 0.00361748 0.00324982 0.00278593 0.00225398 0.00168271 0.0011002 0.000532966 4.88996e-06 -0.000463538 -0.000855974 -0.00116064 -0.00137071 -0.00148428 -0.00150434 -0.00143829 -0.00129745 -0.00109629 -0.000851532 -0.000581176 -0.000303451 -3.58165e-05 0.000206046 0.000409012 0.000563272 0.000662708 0.000705209 0.000692561 0.00063024 0.000526824 0.000393318 0.000242246 8.66803e-05 -6.07389e-05 -0.000188793 -0.000288444 -0.000353555 -0.00038119 -0.000371835 -0.000329129 -0.000259522 -0.000171518 -7.48716e-05 2.03887e-05 0.000104936 0.000170991 0.000213108 0.000228555 0.000217611 0.000183321 0.000131176 6.83375e-05 2.83557e-06 -5.7407e-05 -0.000105513 -0.000136387 -0.000147362 -0.000138344 -0.000111861 -7.25395e-05 -2.65263e-05 1.94473e-05 5.89787e-05 8.68532e-05 9.98101e-05 9.68577e-05 7.94693e-05 5.11675e-05 1.70365e-05 -1.71911e-05 -4.60205e-05 -6.50591e-05 -7.17634e-05 -6.57092e-05 -4.87286e-05 -2.44042e-05 2.49677e-06 2.69763e-05 4.46947e-05 5.27172e-05 5.01107e-05 3.79467e-05 1.91773e-05 -2.11949e-06 -2.14933e-05 -3.50699e-05 -4.03622e-05 -3.66714e-05 -2.53168e-05 -9.15768e-06 7.94447e-06 2.20972e-05 3.02363e-05 3.07639e-05 2.39927e-05 1.18825e-05 -2.32286e-06 -1.5034e-05 -2.31581e-05 -2.48456e-05 -2.00259e-05 -1.02416e-05 1.63529e-06 1.23303e-05 1.8992e-05 1.99532e-05 1.52623e-05 6.48225e-06 -3.62363e-06 -1.2055e-05 -1.64005e-05 -1.55183e-05 -9.96836e-06 -1.63834e-06 6.70218e-06 1.24139e-05 1.37999e-05 1.05668e-05 4.04411e-06 -3.47628e-06 -9.37721e-06 -1.16934e-05 -9.81575e-06 -4.5436e-06 2.03797e-06 7.51482e-06 9.93043e-06 8.48634e-06 3.94857e-06 -1.87045e-06 -6.63711e-06 -8.52888e-06 -6.95748e-06 -2.64276e-06 2.49166e-06 6.32721e-06 7.33094e-06 5.15393e-06 9.20651e-07 -3.51011e-06 -6.17081e-06 -5.92565e-06 -3.06237e-06 1.06747e-06 4.47413e-06 5.62607e-06 4.10715e-06 6.33765e-07 -2.96501e-06 -4.87161e-06 -4.26114e-06 -1.60532e-06 1.63626e-06 4.0437e-06 4.3568e-06 2.0842e-06 -1.30833e-06 -3.5037e-06 -3.4593e-06 -1.92296e-06 2.29351e-07 2.71531e-06 3.98245e-06 2.25288e-06 -1.1716e-06 -3.20222e-06 -2.71003e-06 -9.73115e-07 7.62392e-07 2.13332e-06 2.42982e-06 1.24873e-06 -6.88965e-07 -2.47368e-06 -2.78024e-06 -7.10362e-07 2.05905e-06 2.95787e-06 1.4642e-06 -9.74493e-07 -2.39162e-06 -1.77933e-06 1.00673e-07 1.47737e-06 1.4081e-06 5.4622e-07 -3.25186e-07 -9.47681e-07 -9.26179e-07 -3.85661e-07 2.14144e-07 9.15848e-07 1.15212e-06 2.87961e-07 -8.46111e-07 -1.34769e-06 -8.898e-07 5.61913e-07 1.66291e-06 1.13762e-06 -3.12748e-07 -1.50528e-06 -1.51369e-06 0. 
0.0966473 0.0966834 0.0952843 0.0926247 0.088877 0.0842098 0.078787 0.0727664 0.066299 0.0595277 0.0525866 0.0456001 0.0386824 0.0319366 0.0254545 0.019316 0.0135893 0.00833019 0.00358258 -0.00062156 -0.00426184 -0.00732908 -0.00982466 -0.01176 -0.0131556 -0.0140404 -0.0144505 -0.0144283 -0.0140214 -0.0132814 -0.0122626 -0.0110208 -0.00961226 -0.00809236 -0.0065145 -0.00492908 -0.00338245 -0.00191616 -0.000566109 0.00063792 0.00167278 0.00252213 0.00317659 0.00363354 0.00389688 0.00397657 0.00388796 0.00365105 0.00328953 0.00282992 0.00230029 0.00172941 0.00114543 0.000575025 4.22722e-05 -0.000432045 -0.000831287 -0.00114332 -0.00136096 -0.00148194 -0.00150891 -0.00144897 -0.00131317 -0.00111581 -0.000873438 -0.000604062 -0.000325895 -5.65516e-05 0.000188152 0.000394813 0.000553377 0.000657388 0.000704445 0.000696021 0.000637327 0.000536735 0.00040508 0.000254842 9.90539e-05 -4.95159e-05 -0.000179549 -0.000281752 -0.000349788 -0.000380415 -0.000373887 -0.000333593 -0.000265792 -0.000178877 -8.25125e-05 1.3206e-05 9.8915e-05 0.000166621 0.000210736 0.000228253 0.000219267 0.000186593 0.000135572 7.3282e-05 7.69184e-06 -5.3181e-05 -0.000102411 -0.000134675 -0.000147178 -0.000139577 -0.000114258 -7.56951e-05 -2.99492e-05 1.62269e-05 5.64261e-05 8.52505e-05 9.9356e-05 9.75075e-05 8.10684e-05 5.33949e-05 1.94969e-05 -1.48858e-05 -4.42602e-05 -6.40589e-05 -7.16755e-05 -6.6453e-05 -5.01429e-05 -2.61866e-05 6.9565e-07 2.54618e-05 4.3761e-05 5.24606e-05 5.0575e-05 3.89642e-05 2.05288e-05 -7.23817e-07 -2.03591e-05 -3.43795e-05 -4.0275e-05 -3.71252e-05 -2.62135e-05 -1.02561e-05 6.90476e-06 2.13236e-05 2.99295e-05 3.09204e-05 2.45908e-05 1.27226e-05 -1.45101e-06 -1.43329e-05 -2.28287e-05 -2.49026e-05 -2.04802e-05 -1.09148e-05 9.19503e-07 1.17566e-05 1.87436e-05 2.00315e-05 1.56778e-05 7.05925e-06 -3.04621e-06 -1.1633e-05 -1.62897e-05 -1.56822e-05 -1.03936e-05 -2.14437e-06 6.27206e-06 1.21687e-05 1.38566e-05 1.08344e-05 4.46999e-06 -3.06556e-06 -9.13155e-06 -1.16482e-05 -1.00339e-05 -4.8802e-06 1.67779e-06 7.2609e-06 9.90706e-06 8.63348e-06 4.25976e-06 -1.55849e-06 -6.44478e-06 -8.49011e-06 -7.1389e-06 -2.90208e-06 2.22877e-06 6.16638e-06 7.3752e-06 5.31324e-06 1.17797e-06 -3.29864e-06 -6.10894e-06 -5.98471e-06 -3.2754e-06 8.5499e-07 4.34932e-06 5.61157e-06 4.26134e-06 8.16361e-07 -2.80414e-06 -4.80415e-06 -4.37545e-06 -1.76401e-06 1.48122e-06 3.9671e-06 4.41592e-06 2.19371e-06 -1.13071e-06 -3.39441e-06 -3.53029e-06 -2.04337e-06 9.52385e-08 2.64597e-06 4.01741e-06 2.32456e-06 -1.03409e-06 -3.11208e-06 -2.74243e-06 -1.05993e-06 6.06492e-07 2.06289e-06 2.52928e-06 1.349e-06 -6.12916e-07 -2.45308e-06 -2.85335e-06 -7.74738e-07 2.0045e-06 2.93307e-06 1.51471e-06 -9.04339e-07 -2.30784e-06 -1.76745e-06 -1.26701e-08 1.38762e-06 1.37653e-06 5.91891e-07 -1.73785e-07 -8.93516e-07 -1.00869e-06 -4.64106e-07 1.32476e-07 9.27584e-07 1.29074e-06 3.40841e-07 -8.82647e-07 -1.39626e-06 -9.81713e-07 5.60484e-07 1.77047e-06 1.17548e-06 -3.21598e-07 -1.53848e-06 -1.60585e-06 0. 
0.0966473 0.0966949 0.0953071 0.0926585 0.0889211 0.0842635 0.0788493 0.0728362 0.0663749 0.0596083 0.0526703 0.0456853 0.0387673 0.0320194 0.0255334 0.0193893 0.0136551 0.00838701 0.00362892 -0.00058697 -0.00424006 -0.00732091 -0.00983063 -0.0117803 -0.0131902 -0.0140888 -0.0145119 -0.0145017 -0.0141054 -0.0133744 -0.0123627 -0.011126 -0.0097203 -0.00820103 -0.00662152 -0.00503223 -0.00347962 -0.00200541 -0.000645737 0.000569346 0.00161636 0.00247861 0.00314633 0.0036165 0.00389265 0.00398435 0.0039066 0.0036791 0.00332531 0.00287153 0.00234575 0.00177666 0.00119247 0.000619973 8.34194e-05 -0.000396156 -0.000801805 -0.00112105 -0.00134634 -0.00147504 -0.00150941 -0.00145621 -0.00132621 -0.00113345 -0.000894329 -0.000626743 -0.000348906 -7.84986e-05 0.000168507 0.0003785 0.000541148 0.000649697 0.000701417 0.000697469 0.000642769 0.000545444 0.000416141 0.000267225 0.000111699 -3.76259e-05 -0.000169304 -0.000273857 -0.000344708 -0.000378357 -0.000374778 -0.000337115 -0.000271406 -0.000185889 -9.0142e-05 5.75174e-06 9.23604e-05 0.00016156 0.000207571 0.00022717 0.000220214 0.000189311 0.000139615 7.80881e-05 1.26415e-05 -4.8686e-05 -9.88775e-05 -0.000132468 -0.00014647 -0.000140349 -0.000116295 -7.86359e-05 -3.33257e-05 1.29099e-05 5.36294e-05 8.33367e-05 9.85358e-05 9.78275e-05 8.2393e-05 5.54546e-05 2.19137e-05 -1.25175e-05 -4.23201e-05 -6.28365e-05 -7.13213e-05 -6.69724e-05 -5.13794e-05 -2.78803e-05 -1.11662e-06 2.38647e-05 4.26593e-05 5.20304e-05 5.08478e-05 3.98479e-05 2.18012e-05 6.64485e-07 -1.91488e-05 -3.35845e-05 -4.00317e-05 -3.74567e-05 -2.70023e-05 -1.13097e-05 5.84586e-06 2.04949e-05 2.95065e-05 3.09819e-05 2.50829e-05 1.35119e-05 -5.85656e-07 -1.36031e-05 -2.24113e-05 -2.48896e-05 -2.0841e-05 -1.15454e-05 2.15568e-07 1.11647e-05 1.84219e-05 2.00586e-05 1.60143e-05 7.60634e-06 -2.47371e-06 -1.11953e-05 -1.61108e-05 -1.58093e-05 -1.07556e-05 -2.63358e-06 5.83183e-06 1.19078e-05 1.38463e-05 1.10776e-05 4.85263e-06 -2.66062e-06 -8.85595e-06 -1.15896e-05 -1.01892e-05 -5.20373e-06 1.33374e-06 7.00674e-06 9.83501e-06 8.77238e-06 4.52361e-06 -1.25217e-06 -6.23527e-06 -8.45126e-06 -7.26425e-06 -3.158e-06 1.981e-06 6.01045e-06 7.3725e-06 5.47507e-06 1.39743e-06 -3.09128e-06 -6.01974e-06 -6.05287e-06 -3.43704e-06 6.43559e-07 4.21411e-06 5.60745e-06 4.36821e-06 1.00689e-06 -2.66186e-06 -4.75183e-06 -4.42657e-06 -1.93119e-06 1.32794e-06 3.89903e-06 4.46122e-06 2.3199e-06 -1.02468e-06 -3.29019e-06 -3.51343e-06 -2.19462e-06 -5.43198e-08 2.60376e-06 4.062e-06 2.39087e-06 -9.65262e-07 -2.9963e-06 -2.73234e-06 -1.20215e-06 5.10963e-07 2.02091e-06 2.54286e-06 1.47418e-06 -5.19332e-07 -2.46453e-06 -2.91185e-06 -8.33434e-07 1.96853e-06 2.90169e-06 1.55328e-06 -8.08708e-07 -2.28371e-06 -1.76094e-06 -4.43242e-08 1.25363e-06 1.35116e-06 6.87109e-07 -1.21313e-07 -8.29199e-07 -1.01695e-06 -6.04704e-07 8.65353e-08 9.78911e-07 1.33476e-06 4.2242e-07 -8.78947e-07 -1.50395e-06 -1.02178e-06 5.77915e-07 1.80327e-06 1.25377e-06 -3.18899e-07 -1.62112e-06 -1.6377e-06 0. 
0.0966473 0.0967089 0.0953348 0.0926994 0.0889747 0.084329 0.0789256 0.0729222 0.0664692 0.0597092 0.0527762 0.0457943 0.0388775 0.0321287 0.0256398 0.0194907 0.0137496 0.00847262 0.00370385 -0.000524343 -0.00419113 -0.00728678 -0.00981215 -0.011778 -0.0132042 -0.0141188 -0.0145575 -0.0145619 -0.014179 -0.0134597 -0.0124579 -0.011229 -0.00982879 -0.00831259 -0.00673368 -0.0051425 -0.00358562 -0.00210487 -0.000736625 0.000488804 0.00154762 0.00242276 0.00310405 0.00358807 0.00387792 0.00398275 0.00391719 0.00370056 0.00335605 0.00290968 0.0023893 0.0018235 0.00124047 0.000667081 0.000127736 -0.000356311 -0.000767821 -0.00109398 -0.00132687 -0.00146344 -0.00150559 -0.00145969 -0.00133618 -0.0011488 -0.00091376 -0.000648792 -0.000372081 -0.000101315 0.000147397 0.000360272 0.000526711 0.000639669 0.00069609 0.0006968 0.00064641 0.000552754 0.00042628 0.000279176 0.000124403 -2.52463e-05 -0.000158201 -0.00026485 -0.000338365 -0.000375005 -0.00037446 -0.000339604 -0.000276249 -0.000192429 -9.76303e-05 -1.86145e-06 8.53704e-05 0.000155869 0.000203646 0.000225296 0.000220421 0.000191412 0.00014323 8.26733e-05 1.76031e-05 -4.39845e-05 -9.4964e-05 -0.000129783 -0.00014524 -0.000140631 -0.000117931 -8.13054e-05 -3.65979e-05 9.54551e-06 5.06317e-05 8.11282e-05 9.73572e-05 9.77958e-05 8.34161e-05 5.7304e-05 2.42447e-05 -1.01211e-05 -4.02307e-05 -6.13983e-05 -7.07037e-05 -6.72436e-05 -5.24146e-05 -2.9451e-05 -2.90872e-06 2.22049e-05 4.14075e-05 5.14187e-05 5.09232e-05 4.05704e-05 2.29722e-05 2.02138e-06 -1.78837e-05 -3.26862e-05 -3.96373e-05 -3.76448e-05 -2.76703e-05 -1.22941e-05 4.78685e-06 1.9617e-05 2.89772e-05 3.09311e-05 2.5463e-05 1.4227e-05 2.57854e-07 -1.28516e-05 -2.1917e-05 -2.47901e-05 -2.11063e-05 -1.21105e-05 -4.64511e-07 1.05598e-05 1.80378e-05 2.00161e-05 1.62723e-05 8.10163e-06 -1.9157e-06 -1.0742e-05 -1.58742e-05 -1.58773e-05 -1.10561e-05 -3.08717e-06 5.39025e-06 1.16234e-05 1.37799e-05 1.12707e-05 5.19358e-06 -2.27287e-06 -8.56081e-06 -1.14986e-05 -1.02933e-05 -5.4888e-06 1.00723e-06 6.74973e-06 9.72836e-06 8.8743e-06 4.75001e-06 -9.66553e-07 -6.01693e-06 -8.3907e-06 -7.35094e-06 -3.38231e-06 1.74578e-06 5.85124e-06 7.34172e-06 5.60573e-06 1.59218e-06 -2.89594e-06 -5.91557e-06 -6.09656e-06 -3.5724e-06 4.53541e-07 4.07855e-06 5.58812e-06 4.44635e-06 1.17155e-06 -2.51852e-06 -4.69425e-06 -4.46767e-06 -2.06688e-06 1.19927e-06 3.82313e-06 4.46918e-06 2.43241e-06 -9.0009e-07 -3.2131e-06 -3.51889e-06 -2.28508e-06 -1.59039e-07 2.52396e-06 4.06568e-06 2.48181e-06 -8.82423e-07 -2.93964e-06 -2.71868e-06 -1.27555e-06 4.03744e-07 1.96687e-06 2.58133e-06 1.55707e-06 -4.60466e-07 -2.43804e-06 -2.94459e-06 -9.10175e-07 1.93097e-06 2.89921e-06 1.56932e-06 -7.45528e-07 -2.22609e-06 -1.77072e-06 -9.83822e-08 1.19172e-06 1.31882e-06 7.26827e-07 -3.79213e-08 -7.9022e-07 -1.05045e-06 -6.6848e-07 3.61777e-08 9.89103e-07 1.40439e-06 4.69658e-07 -8.92118e-07 -1.54926e-06 -1.06979e-06 5.76438e-07 1.85487e-06 1.2924e-06 -3.2167e-07 -1.65609e-06 -1.68255e-06 0. 
0.0966473 0.0967252 0.0953671 0.0927475 0.0890378 0.0844063 0.0790161 0.0730246 0.066582 0.0598309 0.0529049 0.045928 0.0390141 0.032266 0.0257755 0.0196224 0.0138751 0.00858957 0.00381017 -0.00043062 -0.00411174 -0.00722323 -0.0097656 -0.0117493 -0.0131937 -0.0141268 -0.0145835 -0.0146053 -0.0142385 -0.0135339 -0.0125449 -0.0113267 -0.00993487 -0.00842446 -0.00684867 -0.00525792 -0.00369878 -0.00221322 -0.000837778 0.000396977 0.00146692 0.00235466 0.00304958 0.00354784 0.00385208 0.00397103 0.00391883 0.00371447 0.0033807 0.00294334 0.00242993 0.00186896 0.00128854 0.000715576 0.000174564 -0.000313024 -0.000729709 -0.00106234 -0.00130262 -0.00144712 -0.0014973 -0.00145917 -0.00134274 -0.0011615 -0.000931318 -0.000669823 -0.000395022 -0.000124668 0.000125124 0.000340348 0.000510225 0.000627387 0.000688471 0.000693966 0.000648126 0.000558526 0.0004353 0.000290521 0.000136959 -1.25294e-05 -0.000146401 -0.000254821 -0.000330828 -0.000370378 -0.000372909 -0.000341015 -0.000280227 -0.000198417 -0.000104853 -9.55819e-06 7.805e-05 0.00014959 0.000199013 0.000222634 0.000219873 0.000192868 0.00014635 8.69995e-05 2.24955e-05 -3.91023e-05 -9.07319e-05 -0.000126623 -0.000143505 -0.000140406 -0.000119139 -8.36841e-05 -3.97115e-05 6.14088e-06 4.74847e-05 7.86146e-05 9.58445e-05 9.73931e-05 8.41258e-05 5.8931e-05 2.64525e-05 -7.68988e-06 -3.80324e-05 -5.9721e-05 -6.98432e-05 -6.72435e-05 -5.32405e-05 -3.08944e-05 -4.65135e-06 2.04618e-05 4.00368e-05 5.05936e-05 5.08157e-05 4.1113e-05 2.40313e-05 3.35798e-06 -1.65907e-05 -3.16504e-05 -3.91164e-05 -3.76591e-05 -2.82231e-05 -1.32089e-05 3.74457e-06 1.8658e-05 2.83678e-05 3.07303e-05 2.57466e-05 1.48581e-05 1.07195e-06 -1.20495e-05 -2.13701e-05 -2.45628e-05 -2.12969e-05 -1.2596e-05 -1.11937e-06 9.91364e-06 1.7614e-05 1.98611e-05 1.64749e-05 8.53212e-06 -1.37129e-06 -1.02422e-05 -1.56034e-05 -1.58445e-05 -1.13191e-05 -3.49919e-06 4.94885e-06 1.12788e-05 1.36837e-05 1.13769e-05 5.51458e-06 -1.89516e-06 -8.25498e-06 -1.13333e-05 -1.03758e-05 -5.71123e-06 6.84064e-07 6.46531e-06 9.60708e-06 8.89876e-06 4.96796e-06 -7.03576e-07 -5.79057e-06 -8.27011e-06 -7.42934e-06 -3.55092e-06 1.50566e-06 5.66498e-06 7.30355e-06 5.66962e-06 1.79145e-06 -2.70689e-06 -5.80393e-06 -6.07908e-06 -3.71178e-06 2.94427e-07 3.93271e-06 5.52307e-06 4.52951e-06 1.28883e-06 -2.36486e-06 -4.60425e-06 -4.50905e-06 -2.15444e-06 1.0536e-06 3.73788e-06 4.48071e-06 2.48249e-06 -7.61148e-07 -3.11775e-06 -3.52445e-06 -2.33945e-06 -2.76437e-07 2.46033e-06 4.05824e-06 2.50904e-06 -7.6659e-07 -2.87361e-06 -2.72135e-06 -1.30627e-06 2.93491e-07 1.90715e-06 2.61062e-06 1.607e-06 -3.82537e-07 -2.41605e-06 -2.97061e-06 -9.41287e-07 1.85976e-06 2.88328e-06 1.6038e-06 -7.20192e-07 -2.15152e-06 -1.75445e-06 -1.75893e-07 1.15358e-06 1.28723e-06 7.34289e-07 5.81212e-08 -7.59102e-07 -1.08739e-06 -6.98477e-07 -1.94782e-08 9.86712e-07 1.47352e-06 4.95414e-07 -8.99018e-07 -1.56894e-06 -1.11696e-06 5.73581e-07 1.89723e-06 1.31088e-06 -3.20701e-07 -1.67204e-06 -1.71912e-06 0. 
0.0966473 0.0967437 0.0954041 0.0928023 0.0891101 0.0844951 0.0791204 0.0731431 0.0667133 0.0599733 0.0530565 0.0460868 0.0391777 0.0324321 0.0259415 0.0197858 0.0140332 0.00873993 0.00395026 -0.000303136 -0.00399899 -0.00712708 -0.00968761 -0.0116907 -0.0131553 -0.0141089 -0.0145862 -0.0146279 -0.0142802 -0.0135933 -0.0126203 -0.0114159 -0.0100355 -0.00853384 -0.00696398 -0.00537624 -0.00381719 -0.00232885 -0.000947924 0.000294809 0.00137492 0.00227465 0.00298298 0.00349563 0.00381474 0.00394856 0.00391079 0.00371993 0.00339836 0.00297151 0.00246666 0.00191208 0.00133579 0.000764634 0.000223208 -0.00026689 -0.00068792 -0.00102644 -0.00127378 -0.00142612 -0.00148448 -0.00145445 -0.00134566 -0.0011712 -0.00094667 -0.000689433 -0.000417384 -0.000148183 0.000101975 0.000319001 0.00049187 0.000612979 0.000678615 0.000688945 0.000647865 0.000562622 0.000443077 0.000301059 0.000149223 3.24065e-07 -0.000134021 -0.000243915 -0.000322165 -0.000364529 -0.000370132 -0.000341308 -0.000283302 -0.000203748 -0.000111755 -1.72105e-05 7.04462e-05 0.000142828 0.000193695 0.000219229 0.000218571 0.000193655 0.000148965 9.09938e-05 2.73078e-05 -3.41276e-05 -8.61814e-05 -0.000123054 -0.000141257 -0.000139692 -0.000119912 -8.57388e-05 -4.26732e-05 2.76027e-06 4.41675e-05 7.58585e-05 9.39732e-05 9.66501e-05 8.45113e-05 6.03213e-05 2.85519e-05 -5.27284e-06 -3.56892e-05 -5.78604e-05 -6.8704e-05 -6.70033e-05 -5.38462e-05 -3.21998e-05 -6.36998e-06 1.86803e-05 3.84994e-05 4.96056e-05 5.04875e-05 4.14993e-05 2.49806e-05 4.65506e-06 -1.52263e-05 -3.05258e-05 -3.84151e-05 -3.75428e-05 -2.86389e-05 -1.40598e-05 2.68849e-06 1.7655e-05 2.76185e-05 3.04307e-05 2.58949e-05 1.54287e-05 1.87465e-06 -1.12221e-05 -2.071e-05 -2.42611e-05 -2.13646e-05 -1.30358e-05 -1.7601e-06 9.24471e-06 1.70893e-05 1.96492e-05 1.65711e-05 8.93616e-06 -8.28483e-07 -9.71492e-06 -1.52344e-05 -1.57699e-05 -1.14969e-05 -3.90555e-06 4.48583e-06 1.09025e-05 1.34898e-05 1.14593e-05 5.77996e-06 -1.50338e-06 -7.89867e-06 -1.11396e-05 -1.03691e-05 -5.93276e-06 3.75391e-07 6.15457e-06 9.41092e-06 8.91112e-06 5.12399e-06 -4.19205e-07 -5.53127e-06 -8.1286e-06 -7.42956e-06 -3.73395e-06 1.27799e-06 5.45108e-06 7.19756e-06 5.73867e-06 1.94481e-06 -2.48564e-06 -5.64926e-06 -6.05704e-06 -3.78807e-06 1.03127e-07 3.77097e-06 5.44083e-06 4.54765e-06 1.44078e-06 -2.22126e-06 -4.49409e-06 -4.48601e-06 -2.26464e-06 9.26067e-07 3.61272e-06 4.45128e-06 2.56769e-06 -6.73908e-07 -2.9941e-06 -3.46342e-06 -2.41273e-06 -3.82461e-07 2.35926e-06 4.04504e-06 2.54561e-06 -7.21744e-07 -2.7378e-06 -2.66918e-06 -1.40171e-06 2.1869e-07 1.84467e-06 2.59182e-06 1.6639e-06 -3.14353e-07 -2.35542e-06 -2.98646e-06 -9.87509e-07 1.83163e-06 2.79688e-06 1.60517e-06 -6.09907e-07 -2.12279e-06 -1.73073e-06 -1.80275e-07 1.03035e-06 1.25268e-06 7.96862e-07 8.75566e-08 -7.04206e-07 -1.07711e-06 -7.77148e-07 -5.2988e-08 9.97911e-07 1.49261e-06 5.35932e-07 -8.89573e-07 -1.5964e-06 -1.13946e-06 5.67483e-07 1.91119e-06 1.3254e-06 -3.1729e-07 -1.67743e-06 -1.73468e-06 0. 
0.0966473 0.0967643 0.0954451 0.0928634 0.0891907 0.0845944 0.0792375 0.0732768 0.0668622 0.0601357 0.0532305 0.0462701 0.0393681 0.0326271 0.0261383 0.0199817 0.0142252 0.00892517 0.00412592 -0.000139747 -0.00385041 -0.00699558 -0.00957518 -0.0115989 -0.0130854 -0.0140616 -0.0145618 -0.0146262 -0.0143005 -0.0136344 -0.0126805 -0.0114932 -0.0101274 -0.00863774 -0.00707689 -0.00549503 -0.00393871 -0.00244994 -0.00106554 0.000183506 0.0012725 0.00218332 0.00290456 0.00343146 0.00376568 0.00391495 0.00389247 0.00371623 0.00340817 0.00299328 0.00249854 0.00195193 0.00138131 0.000813421 0.000272911 -0.00021855 -0.000642977 -0.000986684 -0.00124061 -0.00140057 -0.00146714 -0.00144546 -0.00134474 -0.00117765 -0.000959481 -0.000707277 -0.000438786 -0.000171516 7.82893e-05 0.000296506 0.000471879 0.000596603 0.000666617 0.00068177 0.000645584 0.000564964 0.000449467 0.000310644 0.000161002 1.31525e-05 -0.000121241 -0.000232261 -0.000312493 -0.000357523 -0.000366161 -0.000340481 -0.000285423 -0.000208366 -0.000118231 -2.47393e-05 6.26757e-05 0.000135652 0.000187779 0.000215119 0.000216541 0.000193774 0.000151041 9.46279e-05 3.19669e-05 -2.90982e-05 -8.13923e-05 -0.000119104 -0.00013855 -0.000138499 -0.000120256 -8.74628e-05 -4.54427e-05 -5.81974e-07 4.07425e-05 7.28711e-05 9.1796e-05 9.55701e-05 8.45899e-05 6.14728e-05 3.0518e-05 -2.87173e-06 -3.32521e-05 -5.58137e-05 -6.73334e-05 -6.65178e-05 -5.42482e-05 -3.33663e-05 -8.04149e-06 1.68529e-05 3.68422e-05 4.84419e-05 4.99788e-05 4.17205e-05 2.58265e-05 5.91728e-06 -1.38214e-05 -2.92949e-05 -3.75794e-05 -3.72781e-05 -2.89449e-05 -1.4844e-05 1.63095e-06 1.65909e-05 2.67717e-05 3.00079e-05 2.59465e-05 1.59286e-05 2.66793e-06 -1.03548e-05 -1.99739e-05 -2.38567e-05 -2.13534e-05 -1.34141e-05 -2.39676e-06 8.54013e-06 1.64983e-05 1.93492e-05 1.66075e-05 9.29502e-06 -2.75604e-07 -9.14611e-06 -1.48038e-05 -1.56194e-05 -1.16366e-05 -4.28878e-06 3.99484e-06 1.04748e-05 1.32415e-05 1.14817e-05 6.03426e-06 -1.10806e-06 -7.49924e-06 -1.08883e-05 -1.03255e-05 -6.11874e-06 4.79808e-08 5.81406e-06 9.16957e-06 8.87243e-06 5.27389e-06 -1.3787e-07 -5.23179e-06 -7.94208e-06 -7.40476e-06 -3.88986e-06 1.02234e-06 5.20972e-06 7.05535e-06 5.76985e-06 2.1115e-06 -2.25687e-06 -5.45321e-06 -5.99652e-06 -3.86493e-06 -8.12382e-08 3.56937e-06 5.32886e-06 4.55172e-06 1.57201e-06 -2.03381e-06 -4.35662e-06 -4.45144e-06 -2.35901e-06 7.76297e-07 3.48224e-06 4.3747e-06 2.61767e-06 -5.22358e-07 -2.84927e-06 -3.41352e-06 -2.47554e-06 -4.72341e-07 2.26228e-06 3.94814e-06 2.56129e-06 -5.94831e-07 -2.61066e-06 -2.61849e-06 -1.45869e-06 1.10922e-07 1.75686e-06 2.57268e-06 1.72624e-06 -2.5224e-07 -2.30505e-06 -2.93114e-06 -1.02547e-06 1.72309e-06 2.73212e-06 1.59506e-06 -5.39914e-07 -2.00054e-06 -1.69195e-06 -2.51487e-07 9.30554e-07 1.20121e-06 8.29961e-07 1.672e-07 -6.42722e-07 -1.08759e-06 -8.45445e-07 -9.07135e-08 9.99759e-07 1.50861e-06 5.81647e-07 -8.75069e-07 -1.62895e-06 -1.14258e-06 5.61714e-07 1.89156e-06 1.34995e-06 -3.08991e-07 -1.69496e-06 -1.71363e-06 0. 
0.0966473 0.0967867 0.0954896 0.0929298 0.0892785 0.084703 0.079366 0.0734241 0.067027 0.0603164 0.0534253 0.0464769 0.0395844 0.0328502 0.0263655 0.0202099 0.0144514 0.00914602 0.00433831 6.10786e-05 -0.00366409 -0.00682648 -0.00942571 -0.0114711 -0.0129809 -0.0139816 -0.0145069 -0.0145966 -0.0142957 -0.0136535 -0.012722 -0.0115551 -0.0102075 -0.00873309 -0.00718451 -0.00561169 -0.00406098 -0.00257444 -0.00118889 6.44819e-05 0.00116076 0.00208147 0.00281482 0.00335557 0.00370489 0.00386995 0.00386342 0.00370276 0.00340939 0.00300785 0.0025247 0.00198762 0.0014242 0.000861108 0.00032288 -0.00016867 -0.000595472 -0.000943504 -0.00120346 -0.00137067 -0.00144535 -0.00143214 -0.00133983 -0.00118062 -0.000969448 -0.00072303 -0.000458855 -0.000194326 5.44251e-05 0.000273144 0.000450524 0.000578431 0.000652613 0.000672481 0.000641279 0.000565475 0.000454347 0.000319125 0.000172105 2.57863e-05 -0.000108262 -0.000219997 -0.000301963 -0.000349431 -0.000361061 -0.000338524 -0.000286561 -0.000212199 -0.00012418 -3.20471e-05 5.48684e-05 0.000128146 0.000181373 0.000210344 0.000213837 0.000193212 0.000152559 9.785e-05 3.63987e-05 -2.40771e-05 -7.64574e-05 -0.000114818 -0.000135451 -0.000136832 -0.000120188 -8.88264e-05 -4.79837e-05 -3.84044e-06 3.72788e-05 6.96874e-05 8.93775e-05 9.41592e-05 8.43885e-05 6.23619e-05 3.23289e-05 -5.22378e-07 -3.0776e-05 -5.36055e-05 -6.57849e-05 -6.57854e-05 -5.44669e-05 -3.43689e-05 -9.64308e-06 1.50088e-05 3.51138e-05 4.71147e-05 4.933e-05 4.17642e-05 2.65744e-05 7.11822e-06 -1.24075e-05 -2.79769e-05 -3.66523e-05 -3.6862e-05 -2.91625e-05 -1.55396e-05 5.87765e-07 1.54872e-05 2.58657e-05 2.94645e-05 2.59287e-05 1.63394e-05 3.44545e-06 -9.46927e-06 -1.91944e-05 -2.33546e-05 -2.12909e-05 -1.37143e-05 -3.02619e-06 7.82077e-06 1.58701e-05 1.8965e-05 1.66085e-05 9.59205e-06 2.825e-07 -8.55468e-06 -1.43389e-05 -1.53936e-05 -1.17574e-05 -4.63093e-06 3.48602e-06 1.0011e-05 1.29652e-05 1.1439e-05 6.2881e-06 -7.28109e-07 -7.07405e-06 -1.05885e-05 -1.02674e-05 -6.25723e-06 -2.96484e-07 5.4606e-06 8.90534e-06 8.78186e-06 5.42938e-06 1.2384e-07 -4.90677e-06 -7.71908e-06 -7.374e-06 -4.00757e-06 7.43296e-07 4.95447e-06 6.89741e-06 5.75901e-06 2.29611e-06 -2.03475e-06 -5.2346e-06 -5.89963e-06 -3.95255e-06 -2.4555e-07 3.34138e-06 5.19177e-06 4.55921e-06 1.67386e-06 -1.81807e-06 -4.20093e-06 -4.41528e-06 -2.42702e-06 6.00699e-07 3.35009e-06 4.28742e-06 2.62941e-06 -3.37572e-07 -2.69136e-06 -3.36264e-06 -2.52338e-06 -5.77752e-07 2.18068e-06 3.82731e-06 2.53617e-06 -4.2656e-07 -2.47279e-06 -2.57073e-06 -1.49869e-06 -1.8228e-08 1.67188e-06 2.54864e-06 1.76668e-06 -1.68056e-07 -2.25575e-06 -2.86776e-06 -1.03699e-06 1.58159e-06 2.65558e-06 1.5904e-06 -4.85262e-07 -1.84372e-06 -1.64232e-06 -3.49922e-07 8.44024e-07 1.13479e-06 8.47742e-07 2.79857e-07 -5.89658e-07 -1.10743e-06 -8.91211e-07 -1.46314e-07 9.94215e-07 1.54133e-06 6.10886e-07 -8.59245e-07 -1.64134e-06 -1.15548e-06 5.54228e-07 1.87629e-06 1.35757e-06 -2.98959e-07 -1.69545e-06 -1.69522e-06 0. 
0.0966473 0.0968102 0.0955367 0.0930002 0.0893718 0.0848188 0.0795036 0.0735826 0.0672053 0.0605131 0.0536385 0.0467047 0.0398245 0.0330999 0.0266218 0.0204696 0.0147111 0.00940242 0.0045878 0.000300164 -0.00343878 -0.00661812 -0.00923717 -0.0113049 -0.0128392 -0.013866 -0.0144184 -0.0145358 -0.0142625 -0.0136472 -0.0127413 -0.0115984 -0.0102723 -0.00881677 -0.00728393 -0.00572347 -0.00418155 -0.00270013 -0.00131606 -6.06288e-05 0.00104102 0.00197013 0.00271448 0.0032684 0.00363252 0.00381349 0.00382337 0.00367906 0.00340141 0.00301447 0.00254433 0.00201828 0.00146363 0.000906839 0.000372363 -0.000117984 -0.000545986 -0.00089743 -0.00116266 -0.00133669 -0.00141924 -0.00141453 -0.00133083 -0.00117994 -0.000976323 -0.000736373 -0.000477271 -0.000216238 3.06896e-05 0.000249259 0.000428031 0.000558707 0.000636716 0.000661183 0.000634936 0.000564121 0.000457606 0.000326355 0.000182373 3.80181e-05 -9.52327e-05 -0.000207322 -0.00029067 -0.00034039 -0.000354849 -0.00033548 -0.000286663 -0.000215194 -0.000129509 -3.90099e-05 4.71149e-05 0.000120454 0.000174528 0.000205017 0.000210452 0.000192011 0.000153466 0.000100622 4.05328e-05 -1.91607e-05 -7.14275e-05 -0.000110304 -0.000131969 -0.000134768 -0.000119671 -8.98391e-05 -5.02361e-05 -6.95813e-06 3.38215e-05 6.63994e-05 8.67208e-05 9.24963e-05 8.38676e-05 6.3014e-05 3.39277e-05 1.73567e-06 -2.82976e-05 -5.13155e-05 -6.40502e-05 -6.48781e-05 -5.44543e-05 -3.52288e-05 -1.11204e-05 1.31895e-05 3.33354e-05 4.56994e-05 4.85127e-05 4.16883e-05 2.71668e-05 8.25829e-06 -1.10267e-05 -2.6628e-05 -3.56262e-05 -3.63644e-05 -2.92393e-05 -1.61766e-05 -3.87037e-07 1.43771e-05 2.4909e-05 2.88686e-05 2.57958e-05 1.67065e-05 4.14736e-06 -8.58194e-06 -1.83893e-05 -2.2817e-05 -2.11345e-05 -1.39872e-05 -3.58588e-06 7.09522e-06 1.52241e-05 1.85556e-05 1.65294e-05 9.8772e-06 7.82627e-07 -7.95064e-06 -1.38529e-05 -1.51514e-05 -1.18062e-05 -4.97558e-06 3.01942e-06 9.53113e-06 1.26573e-05 1.13912e-05 6.47688e-06 -3.3384e-07 -6.67052e-06 -1.02759e-05 -1.01644e-05 -6.40483e-06 -5.87318e-07 5.08774e-06 8.63651e-06 8.69087e-06 5.53039e-06 4.07122e-07 -4.61301e-06 -7.484e-06 -7.31021e-06 -4.14301e-06 5.14294e-07 4.67726e-06 6.7357e-06 5.7567e-06 2.42969e-06 -1.78429e-06 -5.03816e-06 -5.80145e-06 -3.99983e-06 -4.36635e-07 3.1522e-06 5.03814e-06 4.54413e-06 1.80778e-06 -1.65379e-06 -4.03348e-06 -4.36466e-06 -2.50125e-06 4.64633e-07 3.16832e-06 4.22368e-06 2.68719e-06 -2.31887e-07 -2.53763e-06 -3.28429e-06 -2.5453e-06 -6.88227e-07 2.0285e-06 3.78805e-06 2.54907e-06 -3.69375e-07 -2.3084e-06 -2.49265e-06 -1.56419e-06 -1.22784e-07 1.58306e-06 2.53207e-06 1.78491e-06 -9.33944e-08 -2.14478e-06 -2.87176e-06 -1.07312e-06 1.53887e-06 2.52419e-06 1.57629e-06 -3.62724e-07 -1.77615e-06 -1.59737e-06 -3.73298e-07 7.15618e-07 1.07735e-06 8.90636e-07 3.46794e-07 -5.31611e-07 -1.10919e-06 -9.39506e-07 -1.9937e-07 9.81081e-07 1.58439e-06 6.30928e-07 -8.54297e-07 -1.62376e-06 -1.19087e-06 5.34159e-07 1.90305e-06 1.33547e-06 -2.96457e-07 -1.65595e-06 -1.71999e-06 0. 
0.0966473 0.0968344 0.0955851 0.0930727 0.0894683 0.084939 0.0796472 0.073749 0.0673936 0.0607222 0.0538669 0.0469505 0.0400854 0.0333733 0.0269047 0.0207588 0.0150031 0.00969338 0.0048739 0.000577518 -0.00317398 -0.00636952 -0.00900817 -0.0110986 -0.0126581 -0.0137123 -0.0142936 -0.0144408 -0.0141977 -0.0136123 -0.0127353 -0.0116197 -0.0103187 -0.00888566 -0.00737218 -0.0058276 -0.00429785 -0.0028247 -0.00144501 -0.000190066 0.000914761 0.00185046 0.00260443 0.00317056 0.00354894 0.00374567 0.00377219 0.00364481 0.00338377 0.00301255 0.00255673 0.00204317 0.00149881 0.000949833 0.000420593 -6.71799e-05 -0.000495151 -0.000848971 -0.00111867 -0.00129892 -0.00138899 -0.00139267 -0.00131772 -0.00117547 -0.00097991 -0.000747045 -0.000493736 -0.000236941 7.40677e-06 0.000225133 0.000404678 0.000537626 0.000619098 0.000647953 0.000626605 0.000560859 0.000459179 0.000332206 0.000191663 4.96885e-05 -8.23239e-05 -0.000194377 -0.000278759 -0.00033048 -0.000347606 -0.00033135 -0.00028573 -0.000217284 -0.000134152 -4.55305e-05 3.95168e-05 0.000112664 0.000167343 0.000199179 0.000206445 0.000190157 0.000153766 0.000102884 4.43237e-05 -1.4419e-05 -6.63728e-05 -0.00010561 -0.000128165 -0.000132308 -0.000118733 -9.04596e-05 -5.2187e-05 -9.87749e-06 3.04156e-05 6.30473e-05 8.38786e-05 9.05815e-05 8.30605e-05 6.3391e-05 3.53137e-05 3.85136e-06 -2.58485e-05 -4.89743e-05 -6.21724e-05 -6.37859e-05 -5.42398e-05 -3.59032e-05 -1.24731e-05 1.14399e-05 3.15352e-05 4.42107e-05 4.75638e-05 4.1466e-05 2.76251e-05 9.29014e-06 -9.68672e-06 -2.52787e-05 -3.45317e-05 -3.57742e-05 -2.92062e-05 -1.67109e-05 -1.30193e-06 1.32998e-05 2.39217e-05 2.822e-05 2.55803e-05 1.699e-05 4.79197e-06 -7.73582e-06 -1.75704e-05 -2.22494e-05 -2.09157e-05 -1.41948e-05 -4.09898e-06 6.40763e-06 1.45677e-05 1.81259e-05 1.64012e-05 1.01103e-05 1.2492e-06 -7.3769e-06 -1.33534e-05 -1.48909e-05 -1.18154e-05 -5.27725e-06 2.57267e-06 9.07214e-06 1.23308e-05 1.13225e-05 6.63503e-06 2.42706e-08 -6.27294e-06 -9.9732e-06 -1.00395e-05 -6.52692e-06 -8.58734e-07 4.74339e-06 8.3611e-06 8.59682e-06 5.61105e-06 6.61272e-07 -4.32515e-06 -7.26581e-06 -7.2324e-06 -4.26116e-06 2.97344e-07 4.42705e-06 6.56775e-06 5.75346e-06 2.55046e-06 -1.56195e-06 -4.84173e-06 -5.71509e-06 -4.03598e-06 -6.07988e-07 2.96622e-06 4.91024e-06 4.52062e-06 1.92277e-06 -1.49364e-06 -3.88391e-06 -4.30929e-06 -2.58517e-06 3.36857e-07 3.0362e-06 4.14787e-06 2.72031e-06 -1.18371e-07 -2.38165e-06 -3.21981e-06 -2.60757e-06 -7.69278e-07 1.93564e-06 3.71141e-06 2.55343e-06 -2.80067e-07 -2.17641e-06 -2.43884e-06 -1.61428e-06 -2.07959e-07 1.48441e-06 2.50792e-06 1.85526e-06 -3.58868e-08 -2.09967e-06 -2.83741e-06 -1.1073e-06 1.46259e-06 2.45881e-06 1.56821e-06 -2.97661e-07 -1.6909e-06 -1.54931e-06 -4.18153e-07 6.08198e-07 1.03391e-06 9.2308e-07 4.07063e-07 -4.60867e-07 -1.11422e-06 -1.01786e-06 -2.34487e-07 9.84739e-07 1.60444e-06 6.84234e-07 -8.44697e-07 -1.66525e-06 -1.2026e-06 5.29724e-07 1.90002e-06 1.36708e-06 -2.91124e-07 -1.68108e-06 -1.71604e-06 0. 
0.0966473 0.0968585 0.0956332 0.093145 0.089565 0.0850602 0.0797929 0.073919 0.0675874 0.060939 0.0541056 0.0472095 0.0403628 0.0336665 0.0272109 0.0210746 0.0153247 0.0100169 0.00519515 0.00089225 -0.00287002 -0.00608049 -0.00873799 -0.0108508 -0.012436 -0.0135185 -0.0141301 -0.0143092 -0.0140986 -0.0135458 -0.0127009 -0.0116159 -0.0103437 -0.00893675 -0.00744634 -0.00592132 -0.00440729 -0.0029458 -0.00157357 -0.00032195 0.000783602 0.00172381 0.00248574 0.00306283 0.00345467 0.00366677 0.00370994 0.00359986 0.00335613 0.00300161 0.00256132 0.00206161 0.001529 0.000989376 0.000466847 -1.69177e-05 -0.00044359 -0.000798647 -0.00107191 -0.00125768 -0.00135485 -0.0013667 -0.00130053 -0.00116714 -0.000980063 -0.000754848 -0.000507994 -0.000256178 -1.5133e-05 0.000201018 0.000380719 0.000515377 0.000599931 0.000632884 0.000616346 0.000555684 0.00045902 0.000336598 0.000199855 6.0681e-05 -6.9682e-05 -0.000181271 -0.000266357 -0.000319767 -0.000339404 -0.000326146 -0.000283766 -0.000218434 -0.000138055 -5.15512e-05 3.21573e-05 0.000104825 0.000159895 0.000192854 0.000201861 0.000187639 0.000153458 0.000104607 4.77329e-05 -9.88335e-06 -6.13476e-05 -0.000100748 -0.000124085 -0.00012944 -0.000117391 -9.06623e-05 -5.38215e-05 -1.25762e-05 2.70956e-05 5.9634e-05 8.08854e-05 8.83958e-05 8.19847e-05 6.34646e-05 3.64805e-05 5.80761e-06 -2.34522e-05 -4.65742e-05 -6.01771e-05 -6.24804e-05 -5.38368e-05 -3.63629e-05 -1.36963e-05 9.76769e-06 2.97311e-05 4.2627e-05 4.65021e-05 4.10621e-05 2.79576e-05 1.01924e-05 -8.39378e-06 -2.39182e-05 -3.33841e-05 -3.50559e-05 -2.90772e-05 -1.7112e-05 -2.16005e-06 1.22542e-05 2.29133e-05 2.74861e-05 2.52969e-05 1.71546e-05 5.38823e-06 -6.93593e-06 -1.67414e-05 -2.16211e-05 -2.06485e-05 -1.42999e-05 -4.57755e-06 5.76436e-06 1.39014e-05 1.76448e-05 1.62371e-05 1.02551e-05 1.69594e-06 -6.83582e-06 -1.28398e-05 -1.45776e-05 -1.1799e-05 -5.50354e-06 2.13134e-06 8.62694e-06 1.1987e-05 1.11949e-05 6.77916e-06 3.23586e-07 -5.86812e-06 -9.65998e-06 -9.89921e-06 -6.58641e-06 -1.13009e-06 4.43309e-06 8.07162e-06 8.46701e-06 5.68633e-06 8.60225e-07 -4.02514e-06 -7.04807e-06 -7.14448e-06 -4.32739e-06 7.12937e-08 4.20641e-06 6.38544e-06 5.71651e-06 2.676e-06 -1.3844e-06 -4.62822e-06 -5.61779e-06 -4.07091e-06 -7.3153e-07 2.76096e-06 4.79061e-06 4.49223e-06 1.99591e-06 -1.31801e-06 -3.7572e-06 -4.23865e-06 -2.63548e-06 1.8631e-07 2.93555e-06 4.06603e-06 2.72601e-06 -1.61712e-09 -2.25557e-06 -3.12408e-06 -2.65866e-06 -8.78724e-07 1.88869e-06 3.62898e-06 2.53005e-06 -1.85319e-07 -2.06572e-06 -2.36481e-06 -1.66133e-06 -3.02175e-07 1.42401e-06 2.45531e-06 1.91115e-06 5.0244e-08 -2.08987e-06 -2.79553e-06 -1.1164e-06 1.36617e-06 2.41601e-06 1.55672e-06 -2.59437e-07 -1.59009e-06 -1.51299e-06 -4.59555e-07 5.26614e-07 9.73371e-07 9.56898e-07 4.68184e-07 -4.10062e-07 -1.10149e-06 -1.09324e-06 -2.77179e-07 1.00441e-06 1.60853e-06 7.32481e-07 -8.18741e-07 -1.72309e-06 -1.2062e-06 5.37708e-07 1.87433e-06 1.41099e-06 -2.79562e-07 -1.72718e-06 -1.69292e-06 0. 
0.0966473 0.0968813 0.095679 0.0932143 0.0896582 0.0851779 0.0799355 0.0740869 0.0677808 0.0611576 0.0543489 0.0474762 0.0406512 0.0339744 0.0275354 0.0214125 0.0156722 0.0103698 0.00554907 0.0012425 -0.00252817 -0.00575169 -0.00842672 -0.0105613 -0.0121719 -0.0132831 -0.0139263 -0.0141387 -0.0139629 -0.0134452 -0.0126353 -0.0115842 -0.0103442 -0.00896716 -0.0075036 -0.0060019 -0.00450729 -0.00306099 -0.00169957 -0.000454303 0.000649255 0.00159164 0.00235961 0.00294616 0.0033504 0.00357722 0.00363683 0.00354422 0.00331832 0.00298133 0.00255764 0.00207305 0.00155361 0.0010248 0.000510474 3.21405e-05 -0.000391886 -0.000747014 -0.00102283 -0.00121336 -0.00131707 -0.00133679 -0.00127932 -0.00115495 -0.000976693 -0.000759629 -0.000519852 -0.000273702 -3.6698e-05 0.000177182 0.000356364 0.000492185 0.000579353 0.000616118 0.000604211 0.000548637 0.000457102 0.000339479 0.000206867 7.08824e-05 -5.74042e-05 -0.000168135 -0.000253539 -0.000308362 -0.000330274 -0.000319928 -0.000280758 -0.000218646 -0.000141175 -5.70237e-05 2.50817e-05 9.7013e-05 0.000152208 0.000186112 0.000196693 0.000184501 0.000152513 0.000105795 5.07271e-05 -5.58276e-06 -5.63673e-05 -9.57672e-05 -0.000119714 -0.00012621 -0.000115609 -9.04727e-05 -5.51033e-05 -1.50521e-05 2.38743e-05 5.61859e-05 7.77198e-05 8.59762e-05 8.05953e-05 6.32654e-05 3.73877e-05 7.61455e-06 -2.1117e-05 -4.41299e-05 -5.8032e-05 -6.09934e-05 -5.31917e-05 -3.66397e-05 -1.47516e-05 8.15905e-06 2.79175e-05 4.09618e-05 4.52798e-05 4.05099e-05 2.81081e-05 1.09975e-05 -7.1696e-06 -2.2538e-05 -3.21519e-05 -3.42327e-05 -2.87905e-05 -1.74194e-05 -2.91986e-06 1.12146e-05 2.18689e-05 2.66772e-05 2.48855e-05 1.72406e-05 5.88315e-06 -6.14549e-06 -1.58993e-05 -2.09326e-05 -2.02751e-05 -1.43428e-05 -4.96367e-06 5.1219e-06 1.32258e-05 1.71086e-05 1.59788e-05 1.03543e-05 2.06509e-06 -6.2804e-06 -1.23078e-05 -1.42116e-05 -1.16944e-05 -5.70446e-06 1.74694e-06 8.14993e-06 1.16073e-05 1.10214e-05 6.84174e-06 6.23351e-07 -5.49207e-06 -9.30176e-06 -9.70383e-06 -6.61876e-06 -1.33518e-06 4.09411e-06 7.7758e-06 8.29366e-06 5.69509e-06 1.06441e-06 -3.76112e-06 -6.78326e-06 -7.01549e-06 -4.37555e-06 -9.73595e-08 3.94601e-06 6.19578e-06 5.64304e-06 2.74318e-06 -1.18073e-06 -4.43533e-06 -5.47334e-06 -4.06162e-06 -8.63297e-07 2.5968e-06 4.61624e-06 4.4336e-06 2.06705e-06 -1.18488e-06 -3.58555e-06 -4.16512e-06 -2.65381e-06 9.3817e-08 2.76464e-06 3.97482e-06 2.73223e-06 8.45229e-08 -2.12128e-06 -3.05449e-06 -2.62614e-06 -9.37584e-07 1.74146e-06 3.5623e-06 2.51896e-06 -1.37254e-07 -1.94113e-06 -2.29005e-06 -1.66473e-06 -3.86993e-07 1.33635e-06 2.44426e-06 1.88633e-06 9.13159e-08 -1.96777e-06 -2.77801e-06 -1.13915e-06 1.33063e-06 2.30495e-06 1.52793e-06 -1.80856e-07 -1.5162e-06 -1.46988e-06 -4.86605e-07 4.59072e-07 9.20646e-07 9.51459e-07 5.3711e-07 -3.73809e-07 -1.11365e-06 -1.08054e-06 -3.22875e-07 9.63405e-07 1.65565e-06 7.23584e-07 -8.2275e-07 -1.66158e-06 -1.2389e-06 5.07588e-07 1.90544e-06 1.3608e-06 -2.80231e-07 -1.65669e-06 -1.71972e-06 0. 
0.0966473 0.0969016 0.0957201 0.0932769 0.0897432 0.0852865 0.0800689 0.0742462 0.0679668 0.0613708 0.0545892 0.0477432 0.0409435 0.0342903 0.0278723 0.0217671 0.0160407 0.010748 0.00593207 0.00162536 -0.00215062 -0.00538464 -0.00807525 -0.0102302 -0.0118657 -0.0130056 -0.0136807 -0.0139278 -0.0137884 -0.0133083 -0.0125361 -0.0115221 -0.0103178 -0.00897418 -0.00754124 -0.00606672 -0.00459531 -0.00316789 -0.00182077 -0.000585107 0.000513526 0.00145552 0.00222734 0.00282162 0.00323693 0.00347761 0.00355321 0.00347802 0.00327028 0.00295148 0.00254534 0.00207703 0.00157207 0.0010555 0.000550843 7.93821e-05 -0.000340644 -0.000694609 -0.000971925 -0.00116635 -0.00127596 -0.00130317 -0.00125424 -0.00113894 -0.000969759 -0.00076128 -0.000529138 -0.000289315 -5.70451e-05 0.000153853 0.00033186 0.000468254 0.000557564 0.00059779 0.00059031 0.000539766 0.000453434 0.000340817 0.000212628 8.02059e-05 -4.56117e-05 -0.000155074 -0.000240433 -0.000296351 -0.000320315 -0.000312741 -0.000276747 -0.000217917 -0.000143495 -6.19095e-05 1.83529e-05 8.92774e-05 0.000144362 0.000178994 0.000191007 0.000180757 0.000150959 0.000106436 5.32933e-05 -1.54292e-06 -5.14761e-05 -9.06885e-05 -0.000115107 -0.000122625 -0.000113427 -8.98803e-05 -5.60429e-05 -1.72869e-05 2.07727e-05 5.2715e-05 7.44213e-05 8.33193e-05 7.89302e-05 6.27767e-05 3.80528e-05 9.25428e-06 -1.88535e-05 -4.16465e-05 -5.57686e-05 -5.93116e-05 -5.23389e-05 -3.67103e-05 -1.56566e-05 6.63024e-06 2.61041e-05 3.92104e-05 4.39272e-05 3.97857e-05 2.8108e-05 1.16792e-05 -6.00252e-06 -2.11453e-05 -3.08517e-05 -3.32853e-05 -2.83798e-05 -1.76013e-05 -3.60706e-06 1.0199e-05 2.07913e-05 2.57802e-05 2.43763e-05 1.72135e-05 6.31011e-06 -5.39014e-06 -1.50364e-05 -2.01761e-05 -1.98216e-05 -1.42874e-05 -5.29487e-06 4.51036e-06 1.25276e-05 1.6511e-05 1.56517e-05 1.03697e-05 2.39704e-06 -5.74198e-06 -1.17436e-05 -1.37827e-05 -1.15309e-05 -5.83769e-06 1.37756e-06 7.66929e-06 1.11845e-05 1.07825e-05 6.86046e-06 8.77263e-07 -5.10533e-06 -8.91616e-06 -9.46063e-06 -6.58944e-06 -1.52112e-06 3.77113e-06 7.44582e-06 8.07337e-06 5.6667e-06 1.22484e-06 -3.48372e-06 -6.50061e-06 -6.84399e-06 -4.37321e-06 -2.59188e-07 3.69581e-06 5.96741e-06 5.52812e-06 2.78808e-06 -1.00629e-06 -4.21308e-06 -5.30319e-06 -4.01904e-06 -9.58428e-07 2.41267e-06 4.43421e-06 4.33783e-06 2.09817e-06 -1.04447e-06 -3.41333e-06 -4.04821e-06 -2.64644e-06 -1.94991e-09 2.61775e-06 3.84232e-06 2.69407e-06 1.69147e-07 -1.98065e-06 -2.952e-06 -2.60039e-06 -9.70013e-07 1.64346e-06 3.42173e-06 2.46275e-06 -5.42486e-08 -1.81664e-06 -2.21982e-06 -1.65634e-06 -4.23036e-07 1.25005e-06 2.36135e-06 1.87946e-06 1.31499e-07 -1.89544e-06 -2.68054e-06 -1.1274e-06 1.23121e-06 2.20861e-06 1.49923e-06 -1.38685e-07 -1.42778e-06 -1.40637e-06 -5.0756e-07 3.8635e-07 8.80699e-07 9.48095e-07 5.47643e-07 -3.26888e-07 -1.0815e-06 -1.09739e-06 -3.27334e-07 9.43286e-07 1.60683e-06 7.33663e-07 -7.8711e-07 -1.64342e-06 -1.2022e-06 4.93678e-07 1.83546e-06 1.34364e-06 -2.66297e-07 -1.62924e-06 -1.65668e-06 0. 
0.0966473 0.0969181 0.0957536 0.0933284 0.0898145 0.0853794 0.0801855 0.0743885 0.0681366 0.0615695 0.0548177 0.0480016 0.0412313 0.034606 0.0282138 0.0221313 0.016424 0.0111457 0.00633939 0.00203686 -0.00174059 -0.00498183 -0.00768535 -0.00985868 -0.0115177 -0.0126857 -0.013393 -0.0136754 -0.0135739 -0.0131333 -0.0124012 -0.0114273 -0.0102619 -0.00895536 -0.00755678 -0.00611327 -0.00466892 -0.00326418 -0.00193498 -0.000712335 0.000378267 0.00131708 0.00209037 0.00269038 0.00311523 0.00336865 0.00345957 0.00340155 0.0032121 0.00291197 0.00252416 0.00207318 0.00158393 0.00108096 0.000587375 0.000124221 -0.000290452 -0.000641974 -0.000919699 -0.00111707 -0.00123191 -0.00126609 -0.00122546 -0.0011192 -0.000959277 -0.000759727 -0.000535726 -0.000302832 -7.59596e-05 0.000131266 0.000307452 0.000443804 0.000534776 0.000578057 0.000574784 0.000529138 0.000448066 0.000340589 0.000217096 8.85607e-05 -3.44075e-05 -0.000142208 -0.000227167 -0.000283843 -0.000309637 -0.000304651 -0.000271799 -0.000216254 -0.000145021 -6.61639e-05 1.20159e-05 8.16918e-05 0.000136431 0.000171568 0.000184877 0.000176447 0.000148844 0.000106529 5.54385e-05 2.19757e-06 -4.67058e-05 -8.55659e-05 -0.000110316 -0.000118726 -0.000110896 -8.88971e-05 -5.66655e-05 -1.92593e-05 1.77987e-05 4.92619e-05 7.10245e-05 8.04618e-05 7.70311e-05 6.20112e-05 3.8503e-05 1.07101e-05 -1.6662e-05 -3.91582e-05 -5.34127e-05 -5.7465e-05 -5.13128e-05 -3.65815e-05 -1.64333e-05 5.20087e-06 2.42939e-05 3.74047e-05 4.2469e-05 3.89107e-05 2.79859e-05 1.22335e-05 -4.88001e-06 -1.97654e-05 -2.9495e-05 -3.22406e-05 -2.78706e-05 -1.76648e-05 -4.24095e-06 9.22511e-06 1.96821e-05 2.48229e-05 2.37893e-05 1.7087e-05 6.68953e-06 -4.68177e-06 -1.41497e-05 -1.9378e-05 -1.93042e-05 -1.41501e-05 -5.59011e-06 3.93905e-06 1.18033e-05 1.58775e-05 1.52702e-05 1.03171e-05 2.708e-06 -5.23072e-06 -1.11464e-05 -1.33163e-05 -1.13228e-05 -5.91587e-06 1.01108e-06 7.19884e-06 1.07223e-05 1.05022e-05 6.84899e-06 1.09141e-06 -4.70179e-06 -8.52201e-06 -9.17807e-06 -6.51873e-06 -1.69863e-06 3.46779e-06 7.08334e-06 7.82854e-06 5.61188e-06 1.35299e-06 -3.18942e-06 -6.21467e-06 -6.63852e-06 -4.34032e-06 -4.20837e-07 3.45851e-06 5.70639e-06 5.39225e-06 2.81893e-06 -8.52927e-07 -3.96497e-06 -5.12347e-06 -3.95318e-06 -1.03076e-06 2.211e-06 4.25163e-06 4.21468e-06 2.10936e-06 -8.95376e-07 -3.24741e-06 -3.9012e-06 -2.62195e-06 -1.02384e-07 2.47901e-06 3.68339e-06 2.64419e-06 2.50024e-07 -1.85105e-06 -2.81847e-06 -2.56471e-06 -1.00385e-06 1.55694e-06 3.25896e-06 2.39529e-06 2.25849e-08 -1.69621e-06 -2.12127e-06 -1.64815e-06 -4.60617e-07 1.18087e-06 2.25479e-06 1.85647e-06 1.75233e-07 -1.82303e-06 -2.56059e-06 -1.11027e-06 1.12316e-06 2.11385e-06 1.45052e-06 -9.81636e-08 -1.32207e-06 -1.35148e-06 -5.20128e-07 3.25977e-07 8.25332e-07 9.43294e-07 5.55592e-07 -2.91144e-07 -1.03633e-06 -1.10329e-06 -3.30837e-07 9.23008e-07 1.54116e-06 7.35598e-07 -7.42248e-07 -1.6185e-06 -1.15204e-06 4.80042e-07 1.74417e-06 1.32127e-06 -2.49313e-07 -1.59723e-06 -1.57384e-06 0. 
0.0966473 0.0969287 0.0957757 0.0933638 0.0898654 0.0854488 0.0802764 0.0745042 0.06828 0.0617432 0.0550237 0.048241 0.0415044 0.034912 0.0285509 0.0224969 0.0168143 0.0115564 0.00676512 0.00247192 -0.00130232 -0.00454667 -0.00725966 -0.00944865 -0.0111292 -0.0123241 -0.013063 -0.0133811 -0.0133184 -0.0129189 -0.0122292 -0.0112979 -0.0101746 -0.00890848 -0.00754794 -0.00613925 -0.00472584 -0.0033476 -0.00204007 -0.000833965 0.000245304 0.00117799 0.00195014 0.0025537 0.0029863 0.00325116 0.00335649 0.00331519 0.00314398 0.00286283 0.00249398 0.00206122 0.0015888 0.0011007 0.000619566 0.000166096 -0.000241839 -0.000589665 -0.000866621 -0.001066 -0.00118524 -0.00122587 -0.00119318 -0.00109586 -0.000945272 -0.00075495 -0.00053951 -0.000314101 -9.32536e-05 0.00010965 0.000283349 0.000419084 0.000511168 0.00055713 0.000557741 0.000516884 0.000441019 0.000338825 0.000220219 9.58836e-05 -2.38918e-05 -0.000129665 -0.000213847 -0.000270986 -0.000298316 -0.00029578 -0.000265938 -0.000213722 -0.000145724 -6.97808e-05 6.13397e-06 7.43245e-05 0.000128482 0.000163937 0.000178344 0.000171668 0.000146168 0.000106128 5.71252e-05 5.63557e-06 -4.21096e-05 -8.04563e-05 -0.000105382 -0.000114598 -0.000108022 -8.75953e-05 -5.69427e-05 -2.0998e-05 1.49994e-05 4.58528e-05 6.75669e-05 7.747e-05 7.49036e-05 6.10398e-05 3.87086e-05 1.20194e-05 -1.45887e-05 -3.66809e-05 -5.09967e-05 -5.55123e-05 -5.01103e-05 -3.6319e-05 -1.70446e-05 3.83929e-06 2.25319e-05 3.55669e-05 4.09255e-05 3.79454e-05 2.77215e-05 1.27172e-05 -3.84833e-06 -1.83863e-05 -2.81181e-05 -3.11393e-05 -2.72597e-05 -1.76723e-05 -4.78024e-06 8.25843e-06 1.85865e-05 2.38264e-05 2.31339e-05 1.69201e-05 6.98549e-06 -3.97524e-06 -1.32886e-05 -1.8547e-05 -1.8739e-05 -1.39851e-05 -5.81553e-06 3.3598e-06 1.11043e-05 1.52126e-05 1.48506e-05 1.02489e-05 2.96111e-06 -4.7005e-06 -1.05679e-05 -1.28206e-05 -1.10793e-05 -5.99231e-06 6.92081e-07 6.69976e-06 1.02685e-05 1.02002e-05 6.8014e-06 1.32042e-06 -4.33518e-06 -8.09529e-06 -8.89147e-06 -6.44229e-06 -1.83887e-06 3.13419e-06 6.74495e-06 7.55927e-06 5.53943e-06 1.49806e-06 -2.93037e-06 -5.89391e-06 -6.43982e-06 -4.30604e-06 -5.52844e-07 3.1862e-06 5.47041e-06 5.23781e-06 2.83488e-06 -6.72076e-07 -3.74906e-06 -4.91342e-06 -3.89058e-06 -1.11801e-06 2.04249e-06 4.03068e-06 4.10539e-06 2.12678e-06 -7.67276e-07 -3.04809e-06 -3.78655e-06 -2.58205e-06 -1.77418e-07 2.28965e-06 3.54614e-06 2.6002e-06 3.31885e-07 -1.71523e-06 -2.72816e-06 -2.47352e-06 -1.03057e-06 1.3965e-06 3.13894e-06 2.34676e-06 7.91539e-08 -1.57564e-06 -2.02932e-06 -1.60322e-06 -5.32759e-07 1.08522e-06 2.21659e-06 1.7877e-06 2.01828e-07 -1.67866e-06 -2.49163e-06 -1.10864e-06 1.06007e-06 1.98612e-06 1.40094e-06 -3.97321e-08 -1.21812e-06 -1.29273e-06 -5.51337e-07 2.81452e-07 7.65079e-07 9.07451e-07 6.17894e-07 -2.6369e-07 -1.0376e-06 -1.05106e-06 -3.64238e-07 8.62179e-07 1.55725e-06 7.02708e-07 -7.34441e-07 -1.51914e-06 -1.15664e-06 4.41991e-07 1.73588e-06 1.24196e-06 -2.45386e-07 -1.4943e-06 -1.56325e-06 0. 
0.0966473 0.0969314 0.0957823 0.0933767 0.089888 0.085485 0.0803309 0.0745816 0.0683848 0.0618795 0.0551946 0.048449 0.0417507 0.0351968 0.0288731 0.022854 0.0172029 0.0119718 0.00720211 0.00292435 -0.000841066 -0.00408355 -0.00680171 -0.00900283 -0.0107021 -0.0119221 -0.0126915 -0.013045 -0.0130216 -0.0126643 -0.0120187 -0.0111325 -0.010054 -0.00883168 -0.00751271 -0.00614258 -0.00476397 -0.00341608 -0.00213401 -0.000948086 0.000116451 0.00103989 0.00180814 0.00241286 0.00285126 0.00312601 0.00324468 0.00321944 0.00306621 0.00280417 0.00245476 0.00204099 0.00158641 0.00111435 0.000646969 0.000204534 -0.00019532 -0.00053816 -0.00081318 -0.00101353 -0.00113635 -0.00118279 -0.00115763 -0.00106905 -0.000927833 -0.00074693 -0.000540435 -0.000322994 -0.000108765 8.91934e-05 0.000259768 0.000394282 0.000486953 0.00053515 0.000539342 0.000503069 0.000432375 0.00033551 0.000221988 0.0001021 -1.41441e-05 -0.000117545 -0.000200593 -0.00025787 -0.000286473 -0.000286177 -0.000259248 -0.000210315 -0.000145633 -7.27097e-05 7.36835e-07 6.72436e-05 0.000120587 0.000156155 0.000171491 0.000166435 0.000142995 0.000105208 5.83764e-05 8.71827e-06 -3.77103e-05 -7.54107e-05 -0.000100361 -0.000110263 -0.000104867 -8.59569e-05 -5.69156e-05 -2.24557e-05 1.23714e-05 4.25373e-05 6.40821e-05 7.43656e-05 7.25997e-05 5.98432e-05 3.87129e-05 1.31336e-05 -1.26213e-05 -3.42619e-05 -4.85449e-05 -5.34678e-05 -4.8777e-05 -3.58938e-05 -1.75302e-05 2.59853e-06 2.08089e-05 3.37364e-05 3.9323e-05 3.68863e-05 2.73591e-05 1.30851e-05 -2.87561e-06 -1.70605e-05 -2.67239e-05 -3e-05 -2.65824e-05 -1.75919e-05 -5.26599e-06 7.35569e-06 1.74898e-05 2.28237e-05 2.24337e-05 1.66917e-05 7.24047e-06 -3.32759e-06 -1.2428e-05 -1.77236e-05 -1.81407e-05 -1.3777e-05 -6.01268e-06 2.83019e-06 1.0401e-05 1.45588e-05 1.44044e-05 1.01478e-05 3.19793e-06 -4.21128e-06 -9.97855e-06 -1.2334e-05 -1.08146e-05 -6.04021e-06 3.77428e-07 6.23461e-06 9.79864e-06 9.90204e-06 6.74034e-06 1.5212e-06 -3.96145e-06 -7.69615e-06 -8.58824e-06 -6.36162e-06 -1.97698e-06 2.83073e-06 6.39146e-06 7.30909e-06 5.4571e-06 1.62738e-06 -2.66112e-06 -5.60341e-06 -6.22626e-06 -4.2762e-06 -6.88169e-07 2.94169e-06 5.21752e-06 5.1048e-06 2.84745e-06 -5.08145e-07 -3.51809e-06 -4.73335e-06 -3.81714e-06 -1.20436e-06 1.85954e-06 3.84531e-06 3.98538e-06 2.15e-06 -6.36161e-07 -2.87016e-06 -3.64728e-06 -2.57787e-06 -2.67788e-07 2.14907e-06 3.40529e-06 2.54972e-06 3.97959e-07 -1.55327e-06 -2.60303e-06 -2.47356e-06 -1.06802e-06 1.32061e-06 3.00387e-06 2.26732e-06 1.41873e-07 -1.42042e-06 -1.94096e-06 -1.6183e-06 -5.69769e-07 9.96502e-07 2.12598e-06 1.80071e-06 2.47943e-07 -1.62221e-06 -2.40118e-06 -1.08627e-06 9.71335e-07 1.87388e-06 1.36526e-06 1.43192e-08 -1.13292e-06 -1.21556e-06 -5.62448e-07 1.74086e-07 7.16456e-07 9.25058e-07 6.3179e-07 -2.01474e-07 -1.00275e-06 -1.1011e-06 -3.7644e-07 8.57058e-07 1.51645e-06 7.27754e-07 -6.99779e-07 -1.52464e-06 -1.12814e-06 4.3436e-07 1.67558e-06 1.23932e-06 -2.32143e-07 -1.48356e-06 -1.50968e-06 0. 
0.0966473 0.0969235 0.0957683 0.0933598 0.0898727 0.0854771 0.0803365 0.0746072 0.0684368 0.0619637 0.055316 0.0486114 0.0419567 0.0354474 0.0291678 0.0231911 0.0175792 0.0123828 0.00764209 0.0033869 -0.000363106 -0.00359775 -0.00631588 -0.00852473 -0.0102393 -0.0114816 -0.0122798 -0.0126678 -0.0126836 -0.0123692 -0.0117692 -0.0109301 -0.00989907 -0.00872343 -0.00744941 -0.00612147 -0.00478142 -0.00346775 -0.00221493 -0.00105289 -6.5767e-06 0.000904372 0.00166581 0.00226914 0.00271122 0.00299414 0.00312489 0.00311484 0.00297919 0.00273622 0.00240658 0.00201242 0.00157657 0.00112164 0.000669222 0.000239129 -0.000151335 -0.0004879 -0.00075981 -0.00096007 -0.0010856 -0.00113714 -0.00111906 -0.00103894 -0.000907053 -0.000735698 -0.000538464 -0.00032943 -0.000122363 7.00451e-05 0.000236883 0.000369569 0.000462301 0.000512263 0.000519713 0.000487783 0.000422188 0.000330668 0.000222387 0.000107172 -5.23379e-06 -0.000105923 -0.000187496 -0.000244572 -0.000274187 -0.000275898 -0.000251773 -0.000206055 -0.000144745 -7.49358e-05 -4.13663e-06 6.04866e-05 0.000112799 0.000148261 0.000164364 0.000160774 0.000139344 0.000103772 5.91792e-05 1.14297e-05 -3.35413e-05 -7.04518e-05 -9.52878e-05 -0.000105736 -0.00010145 -8.39839e-05 -5.65791e-05 -2.36221e-05 9.93841e-06 3.93283e-05 6.05968e-05 7.11553e-05 7.01334e-05 5.84174e-05 3.85099e-05 1.40425e-05 -1.07803e-05 -3.19082e-05 -4.60775e-05 -5.13296e-05 -4.73198e-05 -3.52962e-05 -1.78796e-05 1.48767e-06 1.91436e-05 3.19135e-05 3.76744e-05 3.57237e-05 2.68963e-05 1.33256e-05 -1.97679e-06 -1.5791e-05 -2.53274e-05 -2.8813e-05 -2.58415e-05 -1.74093e-05 -5.68716e-06 6.52273e-06 1.64065e-05 2.18059e-05 2.16937e-05 1.63859e-05 7.44594e-06 -2.74636e-06 -1.15814e-05 -1.68988e-05 -1.75147e-05 -1.35083e-05 -6.17408e-06 2.35775e-06 9.70574e-06 1.3905e-05 1.39358e-05 9.99548e-06 3.41077e-06 -3.76812e-06 -9.38907e-06 -1.18418e-05 -1.05305e-05 -6.04176e-06 7.56978e-08 5.80295e-06 9.32136e-06 9.5889e-06 6.6644e-06 1.67975e-06 -3.58984e-06 -7.31538e-06 -8.27369e-06 -6.25574e-06 -2.10795e-06 2.56196e-06 6.03113e-06 7.05932e-06 5.36556e-06 1.72494e-06 -2.38894e-06 -5.33319e-06 -6.00274e-06 -4.22905e-06 -8.2297e-07 2.72597e-06 4.95482e-06 4.97119e-06 2.85621e-06 -3.71295e-07 -3.27812e-06 -4.56626e-06 -3.73719e-06 -1.27023e-06 1.66943e-06 3.67946e-06 3.85628e-06 2.1637e-06 -4.99646e-07 -2.71813e-06 -3.49724e-06 -2.56665e-06 -3.62535e-07 2.02621e-06 3.25521e-06 2.50918e-06 4.61757e-07 -1.42168e-06 -2.45906e-06 -2.47045e-06 -1.11681e-06 1.25548e-06 2.87019e-06 2.20303e-06 1.90398e-07 -1.28693e-06 -1.8261e-06 -1.64346e-06 -6.19693e-07 9.31969e-07 2.02905e-06 1.81244e-06 2.99301e-07 -1.57622e-06 -2.30811e-06 -1.07304e-06 8.87528e-07 1.78145e-06 1.3128e-06 6.95995e-08 -1.03757e-06 -1.15919e-06 -5.64809e-07 7.66315e-08 6.52984e-07 9.53152e-07 6.48667e-07 -1.47827e-07 -9.60185e-07 -1.15966e-06 -3.92865e-07 8.62855e-07 1.47124e-06 7.59155e-07 -6.60783e-07 -1.54802e-06 -1.09615e-06 4.32647e-07 1.6081e-06 1.25195e-06 -2.17621e-07 -1.49175e-06 -1.44936e-06 0. 
0.0966473 0.0969021 0.0957277 0.0933043 0.0898086 0.0854118 0.0802785 0.0745652 0.0684195 0.0619791 0.0553711 0.0487118 0.0421065 0.0356488 0.0294214 0.0234956 0.0179315 0.0127786 0.00807562 0.00385125 0.00012435 -0.00309548 -0.00580738 -0.00801867 -0.00974411 -0.0110053 -0.0118299 -0.0122507 -0.0123051 -0.0120339 -0.0114804 -0.01069 -0.00970873 -0.00858258 -0.00735668 -0.0060744 -0.0047766 -0.00350092 -0.00228116 -0.00114671 -0.000122185 0.000772965 0.00152457 0.00212385 0.0025673 0.00285654 0.0029979 0.00300206 0.00288337 0.0026593 0.00234958 0.00197554 0.00155917 0.00112236 0.000686051 0.00026954 -0.000110251 -0.000439289 -0.000706889 -0.000906002 -0.00103331 -0.00108924 -0.00107769 -0.00100573 -0.000883033 -0.00072133 -0.000533585 -0.000333371 -0.000133953 5.23272e-05 0.000214832 0.000345106 0.000437346 0.000488628 0.000498947 0.000471144 0.000410494 0.000324353 0.000221397 0.000111093 2.78396e-06 -9.48545e-05 -0.000174618 -0.000231175 -0.000261502 -0.000265021 -0.000243523 -0.000200992 -0.000143037 -7.64733e-05 -8.44546e-06 5.40736e-05 0.000105154 0.000140299 0.000156973 0.000154732 0.000135195 0.000101854 5.94946e-05 1.37822e-05 -2.96397e-05 -6.55903e-05 -9.01749e-05 -0.000101044 -9.7751e-05 -8.17071e-05 -5.58897e-05 -2.452e-05 7.74234e-06 3.62195e-05 5.71258e-05 6.78504e-05 6.74812e-05 5.67863e-05 3.80505e-05 1.47715e-05 -9.11e-06 -2.96057e-05 -4.36047e-05 -4.9102e-05 -4.57059e-05 -3.45478e-05 -1.80382e-05 4.79483e-07 1.75751e-05 3.00816e-05 3.59741e-05 3.44633e-05 2.62853e-05 1.34646e-05 -1.20659e-06 -1.45486e-05 -2.39473e-05 -2.75675e-05 -2.50037e-05 -1.7142e-05 -5.98455e-06 5.72515e-06 1.53721e-05 2.07493e-05 2.08943e-05 1.60113e-05 7.54364e-06 -2.19588e-06 -1.07929e-05 -1.60405e-05 -1.68495e-05 -1.31818e-05 -6.24268e-06 1.90536e-06 9.06501e-06 1.32148e-05 1.34336e-05 9.79431e-06 3.54173e-06 -3.33002e-06 -8.84294e-06 -1.13069e-05 -1.02087e-05 -6.0058e-06 -1.52962e-07 5.35741e-06 8.8698e-06 9.2288e-06 6.54083e-06 1.81926e-06 -3.27977e-06 -6.90051e-06 -7.96103e-06 -6.10841e-06 -2.18236e-06 2.28486e-06 5.71248e-06 6.76243e-06 5.24885e-06 1.80357e-06 -2.17259e-06 -5.02542e-06 -5.7901e-06 -4.14262e-06 -9.11271e-07 2.49154e-06 4.72892e-06 4.78847e-06 2.83996e-06 -2.37355e-07 -3.08518e-06 -4.34982e-06 -3.65712e-06 -1.31404e-06 1.52736e-06 3.47059e-06 3.74141e-06 2.14168e-06 -3.9448e-07 -2.53488e-06 -3.38714e-06 -2.50488e-06 -4.15731e-07 1.87076e-06 3.12014e-06 2.43251e-06 5.37395e-07 -1.29842e-06 -2.38774e-06 -2.37733e-06 -1.12118e-06 1.13235e-06 2.74442e-06 2.13551e-06 2.54049e-07 -1.19319e-06 -1.75108e-06 -1.57482e-06 -6.85591e-07 8.41535e-07 2.00328e-06 1.74699e-06 3.11985e-07 -1.46042e-06 -2.23314e-06 -1.05979e-06 8.19615e-07 1.68583e-06 1.26585e-06 8.95854e-08 -9.24291e-07 -1.10057e-06 -6.12605e-07 6.10449e-08 5.97652e-07 8.99206e-07 7.238e-07 -1.24544e-07 -9.75923e-07 -1.10029e-06 -4.26179e-07 8.02166e-07 1.49816e-06 7.2942e-07 -6.60212e-07 -1.45981e-06 -1.10346e-06 3.99174e-07 1.60622e-06 1.18573e-06 -2.15537e-07 -1.40628e-06 -1.4426e-06 0. 
0.0966473 0.0968634 0.0956533 0.0932 0.0896825 0.0852738 0.0801398 0.0744374 0.068314 0.0619066 0.055341 0.0487319 0.0421825 0.0357845 0.0296183 0.023753 0.0182469 0.0131476 0.00849221 0.00430812 0.000613201 -0.00258371 -0.00528217 -0.00748961 -0.00922068 -0.0104966 -0.0113443 -0.0117958 -0.0118875 -0.0116591 -0.0111526 -0.0104122 -0.00948255 -0.00840837 -0.00723351 -0.00600018 -0.00474817 -0.00351418 -0.00233122 -0.00122806 -0.000228891 0.000647085 0.00138575 0.0019782 0.00242062 0.00271417 0.00286457 0.00288177 0.00277931 0.00257378 0.00228402 0.00193046 0.00153421 0.0011164 0.000697255 0.000295498 -7.23929e-05 -0.000392672 -0.000654791 -0.000851673 -0.000979828 -0.00103938 -0.00103378 -0.000969612 -0.000855938 -0.000703903 -0.000525848 -0.000334792 -0.000143482 3.61373e-05 0.000193737 0.000321024 0.000412239 0.000464365 0.000477185 0.000453234 0.000397392 0.000316595 0.000219058 0.000113839 9.89062e-06 -8.43935e-05 -0.000162022 -0.000217737 -0.000248498 -0.000253588 -0.000234569 -0.000195137 -0.000140553 -7.73033e-05 -1.2197e-05 4.80395e-05 9.76786e-05 0.000132298 0.000149364 0.000148319 0.000130594 9.94397e-05 5.9355e-05 1.5746e-05 -2.59974e-05 -6.0854e-05 -8.50394e-05 -9.61962e-05 -9.38031e-05 -7.911e-05 -5.48821e-05 -2.51165e-05 5.7611e-06 3.32405e-05 5.36684e-05 6.44582e-05 6.46636e-05 5.49285e-05 3.73664e-05 1.52821e-05 -7.5833e-06 -2.7385e-05 -4.11184e-05 -4.67868e-05 -4.39512e-05 -3.36183e-05 -1.80374e-05 -3.83291e-07 1.60747e-05 2.82657e-05 3.42148e-05 3.30929e-05 2.55465e-05 1.346e-05 -5.29442e-07 -1.33739e-05 -2.25583e-05 -2.62703e-05 -2.40736e-05 -1.67561e-05 -6.19137e-06 5.01133e-06 1.43503e-05 1.96755e-05 2.00266e-05 1.55424e-05 7.56169e-06 -1.72731e-06 -1.00204e-05 -1.51793e-05 -1.6127e-05 -1.27775e-05 -6.24357e-06 1.52573e-06 8.43291e-06 1.25219e-05 1.28764e-05 9.52372e-06 3.61771e-06 -2.95186e-06 -8.29089e-06 -1.07602e-05 -9.83032e-06 -5.90446e-06 -3.43389e-07 4.95488e-06 8.39323e-06 8.84245e-06 6.3626e-06 1.89867e-06 -2.98379e-06 -6.50612e-06 -7.60497e-06 -5.92009e-06 -2.21511e-06 2.05515e-06 5.37717e-06 6.45903e-06 5.0814e-06 1.83403e-06 -1.96837e-06 -4.74099e-06 -5.53372e-06 -4.02505e-06 -9.65241e-07 2.29614e-06 4.47551e-06 4.59708e-06 2.77743e-06 -1.43618e-07 -2.88483e-06 -4.14453e-06 -3.52574e-06 -1.32458e-06 1.39254e-06 3.28412e-06 3.58334e-06 2.09927e-06 -3.20026e-07 -2.38161e-06 -3.22374e-06 -2.43181e-06 -4.52688e-07 1.74554e-06 2.97303e-06 2.35047e-06 5.42732e-07 -1.19484e-06 -2.24981e-06 -2.30274e-06 -1.11675e-06 1.05673e-06 2.61496e-06 2.04588e-06 2.64627e-07 -1.09034e-06 -1.66098e-06 -1.54095e-06 -6.67277e-07 7.84173e-07 1.88667e-06 1.69672e-06 3.35142e-07 -1.38927e-06 -2.13762e-06 -1.01952e-06 7.63966e-07 1.58249e-06 1.22101e-06 1.18481e-07 -8.8628e-07 -1.03908e-06 -5.76889e-07 9.83806e-09 5.63875e-07 8.87083e-07 6.82282e-07 -9.8619e-08 -9.13335e-07 -1.08944e-06 -4.13823e-07 7.79352e-07 1.41904e-06 7.15201e-07 -6.1659e-07 -1.41721e-06 -1.0539e-06 3.85054e-07 1.52404e-06 1.14627e-06 -2.01134e-07 -1.35709e-06 -1.37197e-06 0. 
0.0966473 0.0968032 0.0955368 0.0930347 0.089479 0.0850452 0.0799004 0.0742025 0.0680984 0.0617242 0.0552041 0.0486508 0.0421649 0.0358358 0.0297412 0.0239477 0.0185111 0.0134769 0.0088804 0.00474742 0.00109458 -0.00207014 -0.00474684 -0.00694318 -0.00867369 -0.00995919 -0.010826 -0.0113054 -0.0114326 -0.011246 -0.0107866 -0.010097 -0.00922047 -0.0082004 -0.00707925 -0.00589794 -0.00469508 -0.00350634 -0.00236383 -0.00129562 -0.000325365 0.000528042 0.00125063 0.0018334 0.0022723 0.00256804 0.00272577 0.00275471 0.0026676 0.00248013 0.00221022 0.00187736 0.00150178 0.00110373 0.00070271 0.000316797 -3.80263e-05 -0.00034836 -0.000603849 -0.000797428 -0.000925493 -0.000987863 -0.000987624 -0.000930811 -0.000825956 -0.000683539 -0.000515329 -0.000333706 -0.000150923 2.1552e-05 0.000173702 0.000297455 0.000387124 0.000439622 0.000454569 0.000434176 0.00038299 0.000307466 0.000215423 0.000115424 1.60795e-05 -7.45825e-05 -0.00014976 -0.000204333 -0.000235252 -0.000241677 -0.000224986 -0.000188547 -0.000137341 -7.74458e-05 -1.5402e-05 4.24033e-05 9.03961e-05 0.000124304 0.000141583 0.000141587 0.00012559 9.65663e-05 5.8791e-05 1.73298e-05 -2.26103e-05 -5.62627e-05 -7.99019e-05 -9.12292e-05 -8.96394e-05 -7.62277e-05 -5.35861e-05 -2.54288e-05 3.98194e-06 3.0399e-05 5.02331e-05 6.10055e-05 6.17039e-05 5.28743e-05 3.64819e-05 1.55921e-05 -6.18826e-06 -2.52505e-05 -3.86247e-05 -4.44069e-05 -4.20747e-05 -3.25343e-05 -1.78963e-05 -1.11417e-06 1.46356e-05 2.64738e-05 3.24055e-05 3.1636e-05 2.46973e-05 1.33342e-05 6.69649e-08 -1.22618e-05 -2.11617e-05 -2.49369e-05 -2.30645e-05 -1.62755e-05 -6.32087e-06 4.36759e-06 1.33388e-05 1.85923e-05 1.91007e-05 1.5002e-05 7.51255e-06 -1.32271e-06 -9.26114e-06 -1.43181e-05 -1.53567e-05 -1.23165e-05 -6.18808e-06 1.19933e-06 7.80832e-06 1.18274e-05 1.22745e-05 9.2043e-06 3.64857e-06 -2.61436e-06 -7.73528e-06 -1.02041e-05 -9.40762e-06 -5.75934e-06 -5.02509e-07 4.57836e-06 7.89923e-06 8.43681e-06 6.14264e-06 1.94079e-06 -2.7009e-06 -6.12071e-06 -7.21889e-06 -5.70452e-06 -2.21618e-06 1.85102e-06 5.03348e-06 6.147e-06 4.87928e-06 1.83655e-06 -1.77588e-06 -4.46429e-06 -5.25101e-06 -3.88645e-06 -9.9487e-07 2.11793e-06 4.2089e-06 4.39469e-06 2.68608e-06 -6.99194e-08 -2.6838e-06 -3.93728e-06 -3.36729e-06 -1.31627e-06 1.26704e-06 3.10164e-06 3.40198e-06 2.04187e-06 -2.59465e-07 -2.23755e-06 -3.04445e-06 -2.34392e-06 -4.69498e-07 1.62586e-06 2.80973e-06 2.26482e-06 5.3324e-07 -1.11085e-06 -2.10595e-06 -2.20622e-06 -1.09042e-06 9.74125e-07 2.47479e-06 1.96615e-06 2.57269e-07 -1.01264e-06 -1.55728e-06 -1.48743e-06 -6.42591e-07 7.31787e-07 1.771e-06 1.62859e-06 3.36242e-07 -1.30576e-06 -2.02503e-06 -9.88962e-07 7.17168e-07 1.49482e-06 1.15709e-06 1.36464e-07 -8.42133e-07 -9.89332e-07 -5.36738e-07 -1.23992e-08 5.30613e-07 8.56732e-07 6.34471e-07 -8.25967e-08 -8.51183e-07 -1.05394e-06 -3.90366e-07 7.43711e-07 1.3296e-06 6.92331e-07 -5.75078e-07 -1.35834e-06 -9.91843e-07 3.6525e-07 1.43136e-06 1.09855e-06 -1.87753e-07 -1.29754e-06 -1.29023e-06 0. 
0.0966473 0.0967162 0.0953679 0.0927938 0.08918 0.0847048 0.0795374 0.0738361 0.0677479 0.0614072 0.0549364 0.0484454 0.0420322 0.0357827 0.0297716 0.0240626 0.0187087 0.0137528 0.00922799 0.00515833 0.00155901 -0.00156304 -0.00420854 -0.00638547 -0.00810829 -0.00939748 -0.0102787 -0.0107823 -0.0109424 -0.0107963 -0.0103835 -0.00974502 -0.00892281 -0.00795866 -0.00689359 -0.00576713 -0.0046166 -0.0034765 -0.00237798 -0.00134828 -0.000410461 0.000417017 0.00112035 0.00169056 0.00212337 0.00241912 0.00258236 0.00262165 0.00254888 0.00237887 0.00212857 0.00181653 0.001462 0.00108439 0.00070235 0.000333296 -7.36087e-06 -0.000306618 -0.000554353 -0.000743592 -0.000870609 -0.000935018 -0.000939479 -0.000889595 -0.000793263 -0.000660412 -0.000502105 -0.000330177 -0.000156257 8.61045e-06 0.000154819 0.000274515 0.000362128 0.000414553 0.000431224 0.000414125 0.000367376 0.000297082 0.000210525 0.000115901 2.13298e-05 -6.54336e-05 -0.000137893 -0.000191031 -0.000221836 -0.000229386 -0.000214831 -0.000181319 -0.000133426 -7.69651e-05 -1.80466e-05 3.71492e-05 8.33491e-05 0.000116352 0.000133679 0.000134605 0.000120217 9.33088e-05 5.78074e-05 1.85865e-05 -1.95035e-05 -5.18057e-05 -7.48029e-05 -8.61771e-05 -8.52943e-05 -7.31224e-05 -5.20116e-05 -2.55179e-05 2.42399e-06 2.76642e-05 4.68569e-05 5.75062e-05 5.86348e-05 5.06744e-05 3.54057e-05 1.57604e-05 -4.94571e-06 -2.3168e-05 -3.61607e-05 -4.19722e-05 -4.01055e-05 -3.13437e-05 -1.76159e-05 -1.76835e-06 1.32862e-05 2.46793e-05 3.05844e-05 3.01124e-05 2.37573e-05 1.31391e-05 5.68281e-07 -1.11656e-05 -1.97957e-05 -2.35609e-05 -2.20082e-05 -1.57387e-05 -6.3719e-06 3.74148e-06 1.23721e-05 1.74763e-05 1.81551e-05 1.44153e-05 7.40426e-06 -9.30532e-07 -8.546e-06 -1.34251e-05 -1.45801e-05 -1.18159e-05 -6.08839e-06 8.76842e-07 7.22179e-06 1.10981e-05 1.1671e-05 8.85221e-06 3.64495e-06 -2.26945e-06 -7.21067e-06 -9.60984e-06 -8.98327e-06 -5.59164e-06 -6.32705e-07 4.18092e-06 7.42973e-06 7.99296e-06 5.91822e-06 1.97623e-06 -2.4443e-06 -5.70159e-06 -6.85115e-06 -5.4593e-06 -2.2078e-06 1.63244e-06 4.71508e-06 5.79603e-06 4.68806e-06 1.83005e-06 -1.60004e-06 -4.15372e-06 -4.99154e-06 -3.72019e-06 -1.02404e-06 1.92015e-06 3.96672e-06 4.15519e-06 2.60929e-06 5.88347e-09 -2.49909e-06 -3.69177e-06 -3.23453e-06 -1.29544e-06 1.14875e-06 2.88716e-06 3.24585e-06 1.95929e-06 -1.87152e-07 -2.06718e-06 -2.90228e-06 -2.22655e-06 -4.87453e-07 1.48968e-06 2.65061e-06 2.1461e-06 5.73568e-07 -1.02015e-06 -2.01722e-06 -2.06518e-06 -1.05426e-06 8.68776e-07 2.32025e-06 1.8729e-06 3.02523e-07 -9.54243e-07 -1.47838e-06 -1.37603e-06 -6.63874e-07 6.57812e-07 1.7103e-06 1.52697e-06 3.27604e-07 -1.19585e-06 -1.91181e-06 -9.52164e-07 6.44752e-07 1.41238e-06 1.09805e-06 1.22143e-07 -7.40719e-07 -9.31676e-07 -5.61708e-07 1.16025e-08 4.87092e-07 7.77508e-07 6.63216e-07 -7.826e-08 -8.40758e-07 -9.60483e-07 -3.93457e-07 6.74866e-07 1.3023e-06 6.42487e-07 -5.58078e-07 -1.25007e-06 -9.60306e-07 3.31452e-07 1.38022e-06 1.01815e-06 -1.80504e-07 -1.1996e-06 -1.23997e-06 0. 
0.0966473 0.0965962 0.0951347 0.0924601 0.0887637 0.0842277 0.0790235 0.0733101 0.0672339 0.0609276 0.0545108 0.0480903 0.0417603 0.0356031 0.0296896 0.0240799 0.0188236 0.0139608 0.00952216 0.00552955 0.00199657 -0.00107104 -0.00367477 -0.00582295 -0.00753004 -0.00881613 -0.00970626 -0.0102298 -0.0104198 -0.0103121 -0.00994479 -0.00935744 -0.00859028 -0.00768352 -0.00667659 -0.00560754 -0.00451227 -0.00342405 -0.0023729 -0.00138518 -0.000483215 0.000314998 0.000995942 0.0015507 0.00197482 0.00226831 0.00243519 0.00248333 0.00242381 0.00227054 0.00203951 0.00174827 0.00141511 0.00105847 0.00069619 0.000344912 1.94543e-05 -0.00026765 -0.000506561 -0.000690426 -0.000815475 -0.000881102 -0.000889632 -0.000846172 -0.000758085 -0.000634646 -0.00048631 -0.000324239 -0.000159517 -2.6442e-06 0.000137145 0.000252298 0.000337372 0.00038927 0.000407296 0.00039317 0.000350684 0.000285491 0.000204455 0.00011527 2.56723e-05 -5.69882e-05 -0.000126449 -0.00017789 -0.000208324 -0.000216767 -0.000204196 -0.000173476 -0.000128888 -7.58512e-05 -2.01759e-05 3.2315e-05 7.65392e-05 0.000108488 0.000125697 0.000127403 0.000114542 8.96688e-05 5.64687e-05 1.94873e-05 -1.66399e-05 -4.75268e-05 -6.97463e-05 -8.10749e-05 -8.08093e-05 -6.98011e-05 -5.02182e-05 -2.53576e-05 1.0375e-06 2.50812e-05 4.3523e-05 5.39983e-05 5.54805e-05 4.8336e-05 3.41896e-05 1.5758e-05 -3.80434e-06 -2.11858e-05 -3.37043e-05 -3.95195e-05 -3.80635e-05 -3.00463e-05 -1.7246e-05 -2.30757e-06 1.19779e-05 2.29328e-05 2.87356e-05 2.85486e-05 2.27545e-05 1.28565e-05 1.0273e-06 -1.01363e-05 -1.84208e-05 -2.21867e-05 -2.09081e-05 -1.51473e-05 -6.38888e-06 3.1772e-06 1.13995e-05 1.63811e-05 1.71747e-05 1.37982e-05 7.27055e-06 -5.88161e-07 -7.82119e-06 -1.25583e-05 -1.37718e-05 -1.12995e-05 -5.9713e-06 5.93158e-07 6.61889e-06 1.03942e-05 1.10371e-05 8.49124e-06 3.63295e-06 -1.95586e-06 -6.66201e-06 -9.03815e-06 -8.5315e-06 -5.41706e-06 -7.66195e-07 3.81106e-06 6.92969e-06 7.56841e-06 5.67459e-06 2.00278e-06 -2.17029e-06 -5.30935e-06 -6.45162e-06 -5.22861e-06 -2.19576e-06 1.42884e-06 4.3667e-06 5.47205e-06 4.47439e-06 1.82888e-06 -1.40726e-06 -3.8674e-06 -4.69975e-06 -3.57637e-06 -1.05258e-06 1.73337e-06 3.69224e-06 3.94604e-06 2.51649e-06 8.74083e-08 -2.2903e-06 -3.47553e-06 -3.07376e-06 -1.2946e-06 1.01459e-06 2.6946e-06 3.06155e-06 1.90604e-06 -1.18384e-07 -1.90708e-06 -2.71701e-06 -2.14865e-06 -5.15204e-07 1.36445e-06 2.48312e-06 2.04997e-06 5.71555e-07 -8.99628e-07 -1.8639e-06 -2.00006e-06 -1.0404e-06 8.03903e-07 2.17386e-06 1.75902e-06 3.07444e-07 -8.22103e-07 -1.37154e-06 -1.35706e-06 -6.46794e-07 5.99824e-07 1.58509e-06 1.47776e-06 3.46477e-07 -1.12414e-06 -1.80091e-06 -8.99966e-07 5.85156e-07 1.28406e-06 1.0388e-06 1.66015e-07 -6.87582e-07 -8.58476e-07 -5.26125e-07 -6.4325e-08 4.43349e-07 7.76955e-07 6.27953e-07 -4.40978e-08 -7.77072e-07 -9.62553e-07 -3.82705e-07 6.56405e-07 1.22122e-06 6.3054e-07 -5.13186e-07 -1.20906e-06 -9.06824e-07 3.17607e-07 1.29214e-06 9.76431e-07 -1.65503e-07 -1.1472e-06 -1.16315e-06 0. 
0.0966473 0.0964356 0.0948222 0.0920126 0.0882044 0.0835846 0.0783272 0.072592 0.0665241 0.0602539 0.0538976 0.0475576 0.0413238 0.0352738 0.0294741 0.0239805 0.0188389 0.0140861 0.00974977 0.00584954 0.00239715 -0.000602977 -0.00315322 -0.00526228 -0.00694465 -0.00822005 -0.00911283 -0.0096514 -0.00986752 -0.00979569 -0.00947246 -0.00893569 -0.00822394 -0.00737566 -0.00642865 -0.00541928 -0.00438199 -0.00334865 -0.00234809 -0.00140566 -0.000542888 0.000222804 0.000878265 0.00141467 0.00182752 0.00211646 0.00228505 0.00234047 0.00229303 0.00215568 0.00194349 0.00167294 0.00136134 0.00102614 0.000684293 0.000351631 4.23278e-05 -0.000231604 -0.000460665 -0.000638161 -0.000760331 -0.00082637 -0.000838312 -0.000800769 -0.0007206 -0.000606406 -0.000468043 -0.000315973 -0.000160721 -1.22082e-05 0.000120729 0.000230874 0.000312946 0.000363877 0.000382884 0.000371421 0.00033299 0.000272778 0.00019725 0.000113571 2.90993e-05 -4.92519e-05 -0.00011547 -0.000164953 -0.000194769 -0.00020388 -0.000193124 -0.000165074 -0.000123743 -7.41361e-05 -2.1777e-05 2.78971e-05 6.99987e-05 0.000100732 0.000117669 0.000120015 0.000108584 8.56776e-05 5.47696e-05 2.00498e-05 -1.40449e-05 -4.34268e-05 -6.4763e-05 -7.59382e-05 -7.62029e-05 -6.62848e-05 -4.82014e-05 -2.49649e-05 -1.52691e-07 2.26437e-05 4.0262e-05 5.04868e-05 5.2258e-05 4.58714e-05 3.28265e-05 1.5598e-05 -2.79165e-06 -1.92958e-05 -3.12856e-05 -3.70487e-05 -3.59609e-05 -2.86493e-05 -1.67722e-05 -2.74242e-06 1.07422e-05 2.12257e-05 2.68851e-05 2.69425e-05 2.16899e-05 1.24924e-05 1.41844e-06 -9.16288e-06 -1.70692e-05 -2.0805e-05 -1.97773e-05 -1.45004e-05 -6.35439e-06 2.6653e-06 1.04547e-05 1.52933e-05 1.61802e-05 1.31442e-05 7.10049e-06 -2.88862e-07 -7.11976e-06 -1.17019e-05 -1.2956e-05 -1.07564e-05 -5.82868e-06 3.43164e-07 6.03237e-06 9.69795e-06 1.03969e-05 8.10833e-06 3.60308e-06 -1.66762e-06 -6.12267e-06 -8.46885e-06 -8.07324e-06 -5.22281e-06 -8.88044e-07 3.45864e-06 6.43301e-06 7.14034e-06 5.42497e-06 2.01192e-06 -1.90227e-06 -4.92648e-06 -6.05174e-06 -4.98956e-06 -2.17999e-06 1.23872e-06 4.01996e-06 5.14961e-06 4.25988e-06 1.81716e-06 -1.21516e-06 -3.58869e-06 -4.40822e-06 -3.42783e-06 -1.08225e-06 1.55575e-06 3.4173e-06 3.73759e-06 2.42566e-06 1.6127e-07 -2.07888e-06 -3.26341e-06 -2.91555e-06 -1.28886e-06 8.77417e-07 2.50755e-06 2.87627e-06 1.85093e-06 -4.10411e-08 -1.75337e-06 -2.53616e-06 -2.06933e-06 -5.41953e-07 1.24167e-06 2.30379e-06 1.95979e-06 5.88978e-07 -7.90524e-07 -1.72233e-06 -1.92718e-06 -1.01904e-06 7.2986e-07 2.01238e-06 1.66283e-06 3.25273e-07 -7.08718e-07 -1.25737e-06 -1.32822e-06 -6.51732e-07 5.38845e-07 1.47761e-06 1.4293e-06 3.53858e-07 -1.04702e-06 -1.67587e-06 -8.62831e-07 5.16095e-07 1.1723e-06 9.66817e-07 2.04236e-07 -6.03403e-07 -7.92527e-07 -5.11667e-07 -1.29017e-07 3.9204e-07 7.69512e-07 6.16497e-07 -8.56764e-09 -7.28058e-07 -9.62719e-07 -3.75419e-07 6.33767e-07 1.15099e-06 6.24248e-07 -4.74466e-07 -1.17198e-06 -8.53292e-07 3.02218e-07 1.20581e-06 9.4131e-07 -1.5192e-07 -1.10092e-06 -1.08491e-06 0. 
0.0966473 0.096225 0.0944126 0.0914258 0.0874709 0.0827405 0.0774115 0.0716441 0.0655817 0.0593511 0.0530639 0.0468172 0.0406953 0.0347702 0.0291032 0.0237451 0.0187376 0.0141136 0.00989768 0.00610679 0.00275069 -0.000167654 -0.00265154 -0.00471014 -0.00635794 -0.00761427 -0.00850276 -0.00905077 -0.00928876 -0.00924976 -0.00896864 -0.00848153 -0.00782514 -0.00703613 -0.00615045 -0.00520279 -0.00422592 -0.00325026 -0.00230331 -0.00140934 -0.000588966 0.000141061 0.000768004 0.00128325 0.00168222 0.00196433 0.00213267 0.00219378 0.00215716 0.00203488 0.00184098 0.00159094 0.00130099 0.000987611 0.000666774 0.000353503 6.12276e-05 -0.000198572 -0.000416805 -0.000586981 -0.000705374 -0.000771048 -0.000785721 -0.000753605 -0.000680974 -0.000575861 -0.000447409 -0.000305477 -0.000159901 -2.01016e-05 0.000105601 0.000210288 0.000288917 0.000338462 0.000358063 0.000348976 0.000314356 0.000259024 0.000188938 0.000110852 3.16054e-05 -4.2218e-05 -0.000104985 -0.000152247 -0.000181207 -0.000190771 -0.000181639 -0.000156158 -0.000117995 -7.18528e-05 -2.28314e-05 2.38852e-05 6.37555e-05 9.30957e-05 0.000109619 0.000112466 0.000102345 8.13614e-05 5.269e-05 2.02922e-05 -1.175e-05 -3.95005e-05 -5.98781e-05 -7.07741e-05 -7.14786e-05 -6.2588e-05 -4.59392e-05 -2.43547e-05 -1.11017e-06 2.03417e-05 3.71034e-05 4.69697e-05 4.89714e-05 4.32866e-05 3.12904e-05 1.52913e-05 -1.94834e-06 -1.74868e-05 -2.89341e-05 -3.45532e-05 -3.37956e-05 -2.71543e-05 -1.61607e-05 -3.08259e-06 9.62188e-06 1.9545e-05 2.50537e-05 2.52856e-05 2.05458e-05 1.2049e-05 1.69822e-06 -8.23215e-06 -1.57771e-05 -1.94004e-05 -1.86149e-05 -1.37923e-05 -6.23059e-06 2.19591e-06 9.58093e-06 1.41938e-05 1.51826e-05 1.2441e-05 6.86228e-06 -2.61404e-08 -6.48736e-06 -1.08348e-05 -1.21492e-05 -1.017e-05 -5.63167e-06 1.2173e-07 5.50809e-06 8.98593e-06 9.76675e-06 7.68503e-06 3.52493e-06 -1.39762e-06 -5.63726e-06 -7.87527e-06 -7.61848e-06 -4.9918e-06 -9.62454e-07 3.11047e-06 5.98003e-06 6.67914e-06 5.16681e-06 1.99299e-06 -1.68237e-06 -4.53011e-06 -5.68105e-06 -4.71325e-06 -2.14034e-06 1.05929e-06 3.71824e-06 4.79618e-06 4.0537e-06 1.77598e-06 -1.06061e-06 -3.29542e-06 -4.14843e-06 -3.24129e-06 -1.09507e-06 1.38288e-06 3.18254e-06 3.49287e-06 2.3403e-06 2.13298e-07 -1.90306e-06 -3.02303e-06 -2.7804e-06 -1.25077e-06 7.65622e-07 2.30553e-06 2.72123e-06 1.75476e-06 2.8421e-08 -1.59233e-06 -2.39651e-06 -1.95225e-06 -5.59094e-07 1.12745e-06 2.14391e-06 1.82619e-06 6.36166e-07 -6.93841e-07 -1.64004e-06 -1.80805e-06 -9.7941e-07 6.5724e-07 1.84708e-06 1.55077e-06 3.87158e-07 -6.4391e-07 -1.18531e-06 -1.22509e-06 -6.77063e-07 4.66522e-07 1.41808e-06 1.34679e-06 3.4613e-07 -9.6436e-07 -1.55196e-06 -8.14716e-07 4.25956e-07 1.09655e-06 9.10047e-07 1.79713e-07 -4.83558e-07 -7.25959e-07 -5.53624e-07 -1.16651e-07 3.46041e-07 6.98107e-07 6.58601e-07 5.24119e-09 -7.23946e-07 -8.92243e-07 -3.81736e-07 5.77123e-07 1.12682e-06 5.88904e-07 -4.57054e-07 -1.08986e-06 -8.20482e-07 2.76199e-07 1.15043e-06 8.80563e-07 -1.43707e-07 -1.0269e-06 -1.02936e-06 0. 
0.0966473 0.0959526 0.0938832 0.0906685 0.0865254 0.0816535 0.0762327 0.0704232 0.064365 0.0581801 0.0519739 0.0458368 0.039846 0.0340669 0.0285546 0.0233543 0.0185028 0.0140287 0.0099531 0.00629016 0.00304747 0.000226453 -0.00217718 -0.00417304 -0.0057756 -0.00700379 -0.00788042 -0.00843173 -0.00868682 -0.00867712 -0.00843575 -0.00799697 -0.00739556 -0.00666624 -0.00584303 -0.00495878 -0.00404454 -0.00312912 -0.00223862 -0.00139608 -0.000621146 7.0188e-05 0.000665691 0.001157 0.00153958 0.0018126 0.00197874 0.00204391 0.00201683 0.00190869 0.00173249 0.00150268 0.00123443 0.000943142 0.000643831 0.000350619 7.61902e-05 -0.000168595 -0.000375075 -0.000537023 -0.000650782 -0.000715317 -0.000732078 -0.000704859 -0.000639415 -0.000543153 -0.000424569 -0.000292831 -0.00015715 -2.63418e-05 9.17433e-05 0.000190575 0.000265332 0.000313087 0.000332921 0.000325902 0.000294881 0.000244277 0.000179605 0.000107128 3.32441e-05 -3.59005e-05 -9.49815e-05 -0.000139804 -0.000167663 -0.000177471 -0.000169791 -0.000146745 -0.000111699 -6.89935e-05 -2.33853e-05 2.03045e-05 5.77876e-05 8.56076e-05 0.00010155 0.000104772 9.58541e-05 7.67128e-05 5.02707e-05 2.01861e-05 -9.71849e-06 -3.57828e-05 -5.50724e-05 -6.56047e-05 -6.66415e-05 -5.87059e-05 -4.34581e-05 -2.34959e-05 -1.87134e-06 1.82167e-05 3.40174e-05 4.34748e-05 4.56119e-05 4.05774e-05 2.95985e-05 1.48022e-05 -1.23952e-06 -1.5805e-05 -2.66159e-05 -3.20602e-05 -3.15543e-05 -2.55502e-05 -1.54282e-05 -3.28446e-06 8.57915e-06 1.79375e-05 2.32067e-05 2.35941e-05 1.93149e-05 1.14986e-05 1.89355e-06 -7.39636e-06 -1.4501e-05 -1.80093e-05 -1.73939e-05 -1.30137e-05 -6.02934e-06 1.81786e-06 8.7349e-06 1.31307e-05 1.41422e-05 1.16936e-05 6.55529e-06 1.56515e-07 -5.88284e-06 -1.00104e-05 -1.13046e-05 -9.55326e-06 -5.37276e-06 -3.01895e-08 5.00481e-06 8.31349e-06 9.09612e-06 7.2349e-06 3.39114e-06 -1.18924e-06 -5.15994e-06 -7.31231e-06 -7.11614e-06 -4.7302e-06 -9.90719e-07 2.81699e-06 5.51609e-06 6.23455e-06 4.85471e-06 1.93611e-06 -1.49086e-06 -4.17871e-06 -5.27649e-06 -4.4349e-06 -2.0494e-06 9.23583e-07 3.41575e-06 4.47111e-06 3.79544e-06 1.71252e-06 -9.36083e-07 -3.04298e-06 -3.85298e-06 -3.0587e-06 -1.05844e-06 1.24631e-06 2.93647e-06 3.27159e-06 2.19984e-06 2.44021e-07 -1.74099e-06 -2.8166e-06 -2.59335e-06 -1.20603e-06 6.84296e-07 2.13457e-06 2.5303e-06 1.67148e-06 4.4141e-08 -1.46635e-06 -2.21587e-06 -1.84429e-06 -5.43218e-07 1.02333e-06 1.99819e-06 1.72933e-06 5.82011e-07 -6.25317e-07 -1.493e-06 -1.70489e-06 -9.43887e-07 5.92908e-07 1.74046e-06 1.4539e-06 3.37177e-07 -5.6132e-07 -1.08422e-06 -1.18116e-06 -6.26711e-07 4.32899e-07 1.29757e-06 1.26775e-06 3.47605e-07 -8.88155e-07 -1.46923e-06 -7.65551e-07 4.16103e-07 9.90139e-07 8.5018e-07 2.08684e-07 -4.81896e-07 -6.74359e-07 -4.81071e-07 -1.52148e-07 3.16598e-07 6.82552e-07 5.90958e-07 1.50159e-08 -6.51154e-07 -8.60629e-07 -3.61118e-07 5.50367e-07 1.04248e-06 5.57497e-07 -4.17157e-07 -1.02672e-06 -7.709e-07 2.59393e-07 1.07583e-06 8.2357e-07 -1.32332e-07 -9.5888e-07 -9.66788e-07 0. 
0.0966473 0.0956034 0.0932055 0.0897013 0.0853213 0.080273 0.0747395 0.068879 0.0628269 0.056698 0.0505892 0.0445824 0.0387463 0.0331383 0.0278063 0.0227892 0.0181183 0.0138174 0.00990401 0.00638925 0.00327845 0.000571439 -0.00173706 -0.00365709 -0.00520307 -0.00639341 -0.00725007 -0.00779807 -0.00806505 -0.00808072 -0.00787635 -0.00748422 -0.00693708 -0.00626755 -0.00550766 -0.00468827 -0.0038386 -0.00298573 -0.00215429 -0.00136597 -0.000639345 1.04205e-05 0.000571682 0.00103641 0.00140012 0.00166184 0.00182385 0.00189146 0.00187266 0.00177767 0.00161856 0.00140865 0.00116204 0.000893052 0.000615696 0.000343141 8.72933e-05 -0.000141662 -0.000335528 -0.000488393 -0.000596705 -0.000659361 -0.000677576 -0.000654742 -0.000596116 -0.000508474 -0.000399674 -0.000278175 -0.000152556 -3.09958e-05 7.91372e-05 0.000171742 0.000242231 0.000287819 0.000307538 0.000302296 0.000274655 0.000228636 0.000169325 0.000102477 3.40524e-05 -3.0264e-05 -8.54619e-05 -0.000127632 -0.000154171 -0.000164025 -0.000157629 -0.000136895 -0.000104899 -6.56147e-05 -2.3461e-05 1.71215e-05 5.20976e-05 7.8266e-05 9.34874e-05 9.69581e-05 8.91407e-05 7.17748e-05 4.75339e-05 1.97725e-05 -7.94508e-06 -3.22512e-05 -5.0358e-05 -6.0434e-05 -6.17125e-05 -5.46657e-05 -4.07757e-05 -2.2425e-05 -2.44052e-06 1.62405e-05 3.10146e-05 3.99955e-05 4.21976e-05 3.77619e-05 2.77644e-05 1.41632e-05 -6.65104e-07 -1.4222e-05 -2.43442e-05 -2.95616e-05 -2.92546e-05 -2.38538e-05 -1.45835e-05 -3.37923e-06 7.62085e-06 1.63777e-05 2.13619e-05 2.18653e-05 1.80124e-05 1.08634e-05 2.00449e-06 -6.62419e-06 -1.3257e-05 -1.66145e-05 -1.61337e-05 -1.2175e-05 -5.75674e-06 1.50104e-06 7.9303e-06 1.20787e-05 1.30813e-05 1.0903e-05 6.19013e-06 2.85955e-07 -5.31851e-06 -9.19958e-06 -1.0447e-05 -8.90175e-06 -5.06499e-06 -1.37382e-07 4.53563e-06 7.65021e-06 8.41225e-06 6.75225e-06 3.21449e-06 -1.01704e-06 -4.70766e-06 -6.74967e-06 -6.59565e-06 -4.43569e-06 -9.81241e-07 2.54932e-06 5.0653e-06 5.77888e-06 4.51799e-06 1.84738e-06 -1.32952e-06 -3.83901e-06 -4.87068e-06 -4.13463e-06 -1.92991e-06 8.12667e-07 3.13074e-06 4.14044e-06 3.52192e-06 1.62251e-06 -8.36676e-07 -2.79972e-06 -3.55782e-06 -2.85561e-06 -9.98987e-07 1.1284e-06 2.70235e-06 3.03927e-06 2.04419e-06 2.51899e-07 -1.59654e-06 -2.6081e-06 -2.40022e-06 -1.139e-06 6.2223e-07 1.96999e-06 2.3391e-06 1.56664e-06 4.52201e-08 -1.35007e-06 -2.04433e-06 -1.71999e-06 -5.08157e-07 9.34464e-07 1.85202e-06 1.61773e-06 5.29241e-07 -5.76319e-07 -1.36989e-06 -1.5801e-06 -8.82932e-07 5.3097e-07 1.62491e-06 1.36568e-06 2.94617e-07 -5.22729e-07 -9.96498e-07 -1.09569e-06 -5.76014e-07 3.94072e-07 1.19857e-06 1.17998e-06 3.23255e-07 -8.14518e-07 -1.37183e-06 -7.23973e-07 4.01168e-07 9.23327e-07 7.87694e-07 1.97687e-07 -4.65719e-07 -6.29782e-07 -4.29755e-07 -1.40208e-07 2.97843e-07 6.32115e-07 5.32391e-07 1.66597e-08 -5.96513e-07 -7.99632e-07 -3.30242e-07 5.08033e-07 9.60948e-07 5.21209e-07 -3.86038e-07 -9.54154e-07 -7.14688e-07 2.38942e-07 9.99526e-07 7.67081e-07 -1.23219e-07 -8.91629e-07 -8.99856e-07 0. 
0.0966473 0.0951576 0.0923426 0.0884742 0.0838002 0.0785374 0.0728705 0.0669538 0.0609146 0.0548576 0.0488688 0.0430189 0.0373664 0.0319594 0.0268373 0.0220321 0.017569 0.013467 0.00973964 0.00639481 0.00343561 0.000860281 -0.00133739 -0.00316782 -0.00464528 -0.00578761 -0.00661575 -0.00715346 -0.00742674 -0.00746354 -0.00729311 -0.00694567 -0.00645176 -0.00584188 -0.00514586 -0.00439252 -0.00360908 -0.00282087 -0.00205085 -0.00131933 -0.000643697 -3.82026e-05 0.000486162 0.000921769 0.00126426 0.00151255 0.00166855 0.00173703 0.00172519 0.00164242 0.00149969 0.00130932 0.00108424 0.000837709 0.000582641 0.000331285 9.46595e-05 -0.000117711 -0.00029818 -0.000441162 -0.000543259 -0.000603343 -0.000622391 -0.000603463 -0.000551265 -0.00047203 -0.000372886 -0.000261672 -0.000146221 -3.41577e-05 6.77503e-05 0.000153771 0.000219647 0.000262708 0.000281989 0.000278256 0.000253767 0.000212214 0.000158173 9.69928e-05 3.40749e-05 -2.52526e-05 -7.6423e-05 -0.000115727 -0.000140763 -0.000150472 -0.000145203 -0.000126679 -9.76447e-05 -6.17895e-05 -2.30881e-05 1.4284e-05 4.66855e-05 7.10558e-05 8.54555e-05 8.90507e-05 8.22431e-05 6.65998e-05 4.45119e-05 1.9109e-05 -6.4179e-06 -2.88671e-05 -4.57476e-05 -5.52577e-05 -5.67211e-05 -5.04978e-05 -3.79217e-05 -2.11916e-05 -2.83183e-06 1.43689e-05 2.8104e-05 3.65155e-05 3.87546e-05 3.48591e-05 2.58155e-05 1.34174e-05 -2.13481e-07 -1.26956e-05 -2.21309e-05 -2.7041e-05 -2.69236e-05 -2.20843e-05 -1.3651e-05 -3.40874e-06 6.74275e-06 1.48292e-05 1.95386e-05 2.00929e-05 1.66672e-05 1.01712e-05 2.04738e-06 -5.87441e-06 -1.20547e-05 -1.51927e-05 -1.48627e-05 -1.12885e-05 -5.4366e-06 1.20782e-06 7.16856e-06 1.1006e-05 1.20263e-05 1.00705e-05 5.79453e-06 3.94558e-07 -4.79101e-06 -8.36851e-06 -9.6015e-06 -8.21152e-06 -4.7379e-06 -2.29004e-07 4.09625e-06 6.96308e-06 7.74132e-06 6.23355e-06 3.0246e-06 -8.52148e-07 -4.27962e-06 -6.1575e-06 -6.0868e-06 -4.10996e-06 -9.61038e-07 2.277e-06 4.63532e-06 5.28863e-06 4.19072e-06 1.73756e-06 -1.17934e-06 -3.4801e-06 -4.48412e-06 -3.80007e-06 -1.81624e-06 7.05571e-07 2.86025e-06 3.77823e-06 3.2662e-06 1.50932e-06 -7.38504e-07 -2.53888e-06 -3.28219e-06 -2.61971e-06 -9.51844e-07 1.01048e-06 2.48086e-06 2.77468e-06 1.90911e-06 2.44168e-07 -1.45337e-06 -2.37398e-06 -2.23032e-06 -1.04719e-06 5.51792e-07 1.79162e-06 2.16578e-06 1.42909e-06 6.78325e-08 -1.22495e-06 -1.89348e-06 -1.56925e-06 -4.86606e-07 8.54844e-07 1.69932e-06 1.4677e-06 5.25156e-07 -5.26678e-07 -1.27974e-06 -1.43405e-06 -8.16123e-07 4.83459e-07 1.47421e-06 1.25312e-06 3.13845e-07 -5.06012e-07 -9.29374e-07 -9.67709e-07 -5.54153e-07 3.48094e-07 1.11973e-06 1.07866e-06 2.98334e-07 -7.50302e-07 -1.24837e-06 -6.66768e-07 3.37943e-07 8.78318e-07 7.30692e-07 1.43788e-07 -3.91723e-07 -5.78816e-07 -4.33873e-07 -8.87158e-08 2.71521e-07 5.47669e-07 5.22225e-07 9.68669e-09 -5.6964e-07 -7.08288e-07 -3.10543e-07 4.52539e-07 8.99585e-07 4.74545e-07 -3.60501e-07 -8.68775e-07 -6.60755e-07 2.1682e-07 9.22097e-07 7.05845e-07 -1.13572e-07 -8.21063e-07 -8.27245e-07 0. 
0.0966473 0.0945888 0.0912454 0.0869222 0.0818886 0.0763709 0.070553 0.0645809 0.0585693 0.0526086 0.0467702 0.0411112 0.0356774 0.0305064 0.0256283 0.0210672 0.0168422 0.012967 0.009451 0.0062992 0.00351234 0.00108718 -0.000983355 -0.00270992 -0.00410655 -0.00519034 -0.00598115 -0.00650129 -0.00677509 -0.00682851 -0.00668874 -0.00638376 -0.00594185 -0.00539118 -0.00475937 -0.00407299 -0.00335725 -0.00263552 -0.00192907 -0.0012567 -0.000634543 -7.58411e-05 0.000409145 0.000813238 0.00113228 0.00136509 0.00151329 0.00158109 0.00157498 0.00150342 0.00137642 0.00120516 0.00100148 0.000777473 0.000545001 0.000315277 9.84722e-05 -9.66526e-05 -0.000262994 -0.00039536 -0.000490534 -0.000547378 -0.000566698 -0.000551179 -0.000505074 -0.000433978 -0.000344405 -0.000243444 -0.000138296 -3.58923e-05 5.75058e-05 0.000136657 0.000197582 0.000237797 0.000256342 0.000253847 0.000232328 0.000195075 0.000146269 9.07185e-05 3.34054e-05 -2.08568e-05 -6.7818e-05 -0.000104108 -0.000127448 -0.00013685 -0.000132571 -0.00011613 -9.00176e-05 -5.75346e-05 -2.23461e-05 1.17994e-05 4.15006e-05 6.40032e-05 7.7449e-05 8.108e-05 7.52003e-05 6.12063e-05 4.12709e-05 1.81915e-05 -5.07053e-06 -2.56552e-05 -4.12024e-05 -5.01086e-05 -5.16722e-05 -4.62241e-05 -3.49418e-05 -1.97936e-05 -3.10918e-06 1.26287e-05 2.52349e-05 3.30715e-05 3.52715e-05 3.18935e-05 2.37855e-05 1.2561e-05 1.75362e-07 -1.12573e-05 -1.99239e-05 -2.45386e-05 -2.45488e-05 -2.02637e-05 -1.26653e-05 -3.36061e-06 5.8849e-06 1.33316e-05 1.76911e-05 1.83164e-05 1.52793e-05 9.43157e-06 2.06859e-06 -5.17627e-06 -1.08351e-05 -1.37905e-05 -1.35537e-05 -1.03811e-05 -5.09546e-06 9.54434e-07 6.39033e-06 9.96027e-06 1.09339e-05 9.23411e-06 5.37881e-06 4.76226e-07 -4.24499e-06 -7.56368e-06 -8.71742e-06 -7.52669e-06 -4.39309e-06 -3.03412e-07 3.6338e-06 6.29966e-06 7.03088e-06 5.72485e-06 2.82279e-06 -6.98903e-07 -3.82156e-06 -5.58768e-06 -5.53994e-06 -3.79622e-06 -9.39712e-07 2.01531e-06 4.16756e-06 4.82162e-06 3.83257e-06 1.63887e-06 -1.01441e-06 -3.13588e-06 -4.05554e-06 -3.49047e-06 -1.68769e-06 5.93498e-07 2.55769e-06 3.43909e-06 2.97462e-06 1.41881e-06 -6.30629e-07 -2.28685e-06 -2.96496e-06 -2.41419e-06 -8.90811e-07 8.83131e-07 2.22533e-06 2.53686e-06 1.7432e-06 2.617e-07 -1.29141e-06 -2.15666e-06 -2.0207e-06 -9.88307e-07 4.77266e-07 1.61392e-06 1.95521e-06 1.33164e-06 7.51046e-08 -1.09404e-06 -1.69938e-06 -1.44863e-06 -4.56852e-07 7.48218e-07 1.53605e-06 1.35657e-06 4.67012e-07 -4.52222e-07 -1.12951e-06 -1.32239e-06 -7.61917e-07 4.19789e-07 1.34731e-06 1.13865e-06 2.64294e-07 -4.10454e-07 -8.21672e-07 -9.21414e-07 -4.99913e-07 3.14385e-07 9.94558e-07 9.86003e-07 2.88527e-07 -6.63578e-07 -1.14582e-06 -6.08093e-07 3.21365e-07 7.53347e-07 6.59274e-07 1.7898e-07 -3.75656e-07 -5.20228e-07 -3.65319e-07 -1.28905e-07 2.38355e-07 5.29505e-07 4.57445e-07 1.88217e-08 -4.9797e-07 -6.67714e-07 -2.85987e-07 4.19793e-07 8.09376e-07 4.34877e-07 -3.20293e-07 -7.90226e-07 -6.02507e-07 1.9593e-07 8.37448e-07 6.35367e-07 -1.0181e-07 -7.36946e-07 -7.54163e-07 0. 
0.0966473 0.0938602 0.0898469 0.0849587 0.0794916 0.0736796 0.0677002 0.061684 0.0557266 0.049898 0.0442509 0.0388253 0.0336528 0.0287586 0.0241629 0.0198819 0.0159276 0.0123091 0.00903147 0.00609683 0.00350381 0.00124781 -0.000678894 -0.00228707 -0.00359034 -0.00460492 -0.00534946 -0.00584467 -0.00611302 -0.00617844 -0.00606589 -0.00580098 -0.00540963 -0.00491757 -0.00435005 -0.00373136 -0.00308451 -0.00243089 -0.00178993 -0.00117884 -0.000612424 -0.000102836 0.000340468 0.000710821 0.00100431 0.00121974 0.00135843 0.00142408 0.00142248 0.00136119 0.00124924 0.00109667 0.0009142 0.000712753 0.000503097 0.0002954 9.89232e-05 -7.83472e-05 -0.00022991 -0.000350983 -0.000438578 -0.000491569 -0.000510618 -0.000498058 -0.00045769 -0.000394503 -0.000314367 -0.00022365 -0.000128877 -3.63068e-05 4.83615e-05 0.000120361 0.000176044 0.000213111 0.000230643 0.000229142 0.000210395 0.000177311 0.000133659 8.37382e-05 3.20667e-05 -1.7022e-05 -5.96522e-05 -9.27619e-05 -0.000114251 -0.000123184 -0.00011976 -0.000105298 -8.20364e-05 -5.29062e-05 -2.12333e-05 9.62507e-06 3.65634e-05 5.70921e-05 6.94956e-05 7.30586e-05 6.80315e-05 5.56281e-05 3.78103e-05 1.706e-05 -3.92506e-06 -2.25859e-05 -3.67549e-05 -4.49779e-05 -4.65908e-05 -4.18594e-05 -3.18382e-05 -1.82608e-05 -3.24893e-06 1.0989e-05 2.24448e-05 2.9646e-05 3.17776e-05 2.88694e-05 2.16768e-05 1.1617e-05 4.73786e-07 -9.87783e-06 -1.77648e-05 -2.20349e-05 -2.21584e-05 -1.83933e-05 -1.16215e-05 -3.25626e-06 5.08336e-06 1.18565e-05 1.58622e-05 1.65184e-05 1.3867e-05 8.65027e-06 2.047e-06 -4.50431e-06 -9.64338e-06 -1.23806e-05 -1.22411e-05 -9.44418e-06 -4.7279e-06 7.23482e-07 5.63726e-06 8.91076e-06 9.84691e-06 8.3751e-06 4.94901e-06 5.40691e-07 -3.71771e-06 -6.75415e-06 -7.84153e-06 -6.82258e-06 -4.04205e-06 -3.65913e-07 3.18418e-06 5.62841e-06 6.32891e-06 5.1989e-06 2.61953e-06 -5.5184e-07 -3.3724e-06 -5.0063e-06 -5.00181e-06 -3.4679e-06 -9.19628e-07 1.75317e-06 3.70745e-06 4.34014e-06 3.48415e-06 1.53051e-06 -8.47842e-07 -2.78403e-06 -3.63637e-06 -3.16634e-06 -1.5697e-06 4.8318e-07 2.25668e-06 3.08667e-06 2.69626e-06 1.31872e-06 -5.14526e-07 -2.02713e-06 -2.65671e-06 -2.19499e-06 -8.44847e-07 7.55151e-07 1.97064e-06 2.28542e-06 1.59407e-06 2.73285e-07 -1.12119e-06 -1.92794e-06 -1.82633e-06 -9.20097e-07 3.89211e-07 1.43048e-06 1.7519e-06 1.22002e-06 1.05986e-07 -9.57284e-07 -1.51686e-06 -1.31949e-06 -4.36778e-07 6.47518e-07 1.35435e-06 1.22712e-06 4.55945e-07 -3.75093e-07 -1.00672e-06 -1.20286e-06 -6.93186e-07 3.5983e-07 1.17534e-06 1.02082e-06 2.70845e-07 -3.34728e-07 -7.25576e-07 -8.44726e-07 -4.72326e-07 2.64996e-07 8.87917e-07 8.97928e-07 2.66169e-07 -5.8391e-07 -1.00363e-06 -5.50664e-07 2.57513e-07 6.53078e-07 5.84222e-07 1.82372e-07 -2.99976e-07 -4.54496e-07 -3.48483e-07 -1.4771e-07 2.01482e-07 4.87853e-07 4.29602e-07 3.35091e-08 -4.49763e-07 -6.19755e-07 -2.62073e-07 3.79299e-07 7.24893e-07 4.00633e-07 -2.8309e-07 -7.16241e-07 -5.35296e-07 1.747e-07 7.39379e-07 5.73412e-07 -8.88724e-08 -6.62489e-07 -6.64336e-07 0. 
0.0966473 0.0929185 0.0880526 0.0824659 0.0764853 0.0703465 0.0642093 0.0581775 0.0523176 0.0466722 0.0412699 0.0361307 0.03127 0.0266996 0.0224295 0.0184673 0.0148191 0.0114885 0.00847729 0.0057846 0.00340729 0.00133967 -0.000426448 -0.00190172 -0.00309915 -0.00403393 -0.00472329 -0.00518621 -0.0054432 -0.00551596 -0.00542711 -0.00519982 -0.00485745 -0.00442325 -0.00391994 -0.00336945 -0.0027925 -0.00220838 -0.0016346 -0.00108671 -0.000578074 -0.000119711 0.000279802 0.000614369 0.000880375 0.00107663 0.00120421 0.00126634 0.00126809 0.00121619 0.0011186 0.00098431 0.000822829 0.000643958 0.000457281 0.000271955 9.62448e-05 -6.26245e-05 -0.000198825 -0.000307989 -0.000387404 -0.000435979 -0.000454245 -0.000444229 -0.000409255 -0.00035376 -0.000282915 -0.000202432 -0.000118076 -3.54992e-05 4.02538e-05 0.000104842 0.000155024 0.000188661 0.000204922 0.000204189 0.00018802 0.000158987 0.000120396 7.61095e-05 3.00947e-05 -1.37136e-05 -5.19135e-05 -8.16824e-05 -0.000101181 -0.000109491 -0.000106793 -9.42133e-05 -7.37198e-05 -4.79314e-05 -1.97582e-05 7.74588e-06 3.18772e-05 5.03222e-05 6.16054e-05 6.49976e-05 6.07451e-05 4.98791e-05 3.41301e-05 1.57235e-05 -2.99064e-06 -1.96581e-05 -3.24178e-05 -3.98712e-05 -4.1484e-05 -3.741e-05 -2.86064e-05 -1.65959e-05 -3.23605e-06 9.45235e-06 1.97504e-05 2.62438e-05 2.82802e-05 2.57891e-05 1.94811e-05 1.05826e-05 6.61865e-07 -8.56294e-06 -1.56722e-05 -1.95338e-05 -1.97566e-05 -1.64715e-05 -1.05052e-05 -3.08901e-06 4.36191e-06 1.04105e-05 1.40675e-05 1.46996e-05 1.24253e-05 7.82066e-06 1.95991e-06 -3.86728e-06 -8.50247e-06 -1.09661e-05 -1.09286e-05 -8.47167e-06 -4.31498e-06 5.25128e-07 4.93523e-06 7.86246e-06 8.77524e-06 7.48794e-06 4.4894e-06 5.76784e-07 -3.2361e-06 -5.94568e-06 -6.98603e-06 -6.09316e-06 -3.6699e-06 -4.04484e-07 2.77454e-06 4.95446e-06 5.64659e-06 4.64781e-06 2.39791e-06 -4.23406e-07 -2.95875e-06 -4.41588e-06 -4.47883e-06 -3.11418e-06 -8.79614e-07 1.50195e-06 3.2788e-06 3.84185e-06 3.14319e-06 1.39898e-06 -7.05063e-07 -2.43189e-06 -3.2429e-06 -2.81886e-06 -1.44847e-06 3.8798e-07 1.98258e-06 2.7204e-06 2.43363e-06 1.19499e-06 -4.13713e-07 -1.76725e-06 -2.37345e-06 -1.95183e-06 -7.99403e-07 6.39581e-07 1.73983e-06 2.01606e-06 1.45859e-06 2.63585e-07 -9.67128e-07 -1.68983e-06 -1.6531e-06 -8.27514e-07 3.07569e-07 1.2486e-06 1.57132e-06 1.08084e-06 1.40621e-07 -8.25324e-07 -1.35795e-06 -1.17171e-06 -4.22573e-07 5.67451e-07 1.18491e-06 1.06841e-06 4.68313e-07 -3.06876e-07 -9.12665e-07 -1.07201e-06 -6.23173e-07 3.23395e-07 9.96053e-07 8.88043e-07 3.13689e-07 -2.90566e-07 -6.54513e-07 -7.31719e-07 -4.57745e-07 2.14917e-07 7.9983e-07 8.05379e-07 2.43679e-07 -5.25209e-07 -8.55145e-07 -4.8179e-07 1.67329e-07 5.87909e-07 5.21603e-07 1.38647e-07 -1.97136e-07 -3.88565e-07 -3.68262e-07 -1.23436e-07 1.66883e-07 4.15547e-07 4.30487e-07 3.85775e-08 -4.22498e-07 -5.47842e-07 -2.44008e-07 3.30921e-07 6.56282e-07 3.6115e-07 -2.5143e-07 -6.40428e-07 -4.72663e-07 1.55121e-07 6.456e-07 5.15962e-07 -7.63068e-08 -5.96028e-07 -5.75565e-07 0. 
0.0966473 0.0916824 0.0857235 0.0792789 0.072706 0.0662259 0.0599601 0.0539674 0.0482719 0.0428802 0.0377915 0.0330032 0.0285129 0.0243193 0.0204217 0.0168202 0.0135147 0.0105046 0.00778812 0.00536231 0.00322251 0.00136225 -0.000226813 -0.00155497 -0.0026344 -0.00347906 -0.00410459 -0.00452808 -0.00476792 -0.00484347 -0.00477487 -0.00458269 -0.0042877 -0.00391048 -0.0034712 -0.00298925 -0.00248301 -0.00196956 -0.00146444 -0.000981432 -0.000532402 -0.00012715 0.000226667 0.000523593 0.000760353 0.000935801 0.00105082 0.00110815 0.0011122 0.00106881 0.000984971 0.000868522 0.000727837 0.000571493 0.000407956 0.000245256 9.07218e-05 -4.92922e-05 -0.000169591 -0.000266309 -0.000336994 -0.000380643 -0.000397668 -0.000389797 -0.000359921 -0.00031188 -0.000250222 -0.000179911 -0.000106048 -3.35541e-05 3.30788e-05 9.00617e-05 0.000134479 0.000164455 0.000179198 0.000179025 0.000165268 0.000140146 0.000106565 6.78651e-05 2.75685e-05 -1.09197e-05 -4.45485e-05 -7.08778e-05 -8.82219e-05 -9.57901e-05 -9.36869e-05 -8.28913e-05 -6.51117e-05 -4.26122e-05 -1.79728e-05 6.17609e-06 2.73994e-05 4.37171e-05 5.37581e-05 5.69162e-05 5.33478e-05 4.39616e-05 3.02591e-05 1.41636e-05 -2.22846e-06 -1.69041e-05 -2.81576e-05 -3.48177e-05 -3.63372e-05 -3.28853e-05 -2.52557e-05 -1.47803e-05 -3.09959e-06 8.05684e-06 1.71166e-05 2.2902e-05 2.47553e-05 2.26657e-05 1.71977e-05 9.43764e-06 7.63349e-07 -7.35599e-06 -1.36107e-05 -1.70749e-05 -1.73165e-05 -1.45073e-05 -9.31495e-06 -2.82964e-06 3.69433e-06 9.04225e-06 1.22693e-05 1.28938e-05 1.09302e-05 6.93588e-06 1.81537e-06 -3.30891e-06 -7.37657e-06 -9.59446e-06 -9.57896e-06 -7.47673e-06 -3.84744e-06 3.92541e-07 4.25609e-06 6.86785e-06 7.67515e-06 6.59904e-06 3.97837e-06 5.60564e-07 -2.77878e-06 -5.19158e-06 -6.10419e-06 -5.37134e-06 -3.24822e-06 -3.99353e-07 2.3858e-06 4.33148e-06 4.93429e-06 4.10497e-06 2.12823e-06 -3.35685e-07 -2.55735e-06 -3.87109e-06 -3.91791e-06 -2.76267e-06 -7.95573e-07 1.29247e-06 2.8473e-06 3.38113e-06 2.75529e-06 1.25831e-06 -5.94911e-07 -2.12313e-06 -2.82543e-06 -2.49591e-06 -1.2771e-06 3.16412e-07 1.71779e-06 2.39467e-06 2.12577e-06 1.0761e-06 -3.50282e-07 -1.5434e-06 -2.06583e-06 -1.7359e-06 -7.02123e-07 5.42971e-07 1.51119e-06 1.78343e-06 1.2713e-06 2.5571e-07 -8.39633e-07 -1.48794e-06 -1.43716e-06 -7.50897e-07 2.67711e-07 1.09009e-06 1.36671e-06 9.74921e-07 1.16051e-07 -7.17235e-07 -1.17628e-06 -1.04371e-06 -3.68583e-07 4.75015e-07 1.04373e-06 9.64916e-07 3.81496e-07 -2.6122e-07 -7.73246e-07 -9.47801e-07 -5.61704e-07 2.59928e-07 9.03991e-07 7.91295e-07 2.30559e-07 -2.2383e-07 -5.53176e-07 -6.76835e-07 -3.91029e-07 1.93335e-07 6.88482e-07 7.04422e-07 2.24657e-07 -4.38656e-07 -7.80343e-07 -4.3067e-07 1.8602e-07 4.79639e-07 4.52568e-07 1.67484e-07 -2.127e-07 -3.44138e-07 -2.8163e-07 -1.43857e-07 1.42087e-07 3.9213e-07 3.54957e-07 3.67595e-08 -3.52559e-07 -4.946e-07 -2.18282e-07 2.95484e-07 5.76217e-07 3.15578e-07 -2.19037e-07 -5.55863e-07 -4.25453e-07 1.33406e-07 5.81311e-07 4.42262e-07 -6.83725e-08 -5.08799e-07 -5.21858e-07 0. 
0.0966473 0.0900213 0.0826466 0.0751611 0.0679356 0.0611382 0.0548157 0.0489555 0.0435226 0.0384785 0.0337892 0.0294279 0.0253748 0.0216157 0.0181408 0.0149434 0.0120182 0.00936096 0.00696747 0.00483298 0.00295185 0.00131726 -7.89772e-05 -0.00124648 -0.00219635 -0.0029411 -0.00349461 -0.00387191 -0.0040891 -0.0041631 -0.00411142 -0.00395196 -0.00370273 -0.00338159 -0.00300602 -0.00259283 -0.00215795 -0.00171617 -0.00128097 -0.000864297 -0.000476469 -0.000125995 0.000180446 0.000438085 0.000644023 0.000797214 0.000898344 0.000949724 0.0009551 0.000919457 0.000848778 0.000749785 0.000629674 0.000495819 0.000355515 0.000215678 8.26437e-05 -3.81021e-05 -0.000142046 -0.000225837 -0.000287313 -0.000325584 -0.000340953 -0.000334881 -0.000309815 -0.000269037 -0.000216436 -0.000156269 -9.29191e-05 -3.06185e-05 2.67542e-05 7.59345e-05 0.000114383 0.000140476 0.000153494 0.000153695 0.000142189 0.000120875 9.22237e-05 5.91027e-05 2.4533e-05 -8.55972e-06 -3.75389e-05 -6.03054e-05 -7.53813e-05 -8.20838e-05 -8.04685e-05 -7.1374e-05 -5.62404e-05 -3.70121e-05 -1.5894e-05 4.85402e-06 2.31317e-05 3.72381e-05 4.59707e-05 4.88106e-05 4.58609e-05 3.79059e-05 2.62102e-05 1.243e-05 -1.64225e-06 -1.42755e-05 -2.39931e-05 -2.9791e-05 -3.11732e-05 -2.82914e-05 -2.17994e-05 -1.28492e-05 -2.8337e-06 6.75631e-06 1.45664e-05 1.95862e-05 2.12295e-05 1.94949e-05 1.48401e-05 8.20936e-06 7.68445e-07 -6.2133e-06 -1.16086e-05 -1.46237e-05 -1.48669e-05 -1.24964e-05 -8.05987e-06 -2.50696e-06 3.09916e-06 7.70822e-06 1.0502e-05 1.10719e-05 9.40757e-06 6.00198e-06 1.60973e-06 -2.79179e-06 -6.29759e-06 -8.22445e-06 -8.22802e-06 -6.44603e-06 -3.33554e-06 2.9977e-07 3.62551e-06 5.88222e-06 6.58765e-06 5.68253e-06 3.43609e-06 5.0813e-07 -2.36618e-06 -4.44735e-06 -5.23967e-06 -4.62489e-06 -2.80248e-06 -3.61652e-07 2.03704e-06 3.71494e-06 4.23815e-06 3.53663e-06 1.83635e-06 -2.76436e-07 -2.19148e-06 -3.32573e-06 -3.3679e-06 -2.38292e-06 -6.87588e-07 1.10503e-06 2.44624e-06 2.90966e-06 2.36965e-06 1.08778e-06 -5.11681e-07 -1.82526e-06 -2.43063e-06 -2.15076e-06 -1.09694e-06 2.70591e-07 1.48065e-06 2.06311e-06 1.82837e-06 9.27754e-07 -3.06229e-07 -1.33084e-06 -1.78016e-06 -1.49641e-06 -5.99475e-07 4.69957e-07 1.30634e-06 1.53874e-06 1.0916e-06 2.17952e-07 -7.30772e-07 -1.28576e-06 -1.23743e-06 -6.45441e-07 2.38833e-07 9.44585e-07 1.18079e-06 8.39409e-07 9.07401e-08 -6.239e-07 -1.01746e-06 -9.00392e-07 -3.12514e-07 4.15999e-07 9.10288e-07 8.33944e-07 3.17434e-07 -2.33791e-07 -6.68864e-07 -8.16058e-07 -4.85382e-07 2.25965e-07 7.96077e-07 6.92764e-07 1.8561e-07 -2.11401e-07 -4.81043e-07 -5.74095e-07 -3.3194e-07 1.65522e-07 5.99942e-07 6.13104e-07 1.90539e-07 -3.85491e-07 -6.85426e-07 -3.78331e-07 1.73715e-07 4.34237e-07 3.95065e-07 1.30665e-07 -1.9922e-07 -3.02308e-07 -2.36739e-07 -1.09931e-07 1.29884e-07 3.31263e-07 2.9919e-07 3.03775e-08 -3.0544e-07 -4.25179e-07 -1.8562e-07 2.54774e-07 4.99899e-07 2.76263e-07 -1.92389e-07 -4.86845e-07 -3.70692e-07 1.16779e-07 5.09289e-07 3.89953e-07 -6.04691e-08 -4.49045e-07 -4.58031e-07 0. 
0.0966473 0.0877078 0.0784795 0.069766 0.0618844 0.0548681 0.0486292 0.0430484 0.0380149 0.0334387 0.0292516 0.0254041 0.0218609 0.0185976 0.015597 0.0128471 0.0103392 0.00806652 0.00602303 0.00420303 0.00260049 0.00120865 1.99194e-05 -0.000974398 -0.00178405 -0.00241991 -0.00289386 -0.00321876 -0.00340827 -0.00347671 -0.00343888 -0.00330989 -0.00310488 -0.00283893 -0.00252671 -0.0021824 -0.00181936 -0.00145006 -0.00108583 -0.000736746 -0.000411478 -0.000117216 0.000140397 0.00035732 0.000531068 0.00066073 0.000746817 0.000791245 0.000797083 0.000768502 0.000710447 0.000628562 0.000528812 0.000417401 0.00030039 0.000183613 7.23413e-05 -2.87844e-05 -0.000115995 -0.000186443 -0.000238303 -0.000270804 -0.00028416 -0.000279587 -0.000259078 -0.000225395 -0.000181729 -0.00013168 -7.88524e-05 -2.68391e-05 2.11642e-05 6.23712e-05 9.46861e-05 0.000116704 0.000127824 0.00012824 0.000118851 0.000101253 7.74622e-05 4.99138e-05 2.10712e-05 -6.55904e-06 -3.08316e-05 -4.99269e-05 -6.26486e-05 -6.83772e-05 -6.71664e-05 -5.9702e-05 -4.71593e-05 -3.11889e-05 -1.35775e-05 3.72719e-06 1.90364e-05 3.08564e-05 3.82363e-05 4.06843e-05 3.8308e-05 3.17427e-05 2.20246e-05 1.05657e-05 -1.19242e-06 -1.1737e-05 -1.99041e-05 -2.47785e-05 -2.59994e-05 -2.36427e-05 -1.82669e-05 -1.08349e-05 -2.47364e-06 5.51777e-06 1.20773e-05 1.62803e-05 1.77049e-05 1.62849e-05 1.24328e-05 6.92462e-06 7.08641e-07 -5.10604e-06 -9.64654e-06 -1.2167e-05 -1.24127e-05 -1.0449e-05 -6.76511e-06 -2.14686e-06 2.54835e-06 6.38491e-06 8.75442e-06 9.22923e-06 7.87057e-06 5.03586e-06 1.3707e-06 -2.29081e-06 -5.24483e-06 -6.84243e-06 -6.87849e-06 -5.38807e-06 -2.80297e-06 2.23876e-07 3.01888e-06 4.88819e-06 5.50862e-06 4.74178e-06 2.88255e-06 4.39992e-07 -1.97271e-06 -3.69496e-06 -4.38554e-06 -3.8556e-06 -2.3511e-06 -3.10721e-07 1.70301e-06 3.08813e-06 3.55207e-06 2.94622e-06 1.54166e-06 -2.26259e-07 -1.83739e-06 -2.76631e-06 -2.827e-06 -1.98261e-06 -5.77696e-07 9.2021e-07 2.05559e-06 2.41989e-06 1.99211e-06 9.00806e-07 -4.31086e-07 -1.52128e-06 -2.04629e-06 -1.78498e-06 -9.23324e-07 2.3271e-07 1.24871e-06 1.71627e-06 1.54198e-06 7.61992e-07 -2.59138e-07 -1.11348e-06 -1.50386e-06 -1.23692e-06 -5.06512e-07 4.02848e-07 1.1052e-06 1.27735e-06 9.24374e-07 1.66267e-07 -6.18749e-07 -1.07291e-06 -1.04952e-06 -5.22616e-07 2.01508e-07 7.96477e-07 1.00262e-06 6.83736e-07 7.94108e-08 -5.30737e-07 -8.65587e-07 -7.43037e-07 -2.66713e-07 3.68827e-07 7.7059e-07 6.8083e-07 2.7896e-07 -2.08339e-07 -5.76218e-07 -6.78267e-07 -4.0696e-07 2.09359e-07 6.63958e-07 5.78503e-07 1.75928e-07 -2.11928e-07 -4.18494e-07 -4.52341e-07 -2.84103e-07 1.38048e-07 5.13184e-07 5.19358e-07 1.58659e-07 -3.46825e-07 -5.70193e-07 -3.15011e-07 1.29875e-07 4.05042e-07 3.40602e-07 6.78277e-08 -1.54808e-07 -2.57559e-07 -2.18744e-07 -5.61833e-08 1.14176e-07 2.55857e-07 2.61969e-07 2.00463e-08 -2.66804e-07 -3.46521e-07 -1.55061e-07 2.12331e-07 4.23461e-07 2.35348e-07 -1.63673e-07 -4.20094e-07 -3.10015e-07 1.02257e-07 4.25725e-07 3.42372e-07 -5.05175e-08 -3.96573e-07 -3.81695e-07 0. 
0.0966473 0.0843094 0.0726451 0.0625817 0.0541789 0.0471749 0.0412604 0.0361742 0.0317197 0.0277572 0.0241893 0.0209494 0.017992 0.015286 0.0128102 0.0105498 0.00849423 0.00663541 0.00496678 0.00348241 0.00217643 0.00104272 7.4572e-05 -0.000735406 -0.0013954 -0.00191438 -0.00230214 -0.00256915 -0.00272652 -0.00278586 -0.00275916 -0.0026586 -0.00249645 -0.00228483 -0.00203561 -0.00176019 -0.00146938 -0.0011732 -0.000880817 -0.000600328 -0.000338758 -0.000101901 0.000105666 0.000280669 0.00042108 0.000526129 0.000596207 0.000632808 0.000638394 0.000616262 0.0005704 0.000505284 0.000425736 0.000336685 0.000243042 0.000149445 6.01791e-05 -2.1064e-05 -9.12081e-05 -0.000147983 -0.000189884 -0.000216285 -0.00022734 -0.000223995 -0.000207855 -0.000181092 -0.000146294 -0.000106294 -6.40353e-05 -2.23401e-05 1.61657e-05 4.92977e-05 7.53144e-05 9.31217e-05 0.000102193 0.000102691 9.53219e-05 8.13412e-05 6.23861e-05 4.03609e-05 1.72926e-05 -4.87299e-06 -2.43451e-05 -3.97273e-05 -4.99914e-05 -5.46839e-05 -5.38024e-05 -4.7906e-05 -3.79322e-05 -2.51744e-05 -1.11045e-05 2.77716e-06 1.50449e-05 2.45738e-05 3.05227e-05 3.25557e-05 3.07033e-05 2.54957e-05 1.77549e-05 8.5859e-06 -8.1132e-07 -9.2903e-06 -1.58373e-05 -1.97976e-05 -2.08001e-05 -1.89618e-05 -1.46863e-05 -8.75114e-06 -2.07685e-06 4.34538e-06 9.59209e-06 1.30049e-05 1.41543e-05 1.30604e-05 9.99285e-06 5.59612e-06 6.35532e-07 -4.043e-06 -7.66902e-06 -9.73054e-06 -9.92774e-06 -8.39078e-06 -5.4505e-06 -1.75673e-06 1.98905e-06 5.09012e-06 6.97599e-06 7.39711e-06 6.3062e-06 4.05917e-06 1.13215e-06 -1.81176e-06 -4.16244e-06 -5.47868e-06 -5.49509e-06 -4.33399e-06 -2.26296e-06 1.59353e-07 2.38499e-06 3.9122e-06 4.39155e-06 3.81323e-06 2.31603e-06 3.69627e-07 -1.55354e-06 -2.95787e-06 -3.49114e-06 -3.10303e-06 -1.88508e-06 -2.6375e-07 1.34222e-06 2.47484e-06 2.825e-06 2.37561e-06 1.23546e-06 -1.69204e-07 -1.45222e-06 -2.2215e-06 -2.24666e-06 -1.60475e-06 -4.64992e-07 7.2962e-07 1.62754e-06 1.94945e-06 1.58136e-06 7.37458e-07 -3.39031e-07 -1.21829e-06 -1.62003e-06 -1.44578e-06 -7.30664e-07 1.75267e-07 9.88292e-07 1.38377e-06 1.21759e-06 6.27366e-07 -2.08037e-07 -8.90884e-07 -1.18743e-06 -1.00756e-06 -3.94306e-07 3.12603e-07 8.74932e-07 1.0349e-06 7.23099e-07 1.49466e-07 -4.94616e-07 -8.64604e-07 -8.22342e-07 -4.36136e-07 1.68222e-07 6.34161e-07 7.88892e-07 5.67906e-07 4.82406e-08 -4.20739e-07 -6.78989e-07 -6.05122e-07 -2.02819e-07 2.75088e-07 6.20988e-07 5.6837e-07 1.89855e-07 -1.62693e-07 -4.38636e-07 -5.44107e-07 -3.32086e-07 1.44334e-07 5.60199e-07 4.73068e-07 9.41892e-08 -1.42872e-07 -3.16591e-07 -3.90834e-07 -2.13521e-07 1.16687e-07 4.00693e-07 4.06778e-07 1.31286e-07 -2.52387e-07 -4.83792e-07 -2.5878e-07 1.44651e-07 2.88855e-07 2.6619e-07 9.66524e-08 -1.63175e-07 -2.10359e-07 -1.35241e-07 -7.29527e-08 8.92392e-08 2.26418e-07 1.87069e-07 1.54443e-08 -1.98236e-07 -2.82038e-07 -1.25772e-07 1.70752e-07 3.39498e-07 1.8201e-07 -1.31516e-07 -3.2206e-07 -2.57168e-07 7.6922e-08 3.55369e-07 2.58293e-07 -4.25431e-08 -2.97054e-07 -3.21501e-07 0. 
0.0966473 0.078908 0.0641304 0.0528657 0.0443725 0.0378272 0.0326111 0.0283088 0.0246516 0.0214664 0.0186415 0.0161041 0.0138061 0.0117157 0.00981139 0.00807835 0.00650617 0.00508708 0.00381494 0.00268439 0.00169041 0.000827884 9.14271e-05 -0.000524801 -0.00102717 -0.0014226 -0.00171857 -0.00192308 -0.00204457 -0.00209183 -0.00207394 -0.00200012 -0.00187962 -0.00172161 -0.00153505 -0.00132853 -0.0011102 -0.000887652 -0.000667774 -0.000456701 -0.000259726 -8.12386e-05 7.53075e-05 0.00020742 0.000313561 0.000393126 0.000446397 0.000474477 0.000479204 0.000463047 0.000428989 0.000380394 0.000320876 0.000254147 0.000183887 0.000113598 4.64939e-05 -1.46305e-05 -6.74678e-05 -0.000110288 -0.000141963 -0.000161998 -0.000170509 -0.00016819 -0.000156241 -0.000136284 -0.000110259 -8.02944e-05 -4.85916e-05 -1.72828e-05 1.16699e-05 3.6606e-05 5.62281e-05 6.96904e-05 7.66072e-05 7.70772e-05 7.16372e-05 6.12151e-05 4.70408e-05 3.05411e-05 1.32322e-05 -3.41451e-06 -1.80662e-05 -2.96532e-05 -3.74185e-05 -4.09957e-05 -4.03971e-05 -3.60203e-05 -2.85774e-05 -1.9029e-05 -8.47924e-06 1.94041e-06 1.11701e-05 1.83459e-05 2.28536e-05 2.44137e-05 2.30673e-05 1.91884e-05 1.34055e-05 6.53724e-06 -5.16055e-07 -6.88586e-06 -1.18246e-05 -1.48169e-05 -1.56052e-05 -1.42482e-05 -1.10679e-05 -6.62757e-06 -1.62571e-06 3.19446e-06 7.14857e-06 9.7223e-06 1.06147e-05 9.81008e-06 7.53352e-06 4.24442e-06 5.28358e-07 -2.98317e-06 -5.71973e-06 -7.27649e-06 -7.45141e-06 -6.3097e-06 -4.12388e-06 -1.35792e-06 1.45217e-06 3.78221e-06 5.21639e-06 5.54104e-06 4.7472e-06 3.06849e-06 8.84337e-07 -1.32376e-06 -3.09698e-06 -4.09007e-06 -4.12564e-06 -3.26107e-06 -1.72534e-06 8.99121e-08 1.76173e-06 2.91109e-06 3.29095e-06 2.86247e-06 1.75975e-06 3.01573e-07 -1.139e-06 -2.19538e-06 -2.61355e-06 -2.32677e-06 -1.43412e-06 -2.19073e-07 9.82461e-07 1.83504e-06 2.11562e-06 1.78199e-06 9.47148e-07 -1.06586e-07 -1.06792e-06 -1.64832e-06 -1.68672e-06 -1.2076e-06 -3.70881e-07 5.26859e-07 1.20456e-06 1.44958e-06 1.1952e-06 5.62858e-07 -2.31647e-07 -8.94483e-07 -1.20782e-06 -1.07995e-06 -5.65296e-07 1.1607e-07 7.22767e-07 1.02363e-06 9.18687e-07 4.76407e-07 -1.34542e-07 -6.51184e-07 -8.83883e-07 -7.51838e-07 -3.1344e-07 2.20297e-07 6.40751e-07 7.65655e-07 5.52568e-07 1.20599e-07 -3.50992e-07 -6.34691e-07 -6.19301e-07 -3.30128e-07 1.0616e-07 4.6222e-07 5.86044e-07 4.23261e-07 5.71208e-08 -3.01722e-07 -5.02838e-07 -4.50884e-07 -1.63714e-07 1.98479e-07 4.44936e-07 4.15709e-07 1.68672e-07 -1.07834e-07 -3.29845e-07 -4.06737e-07 -2.43853e-07 1.061e-07 3.84787e-07 3.42725e-07 1.02789e-07 -9.60896e-08 -2.36132e-07 -2.88032e-07 -1.70639e-07 7.79864e-08 2.95255e-07 3.04727e-07 9.7402e-08 -1.86281e-07 -3.33031e-07 -1.88391e-07 7.67701e-08 2.08594e-07 1.94718e-07 7.02517e-08 -8.91163e-08 -1.47363e-07 -1.22812e-07 -6.03811e-08 6.12232e-08 1.65935e-07 1.5287e-07 1.75292e-08 -1.51661e-07 -2.12402e-07 -9.32904e-08 1.2551e-07 2.46659e-07 1.37254e-07 -9.37759e-08 -2.39703e-07 -1.81862e-07 5.67882e-08 2.48443e-07 1.91688e-07 -2.92271e-08 -2.20107e-07 -2.22929e-07 0. 
0.0966473 0.0692907 0.0511379 0.0396314 0.0320346 0.0266904 0.0226846 0.0195128 0.0168893 0.0146463 0.0126823 0.0109338 0.00936035 0.00793557 0.00664197 0.00546765 0.00440431 0.00344586 0.00258753 0.00182532 0.00115553 0.000574502 7.84558e-05 -0.000336653 -0.000675176 -0.000941833 -0.00114168 -0.0012801 -0.00136279 -0.00139565 -0.00138477 -0.00133635 -0.00125657 -0.00115158 -0.00102737 -0.000889726 -0.000744074 -0.000595513 -0.000448643 -0.000307592 -0.000175888 -5.64912e-05 4.82958e-05 0.000136786 0.00020795 0.000261371 0.000297229 0.000316256 0.000319665 0.000309112 0.000286566 0.000254293 0.000214677 0.000170227 0.000123366 7.6471e-05 3.1652e-05 -9.18359e-06 -4.45264e-05 -7.31841e-05 -9.4426e-05 -0.000107895 -0.000113677 -0.000112224 -0.000104332 -9.10893e-05 -7.37691e-05 -5.38178e-05 -3.26693e-05 -1.17884e-05 7.55969e-06 2.42172e-05 3.73618e-05 4.63827e-05 5.10557e-05 5.1415e-05 4.78324e-05 4.09194e-05 3.14862e-05 2.05044e-05 8.95186e-06 -2.14611e-06 -1.19498e-05 -1.9689e-05 -2.49109e-05 -2.7318e-05 -2.69573e-05 -2.4062e-05 -1.9119e-05 -1.277e-05 -5.73054e-06 1.20891e-06 7.38973e-06 1.21764e-05 1.52188e-05 1.62689e-05 1.54026e-05 1.28297e-05 8.98664e-06 4.4195e-06 -2.94488e-07 -4.53413e-06 -7.85659e-06 -9.85097e-06 -1.04102e-05 -9.511e-06 -7.41153e-06 -4.4605e-06 -1.12316e-06 2.081e-06 4.74185e-06 6.45193e-06 7.08018e-06 6.544e-06 5.04922e-06 2.86274e-06 3.84328e-07 -1.94728e-06 -3.79634e-06 -4.82631e-06 -4.97608e-06 -4.21297e-06 -2.77593e-06 -9.37343e-07 9.42687e-07 2.48618e-06 3.47168e-06 3.67977e-06 3.18209e-06 2.06174e-06 6.16023e-07 -8.48922e-07 -2.05027e-06 -2.70154e-06 -2.75965e-06 -2.17664e-06 -1.17485e-06 3.2499e-08 1.15609e-06 1.91187e-06 2.19823e-06 1.90272e-06 1.19603e-06 2.23016e-07 -7.39603e-07 -1.43465e-06 -1.74502e-06 -1.54239e-06 -9.78548e-07 -1.65317e-07 6.3572e-07 1.1957e-06 1.41477e-06 1.18012e-06 6.54922e-07 -5.14837e-08 -6.95244e-07 -1.07343e-06 -1.13375e-06 -8.0171e-07 -2.72049e-07 3.29342e-07 7.9221e-07 9.45102e-07 8.13514e-07 3.79608e-07 -1.30695e-07 -5.72338e-07 -8.04924e-07 -7.06587e-07 -4.00891e-07 6.35873e-08 4.65435e-07 6.60192e-07 6.26502e-07 3.16643e-07 -6.43764e-08 -4.133e-07 -5.88979e-07 -4.88207e-07 -2.34696e-07 1.33943e-07 4.13711e-07 4.91418e-07 3.88105e-07 8.33251e-08 -2.11211e-07 -4.03191e-07 -4.24036e-07 -2.15454e-07 4.42651e-08 2.92676e-07 3.90958e-07 2.69479e-07 6.88696e-08 -1.85879e-07 -3.33641e-07 -2.91696e-07 -1.28733e-07 1.31197e-07 2.72772e-07 2.5352e-07 1.55751e-07 -5.60654e-08 -2.28561e-07 -2.69186e-07 -1.57058e-07 7.96776e-08 2.06197e-07 2.06736e-07 1.24297e-07 -5.96273e-08 -1.63289e-07 -1.75632e-07 -1.31712e-07 4.041e-08 1.93353e-07 2.04251e-07 6.51658e-08 -1.31345e-07 -1.78811e-07 -1.13421e-07 -1.9241e-09 1.4163e-07 1.27657e-07 2.75724e-08 -5.56232e-09 -8.4314e-08 -1.22147e-07 -3.52517e-08 3.37366e-08 9.76079e-08 1.26769e-07 1.72821e-08 -1.10314e-07 -1.39009e-07 -6.212e-08 8.03498e-08 1.5637e-07 9.31787e-08 -5.6399e-08 -1.6164e-07 -1.06245e-07 3.87399e-08 1.39841e-07 1.30275e-07 -1.53224e-08 -1.50357e-07 -1.22312e-07 0. 
0.0966473 0.0493587 0.0307197 0.0219198 0.0170167 0.0138865 0.0116681 0.00996901 0.00859216 0.00743038 0.00642185 0.00552928 0.00472936 0.00400714 0.00335279 0.00275971 0.00222329 0.00174019 0.00130783 0.000924053 0.000586909 0.000294499 4.4865e-05 -0.000164049 -0.000334468 -0.000468764 -0.000569501 -0.000639383 -0.000681278 -0.000698145 -0.000693053 -0.000669092 -0.000629386 -0.000577005 -0.000514964 -0.000446145 -0.000373294 -0.000298945 -0.000225425 -0.000154786 -8.88135e-05 -2.89821e-05 2.35455e-05 6.79237e-05 0.000103636 0.000130464 0.000148507 0.000158112 0.000159906 0.000154689 0.000143476 0.000127366 0.000107589 8.53617e-05 6.19358e-05 3.84636e-05 1.6038e-05 -4.41797e-06 -2.2119e-05 -3.64899e-05 -4.71469e-05 -5.39183e-05 -5.68453e-05 -5.61437e-05 -5.22276e-05 -4.56156e-05 -3.69767e-05 -2.69945e-05 -1.64308e-05 -5.97146e-06 3.70237e-06 1.20563e-05 1.8637e-05 2.31716e-05 2.55223e-05 2.57184e-05 2.3944e-05 2.04918e-05 1.57913e-05 1.02919e-05 4.52805e-06 -1.0393e-06 -5.93458e-06 -9.82622e-06 -1.24376e-05 -1.36593e-05 -1.34861e-05 -1.20464e-05 -9.58689e-06 -6.40715e-06 -2.90114e-06 5.85079e-07 3.66406e-06 6.07888e-06 7.59456e-06 8.13753e-06 7.70688e-06 6.42718e-06 4.51559e-06 2.22437e-06 -1.18665e-07 -2.25745e-06 -3.90616e-06 -4.92511e-06 -5.19905e-06 -4.7636e-06 -3.71792e-06 -2.24159e-06 -5.85266e-07 1.03264e-06 2.34813e-06 3.22603e-06 3.53017e-06 3.27952e-06 2.53266e-06 1.44121e-06 2.13195e-07 -9.68066e-07 -1.8768e-06 -2.41561e-06 -2.47938e-06 -2.11519e-06 -1.3973e-06 -4.77284e-07 4.50348e-07 1.24106e-06 1.71752e-06 1.84616e-06 1.58819e-06 1.04069e-06 3.22541e-07 -4.19015e-07 -1.00419e-06 -1.35447e-06 -1.36862e-06 -1.09838e-06 -5.94781e-07 8.44338e-09 5.58266e-07 9.57608e-07 1.08364e-06 9.61459e-07 6.00217e-07 1.20826e-07 -3.52005e-07 -7.17982e-07 -8.55536e-07 -7.81733e-07 -4.89102e-07 -9.27703e-08 3.01187e-07 5.98876e-07 6.90569e-07 6.01739e-07 3.27665e-07 -1.57594e-08 -3.30762e-07 -5.39852e-07 -5.51626e-07 -4.14173e-07 -1.39174e-07 1.56463e-07 3.78312e-07 4.79696e-07 3.95083e-07 2.04189e-07 -5.71354e-08 -2.8248e-07 -3.84597e-07 -3.6561e-07 -1.95269e-07 1.90868e-08 2.18816e-07 3.34244e-07 2.98671e-07 1.74324e-07 -2.80438e-08 -2.00957e-07 -2.77604e-07 -2.57464e-07 -1.11444e-07 5.35942e-08 1.9365e-07 2.52433e-07 1.81282e-07 5.92372e-08 -9.90492e-08 -2.01089e-07 -1.96487e-07 -1.24719e-07 2.23658e-08 1.37224e-07 1.80839e-07 1.52495e-07 2.77963e-08 -8.32441e-08 -1.5271e-07 -1.53268e-07 -5.76594e-08 4.2099e-08 1.31742e-07 1.44808e-07 5.82999e-08 -1.898e-08 -9.58559e-08 -1.32943e-07 -8.0855e-08 1.48669e-08 1.15328e-07 1.08041e-07 3.19846e-08 4.31035e-10 -6.40118e-08 -1.12356e-07 -5.84899e-08 2.24548e-08 8.71504e-08 9.05508e-08 3.50397e-08 -3.7427e-08 -1.02832e-07 -6.03869e-08 2.4663e-08 3.11647e-08 5.44568e-08 5.48161e-08 -2.36988e-08 -4.16656e-08 -3.39596e-08 -4.66306e-08 1.13684e-08 6.71636e-08 5.02537e-08 9.85276e-09 -4.37145e-08 -7.18118e-08 -3.33473e-08 3.83305e-08 7.78825e-08 3.89241e-08 -2.76951e-08 -6.29359e-08 -5.82718e-08 1.33554e-08 7.79096e-08 4.61091e-08 -8.70719e-09 -5.08608e-08 -7.02334e-08 0. 
0.0966473 -2.22935e-05 -1.18421e-05 -6.68714e-06 -3.73708e-06 -1.86715e-06 -6.06594e-07 2.69864e-07 8.83658e-07 1.30724e-06 1.58764e-06 1.75761e-06 1.84128e-06 1.85725e-06 1.82037e-06 1.74278e-06 1.63463e-06 1.50447e-06 1.35957e-06 1.20608e-06 1.04922e-06 8.9336e-07 7.42111e-07 5.98395e-07 4.64509e-07 3.42176e-07 2.32603e-07 1.36524e-07 5.42553e-08 -1.42575e-08 -6.93909e-08 -1.11795e-07 -1.42346e-07 -1.62098e-07 -1.7224e-07 -1.74051e-07 -1.68858e-07 -1.57999e-07 -1.42789e-07 -1.24484e-07 -1.04261e-07 -8.31881e-08 -6.22116e-08 -4.21401e-08 -2.36364e-08 -7.21397e-09 6.76248e-09 1.80719e-08 2.66281e-08 3.2467e-08 3.5732e-08 3.66559e-08 3.55421e-08 3.27443e-08 2.86471e-08 2.36457e-08 1.81278e-08 1.24573e-08 6.96033e-09 1.91329e-09 -2.46464e-09 -6.0167e-09 -8.6501e-09 -1.03342e-08 -1.10962e-08 -1.10136e-08 -1.0205e-08 -8.81933e-09 -7.02432e-09 -4.99431e-09 -2.89921e-09 -8.93993e-10 8.89741e-10 2.35038e-09 3.42037e-09 4.06776e-09 4.29533e-09 4.1372e-09 3.65363e-09 2.92404e-09 2.0394e-09 1.09381e-09 1.7689e-10 -6.33499e-10 -1.27659e-09 -1.71272e-09 -1.92496e-09 -1.91882e-09 -1.71994e-09 -1.37001e-09 -9.21633e-10 -4.32099e-10 4.24056e-11 4.52723e-10 7.61021e-10 9.44152e-10 9.9489e-10 9.21606e-10 7.46179e-10 5.00385e-10 2.21652e-10 -5.20624e-11 -2.86627e-10 -4.55981e-10 -5.44579e-10 -5.48857e-10 -4.76741e-10 -3.45817e-10 -1.80363e-10 -7.35703e-12 1.47247e-10 2.62472e-10 3.24745e-10 3.2969e-10 2.81999e-10 1.94205e-10 8.42452e-11 -2.78884e-11 -1.23283e-10 -1.87453e-10 -2.1218e-10 -1.96804e-10 -1.47673e-10 -7.66769e-11 1.17971e-12 7.08635e-11 1.19846e-10 1.40621e-10 1.31538e-10 9.70326e-11 4.62391e-11 -9.09101e-12 -5.70285e-11 -8.81757e-11 -9.72044e-11 -8.40768e-11 -5.34937e-11 -1.37548e-11 2.53255e-11 5.48502e-11 6.86085e-11 6.46905e-11 4.54013e-11 1.67211e-11 -1.34788e-11 -3.75213e-11 -4.96798e-11 -4.78187e-11 -3.34459e-11 -1.14066e-11 1.17573e-11 2.96455e-11 3.76191e-11 3.42662e-11 2.13228e-11 3.30947e-12 -1.41102e-11 -2.58279e-11 -2.86566e-11 -2.24704e-11 -9.77385e-12 4.923e-12 1.67885e-11 2.22431e-11 1.9884e-11 1.11393e-11 -6.6249e-13 -1.12621e-11 -1.70628e-11 -1.64434e-11 -9.98669e-12 -4.93432e-13 8.41901e-12 1.3522e-11 1.31197e-11 7.82777e-12 -8.01348e-14 -7.31526e-12 -1.10867e-11 -1.01854e-11 -5.20252e-12 1.47605e-12 7.03768e-12 9.23995e-12 7.3195e-12 2.45792e-12 -3.13255e-12 -6.91111e-12 -7.30727e-12 -4.42966e-12 2.95867e-13 4.49894e-12 6.28437e-12 5.00083e-12 1.3765e-12 -2.59634e-12 -5.0258e-12 -4.81472e-12 -2.15202e-12 1.37544e-12 3.95366e-12 4.25682e-12 2.28774e-12 -6.32978e-13 -3.07558e-12 -3.76773e-12 -2.25991e-12 4.9219e-13 2.76226e-12 3.09353e-12 1.64242e-12 -3.96259e-13 -2.14245e-12 -2.66847e-12 -1.50922e-12 5.66723e-13 2.21945e-12 2.3325e-12 8.77149e-13 -1.08149e-12 -2.1784e-12 -1.57179e-12 1.19057e-14 1.21359e-12 1.56057e-12 9.27415e-13 -3.01756e-13 -1.12015e-12 -1.19457e-12 -6.16657e-13 4.76044e-13 1.28518e-12 1.10394e-12 8.85963e-14 -1.03937e-12 -1.37213e-12 -5.4935e-13 7.78458e-13 1.44228e-12 8.04865e-13 -5.16655e-13 -1.34762e-12 -1.00391e-12 2.92291e-13 1.31508e-12 1.04044e-12 -1.37731e-13 -1.16384e-12 -1.16323e-12 0. 
