# Nx=250 Ny=250
0.000115423 -4.69045e-08 -2.67028e-08 -1.70044e-08 -1.15974e-08 -8.23046e-09 -5.97047e-09 -4.37637e-09 -3.21612e-09 -2.35529e-09 -1.71007e-09 -1.22503e-09 -8.61411e-10 -5.91151e-10 -3.93213e-10 -2.51186e-10 -1.52299e-10 -8.62111e-11 -4.43581e-11 -1.99873e-11 -7.57273e-12 -2.31901e-12 -5.31801e-13 -5.62949e-14 2.9554e-14 4.05897e-14 3.97284e-14 3.03483e-14 2.87691e-14 2.49061e-14 1.89356e-14 1.81432e-14 1.41959e-14 1.09724e-14 1.03536e-14 6.95504e-15 5.66653e-15 4.97155e-15 2.60204e-15 2.44522e-15 1.69529e-15 4.07392e-16 9.24162e-16 -1.04899e-17 3.33487e-17 2.67482e-16 -2.34535e-16 9.74733e-17 9.06953e-17 -1.88173e-16 1.39612e-16 1.57099e-17 -1.76474e-16 2.48124e-16 -2.00502e-16 7.57564e-17 4.44772e-17 -9.32003e-17 5.40607e-17 3.53712e-17 -1.15015e-16 1.41034e-16 -1.10201e-16 5.47174e-17 -1.7641e-17 2.50133e-17 -7.30122e-17 1.33975e-16 -1.75521e-16 1.79357e-16 -1.49451e-16 1.06446e-16 -7.35598e-17 6.32116e-17 -7.18568e-17 8.47529e-17 -8.64643e-17 7.02333e-17 -4.09769e-17 1.10564e-17 7.75868e-18 -1.09839e-17 3.09142e-18 6.13307e-18 -7.73727e-18 -1.60513e-18 1.8694e-17 -3.67327e-17 4.98403e-17 -5.63212e-17 5.89981e-17 -6.28459e-17 7.16724e-17 -8.58856e-17 1.02469e-16 -1.16875e-16 1.25499e-16 -1.27266e-16 1.23587e-16 -1.16961e-16 1.0923e-16 -1.00555e-16 8.9582e-17 -7.45633e-17 5.46555e-17 -3.06331e-17 4.68637e-18 2.04796e-17 -4.26687e-17 6.0789e-17 -7.47892e-17 8.5108e-17 -9.20522e-17 9.54861e-17 -9.49726e-17 9.0219e-17 -8.15126e-17 6.98747e-17 -5.68437e-17 4.4016e-17 -3.25863e-17 2.31003e-17 -1.54932e-17 9.33017e-18 -4.08427e-18 -6.95499e-19 5.37254e-18 -1.03103e-17 1.59479e-17 -2.27752e-17 3.1193e-17 -4.13189e-17 5.28377e-17 -6.49718e-17 7.65874e-17 -8.63921e-17 9.31495e-17 -9.58422e-17 9.37607e-17 -8.65292e-17 7.41071e-17 -5.67946e-17 3.52479e-17 -1.0484e-17 -1.61534e-17 4.3085e-17 -6.86396e-17 9.12208e-17 -1.09463e-16 1.22344e-16 -1.29242e-16 1.29943e-16 -1.2462e-16 1.13788e-16 -9.82577e-17 7.90759e-17 -5.74537e-17 3.46813e-17 -1.20328e-17 -9.32594e-18 2.8412e-17 -4.44744e-17 5.70134e-17 -6.57764e-17 7.07379e-17 -7.20727e-17 7.01258e-17 -6.53815e-17 5.84278e-17 -4.99166e-17 4.052e-17 -3.08857e-17 2.15972e-17 -1.31417e-17 5.88859e-18 -7.75705e-20 -4.18397e-18 6.91616e-18 -8.25462e-18 8.43094e-18 -7.74562e-18 6.53427e-18 -5.12983e-18 3.82502e-18 -2.84004e-18 2.30006e-18 -2.22574e-18 2.53799e-18 -3.07628e-18 3.62807e-18 -3.96593e-18 3.88795e-18 -3.2565e-18 2.03044e-18 -2.85768e-19 -1.779e-18 3.85509e-18 -5.55347e-18 6.45003e-18 -6.14114e-18 4.30299e-18 -7.46964e-19 -4.53628e-18 1.13505e-17 -1.92899e-17 2.77595e-17 -3.60191e-17 4.32478e-17 -4.86222e-17 5.14016e-17 -5.10096e-17 4.71046e-17 -3.96294e-17 2.88345e-17 -1.52718e-17 -2.42834e-19 1.66925e-17 -3.29445e-17 4.78473e-17 -6.03303e-17 6.94973e-17 -7.47025e-17 7.56042e-17 -7.21885e-17 6.47645e-17 -5.39296e-17 4.05103e-17 -2.54857e-17 9.90027e-18 5.22377e-18 -1.89671e-17 3.05793e-17 -3.95263e-17 4.55138e-17 -4.84898e-17 4.8625e-17 -4.6277e-17 4.19417e-17 -3.61988e-17 2.96562e-17 -2.28985e-17 1.64438e-17 -1.07101e-17 5.99439e-18 -2.46267e-18 1.50846e-19 1.02543e-18 -1.2539e-18 8.03728e-19 0. 
0.000115423 5.75386e-05 3.43964e-05 2.35736e-05 1.73949e-05 1.36531e-05 1.09603e-05 9.05044e-06 7.53855e-06 6.3263e-06 5.34004e-06 4.48748e-06 3.767e-06 3.14222e-06 2.58287e-06 2.10588e-06 1.67498e-06 1.28495e-06 9.60141e-07 6.77615e-07 4.15867e-07 2.03385e-07 7.7794e-08 2.42507e-08 3.949e-09 5.92094e-10 1.13286e-09 -1.0114e-09 3.13967e-10 3.63336e-10 -6.76574e-10 4.46604e-10 -4.73655e-11 -3.35946e-10 4.03965e-10 -2.54846e-10 -7.10856e-11 2.55724e-10 -2.80362e-10 8.92252e-11 9.17422e-11 -2.29247e-10 2.02324e-10 -1.15728e-10 -2.59722e-11 1.05153e-10 -1.11653e-10 4.39486e-11 3.99429e-11 -8.45413e-11 6.24843e-11 8.45125e-12 -8.20861e-11 1.15368e-10 -9.3958e-11 3.70203e-11 1.83825e-11 -4.12843e-11 2.40333e-11 1.6636e-11 -5.32647e-11 6.57688e-11 -5.2301e-11 2.7413e-11 -1.06906e-11 1.42055e-11 -3.63451e-11 6.45484e-11 -8.39345e-11 8.59919e-11 -7.23954e-11 5.25329e-11 -3.70776e-11 3.18322e-11 -3.52982e-11 4.07991e-11 -4.12696e-11 3.35674e-11 -1.98902e-11 5.87651e-12 3.06238e-12 -4.82599e-12 1.42308e-12 2.66936e-12 -3.31634e-12 -1.06203e-12 9.04892e-12 -1.75504e-11 2.38585e-11 -2.71628e-11 2.87247e-11 -3.08085e-11 3.51616e-11 -4.19805e-11 4.98842e-11 -5.6773e-11 6.09633e-11 -6.19265e-11 6.02803e-11 -5.71565e-11 5.34031e-11 -4.91051e-11 4.36565e-11 -3.62683e-11 2.65644e-11 -1.49146e-11 2.34608e-12 9.86767e-12 -2.06803e-11 2.95522e-11 -3.64281e-11 4.14897e-11 -4.48706e-11 4.65119e-11 -4.62239e-11 4.38876e-11 -3.96542e-11 3.40154e-11 -2.77039e-11 2.14802e-11 -1.59182e-11 1.12882e-11 -7.57043e-12 4.56472e-12 -2.01907e-12 -2.90298e-13 2.54989e-12 -4.94571e-12 7.69532e-12 -1.10346e-11 1.51518e-11 -2.00978e-11 2.57163e-11 -3.16304e-11 3.72922e-11 -4.20764e-11 4.53819e-11 -4.6711e-11 4.57143e-11 -4.22048e-11 3.61612e-11 -2.77305e-11 1.72346e-11 -5.17093e-12 -7.80521e-12 2.09255e-11 -3.33776e-11 4.43855e-11 -5.32842e-11 5.95746e-11 -6.29518e-11 6.33102e-11 -6.07325e-11 5.54696e-11 -4.79166e-11 3.85836e-11 -2.80606e-11 1.69752e-11 -5.94726e-12 -4.456e-12 1.3756e-11 -2.15864e-11 2.7703e-11 -3.1982e-11 3.44103e-11 -3.50727e-11 3.41372e-11 -3.18394e-11 2.84656e-11 -2.43327e-11 1.97677e-11 -1.50853e-11 1.05696e-11 -6.45773e-12 2.92954e-12 -1.01879e-13 -1.97295e-12 3.30484e-12 -3.95993e-12 4.05107e-12 -3.72454e-12 3.14358e-12 -2.46998e-12 1.84588e-12 -1.3781e-12 1.12715e-12 -1.10267e-12 1.26571e-12 -1.53762e-12 1.81442e-12 -1.98493e-12 1.95046e-12 -1.64376e-12 1.04473e-12 -1.90489e-13 -8.22049e-13 1.84215e-12 -2.67987e-12 3.12814e-12 -2.98976e-12 2.10637e-12 -3.85436e-13 -2.17824e-12 5.48965e-12 -9.35165e-12 1.34748e-11 -1.74987e-11 2.10235e-11 -2.3648e-11 2.50111e-11 -2.48316e-11 2.29424e-11 -1.93149e-11 1.40702e-11 -7.47629e-12 -7.02266e-14 8.07485e-12 -1.59864e-11 2.32445e-11 -2.93278e-11 3.37998e-11 -3.63456e-11 3.67983e-11 -3.51502e-11 3.15512e-11 -2.6291e-11 1.97712e-11 -1.24675e-11 4.88764e-12 2.47122e-12 -9.16193e-12 1.48194e-11 -1.91834e-11 2.21104e-11 -2.35745e-11 2.36581e-11 -2.2534e-11 2.04429e-11 -1.76655e-11 1.44969e-11 -1.12206e-11 8.08784e-12 -5.30154e-12 3.00587e-12 -1.28156e-12 1.4632e-13 4.40389e-13 -5.69165e-13 3.70007e-13 0. 
0.000115423 8.00607e-05 5.6896e-05 4.21444e-05 3.27163e-05 2.60043e-05 2.13209e-05 1.76366e-05 1.47913e-05 1.24673e-05 1.05128e-05 8.88104e-06 7.45136e-06 6.22058e-06 5.124e-06 4.16133e-06 3.31662e-06 2.5497e-06 1.90193e-06 1.33771e-06 8.14014e-07 4.02914e-07 1.53051e-07 4.08424e-08 1.14579e-08 2.03878e-09 -1.99998e-09 1.94759e-09 -6.12209e-10 -8.40328e-10 1.29884e-09 -9.24956e-10 2.37781e-12 6.3396e-10 -8.59038e-10 4.33385e-10 1.15836e-10 -5.73123e-10 5.07132e-10 -2.08392e-10 -2.32646e-10 4.20461e-10 -4.36621e-10 1.93146e-10 4.23646e-11 -2.22287e-10 2.17577e-10 -8.36804e-11 -8.51589e-11 1.71013e-10 -1.23913e-10 -1.9025e-11 1.64736e-10 -2.28213e-10 1.82592e-10 -6.75778e-11 -4.25067e-11 8.66255e-11 -5.07692e-11 -3.07203e-11 1.02914e-10 -1.26346e-10 9.81941e-11 -4.80599e-11 1.50219e-11 -2.27088e-11 6.73423e-11 -1.23536e-10 1.61666e-10 -1.65103e-10 1.37591e-10 -9.80828e-11 6.7825e-11 -5.81491e-11 6.57913e-11 -7.72834e-11 7.85627e-11 -6.35195e-11 3.67039e-11 -9.43499e-12 -7.5497e-12 1.01982e-11 -2.65052e-12 -6.10643e-12 7.8629e-12 4.36298e-13 -1.58741e-11 3.22432e-11 -4.41724e-11 5.01157e-11 -5.26562e-11 5.63413e-11 -6.46468e-11 7.79341e-11 -9.34272e-11 1.06945e-10 -1.15167e-10 1.17089e-10 -1.13981e-10 1.08114e-10 -1.01162e-10 9.32628e-11 -8.31714e-11 6.92874e-11 -5.08439e-11 2.85644e-11 -4.4773e-12 -1.89091e-11 3.95483e-11 -5.64062e-11 6.9407e-11 -7.89342e-11 8.52618e-11 -8.82701e-11 8.75743e-11 -8.29307e-11 7.46343e-11 -6.36581e-11 5.14506e-11 -3.95112e-11 2.89635e-11 -2.03242e-11 1.3535e-11 -8.18224e-12 3.75321e-12 2.06049e-13 -4.07503e-12 8.23385e-12 -1.31278e-11 1.92401e-11 -2.69603e-11 3.64037e-11 -4.72729e-11 5.88309e-11 -7.00002e-11 7.95487e-11 -8.62907e-11 8.92431e-11 -8.77116e-11 8.13196e-11 -7.00113e-11 5.40589e-11 -3.40755e-11 1.1018e-11 1.38472e-11 -3.90314e-11 6.29589e-11 -8.41256e-11 1.01244e-10 -1.13352e-10 1.19862e-10 -1.20577e-10 1.15661e-10 -1.05602e-10 9.1164e-11 -7.33318e-11 5.32412e-11 -3.20986e-11 1.10922e-11 8.69374e-12 -2.63482e-11 4.11783e-11 -5.27263e-11 6.07652e-11 -6.52791e-11 6.6437e-11 -6.45653e-11 6.01176e-11 -5.36422e-11 4.57453e-11 -3.70504e-11 2.81575e-11 -1.96063e-11 1.18468e-11 -5.21843e-12 -6.00871e-14 3.89412e-12 -6.30849e-12 7.43627e-12 -7.50046e-12 6.78834e-12 -5.61937e-12 4.30926e-12 -3.13413e-12 2.29959e-12 -1.91914e-12 2.00497e-12 -2.47241e-12 3.15757e-12 -3.84583e-12 4.3078e-12 -4.33876e-12 3.79657e-12 -2.63333e-12 9.16042e-13 1.16765e-12 -3.32069e-12 5.1651e-12 -6.28536e-12 6.28197e-12 -4.82895e-12 1.72784e-12 3.04895e-12 -9.33173e-12 1.67485e-11 -2.47434e-11 3.26178e-11 -3.95915e-11 4.48771e-11 -4.77618e-11 4.76855e-11 -4.43088e-11 3.75612e-11 -2.7664e-11 1.51254e-11 -7.06172e-13 -1.46408e-11 2.98501e-11 -4.3836e-11 5.55876e-11 -6.42569e-11 6.92314e-11 -7.01848e-11 6.71001e-11 -6.02643e-11 5.02358e-11 -3.77887e-11 2.38393e-11 -9.36504e-12 -4.67897e-12 1.74354e-11 -2.82065e-11 3.64978e-11 -4.20399e-11 4.47894e-11 -4.49102e-11 4.27383e-11 -3.87369e-11 3.34444e-11 -2.74228e-11 2.12103e-11 -1.52813e-11 1.00167e-11 -5.68517e-12 2.43508e-12 -2.96239e-13 -8.1043e-13 1.05705e-12 -6.88616e-13 0. 
0.000115423 9.06563e-05 7.05872e-05 5.59208e-05 4.47707e-05 3.67703e-05 3.04067e-05 2.55204e-05 2.1534e-05 1.82053e-05 1.54579e-05 1.30445e-05 1.09776e-05 9.17687e-06 7.5499e-06 6.16035e-06 4.9e-06 3.75447e-06 2.8012e-06 1.96807e-06 1.19713e-06 5.77196e-07 2.15814e-07 6.65459e-08 1.05109e-08 9.18122e-10 3.49369e-09 -2.85148e-09 6.31933e-10 1.2954e-09 -2.04281e-09 1.21886e-09 -2.71413e-12 -1.07716e-09 1.18405e-09 -6.71264e-10 -3.06161e-10 8.07007e-10 -8.20171e-10 2.18251e-10 3.1454e-10 -6.95158e-10 5.83929e-10 -3.09221e-10 -1.0981e-10 3.28057e-10 -3.25564e-10 1.10357e-10 1.39321e-10 -2.61108e-10 1.82708e-10 3.41206e-11 -2.48651e-10 3.36144e-10 -2.60862e-10 8.57032e-11 7.74492e-11 -1.39346e-10 8.22027e-11 4.03452e-11 -1.45943e-10 1.77183e-10 -1.31998e-10 5.59926e-11 -7.51246e-12 2.06976e-11 -8.85046e-11 1.72228e-10 -2.2779e-10 2.31244e-10 -1.89182e-10 1.30459e-10 -8.66786e-11 7.41487e-11 -8.73139e-11 1.05696e-10 -1.08381e-10 8.6646e-11 -4.76987e-11 8.61518e-12 1.4715e-11 -1.65866e-11 3.511e-12 1.09555e-11 -1.46538e-11 3.26396e-12 1.86315e-11 -4.1676e-11 5.79266e-11 -6.52497e-11 6.76673e-11 -7.20443e-11 8.35442e-11 -1.02629e-10 1.25099e-10 -1.4473e-10 1.56658e-10 -1.59505e-10 1.55266e-10 -1.47362e-10 1.38253e-10 -1.28062e-10 1.14844e-10 -9.61462e-11 7.07828e-11 -3.9802e-11 6.18424e-12 2.64014e-11 -5.49986e-11 7.81653e-11 -9.58724e-11 1.08743e-10 -1.17202e-10 1.21064e-10 -1.1974e-10 1.12849e-10 -1.00816e-10 8.5074e-11 -6.77568e-11 5.106e-11 -3.66097e-11 2.51249e-11 -1.64727e-11 1.00018e-11 -4.92358e-12 5.43558e-13 3.72152e-12 -8.45997e-12 1.43628e-11 -2.2182e-11 3.25315e-11 -4.5617e-11 6.10287e-11 -7.77018e-11 9.4065e-11 -1.08316e-10 1.18717e-10 -1.23824e-10 1.22611e-10 -1.14505e-10 9.93937e-11 -7.76333e-11 5.00704e-11 -1.8049e-11 -1.66372e-11 5.18707e-11 -8.54075e-11 1.15107e-10 -1.39142e-10 1.56153e-10 -1.65321e-10 1.66379e-10 -1.5957e-10 1.45596e-10 -1.25539e-10 1.00791e-10 -7.29483e-11 4.37028e-11 -1.47127e-11 -1.25166e-11 3.67302e-11 -5.69839e-11 7.26653e-11 -8.34832e-11 8.94376e-11 -9.07809e-11 8.79786e-11 -8.16677e-11 7.26128e-11 -6.16551e-11 4.96575e-11 -3.74482e-11 2.57697e-11 -1.52381e-11 6.31495e-12 7.07322e-13 -5.70981e-12 8.74111e-12 -1.0002e-11 9.81988e-12 -8.61263e-12 6.84247e-12 -4.96404e-12 3.3722e-12 -2.35671e-12 2.07031e-12 -2.51502e-12 3.54853e-12 -4.90995e-12 6.26198e-12 -7.24432e-12 7.53252e-12 -6.89508e-12 5.24156e-12 -2.65462e-12 -5.99785e-13 4.08749e-12 -7.24701e-12 9.45279e-12 -1.00942e-11 8.66086e-12 -4.82355e-12 -1.50005e-12 1.01041e-11 -2.04843e-11 3.18627e-11 -4.32449e-11 5.35083e-11 -6.15092e-11 6.62018e-11 -6.67526e-11 6.26407e-11 -5.37287e-11 4.02993e-11 -2.30486e-11 3.03884e-12 1.8387e-11 -3.972e-11 5.94173e-11 -7.60386e-11 8.83732e-11 -9.55445e-11 9.70824e-11 -9.29568e-11 8.35692e-11 -6.97061e-11 5.24583e-11 -3.31163e-11 1.30538e-11 6.39062e-12 -2.40205e-11 3.88679e-11 -5.02537e-11 5.78168e-11 -6.15125e-11 6.15845e-11 -5.85131e-11 5.29502e-11 -4.56462e-11 3.73773e-11 -2.88805e-11 2.07992e-11 -1.36448e-11 7.77245e-12 -3.37328e-12 4.78423e-13 1.02582e-12 -1.37555e-12 9.01787e-13 0. 
0.000115423 9.62298e-05 7.94833e-05 6.53949e-05 5.44102e-05 4.54171e-05 3.83245e-05 3.24438e-05 2.75759e-05 2.35031e-05 1.99674e-05 1.69512e-05 1.42878e-05 1.19546e-05 9.86627e-06 8.02108e-06 6.3836e-06 4.90219e-06 3.6512e-06 2.5506e-06 1.52818e-06 7.40417e-07 2.75795e-07 6.98824e-08 1.8782e-08 4.38027e-09 -4.33163e-09 3.46722e-09 -6.0709e-10 -2.06325e-09 2.59546e-09 -1.59474e-09 -2.70057e-10 1.39486e-09 -1.65129e-09 6.77511e-10 4.12685e-10 -1.21693e-09 9.66285e-10 -3.15473e-10 -5.41693e-10 8.52674e-10 -8.24339e-10 3.11218e-10 1.47827e-10 -4.66842e-10 4.15097e-10 -1.2417e-10 -2.07876e-10 3.54944e-10 -2.36521e-10 -5.66545e-11 3.34744e-10 -4.36991e-10 3.24241e-10 -8.63631e-11 -1.27022e-10 2.01384e-10 -1.19014e-10 -4.47874e-11 1.8047e-10 -2.14919e-10 1.49383e-10 -4.67967e-11 -1.56717e-11 -5.02157e-12 9.69538e-11 -2.07416e-10 2.78382e-10 -2.798e-10 2.22256e-10 -1.4496e-10 8.95158e-11 -7.63687e-11 9.68999e-11 -1.23324e-10 1.28125e-10 -1.00499e-10 5.07627e-11 -1.84661e-12 -2.54822e-11 2.43115e-11 -3.87285e-12 -1.76356e-11 2.43048e-11 -1.08689e-11 -1.61812e-11 4.42922e-11 -6.30904e-11 7.00745e-11 -7.08735e-11 7.47125e-11 -8.83742e-11 1.12322e-10 -1.4089e-10 1.6587e-10 -1.80991e-10 1.84661e-10 -1.79699e-10 1.7069e-10 -1.60822e-10 1.50106e-10 -1.3581e-10 1.14573e-10 -8.47596e-11 4.77035e-11 -7.27061e-12 -3.18146e-11 6.58135e-11 -9.30001e-11 1.13484e-10 -1.28178e-10 1.37673e-10 -1.41708e-10 1.3947e-10 -1.30424e-10 1.15109e-10 -9.53872e-11 7.40328e-11 -5.38786e-11 3.69868e-11 -2.42169e-11 1.53137e-11 -9.35741e-12 5.26653e-12 -2.09567e-12 -9.53078e-13 4.69219e-12 -1.00804e-11 1.81653e-11 -2.98158e-11 4.53616e-11 -6.43201e-11 8.53441e-11 -1.0642e-10 1.25228e-10 -1.39529e-10 1.47457e-10 -1.47672e-10 1.39403e-10 -1.22451e-10 9.72047e-11 -6.4664e-11 2.64615e-11 1.51979e-11 -5.76957e-11 9.8252e-11 -1.34218e-10 1.63345e-10 -1.83971e-10 1.95113e-10 -1.96468e-10 1.88361e-10 -1.71667e-10 1.47724e-10 -1.18231e-10 8.51319e-11 -5.04706e-11 1.62399e-11 1.57678e-11 -4.40762e-11 6.75943e-11 -8.56355e-11 9.78982e-11 -1.04423e-10 1.05543e-10 -1.01834e-10 9.40688e-11 -8.31625e-11 7.01165e-11 -5.59535e-11 4.16511e-11 -2.80818e-11 1.5965e-11 -5.83371e-12 -1.98276e-12 7.36428e-12 -1.03935e-11 1.13381e-11 -1.06208e-11 8.77462e-12 -6.38553e-12 4.02671e-12 -2.19152e-12 1.23487e-12 -1.33158e-12 2.45797e-12 -4.39964e-12 6.7846e-12 -9.13807e-12 1.09527e-11 -1.17662e-11 1.12382e-11 -9.21494e-12 5.77406e-12 -1.24122e-12 -3.82704e-12 8.69423e-12 -1.2525e-11 1.44877e-11 -1.38665e-11 1.01687e-11 -3.21392e-12 -6.80854e-12 1.93214e-11 -3.33861e-11 4.77732e-11 -6.10715e-11 7.18246e-11 -7.86818e-11 8.05466e-11 -7.67053e-11 6.69222e-11 -5.14876e-11 3.12145e-11 -7.38093e-12 -1.83757e-11 4.42013e-11 -6.81908e-11 8.856e-11 -1.03804e-10 1.12831e-10 -1.1505e-10 1.10413e-10 -9.94059e-11 8.29876e-11 -6.24891e-11 3.94826e-11 -1.56361e-11 -7.43252e-12 2.82864e-11 -4.57749e-11 5.91039e-11 -6.78679e-11 7.20444e-11 -7.19541e-11 6.81955e-11 -6.15619e-11 5.29519e-11 -4.32821e-11 3.34098e-11 -2.40724e-11 1.58444e-11 -9.1151e-12 4.08318e-12 -7.66346e-13 -9.78035e-13 1.4252e-12 -9.51305e-13 0. 
0.000115423 9.97169e-05 8.51117e-05 7.24537e-05 6.15558e-05 5.25292e-05 4.48388e-05 3.83904e-05 3.29508e-05 2.81707e-05 2.41239e-05 2.05e-05 1.73201e-05 1.45289e-05 1.19702e-05 9.77532e-06 7.77407e-06 5.944e-06 4.41944e-06 3.07426e-06 1.83706e-06 8.63122e-07 3.08936e-07 9.35529e-08 1.46991e-08 -8.15308e-10 5.95048e-09 -3.97898e-09 3.45885e-11 2.7296e-09 -3.33613e-09 1.58034e-09 4.43395e-10 -1.97802e-09 1.83835e-09 -7.9618e-10 -7.98759e-10 1.44261e-09 -1.27099e-09 1.92394e-10 6.46631e-10 -1.17024e-09 8.87906e-10 -3.88561e-10 -2.82589e-10 5.79569e-10 -5.05028e-10 1.12111e-10 2.916e-10 -4.51991e-10 2.81681e-10 9.00936e-11 -4.24088e-10 5.28791e-10 -3.6888e-10 6.58072e-11 1.93304e-10 -2.72811e-10 1.60143e-10 4.48531e-11 -2.06048e-10 2.37738e-10 -1.47816e-10 1.81116e-11 5.61548e-11 -2.52453e-11 -9.19414e-11 2.27919e-10 -3.11481e-10 3.08121e-10 -2.33892e-10 1.38887e-10 -7.4156e-11 6.31501e-11 -9.31938e-11 1.28858e-10 -1.36399e-10 1.03659e-10 -4.46425e-11 -1.17683e-11 4.03165e-11 -3.34772e-11 3.64336e-12 2.6277e-11 -3.69125e-11 2.24801e-11 8.30605e-12 -3.96471e-11 5.89331e-11 -6.3583e-11 6.10431e-11 -6.29387e-11 7.75686e-11 -1.0526e-10 1.38826e-10 -1.68156e-10 1.85757e-10 -1.90023e-10 1.8473e-10 -1.75645e-10 1.66599e-10 -1.57371e-10 1.44339e-10 -1.2317e-10 9.17474e-11 -5.16553e-11 7.56464e-12 3.48728e-11 -7.12952e-11 9.98436e-11 -1.20878e-10 1.35659e-10 -1.4495e-10 1.48398e-10 -1.44943e-10 1.33877e-10 -1.15824e-10 9.30455e-11 -6.88995e-11 4.67835e-11 -2.91153e-11 1.68212e-11 -9.46977e-12 5.84107e-12 -4.54794e-12 4.38948e-12 -4.34743e-12 3.37255e-12 -2.1772e-13 -6.48731e-12 1.78985e-11 -3.45078e-11 5.58047e-11 -8.02153e-11 1.05347e-10 -1.28434e-10 1.468e-10 -1.58209e-10 1.61039e-10 -1.54325e-10 1.37754e-10 -1.11683e-10 7.71802e-11 -3.60489e-11 -9.2321e-12 5.56961e-11 -1.00187e-10 1.39705e-10 -1.7172e-10 1.94389e-10 -2.06647e-10 2.08201e-10 -1.99456e-10 1.81423e-10 -1.55612e-10 1.23917e-10 -8.84879e-11 5.15671e-11 -1.53171e-11 -1.83423e-11 4.78598e-11 -7.21212e-11 9.0461e-11 -1.02629e-10 1.08733e-10 -1.09182e-10 1.04627e-10 -9.59137e-11 8.40307e-11 -7.00487e-11 5.50551e-11 -4.00841e-11 2.60536e-11 -1.37134e-11 3.61142e-12 3.92654e-12 -8.80264e-12 1.11421e-11 -1.12756e-11 9.7074e-12 -7.06582e-12 4.03757e-12 -1.29054e-12 -6.059e-13 1.25163e-12 -4.66898e-13 -1.68429e-12 4.90231e-12 -8.69118e-12 1.24245e-11 -1.54314e-11 1.70925e-11 -1.69355e-11 1.47181e-11 -1.04872e-11 4.60309e-12 2.27625e-12 -9.25361e-12 1.52885e-11 -1.93208e-11 2.04084e-11 -1.78596e-11 1.13465e-11 -9.80784e-13 -1.26573e-11 2.85434e-11 -4.52867e-11 6.1255e-11 -7.47344e-11 8.41075e-11 -8.80305e-11 8.55887e-11 -7.64127e-11 6.07409e-11 -3.942e-11 1.38425e-11 1.4173e-11 -4.25452e-11 6.91221e-11 -9.18788e-11 1.09102e-10 -1.19543e-10 1.2252e-10 -1.17965e-10 1.06415e-10 -8.89359e-11 6.70075e-11 -4.23741e-11 1.68764e-11 7.71304e-12 -2.98362e-11 4.82646e-11 -6.2173e-11 7.11693e-11 -7.52809e-11 7.49034e-11 -7.07215e-11 6.36133e-11 -5.45489e-11 4.44959e-11 -3.43382e-11 2.48154e-11 -1.64854e-11 9.70752e-12 -4.64624e-12 1.28822e-12 5.30835e-13 -1.09485e-12 7.75243e-13 0. 
0.000115423 0.000101893 8.91543e-05 7.73931e-05 6.71665e-05 5.80566e-05 5.02433e-05 4.34891e-05 3.75051e-05 3.23451e-05 2.77417e-05 2.36815e-05 2.00769e-05 1.68453e-05 1.39344e-05 1.13458e-05 9.00268e-06 6.89703e-06 5.12134e-06 3.53528e-06 2.06513e-06 9.66726e-07 3.51616e-07 8.33676e-08 1.99269e-08 7.58899e-09 -6.69401e-09 3.87305e-09 5.74102e-10 -3.81261e-09 3.67279e-09 -1.67355e-09 -1.04762e-09 2.31024e-09 -2.22882e-09 5.25767e-10 1.02522e-09 -1.93176e-09 1.28023e-09 -2.1023e-10 -9.84361e-10 1.2822e-09 -1.09813e-09 2.79856e-10 3.65187e-10 -7.37589e-10 5.60386e-10 -7.84948e-11 -3.94402e-10 5.48877e-10 -3.13419e-10 -1.384e-10 5.17703e-10 -6.09651e-10 3.91649e-10 -2.17981e-11 -2.76327e-10 3.51555e-10 -2.02626e-10 -4.29633e-11 2.23738e-10 -2.45483e-10 1.26756e-10 3.01e-11 -1.13059e-10 6.85386e-11 7.50879e-11 -2.34782e-10 3.27291e-10 -3.15746e-10 2.23423e-10 -1.11816e-10 4.06287e-11 -3.48805e-11 7.66593e-11 -1.22567e-10 1.33168e-10 -9.58779e-11 2.90755e-11 3.23385e-11 -5.91356e-11 4.39159e-11 -2.74918e-12 -3.6709e-11 5.20152e-11 -3.74099e-11 4.2059e-12 2.85128e-11 -4.61541e-11 4.64098e-11 -3.87835e-11 3.73256e-11 -5.1703e-11 8.19292e-11 -1.19231e-10 1.51698e-10 -1.7085e-10 1.7531e-10 -1.6997e-10 1.61786e-10 -1.55135e-10 1.49417e-10 -1.40008e-10 1.21546e-10 -9.14126e-11 5.14107e-11 -6.93485e-12 -3.55809e-11 7.13313e-11 -9.84953e-11 1.17804e-10 -1.3092e-10 1.3878e-10 -1.40913e-10 1.35979e-10 -1.2307e-10 1.02875e-10 -7.8013e-11 5.23662e-11 -2.98145e-11 1.30417e-11 -2.96236e-12 -1.08543e-12 6.46451e-13 2.58362e-12 -7.15571e-12 1.18366e-11 -1.5337e-11 1.61081e-11 -1.24353e-11 2.84761e-12 1.33449e-11 -3.56508e-11 6.23299e-11 -9.06862e-11 1.17587e-10 -1.40003e-10 1.55396e-10 -1.61907e-10 1.58389e-10 -1.44397e-10 1.20199e-10 -8.68382e-11 4.61706e-11 -8.01776e-13 -4.61189e-11 9.12337e-11 -1.31365e-10 1.63862e-10 -1.8683e-10 1.99218e-10 -2.00794e-10 1.9205e-10 -1.74088e-10 1.48505e-10 -1.17269e-10 8.25854e-11 -4.67233e-11 1.18398e-11 2.01905e-11 -4.78979e-11 7.02777e-11 -8.67851e-11 9.72844e-11 -1.01978e-10 1.01339e-10 -9.60505e-11 8.69654e-11 -7.50563e-11 6.13653e-11 -4.69424e-11 3.27802e-11 -1.97534e-11 8.56914e-12 2.66162e-13 -6.4671e-12 9.9774e-12 -1.09681e-11 9.8233e-12 -7.11033e-12 3.52895e-12 1.59127e-13 -3.21589e-12 5.01744e-12 -5.1358e-12 3.39935e-12 7.79712e-14 -4.90374e-12 1.04503e-11 -1.59303e-11 2.04961e-11 -2.3353e-11 2.38739e-11 -2.17007e-11 1.68187e-11 -9.5923e-12 7.52863e-13 8.66337e-12 -1.74227e-11 2.42359e-11 -2.7918e-11 2.75462e-11 -2.25961e-11 1.30384e-11 6.18285e-13 -1.7345e-11 3.56721e-11 -5.38232e-11 6.98921e-11 -8.20418e-11 8.87052e-11 -8.87637e-11 8.16829e-11 -6.75893e-11 4.72776e-11 -2.21481e-11 -5.92045e-12 3.47479e-11 -6.20607e-11 8.57079e-11 -1.03863e-10 1.15187e-10 -1.18946e-10 1.15054e-10 -1.04062e-10 8.7076e-11 -6.56303e-11 4.15228e-11 -1.66358e-11 -7.23826e-12 2.85493e-11 -4.61052e-11 5.91417e-11 -6.7343e-11 7.08175e-11 -7.00333e-11 6.57272e-11 -5.88003e-11 5.02111e-11 -4.08808e-11 3.16169e-11 -2.30626e-11 1.56708e-11 -9.70194e-12 5.24078e-12 -2.22411e-12 4.74509e-13 2.66715e-13 -3.10976e-13 0. 
0.000115423 0.000103463 9.19217e-05 8.11643e-05 7.13735e-05 6.24742e-05 5.4717e-05 4.76166e-05 4.14569e-05 3.58665e-05 3.09584e-05 2.65115e-05 2.24981e-05 1.89346e-05 1.56252e-05 1.27558e-05 1.01337e-05 7.72991e-06 5.71199e-06 3.906e-06 2.27411e-06 1.03655e-06 3.50517e-07 1.03547e-07 1.85886e-08 -4.48818e-09 7.8419e-09 -3.54322e-09 -1.91576e-09 4.58559e-09 -4.17519e-09 1.15918e-09 1.4608e-09 -2.97465e-09 2.15735e-09 -4.20265e-10 -1.63488e-09 2.10278e-09 -1.499e-09 -9.99752e-11 1.12472e-09 -1.6169e-09 1.03826e-09 -2.81565e-10 -5.78222e-10 8.48047e-10 -6.08215e-10 7.74439e-12 5.12811e-10 -6.41399e-10 3.25536e-10 2.05631e-10 -6.16193e-10 6.77521e-10 -3.90113e-10 -4.62841e-11 3.7397e-10 -4.33387e-10 2.41701e-10 4.295e-11 -2.35893e-10 2.39518e-10 -8.75907e-11 -9.55684e-11 1.8302e-10 -1.2085e-10 -5.02777e-11 2.31162e-10 -3.28072e-10 3.04333e-10 -1.92407e-10 6.56014e-11 8.82072e-12 -6.0116e-12 -4.95605e-11 1.06273e-10 -1.19746e-10 7.80863e-11 -4.81426e-12 -5.91472e-11 8.12682e-11 -5.51493e-11 1.09947e-12 4.8499e-11 -6.86406e-11 5.42403e-11 -1.96316e-11 -1.28028e-11 2.68091e-11 -2.07628e-11 6.48075e-12 -4.31759e-13 1.345e-11 -4.50146e-11 8.46911e-11 -1.18903e-10 1.38458e-10 -1.425e-10 1.37198e-10 -1.30708e-10 1.27826e-10 -1.27419e-10 1.23737e-10 -1.10351e-10 8.41417e-11 -4.71146e-11 5.30929e-12 3.42101e-11 -6.63877e-11 8.96194e-11 -1.05128e-10 1.15021e-10 -1.20398e-10 1.20625e-10 -1.14048e-10 9.95286e-11 -7.77956e-11 5.17878e-11 -2.58486e-11 4.25338e-12 1.01412e-11 -1.65103e-11 1.57929e-11 -9.87103e-12 7.3491e-13 9.94304e-12 -2.07367e-11 3.01278e-11 -3.62653e-11 3.70809e-11 -3.07701e-11 1.6417e-11 5.54878e-12 -3.32822e-11 6.38635e-11 -9.3888e-11 1.20066e-10 -1.39642e-10 1.50582e-10 -1.51587e-10 1.42067e-10 -1.2216e-10 9.28052e-11 -5.57944e-11 1.37183e-11 3.02548e-11 -7.27426e-11 1.10567e-10 -1.4112e-10 1.62594e-10 -1.74052e-10 1.75382e-10 -1.67168e-10 1.50566e-10 -1.27175e-10 9.89188e-11 -6.79052e-11 3.62647e-11 -5.97239e-12 -2.13124e-11 4.43566e-11 -6.23929e-11 7.50927e-11 -8.24933e-11 8.49108e-11 -8.28657e-11 7.70285e-11 -6.81842e-11 5.72009e-11 -4.49925e-11 3.24715e-11 -2.04942e-11 9.80941e-12 -1.01563e-12 -5.4696e-12 9.42917e-12 -1.08581e-11 9.96787e-12 -7.1792e-12 3.09821e-12 1.53101e-12 -5.89822e-12 9.21818e-12 -1.08298e-11 1.02884e-11 -7.43554e-12 2.43558e-12 4.22813e-12 -1.17981e-11 1.93248e-11 -2.57774e-11 3.0173e-11 -3.1709e-11 2.98834e-11 -2.45871e-11 1.61525e-11 -5.349e-12 -6.67872e-12 1.85257e-11 -2.86827e-11 3.57157e-11 -3.84468e-11 3.61136e-11 -2.8487e-11 1.5932e-11 5.99666e-13 -1.96443e-11 3.93638e-11 -5.77315e-11 7.27465e-11 -8.26516e-11 8.6131e-11 -8.24627e-11 7.16095e-11 -5.42352e-11 3.16458e-11 -5.6616e-12 -2.15651e-11 4.77658e-11 -7.07809e-11 8.87687e-11 -1.00376e-10 1.04855e-10 -1.02109e-10 9.26755e-11 -7.76372e-11 5.84902e-11 -3.69713e-11 1.48755e-11 6.1188e-12 -2.45983e-11 3.95219e-11 -5.02783e-11 5.66924e-11 -5.89851e-11 5.76953e-11 -5.35789e-11 4.7498e-11 -4.03163e-11 3.28111e-11 -2.56108e-11 1.91624e-11 -1.37258e-11 9.39359e-12 -6.1252e-12 3.78935e-12 -2.20476e-12 1.17298e-12 -4.99182e-13 0. 
0.000115423 0.000104564 9.39864e-05 8.39749e-05 7.46035e-05 6.60439e-05 5.82196e-05 5.11157e-05 4.4723e-05 3.89435e-05 3.37052e-05 2.89122e-05 2.4635e-05 2.0722e-05 1.7168e-05 1.40023e-05 1.10636e-05 8.43779e-06 6.22614e-06 4.22542e-06 2.39214e-06 1.0722e-06 3.83448e-07 8.81781e-08 1.54649e-08 1.15615e-08 -7.80704e-09 2.25537e-09 3.13735e-09 -5.71238e-09 3.97919e-09 -7.87583e-10 -2.3961e-09 3.19793e-09 -2.31656e-09 -2.15703e-10 1.9682e-09 -2.58325e-09 1.28025e-09 2.11185e-10 -1.56652e-09 1.64327e-09 -1.16941e-09 3.55035e-11 7.0934e-10 -1.00218e-09 6.01476e-10 9.12754e-11 -6.47189e-10 7.21866e-10 -3.11207e-10 -2.95461e-10 7.19208e-10 -7.29875e-10 3.62434e-10 1.37438e-10 -4.82013e-10 5.12158e-10 -2.71221e-10 -4.95695e-11 2.45702e-10 -2.22334e-10 3.33306e-11 1.73998e-10 -2.60501e-10 1.76106e-10 2.32477e-11 -2.21892e-10 3.17748e-10 -2.77314e-10 1.44328e-10 -4.10741e-12 -6.99856e-11 5.53107e-11 1.57141e-11 -8.31335e-11 9.86096e-11 -5.22546e-11 -2.64606e-11 9.06979e-11 -1.05467e-10 6.63726e-11 1.46128e-12 -6.10375e-11 8.54345e-11 -7.09962e-11 3.55263e-11 -4.67416e-12 -4.03918e-12 -9.86521e-12 3.20024e-11 -4.35398e-11 3.27405e-11 -9.23198e-13 -3.97383e-11 7.41667e-11 -9.27805e-11 9.55592e-11 -9.01283e-11 8.58318e-11 -8.77395e-11 9.40118e-11 -9.76702e-11 9.11941e-11 -7.09947e-11 3.92903e-11 -2.6962e-12 -3.12467e-11 5.74286e-11 -7.464e-11 8.4704e-11 -9.02024e-11 9.23621e-11 -9.03326e-11 8.2095e-11 -6.62573e-11 4.35646e-11 -1.72401e-11 -7.97594e-12 2.74998e-11 -3.83931e-11 3.99921e-11 -3.35469e-11 2.12703e-11 -5.4119e-12 -1.21792e-11 2.99265e-11 -4.61132e-11 5.86031e-11 -6.49804e-11 6.31048e-11 -5.18193e-11 3.14582e-11 -3.91407e-12 -2.77513e-11 5.99613e-11 -8.92729e-11 1.12813e-10 -1.28448e-10 1.34773e-10 -1.31068e-10 1.17314e-10 -9.42816e-11 6.36057e-11 -2.77359e-11 -1.02912e-11 4.72339e-11 -8.00828e-11 1.06431e-10 -1.24694e-10 1.34153e-10 -1.34868e-10 1.27533e-10 -1.13322e-10 9.3765e-11 -7.06282e-11 4.57882e-11 -2.10813e-11 -1.8592e-12 2.17444e-11 -3.77164e-11 4.93592e-11 -5.66416e-11 5.98194e-11 -5.93329e-11 5.57276e-11 -4.96089e-11 4.16226e-11 -3.24459e-11 2.27726e-11 -1.32865e-11 4.62591e-12 2.65467e-12 -8.11665e-12 1.14628e-11 -1.25574e-11 1.14429e-11 -8.35412e-12 3.72283e-12 1.83591e-12 -7.56334e-12 1.26263e-11 -1.62112e-11 1.76302e-11 -1.64235e-11 1.24399e-11 -5.88219e-12 -2.69015e-12 1.24042e-11 -2.21586e-11 3.07433e-11 -3.69817e-11 3.98799e-11 -3.87667e-11 3.34044e-11 -2.40532e-11 1.14782e-11 3.10779e-12 -1.8162e-11 3.19776e-11 -4.28793e-11 4.94237e-11 -5.05818e-11 4.5878e-11 -3.547e-11 2.01574e-11 -1.31607e-12 -1.92365e-11 3.94292e-11 -5.71597e-11 7.05238e-11 -7.80275e-11 7.8753e-11 -7.24625e-11 5.96252e-11 -4.13659e-11 1.93413e-11 4.43995e-12 -2.78324e-11 4.8779e-11 -6.55195e-11 7.676e-11 -8.17845e-11 8.04997e-11 -7.34083e-11 6.15201e-11 -4.62123e-11 2.90589e-11 -1.16517e-11 -4.56677e-12 1.8438e-11 -2.91777e-11 3.64136e-11 -4.01712e-11 4.08142e-11 -3.89522e-11 3.53297e-11 -3.07144e-11 2.57986e-11 -2.11258e-11 1.70507e-11 -1.37316e-11 1.1155e-11 -9.18124e-12 7.60332e-12 -6.20552e-12 4.81219e-12 -3.31861e-12 1.70017e-12 0. 
0.000115423 0.000105376 9.5541e-05 8.60845e-05 7.71666e-05 6.87928e-05 6.11197e-05 5.3929e-05 4.75091e-05 4.14597e-05 3.59999e-05 3.10307e-05 2.64508e-05 2.23115e-05 1.84449e-05 1.5019e-05 1.18915e-05 9.05217e-06 6.62901e-06 4.42227e-06 2.49311e-06 1.11176e-06 3.58467e-07 1.00508e-07 2.47819e-08 -8.233e-09 7.55535e-09 -7.27965e-10 -5.0466e-09 6.14263e-09 -3.87134e-09 -3.53939e-10 2.95964e-09 -3.74597e-09 1.81309e-09 6.06447e-10 -2.73173e-09 2.57116e-09 -1.30805e-09 -7.38934e-10 1.71239e-09 -1.93646e-09 9.38758e-10 6.21484e-11 -9.84637e-10 1.07787e-09 -5.73537e-10 -2.33577e-10 7.88367e-10 -7.82058e-10 2.63068e-10 4.10341e-10 -8.24862e-10 7.63405e-10 -3.07285e-10 -2.49112e-10 5.94376e-10 -5.80261e-10 2.84305e-10 6.77842e-11 -2.56512e-10 1.96991e-10 3.18913e-11 -2.5957e-10 3.3836e-10 -2.26812e-10 -8.78715e-13 2.12791e-10 -3.01249e-10 2.39316e-10 -8.40746e-11 -6.72816e-11 1.37179e-10 -1.07486e-10 1.9959e-11 5.72309e-11 -7.30607e-11 2.11359e-11 6.23267e-11 -1.24837e-10 1.29979e-10 -7.64678e-11 -5.19997e-12 7.36534e-11 -1.0085e-10 8.5408e-11 -4.90528e-11 2.05997e-11 -1.8361e-11 4.11668e-11 -7.18296e-11 8.92728e-11 -8.1193e-11 5.0011e-11 -9.71376e-12 -2.33221e-11 3.94901e-11 -3.99477e-11 3.39485e-11 -3.1988e-11 3.92431e-11 -5.29888e-11 6.49246e-11 -6.64549e-11 5.35882e-11 -2.87918e-11 -7.97413e-13 2.73101e-11 -4.57757e-11 5.55461e-11 -5.91351e-11 5.96009e-11 -5.82405e-11 5.39157e-11 -4.41911e-11 2.73933e-11 -4.26811e-12 -2.17086e-11 4.54604e-11 -6.21797e-11 6.89329e-11 -6.52772e-11 5.27907e-11 -3.39886e-11 1.13205e-11 1.32592e-11 -3.80884e-11 6.13028e-11 -8.05186e-11 9.29991e-11 -9.62849e-11 8.89807e-11 -7.13055e-11 4.51508e-11 -1.3641e-11 -1.95786e-11 5.10266e-11 -7.78222e-11 9.78261e-11 -1.09594e-10 1.12307e-10 -1.05789e-10 9.06081e-11 -6.81733e-11 4.06943e-11 -1.09516e-11 -1.80972e-11 4.37609e-11 -6.39787e-11 7.75126e-11 -8.39543e-11 8.35978e-11 -7.72599e-11 6.61127e-11 -5.15549e-11 3.51061e-11 -1.82976e-11 2.5428e-12 1.09996e-11 -2.1539e-11 2.87045e-11 -3.25201e-11 3.33117e-11 -3.15817e-11 2.78914e-11 -2.27812e-11 1.67382e-11 -1.02008e-11 3.57789e-12 2.73574e-12 -8.35798e-12 1.29316e-11 -1.61434e-11 1.77439e-11 -1.7567e-11 1.55521e-11 -1.17688e-11 6.44518e-12 1.143e-14 -7.01231e-12 1.38151e-11 -1.9587e-11 2.3499e-11 -2.48378e-11 2.3119e-11 -1.81788e-11 1.02324e-11 1.14632e-13 -1.19029e-11 2.39038e-11 -3.47438e-11 4.30572e-11 -4.7651e-11 4.76636e-11 -4.26951e-11 3.28914e-11 -1.89648e-11 2.14683e-12 1.59279e-11 -3.33924e-11 4.8354e-11 -5.91119e-11 6.43594e-11 -6.33441e-11 5.59692e-11 -4.28194e-11 2.51092e-11 -4.55825e-12 -1.67937e-11 3.681e-11 -5.34929e-11 6.52027e-11 -7.08354e-11 6.99369e-11 -6.27407e-11 5.01264e-11 -3.35048e-11 1.46463e-11 4.52701e-12 -2.21584e-11 3.66566e-11 -4.68572e-11 5.21249e-11 -5.23899e-11 4.81143e-11 -4.01992e-11 2.98437e-11 -1.83795e-11 7.10159e-12 2.88261e-12 -1.07675e-11 1.61143e-11 -1.88627e-11 1.92905e-11 -1.79318e-11 1.54678e-11 -1.26084e-11 9.98082e-12 -8.04262e-12 7.02944e-12 -6.94243e-12 7.57498e-12 -8.57171e-12 9.50796e-12 -9.9759e-12 9.6625e-12 -8.40668e-12 6.22685e-12 -3.31511e-12 0. 
0.000115423 0.000106 9.66924e-05 8.77539e-05 7.90993e-05 7.10484e-05 6.33668e-05 5.62981e-05 4.97343e-05 4.35379e-05 3.80203e-05 3.27634e-05 2.79949e-05 2.35826e-05 1.95306e-05 1.59391e-05 1.25494e-05 9.50736e-06 6.92515e-06 4.60092e-06 2.53708e-06 1.09117e-06 3.866e-07 9.53034e-08 8.2309e-09 1.40511e-08 -5.77667e-09 -1.83444e-09 6.38375e-09 -6.69498e-09 2.77589e-09 1.21545e-09 -4.01597e-09 3.59366e-09 -1.56362e-09 -1.6103e-09 3.03561e-09 -2.87354e-09 7.63914e-10 9.84639e-10 -2.19793e-09 1.80495e-09 -9.38889e-10 -4.48019e-10 1.13588e-09 -1.17958e-09 4.70374e-10 4.03889e-10 -9.31214e-10 8.10596e-10 -1.74611e-10 -5.50696e-10 9.29125e-10 -7.73799e-10 2.23819e-10 3.77291e-10 -7.03473e-10 6.29307e-10 -2.74192e-10 -1.01891e-10 2.71072e-10 -1.66463e-10 -1.03419e-10 3.45586e-10 -4.08592e-10 2.649e-10 -9.68484e-12 -2.09787e-10 2.83716e-10 -1.95428e-10 1.7264e-11 1.42315e-10 -2.03878e-10 1.56325e-10 -5.20305e-11 -3.30481e-11 4.67873e-11 1.20849e-11 -9.98844e-11 1.58946e-10 -1.5266e-10 8.40525e-11 1.05281e-11 -8.57384e-11 1.13366e-10 -9.52262e-11 5.73807e-11 -3.16179e-11 3.64775e-11 -6.86086e-11 1.07828e-10 -1.31017e-10 1.2572e-10 -9.57977e-11 5.71118e-11 -2.70939e-11 1.49719e-11 -1.80556e-11 2.53089e-11 -2.51532e-11 1.24992e-11 8.86243e-12 -2.92415e-11 3.90234e-11 -3.39233e-11 1.67244e-11 4.95321e-12 -2.30521e-11 3.29241e-11 -3.46322e-11 3.14438e-11 -2.68651e-11 2.21813e-11 -1.58794e-11 5.05168e-12 1.22787e-11 -3.5374e-11 6.0531e-11 -8.23936e-11 9.60109e-11 -9.85317e-11 8.97813e-11 -7.16625e-11 4.69412e-11 -1.81823e-11 -1.26481e-11 4.38897e-11 -7.36026e-11 9.92129e-11 -1.17712e-10 1.26358e-10 -1.23542e-10 1.09365e-10 -8.56798e-11 5.56029e-11 -2.27458e-11 -9.49024e-12 3.83357e-11 -6.17517e-11 7.83374e-11 -8.72313e-11 8.81249e-11 -8.13817e-11 6.81493e-11 -5.03338e-11 3.03682e-11 -1.08151e-11 -6.07462e-12 1.87057e-11 -2.62937e-11 2.88235e-11 -2.68749e-11 2.14077e-11 -1.35791e-11 4.61614e-12 4.274e-12 -1.19891e-11 1.76325e-11 -2.06174e-11 2.07419e-11 -1.81996e-11 1.35106e-11 -7.38987e-12 5.92938e-13 6.21581e-12 -1.25392e-11 1.80611e-11 -2.26124e-11 2.61163e-11 -2.85371e-11 2.98454e-11 -3.00025e-11 2.89576e-11 -2.66538e-11 2.30433e-11 -1.81123e-11 1.19199e-11 -4.64332e-12 -3.37891e-12 1.16244e-11 -1.93987e-11 2.58889e-11 -3.02561e-11 3.17536e-11 -2.98498e-11 2.43354e-11 -1.53961e-11 3.63874e-12 9.93541e-12 -2.40093e-11 3.70753e-11 -4.75946e-11 5.41764e-11 -5.57536e-11 5.17347e-11 -4.2108e-11 2.74813e-11 -9.04709e-12 -1.15254e-11 3.22609e-11 -5.10915e-11 6.60868e-11 -7.56722e-11 7.881e-11 -7.51208e-11 6.49294e-11 -4.92306e-11 2.95779e-11 -7.90825e-12 -1.36771e-11 3.3147e-11 -4.87637e-11 5.92662e-11 -6.39925e-11 6.29273e-11 -5.66709e-11 4.63359e-11 -3.3388e-11 1.94511e-11 -6.10438e-12 -5.3034e-12 1.38001e-11 -1.88792e-11 2.05233e-11 -1.91621e-11 1.55737e-11 -1.07457e-11 5.71717e-12 -1.42356e-12 -1.43239e-12 2.46802e-12 -1.65533e-12 -6.9958e-13 4.02662e-12 -7.59894e-12 1.06598e-11 -1.25493e-11 1.2812e-11 -1.12695e-11 8.04772e-12 -3.55588e-12 -1.57877e-12 6.61003e-12 -1.07898e-11 1.3485e-11 -1.42768e-11 1.30264e-11 -9.89807e-12 5.33636e-12 0. 
0.000115423 0.000106455 9.76161e-05 8.89875e-05 8.06791e-05 7.27652e-05 6.52127e-05 5.81972e-05 5.15074e-05 4.53417e-05 3.96117e-05 3.41911e-05 2.92435e-05 2.46962e-05 2.04642e-05 1.66024e-05 1.30506e-05 9.89283e-06 7.16605e-06 4.65734e-06 2.54046e-06 1.1283e-06 3.63172e-07 8.99755e-08 3.153e-08 -8.5918e-09 3.40194e-09 4.22356e-09 -8.02977e-09 6.06647e-09 -1.78107e-09 -2.84166e-09 4.3912e-09 -3.7059e-09 4.88114e-10 2.20975e-09 -3.74087e-09 2.48599e-09 -5.19424e-10 -1.69141e-09 2.25692e-09 -1.9688e-09 5.00565e-10 6.35599e-10 -1.41834e-09 1.16391e-09 -3.32571e-10 -6.12076e-10 1.05985e-09 -7.96784e-10 4.07384e-11 7.13885e-10 -1.02537e-09 7.5572e-10 -1.11796e-10 -5.16582e-10 8.0068e-10 -6.50919e-10 2.35205e-10 1.5461e-10 -2.9077e-10 1.33022e-10 1.76671e-10 -4.25162e-10 4.63171e-10 -2.82672e-10 2.03056e-12 2.17986e-10 -2.69639e-10 1.50428e-10 5.0491e-11 -2.14597e-10 2.63457e-10 -1.95653e-10 7.52405e-11 1.48691e-11 -2.33627e-11 -4.41895e-11 1.36067e-10 -1.9017e-10 1.71145e-10 -8.75644e-11 -1.80082e-11 9.68575e-11 -1.21713e-10 9.85436e-11 -5.8101e-11 3.48301e-11 -4.68423e-11 8.80602e-11 -1.35176e-10 1.6333e-10 -1.60404e-10 1.32066e-10 -9.60859e-11 7.06582e-11 -6.41935e-11 7.21143e-11 -8.14802e-11 7.97404e-11 -6.21158e-11 3.36411e-11 -5.4313e-12 -1.19822e-11 1.41745e-11 -4.34078e-12 -9.43911e-12 1.90515e-11 -2.0341e-11 1.42073e-11 -4.70167e-12 -4.28261e-12 1.15808e-11 -1.91799e-11 3.05163e-11 -4.78842e-11 7.05538e-11 -9.46124e-11 1.14476e-10 -1.25126e-10 1.23862e-10 -1.10811e-10 8.81761e-11 -5.89013e-11 2.556e-11 9.98474e-12 -4.61789e-11 8.10961e-11 -1.12049e-10 1.35824e-10 -1.49461e-10 1.51178e-10 -1.40974e-10 1.20647e-10 -9.3241e-11 6.22387e-11 -3.08449e-11 1.5956e-12 2.36846e-11 -4.37351e-11 5.77277e-11 -6.52747e-11 6.65616e-11 -6.24776e-11 5.45989e-11 -4.49591e-11 3.56521e-11 -2.84016e-11 2.42473e-11 -2.34379e-11 2.55295e-11 -2.96127e-11 3.45634e-11 -3.92413e-11 4.26123e-11 -4.3819e-11 4.22373e-11 -3.75425e-11 2.97747e-11 -1.93699e-11 7.12252e-12 5.931e-12 -1.86854e-11 3.01497e-11 -3.95896e-11 4.65959e-11 -5.10749e-11 5.31784e-11 -5.32094e-11 5.15292e-11 -4.84868e-11 4.43715e-11 -3.93875e-11 3.36474e-11 -2.7183e-11 1.99792e-11 -1.20285e-11 3.40153e-12 5.68422e-12 -1.48159e-11 2.33774e-11 -3.05908e-11 3.56059e-11 -3.76238e-11 3.60324e-11 -3.05305e-11 2.12196e-11 -8.64826e-12 -6.19847e-12 2.19677e-11 -3.70594e-11 4.97903e-11 -5.85823e-11 6.21567e-11 -5.97059e-11 5.10206e-11 -3.65502e-11 1.73864e-11 4.83323e-12 -2.80906e-11 5.0201e-11 -6.90517e-11 8.28326e-11 -9.02353e-11 9.0593e-11 -8.39473e-11 7.10328e-11 -5.31834e-11 3.21697e-11 -9.99058e-12 -1.13559e-11 3.00934e-11 -4.48527e-11 5.4798e-11 -5.96821e-11 5.98254e-11 -5.60247e-11 4.9408e-11 -4.1257e-11 3.28217e-11 -2.51543e-11 1.89823e-11 -1.46378e-11 1.20502e-11 -1.07992e-11 1.022e-11 -9.54096e-12 8.03272e-12 -5.14614e-12 6.17064e-13 5.47703e-12 -1.27168e-11 2.03971e-11 -2.76298e-11 3.34791e-11 -3.71067e-11 3.79071e-11 -3.5611e-11 3.03411e-11 -2.26125e-11 1.3275e-11 -3.40642e-12 -5.83001e-12 1.33422e-11 -1.82593e-11 2.00528e-11 -1.86116e-11 1.42606e-11 -7.71811e-12 0. 
0.000115423 0.000106815 9.83096e-05 8.99644e-05 8.19007e-05 7.41148e-05 6.6707e-05 5.96672e-05 5.29981e-05 4.67598e-05 4.0898e-05 3.53484e-05 3.03317e-05 2.55722e-05 2.11093e-05 1.7159e-05 1.34873e-05 1.01576e-05 7.25103e-06 4.70277e-06 2.57536e-06 1.0883e-06 3.74535e-07 1.07113e-07 3.63185e-09 1.13485e-08 2.79361e-10 -7.16448e-09 8.36893e-09 -5.34611e-09 -2.88224e-10 3.84338e-09 -5.10237e-09 2.84847e-09 2.367e-10 -3.39196e-09 3.73306e-09 -2.41078e-09 -3.80364e-10 1.98329e-09 -2.66044e-09 1.59137e-09 -3.41151e-10 -1.11698e-09 1.51926e-09 -1.14547e-09 1.073e-10 8.33306e-10 -1.16291e-09 7.2847e-10 1.40391e-10 -8.93442e-10 1.10418e-09 -7.03073e-10 -2.8122e-11 6.60254e-10 -8.76852e-10 6.37619e-10 -1.63719e-10 -2.26253e-10 3.15026e-10 -9.77541e-11 -2.47644e-10 4.91866e-10 -4.9486e-10 2.73744e-10 2.85879e-11 -2.40782e-10 2.62082e-10 -1.08071e-10 -1.14266e-10 2.78295e-10 -3.09907e-10 2.20057e-10 -8.51727e-11 -6.18839e-12 5.75511e-12 7.23241e-11 -1.67963e-10 2.15683e-10 -1.8304e-10 8.53835e-11 2.83231e-11 -1.06823e-10 1.25044e-10 -9.40782e-11 4.95978e-11 -2.8243e-11 4.69497e-11 -9.63763e-11 1.50049e-10 -1.8178e-10 1.80353e-10 -1.53621e-10 1.21254e-10 -1.01865e-10 1.0258e-10 -1.16594e-10 1.28989e-10 -1.26406e-10 1.04628e-10 -7.01046e-11 3.53722e-11 -1.17267e-11 3.53799e-12 -7.07796e-12 1.38204e-11 -1.57207e-11 9.27197e-12 3.69117e-12 -1.83386e-11 3.04861e-11 -3.92212e-11 4.71129e-11 -5.81775e-11 7.50294e-11 -9.69354e-11 1.19784e-10 -1.37811e-10 1.46e-10 -1.41865e-10 1.25849e-10 -1.00421e-10 6.86067e-11 -3.28661e-11 -5.16887e-12 4.41666e-11 -8.23147e-11 1.16903e-10 -1.44597e-10 1.62298e-10 -1.68115e-10 1.61987e-10 -1.45647e-10 1.22023e-10 -9.43838e-11 6.56285e-11 -3.79415e-11 1.28177e-11 8.72706e-12 -2.59882e-11 3.8574e-11 -4.65494e-11 5.05812e-11 -5.19292e-11 5.22158e-11 -5.30324e-11 5.55263e-11 -6.01261e-11 6.64908e-11 -7.36727e-11 8.04e-11 -8.5365e-11 8.7437e-11 -8.57772e-11 7.98874e-11 -6.96353e-11 5.52828e-11 -3.75092e-11 1.73936e-11 3.6736e-12 -2.41569e-11 4.25907e-11 -5.77891e-11 6.89958e-11 -7.59402e-11 7.87983e-11 -7.80837e-11 7.45081e-11 -6.88452e-11 6.18207e-11 -5.40338e-11 4.59094e-11 -3.76797e-11 2.93957e-11 -2.09732e-11 1.2269e-11 -3.18097e-12 -6.25134e-12 1.57691e-11 -2.48624e-11 3.27986e-11 -3.87077e-11 4.17117e-11 -4.10752e-11 3.63489e-11 -2.74847e-11 1.49035e-11 4.95225e-13 -1.73859e-11 3.41294e-11 -4.89361e-11 6.00627e-11 -6.60211e-11 6.57713e-11 -5.88714e-11 4.55623e-11 -2.67716e-11 4.03378e-12 2.0664e-11 -4.5093e-11 6.70224e-11 -8.44606e-11 9.58654e-11 -1.00303e-10 9.75311e-11 -8.80067e-11 7.28075e-11 -5.34874e-11 3.18818e-11 -9.88828e-12 -1.07473e-11 2.86127e-11 -4.27562e-11 5.27458e-11 -5.86549e-11 6.09828e-11 -6.05236e-11 5.82058e-11 -5.49278e-11 5.14133e-11 -4.81073e-11 4.51267e-11 -4.22722e-11 3.90956e-11 -3.50132e-11 2.94437e-11 -2.19493e-11 1.23565e-11 -8.35664e-13 -1.2074e-11 2.54999e-11 -3.83291e-11 4.9346e-11 -5.73959e-11 6.15505e-11 -6.12518e-11 5.64119e-11 -4.74523e-11 3.52767e-11 -2.11762e-11 6.68022e-12 6.62917e-12 -1.73149e-11 2.42683e-11 -2.68524e-11 2.49868e-11 -1.91608e-11 1.03721e-11 0. 
0.000115423 0.000107091 9.8845e-05 9.07252e-05 8.28445e-05 7.51888e-05 6.78659e-05 6.08526e-05 5.41678e-05 4.79061e-05 4.18888e-05 3.63453e-05 3.1141e-05 2.6172e-05 2.1706e-05 1.76066e-05 1.37358e-05 1.02832e-05 7.34786e-06 4.72454e-06 2.52425e-06 1.11776e-06 3.79691e-07 7.96396e-08 3.21829e-08 -2.63819e-09 -4.06311e-09 8.94385e-09 -8.4927e-09 3.16206e-09 1.93709e-09 -5.36738e-09 4.74142e-09 -2.24301e-09 -1.81492e-09 3.88759e-09 -4.04398e-09 1.4849e-09 8.63172e-10 -2.71832e-09 2.48254e-09 -1.5392e-09 -2.96221e-10 1.32864e-09 -1.71204e-09 9.72158e-10 1.53062e-10 -1.06763e-09 1.21879e-09 -5.96771e-10 -3.66563e-10 1.07837e-09 -1.15357e-09 6.09651e-10 1.93863e-10 -8.00257e-10 9.22909e-10 -5.83722e-10 5.90341e-11 3.14101e-10 -3.4093e-10 6.03298e-11 3.13218e-10 -5.40239e-10 4.97936e-10 -2.33851e-10 -8.44289e-11 2.79162e-10 -2.62078e-10 7.05581e-11 1.7037e-10 -3.28723e-10 3.38481e-10 -2.25526e-10 7.88496e-11 9.19847e-12 4.09377e-12 -9.43445e-11 1.93106e-10 -2.32938e-10 1.86134e-10 -7.59854e-11 -4.22032e-11 1.15714e-10 -1.2306e-10 8.13754e-11 -3.13233e-11 1.11066e-11 -3.5654e-11 9.18538e-11 -1.50138e-10 1.83521e-10 -1.82323e-10 1.56948e-10 -1.28903e-10 1.16813e-10 -1.26034e-10 1.47226e-10 -1.63483e-10 1.60864e-10 -1.35996e-10 9.68986e-11 -5.74864e-11 2.96154e-11 -1.73679e-11 1.63453e-11 -1.75862e-11 1.32378e-11 -5.82641e-13 -1.75404e-11 3.55645e-11 -4.91434e-11 5.77678e-11 -6.46987e-11 7.45739e-11 -9.03153e-11 1.11163e-10 -1.32809e-10 1.49355e-10 -1.55855e-10 1.50091e-10 -1.32834e-10 1.06761e-10 -7.48755e-11 3.93929e-11 -1.58126e-12 -3.75686e-11 7.64618e-11 -1.12461e-10 1.42209e-10 -1.62561e-10 1.71603e-10 -1.69265e-10 1.57233e-10 -1.38286e-10 1.1541e-10 -9.11047e-11 6.70935e-11 -4.44342e-11 2.37935e-11 -5.65469e-12 -9.67658e-12 2.22254e-11 -3.25029e-11 4.14996e-11 -5.04532e-11 6.04578e-11 -7.20734e-11 8.50966e-11 -9.85736e-11 1.11031e-10 -1.20817e-10 1.26425e-10 -1.26721e-10 1.21047e-10 -1.0925e-10 9.16677e-11 -6.91276e-11 4.2919e-11 -1.47282e-11 -1.35019e-11 3.97887e-11 -6.23649e-11 7.99111e-11 -9.17088e-11 9.76796e-11 -9.8312e-11 9.45091e-11 -8.74022e-11 7.81698e-11 -6.78883e-11 5.74233e-11 -4.73614e-11 3.79835e-11 -2.92815e-11 2.10202e-11 -1.28423e-11 4.40186e-12 4.49821e-12 -1.37956e-11 2.31115e-11 -3.17632e-11 3.88464e-11 -4.33719e-11 4.44322e-11 -4.13684e-11 3.39125e-11 -2.22825e-11 7.21752e-12 1.0054e-11 -2.79143e-11 4.45146e-11 -5.79771e-11 6.66169e-11 -6.91547e-11 6.48902e-11 -5.38121e-11 3.6625e-11 -1.46901e-11 -1.0115e-11 3.55973e-11 -5.94868e-11 7.96801e-11 -9.44604e-11 1.02669e-10 -1.03806e-10 9.80536e-11 -8.62192e-11 6.9606e-11 -4.98352e-11 2.86401e-11 -7.66346e-12 -1.17172e-11 2.85117e-11 -4.21759e-11 5.26011e-11 -6.00417e-11 6.49964e-11 -6.80642e-11 6.97992e-11 -7.05891e-11 7.05748e-11 -6.96248e-11 6.73686e-11 -6.32811e-11 5.6807e-11 -4.75022e-11 3.51689e-11 -1.9962e-11 2.4454e-12 1.64134e-11 -3.53135e-11 5.27496e-11 -6.71848e-11 7.72426e-11 -8.18938e-11 8.06102e-11 -7.34616e-11 6.11411e-11 -4.49115e-11 2.64761e-11 -7.789e-12 -9.17257e-12 2.26451e-11 -3.12944e-11 3.4381e-11 -3.18545e-11 2.43616e-11 -1.31677e-11 0. 
0.000115423 0.000107302 9.92582e-05 9.13075e-05 8.35847e-05 7.6005e-05 6.87974e-05 6.17363e-05 5.51395e-05 4.87342e-05 4.2722e-05 3.71046e-05 3.16741e-05 2.67483e-05 2.21431e-05 1.78203e-05 1.38964e-05 1.04275e-05 7.35069e-06 4.66875e-06 2.5697e-06 1.1082e-06 3.57838e-07 1.1289e-07 7.84663e-09 2.49615e-09 7.92768e-09 -1.03628e-08 6.69522e-09 -1.06989e-09 -4.35847e-09 5.72632e-09 -4.55004e-09 5.31633e-10 2.77324e-09 -4.80686e-09 3.37736e-09 -9.38006e-10 -1.98477e-09 2.84871e-09 -2.63997e-09 8.59762e-10 5.79594e-10 -1.79606e-09 1.65672e-09 -7.72164e-10 -4.89987e-10 1.27825e-09 -1.21247e-09 3.9464e-10 6.29651e-10 -1.25307e-09 1.15972e-09 -4.70166e-10 -3.81285e-10 9.27249e-10 -9.3046e-10 4.86192e-10 7.59415e-11 -4.12103e-10 3.63262e-10 -1.90877e-11 -3.71229e-10 5.66116e-10 -4.68725e-10 1.61493e-10 1.64725e-10 -3.31268e-10 2.68326e-10 -3.82495e-11 -2.16671e-10 3.6276e-10 -3.46163e-10 2.09937e-10 -5.51766e-11 -2.4422e-11 -5.56353e-12 1.09064e-10 -2.09707e-10 2.39893e-10 -1.78612e-10 5.81162e-11 6.03116e-11 -1.2384e-10 1.1604e-10 -6.09009e-11 3.93773e-12 1.59061e-11 1.33892e-11 -7.44987e-11 1.34968e-10 -1.67671e-10 1.65144e-10 -1.40677e-10 1.17472e-10 -1.13698e-10 1.32449e-10 -1.61592e-10 1.82306e-10 -1.80362e-10 1.53537e-10 -1.11562e-10 6.96313e-11 -3.99105e-11 2.59325e-11 -2.24856e-11 2.01914e-11 -1.15145e-11 -5.3449e-12 2.6504e-11 -4.57375e-11 5.86953e-11 -6.54347e-11 7.00137e-11 -7.77153e-11 9.17381e-11 -1.11257e-10 1.31768e-10 -1.47281e-10 1.52989e-10 -1.46994e-10 1.30394e-10 -1.06012e-10 7.67225e-11 -4.43634e-11 9.71284e-12 2.66893e-11 -6.35618e-11 9.84339e-11 -1.28027e-10 1.49253e-10 -1.60271e-10 1.61073e-10 -1.53328e-10 1.39655e-10 -1.22706e-10 1.04503e-10 -8.6222e-11 6.83894e-11 -5.12289e-11 3.49068e-11 -1.95461e-11 5.06659e-12 8.97534e-12 -2.33767e-11 3.9048e-11 -5.66257e-11 7.61069e-11 -9.66693e-11 1.16753e-10 -1.34363e-10 1.47464e-10 -1.54346e-10 1.53855e-10 -1.45489e-10 1.294e-10 -1.06356e-10 7.76922e-11 -4.52442e-11 1.12357e-11 2.19152e-11 -5.18599e-11 7.66107e-11 -9.47925e-11 1.05793e-10 -1.0978e-10 1.07591e-10 -1.00532e-10 9.01488e-11 -7.79964e-11 6.54551e-11 -5.35927e-11 4.30804e-11 -3.41623e-11 2.6681e-11 -2.01621e-11 1.39525e-11 -7.39187e-12 -9.07658e-15 8.42276e-12 -1.76206e-11 2.69703e-11 -3.55151e-11 4.21197e-11 -4.56549e-11 4.51914e-11 -4.01715e-11 3.05368e-11 -1.67919e-11 -2.64878e-15 1.83135e-11 -3.6285e-11 5.19433e-11 -6.34289e-11 6.92275e-11 -6.83667e-11 6.05507e-11 -4.62121e-11 2.6475e-11 -3.03304e-12 -2.20393e-11 4.65172e-11 -6.8268e-11 8.54754e-11 -9.68189e-11 1.01588e-10 -9.972e-11 9.17576e-11 -7.87396e-11 6.20376e-11 -4.31662e-11 2.35938e-11 -4.58055e-12 -1.29355e-11 2.8391e-11 -4.1585e-11 5.26097e-11 -6.1739e-11 6.92969e-11 -7.55303e-11 8.05075e-11 -8.40617e-11 8.57902e-11 -8.51097e-11 8.13621e-11 -7.3952e-11 6.24961e-11 -4.69566e-11 2.77375e-11 -5.72184e-12 -1.77597e-11 4.10305e-11 -6.22311e-11 7.95242e-11 -9.13158e-11 9.6463e-11 -9.44387e-11 8.54299e-11 -7.0351e-11 5.07682e-11 -2.87402e-11 6.59162e-12 1.3352e-11 -2.90371e-11 3.89279e-11 -4.21922e-11 3.88047e-11 -2.95518e-11 1.59375e-11 0. 
0.000115423 0.000107472 9.95563e-05 9.17801e-05 8.41126e-05 7.66813e-05 6.94558e-05 6.24717e-05 5.58454e-05 4.93711e-05 4.34033e-05 3.75752e-05 3.2159e-05 2.71651e-05 2.23309e-05 1.79892e-05 1.40711e-05 1.04135e-05 7.2948e-06 4.72612e-06 2.54588e-06 1.09495e-06 3.91675e-07 8.04588e-08 2.31114e-08 7.66718e-09 -1.05183e-08 9.55407e-09 -4.59908e-09 -2.18689e-09 5.65293e-09 -6.25054e-09 3.00469e-09 7.27023e-10 -4.39506e-09 4.66525e-09 -2.99194e-09 -4.90326e-10 2.47181e-09 -3.35667e-09 2.0744e-09 -5.67292e-10 -1.3207e-09 1.8996e-09 -1.6428e-09 4.01623e-10 8.32842e-10 -1.45407e-09 1.12194e-09 -1.22248e-10 -9.15214e-10 1.39766e-09 -1.10837e-09 2.81646e-10 5.83437e-10 -1.03073e-09 8.9252e-10 -3.4539e-10 -2.34323e-10 5.10989e-10 -3.74907e-10 -2.85344e-11 4.20283e-10 -5.66764e-10 4.05948e-10 -5.82619e-11 -2.65427e-10 3.92341e-10 -2.77211e-10 9.69922e-12 2.52657e-10 -3.79026e-10 3.31938e-10 -1.73344e-10 1.51813e-11 5.05379e-11 -5.18711e-13 -1.16372e-10 2.16798e-10 -2.35185e-10 1.59251e-10 -3.09747e-11 -8.3099e-11 1.31637e-10 -1.04778e-10 3.40081e-11 3.07094e-11 -5.07075e-11 1.7822e-11 4.60646e-11 -1.05979e-10 1.35428e-10 -1.29875e-10 1.05764e-10 -8.77569e-11 9.30382e-11 -1.21948e-10 1.59382e-10 -1.84766e-10 1.8395e-10 -1.56193e-10 1.13044e-10 -7.08308e-11 4.17328e-11 -2.8453e-11 2.4832e-11 -2.1111e-11 1.0207e-11 8.64544e-12 -3.0509e-11 4.8612e-11 -5.87817e-11 6.18105e-11 -6.26432e-11 6.72085e-11 -7.89275e-11 9.68591e-11 -1.16297e-10 1.31208e-10 -1.36991e-10 1.32118e-10 -1.18013e-10 9.75839e-11 -7.34665e-11 4.70019e-11 -1.83696e-11 -1.2431e-11 4.45111e-11 -7.5649e-11 1.02739e-10 -1.22857e-10 1.34339e-10 -1.37318e-10 1.33494e-10 -1.25326e-10 1.15107e-10 -1.04327e-10 9.35526e-11 -8.27083e-11 7.14996e-11 -5.96926e-11 4.71354e-11 -3.35936e-11 1.85912e-11 -1.43146e-12 -1.85502e-11 4.15997e-11 -6.72043e-11 9.39665e-11 -1.19756e-10 1.42081e-10 -1.58543e-10 1.67229e-10 -1.66953e-10 1.57336e-10 -1.3879e-10 1.12444e-10 -8.00618e-11 4.39389e-11 -6.7387e-12 -2.87471e-11 5.99058e-11 -8.46272e-11 1.01568e-10 -1.10294e-10 1.11271e-10 -1.05711e-10 9.53295e-11 -8.20613e-11 6.77955e-11 -5.41529e-11 4.23264e-11 -3.29841e-11 2.62403e-11 -2.16958e-11 1.85502e-11 -1.57768e-11 1.23375e-11 -7.40281e-12 5.35433e-13 8.19912e-12 -1.82149e-11 2.84834e-11 -3.76896e-11 4.4438e-11 -4.74745e-11 4.58911e-11 -3.92874e-11 2.78672e-11 -1.24583e-11 -5.5505e-12 2.435e-11 -4.19135e-11 5.62379e-11 -6.55907e-11 6.87279e-11 -6.50527e-11 5.46925e-11 -3.84843e-11 1.78732e-11 5.26067e-12 -2.88216e-11 5.07351e-11 -6.91708e-11 8.27255e-11 -9.05445e-11 9.23698e-11 -8.85109e-11 7.97494e-11 -6.71907e-11 5.20908e-11 -3.5682e-11 1.90262e-11 -2.914e-12 -1.21764e-11 2.60597e-11 -3.87706e-11 5.04544e-11 -6.1242e-11 7.11353e-11 -7.99233e-11 8.71465e-11 -9.21198e-11 9.40117e-11 -9.1972e-11 8.52876e-11 -7.35431e-11 5.67595e-11 -3.54856e-11 1.08227e-11 1.56263e-11 -4.18856e-11 6.57982e-11 -8.52607e-11 9.84716e-11 -1.0416e-10 1.01765e-10 -9.15335e-11 7.45332e-11 -5.25553e-11 2.79331e-11 -3.28534e-12 -1.87807e-11 3.59736e-11 -4.65889e-11 4.9714e-11 -4.53401e-11 3.43654e-11 -1.84877e-11 0. 
0.000115423 0.000107591 9.97978e-05 9.21144e-05 8.45339e-05 7.7174e-05 6.99536e-05 6.30437e-05 5.63214e-05 4.99113e-05 4.38276e-05 3.79394e-05 3.25346e-05 2.7348e-05 2.24738e-05 1.81687e-05 1.40493e-05 1.03587e-05 7.35951e-06 4.69096e-06 2.54153e-06 1.12659e-06 3.54148e-07 1.04884e-07 2.0174e-08 -7.34303e-09 1.15532e-08 -7.89238e-09 7.5422e-10 4.50823e-09 -7.12405e-09 5.12683e-09 -1.70232e-09 -2.93013e-09 4.92842e-09 -4.75883e-09 1.49456e-09 1.31885e-09 -3.47334e-09 3.05279e-09 -1.86787e-09 -3.67026e-10 1.59308e-09 -2.18591e-09 1.32771e-09 -1.20431e-11 -1.20387e-09 1.54907e-09 -9.3672e-10 -2.14149e-10 1.20151e-09 -1.48937e-09 9.86759e-10 -4.50431e-11 -7.89946e-10 1.0994e-09 -8.04273e-10 1.65665e-10 4.05241e-10 -5.98855e-10 3.6772e-10 8.5266e-11 -4.59368e-10 5.40824e-10 -3.10823e-10 -7.10629e-11 3.79346e-10 -4.55013e-10 2.83207e-10 1.8008e-11 -2.7924e-10 3.77834e-10 -2.96831e-10 1.18024e-10 3.79828e-11 -8.44302e-11 1.19447e-11 1.17198e-10 -2.1426e-10 2.1824e-10 -1.27568e-10 -5.61589e-12 1.10642e-10 -1.39526e-10 9.045e-11 -2.78624e-12 -6.97557e-11 8.99946e-11 -5.45755e-11 -9.85473e-12 6.63464e-11 -8.99286e-11 7.96889e-11 -5.54035e-11 4.28435e-11 -5.76173e-11 9.68548e-11 -1.42383e-10 1.72151e-10 -1.72527e-10 1.44591e-10 -1.0178e-10 6.13571e-11 -3.51773e-11 2.48302e-11 -2.30966e-11 1.99034e-11 -8.76931e-12 -9.92968e-12 3.02193e-11 -4.49241e-11 5.0247e-11 -4.78769e-11 4.37127e-11 -4.42982e-11 5.31974e-11 -6.92887e-11 8.76563e-11 -1.02271e-10 1.08817e-10 -1.06187e-10 9.61272e-11 -8.15692e-11 6.48174e-11 -4.66176e-11 2.64701e-11 -3.775e-12 -2.10219e-11 4.60092e-11 -6.83362e-11 8.53439e-11 -9.56476e-11 9.96085e-11 -9.90096e-11 9.61766e-11 -9.30309e-11 9.05103e-11 -8.85357e-11 8.63926e-11 -8.32202e-11 7.83233e-11 -7.11976e-11 6.13622e-11 -4.82086e-11 3.10402e-11 -9.34417e-12 -1.68193e-11 4.65034e-11 -7.78028e-11 1.08075e-10 -1.34384e-10 1.54001e-10 -1.64827e-10 1.65635e-10 -1.56141e-10 1.36958e-10 -1.09502e-10 7.5875e-11 -3.87261e-11 1.04636e-12 3.4114e-11 -6.3992e-11 8.646e-11 -1.00297e-10 1.05319e-10 -1.02331e-10 9.29406e-11 -7.92611e-11 6.35846e-11 -4.80775e-11 3.45295e-11 -2.41749e-11 1.75889e-11 -1.46658e-11 1.46783e-11 -1.64225e-11 1.8433e-11 -1.92434e-11 1.76493e-11 -1.2929e-11 4.97996e-12 5.65068e-12 -1.7844e-11 3.0078e-11 -4.06561e-11 4.79585e-11 -5.06815e-11 4.80338e-11 -3.98675e-11 2.67254e-11 -9.79988e-12 -9.19527e-12 2.82255e-11 -4.51823e-11 5.81441e-11 -6.56123e-11 6.66925e-11 -6.11938e-11 4.96365e-11 -3.31707e-11 1.34202e-11 7.72348e-12 -2.83281e-11 4.66379e-11 -6.1255e-11 7.12621e-11 -7.62752e-11 7.64228e-11 -7.22592e-11 6.46299e-11 -5.45115e-11 4.28541e-11 -3.04508e-11 1.78541e-11 -5.35048e-12 -7.00615e-12 1.93112e-11 -3.16945e-11 4.41957e-11 -5.66554e-11 6.86433e-11 -7.944e-11 8.80811e-11 -9.34602e-11 9.44797e-11 -9.02285e-11 8.01592e-11 -6.42375e-11 4.3037e-11 -1.77591e-11 -9.83117e-12 3.75516e-11 -6.30187e-11 8.39075e-11 -9.82244e-11 1.04557e-10 -1.02267e-10 9.15997e-11 -7.36898e-11 5.04595e-11 -2.44188e-11 -1.61255e-12 2.48275e-11 -4.27593e-11 5.35751e-11 -5.62959e-11 5.09173e-11 -3.8412e-11 2.06144e-11 0. 
0.000115423 0.000107676 9.99811e-05 9.2349e-05 8.48621e-05 7.75047e-05 7.03538e-05 6.34146e-05 5.66957e-05 5.02813e-05 4.40954e-05 3.82388e-05 3.27223e-05 2.74428e-05 2.2631e-05 1.81517e-05 1.39941e-05 1.04266e-05 7.31755e-06 4.69348e-06 2.57014e-06 1.08653e-06 3.85646e-07 9.39724e-08 1.00898e-08 1.46646e-08 -1.02613e-08 3.91203e-09 2.4765e-09 -7.10815e-09 6.69753e-09 -4.06164e-09 -8.61975e-10 4.15646e-09 -5.77886e-09 3.4987e-09 -4.44055e-10 -2.86764e-09 3.55287e-09 -3.08097e-09 8.73626e-10 7.91605e-10 -2.23841e-09 2.01143e-09 -1.02714e-09 -5.15133e-10 1.5119e-09 -1.54786e-09 6.45594e-10 5.97101e-10 -1.46059e-09 1.50456e-09 -7.86071e-10 -2.33164e-10 9.86699e-10 -1.12177e-09 6.63955e-10 4.42882e-11 -5.74295e-10 6.6223e-10 -3.33733e-10 -1.53041e-10 4.87333e-10 -4.88145e-10 1.86998e-10 2.18775e-10 -4.96618e-10 5.1001e-10 -2.79601e-10 -4.86307e-11 2.98317e-10 -3.60927e-10 2.4373e-10 -4.82889e-11 -9.92739e-11 1.21465e-10 -2.53848e-11 -1.13332e-10 2.02759e-10 -1.89306e-10 8.39382e-11 5.10672e-11 -1.42491e-10 1.47744e-10 -7.44103e-11 -3.01918e-11 1.0964e-10 -1.29616e-10 9.24879e-11 -2.96915e-11 -2.05805e-11 3.58527e-11 -1.94941e-11 -5.34295e-12 1.22558e-11 1.21489e-11 -6.13779e-11 1.1421e-10 -1.47508e-10 1.48663e-10 -1.20912e-10 7.96026e-11 -4.26725e-11 2.12875e-11 -1.56494e-11 1.74055e-11 -1.62739e-11 6.54256e-12 1.01738e-11 -2.69097e-11 3.62551e-11 -3.49943e-11 2.58594e-11 -1.57365e-11 1.1717e-11 -1.7401e-11 3.14092e-11 -4.86084e-11 6.30328e-11 -7.07283e-11 7.10645e-11 -6.61092e-11 5.87674e-11 -5.09353e-11 4.26952e-11 -3.28263e-11 2.01111e-11 -4.53823e-12 -1.23228e-11 2.79384e-11 -4.00023e-11 4.75045e-11 -5.11204e-11 5.27768e-11 -5.46982e-11 5.84503e-11 -6.44222e-11 7.18916e-11 -7.9502e-11 8.58133e-11 -8.96378e-11 9.00645e-11 -8.6292e-11 7.74897e-11 -6.28656e-11 4.19626e-11 -1.50546e-11 -1.65661e-11 5.05706e-11 -8.3884e-11 1.13192e-10 -1.35489e-10 1.48521e-10 -1.51022e-10 1.42777e-10 -1.24547e-10 9.79573e-11 -6.53539e-11 2.96304e-11 6.01054e-12 -3.83795e-11 6.46779e-11 -8.28648e-11 9.1928e-11 -9.19928e-11 8.42447e-11 -7.06912e-11 5.3823e-11 -3.62466e-11 2.03439e-11 -7.99914e-12 4.05875e-13 2.03604e-12 2.67927e-13 -6.19187e-12 1.40687e-11 -2.1949e-11 2.79065e-11 -3.03447e-11 2.82518e-11 -2.13609e-11 1.01913e-11 4.03286e-12 -1.95648e-11 3.4387e-11 -4.64929e-11 5.41596e-11 -5.61795e-11 5.20236e-11 -4.19169e-11 2.68186e-11 -8.30642e-12 -1.16202e-11 3.07907e-11 -4.71349e-11 5.89345e-11 -6.50224e-11 6.49014e-11 -5.87709e-11 4.7464e-11 -3.23077e-11 1.49315e-11 2.94768e-12 -1.9733e-11 3.41219e-11 -4.52248e-11 5.2616e-11 -5.63138e-11 5.66985e-11 -5.43847e-11 5.00731e-11 -4.44065e-11 3.78568e-11 -3.0661e-11 2.28156e-11 -1.41302e-11 4.32752e-12 6.8281e-12 -1.93985e-11 3.31611e-11 -4.75425e-11 6.16125e-11 -7.41454e-11 8.37457e-11 -8.90225e-11 8.87919e-11 -8.22758e-11 6.9269e-11 -5.02442e-11 2.63764e-11 5.25313e-13 -2.81753e-11 5.40433e-11 -7.56341e-11 9.07818e-11 -9.79197e-11 9.629e-11 -8.60644e-11 6.83549e-11 -4.51112e-11 1.89118e-11 7.32612e-12 -3.06854e-11 4.85939e-11 -5.91337e-11 6.12742e-11 -5.49996e-11 4.13144e-11 -2.2123e-11 0. 
0.000115423 0.000107741 0.000100104 9.25265e-05 8.50844e-05 7.77466e-05 7.06338e-05 6.36605e-05 5.69763e-05 5.04923e-05 4.42933e-05 3.84178e-05 3.27706e-05 2.75564e-05 2.26297e-05 1.80941e-05 1.40616e-05 1.03833e-05 7.32321e-06 4.71994e-06 2.52902e-06 1.12269e-06 3.68151e-07 8.91518e-08 3.05924e-08 -9.72982e-09 6.95592e-09 2.59586e-11 -6.27944e-09 7.6247e-09 -6.08704e-09 1.33631e-09 2.65248e-09 -5.85544e-09 5.04889e-09 -2.49729e-09 -1.56987e-09 3.43781e-09 -3.99921e-09 2.16498e-09 -3.50193e-10 -1.77553e-09 2.27316e-09 -1.94993e-09 4.24681e-10 9.95846e-10 -1.76214e-09 1.40778e-09 -2.56054e-10 -1.00021e-09 1.65936e-09 -1.42186e-09 5.04172e-10 5.39683e-10 -1.1561e-09 1.08728e-09 -4.73741e-10 -2.71393e-10 7.24481e-10 -6.87565e-10 2.66652e-10 2.31968e-10 -5.02383e-10 4.09578e-10 -4.03086e-11 -3.74707e-10 6.05539e-10 -5.47136e-10 2.59489e-10 8.59564e-11 -3.12183e-10 3.31054e-10 -1.77021e-10 -2.99022e-11 1.6222e-10 -1.55973e-10 3.68199e-11 1.07109e-10 -1.83574e-10 1.4941e-10 -2.96299e-11 -1.03936e-10 1.77549e-10 -1.56189e-10 5.79674e-11 6.21848e-11 -1.46511e-10 1.65064e-10 -1.26743e-10 6.75731e-11 -2.60641e-11 2.1165e-11 -4.46608e-11 7.0143e-11 -7.11902e-11 3.72992e-11 2.1076e-11 -7.98185e-11 1.15214e-10 -1.16232e-10 8.85857e-11 -4.94918e-11 1.7241e-11 -1.92634e-12 2.11347e-12 -8.2946e-12 1.0132e-11 -2.8698e-12 -1.0554e-11 2.22566e-11 -2.47849e-11 1.571e-11 1.07275e-12 -1.76991e-11 2.66388e-11 -2.43913e-11 1.26808e-11 3.13815e-12 -1.72269e-11 2.60789e-11 -2.95963e-11 3.01727e-11 -3.06463e-11 3.24529e-11 -3.49801e-11 3.62894e-11 -3.45745e-11 2.93955e-11 -2.19825e-11 1.45168e-11 -8.88415e-12 5.63684e-12 -3.70874e-12 9.68303e-13 4.74993e-12 -1.46896e-11 2.87248e-11 -4.5527e-11 6.31334e-11 -7.95504e-11 9.31017e-11 -1.02447e-10 1.06417e-10 -1.03889e-10 9.38944e-11 -7.59461e-11 5.04406e-11 -1.89239e-11 -1.5945e-11 5.075e-11 -8.1882e-11 1.06127e-10 -1.21118e-10 1.25566e-10 -1.19307e-10 1.03207e-10 -7.90309e-11 4.92791e-11 -1.6988e-11 -1.4539e-11 4.20848e-11 -6.29214e-11 7.51884e-11 -7.8157e-11 7.23138e-11 -5.92449e-11 4.1354e-11 -2.14807e-11 2.49577e-12 1.30663e-11 -2.32983e-11 2.71194e-11 -2.4374e-11 1.5827e-11 -3.05134e-12 -1.17887e-11 2.62395e-11 -3.79084e-11 4.48103e-11 -4.56538e-11 4.00213e-11 -2.84169e-11 1.21801e-11 6.7124e-12 -2.59216e-11 4.30567e-11 -5.59803e-11 6.30712e-11 -6.3418e-11 5.692e-11 -4.42858e-11 2.69296e-11 -6.77867e-12 -1.398e-11 3.31783e-11 -4.89301e-11 5.98437e-11 -6.51544e-11 6.47661e-11 -5.92024e-11 4.94806e-11 -3.6934e-11 2.30101e-11 -9.07479e-12 -3.7501e-12 1.46952e-11 -2.3386e-11 2.98172e-11 -3.42682e-11 3.71764e-11 -3.89949e-11 4.00604e-11 -4.04957e-11 4.01665e-11 -3.86991e-11 3.55583e-11 -3.01715e-11 2.20783e-11 -1.10783e-11 -2.64831e-12 1.84722e-11 -3.53146e-11 5.17218e-11 -6.60098e-11 7.64634e-11 -8.15641e-11 8.02155e-11 -7.19333e-11 5.69696e-11 -3.63493e-11 1.18073e-11 1.43713e-11 -3.95919e-11 6.12439e-11 -7.70123e-11 8.51666e-11 -8.4788e-11 7.59056e-11 -5.95183e-11 3.7498e-11 -1.23825e-11 -1.29188e-11 3.54709e-11 -5.26672e-11 6.25488e-11 -6.4047e-11 5.71179e-11 -4.27508e-11 2.28498e-11 0. 
0.000115423 0.000107788 0.000100185 9.26548e-05 8.52249e-05 7.79223e-05 7.08026e-05 6.38299e-05 5.71456e-05 5.05964e-05 4.44361e-05 3.84406e-05 3.2831e-05 2.75757e-05 2.25699e-05 1.81569e-05 1.40225e-05 1.03875e-05 7.34948e-06 4.67835e-06 2.56768e-06 1.10082e-06 3.67778e-07 1.07549e-07 4.94754e-09 1.15094e-08 -2.12744e-09 -4.8637e-09 7.87793e-09 -7.68066e-09 3.39751e-09 8.21919e-10 -5.14127e-09 5.87555e-09 -4.43713e-09 2.02985e-10 2.6821e-09 -4.45245e-09 3.29495e-09 -1.65369e-09 -8.94127e-10 2.06649e-09 -2.56631e-09 1.37616e-09 1.20945e-10 -1.51648e-09 1.85385e-09 -1.12716e-09 -2.18043e-10 1.38513e-09 -1.76325e-09 1.22581e-09 -1.4817e-10 -8.53825e-10 1.27806e-09 -9.87776e-10 2.40612e-10 4.98552e-10 -8.37614e-10 6.63075e-10 -1.63387e-10 -3.1941e-10 5.01716e-10 -3.06819e-10 -1.2154e-10 5.26979e-10 -6.93616e-10 5.56525e-10 -2.16916e-10 -1.32897e-10 3.22881e-10 -2.91475e-10 1.0211e-10 1.09505e-10 -2.19553e-10 1.81891e-10 -4.20997e-11 -1.01004e-10 1.58359e-10 -1.00262e-10 -3.32121e-11 1.61901e-10 -2.14016e-10 1.64292e-10 -4.21679e-11 -9.06178e-11 1.76685e-10 -1.92029e-10 1.52714e-10 -9.88913e-11 6.82747e-11 -7.52438e-11 1.06314e-10 -1.32138e-10 1.27024e-10 -8.40448e-11 1.78509e-11 4.48475e-11 -8.03824e-11 7.98939e-11 -5.18465e-11 1.52035e-11 1.17678e-11 -2.04402e-11 1.40891e-11 -3.3344e-12 -1.63412e-12 -2.78018e-12 1.22478e-11 -1.80732e-11 1.29696e-11 4.50841e-12 -2.92189e-11 5.23776e-11 -6.61693e-11 6.73546e-11 -5.80977e-11 4.39734e-11 -3.0621e-11 2.10102e-11 -1.46502e-11 8.81552e-12 -7.6314e-13 -1.04575e-11 2.35488e-11 -3.59068e-11 4.52152e-11 -5.06793e-11 5.32301e-11 -5.4691e-11 5.64833e-11 -5.86387e-11 5.96365e-11 -5.7087e-11 4.88368e-11 -3.39155e-11 1.29049e-11 1.23313e-11 -3.92987e-11 6.55146e-11 -8.88563e-11 1.07568e-10 -1.20092e-10 1.24976e-10 -1.21018e-10 1.07628e-10 -8.52501e-11 5.55946e-11 -2.15566e-11 -1.3204e-11 4.4877e-11 -7.01176e-11 8.65009e-11 -9.27451e-11 8.87312e-11 -7.54006e-11 5.46018e-11 -2.89141e-11 1.42931e-12 2.45429e-11 -4.58534e-11 5.99347e-11 -6.51837e-11 6.12121e-11 -4.89012e-11 3.02455e-11 -8.02795e-12 -1.46009e-11 3.45585e-11 -4.92186e-11 5.67132e-11 -5.61317e-11 4.76108e-11 -3.23096e-11 1.22676e-11 9.84994e-12 -3.10954e-11 4.86308e-11 -6.01095e-11 6.39886e-11 -5.97236e-11 4.78184e-11 -2.97312e-11 7.65971e-12 1.57565e-11 -3.77725e-11 5.5871e-11 -6.80526e-11 7.30537e-11 -7.0468e-11 6.07602e-11 -4.51705e-11 2.55258e-11 -3.9851e-12 -1.72441e-11 3.61752e-11 -5.12617e-11 6.15381e-11 -6.66689e-11 6.69078e-11 -6.29813e-11 5.59218e-11 -4.68772e-11 3.69294e-11 -2.69466e-11 1.749e-11 -8.78661e-12 7.6842e-13 6.83235e-12 -1.43512e-11 2.20486e-11 -2.99841e-11 3.79329e-11 -4.53615e-11 5.14713e-11 -5.53043e-11 5.58964e-11 -5.24553e-11 4.45319e-11 -3.21589e-11 1.59295e-11 3.00141e-12 -2.2999e-11 4.21088e-11 -5.82787e-11 6.96134e-11 -7.46292e-11 7.24732e-11 -6.30723e-11 4.71905e-11 -2.638e-11 2.82745e-12 2.08871e-11 -4.20925e-11 5.83504e-11 -6.77612e-11 6.92101e-11 -6.25217e-11 4.84982e-11 -2.88366e-11 5.93094e-12 1.74167e-11 -3.83401e-11 5.42656e-11 -6.32349e-11 6.41535e-11 -5.69311e-11 4.24966e-11 -2.26832e-11 0. 
0.000115423 0.000107817 0.000100236 9.27352e-05 8.53066e-05 7.80352e-05 7.08812e-05 6.3948e-05 5.71924e-05 5.06825e-05 4.44566e-05 3.84526e-05 3.28676e-05 2.75178e-05 2.26231e-05 1.81274e-05 1.40209e-05 1.04157e-05 7.30767e-06 4.71762e-06 2.5439e-06 1.10317e-06 3.84313e-07 8.14697e-08 2.89431e-08 -1.73326e-09 -3.06568e-09 7.59823e-09 -8.80012e-09 5.19785e-09 -1.00131e-09 -3.98689e-09 5.96579e-09 -5.91116e-09 2.12716e-09 1.36559e-09 -4.34633e-09 4.11824e-09 -2.95056e-09 2.37181e-10 1.44998e-09 -2.76153e-09 2.13369e-09 -9.13914e-10 -8.7916e-10 1.86548e-09 -1.79514e-09 6.89081e-10 7.38658e-10 -1.70706e-09 1.74007e-09 -9.11086e-10 -2.63659e-10 1.148e-09 -1.33197e-09 8.19364e-10 2.30222e-11 -7.05531e-10 8.96207e-10 -5.80718e-10 2.54727e-11 4.09382e-10 -4.81454e-10 1.82387e-10 2.89374e-10 -6.62855e-10 7.48842e-10 -5.29944e-10 1.48026e-10 1.90647e-10 -3.31613e-10 2.45476e-10 -2.48836e-11 -1.83045e-10 2.63958e-10 -1.93508e-10 3.75666e-11 9.71873e-11 -1.28872e-10 4.40923e-11 1.01658e-10 -2.21826e-10 2.49407e-10 -1.70975e-10 2.76295e-11 1.13388e-10 -1.97082e-10 2.06944e-10 -1.66582e-10 1.19513e-10 -1.0138e-10 1.2099e-10 -1.59362e-10 1.84746e-10 -1.73057e-10 1.21607e-10 -4.93459e-11 -1.48864e-11 4.81967e-11 -4.44959e-11 1.5204e-11 1.91805e-11 -4.08477e-11 4.30218e-11 -3.09662e-11 1.62959e-11 -8.79788e-12 1.06971e-11 -1.62294e-11 1.60239e-11 -3.18431e-12 -2.25727e-11 5.48204e-11 -8.39673e-11 1.02111e-10 -1.0646e-10 9.97156e-11 -8.76634e-11 7.56644e-11 -6.60623e-11 5.77251e-11 -4.75905e-11 3.30275e-11 -1.35692e-11 -8.8518e-12 3.1068e-11 -5.03807e-11 6.57576e-11 -7.79071e-11 8.83199e-11 -9.7935e-11 1.06224e-10 -1.11168e-10 1.10076e-10 -1.00762e-10 8.24712e-11 -5.61593e-11 2.41248e-11 1.07151e-11 -4.54898e-11 7.77091e-11 -1.05248e-10 1.26181e-10 -1.38716e-10 1.41387e-10 -1.33461e-10 1.15364e-10 -8.89003e-11 5.711e-11 -2.38004e-11 -7.11368e-12 3.22423e-11 -4.91692e-11 5.66564e-11 -5.46433e-11 4.41289e-11 -2.70079e-11 5.8843e-12 1.61616e-11 -3.58869e-11 5.02835e-11 -5.70114e-11 5.47789e-11 -4.35742e-11 2.46863e-11 -5.09187e-13 -2.58248e-11 5.0899e-11 -7.1473e-11 8.4884e-11 -8.9353e-11 8.41786e-11 -6.98135e-11 4.78169e-11 -2.06824e-11 -8.45267e-12 3.61894e-11 -5.92945e-11 7.51117e-11 -8.18929e-11 7.90006e-11 -6.69556e-11 4.73314e-11 -2.25229e-11 -4.57233e-12 3.09128e-11 -5.36676e-11 7.05275e-11 -7.99399e-11 8.12435e-11 -7.46908e-11 6.13574e-11 -4.29542e-11 2.15712e-11 6.07253e-13 -2.15734e-11 3.9716e-11 -5.39603e-11 6.3817e-11 -6.93424e-11 7.10241e-11 -6.962e-11 6.59777e-11 -6.0866e-11 5.4844e-11 -4.81881e-11 4.08852e-11 -3.26933e-11 2.32547e-11 -1.22426e-11 -4.89269e-13 1.4781e-11 -3.00921e-11 4.54946e-11 -5.97415e-11 7.14031e-11 -7.90535e-11 8.14817e-11 -7.78946e-11 6.80803e-11 -5.25044e-11 3.23201e-11 -9.28483e-12 -1.4412e-11 3.63898e-11 -5.43589e-11 6.64057e-11 -7.1244e-11 6.83957e-11 -5.8275e-11 4.21606e-11 -2.20567e-11 4.57608e-13 1.9956e-11 -3.66497e-11 4.7556e-11 -5.13388e-11 4.75684e-11 -3.67818e-11 2.04187e-11 -6.41045e-13 -1.9942e-11 3.8609e-11 -5.28777e-11 6.08266e-11 -6.13456e-11 5.42818e-11 -4.04609e-11 2.15824e-11 0. 
0.000115423 0.000107829 0.000100272 9.27636e-05 8.53659e-05 7.80674e-05 7.09404e-05 6.39752e-05 5.72221e-05 5.07115e-05 4.44365e-05 3.8496e-05 3.28183e-05 2.75562e-05 2.26071e-05 1.81171e-05 1.40525e-05 1.03741e-05 7.34571e-06 4.69442e-06 2.54677e-06 1.11882e-06 3.58131e-07 1.0718e-07 1.27624e-08 6.05158e-10 7.25386e-09 -9.41429e-09 6.66341e-09 -2.65792e-09 -2.70879e-09 5.52578e-09 -6.78152e-09 3.88998e-09 -3.0818e-10 -3.7033e-09 4.54474e-09 -4.08796e-09 1.449e-09 5.32683e-10 -2.53661e-09 2.57684e-09 -1.89704e-09 -3.99473e-12 1.44268e-09 -2.11425e-09 1.50496e-09 -1.2947e-10 -1.25936e-09 1.91589e-09 -1.56619e-09 4.86154e-10 7.01171e-10 -1.38959e-09 1.29943e-09 -5.84399e-10 -2.99111e-10 8.70424e-10 -8.8569e-10 4.38121e-10 1.39955e-10 -4.9246e-10 4.36967e-10 -3.97681e-11 -4.52939e-10 7.69758e-10 -7.60984e-10 4.62104e-10 -5.2051e-11 -2.58035e-10 3.38316e-10 -1.95969e-10 -4.8811e-11 2.43314e-10 -2.88868e-10 1.86216e-10 -2.06691e-11 -9.70967e-11 9.6706e-11 1.65163e-11 -1.72143e-10 2.79903e-10 -2.80673e-10 1.74679e-10 -1.4453e-11 -1.29097e-10 2.05596e-10 -2.07452e-10 1.65868e-10 -1.26649e-10 1.21964e-10 -1.54157e-10 1.9877e-10 -2.22423e-10 2.03612e-10 -1.44498e-10 6.82632e-11 -5.24817e-12 -2.32415e-11 1.44636e-11 1.70996e-11 -4.97286e-11 6.65546e-11 -6.3016e-11 4.64371e-11 -2.92322e-11 2.04851e-11 -2.0839e-11 2.30869e-11 -1.73563e-11 -2.62326e-12 3.58206e-11 -7.45376e-11 1.08546e-10 -1.30098e-10 1.3705e-10 -1.32737e-10 1.23137e-10 -1.13246e-10 1.04699e-10 -9.56788e-11 8.27872e-11 -6.35149e-11 3.78524e-11 -8.27879e-12 -2.16211e-11 4.89379e-11 -7.2557e-11 9.30721e-11 -1.11693e-10 1.28887e-10 -1.43549e-10 1.53142e-10 -1.54651e-10 1.45818e-10 -1.26039e-10 9.65496e-11 -5.996e-11 1.94729e-11 2.17845e-11 -6.10643e-11 9.59536e-11 -1.24207e-10 1.43716e-10 -1.52756e-10 1.50433e-10 -1.3712e-10 1.14656e-10 -8.61506e-11 5.54673e-11 -2.65311e-11 2.68935e-12 1.37213e-11 -2.15542e-11 2.08307e-11 -1.26078e-11 -1.19215e-12 1.79733e-11 -3.47095e-11 4.82719e-11 -5.58407e-11 5.53442e-11 -4.58305e-11 2.76761e-11 -2.57027e-12 -2.67207e-11 5.6757e-11 -8.39078e-11 1.04828e-10 -1.16867e-10 1.1837e-10 -1.08865e-10 8.91169e-11 -6.10628e-11 2.76056e-11 7.70725e-12 -4.10994e-11 6.90215e-11 -8.8583e-11 9.78941e-11 -9.62687e-11 8.42633e-11 -6.35579e-11 3.67071e-11 -6.80351e-12 -2.28978e-11 4.93482e-11 -7.00283e-11 8.31907e-11 -8.79993e-11 8.45524e-11 -7.37908e-11 5.73075e-11 -3.70903e-11 1.52374e-11 6.30986e-12 -2.59796e-11 4.27008e-11 -5.59424e-11 6.56644e-11 -7.2199e-11 7.60881e-11 -7.7908e-11 7.81125e-11 -7.69192e-11 7.42591e-11 -6.97968e-11 6.30175e-11 -5.33678e-11 4.04232e-11 -2.40537e-11 4.55593e-12 1.72759e-11 -4.01571e-11 6.24037e-11 -8.2099e-11 9.73163e-11 -1.06367e-10 1.0804e-10 -1.01796e-10 8.78901e-11 -6.73944e-11 4.21214e-11 -1.44446e-11 -1.29585e-11 3.74129e-11 -5.65626e-11 6.86556e-11 -7.27598e-11 6.88792e-11 -5.79531e-11 4.17381e-11 -2.25847e-11 3.13791e-12 1.40001e-11 -2.66021e-11 3.30983e-11 -3.27731e-11 2.58494e-11 -1.3449e-11 -2.56426e-12 1.98404e-11 -3.58621e-11 4.82844e-11 -5.52513e-11 5.56451e-11 -4.92361e-11 3.67132e-11 -1.95899e-11 0. 
0.000115423 0.000107836 0.000100283 9.27808e-05 8.5385e-05 7.80803e-05 7.09662e-05 6.39681e-05 5.72558e-05 5.06803e-05 4.44741e-05 3.84624e-05 3.28384e-05 2.75558e-05 2.25873e-05 1.81519e-05 1.40121e-05 1.04088e-05 7.32565e-06 4.69547e-06 2.56295e-06 1.0925e-06 3.84638e-07 8.93159e-08 1.72892e-08 9.04498e-09 -9.41759e-09 7.76795e-09 -4.07535e-09 -1.52388e-09 4.86376e-09 -7.12857e-09 5.25906e-09 -2.05456e-09 -2.63676e-09 4.52596e-09 -4.95661e-09 2.62041e-09 -5.57345e-10 -1.98512e-09 2.67219e-09 -2.66201e-09 9.34113e-10 6.83757e-10 -2.04173e-09 2.05639e-09 -1.03036e-09 -5.2196e-10 1.71285e-09 -1.96617e-09 1.23204e-09 2.39244e-11 -1.12346e-09 1.54439e-09 -1.16783e-09 2.93272e-10 5.64471e-10 -9.71753e-10 7.96802e-10 -2.4014e-10 -3.19814e-10 5.56359e-10 -3.63638e-10 -1.16276e-10 6.01363e-10 -8.36296e-10 7.22877e-10 -3.51721e-10 -6.79909e-11 3.31203e-10 -3.41512e-10 1.4527e-10 1.13619e-10 -2.84036e-10 2.89217e-10 -1.57211e-10 -9.5135e-12 1.01101e-10 -6.30754e-11 -7.88127e-11 2.40672e-10 -3.31889e-10 3.0442e-10 -1.73512e-10 2.23256e-12 1.37185e-10 -2.01339e-10 1.92736e-10 -1.49811e-10 1.19261e-10 -1.2832e-10 1.72156e-10 -2.21144e-10 2.41283e-10 -2.14699e-10 1.48893e-10 -7.10238e-11 1.21369e-11 8.91831e-12 6.74077e-12 -4.15874e-11 7.3106e-11 -8.58918e-11 7.79185e-11 -5.85575e-11 4.07467e-11 -3.25321e-11 3.27827e-11 -3.28876e-11 2.26871e-11 3.22223e-12 -4.23746e-11 8.58722e-11 -1.23077e-10 1.46671e-10 -1.55371e-10 1.5323e-10 -1.46389e-10 1.39393e-10 -1.33088e-10 1.2495e-10 -1.11255e-10 8.96244e-11 -6.04592e-11 2.66642e-11 7.94175e-12 -4.04445e-11 6.98303e-11 -9.67094e-11 1.22085e-10 -1.45984e-10 1.66739e-10 -1.81298e-10 1.86316e-10 -1.7944e-10 1.60155e-10 -1.29875e-10 9.13823e-11 -4.80113e-11 2.99321e-12 4.07989e-11 -8.07689e-11 1.14429e-10 -1.39411e-10 1.5376e-10 -1.56435e-10 1.47747e-10 -1.29531e-10 1.04907e-10 -7.77147e-11 5.18014e-11 -3.03876e-11 1.56593e-11 -8.61869e-12 9.13041e-12 -1.60652e-11 2.74732e-11 -4.07784e-11 5.3027e-11 -6.12263e-11 6.27654e-11 -5.5855e-11 3.98864e-11 -1.56115e-11 -1.49086e-11 4.85795e-11 -8.17081e-11 1.10507e-10 -1.31579e-10 1.42326e-10 -1.41242e-10 1.2808e-10 -1.03897e-10 7.09539e-11 -3.249e-11 -7.62872e-12 4.5351e-11 -7.69158e-11 9.92951e-11 -1.10537e-10 1.0996e-10 -9.81779e-11 7.6964e-11 -4.89842e-11 1.74468e-11 1.42834e-11 -4.30607e-11 6.62816e-11 -8.21256e-11 8.96878e-11 -8.8994e-11 8.09003e-11 -6.68956e-11 4.88416e-11 -2.86913e-11 8.2301e-12 1.11226e-11 -2.84266e-11 4.32401e-11 -5.55522e-11 6.56495e-11 -7.39451e-11 8.08024e-11 -8.63855e-11 9.05635e-11 -9.28828e-11 9.26186e-11 -8.88945e-11 8.0857e-11 -6.78726e-11 4.97169e-11 -2.67201e-11 -1.5815e-13 2.93451e-11 -5.87649e-11 8.60347e-11 -1.08723e-10 1.24635e-10 -1.32096e-10 1.30178e-10 -1.18853e-10 9.90392e-11 -7.25306e-11 4.18209e-11 -9.83216e-12 -2.04122e-11 4.61335e-11 -6.51162e-11 7.59604e-11 -7.82322e-11 7.24949e-11 -6.02156e-11 4.35592e-11 -2.50977e-11 7.47265e-12 6.94568e-12 -1.63567e-11 1.97476e-11 -1.70038e-11 8.89578e-12 3.0508e-12 -1.67864e-11 3.00357e-11 -4.06223e-11 4.67752e-11 -4.73746e-11 4.21055e-11 -3.14959e-11 1.68377e-11 0. 
0.000115423 0.000107841 0.000100281 9.27955e-05 8.53769e-05 7.81031e-05 7.09479e-05 6.39953e-05 5.72314e-05 5.07024e-05 4.44602e-05 3.84634e-05 3.28524e-05 2.75281e-05 2.26234e-05 1.81152e-05 1.4041e-05 1.03944e-05 7.32275e-06 4.71343e-06 2.53639e-06 1.11888e-06 3.66405e-07 9.47938e-08 2.45783e-08 -7.10168e-09 8.70104e-09 -5.15157e-09 -5.45089e-10 4.20978e-09 -7.13751e-09 6.15994e-09 -3.63284e-09 -1.31764e-09 4.09534e-09 -5.5161e-09 3.66619e-09 -1.68722e-09 -1.23199e-09 2.44842e-09 -3.12819e-09 1.78951e-09 -2.55592e-10 -1.62499e-09 2.25054e-09 -1.79491e-09 3.47458e-10 1.17969e-09 -2.03361e-09 1.8223e-09 -7.48168e-10 -5.76904e-10 1.4822e-09 -1.58145e-09 9.3401e-10 3.4505e-11 -7.92216e-10 9.91124e-10 -6.27876e-10 -2.29937e-13 4.95627e-10 -5.87225e-10 2.58017e-10 2.79328e-10 -7.23627e-10 8.53335e-10 -6.31492e-10 2.0228e-10 2.05058e-10 -4.03708e-10 3.38459e-10 -9.50508e-11 -1.65024e-10 3.00445e-10 -2.62094e-10 1.06036e-10 5.19112e-11 -1.08302e-10 2.86897e-11 1.40034e-10 -3.03064e-10 3.73412e-10 -3.17212e-10 1.65474e-10 9.83292e-12 -1.37936e-10 1.84745e-10 -1.63665e-10 1.19532e-10 -9.82515e-11 1.2067e-10 -1.74325e-10 2.25073e-10 -2.39516e-10 2.04466e-10 -1.33102e-10 5.60811e-11 -4.20552e-12 -7.01663e-12 -1.70287e-11 5.59399e-11 -8.69419e-11 9.66388e-11 -8.57996e-11 6.57321e-11 -4.95461e-11 4.38973e-11 -4.57246e-11 4.51119e-11 -3.18704e-11 1.70661e-12 4.13995e-11 -8.74816e-11 1.25772e-10 -1.49682e-10 1.59003e-10 -1.58572e-10 1.54647e-10 -1.51235e-10 1.48338e-10 -1.42717e-10 1.30359e-10 -1.09021e-10 7.94588e-11 -4.48573e-11 9.05939e-12 2.5243e-11 -5.73356e-11 8.79878e-11 -1.18084e-10 1.47261e-10 -1.73325e-10 1.9274e-10 -2.01849e-10 1.98196e-10 -1.81303e-10 1.52659e-10 -1.15079e-10 7.18639e-11 -2.61893e-11 -1.90912e-11 6.13181e-11 -9.78592e-11 1.2616e-10 -1.441e-10 1.50526e-10 -1.45702e-10 1.31445e-10 -1.10841e-10 8.7642e-11 -6.55418e-11 4.75583e-11 -3.566e-11 3.06525e-11 -3.2249e-11 3.92243e-11 -4.95873e-11 6.07751e-11 -6.99041e-11 7.41167e-11 -7.10077e-11 5.90607e-11 -3.79892e-11 8.887e-12 2.58619e-11 -6.28937e-11 9.83271e-11 -1.2828e-10 1.49358e-10 -1.5905e-10 1.56007e-10 -1.40195e-10 1.12915e-10 -7.66798e-11 3.49686e-11 8.14972e-12 -4.8474e-11 8.21566e-11 -1.06146e-10 1.1852e-10 -1.18663e-10 1.07272e-10 -8.61963e-11 5.816e-11 -2.63966e-11 -5.7385e-12 3.51395e-11 -5.92647e-11 7.6362e-11 -8.55844e-11 8.69864e-11 -8.14068e-11 7.02596e-11 -5.52689e-11 3.81914e-11 -2.05705e-11 3.55937e-12 1.21653e-11 -2.63927e-11 3.92817e-11 -5.12029e-11 6.25498e-11 -7.35558e-11 8.4148e-11 -9.38644e-11 1.01852e-10 -1.0695e-10 1.07848e-10 -1.03297e-10 9.23462e-11 -7.45609e-11 5.01903e-11 -2.02512e-11 -1.34897e-11 4.86415e-11 -8.24092e-11 1.11886e-10 -1.34381e-10 1.47736e-10 -1.50599e-10 1.42605e-10 -1.24453e-10 9.78471e-11 -6.53267e-11 2.99884e-11 4.8586e-12 -3.60636e-11 6.09851e-11 -7.77773e-11 8.55763e-11 -8.45637e-11 7.59004e-11 -6.15418e-11 4.39591e-11 -2.58051e-11 9.56826e-12 2.7393e-12 -9.8199e-12 1.12249e-11 -7.37009e-12 -5.6682e-13 1.08505e-11 -2.14629e-11 3.04096e-11 -3.60144e-11 3.71598e-11 -3.34422e-11 2.52189e-11 -1.35438e-11 0. 
0.000115423 0.000107838 0.000100289 9.27875e-05 8.53896e-05 7.80916e-05 7.09603e-05 6.39866e-05 5.72349e-05 5.07067e-05 4.44461e-05 3.8487e-05 3.28216e-05 2.75614e-05 2.25936e-05 1.81355e-05 1.40344e-05 1.03862e-05 7.34305e-06 4.68687e-06 2.56168e-06 1.10162e-06 3.71572e-07 1.01848e-07 8.72785e-09 1.14096e-08 -5.61182e-09 1.84342e-10 3.69762e-09 -7.03e-09 6.68479e-09 -4.89536e-09 2.94726e-11 3.377e-09 -5.76588e-09 4.51324e-09 -2.75477e-09 -3.7949e-10 1.98157e-09 -3.30615e-09 2.4639e-09 -1.21211e-09 -9.64033e-10 2.08356e-09 -2.31298e-09 1.1841e-09 4.26882e-10 -1.77047e-09 2.15266e-09 -1.47087e-09 1.484e-10 1.11543e-09 -1.72728e-09 1.4788e-09 -6.07552e-10 -3.70391e-10 9.54287e-10 -9.16264e-10 3.86672e-10 2.61934e-10 -6.45053e-10 5.71615e-10 -1.19221e-10 -4.40966e-10 8.09186e-10 -8.14971e-10 4.8878e-10 -2.22754e-11 -3.4836e-10 4.67079e-10 -3.25638e-10 4.6493e-11 1.99566e-10 -2.8975e-10 2.07216e-10 -3.49132e-11 -1.0333e-10 1.16528e-10 6.26049e-12 -1.97531e-10 3.5521e-10 -4.00332e-10 3.1595e-10 -1.48763e-10 -2.27409e-11 1.32374e-10 -1.57509e-10 1.22742e-10 -7.79727e-11 6.63954e-11 -1.01127e-10 1.6196e-10 -2.11226e-10 2.17539e-10 -1.73399e-10 9.77865e-11 -2.41397e-11 -1.80569e-11 1.74924e-11 1.5918e-11 -5.92381e-11 9.00757e-11 -9.75886e-11 8.55183e-11 -6.68932e-11 5.45783e-11 -5.34885e-11 5.85353e-11 -5.86681e-11 4.39706e-11 -1.14976e-11 -3.32231e-11 7.93484e-11 -1.16304e-10 1.3855e-10 -1.47142e-10 1.47749e-10 -1.46679e-10 1.47321e-10 -1.48797e-10 1.47184e-10 -1.38231e-10 1.19854e-10 -9.30952e-11 6.12604e-11 -2.79949e-11 -4.46579e-12 3.59044e-11 -6.73908e-11 9.97809e-11 -1.32383e-10 1.62534e-10 -1.86266e-10 1.99659e-10 -2.00159e-10 1.87287e-10 -1.62515e-10 1.28554e-10 -8.85161e-11 4.53611e-11 -1.78175e-12 -3.96232e-11 7.61825e-11 -1.05249e-10 1.24612e-10 -1.33068e-10 1.30869e-10 -1.19817e-10 1.02941e-10 -8.38575e-11 6.6046e-11 -5.22585e-11 4.41892e-11 -4.24007e-11 4.64188e-11 -5.48943e-11 6.57729e-11 -7.64854e-11 8.42012e-11 -8.61795e-11 8.0199e-11 -6.49875e-11 4.05416e-11 -8.24452e-12 -2.92602e-11 6.84121e-11 -1.05215e-10 1.35761e-10 -1.56708e-10 1.65664e-10 -1.61444e-10 1.44199e-10 -1.15413e-10 7.7767e-11 -3.48653e-11 -9.15029e-12 5.0069e-11 -8.40948e-11 1.08278e-10 -1.20826e-10 1.21259e-10 -1.10383e-10 9.01124e-11 -6.317e-11 3.27213e-11 -1.98836e-12 -2.61089e-11 4.92454e-11 -6.58906e-11 7.53941e-11 -7.79536e-11 7.44722e-11 -6.63318e-11 5.51207e-11 -4.23603e-11 2.92762e-11 -1.6649e-11 4.76294e-12 6.54421e-12 -1.77462e-11 2.94362e-11 -4.21123e-11 5.59795e-11 -7.08009e-11 8.58265e-11 -9.98134e-11 1.11142e-10 -1.18016e-10 1.18715e-10 -1.11872e-10 9.6733e-11 -7.33466e-11 4.26689e-11 -6.54745e-12 -3.24117e-11 7.10857e-11 -1.06157e-10 1.34474e-10 -1.53414e-10 1.61189e-10 -1.57069e-10 1.41479e-10 -1.15967e-10 8.30398e-11 -4.5886e-11 8.01657e-12 2.71247e-11 -5.65395e-11 7.79929e-11 -9.02324e-11 9.30829e-11 -8.74086e-11 7.49497e-11 -5.80587e-11 3.93728e-11 -2.14652e-11 6.52423e-12 3.9026e-12 -9.0648e-12 9.05029e-12 -4.70982e-12 -2.52076e-12 1.08719e-11 -1.85277e-11 2.39067e-11 -2.58966e-11 2.40094e-11 -1.84368e-11 9.99968e-12 0. 
0.000115423 0.000107839 0.000100287 9.27891e-05 8.53894e-05 7.80899e-05 7.09657e-05 6.39764e-05 5.72506e-05 5.06854e-05 4.44719e-05 3.84594e-05 3.28474e-05 2.75416e-05 2.26036e-05 1.81375e-05 1.40207e-05 1.04086e-05 7.31719e-06 4.71004e-06 2.54667e-06 1.10521e-06 3.79359e-07 8.58502e-08 2.73352e-08 -3.49562e-09 7.73614e-10 3.43426e-09 -6.95584e-09 6.9589e-09 -5.77704e-09 1.20415e-09 2.51841e-09 -5.73478e-09 5.13242e-09 -3.71207e-09 4.88863e-10 1.38222e-09 -3.25725e-09 2.90632e-09 -2.06378e-09 -1.74693e-10 1.62609e-09 -2.54335e-09 1.8572e-09 -4.13196e-10 -1.2448e-09 2.18247e-09 -2.02625e-09 9.25351e-10 5.09208e-10 -1.57266e-09 1.81444e-09 -1.22944e-09 2.12773e-10 6.78581e-10 -1.02504e-09 7.44078e-10 -9.134e-11 -5.17117e-10 7.44437e-10 -4.98946e-10 -4.96554e-11 5.90659e-10 -8.48688e-10 7.19448e-10 -3.02049e-10 -1.75072e-10 4.8422e-10 -5.11824e-10 2.99499e-10 -5.79188e-13 -2.14969e-10 2.51441e-10 -1.27186e-10 -5.12055e-11 1.58587e-10 -1.22531e-10 -4.19929e-11 2.48843e-10 -3.93357e-10 4.09138e-10 -2.98268e-10 1.22119e-10 3.74295e-11 -1.22058e-10 1.22382e-10 -7.3851e-11 2.95923e-11 -2.80186e-11 7.33954e-11 -1.38064e-10 1.82174e-10 -1.77879e-10 1.24243e-10 -4.58942e-11 -2.18987e-11 5.21376e-11 -3.84795e-11 -4.55911e-12 5.20316e-11 -8.26592e-11 8.86703e-11 -7.6851e-11 6.16265e-11 -5.5151e-11 6.02757e-11 -6.98658e-11 7.19886e-11 -5.7344e-11 2.45602e-11 1.93055e-11 -6.27831e-11 9.58504e-11 -1.14326e-10 1.20698e-10 -1.21473e-10 1.22933e-10 -1.27774e-10 1.34232e-10 -1.37765e-10 1.33966e-10 -1.20942e-10 9.99571e-11 -7.42758e-11 4.71235e-11 -2.00566e-11 -7.3865e-12 3.67e-11 -6.87933e-11 1.02713e-10 -1.35395e-10 1.62521e-10 -1.79966e-10 1.85116e-10 -1.77467e-10 1.58395e-10 -1.30387e-10 9.62251e-11 -5.85154e-11 1.96597e-11 1.79179e-11 -5.16111e-11 7.87764e-11 -9.72025e-11 1.05709e-10 -1.04584e-10 9.5639e-11 -8.18374e-11 6.66287e-11 -5.32336e-11 4.40921e-11 -4.05816e-11 4.29862e-11 -5.06154e-11 6.19705e-11 -7.49098e-11 8.68337e-11 -9.49386e-11 9.65726e-11 -8.96657e-11 7.31485e-11 -4.7249e-11 1.35758e-11 2.5043e-11 -6.49312e-11 1.02058e-10 -1.32561e-10 1.53207e-10 -1.61751e-10 1.57171e-10 -1.39773e-10 1.11163e-10 -7.40953e-11 3.21818e-11 1.05e-11 -4.9875e-11 8.2342e-11 -1.05182e-10 1.16841e-10 -1.17042e-10 1.06735e-10 -8.78872e-11 6.31695e-11 -3.55888e-11 8.11257e-12 1.66676e-11 -3.67973e-11 5.11206e-11 -5.93258e-11 6.18737e-11 -5.98217e-11 5.45737e-11 -4.75972e-11 4.01548e-11 -3.30948e-11 2.67343e-11 -2.08506e-11 1.47777e-11 -7.58878e-12 -1.66882e-12 1.37256e-11 -2.88694e-11 4.67887e-11 -6.65078e-11 8.64278e-11 -1.04475e-10 1.18339e-10 -1.25775e-10 1.24926e-10 -1.14619e-10 9.45925e-11 -6.5623e-11 2.95182e-11 1.10175e-11 -5.26395e-11 9.1708e-11 -1.24684e-10 1.48522e-10 -1.6102e-10 1.61071e-10 -1.48795e-10 1.25528e-10 -9.36681e-11 5.64034e-11 -1.73491e-11 -1.98583e-11 5.19601e-11 -7.64186e-11 9.16642e-11 -9.72188e-11 9.36827e-11 -8.25933e-11 6.61767e-11 -4.70286e-11 2.77673e-11 -1.07066e-11 -2.41245e-12 1.05959e-11 -1.36596e-11 1.21777e-11 -7.32821e-12 6.63457e-13 6.15881e-12 -1.16435e-11 1.46854e-11 -1.47247e-11 1.18076e-11 -6.5487e-12 0. 
0.000115423 0.000107841 0.000100284 9.27948e-05 8.53811e-05 7.81013e-05 7.09511e-05 6.39941e-05 5.72307e-05 5.0706e-05 4.44527e-05 3.84744e-05 3.28391e-05 2.75412e-05 2.26134e-05 1.81194e-05 1.4044e-05 1.03845e-05 7.33702e-06 4.69857e-06 2.54745e-06 1.11466e-06 3.62803e-07 1.04314e-07 1.26384e-08 3.04328e-09 3.64415e-09 -6.92875e-09 7.08751e-09 -6.32465e-09 2.10533e-09 1.67512e-09 -5.52178e-09 5.55059e-09 -4.52711e-09 1.28886e-09 7.52072e-10 -3.0468e-09 3.12045e-09 -2.75424e-09 6.3032e-10 9.90398e-10 -2.50039e-09 2.29488e-09 -1.22219e-09 -5.62885e-10 1.93091e-09 -2.34429e-09 1.63347e-09 -2.3398e-10 -1.147e-09 1.88106e-09 -1.714e-09 8.46068e-10 2.11425e-10 -9.19677e-10 9.85645e-10 -4.83204e-10 -2.29892e-10 7.33738e-10 -7.72154e-10 3.64116e-10 2.40445e-10 -7.16031e-10 8.34928e-10 -5.69828e-10 8.39163e-11 3.72751e-10 -5.97466e-10 5.2878e-10 -2.57372e-10 -4.15549e-11 2.1018e-10 -1.87438e-10 2.74895e-11 1.44885e-10 -2.10931e-10 1.22395e-10 7.89104e-11 -2.91744e-10 4.14368e-10 -3.9733e-10 2.62931e-10 -8.51442e-11 -5.45073e-11 1.08815e-10 -8.28402e-11 2.18451e-11 2.01262e-11 -1.15352e-11 -4.22505e-11 1.06877e-10 -1.4198e-10 1.24812e-10 -6.16564e-11 -1.76689e-11 7.72539e-11 -9.37911e-11 6.65332e-11 -1.44442e-11 -3.62259e-11 6.61047e-11 -7.09447e-11 6.05227e-11 -5.0232e-11 5.10206e-11 -6.34079e-11 7.82929e-11 -8.32e-11 6.9824e-11 -3.85675e-11 -2.05855e-12 4.02591e-11 -6.69405e-11 7.95721e-11 -8.21959e-11 8.21212e-11 -8.55069e-11 9.42923e-11 -1.05859e-10 1.1515e-10 -1.17715e-10 1.11899e-10 -9.91301e-11 8.24729e-11 -6.45277e-11 4.59748e-11 -2.55261e-11 1.1687e-12 2.81219e-11 -6.11923e-11 9.46574e-11 -1.23938e-10 1.44796e-10 -1.54604e-10 1.52828e-10 -1.40695e-10 1.20369e-10 -9.41919e-11 6.43017e-11 -3.27085e-11 1.56834e-12 2.66681e-11 -4.94524e-11 6.46614e-11 -7.12172e-11 6.9504e-11 -6.13746e-11 4.97308e-11 -3.78404e-11 2.86396e-11 -2.42273e-11 2.56398e-11 -3.28627e-11 4.49721e-11 -6.03028e-11 7.66067e-11 -9.12315e-11 1.01375e-10 -1.04445e-10 9.84856e-11 -8.25859e-11 5.7148e-11 -2.39365e-11 -1.41163e-11 5.3304e-11 -8.9646e-11 1.19398e-10 -1.3949e-10 1.4786e-10 -1.43651e-10 1.27293e-10 -1.00456e-10 6.58769e-11 -2.70629e-11 -1.21056e-11 4.78296e-11 -7.68424e-11 9.67833e-11 -1.06438e-10 1.05809e-10 -9.60242e-11 7.90999e-11 -5.76131e-11 3.43335e-11 -1.18662e-11 -7.65468e-12 2.2786e-11 -3.28894e-11 3.81259e-11 -3.93362e-11 3.78238e-11 -3.50761e-11 3.24677e-11 -3.09963e-11 3.10944e-11 -3.25487e-11 3.45387e-11 -3.57863e-11 3.47926e-11 -3.01223e-11 2.06924e-11 -6.02073e-12 -1.36033e-11 3.7056e-11 -6.24369e-11 8.72472e-11 -1.08668e-10 1.23905e-10 -1.30561e-10 1.26972e-10 -1.12474e-10 8.75557e-11 -5.38663e-11 1.40865e-11 2.83363e-11 -6.95509e-11 1.05722e-10 -1.33458e-10 1.50185e-10 -1.54439e-10 1.46023e-10 -1.26016e-10 9.66406e-11 -6.09952e-11 2.2693e-11 1.45518e-11 -4.73356e-11 7.29273e-11 -8.95365e-11 9.64588e-11 -9.40844e-11 8.37758e-11 -6.76345e-11 4.81914e-11 -2.8065e-11 9.63211e-12 5.24743e-12 -1.54167e-11 2.05008e-11 -2.08724e-11 1.7517e-11 -1.18211e-11 5.31845e-12 5.66069e-13 -4.73703e-12 6.58196e-12 -6.03687e-12 3.55696e-12 0. 
0.000115423 0.000107839 0.000100289 9.27877e-05 8.53904e-05 7.80903e-05 7.09632e-05 6.39819e-05 5.72416e-05 5.0698e-05 4.44561e-05 3.8477e-05 3.28298e-05 2.75568e-05 2.2593e-05 1.81417e-05 1.40235e-05 1.03995e-05 7.33045e-06 4.69547e-06 2.55919e-06 1.09747e-06 3.80686e-07 9.06611e-08 1.84024e-08 6.19585e-09 -6.74603e-09 7.17769e-09 -6.62476e-09 2.67899e-09 1.01457e-09 -5.26127e-09 5.79983e-09 -5.16377e-09 1.96519e-09 1.5088e-10 -2.74391e-09 3.16416e-09 -3.27318e-09 1.35355e-09 2.86718e-10 -2.23562e-09 2.49026e-09 -1.91535e-09 1.62812e-10 1.45869e-09 -2.40912e-09 2.18207e-09 -1.00262e-09 -5.24322e-10 1.67622e-09 -1.98393e-09 1.41918e-09 -3.63599e-10 -6.14532e-10 1.0562e-09 -8.28643e-10 1.55449e-10 5.4065e-10 -8.79412e-10 7.12428e-10 -1.69821e-10 -4.39446e-10 8.03709e-10 -7.6389e-10 3.74424e-10 1.48375e-10 -5.51461e-10 6.73259e-10 -5.10647e-10 1.98381e-10 7.83114e-11 -1.85384e-10 1.02072e-10 8.37897e-11 -2.36773e-10 2.52725e-10 -1.12115e-10 -1.17297e-10 3.2425e-10 -4.15971e-10 3.63761e-10 -2.10156e-10 3.85708e-11 7.40172e-11 -9.44563e-11 4.26964e-11 2.79894e-11 -6.5317e-11 4.6593e-11 1.28614e-11 -7.32472e-11 9.56085e-11 -6.37955e-11 -8.33914e-12 8.65982e-11 -1.35813e-10 1.37547e-10 -9.70726e-11 3.7395e-11 1.48094e-11 -4.28904e-11 4.64767e-11 -3.81386e-11 3.37107e-11 -4.24377e-11 6.23213e-11 -8.24889e-11 9.03475e-11 -7.89877e-11 5.0751e-11 -1.54642e-11 -1.50993e-11 3.31529e-11 -3.80681e-11 3.55002e-11 -3.348e-11 3.79267e-11 -4.99795e-11 6.62306e-11 -8.12526e-11 9.06948e-11 -9.32015e-11 9.03147e-11 -8.47574e-11 7.83265e-11 -7.06712e-11 5.95771e-11 -4.24616e-11 1.81519e-11 1.20471e-11 -4.45104e-11 7.45043e-11 -9.77757e-11 1.1175e-10 -1.15884e-10 1.11217e-10 -9.95278e-11 8.2637e-11 -6.21439e-11 3.96008e-11 -1.68332e-11 -3.93125e-12 2.03159e-11 -3.03671e-11 3.31856e-11 -2.93114e-11 2.06755e-11 -1.01328e-11 7.66502e-13 4.7818e-12 -4.76327e-12 -1.51155e-12 1.37285e-11 -3.07294e-11 5.06791e-11 -7.12147e-11 8.96181e-11 -1.03071e-10 1.09016e-10 -1.05582e-10 9.19749e-11 -6.87159e-11 3.76582e-11 -1.75889e-12 -3.53305e-11 6.97636e-11 -9.79893e-11 1.17162e-10 -1.25432e-10 1.2212e-10 -1.07762e-10 8.40421e-11 -5.36036e-11 1.97486e-11 1.39553e-11 -4.41121e-11 6.79156e-11 -8.34796e-11 9.00268e-11 -8.79106e-11 7.84759e-11 -6.3793e-11 4.63159e-11 -2.85184e-11 1.25574e-11 -4.90918e-15 -8.32433e-12 1.24298e-11 -1.30617e-11 1.1545e-11 -9.51592e-12 8.60923e-12 -1.01454e-11 1.48695e-11 -2.27849e-11 3.31105e-11 -4.43695e-11 5.45964e-11 -6.16313e-11 6.34589e-11 -5.8542e-11 4.61035e-11 -2.63151e-11 3.62755e-13 2.96236e-11 -6.0774e-11 8.97928e-11 -1.13348e-10 1.28485e-10 -1.33009e-10 1.25788e-10 -1.06935e-10 7.78376e-11 -4.10353e-11 -4.4117e-14 4.14586e-11 -7.91892e-11 1.09589e-10 -1.29786e-10 1.38003e-10 -1.33731e-10 1.17774e-10 -9.21221e-11 5.97028e-11 -2.40217e-11 -1.12484e-11 4.26855e-11 -6.74892e-11 8.37611e-11 -9.06649e-11 8.84506e-11 -7.83467e-11 6.23402e-11 -4.28775e-11 2.25296e-11 -3.66552e-12 -1.18234e-11 2.2715e-11 -2.85432e-11 2.95747e-11 -2.66862e-11 2.11645e-11 -1.44649e-11 7.96339e-12 -2.74303e-12 -5.57692e-13 1.81167e-12 -1.37921e-12 0. 
0.000115423 0.00010784 0.000100286 9.27912e-05 8.53863e-05 7.80941e-05 7.09605e-05 6.39825e-05 5.7244e-05 5.06918e-05 4.44666e-05 3.84623e-05 3.28478e-05 2.75373e-05 2.26116e-05 1.81268e-05 1.40321e-05 1.03988e-05 7.32301e-06 4.70945e-06 2.54183e-06 1.11403e-06 3.68921e-07 9.4834e-08 2.24422e-08 -4.52339e-09 7.46642e-09 -6.698e-09 2.90219e-09 6.45242e-10 -5.0598e-09 5.92234e-09 -5.6211e-09 2.49969e-09 -3.72109e-10 -2.43187e-09 3.10756e-09 -3.62444e-09 1.93739e-09 -4.06611e-10 -1.82809e-09 2.48648e-09 -2.44411e-09 8.41828e-10 8.45255e-10 -2.25149e-09 2.52107e-09 -1.70015e-09 1.99985e-10 1.24442e-09 -2.01125e-09 1.84756e-09 -9.52148e-10 -1.62067e-10 9.40472e-10 -1.05937e-09 5.6192e-10 2.04547e-10 -8.001e-10 9.26213e-10 -5.59034e-10 -7.19171e-11 6.27915e-10 -8.40735e-10 6.35901e-10 -1.46766e-10 -3.74186e-10 6.91666e-10 -6.99151e-10 4.53504e-10 -1.24182e-10 -1.07471e-10 1.42019e-10 -1.9002e-12 -1.96522e-10 3.16445e-10 -2.76342e-10 8.82869e-11 1.56986e-10 -3.44628e-10 3.96979e-10 -3.08909e-10 1.4182e-10 1.55923e-11 -9.52834e-11 8.0523e-11 -5.67496e-12 -7.05189e-11 1.00439e-10 -7.19081e-11 9.95503e-12 4.1913e-11 -4.82435e-11 7.8989e-13 7.90632e-11 -1.53904e-10 1.90837e-10 -1.77374e-10 1.24969e-10 -5.99989e-11 8.54708e-12 1.62479e-11 -1.81011e-11 1.20223e-11 -1.36795e-11 3.01442e-11 -5.68242e-11 8.1394e-11 -9.16466e-11 8.24737e-11 -5.82676e-11 2.99685e-11 -8.94679e-12 1.32205e-12 -5.62998e-12 1.46141e-11 -1.96583e-11 1.52145e-11 -9.69029e-13 -1.89866e-11 3.90352e-11 -5.50915e-11 6.6174e-11 -7.38973e-11 8.05216e-11 -8.69012e-11 9.1554e-11 -9.12983e-11 8.29837e-11 -6.52928e-11 3.96513e-11 -9.84718e-12 -1.9341e-11 4.37552e-11 -6.09533e-11 7.0414e-11 -7.29792e-11 7.00111e-11 -6.27724e-11 5.22944e-11 -3.96499e-11 2.63093e-11 -1.42392e-11 5.59068e-12 -2.08217e-12 4.36858e-12 -1.17001e-11 2.20326e-11 -3.25404e-11 4.03177e-11 -4.30134e-11 3.92204e-11 -2.85819e-11 1.1694e-11 1.0068e-11 -3.4712e-11 5.97676e-11 -8.24525e-11 9.99277e-11 -1.09661e-10 1.09847e-10 -9.97779e-11 8.00503e-11 -5.2546e-11 2.01751e-11 1.3546e-11 -4.49854e-11 7.08591e-11 -8.86036e-11 9.66278e-11 -9.44453e-11 8.26924e-11 -6.30362e-11 3.7973e-11 -1.0523e-11 -1.61519e-11 3.91613e-11 -5.62641e-11 6.61473e-11 -6.85562e-11 6.42591e-11 -5.48594e-11 4.24968e-11 -2.94916e-11 1.79861e-11 -9.63377e-12 5.37232e-12 -5.30516e-12 8.70629e-12 -1.4148e-11 1.97374e-11 -2.34317e-11 2.33875e-11 -1.82922e-11 7.62322e-12 8.20687e-12 -2.7846e-11 4.91416e-11 -6.94061e-11 8.57697e-11 -9.55752e-11 9.67593e-11 -8.81694e-11 6.97741e-11 -4.27353e-11 9.32937e-12 2.72776e-11 -6.33758e-11 9.51387e-11 -1.19077e-10 1.32462e-10 -1.33665e-10 1.22367e-10 -9.96117e-11 6.76977e-11 -2.9917e-11 -9.81969e-12 4.74297e-11 -7.91215e-11 1.01818e-10 -1.13487e-10 1.13351e-10 -1.0193e-10 8.09518e-11 -5.31018e-11 2.16841e-11 9.78608e-12 -3.79956e-11 6.02037e-11 -7.45255e-11 8.00975e-11 -7.71097e-11 6.67073e-11 -5.07802e-11 3.16746e-11 -1.1867e-11 -6.35519e-12 2.11637e-11 -3.13783e-11 3.65532e-11 -3.69567e-11 3.34515e-11 -2.73016e-11 1.99356e-11 -1.27062e-11 6.67978e-12 -2.48963e-12 2.6951e-13 3.22774e-13 0. 
0.000115423 0.00010784 0.000100285 9.27927e-05 8.53838e-05 7.80982e-05 7.09543e-05 6.39911e-05 5.72329e-05 5.07053e-05 4.44514e-05 3.84782e-05 3.28328e-05 2.75495e-05 2.2604e-05 1.81283e-05 1.40372e-05 1.03877e-05 7.33832e-06 4.6929e-06 2.55619e-06 1.1049e-06 3.70886e-07 1.00248e-07 1.11147e-08 9.83025e-09 -6.33221e-09 2.79021e-09 6.27766e-10 -5.01521e-09 5.98551e-09 -5.91008e-09 2.86181e-09 -7.62267e-10 -2.16984e-09 2.9951e-09 -3.83229e-09 2.37871e-09 -1.03577e-09 -1.37246e-09 2.34465e-09 -2.79381e-09 1.4228e-09 1.71358e-10 -1.9318e-09 2.64033e-09 -2.26086e-09 9.30925e-10 6.58852e-10 -1.81324e-09 2.08551e-09 -1.47211e-09 3.65919e-10 6.59668e-10 -1.13638e-09 9.16126e-10 -2.10937e-10 -5.51931e-10 9.6826e-10 -8.55798e-10 3.1824e-10 3.39536e-10 -7.83675e-10 8.16544e-10 -4.56599e-10 -9.49155e-11 5.71363e-10 -7.75944e-10 6.67157e-10 -3.58036e-10 3.93581e-11 1.26269e-10 -8.282e-11 -1.04643e-10 2.99347e-10 -3.73482e-10 2.75192e-10 -4.88099e-11 -1.97058e-10 3.51423e-10 -3.57456e-10 2.35019e-10 -6.15155e-11 -7.40705e-11 1.16877e-10 -6.81033e-11 -2.49733e-11 1.01336e-10 -1.20965e-10 8.33878e-11 -2.24479e-11 -1.68199e-11 4.60149e-12 5.84558e-11 -1.43929e-10 2.12696e-10 -2.35744e-10 2.07419e-10 -1.4521e-10 7.79317e-11 -2.99644e-11 1.02282e-11 -1.08914e-11 1.50208e-11 -7.78124e-12 -1.53179e-11 4.71458e-11 -7.43694e-11 8.57316e-11 -7.8311e-11 5.85933e-11 -3.83629e-11 2.81858e-11 -3.21926e-11 4.67148e-11 -6.29905e-11 7.20096e-11 -6.87388e-11 5.3692e-11 -3.15027e-11 7.76581e-12 1.38793e-11 -3.2904e-11 5.09636e-11 -6.97582e-11 8.91075e-11 -1.06361e-10 1.17395e-10 -1.18552e-10 1.08415e-10 -8.85216e-11 6.27542e-11 -3.58278e-11 1.16937e-11 7.42363e-12 -2.10687e-11 2.99012e-11 -3.4865e-11 3.66726e-11 -3.58056e-11 3.28815e-11 -2.90316e-11 2.59577e-11 -2.55572e-11 2.9269e-11 -3.74547e-11 4.91132e-11 -6.20594e-11 7.34801e-11 -8.06357e-11 8.14499e-11 -7.48343e-11 6.07325e-11 -3.99872e-11 1.41554e-11 1.46445e-11 -4.38592e-11 7.06609e-11 -9.2204e-11 1.0599e-10 -1.10278e-10 1.04432e-10 -8.90977e-11 6.61387e-11 -3.83585e-11 9.06917e-12 1.83843e-11 -4.10548e-11 5.67215e-11 -6.40974e-11 6.29204e-11 -5.39383e-11 3.87932e-11 -1.98055e-11 -3.32273e-13 1.89255e-11 -3.36609e-11 4.2939e-11 -4.60943e-11 4.34624e-11 -3.62817e-11 2.64555e-11 -1.62177e-11 7.76297e-12 -2.89541e-12 2.74435e-12 -7.58045e-12 1.6754e-11 -2.87641e-11 4.14525e-11 -5.2304e-11 5.88145e-11 -5.88793e-11 5.11436e-11 -3.52619e-11 1.20227e-11 1.66832e-11 -4.8051e-11 7.86818e-11 -1.04994e-10 1.23671e-10 -1.32088e-10 1.28666e-10 -1.13105e-10 8.6461e-11 -5.10706e-11 1.03043e-11 3.18018e-11 -7.10045e-11 1.03341e-10 -1.25588e-10 1.35631e-10 -1.32699e-10 1.17446e-10 -9.18507e-11 5.89713e-11 -2.25729e-11 -1.33199e-11 4.48898e-11 -6.89585e-11 8.33295e-11 -8.70046e-11 8.02515e-11 -6.45162e-11 4.21984e-11 -1.63212e-11 -9.86051e-12 3.32611e-11 -5.13245e-11 6.23004e-11 -6.54056e-11 6.08551e-11 -4.9767e-11 3.39579e-11 -1.56632e-11 -2.77868e-12 1.92337e-11 -3.20308e-11 4.01406e-11 -4.32523e-11 4.17468e-11 -3.65725e-11 2.90505e-11 -2.06379e-11 1.26895e-11 -6.25121e-12 1.91625e-12 2.36105e-13 -6.13253e-13 0. 
0.000115423 0.000107839 0.000100288 9.27883e-05 8.53897e-05 7.80906e-05 7.09635e-05 6.39806e-05 5.72441e-05 5.06941e-05 4.44616e-05 3.84702e-05 3.28373e-05 2.75494e-05 2.25992e-05 1.81379e-05 1.40239e-05 1.04028e-05 7.32376e-06 4.70421e-06 2.55026e-06 1.10421e-06 3.78049e-07 8.80881e-08 2.5569e-08 -3.55531e-09 2.50898e-09 1.01494e-09 -5.16991e-09 6.01011e-09 -6.01402e-09 3.02432e-09 -1.00174e-09 -1.97861e-09 2.8701e-09 -3.9512e-09 2.6961e-09 -1.55288e-09 -9.47527e-10 2.1184e-09 -2.98626e-09 1.89184e-09 -4.89721e-10 -1.51826e-09 2.56191e-09 -2.6561e-09 1.58984e-09 1.57008e-12 -1.43961e-09 2.12704e-09 -1.86833e-09 8.9781e-10 2.59553e-10 -1.05266e-09 1.16293e-09 -6.34917e-10 -1.81713e-10 8.36734e-10 -1.01241e-09 6.64083e-10 -1.02301e-11 -6.03345e-10 8.83857e-10 -7.25208e-10 2.37592e-10 3.28914e-10 -7.1855e-10 7.91488e-10 -5.75494e-10 2.30237e-10 4.86956e-11 -1.31758e-10 1.1879e-11 2.07766e-10 -3.80696e-10 3.98686e-10 -2.44753e-10 -6.48256e-12 2.35641e-10 -3.43523e-10 2.98832e-10 -1.46108e-10 -2.55919e-11 1.32516e-10 -1.36727e-10 5.77465e-11 4.67842e-11 -1.17256e-10 1.23973e-10 -7.8701e-11 2.25161e-11 5.48897e-13 3.16594e-11 -1.09053e-10 1.9716e-10 -2.5695e-10 2.64874e-10 -2.22731e-10 1.53548e-10 -8.74086e-11 4.58459e-11 -3.30019e-11 3.71123e-11 -3.9992e-11 2.83313e-11 -5.32215e-13 -3.39406e-11 6.13104e-11 -7.18685e-11 6.52177e-11 -4.98938e-11 3.81903e-11 -3.94627e-11 5.55902e-11 -8.06841e-11 1.04663e-10 -1.18365e-10 1.17424e-10 -1.03156e-10 8.05646e-11 -5.49884e-11 2.94379e-11 -3.9148e-12 -2.32479e-11 5.31203e-11 -8.44457e-11 1.13435e-10 -1.35122e-10 1.45457e-10 -1.4301e-10 1.29446e-10 -1.08686e-10 8.52799e-11 -6.28641e-11 4.33627e-11 -2.71134e-11 1.36076e-11 -2.28765e-12 -7.05633e-12 1.442e-11 -2.00345e-11 2.47475e-11 -3.00251e-11 3.75114e-11 -4.83445e-11 6.25642e-11 -7.88935e-11 9.49901e-11 -1.08043e-10 1.15466e-10 -1.15437e-10 1.07149e-10 -9.08027e-11 6.74354e-11 -3.8736e-11 6.90265e-12 2.54699e-11 -5.55456e-11 8.05058e-11 -9.79136e-11 1.06113e-10 -1.0455e-10 9.39054e-11 -7.6001e-11 5.34902e-11 -2.94263e-11 6.80628e-12 1.18213e-11 -2.46367e-11 3.07078e-11 -3.00382e-11 2.35167e-11 -1.27761e-11 -3.68535e-14 1.25702e-11 -2.26221e-11 2.8492e-11 -2.92646e-11 2.49679e-11 -1.65725e-11 5.82992e-12 5.01907e-12 -1.36134e-11 1.78565e-11 -1.62605e-11 8.20408e-12 5.92669e-12 -2.47328e-11 4.59349e-11 -6.66333e-11 8.36704e-11 -9.40517e-11 9.53719e-11 -8.61856e-11 6.62669e-11 -3.67164e-11 -1.03514e-13 4.08015e-11 -8.13275e-11 1.17435e-10 -1.45179e-10 1.61382e-10 -1.64023e-10 1.5249e-10 -1.27673e-10 9.18798e-11 -4.85838e-11 2.03871e-12 4.32041e-11 -8.28077e-11 1.13133e-10 -1.31633e-10 1.37111e-10 -1.29818e-10 1.11369e-10 -8.45144e-11 5.27745e-11 -2.0002e-11 -1.00803e-11 3.43081e-11 -5.04195e-11 5.72753e-11 -5.49337e-11 4.4574e-11 -2.82862e-11 8.75755e-12 1.10996e-11 -2.85289e-11 4.12714e-11 -4.78235e-11 4.75848e-11 -4.08796e-11 2.88572e-11 -1.32889e-11 -3.7054e-12 1.99613e-11 -3.35625e-11 4.30827e-11 -4.77451e-11 4.74831e-11 -4.28963e-11 3.51149e-11 -2.55941e-11 1.58729e-11 -7.3331e-12 9.94514e-13 2.62391e-12 -3.5587e-12 2.36557e-12 0. 
0.000115423 0.00010784 0.000100286 9.27922e-05 8.53848e-05 7.80962e-05 7.09575e-05 6.39864e-05 5.72392e-05 5.06973e-05 4.44608e-05 3.84679e-05 3.2843e-05 2.75403e-05 2.2611e-05 1.81244e-05 1.40373e-05 1.03914e-05 7.33132e-06 4.70196e-06 2.54657e-06 1.11336e-06 3.65013e-07 1.02388e-07 1.31406e-08 3.92393e-09 1.9635e-09 -5.45148e-09 5.97859e-09 -5.93751e-09 2.99756e-09 -1.08939e-09 -1.88763e-09 2.78471e-09 -4.02327e-09 2.89484e-09 -1.93237e-09 -5.91328e-10 1.85898e-09 -3.07472e-09 2.25215e-09 -1.08004e-09 -1.06789e-09 2.33149e-09 -2.89076e-09 2.12307e-09 -6.53513e-10 -9.56907e-10 1.99788e-09 -2.11746e-09 1.37681e-09 -2.04528e-10 -8.2772e-10 1.27275e-09 -1.00442e-09 2.4857e-10 5.60212e-10 -1.01117e-09 9.1372e-10 -3.64448e-10 -3.31554e-10 8.28761e-10 -9.08504e-10 5.67643e-10 3.60438e-12 -5.31897e-10 7.97885e-10 -7.32335e-10 4.29718e-10 -8.13756e-11 -1.30453e-10 1.2143e-10 6.53217e-11 -2.97013e-10 4.29976e-10 -3.85315e-10 1.8349e-10 7.53928e-11 -2.69879e-10 3.20282e-10 -2.23945e-10 4.77968e-11 1.13104e-10 -1.85886e-10 1.52365e-10 -4.94864e-11 -5.82868e-11 1.16677e-10 -1.08569e-10 5.76818e-11 -1.00788e-11 6.0526e-12 -5.83593e-11 1.47479e-10 -2.34391e-10 2.82164e-10 -2.7416e-10 2.19892e-10 -1.47068e-10 8.56838e-11 -5.33236e-11 4.90009e-11 -5.74388e-11 6.00103e-11 -4.56097e-11 1.57136e-11 1.82429e-11 -4.27027e-11 5.01042e-11 -4.28317e-11 3.13253e-11 -2.79921e-11 4.0584e-11 -6.8546e-11 1.03861e-10 -1.35403e-10 1.5415e-10 -1.56547e-10 1.44668e-10 -1.23681e-10 9.84333e-11 -7.1133e-11 4.11979e-11 -6.97963e-12 -3.19159e-11 7.31667e-11 -1.11944e-10 1.42601e-10 -1.60873e-10 1.65435e-10 -1.58121e-10 1.42843e-10 -1.23898e-10 1.04513e-10 -8.62357e-11 6.92347e-11 -5.31078e-11 3.76258e-11 -2.29981e-11 9.61088e-12 2.48804e-12 -1.39525e-11 2.6071e-11 -4.02596e-11 5.73578e-11 -7.70761e-11 9.78564e-11 -1.17198e-10 1.32291e-10 -1.40693e-10 1.40809e-10 -1.32078e-10 1.149e-10 -9.04465e-11 6.04779e-11 -2.7214e-11 -6.76408e-12 3.86651e-11 -6.57491e-11 8.56895e-11 -9.6957e-11 9.9106e-11 -9.28687e-11 8.0017e-11 -6.30322e-11 4.46722e-11 -2.75405e-11 1.37368e-11 -4.62685e-12 7.35476e-13 -1.7437e-12 6.57584e-12 -1.35685e-11 2.07177e-11 -2.59901e-11 2.76645e-11 -2.46512e-11 1.67249e-11 -4.62056e-12 -1.00364e-11 2.49561e-11 -3.75284e-11 4.52273e-11 -4.60105e-11 3.86574e-11 -2.30026e-11 3.56443e-14 2.81453e-11 -5.85261e-11 8.74988e-11 -1.11282e-10 1.26392e-10 -1.30101e-10 1.20832e-10 -9.84141e-11 6.41773e-11 -2.08575e-11 -2.7673e-11 7.68183e-11 -1.21765e-10 1.58017e-10 -1.81902e-10 1.90981e-10 -1.84319e-10 1.62595e-10 -1.28008e-10 8.4033e-11 -3.50162e-11 -1.43159e-11 5.93833e-11 -9.62503e-11 1.22034e-10 -1.35176e-10 1.35554e-10 -1.24412e-10 1.04148e-10 -7.79601e-11 4.94306e-11 -2.20732e-11 -1.07956e-12 1.78106e-11 -2.6933e-11 2.83635e-11 -2.3052e-11 1.27834e-11 1.18549e-13 -1.31401e-11 2.39326e-11 -3.06254e-11 3.20583e-11 -2.79049e-11 1.86765e-11 -5.61009e-12 -9.53735e-12 2.47589e-11 -3.80906e-11 4.78859e-11 -5.30361e-11 5.31051e-11 -4.83645e-11 3.97266e-11 -2.85874e-11 1.6605e-11 -5.44681e-12 -3.4565e-12 9.11633e-12 -1.112e-11 9.6759e-12 -5.56385e-12 0. 
0.000115423 0.00010784 0.000100287 9.27909e-05 8.53862e-05 7.80952e-05 7.09578e-05 6.39873e-05 5.72367e-05 5.07018e-05 4.44541e-05 3.84768e-05 3.28324e-05 2.7552e-05 2.25994e-05 1.81346e-05 1.403e-05 1.03946e-05 7.33309e-06 4.69512e-06 2.55763e-06 1.0998e-06 3.78534e-07 9.17118e-08 1.84693e-08 5.243e-09 -5.55785e-09 5.8856e-09 -5.6865e-09 2.77743e-09 -1.00486e-09 -1.91952e-09 2.75372e-09 -4.0589e-09 2.99016e-09 -2.18625e-09 -3.2414e-10 1.62721e-09 -3.11386e-09 2.50658e-09 -1.56988e-09 -6.21136e-10 2.01116e-09 -2.99112e-09 2.50501e-09 -1.2522e-09 -4.34352e-10 1.74289e-09 -2.22455e-09 1.76814e-09 -6.80786e-10 -4.97557e-10 1.24152e-09 -1.27459e-09 6.76094e-10 1.87179e-10 -8.62977e-10 1.03821e-09 -6.72802e-10 -1.14252e-11 6.63584e-10 -9.81094e-10 8.44567e-10 -3.53204e-10 -2.44461e-10 6.81469e-10 -7.97653e-10 6.01074e-10 -2.4295e-10 -7.29002e-11 1.95502e-10 -9.40225e-11 -1.41966e-10 3.62122e-10 -4.38808e-10 3.30199e-10 -9.35041e-11 -1.53219e-10 2.961e-10 -2.817e-10 1.36989e-10 5.3034e-11 -1.93927e-10 2.28975e-10 -1.613e-10 4.29644e-11 5.90897e-11 -9.97754e-11 7.60752e-11 -2.24704e-11 -1.28252e-11 -3.98428e-12 7.49888e-11 -1.71888e-10 2.53075e-10 -2.85827e-10 2.61604e-10 -1.97465e-10 1.24594e-10 -7.14202e-11 5.06077e-11 -5.59573e-11 6.93446e-11 -7.26145e-11 5.74847e-11 -2.85272e-11 -1.37298e-12 1.9611e-11 -2.13301e-11 1.18397e-11 -3.22475e-12 7.55838e-12 -3.0629e-11 6.93626e-11 -1.13819e-10 1.52188e-10 -1.75908e-10 1.82375e-10 -1.74343e-10 1.56929e-10 -1.34255e-10 1.07586e-10 -7.57258e-11 3.70851e-11 8.03111e-12 -5.62963e-11 1.02004e-10 -1.39052e-10 1.63179e-10 -1.73316e-10 1.71516e-10 -1.61658e-10 1.4771e-10 -1.3241e-10 1.16872e-10 -1.01049e-10 8.45945e-11 -6.75311e-11 5.03761e-11 -3.3762e-11 1.78793e-11 -2.1532e-12 -1.46067e-11 3.36329e-11 -5.54878e-11 7.95654e-11 -1.04039e-10 1.26266e-10 -1.43447e-10 1.53279e-10 -1.54375e-10 1.46373e-10 -1.29817e-10 1.05951e-10 -7.65396e-11 4.3762e-11 -1.01227e-11 -2.16964e-11 4.90999e-11 -6.99369e-11 8.28641e-11 -8.75946e-11 8.49437e-11 -7.665e-11 6.50211e-11 -5.25041e-11 4.1282e-11 -3.29692e-11 2.8435e-11 -2.77474e-11 3.02175e-11 -3.45248e-11 3.89163e-11 -4.1473e-11 4.04264e-11 -3.44891e-11 2.31425e-11 -6.82089e-12 -1.30543e-11 3.4211e-11 -5.38151e-11 6.88659e-11 -7.6634e-11 7.50757e-11 -6.31666e-11 4.11131e-11 -1.04165e-11 -2.62198e-11 6.51362e-11 -1.02094e-10 1.32745e-10 -1.53149e-10 1.6026e-10 -1.52338e-10 1.29201e-10 -9.23133e-11 4.46633e-11 9.53488e-12 -6.5286e-11 1.17351e-10 -1.60811e-10 1.91595e-10 -2.06911e-10 2.05529e-10 -1.87889e-10 1.56026e-10 -1.1331e-10 6.40514e-11 -1.3001e-11 -3.51751e-11 7.63956e-11 -1.07574e-10 1.26897e-10 -1.33934e-10 1.29591e-10 -1.15899e-10 9.56873e-11 -7.21859e-11 4.85982e-11 -2.77114e-11 1.15829e-11 -1.34291e-12 -2.86992e-12 1.83711e-12 2.93041e-12 -9.47071e-12 1.5695e-11 -1.97117e-11 2.01047e-11 -1.61313e-11 7.81348e-12 4.08417e-12 -1.81846e-11 3.27133e-11 -4.57671e-11 5.55957e-11 -6.08582e-11 6.08167e-11 -5.54417e-11 4.54164e-11 -3.20383e-11 1.70356e-11 -2.32322e-12 -1.02656e-11 1.92349e-11 -2.36319e-11 2.31766e-11 -1.82949e-11 1.00526e-11 0. 
0.000115423 0.000107839 0.000100287 9.27896e-05 8.53882e-05 7.80922e-05 7.09619e-05 6.39819e-05 5.72435e-05 5.06937e-05 4.44631e-05 3.84673e-05 3.28416e-05 2.7544e-05 2.26051e-05 1.81322e-05 1.40284e-05 1.04003e-05 7.32348e-06 4.70742e-06 2.54446e-06 1.11152e-06 3.70555e-07 9.41789e-08 2.20607e-08 -3.46814e-09 5.87767e-09 -5.22373e-09 2.36448e-09 -7.5976e-10 -2.05717e-09 2.77279e-09 -4.07902e-09 3.01395e-09 -2.32327e-09 -1.76414e-10 1.46875e-09 -3.13172e-09 2.6668e-09 -1.96113e-09 -2.13683e-10 1.66748e-09 -2.98966e-09 2.73852e-09 -1.76388e-09 6.66136e-11 1.41294e-09 -2.21513e-09 2.05907e-09 -1.12937e-09 -1.04098e-10 1.08553e-09 -1.42282e-09 1.04865e-09 -2.26435e-10 -6.00349e-10 1.03305e-09 -9.00087e-10 3.12945e-10 4.15847e-10 -9.3779e-10 1.03139e-09 -6.89537e-10 1.00239e-10 4.59464e-10 -7.59111e-10 7.14667e-10 -4.09581e-10 3.50143e-11 2.14331e-10 -2.34213e-10 5.03409e-11 2.10144e-10 -3.94024e-10 4.02211e-10 -2.34588e-10 -1.92009e-11 2.32977e-10 -3.10204e-10 2.28633e-10 -4.33507e-11 -1.48762e-10 2.60966e-10 -2.57063e-10 1.61446e-10 -3.76215e-11 -4.98509e-11 6.85109e-11 -2.99774e-11 -2.26362e-11 4.22349e-11 -4.06997e-12 -8.26504e-11 1.82179e-10 -2.52671e-10 2.67666e-10 -2.27528e-10 1.56223e-10 -8.68873e-11 4.48824e-11 -3.7199e-11 5.26512e-11 -7.11651e-11 7.60289e-11 -6.22918e-11 3.74576e-11 -1.5197e-11 6.40059e-12 -1.27507e-11 2.60134e-11 -3.28376e-11 2.19696e-11 1.01103e-11 -5.78352e-11 1.0966e-10 -1.53525e-10 1.81667e-10 -1.92549e-10 1.89497e-10 -1.77354e-10 1.59316e-10 -1.35603e-10 1.04419e-10 -6.42873e-11 1.62161e-11 3.55689e-11 -8.47003e-11 1.24895e-10 -1.52143e-10 1.65802e-10 -1.68206e-10 1.63179e-10 -1.54305e-10 1.43781e-10 -1.32244e-10 1.19403e-10 -1.04917e-10 8.89688e-11 -7.22556e-11 5.55014e-11 -3.88857e-11 2.17856e-11 -3.01867e-12 -1.85198e-11 4.31499e-11 -6.99775e-11 9.69385e-11 -1.21275e-10 1.40223e-10 -1.51625e-10 1.5428e-10 -1.47989e-10 1.33388e-10 -1.11733e-10 8.47317e-11 -5.44607e-11 2.32843e-11 6.29306e-12 -3.18941e-11 5.16199e-11 -6.43868e-11 7.01309e-11 -6.9802e-11 6.51404e-11 -5.82998e-11 5.14225e-11 -4.62644e-11 4.39373e-11 -4.47841e-11 4.83753e-11 -5.35988e-11 5.88256e-11 -6.21405e-11 6.16319e-11 -5.57169e-11 4.34638e-11 -2.4852e-11 9.10749e-13 2.63049e-11 -5.39131e-11 7.85524e-11 -9.68243e-11 1.05763e-10 -1.03261e-10 8.84049e-11 -6.16644e-11 2.4929e-11 1.86238e-11 -6.48182e-11 1.08901e-10 -1.46057e-10 1.71951e-10 -1.8325e-10 1.78031e-10 -1.56049e-10 1.18797e-10 -6.93824e-11 1.21971e-11 4.75411e-11 -1.04346e-10 1.53041e-10 -1.89299e-10 2.10074e-10 -2.13897e-10 2.0098e-10 -1.73145e-10 1.33571e-10 -8.64002e-11 3.62508e-11 1.22979e-11 -5.51931e-11 8.93078e-11 -1.12708e-10 1.24764e-10 -1.26101e-10 1.18408e-10 -1.04126e-10 8.60752e-11 -6.70648e-11 4.95324e-11 -3.52641e-11 2.52228e-11 -1.95038e-11 1.74138e-11 -1.76596e-11 1.86113e-11 -1.86008e-11 1.6212e-11 -1.05203e-11 1.24878e-12 1.11787e-11 -2.56926e-11 4.07321e-11 -5.44733e-11 6.51e-11 -7.10761e-11 7.13815e-11 -6.56785e-11 5.4384e-11 -3.86376e-11 2.01684e-11 -1.07976e-12 -1.64216e-11 3.03127e-11 -3.90211e-11 4.16342e-11 -3.80222e-11 2.88599e-11 -1.55413e-11 0. 
0.000115423 0.00010784 0.000100286 9.27922e-05 8.53847e-05 7.80966e-05 7.09566e-05 6.39878e-05 5.7237e-05 5.07002e-05 4.44571e-05 3.84721e-05 3.28386e-05 2.75445e-05 2.26077e-05 1.81263e-05 1.40373e-05 1.03891e-05 7.33562e-06 4.69603e-06 2.55319e-06 1.10708e-06 3.69749e-07 1.00092e-07 1.23337e-08 7.79134e-09 -4.34891e-09 1.80994e-09 -3.77284e-10 -2.29635e-09 2.85321e-09 -4.09586e-09 2.96524e-09 -2.32962e-09 -1.60888e-10 1.39127e-09 -3.14676e-09 2.76524e-09 -2.26285e-09 1.14251e-10 1.3519e-09 -2.91843e-09 2.85277e-09 -2.17678e-09 4.99627e-10 1.0542e-09 -2.12633e-09 2.254e-09 -1.52544e-09 3.13061e-10 8.33896e-10 -1.44776e-09 1.33149e-09 -6.28566e-10 -2.67414e-10 9.14321e-10 -1.02973e-09 6.04741e-10 1.20314e-10 -7.90735e-10 1.10903e-09 -9.62311e-10 4.53935e-10 1.64927e-10 -6.23101e-10 7.53294e-10 -5.55824e-10 1.78573e-10 1.69588e-10 -3.24525e-10 2.39602e-10 6.09118e-12 -2.61347e-10 3.85932e-10 -3.19599e-10 1.04575e-10 1.44948e-10 -3.0602e-10 3.08251e-10 -1.63004e-10 -5.0671e-11 2.31686e-10 -3.07912e-10 2.66588e-10 -1.51559e-10 3.29179e-11 3.2148e-11 -2.64444e-11 -2.4391e-11 7.16204e-11 -7.27457e-11 1.41651e-11 8.37613e-11 -1.79839e-10 2.34585e-10 -2.29638e-10 1.74562e-10 -9.91088e-11 3.66093e-11 -7.93073e-12 1.39407e-11 -3.90294e-11 6.22717e-11 -6.93648e-11 5.90357e-11 -4.1357e-11 3.00041e-11 -3.34122e-11 4.97544e-11 -6.8042e-11 7.41548e-11 -5.81613e-11 1.90398e-11 3.5297e-11 -9.21252e-11 1.39618e-10 -1.71144e-10 1.86317e-10 -1.88901e-10 1.83252e-10 -1.71473e-10 1.52705e-10 -1.24612e-10 8.59026e-11 -3.82814e-11 -1.32727e-11 6.19925e-11 -1.01718e-10 1.28959e-10 -1.43664e-10 1.48513e-10 -1.47266e-10 1.43084e-10 -1.3759e-10 1.30936e-10 -1.22569e-10 1.12108e-10 -9.98087e-11 8.64082e-11 -7.25605e-11 5.82787e-11 -4.27648e-11 2.47565e-11 -3.21988e-12 -2.19631e-11 4.96489e-11 -7.75776e-11 1.02921e-10 -1.22979e-10 1.35754e-10 -1.40224e-10 1.3632e-10 -1.24728e-10 1.06666e-10 -8.37376e-11 5.78646e-11 -3.12147e-11 6.05043e-12 1.55426e-11 -3.19968e-11 4.2568e-11 -4.74893e-11 4.79087e-11 -4.56195e-11 4.26601e-11 -4.08944e-11 4.16669e-11 -4.55894e-11 5.24675e-11 -6.13464e-11 7.0646e-11 -7.83665e-11 8.23538e-11 -8.06145e-11 7.16542e-11 -5.47964e-11 3.04183e-11 -5.01693e-14 -3.37022e-11 6.74119e-11 -9.72308e-11 1.19373e-10 -1.30613e-10 1.28724e-10 -1.12807e-10 8.34748e-11 -4.28588e-11 -5.54766e-12 5.72134e-11 -1.07023e-10 1.49821e-10 -1.80977e-10 1.96921e-10 -1.95558e-10 1.76527e-10 -1.41261e-10 9.28395e-11 -3.56613e-11 -2.5031e-11 8.37078e-11 -1.3513e-10 1.74882e-10 -1.99804e-10 2.0827e-10 -2.00301e-10 1.77486e-10 -1.42736e-10 9.99058e-11 -5.33269e-11 7.31357e-12 3.42963e-11 -6.85144e-11 9.3448e-11 -1.08398e-10 1.13804e-10 -1.11062e-10 1.02233e-10 -8.9699e-11 7.58106e-11 -6.25679e-11 5.13817e-11 -4.29392e-11 3.71863e-11 -3.3425e-11 3.05034e-11 -2.7068e-11 2.18388e-11 -1.38633e-11 2.71441e-12 1.13983e-11 -2.76192e-11 4.45397e-11 -6.03812e-11 7.32411e-11 -8.13677e-11 8.34243e-11 -7.87068e-11 6.72801e-11 -5.00169e-11 2.85267e-11 -4.98624e-12 -1.81109e-11 3.8253e-11 -5.32183e-11 6.13545e-11 -6.17906e-11 5.45557e-11 -4.05862e-11 2.16217e-11 0. 
0.000115423 0.000107839 0.000100287 9.27901e-05 8.53873e-05 7.80937e-05 7.09596e-05 6.3985e-05 5.72393e-05 5.06989e-05 4.44569e-05 3.84742e-05 3.28343e-05 2.7551e-05 2.2599e-05 1.81365e-05 1.40265e-05 1.03993e-05 7.32749e-06 4.7008e-06 2.55268e-06 1.10307e-06 3.77611e-07 8.98203e-08 2.29832e-08 -1.18398e-09 1.3383e-09 1.54862e-10 -2.62473e-09 2.96893e-09 -4.07792e-09 2.82625e-09 -2.21102e-09 -2.62693e-10 1.39907e-09 -3.1894e-09 2.82778e-09 -2.46612e-09 3.33601e-10 1.09007e-09 -2.81608e-09 2.89227e-09 -2.4882e-09 8.39166e-10 7.02568e-10 -1.99894e-09 2.36721e-09 -1.85829e-09 7.21268e-10 5.21152e-10 -1.36481e-09 1.50944e-09 -9.79105e-10 9.01127e-11 7.11608e-10 -1.06276e-09 8.39246e-10 -1.88446e-10 -5.63906e-10 1.07621e-09 -1.14327e-09 7.73002e-10 -1.61815e-10 -4.10696e-10 7.13681e-10 -6.6214e-10 3.38523e-10 6.42568e-11 -3.44723e-10 3.87856e-10 -2.09047e-10 -6.8777e-11 2.87275e-10 -3.34429e-10 1.95435e-10 4.9017e-11 -2.71152e-10 3.63012e-10 -2.87172e-10 8.79546e-11 1.38287e-10 -2.9479e-10 3.30047e-10 -2.55756e-10 1.31591e-10 -2.85274e-11 -8.27898e-12 -2.16058e-11 8.03869e-11 -1.17425e-10 9.82203e-11 -2.17239e-11 -8.15657e-11 1.67594e-10 -2.01904e-10 1.7567e-10 -1.07371e-10 3.09574e-11 2.19441e-11 -3.61831e-11 1.70918e-11 1.61947e-11 -4.31408e-11 5.27409e-11 -4.75355e-11 3.96035e-11 -4.17658e-11 5.93389e-11 -8.68311e-11 1.10854e-10 -1.17122e-10 9.75198e-11 -5.36559e-11 -4.48151e-12 6.35043e-11 -1.1233e-10 1.45763e-10 -1.64602e-10 1.72896e-10 -1.74315e-10 1.69767e-10 -1.57343e-10 1.34289e-10 -9.95968e-11 5.5641e-11 -7.97982e-12 -3.65092e-11 7.21093e-11 -9.61082e-11 1.09204e-10 -1.14475e-10 1.15605e-10 -1.15311e-10 1.14645e-10 -1.13283e-10 1.10417e-10 -1.05595e-10 9.90546e-11 -9.14407e-11 8.31819e-11 -7.39802e-11 6.27513e-11 -4.80789e-11 2.8953e-11 -5.42006e-12 -2.11685e-11 4.84061e-11 -7.34438e-11 9.36886e-11 -1.07321e-10 1.13496e-10 -1.12259e-10 1.04317e-10 -9.08192e-11 7.32344e-11 -5.32953e-11 3.2933e-11 -1.41154e-11 -1.4282e-12 1.25357e-11 -1.88802e-11 2.10676e-11 -2.05137e-11 1.91263e-11 -1.8882e-11 2.14121e-11 -2.76859e-11 3.78406e-11 -5.11547e-11 6.61394e-11 -8.07167e-11 9.24644e-11 -9.8917e-11 9.79093e-11 -8.79315e-11 6.84478e-11 -4.01153e-11 4.84843e-12 3.43036e-11 -7.34593e-11 1.08349e-10 -1.34831e-10 1.49413e-10 -1.49699e-10 1.3472e-10 -1.05104e-10 6.30705e-11 -1.22544e-11 -4.26391e-11 9.63082e-11 -1.43412e-10 1.7915e-10 -1.99794e-10 2.03104e-10 -1.88578e-10 1.57502e-10 -1.12799e-10 5.86989e-11 -2.67199e-13 -5.71373e-11 1.08424e-10 -1.49282e-10 1.76592e-10 -1.88689e-10 1.85459e-10 -1.68259e-10 1.39682e-10 -1.03195e-10 6.26983e-11 -2.20704e-11 -1.52507e-11 4.66009e-11 -7.03015e-11 8.57304e-11 -9.32576e-11 9.40607e-11 -8.98553e-11 8.25813e-11 -7.40903e-11 6.58766e-11 -5.88871e-11 5.3432e-11 -4.92042e-11 4.54006e-11 -4.09207e-11 3.4613e-11 -2.55273e-11 1.3135e-11 2.51573e-12 -2.07364e-11 4.02341e-11 -5.92463e-11 7.5755e-11 -8.77532e-11 9.3526e-11 -9.19096e-11 8.24889e-11 -6.57077e-11 4.28721e-11 -1.60423e-11 -1.21743e-11 3.89075e-11 -6.13512e-11 7.70927e-11 -8.44031e-11 8.24535e-11 -7.14279e-11 5.25177e-11 -2.77982e-11 0. 
0.000115423 0.00010784 0.000100287 9.27903e-05 8.53872e-05 7.80934e-05 7.09605e-05 6.39833e-05 5.72421e-05 5.06948e-05 4.44624e-05 3.84673e-05 3.28425e-05 2.75421e-05 2.26081e-05 1.81282e-05 1.40331e-05 1.03954e-05 7.32797e-06 4.70398e-06 2.54609e-06 1.11213e-06 3.67483e-07 9.93301e-08 1.56386e-08 2.86659e-09 1.00486e-09 -2.97135e-09 3.07507e-09 -4.00279e-09 2.59793e-09 -1.97506e-09 -4.85985e-10 1.50795e-09 -3.26866e-09 2.84707e-09 -2.56167e-09 4.43173e-10 8.99673e-10 -2.73138e-09 2.89487e-09 -2.70038e-09 1.08336e-09 3.85237e-10 -1.8705e-09 2.4158e-09 -2.12839e-09 1.09589e-09 1.81536e-10 -1.2004e-09 1.58512e-09 -1.25398e-09 4.33001e-10 4.59924e-10 -1.01354e-09 1.00506e-09 -4.81505e-10 -2.86855e-10 9.4624e-10 -1.22097e-09 1.02516e-09 -4.8163e-10 -1.51194e-10 6.04554e-10 -7.17325e-10 4.95192e-10 -8.95131e-11 -2.87434e-10 4.66405e-10 -3.94337e-10 1.45516e-10 1.28566e-10 -2.80929e-10 2.40412e-10 -3.9385e-11 -2.11381e-10 3.836e-10 -3.95179e-10 2.45498e-10 -7.86795e-12 -2.12765e-10 3.32536e-10 -3.24953e-10 2.24988e-10 -1.02901e-10 2.44604e-11 -1.89739e-11 7.00375e-11 -1.30772e-10 1.52807e-10 -1.12645e-10 2.22875e-11 7.95284e-11 -1.48911e-10 1.58942e-10 -1.11204e-10 3.21619e-11 4.20197e-11 -8.33123e-11 8.31932e-11 -5.28472e-11 1.37311e-11 1.53141e-11 -2.73098e-11 2.84972e-11 -3.2213e-11 4.95402e-11 -8.21487e-11 1.20944e-10 -1.50683e-10 1.57597e-10 -1.35844e-10 8.96812e-11 -3.07819e-11 -2.7382e-11 7.49764e-11 -1.08493e-10 1.29896e-10 -1.43338e-10 1.51644e-10 -1.54493e-10 1.4904e-10 -1.32286e-10 1.0362e-10 -6.6057e-11 2.5536e-11 1.12593e-11 -3.93666e-11 5.70904e-11 -6.60024e-11 6.96095e-11 -7.15102e-11 7.39728e-11 -7.74966e-11 8.13286e-11 -8.44298e-11 8.62577e-11 -8.69561e-11 8.69532e-11 -8.63166e-11 8.43185e-11 -7.95046e-11 7.02568e-11 -5.55617e-11 3.56036e-11 -1.19043e-11 -1.30328e-11 3.63911e-11 -5.57279e-11 6.94295e-11 -7.68362e-11 7.81017e-11 -7.39436e-11 6.54364e-11 -5.39055e-11 4.08864e-11 -2.80542e-11 1.70499e-11 -9.19845e-12 5.19616e-12 -4.88563e-12 7.21888e-12 -1.04446e-11 1.24754e-11 -1.13327e-11 5.55774e-12 5.50032e-12 -2.15514e-11 4.13804e-11 -6.29791e-11 8.37632e-11 -1.00855e-10 1.1142e-10 -1.13041e-10 1.04092e-10 -8.40619e-11 5.37614e-11 -1.53584e-11 -2.77801e-11 7.14299e-11 -1.10987e-10 1.4201e-10 -1.60754e-10 1.64626e-10 -1.5251e-10 1.24933e-10 -8.4055e-11 3.34748e-11 2.21177e-11 -7.74221e-11 1.27086e-10 -1.66282e-10 1.91227e-10 -1.99588e-10 1.90716e-10 -1.65692e-10 1.27167e-10 -7.90404e-11 2.60101e-11 2.69465e-11 -7.51002e-11 1.14445e-10 -1.42072e-10 1.56406e-10 -1.57279e-10 1.45846e-10 -1.24354e-10 9.58017e-11 -6.35396e-11 3.08591e-11 -6.26668e-13 -2.49955e-11 4.47129e-11 -5.8134e-11 6.56834e-11 -6.84141e-11 6.77519e-11 -6.52128e-11 6.21348e-11 -5.9461e-11 5.76055e-11 -5.64157e-11 5.52365e-11 -5.30609e-11 4.87453e-11 -4.1252e-11 2.98845e-11 -1.44755e-11 -4.50027e-12 2.59081e-11 -4.80365e-11 6.87736e-11 -8.58538e-11 9.71461e-11 -1.00943e-10 9.62148e-11 -8.27909e-11 6.14442e-11 -3.38623e-11 2.50447e-12 2.964e-11 -5.93674e-11 8.3612e-11 -9.97932e-11 1.06118e-10 -1.01796e-10 8.71523e-11 -6.36052e-11 3.35285e-11 0. 
0.000115423 0.00010784 0.000100286 9.27919e-05 8.5385e-05 7.80963e-05 7.09568e-05 6.39879e-05 5.72366e-05 5.0701e-05 4.44556e-05 3.84742e-05 3.28358e-05 2.75479e-05 2.26037e-05 1.81303e-05 1.40335e-05 1.03921e-05 7.33395e-06 4.69588e-06 2.55535e-06 1.10293e-06 3.75309e-07 9.39649e-08 1.78247e-08 4.00894e-09 -3.08015e-09 3.15555e-09 -3.84031e-09 2.2516e-09 -1.59946e-09 -8.35013e-10 1.69981e-09 -3.35869e-09 2.81412e-09 -2.56089e-09 4.45419e-10 8.10091e-10 -2.70172e-09 2.87729e-09 -2.82767e-09 1.24665e-09 1.26262e-10 -1.76793e-09 2.41591e-09 -2.34397e-09 1.41883e-09 -1.54778e-10 -9.86408e-10 1.57485e-09 -1.44552e-09 7.33476e-10 1.92609e-10 -9.04064e-10 1.10246e-09 -7.38476e-10 1.08329e-11 7.42039e-10 -1.19939e-09 1.19271e-09 -7.63121e-10 1.24733e-10 4.425e-10 -7.18495e-10 6.31517e-10 -2.73596e-10 -1.57875e-10 4.60012e-10 -5.16742e-10 3.41945e-10 -5.79275e-11 -1.74639e-10 2.37896e-10 -1.09721e-10 -1.34134e-10 3.65096e-10 -4.6815e-10 3.95676e-10 -1.83986e-10 -7.17833e-11 2.68074e-10 -3.416e-10 2.93028e-10 -1.77122e-10 6.82399e-11 -2.10805e-11 4.65878e-11 -1.13021e-10 1.68528e-10 -1.71272e-10 1.11027e-10 -1.22817e-11 -8.07051e-11 1.27445e-10 -1.10687e-10 4.2579e-11 4.39928e-11 -1.12908e-10 1.41488e-10 -1.28324e-10 8.96655e-11 -4.78461e-11 1.87425e-11 -4.81218e-12 -3.50129e-12 1.98905e-11 -5.28542e-11 1.00082e-10 -1.4918e-10 1.8377e-10 -1.91334e-10 1.68688e-10 -1.22624e-10 6.60044e-11 -1.17706e-11 -3.19552e-11 6.3525e-11 -8.59787e-11 1.0339e-10 -1.17617e-10 1.27158e-10 -1.28425e-10 1.18399e-10 -9.69984e-11 6.78326e-11 -3.70083e-11 1.07155e-11 7.12432e-12 -1.60255e-11 1.85142e-11 -1.85285e-11 1.95617e-11 -2.34406e-11 3.01609e-11 -3.86032e-11 4.75447e-11 -5.6346e-11 6.49925e-11 -7.35946e-11 8.17512e-11 -8.82214e-11 9.11375e-11 -8.86665e-11 7.9791e-11 -6.48253e-11 4.54344e-11 -2.41741e-11 3.77842e-12 1.35032e-11 -2.62919e-11 3.41286e-11 -3.7284e-11 3.64976e-11 -3.27843e-11 2.73476e-11 -2.15442e-11 1.68022e-11 -1.44279e-11 1.53175e-11 -1.96628e-11 2.67737e-11 -3.51059e-11 4.25146e-11 -4.66705e-11 4.55268e-11 -3.77258e-11 2.28631e-11 -1.58779e-12 -2.4449e-11 5.27601e-11 -8.0273e-11 1.03647e-10 -1.19645e-10 1.25536e-10 -1.19494e-10 1.00926e-10 -7.06705e-11 3.10152e-11 1.44918e-11 -6.14114e-11 1.04914e-10 -1.40335e-10 1.6372e-10 -1.72271e-10 1.64677e-10 -1.41273e-10 1.04019e-10 -5.63184e-11 2.66152e-12 5.18413e-11 -1.02007e-10 1.43137e-10 -1.71516e-10 1.84792e-10 -1.82194e-10 1.64561e-10 -1.34187e-10 9.45104e-11 -4.96925e-11 4.13762e-12 3.79854e-11 -7.31675e-11 9.88835e-11 -1.13786e-10 1.17751e-10 -1.11778e-10 9.77664e-11 -7.82017e-11 5.57935e-11 -3.31236e-11 1.23423e-11 5.04563e-12 -1.82858e-11 2.73621e-11 -3.28797e-11 3.58674e-11 -3.75317e-11 3.90041e-11 -4.11171e-11 4.42428e-11 -4.82178e-11 5.23629e-11 -5.55955e-11 5.66176e-11 -5.41496e-11 4.71765e-11 -3.51681e-11 1.82385e-11 2.77909e-12 -2.63596e-11 5.04136e-11 -7.25034e-11 9.01226e-11 -1.01004e-10 1.03419e-10 -9.64258e-11 8.00387e-11 -5.52886e-11 2.41661e-11 1.05512e-11 -4.55703e-11 7.74239e-11 -1.02843e-10 1.1912e-10 -1.24415e-10 1.17974e-10 -1.00235e-10 7.27975e-11 -3.82696e-11 0. 
0.000115423 0.000107839 0.000100287 9.27898e-05 8.53877e-05 7.8093e-05 7.09606e-05 6.39837e-05 5.7241e-05 5.06967e-05 4.44595e-05 3.84712e-05 3.28375e-05 2.75478e-05 2.26019e-05 1.81342e-05 1.40277e-05 1.03995e-05 7.3256e-06 4.70428e-06 2.54785e-06 1.1086e-06 3.7219e-07 9.41575e-08 2.04809e-08 -9.9192e-10 3.3497e-09 -3.51063e-09 1.75515e-09 -1.09008e-09 -1.27581e-09 1.93884e-09 -3.44399e-09 2.73181e-09 -2.46228e-09 3.21923e-10 8.40455e-10 -2.73155e-09 2.849e-09 -2.89867e-09 1.33997e-09 -5.32963e-11 -1.70173e-09 2.38385e-09 -2.51647e-09 1.67612e-09 -4.63918e-10 -7.55979e-10 1.50334e-09 -1.55995e-09 9.76885e-10 -6.36079e-11 -7.58451e-10 1.14013e-09 -9.4807e-10 3.03528e-10 4.90934e-10 -1.09428e-09 1.27248e-09 -9.86327e-10 3.90673e-10 2.47173e-10 -6.69299e-10 7.34673e-10 -4.67241e-10 2.84134e-11 3.68092e-10 -5.5641e-10 4.87452e-10 -2.3788e-10 -3.95579e-11 1.96126e-10 -1.57634e-10 -4.67241e-11 3.07102e-10 -4.92046e-10 5.12656e-10 -3.60864e-10 1.05983e-10 1.44816e-10 -2.99587e-10 3.21459e-10 -2.37705e-10 1.17284e-10 -3.15086e-11 1.90015e-11 -7.15277e-11 1.45087e-10 -1.87689e-10 1.67969e-10 -9.02073e-11 -1.03124e-11 8.71826e-11 -1.06508e-10 6.22017e-11 2.36589e-11 -1.13911e-10 1.74857e-10 -1.9061e-10 1.66858e-10 -1.23709e-10 8.27819e-11 -5.58646e-11 4.07059e-11 -2.50964e-11 -4.00814e-12 5.17833e-11 -1.11847e-10 1.69059e-10 -2.06775e-10 2.14464e-10 -1.9187e-10 1.48078e-10 -9.65556e-11 4.91019e-11 -1.17404e-11 -1.58125e-11 3.75207e-11 -5.71843e-11 7.56337e-11 -9.03192e-11 9.71763e-11 -9.34325e-11 7.96683e-11 -6.00285e-11 4.05691e-11 -2.67027e-11 2.10698e-11 -2.28127e-11 2.84259e-11 -3.35747e-11 3.49003e-11 -3.10008e-11 2.23182e-11 -1.02539e-11 -3.84443e-12 1.92459e-11 -3.57296e-11 5.30107e-11 -7.01479e-11 8.53499e-11 -9.63363e-11 1.01089e-10 -9.86171e-11 8.93801e-11 -7.51742e-11 5.8574e-11 -4.21891e-11 2.8038e-11 -1.72376e-11 1.00262e-11 -5.99499e-12 4.3529e-12 -4.10352e-12 4.11634e-12 -3.16562e-12 3.34725e-14 6.27305e-12 -1.62248e-11 2.94976e-11 -4.4845e-11 6.01945e-11 -7.29669e-11 8.05392e-11 -8.07331e-11 7.22163e-11 -5.47478e-11 2.92497e-11 2.27101e-12 -3.69149e-11 7.11687e-11 -1.01253e-10 1.23522e-10 -1.34903e-10 1.33307e-10 -1.17972e-10 8.96551e-11 -5.06338e-11 4.499e-12 4.42327e-11 -9.06302e-11 1.29909e-10 -1.57967e-10 1.71833e-10 -1.69981e-10 1.52487e-10 -1.21013e-10 7.86243e-11 -2.94493e-11 -2.17685e-11 7.01914e-11 -1.11411e-10 1.41913e-10 -1.59423e-10 1.63097e-10 -1.53533e-10 1.32617e-10 -1.03234e-10 6.88752e-11 -3.32149e-11 -3.10529e-13 2.88612e-11 -5.04562e-11 6.41132e-11 -6.98565e-11 6.85979e-11 -6.19154e-11 5.17636e-11 -4.01601e-11 2.88928e-11 -1.92887e-11 1.20725e-11 -7.33088e-12 4.57921e-12 -2.91654e-12 1.23992e-12 1.51629e-12 -6.15358e-12 1.30291e-11 -2.19501e-11 3.21582e-11 -4.24101e-11 5.11409e-11 -5.66916e-11 5.75669e-11 -5.26872e-11 4.15988e-11 -2.4609e-11 2.82594e-12 2.19081e-11 -4.7185e-11 7.02837e-11 -8.84778e-11 9.93631e-11 -1.01163e-10 9.29775e-11 -7.49343e-11 4.82358e-11 -1.50764e-11 -2.15526e-11 5.81571e-11 -9.10995e-11 1.16985e-10 -1.3303e-10 1.37374e-10 -1.29296e-10 1.09311e-10 -7.91369e-11 4.15278e-11 0. 
0.000115423 0.00010784 0.000100286 9.27911e-05 8.53862e-05 7.80947e-05 7.09589e-05 6.39851e-05 5.724e-05 5.06971e-05 4.44601e-05 3.84694e-05 3.28406e-05 2.75433e-05 2.26077e-05 1.81274e-05 1.4035e-05 1.03922e-05 7.33222e-06 4.69908e-06 2.55102e-06 1.10785e-06 3.7041e-07 9.82047e-08 1.47661e-08 5.47725e-09 -2.77048e-09 1.13067e-09 -4.69876e-10 -1.78273e-09 2.2037e-09 -3.502e-09 2.57117e-09 -2.23933e-09 6.69277e-11 9.75661e-10 -2.81307e-09 2.82904e-09 -2.93339e-09 1.35743e-09 -1.46037e-10 -1.66959e-09 2.33999e-09 -2.65402e-09 1.85714e-09 -7.29283e-10 -5.40893e-10 1.39841e-09 -1.61343e-09 1.16055e-09 -2.9096e-10 -5.98628e-10 1.13139e-09 -1.10698e-09 5.71774e-10 2.20116e-10 -9.28528e-10 1.27336e-09 -1.1435e-09 6.27944e-10 3.71216e-11 -5.77383e-10 7.96494e-10 -6.5003e-10 2.4905e-10 2.03201e-10 -5.08766e-10 5.61091e-10 -3.8219e-10 9.83461e-11 1.29397e-10 -1.84164e-10 4.44992e-11 2.13458e-10 -4.59707e-10 5.75721e-10 -5.08874e-10 2.91281e-10 -1.74254e-11 -2.04944e-10 3.04753e-10 -2.74712e-10 1.65307e-10 -5.24221e-11 -2.7288e-12 -1.88787e-11 9.09494e-11 -1.61692e-10 1.84097e-10 -1.40444e-10 4.94782e-11 4.54893e-11 -9.96799e-11 8.86198e-11 -1.80656e-11 -8.14527e-11 1.71082e-10 -2.21852e-10 2.25652e-10 -1.94701e-10 1.51405e-10 -1.15051e-10 9.24764e-11 -7.68901e-11 5.43478e-11 -1.34923e-11 -4.69672e-11 1.16764e-10 -1.78806e-10 2.1715e-10 -2.23933e-10 2.01968e-10 -1.62245e-10 1.18202e-10 -7.99268e-11 5.10685e-11 -2.94552e-11 1.04176e-11 9.38625e-12 -2.97611e-11 4.73243e-11 -5.7864e-11 5.91422e-11 -5.25251e-11 4.26152e-11 -3.51977e-11 3.46567e-11 -4.21726e-11 5.54839e-11 -7.01443e-11 8.14957e-11 -8.63572e-11 8.37281e-11 -7.44087e-11 5.99873e-11 -4.18702e-11 2.08668e-11 2.56204e-12 -2.76863e-11 5.29938e-11 -7.61529e-11 9.45217e-11 -1.05967e-10 1.09593e-10 -1.06041e-10 9.72433e-11 -8.57757e-11 7.40938e-11 -6.3958e-11 5.62014e-11 -5.08204e-11 4.72377e-11 -4.45646e-11 4.17598e-11 -3.76922e-11 3.11927e-11 -2.11886e-11 6.95101e-12 1.15983e-11 -3.36373e-11 5.73699e-11 -8.01905e-11 9.90675e-11 -1.1105e-10 1.13774e-10 -1.05861e-10 8.71425e-11 -5.87169e-11 2.28482e-11 1.72438e-11 -5.76819e-11 9.43035e-11 -1.2309e-10 1.40625e-10 -1.44534e-10 1.33825e-10 -1.09087e-10 7.24723e-11 -2.74833e-11 -2.14251e-11 6.93564e-11 -1.11525e-10 1.43776e-10 -1.63023e-10 1.67543e-10 -1.57132e-10 1.33088e-10 -9.80346e-11 5.56068e-11 -1.0029e-11 -3.43667e-11 7.3619e-11 -1.04554e-10 1.25087e-10 -1.34376e-10 1.32812e-10 -1.21868e-10 1.03822e-10 -8.14145e-11 5.74753e-11 -3.4577e-11 1.47502e-11 7.05669e-13 -1.12997e-11 1.73098e-11 -1.96391e-11 1.95934e-11 -1.86153e-11 1.80175e-11 -1.8755e-11 2.12695e-11 -2.54272e-11 3.05572e-11 -3.55798e-11 3.92045e-11 -4.01659e-11 3.74615e-11 -3.05549e-11 1.95156e-11 -5.07062e-12 -1.14396e-11 2.82001e-11 -4.31377e-11 5.41888e-11 -5.95822e-11 5.80999e-11 -4.92809e-11 3.35357e-11 -1.21571e-11 -1.27811e-11 3.86273e-11 -6.24347e-11 8.12938e-11 -9.26736e-11 9.4733e-11 -8.65645e-11 6.83388e-11 -4.13325e-11 7.83143e-12 2.90811e-11 -6.58309e-11 9.87211e-11 -1.24322e-10 1.39841e-10 -1.43428e-10 1.3439e-10 -1.13278e-10 8.18505e-11 -4.29052e-11 0. 
0.000115423 0.00010784 0.000100286 9.27912e-05 8.53859e-05 7.80952e-05 7.0958e-05 6.39866e-05 5.72378e-05 5.07e-05 4.44563e-05 3.84741e-05 3.28352e-05 2.75492e-05 2.26015e-05 1.81334e-05 1.40297e-05 1.03963e-05 7.32968e-06 4.69965e-06 2.55254e-06 1.10433e-06 3.7552e-07 9.21614e-08 2.08681e-08 2.88817e-10 5.91481e-10 2.58698e-10 -2.31326e-09 2.43421e-09 -3.47072e-09 2.29271e-09 -1.88947e-09 -2.96961e-10 1.19828e-09 -2.9492e-09 2.8227e-09 -2.92127e-09 1.29118e-09 -1.6328e-10 -1.67237e-09 2.30598e-09 -2.75488e-09 1.95729e-09 -9.40362e-10 -3.70044e-10 1.28597e-09 -1.62769e-09 1.29064e-09 -4.80611e-10 -4.41889e-10 1.09093e-09 -1.2179e-09 8.02939e-10 -4.66445e-11 -7.27572e-10 1.21238e-09 -1.23752e-09 8.26689e-10 -1.72926e-10 -4.51995e-10 8.1316e-10 -8.04205e-10 4.78762e-10 -1.24458e-11 -3.83533e-10 5.5646e-10 -4.72145e-10 2.17123e-10 5.334e-11 -1.93495e-10 1.34049e-10 9.17935e-11 -3.71774e-10 5.7271e-10 -6.03607e-10 4.54043e-10 -1.92091e-10 -7.36186e-11 2.46562e-10 -2.83646e-10 2.07073e-10 -8.44925e-11 -9.48884e-12 2.99096e-11 2.11356e-11 -1.02378e-10 1.59721e-10 -1.56004e-10 8.91401e-11 9.09134e-12 -9.10296e-11 1.17373e-10 -7.52317e-11 -1.80903e-11 1.25856e-10 -2.10368e-10 2.49401e-10 -2.43024e-10 2.08871e-10 -1.69839e-10 1.41392e-10 -1.24911e-10 1.09621e-10 -8.09666e-11 3.02703e-11 3.95564e-11 -1.14847e-10 1.77552e-10 -2.13438e-10 2.17887e-10 -1.96744e-10 1.62402e-10 -1.27607e-10 1.00256e-10 -8.14871e-11 6.74072e-11 -5.29155e-11 3.5292e-11 -1.56852e-11 -1.97897e-12 1.37121e-11 -1.80994e-11 1.73887e-11 -1.65385e-11 2.08485e-11 -3.34678e-11 5.40104e-11 -7.88313e-11 1.02647e-10 -1.2059e-10 1.29711e-10 -1.29384e-10 1.20681e-10 -1.0528e-10 8.45804e-11 -5.94567e-11 3.06309e-11 6.98864e-13 -3.24598e-11 6.18383e-11 -8.59296e-11 1.02598e-10 -1.11136e-10 1.12429e-10 -1.08571e-10 1.02134e-10 -9.54072e-11 8.98796e-11 -8.6088e-11 8.37681e-11 -8.21394e-11 8.01574e-11 -7.66564e-11 7.04113e-11 -6.02146e-11 4.50512e-11 -2.4382e-11 -1.53885e-12 3.14398e-11 -6.30125e-11 9.31441e-11 -1.1836e-10 1.35369e-10 -1.41584e-10 1.35516e-10 -1.16983e-10 8.71552e-11 -4.84416e-11 4.27097e-12 4.12198e-11 -8.35744e-11 1.18468e-10 -1.42187e-10 1.52078e-10 -1.46901e-10 1.27014e-10 -9.43575e-11 5.22276e-11 -4.8836e-12 -4.29518e-11 8.66252e-11 -1.22049e-10 1.46109e-10 -1.56947e-10 1.54097e-10 -1.38472e-10 1.12199e-10 -7.83276e-11 4.04452e-11 -2.24321e-12 -3.29058e-11 6.23054e-11 -8.41822e-11 9.77941e-11 -1.03396e-10 1.02079e-10 -9.5519e-11 8.56707e-11 -7.44611e-11 6.35171e-11 -5.39631e-11 4.6312e-11 -4.04588e-11 3.57736e-11 -3.12762e-11 2.58642e-11 -1.85573e-11 8.71883e-12 3.7815e-12 -1.84889e-11 3.43828e-11 -4.99911e-11 6.35837e-11 -7.34167e-11 7.79933e-11 -7.63029e-11 6.80056e-11 -5.3534e-11 3.40952e-11 -1.15706e-11 -1.16789e-11 3.30793e-11 -5.01493e-11 6.08087e-11 -6.36483e-11 5.81294e-11 -4.46826e-11 2.46938e-11 -3.7602e-13 -2.54612e-11 4.97178e-11 -6.93519e-11 8.17303e-11 -8.49406e-11 7.803e-11 -6.11408e-11 3.55269e-11 -3.44727e-12 -3.20528e-11 6.7451e-11 -9.91137e-11 1.23679e-10 -1.38419e-10 1.41531e-10 -1.32344e-10 1.11405e-10 -8.04281e-11 4.21393e-11 0. 
0.000115423 0.00010784 0.000100287 9.279e-05 8.53875e-05 7.80932e-05 7.09605e-05 6.39835e-05 5.72414e-05 5.06959e-05 4.44608e-05 3.84694e-05 3.28399e-05 2.75449e-05 2.26052e-05 1.81307e-05 1.40311e-05 1.03965e-05 7.32787e-06 4.70307e-06 2.54778e-06 1.10995e-06 3.69709e-07 9.73796e-08 1.70363e-08 2.0732e-09 1.22973e-09 -2.75874e-09 2.55384e-09 -3.30652e-09 1.88743e-09 -1.4217e-09 -7.60806e-10 1.50084e-09 -3.1207e-09 2.79833e-09 -2.84266e-09 1.14973e-09 -1.14832e-10 -1.72385e-09 2.29079e-09 -2.80945e-09 1.98221e-09 -1.08819e-09 -2.67147e-10 1.18618e-09 -1.62616e-09 1.37783e-09 -6.30948e-10 -3.0027e-10 1.03259e-09 -1.2874e-09 9.9075e-10 -2.90905e-10 -5.1561e-10 1.11048e-09 -1.27884e-09 9.84986e-10 -3.73095e-10 -3.02331e-10 7.8463e-10 -9.16333e-10 6.93189e-10 -2.51553e-10 -2.01318e-10 4.80962e-10 -5.01639e-10 3.02977e-10 -1.9307e-11 -1.90221e-10 2.16608e-10 -4.70319e-11 -2.36529e-10 5.01778e-10 -6.30106e-10 5.69326e-10 -3.51843e-10 7.28462e-11 1.57856e-10 -2.6563e-10 2.39271e-10 -1.26944e-10 5.32137e-12 6.04889e-11 -4.62289e-11 -2.56905e-11 1.03874e-10 -1.37873e-10 1.04427e-10 -1.75685e-11 -8.0693e-11 1.42637e-10 -1.37974e-10 6.66203e-11 4.39002e-11 -1.53522e-10 2.28559e-10 -2.55063e-10 2.4101e-10 -2.07853e-10 1.77068e-10 -1.59073e-10 1.49736e-10 -1.35226e-10 1.01635e-10 -4.38182e-11 -3.10904e-11 1.06797e-10 -1.65443e-10 1.95472e-10 -1.95921e-10 1.75453e-10 -1.47248e-10 1.22728e-10 -1.07243e-10 9.94452e-11 -9.4005e-11 8.57056e-11 -7.25768e-11 5.6576e-11 -4.18238e-11 3.16965e-11 -2.65237e-11 2.31241e-11 -1.63137e-11 1.48236e-12 2.31308e-11 -5.55482e-11 9.0844e-11 -1.23065e-10 1.47278e-10 -1.60831e-10 1.63445e-10 -1.56379e-10 1.41308e-10 -1.19571e-10 9.20968e-11 -5.98836e-11 2.45953e-11 1.11828e-11 -4.42576e-11 7.1601e-11 -9.12192e-11 1.02714e-10 -1.07292e-10 1.07248e-10 -1.05165e-10 1.03167e-10 -1.02476e-10 1.03332e-10 -1.05198e-10 1.07055e-10 -1.0764e-10 1.05574e-10 -9.94344e-11 8.78666e-11 -6.98112e-11 4.48268e-11 -1.34168e-11 -2.27724e-11 6.09877e-11 -9.76651e-11 1.28926e-10 -1.51152e-10 1.61519e-10 -1.58375e-10 1.4145e-10 -1.11883e-10 7.21111e-11 -2.56463e-11 -2.32398e-11 6.99155e-11 -1.09853e-10 1.39122e-10 -1.54843e-10 1.55543e-10 -1.41329e-10 1.13867e-10 -7.6155e-11 3.2136e-11 1.37774e-11 -5.72056e-11 9.42627e-11 -1.21928e-10 1.38303e-10 -1.42723e-10 1.35748e-10 -1.18998e-10 9.48936e-11 -6.63098e-11 3.6196e-11 -7.21781e-12 -1.85319e-11 3.97157e-11 -5.58066e-11 6.70198e-11 -7.41425e-11 7.82963e-11 -8.06756e-11 8.23019e-11 -8.38297e-11 8.54297e-11 -8.67644e-11 8.70568e-11 -8.5242e-11 8.01777e-11 -7.08817e-11 5.67594e-11 -3.77823e-11 1.45898e-11 1.15077e-11 -3.86271e-11 6.45025e-11 -8.67428e-11 1.03123e-10 -1.11871e-10 1.1191e-10 -1.0303e-10 8.59528e-11 -6.22918e-11 3.44005e-11 -5.12705e-12 -2.24957e-11 4.55908e-11 -6.1767e-11 6.93982e-11 -6.78179e-11 5.74062e-11 -3.95571e-11 1.65293e-11 8.80234e-12 -3.32679e-11 5.37581e-11 -6.75764e-11 7.27474e-11 -6.82467e-11 5.41278e-11 -3.15311e-11 2.57362e-12 2.98677e-11 -6.24569e-11 9.17504e-11 -1.14563e-10 1.28307e-10 -1.31273e-10 1.22811e-10 -1.03416e-10 7.46778e-11 -3.91317e-11 0. 
0.000115423 0.00010784 0.000100286 9.27914e-05 8.53857e-05 7.80954e-05 7.0958e-05 6.39864e-05 5.72384e-05 5.0699e-05 4.44579e-05 3.84719e-05 3.28379e-05 2.7546e-05 2.26052e-05 1.81296e-05 1.40335e-05 1.03929e-05 7.33247e-06 4.69782e-06 2.55316e-06 1.10504e-06 3.73501e-07 9.52788e-08 1.70552e-08 4.23158e-09 -2.82656e-09 2.52597e-09 -2.97409e-09 1.33324e-09 -8.28486e-10 -1.30796e-09 1.83947e-09 -3.27375e-09 2.72204e-09 -2.69425e-09 9.36887e-10 1.05781e-11 -1.83277e-09 2.2826e-09 -2.81415e-09 1.94458e-09 -1.15991e-09 -2.45837e-10 1.11208e-09 -1.63094e-09 1.43266e-09 -7.45117e-10 -1.81434e-10 9.68211e-10 -1.32406e-09 1.13419e-09 -5.00231e-10 -3.12983e-10 9.88757e-10 -1.28194e-09 1.10667e-09 -5.57965e-10 -1.36805e-10 7.14138e-10 -9.7838e-10 8.72106e-10 -4.86529e-10 1.12343e-11 3.52537e-10 -4.76443e-10 3.51861e-10 -8.14066e-11 -1.77103e-10 2.86299e-10 -1.89688e-10 -6.87222e-11 3.71351e-10 -5.85043e-10 6.21729e-10 -4.7416e-10 2.12483e-10 5.34858e-11 -2.26043e-10 2.60492e-10 -1.7754e-10 4.45862e-11 6.19905e-11 -9.37929e-11 4.93644e-11 3.17531e-11 -9.41876e-11 9.69003e-11 -3.3225e-11 -6.7892e-11 1.58194e-10 -1.94401e-10 1.58061e-10 -6.19794e-11 -5.84151e-11 1.63007e-10 -2.24724e-10 2.38744e-10 -2.19994e-10 1.9177e-10 -1.72296e-10 1.66127e-10 -1.64057e-10 1.50452e-10 -1.13339e-10 5.17333e-11 2.33183e-11 -9.39275e-11 1.43639e-10 -1.64431e-10 1.59187e-10 -1.38979e-10 1.17097e-10 -1.03071e-10 9.95069e-11 -1.02763e-10 1.06466e-10 -1.05616e-10 9.90697e-11 -8.93813e-11 8.04778e-11 -7.47475e-11 7.12264e-11 -6.58081e-11 5.32458e-11 -2.98073e-11 -4.78779e-12 4.7028e-11 -9.08867e-11 1.29961e-10 -1.59424e-10 1.76991e-10 -1.82701e-10 1.7792e-10 -1.64244e-10 1.42917e-10 -1.14926e-10 8.1554e-11 -4.49092e-11 8.00812e-12 2.57152e-11 -5.32797e-11 7.30004e-11 -8.49213e-11 9.06592e-11 -9.27565e-11 9.38337e-11 -9.58726e-11 9.98444e-11 -1.05709e-10 1.12653e-10 -1.19391e-10 1.24377e-10 -1.25932e-10 1.2233e-10 -1.11962e-10 9.36168e-11 -6.68489e-11 3.23143e-11 8.06175e-12 -5.11739e-11 9.30912e-11 -1.29598e-10 1.56794e-10 -1.7162e-10 1.72241e-10 -1.58232e-10 1.30612e-10 -9.17314e-11 4.50566e-11 5.14542e-12 -5.42075e-11 9.75323e-11 -1.31087e-10 1.5186e-10 -1.58197e-10 1.49972e-10 -1.28553e-10 9.65722e-11 -5.75592e-11 1.54917e-11 2.56657e-11 -6.23749e-11 9.18516e-11 -1.12281e-10 1.22911e-10 -1.24019e-10 1.16763e-10 -1.02941e-10 8.46845e-11 -6.41412e-11 4.31821e-11 -2.3189e-11 4.94452e-12 1.13628e-11 -2.60289e-11 3.9647e-11 -5.28813e-11 6.6242e-11 -7.98995e-11 9.35659e-11 -1.06464e-10 1.17387e-10 -1.24845e-10 1.27277e-10 -1.23301e-10 1.11964e-10 -9.29594e-11 6.67671e-11 -3.46976e-11 -1.17285e-12 3.81751e-11 -7.33079e-11 1.03555e-10 -1.26222e-10 1.39247e-10 -1.41449e-10 1.32685e-10 -1.13889e-10 8.69907e-11 -5.47218e-11 2.03295e-11 1.27714e-11 -4.13658e-11 6.27841e-11 -7.51869e-11 7.77553e-11 -7.07671e-11 5.55502e-11 -3.43199e-11 9.92088e-12 1.44981e-11 -3.58378e-11 5.13933e-11 -5.91505e-11 5.80045e-11 -4.78756e-11 2.97136e-11 -5.38996e-12 -2.25087e-11 5.09616e-11 -7.684e-11 9.72425e-11 -1.09805e-10 1.12949e-10 -1.06057e-10 8.95292e-11 -6.47542e-11 3.39624e-11 0. 
0.000115423 0.00010784 0.000100287 9.27905e-05 8.53868e-05 7.80941e-05 7.09593e-05 6.39851e-05 5.72395e-05 5.06982e-05 4.44581e-05 3.84723e-05 3.28367e-05 2.75481e-05 2.26022e-05 1.81334e-05 1.4029e-05 1.03977e-05 7.32766e-06 4.70215e-06 2.5498e-06 1.10697e-06 3.73337e-07 9.3548e-08 2.05336e-08 -5.37649e-10 2.49222e-09 -2.41176e-09 6.24585e-10 -1.44635e-10 -1.87622e-09 2.15147e-09 -3.3676e-09 2.57501e-09 -2.46018e-09 6.31569e-10 2.21303e-10 -1.98245e-09 2.2669e-09 -2.77948e-09 1.84937e-09 -1.14102e-09 -3.04307e-10 1.07254e-09 -1.65907e-09 1.46152e-09 -8.2873e-10 -9.05704e-11 9.07279e-10 -1.33723e-09 1.23612e-09 -6.67913e-10 -1.3481e-10 8.65684e-10 -1.26205e-09 1.19869e-09 -7.25276e-10 3.69237e-11 6.07848e-10 -9.88243e-10 1.00176e-09 -6.93721e-10 2.26675e-10 1.9487e-10 -4.11116e-10 3.68554e-10 -1.32107e-10 -1.54e-10 3.3645e-10 -3.21506e-10 1.12459e-10 1.98411e-10 -4.76604e-10 6.07545e-10 -5.4537e-10 3.27598e-10 -5.17824e-11 -1.7218e-10 2.70454e-10 -2.32476e-10 1.06814e-10 2.9085e-11 -1.0848e-10 1.04901e-10 -3.90337e-11 -3.7764e-11 7.29241e-11 -3.96676e-11 -5.11564e-11 1.58576e-10 -2.32905e-10 2.39531e-10 -1.73612e-10 5.96719e-11 6.20845e-11 -1.54876e-10 2.00308e-10 -2.02736e-10 1.82431e-10 -1.6236e-10 1.55916e-10 -1.61504e-10 1.65774e-10 -1.52783e-10 1.13695e-10 -5.20044e-11 -1.79807e-11 7.80038e-11 -1.14208e-10 1.22757e-10 -1.10323e-10 8.98071e-11 -7.38946e-11 6.9772e-11 -7.72883e-11 9.08612e-11 -1.03551e-10 1.10894e-10 -1.1259e-10 1.11516e-10 -1.11005e-10 1.12124e-10 -1.12487e-10 1.07145e-10 -9.09828e-11 6.13127e-11 -1.93632e-11 -2.99581e-11 7.97717e-11 -1.23485e-10 1.5656e-10 -1.77147e-10 1.85576e-10 -1.83252e-10 1.71643e-10 -1.51887e-10 1.25048e-10 -9.27059e-11 5.7374e-11 -2.23951e-11 -8.71985e-12 3.32249e-11 -4.99186e-11 5.94213e-11 -6.3847e-11 6.60377e-11 -6.86861e-11 7.3664e-11 -8.17287e-11 9.25874e-11 -1.05163e-10 1.17878e-10 -1.28858e-10 1.3604e-10 -1.37305e-10 1.30686e-10 -1.14723e-10 8.88697e-11 -5.38305e-11 1.17024e-11 3.41679e-11 -7.95903e-11 1.20106e-10 -1.51599e-10 1.70815e-10 -1.75728e-10 1.65726e-10 -1.41632e-10 1.05611e-10 -6.09564e-11 1.17899e-11 3.73384e-11 -8.19153e-11 1.17952e-10 -1.42423e-10 1.53591e-10 -1.51151e-10 1.36182e-10 -1.1092e-10 7.84093e-11 -4.20875e-11 5.37339e-12 2.86905e-11 -5.77103e-11 8.01088e-11 -9.51808e-11 1.03041e-10 -1.04474e-10 1.0071e-10 -9.31558e-11 8.31391e-11 -7.16851e-11 5.93839e-11 -4.63582e-11 3.23355e-11 -1.68063e-11 -7.65463e-13 2.07195e-11 -4.30045e-11 6.70457e-11 -9.16973e-11 1.15291e-10 -1.3578e-10 1.50957e-10 -1.58731e-10 1.57417e-10 -1.46003e-10 1.24359e-10 -9.33459e-11 5.48134e-11 -1.14706e-11 -3.33507e-11 7.60195e-11 -1.12976e-10 1.41107e-10 -1.58078e-10 1.62586e-10 -1.54506e-10 1.34904e-10 -1.05927e-10 7.05718e-11 -3.2369e-11 -4.99285e-12 3.80514e-11 -6.39252e-11 8.05975e-11 -8.70997e-11 8.35775e-11 -7.12338e-11 5.21602e-11 -2.90775e-11 5.01745e-12 1.70189e-11 -3.43875e-11 4.50791e-11 -4.79187e-11 4.26702e-11 -3.00359e-11 1.15564e-11 1.05775e-11 -3.37765e-11 5.53418e-11 -7.27578e-11 8.39613e-11 -8.75572e-11 8.29609e-11 -7.04551e-11 5.11547e-11 -2.68875e-11 0. 
0.000115423 0.00010784 0.000100287 9.27906e-05 8.53868e-05 7.80941e-05 7.09596e-05 6.39845e-05 5.72405e-05 5.06967e-05 4.44601e-05 3.84697e-05 3.28399e-05 2.75444e-05 2.26062e-05 1.81292e-05 1.4033e-05 1.03942e-05 7.33025e-06 4.70079e-06 2.54969e-06 1.10866e-06 3.70148e-07 9.79041e-08 1.55655e-08 4.30852e-09 -1.42233e-09 -1.70121e-10 5.66844e-10 -2.4086e-09 2.39195e-09 -3.3617e-09 2.31441e-09 -2.1049e-09 2.25844e-10 4.95794e-10 -2.15104e-09 2.24551e-09 -2.71148e-09 1.68539e-09 -1.0294e-09 -4.28005e-10 1.07672e-09 -1.71679e-09 1.46521e-09 -8.87946e-10 -3.27919e-11 8.56929e-10 -1.33618e-09 1.30182e-09 -7.92029e-10 9.27332e-12 7.55486e-10 -1.23263e-09 1.26864e-09 -8.74337e-10 2.11506e-10 4.7458e-10 -9.49729e-10 1.07616e-09 -8.56528e-10 4.214e-10 3.22363e-11 -3.24588e-10 3.63822e-10 -1.75635e-10 -1.18186e-10 3.60129e-10 -4.28059e-10 2.86078e-10 5.45344e-12 -3.22313e-10 5.34424e-10 -5.624e-10 4.07957e-10 -1.46673e-10 -1.10747e-10 2.68892e-10 -2.86282e-10 1.86094e-10 -3.70125e-11 -8.39581e-11 1.27826e-10 -9.24753e-11 1.72606e-11 4.15206e-11 -4.06925e-11 -2.89879e-11 1.40249e-10 -2.44446e-10 2.95614e-10 -2.71283e-10 1.80648e-10 -5.75923e-11 -5.65894e-11 1.31591e-10 -1.58979e-10 1.5148e-10 -1.3258e-10 1.22746e-10 -1.29408e-10 1.45123e-10 -1.53776e-10 1.40718e-10 -1.01246e-10 4.32798e-11 1.65772e-11 -6.10384e-11 7.99129e-11 -7.3933e-11 5.32309e-11 -3.18013e-11 2.1041e-11 -2.54923e-11 4.24274e-11 -6.4822e-11 8.56886e-11 -1.01384e-10 1.12391e-10 -1.21588e-10 1.31328e-10 -1.41105e-10 1.47079e-10 -1.4362e-10 1.25972e-10 -9.26278e-11 4.62884e-11 6.95185e-12 -5.96604e-11 1.05335e-10 -1.39908e-10 1.62023e-10 -1.72276e-10 1.72058e-10 -1.62688e-10 1.4522e-10 -1.20834e-10 9.14216e-11 -5.98526e-11 2.96732e-11 -4.29607e-12 -1.39593e-11 2.4542e-11 -2.87694e-11 2.93275e-11 -2.94037e-11 3.18001e-11 -3.83206e-11 4.95566e-11 -6.50051e-11 8.3346e-11 -1.02708e-10 1.20844e-10 -1.35255e-10 1.43351e-10 -1.42737e-10 1.31623e-10 -1.09274e-10 7.63513e-11 -3.50126e-11 -1.12746e-11 5.81845e-11 -1.01129e-10 1.35869e-10 -1.59018e-10 1.68388e-10 -1.63165e-10 1.43935e-10 -1.12595e-10 7.21588e-11 -2.64674e-11 -2.02003e-11 6.35786e-11 -9.98843e-11 1.26232e-10 -1.40921e-10 1.43557e-10 -1.34976e-10 1.17026e-10 -9.22229e-11 6.33865e-11 -3.32775e-11 4.30439e-12 2.16853e-11 -4.35151e-11 6.0689e-11 -7.33086e-11 8.19112e-11 -8.72562e-11 9.00933e-11 -9.09543e-11 9.00071e-11 -8.70011e-11 8.13165e-11 -7.21082e-11 5.85182e-11 -3.99172e-11 1.61311e-11 1.23854e-11 -4.44607e-11 7.82217e-11 -1.11215e-10 1.40623e-10 -1.63561e-10 1.77402e-10 -1.80115e-10 1.70548e-10 -1.48632e-10 1.15471e-10 -7.32931e-11 2.52751e-11 2.47499e-11 -7.26676e-11 1.14496e-10 -1.4679e-10 1.6699e-10 -1.73678e-10 1.6671e-10 -1.47209e-10 1.17435e-10 -8.0525e-11 4.01563e-11 -1.57269e-13 -3.58837e-11 6.49704e-11 -8.49751e-11 9.48102e-11 -9.4483e-11 8.50314e-11 -6.83548e-11 4.69622e-11 -2.36705e-11 1.28723e-12 1.76877e-11 -3.13106e-11 3.83695e-11 -3.84721e-11 3.20416e-11 -2.02267e-11 4.73914e-12 1.23602e-11 -2.89016e-11 4.28477e-11 -5.25102e-11 5.67228e-11 -5.49523e-11 4.73422e-11 -3.46837e-11 1.83208e-11 0. 
0.000115423 0.00010784 0.000100286 9.27912e-05 8.53859e-05 7.80952e-05 7.09582e-05 6.39863e-05 5.72383e-05 5.06993e-05 4.44573e-05 3.84728e-05 3.28367e-05 2.75475e-05 2.26034e-05 1.81315e-05 1.40315e-05 1.03947e-05 7.33094e-06 4.69884e-06 2.55282e-06 1.1046e-06 3.74722e-07 9.33862e-08 1.93792e-08 1.83119e-09 -7.78008e-10 1.26067e-09 -2.83644e-09 2.4878e-09 -3.18925e-09 1.89973e-09 -1.62635e-09 -2.55506e-10 8.11638e-10 -2.33328e-09 2.21419e-09 -2.59224e-09 1.4436e-09 -8.43292e-10 -6.04252e-10 1.13168e-09 -1.79395e-09 1.44203e-09 -9.26874e-10 -1.50369e-11 8.21666e-10 -1.32987e-09 1.33756e-09 -8.74167e-10 1.1451e-10 6.67644e-10 -1.20399e-09 1.32301e-09 -1.00466e-09 3.79455e-10 3.25409e-10 -8.71966e-10 1.09723e-09 -9.67057e-10 5.78991e-10 -1.14985e-10 -2.35541e-10 3.50641e-10 -2.18799e-10 -6.58314e-11 3.51406e-10 -4.97078e-10 4.32466e-10 -1.83325e-10 -1.45328e-10 4.18863e-10 -5.32118e-10 4.51874e-10 -2.25433e-10 -4.59779e-11 2.54618e-10 -3.31955e-10 2.72713e-10 -1.28718e-10 -2.1668e-11 1.12255e-10 -1.1749e-10 5.88036e-11 1.17379e-11 -4.05017e-11 -7.74661e-13 1.02611e-10 -2.24415e-10 3.15253e-10 -3.37783e-10 2.83934e-10 -1.75912e-10 5.35736e-11 4.45604e-11 -9.72083e-11 1.06225e-10 -9.1074e-11 7.60033e-11 -7.70422e-11 9.51126e-11 -1.17837e-10 1.28052e-10 -1.13971e-10 7.56845e-11 -2.5087e-11 -2.01496e-11 4.50495e-11 -4.39283e-11 2.21439e-11 7.30853e-12 -3.01719e-11 3.69497e-11 -2.58579e-11 1.83211e-12 2.72674e-11 -5.49282e-11 7.85381e-11 -9.9224e-11 1.19519e-10 -1.40457e-10 1.59806e-10 -1.7236e-10 1.72053e-10 -1.5473e-10 1.20171e-10 -7.24452e-11 1.85675e-11 3.38081e-11 -7.85507e-11 1.12224e-10 -1.34008e-10 1.44735e-10 -1.45757e-10 1.38254e-10 -1.23247e-10 1.02094e-10 -7.70162e-11 5.11848e-11 -2.82199e-11 1.12603e-11 -2.02173e-12 2.61006e-13 -3.87005e-12 9.53962e-12 -1.37062e-11 1.3426e-11 -6.91741e-12 -6.30031e-12 2.55664e-11 -4.93528e-11 7.55017e-11 -1.01382e-10 1.24022e-10 -1.40325e-10 1.4742e-10 -1.43145e-10 1.26518e-10 -9.80754e-11 5.99372e-11 -1.55707e-11 -3.06925e-11 7.4264e-11 -1.10893e-10 1.37148e-10 -1.50735e-10 1.5066e-10 -1.37259e-10 1.12112e-10 -7.7871e-11 3.79792e-11 3.69818e-12 -4.33053e-11 7.74351e-11 -1.03504e-10 1.19998e-10 -1.26546e-10 1.23828e-10 -1.13335e-10 9.70548e-11 -7.71419e-11 5.5614e-11 -3.41274e-11 1.38382e-11 4.64097e-12 -2.11941e-11 3.60777e-11 -4.97377e-11 6.25967e-11 -7.48483e-11 8.62976e-11 -9.62827e-11 1.037e-10 -1.07133e-10 1.05074e-10 -9.61928e-11 7.96143e-11 -5.51603e-11 2.35097e-11 1.37479e-11 -5.4178e-11 9.4685e-11 -1.31796e-10 1.62017e-10 -1.82218e-10 1.89999e-10 -1.84005e-10 1.64119e-10 -1.31542e-10 8.87105e-11 -3.90841e-11 -1.31916e-11 6.36957e-11 -1.08177e-10 1.42975e-10 -1.65384e-10 1.73896e-10 -1.68328e-10 1.49798e-10 -1.20574e-10 8.38008e-11 -4.31537e-11 2.44824e-12 3.47448e-11 -6.54376e-11 8.74844e-11 -9.97349e-11 1.02076e-10 -9.53593e-11 8.12388e-11 -6.19321e-11 3.99465e-11 -1.77959e-11 -2.25749e-12 1.84137e-11 -2.94779e-11 3.4927e-11 -3.49009e-11 3.01238e-11 -2.17719e-11 1.13055e-11 -2.85426e-13 -9.80608e-12 1.77218e-11 -2.25704e-11 2.38923e-11 -2.16862e-11 1.63873e-11 -8.80069e-12 0. 
0.000115423 0.00010784 0.000100287 9.27904e-05 8.5387e-05 7.80939e-05 7.09597e-05 6.39845e-05 5.72402e-05 5.06973e-05 4.44592e-05 3.8471e-05 3.28382e-05 2.75465e-05 2.26037e-05 1.8132e-05 1.40301e-05 1.03971e-05 7.32777e-06 4.70265e-06 2.5487e-06 1.10861e-06 3.71327e-07 9.56656e-08 1.86339e-08 7.94623e-10 2.03913e-09 -3.04173e-09 2.36878e-09 -2.82088e-09 1.33754e-09 -1.04624e-09 -7.95033e-10 1.15622e-09 -2.50669e-09 2.13931e-09 -2.40254e-09 1.13715e-09 -6.0296e-10 -8.31024e-10 1.2287e-09 -1.8671e-09 1.39282e-09 -9.42913e-10 -4.56313e-11 8.02923e-10 -1.32704e-09 1.34895e-09 -9.18072e-10 1.79841e-10 6.07272e-10 -1.1828e-09 1.36623e-09 -1.11514e-09 5.32978e-10 1.72999e-10 -7.6823e-10 1.07385e-09 -1.02622e-09 6.91824e-10 -2.3334e-10 -1.58614e-10 3.40507e-10 -2.68064e-10 5.94915e-12 3.06986e-10 -5.20427e-10 5.36149e-10 -3.4599e-10 3.00106e-11 2.82204e-10 -4.68646e-10 4.6519e-10 -2.88125e-10 2.11283e-11 2.25179e-10 -3.61508e-10 3.54431e-10 -2.33382e-10 6.96901e-11 6.0289e-11 -1.09902e-10 7.94132e-11 -9.73019e-12 -4.20733e-11 3.23552e-11 4.85757e-11 -1.73693e-10 2.93908e-10 -3.6181e-10 3.52722e-10 -2.73682e-10 1.57445e-10 -4.57684e-11 -2.92242e-11 5.69218e-11 -4.87488e-11 2.8584e-11 -1.89088e-11 2.98362e-11 -5.59227e-11 8.13237e-11 -8.97282e-11 7.35711e-11 -3.79793e-11 -2.02879e-12 2.91093e-11 -3.18209e-11 9.50779e-12 2.81448e-11 -6.61103e-11 9.07414e-11 -9.49213e-11 7.95351e-11 -5.11914e-11 1.79194e-11 1.47197e-11 -4.52574e-11 7.5249e-11 -1.0653e-10 1.38555e-10 -1.67339e-10 1.86519e-10 -1.89907e-10 1.74204e-10 -1.40535e-10 9.41814e-11 -4.27651e-11 -6.17638e-12 4.71426e-11 -7.74576e-11 9.68544e-11 -1.06377e-10 1.07329e-10 -1.00795e-10 8.78491e-11 -7.01035e-11 5.01285e-11 -3.13396e-11 1.73013e-11 -1.07166e-11 1.2548e-11 -2.16527e-11 3.50783e-11 -4.88747e-11 5.90946e-11 -6.26323e-11 5.76866e-11 -4.38305e-11 2.18247e-11 6.63915e-12 -3.91423e-11 7.26777e-11 -1.03804e-10 1.28916e-10 -1.44671e-10 1.48525e-10 -1.39226e-10 1.17137e-10 -8.42568e-11 4.39441e-11 -4.07459e-13 -4.18967e-11 7.88328e-11 -1.07031e-10 1.24177e-10 -1.29152e-10 1.22062e-10 -1.04162e-10 7.76891e-11 -4.56042e-11 1.12373e-11 2.21135e-11 -5.15808e-11 7.50511e-11 -9.13528e-11 1.00279e-10 -1.02456e-10 9.90911e-11 -9.16764e-11 8.16899e-11 -7.03564e-11 5.84914e-11 -4.64376e-11 3.4096e-11 -2.10367e-11 6.67496e-12 9.51345e-12 -2.77709e-11 4.78683e-11 -6.89868e-11 8.97011e-11 -1.08079e-10 1.21893e-10 -1.28908e-10 1.27219e-10 -1.1557e-10 9.36109e-11 -6.20597e-11 2.27312e-11 2.15672e-11 -6.72694e-11 1.1039e-10 -1.46932e-10 1.73319e-10 -1.86795e-10 1.85754e-10 -1.69942e-10 1.40519e-10 -9.99608e-11 5.18155e-11 -3.41346e-13 -4.99286e-11 9.46466e-11 -1.30082e-10 1.53474e-10 -1.63279e-10 1.59271e-10 -1.42512e-10 1.15179e-10 -8.02978e-11 4.13874e-11 -2.08831e-12 -3.42042e-11 6.4652e-11 -8.72047e-11 1.00728e-10 -1.05027e-10 1.00767e-10 -8.93191e-11 7.25411e-11 -5.25419e-11 3.1442e-11 -1.11649e-11 -6.72405e-12 2.11206e-11 -3.14214e-11 3.75061e-11 -3.96712e-11 3.85311e-11 -3.49006e-11 2.96754e-11 -2.3723e-11 1.77948e-11 -1.24626e-11 8.08498e-12 -4.79881e-12 2.53555e-12 -1.05609e-12 0. 
0.000115423 0.00010784 0.000100287 9.27909e-05 8.53864e-05 7.80945e-05 7.0959e-05 6.39852e-05 5.72397e-05 5.06976e-05 4.44592e-05 3.84707e-05 3.2839e-05 2.75451e-05 2.26057e-05 1.81294e-05 1.40332e-05 1.03936e-05 7.33132e-06 4.69933e-06 2.5514e-06 1.10688e-06 3.71764e-07 9.67216e-08 1.60624e-08 4.68666e-09 -2.7511e-09 2.03109e-09 -2.2581e-09 6.38763e-10 -3.81311e-10 -1.36218e-09 1.48091e-09 -2.61908e-09 1.99244e-09 -2.14699e-09 7.80545e-10 -3.11412e-10 -1.09908e-09 1.33616e-09 -1.91508e-09 1.31961e-09 -9.22344e-10 -1.29725e-10 7.99739e-10 -1.33618e-09 1.33918e-09 -9.28573e-10 2.06392e-10 5.76011e-10 -1.17241e-09 1.4005e-09 -1.20382e-09 6.64207e-10 3.06035e-11 -6.54257e-10 1.02e-09 -1.04239e-09 7.60895e-10 -3.17494e-10 -1.02119e-10 3.40716e-10 -3.27071e-10 9.71954e-11 2.27679e-10 -4.95699e-10 5.88193e-10 -4.66317e-10 1.82528e-10 1.46073e-10 -3.89442e-10 4.58607e-10 -3.39292e-10 9.23034e-11 1.77312e-10 -3.67023e-10 4.18299e-10 -3.35499e-10 1.7605e-10 -1.89114e-11 -7.27341e-11 7.74976e-11 -2.00637e-11 -4.60117e-11 6.70726e-11 -1.54685e-11 -9.87172e-11 2.3441e-10 -3.40043e-10 3.77237e-10 -3.36614e-10 2.39318e-10 -1.2498e-10 3.29438e-11 1.40206e-11 -1.64853e-11 -6.28661e-12 2.87756e-11 -3.25948e-11 1.43738e-11 1.49353e-11 -3.7918e-11 4.10086e-11 -2.18589e-11 -9.61603e-12 3.64691e-11 -4.31334e-11 2.26889e-11 2.03576e-11 -7.26446e-11 1.18124e-10 -1.44596e-10 1.47626e-10 -1.30472e-10 1.00755e-10 -6.60038e-11 3.04455e-11 5.58898e-12 -4.38e-11 8.49961e-11 -1.26897e-10 1.63878e-10 -1.8874e-10 1.95549e-10 -1.82101e-10 1.50878e-10 -1.08162e-10 6.18503e-11 -1.90388e-11 -1.56175e-11 4.0285e-11 -5.52408e-11 6.17109e-11 -6.09645e-11 5.40696e-11 -4.22566e-11 2.74801e-11 -1.26807e-11 1.45604e-12 2.8062e-12 2.02377e-12 -1.60456e-11 3.71617e-11 -6.15709e-11 8.47065e-11 -1.0226e-10 1.10961e-10 -1.08958e-10 9.58255e-11 -7.23681e-11 4.03902e-11 -2.53136e-12 -3.78604e-11 7.69116e-11 -1.10555e-10 1.35023e-10 -1.47432e-10 1.46279e-10 -1.31738e-10 1.05634e-10 -7.11255e-11 3.21822e-11 7.001e-12 -4.2535e-11 7.12358e-11 -9.08742e-11 1.00296e-10 -9.94372e-11 8.92546e-11 -7.15642e-11 4.87923e-11 -2.3646e-11 -1.25598e-12 2.37318e-11 -4.22956e-11 5.6276e-11 -6.57762e-11 7.14943e-11 -7.44552e-11 7.57173e-11 -7.61119e-11 7.60602e-11 -7.54863e-11 7.38326e-11 -7.01678e-11 6.33706e-11 -5.23658e-11 3.63811e-11 -1.51887e-11 -1.07125e-11 4.00101e-11 -7.06154e-11 9.9831e-11 -1.24635e-10 1.42046e-10 -1.49515e-10 1.4529e-10 -1.28706e-10 1.00343e-10 -6.20503e-11 1.68136e-11 3.15174e-11 -7.86086e-11 1.20092e-10 -1.5203e-10 1.7135e-10 -1.76178e-10 1.66056e-10 -1.41985e-10 1.06325e-10 -6.25268e-11 1.47637e-11 3.25177e-11 -7.50566e-11 1.09203e-10 -1.32262e-10 1.42714e-10 -1.40308e-10 1.26011e-10 -1.01833e-10 7.05544e-11 -3.5394e-11 -3.45487e-13 3.36068e-11 -6.18518e-11 8.32523e-11 -9.67846e-11 1.02229e-10 -1.00082e-10 9.14099e-11 -7.76598e-11 6.04621e-11 -4.1448e-11 2.21e-11 -3.64862e-12 -1.29813e-11 2.71769e-11 -3.86072e-11 4.71671e-11 -5.29122e-11 5.59959e-11 -5.66178e-11 5.49914e-11 -5.13294e-11 4.58448e-11 -3.8762e-11 3.03309e-11 -2.08377e-11 1.06077e-11 0. 
0.000115423 0.00010784 0.000100286 9.2791e-05 8.53862e-05 7.80949e-05 7.09585e-05 6.39859e-05 5.72387e-05 5.06989e-05 4.44576e-05 3.84726e-05 3.28367e-05 2.75477e-05 2.26029e-05 1.81323e-05 1.40305e-05 1.0396e-05 7.32953e-06 4.70025e-06 2.55158e-06 1.10548e-06 3.74387e-07 9.30254e-08 2.05111e-08 -4.09476e-11 1.67758e-09 -1.49648e-09 -1.56254e-10 3.03103e-10 -1.88006e-09 1.72163e-09 -2.63742e-09 1.76729e-09 -1.82418e-09 3.68118e-10 2.28325e-11 -1.37285e-09 1.41933e-09 -1.92942e-09 1.21342e-09 -8.44685e-10 -2.62972e-10 8.12148e-10 -1.36374e-09 1.30741e-09 -9.11039e-10 1.95801e-10 5.73038e-10 -1.17367e-09 1.42617e-09 -1.26819e-09 7.65788e-10 -8.91813e-11 -5.46245e-10 9.52251e-10 -1.02899e-09 7.94083e-10 -3.69604e-10 -6.75584e-11 3.53149e-10 -3.95242e-10 2.03974e-10 1.19194e-10 -4.26996e-10 5.87535e-10 -5.36125e-10 2.97658e-10 2.82011e-11 -3.11115e-10 4.44209e-10 -3.85528e-10 1.70492e-10 1.08108e-10 -3.42111e-10 4.52806e-10 -4.19464e-10 2.80843e-10 -1.11447e-10 -1.48853e-11 5.7027e-11 -2.06342e-11 -5.02298e-11 9.8017e-11 -8.04088e-11 -1.04936e-11 1.46358e-10 -2.77507e-10 3.5634e-10 -3.57991e-10 2.89206e-10 -1.82563e-10 8.00828e-11 -1.46495e-11 -2.22894e-12 -1.84192e-11 5.20717e-11 -7.4495e-11 7.3239e-11 -5.17216e-11 2.48894e-11 -9.586e-12 1.49575e-11 -3.76432e-11 6.36869e-11 -7.5664e-11 6.1149e-11 -1.83839e-11 -4.32533e-11 1.0769e-10 -1.58964e-10 1.87052e-10 -1.90287e-10 1.7382e-10 -1.4555e-10 1.11894e-10 -7.5501e-11 3.56985e-11 9.02616e-12 -5.81784e-11 1.07712e-10 -1.50616e-10 1.7928e-10 -1.88424e-10 1.77153e-10 -1.49262e-10 1.11777e-10 -7.25369e-11 3.79129e-11 -1.15589e-11 -5.55997e-12 1.42241e-11 -1.58131e-11 1.15975e-11 -2.72527e-12 -9.29211e-12 2.20724e-11 -3.22909e-11 3.62322e-11 -3.07945e-11 1.45264e-11 1.17497e-11 -4.49831e-11 8.05756e-11 -1.13414e-10 1.38882e-10 -1.53571e-10 1.55562e-10 -1.44393e-10 1.20862e-10 -8.68343e-11 4.51194e-11 6.53578e-13 -4.62535e-11 8.72413e-11 -1.19526e-10 1.3997e-10 -1.46888e-10 1.40289e-10 -1.21804e-10 9.43281e-11 -6.14973e-11 2.71268e-11 5.26927e-12 -3.28233e-11 5.3519e-11 -6.62804e-11 7.09716e-11 -6.83185e-11 5.97487e-11 -4.71482e-11 3.25525e-11 -1.78146e-11 4.31515e-12 7.22343e-12 -1.67755e-11 2.48987e-11 -3.24995e-11 4.05375e-11 -4.97328e-11 6.03362e-11 -7.19958e-11 8.37385e-11 -9.40623e-11 1.01124e-10 -1.02998e-10 9.79815e-11 -8.49018e-11 6.33837e-11 -3.40365e-11 -1.48141e-12 4.05443e-11 -7.97866e-11 1.15454e-10 -1.43834e-10 1.61706e-10 -1.66754e-10 1.57879e-10 -1.35378e-10 1.00963e-10 -5.76073e-11 9.25993e-12 3.95708e-11 -8.42927e-11 1.20722e-10 -1.4553e-10 1.56594e-10 -1.5321e-10 1.36139e-10 -1.0749e-10 7.04588e-11 -2.89486e-11 -1.28678e-11 5.09959e-11 -8.20243e-11 1.03442e-10 -1.13838e-10 1.12966e-10 -1.01682e-10 8.17633e-11 -5.56452e-11 2.6111e-11 4.02396e-12 -3.21967e-11 5.63183e-11 -7.49143e-11 8.71755e-11 -9.29273e-11 9.25318e-11 -8.67474e-11 7.65717e-11 -6.30921e-11 4.73641e-11 -3.03303e-11 1.27839e-11 4.62811e-12 -2.13709e-11 3.69736e-11 -5.09816e-11 6.29232e-11 -7.23022e-11 7.86175e-11 -8.14097e-11 8.03246e-11 -7.51825e-11 6.60381e-11 -5.32193e-11 3.73343e-11 -1.92441e-11 0. 
0.000115423 0.00010784 0.000100287 9.27904e-05 8.5387e-05 7.80938e-05 7.09598e-05 6.39844e-05 5.72404e-05 5.0697e-05 4.44597e-05 3.84705e-05 3.28389e-05 2.75457e-05 2.26047e-05 1.8131e-05 1.40312e-05 1.03961e-05 7.32858e-06 4.70216e-06 2.54873e-06 1.10913e-06 3.7021e-07 9.73666e-08 1.64569e-08 3.24648e-09 -4.06201e-10 -9.31374e-10 9.17206e-10 -2.28385e-09 1.84013e-09 -2.53657e-09 1.4399e-09 -1.41745e-09 -9.03706e-11 3.61209e-10 -1.61311e-09 1.462e-09 -1.89884e-09 1.04894e-09 -6.99478e-10 -4.32307e-10 8.45133e-10 -1.40914e-09 1.24905e-09 -8.7111e-10 1.48512e-10 5.95709e-10 -1.18587e-09 1.44234e-09 -1.30573e-09 8.31621e-10 -1.75718e-10 -4.58798e-10 8.87083e-10 -1.00147e-09 8.03366e-10 -3.97232e-10 -5.07906e-11 3.74653e-10 -4.67779e-10 3.18393e-10 -8.10604e-12 -3.24596e-10 5.40982e-10 -5.56112e-10 3.69392e-10 -6.05307e-11 -2.45924e-10 4.32069e-10 -4.32727e-10 2.57868e-10 1.65192e-11 -2.83481e-10 4.49994e-10 -4.72387e-10 3.68256e-10 -2.01842e-10 5.13978e-11 2.58968e-11 -1.61127e-11 -5.0563e-11 1.18662e-10 -1.35832e-10 7.72935e-11 4.42146e-11 -1.86244e-10 2.97212e-10 -3.39492e-10 3.04541e-10 -2.14058e-10 1.07994e-10 -2.6008e-11 -8.75435e-12 -3.37025e-12 4.28172e-11 -8.29518e-11 1.03558e-10 -9.92373e-11 7.94178e-11 -6.10123e-11 5.81429e-11 -7.42857e-11 1.00472e-10 -1.19909e-10 1.1627e-10 -8.14107e-11 1.89447e-11 5.75924e-11 -1.30624e-10 1.85377e-10 -2.14556e-10 2.19116e-10 -2.05467e-10 1.81044e-10 -1.50667e-10 1.15329e-10 -7.36137e-11 2.4552e-11 2.98629e-11 -8.39278e-11 1.29629e-10 -1.59442e-10 1.69139e-10 -1.59294e-10 1.34909e-10 -1.03476e-10 7.24559e-11 -4.72717e-11 3.04953e-11 -2.22567e-11 2.13419e-11 -2.6246e-11 3.56458e-11 -4.81986e-11 6.19887e-11 -7.41302e-11 8.09165e-11 -7.85836e-11 6.44092e-11 -3.76871e-11 1.67132e-13 4.421e-11 -9.01564e-11 1.32128e-10 -1.65295e-10 1.86154e-10 -1.92732e-10 1.84507e-10 -1.62233e-10 1.27793e-10 -8.4107e-11 3.50042e-11 1.50349e-11 -6.13332e-11 9.96191e-11 -1.26644e-10 1.40646e-10 -1.41537e-10 1.30768e-10 -1.10944e-10 8.52975e-11 -5.71657e-11 2.95705e-11 -4.93216e-12 -1.50834e-11 2.96153e-11 -3.8582e-11 4.2585e-11 -4.27382e-11 4.04248e-11 -3.70047e-11 3.35224e-11 -3.04803e-11 2.77338e-11 -2.45416e-11 1.97598e-11 -1.21391e-11 6.55725e-13 1.51908e-11 -3.51687e-11 5.82259e-11 -8.2533e-11 1.05649e-10 -1.24785e-10 1.37148e-10 -1.4031e-10 1.3257e-10 -1.13265e-10 8.29629e-11 -4.35134e-11 -2.06548e-12 4.98659e-11 -9.54987e-11 1.34582e-10 -1.63245e-10 1.7858e-10 -1.78989e-10 1.64377e-10 -1.36174e-10 9.71843e-11 -5.12778e-11 2.96725e-12 4.30875e-11 -8.25832e-11 1.12029e-10 -1.291e-10 1.32844e-10 -1.23732e-10 1.03533e-10 -7.50567e-11 4.17847e-11 -7.45089e-12 -2.43802e-11 5.06845e-11 -6.92597e-11 7.88892e-11 -7.93798e-11 7.14784e-11 -5.66895e-11 3.70251e-11 -1.4725e-11 -8.01267e-12 2.9259e-11 -4.75131e-11 6.17804e-11 -7.15723e-11 7.68379e-11 -7.78504e-11 7.50738e-11 -6.9037e-11 6.02357e-11 -4.9078e-11 3.58779e-11 -2.08926e-11 4.39034e-12 1.32688e-11 -3.15615e-11 4.9756e-11 -6.69098e-11 8.19147e-11 -9.35884e-11 1.00801e-10 -1.02618e-10 9.8442e-11 -8.81208e-11 7.20162e-11 -5.10088e-11 2.64408e-11 0. 
0.000115423 0.00010784 0.000100286 9.27911e-05 8.53861e-05 7.80949e-05 7.09586e-05 6.39857e-05 5.72391e-05 5.06983e-05 4.44585e-05 3.84714e-05 3.28383e-05 2.75459e-05 2.2605e-05 1.81299e-05 1.40329e-05 1.03936e-05 7.33165e-06 4.69858e-06 2.55262e-06 1.10524e-06 3.73753e-07 9.45397e-08 1.82264e-08 2.7909e-09 -1.38053e-09 1.40544e-09 -2.51247e-09 1.78231e-09 -2.27372e-09 9.93569e-10 -9.45322e-10 -5.53417e-10 6.67388e-10 -1.80183e-09 1.4473e-09 -1.79303e-09 8.06351e-10 -4.9752e-10 -6.28151e-10 9.04827e-10 -1.45907e-09 1.15965e-09 -8.13321e-10 6.26583e-11 6.39522e-10 -1.20777e-09 1.44725e-09 -1.31444e-09 8.57526e-10 -2.21436e-10 -4.03155e-10 8.38332e-10 -9.74256e-10 8.0161e-10 -4.1043e-10 -4.43556e-11 3.98734e-10 -5.36928e-10 4.29784e-10 -1.40541e-10 -2.03461e-10 4.61846e-10 -5.35053e-10 4.00444e-10 -1.17345e-10 -1.99683e-10 4.27809e-10 -4.83816e-10 3.54047e-10 -9.52853e-11 -1.92227e-10 4.07137e-10 -4.86464e-10 4.26256e-10 -2.76362e-10 1.13617e-10 -6.55459e-12 -1.26774e-11 -4.21408e-11 1.22735e-10 -1.71896e-10 1.50739e-10 -5.55069e-11 -8.2632e-11 2.13324e-10 -2.90103e-10 2.90025e-10 -2.21554e-10 1.18279e-10 -2.25678e-11 -3.27106e-11 3.61953e-11 7.78703e-13 -5.30196e-11 9.5119e-11 -1.13068e-10 1.08743e-10 -9.60382e-11 9.15103e-11 -1.04656e-10 1.32628e-10 -1.6157e-10 1.73414e-10 -1.54474e-10 1.01668e-10 -2.37162e-11 -6.27769e-11 1.40074e-10 -1.95593e-10 2.2507e-10 -2.31714e-10 2.22461e-10 -2.03612e-10 1.78071e-10 -1.45287e-10 1.03465e-10 -5.25273e-11 -3.94714e-12 5.88472e-11 -1.03649e-10 1.31444e-10 -1.39418e-10 1.29705e-10 -1.08345e-10 8.29966e-11 -6.04698e-11 4.5089e-11 -3.83432e-11 3.96191e-11 -4.73637e-11 5.99719e-11 -7.60047e-11 9.38071e-11 -1.10948e-10 1.23986e-10 -1.28859e-10 1.2183e-10 -1.00634e-10 6.53377e-11 -1.85677e-11 -3.49662e-11 8.94466e-11 -1.39057e-10 1.78877e-10 -2.05389e-10 2.16593e-10 -2.11915e-10 1.92048e-10 -1.58858e-10 1.15314e-10 -6.53495e-11 1.35597e-11 3.53099e-11 -7.6993e-11 1.08307e-10 -1.27562e-10 1.34678e-10 -1.3098e-10 1.18786e-10 -1.00887e-10 8.00743e-11 -5.87763e-11 3.88439e-11 -2.1453e-11 7.09982e-12 4.33738e-12 -1.34721e-11 2.12169e-11 -2.85312e-11 3.61409e-11 -4.42856e-11 5.25573e-11 -5.98824e-11 6.46643e-11 -6.50655e-11 5.93712e-11 -4.63622e-11 2.56257e-11 2.2492e-12 -3.56203e-11 7.18884e-11 -1.07729e-10 1.39435e-10 -1.63327e-10 1.76203e-10 -1.75756e-10 1.60923e-10 -1.32095e-10 9.1166e-11 -4.13938e-11 -1.29192e-11 6.68802e-11 -1.15542e-10 1.54453e-10 -1.80143e-10 1.90498e-10 -1.84973e-10 1.64623e-10 -1.31952e-10 9.06066e-11 -4.4945e-11 -4.59438e-13 4.13236e-11 -7.4107e-11 9.63587e-11 -1.06919e-10 1.0596e-10 -9.48635e-11 7.59701e-11 -5.22272e-11 2.6799e-11 -2.68269e-12 -1.76174e-11 3.23238e-11 -4.05063e-11 4.20829e-11 -3.77153e-11 2.86221e-11 -1.63438e-11 2.49977e-12 1.14293e-11 -2.42619e-11 3.52029e-11 -4.38514e-11 5.01398e-11 -5.42214e-11 5.6336e-11 -5.66816e-11 5.53175e-11 -5.21197e-11 4.67963e-11 -3.89604e-11 2.82459e-11 -1.44466e-11 -2.35121e-12 2.16671e-11 -4.25805e-11 6.3753e-11 -8.35243e-11 1.00072e-10 -1.11619e-10 1.16653e-10 -1.1414e-10 1.0369e-10 -8.56475e-11 6.11023e-11 -3.18051e-11 0. 
0.000115423 0.00010784 0.000100287 9.27907e-05 8.53865e-05 7.80944e-05 7.0959e-05 6.39854e-05 5.72393e-05 5.06984e-05 4.44581e-05 3.84722e-05 3.2837e-05 2.75476e-05 2.26028e-05 1.81326e-05 1.40298e-05 1.0397e-05 7.3282e-06 4.70187e-06 2.54974e-06 1.10742e-06 3.72519e-07 9.4637e-08 1.93523e-08 4.91803e-10 1.88732e-09 -2.47665e-09 1.511e-09 -1.85095e-09 4.60782e-10 -4.48278e-10 -9.9151e-10 9.21571e-10 -1.91198e-09 1.33778e-09 -1.5887e-09 4.94543e-10 -2.55338e-10 -8.50914e-10 9.8342e-10 -1.48993e-09 1.04022e-09 -7.37132e-10 -6.48901e-11 6.97679e-10 -1.23855e-09 1.43829e-09 -1.29331e-09 8.41618e-10 -2.22547e-10 -3.85937e-10 8.15288e-10 -9.58165e-10 7.99596e-10 -4.18691e-10 -4.02817e-11 4.17974e-10 -5.94078e-10 5.26723e-10 -2.63299e-10 -8.08109e-11 3.67435e-10 -4.87573e-10 4.00706e-10 -1.46979e-10 -1.71405e-10 4.31601e-10 -5.37565e-10 4.55091e-10 -2.21228e-10 -7.44038e-11 3.27577e-10 -4.6043e-10 4.48792e-10 -3.25773e-10 1.61948e-10 -3.22091e-11 -1.58509e-11 -2.11216e-11 1.05855e-10 -1.81303e-10 1.98292e-10 -1.37404e-10 1.60499e-11 1.212e-10 -2.23487e-10 2.55777e-10 -2.12497e-10 1.17528e-10 -1.1756e-11 -6.52379e-11 9.0864e-11 -6.60759e-11 1.10009e-11 4.70879e-11 -8.71148e-11 1.02632e-10 -1.02059e-10 1.01618e-10 -1.15165e-10 1.46162e-10 -1.85491e-10 2.1571e-10 -2.19239e-10 1.86368e-10 -1.19404e-10 3.143e-11 5.92523e-11 -1.36099e-10 1.89513e-10 -2.18288e-10 2.27319e-10 -2.23313e-10 2.10894e-10 -1.90952e-10 1.61683e-10 -1.21357e-10 7.10827e-11 -1.59895e-11 -3.57853e-11 7.57737e-11 -9.82012e-11 1.01961e-10 -9.0739e-11 7.13925e-11 -5.14502e-11 3.68502e-11 -3.07543e-11 3.36474e-11 -4.43149e-11 6.09754e-11 -8.19444e-11 1.05598e-10 -1.29861e-10 1.51702e-10 -1.67111e-10 1.71725e-10 -1.61924e-10 1.35961e-10 -9.46623e-11 4.14315e-11 1.84246e-11 -7.87632e-11 1.33687e-10 -1.78338e-10 2.09283e-10 -2.2456e-10 2.23571e-10 -2.06955e-10 1.76544e-10 -1.35299e-10 8.71565e-11 -3.66693e-11 -1.15419e-11 5.343e-11 -8.60857e-11 1.08072e-10 -1.19447e-10 1.21499e-10 -1.16297e-10 1.06188e-10 -9.33742e-11 7.96186e-11 -6.60966e-11 5.33623e-11 -4.13952e-11 2.97096e-11 -1.75233e-11 3.98405e-12 1.15589e-11 -2.92809e-11 4.8666e-11 -6.84123e-11 8.65007e-11 -1.00433e-10 1.07604e-10 -1.05732e-10 9.32818e-11 -6.97919e-11 3.60654e-11 5.80489e-12 -5.25774e-11 1.00152e-10 -1.43977e-10 1.79535e-10 -2.02857e-10 2.10997e-10 -2.02422e-10 1.77244e-10 -1.37272e-10 8.58503e-11 -2.75174e-11 -3.24873e-11 8.87944e-11 -1.36486e-10 1.71613e-10 -1.91589e-10 1.95418e-10 -1.83733e-10 1.58661e-10 -1.23511e-10 8.23536e-11 -3.95321e-11 -8.32221e-13 3.52781e-11 -6.13345e-11 7.7708e-11 -8.43115e-11 8.2142e-11 -7.30358e-11 5.93423e-11 -4.35677e-11 2.80395e-11 -1.46347e-11 4.60266e-12 1.50201e-12 -3.77796e-12 2.84513e-12 3.49142e-13 -4.7491e-12 9.39661e-12 -1.35908e-11 1.69772e-11 -1.95558e-11 2.1612e-11 -2.35868e-11 2.59155e-11 -2.88664e-11 3.2412e-11 -3.61608e-11 3.9364e-11 -4.10008e-11 3.99328e-11 -3.51023e-11 2.5745e-11 -1.15812e-11 -7.04856e-12 2.91298e-11 -5.3017e-11 7.65741e-11 -9.73996e-11 1.13107e-10 -1.21627e-10 1.21484e-10 -1.12018e-10 9.35075e-11 -6.71808e-11 3.51105e-11 0. 
0.000115423 0.00010784 0.000100287 9.27906e-05 8.53868e-05 7.80941e-05 7.09596e-05 6.39846e-05 5.72403e-05 5.06971e-05 4.44597e-05 3.84702e-05 3.28393e-05 2.7545e-05 2.26056e-05 1.81298e-05 1.40325e-05 1.03945e-05 7.33023e-06 4.7005e-06 2.55028e-06 1.10785e-06 3.7108e-07 9.70355e-08 1.61603e-08 4.19618e-09 -1.95291e-09 1.06691e-09 -1.30483e-09 -1.23756e-10 4.42349e-11 -1.37072e-09 1.07843e-09 -1.8984e-09 1.11298e-09 -1.29728e-09 1.32414e-10 2.2292e-11 -1.09167e-09 1.05084e-09 -1.48281e-09 8.95577e-10 -6.32698e-10 -2.33672e-10 7.6175e-10 -1.27835e-09 1.41128e-09 -1.24269e-09 7.84221e-10 -1.79285e-10 -4.08603e-10 8.21599e-10 -9.58744e-10 8.0381e-10 -4.28434e-10 -3.26555e-11 4.26481e-10 -6.32089e-10 5.99362e-10 -3.62974e-10 2.67544e-11 2.75893e-10 -4.30964e-10 3.84416e-10 -1.59539e-10 -1.54614e-10 4.38758e-10 -5.88773e-10 5.53637e-10 -3.51609e-10 5.93782e-11 2.20466e-10 -3.99783e-10 4.36733e-10 -3.46998e-10 1.91347e-10 -4.63386e-11 -2.85791e-11 1.37215e-11 6.69717e-11 -1.60935e-10 2.12938e-10 -1.90063e-10 9.5061e-11 3.67542e-11 -1.54513e-10 2.14318e-10 -1.97198e-10 1.1518e-10 -3.8699e-12 -9.40502e-11 1.46516e-10 -1.43273e-10 9.64985e-11 -3.18184e-11 -2.51352e-11 6.00781e-11 -7.44392e-11 8.15726e-11 -9.75409e-11 1.31443e-10 -1.79991e-10 2.28593e-10 -2.57972e-10 2.52817e-10 -2.08366e-10 1.32117e-10 -4.03572e-11 -4.84487e-11 1.20178e-10 -1.68716e-10 1.95656e-10 -2.06868e-10 2.08121e-10 -2.02019e-10 1.87566e-10 -1.62158e-10 1.24604e-10 -7.74107e-11 2.7083e-11 1.77051e-11 -4.9136e-11 6.30335e-11 -6.01808e-11 4.57136e-11 -2.70309e-11 1.12529e-11 -3.29544e-12 5.18025e-12 -1.6538e-11 3.57311e-11 -6.08663e-11 9.01932e-11 -1.21836e-10 1.5321e-10 -1.80645e-10 1.99596e-10 -2.05492e-10 1.94926e-10 -1.66719e-10 1.2241e-10 -6.60383e-11 3.29383e-12 5.95883e-11 -1.16845e-10 1.63849e-10 -1.97378e-10 2.15591e-10 -2.17925e-10 2.05003e-10 -1.78619e-10 1.41685e-10 -9.80338e-11 5.20149e-11 -7.91672e-12 -3.06604e-11 6.13031e-11 -8.30206e-11 9.61675e-11 -1.02104e-10 1.02718e-10 -9.99429e-11 9.53839e-11 -9.00935e-11 8.44914e-11 -7.83945e-11 7.11234e-11 -6.16689e-11 4.89149e-11 -3.19121e-11 1.01772e-11 1.60332e-11 -4.55391e-11 7.62072e-11 -1.05106e-10 1.28835e-10 -1.43985e-10 1.47643e-10 -1.37853e-10 1.13976e-10 -7.68816e-11 2.89519e-11 2.60893e-11 -8.35152e-11 1.38061e-10 -1.84472e-10 2.18075e-10 -2.3531e-10 2.34155e-10 -2.1438e-10 1.77602e-10 -1.27117e-10 6.75355e-11 -4.27058e-12 -5.70584e-11 1.11227e-10 -1.5394e-10 1.82235e-10 -1.94724e-10 1.91634e-10 -1.74682e-10 1.46771e-10 -1.11584e-10 7.3109e-11 -3.51687e-11 1.00711e-12 2.7013e-11 -4.7573e-11 6.04093e-11 -6.61846e-11 6.62505e-11 -6.2345e-11 5.62765e-11 -4.96404e-11 4.36089e-11 -3.88192e-11 3.53665e-11 -3.28961e-11 3.07678e-11 -2.8262e-11 2.47858e-11 -2.0042e-11 1.41306e-11 -7.5641e-12 1.1925e-12 3.94784e-12 -6.83674e-12 6.68749e-12 -3.14016e-12 -3.60548e-12 1.27444e-11 -2.29215e-11 3.23858e-11 -3.92238e-11 4.16419e-11 -3.82549e-11 2.83381e-11 -1.20024e-11 -9.73922e-12 3.50286e-11 -6.13419e-11 8.57726e-11 -1.05382e-10 1.17575e-10 -1.20442e-10 1.13032e-10 -9.55099e-11 6.91697e-11 -3.63143e-11 0. 
0.000115423 0.00010784 0.000100286 9.27911e-05 8.53861e-05 7.80949e-05 7.09585e-05 6.39859e-05 5.72388e-05 5.06988e-05 4.44578e-05 3.84722e-05 3.28373e-05 2.7547e-05 2.26038e-05 1.81313e-05 1.40315e-05 1.0395e-05 7.33049e-06 4.69948e-06 2.55209e-06 1.1053e-06 3.74209e-07 9.35456e-08 1.97147e-08 9.18732e-10 7.01414e-10 -6.62845e-10 -7.03895e-10 4.6522e-10 -1.6237e-09 1.09115e-09 -1.74922e-09 7.87959e-10 -9.35682e-10 -2.72527e-10 3.19611e-10 -1.31295e-09 1.07433e-09 -1.43338e-09 7.21795e-10 -4.84982e-10 -4.33396e-10 8.2519e-10 -1.32686e-09 1.35967e-09 -1.16478e-09 6.87245e-10 -9.57501e-11 -4.67652e-10 8.55113e-10 -9.75638e-10 8.15331e-10 -4.41486e-10 -1.93822e-11 4.21747e-10 -6.47191e-10 6.41449e-10 -4.29871e-10 1.05983e-10 2.03025e-10 -3.81718e-10 3.66706e-10 -1.67392e-10 -1.39869e-10 4.41633e-10 -6.29708e-10 6.40152e-10 -4.74419e-10 1.95386e-10 9.93613e-11 -3.15712e-10 3.97397e-10 -3.43357e-10 2.0239e-10 -4.8762e-11 -5.00786e-11 6.00427e-11 9.16636e-12 -1.12751e-10 1.93532e-10 -2.0807e-10 1.44938e-10 -2.79708e-11 -9.57878e-11 1.77222e-10 -1.85733e-10 1.20623e-10 -9.19241e-12 -1.06496e-10 1.8759e-10 -2.13115e-10 1.85472e-10 -1.25475e-10 6.03103e-11 -1.05789e-11 -1.7691e-11 3.30232e-11 -5.14087e-11 8.6248e-11 -1.40393e-10 2.03911e-10 -2.58219e-10 2.84224e-10 -2.70466e-10 2.17608e-10 -1.37621e-10 4.85143e-11 3.26146e-11 -9.50387e-11 1.3628e-10 -1.602e-10 1.72865e-10 -1.78524e-10 1.77658e-10 -1.67741e-10 1.45932e-10 -1.12028e-10 7.00316e-11 -2.75103e-11 -6.88965e-12 2.65742e-11 -2.93273e-11 1.78738e-11 1.40682e-12 -2.08851e-11 3.40952e-11 -3.72175e-11 2.92662e-11 -1.12604e-11 -1.49371e-11 4.74306e-11 -8.44083e-11 1.23683e-10 -1.62109e-10 1.95389e-10 -2.18531e-10 2.26887e-10 -2.1738e-10 1.89429e-10 -1.45216e-10 8.9237e-11 -2.73325e-11 -3.4419e-11 9.06102e-11 -1.37024e-10 1.70784e-10 -1.9028e-10 1.95067e-10 -1.85815e-10 1.64306e-10 -1.33367e-10 9.66319e-11 -5.80897e-11 2.14915e-11 1.02344e-11 -3.5391e-11 5.36303e-11 -6.57649e-11 7.33524e-11 -7.81905e-11 8.18568e-11 -8.53847e-11 8.91042e-11 -9.26288e-11 9.49499e-11 -9.46081e-11 8.99252e-11 -7.92934e-11 6.15052e-11 -3.60901e-11 3.59453e-12 3.42637e-11 -7.46248e-11 1.13723e-10 -1.47305e-10 1.71169e-10 -1.81735e-10 1.76562e-10 -1.5472e-10 1.16999e-10 -6.59063e-11 5.46458e-12 5.9156e-11 -1.22151e-10 1.77681e-10 -2.20491e-10 2.46485e-10 -2.53186e-10 2.40003e-10 -2.08291e-10 1.61181e-10 -1.03205e-10 3.97687e-11 2.34509e-11 -8.11144e-11 1.28756e-10 -1.63188e-10 1.82742e-10 -1.8731e-10 1.78222e-10 -1.57953e-10 1.29734e-10 -9.70998e-11 6.34485e-11 -3.1668e-11 3.86893e-12 1.87414e-11 -3.58438e-11 4.78639e-11 -5.5738e-11 6.0632e-11 -6.36646e-11 6.56795e-11 -6.7101e-11 6.78922e-11 -6.76154e-11 6.55804e-11 -6.10498e-11 5.34616e-11 -4.2628e-11 2.88716e-11 -1.30709e-11 -3.39751e-12 1.88171e-11 -3.13669e-11 3.93999e-11 -4.17204e-11 3.78143e-11 -2.79922e-11 1.34173e-11 3.99259e-12 -2.17832e-11 3.72734e-11 -4.79186e-11 5.16754e-11 -4.73163e-11 3.46465e-11 -1.45896e-11 -1.08781e-11 3.89381e-11 -6.62633e-11 8.94318e-11 -1.05367e-10 1.11746e-10 -1.07317e-10 9.20883e-11 -6.73549e-11 3.55583e-11 0. 
0.000115423 0.00010784 0.000100287 9.27906e-05 8.53868e-05 7.80941e-05 7.09594e-05 6.39849e-05 5.72399e-05 5.06977e-05 4.44589e-05 3.84713e-05 3.2838e-05 2.75466e-05 2.26038e-05 1.81318e-05 1.40305e-05 1.03965e-05 7.32836e-06 4.7021e-06 2.5491e-06 1.10848e-06 3.7107e-07 9.63824e-08 1.74431e-08 2.39349e-09 1.85535e-10 -1.16311e-09 7.39946e-10 -1.71213e-09 9.54971e-10 -1.47516e-09 3.72493e-10 -5.1505e-10 -6.91091e-10 5.8763e-10 -1.47298e-09 1.04073e-09 -1.33633e-09 5.00374e-10 -2.89988e-10 -6.45152e-10 8.87611e-10 -1.3787e-09 1.2753e-09 -1.06396e-09 5.53027e-10 2.03899e-11 -5.55503e-10 9.08522e-10 -1.00304e-09 8.29901e-10 -4.54782e-10 -2.80303e-12 4.05487e-10 -6.39989e-10 6.51548e-10 -4.59551e-10 1.48992e-10 1.59727e-10 -3.52469e-10 3.60258e-10 -1.81838e-10 -1.17813e-10 4.32255e-10 -6.52366e-10 7.05005e-10 -5.77429e-10 3.18993e-10 -2.00792e-11 -2.22916e-10 3.4278e-10 -3.23398e-10 2.00724e-10 -4.37442e-11 -7.57635e-11 1.11909e-10 -6.04616e-11 -4.36865e-11 1.44975e-10 -1.92769e-10 1.6298e-10 -6.69843e-11 -5.50032e-11 1.52255e-10 -1.85077e-10 1.40346e-10 -3.50226e-11 -9.28443e-11 2.00815e-10 -2.5878e-10 2.58735e-10 -2.14254e-10 1.51078e-10 -9.39261e-11 5.57898e-11 -3.4189e-11 1.52934e-11 1.68485e-11 -7.08029e-11 1.42479e-10 -2.16257e-10 2.71571e-10 -2.91563e-10 2.69809e-10 -2.12306e-10 1.34308e-10 -5.39005e-11 -1.45598e-11 6.43557e-11 -9.64257e-11 1.16166e-10 -1.29071e-10 1.37491e-10 -1.39931e-10 1.32882e-10 -1.13889e-10 8.41072e-11 -4.89782e-11 1.67065e-11 4.68609e-12 -1.03299e-11 1.89469e-13 2.11633e-11 -4.64065e-11 6.80104e-11 -8.03615e-11 8.07329e-11 -6.90027e-11 4.66019e-11 -1.54237e-11 -2.27249e-11 6.59637e-11 -1.11751e-10 1.56374e-10 -1.9498e-10 2.22276e-10 -2.3371e-10 2.26657e-10 -2.01158e-10 1.59943e-10 -1.07774e-10 5.04008e-11 6.49998e-12 -5.80902e-11 1.00737e-10 -1.32051e-10 1.50776e-10 -1.56696e-10 1.50609e-10 -1.3433e-10 1.1059e-10 -8.27417e-11 5.42679e-11 -2.81963e-11 6.5777e-12 9.80791e-12 -2.1436e-11 2.97308e-11 -3.65754e-11 4.37819e-11 -5.26524e-11 6.37019e-11 -7.65596e-11 9.00171e-11 -1.02187e-10 1.1074e-10 -1.13213e-10 1.07369e-10 -9.15939e-11 6.52765e-11 -2.90991e-11 -1.48317e-11 6.3069e-11 -1.11134e-10 1.54012e-10 -1.86768e-10 2.05173e-10 -2.0626e-10 1.88731e-10 -1.53172e-10 1.02048e-10 -3.94963e-11 -2.90758e-11 9.75309e-11 -1.59639e-10 2.09732e-10 -2.43316e-10 2.57536e-10 -2.51472e-10 2.2619e-10 -1.8457e-10 1.30929e-10 -7.04928e-11 8.79457e-12 4.89226e-11 -9.82309e-11 1.35909e-10 -1.60167e-10 1.70683e-10 -1.68473e-10 1.55612e-10 -1.34852e-10 1.09204e-10 -8.15396e-11 5.42545e-11 -2.90576e-11 6.88842e-12 1.20292e-11 -2.80205e-11 4.17206e-11 -5.38094e-11 6.47709e-11 -7.47197e-11 8.33235e-11 -8.98339e-11 9.32194e-11 -9.23764e-11 8.63804e-11 -7.47342e-11 5.75653e-11 -3.5736e-11 1.08385e-11 1.49321e-11 -3.90157e-11 5.88063e-11 -7.20073e-11 7.69714e-11 -7.29721e-11 6.03627e-11 -4.05936e-11 1.60778e-11 1.00832e-11 -3.448e-11 5.38346e-11 -6.5438e-11 6.75274e-11 -5.95471e-11 4.2256e-11 -1.76611e-11 -1.12173e-11 4.07211e-11 -6.70222e-11 8.66216e-11 -9.68128e-11 9.60464e-11 -8.41468e-11 6.23491e-11 -3.31515e-11 0. 
0.000115423 0.00010784 0.000100287 9.27908e-05 8.53865e-05 7.80944e-05 7.09591e-05 6.39851e-05 5.72398e-05 5.06976e-05 4.44592e-05 3.84708e-05 3.28388e-05 2.75454e-05 2.26053e-05 1.81298e-05 1.40328e-05 1.0394e-05 7.33105e-06 4.69938e-06 2.55167e-06 1.10625e-06 3.72772e-07 9.53731e-08 1.76498e-08 3.02304e-09 -1.21831e-09 8.4952e-10 -1.62029e-09 6.64677e-10 -1.08071e-09 -1.08947e-10 -8.55099e-11 -1.06149e-09 7.80752e-10 -1.55341e-09 9.38585e-10 -1.16934e-09 2.1951e-10 -6.51871e-11 -8.54347e-10 9.51496e-10 -1.41799e-09 1.15248e-09 -9.45537e-10 3.83274e-10 1.58039e-10 -6.6201e-10 9.7056e-10 -1.03103e-09 8.39073e-10 -4.61233e-10 1.08888e-11 3.83302e-10 -6.15346e-10 6.33146e-10 -4.53279e-10 1.54183e-10 1.50507e-10 -3.4993e-10 3.72768e-10 -2.10315e-10 -8.19821e-11 4.04974e-10 -6.50918e-10 7.40802e-10 -6.50588e-10 4.1726e-10 -1.22882e-10 -1.36765e-10 2.86896e-10 -2.98647e-10 1.95335e-10 -3.87164e-11 -9.82636e-11 1.60781e-10 -1.3188e-10 3.55119e-11 7.71777e-11 -1.51609e-10 1.53215e-10 -8.10069e-11 -3.36719e-11 1.41708e-10 -1.97218e-10 1.75905e-10 -8.34175e-11 -4.89622e-11 1.78482e-10 -2.68266e-10 3.00393e-10 -2.79737e-10 2.2799e-10 -1.71524e-10 1.29065e-10 -1.04615e-10 8.8191e-11 -6.32027e-11 1.64121e-11 5.43929e-11 -1.3841e-10 2.16053e-10 -2.67069e-10 2.78668e-10 -2.50092e-10 1.9199e-10 -1.21362e-10 5.47376e-11 -2.66633e-12 -3.23267e-11 5.40342e-11 -6.85255e-11 8.00645e-11 -8.89641e-11 9.21564e-11 -8.58265e-11 6.85071e-11 -4.29487e-11 1.58243e-11 4.54827e-12 -1.13475e-11 1.80706e-12 2.18759e-11 -5.35245e-11 8.52546e-11 -1.09962e-10 1.23026e-10 -1.22736e-10 1.09615e-10 -8.52596e-11 5.14236e-11 -9.76477e-12 -3.77519e-11 8.82093e-11 -1.37374e-10 1.79973e-10 -2.10616e-10 2.25046e-10 -2.21223e-10 1.99825e-10 -1.64021e-10 1.18648e-10 -6.91335e-11 2.05317e-11 2.30787e-11 -5.88059e-11 8.48865e-11 -1.00547e-10 1.05923e-10 -1.02046e-10 9.08275e-11 -7.49032e-11 5.72829e-11 -4.08267e-11 2.76824e-11 -1.88543e-11 1.40414e-11 -1.17972e-11 9.95429e-12 -6.1873e-12 -1.43704e-12 1.40396e-11 -3.1695e-11 5.33844e-11 -7.70991e-11 1.00059e-10 -1.19019e-10 1.30654e-10 -1.31995e-10 1.20903e-10 -9.64881e-11 5.94171e-11 -1.20255e-11 -4.18143e-11 9.70652e-11 -1.48089e-10 1.89318e-10 -2.15933e-10 2.24454e-10 -2.13172e-10 1.82371e-10 -1.34334e-10 7.31275e-11 -4.18735e-12 -6.62412e-11 1.31762e-10 -1.86505e-10 2.25749e-10 -2.46399e-10 2.47278e-10 -2.29177e-10 1.94678e-10 -1.47774e-10 9.33535e-11 -3.66129e-11 -1.75207e-11 6.48838e-11 -1.02439e-10 1.28473e-10 -1.42612e-10 1.45676e-10 -1.39403e-10 1.26085e-10 -1.08175e-10 8.79314e-11 -6.71401e-11 4.69596e-11 -2.78965e-11 9.90845e-12 7.39455e-12 -2.44963e-11 4.17164e-11 -5.89998e-11 7.57927e-11 -9.10299e-11 1.0324e-10 -1.10752e-10 1.11975e-10 -1.057e-10 9.13856e-11 -6.93568e-11 4.09016e-11 -8.22272e-12 -2.57508e-11 5.76762e-11 -8.41949e-11 1.02364e-10 -1.10058e-10 1.06288e-10 -9.13763e-11 6.69777e-11 -3.59114e-11 1.84236e-12 3.11626e-11 -5.91423e-11 7.87472e-11 -8.76757e-11 8.49796e-11 -7.11968e-11 4.82886e-11 -1.93897e-11 -1.16006e-11 4.05313e-11 -6.35478e-11 7.76041e-11 -8.08681e-11 7.29651e-11 -5.50266e-11 2.95374e-11 0. 
0.000115423 0.00010784 0.000100286 9.2791e-05 8.53862e-05 7.80948e-05 7.09586e-05 6.39857e-05 5.72389e-05 5.06986e-05 4.44579e-05 3.84723e-05 3.28371e-05 2.75473e-05 2.26032e-05 1.8132e-05 1.40306e-05 1.03961e-05 7.3292e-06 4.70087e-06 2.55067e-06 1.10666e-06 3.73016e-07 9.44707e-08 1.91454e-08 1.07454e-09 9.72558e-10 -1.32014e-09 2.41313e-10 -6.18645e-10 -5.84238e-10 2.8577e-10 -1.34045e-09 8.76494e-10 -1.53238e-09 7.39754e-10 -9.19178e-10 -1.03435e-10 1.67059e-10 -1.05816e-09 1.00778e-09 -1.42125e-09 9.93462e-10 -8.11738e-10 1.79773e-10 3.02878e-10 -7.76453e-10 1.02733e-09 -1.04765e-09 8.32071e-10 -4.51522e-10 1.32415e-11 3.63285e-10 -5.81172e-10 5.9366e-10 -4.17289e-10 1.25881e-10 1.73322e-10 -3.74152e-10 4.05665e-10 -2.54693e-10 -3.07491e-11 3.58473e-10 -6.23691e-10 7.44382e-10 -6.88137e-10 4.8131e-10 -1.97435e-10 -7.03904e-11 2.42813e-10 -2.80807e-10 1.9608e-10 -4.21803e-11 -1.0926e-10 1.97281e-10 -1.93981e-10 1.12284e-10 3.01399e-12 -9.62708e-11 1.24931e-10 -7.65584e-11 -2.74672e-11 1.42266e-10 -2.18715e-10 2.23268e-10 -1.5027e-10 2.23354e-11 1.20457e-10 -2.37225e-10 3.0152e-10 -3.0906e-10 2.7556e-10 -2.26669e-10 1.85178e-10 -1.61334e-10 1.50173e-10 -1.36326e-10 1.03375e-10 -4.30662e-11 -3.98369e-11 1.28988e-10 -2.0311e-10 2.44574e-10 -2.46019e-10 2.12335e-10 -1.57614e-10 9.88891e-11 -4.96899e-11 1.61307e-11 3.18914e-12 -1.40776e-11 2.23939e-11 -3.07036e-11 3.74161e-11 -3.84936e-11 3.05547e-11 -1.36242e-11 -7.89015e-12 2.64455e-11 -3.41851e-11 2.59916e-11 -1.41936e-12 -3.52311e-11 7.65537e-11 -1.14533e-10 1.42791e-10 -1.57771e-10 1.58646e-10 -1.4634e-10 1.22393e-10 -8.82893e-11 4.55169e-11 3.84936e-12 -5.65257e-11 1.07857e-10 -1.52347e-10 1.84759e-10 -2.01354e-10 2.00805e-10 -1.84432e-10 1.55736e-10 -1.19448e-10 8.04697e-11 -4.30513e-11 1.036e-11 1.55819e-11 -3.37596e-11 4.40105e-11 -4.69501e-11 4.39573e-11 -3.71133e-11 2.89805e-11 -2.21873e-11 1.88845e-11 -2.02283e-11 2.60579e-11 -3.48801e-11 4.41763e-11 -5.09426e-11 5.23177e-11 -4.61501e-11 3.14008e-11 -8.34115e-12 -2.1442e-11 5.51978e-11 -8.92843e-11 1.19543e-10 -1.41758e-10 1.52181e-10 -1.48064e-10 1.28133e-10 -9.29073e-11 4.47941e-11 1.20827e-11 -7.23058e-11 1.29781e-10 -1.78454e-10 2.13021e-10 -2.29548e-10 2.25911e-10 -2.02041e-10 1.59928e-10 -1.03404e-10 3.77359e-11 3.09518e-11 -9.63355e-11 1.52576e-10 -1.94935e-10 2.20249e-10 -2.272e-10 2.1636e-10 -1.90004e-10 1.5173e-10 -1.0596e-10 5.73741e-11 -1.03752e-11 -3.13666e-11 6.52292e-11 -8.97921e-11 1.04819e-10 -1.11087e-10 1.10102e-10 -1.03744e-10 9.39035e-11 -8.21739e-11 6.96314e-11 -5.67473e-11 4.34324e-11 -2.92004e-11 1.34152e-11 4.42887e-12 -2.4446e-11 4.61691e-11 -6.84684e-11 8.95995e-11 -1.07379e-10 1.1947e-10 -1.23726e-10 1.18558e-10 -1.03257e-10 7.82105e-11 -4.49912e-11 6.27811e-12 3.43845e-11 -7.29651e-11 1.05416e-10 -1.28175e-10 1.38631e-10 -1.35487e-10 1.18967e-10 -9.08335e-11 5.42069e-11 -1.32073e-11 -2.75402e-11 6.3473e-11 -9.06574e-11 1.06279e-10 -1.08993e-10 9.90789e-11 -7.83937e-11 5.01079e-11 -1.82751e-11 -1.2715e-11 3.87263e-11 -5.64276e-11 6.37326e-11 -6.00677e-11 4.64332e-11 -2.52478e-11 0. 
0.000115423 0.00010784 0.000100287 9.27905e-05 8.53868e-05 7.80941e-05 7.09595e-05 6.39847e-05 5.72401e-05 5.06973e-05 4.44593e-05 3.84707e-05 3.28387e-05 2.75458e-05 2.26047e-05 1.81307e-05 1.40316e-05 1.03954e-05 7.32946e-06 4.70109e-06 2.54994e-06 1.10787e-06 3.71393e-07 9.63844e-08 1.71131e-08 3.01662e-09 -6.54776e-10 -2.19297e-10 -1.66627e-10 -9.92581e-10 5.5756e-10 -1.49427e-09 8.38221e-10 -1.37782e-09 4.37493e-10 -6.08758e-10 -4.4182e-10 3.98258e-10 -1.24729e-09 1.02825e-09 -1.37258e-09 8.0673e-10 -6.57094e-10 -5.13802e-11 4.3899e-10 -8.89387e-10 1.06341e-09 -1.04131e-09 7.97952e-10 -4.16443e-10 -4.24646e-12 3.53919e-10 -5.46441e-10 5.42553e-10 -3.61057e-10 7.28678e-11 2.20699e-10 -4.19182e-10 4.54253e-10 -3.10966e-10 3.20201e-11 2.96637e-10 -5.74178e-10 7.17938e-10 -6.89932e-10 5.07958e-10 -2.37511e-10 -3.22835e-11 2.20001e-10 -2.79057e-10 2.11106e-10 -6.134e-11 -1.01668e-10 2.13314e-10 -2.36809e-10 1.74687e-10 -6.42941e-11 -4.00075e-11 9.01688e-11 -6.37876e-11 -2.79764e-11 1.46385e-10 -2.4179e-10 2.73698e-10 -2.26e-10 1.11639e-10 3.43913e-11 -1.69982e-10 2.62139e-10 -2.97848e-10 2.85709e-10 -2.48641e-10 2.11669e-10 -1.90536e-10 1.85943e-10 -1.85387e-10 1.7102e-10 -1.29459e-10 5.89473e-11 2.91809e-11 -1.15005e-10 1.78111e-10 -2.05499e-10 1.9595e-10 -1.59307e-10 1.11512e-10 -6.79386e-11 3.80406e-11 -2.33702e-11 1.92826e-11 -1.89654e-11 1.75616e-11 -1.44195e-11 1.26388e-11 -1.64829e-11 2.81968e-11 -4.5924e-11 6.37371e-11 -7.37159e-11 6.9041e-11 -4.6681e-11 8.5411e-12 3.92803e-11 -8.86299e-11 1.31807e-10 -1.63413e-10 1.80962e-10 -1.84328e-10 1.74603e-10 -1.53091e-10 1.20941e-10 -7.94891e-11 3.09513e-11 2.10631e-11 -7.16303e-11 1.15283e-10 -1.47212e-10 1.6443e-10 -1.66442e-10 1.55208e-10 -1.34454e-10 1.08647e-10 -8.20104e-11 5.78563e-11 -3.83393e-11 2.45217e-11 -1.65715e-11 1.39258e-11 -1.53642e-11 1.90486e-11 -2.2649e-11 2.36449e-11 -1.98038e-11 9.7308e-12 6.67889e-12 -2.8042e-11 5.16259e-11 -7.37989e-11 9.06759e-11 -9.88015e-11 9.57294e-11 -8.04093e-11 5.33559e-11 -1.66222e-11 -2.63903e-11 7.12534e-11 -1.12949e-10 1.46405e-10 -1.67096e-10 1.71641e-10 -1.58317e-10 1.27394e-10 -8.121e-11 2.39706e-11 3.87174e-11 -1.00497e-10 1.55004e-10 -1.966e-10 2.20998e-10 -2.25714e-10 2.10314e-10 -1.76424e-10 1.27523e-10 -6.85262e-11 5.22789e-12 5.63588e-11 -1.10667e-10 1.53172e-10 -1.80836e-10 1.92356e-10 -1.88179e-10 1.70303e-10 -1.41899e-10 1.06826e-10 -6.91058e-11 3.24269e-11 2.46992e-13 -2.69348e-11 4.67321e-11 -5.97428e-11 6.68731e-11 -6.95254e-11 6.9248e-11 -6.73991e-11 6.48808e-11 -6.19864e-11 5.83848e-11 -5.32424e-11 4.5457e-11 -3.3963e-11 1.80505e-11 2.35995e-12 -2.6537e-11 5.28912e-11 -7.90759e-11 1.02231e-10 -1.1934e-10 1.27649e-10 -1.25098e-10 1.10682e-10 -8.47083e-11 4.88759e-11 -6.18337e-12 -3.93539e-11 8.31365e-11 -1.20516e-10 1.4736e-10 -1.60583e-10 1.58547e-10 -1.41308e-10 1.10637e-10 -6.98397e-11 2.33636e-11 2.37308e-11 -6.63883e-11 1.00176e-10 -1.21821e-10 1.29602e-10 -1.23529e-10 1.05312e-10 -7.80898e-11 4.59929e-11 -1.35652e-11 -1.48529e-11 3.57076e-11 -4.66989e-11 4.70704e-11 -3.76804e-11 2.08489e-11 0. 
0.000115423 0.00010784 0.000100287 9.27909e-05 8.53863e-05 7.80947e-05 7.09588e-05 6.39855e-05 5.72393e-05 5.06982e-05 4.44585e-05 3.84715e-05 3.2838e-05 2.75463e-05 2.26045e-05 1.81307e-05 1.4032e-05 1.03946e-05 7.33057e-06 4.69966e-06 2.55161e-06 1.10606e-06 3.73207e-07 9.47308e-08 1.84361e-08 2.18197e-09 -4.30858e-10 2.31111e-10 -1.27692e-09 6.7419e-10 -1.47471e-09 6.41374e-10 -1.09912e-09 6.40399e-11 -2.66418e-10 -7.8278e-10 6.12511e-10 -1.38784e-09 9.85709e-10 -1.27381e-09 5.94231e-10 -4.72039e-10 -2.94352e-10 5.53473e-10 -9.92723e-10 1.06284e-09 -1.00357e-09 7.27516e-10 -3.49378e-10 -4.78137e-11 3.61751e-10 -5.18888e-10 4.89026e-10 -2.95002e-10 6.1333e-12 2.81803e-10 -4.74858e-10 5.09158e-10 -3.70306e-10 9.76793e-11 2.28108e-10 -5.10783e-10 6.68955e-10 -6.6162e-10 5.00222e-10 -2.43205e-10 -2.4899e-11 2.22543e-10 -2.98005e-10 2.44729e-10 -1.00034e-10 -7.1617e-11 2.04042e-10 -2.53656e-10 2.13734e-10 -1.13799e-10 5.2041e-12 6.08009e-11 -5.36327e-11 -2.5344e-11 1.44711e-10 -2.56596e-10 3.15963e-10 -2.97707e-10 2.04955e-10 -6.59394e-11 -7.84892e-11 1.91025e-10 -2.51014e-10 2.59556e-10 -2.35339e-10 2.03876e-10 -1.85325e-10 1.86212e-10 -1.9822e-10 2.03899e-10 -1.86155e-10 1.36984e-10 -6.16163e-11 -2.34433e-11 9.72232e-11 -1.42648e-10 1.52781e-10 -1.32493e-10 9.52984e-11 -5.71954e-11 3.04326e-11 -1.98097e-11 2.27062e-11 -3.22396e-11 4.16443e-11 -4.76631e-11 5.14868e-11 -5.71126e-11 6.82359e-11 -8.53884e-11 1.04763e-10 -1.19253e-10 1.21142e-10 -1.05173e-10 7.06188e-11 -2.15694e-11 -3.45376e-11 8.93482e-11 -1.35903e-10 1.69964e-10 -1.90057e-10 1.96563e-10 -1.90535e-10 1.72932e-10 -1.44569e-10 1.06694e-10 -6.16889e-11 1.34148e-11 3.31364e-11 -7.28097e-11 1.01517e-10 -1.17238e-10 1.20414e-10 -1.13627e-10 1.00733e-10 -8.58155e-11 7.23142e-11 -6.25368e-11 5.75792e-11 -5.74988e-11 6.15508e-11 -6.83552e-11 7.59796e-11 -8.20273e-11 8.38458e-11 -7.89195e-11 6.54039e-11 -4.26661e-11 1.16559e-11 2.50323e-11 -6.34503e-11 9.88796e-11 -1.26567e-10 1.4245e-10 -1.43741e-10 1.293e-10 -9.97855e-11 5.76e-11 -6.67559e-12 -4.78907e-11 1.0033e-10 -1.44807e-10 1.76087e-10 -1.90187e-10 1.84931e-10 -1.60274e-10 1.18377e-10 -6.33688e-11 8.57482e-13 6.2742e-11 -1.20961e-10 1.68007e-10 -1.99388e-10 2.12359e-10 -2.06163e-10 1.82046e-10 -1.43048e-10 9.36025e-11 -3.89844e-11 -1.53207e-11 6.42529e-11 -1.03733e-10 1.31064e-10 -1.45132e-10 1.46385e-10 -1.36612e-10 1.18567e-10 -9.54951e-11 7.06507e-11 -4.686e-11 2.6195e-11 -9.79145e-12 -2.17147e-12 1.03389e-11 -1.59229e-11 2.03675e-11 -2.49924e-11 3.0677e-11 -3.76387e-11 4.53453e-11 -5.25773e-11 5.76327e-11 -5.86415e-11 5.39384e-11 -4.24314e-11 2.39034e-11 8.0653e-13 -2.97789e-11 6.01595e-11 -8.84641e-11 1.11005e-10 -1.24383e-10 1.25983e-10 -1.14392e-10 8.96864e-11 -5.353e-11 9.07291e-12 3.93579e-11 -8.67344e-11 1.27915e-10 -1.58269e-10 1.74256e-10 -1.73882e-10 1.56968e-10 -1.25201e-10 8.19439e-11 -3.18358e-11 -1.97678e-11 6.74484e-11 -1.06382e-10 1.32918e-10 -1.44999e-10 1.42379e-10 -1.26593e-10 1.00702e-10 -6.88399e-11 3.56269e-11 -5.52969e-12 -1.77432e-11 3.17295e-11 -3.55188e-11 2.98348e-11 -1.68849e-11 0. 
0.000115423 0.00010784 0.000100287 9.27908e-05 8.53865e-05 7.80945e-05 7.0959e-05 6.39853e-05 5.72394e-05 5.06982e-05 4.44584e-05 3.84717e-05 3.28376e-05 2.75469e-05 2.26036e-05 1.81317e-05 1.40307e-05 1.03961e-05 7.32902e-06 4.70122e-06 2.55014e-06 1.10732e-06 3.7228e-07 9.52152e-08 1.8475e-08 1.58381e-09 7.0428e-10 -1.35189e-09 5.98226e-10 -1.28133e-09 3.15014e-10 -7.33512e-10 -3.53245e-10 8.80912e-11 -1.09626e-09 7.65712e-10 -1.44635e-09 8.76552e-10 -1.12867e-09 3.45032e-10 -2.58409e-10 -5.25686e-10 6.41789e-10 -1.07637e-09 1.01153e-09 -9.31434e-10 6.14496e-10 -2.48629e-10 -1.19573e-10 3.89335e-10 -5.02927e-10 4.39821e-10 -2.28142e-10 -6.35914e-11 3.44976e-10 -5.29291e-10 5.58653e-10 -4.21173e-10 1.54678e-10 1.6463e-10 -4.4535e-10 6.08915e-10 -6.13559e-10 4.66559e-10 -2.20586e-10 -4.45356e-11 2.48554e-10 -3.36738e-10 2.96252e-10 -1.57455e-10 -1.97649e-11 1.69237e-10 -2.4255e-10 2.25141e-10 -1.38913e-10 3.10809e-11 4.58571e-11 -5.50213e-11 -1.10928e-11 1.28892e-10 -2.54038e-10 3.39245e-10 -3.52228e-10 2.86883e-10 -1.63775e-10 2.05268e-11 1.03426e-10 -1.8127e-10 2.06843e-10 -1.93649e-10 1.66158e-10 -1.47706e-10 1.50386e-10 -1.70998e-10 1.9422e-10 -2.00986e-10 1.77985e-10 -1.24024e-10 5.0695e-11 2.25486e-11 -7.64053e-11 9.91961e-11 -9.06945e-11 6.10462e-11 -2.57185e-11 -9.88656e-13 1.10039e-11 -4.19777e-12 -1.34871e-11 3.41275e-11 -5.19574e-11 6.56402e-11 -7.7856e-11 9.27437e-11 -1.12692e-10 1.3615e-10 -1.57492e-10 1.6895e-10 -1.63635e-10 1.38261e-10 -9.444e-11 3.80927e-11 2.25755e-11 -7.95715e-11 1.27044e-10 -1.62015e-10 1.8391e-10 -1.93422e-10 1.91423e-10 -1.78495e-10 1.55196e-10 -1.22773e-10 8.38016e-11 -4.22819e-11 3.03973e-12 2.93819e-11 -5.18949e-11 6.36357e-11 -6.60514e-11 6.23138e-11 -5.63291e-11 5.17202e-11 -5.10991e-11 5.57655e-11 -6.57713e-11 8.01728e-11 -9.72861e-11 1.14854e-10 -1.30156e-10 1.4016e-10 -1.41835e-10 1.32635e-10 -1.11078e-10 7.72588e-11 -3.31276e-11 -1.75903e-11 6.98287e-11 -1.17879e-10 1.56194e-10 -1.80143e-10 1.8659e-10 -1.74252e-10 1.43839e-10 -9.79831e-11 4.10054e-11 2.14825e-11 -8.31204e-11 1.37461e-10 -1.7869e-10 2.02328e-10 -2.05783e-10 1.88693e-10 -1.52965e-10 1.02521e-10 -4.27952e-11 -1.99458e-11 7.93442e-11 -1.29664e-10 1.66391e-10 -1.86664e-10 1.89497e-10 -1.75789e-10 1.48115e-10 -1.10335e-10 6.70659e-11 -2.30792e-11 -1.72838e-11 5.06107e-11 -7.47567e-11 8.89837e-11 -9.38909e-11 9.11614e-11 -8.3176e-11 7.25617e-11 -6.17479e-11 5.25935e-11 -4.61378e-11 4.25048e-11 -4.09675e-11 4.01588e-11 -3.83909e-11 3.40314e-11 -2.58745e-11 1.34426e-11 2.83193e-12 -2.15825e-11 4.06506e-11 -5.73775e-11 6.90051e-11 -7.31249e-11 6.81051e-11 -5.34302e-11 2.98946e-11 3.86042e-13 -3.41548e-11 6.73712e-11 -9.57021e-11 1.15085e-10 -1.22287e-10 1.15384e-10 -9.40871e-11 5.98681e-11 -1.58615e-11 -3.34586e-11 8.27838e-11 -1.266e-10 1.59861e-10 -1.78612e-10 1.80492e-10 -1.65042e-10 1.33767e-10 -8.99689e-11 3.83358e-11 1.56298e-11 -6.62882e-11 1.08549e-10 -1.38478e-10 1.53753e-10 -1.53895e-10 1.4026e-10 -1.15794e-10 8.45775e-11 -5.12352e-11 2.02844e-11 4.48191e-12 -2.04969e-11 2.67372e-11 -2.38134e-11 1.38249e-11 0. 
0.000115423 0.00010784 0.000100287 9.27906e-05 8.53867e-05 7.80942e-05 7.09593e-05 6.39849e-05 5.72399e-05 5.06975e-05 4.44592e-05 3.84709e-05 3.28386e-05 2.75458e-05 2.26048e-05 1.81305e-05 1.40319e-05 1.0395e-05 7.33e-06 4.70048e-06 2.55058e-06 1.10726e-06 3.71921e-07 9.60066e-08 1.72843e-08 3.09336e-09 -9.95633e-10 3.69052e-10 -9.48601e-10 -1.07334e-10 -3.11343e-10 -7.766e-10 4.02172e-10 -1.32622e-09 8.23231e-10 -1.41778e-09 7.02541e-10 -9.26172e-10 5.56767e-11 -3.88785e-11 -7.28197e-10 7.0542e-10 -1.12383e-09 9.02474e-10 -8.27481e-10 4.56207e-10 -1.19345e-10 -2.16651e-10 4.33853e-10 -4.98339e-10 3.97652e-10 -1.66257e-10 -1.2797e-10 4.00128e-10 -5.71447e-10 5.91318e-10 -4.51967e-10 1.91135e-10 1.18563e-10 -3.90782e-10 5.51011e-10 -5.58688e-10 4.18953e-10 -1.801e-10 -8.25098e-11 2.90902e-10 -3.89134e-10 3.59961e-10 -2.27944e-10 4.83892e-11 1.13695e-10 -2.06818e-10 2.10128e-10 -1.38537e-10 3.45402e-11 4.96733e-11 -7.27508e-11 1.95729e-11 9.40117e-11 -2.28388e-10 3.35997e-10 -3.79334e-10 3.44164e-10 -2.43207e-10 1.09505e-10 1.72747e-11 -1.0577e-10 1.4322e-10 -1.37481e-10 1.10739e-10 -8.82248e-11 8.70092e-11 -1.09515e-10 1.44026e-10 -1.71362e-10 1.74348e-10 -1.45774e-10 9.15289e-11 -2.78898e-11 -2.54553e-11 5.3401e-11 -5.09996e-11 2.45011e-11 1.21492e-11 -4.34498e-11 5.82912e-11 -5.32815e-11 3.24177e-11 -3.77217e-12 -2.49152e-11 4.96036e-11 -7.08756e-11 9.23092e-11 -1.17386e-10 1.46604e-10 -1.76227e-10 1.992e-10 -2.07742e-10 1.96379e-10 -1.64062e-10 1.1457e-10 -5.51494e-11 -5.85795e-12 6.13442e-11 -1.06839e-10 1.40636e-10 -1.62913e-10 1.74505e-10 -1.76036e-10 1.67769e-10 -1.50138e-10 1.24509e-10 -9.36526e-11 6.15703e-11 -3.26679e-11 1.05856e-11 2.83141e-12 -8.01517e-12 7.44572e-12 -4.83903e-12 4.08587e-12 -8.3139e-12 1.93268e-11 -3.74751e-11 6.1839e-11 -9.05264e-11 1.2093e-10 -1.49899e-10 1.73883e-10 -1.8918e-10 1.9235e-10 -1.8079e-10 1.5334e-10 -1.10759e-10 5.58881e-11 6.56368e-12 -7.05789e-11 1.29623e-10 -1.77495e-10 2.09083e-10 -2.20937e-10 2.11614e-10 -1.81802e-10 1.34245e-10 -7.35002e-11 5.50995e-12 6.29753e-11 -1.25102e-10 1.74672e-10 -2.0686e-10 2.18773e-10 -2.09769e-10 1.81474e-10 -1.37511e-10 8.29847e-11 -2.382e-11 -3.39541e-11 8.4881e-11 -1.24637e-10 1.50423e-10 -1.61168e-10 1.57508e-10 -1.41582e-10 1.16642e-10 -8.65555e-11 5.5241e-11 -2.61468e-11 1.82414e-12 1.63317e-11 -2.81443e-11 3.45243e-11 -3.71735e-11 3.81849e-11 -3.96047e-11 4.30303e-11 -4.93033e-11 5.83435e-11 -6.91458e-11 7.99402e-11 -8.84899e-11 9.24847e-11 -8.99671e-11 7.97265e-11 -6.15956e-11 3.65959e-11 -6.90204e-12 -2.43781e-11 5.35839e-11 -7.69915e-11 9.1344e-11 -9.43454e-11 8.50461e-11 -6.40585e-11 3.3567e-11 2.87684e-12 -4.0756e-11 7.51363e-11 -1.01295e-10 1.15343e-10 -1.14768e-10 9.88013e-11 -6.85854e-11 2.70836e-11 2.12402e-11 -7.09452e-11 1.16271e-10 -1.51845e-10 1.73353e-10 -1.78075e-10 1.65229e-10 -1.36065e-10 9.37069e-11 -4.2758e-11 -1.12797e-11 6.26904e-11 -1.06249e-10 1.3785e-10 -1.5498e-10 1.56973e-10 -1.45017e-10 1.21922e-10 -9.16692e-11 5.88259e-11 -2.78904e-11 2.67103e-12 1.4222e-11 -2.17006e-11 2.02956e-11 -1.20175e-11 0. 
0.000115423 0.00010784 0.000100286 9.27909e-05 8.53863e-05 7.80947e-05 7.09588e-05 6.39856e-05 5.72392e-05 5.06983e-05 4.44583e-05 3.84717e-05 3.28378e-05 2.75466e-05 2.26041e-05 1.81311e-05 1.40316e-05 1.03951e-05 7.33009e-06 4.70009e-06 2.55128e-06 1.10627e-06 3.73164e-07 9.45838e-08 1.87804e-08 1.65702e-09 2.31529e-10 -4.98912e-10 -5.71118e-10 9.7215e-11 -1.13026e-09 6.15531e-10 -1.44316e-09 7.79796e-10 -1.29788e-09 4.51178e-10 -6.65134e-10 -2.48755e-10 1.60845e-10 -8.994e-10 7.38128e-10 -1.11552e-09 7.41577e-10 -6.96334e-10 2.55009e-10 2.55908e-11 -3.31691e-10 4.86586e-10 -5.00111e-10 3.60638e-10 -1.11015e-10 -1.82361e-10 4.40451e-10 -5.93224e-10 5.98404e-10 -4.53567e-10 1.97487e-10 1.00172e-10 -3.5827e-10 5.07366e-10 -5.09748e-10 3.70228e-10 -1.34075e-10 -1.27374e-10 3.39077e-10 -4.45365e-10 4.26306e-10 -3.01936e-10 1.23282e-10 4.65775e-11 -1.54568e-10 1.75107e-10 -1.17046e-10 1.80282e-11 7.12056e-11 -1.06485e-10 6.65041e-11 4.00862e-11 -1.79014e-10 3.04014e-10 -3.74233e-10 3.68729e-10 -2.92773e-10 1.74096e-10 -5.11225e-11 -4.17655e-11 8.61073e-11 -8.40243e-11 5.44777e-11 -2.33398e-11 1.18079e-11 -2.80042e-11 6.49244e-11 -1.05032e-10 1.29015e-10 -1.24656e-10 9.20567e-11 -4.32391e-11 -3.30304e-12 3.04485e-11 -2.92363e-11 1.86067e-12 4.00382e-11 -8.06448e-11 1.06279e-10 -1.10046e-10 9.31281e-11 -6.26255e-11 2.73755e-11 6.14863e-12 -3.60289e-11 6.44453e-11 -9.51239e-11 1.30157e-10 -1.67814e-10 2.02367e-10 -2.25938e-10 2.31451e-10 -2.15338e-10 1.78862e-10 -1.27615e-10 6.95532e-11 -1.25286e-11 -3.76723e-11 7.81173e-11 -1.08298e-10 1.28975e-10 -1.4101e-10 1.44791e-10 -1.40405e-10 1.28345e-10 -1.10212e-10 8.89552e-11 -6.84162e-11 5.23274e-11 -4.31696e-11 4.13629e-11 -4.51071e-11 5.09117e-11 -5.45824e-11 5.22928e-11 -4.14023e-11 2.08427e-11 8.90315e-12 -4.60659e-11 8.79033e-11 -1.30946e-10 1.71173e-10 -2.04222e-10 2.25726e-10 -2.31843e-10 2.19902e-10 -1.89028e-10 1.40543e-10 -7.80265e-11 6.96997e-12 6.58875e-11 -1.33411e-10 1.88936e-10 -2.27016e-10 2.43967e-10 -2.38199e-10 2.10332e-10 -1.63121e-10 1.01199e-10 -3.06382e-11 -4.16539e-11 1.08667e-10 -1.64062e-10 2.0288e-10 -2.22089e-10 2.20859e-10 -2.00556e-10 1.64447e-10 -1.1719e-10 6.41962e-11 -1.09584e-11 -3.7571e-11 7.74834e-11 -1.06256e-10 1.22903e-10 -1.27937e-10 1.23139e-10 -1.11177e-10 9.51299e-11 -7.79817e-11 6.21604e-11 -4.92018e-11 3.95829e-11 -3.27479e-11 2.73153e-11 -2.14243e-11 1.31581e-11 -9.72023e-13 -1.59431e-11 3.74191e-11 -6.22288e-11 8.81808e-11 -1.12379e-10 1.31616e-10 -1.42846e-10 1.43672e-10 -1.32767e-10 1.10174e-10 -7.74194e-11 3.74279e-11 5.7763e-12 -4.75336e-11 8.31269e-11 -1.08395e-10 1.20296e-10 -1.17347e-10 9.98669e-11 -6.99958e-11 3.14747e-11 1.079e-11 -5.13244e-11 8.47732e-11 -1.06585e-10 1.1361e-10 -1.04522e-10 8.00206e-11 -4.27686e-11 -2.92158e-12 5.16142e-11 -9.74244e-11 1.34753e-10 -1.58986e-10 1.67066e-10 -1.57869e-10 1.32325e-10 -9.329e-11 4.51575e-11 6.70603e-12 -5.66485e-11 9.94412e-11 -1.30918e-10 1.48462e-10 -1.51274e-10 1.404e-10 -1.18505e-10 8.9439e-11 -5.76615e-11 2.75904e-11 -2.98541e-12 -1.35602e-11 2.09451e-11 -1.96614e-11 1.16598e-11 0. 
0.000115423 0.00010784 0.000100287 9.27907e-05 8.53866e-05 7.80943e-05 7.09592e-05 6.39851e-05 5.72396e-05 5.06979e-05 4.44587e-05 3.84714e-05 3.28379e-05 2.75466e-05 2.26039e-05 1.81314e-05 1.4031e-05 1.03959e-05 7.32913e-06 4.70122e-06 2.55003e-06 1.10756e-06 3.71913e-07 9.56902e-08 1.7928e-08 2.14922e-09 1.88776e-10 -9.6327e-10 4.12916e-10 -1.36368e-09 7.04902e-10 -1.4351e-09 6.20909e-10 -1.07448e-09 1.31538e-10 -3.79151e-10 -5.36437e-10 3.32214e-10 -1.03414e-09 7.18694e-10 -1.04389e-09 5.45585e-10 -5.39598e-10 2.21809e-11 1.67238e-10 -4.54369e-10 5.33222e-10 -4.99716e-10 3.22835e-10 -6.02923e-11 -2.26003e-10 4.63101e-10 -5.90599e-10 5.75371e-10 -4.21197e-10 1.68611e-10 1.15302e-10 -3.54804e-10 4.86366e-10 -4.76487e-10 3.31161e-10 -9.38397e-11 -1.67693e-10 3.81775e-10 -4.94234e-10 4.83993e-10 -3.6784e-10 1.93026e-10 -2.02215e-11 -9.71647e-11 1.30319e-10 -8.31379e-11 -1.13479e-11 1.04592e-10 -1.51023e-10 1.24623e-10 -2.77289e-11 -1.10842e-10 2.47208e-10 -3.3881e-10 3.59513e-10 -3.07947e-10 2.06342e-10 -9.08674e-11 -2.38864e-12 5.02372e-11 -4.92414e-11 1.44589e-11 2.87658e-11 -5.61551e-11 5.42236e-11 -2.46137e-11 -1.82574e-11 5.47072e-11 -6.89155e-11 5.5727e-11 -2.2442e-11 -1.48021e-11 3.81655e-11 -3.55385e-11 5.17191e-12 4.41755e-11 -9.72539e-11 1.38481e-10 -1.57529e-10 1.52142e-10 -1.27379e-10 9.21015e-11 -5.45657e-11 1.91878e-11 1.42555e-11 -4.89456e-11 8.79584e-11 -1.31442e-10 1.754e-10 -2.12601e-10 2.35107e-10 -2.37242e-10 2.17687e-10 -1.79888e-10 1.30739e-10 -7.82511e-11 2.92212e-11 1.21908e-11 -4.46183e-11 6.86052e-11 -8.53284e-11 9.56246e-11 -9.97427e-11 9.78005e-11 -9.05529e-11 7.99433e-11 -6.90526e-11 6.13859e-11 -5.97714e-11 6.53333e-11 -7.69651e-11 9.15055e-11 -1.04531e-10 1.11456e-10 -1.08553e-10 9.36251e-11 -6.62224e-11 2.75018e-11 2.00793e-11 -7.30645e-11 1.27224e-10 -1.7775e-10 2.19529e-10 -2.47593e-10 2.57746e-10 -2.47268e-10 2.15525e-10 -1.64291e-10 9.76945e-11 -2.17635e-11 -5.63175e-11 1.29086e-10 -1.89657e-10 2.32433e-10 -2.53623e-10 2.51542e-10 -2.26728e-10 1.81859e-10 -1.21498e-10 5.16397e-11 2.09075e-11 -8.92546e-11 1.47199e-10 -1.89908e-10 2.1441e-10 -2.19831e-10 2.0734e-10 -1.79836e-10 1.41449e-10 -9.69396e-11 5.1078e-11 -8.09922e-12 -2.87302e-11 5.73841e-11 -7.71706e-11 8.86448e-11 -9.33552e-11 9.34613e-11 -9.12795e-11 8.88277e-11 -8.74443e-11 8.75454e-11 -8.85608e-11 8.90606e-11 -8.70453e-11 8.03532e-11 -6.71126e-11 4.61674e-11 -1.74067e-11 -1.8055e-11 5.78793e-11 -9.86944e-11 1.36457e-10 -1.66942e-10 1.86303e-10 -1.91615e-10 1.8134e-10 -1.5563e-10 1.1642e-10 -6.72913e-11 1.31103e-11 4.05179e-11 -8.79103e-11 1.24e-10 -1.44972e-10 1.48749e-10 -1.35283e-10 1.06577e-10 -6.64661e-11 2.01531e-11 2.64257e-11 -6.73372e-11 9.73926e-11 -1.12797e-10 1.11625e-10 -9.40612e-11 6.23682e-11 -2.05936e-11 -2.59516e-11 7.13725e-11 -1.09939e-10 1.36807e-10 -1.4862e-10 1.4391e-10 -1.23252e-10 8.91572e-11 -4.57151e-11 -1.96099e-12 4.84065e-11 -8.85101e-11 1.18153e-10 -1.34702e-10 1.37287e-10 -1.26842e-10 1.05893e-10 -7.81423e-11 4.79015e-11 -1.94586e-11 -3.53129e-12 1.8547e-11 -2.45249e-11 2.1961e-11 -1.27813e-11 0. 
0.000115423 0.00010784 0.000100287 9.27908e-05 8.53865e-05 7.80944e-05 7.09591e-05 6.39851e-05 5.72397e-05 5.06977e-05 4.4459e-05 3.8471e-05 3.28385e-05 2.75459e-05 2.26048e-05 1.81305e-05 1.40321e-05 1.03948e-05 7.33027e-06 4.70014e-06 2.55098e-06 1.10682e-06 3.72362e-07 9.56012e-08 1.76043e-08 2.91227e-09 -1.00482e-09 6.1017e-10 -1.44527e-09 6.42718e-10 -1.28114e-09 3.4591e-10 -7.75772e-10 -2.11413e-10 -1.03e-10 -7.94009e-10 4.6395e-10 -1.10705e-09 6.3094e-10 -9.22773e-10 3.28123e-10 -3.58046e-10 -2.18029e-10 2.86392e-10 -5.72295e-10 5.5529e-10 -4.8776e-10 2.75616e-10 -9.68119e-12 -2.61128e-10 4.68732e-10 -5.63642e-10 5.22326e-10 -3.55224e-10 1.04925e-10 1.64003e-10 -3.81526e-10 4.90756e-10 -4.63478e-10 3.08065e-10 -6.71131e-11 -1.94757e-10 4.09618e-10 -5.25825e-10 5.22527e-10 -4.14483e-10 2.45759e-10 -7.43614e-11 -4.69978e-11 8.76724e-11 -4.78062e-11 -4.36672e-11 1.40788e-10 -1.97722e-10 1.8516e-10 -1.00218e-10 -3.34342e-11 1.74922e-10 -2.81275e-10 3.22622e-10 -2.91966e-10 2.06257e-10 -9.88181e-11 6.40565e-12 4.40025e-11 -4.3755e-11 3.55637e-12 5.2833e-11 -9.92235e-11 1.1747e-10 -1.03694e-10 6.81431e-11 -2.92779e-11 4.97183e-12 -4.67627e-12 2.57269e-11 -5.50348e-11 7.50919e-11 -7.15103e-11 3.88834e-11 1.73081e-11 -8.3218e-11 1.42192e-10 -1.8085e-10 1.93208e-10 -1.81415e-10 1.53248e-10 -1.17853e-10 8.17788e-11 -4.69957e-11 1.1496e-11 2.81257e-11 -7.35697e-11 1.22753e-10 -1.69703e-10 2.0641e-10 -2.25712e-10 2.23929e-10 -2.02134e-10 1.65628e-10 -1.22002e-10 7.86808e-11 -4.09685e-11 1.1251e-11 1.05728e-11 -2.59002e-11 3.61858e-11 -4.22556e-11 4.43929e-11 -4.29867e-11 3.92552e-11 -3.55543e-11 3.50202e-11 -4.06444e-11 5.41621e-11 -7.52234e-11 1.0119e-10 -1.27632e-10 1.49327e-10 -1.61405e-10 1.60264e-10 -1.44082e-10 1.1288e-10 -6.83026e-11 1.33097e-11 4.8094e-11 -1.11061e-10 1.7012e-10 -2.19537e-10 2.53857e-10 -2.68628e-10 2.61125e-10 -2.30924e-10 1.8013e-10 -1.13213e-10 3.64623e-11 4.27976e-11 -1.17082e-10 1.79559e-10 -2.24706e-10 2.48783e-10 -2.50103e-10 2.29137e-10 -1.88432e-10 1.32344e-10 -6.65876e-11 -2.38222e-12 6.80908e-11 -1.24773e-10 1.67998e-10 -1.95096e-10 2.05322e-10 -1.99752e-10 1.80948e-10 -1.52474e-10 1.18335e-10 -8.24307e-11 4.80893e-11 -1.77226e-11 -7.36113e-12 2.69767e-11 -4.19156e-11 5.36546e-11 -6.39635e-11 7.44702e-11 -8.62581e-11 9.95638e-11 -1.13635e-10 1.26777e-10 -1.3658e-10 1.40307e-10 -1.35362e-10 1.1978e-10 -9.26574e-11 5.44528e-11 -7.11223e-12 -4.60092e-11 1.0043e-10 -1.51003e-10 1.925e-10 -2.20252e-10 2.30765e-10 -2.22215e-10 1.94769e-10 -1.50658e-10 9.40077e-11 -3.04096e-11 -3.36881e-11 9.17203e-11 -1.37771e-10 1.67275e-10 -1.77559e-10 1.68164e-10 -1.40894e-10 9.95939e-11 -4.96699e-11 -2.57159e-12 5.0702e-11 -8.89556e-11 1.12928e-10 -1.20096e-10 1.10101e-10 -8.47487e-11 4.77394e-11 -4.16448e-12 -4.017e-11 7.94957e-11 -1.08816e-10 1.24524e-10 -1.24831e-10 1.09946e-10 -8.19954e-11 4.46931e-11 -2.81124e-12 -3.84738e-11 7.42707e-11 -1.00605e-10 1.14907e-10 -1.163e-10 1.05644e-10 -8.53427e-11 5.89412e-11 -3.05808e-11 4.38229e-12 1.61485e-11 -2.86095e-11 3.20197e-11 -2.69198e-11 1.52466e-11 0. 
0.000115423 0.00010784 0.000100287 9.27908e-05 8.53864e-05 7.80946e-05 7.09589e-05 6.39855e-05 5.72393e-05 5.06983e-05 4.44583e-05 3.84718e-05 3.28376e-05 2.75468e-05 2.26038e-05 1.81314e-05 1.40312e-05 1.03955e-05 7.32969e-06 4.70048e-06 2.55093e-06 1.10653e-06 3.73024e-07 9.45685e-08 1.8982e-08 1.24738e-09 8.5649e-10 -1.32708e-09 4.25329e-10 -1.00868e-09 4.54997e-12 -4.52066e-10 -5.44494e-10 1.4427e-10 -9.97541e-10 5.2218e-10 -1.09759e-09 4.8545e-10 -7.70096e-10 9.13968e-11 -1.6494e-10 -4.32718e-10 3.70964e-10 -6.69389e-10 5.33861e-10 -4.57225e-10 2.0941e-10 4.50337e-11 -2.91342e-10 4.60105e-10 -5.15539e-10 4.43365e-10 -2.60785e-10 1.22732e-11 2.40395e-10 -4.3333e-10 5.16927e-10 -4.69083e-10 3.01402e-10 -5.62897e-11 -2.04571e-10 4.17348e-10 -5.3383e-10 5.34606e-10 -4.33521e-10 2.7209e-10 -1.05534e-10 -1.49738e-11 5.82287e-11 -2.18514e-11 -6.86126e-11 1.69881e-10 -2.36716e-10 2.37791e-10 -1.66194e-10 4.10611e-11 9.99431e-11 -2.14363e-10 2.69842e-10 -2.54831e-10 1.81474e-10 -7.99953e-11 -1.2962e-11 6.74865e-11 -7.01636e-11 2.7098e-11 4.04427e-11 -1.05569e-10 1.46467e-10 -1.54052e-10 1.33853e-10 -1.01873e-10 7.65652e-11 -7.05057e-11 8.5177e-11 -1.108e-10 1.3095e-10 -1.29743e-10 9.84898e-11 -3.91503e-11 -3.66007e-11 1.11972e-10 -1.71197e-10 2.04642e-10 -2.10979e-10 1.95932e-10 -1.68545e-10 1.36875e-10 -1.05015e-10 7.25469e-11 -3.635e-11 -6.37052e-12 5.54041e-11 -1.06473e-10 1.52225e-10 -1.84753e-10 1.98475e-10 -1.92128e-10 1.69091e-10 -1.36037e-10 1.00606e-10 -6.90893e-11 4.50231e-11 -2.90409e-11 1.97813e-11 -1.52177e-11 1.37146e-11 -1.43735e-11 1.66564e-11 -1.96553e-11 2.15238e-11 -1.94723e-11 1.04178e-11 7.95303e-12 -3.61552e-11 7.23421e-11 -1.12441e-10 1.50932e-10 -1.81983e-10 2.00561e-10 -2.03217e-10 1.8842e-10 -1.56502e-10 1.09404e-10 -5.03907e-11 -1.61667e-11 8.49759e-11 -1.50081e-10 2.05302e-10 -2.44877e-10 2.64235e-10 -2.60726e-10 2.34118e-10 -1.86729e-10 1.23156e-10 -4.96692e-11 -2.65852e-11 9.84185e-11 -1.59343e-10 2.04159e-10 -2.29364e-10 2.33396e-10 -2.16707e-10 1.81684e-10 -1.32367e-10 7.40087e-11 -1.2463e-11 -4.64949e-11 9.78367e-11 -1.37823e-10 1.64333e-10 -1.76948e-10 1.76785e-10 -1.66136e-10 1.48001e-10 -1.25573e-10 1.0177e-10 -7.88604e-11 5.82186e-11 -4.02323e-11 2.43728e-11 -9.41326e-12 -6.23165e-12 2.40934e-11 -4.52303e-11 6.98732e-11 -9.72038e-11 1.25312e-10 -1.51353e-10 1.71885e-10 -1.83347e-10 1.82596e-10 -1.67443e-10 1.37088e-10 -9.24014e-11 3.60058e-11 2.7875e-11 -9.37806e-11 1.55564e-10 -2.07068e-10 2.4284e-10 -2.5881e-10 2.52825e-10 -2.24985e-10 1.77706e-10 -1.15517e-10 4.4589e-11 2.79366e-11 -9.47484e-11 1.49195e-10 -1.86041e-10 2.0206e-10 -1.96386e-10 1.70589e-10 -1.28453e-10 7.54972e-11 -1.8292e-11 -3.63456e-11 8.21712e-11 -1.14248e-10 1.29508e-10 -1.27064e-10 1.08252e-10 -7.63841e-11 3.62645e-11 6.47059e-12 -4.61006e-11 7.75561e-11 -9.70477e-11 1.02509e-10 -9.38023e-11 7.26603e-11 -4.23878e-11 7.35953e-12 2.76074e-11 -5.79205e-11 7.98274e-11 -9.08961e-11 9.02988e-11 -7.88637e-11 5.88943e-11 -3.37855e-11 7.49718e-12 1.60408e-11 -3.35024e-11 4.26403e-11 -4.25918e-11 3.39769e-11 -1.87749e-11 0. 
0.000115423 0.00010784 0.000100287 9.27907e-05 8.53866e-05 7.80943e-05 7.09592e-05 6.39851e-05 5.72397e-05 5.06977e-05 4.44589e-05 3.84712e-05 3.28382e-05 2.75462e-05 2.26043e-05 1.81311e-05 1.40314e-05 1.03956e-05 7.32937e-06 4.70109e-06 2.55002e-06 1.10773e-06 3.71557e-07 9.6236e-08 1.71983e-08 3.0418e-09 -8.28681e-10 1.23805e-10 -6.73568e-10 -3.58189e-10 -1.36387e-10 -8.34528e-10 3.20127e-10 -1.10475e-09 4.88067e-10 -1.01707e-09 2.99677e-10 -5.88993e-10 -1.5598e-10 7.19046e-12 -5.96851e-10 4.16092e-10 -7.23683e-10 4.56693e-10 -4.05261e-10 1.15677e-10 1.04881e-10 -3.19947e-10 4.4016e-10 -4.51027e-10 3.45126e-10 -1.46478e-10 -9.92809e-11 3.33752e-10 -4.9977e-10 5.55596e-10 -4.85808e-10 3.05765e-10 -5.80188e-11 -1.9867e-10 4.04986e-10 -5.16985e-10 5.17769e-10 -4.21275e-10 2.6707e-10 -1.07569e-10 -8.28402e-12 4.9865e-11 -1.34681e-11 -7.79245e-11 1.83562e-10 -2.59389e-10 2.73159e-10 -2.15102e-10 1.00624e-10 3.56889e-11 -1.52459e-10 2.15845e-10 -2.10749e-10 1.45102e-10 -4.59981e-11 -5.06003e-11 1.12622e-10 -1.22422e-10 8.14568e-11 -7.7811e-12 -7.21813e-11 1.34121e-10 -1.64461e-10 1.63974e-10 -1.45423e-10 1.26636e-10 -1.22143e-10 1.36863e-10 -1.64265e-10 1.89479e-10 -1.9578e-10 1.7162e-10 -1.15326e-10 3.57402e-11 5.11817e-11 -1.2817e-10 1.8237e-10 -2.08786e-10 2.10363e-10 -1.95112e-10 1.71839e-10 -1.46446e-10 1.20298e-10 -9.10775e-11 5.54221e-11 -1.19013e-11 -3.71138e-11 8.55261e-11 -1.25431e-10 1.49959e-10 -1.55777e-10 1.44222e-10 -1.20677e-10 9.25932e-11 -6.70406e-11 4.878e-11 -3.94945e-11 3.82449e-11 -4.26966e-11 5.04138e-11 -5.96245e-11 6.92187e-11 -7.81661e-11 8.4823e-11 -8.66134e-11 8.03542e-11 -6.31506e-11 3.35048e-11 7.82583e-12 -5.75783e-11 1.10444e-10 -1.60069e-10 2.00242e-10 -2.25913e-10 2.3381e-10 -2.22609e-10 1.92807e-10 -1.46454e-10 8.69334e-11 -1.8794e-11 -5.24255e-11 1.20499e-10 -1.79033e-10 2.22179e-10 -2.45434e-10 2.46327e-10 -2.24822e-10 1.83344e-10 -1.26415e-10 6.00115e-11 9.20447e-12 -7.46517e-11 1.30479e-10 -1.72063e-10 1.96346e-10 -2.02036e-10 1.89651e-10 -1.61413e-10 1.20975e-10 -7.29663e-11 2.24247e-11 2.58366e-11 -6.78059e-11 1.00706e-10 -1.23214e-10 1.35437e-10 -1.38683e-10 1.3507e-10 -1.27073e-10 1.17059e-10 -1.06903e-10 9.77092e-11 -8.96704e-11 8.20873e-11 -7.35343e-11 6.21619e-11 -4.60943e-11 2.38695e-11 5.15088e-12 -4.04713e-11 8.03168e-11 -1.21688e-10 1.60625e-10 -1.92652e-10 2.13341e-10 -2.18928e-10 2.0688e-10 -1.76356e-10 1.2847e-10 -6.63329e-11 -5.15225e-12 7.97278e-11 -1.5041e-10 2.10241e-10 -2.53074e-10 2.74304e-10 -2.71439e-10 2.44447e-10 -1.95817e-10 1.30334e-10 -5.45723e-11 -2.38206e-11 9.69707e-11 -1.57655e-10 2.00102e-10 -2.2062e-10 2.17982e-10 -1.93516e-10 1.50895e-10 -9.56641e-11 3.45384e-11 2.5407e-11 -7.75808e-11 1.16635e-10 -1.39049e-10 1.4348e-10 -1.30823e-10 1.03996e-10 -6.7482e-11 2.66862e-11 1.27953e-11 -4.59037e-11 6.87464e-11 -7.90484e-11 7.63722e-11 -6.20849e-11 3.90841e-11 -1.13274e-11 -1.67648e-11 4.09498e-11 -5.77544e-11 6.49404e-11 -6.17807e-11 4.91135e-11 -2.91709e-11 5.21221e-12 1.89817e-11 -3.96796e-11 5.37522e-11 -5.91281e-11 5.50875e-11 -4.23543e-11 2.29745e-11 0. 
0.000115423 0.00010784 0.000100287 9.27908e-05 8.53865e-05 7.80944e-05 7.09591e-05 6.39852e-05 5.72396e-05 5.06979e-05 4.44587e-05 3.84713e-05 3.28382e-05 2.75461e-05 2.26045e-05 1.81307e-05 1.40319e-05 1.03948e-05 7.3304e-06 4.69985e-06 2.55143e-06 1.10621e-06 3.73133e-07 9.47002e-08 1.85962e-08 1.88117e-09 2.97961e-12 -3.05491e-10 -6.91096e-10 1.12572e-10 -1.02271e-09 3.84223e-10 -1.10688e-09 3.76119e-10 -8.78806e-10 7.56935e-11 -3.8958e-10 -3.80782e-10 1.27126e-10 -7.04272e-10 4.12766e-10 -7.12764e-10 3.25992e-10 -3.31358e-10 -9.98118e-12 1.65218e-10 -3.48899e-10 4.09999e-10 -3.74873e-10 2.3503e-10 -2.25386e-11 -2.17382e-10 4.30488e-10 -5.6705e-10 5.93681e-10 -5.01974e-10 3.11235e-10 -6.41878e-11 -1.83543e-10 3.77657e-10 -4.79266e-10 4.74917e-10 -3.79516e-10 2.31229e-10 -7.9688e-11 -2.89508e-11 6.56338e-11 -2.64441e-11 -6.73337e-11 1.7717e-10 -2.60542e-10 2.85165e-10 -2.39495e-10 1.36081e-10 -6.78958e-12 -1.08351e-10 1.7475e-10 -1.74624e-10 1.12302e-10 -1.18442e-11 -9.18952e-11 1.654e-10 -1.87416e-10 1.54902e-10 -8.222e-11 -5.6964e-12 8.32701e-11 -1.33423e-10 1.52578e-10 -1.49967e-10 1.41961e-10 -1.44049e-10 1.6383e-10 -1.97774e-10 2.32831e-10 -2.51978e-10 2.41249e-10 -1.95369e-10 1.19833e-10 -2.88324e-11 -5.98712e-11 1.30921e-10 -1.75821e-10 1.94344e-10 -1.92708e-10 1.79694e-10 -1.62548e-10 1.44413e-10 -1.24168e-10 9.84223e-11 -6.44889e-11 2.28457e-11 2.2065e-11 -6.30013e-11 9.24695e-11 -1.05495e-10 1.01439e-10 -8.41564e-11 6.05482e-11 -3.82008e-11 2.31002e-11 -1.8262e-11 2.36252e-11 -3.69877e-11 5.53691e-11 -7.61142e-11 9.73029e-11 -1.17442e-10 1.34791e-10 -1.4682e-10 1.50207e-10 -1.41482e-10 1.18091e-10 -7.94483e-11 2.75526e-11 3.30978e-11 -9.62481e-11 1.55027e-10 -2.03107e-10 2.35579e-10 -2.49378e-10 2.43328e-10 -2.17958e-10 1.75277e-10 -1.18621e-10 5.25317e-11 1.74177e-11 -8.49774e-11 1.43809e-10 -1.88242e-10 2.14057e-10 -2.19093e-10 2.03535e-10 -1.69829e-10 1.22241e-10 -6.62135e-11 7.64363e-12 4.77787e-11 -9.51114e-11 1.30554e-10 -1.51706e-10 1.57705e-10 -1.49234e-10 1.28388e-10 -9.83811e-11 6.31082e-11 -2.66094e-11 -7.48255e-12 3.64119e-11 -5.86029e-11 7.37466e-11 -8.26685e-11 8.70191e-11 -8.88561e-11 9.01977e-11 -9.26168e-11 9.69318e-11 -1.03029e-10 1.09833e-10 -1.1544e-10 1.17386e-10 -1.13041e-10 1.00074e-10 -7.69218e-11 4.32016e-11 2.25057e-14 -5.0161e-11 1.03246e-10 -1.54294e-10 1.97847e-10 -2.28625e-10 2.422e-10 -2.35617e-10 2.07859e-10 -1.60111e-10 9.57725e-11 -2.02087e-11 -5.97474e-11 1.36484e-10 -2.02422e-10 2.50859e-10 -2.76739e-10 2.77253e-10 -2.52194e-10 2.04025e-10 -1.37631e-10 5.97979e-11 2.15374e-11 -9.81591e-11 1.6248e-10 -2.08369e-10 2.31803e-10 -2.31273e-10 2.07887e-10 -1.65176e-10 1.08621e-10 -4.49612e-11 -1.86218e-11 7.53519e-11 -1.19626e-10 1.47616e-10 -1.57628e-10 1.50191e-10 -1.27864e-10 9.48014e-11 -5.61385e-11 1.72793e-11 1.68125e-11 -4.22332e-11 5.65877e-11 -5.92176e-11 5.11837e-11 -3.5016e-11 1.4272e-11 7.02893e-12 -2.50145e-11 3.65242e-11 -3.9554e-11 3.35197e-11 -1.93082e-11 -8.87215e-13 2.39189e-11 -4.61701e-11 6.41025e-11 -7.47849e-11 7.63293e-11 -6.81697e-11 5.11474e-11 -2.73893e-11 0. 
0.000115423 0.00010784 0.000100287 9.27909e-05 8.53864e-05 7.80946e-05 7.09589e-05 6.39854e-05 5.72393e-05 5.06982e-05 4.44584e-05 3.84717e-05 3.28377e-05 2.75467e-05 2.26038e-05 1.81315e-05 1.4031e-05 1.03959e-05 7.32921e-06 4.70109e-06 2.55021e-06 1.10735e-06 3.72135e-07 9.54759e-08 1.81099e-08 2.02602e-09 2.29055e-10 -9.02307e-10 2.42049e-10 -1.08702e-09 3.41033e-10 -1.01677e-09 1.92257e-10 -6.85916e-10 -1.67349e-10 -2.10776e-10 -5.49711e-10 1.87503e-10 -7.52332e-10 3.42263e-10 -6.30384e-10 1.5771e-10 -2.33698e-10 -1.6246e-10 2.15774e-10 -3.78495e-10 3.672e-10 -2.9103e-10 1.19669e-10 1.00921e-10 -3.29506e-10 5.16545e-10 -6.20588e-10 6.16941e-10 -5.04298e-10 3.05793e-10 -6.40553e-11 -1.68836e-10 3.44169e-10 -4.28822e-10 4.13582e-10 -3.1504e-10 1.70421e-10 -2.66065e-11 -7.3481e-11 1.0319e-10 -5.93817e-11 -3.75252e-11 1.50822e-10 -2.39685e-10 2.72468e-10 -2.36783e-10 1.43177e-10 -2.12606e-11 -9.03466e-11 1.56826e-10 -1.5842e-10 9.64191e-11 7.99363e-12 -1.21419e-10 2.09584e-10 -2.48331e-10 2.305e-10 -1.66554e-10 7.91505e-11 6.01151e-12 -6.94772e-11 1.04056e-10 -1.15585e-10 1.18559e-10 -1.28711e-10 1.55662e-10 -1.98576e-10 2.46373e-10 -2.82197e-10 2.9015e-10 -2.61529e-10 1.98151e-10 -1.11647e-10 1.92414e-11 6.21146e-11 -1.20911e-10 1.53678e-10 -1.6433e-10 1.60938e-10 -1.51561e-10 1.40964e-10 -1.29473e-10 1.14174e-10 -9.16136e-11 6.05923e-11 -2.37271e-11 -1.29013e-11 4.17966e-11 -5.68424e-11 5.56272e-11 -4.03589e-11 1.70736e-11 6.4315e-12 -2.30468e-11 2.82298e-11 -2.07198e-11 2.04456e-12 2.47264e-11 -5.62933e-11 8.99197e-11 -1.23477e-10 1.54916e-10 -1.81622e-10 2.00124e-10 -2.06439e-10 1.9698e-10 -1.69688e-10 1.24938e-10 -6.58526e-11 -2.10631e-12 7.20953e-11 -1.37084e-10 1.9091e-10 -2.28967e-10 2.48446e-10 -2.4828e-10 2.28944e-10 -1.92298e-10 1.41494e-10 -8.09009e-11 1.59117e-11 4.74658e-11 -1.03243e-10 1.46217e-10 -1.72685e-10 1.80946e-10 -1.71451e-10 1.46606e-10 -1.10278e-10 6.71734e-11 -2.21964e-11 -2.00958e-11 5.59069e-11 -8.24821e-11 9.82772e-11 -1.03024e-10 9.76866e-11 -8.42854e-11 6.5588e-11 -4.46799e-11 2.44787e-11 -7.2735e-12 -5.617e-12 1.40022e-11 -1.87633e-11 2.16021e-11 -2.46521e-11 3.00264e-11 -3.93817e-11 5.35618e-11 -7.23654e-11 9.44671e-11 -1.17499e-10 1.38294e-10 -1.53265e-10 1.58893e-10 -1.52256e-10 1.31543e-10 -9.64574e-11 4.84599e-11 9.22068e-12 -7.18121e-11 1.3345e-10 -1.87806e-10 2.28809e-10 -2.51385e-10 2.52104e-10 -2.29673e-10 1.85192e-10 -1.22149e-10 4.61363e-11 3.56823e-11 -1.15309e-10 1.84765e-10 -2.36969e-10 2.66538e-10 -2.70398e-10 2.48157e-10 -2.02163e-10 1.37251e-10 -6.02153e-11 -2.09489e-11 9.7931e-11 -1.63019e-10 2.09932e-10 -2.34485e-10 2.34995e-10 -2.12399e-10 1.70064e-10 -1.13333e-10 4.88375e-11 1.62993e-11 -7.53018e-11 1.22502e-10 -1.53934e-10 1.67706e-10 -1.64089e-10 1.4535e-10 -1.15336e-10 7.88911e-11 -4.11696e-11 6.9553e-12 1.9938e-11 -3.71027e-11 4.37626e-11 -4.07632e-11 3.0339e-11 -1.56984e-11 4.87799e-13 1.17837e-11 -1.82789e-11 1.72513e-11 -8.29131e-12 -7.63015e-12 2.8324e-11 -5.07234e-11 7.13504e-11 -8.68405e-11 9.44484e-11 -9.24625e-11 8.04691e-11 -5.94279e-11 3.15508e-11 0. 
0.000115423 0.00010784 0.000100287 9.27906e-05 8.53867e-05 7.80942e-05 7.09593e-05 6.3985e-05 5.72398e-05 5.06976e-05 4.4459e-05 3.8471e-05 3.28384e-05 2.7546e-05 2.26046e-05 1.81307e-05 1.40318e-05 1.03951e-05 7.32997e-06 4.70043e-06 2.55072e-06 1.10703e-06 3.72222e-07 9.56544e-08 1.765e-08 2.76118e-09 -7.50472e-10 2.6466e-10 -1.03142e-09 1.9344e-10 -8.37189e-10 -4.79988e-11 -4.75301e-10 -3.82467e-10 -8.39534e-11 -6.56614e-10 1.86291e-10 -7.25214e-10 1.9671e-10 -4.96209e-10 -3.19794e-11 -1.11952e-10 -3.22192e-10 2.45163e-10 -4.06609e-10 3.05213e-10 -2.02944e-10 3.59934e-12 2.15119e-10 -4.24821e-10 5.79639e-10 -6.4761e-10 6.12794e-10 -4.80814e-10 2.78217e-10 -4.70212e-11 -1.64798e-10 3.147e-10 -3.75942e-10 3.44159e-10 -2.38159e-10 9.45568e-11 4.25028e-11 -1.33679e-10 1.5539e-10 -1.06095e-10 6.07485e-12 1.09371e-10 -2.0117e-10 2.38803e-10 -2.098e-10 1.2346e-10 -7.61329e-12 -1.00487e-10 1.66167e-10 -1.68284e-10 1.0561e-10 3.38078e-12 -1.27031e-10 2.30988e-10 -2.88996e-10 2.90361e-10 -2.41758e-10 1.63085e-10 -7.92291e-11 1.09226e-11 3.19368e-11 -5.22522e-11 6.25937e-11 -7.85253e-11 1.11212e-10 -1.6225e-10 2.22639e-10 -2.7613e-10 3.05428e-10 -2.98737e-10 2.54096e-10 -1.79978e-10 9.21327e-11 -8.12916e-12 -5.82108e-11 1.00404e-10 -1.19813e-10 1.23268e-10 -1.19113e-10 1.13469e-10 -1.08234e-10 1.01401e-10 -8.92763e-11 6.93611e-11 -4.24961e-11 1.3305e-11 1.12187e-11 -2.43082e-11 2.20586e-11 -5.00237e-12 -2.19648e-11 5.11856e-11 -7.46478e-11 8.62308e-11 -8.30049e-11 6.52806e-11 -3.56482e-11 -2.38191e-12 4.5475e-11 -9.08886e-11 1.36194e-10 -1.78644e-10 2.14674e-10 -2.39939e-10 2.49976e-10 -2.41299e-10 2.12494e-10 -1.64886e-10 1.02521e-10 -3.1489e-11 -4.11815e-11 1.08673e-10 -1.65271e-10 2.06831e-10 -2.30869e-10 2.36423e-10 -2.23884e-10 1.94901e-10 -1.52352e-10 1.00292e-10 -4.37221e-11 -1.18597e-11 6.1119e-11 -9.96093e-11 1.24389e-10 -1.34373e-10 1.30337e-10 -1.14614e-10 9.05748e-11 -6.20447e-11 3.27647e-11 -5.97794e-12 -1.58504e-11 3.11953e-11 -3.9542e-11 4.13698e-11 -3.80408e-11 3.15748e-11 -2.43141e-11 1.85078e-11 -1.58839e-11 1.72941e-11 -2.25112e-11 3.02263e-11 -3.8254e-11 4.3903e-11 -4.44461e-11 3.76055e-11 -2.19811e-11 -2.63801e-12 3.51142e-11 -7.29746e-11 1.12599e-10 -1.4957e-10 1.79162e-10 -1.96915e-10 1.99236e-10 -1.83946e-10 1.50689e-10 -1.01143e-10 3.89845e-11 3.04076e-11 -1.00477e-10 1.64182e-10 -2.14784e-10 2.46622e-10 -2.55798e-10 2.40674e-10 -2.02138e-10 1.43577e-10 -7.05857e-11 -9.60016e-12 8.8858e-11 -1.59056e-10 2.12945e-10 -2.44968e-10 2.51878e-10 -2.33104e-10 1.90811e-10 -1.2965e-10 5.62243e-11 2.16514e-11 -9.58308e-11 1.58733e-10 -2.04164e-10 2.27963e-10 -2.28409e-10 2.06331e-10 -1.64931e-10 1.09339e-10 -4.59521e-11 -1.83387e-11 7.6959e-11 -1.24384e-10 1.56715e-10 -1.72032e-10 1.7049e-10 -1.54155e-10 1.26611e-10 -9.24031e-11 5.63896e-11 -2.30901e-11 -3.87916e-12 2.22194e-11 -3.11596e-11 3.14451e-11 -2.51151e-11 1.51071e-11 -4.75022e-12 -2.77822e-12 4.95424e-12 -2.97041e-13 -1.14063e-11 2.90701e-11 -5.04739e-11 7.25956e-11 -9.20622e-11 1.05654e-10 -1.10786e-10 1.05906e-10 -9.07368e-11 6.63483e-11 -3.50308e-11 0. 
0.000115423 0.00010784 0.000100287 9.27909e-05 8.53863e-05 7.80946e-05 7.09588e-05 6.39855e-05 5.72393e-05 5.06982e-05 4.44585e-05 3.84715e-05 3.28379e-05 2.75464e-05 2.26042e-05 1.8131e-05 1.40315e-05 1.03952e-05 7.32995e-06 4.70029e-06 2.55103e-06 1.10654e-06 3.72902e-07 9.48003e-08 1.86499e-08 1.66059e-09 3.89977e-10 -8.42622e-10 -3.65909e-11 -6.11463e-10 -2.8845e-10 -2.95277e-10 -5.45335e-10 -1.44402e-11 -6.94005e-10 1.06697e-10 -6.18244e-10 -1.43204e-13 -3.37608e-10 -2.35686e-10 1.97363e-11 -4.59329e-10 2.47606e-10 -4.25884e-10 2.15375e-10 -1.14665e-10 -1.11401e-10 3.12892e-10 -4.95525e-10 6.10928e-10 -6.39286e-10 5.72759e-10 -4.23525e-10 2.20841e-10 -5.40447e-12 -1.79546e-10 2.98173e-10 -3.30557e-10 2.77561e-10 -1.60502e-10 1.5554e-11 1.15904e-10 -1.98385e-10 2.11872e-10 -1.57038e-10 5.45904e-11 6.12377e-11 -1.53127e-10 1.92047e-10 -1.66035e-10 8.37557e-11 2.83313e-11 -1.34289e-10 1.99896e-10 -2.03154e-10 1.40801e-10 -2.88103e-11 -1.03142e-10 2.21276e-10 -2.98104e-10 3.20189e-10 -2.90822e-10 2.27019e-10 -1.52214e-10 8.74919e-11 -4.45385e-11 2.27524e-11 -1.12727e-11 -5.15715e-12 3.89586e-11 -9.3985e-11 1.63443e-10 -2.32128e-10 2.81951e-10 -2.98521e-10 2.7624e-10 -2.20085e-10 1.43586e-10 -6.3998e-11 -3.3534e-12 4.94168e-11 -7.2998e-11 7.93301e-11 -7.65699e-11 7.18772e-11 -6.87106e-11 6.62972e-11 -6.12142e-11 5.0132e-11 -3.23457e-11 1.09281e-11 7.98049e-12 -1.73908e-11 1.22015e-11 8.69917e-12 -4.17988e-11 7.99722e-11 -1.14654e-10 1.38273e-10 -1.46057e-10 1.36658e-10 -1.11614e-10 7.41104e-11 -2.76955e-11 -2.44714e-11 7.96532e-11 -1.35024e-10 1.87057e-10 -2.31285e-10 2.6267e-10 -2.76545e-10 2.69778e-10 -2.4172e-10 1.94572e-10 -1.33049e-10 6.34825e-11 7.32492e-12 -7.31303e-11 1.28925e-10 -1.71189e-10 1.97846e-10 -2.08081e-10 2.02222e-10 -1.81703e-10 1.49086e-10 -1.07994e-10 6.28479e-11 -1.8376e-11 -2.10304e-11 5.1962e-11 -7.24646e-11 8.22176e-11 -8.23906e-11 7.52437e-11 -6.35994e-11 5.03186e-11 -3.78801e-11 2.81011e-11 -2.19934e-11 1.97204e-11 -2.0633e-11 2.33768e-11 -2.60825e-11 2.66506e-11 -2.31155e-11 1.40462e-11 1.09168e-12 -2.16938e-11 4.59598e-11 -7.10489e-11 9.343e-11 -1.0937e-10 1.15477e-10 -1.09223e-10 8.93566e-11 -5.61842e-11 1.16569e-11 4.07243e-11 -9.61935e-11 1.49172e-10 -1.93852e-10 2.24857e-10 -2.37899e-10 2.3036e-10 -2.01706e-10 1.53674e-10 -9.0187e-11 1.70122e-11 5.88218e-11 -1.29769e-10 1.88588e-10 -2.29151e-10 2.47143e-10 -2.40564e-10 2.09996e-10 -1.58571e-10 9.1671e-11 -1.63554e-11 -5.93959e-11 1.27557e-10 -1.80943e-10 2.14003e-10 -2.23428e-10 2.08507e-10 -1.71179e-10 1.15789e-10 -4.85694e-11 -2.30789e-11 9.14306e-11 -1.49298e-10 1.90812e-10 -2.12044e-10 2.11376e-10 -1.8961e-10 1.49789e-10 -9.67675e-11 3.65838e-11 2.42778e-11 -7.96496e-11 1.2437e-10 -1.54818e-10 1.69242e-10 -1.67833e-10 1.52565e-10 -1.26818e-10 9.48462e-11 -6.11686e-11 2.99612e-11 -4.53123e-12 -1.30599e-11 2.2182e-11 -2.36122e-11 1.93127e-11 -1.20492e-11 4.90857e-12 -7.86461e-13 1.91933e-12 -9.52631e-12 2.36102e-11 -4.29437e-11 6.52403e-11 -8.74832e-11 1.06365e-10 -1.18772e-10 1.2225e-10 -1.15373e-10 9.79817e-11 -7.12354e-11 3.7489e-11 0. 
0.000115423 0.00010784 0.000100287 9.27907e-05 8.53866e-05 7.80943e-05 7.09591e-05 6.39852e-05 5.72396e-05 5.06979e-05 4.44587e-05 3.84715e-05 3.28379e-05 2.75465e-05 2.2604e-05 1.81313e-05 1.40311e-05 1.03957e-05 7.32932e-06 4.70103e-06 2.5502e-06 1.10745e-06 3.71934e-07 9.57854e-08 1.76916e-08 2.54256e-09 -3.63886e-10 -2.65563e-10 -3.97133e-10 -4.91879e-10 -1.63537e-10 -6.43413e-10 -2.12214e-11 -6.43749e-10 -4.73958e-11 -4.62409e-10 -2.15319e-10 -1.68523e-10 -4.38762e-10 1.27197e-10 -5.50871e-10 2.23046e-10 -4.20954e-10 9.29621e-11 -3.10922e-11 -2.26289e-10 3.87947e-10 -5.37677e-10 6.05817e-10 -5.92085e-10 4.94087e-10 -3.30292e-10 1.31622e-10 6.33594e-11 -2.16788e-10 2.99925e-10 -2.99885e-10 2.22842e-10 -9.26471e-11 -5.50016e-11 1.81592e-10 -2.55703e-10 2.61207e-10 -2.01375e-10 9.7699e-11 1.64491e-11 -1.05538e-10 1.42307e-10 -1.15756e-10 3.43797e-11 7.644e-11 -1.82086e-10 2.4911e-10 -2.55181e-10 1.95517e-10 -8.385e-11 -5.22778e-11 1.80248e-10 -2.72231e-10 3.12966e-10 -3.0303e-10 2.5677e-10 -1.95886e-10 1.41154e-10 -1.05266e-10 8.9269e-11 -8.36613e-11 7.34562e-11 -4.51116e-11 -7.3932e-12 7.96134e-11 -1.57836e-10 2.23832e-10 -2.61255e-10 2.61253e-10 -2.25256e-10 1.64082e-10 -9.38926e-11 3.07156e-11 1.43959e-11 -3.78725e-11 4.31647e-11 -3.78578e-11 2.97973e-11 -2.3891e-11 2.07966e-11 -1.77994e-11 1.12323e-11 8.08573e-13 -1.67274e-11 3.14331e-11 -3.80492e-11 3.05623e-11 -6.28418e-12 -3.28647e-11 8.07103e-11 -1.28597e-10 1.67828e-10 -1.9183e-10 1.97348e-10 -1.84404e-10 1.55321e-10 -1.13409e-10 6.19307e-11 -3.7534e-12 -5.83515e-11 1.21085e-10 -1.80158e-10 2.30365e-10 -2.66278e-10 2.83368e-10 -2.79116e-10 2.5372e-10 -2.10131e-10 1.5343e-10 -8.97979e-11 2.54192e-11 3.43585e-11 -8.54595e-11 1.25138e-10 -1.5182e-10 1.64929e-10 -1.64801e-10 1.52708e-10 -1.30892e-10 1.02463e-10 -7.1095e-11 4.05179e-11 -1.39215e-11 -6.56564e-12 2.01716e-11 -2.74723e-11 3.00997e-11 -3.02653e-11 3.02389e-11 -3.19012e-11 3.64424e-11 -4.42178e-11 5.47334e-11 -6.67224e-11 7.82883e-11 -8.71115e-11 9.07283e-11 -8.68812e-11 7.39138e-11 -5.11533e-11 1.92019e-11 1.99382e-11 -6.29526e-11 1.05523e-10 -1.42812e-10 1.70062e-10 -1.83201e-10 1.79388e-10 -1.57434e-10 1.18032e-10 -6.37924e-11 -9.21769e-13 7.03699e-11 -1.37971e-10 1.96972e-10 -2.41174e-10 2.65642e-10 -2.6731e-10 2.45389e-10 -2.01534e-10 1.3973e-10 -6.59062e-11 -1.26824e-11 8.82225e-11 -1.53186e-10 2.01144e-10 -2.27467e-10 2.29827e-10 -2.08453e-10 1.66107e-10 -1.07774e-10 4.01074e-11 2.93109e-11 -9.2822e-11 1.43542e-10 -1.76123e-10 1.8733e-10 -1.7637e-10 1.44939e-10 -9.69833e-11 3.82034e-11 2.4624e-11 -8.44366e-11 1.3469e-10 -1.70079e-10 1.87103e-10 -1.84401e-10 1.62832e-10 -1.25295e-10 7.63159e-11 -2.14574e-11 -3.33683e-11 8.26004e-11 -1.21656e-10 1.47408e-10 -1.58464e-10 1.55213e-10 -1.39654e-10 1.15026e-10 -8.53065e-11 5.46415e-11 -2.6786e-11 4.62966e-12 1.01337e-11 -1.71545e-11 1.73796e-11 -1.28216e-11 6.18357e-12 -3.96183e-13 -1.86587e-12 -1.38189e-12 1.11092e-11 -2.71013e-11 4.79665e-11 -7.13183e-11 9.41055e-11 -1.13044e-10 1.25085e-10 -1.27865e-10 1.20054e-10 -1.01577e-10 7.36631e-11 -3.87098e-11 0. 
0.000115423 0.00010784 0.000100287 9.27908e-05 8.53865e-05 7.80944e-05 7.09591e-05 6.39852e-05 5.72397e-05 5.06978e-05 4.44589e-05 3.84711e-05 3.28384e-05 2.7546e-05 2.26046e-05 1.81306e-05 1.40319e-05 1.03949e-05 7.3302e-06 4.70015e-06 2.55106e-06 1.10664e-06 3.72666e-07 9.51668e-08 1.8168e-08 2.23241e-09 -2.35905e-10 -2.07391e-10 -6.30639e-10 -1.10562e-10 -6.48258e-10 -1.14483e-10 -5.2504e-10 -2.37304e-10 -2.9042e-10 -4.32546e-10 -8.13413e-12 -6.03534e-10 1.7854e-10 -5.9275e-10 1.66237e-10 -3.73847e-10 -5.55114e-11 4.46512e-11 -3.42727e-10 4.33699e-10 -5.5171e-10 5.63731e-10 -5.08297e-10 3.80323e-10 -2.0563e-10 1.51248e-11 1.55548e-10 -2.74461e-10 3.20162e-10 -2.86701e-10 1.85312e-10 -4.20918e-11 -1.07991e-10 2.29494e-10 -2.95233e-10 2.93128e-10 -2.29202e-10 1.25843e-10 -1.55845e-11 -6.79549e-11 9.95569e-11 -6.95444e-11 -1.34208e-11 1.24864e-10 -2.31582e-10 3.01279e-10 -3.11859e-10 2.57595e-10 -1.50336e-10 1.54624e-11 1.16043e-10 -2.16836e-10 2.70803e-10 -2.76656e-10 2.46572e-10 -2.0057e-10 1.58776e-10 -1.34334e-10 1.29396e-10 -1.35467e-10 1.37726e-10 -1.21575e-10 7.88844e-11 -1.16171e-11 -6.84252e-11 1.43538e-10 -1.96162e-10 2.14772e-10 -1.9748e-10 1.52179e-10 -9.33866e-11 3.71315e-11 4.12385e-12 -2.47344e-11 2.63218e-11 -1.56036e-11 7.60176e-13 1.20553e-11 -2.06892e-11 2.68262e-11 -3.40215e-11 4.49854e-11 -5.94141e-11 7.33352e-11 -8.02326e-11 7.34424e-11 -4.88027e-11 6.48069e-12 4.87134e-11 -1.08577e-10 1.63774e-10 -2.06215e-10 2.30722e-10 -2.3553e-10 2.21683e-10 -1.91815e-10 1.48959e-10 -9.58847e-11 3.51459e-11 3.0381e-11 -9.69001e-11 1.59484e-10 -2.12481e-10 2.50469e-10 -2.69432e-10 2.67705e-10 -2.46368e-10 2.08946e-10 -1.60569e-10 1.06898e-10 -5.31615e-11 3.55131e-12 3.89699e-11 -7.25573e-11 9.62598e-11 -1.09854e-10 1.13807e-10 -1.09325e-10 9.83607e-11 -8.34634e-11 6.74297e-11 -5.28032e-11 4.13658e-11 -3.37773e-11 2.94816e-11 -2.69076e-11 2.39001e-11 -1.82529e-11 8.20871e-12 7.17766e-12 -2.78546e-11 5.27548e-11 -7.99009e-11 1.06596e-10 -1.29672e-10 1.45804e-10 -1.51881e-10 1.4542e-10 -1.24999e-10 9.0608e-11 -4.38734e-11 -1.1936e-11 7.21349e-11 -1.31069e-10 1.8272e-10 -2.21393e-10 2.42375e-10 -2.42505e-10 2.20576e-10 -1.77544e-10 1.16508e-10 -4.24837e-11 -3.8037e-11 1.17698e-10 -1.89007e-10 2.45118e-10 -2.80567e-10 2.91887e-10 -2.78011e-10 2.40413e-10 -1.8297e-10 1.11551e-10 -3.33873e-11 -4.37053e-11 1.12158e-10 -1.65451e-10 1.98794e-10 -2.09612e-10 1.9779e-10 -1.65644e-10 1.17621e-10 -5.9775e-11 -9.46491e-13 5.74965e-11 -1.03528e-10 1.34097e-10 -1.46189e-10 1.39014e-10 -1.14033e-10 7.47278e-11 -2.61395e-11 -2.57596e-11 7.47843e-11 -1.15259e-10 1.42661e-10 -1.54106e-10 1.48633e-10 -1.27242e-10 9.27103e-11 -4.91908e-11 1.66866e-12 4.4666e-11 -8.50427e-11 1.15658e-10 -1.34078e-10 1.39452e-10 -1.32521e-10 1.15419e-10 -9.1309e-11 6.39085e-11 -3.69592e-11 1.37249e-11 3.42472e-12 -1.3287e-11 1.59271e-11 -1.25957e-11 5.4805e-12 2.66962e-12 -8.99334e-12 1.09739e-11 -6.8403e-12 -4.14376e-12 2.1542e-11 -4.37786e-11 6.83359e-11 -9.20902e-11 1.11738e-10 -1.24257e-10 1.27332e-10 -1.19695e-10 1.01327e-10 -7.34965e-11 3.86247e-11 0. 
0.000115423 0.00010784 0.000100287 9.27908e-05 8.53864e-05 7.80945e-05 7.09589e-05 6.39854e-05 5.72393e-05 5.06982e-05 4.44584e-05 3.84717e-05 3.28377e-05 2.75467e-05 2.26039e-05 1.81314e-05 1.40312e-05 1.03956e-05 7.32952e-06 4.70073e-06 2.55058e-06 1.10698e-06 3.72468e-07 9.52111e-08 1.82748e-08 1.98685e-09 1.25136e-10 -6.49377e-10 -1.52419e-10 -5.72532e-10 -2.5886e-10 -3.76548e-10 -4.37003e-10 -1.19654e-10 -6.23899e-10 1.00543e-10 -6.96226e-10 1.68349e-10 -5.85479e-10 6.17422e-11 -2.80836e-10 -2.12962e-10 1.1495e-10 -4.5787e-10 4.43532e-10 -5.42416e-10 4.86874e-10 -3.95862e-10 2.40678e-10 -6.03214e-11 -1.17792e-10 2.61265e-10 -3.44609e-10 3.53542e-10 -2.88614e-10 1.65511e-10 -1.19591e-11 -1.38289e-10 2.53177e-10 -3.09896e-10 3.00424e-10 -2.33464e-10 1.32176e-10 -2.80629e-11 -4.74236e-11 7.14154e-11 -3.58809e-11 -5.01068e-11 1.6291e-10 -2.70919e-10 3.43439e-10 -3.5924e-10 3.12302e-10 -2.13072e-10 8.49003e-11 4.31703e-11 -1.44972e-10 2.04455e-10 -2.1938e-10 2.00439e-10 -1.66293e-10 1.36376e-10 -1.23988e-10 1.32032e-10 -1.52765e-10 1.71466e-10 -1.72564e-10 1.4591e-10 -9.0923e-11 1.71549e-11 5.883e-11 -1.19029e-10 1.4996e-10 -1.46865e-10 1.14785e-10 -6.62836e-11 1.68609e-11 2.01514e-11 -3.73797e-11 3.46682e-11 -1.76529e-11 -5.48619e-12 2.76215e-11 -4.51666e-11 5.85905e-11 -7.09801e-11 8.54796e-11 -1.02844e-10 1.20207e-10 -1.31595e-10 1.29945e-10 -1.09767e-10 6.93915e-11 -1.19039e-11 -5.55039e-11 1.23462e-10 -1.8284e-10 2.26773e-10 -2.51671e-10 2.57063e-10 -2.44594e-10 2.16778e-10 -1.76092e-10 1.24739e-10 -6.5025e-11 2.94938e-15 6.60862e-11 -1.27914e-10 1.79779e-10 -2.16716e-10 2.35595e-10 -2.35803e-10 2.19278e-10 -1.89919e-10 1.52598e-10 -1.1214e-10 7.25603e-11 -3.67146e-11 6.328e-12 1.77622e-11 -3.53475e-11 4.67053e-11 -5.25871e-11 5.42538e-11 -5.34291e-11 5.20832e-11 -5.20454e-11 5.45417e-11 -5.98079e-11 6.69194e-11 -7.39105e-11 7.81616e-11 -7.695e-11 6.80217e-11 -5.00564e-11 2.29453e-11 1.21299e-11 -5.27898e-11 9.56693e-11 -1.36711e-10 1.71522e-10 -1.95788e-10 2.05737e-10 -1.98623e-10 1.73176e-10 -1.29937e-10 7.13947e-11 -1.88886e-12 -7.27434e-11 1.45734e-10 -2.10088e-10 2.59334e-10 -2.88222e-10 2.93303e-10 -2.7331e-10 2.29344e-10 -1.64814e-10 8.5157e-11 2.65369e-12 -9.07668e-11 1.71227e-10 -2.36777e-10 2.81611e-10 -3.01974e-10 2.96548e-10 -2.66572e-10 2.15676e-10 -1.49465e-10 7.48945e-11 4.87687e-13 -6.93427e-11 1.25302e-10 -1.6361e-10 1.81574e-10 -1.78789e-10 1.57104e-10 -1.20337e-10 7.37823e-11 -2.35566e-11 -2.41265e-11 6.36767e-11 -9.07505e-11 1.0271e-10 -9.88644e-11 8.0475e-11 -5.05283e-11 1.33129e-11 2.61439e-11 -6.27085e-11 9.17653e-11 -1.09758e-10 1.14588e-10 -1.05817e-10 8.46692e-11 -5.38197e-11 1.70188e-11 2.14107e-11 -5.71271e-11 8.63072e-11 -1.06099e-10 1.14933e-10 -1.12662e-10 1.00507e-10 -8.08358e-11 5.67927e-11 -3.18468e-11 9.30934e-12 8.11023e-12 -1.86524e-11 2.17153e-11 -1.78977e-11 8.87293e-12 2.88511e-12 -1.44853e-11 2.3058e-11 -2.61879e-11 2.22823e-11 -1.08238e-11 -7.52725e-12 3.09937e-11 -5.68995e-11 8.20144e-11 -1.0298e-10 1.1676e-10 -1.21054e-10 1.14624e-10 -9.74785e-11 7.09016e-11 -3.73168e-11 0. 
0.000115423 0.00010784 0.000100287 9.27907e-05 8.53865e-05 7.80944e-05 7.09592e-05 6.39851e-05 5.72397e-05 5.06978e-05 4.44589e-05 3.84712e-05 3.28383e-05 2.75461e-05 2.26044e-05 1.81309e-05 1.40316e-05 1.03953e-05 7.32974e-06 4.70064e-06 2.55054e-06 1.10716e-06 3.72174e-07 9.56034e-08 1.78146e-08 2.47618e-09 -3.48517e-10 -2.39457e-10 -4.51123e-10 -4.27433e-10 -2.18023e-10 -6.20661e-10 8.47173e-12 -7.42461e-10 1.29399e-10 -7.15703e-10 1.00015e-10 -5.17917e-10 -9.52813e-11 -1.62371e-10 -3.64976e-10 1.8444e-10 -5.58743e-10 4.14446e-10 -5.17206e-10 3.78631e-10 -2.67791e-10 8.8195e-11 9.00393e-11 -2.51584e-10 3.65873e-10 -4.14562e-10 3.90026e-10 -2.98538e-10 1.59271e-10 -6.70355e-13 -1.45434e-10 2.50777e-10 -2.97048e-10 2.8017e-10 -2.11262e-10 1.13901e-10 -1.81742e-11 -4.7025e-11 6.15521e-11 -1.93386e-11 -6.99353e-11 1.8346e-10 -2.9146e-10 3.65328e-10 -3.85369e-10 3.45996e-10 -2.56844e-10 1.3953e-10 -2.10592e-11 -7.40695e-11 1.3064e-10 -1.46316e-10 1.31048e-10 -1.02623e-10 7.9962e-11 -7.64625e-11 9.56222e-11 -1.30346e-10 1.66051e-10 -1.86356e-10 1.79288e-10 -1.41781e-10 8.09428e-11 -1.17035e-11 -4.82028e-11 8.40915e-11 -8.89406e-11 6.52227e-11 -2.34797e-11 -2.16564e-11 5.64226e-11 -7.20568e-11 6.67351e-11 -4.48679e-11 1.43266e-11 1.71018e-11 -4.45698e-11 6.72851e-11 -8.76327e-11 1.08887e-10 -1.32632e-10 1.57063e-10 -1.76899e-10 1.84927e-10 -1.74546e-10 1.42263e-10 -8.9189e-11 2.10025e-11 5.35269e-11 -1.24832e-10 1.84794e-10 -2.28194e-10 2.53019e-10 -2.59774e-10 2.50283e-10 -2.26615e-10 1.90574e-10 -1.43853e-10 8.86367e-11 -2.81962e-11 -3.29226e-11 8.93292e-11 -1.35737e-10 1.68098e-10 -1.84501e-10 1.85513e-10 -1.73858e-10 1.53592e-10 -1.29066e-10 1.04038e-10 -8.11477e-11 6.18225e-11 -4.64863e-11 3.48914e-11 -2.63847e-11 2.0033e-11 -1.46371e-11 8.74789e-12 -7.95937e-13 -1.0616e-11 2.63058e-11 -4.61163e-11 6.86808e-11 -9.14593e-11 1.1107e-10 -1.23846e-10 1.26479e-10 -1.16615e-10 9.32692e-11 -5.70303e-11 1.00434e-11 4.41721e-11 -1.01026e-10 1.55242e-10 -2.01315e-10 2.34018e-10 -2.4896e-10 2.43123e-10 -2.15325e-10 1.66525e-10 -9.98814e-11 2.05589e-11 6.4736e-11 -1.48414e-10 2.22775e-10 -2.80802e-10 3.1687e-10 -3.27319e-10 3.1082e-10 -2.68523e-10 2.03969e-10 -1.22771e-10 3.20914e-11 6.00471e-11 -1.45547e-10 2.17041e-10 -2.6862e-10 2.96412e-10 -2.98932e-10 2.77168e-10 -2.34404e-10 1.75807e-10 -1.07819e-10 3.74499e-11 2.84687e-11 -8.3984e-11 1.24598e-10 -1.47673e-10 1.52615e-10 -1.4083e-10 1.15464e-10 -8.0943e-11 4.23973e-11 -5.02071e-12 -2.65481e-11 4.87499e-11 -5.94754e-11 5.8243e-11 -4.61701e-11 2.57495e-11 -4.65981e-13 -2.56939e-11 4.87759e-11 -6.53691e-11 7.30313e-11 -7.05778e-11 5.82018e-11 -3.74146e-11 1.08165e-11 1.82679e-11 -4.62395e-11 6.97013e-11 -8.58978e-11 9.30612e-11 -9.06211e-11 7.9253e-11 -6.07624e-11 3.78217e-11 -1.35976e-11 -8.68166e-12 2.61606e-11 -3.67362e-11 3.93334e-11 -3.40389e-11 2.20794e-11 -5.64441e-12 -1.24196e-11 2.90049e-11 -4.11744e-11 4.65719e-11 -4.37578e-11 3.24236e-11 -1.34577e-11 -1.11475e-11 3.85356e-11 -6.53431e-11 8.81272e-11 -1.0381e-10 1.10079e-10 -1.057e-10 9.06862e-11 -6.63196e-11 3.50082e-11 0. 
0.000115423 0.00010784 0.000100287 9.27908e-05 8.53865e-05 7.80945e-05 7.0959e-05 6.39853e-05 5.72395e-05 5.0698e-05 4.44586e-05 3.84714e-05 3.2838e-05 2.75463e-05 2.26043e-05 1.8131e-05 1.40316e-05 1.03952e-05 7.32995e-06 4.70034e-06 2.55093e-06 1.1067e-06 3.72661e-07 9.51225e-08 1.82486e-08 2.13222e-09 -1.34934e-10 -2.88978e-10 -5.88475e-10 -9.50927e-11 -7.35786e-10 5.36417e-11 -7.74388e-10 8.43253e-11 -6.64923e-10 -3.47951e-11 -3.91016e-10 -2.78757e-10 -4.4714e-11 -5.08549e-10 2.46273e-10 -6.25178e-10 3.52118e-10 -4.81289e-10 2.43371e-10 -1.4102e-10 -6.31339e-11 2.27177e-10 -3.68769e-10 4.52512e-10 -4.69303e-10 4.16899e-10 -3.06299e-10 1.58882e-10 -2.66558e-12 -1.33297e-10 2.25009e-10 -2.58745e-10 2.34159e-10 -1.64358e-10 7.28161e-11 1.23387e-11 -6.52715e-11 6.89936e-11 -1.9725e-11 -7.2071e-11 1.84428e-10 -2.8965e-10 3.61699e-10 -3.83083e-10 3.49386e-10 -2.70093e-10 1.65522e-10 -6.0741e-11 -2.16787e-11 6.79048e-11 -7.62049e-11 5.64636e-11 -2.61068e-11 3.83223e-12 -3.23315e-12 2.84058e-11 -7.29425e-11 1.22553e-10 -1.60332e-10 1.728e-10 -1.54634e-10 1.10487e-10 -5.33485e-11 1.08461e-13 3.40545e-11 -4.05034e-11 1.9573e-11 2.0098e-11 -6.49113e-11 1.00992e-10 -1.18495e-10 1.14067e-10 -9.08098e-11 5.6017e-11 -1.78051e-11 -1.79702e-11 4.93332e-11 -7.78626e-11 1.06754e-10 -1.38238e-10 1.71528e-10 -2.02171e-10 2.23086e-10 -2.26842e-10 2.08271e-10 -1.66407e-10 1.05039e-10 -3.17625e-11 -4.40557e-11 1.13595e-10 -1.70375e-10 2.11007e-10 -2.3487e-10 2.43062e-10 -2.37242e-10 2.18869e-10 -1.89115e-10 1.49337e-10 -1.0174e-10 4.98059e-11 1.84565e-12 -4.81743e-11 8.47919e-11 -1.08987e-10 1.20321e-10 -1.20589e-10 1.13183e-10 -1.0211e-10 9.10031e-11 -8.24186e-11 7.75705e-11 -7.64521e-11 7.81843e-11 -8.13889e-11 8.44491e-11 -8.56297e-11 8.31309e-11 -7.5191e-11 6.03205e-11 -3.76673e-11 7.42218e-12 2.88814e-11 -6.83062e-11 1.06758e-10 -1.39515e-10 1.6192e-10 -1.70101e-10 1.61557e-10 -1.3553e-10 9.31401e-11 -3.72905e-11 -2.75809e-11 9.58781e-11 -1.61313e-10 2.17444e-10 -2.58279e-10 2.78901e-10 -2.76048e-10 2.48584e-10 -1.97752e-10 1.27172e-10 -4.25502e-11 -4.88655e-11 1.39007e-10 -2.19801e-10 2.83966e-10 -3.25717e-10 3.41311e-10 -3.29387e-10 2.9108e-10 -2.29901e-10 1.51398e-10 -6.26152e-11 -2.85976e-11 1.14357e-10 -1.87516e-10 2.42356e-10 -2.75102e-10 2.84226e-10 -2.70501e-10 2.36805e-10 -1.87721e-10 1.28973e-10 -6.67792e-11 7.18802e-12 4.45313e-11 -8.43837e-11 1.0998e-10 -1.20677e-10 1.17513e-10 -1.02959e-10 8.05187e-11 -5.42243e-11 2.8106e-11 -5.68942e-12 -1.04108e-11 1.87579e-11 -1.91928e-11 1.27634e-11 -1.50044e-12 -1.19254e-11 2.46156e-11 -3.38711e-11 3.75788e-11 -3.45084e-11 2.44824e-11 -8.39965e-12 -1.189e-11 3.3841e-11 -5.45623e-11 7.12165e-11 -8.14121e-11 8.35384e-11 -7.6997e-11 6.23006e-11 -4.10248e-11 1.56199e-11 1.08941e-11 -3.53092e-11 5.46401e-11 -6.65101e-11 6.94628e-11 -6.31597e-11 4.84362e-11 -2.72086e-11 2.24192e-12 2.31921e-11 -4.57258e-11 6.23214e-11 -7.06606e-11 6.94454e-11 -5.85744e-11 3.91693e-11 -1.34489e-11 -1.55357e-11 4.42714e-11 -6.92145e-11 8.72284e-11 -9.59741e-11 9.42049e-11 -8.19274e-11 6.04087e-11 -3.20298e-11 0. 
0.000115423 0.00010784 0.000100287 9.27908e-05 8.53864e-05 7.80945e-05 7.0959e-05 6.39853e-05 5.72395e-05 5.0698e-05 4.44586e-05 3.84715e-05 3.2838e-05 2.75464e-05 2.26041e-05 1.81312e-05 1.40313e-05 1.03955e-05 7.32957e-06 4.70074e-06 2.55052e-06 1.10709e-06 3.72328e-07 9.53619e-08 1.81349e-08 2.09377e-09 7.2078e-11 -6.67835e-10 -5.00538e-11 -7.64076e-10 1.85186e-11 -7.26883e-10 -3.62325e-11 -5.39606e-10 -2.22673e-10 -2.4069e-10 -4.55236e-10 6.17174e-11 -6.35887e-10 2.75709e-10 -6.45435e-10 2.68903e-10 -4.32314e-10 8.95644e-11 -3.35392e-11 -2.01468e-10 3.32398e-10 -4.53481e-10 5.05221e-10 -4.94624e-10 4.21624e-10 -3.0113e-10 1.55162e-10 -1.00556e-11 -1.08836e-10 1.82253e-10 -2.01096e-10 1.68433e-10 -9.88243e-11 1.50038e-11 5.74802e-11 -9.64087e-11 8.83968e-11 -3.22676e-11 -6.0566e-11 1.68991e-10 -2.67607e-10 3.33365e-10 -3.51565e-10 3.19647e-10 -2.47611e-10 1.54985e-10 -6.5159e-11 -1.26492e-12 3.2143e-11 -2.68185e-11 -4.37934e-12 4.39574e-11 -7.3158e-11 7.80452e-11 -5.38364e-11 6.12369e-12 5.1345e-11 -1.01518e-10 1.29862e-10 -1.29186e-10 1.01882e-10 -5.89059e-11 1.59224e-11 1.1975e-11 -1.51489e-11 -7.72187e-12 4.9667e-11 -9.81534e-11 1.39414e-10 -1.62779e-10 1.63533e-10 -1.43442e-10 1.09013e-10 -6.83784e-11 2.81091e-11 8.80554e-12 -4.31454e-11 7.79182e-11 -1.15881e-10 1.57241e-10 -1.98526e-10 2.33085e-10 -2.53018e-10 2.51765e-10 -2.26351e-10 1.78485e-10 -1.1415e-10 4.19382e-11 2.92023e-11 -9.19881e-11 1.41949e-10 -1.77483e-10 1.99041e-10 -2.07957e-10 2.05505e-10 -1.92547e-10 1.69815e-10 -1.38564e-10 1.01155e-10 -6.11935e-11 2.30714e-11 8.96314e-12 -3.18698e-11 4.46053e-11 -4.83475e-11 4.60819e-11 -4.1716e-11 3.90358e-11 -4.08373e-11 4.84538e-11 -6.17241e-11 7.92895e-11 -9.90213e-11 1.18403e-10 -1.34781e-10 1.45502e-10 -1.48046e-10 1.40244e-10 -1.20623e-10 8.88326e-11 -4.60235e-11 -4.97565e-12 5.97795e-11 -1.12893e-10 1.58407e-10 -1.90802e-10 2.05696e-10 -2.00419e-10 1.74335e-10 -1.28916e-10 6.75999e-11 4.5116e-12 -8.10821e-11 1.55069e-10 -2.19339e-10 2.67336e-10 -2.93765e-10 2.95197e-10 -2.7052e-10 2.21147e-10 -1.50941e-10 6.58531e-11 2.66787e-11 -1.18485e-10 2.01482e-10 -2.68449e-10 3.13696e-10 -3.33568e-10 3.26741e-10 -2.94297e-10 2.39587e-10 -1.67865e-10 8.57606e-11 -6.02451e-13 -8.03045e-11 1.50392e-10 -2.04438e-10 2.39014e-10 -2.52715e-10 2.4617e-10 -2.21831e-10 1.83593e-10 -1.36287e-10 8.51143e-11 -3.50892e-11 -9.4645e-12 4.52998e-11 -7.04896e-11 8.45034e-11 -8.81176e-11 8.31779e-11 -7.22509e-11 5.82125e-11 -4.38304e-11 3.13955e-11 -2.24468e-11 1.76228e-11 -1.66495e-11 1.84618e-11 -2.14331e-11 2.36785e-11 -2.33869e-11 1.91362e-11 -1.01494e-11 -3.54546e-12 2.1071e-11 -4.07814e-11 6.0457e-11 -7.75898e-11 8.97209e-11 -9.47857e-11 9.14205e-11 -7.91883e-11 5.8692e-11 -3.15567e-11 2.82255e-13 3.20207e-11 -6.19787e-11 8.63471e-11 -1.02397e-10 1.08251e-10 -1.03126e-10 8.74459e-11 -6.28218e-11 3.18826e-11 2.01297e-12 -3.51557e-11 6.39114e-11 -8.51409e-11 9.65663e-11 -9.70375e-11 8.6667e-11 -6.68169e-11 3.99386e-11 -9.28248e-12 -2.1486e-11 4.87204e-11 -6.9225e-11 8.06326e-11 -8.16845e-11 7.23769e-11 -5.39587e-11 2.87783e-11 0. 
0.000115423 0.00010784 0.000100287 9.27907e-05 8.53866e-05 7.80943e-05 7.09592e-05 6.39851e-05 5.72396e-05 5.06978e-05 4.44588e-05 3.84713e-05 3.28382e-05 2.75462e-05 2.26044e-05 1.81309e-05 1.40316e-05 1.03952e-05 7.32983e-06 4.70052e-06 2.55069e-06 1.107e-06 3.72319e-07 9.54904e-08 1.78764e-08 2.4831e-09 -4.3651e-10 -6.495e-11 -7.09097e-10 -9.83769e-11 -5.96454e-10 -2.22853e-10 -3.72541e-10 -4.17424e-10 -1.01527e-10 -6.11362e-10 1.44359e-10 -7.18485e-10 2.51498e-10 -6.26668e-10 1.70737e-10 -3.63112e-10 -6.59256e-11 4.15008e-11 -3.18484e-10 3.88857e-10 -4.95322e-10 5.11858e-10 -4.80505e-10 3.94889e-10 -2.74525e-10 1.40015e-10 -1.48599e-11 -8.01617e-11 1.30908e-10 -1.32836e-10 9.2023e-11 -2.38734e-11 -5.02869e-11 1.08123e-10 -1.31558e-10 1.11207e-10 -4.87627e-11 -4.32778e-11 1.44656e-10 -2.32418e-10 2.86812e-10 -2.96385e-10 2.60986e-10 -1.91705e-10 1.07784e-10 -3.12725e-11 -1.90625e-11 3.28439e-11 -1.07169e-11 -3.62588e-11 9.0266e-11 -1.32312e-10 1.48022e-10 -1.31846e-10 8.84186e-11 -3.0667e-11 -2.46458e-11 6.24637e-11 -7.42491e-11 6.05112e-11 -3.0289e-11 -2.14781e-12 2.21958e-11 -1.97294e-11 -7.76754e-12 5.47105e-11 -1.09582e-10 1.58867e-10 -1.91307e-10 2.01011e-10 -1.88452e-10 1.59222e-10 -1.21208e-10 8.14125e-11 -4.36243e-11 7.779e-12 2.89134e-11 -6.96699e-11 1.15699e-10 -1.64661e-10 2.10658e-10 -2.45742e-10 2.62358e-10 -2.55776e-10 2.25629e-10 -1.76047e-10 1.14412e-10 -4.92933e-11 -1.16858e-11 6.33136e-11 -1.03224e-10 1.31356e-10 -1.48861e-10 1.57033e-10 -1.56708e-10 1.48326e-10 -1.32478e-10 1.10574e-10 -8.5202e-11 5.9936e-11 -3.85933e-11 2.42088e-11 -1.81154e-11 1.94866e-11 -2.55104e-11 3.21316e-11 -3.50974e-11 3.09686e-11 -1.78106e-11 -4.56573e-12 3.4771e-11 -7.02463e-11 1.07718e-10 -1.43566e-10 1.74068e-10 -1.95589e-10 2.04824e-10 -1.99144e-10 1.77051e-10 -1.38647e-10 8.59468e-11 -2.2923e-11 -4.47982e-11 1.10559e-10 -1.67494e-10 2.09401e-10 -2.31492e-10 2.30932e-10 -2.07117e-10 1.61705e-10 -9.8439e-11 2.28142e-11 5.83865e-11 -1.37669e-10 2.07495e-10 -2.61006e-10 2.92727e-10 -2.99178e-10 2.79286e-10 -2.34539e-10 1.68839e-10 -8.80903e-11 -4.35586e-13 8.88526e-11 -1.69446e-10 2.35401e-10 -2.81406e-10 3.04093e-10 -3.02276e-10 2.76992e-10 -2.31323e-10 1.70037e-10 -9.90716e-11 2.49082e-11 4.6082e-11 -1.08258e-10 1.57214e-10 -1.90127e-10 2.05902e-10 -2.05124e-10 1.89837e-10 -1.63186e-10 1.28974e-10 -9.12044e-11 5.36331e-11 -1.9404e-11 -9.21563e-12 3.09714e-11 -4.56213e-11 5.381e-11 -5.68385e-11 5.63687e-11 -5.41058e-11 5.15052e-11 -4.9545e-11 4.85943e-11 -4.83911e-11 4.81286e-11 -4.66332e-11 4.26043e-11 -3.48806e-11 2.26927e-11 -5.86572e-12 -1.50585e-11 3.87995e-11 -6.34243e-11 8.65339e-11 -1.0553e-10 1.17932e-10 -1.21701e-10 1.1553e-10 -9.90662e-11 7.30264e-11 -3.91895e-11 2.65299e-13 4.03538e-11 -7.89297e-11 1.11768e-10 -1.35618e-10 1.48032e-10 -1.4765e-10 1.3437e-10 -1.09379e-10 7.50532e-11 -3.47138e-11 -7.7137e-12 4.81147e-11 -8.26223e-11 1.08029e-10 -1.22128e-10 1.23938e-10 -1.13802e-10 9.33314e-11 -6.52073e-11 3.28721e-11 -1.30375e-13 -2.92852e-11 5.21371e-11 -6.60461e-11 6.97545e-11 -6.3257e-11 4.77881e-11 -2.56639e-11 0. 
0.000115423 0.00010784 0.000100287 9.27908e-05 8.53864e-05 7.80945e-05 7.0959e-05 6.39853e-05 5.72395e-05 5.0698e-05 4.44586e-05 3.84714e-05 3.2838e-05 2.75463e-05 2.26043e-05 1.8131e-05 1.40315e-05 1.03953e-05 7.32985e-06 4.70044e-06 2.55083e-06 1.10679e-06 3.72613e-07 9.51197e-08 1.83139e-08 1.99783e-09 6.80916e-11 -5.52092e-10 -2.82246e-10 -4.19657e-10 -4.23821e-10 -2.11298e-10 -5.90872e-10 1.25099e-11 -7.26704e-10 1.70193e-10 -7.33563e-10 1.78968e-10 -5.78999e-10 5.01898e-11 -2.76314e-10 -2.0098e-10 8.21689e-11 -4.06988e-10 3.84771e-10 -4.92432e-10 4.66008e-10 -4.24105e-10 3.33072e-10 -2.22784e-10 1.08813e-10 -1.12736e-11 -5.44048e-11 7.93661e-11 -6.34101e-11 1.51154e-11 4.99107e-11 -1.12397e-10 1.53773e-10 -1.60516e-10 1.27511e-10 -5.94716e-11 -2.99491e-11 1.21355e-10 -1.94319e-10 2.32551e-10 -2.28113e-10 1.83619e-10 -1.11651e-10 3.15709e-11 3.5577e-11 -7.264e-11 7.09099e-11 -3.23371e-11 -3.12367e-11 1.01627e-10 -1.59603e-10 1.90377e-10 -1.8765e-10 1.55011e-10 -1.0433e-10 5.16636e-11 -1.20333e-11 -5.27062e-12 -6.25006e-13 2.23022e-11 -4.68622e-11 6.04157e-11 -5.27262e-11 2.04759e-11 3.1858e-11 -9.36862e-11 1.51848e-10 -1.94713e-10 2.15431e-10 -2.13304e-10 1.92969e-10 -1.61905e-10 1.2731e-10 -9.35731e-11 6.12351e-11 -2.7715e-11 -1.06281e-11 5.60146e-11 -1.07384e-10 1.59902e-10 -2.06024e-10 2.3769e-10 -2.48816e-10 2.37168e-10 -2.04986e-10 1.58199e-10 -1.04624e-10 5.18359e-11 -5.47041e-12 -3.15573e-11 5.88146e-11 -7.74031e-11 8.88269e-11 -9.41901e-11 9.40101e-11 -8.86091e-11 7.87782e-11 -6.62975e-11 5.3981e-11 -4.51494e-11 4.26956e-11 -4.80965e-11 6.07547e-11 -7.79286e-11 9.5286e-11 -1.07893e-10 1.11323e-10 -1.0255e-10 8.04394e-11 -4.57769e-11 9.59534e-13 5.04595e-11 -1.04211e-10 1.55647e-10 -2.00004e-10 2.32673e-10 -2.49562e-10 2.47589e-10 -2.25224e-10 1.82957e-10 -1.23539e-10 5.18721e-11 2.54576e-11 -1.0094e-10 1.67048e-10 -2.17129e-10 2.46131e-10 -2.51098e-10 2.31399e-10 -1.88731e-10 1.26929e-10 -5.1612e-11 -3.02965e-11 1.11178e-10 -1.83418e-10 2.40152e-10 -2.7597e-10 2.87496e-10 -2.73745e-10 2.36213e-10 -1.78665e-10 1.06689e-10 -2.70532e-11 -5.30085e-11 1.26524e-10 -1.87429e-10 2.31083e-10 -2.54622e-10 2.57133e-10 -2.39637e-10 2.04885e-10 -1.57002e-10 1.01e-10 -4.2224e-11 -1.42106e-11 6.39118e-11 -1.03591e-10 1.31284e-10 -1.46397e-10 1.49595e-10 -1.42559e-10 1.27659e-10 -1.0759e-10 8.50121e-11 -6.22523e-11 4.10777e-11 -2.25731e-11 7.12796e-12 5.4764e-12 -1.58934e-11 2.49843e-11 -3.35731e-11 4.2224e-11 -5.10766e-11 5.97646e-11 -6.74328e-11 7.2848e-11 -7.45886e-11 7.12842e-11 -6.187e-11 4.58194e-11 -2.33203e-11 -4.6326e-12 3.62469e-11 -6.90475e-11 1.0009e-10 -1.26254e-10 1.44576e-10 -1.52601e-10 1.48686e-10 -1.32248e-10 1.03888e-10 -6.54081e-11 1.96836e-11 2.95766e-11 -7.81733e-11 1.21822e-10 -1.56578e-10 1.79239e-10 -1.87674e-10 1.81055e-10 -1.59952e-10 1.26286e-10 -8.31467e-11 3.44853e-11 1.52795e-11 -6.17047e-11 1.00765e-10 -1.29253e-10 1.45084e-10 -1.47489e-10 1.37062e-10 -1.15665e-10 8.62024e-11 -5.22837e-11 1.78208e-11 1.34041e-11 -3.81487e-11 5.40553e-11 -5.9894e-11 5.56774e-11 -4.26357e-11 2.30554e-11 0. 
0.000115423 0.00010784 0.000100287 9.27907e-05 8.53865e-05 7.80944e-05 7.09591e-05 6.39852e-05 5.72395e-05 5.0698e-05 4.44586e-05 3.84714e-05 3.2838e-05 2.75464e-05 2.26041e-05 1.81312e-05 1.40313e-05 1.03955e-05 7.3296e-06 4.70072e-06 2.55052e-06 1.10711e-06 3.72277e-07 9.54532e-08 1.8002e-08 2.2644e-09 -1.26029e-10 -4.58958e-10 -2.47395e-10 -6.04412e-10 -7.60916e-11 -7.2269e-10 6.97664e-11 -7.66493e-10 1.2381e-10 -6.9165e-10 7.09342e-11 -4.97745e-10 -9.4285e-11 -1.92803e-10 -3.029e-10 9.59571e-11 -4.56847e-10 3.18827e-10 -4.51745e-10 3.67688e-10 -3.31786e-10 2.3927e-10 -1.48609e-10 6.19161e-11 2.66648e-12 -3.59542e-11 3.41733e-11 -1.06463e-12 -5.29057e-11 1.12578e-10 -1.61296e-10 1.84652e-10 -1.73894e-10 1.28245e-10 -5.54254e-11 -2.98077e-11 1.08957e-10 -1.64141e-10 1.82551e-10 -1.59817e-10 1.01421e-10 -2.16177e-11 -5.9892e-11 1.22827e-10 -1.51421e-10 1.38445e-10 -8.69933e-11 9.53917e-12 7.55294e-11 -1.48935e-10 1.95675e-10 -2.08846e-10 1.9104e-10 -1.52926e-10 1.09519e-10 -7.52958e-11 5.9704e-11 -6.44375e-11 8.32921e-11 -1.04564e-10 1.15144e-10 -1.04927e-10 7.01007e-11 -1.4281e-11 -5.27723e-11 1.18328e-10 -1.70586e-10 2.01985e-10 -2.10838e-10 2.00896e-10 -1.79167e-10 1.52905e-10 -1.26953e-10 1.02375e-10 -7.68011e-11 4.62134e-11 -7.39777e-12 -3.99618e-11 9.23663e-11 -1.43106e-10 1.84142e-10 -2.08538e-10 2.1257e-10 -1.9675e-10 1.65508e-10 -1.25706e-10 8.46091e-11 -4.80366e-11 1.92906e-11 9.17107e-13 -1.37099e-11 2.09251e-11 -2.41551e-11 2.43248e-11 -2.18865e-11 1.74157e-11 -1.22193e-11 8.58096e-12 -9.44894e-12 1.7632e-11 -3.4794e-11 6.06331e-11 -9.25683e-11 1.26065e-10 -1.55505e-10 1.7532e-10 -1.81061e-10 1.70129e-10 -1.42054e-10 9.83577e-11 -4.21791e-11 -2.21755e-11 8.9623e-11 -1.54617e-10 2.11446e-10 -2.54607e-10 2.79309e-10 -2.82083e-10 2.61387e-10 -2.18043e-10 1.55371e-10 -7.89399e-11 -4.03914e-12 8.55673e-11 -1.57797e-10 2.139e-10 -2.48742e-10 2.59323e-10 -2.44968e-10 2.07304e-10 -1.5007e-10 7.87604e-11 -1.35954e-13 -7.83971e-11 1.49495e-10 -2.06611e-10 2.44672e-10 -2.60593e-10 2.53563e-10 -2.25051e-10 1.78548e-10 -1.19094e-10 5.266e-11 1.45072e-11 -7.65203e-11 1.28389e-10 -1.66426e-10 1.88497e-10 -1.94109e-10 1.84327e-10 -1.6155e-10 1.29148e-10 -9.10281e-11 5.11619e-11 -1.31458e-11 -2.0153e-11 4.68225e-11 -6.59846e-11 7.77289e-11 -8.29272e-11 8.29687e-11 -7.94625e-11 7.39508e-11 -6.76724e-11 6.14034e-11 -5.53897e-11 4.93775e-11 -4.2731e-11 3.46189e-11 -2.42417e-11 1.10612e-11 5.00122e-12 -2.34358e-11 4.31065e-11 -6.23172e-11 7.89777e-11 -9.08491e-11 9.58382e-11 -9.23007e-11 7.9314e-11 -5.68795e-11 2.60274e-11 1.11957e-11 -5.1861e-11 9.24031e-11 -1.28955e-10 1.57737e-10 -1.75462e-10 1.79705e-10 -1.69196e-10 1.44012e-10 -1.05624e-10 5.68023e-11 -1.3918e-12 -5.60385e-11 1.10619e-10 -1.57644e-10 1.93024e-10 -2.1368e-10 2.17845e-10 -2.05228e-10 1.77044e-10 -1.35889e-10 8.54809e-11 -3.02925e-11 -2.48818e-11 7.53892e-11 -1.1716e-10 1.47079e-10 -1.63266e-10 1.6521e-10 -1.53781e-10 1.31095e-10 -1.00251e-10 6.49862e-11 -2.92675e-11 -3.1317e-12 2.9021e-11 -4.61143e-11 5.32497e-11 -5.04842e-11 3.90575e-11 -2.12279e-11 0. 
0.000115423 0.00010784 0.000100287 9.27908e-05 8.53865e-05 7.80944e-05 7.09591e-05 6.39852e-05 5.72396e-05 5.06979e-05 4.44588e-05 3.84713e-05 3.28382e-05 2.75462e-05 2.26044e-05 1.81309e-05 1.40316e-05 1.03952e-05 7.32987e-06 4.70047e-06 2.55074e-06 1.10694e-06 3.72385e-07 9.54158e-08 1.79543e-08 2.41012e-09 -3.80908e-10 -8.75657e-11 -7.36886e-10 -3.04053e-12 -7.73675e-10 4.50824e-11 -7.32014e-10 2.45011e-11 -6.06006e-10 -7.4642e-11 -3.85766e-10 -2.38953e-10 -1.32871e-10 -3.7727e-10 8.59671e-11 -4.57837e-10 2.05307e-10 -3.84594e-10 2.24035e-10 -2.19382e-10 1.22374e-10 -6.14233e-11 4.77385e-12 2.45049e-11 -2.56108e-11 -1.12299e-12 4.8551e-11 -1.05056e-10 1.56551e-10 -1.89427e-10 1.93625e-10 -1.65127e-10 1.07308e-10 -3.06535e-11 -4.91799e-11 1.14698e-10 -1.50545e-10 1.47282e-10 -1.03943e-10 2.87315e-11 6.25221e-11 -1.49784e-10 2.1346e-10 -2.39025e-10 2.20527e-10 -1.61958e-10 7.61387e-11 1.86688e-11 -1.03499e-10 1.63496e-10 -1.91464e-10 1.89177e-10 -1.66116e-10 1.36045e-10 -1.12493e-10 1.04535e-10 -1.14137e-10 1.35859e-10 -1.58925e-10 1.70956e-10 -1.62109e-10 1.283e-10 -7.24933e-11 3.71754e-12 6.57768e-11 -1.24208e-10 1.63551e-10 -1.81364e-10 1.80664e-10 -1.68022e-10 1.5071e-10 -1.33966e-10 1.19355e-10 -1.04767e-10 8.59097e-11 -5.86618e-11 2.1319e-11 2.41302e-11 -7.21695e-11 1.15275e-10 -1.46202e-10 1.60203e-10 -1.56389e-10 1.37822e-10 -1.10381e-10 8.08942e-11 -5.52373e-11 3.7019e-11 -2.72161e-11 2.47005e-11 -2.729e-11 3.28051e-11 -3.96983e-11 4.70718e-11 -5.41995e-11 5.98917e-11 -6.20969e-11 5.80094e-11 -4.4719e-11 2.01881e-11 1.58051e-11 -6.112e-11 1.11322e-10 -1.60364e-10 2.01673e-10 -2.29317e-10 2.38958e-10 -2.28381e-10 1.9759e-10 -1.48578e-10 8.49366e-11 -1.14709e-11 -6.61326e-11 1.41606e-10 -2.08455e-10 2.60454e-10 -2.92277e-10 3.00197e-10 -2.82712e-10 2.40916e-10 -1.78517e-10 1.01454e-10 -1.71903e-11 -6.61787e-11 1.40852e-10 -2.00126e-10 2.38999e-10 -2.54543e-10 2.4606e-10 -2.15047e-10 1.65001e-10 -1.01072e-10 2.95766e-11 4.26192e-11 -1.08788e-10 1.63037e-10 -2.00912e-10 2.19831e-10 -2.19261e-10 2.00655e-10 -1.67134e-10 1.23012e-10 -7.32267e-11 2.27593e-11 2.38779e-11 -6.30522e-11 9.22853e-11 -1.10384e-10 1.17426e-10 -1.14609e-10 1.03987e-10 -8.81195e-11 6.96905e-11 -5.11332e-11 3.43295e-11 -2.04162e-11 9.72777e-12 -1.87258e-12 -4.07654e-12 9.31818e-12 -1.5032e-11 2.21101e-11 -3.09506e-11 4.13423e-11 -5.24539e-11 6.29293e-11 -7.10759e-11 7.51206e-11 -7.35011e-11 6.51516e-11 -4.97412e-11 2.78278e-11 -8.99412e-13 -2.87124e-11 5.80409e-11 -8.3795e-11 1.02736e-10 -1.12072e-10 1.0983e-10 -9.51404e-11 6.84178e-11 -3.13994e-11 -1.2965e-11 6.07619e-11 -1.0748e-10 1.48455e-10 -1.79349e-10 1.96608e-10 -1.97855e-10 1.82166e-10 -1.50203e-10 1.04189e-10 -4.77161e-11 -1.4577e-11 7.74429e-11 -1.35521e-10 1.83847e-10 -2.18319e-10 2.36077e-10 -2.35764e-10 2.17632e-10 -1.83494e-10 1.36531e-10 -8.0968e-11 2.1655e-11 3.63942e-11 -8.84736e-11 1.3061e-10 -1.59907e-10 1.74772e-10 -1.75016e-10 1.61805e-10 -1.37493e-10 1.0534e-10 -6.91487e-11 3.28639e-11 -1.72374e-13 -2.5863e-11 4.3093e-11 -5.04728e-11 4.81354e-11 -3.73426e-11 2.0321e-11 0. 
0.000115423 0.00010784 0.000100287 9.27908e-05 8.53865e-05 7.80945e-05 7.0959e-05 6.39853e-05 5.72395e-05 5.0698e-05 4.44586e-05 3.84715e-05 3.2838e-05 2.75464e-05 2.26042e-05 1.81311e-05 1.40314e-05 1.03953e-05 7.32979e-06 4.70048e-06 2.55081e-06 1.10678e-06 3.72642e-07 9.50648e-08 1.83984e-08 1.8782e-09 2.2961e-10 -7.6258e-10 -1.66733e-11 -7.4388e-10 -4.15942e-11 -6.45186e-10 -1.18356e-10 -4.78666e-10 -2.43049e-10 -2.75323e-10 -3.58479e-10 -9.52235e-11 -4.30486e-10 4.28324e-11 -4.13454e-10 7.04213e-11 -3.00032e-10 5.1661e-11 -1.09244e-10 -5.38756e-12 2.35462e-11 -5.36579e-11 4.80016e-11 -2.09174e-11 -2.61305e-11 8.29148e-11 -1.37581e-10 1.7767e-10 -1.92893e-10 1.77482e-10 -1.31838e-10 6.30188e-11 1.622e-11 -8.97062e-11 1.41144e-10 -1.57682e-10 1.33036e-10 -6.92963e-11 -2.30035e-11 1.26806e-10 -2.22003e-10 2.89816e-10 -3.1695e-10 2.98595e-10 -2.39399e-10 1.52187e-10 -5.46787e-11 -3.49438e-11 1.02452e-10 -1.40795e-10 1.51264e-10 -1.42304e-10 1.26376e-10 -1.15805e-10 1.18885e-10 -1.37385e-10 1.66201e-10 -1.95195e-10 2.12601e-10 -2.08897e-10 1.79887e-10 -1.28056e-10 6.18013e-11 7.13262e-12 -6.71344e-11 1.09951e-10 -1.32635e-10 1.37659e-10 -1.31274e-10 1.2081e-10 -1.11915e-10 1.06707e-10 -1.03451e-10 9.77547e-11 -8.47707e-11 6.15149e-11 -2.84261e-11 -1.0398e-11 4.83439e-11 -7.83535e-11 9.51541e-11 -9.68602e-11 8.54231e-11 -6.58482e-11 4.45386e-11 -2.7399e-11 1.83539e-11 -1.87125e-11 2.74547e-11 -4.21605e-11 6.01073e-11 -7.90658e-11 9.75241e-11 -1.14358e-10 1.28219e-10 -1.37026e-10 1.37889e-10 -1.27587e-10 1.03473e-10 -6.44982e-11 1.19665e-11 5.02616e-11 -1.16204e-10 1.78711e-10 -2.3065e-10 2.66006e-10 -2.80649e-10 2.7267e-10 -2.42342e-10 1.91855e-10 -1.24977e-10 4.67607e-11 3.67348e-11 -1.18745e-10 1.92235e-10 -2.50508e-10 2.87939e-10 -3.00729e-10 2.87493e-10 -2.49543e-10 1.90779e-10 -1.17202e-10 3.61487e-11 4.45899e-11 -1.17629e-10 1.76703e-10 -2.17173e-10 2.36337e-10 -2.3354e-10 2.10132e-10 -1.69271e-10 1.15589e-10 -5.47074e-11 -7.34596e-12 6.47884e-11 -1.12701e-10 1.47532e-10 -1.67413e-10 1.72222e-10 -1.63433e-10 1.43753e-10 -1.16658e-10 8.58783e-11 -5.49284e-11 2.67231e-11 -3.3132e-12 -1.42427e-11 2.58753e-11 -3.23778e-11 3.51761e-11 -3.60247e-11 3.66672e-11 -3.85113e-11 4.23664e-11 -4.82887e-11 5.55622e-11 -6.28172e-11 6.82705e-11 -7.00444e-11 6.65134e-11 -5.66224e-11 4.01273e-11 -1.77241e-11 -8.95618e-12 3.74848e-11 -6.48919e-11 8.80133e-11 -1.03885e-10 1.10142e-10 -1.05361e-10 8.93149e-11 -6.3084e-11 2.90165e-11 9.47346e-12 -4.82493e-11 8.28977e-11 -1.09228e-10 1.23764e-10 -1.24168e-10 1.09554e-10 -8.06375e-11 3.97158e-11 9.52679e-12 -6.23719e-11 1.13539e-10 -1.57724e-10 1.90156e-10 -2.07098e-10 2.0625e-10 -1.87004e-10 1.50525e-10 -9.96502e-11 3.86178e-11 2.7345e-11 -9.25297e-11 1.51298e-10 -1.98615e-10 2.30521e-10 -2.44484e-10 2.39605e-10 -2.16671e-10 1.78031e-10 -1.2734e-10 6.91748e-11 -8.58889e-12 -4.93738e-11 1.00137e-10 -1.39991e-10 1.66391e-10 -1.78137e-10 1.7541e-10 -1.59692e-10 1.3355e-10 -1.00341e-10 6.38535e-11 -2.79152e-11 -3.97397e-12 2.89706e-11 -4.51393e-11 5.1608e-11 -4.86169e-11 3.74572e-11 -2.03099e-11 0. 
0.000115423 0.00010784 0.000100287 9.27908e-05 8.53865e-05 7.80944e-05 7.09591e-05 6.39852e-05 5.72396e-05 5.06979e-05 4.44587e-05 3.84714e-05 3.28381e-05 2.75463e-05 2.26042e-05 1.81311e-05 1.40314e-05 1.03955e-05 7.32958e-06 4.70079e-06 2.55042e-06 1.10726e-06 3.72083e-07 9.56887e-08 1.77264e-08 2.57803e-09 -4.75119e-10 -7.79686e-11 -6.55148e-10 -1.77277e-10 -5.12425e-10 -2.90427e-10 -3.42234e-10 -3.93147e-10 -1.91606e-10 -4.5248e-10 -7.68094e-11 -4.51259e-10 -3.6921e-11 -3.48187e-10 -6.38859e-11 -2.04829e-10 -1.21262e-10 -2.28336e-11 -1.30551e-10 8.74645e-11 -1.03956e-10 6.45994e-11 -1.75759e-11 -4.28651e-11 1.02262e-10 -1.49911e-10 1.75362e-10 -1.71751e-10 1.37299e-10 -7.62308e-11 -1.45952e-12 8.14697e-11 -1.47677e-10 1.85283e-10 -1.83943e-10 1.40246e-10 -5.88625e-11 -4.79203e-11 1.62386e-10 -2.64829e-10 3.37609e-10 -3.68817e-10 3.54764e-10 -3.00575e-10 2.1877e-10 -1.26102e-10 3.94774e-11 2.80357e-11 -7.0041e-11 8.77674e-11 -8.89082e-11 8.47149e-11 -8.62122e-11 1.00655e-10 -1.2927e-10 1.66947e-10 -2.03924e-10 2.28932e-10 -2.32786e-10 2.11303e-10 -1.66641e-10 1.06674e-10 -4.26418e-11 -1.4123e-11 5.53364e-11 -7.77718e-11 8.35577e-11 -7.87673e-11 7.08737e-11 -6.59998e-11 6.6915e-11 -7.24239e-11 7.82747e-11 -7.91672e-11 7.10724e-11 -5.29968e-11 2.75638e-11 -2.38426e-13 -2.24837e-11 3.52427e-11 -3.55625e-11 2.45948e-11 -6.66176e-12 -1.2165e-11 2.5896e-11 -3.02184e-11 2.33606e-11 -6.04892e-12 -1.92661e-11 4.94943e-11 -8.18223e-11 1.14124e-10 -1.44794e-10 1.72192e-10 -1.94066e-10 2.07312e-10 -2.08268e-10 1.93509e-10 -1.60899e-10 1.10509e-10 -4.50976e-11 -3.00466e-11 1.07847e-10 -1.80548e-10 2.40883e-10 -2.83015e-10 3.03096e-10 -2.99427e-10 2.72354e-10 -2.24021e-10 1.58133e-10 -7.97513e-11 -4.93269e-12 8.89299e-11 -1.64971e-10 2.26209e-10 -2.67024e-10 2.8376e-10 -2.7525e-10 2.42972e-10 -1.90829e-10 1.24579e-10 -5.10708e-11 -2.25876e-11 8.97821e-11 -1.44986e-10 1.84169e-10 -2.05027e-10 2.07054e-10 -1.91486e-10 1.61097e-10 -1.19869e-10 7.25327e-11 -2.40167e-11 -2.1128e-11 5.9244e-11 -8.79409e-11 1.06265e-10 -1.14646e-10 1.14645e-10 -1.0856e-10 9.89773e-11 -8.83313e-11 7.85481e-11 -7.0804e-11 6.54181e-11 -6.1879e-11 5.89919e-11 -5.51255e-11 4.85283e-11 -3.76754e-11 2.15986e-11 -1.49111e-13 -2.58543e-11 5.46238e-11 -8.35592e-11 1.09547e-10 -1.29362e-10 1.40119e-10 -1.39694e-10 1.2708e-10 -1.02595e-10 6.79403e-11 -2.60821e-11 -1.90304e-11 6.28751e-11 -1.00856e-10 1.28833e-10 -1.43616e-10 1.43379e-10 -1.27913e-10 9.87115e-11 -5.88527e-11 1.26919e-11 3.4602e-11 -7.76154e-11 1.11298e-10 -1.31538e-10 1.3564e-10 -1.22648e-10 9.34773e-11 -5.08427e-11 -1.01675e-12 5.67752e-11 -1.10581e-10 1.56676e-10 -1.90003e-10 2.06743e-10 -2.04716e-10 1.83606e-10 -1.44993e-10 9.21846e-11 -2.98687e-11 -3.63637e-11 1.00582e-10 -1.57102e-10 2.01029e-10 -2.28709e-10 2.38047e-10 -2.28654e-10 2.01833e-10 -1.6039e-10 1.0832e-10 -5.03818e-11 -8.37223e-12 6.30752e-11 -1.09482e-10 1.44323e-10 -1.65548e-10 1.72444e-10 -1.65616e-10 1.46856e-10 -1.18903e-10 8.51347e-11 -4.92163e-11 1.47444e-11 1.50846e-11 -3.77522e-11 5.16211e-11 -5.60494e-11 5.14112e-11 -3.90246e-11 2.09965e-11 0. 
0.000115423 0.00010784 0.000100287 9.27908e-05 8.53865e-05 7.80944e-05 7.09591e-05 6.39852e-05 5.72396e-05 5.06979e-05 4.44587e-05 3.84713e-05 3.28382e-05 2.75462e-05 2.26044e-05 1.81309e-05 1.40317e-05 1.03951e-05 7.33002e-06 4.70027e-06 2.55099e-06 1.10664e-06 3.72727e-07 9.5041e-08 1.8354e-08 1.99547e-09 3.83611e-11 -5.00738e-10 -3.40681e-10 -3.71408e-10 -4.43799e-10 -2.36221e-10 -5.08268e-10 -1.3451e-10 -5.16269e-10 -9.40544e-11 -4.33541e-10 -1.31676e-10 -2.87576e-10 -1.90802e-10 -1.14485e-10 -2.61257e-10 2.81625e-11 -2.37845e-10 1.1221e-10 -1.39686e-10 6.50698e-11 -1.16152e-11 -5.45444e-11 1.08584e-10 -1.4397e-10 1.52082e-10 -1.29495e-10 7.78762e-11 -4.44578e-12 -7.88258e-11 1.57002e-10 -2.14714e-10 2.39051e-10 -2.22203e-10 1.63333e-10 -6.91413e-11 -4.70131e-11 1.67461e-10 -2.7352e-10 3.49164e-10 -3.84159e-10 3.7604e-10 -3.30336e-10 2.59037e-10 -1.7759e-10 1.01184e-10 -4.12405e-11 3.00692e-12 1.51309e-11 -2.04565e-11 2.32131e-11 -3.31632e-11 5.64184e-11 -9.34654e-11 1.3896e-10 -1.8334e-10 2.15746e-10 -2.27361e-10 2.14133e-10 -1.78041e-10 1.26552e-10 -7.04442e-11 2.07071e-11 1.4486e-11 -3.18104e-11 3.32242e-11 -2.47511e-11 1.4093e-11 -7.9203e-12 9.75578e-12 -1.91257e-11 3.21866e-11 -4.35184e-11 4.83821e-11 -4.46112e-11 3.34725e-11 -1.92267e-11 7.59528e-12 -3.71507e-12 1.03211e-11 -2.67772e-11 4.92444e-11 -7.18625e-11 8.84762e-11 -9.429e-11 8.69208e-11 -6.6585e-11 3.55011e-11 3.13786e-12 -4.61556e-11 9.09624e-11 -1.35548e-10 1.78012e-10 -2.15951e-10 2.4607e-10 -2.64291e-10 2.66399e-10 -2.49056e-10 2.10844e-10 -1.52978e-10 7.94403e-11 3.49068e-12 -8.81959e-11 1.66853e-10 -2.32472e-10 2.79626e-10 -3.04797e-10 3.06418e-10 -2.84744e-10 2.41691e-10 -1.80709e-10 1.0666e-10 -2.56157e-11 -5.55155e-11 1.29587e-10 -1.89978e-10 2.31404e-10 -2.50601e-10 2.4672e-10 -2.21366e-10 1.78265e-10 -1.22665e-10 6.05976e-11 1.84415e-12 -5.91306e-11 1.06754e-10 -1.41526e-10 1.6173e-10 -1.67146e-10 1.58966e-10 -1.39581e-10 1.1225e-10 -8.06645e-11 4.84558e-11 -1.87114e-11 -6.4079e-12 2.58862e-11 -3.98648e-11 4.94541e-11 -5.63906e-11 6.26115e-11 -6.98279e-11 7.9167e-11 -9.09333e-11 1.04514e-10 -1.18431e-10 1.30524e-10 -1.38251e-10 1.39054e-10 -1.3077e-10 1.12017e-10 -8.25213e-11 4.33126e-11 3.24015e-12 -5.35784e-11 1.03283e-10 -1.47549e-10 1.81741e-10 -2.01964e-10 2.05571e-10 -1.91537e-10 1.60648e-10 -1.15495e-10 6.02394e-11 -2.12026e-13 -5.8647e-11 1.10424e-10 -1.49884e-10 1.7306e-10 -1.77711e-10 1.63598e-10 -1.32528e-10 8.81717e-11 -3.56656e-11 -1.89596e-11 6.94509e-11 -1.10033e-10 1.36051e-10 -1.44491e-10 1.34307e-10 -1.06535e-10 6.41703e-11 -1.18295e-11 -4.47585e-11 9.9384e-11 -1.46031e-10 1.79527e-10 -1.96087e-10 1.93704e-10 -1.72342e-10 1.33911e-10 -8.20405e-11 2.16701e-11 4.14786e-11 -1.01501e-10 1.52907e-10 -1.91154e-10 2.13063e-10 -2.17083e-10 2.03379e-10 -1.73741e-10 1.31342e-10 -8.03684e-11 2.55718e-11 2.82078e-11 -7.64999e-11 1.15596e-10 -1.42847e-10 1.56832e-10 -1.57411e-10 1.45648e-10 -1.23626e-10 9.41923e-11 -6.06434e-11 2.63998e-11 5.30878e-12 -3.17194e-11 5.0752e-11 -6.11547e-11 6.257e-11 -5.55241e-11 4.13453e-11 -2.20197e-11 0. 
0.000115423 0.00010784 0.000100287 9.27908e-05 8.53864e-05 7.80945e-05 7.0959e-05 6.39853e-05 5.72395e-05 5.0698e-05 4.44586e-05 3.84715e-05 3.28379e-05 2.75465e-05 2.26041e-05 1.81312e-05 1.40313e-05 1.03955e-05 7.32954e-06 4.70078e-06 2.55047e-06 1.10715e-06 3.72247e-07 9.54672e-08 1.8002e-08 2.25483e-09 -1.14377e-10 -4.62606e-10 -2.63444e-10 -5.56803e-10 -1.65581e-10 -5.84335e-10 -1.19496e-10 -5.30399e-10 -1.48435e-10 -4.00186e-10 -2.17836e-10 -2.36444e-10 -3.03244e-10 -5.80679e-11 -3.47501e-10 4.29259e-11 -3.08553e-10 8.77006e-11 -1.59073e-10 4.11096e-11 -1.82744e-12 -6.45752e-11 1.04405e-10 -1.23269e-10 1.12397e-10 -7.20777e-11 6.60675e-12 7.47633e-11 -1.59176e-10 2.3207e-10 -2.79599e-10 2.91165e-10 -2.61544e-10 1.92172e-10 -9.12245e-11 -2.7578e-11 1.47352e-10 -2.51111e-10 3.24971e-10 -3.60736e-10 3.57353e-10 -3.20781e-10 2.62374e-10 -1.96046e-10 1.3497e-10 -8.85506e-11 6.04957e-11 -4.8425e-11 4.5138e-11 -4.11636e-11 2.78778e-11 -2.97089e-13 -4.12568e-11 9.11083e-11 -1.39814e-10 1.76911e-10 -1.9402e-10 1.87346e-10 -1.58857e-10 1.15754e-10 -6.84253e-11 2.75135e-11 -9.97611e-13 -7.82114e-12 8.5045e-13 1.58482e-11 -3.42939e-11 4.72307e-11 -5.03117e-11 4.31412e-11 -2.89037e-11 1.27983e-11 1.09302e-13 -6.83486e-12 7.5443e-12 -5.4058e-12 5.32685e-12 -1.20665e-11 2.84096e-11 -5.40365e-11 8.54453e-11 -1.16902e-10 1.42035e-10 -1.55506e-10 1.54209e-10 -1.37661e-10 1.07595e-10 -6.70169e-11 1.91834e-11 3.30967e-11 -8.76079e-11 1.42358e-10 -1.94957e-10 2.42105e-10 -2.79509e-10 3.0235e-10 -3.06204e-10 2.88133e-10 -2.4758e-10 1.86784e-10 -1.10592e-10 2.57237e-11 6.02504e-11 -1.39963e-10 2.07072e-10 -2.56751e-10 2.85855e-10 -2.92893e-10 2.77936e-10 -2.42562e-10 1.89832e-10 -1.2423e-10 5.14609e-11 2.19789e-11 -8.94517e-11 1.44959e-10 -1.83901e-10 2.03639e-10 -2.03755e-10 1.85943e-10 -1.53604e-10 1.11246e-10 -6.38257e-11 1.61496e-11 2.75934e-11 -6.41514e-11 9.13927e-11 -1.08375e-10 1.15315e-10 -1.13465e-10 1.04871e-10 -9.2047e-11 7.7562e-11 -6.3616e-11 5.16748e-11 -4.22378e-11 3.47923e-11 -2.79676e-11 1.98597e-11 -8.4612e-12 -7.88512e-12 3.00889e-11 -5.80346e-11 9.04599e-11 -1.25004e-10 1.58414e-10 -1.86886e-10 2.0651e-10 -2.1376e-10 2.05995e-10 -1.8189e-10 1.41749e-10 -8.76454e-11 2.33464e-11 4.59811e-11 -1.14259e-10 1.75132e-10 -2.22666e-10 2.52027e-10 -2.60057e-10 2.45674e-10 -2.10039e-10 1.56483e-10 -9.01903e-11 1.76718e-11 5.39151e-11 -1.17525e-10 1.66979e-10 -1.97634e-10 2.06885e-10 -1.94438e-10 1.62333e-10 -1.147e-10 5.72796e-11 3.23105e-12 -5.99355e-11 1.06507e-10 -1.37883e-10 1.50807e-10 -1.44158e-10 1.19038e-10 -7.86051e-11 2.76884e-11 2.77829e-11 -8.1457e-11 1.2727e-10 -1.60109e-10 1.76355e-10 -1.74242e-10 1.5401e-10 -1.17827e-10 6.95015e-11 -1.40343e-11 -4.29508e-11 9.58174e-11 -1.39504e-10 1.70027e-10 -1.84843e-10 1.83045e-10 -1.65382e-10 1.34097e-10 -9.26255e-11 4.51929e-11 3.6509e-12 -4.94931e-11 8.84759e-11 -1.17628e-10 1.35083e-10 -1.40175e-10 1.33406e-10 -1.16307e-10 9.12157e-11 -6.1e-11 2.87557e-11 2.48282e-12 -2.99999e-11 5.16045e-11 -6.57722e-11 7.17213e-11 -6.94253e-11 5.95687e-11 -4.3456e-11 2.28861e-11 0. 
0.000115423 0.00010784 0.000100287 9.27907e-05 8.53866e-05 7.80944e-05 7.09591e-05 6.39851e-05 5.72396e-05 5.06979e-05 4.44588e-05 3.84713e-05 3.28382e-05 2.75462e-05 2.26044e-05 1.81309e-05 1.40316e-05 1.03952e-05 7.32986e-06 4.70047e-06 2.55074e-06 1.10693e-06 3.72409e-07 9.53842e-08 1.79952e-08 2.35714e-09 -3.11812e-10 -1.77459e-10 -6.21634e-10 -1.47089e-10 -5.99581e-10 -1.57165e-10 -5.07297e-10 -2.13017e-10 -3.68947e-10 -2.95387e-10 -1.98224e-10 -3.77311e-10 -5.66658e-11 -3.83298e-10 2.01983e-11 -3.25761e-10 1.92898e-11 -1.62674e-10 -1.21385e-11 8.41971e-12 -7.62497e-11 9.15472e-11 -9.2196e-11 6.20395e-11 -6.84867e-12 -6.78141e-11 1.5159e-10 -2.31858e-10 2.9541e-10 -3.30653e-10 3.29692e-10 -2.89915e-10 2.14744e-10 -1.133e-10 -9.92805e-13 1.12711e-10 -2.07168e-10 2.73109e-10 -3.04714e-10 3.0254e-10 -2.73054e-10 2.26963e-10 -1.76563e-10 1.32863e-10 -1.03066e-10 8.91132e-11 -8.76193e-11 9.1236e-11 -9.10695e-11 7.9495e-11 -5.25809e-11 1.14321e-11 3.79455e-11 -8.62405e-11 1.23444e-10 -1.41721e-10 1.37705e-10 -1.1353e-10 7.6297e-11 -3.61203e-11 3.33652e-12 1.42881e-11 -1.35311e-11 -3.69562e-12 3.12669e-11 -6.09318e-11 8.48721e-11 -9.79119e-11 9.87059e-11 -8.95928e-11 7.52545e-11 -6.07099e-11 4.93726e-11 -4.1841e-11 3.58102e-11 -2.70854e-11 1.12976e-11 1.43079e-11 -4.96352e-11 9.14591e-11 -1.34159e-10 1.71172e-10 -1.96636e-10 2.06693e-10 -2.00065e-10 1.77819e-10 -1.42534e-10 9.72829e-11 -4.48316e-11 -1.26457e-11 7.33052e-11 -1.35029e-10 1.94814e-10 -2.48505e-10 2.91053e-10 -3.17296e-10 3.23013e-10 -3.05945e-10 2.66432e-10 -2.07501e-10 1.34387e-10 -5.36723e-11 -2.76972e-11 1.0327e-10 -1.67653e-10 2.1677e-10 -2.47898e-10 2.59616e-10 -2.51792e-10 2.2563e-10 -1.8373e-10 1.30055e-10 -6.9699e-11 8.41372e-12 4.80607e-11 -9.47355e-11 1.28019e-10 -1.46121e-10 1.49142e-10 -1.38843e-10 1.1819e-10 -9.07854e-11 6.0323e-11 -3.01363e-11 2.88855e-12 1.96058e-11 -3.64495e-11 4.76451e-11 -5.39975e-11 5.69331e-11 -5.82308e-11 5.9679e-11 -6.27006e-11 6.80091e-11 -7.5373e-11 8.35493e-11 -9.04172e-11 9.32998e-11 -8.94193e-11 7.64076e-11 -5.27834e-11 1.8318e-11 2.57619e-11 -7.67632e-11 1.30706e-10 -1.82676e-10 2.27313e-10 -2.59391e-10 2.7443e-10 -2.69277e-10 2.42579e-10 -1.95088e-10 1.2974e-10 -5.1484e-11 -3.31456e-11 1.16656e-10 -1.91368e-10 2.50238e-10 -2.87626e-10 2.99927e-10 -2.85985e-10 2.47246e-10 -1.87626e-10 1.13116e-10 -3.11623e-11 -5.0122e-11 1.22808e-10 -1.79989e-10 2.16508e-10 -2.29483e-10 2.18586e-10 -1.86027e-10 1.36266e-10 -7.5465e-11 1.0772e-11 5.04973e-11 -1.01674e-10 1.37459e-10 -1.54469e-10 1.51555e-10 -1.29863e-10 9.26237e-11 -4.47278e-11 -7.88558e-12 5.89336e-11 -1.02513e-10 1.33756e-10 -1.49346e-10 1.47839e-10 -1.29762e-10 9.74788e-11 -5.4857e-11 6.78083e-12 4.14338e-11 -8.4643e-11 1.18432e-10 -1.39564e-10 1.46274e-10 -1.38388e-10 1.17255e-10 -8.55243e-11 4.67915e-11 -5.16227e-12 -3.52042e-11 7.0527e-11 -9.77628e-11 1.14858e-10 -1.20875e-10 1.15998e-10 -1.01414e-10 7.91095e-11 -5.16137e-11 2.17075e-11 7.85087e-12 -3.45663e-11 5.6392e-11 -7.18493e-11 8.00838e-11 -8.08618e-11 7.4523e-11 -6.19003e-11 4.42238e-11 -2.3018e-11 0. 
0.000115423 0.00010784 0.000100287 9.27908e-05 8.53865e-05 7.80945e-05 7.0959e-05 6.39853e-05 5.72395e-05 5.0698e-05 4.44586e-05 3.84714e-05 3.2838e-05 2.75464e-05 2.26042e-05 1.8131e-05 1.40315e-05 1.03953e-05 7.32981e-06 4.70049e-06 2.55077e-06 1.10684e-06 3.72559e-07 9.51673e-08 1.8278e-08 2.01427e-09 7.98655e-11 -6.01315e-10 -1.86908e-10 -5.67984e-10 -2.1876e-10 -4.72429e-10 -2.79769e-10 -3.3648e-10 -3.57794e-10 -1.95685e-10 -3.96934e-10 -1.01393e-10 -3.79757e-10 -4.8369e-11 -2.89905e-10 -7.38723e-11 -1.48973e-10 -9.13356e-11 1.17375e-11 -9.29166e-11 6.99742e-11 -5.57899e-11 7.03147e-12 5.83457e-11 -1.36563e-10 2.166e-10 -2.87168e-10 3.37228e-10 -3.58017e-10 3.44608e-10 -2.96952e-10 2.20152e-10 -1.2379e-10 2.04461e-11 7.64491e-11 -1.54958e-10 2.0679e-10 -2.28719e-10 2.23031e-10 -1.96772e-10 1.60025e-10 -1.23493e-10 9.60309e-11 -8.26334e-11 8.34494e-11 -9.40312e-11 1.06802e-10 -1.13353e-10 1.06968e-10 -8.46902e-11 4.8348e-11 -4.21975e-12 -3.85859e-11 7.06148e-11 -8.47225e-11 7.81445e-11 -5.33777e-11 1.7602e-11 1.92058e-11 -4.69296e-11 5.79808e-11 -4.92065e-11 2.25085e-11 1.59684e-11 -5.77843e-11 9.46589e-11 -1.20668e-10 1.33531e-10 -1.34647e-10 1.2797e-10 -1.18161e-10 1.087e-10 -1.00595e-10 9.21198e-11 -7.96046e-11 5.89825e-11 -2.75095e-11 -1.49399e-11 6.54357e-11 -1.18535e-10 1.67583e-10 -2.06311e-10 2.30198e-10 -2.37191e-10 2.27638e-10 -2.03574e-10 1.67714e-10 -1.2259e-10 7.01303e-11 -1.18058e-11 -5.08031e-11 1.1533e-10 -1.78179e-10 2.34572e-10 -2.79129e-10 3.06839e-10 -3.14104e-10 2.99544e-10 -2.64315e-10 2.11884e-10 -1.47362e-10 7.66297e-11 -5.51078e-12 -6.08216e-11 1.18144e-10 -1.63248e-10 1.93889e-10 -2.08774e-10 2.07621e-10 -1.91297e-10 1.61922e-10 -1.2282e-10 7.82508e-11 -3.29078e-11 -8.72568e-12 4.30142e-11 -6.76505e-11 8.1869e-11 -8.63609e-11 8.29404e-11 -7.40679e-11 6.23506e-11 -5.01199e-11 3.91374e-11 -3.04372e-11 2.42828e-11 -2.02091e-11 1.71328e-11 -1.35285e-11 7.6766e-12 2.0226e-12 -1.66952e-11 3.66548e-11 -6.11497e-11 8.82654e-11 -1.15028e-10 1.37715e-10 -1.52333e-10 1.55197e-10 -1.43506e-10 1.15843e-10 -7.25051e-11 1.56457e-11 5.08167e-11 -1.21493e-10 1.90004e-10 -2.49602e-10 2.93874e-10 -3.17455e-10 3.16689e-10 -2.90128e-10 2.38832e-10 -1.66391e-10 7.86672e-11 1.67387e-11 -1.11235e-10 1.96121e-10 -2.63501e-10 3.07118e-10 -3.23029e-10 3.10019e-10 -2.69739e-10 2.06526e-10 -1.26942e-10 3.90813e-11 4.82914e-11 -1.26666e-10 1.88677e-10 -2.28862e-10 2.44201e-10 -2.34377e-10 2.01734e-10 -1.50939e-10 8.83928e-11 -2.14664e-11 -4.23512e-11 9.62857e-11 -1.35003e-10 1.55145e-10 -1.55618e-10 1.37618e-10 -1.04387e-10 6.07497e-11 -1.24843e-11 -3.43948e-11 7.43467e-11 -1.02931e-10 1.1728e-10 -1.16358e-10 1.01004e-10 -7.37366e-11 3.83829e-11 4.40361e-13 -3.79078e-11 6.95643e-11 -9.18305e-11 1.02379e-10 -1.00343e-10 8.63434e-11 -6.23395e-11 3.13332e-11 3.03095e-12 -3.69135e-11 6.67218e-11 -8.94922e-11 1.03172e-10 -1.06777e-10 1.00413e-10 -8.51778e-11 6.29557e-11 -3.61528e-11 7.39998e-12 2.07308e-11 -4.59679e-11 6.65152e-11 -8.11488e-11 8.92394e-11 -9.07072e-11 8.59326e-11 -7.56417e-11 6.07907e-11 -4.24668e-11 2.18156e-11 0. 
0.000115423 0.00010784 0.000100287 9.27908e-05 8.53865e-05 7.80944e-05 7.09591e-05 6.39852e-05 5.72395e-05 5.0698e-05 4.44587e-05 3.84714e-05 3.2838e-05 2.75464e-05 2.26042e-05 1.81311e-05 1.40314e-05 1.03955e-05 7.32962e-06 4.70071e-06 2.55052e-06 1.10713e-06 3.72233e-07 9.55233e-08 1.79e-08 2.4034e-09 -3.06359e-10 -2.3427e-10 -5.17294e-10 -2.91465e-10 -4.262e-10 -3.45466e-10 -3.20345e-10 -3.81398e-10 -2.35776e-10 -3.79012e-10 -1.74445e-10 -3.36533e-10 -1.60001e-10 -2.26614e-10 -1.73744e-10 -1.16305e-10 -1.80405e-10 1.31868e-12 -1.17127e-10 3.70678e-11 -2.00487e-11 -4.72935e-11 1.15858e-10 -1.91733e-10 2.61884e-10 -3.17675e-10 3.50696e-10 -3.55356e-10 3.29746e-10 -2.76201e-10 2.01144e-10 -1.14192e-10 2.66553e-11 5.03766e-11 -1.07948e-10 1.40842e-10 -1.48446e-10 1.34751e-10 -1.07356e-10 7.57391e-11 -4.90782e-11 3.42011e-11 -3.40468e-11 4.71266e-11 -6.80575e-11 8.91185e-11 -1.02421e-10 1.02154e-10 -8.63058e-11 5.73746e-11 -2.18462e-11 -1.14593e-11 3.37532e-11 -3.87208e-11 2.43638e-11 6.28612e-12 -4.58072e-11 8.42241e-11 -1.11544e-10 1.20288e-10 -1.07318e-10 7.44534e-11 -2.77495e-11 -2.43188e-11 7.31914e-11 -1.1237e-10 1.38757e-10 -1.52837e-10 1.57733e-10 -1.57537e-10 1.55502e-10 -1.52732e-10 1.4779e-10 -1.37316e-10 1.17411e-10 -8.52654e-11 4.04858e-11 1.43571e-11 -7.41048e-11 1.32168e-10 -1.82056e-10 2.18765e-10 -2.39615e-10 2.44325e-10 -2.34406e-10 2.12198e-10 -1.79937e-10 1.39226e-10 -9.10479e-11 3.62685e-11 2.3649e-11 -8.60594e-11 1.46964e-10 -2.01377e-10 2.44135e-10 -2.70903e-10 2.79061e-10 -2.68196e-10 2.4009e-10 -1.98244e-10 1.47141e-10 -9.14801e-11 3.55891e-11 1.68822e-11 -6.30186e-11 1.00561e-10 -1.27836e-10 1.43779e-10 -1.48082e-10 1.41366e-10 -1.25285e-10 1.02438e-10 -7.60558e-11 4.94996e-11 -2.56995e-11 6.66965e-12 6.76707e-12 -1.49853e-11 1.93114e-11 -2.16095e-11 2.38147e-11 -2.75196e-11 3.36849e-11 -4.24938e-11 5.33349e-11 -6.48823e-11 7.52443e-11 -8.21703e-11 8.33163e-11 -7.65696e-11 6.0414e-11 -3.42949e-11 -1.084e-12 4.36035e-11 -8.97711e-11 1.34989e-10 -1.74027e-10 2.01644e-10 -2.13265e-10 2.05619e-10 -1.77243e-10 1.28793e-10 -6.31237e-11 -1.48798e-11 9.86948e-11 -1.80749e-10 2.53152e-10 -3.085e-10 3.4068e-10 -3.45581e-10 3.21621e-10 -2.70032e-10 1.94836e-10 -1.02509e-10 1.36881e-12 9.92631e-11 -1.90021e-10 2.62468e-10 -3.09975e-10 3.28405e-10 -3.16531e-10 2.76141e-10 -2.11829e-10 1.30482e-10 -4.05343e-11 -4.89388e-11 1.29184e-10 -1.92686e-10 2.33926e-10 -2.49916e-10 2.40427e-10 -2.07917e-10 1.57154e-10 -9.4597e-11 2.76047e-11 3.64171e-11 -9.08449e-11 1.30538e-10 -1.52338e-10 1.5532e-10 -1.40769e-10 1.11904e-10 -7.33862e-11 3.06816e-11 1.06429e-11 -4.55978e-11 7.03465e-11 -8.26103e-11 8.18604e-11 -6.92844e-11 4.75389e-11 -2.03329e-11 -8.10156e-12 3.35774e-11 -5.24871e-11 6.22386e-11 -6.15421e-11 5.05187e-11 -3.06278e-11 4.42797e-12 2.47862e-11 -5.34226e-11 7.80442e-11 -9.57785e-11 1.04634e-10 -1.03692e-10 9.31505e-11 -7.4234e-11 4.89829e-11 -1.99613e-11 -1.00735e-11 3.84926e-11 -6.30693e-11 8.21721e-11 -9.48604e-11 1.00881e-10 -1.00577e-10 9.47344e-11 -8.43964e-11 7.06801e-11 -5.46238e-11 3.70889e-11 -1.87254e-11 0. 
0.000115423 0.00010784 0.000100287 9.27908e-05 8.53865e-05 7.80944e-05 7.09591e-05 6.39852e-05 5.72396e-05 5.06979e-05 4.44588e-05 3.84713e-05 3.28382e-05 2.75462e-05 2.26044e-05 1.81309e-05 1.40316e-05 1.03952e-05 7.32992e-06 4.7004e-06 2.55084e-06 1.10681e-06 3.72558e-07 9.52069e-08 1.82007e-08 2.12698e-09 -6.31039e-11 -4.35952e-10 -3.64248e-10 -3.91145e-10 -3.81335e-10 -3.3811e-10 -3.72861e-10 -2.95198e-10 -3.40418e-10 -2.73676e-10 -2.62069e-10 -2.83403e-10 -1.65958e-10 -2.74044e-10 -7.50437e-11 -2.54808e-10 -2.27707e-11 -1.47069e-10 -1.12228e-11 7.75043e-12 -9.75782e-11 1.58695e-10 -2.2739e-10 2.81993e-10 -3.19194e-10 3.3291e-10 -3.20846e-10 2.83883e-10 -2.26378e-10 1.55657e-10 -8.09692e-11 1.2055e-11 4.24858e-11 -7.66718e-11 8.82198e-11 -7.89188e-11 5.4249e-11 -2.22029e-11 -8.39805e-12 2.98248e-11 -3.70937e-11 2.90587e-11 -8.55298e-12 -1.83794e-11 4.40982e-11 -6.13894e-11 6.54332e-11 -5.51862e-11 3.37993e-11 -7.917e-12 -1.39989e-11 2.39126e-11 -1.64425e-11 -9.52939e-12 5.03201e-11 -9.81576e-11 1.42978e-10 -1.74841e-10 1.86321e-10 -1.74227e-10 1.40199e-10 -9.00532e-11 3.20926e-11 2.50949e-11 -7.46989e-11 1.13029e-10 -1.39793e-10 1.57317e-10 -1.69027e-10 1.77763e-10 -1.84486e-10 1.87808e-10 -1.84481e-10 1.7063e-10 -1.433e-10 1.01769e-10 -4.81815e-11 -1.26963e-11 7.45022e-11 -1.30728e-10 1.76119e-10 -2.0759e-10 2.2442e-10 -2.27758e-10 2.19687e-10 -2.02255e-10 1.76819e-10 -1.43932e-10 1.03744e-10 -5.67121e-11 4.29368e-12 5.06926e-11 -1.04204e-10 1.5159e-10 -1.88494e-10 2.11734e-10 -2.19908e-10 2.13533e-10 -1.94738e-10 1.66652e-10 -1.32702e-10 9.60574e-11 -5.93229e-11 2.45064e-11 6.84712e-12 -3.34964e-11 5.44406e-11 -6.89992e-11 7.6994e-11 -7.89242e-11 7.60174e-11 -7.00825e-11 6.31653e-11 -5.70922e-11 5.30329e-11 -5.1215e-11 5.08735e-11 -5.04479e-11 4.79661e-11 -4.15082e-11 2.96399e-11 -1.17293e-11 -1.18905e-11 3.99068e-11 -7.01325e-11 9.96939e-11 -1.25281e-10 1.43453e-10 -1.51e-10 1.45347e-10 -1.24976e-10 8.97919e-11 -4.13782e-11 -1.69462e-11 8.03015e-11 -1.42664e-10 1.97482e-10 -2.38408e-10 2.60061e-10 -2.58695e-10 2.32719e-10 -1.82975e-10 1.12778e-10 -2.76852e-11 -6.49734e-11 1.56763e-10 -2.3896e-10 3.03435e-10 -3.43514e-10 3.5473e-10 -3.35362e-10 2.86693e-10 -2.12951e-10 1.20919e-10 -1.92569e-11 -8.23863e-11 1.74373e-10 -2.48079e-10 2.96776e-10 -3.16315e-10 3.05524e-10 -2.66283e-10 2.03287e-10 -1.23498e-10 3.53736e-11 5.20544e-11 -1.30151e-10 1.9158e-10 -2.31044e-10 2.45776e-10 -2.35737e-10 2.03496e-10 -1.53828e-10 9.30739e-11 -2.83537e-11 -3.32729e-11 8.55967e-11 -1.23911e-10 1.45456e-10 -1.49607e-10 1.37805e-10 -1.13237e-10 8.033e-11 -4.41152e-11 9.55548e-12 1.90805e-11 -3.8722e-11 4.78177e-11 -4.64422e-11 3.61832e-11 -1.98343e-11 9.41297e-13 1.67319e-11 -2.97436e-11 3.54503e-11 -3.23567e-11 2.02991e-11 -4.43595e-13 -2.48951e-11 5.25827e-11 -7.90948e-11 1.00987e-10 -1.15339e-10 1.20124e-10 -1.14442e-10 9.86054e-11 -7.4067e-11 4.32024e-11 -8.98675e-12 -2.53879e-11 5.69012e-11 -8.30462e-11 1.02082e-10 -1.13166e-10 1.16359e-10 -1.12509e-10 1.03036e-10 -8.96615e-11 7.41207e-11 -5.79092e-11 4.20931e-11 -2.72162e-11 1.33098e-11 0. 
0.000115423 0.00010784 0.000100287 9.27908e-05 8.53865e-05 7.80945e-05 7.0959e-05 6.39853e-05 5.72395e-05 5.0698e-05 4.44586e-05 3.84715e-05 3.2838e-05 2.75465e-05 2.26041e-05 1.81312e-05 1.40314e-05 1.03954e-05 7.32965e-06 4.70066e-06 2.5506e-06 1.10703e-06 3.7236e-07 9.53782e-08 1.80589e-08 2.23764e-09 -1.42446e-10 -3.8644e-10 -3.87402e-10 -3.88716e-10 -3.7082e-10 -3.51909e-10 -3.66739e-10 -2.82283e-10 -3.82913e-10 -1.93298e-10 -3.84882e-10 -1.18739e-10 -3.65706e-10 -5.26259e-11 -2.98393e-10 -5.43667e-11 -1.72522e-10 -7.57738e-11 2.02061e-11 -1.43588e-10 1.80598e-10 -2.40775e-10 2.74587e-10 -2.9147e-10 2.85367e-10 -2.57512e-10 2.10987e-10 -1.51655e-10 8.72373e-11 -2.62399e-11 -2.33502e-11 5.53914e-11 -6.66429e-11 5.7381e-11 -3.13591e-11 -4.86316e-12 4.32023e-11 -7.56339e-11 9.5839e-11 -1.00479e-10 8.98823e-11 -6.78524e-11 4.07248e-11 -1.57422e-11 -7.90344e-13 5.18957e-12 2.5523e-12 -1.86236e-11 3.62499e-11 -4.73746e-11 4.47686e-11 -2.40353e-11 -1.50163e-11 6.80141e-11 -1.26812e-10 1.81247e-10 -2.21433e-10 2.39994e-10 -2.3366e-10 2.03817e-10 -1.55899e-10 9.78166e-11 -3.7903e-11 -1.70369e-11 6.30268e-11 -9.92474e-11 1.27374e-10 -1.50211e-10 1.70121e-10 -1.87786e-10 2.01711e-10 -2.08609e-10 2.04527e-10 -1.86301e-10 1.52842e-10 -1.05827e-10 4.95553e-11 9.96104e-12 -6.63741e-11 1.1439e-10 -1.50747e-10 1.7452e-10 -1.86714e-10 1.89379e-10 -1.84597e-10 1.73719e-10 -1.57101e-10 1.34379e-10 -1.05134e-10 6.96328e-11 -2.93424e-11 -1.29973e-11 5.37826e-11 -8.92932e-11 1.16517e-10 -1.33782e-10 1.40993e-10 -1.39447e-10 1.31308e-10 -1.18971e-10 1.04511e-10 -8.9381e-11 7.43927e-11 -5.99099e-11 4.61071e-11 -3.31582e-11 2.12708e-11 -1.05738e-11 9.41536e-13 8.12701e-12 -1.74782e-11 2.80901e-11 -4.0725e-11 5.55568e-11 -7.19024e-11 8.81581e-11 -1.01975e-10 1.10639e-10 -1.11556e-10 1.0274e-10 -8.3194e-11 5.31306e-11 -1.40256e-11 -3.14755e-11 7.97602e-11 -1.2653e-10 1.67142e-10 -1.97019e-10 2.12096e-10 -2.09317e-10 1.8709e-10 -1.45663e-10 8.73246e-11 -1.63663e-11 -6.12112e-11 1.3824e-10 -2.0711e-10 2.6059e-10 -2.9263e-10 2.99062e-10 -2.78109e-10 2.30648e-10 -1.6021e-10 7.27122e-11 2.40633e-11 -1.21193e-10 2.09478e-10 -2.80378e-10 3.26901e-10 -3.44368e-10 3.30945e-10 -2.87874e-10 2.19383e-10 -1.32251e-10 3.51048e-11 6.24892e-11 -1.51032e-10 2.2208e-10 -2.69107e-10 2.88153e-10 -2.78187e-10 2.41156e-10 -1.81712e-10 1.06653e-10 -2.41534e-11 -5.71561e-11 1.29119e-10 -1.84918e-10 2.19757e-10 -2.31295e-10 2.19791e-10 -1.87939e-10 1.40438e-10 -8.3352e-11 2.33393e-11 3.31393e-11 -8.05502e-11 1.14865e-10 -1.33923e-10 1.3755e-10 -1.27424e-10 1.06718e-10 -7.9579e-11 5.05077e-11 -2.37341e-11 2.66047e-12 1.05519e-11 -1.52047e-11 1.20708e-11 -3.19622e-12 -8.47083e-12 1.9566e-11 -2.68405e-11 2.76634e-11 -2.04257e-11 4.79346e-12 1.82239e-11 -4.63943e-11 7.6555e-11 -1.05034e-10 1.2814e-10 -1.42658e-10 1.46278e-10 -1.37906e-10 1.17808e-10 -8.75855e-11 4.99678e-11 -8.4709e-12 -3.3041e-11 7.08267e-11 -1.01709e-10 1.2343e-10 -1.3487e-10 1.3611e-10 -1.28338e-10 1.13608e-10 -9.4494e-11 7.36959e-11 -5.36506e-11 3.62023e-11 -2.23814e-11 1.23192e-11 -5.30921e-12 0. 
0.000115423 0.00010784 0.000100287 9.27908e-05 8.53865e-05 7.80944e-05 7.09591e-05 6.39852e-05 5.72396e-05 5.06979e-05 4.44588e-05 3.84713e-05 3.28381e-05 2.75463e-05 2.26043e-05 1.8131e-05 1.40315e-05 1.03953e-05 7.3298e-06 4.70053e-06 2.5507e-06 1.10695e-06 3.7241e-07 9.53487e-08 1.80707e-08 2.23837e-09 -1.49036e-10 -3.8193e-10 -3.80983e-10 -4.1531e-10 -3.1509e-10 -4.44621e-10 -2.31253e-10 -4.6331e-10 -1.57524e-10 -4.57197e-10 -9.34049e-11 -4.21836e-10 -7.13526e-11 -3.1473e-10 -9.33092e-11 -1.78792e-10 -1.48555e-10 1.39615e-11 -1.87556e-10 1.75994e-10 -2.3356e-10 2.40527e-10 -2.38539e-10 2.1389e-10 -1.72946e-10 1.19737e-10 -6.10686e-11 4.47634e-12 4.26218e-11 -7.40768e-11 8.60203e-11 -7.75388e-11 5.09043e-11 -1.12181e-11 -3.44462e-11 7.8336e-11 -1.13447e-10 1.34881e-10 -1.40759e-10 1.32552e-10 -1.14634e-10 9.32264e-11 -7.48198e-11 6.45461e-11 -6.47856e-11 7.44332e-11 -8.90037e-11 1.01617e-10 -1.04659e-10 9.17328e-11 -5.94385e-11 8.49777e-12 5.60678e-11 -1.258e-10 1.90521e-10 -2.40489e-10 2.68459e-10 -2.71136e-10 2.4965e-10 -2.08969e-10 1.5644e-10 -9.98832e-11 4.57805e-11 1.94374e-12 -4.22548e-11 7.64246e-11 -1.0679e-10 1.35297e-10 -1.62337e-10 1.86247e-10 -2.03643e-10 2.10447e-10 -2.03268e-10 1.80658e-10 -1.43828e-10 9.65896e-11 -4.4539e-11 -6.24679e-12 5.05867e-11 -8.52249e-11 1.09224e-10 -1.23657e-10 1.30773e-10 -1.32956e-10 1.31866e-10 -1.28016e-10 1.20906e-10 -1.09584e-10 9.33874e-11 -7.25483e-11 4.84354e-11 -2.33381e-11 -1.12871e-13 1.96703e-11 -3.40763e-11 4.33421e-11 -4.86238e-11 5.17596e-11 -5.46516e-11 5.87056e-11 -6.45018e-11 7.17656e-11 -7.95927e-11 8.67974e-11 -9.22328e-11 9.49711e-11 -9.43119e-11 8.9674e-11 -8.04756e-11 6.61099e-11 -4.60739e-11 2.02345e-11 1.08536e-11 -4.56987e-11 8.1799e-11 -1.15804e-10 1.43895e-10 -1.62309e-10 1.67896e-10 -1.58592e-10 1.33743e-10 -9.42441e-11 4.25043e-11 1.77266e-11 -8.16332e-11 1.43691e-10 -1.98096e-10 2.39258e-10 -2.62346e-10 2.63848e-10 -2.42064e-10 1.97466e-10 -1.32848e-10 5.32034e-11 3.46734e-11 -1.22819e-10 2.029e-10 -2.67082e-10 3.08852e-10 -3.23716e-10 3.097e-10 -2.67587e-10 2.00904e-10 -1.15617e-10 1.95951e-11 7.81442e-11 -1.68321e-10 2.42333e-10 -2.93154e-10 3.16075e-10 -3.09211e-10 2.73707e-10 -2.13604e-10 1.35397e-10 -4.7321e-11 -4.1542e-11 1.22234e-10 -1.86859e-10 2.29397e-10 -2.46286e-10 2.36743e-10 -2.02765e-10 1.48841e-10 -8.13923e-11 8.01118e-12 6.34018e-11 -1.25517e-10 1.72357e-10 -1.99903e-10 2.06441e-10 -1.92639e-10 1.61336e-10 -1.17086e-10 6.55274e-11 -1.26581e-11 -3.58973e-11 7.55272e-11 -1.03113e-10 1.17293e-10 -1.18492e-10 1.08718e-10 -9.1162e-11 6.96677e-11 -4.81393e-11 2.99727e-11 -1.75865e-11 1.21133e-11 -1.32908e-11 1.95609e-11 -2.83601e-11 3.65537e-11 -4.09529e-11 3.88373e-11 -2.84107e-11 9.12487e-12 1.81745e-11 -5.12994e-11 8.69647e-11 -1.21192e-10 1.49821e-10 -1.69055e-10 1.75975e-10 -1.68943e-10 1.47849e-10 -1.14159e-10 7.07651e-11 -2.16515e-11 -2.8578e-11 7.52499e-11 -1.14175e-10 1.42138e-10 -1.5725e-10 1.59135e-10 -1.48912e-10 1.28989e-10 -1.02695e-10 7.38029e-11 -4.60067e-11 2.24283e-11 -5.21808e-12 -4.69806e-12 7.6902e-12 -5.30893e-12 0. 
0.000115423 0.00010784 0.000100287 9.27908e-05 8.53865e-05 7.80945e-05 7.0959e-05 6.39853e-05 5.72395e-05 5.0698e-05 4.44587e-05 3.84714e-05 3.28381e-05 2.75463e-05 2.26042e-05 1.8131e-05 1.40315e-05 1.03953e-05 7.32978e-06 4.70053e-06 2.55071e-06 1.10693e-06 3.72439e-07 9.53194e-08 1.80931e-08 2.23077e-09 -1.64631e-10 -3.34845e-10 -4.6705e-10 -2.84368e-10 -4.94375e-10 -2.16747e-10 -5.04076e-10 -1.53502e-10 -4.91906e-10 -1.14801e-10 -4.2388e-10 -1.25334e-10 -3.11437e-10 -1.51822e-10 -1.6222e-10 -2.14555e-10 -5.44083e-12 -2.29954e-10 1.41061e-10 -2.12451e-10 1.83008e-10 -1.68652e-10 1.2777e-10 -7.83259e-11 2.22656e-11 3.28715e-11 -8.04185e-11 1.14327e-10 -1.30286e-10 1.26405e-10 -1.03564e-10 6.53464e-11 -1.74797e-11 -3.30995e-11 7.946e-11 -1.15896e-10 1.38977e-10 -1.48126e-10 1.45649e-10 -1.3611e-10 1.25222e-10 -1.18391e-10 1.19331e-10 -1.28971e-10 1.45039e-10 -1.62381e-10 1.74051e-10 -1.72913e-10 1.53426e-10 -1.13171e-10 5.37294e-11 1.93187e-11 -9.73296e-11 1.70261e-10 -2.28685e-10 2.65655e-10 -2.77993e-10 2.66661e-10 -2.36179e-10 1.93254e-10 -1.45022e-10 9.73937e-11 -5.39441e-11 1.5614e-11 1.87456e-11 -5.12259e-11 8.35128e-11 -1.15796e-10 1.46297e-10 -1.71564e-10 1.87434e-10 -1.9034e-10 1.78539e-10 -1.52835e-10 1.16592e-10 -7.49917e-11 3.38048e-11 1.97263e-12 -2.91856e-11 4.69994e-11 -5.66885e-11 6.0863e-11 -6.24295e-11 6.36447e-11 -6.55579e-11 6.79774e-11 -6.99037e-11 7.02087e-11 -6.82752e-11 6.43455e-11 -5.94602e-11 5.50304e-11 -5.22244e-11 5.14146e-11 -5.18983e-11 5.19983e-11 -4.95057e-11 4.23116e-11 -2.90141e-11 9.31263e-12 1.59085e-11 -4.47949e-11 7.4921e-11 -1.03721e-10 1.28814e-10 -1.48159e-10 1.60063e-10 -1.63116e-10 1.56178e-10 -1.38473e-10 1.09817e-10 -7.09063e-11 2.35697e-11 2.91339e-11 -8.30467e-11 1.3328e-10 -1.74763e-10 2.02863e-10 -2.13966e-10 2.05927e-10 -1.78331e-10 1.32564e-10 -7.17179e-11 3.71865e-13 7.57378e-11 -1.50131e-10 2.16084e-10 -2.67206e-10 2.98054e-10 -3.04746e-10 2.85467e-10 -2.40811e-10 1.73867e-10 -9.0026e-11 -3.48819e-12 9.83137e-11 -1.85781e-10 2.57787e-10 -3.07607e-10 3.30573e-10 -3.24543e-10 2.90126e-10 -2.30646e-10 1.51836e-10 -6.12918e-11 -3.22698e-11 1.19889e-10 -1.93278e-10 2.45679e-10 -2.72567e-10 2.72107e-10 -2.45316e-10 1.95908e-10 -1.29846e-10 5.4649e-11 2.14511e-11 -9.04106e-11 1.45233e-10 -1.80688e-10 1.93825e-10 -1.84212e-10 1.53906e-10 -1.07132e-10 4.97418e-11 1.1506e-11 -6.97432e-11 1.18777e-10 -1.53766e-10 1.71713e-10 -1.71716e-10 1.54956e-10 -1.24437e-10 8.45095e-11 -4.0264e-11 -3.14337e-12 4.1132e-11 -7.02303e-11 8.84369e-11 -9.53702e-11 9.21933e-11 -8.13347e-11 6.60457e-11 -4.98629e-11 3.60503e-11 -2.70995e-11 2.43594e-11 -2.78442e-11 3.62465e-11 -4.7152e-11 5.74239e-11 -6.37032e-11 6.29511e-11 -5.29599e-11 3.27546e-11 -2.83123e-12 -3.48085e-11 7.68329e-11 -1.18949e-10 1.56418e-10 -1.84649e-10 1.99798e-10 -1.99291e-10 1.82194e-10 -1.49392e-10 1.03534e-10 -4.87637e-11 -9.74895e-12 6.64032e-11 -1.15824e-10 1.53491e-10 -1.76268e-10 1.82748e-10 -1.73395e-10 1.50444e-10 -1.17577e-10 7.94299e-11 -4.09773e-11 6.88892e-12 1.9066e-11 -3.44855e-11 3.86149e-11 -3.24014e-11 1.83213e-11 0. 
0.000115423 0.00010784 0.000100287 9.27908e-05 8.53865e-05 7.80944e-05 7.09591e-05 6.39852e-05 5.72395e-05 5.0698e-05 4.44587e-05 3.84714e-05 3.2838e-05 2.75464e-05 2.26042e-05 1.81311e-05 1.40315e-05 1.03954e-05 7.32974e-06 4.70058e-06 2.55067e-06 1.10696e-06 3.72426e-07 9.53128e-08 1.81259e-08 2.16607e-09 -6.31211e-11 -4.76799e-10 -2.82957e-10 -5.09724e-10 -2.31731e-10 -5.09245e-10 -1.92701e-10 -4.69485e-10 -1.88235e-10 -3.87641e-10 -2.00561e-10 -2.8198e-10 -2.35211e-10 -1.39099e-10 -2.65656e-10 -2.64465e-11 -2.64069e-10 7.75026e-11 -1.87533e-10 1.06033e-10 -9.37216e-11 3.78498e-11 1.32773e-11 -6.79288e-11 1.16367e-10 -1.53861e-10 1.75849e-10 -1.79804e-10 1.65445e-10 -1.34862e-10 9.22358e-11 -4.31845e-11 -6.14305e-12 5.01272e-11 -8.46411e-11 1.07784e-10 -1.20149e-10 1.2462e-10 -1.2562e-10 1.28031e-10 -1.35908e-10 1.51364e-10 -1.73792e-10 1.99743e-10 -2.2344e-10 2.37929e-10 -2.36607e-10 2.14805e-10 -1.71059e-10 1.07741e-10 -3.0876e-11 -5.08602e-11 1.27746e-10 -1.90869e-10 2.33797e-10 -2.53667e-10 2.51443e-10 -2.31308e-10 1.99366e-10 -1.62021e-10 1.24483e-10 -8.97838e-11 5.85414e-11 -2.94929e-11 5.74759e-13 2.98212e-11 -6.18333e-11 9.36887e-11 -1.21981e-10 1.42579e-10 -1.51869e-10 1.4794e-10 -1.31318e-10 1.05019e-10 -7.38864e-11 4.3419e-11 -1.84369e-11 1.98562e-12 5.21967e-12 -4.68005e-12 -5.82341e-13 7.04032e-12 -1.16582e-11 1.25669e-11 -9.25135e-12 2.26557e-12 7.34821e-12 -1.86725e-11 3.13118e-11 -4.54296e-11 6.14335e-11 -7.94546e-11 9.8847e-11 -1.17922e-10 1.34044e-10 -1.44074e-10 1.45044e-10 -1.34836e-10 1.12684e-10 -7.93598e-11 3.70247e-11 1.11614e-11 -6.15341e-11 1.10365e-10 -1.5416e-10 1.89793e-10 -2.14542e-10 2.26126e-10 -2.22813e-10 2.0365e-10 -1.68756e-10 1.19607e-10 -5.91846e-11 -8.09385e-12 7.66978e-11 -1.4052e-10 1.93538e-10 -2.30483e-10 2.47412e-10 -2.42107e-10 2.14285e-10 -1.65624e-10 9.96361e-11 -2.14228e-11 -6.26833e-11 1.45574e-10 -2.1992e-10 2.78808e-10 -3.16408e-10 3.28605e-10 -3.13504e-10 2.71732e-10 -2.06468e-10 1.23188e-10 -2.91576e-11 -6.72843e-11 1.57547e-10 -2.33627e-10 2.88885e-10 -3.18665e-10 3.20741e-10 -2.95506e-10 2.45933e-10 -1.77269e-10 9.65119e-11 -1.16987e-11 -6.89239e-11 1.37753e-10 -1.88619e-10 2.17408e-10 -2.2246e-10 2.04676e-10 -1.6734e-10 1.15685e-10 -5.62419e-11 -3.9216e-12 5.80045e-11 -1.00216e-10 1.26381e-10 -1.34346e-10 1.24142e-10 -9.78965e-11 5.95001e-11 -1.40822e-11 -3.26464e-11 7.50994e-11 -1.08481e-10 1.29331e-10 -1.35884e-10 1.28199e-10 -1.0806e-10 7.86503e-11 -4.40708e-11 8.75743e-12 2.31199e-11 -4.8196e-11 6.43182e-11 -7.07735e-11 6.83078e-11 -5.894e-11 4.55995e-11 -3.16401e-11 2.02991e-11 -1.41795e-11 1.48283e-11 -2.24723e-11 3.59506e-11 -5.28561e-11 6.98687e-11 -8.32354e-11 8.93337e-11 -8.52385e-11 6.92151e-11 -4.10651e-11 2.27549e-12 4.40586e-11 -9.35324e-11 1.40921e-10 -1.80797e-10 2.08206e-10 -2.19309e-10 2.11904e-10 -1.85764e-10 1.4274e-10 -8.66073e-11 2.26728e-11 4.28161e-11 -1.03385e-10 1.53085e-10 -1.8719e-10 2.02751e-10 -1.98936e-10 1.77112e-10 -1.40663e-10 9.45543e-11 -4.47096e-11 -2.7318e-12 4.21773e-11 -6.92704e-11 8.14198e-11 -7.81008e-11 6.08922e-11 -3.32429e-11 0. 
0.000115423 0.00010784 0.000100287 9.27908e-05 8.53865e-05 7.80944e-05 7.09591e-05 6.39852e-05 5.72396e-05 5.06979e-05 4.44587e-05 3.84713e-05 3.28381e-05 2.75463e-05 2.26043e-05 1.8131e-05 1.40315e-05 1.03953e-05 7.32976e-06 4.70057e-06 2.55066e-06 1.10699e-06 3.72367e-07 9.53986e-08 1.80123e-08 2.30771e-09 -2.31808e-10 -2.83527e-10 -4.96574e-10 -2.81997e-10 -4.65262e-10 -2.80169e-10 -4.05493e-10 -2.85722e-10 -3.30251e-10 -2.98888e-10 -2.27056e-10 -3.22886e-10 -1.26795e-10 -3.0926e-10 -4.57266e-11 -2.78279e-10 -3.0379e-12 -1.66958e-10 1.39153e-11 -2.80683e-11 -4.63305e-11 8.89845e-11 -1.3876e-10 1.77077e-10 -2.03745e-10 2.1527e-10 -2.10881e-10 1.91505e-10 -1.59881e-10 1.20136e-10 -7.71346e-11 3.56775e-11 3.33242e-13 -2.85696e-11 4.86969e-11 -6.23688e-11 7.28375e-11 -8.41459e-11 1.00126e-10 -1.23325e-10 1.54182e-10 -1.90564e-10 2.27911e-10 -2.59914e-10 2.79705e-10 -2.81272e-10 2.60836e-10 -2.17854e-10 1.55407e-10 -7.9841e-11 -2.87229e-13 7.57541e-11 -1.38361e-10 1.82395e-10 -2.05519e-10 2.08896e-10 -1.96538e-10 1.74066e-10 -1.47219e-10 1.20504e-10 -9.63537e-11 7.49602e-11 -5.4819e-11 3.37559e-11 -1.01034e-11 -1.63579e-11 4.39958e-11 -6.95941e-11 8.92113e-11 -9.93643e-11 9.81631e-11 -8.60387e-11 6.58256e-11 -4.21622e-11 2.03791e-11 -5.20067e-12 -3.6785e-13 -4.34092e-12 1.76769e-11 -3.62791e-11 5.60431e-11 -7.3133e-11 8.47378e-11 -8.93891e-11 8.68176e-11 -7.74888e-11 6.20539e-11 -4.09558e-11 1.43471e-11 1.76587e-11 -5.45235e-11 9.48117e-11 -1.35924e-10 1.74179e-10 -2.05261e-10 2.24929e-10 -2.29788e-10 2.1792e-10 -1.89216e-10 1.45346e-10 -8.94429e-11 2.56119e-11 4.15734e-11 -1.07471e-10 1.67625e-10 -2.17906e-10 2.54613e-10 -2.74636e-10 2.75705e-10 -2.56728e-10 2.18125e-10 -1.6206e-10 9.24688e-11 -1.48178e-11 -6.43702e-11 1.38173e-10 -1.99983e-10 2.44175e-10 -2.66631e-10 2.65094e-10 -2.39325e-10 1.91107e-10 -1.24112e-10 4.36474e-11 4.37074e-11 -1.30586e-10 2.09422e-10 -2.73119e-10 3.15737e-10 -3.33117e-10 3.23352e-10 -2.87039e-10 2.27251e-10 -1.49251e-10 5.99612e-11 3.27234e-11 -1.20712e-10 1.96488e-10 -2.53808e-10 2.8826e-10 -2.97648e-10 2.82163e-10 -2.44323e-10 1.8869e-10 -1.21379e-10 4.94096e-11 2.00483e-11 -8.04286e-11 1.26454e-10 -1.5466e-10 1.63703e-10 -1.54407e-10 1.29574e-10 -9.35601e-11 5.17039e-11 -9.65702e-12 -2.72864e-11 5.4794e-11 -6.9963e-11 7.16025e-11 -6.03019e-11 3.8282e-11 -9.04922e-12 -2.31003e-11 5.36638e-11 -7.85255e-11 9.44837e-11 -9.96436e-11 9.36247e-11 -7.7561e-11 5.38952e-11 -2.60017e-11 -2.30917e-12 2.73355e-11 -4.60027e-11 5.62861e-11 -5.7481e-11 5.02842e-11 -3.66742e-11 1.96088e-11 -2.57678e-12 -1.09311e-11 1.79626e-11 -1.65771e-11 6.18429e-12 1.23031e-11 -3.65299e-11 6.29694e-11 -8.73744e-11 1.05352e-10 -1.12984e-10 1.07419e-10 -8.73411e-11 5.32584e-11 -7.56532e-12 -4.5645e-11 1.00996e-10 -1.5243e-10 1.93924e-10 -2.20231e-10 2.27557e-10 -2.14084e-10 1.80265e-10 -1.28853e-10 6.46486e-11 6.00413e-12 -7.59232e-11 1.37909e-10 -1.8558e-10 2.14128e-10 -2.20885e-10 2.05653e-10 -1.70725e-10 1.20622e-10 -6.1545e-11 6.36497e-13 5.48827e-11 -9.85835e-11 1.25602e-10 -1.33224e-10 1.212e-10 -9.17657e-11 4.93463e-11 0. 
0.000115423 0.00010784 0.000100287 9.27908e-05 8.53865e-05 7.80944e-05 7.09591e-05 6.39852e-05 5.72395e-05 5.0698e-05 4.44587e-05 3.84714e-05 3.28381e-05 2.75464e-05 2.26042e-05 1.8131e-05 1.40315e-05 1.03953e-05 7.3298e-06 4.70051e-06 2.55074e-06 1.10689e-06 3.72485e-07 9.52647e-08 1.81568e-08 2.15775e-09 -8.20953e-11 -4.26772e-10 -3.66394e-10 -3.92289e-10 -3.81685e-10 -3.30525e-10 -3.941e-10 -2.53735e-10 -4.08062e-10 -1.75462e-10 -3.92616e-10 -1.224e-10 -3.51101e-10 -7.59264e-11 -2.70278e-10 -8.21853e-11 -1.50715e-10 -8.6045e-11 1.44879e-11 -1.19339e-10 1.37862e-10 -1.82548e-10 2.06778e-10 -2.22389e-10 2.24762e-10 -2.15237e-10 1.95469e-10 -1.68395e-10 1.37582e-10 -1.06667e-10 7.87308e-11 -5.57204e-11 3.80716e-11 -2.45862e-11 1.26697e-11 1.13928e-12 -2.03557e-11 4.76722e-11 -8.41191e-11 1.28529e-10 -1.77371e-10 2.2514e-10 -2.65157e-10 2.90766e-10 -2.96619e-10 2.79834e-10 -2.40742e-10 1.83035e-10 -1.13256e-10 3.96987e-11 2.90639e-11 -8.57047e-11 1.25392e-10 -1.46484e-10 1.50513e-10 -1.41487e-10 1.24698e-10 -1.05342e-10 8.73263e-11 -7.25391e-11 6.07778e-11 -5.02973e-11 3.8794e-11 -2.45055e-11 7.07763e-12 1.20752e-11 -3.00346e-11 4.31929e-11 -4.83725e-11 4.39048e-11 -3.03325e-11 1.05079e-11 1.09583e-11 -2.87504e-11 3.81066e-11 -3.59328e-11 2.14693e-11 3.64556e-12 -3.58895e-11 7.07561e-11 -1.03749e-10 1.3118e-10 -1.50585e-10 1.60691e-10 -1.61072e-10 1.51672e-10 -1.32451e-10 1.03293e-10 -6.42358e-11 1.59216e-11 3.99279e-11 -1.00212e-10 1.6049e-10 -2.15404e-10 2.59403e-10 -2.87586e-10 2.96464e-10 -2.84447e-10 2.51985e-10 -2.01375e-10 1.36342e-10 -6.15429e-11 -1.78833e-11 9.66455e-11 -1.69521e-10 2.31527e-10 -2.78129e-10 3.05531e-10 -3.11059e-10 2.9357e-10 -2.53778e-10 1.94403e-10 -1.20064e-10 3.68929e-11 4.80459e-11 -1.27472e-10 1.94597e-10 -2.43741e-10 2.70797e-10 -2.73523e-10 2.51664e-10 -2.06956e-10 1.42989e-10 -6.49735e-11 -2.06246e-11 1.06573e-10 -1.85473e-10 2.50423e-10 -2.95692e-10 3.173e-10 -3.13426e-10 2.84601e-10 -2.33629e-10 1.65281e-10 -8.57827e-11 2.18589e-12 7.83218e-11 -1.49086e-10 2.04582e-10 -2.40884e-10 2.55984e-10 -2.49919e-10 2.24706e-10 -1.84075e-10 1.33036e-10 -7.73026e-11 2.26578e-11 2.56808e-11 -6.36088e-11 8.85329e-11 -9.95725e-11 9.75468e-11 -8.4758e-11 6.46077e-11 -4.11001e-11 1.82981e-11 2.01172e-13 -1.17094e-11 1.47587e-11 -9.2459e-12 -3.60384e-12 2.14497e-11 -4.11948e-11 5.9445e-11 -7.30068e-11 7.93549e-11 -7.70051e-11 6.57397e-11 -4.66545e-11 2.20174e-11 5.04e-12 -3.09576e-11 5.22481e-11 -6.59975e-11 7.02934e-11 -6.45242e-11 4.95038e-11 -2.74013e-11 1.4796e-12 2.43259e-11 -4.59385e-11 5.97112e-11 -6.2962e-11 5.43986e-11 -3.4372e-11 4.91591e-12 3.04401e-11 -6.70688e-11 9.98094e-11 -1.2363e-10 1.34303e-10 -1.29011e-10 1.06796e-10 -6.8786e-11 1.81767e-11 4.00626e-11 -9.97108e-11 1.53999e-10 -1.96409e-10 2.21477e-10 -2.25493e-10 2.07013e-10 -1.67114e-10 1.09353e-10 -3.9424e-11 -3.54523e-11 1.0733e-10 -1.6845e-10 2.12146e-10 -2.33638e-10 2.30616e-10 -2.03534e-10 1.55592e-10 -9.23737e-11 2.12195e-11 4.96328e-11 -1.12009e-10 1.58763e-10 -1.84622e-10 1.86813e-10 -1.65391e-10 1.23235e-10 -6.57059e-11 0. 
0.000115423 0.00010784 0.000100287 9.27908e-05 8.53865e-05 7.80945e-05 7.0959e-05 6.39852e-05 5.72395e-05 5.0698e-05 4.44587e-05 3.84714e-05 3.28381e-05 2.75463e-05 2.26042e-05 1.81311e-05 1.40315e-05 1.03954e-05 7.32972e-06 4.7006e-06 2.55064e-06 1.107e-06 3.72377e-07 9.53656e-08 1.80718e-08 2.21917e-09 -1.13029e-10 -4.32015e-10 -3.20851e-10 -4.80417e-10 -2.50716e-10 -5.02426e-10 -1.85413e-10 -4.928e-10 -1.47243e-10 -4.47328e-10 -1.22241e-10 -3.77325e-10 -1.264e-10 -2.55613e-10 -1.4943e-10 -1.32447e-10 -1.79568e-10 2.61968e-11 -1.80379e-10 1.51977e-10 -1.98477e-10 2.02901e-10 -2.0873e-10 2.02819e-10 -1.9057e-10 1.73496e-10 -1.54509e-10 1.36287e-10 -1.21016e-10 1.09937e-10 -1.0303e-10 9.89307e-11 -9.50556e-11 8.80382e-11 -7.43439e-11 5.1047e-11 -1.65576e-11 -2.87707e-11 8.23816e-11 -1.39618e-10 1.94299e-10 -2.39614e-10 2.69293e-10 -2.78738e-10 2.65971e-10 -2.32131e-10 1.81414e-10 -1.20429e-10 5.70738e-11 8.49488e-13 -4.69927e-11 7.75066e-11 -9.15433e-11 9.11125e-11 -8.03394e-11 6.4316e-11 -4.78372e-11 3.43396e-11 -2.53028e-11 2.02468e-11 -1.72926e-11 1.41001e-11 -8.88612e-12 1.21184e-12 7.70857e-12 -1.52778e-11 1.82916e-11 -1.3993e-11 1.08648e-12 1.9599e-11 -4.50125e-11 7.03978e-11 -9.02938e-11 9.975e-11 -9.54272e-11 7.62968e-11 -4.37747e-11 1.29601e-12 4.65041e-11 -9.4741e-11 1.39087e-10 -1.76235e-10 2.03963e-10 -2.20869e-10 2.25973e-10 -2.18405e-10 1.97329e-10 -1.62174e-10 1.13097e-10 -5.1491e-11 -1.96466e-11 9.56807e-11 -1.7069e-10 2.38163e-10 -2.91872e-10 3.26728e-10 -3.39422e-10 3.28731e-10 -2.95488e-10 2.42289e-10 -1.73057e-10 9.26183e-11 -6.34628e-12 -8.00939e-11 1.60953e-10 -2.30632e-10 2.84003e-10 -3.16827e-10 3.26231e-10 -3.11134e-10 2.72528e-10 -2.13517e-10 1.39078e-10 -5.5582e-11 -2.98546e-11 1.10067e-10 -1.78497e-10 2.29725e-10 -2.59853e-10 2.66738e-10 -2.50094e-10 2.1149e-10 -1.54237e-10 8.3168e-11 -4.28661e-12 -7.57051e-11 1.49988e-10 -2.12254e-10 2.57318e-10 -2.8162e-10 2.8355e-10 -2.63565e-10 2.2407e-10 -1.6911e-10 1.0391e-10 -3.43257e-11 -3.37191e-11 9.47785e-11 -1.44353e-10 1.79252e-10 -1.97828e-10 2.00055e-10 -1.87448e-10 1.62822e-10 -1.29917e-10 9.29312e-11 -5.601e-11 2.27703e-11 4.09034e-12 -2.30444e-11 3.38188e-11 -3.73096e-11 3.53481e-11 -3.0355e-11 2.4936e-11 -2.14711e-11 2.17526e-11 -2.67154e-11 3.62939e-11 -4.94244e-11 6.41938e-11 -7.81174e-11 8.85112e-11 -9.29088e-11 8.94665e-11 -7.72956e-11 5.66728e-11 -2.90925e-11 -2.85344e-12 3.57577e-11 -6.58091e-11 8.92816e-11 -1.03037e-10 1.04976e-10 -9.43697e-11 7.20362e-11 -4.03132e-11 2.83922e-12 3.58478e-11 -7.08466e-11 9.75023e-11 -1.12013e-10 1.11955e-10 -9.66608e-11 6.73796e-11 -2.72128e-11 -1.91973e-11 6.6184e-11 -1.07724e-10 1.38181e-10 -1.53022e-10 1.4944e-10 -1.26771e-10 8.66694e-11 -3.30077e-11 -2.85092e-11 9.0962e-11 -1.47008e-10 1.89748e-10 -2.13578e-10 2.14899e-10 -1.92619e-10 1.48362e-10 -8.6363e-11 1.30438e-11 6.36808e-11 -1.35292e-10 1.93648e-10 -2.31943e-10 2.45525e-10 -2.3248e-10 1.93905e-10 -1.33823e-10 5.87686e-11 2.29425e-11 -1.02148e-10 1.69894e-10 -2.18464e-10 2.4229e-10 -2.38601e-10 2.07763e-10 -1.53252e-10 8.12629e-11 0. 
0.000115423 0.00010784 0.000100287 9.27908e-05 8.53865e-05 7.80944e-05 7.09591e-05 6.39852e-05 5.72396e-05 5.06979e-05 4.44587e-05 3.84714e-05 3.28381e-05 2.75463e-05 2.26043e-05 1.8131e-05 1.40315e-05 1.03953e-05 7.32977e-06 4.70055e-06 2.55069e-06 1.10696e-06 3.72396e-07 9.53759e-08 1.80233e-08 2.31253e-09 -2.55652e-10 -2.38616e-10 -5.63342e-10 -1.93813e-10 -5.73302e-10 -1.54792e-10 -5.44899e-10 -1.36234e-10 -4.85331e-10 -1.43202e-10 -3.77871e-10 -1.82918e-10 -2.49469e-10 -2.10691e-10 -1.13239e-10 -2.4855e-10 1.10227e-11 -2.29504e-10 1.27722e-10 -1.93449e-10 1.68106e-10 -1.69058e-10 1.54728e-10 -1.41549e-10 1.2842e-10 -1.18581e-10 1.13617e-10 -1.14314e-10 1.2022e-10 -1.29598e-10 1.39572e-10 -1.46476e-10 1.46415e-10 -1.35924e-10 1.12675e-10 -7.60536e-11 2.75425e-11 2.92573e-11 -8.89441e-11 1.45031e-10 -1.90883e-10 2.2083e-10 -2.31129e-10 2.20714e-10 -1.91462e-10 1.47956e-10 -9.67448e-11 4.52177e-11 -3.23169e-13 -3.26218e-11 5.07793e-11 -5.41176e-11 4.51536e-11 -2.81797e-11 8.16743e-12 1.03841e-11 -2.43752e-11 3.25868e-11 -3.56161e-11 3.53113e-11 -3.38881e-11 3.29987e-11 -3.30342e-11 3.28766e-11 -3.01837e-11 2.21323e-11 -6.4092e-12 -1.78456e-11 4.9426e-11 -8.49768e-11 1.19486e-10 -1.4724e-10 1.62987e-10 -1.63016e-10 1.4587e-10 -1.1253e-10 6.60786e-11 -1.09578e-11 -4.79148e-11 1.05929e-10 -1.59263e-10 2.04998e-10 -2.40912e-10 2.6514e-10 -2.75891e-10 2.71393e-10 -2.5013e-10 2.11327e-10 -1.55509e-10 8.49471e-11 -3.80596e-12 -8.21057e-11 1.65948e-10 -2.40703e-10 3.00064e-10 -3.39186e-10 3.55135e-10 -3.47019e-10 3.15835e-10 -2.64148e-10 1.95728e-10 -1.15234e-10 2.79713e-11 6.03044e-11 -1.4361e-10 2.16047e-10 -2.7223e-10 3.07797e-10 -3.19923e-10 3.07717e-10 -2.72414e-10 2.17295e-10 -1.47347e-10 6.87305e-11 1.18631e-11 -8.78451e-11 1.53281e-10 -2.03317e-10 2.34472e-10 -2.44817e-10 2.34057e-10 -2.03528e-10 1.56108e-10 -9.60079e-11 2.8455e-11 4.07555e-11 -1.05785e-10 1.61305e-10 -2.03009e-10 2.28e-10 -2.35016e-10 2.2446e-10 -1.98251e-10 1.59534e-10 -1.12286e-10 6.0892e-11 -9.7082e-12 -3.73224e-11 7.69981e-11 -1.07096e-10 1.2651e-10 -1.35263e-10 1.34412e-10 -1.2583e-10 1.11901e-10 -9.51653e-11 7.79658e-11 -6.21381e-11 4.87995e-11 -3.82591e-11 3.00586e-11 -2.31341e-11 1.60676e-11 -7.38997e-12 -4.1111e-12 1.91207e-11 -3.76025e-11 5.8709e-11 -8.08116e-11 1.01653e-10 -1.18612e-10 1.29041e-10 -1.30656e-10 1.21903e-10 -1.02267e-10 7.24683e-11 -3.45087e-11 -8.45198e-12 5.23775e-11 -9.27745e-11 1.252e-10 -1.45799e-10 1.51803e-10 -1.41923e-10 1.16596e-10 -7.8022e-11 3.00013e-11 2.24298e-11 -7.35329e-11 1.17508e-10 -1.49173e-10 1.64597e-10 -1.61613e-10 1.4014e-10 -1.02264e-10 5.2063e-11 4.80963e-12 -6.17525e-11 1.11974e-10 -1.49299e-10 1.68926e-10 -1.68046e-10 1.46235e-10 -1.05577e-10 5.04879e-11 1.27457e-11 -7.66676e-11 1.33511e-10 -1.76119e-10 1.98823e-10 -1.98159e-10 1.7335e-10 -1.26472e-10 6.22908e-11 1.22278e-11 -8.86811e-11 1.5818e-10 -2.1238e-10 2.44471e-10 -2.50011e-10 2.27495e-10 -1.78601e-10 1.08059e-10 -2.31717e-11 -6.69743e-11 1.52516e-10 -2.23926e-10 2.73098e-10 -2.94288e-10 2.84785e-10 -2.45248e-10 1.79663e-10 -9.49074e-11 0. 
0.000115423 0.00010784 0.000100287 9.27908e-05 8.53865e-05 7.80945e-05 7.0959e-05 6.39853e-05 5.72395e-05 5.0698e-05 4.44587e-05 3.84714e-05 3.28381e-05 2.75463e-05 2.26043e-05 1.8131e-05 1.40315e-05 1.03953e-05 7.3298e-06 4.70051e-06 2.55074e-06 1.10689e-06 3.72504e-07 9.52273e-08 1.82184e-08 2.06758e-09 3.92068e-11 -5.79581e-10 -1.84023e-10 -6.00043e-10 -1.54696e-10 -5.69045e-10 -1.52796e-10 -4.88578e-10 -1.88881e-10 -3.70305e-10 -2.29857e-10 -2.4657e-10 -2.70558e-10 -1.09413e-10 -2.85587e-10 -1.80598e-11 -2.61988e-10 6.91015e-11 -1.79811e-10 1.08197e-10 -1.16151e-10 9.07818e-11 -7.88205e-11 6.90604e-11 -6.72044e-11 7.32865e-11 -8.70686e-11 1.0677e-10 -1.29402e-10 1.51068e-10 -1.67453e-10 1.74459e-10 -1.68859e-10 1.48918e-10 -1.14817e-10 6.88471e-11 -1.52363e-11 -4.03154e-11 9.14321e-11 -1.31998e-10 1.57165e-10 -1.64158e-10 1.52824e-10 -1.25699e-10 8.76433e-11 -4.5031e-11 4.66351e-12 2.73992e-11 -4.68569e-11 5.18332e-11 -4.30475e-11 2.34665e-11 2.47923e-12 -2.9927e-11 5.46163e-11 -7.36833e-11 8.60322e-11 -9.22132e-11 9.3863e-11 -9.28857e-11 9.06183e-11 -8.72322e-11 8.15549e-11 -7.13777e-11 5.41713e-11 -2.80122e-11 -7.54763e-12 5.09284e-11 -9.84639e-11 1.44879e-10 -1.84199e-10 2.10858e-10 -2.2074e-10 2.11882e-10 -1.84697e-10 1.41697e-10 -8.68383e-11 2.47084e-11 4.0211e-11 -1.04011e-10 1.63477e-10 -2.15924e-10 2.58873e-10 -2.89786e-10 3.06016e-10 -3.05038e-10 2.84954e-10 -2.45091e-10 1.86536e-10 -1.12401e-10 2.77013e-11 6.11297e-11 -1.47017e-10 2.23117e-10 -2.836e-10 3.24203e-10 -3.42484e-10 3.37795e-10 -3.1108e-10 2.64603e-10 -2.01701e-10 1.26601e-10 -4.4273e-11 -3.97286e-11 1.19528e-10 -1.89314e-10 2.43848e-10 -2.79011e-10 2.92291e-10 -2.83105e-10 2.5287e-10 -2.04824e-10 1.43615e-10 -7.47686e-11 4.1101e-12 6.27582e-11 -1.20879e-10 1.66245e-10 -1.96003e-10 2.08572e-10 -2.0371e-10 1.82506e-10 -1.47295e-10 1.0148e-10 -4.92349e-11 -4.88262e-12 5.63735e-11 -1.01238e-10 1.3635e-10 -1.59703e-10 1.7052e-10 -1.69194e-10 1.57119e-10 -1.36427e-10 1.0969e-10 -7.96172e-11 4.87818e-11 -1.93972e-11 -6.85229e-12 2.89116e-11 -4.63807e-11 5.94615e-11 -6.88294e-11 7.54414e-11 -8.03067e-11 8.42556e-11 -8.77443e-11 9.07329e-11 -9.26585e-11 9.25135e-11 -8.90159e-11 8.08479e-11 -6.69248e-11 4.66541e-11 -2.0147e-11 -1.16516e-11 4.69359e-11 -8.31274e-11 1.17076e-10 -1.45361e-10 1.64663e-10 -1.7217e-10 1.65966e-10 -1.45359e-10 1.11088e-10 -6.53841e-11 1.18565e-11 4.47925e-11 -9.92046e-11 1.4591e-10 -1.79922e-10 1.97309e-10 -1.95686e-10 1.74551e-10 -1.35433e-10 8.18124e-11 -1.88261e-11 -4.72342e-11 1.09569e-10 -1.61603e-10 1.9772e-10 -2.13914e-10 2.0828e-10 -1.81283e-10 1.35755e-10 -7.66344e-11 1.04391e-11 5.54415e-11 -1.13582e-10 1.57375e-10 -1.81813e-10 1.84096e-10 -1.63997e-10 1.23935e-10 -6.87339e-11 5.09773e-12 5.91512e-11 -1.15981e-10 1.58105e-10 -1.79869e-10 1.77966e-10 -1.51885e-10 1.04048e-10 -3.9588e-11 -3.41843e-11 1.08594e-10 -1.74591e-10 2.23806e-10 -2.49553e-10 2.47656e-10 -2.17002e-10 1.59752e-10 -8.11763e-11 -1.08747e-11 1.068e-10 -1.96297e-10 2.6951e-10 -3.18138e-10 3.3639e-10 -3.21664e-10 2.74874e-10 -2.00386e-10 1.05568e-10 0. 
0.000115423 0.00010784 0.000100287 9.27908e-05 8.53865e-05 7.80944e-05 7.09591e-05 6.39852e-05 5.72395e-05 5.0698e-05 4.44587e-05 3.84714e-05 3.2838e-05 2.75464e-05 2.26042e-05 1.81311e-05 1.40314e-05 1.03954e-05 7.32967e-06 4.70065e-06 2.55059e-06 1.10707e-06 3.72295e-07 9.5473e-08 1.79335e-08 2.39191e-09 -3.2101e-10 -1.90935e-10 -5.89864e-10 -1.91423e-10 -5.49477e-10 -2.0564e-10 -4.67834e-10 -2.36843e-10 -3.65823e-10 -2.75064e-10 -2.41819e-10 -3.13865e-10 -1.33368e-10 -3.02588e-10 -5.36201e-11 -2.6998e-10 -8.73313e-12 -1.68995e-10 3.05039e-11 -6.69661e-11 2.25765e-11 -1.64604e-11 7.50225e-12 -1.11502e-11 2.39134e-11 -4.5488e-11 7.3193e-11 -1.03423e-10 1.31859e-10 -1.54058e-10 1.66098e-10 -1.65182e-10 1.50159e-10 -1.21814e-10 8.2904e-11 -3.78581e-11 -7.77142e-12 4.8126e-11 -7.79209e-11 9.3325e-11 -9.26007e-11 7.64747e-11 -4.80457e-11 1.23307e-11 2.45722e-11 -5.64973e-11 7.82527e-11 -8.64679e-11 8.00909e-11 -6.04318e-11 3.07531e-11 4.49807e-12 -4.06373e-11 7.36514e-11 -1.0086e-10 1.21186e-10 -1.34984e-10 1.43508e-10 -1.48161e-10 1.49777e-10 -1.48128e-10 1.41827e-10 -1.28663e-10 1.0629e-10 -7.30906e-11 2.89605e-11 2.42079e-11 -8.25031e-11 1.40467e-10 -1.91958e-10 2.31203e-10 -2.53775e-10 2.5727e-10 -2.41535e-10 2.08436e-10 -1.61267e-10 1.04008e-10 -4.0651e-11 -2.52346e-11 9.06082e-11 -1.52785e-10 2.09119e-10 -2.56719e-10 2.92381e-10 -3.12799e-10 3.15055e-10 -2.97248e-10 2.59097e-10 -2.0231e-10 1.30607e-10 -4.93717e-11 -3.50045e-11 1.15919e-10 -1.87324e-10 2.44313e-10 -2.8344e-10 3.02789e-10 -3.01861e-10 2.8138e-10 -2.43126e-10 1.89821e-10 -1.2507e-10 5.32791e-11 2.04992e-11 -9.08712e-11 1.52545e-10 -2.00859e-10 2.32312e-10 -2.44956e-10 2.38606e-10 -2.14787e-10 1.76471e-10 -1.27647e-10 7.28401e-11 -1.66406e-11 -3.66729e-11 8.3413e-11 -1.20665e-10 1.46398e-10 -1.59533e-10 1.59974e-10 -1.48584e-10 1.27107e-10 -9.79941e-11 6.41558e-11 -2.86454e-11 -5.6698e-12 3.64028e-11 -6.18541e-11 8.11039e-11 -9.39819e-11 1.00937e-10 -1.02843e-10 1.00782e-10 -9.58402e-11 8.89488e-11 -8.0772e-11 7.16517e-11 -6.16045e-11 5.03687e-11 -3.74963e-11 2.2486e-11 -4.94413e-12 -1.52444e-11 3.77632e-11 -6.17594e-11 8.58138e-11 -1.08006e-10 1.26074e-10 -1.3766e-10 1.40607e-10 -1.33274e-10 1.14817e-10 -8.54104e-11 4.63639e-11 -1.17697e-13 -4.9889e-11 9.94745e-11 -1.44078e-10 1.792e-10 -2.00874e-10 2.06131e-10 -1.9339e-10 1.62735e-10 -1.16032e-10 5.68624e-11 9.74293e-12 -7.77352e-11 1.40622e-10 -1.92122e-10 2.26823e-10 -2.40789e-10 2.32028e-10 -2.00771e-10 1.4953e-10 -8.29097e-11 7.18898e-12 7.02896e-11 -1.41866e-10 2.00367e-10 -2.39875e-10 2.56389e-10 -2.48281e-10 2.16513e-10 -1.6456e-10 9.80649e-11 -2.42332e-11 -4.89475e-11 1.13593e-10 -1.62806e-10 1.91464e-10 -1.96812e-10 1.78791e-10 -1.40066e-10 8.57335e-11 -2.27477e-11 -4.08808e-11 9.70217e-11 -1.38391e-10 1.59431e-10 -1.57008e-10 1.30832e-10 -8.35491e-11 2.04931e-11 5.08894e-11 -1.21873e-10 1.83455e-10 -2.27415e-10 2.47304e-10 -2.3925e-10 2.02487e-10 -1.39531e-10 5.59855e-11 4.0009e-11 -1.38629e-10 2.29428e-10 -3.02487e-10 3.49523e-10 -3.64833e-10 3.45961e-10 -2.94016e-10 2.13592e-10 -1.12306e-10 0. 
0.000115423 0.00010784 0.000100287 9.27908e-05 8.53865e-05 7.80944e-05 7.09591e-05 6.39852e-05 5.72396e-05 5.06979e-05 4.44587e-05 3.84713e-05 3.28382e-05 2.75462e-05 2.26044e-05 1.81309e-05 1.40316e-05 1.03952e-05 7.32987e-06 4.70045e-06 2.55079e-06 1.10685e-06 3.72527e-07 9.52196e-08 1.82097e-08 2.09376e-09 -5.35682e-12 -5.1627e-10 -2.65775e-10 -5.0101e-10 -2.68832e-10 -4.4312e-10 -2.86019e-10 -3.5365e-10 -3.19016e-10 -2.52026e-10 -3.29121e-10 -1.73008e-10 -3.12829e-10 -1.02316e-10 -2.55864e-10 -8.36489e-11 -1.64214e-10 -5.46097e-11 -3.85141e-11 -4.09908e-11 3.08727e-11 -4.47758e-11 3.78212e-11 -2.40016e-11 1.01343e-12 2.76087e-11 -5.84066e-11 8.72459e-11 -1.10087e-10 1.23551e-10 -1.25453e-10 1.15212e-10 -9.40177e-11 6.47687e-11 -3.17049e-11 -1.65474e-13 2.58394e-11 -4.1096e-11 4.32307e-11 -3.15353e-11 7.51152e-12 2.53341e-11 -6.19859e-11 9.67359e-11 -1.24093e-10 1.39679e-10 -1.40913e-10 1.27354e-10 -1.00655e-10 6.41206e-11 -2.19931e-11 -2.13884e-11 6.23544e-11 -9.8431e-11 1.28512e-10 -1.52657e-10 1.71586e-10 -1.86036e-10 1.96157e-10 -2.01147e-10 1.99247e-10 -1.88111e-10 1.65471e-10 -1.29934e-10 8.16714e-11 -2.28248e-11 -4.25301e-11 1.0886e-10 -1.70004e-10 2.20159e-10 -2.54789e-10 2.71251e-10 -2.68993e-10 2.4934e-10 -2.1494e-10 1.69077e-10 -1.15047e-10 5.5775e-11 6.26903e-12 -6.88675e-11 1.2971e-10 -1.86078e-10 2.34715e-10 -2.71999e-10 2.94384e-10 -2.99024e-10 2.84409e-10 -2.50818e-10 2.00464e-10 -1.37289e-10 6.64409e-11 6.40665e-12 -7.5759e-11 1.36858e-10 -1.86019e-10 2.20735e-10 -2.39608e-10 2.42211e-10 -2.28962e-10 2.01077e-10 -1.60583e-10 1.10338e-10 -5.39873e-11 -4.21627e-12 5.97466e-11 -1.08262e-10 1.461e-10 -1.70709e-10 1.80916e-10 -1.76988e-10 1.60468e-10 -1.33866e-10 1.00251e-10 -6.28647e-11 2.47947e-11 1.12509e-11 -4.30735e-11 6.90462e-11 -8.81391e-11 9.99232e-11 -1.04557e-10 1.02738e-10 -9.56054e-11 8.45836e-11 -7.11768e-11 5.67503e-11 -4.23372e-11 2.85156e-11 -1.53839e-11 2.63872e-12 1.02637e-11 -2.39003e-11 3.8674e-11 -5.46448e-11 7.14283e-11 -8.81709e-11 1.03601e-10 -1.16141e-10 1.24073e-10 -1.25733e-10 1.19729e-10 -1.05153e-10 8.17861e-11 -5.02439e-11 1.20592e-11 3.03383e-11 -7.37542e-11 1.14475e-10 -1.48606e-10 1.72476e-10 -1.83053e-10 1.78324e-10 -1.57597e-10 1.2168e-10 -7.2909e-11 1.50279e-11 4.70939e-11 -1.07869e-10 1.61502e-10 -2.0255e-10 2.2649e-10 -2.3022e-10 2.12454e-10 -1.73947e-10 1.17526e-10 -4.79043e-11 -2.87118e-11 1.05184e-10 -1.74132e-10 2.28668e-10 -2.63111e-10 2.73603e-10 -2.58548e-10 2.18837e-10 -1.57818e-10 8.1011e-11 4.40659e-12 -9.03052e-11 1.6842e-10 -2.312e-10 2.72598e-10 -2.88718e-10 2.78234e-10 -2.42552e-10 1.85667e-10 -1.13747e-10 3.44724e-11 4.37957e-11 -1.12924e-10 1.65903e-10 -1.97615e-10 2.05405e-10 -1.89367e-10 1.52334e-10 -9.95412e-11 3.80247e-11 2.41989e-11 -7.90724e-11 1.19451e-10 -1.39961e-10 1.37661e-10 -1.1243e-10 6.70218e-11 -6.79705e-12 -6.08701e-11 1.27424e-10 -1.84116e-10 2.23039e-10 -2.38081e-10 2.25699e-10 -1.85403e-10 1.19911e-10 -3.49307e-11 -6.1394e-11 1.59333e-10 -2.48611e-10 3.19528e-10 -3.64039e-10 3.76661e-10 -3.5512e-10 3.00641e-10 -2.17866e-10 1.14395e-10 0. 
0.000115423 0.00010784 0.000100287 9.27908e-05 8.53865e-05 7.80944e-05 7.09591e-05 6.39853e-05 5.72395e-05 5.0698e-05 4.44586e-05 3.84715e-05 3.2838e-05 2.75464e-05 2.26041e-05 1.81311e-05 1.40314e-05 1.03954e-05 7.32968e-06 4.70063e-06 2.55062e-06 1.10701e-06 3.72365e-07 9.53863e-08 1.80357e-08 2.27563e-09 -1.92793e-10 -3.28376e-10 -4.46504e-10 -3.36817e-10 -4.06455e-10 -3.4147e-10 -3.44261e-10 -3.43088e-10 -2.81681e-10 -3.32976e-10 -2.13244e-10 -3.1138e-10 -1.66958e-10 -2.39713e-10 -1.4207e-10 -1.61391e-10 -1.30673e-10 -4.12735e-11 -9.53802e-11 5.02245e-11 -8.06351e-11 6.97411e-11 -6.13624e-11 4.2873e-11 -2.03106e-11 -4.15435e-12 2.70086e-11 -4.50879e-11 5.58597e-11 -5.78764e-11 5.10741e-11 -3.68528e-11 1.79563e-11 1.90603e-12 -1.85907e-11 2.81932e-11 -2.76877e-11 1.55036e-11 8.14725e-12 -4.11848e-11 7.99276e-11 -1.19585e-10 1.55003e-10 -1.81437e-10 1.95287e-10 -1.94611e-10 1.79347e-10 -1.51194e-10 1.13183e-10 -6.90484e-11 2.25222e-11 2.32671e-11 -6.61754e-11 1.05117e-10 -1.39835e-10 1.70442e-10 -1.96886e-10 2.18487e-10 -2.33715e-10 2.40288e-10 -2.3559e-10 2.17327e-10 -1.8425e-10 1.36755e-10 -7.71873e-11 9.73748e-12 6.00631e-11 -1.26154e-10 1.82875e-10 -2.25809e-10 2.52333e-10 -2.61779e-10 2.55193e-10 -2.3479e-10 2.03298e-10 -1.63357e-10 1.17166e-10 -6.64306e-11 1.25893e-11 4.2802e-11 -9.76972e-11 1.49362e-10 -1.94456e-10 2.294e-10 -2.50954e-10 2.5683e-10 -2.46195e-10 2.19899e-10 -1.80389e-10 1.31322e-10 -7.70035e-11 2.17857e-11 3.04287e-11 -7.64873e-11 1.14078e-10 -1.41662e-10 1.58334e-10 -1.63713e-10 1.57915e-10 -1.4161e-10 1.16126e-10 -8.35059e-11 4.64633e-11 -8.17316e-12 -2.8067e-11 5.92545e-11 -8.30782e-11 9.82002e-11 -1.04361e-10 1.02292e-10 -9.34688e-11 7.97838e-11 -6.32098e-11 4.55312e-11 -2.81728e-11 1.21307e-11 2.02065e-12 -1.40799e-11 2.4156e-11 -3.26031e-11 3.99483e-11 -4.67981e-11 5.37165e-11 -6.10786e-11 6.89228e-11 -7.68393e-11 8.39316e-11 -8.88768e-11 9.00903e-11 -8.59717e-11 7.51922e-11 -5.69712e-11 3.12921e-11 9.76879e-13 -3.8076e-11 7.74584e-11 -1.15991e-10 1.50232e-10 -1.76748e-10 1.92466e-10 -1.95005e-10 1.82977e-10 -1.56231e-10 1.15978e-10 -6.4807e-11 6.54705e-12 5.40163e-11 -1.11551e-10 1.60682e-10 -1.96532e-10 2.15245e-10 -2.14425e-10 1.93451e-10 -1.53617e-10 9.80891e-11 -3.1672e-11 -3.9592e-11 1.08966e-10 -1.69651e-10 2.15449e-10 -2.414e-10 2.44318e-10 -2.23172e-10 1.79268e-10 -1.16193e-10 3.95361e-11 4.36153e-11 -1.25341e-10 1.9766e-10 -2.53324e-10 2.86563e-10 -2.93688e-10 2.735e-10 -2.27457e-10 1.59564e-10 -7.60146e-11 -1.54089e-11 1.06098e-10 -1.87479e-10 2.51885e-10 -2.93336e-10 3.08158e-10 -2.95357e-10 2.56726e-10 -1.96639e-10 1.21592e-10 -3.94985e-11 -4.11594e-11 1.12241e-10 -1.66824e-10 1.99943e-10 -2.09114e-10 1.94588e-10 -1.5929e-10 1.08466e-10 -4.90657e-11 -1.10733e-11 6.41415e-11 -1.03277e-10 1.23377e-10 -1.21719e-10 9.82996e-11 -5.58712e-11 -3.51185e-13 6.32697e-11 -1.24714e-10 1.76389e-10 -2.10856e-10 2.22434e-10 -2.07912e-10 1.67001e-10 -1.02451e-10 1.98318e-11 7.30092e-11 -1.66762e-10 2.51644e-10 -3.18462e-10 3.59629e-10 -3.70016e-10 3.47553e-10 -2.93496e-10 2.12344e-10 -1.11393e-10 0. 
0.000115423 0.00010784 0.000100287 9.27908e-05 8.53865e-05 7.80944e-05 7.09591e-05 6.39852e-05 5.72396e-05 5.06979e-05 4.44587e-05 3.84713e-05 3.28381e-05 2.75463e-05 2.26043e-05 1.8131e-05 1.40315e-05 1.03953e-05 7.32979e-06 4.70055e-06 2.55068e-06 1.10697e-06 3.72393e-07 9.53639e-08 1.80584e-08 2.24885e-09 -1.60288e-10 -3.65613e-10 -4.07922e-10 -3.71563e-10 -3.81614e-10 -3.50549e-10 -3.5546e-10 -3.09427e-10 -3.36959e-10 -2.60238e-10 -2.96166e-10 -2.27983e-10 -2.39778e-10 -1.88484e-10 -1.62208e-10 -1.78946e-10 -7.2792e-11 -1.37555e-10 3.28271e-11 -9.95283e-11 7.76098e-11 -8.29422e-11 7.26031e-11 -6.19667e-11 4.92653e-11 -3.75338e-11 2.86286e-11 -2.40679e-11 2.45118e-11 -2.95965e-11 3.79106e-11 -4.7132e-11 5.43623e-11 -5.65612e-11 5.10762e-11 -3.61193e-11 1.11759e-11 2.28112e-11 -6.34479e-11 1.07174e-10 -1.49708e-10 1.86679e-10 -2.14219e-10 2.29532e-10 -2.31231e-10 2.19448e-10 -1.95667e-10 1.62345e-10 -1.22387e-10 7.86156e-11 -3.33481e-11 -1.18223e-11 5.59928e-11 -9.86899e-11 1.39461e-10 -1.77446e-10 2.11075e-10 -2.37988e-10 2.55258e-10 -2.59878e-10 2.49411e-10 -2.22662e-10 1.80188e-10 -1.24502e-10 5.98845e-11 8.16208e-12 -7.37298e-11 1.31402e-10 -1.77035e-10 2.08249e-10 -2.24537e-10 2.26983e-10 -2.17707e-10 1.99195e-10 -1.737e-10 1.42893e-10 -1.07799e-10 6.90418e-11 -2.72476e-11 -1.65293e-11 6.05287e-11 -1.02264e-10 1.3878e-10 -1.67133e-10 1.8494e-10 -1.90865e-10 1.84879e-10 -1.68253e-10 1.43275e-10 -1.12802e-10 7.97622e-11 -4.67494e-11 1.57869e-11 1.17096e-11 -3.48203e-11 5.29447e-11 -6.56569e-11 7.26572e-11 -7.38359e-11 6.94097e-11 -6.00578e-11 4.69766e-11 -3.18023e-11 1.63941e-11 -2.52561e-12 -8.43667e-12 1.57764e-11 -1.95265e-11 2.03976e-11 -1.95616e-11 1.83501e-11 -1.79479e-11 1.91502e-11 -2.22268e-11 2.69011e-11 -3.2422e-11 3.76927e-11 -4.14213e-11 4.22712e-11 -3.90052e-11 3.06311e-11 -1.65528e-11 -3.27648e-12 2.82194e-11 -5.68715e-11 8.70666e-11 -1.16e-10 1.4047e-10 -1.57227e-10 1.63375e-10 -1.56771e-10 1.36363e-10 -1.02411e-10 5.65649e-11 -1.78831e-12 -5.78586e-11 1.17556e-10 -1.72144e-10 2.16596e-10 -2.46497e-10 2.58499e-10 -2.50702e-10 2.22926e-10 -1.7683e-10 1.15861e-10 -4.50088e-11 -2.96067e-11 1.0129e-10 -1.63413e-10 2.1007e-10 -2.36688e-10 2.40516e-10 -2.20937e-10 1.79587e-10 -1.20243e-10 4.85023e-11 2.87208e-11 -1.03842e-10 1.69338e-10 -2.18482e-10 2.46032e-10 -2.48783e-10 2.25927e-10 -1.79188e-10 1.12703e-10 -3.2648e-11 -5.33369e-11 1.36889e-10 -2.09746e-10 2.64572e-10 -2.95698e-10 2.99706e-10 -2.75793e-10 2.25875e-10 -1.54418e-10 6.80109e-11 2.52777e-11 -1.167e-10 1.97704e-10 -2.60786e-10 3.00249e-10 -3.1277e-10 2.97719e-10 -2.57209e-10 1.95849e-10 -1.20242e-10 3.82767e-11 4.17189e-11 -1.11857e-10 1.65524e-10 -1.98066e-10 2.07261e-10 -1.9352e-10 1.59801e-10 -1.11232e-10 5.45101e-11 2.89254e-12 -5.35921e-11 9.11545e-11 -1.10846e-10 1.10188e-10 -8.92605e-11 5.07024e-11 5.75075e-13 -5.79467e-11 1.13833e-10 -1.60584e-10 1.91376e-10 -2.01041e-10 1.86709e-10 -1.48201e-10 8.81324e-11 -1.1693e-11 -7.38632e-11 1.59968e-10 -2.37649e-10 2.98502e-10 -3.35611e-10 3.44327e-10 -3.22805e-10 2.72243e-10 -1.968e-10 1.0319e-10 0. 
0.000115423 0.00010784 0.000100287 9.27907e-05 8.53865e-05 7.80944e-05 7.09591e-05 6.39852e-05 5.72395e-05 5.0698e-05 4.44587e-05 3.84714e-05 3.2838e-05 2.75464e-05 2.26042e-05 1.81311e-05 1.40315e-05 1.03953e-05 7.3298e-06 4.7005e-06 2.55076e-06 1.10687e-06 3.7251e-07 9.52408e-08 1.81782e-08 2.14001e-09 -6.77809e-11 -4.39291e-10 -3.52742e-10 -4.10995e-10 -3.53504e-10 -3.72471e-10 -3.3492e-10 -3.32111e-10 -3.10609e-10 -2.89396e-10 -2.67421e-10 -2.5116e-10 -2.28501e-10 -1.81341e-10 -1.93428e-10 -1.19814e-10 -1.61153e-10 -2.14809e-11 -1.06743e-10 5.71897e-11 -8.87175e-11 8.54173e-11 -9.13553e-11 9.33002e-11 -9.57877e-11 9.86607e-11 -1.02473e-10 1.07108e-10 -1.11895e-10 1.15597e-10 -1.16528e-10 1.12802e-10 -1.02637e-10 8.47071e-11 -5.84405e-11 2.42537e-11 1.63928e-11 -6.10632e-11 1.0662e-10 -1.49586e-10 1.86618e-10 -2.1491e-10 2.32566e-10 -2.38762e-10 2.33751e-10 -2.18665e-10 1.95188e-10 -1.65166e-10 1.30259e-10 -9.17123e-11 5.0311e-11 -6.5341e-12 -3.91431e-11 8.58767e-11 -1.32131e-10 1.75513e-10 -2.12854e-10 2.40547e-10 -2.55114e-10 2.5388e-10 -2.35603e-10 2.00914e-10 -1.52428e-10 9.44869e-11 -3.25542e-11 -2.76162e-11 8.08632e-11 -1.23366e-10 1.53091e-10 -1.69864e-10 1.75055e-10 -1.71001e-10 1.60313e-10 -1.45256e-10 1.27358e-10 -1.0732e-10 8.52198e-11 -6.09049e-11 3.44394e-11 -6.43802e-12 -2.18165e-11 4.85115e-11 -7.16513e-11 8.95024e-11 -1.00994e-10 1.05955e-10 -1.05116e-10 9.98847e-11 -9.19745e-11 8.29956e-11 -7.41339e-11 6.59978e-11 -5.8655e-11 5.18172e-11 -4.50898e-11 3.81881e-11 -3.10468e-11 2.37985e-11 -1.66465e-11 9.70141e-12 -2.86037e-12 -4.20909e-12 1.19609e-11 -2.07669e-11 3.06851e-11 -4.12817e-11 5.15746e-11 -6.01296e-11 6.52936e-11 -6.55112e-11 5.96478e-11 -4.72456e-11 2.86646e-11 -5.0901e-12 -2.15762e-11 4.8906e-11 -7.41761e-11 9.46107e-11 -1.0762e-10 1.11035e-10 -1.03333e-10 8.38552e-11 -5.29923e-11 1.23037e-11 3.54699e-11 -8.65317e-11 1.36307e-10 -1.79856e-10 2.12386e-10 -2.29781e-10 2.29107e-10 -2.08988e-10 1.69837e-10 -1.13901e-10 4.51155e-11 3.12026e-11 -1.08807e-10 1.81066e-10 -2.41563e-10 2.84697e-10 -3.06241e-10 3.03793e-10 -2.77075e-10 2.28042e-10 -1.60771e-10 8.11315e-11 3.73868e-12 -8.61022e-11 1.5837e-10 -2.1385e-10 2.47412e-10 -2.56011e-10 2.38999e-10 -1.98218e-10 1.37832e-10 -6.39435e-11 -1.59865e-11 9.38624e-11 -1.61745e-10 2.12642e-10 -2.41209e-10 2.44305e-10 -2.21324e-10 1.7428e-10 -1.07632e-10 2.7847e-11 5.7226e-11 -1.3914e-10 2.09688e-10 -2.61728e-10 2.89897e-10 -2.9115e-10 2.65073e-10 -2.13926e-10 1.42422e-10 -5.72611e-11 -3.35425e-11 1.21458e-10 -1.9829e-10 2.56996e-10 -2.92383e-10 3.01604e-10 -2.84426e-10 2.43213e-10 -1.82648e-10 1.09218e-10 -3.05126e-11 -4.55758e-11 1.11684e-10 -1.61737e-10 1.91562e-10 -1.9929e-10 1.85511e-10 -1.5315e-10 1.07099e-10 -5.36312e-11 -3.28919e-13 4.80034e-11 -8.35365e-11 1.02661e-10 -1.03185e-10 8.52355e-11 -5.12465e-11 5.67591e-12 4.55059e-11 -9.55054e-11 1.37494e-10 -1.65407e-10 1.74668e-10 -1.62748e-10 1.29507e-10 -7.72637e-11 1.05991e-11 6.41033e-11 -1.3932e-10 2.07188e-10 -2.60354e-10 2.92776e-10 -3.00401e-10 2.81629e-10 -2.37514e-10 1.71692e-10 -9.00231e-11 0. 
0.000115423 0.00010784 0.000100287 9.27908e-05 8.53865e-05 7.80945e-05 7.0959e-05 6.39853e-05 5.72395e-05 5.0698e-05 4.44587e-05 3.84714e-05 3.28381e-05 2.75463e-05 2.26043e-05 1.81311e-05 1.40314e-05 1.03954e-05 7.32968e-06 4.70066e-06 2.55057e-06 1.10708e-06 3.72286e-07 9.5464e-08 1.79677e-08 2.32744e-09 -2.24689e-10 -3.16924e-10 -4.40134e-10 -3.55736e-10 -3.82051e-10 -3.63615e-10 -3.31594e-10 -3.40728e-10 -3.0204e-10 -2.94782e-10 -2.65848e-10 -2.50715e-10 -2.27156e-10 -1.89627e-10 -1.7251e-10 -1.58792e-10 -9.96332e-11 -1.08619e-10 7.49935e-12 -8.41437e-11 7.851e-11 -1.05765e-10 1.21551e-10 -1.39148e-10 1.54193e-10 -1.6688e-10 1.76291e-10 -1.8159e-10 1.81845e-10 -1.76132e-10 1.63678e-10 -1.44008e-10 1.17115e-10 -8.35671e-11 4.45722e-11 -1.92256e-12 -4.21224e-11 8.50798e-11 -1.24498e-10 1.58256e-10 -1.84775e-10 2.0318e-10 -2.13293e-10 2.15535e-10 -2.10693e-10 1.99656e-10 -1.8315e-10 1.61571e-10 -1.34946e-10 1.03065e-10 -6.57526e-11 2.32289e-11 2.35399e-11 -7.25973e-11 1.20954e-10 -1.64794e-10 1.99935e-10 -2.22464e-10 2.29436e-10 -2.19495e-10 1.93254e-10 -1.5335e-10 1.04118e-10 -5.09563e-11 -5.30907e-13 4.54082e-11 -8.0141e-11 1.03026e-10 -1.14245e-10 1.15547e-10 -1.09664e-10 9.9603e-11 -8.80017e-11 7.66844e-11 -6.65076e-11 5.74886e-11 -4.91399e-11 4.08783e-11 -3.23698e-11 2.37037e-11 -1.5355e-11 7.9656e-12 -2.03573e-12 -2.35576e-12 5.69595e-12 -8.98875e-12 1.3519e-11 -2.0499e-11 3.07056e-11 -4.42171e-11 6.03284e-11 -7.76638e-11 9.44476e-11 -1.08846e-10 1.19284e-10 -1.24645e-10 1.24334e-10 -1.18204e-10 1.06407e-10 -8.92566e-11 6.71592e-11 -4.065e-11 1.05145e-11 2.20546e-11 -5.53442e-11 8.71147e-11 -1.14739e-10 1.3548e-10 -1.46849e-10 1.46988e-10 -1.34981e-10 1.11048e-10 -7.65828e-11 3.40616e-11 1.31705e-11 -6.11765e-11 1.05742e-10 -1.42701e-10 1.68262e-10 -1.79334e-10 1.73846e-10 -1.5102e-10 1.1159e-10 -5.79001e-11 -6.16007e-12 7.53894e-11 -1.43694e-10 2.04647e-10 -2.52125e-10 2.80956e-10 -2.87479e-10 2.69972e-10 -2.28879e-10 1.66835e-10 -8.84739e-11 4.91023e-14 9.10993e-11 -1.77191e-10 2.50709e-10 -3.05099e-10 3.35407e-10 -3.3879e-10 3.14829e-10 -2.65628e-10 1.95659e-10 -1.11355e-10 2.05151e-11 6.84518e-11 -1.47345e-10 2.08971e-10 -2.47851e-10 2.60745e-10 -2.46969e-10 2.08448e-10 -1.4952e-10 7.6504e-11 2.93216e-12 -8.05324e-11 1.48277e-10 -1.99183e-10 2.28008e-10 -2.31774e-10 2.10066e-10 -1.65069e-10 1.01341e-10 -2.5348e-11 -5.52002e-11 1.32129e-10 -1.97626e-10 2.45024e-10 -2.69467e-10 2.68387e-10 -2.41748e-10 1.92038e-10 -1.24005e-10 4.41672e-11 3.98514e-11 -1.2009e-10 1.89048e-10 -2.40432e-10 2.69763e-10 -2.74798e-10 2.5572e-10 -2.15068e-10 1.57439e-10 -8.89729e-11 1.66929e-11 5.22326e-11 -1.11233e-10 1.54998e-10 -1.80004e-10 1.84828e-10 -1.7025e-10 1.39106e-10 -9.59265e-11 4.64006e-11 3.28054e-12 -4.71237e-11 8.00028e-11 -9.82236e-11 9.99227e-11 -8.52597e-11 5.63802e-11 -1.71576e-11 -2.7259e-11 7.10402e-11 -1.08347e-10 1.34007e-10 -1.44115e-10 1.36496e-10 -1.10982e-10 6.94634e-11 -1.57099e-11 -4.50107e-11 1.06489e-10 -1.62237e-10 2.06188e-10 -2.33357e-10 2.40393e-10 -2.25958e-10 1.90889e-10 -1.38138e-10 7.24732e-11 0. 
0.000115423 0.00010784 0.000100287 9.27907e-05 8.53865e-05 7.80944e-05 7.09591e-05 6.39852e-05 5.72396e-05 5.06979e-05 4.44587e-05 3.84714e-05 3.28381e-05 2.75463e-05 2.26043e-05 1.8131e-05 1.40315e-05 1.03952e-05 7.32986e-06 4.70044e-06 2.55081e-06 1.10682e-06 3.72555e-07 9.5204e-08 1.82055e-08 2.12276e-09 -6.0707e-11 -4.36775e-10 -3.63565e-10 -3.93821e-10 -3.74486e-10 -3.50669e-10 -3.54315e-10 -3.18337e-10 -3.15838e-10 -2.95045e-10 -2.49429e-10 -2.81847e-10 -1.86046e-10 -2.3328e-10 -1.35604e-10 -1.7879e-10 -1.0658e-10 -6.57168e-11 -7.8618e-11 5.01939e-11 -1.06517e-10 1.29802e-10 -1.61857e-10 1.87019e-10 -2.07474e-10 2.21083e-10 -2.27058e-10 2.24804e-10 -2.14176e-10 1.95477e-10 -1.69461e-10 1.37329e-10 -1.00648e-10 6.12719e-11 -2.11819e-11 -1.76701e-11 5.35659e-11 -8.51655e-11 1.11644e-10 -1.32713e-10 1.48591e-10 -1.59831e-10 1.6713e-10 -1.71059e-10 1.71847e-10 -1.69232e-10 1.62442e-10 -1.50329e-10 1.31656e-10 -1.0548e-10 7.15685e-11 -3.07471e-11 -1.49124e-11 6.21364e-11 -1.06756e-10 1.44246e-10 -1.70423e-10 1.82163e-10 -1.78006e-10 1.58511e-10 -1.26263e-10 8.55241e-11 -4.15715e-11 -1.52058e-13 3.49076e-11 -5.93785e-11 7.20986e-11 -7.35154e-11 6.56966e-11 -5.17681e-11 3.52252e-11 -1.9278e-11 6.36979e-12 2.05128e-12 -5.49934e-12 4.21911e-12 1.13556e-12 -9.7938e-12 2.10378e-11 -3.42127e-11 4.85999e-11 -6.3231e-11 7.67411e-11 -8.73499e-11 9.30157e-11 -9.17472e-11 8.2004e-11 -6.30785e-11 3.5353e-11 -3.57129e-13 -3.93953e-11 8.07497e-11 -1.20346e-10 1.55044e-10 -1.8224e-10 2.00039e-10 -2.07269e-10 2.03393e-10 -1.88393e-10 1.62697e-10 -1.27172e-10 8.32084e-11 -3.28234e-11 -2.12661e-11 7.56734e-11 -1.26515e-10 1.69727e-10 -2.0148e-10 2.18628e-10 -2.19104e-10 2.02203e-10 -1.68706e-10 1.20845e-10 -6.21327e-11 -2.91015e-12 6.90949e-11 -1.30939e-10 1.83066e-10 -2.20616e-10 2.39664e-10 -2.37617e-10 2.13549e-10 -1.68437e-10 1.05223e-10 -2.86951e-11 -5.48583e-11 1.38172e-10 -2.13675e-10 2.7422e-10 -3.13798e-10 3.28151e-10 -3.15213e-10 2.75353e-10 -2.11377e-10 1.28319e-10 -3.30135e-11 -6.64964e-11 1.6167e-10 -2.44246e-10 3.07017e-10 -3.44515e-10 3.5356e-10 -3.33582e-10 2.86707e-10 -2.17555e-10 1.32804e-10 -4.05288e-11 -5.05903e-11 1.3212e-10 -1.96695e-10 2.38724e-10 -2.54911e-10 2.44551e-10 -2.0956e-10 1.54253e-10 -8.48804e-11 8.98735e-12 6.53643e-11 -1.30412e-10 1.79475e-10 -2.07622e-10 2.12152e-10 -1.92843e-10 1.51943e-10 -9.39085e-11 2.49176e-11 4.77845e-11 -1.1664e-10 1.74552e-10 -2.15601e-10 2.35629e-10 -2.32639e-10 2.06965e-10 -1.61208e-10 9.99453e-11 -2.92362e-11 -4.40066e-11 1.12727e-10 -1.70436e-10 2.11854e-10 -2.33413e-10 2.33582e-10 -2.12969e-10 1.74211e-10 -1.21653e-10 6.08657e-11 1.95697e-12 -6.06409e-11 1.09662e-10 -1.44693e-10 1.63009e-10 -1.63719e-10 1.47802e-10 -1.1794e-10 7.81845e-11 -3.34786e-11 -1.08993e-11 4.9917e-11 -7.93288e-11 9.61207e-11 -9.88127e-11 8.75881e-11 -6.42408e-11 3.19461e-11 5.11487e-12 -4.22377e-11 7.47282e-11 -9.8431e-11 1.10194e-10 -1.08224e-10 9.22823e-11 -6.37252e-11 2.53545e-11 1.88796e-11 -6.43046e-11 1.0603e-10 -1.39476e-10 1.60868e-10 -1.67652e-10 1.58771e-10 -1.34791e-10 9.7846e-11 -5.14232e-11 0. 
0.000115423 0.00010784 0.000100287 9.27908e-05 8.53864e-05 7.80945e-05 7.0959e-05 6.39853e-05 5.72395e-05 5.0698e-05 4.44587e-05 3.84714e-05 3.28381e-05 2.75464e-05 2.26042e-05 1.81311e-05 1.40314e-05 1.03954e-05 7.32967e-06 4.70066e-06 2.55057e-06 1.10708e-06 3.72295e-07 9.54499e-08 1.79861e-08 2.30573e-09 -2.01003e-10 -3.40792e-10 -4.18216e-10 -3.73338e-10 -3.71206e-10 -3.65388e-10 -3.40862e-10 -3.19021e-10 -3.368e-10 -2.47312e-10 -3.24614e-10 -1.83165e-10 -2.99949e-10 -1.15985e-10 -2.42041e-10 -9.85139e-11 -1.45782e-10 -8.07204e-11 7.47135e-13 -9.98e-11 1.15922e-10 -1.62257e-10 1.92524e-10 -2.18411e-10 2.34513e-10 -2.40706e-10 2.36599e-10 -2.22734e-10 2.00319e-10 -1.71127e-10 1.37335e-10 -1.01305e-10 6.53667e-11 -3.15757e-11 1.52817e-12 2.38076e-11 -4.41423e-11 5.98655e-11 -7.19038e-11 8.15269e-11 -9.00419e-11 9.85172e-11 -1.07475e-10 1.16721e-10 -1.25266e-10 1.31437e-10 -1.33137e-10 1.28254e-10 -1.15127e-10 9.30104e-11 -6.24234e-11 2.53011e-11 1.51055e-11 -5.45947e-11 8.86039e-11 -1.12928e-10 1.24446e-10 -1.21699e-10 1.05228e-10 -7.75549e-11 4.2826e-11 -6.15969e-12 -2.71795e-11 5.26232e-11 -6.69981e-11 6.8953e-11 -5.90459e-11 3.94965e-11 -1.36799e-11 -1.45107e-11 4.12915e-11 -6.34801e-11 7.87779e-11 -8.58301e-11 8.41124e-11 -7.37319e-11 5.52385e-11 -2.95224e-11 -2.17717e-12 3.81763e-11 -7.62347e-11 1.13513e-10 -1.46675e-10 1.72164e-10 -1.86627e-10 1.8742e-10 -1.73066e-10 1.43572e-10 -1.00523e-10 4.69136e-11 1.32189e-11 -7.53007e-11 1.3474e-10 -1.87363e-10 2.29707e-10 -2.59149e-10 2.73909e-10 -2.73001e-10 2.56175e-10 -2.23928e-10 1.77566e-10 -1.19291e-10 5.2261e-11 1.94506e-11 -9.10357e-11 1.57284e-10 -2.13032e-10 2.53669e-10 -2.7561e-10 2.76681e-10 -2.56354e-10 2.15813e-10 -1.57872e-10 8.67697e-11 -7.86322e-12 -7.27363e-11 1.48583e-10 -2.13355e-10 2.61343e-10 -2.87946e-10 2.90135e-10 -2.66831e-10 2.19144e-10 -1.50405e-10 6.5986e-11 2.71202e-11 -1.20901e-10 2.07059e-10 -2.77794e-10 3.26545e-10 -3.48624e-10 3.41668e-10 -3.05881e-10 2.44042e-10 -1.61279e-10 6.46281e-11 3.75824e-11 -1.36484e-10 2.23483e-10 -2.91063e-10 3.33505e-10 -3.47438e-10 3.32164e-10 -2.89716e-10 2.24641e-10 -1.43532e-10 5.43592e-11 3.4338e-11 -1.1429e-10 1.78302e-10 -2.20935e-10 2.38998e-10 -2.3181e-10 2.01209e-10 -1.51312e-10 8.80463e-11 -1.85151e-11 -4.9754e-11 1.09586e-10 -1.5489e-10 1.81258e-10 -1.86387e-10 1.70264e-10 -1.35113e-10 8.51058e-11 -2.58807e-11 -3.60815e-11 9.41519e-11 -1.42244e-10 1.75432e-10 -1.9043e-10 1.85897e-10 -1.62526e-10 1.22927e-10 -7.13156e-11 1.30425e-11 4.59817e-11 -9.99045e-11 1.43527e-10 -1.72817e-10 1.85284e-10 -1.8019e-10 1.5857e-10 -1.2307e-10 7.76274e-11 -2.70313e-11 -2.35933e-11 6.93144e-11 -1.05884e-10 1.30145e-10 -1.40305e-10 1.36071e-10 -1.18619e-10 9.04126e-11 -5.49038e-11 1.6135e-11 2.17007e-11 -5.47004e-11 7.96455e-11 -9.43103e-11 9.76564e-11 -8.98965e-11 7.24246e-11 -4.76262e-11 1.85899e-11 1.12455e-11 -3.84689e-11 6.00622e-11 -7.37128e-11 7.80438e-11 -7.27396e-11 5.8556e-11 -3.72164e-11 1.12078e-11 1.65008e-11 -4.27859e-11 6.47089e-11 -7.98305e-11 8.64693e-11 -8.38755e-11 7.23061e-11 -5.29908e-11 2.7996e-11 0. 
0.000115423 0.00010784 0.000100287 9.27907e-05 8.53866e-05 7.80944e-05 7.09591e-05 6.39852e-05 5.72396e-05 5.06979e-05 4.44587e-05 3.84714e-05 3.28381e-05 2.75463e-05 2.26043e-05 1.8131e-05 1.40315e-05 1.03953e-05 7.32983e-06 4.70048e-06 2.55078e-06 1.10686e-06 3.72518e-07 9.52402e-08 1.81714e-08 2.15317e-09 -8.57706e-11 -4.18759e-10 -3.7289e-10 -3.9463e-10 -3.62447e-10 -3.74533e-10 -3.18669e-10 -3.6498e-10 -2.59789e-10 -3.58116e-10 -1.82436e-10 -3.4911e-10 -1.22478e-10 -2.89185e-10 -9.09732e-11 -2.09263e-10 -9.20664e-11 -6.3844e-11 -9.57415e-11 7.98238e-11 -1.44423e-10 1.70573e-10 -1.99374e-10 2.15071e-10 -2.20456e-10 2.14708e-10 -1.98983e-10 1.75097e-10 -1.45532e-10 1.13129e-10 -8.07713e-11 5.10708e-11 -2.60625e-11 6.99724e-12 5.79837e-12 -1.29076e-11 1.57211e-11 -1.61728e-11 1.64263e-11 -1.84734e-11 2.37879e-11 -3.29948e-11 4.57254e-11 -6.05873e-11 7.53607e-11 -8.73406e-11 9.38178e-11 -9.26043e-11 8.25176e-11 -6.37276e-11 3.78876e-11 -8.00336e-12 -2.19573e-11 4.76653e-11 -6.51428e-11 7.14651e-11 -6.53164e-11 4.72926e-11 -1.98798e-11 -1.28941e-11 4.60795e-11 -7.45849e-11 9.39714e-11 -1.01119e-10 9.46466e-11 -7.50297e-11 4.44087e-11 -6.16488e-12 -3.56371e-11 7.68128e-11 -1.13525e-10 1.42585e-10 -1.61588e-10 1.68901e-10 -1.636e-10 1.45411e-10 -1.14713e-10 7.26294e-11 -2.11523e-11 -3.67565e-11 9.71715e-11 -1.55385e-10 2.06282e-10 -2.44881e-10 2.66951e-10 -2.69591e-10 2.51658e-10 -2.1395e-10 1.59105e-10 -9.12672e-11 1.55642e-11 6.24599e-11 -1.37373e-10 2.0426e-10 -2.58969e-10 2.9823e-10 -3.19688e-10 3.21912e-10 -3.04436e-10 2.67838e-10 -2.13838e-10 1.45366e-10 -6.65353e-11 -1.75177e-11 1.00953e-10 -1.77675e-10 2.41856e-10 -2.88469e-10 3.1374e-10 -3.15492e-10 2.93321e-10 -2.48635e-10 1.84549e-10 -1.05676e-10 1.78341e-11 7.23331e-11 -1.5779e-10 2.31616e-10 -2.87548e-10 3.20535e-10 -3.27248e-10 3.06476e-10 -2.59353e-10 1.89365e-10 -1.02119e-10 4.88108e-12 9.40605e-11 -1.86149e-10 2.63344e-10 -3.1886e-10 3.47791e-10 -3.47556e-10 3.18141e-10 -2.62118e-10 1.8442e-10 -9.19115e-11 -7.22828e-12 1.04255e-10 -1.90675e-10 2.59049e-10 -3.03697e-10 3.21238e-10 -3.10889e-10 2.74508e-10 -2.16363e-10 1.4266e-10 -6.08906e-11 -2.09433e-11 9.51264e-11 -1.54981e-10 1.9549e-10 -2.13743e-10 2.09152e-10 -1.83436e-10 1.40367e-10 -8.53231e-11 2.46787e-11 3.48865e-11 -8.70941e-11 1.26711e-10 -1.50061e-10 1.55362e-10 -1.42836e-10 1.14617e-10 -7.44408e-11 2.7191e-11 2.16731e-11 -6.67206e-11 1.03129e-10 -1.27176e-10 1.36599e-10 -1.30783e-10 1.10767e-10 -7.90797e-11 3.94125e-11 3.80836e-12 -4.59189e-11 8.25197e-11 -1.09931e-10 1.25554e-10 -1.28103e-10 1.17688e-10 -9.57506e-11 6.48587e-11 -2.83961e-11 -9.81909e-12 4.59429e-11 -7.64964e-11 9.86993e-11 -1.10716e-10 1.11794e-10 -1.02278e-10 8.35255e-11 -5.77121e-11 2.75738e-11 3.89373e-12 -3.37428e-11 5.93564e-11 -7.86791e-11 9.03775e-11 -9.39164e-11 8.95527e-11 -7.82509e-11 6.15367e-11 -4.13064e-11 1.96169e-11 1.52468e-12 -2.03471e-11 3.54643e-11 -4.59734e-11 5.14975e-11 -5.21736e-11 4.85908e-11 -4.16886e-11 3.26303e-11 -2.26622e-11 1.29776e-11 -4.59453e-12 -1.73935e-12 5.60809e-12 -6.95111e-12 6.04844e-12 -3.47075e-12 0. 
0.000115423 0.00010784 0.000100287 9.27908e-05 8.53864e-05 7.80945e-05 7.0959e-05 6.39853e-05 5.72395e-05 5.0698e-05 4.44587e-05 3.84714e-05 3.28381e-05 2.75463e-05 2.26043e-05 1.8131e-05 1.40315e-05 1.03953e-05 7.32972e-06 4.70062e-06 2.55061e-06 1.10704e-06 3.72333e-07 9.54173e-08 1.80128e-08 2.286e-09 -1.89236e-10 -3.43869e-10 -4.24231e-10 -3.58242e-10 -3.94886e-10 -3.34149e-10 -3.78096e-10 -2.77855e-10 -3.79426e-10 -2.05958e-10 -3.61904e-10 -1.5255e-10 -3.21727e-10 -1.04485e-10 -2.42785e-10 -1.07854e-10 -1.2828e-10 -1.03232e-10 2.40327e-11 -1.18835e-10 1.25313e-10 -1.56766e-10 1.67656e-10 -1.70998e-10 1.63228e-10 -1.46439e-10 1.22628e-10 -9.46423e-11 6.56418e-11 -3.87406e-11 1.66384e-11 -1.27802e-12 -6.37652e-12 6.4679e-12 -1.94277e-13 -1.03559e-11 2.2538e-11 -3.35336e-11 4.08095e-11 -4.25077e-11 3.77865e-11 -2.69568e-11 1.14894e-11 6.22544e-12 -2.32512e-11 3.66197e-11 -4.3869e-11 4.35304e-11 -3.54656e-11 2.09855e-11 -2.71262e-12 -1.58027e-11 3.06608e-11 -3.82885e-11 3.60965e-11 -2.29962e-11 -3.23187e-13 3.14143e-11 -6.63914e-11 1.00496e-10 -1.28808e-10 1.46974e-10 -1.51824e-10 1.41785e-10 -1.17019e-10 7.93058e-11 -3.17138e-11 -2.185e-11 7.71106e-11 -1.2983e-10 1.76097e-10 -2.12496e-10 2.36187e-10 -2.44954e-10 2.3728e-10 -2.12486e-10 1.7092e-10 -1.14169e-10 4.52033e-11 3.16246e-11 -1.10779e-10 1.85969e-10 -2.50764e-10 2.99305e-10 -3.27005e-10 3.31096e-10 -3.1094e-10 2.68053e-10 -2.05844e-10 1.29167e-10 -4.37479e-11 -4.43728e-11 1.29317e-10 -2.05717e-10 2.68936e-10 -3.15196e-10 3.41676e-10 -3.46604e-10 3.29384e-10 -2.9072e-10 2.32717e-10 -1.58883e-10 7.40089e-11 1.61118e-11 -1.05098e-10 1.86491e-10 -2.54286e-10 3.03428e-10 -3.30214e-10 3.32557e-10 -3.10133e-10 2.64392e-10 -1.98466e-10 1.16993e-10 -2.58444e-11 -6.82245e-11 1.58019e-10 -2.36427e-10 2.96995e-10 -3.34505e-10 3.45503e-10 -3.28686e-10 2.8511e-10 -2.18172e-10 1.33347e-10 -3.77263e-11 -6.06172e-11 1.53352e-10 -2.32634e-10 2.91804e-10 -3.25976e-10 3.32466e-10 -3.11027e-10 2.63876e-10 -1.95493e-10 1.12218e-10 -2.16649e-11 -6.79956e-11 1.4881e-10 -2.13803e-10 2.57645e-10 -2.77137e-10 2.71485e-10 -2.42313e-10 1.93435e-10 -1.30398e-10 5.98789e-11 1.10262e-11 -7.55207e-11 1.27772e-10 -1.63451e-10 1.80105e-10 -1.77322e-10 1.56682e-10 -1.21505e-10 7.64272e-11 -2.68488e-11 -2.16725e-11 6.40273e-11 -9.60835e-11 1.15087e-10 -1.19889e-10 1.10987e-10 -9.03774e-11 6.12495e-11 -2.75587e-11 -6.46115e-12 3.67921e-11 -6.00773e-11 7.39676e-11 -7.73381e-11 7.03549e-11 -5.43927e-11 3.18184e-11 -5.67225e-12 -2.0713e-11 4.4109e-11 -6.17579e-11 7.16669e-11 -7.28014e-11 6.51588e-11 -4.97219e-11 2.83025e-11 -3.30196e-12 -2.25814e-11 4.66595e-11 -6.65404e-11 8.03641e-11 -8.69623e-11 8.59322e-11 -7.76218e-11 6.30357e-11 -4.36792e-11 2.13642e-11 1.99833e-12 -2.45921e-11 4.48562e-11 -6.15966e-11 7.40423e-11 -8.18453e-11 8.50344e-11 -8.39338e-11 7.90652e-11 -7.10483e-11 6.05155e-11 -4.80512e-11 3.41614e-11 -1.92734e-11 3.76069e-12 1.20174e-11 -2.76709e-11 4.27424e-11 -5.66879e-11 6.88805e-11 -7.86421e-11 8.52969e-11 -8.82431e-11 8.70301e-11 -8.14313e-11 7.14999e-11 -5.75975e-11 4.03909e-11 -2.08143e-11 0. 
0.000115423 0.00010784 0.000100287 9.27907e-05 8.53865e-05 7.80944e-05 7.09591e-05 6.39852e-05 5.72396e-05 5.0698e-05 4.44587e-05 3.84714e-05 3.2838e-05 2.75464e-05 2.26042e-05 1.81311e-05 1.40315e-05 1.03953e-05 7.32979e-06 4.70051e-06 2.55075e-06 1.10688e-06 3.72494e-07 9.52599e-08 1.81569e-08 2.16242e-09 -8.97538e-11 -4.19676e-10 -3.67787e-10 -4.02852e-10 -3.525e-10 -3.84546e-10 -3.10417e-10 -3.69614e-10 -2.6049e-10 -3.50693e-10 -1.97438e-10 -3.26397e-10 -1.52152e-10 -2.54289e-10 -1.28336e-10 -1.73138e-10 -1.22472e-10 -4.41317e-11 -9.96766e-11 6.32456e-11 -1.03442e-10 1.02635e-10 -1.03692e-10 9.29271e-11 -7.53425e-11 5.22489e-11 -2.66382e-11 1.63889e-12 1.96596e-11 -3.46236e-11 4.14258e-11 -3.928e-11 2.8569e-11 -1.07869e-11 -1.16424e-11 3.57146e-11 -5.8246e-11 7.63504e-11 -8.78409e-11 9.15727e-11 -8.75853e-11 7.71124e-11 -6.23412e-11 4.60578e-11 -3.11436e-11 2.00648e-11 -1.44059e-11 1.45496e-11 -1.956e-11 2.73023e-11 -3.47885e-11 3.86973e-11 -3.59819e-11 2.44607e-11 -3.28305e-12 -2.68162e-11 6.3522e-11 -1.03208e-10 1.4142e-10 -1.73492e-10 1.9518e-10 -2.03221e-10 1.95708e-10 -1.72268e-10 1.34014e-10 -8.33312e-11 2.35522e-11 4.13839e-11 -1.07244e-10 1.69741e-10 -2.24703e-10 2.68213e-10 -2.96747e-10 3.07374e-10 -2.98021e-10 2.67788e-10 -2.17258e-10 1.48725e-10 -6.62468e-11 -2.45266e-11 1.16778e-10 -2.03162e-10 2.76571e-10 -3.30908e-10 3.61745e-10 -3.66754e-10 3.4586e-10 -3.01116e-10 2.36344e-10 -1.56641e-10 6.7849e-11 2.39358e-11 -1.1276e-10 1.93103e-10 -2.60089e-10 3.09656e-10 -3.38726e-10 3.45379e-10 -3.29033e-10 2.9058e-10 -2.32443e-10 1.58495e-10 -7.38392e-11 -1.55549e-11 1.03315e-10 -1.83169e-10 2.49426e-10 -2.97389e-10 3.23663e-10 -3.26357e-10 3.05183e-10 -2.61475e-10 1.98127e-10 -1.1946e-10 3.10038e-11 6.08176e-11 -1.49111e-10 2.27025e-10 -2.88317e-10 3.27927e-10 -3.42473e-10 3.30617e-10 -2.93246e-10 2.33422e-10 -1.56137e-10 6.78638e-11 2.40183e-11 -1.11877e-10 1.88494e-10 -2.47693e-10 2.84863e-10 -2.97358e-10 2.84718e-10 -2.487e-10 1.93117e-10 -1.2347e-10 4.64228e-11 3.08419e-11 -1.01327e-10 1.58902e-10 -1.98881e-10 2.18454e-10 -2.16901e-10 1.95581e-10 -1.57712e-10 1.0796e-10 -5.18977e-11 -4.60454e-12 5.59892e-11 -9.75612e-11 1.25922e-10 -1.39246e-10 1.37388e-10 -1.2179e-10 9.5243e-11 -6.14917e-11 2.47676e-11 1.07184e-11 -4.12511e-11 6.40033e-11 -7.73017e-11 8.07386e-11 -7.51257e-11 6.23026e-11 -4.48312e-11 2.56211e-11 -7.53483e-12 -6.97641e-12 1.61646e-11 -1.91705e-11 1.60865e-11 -7.89385e-12 -3.71168e-12 1.65802e-11 -2.84166e-11 3.70976e-11 -4.09554e-11 3.89927e-11 -3.10028e-11 1.75833e-11 -4.47194e-14 -1.97704e-11 3.97304e-11 -5.76866e-11 7.17358e-11 -8.04424e-11 8.29905e-11 -7.92502e-11 6.97547e-11 -5.55929e-11 3.82391e-11 -1.93426e-11 5.11301e-13 1.68842e-11 -3.18565e-11 4.38808e-11 -5.28989e-11 5.92508e-11 -6.35469e-11 6.65031e-11 -6.87656e-11 7.07547e-11 -7.25515e-11 7.38485e-11 -7.39716e-11 7.19744e-11 -6.67909e-11 5.74274e-11 -4.31644e-11 2.37393e-11 5.18274e-13 -2.86225e-11 5.89521e-11 -8.9359e-11 1.17356e-10 -1.40365e-10 1.55997e-10 -1.62326e-10 1.58133e-10 -1.43079e-10 1.17787e-10 -8.38202e-11 4.35627e-11 0. 
0.000115423 0.00010784 0.000100287 9.27908e-05 8.53865e-05 7.80945e-05 7.0959e-05 6.39853e-05 5.72395e-05 5.06979e-05 4.44587e-05 3.84713e-05 3.28381e-05 2.75463e-05 2.26043e-05 1.8131e-05 1.40315e-05 1.03953e-05 7.32974e-06 4.7006e-06 2.55063e-06 1.10702e-06 3.72349e-07 9.54022e-08 1.80271e-08 2.27206e-09 -1.74978e-10 -3.59337e-10 -4.06491e-10 -3.79432e-10 -3.69045e-10 -3.65748e-10 -3.39863e-10 -3.2321e-10 -3.27003e-10 -2.64715e-10 -2.98341e-10 -2.18542e-10 -2.56527e-10 -1.64913e-10 -1.91695e-10 -1.44714e-10 -1.10531e-10 -9.73942e-11 -9.03717e-12 -5.61303e-11 3.2176e-11 -3.42666e-11 1.88554e-11 -8.98635e-13 -2.14586e-11 4.4832e-11 -6.65133e-11 8.3622e-11 -9.36916e-11 9.49818e-11 -8.67231e-11 6.92582e-11 -4.40093e-11 1.33282e-11 1.98177e-11 -5.22159e-11 8.08583e-11 -1.03323e-10 1.1811e-10 -1.24802e-10 1.24097e-10 -1.17613e-10 1.07601e-10 -9.65007e-11 8.64982e-11 -7.91066e-11 7.48764e-11 -7.32718e-11 7.27519e-11 -7.10435e-11 6.55651e-11 -5.3929e-11 3.44354e-11 -6.46765e-12 -2.92801e-11 7.07864e-11 -1.14899e-10 1.57707e-10 -1.95028e-10 2.22913e-10 -2.38106e-10 2.38376e-10 -2.22703e-10 1.91297e-10 -1.45512e-10 8.76686e-11 -2.08647e-11 -5.12017e-11 1.24382e-10 -1.94209e-10 2.56049e-10 -3.05306e-10 3.37721e-10 -3.49749e-10 3.39002e-10 -3.04668e-10 2.4784e-10 -1.71654e-10 8.11782e-11 1.69644e-11 -1.15216e-10 2.05852e-10 -2.81787e-10 3.37295e-10 -3.68531e-10 3.738e-10 -3.53548e-10 3.10132e-10 -2.47426e-10 1.70364e-10 -8.44941e-11 -4.40872e-12 9.06526e-11 -1.68879e-10 2.34284e-10 -2.82833e-10 3.11495e-10 -3.18465e-10 3.03352e-10 -2.67285e-10 2.12892e-10 -1.44135e-10 6.60086e-11 1.58597e-11 -9.56603e-11 1.67838e-10 -2.27471e-10 2.70563e-10 -2.94251e-10 2.96935e-10 -2.78347e-10 2.39581e-10 -1.83073e-10 1.12531e-10 -3.27671e-11 -5.05624e-11 1.31331e-10 -2.03411e-10 2.61192e-10 -3.00099e-10 3.17036e-10 -3.10699e-10 2.81717e-10 -2.32606e-10 1.6754e-10 -9.19757e-11 1.21609e-11 6.54063e-11 -1.34536e-10 1.8987e-10 -2.27332e-10 2.44471e-10 -2.40662e-10 2.17148e-10 -1.76904e-10 1.24335e-10 -6.48334e-11 4.22342e-12 5.18226e-11 -9.83514e-11 1.31604e-10 -1.49345e-10 1.51022e-10 -1.37723e-10 1.11974e-10 -7.73857e-11 3.82005e-11 1.19282e-12 -3.67365e-11 6.51156e-11 -8.40643e-11 9.25383e-11 -9.07393e-11 7.99957e-11 -6.25181e-11 4.10626e-11 -1.85475e-11 -2.32734e-12 1.94093e-11 -3.13299e-11 3.76208e-11 -3.87e-11 3.57344e-11 -3.04043e-11 2.46057e-11 -2.01353e-11 1.84012e-11 -2.02009e-11 2.55943e-11 -3.38892e-11 4.37376e-11 -5.33321e-11 6.06712e-11 -6.38596e-11 6.14004e-11 -5.24396e-11 3.6927e-11 -1.56709e-11 -9.7228e-12 3.70213e-11 -6.36233e-11 8.68725e-11 -1.04383e-10 1.14337e-10 -1.15709e-10 1.08396e-10 -9.3228e-11 7.18561e-11 -4.65444e-11 1.98788e-11 5.55985e-12 -2.75189e-11 4.43487e-11 -5.51935e-11 6.00718e-11 -5.98351e-11 5.60104e-11 -5.05475e-11 4.5505e-11 -4.27175e-11 4.34919e-11 -4.8374e-11 5.70214e-11 -6.82025e-11 7.99275e-11 -8.96954e-11 9.48311e-11 -9.28677e-11 8.19264e-11 -6.1043e-11 3.03946e-11 8.60523e-12 -5.33634e-11 1.00315e-10 -1.45261e-10 1.83806e-10 -2.11833e-10 2.25981e-10 -2.24043e-10 2.05261e-10 -1.70457e-10 1.22003e-10 -6.36162e-11 0. 
0.000115423 0.00010784 0.000100287 9.27907e-05 8.53865e-05 7.80944e-05 7.09591e-05 6.39852e-05 5.72395e-05 5.0698e-05 4.44587e-05 3.84714e-05 3.2838e-05 2.75464e-05 2.26042e-05 1.81311e-05 1.40315e-05 1.03953e-05 7.32978e-06 4.70053e-06 2.55073e-06 1.1069e-06 3.7247e-07 9.52869e-08 1.81258e-08 2.19801e-09 -1.3045e-10 -3.73302e-10 -4.20374e-10 -3.43643e-10 -4.18522e-10 -3.1185e-10 -3.89206e-10 -2.85857e-10 -3.47465e-10 -2.62914e-10 -2.82949e-10 -2.46808e-10 -2.21716e-10 -1.9909e-10 -1.64857e-10 -1.59265e-10 -1.10406e-10 -8.44143e-11 -3.02036e-11 -3.48664e-11 2.11191e-11 -4.45621e-11 6.08699e-11 -8.25728e-11 1.03948e-10 -1.23487e-10 1.38571e-10 -1.46988e-10 1.47036e-10 -1.37786e-10 1.19253e-10 -9.24089e-11 5.91075e-11 -2.18492e-11 -1.65101e-11 5.31332e-11 -8.55324e-11 1.11885e-10 -1.31205e-10 1.43423e-10 -1.49273e-10 1.50107e-10 -1.4756e-10 1.43226e-10 -1.38312e-10 1.33404e-10 -1.28341e-10 1.22246e-10 -1.13704e-10 1.01051e-10 -8.27389e-11 5.76904e-11 -2.55954e-11 -1.29117e-11 5.62209e-11 -1.01866e-10 1.46771e-10 -1.87568e-10 2.2095e-10 -2.43981e-10 2.54342e-10 -2.50486e-10 2.31707e-10 -1.98156e-10 1.50819e-10 -9.14933e-11 2.27804e-11 5.19316e-11 -1.2851e-10 2.02191e-10 -2.67805e-10 3.20128e-10 -3.54354e-10 3.66641e-10 -3.54643e-10 3.17953e-10 -2.5834e-10 1.79732e-10 -8.79095e-11 -1.00532e-11 1.06519e-10 -1.9409e-10 2.66341e-10 -3.184e-10 3.47291e-10 -3.52022e-10 3.3346e-10 -2.94043e-10 2.37411e-10 -1.68031e-10 9.08586e-11 -1.10544e-11 -6.62595e-11 1.36223e-10 -1.94472e-10 2.3739e-10 -2.62361e-10 2.67992e-10 -2.54264e-10 2.22556e-10 -1.75545e-10 1.16961e-10 -5.1253e-11 -1.67986e-11 8.2457e-11 -1.41349e-10 1.89707e-10 -2.24526e-10 2.43664e-10 -2.45906e-10 2.3101e-10 -1.99751e-10 1.53947e-10 -9.64337e-11 3.09738e-11 3.79435e-11 -1.05399e-10 1.66431e-10 -2.16461e-10 2.51717e-10 -2.69589e-10 2.68876e-10 -2.49887e-10 2.14409e-10 -1.65523e-10 1.07329e-10 -4.45757e-11 -1.77448e-11 7.48173e-11 -1.22406e-10 1.57209e-10 -1.77134e-10 1.81466e-10 -1.70913e-10 1.47504e-10 -1.14359e-10 7.5338e-11 -3.46217e-11 -3.74242e-12 3.62581e-11 -6.03211e-11 7.44402e-11 -7.83182e-11 7.27901e-11 -5.96349e-11 4.12919e-11 -2.052e-11 4.53756e-14 1.7762e-11 -3.1146e-11 3.9128e-11 -4.1561e-11 3.90715e-11 -3.28998e-11 2.46617e-11 -1.60681e-11 8.6416e-12 -3.47141e-12 1.04396e-12 -1.17337e-12 3.04279e-12 -5.35049e-12 6.5391e-12 -5.07363e-12 -2.72917e-13 1.01694e-11 -2.45501e-11 4.25405e-11 -6.24998e-11 8.218e-11 -9.89833e-11 1.10289e-10 -1.1381e-10 1.07922e-10 -9.19404e-11 6.62836e-11 -3.25067e-11 -6.80516e-12 4.82798e-11 -8.8111e-11 1.22479e-10 -1.47992e-10 1.62084e-10 -1.63335e-10 1.51652e-10 -1.28295e-10 9.5749e-11 -5.74356e-11 1.73163e-11 2.05761e-11 -5.26164e-11 7.60173e-11 -8.9157e-11 9.17605e-11 -8.49108e-11 7.08851e-11 -5.28365e-11 3.43577e-11 -1.89836e-11 9.69359e-12 -8.48103e-12 1.60451e-11 -3.16488e-11 5.3166e-11 -7.73157e-11 1.00059e-10 -1.17113e-10 1.24518e-10 -1.19193e-10 9.93986e-11 -6.50597e-11 1.78909e-11 3.86889e-11 -9.98543e-11 1.59852e-10 -2.12608e-10 2.52399e-10 -2.74503e-10 2.75758e-10 -2.54966e-10 2.13074e-10 -1.53138e-10 8.00382e-11 0. 
0.000115423 0.00010784 0.000100287 9.27908e-05 8.53865e-05 7.80945e-05 7.0959e-05 6.39853e-05 5.72395e-05 5.06979e-05 4.44587e-05 3.84713e-05 3.28381e-05 2.75463e-05 2.26043e-05 1.8131e-05 1.40315e-05 1.03953e-05 7.32976e-06 4.70057e-06 2.55066e-06 1.10698e-06 3.72392e-07 9.53521e-08 1.80837e-08 2.20899e-09 -1.05641e-10 -4.34631e-10 -3.2571e-10 -4.65018e-10 -2.79602e-10 -4.57778e-10 -2.46889e-10 -4.15085e-10 -2.38665e-10 -3.4672e-10 -2.2573e-10 -2.78559e-10 -2.1226e-10 -1.9053e-10 -1.87144e-10 -1.26502e-10 -1.52282e-10 -3.2412e-11 -9.57791e-11 4.9741e-11 -8.91449e-11 9.79867e-11 -1.19278e-10 1.37899e-10 -1.5594e-10 1.70644e-10 -1.80258e-10 1.83088e-10 -1.77943e-10 1.64293e-10 -1.4236e-10 1.13126e-10 -7.82202e-11 3.9745e-11 -1.80643e-14 -3.86764e-11 7.43555e-11 -1.05507e-10 1.31216e-10 -1.51151e-10 1.65509e-10 -1.7482e-10 1.79775e-10 -1.81e-10 1.78901e-10 -1.73554e-10 1.64706e-10 -1.51842e-10 1.34339e-10 -1.11655e-10 8.35227e-11 -5.01071e-11 1.20996e-11 2.92677e-11 -7.2286e-11 1.14894e-10 -1.54836e-10 1.89821e-10 -2.17666e-10 2.36399e-10 -2.44337e-10 2.40152e-10 -2.2294e-10 1.92321e-10 -1.48572e-10 9.27931e-11 -2.70486e-11 -4.55354e-11 1.20793e-10 -1.93694e-10 2.58695e-10 -3.10248e-10 3.4341e-10 -3.54479e-10 3.41528e-10 -3.04763e-10 2.46611e-10 -1.71522e-10 8.55031e-11 4.54531e-12 -9.15847e-11 1.69162e-10 -2.32001e-10 2.76396e-10 -3.00366e-10 3.03607e-10 -2.87292e-10 2.53776e-10 -2.06295e-10 1.48674e-10 -8.50941e-11 1.98815e-11 4.26899e-11 -9.86087e-11 1.44359e-10 -1.77165e-10 1.95215e-10 -1.97822e-10 1.8548e-10 -1.59798e-10 1.23308e-10 -7.91837e-11 3.09141e-11 1.80085e-11 -6.4342e-11 1.05263e-10 -1.38454e-10 1.62122e-10 -1.75001e-10 1.76351e-10 -1.65986e-10 1.44328e-10 -1.12458e-10 7.2152e-11 -2.58443e-11 -2.34841e-11 7.25035e-11 -1.17801e-10 1.56177e-10 -1.84939e-10 2.02138e-10 -2.06741e-10 1.98699e-10 -1.78932e-10 1.49229e-10 -1.12075e-10 7.04418e-11 -2.75296e-11 -1.3496e-11 4.97704e-11 -7.8973e-11 9.95233e-11 -1.10707e-10 1.12714e-10 -1.06575e-10 9.4003e-11 -7.71623e-11 5.83847e-11 -3.98833e-11 2.34979e-11 -1.05075e-11 1.53124e-12 3.47192e-12 -5.11354e-12 4.41278e-12 -2.58801e-12 8.34082e-13 -1.16614e-13 1.01158e-12 -3.61201e-12 7.51514e-12 -1.18932e-11 1.56394e-11 -1.757e-11 1.6654e-11 -1.22346e-11 4.20795e-12 6.8737e-12 -1.97972e-11 3.279e-11 -4.37211e-11 5.03791e-11 -5.07919e-11 4.35447e-11 -2.80506e-11 4.73343e-12 2.49094e-11 -5.83801e-11 9.23906e-11 -1.23191e-10 1.46984e-10 -1.60375e-10 1.60812e-10 -1.46946e-10 1.1888e-10 -7.82501e-11 2.81408e-11 2.71866e-11 -8.27094e-11 1.3317e-10 -1.73648e-10 2.00121e-10 -2.09926e-10 2.02091e-10 -1.77471e-10 1.38674e-10 -8.97872e-11 3.5927e-11 1.73433e-11 -6.46474e-11 1.01418e-10 -1.24424e-10 1.32145e-10 -1.24938e-10 1.04978e-10 -7.5976e-11 4.27017e-11 -1.03741e-11 -1.60133e-11 3.23456e-11 -3.59385e-11 2.59176e-11 -3.37406e-12 -2.87252e-11 6.587e-11 -1.02543e-10 1.32898e-10 -1.51507e-10 1.54071e-10 -1.38023e-10 1.02936e-10 -5.06853e-11 -1.46604e-11 8.72135e-11 -1.59871e-10 2.25078e-10 -2.75667e-10 3.05675e-10 -3.11044e-10 2.90124e-10 -2.43907e-10 1.75978e-10 -9.21771e-11 0. 
0.000115423 0.00010784 0.000100287 9.27907e-05 8.53865e-05 7.80944e-05 7.09591e-05 6.39852e-05 5.72395e-05 5.0698e-05 4.44587e-05 3.84714e-05 3.2838e-05 2.75464e-05 2.26042e-05 1.81311e-05 1.40314e-05 1.03954e-05 7.32974e-06 4.70057e-06 2.55068e-06 1.10696e-06 3.72406e-07 9.53568e-08 1.80505e-08 2.2778e-09 -2.13581e-10 -2.88052e-10 -5.0641e-10 -2.58252e-10 -5.01734e-10 -2.3245e-10 -4.6307e-10 -2.19321e-10 -4.04858e-10 -2.16439e-10 -3.16857e-10 -2.26878e-10 -2.26615e-10 -2.09801e-10 -1.38542e-10 -2.00519e-10 -5.55676e-11 -1.5082e-10 4.51796e-11 -1.16224e-10 1.05247e-10 -1.28308e-10 1.41401e-10 -1.57627e-10 1.72033e-10 -1.84003e-10 1.91818e-10 -1.94069e-10 1.89633e-10 -1.77849e-10 1.58622e-10 -1.32439e-10 1.00338e-10 -6.3783e-11 2.45314e-11 1.55566e-11 -5.46616e-11 9.11635e-11 -1.23716e-10 1.51312e-10 -1.73249e-10 1.89127e-10 -1.9875e-10 2.02097e-10 -1.99252e-10 1.90395e-10 -1.7579e-10 1.55814e-10 -1.30977e-10 1.01942e-10 -6.95244e-11 3.46741e-11 1.56858e-12 -3.81211e-11 7.39013e-11 -1.07849e-10 1.38915e-10 -1.66022e-10 1.88011e-10 -2.03593e-10 2.11347e-10 -2.09788e-10 1.97517e-10 -1.7346e-10 1.37165e-10 -8.91019e-11 3.09032e-11 3.45196e-11 -1.03046e-10 1.69622e-10 -2.28736e-10 2.75027e-10 -3.03954e-10 3.12406e-10 -2.99152e-10 2.65047e-10 -2.12958e-10 1.47421e-10 -7.40852e-11 -9.56684e-13 7.18439e-11 -1.33525e-10 1.82167e-10 -2.15358e-10 2.32123e-10 -2.3278e-10 2.18719e-10 -1.92142e-10 1.55821e-10 -1.12891e-10 6.66669e-11 -2.04831e-11 -2.24868e-11 5.94206e-11 -8.80509e-11 1.0685e-10 -1.15161e-10 1.13242e-10 -1.02194e-10 8.37904e-11 -6.02217e-11 3.38097e-11 -6.74599e-12 -1.91021e-11 4.22883e-11 -6.1789e-11 7.69311e-11 -8.72872e-11 9.25799e-11 -9.26278e-11 8.73469e-11 -7.68011e-11 6.12771e-11 -4.1354e-11 1.79373e-11 7.75951e-12 -3.4287e-11 6.00742e-11 -8.35642e-11 1.03348e-10 -1.18275e-10 1.27538e-10 -1.30715e-10 1.27788e-10 -1.19129e-10 1.0546e-10 -8.77982e-11 6.73682e-11 -4.54999e-11 2.35087e-11 -2.57447e-12 -1.6365e-11 3.26874e-11 -4.61115e-11 5.66692e-11 -6.46272e-11 7.03743e-11 -7.42956e-11 7.66598e-11 -7.75422e-11 7.67985e-11 -7.4095e-11 6.89898e-11 -6.10513e-11 4.99946e-11 -3.58113e-11 1.88728e-11 1.39208e-14 -1.96115e-11 3.83251e-11 -5.4343e-11 6.58335e-11 -7.11798e-11 6.92239e-11 -5.94874e-11 4.23335e-11 -1.90399e-11 -8.23858e-12 3.6628e-11 -6.28037e-11 8.33461e-11 -9.51457e-11 9.58075e-11 -8.40053e-11 5.97367e-11 -2.44383e-11 -1.90599e-11 6.67494e-11 -1.13811e-10 1.55105e-10 -1.85725e-10 2.0157e-10 -1.99852e-10 1.79483e-10 -1.41294e-10 8.80405e-11 -2.41954e-11 -4.4468e-11 1.11455e-10 -1.70231e-10 2.14937e-10 -2.41041e-10 2.45868e-10 -2.28926e-10 1.91997e-10 -1.38967e-10 7.54179e-11 -8.01814e-12 -5.622e-11 1.1073e-10 -1.50138e-10 1.7088e-10 -1.71605e-10 1.53333e-10 -1.19322e-10 7.46734e-11 -2.57106e-11 -2.0795e-11 5.8459e-11 -8.20811e-11 8.83072e-11 -7.6074e-11 4.67788e-11 -4.1499e-12 -4.61722e-11 9.72968e-11 -1.41913e-10 1.73189e-10 -1.85637e-10 1.75834e-10 -1.42917e-10 8.87786e-11 -1.79458e-11 -6.28613e-11 1.45434e-10 -2.20976e-10 2.81082e-10 -3.18705e-10 3.28978e-10 -3.09799e-10 2.62124e-10 -1.89905e-10 9.97029e-11 0. 
0.000115423 0.00010784 0.000100287 9.27908e-05 8.53865e-05 7.80945e-05 7.0959e-05 6.39852e-05 5.72395e-05 5.06979e-05 4.44587e-05 3.84713e-05 3.28381e-05 2.75463e-05 2.26043e-05 1.8131e-05 1.40315e-05 1.03953e-05 7.32981e-06 4.70052e-06 2.55072e-06 1.10692e-06 3.72462e-07 9.52798e-08 1.81575e-08 2.1354e-09 -3.39044e-11 -5.02854e-10 -2.62568e-10 -5.21651e-10 -2.30729e-10 -4.97847e-10 -2.16433e-10 -4.35376e-10 -2.28811e-10 -3.46172e-10 -2.36317e-10 -2.58651e-10 -2.40408e-10 -1.55579e-10 -2.27131e-10 -8.35079e-11 -1.96085e-10 9.97126e-12 -1.34641e-10 8.32887e-11 -1.16074e-10 1.1764e-10 -1.31754e-10 1.441e-10 -1.57531e-10 1.69915e-10 -1.79902e-10 1.85896e-10 -1.86461e-10 1.80466e-10 -1.67225e-10 1.46593e-10 -1.18988e-10 8.53802e-11 -4.72008e-11 6.24722e-12 3.54777e-11 -7.58924e-11 1.13002e-10 -1.45007e-10 1.70443e-10 -1.8823e-10 1.97764e-10 -1.98915e-10 1.92038e-10 -1.77924e-10 1.57731e-10 -1.32875e-10 1.04897e-10 -7.53184e-11 4.5495e-11 -1.64959e-11 -1.09711e-11 3.65705e-11 -6.02761e-11 8.22381e-11 -1.02598e-10 1.21286e-10 -1.37843e-10 1.51314e-10 -1.60254e-10 1.62863e-10 -1.57248e-10 1.41785e-10 -1.15513e-10 7.84921e-11 -3.20505e-11 -2.11569e-11 7.72986e-11 -1.31734e-10 1.79545e-10 -2.16163e-10 2.37977e-10 -2.42822e-10 2.30281e-10 -2.01719e-10 1.60081e-10 -1.09476e-10 5.46285e-11 -2.98959e-13 -4.92388e-11 9.05914e-11 -1.21472e-10 1.40758e-10 -1.48412e-10 1.45309e-10 -1.33021e-10 1.13609e-10 -8.94199e-11 6.29222e-11 -3.65414e-11 1.2502e-11 7.33618e-12 -2.16374e-11 2.97203e-11 -3.16302e-11 2.81234e-11 -2.05513e-11 1.06504e-11 -2.6949e-13 -8.91779e-12 1.56602e-11 -1.92887e-11 1.97612e-11 -1.75891e-11 1.36709e-11 -9.07387e-12 4.81375e-12 -1.67519e-12 1.01491e-13 -1.61792e-13 1.58594e-12 -3.84528e-12 6.25421e-12 -8.07136e-12 8.58777e-12 -7.19832e-12 3.45855e-12 2.86947e-12 -1.17814e-11 2.3008e-11 -3.60133e-11 5.00186e-11 -6.40572e-11 7.70551e-11 -8.79276e-11 9.56783e-11 -9.94831e-11 9.87502e-11 -9.31512e-11 8.26271e-11 -6.73789e-11 4.78541e-11 -2.47362e-11 -1.05778e-12 2.83804e-11 -5.58639e-11 8.19535e-11 -1.04972e-10 1.2322e-10 -1.35113e-10 1.39338e-10 -1.35014e-10 1.21841e-10 -1.00208e-10 7.12473e-11 -3.68242e-11 -5.55318e-13 3.79082e-11 -7.20091e-11 9.96794e-11 -1.18107e-10 1.25164e-10 -1.19694e-10 1.0172e-10 -7.25518e-11 3.47544e-11 8.02208e-12 -5.13526e-11 9.04624e-11 -1.20726e-10 1.38186e-10 -1.40037e-10 1.2501e-10 -9.36098e-11 4.81678e-11 7.30317e-12 -6.74538e-11 1.26109e-10 -1.76899e-10 2.13947e-10 -2.32534e-10 2.29672e-10 -2.04511e-10 1.58523e-10 -9.54368e-11 2.09246e-11 5.79499e-11 -1.3345e-10 1.97988e-10 -2.4495e-10 2.6944e-10 -2.68846e-10 2.43169e-10 -1.95058e-10 1.29557e-10 -5.35757e-11 -2.48643e-11 9.7509e-11 -1.56797e-10 1.96714e-10 -2.13477e-10 2.0597e-10 -1.75878e-10 1.2749e-10 -6.7202e-11 2.76585e-12 5.76275e-11 -1.06325e-10 1.37134e-10 -1.4608e-10 1.31909e-10 -9.62699e-11 4.35488e-11 1.96202e-11 -8.51265e-11 1.44341e-10 -1.89149e-10 2.12948e-10 -2.11471e-10 1.83356e-10 -1.30381e-10 5.73319e-11 2.84827e-11 -1.18023e-10 2.01518e-10 -2.69573e-10 3.14245e-10 -3.29967e-10 3.14212e-10 -2.67821e-10 1.94944e-10 -1.02616e-10 0. 
0.000115423 0.00010784 0.000100287 9.27907e-05 8.53865e-05 7.80944e-05 7.09591e-05 6.39852e-05 5.72395e-05 5.0698e-05 4.44586e-05 3.84714e-05 3.2838e-05 2.75464e-05 2.26042e-05 1.81311e-05 1.40314e-05 1.03954e-05 7.3297e-06 4.70061e-06 2.55063e-06 1.10701e-06 3.72354e-07 9.5408e-08 1.80024e-08 2.32102e-09 -2.50296e-10 -2.59227e-10 -5.26282e-10 -2.48012e-10 -5.02085e-10 -2.41804e-10 -4.44631e-10 -2.45815e-10 -3.71716e-10 -2.54502e-10 -2.75865e-10 -2.6862e-10 -1.86405e-10 -2.46188e-10 -1.08165e-10 -2.22922e-10 -4.27532e-11 -1.52909e-10 3.60038e-11 -9.59324e-11 7.47353e-11 -8.92232e-11 9.6082e-11 -1.08975e-10 1.23314e-10 -1.38592e-10 1.52908e-10 -1.64364e-10 1.71073e-10 -1.71397e-10 1.64155e-10 -1.48751e-10 1.25291e-10 -9.45825e-11 5.81031e-11 -1.78708e-11 -2.37032e-11 6.40415e-11 -1.00606e-10 1.31142e-10 -1.53855e-10 1.67598e-10 -1.71946e-10 1.67248e-10 -1.54559e-10 1.35529e-10 -1.12205e-10 8.67941e-11 -6.14038e-11 3.77954e-11 -1.71862e-11 1.30002e-13 1.34984e-11 -2.44085e-11 3.36962e-11 -4.25704e-11 5.20496e-11 -6.26796e-11 7.4331e-11 -8.61196e-11 9.64787e-11 -1.03382e-10 1.0469e-10 -9.85608e-11 8.38548e-11 -6.04554e-11 2.94363e-11 6.96558e-12 -4.55785e-11 8.26945e-11 -1.14576e-10 1.37979e-10 -1.50616e-10 1.51454e-10 -1.40837e-10 1.20382e-10 -9.27076e-11 6.10297e-11 -2.87137e-11 -1.1467e-12 2.60642e-11 -4.4367e-11 5.52774e-11 -5.88751e-11 5.59785e-11 -4.79785e-11 3.66551e-11 -2.39936e-11 1.20052e-11 -2.54992e-12 -2.84016e-12 3.13219e-12 2.05952e-12 -1.23748e-11 2.66892e-11 -4.3198e-11 5.96119e-11 -7.34472e-11 8.23731e-11 -8.45606e-11 7.89723e-11 -6.55413e-11 4.52057e-11 -1.97964e-11 -8.20212e-12 3.5972e-11 -6.0709e-11 7.9946e-11 -9.18097e-11 9.51916e-11 -8.98247e-11 7.62767e-11 -5.58735e-11 3.05693e-11 -2.77602e-12 -2.48389e-11 4.95763e-11 -6.89416e-11 8.0874e-11 -8.39503e-11 7.75364e-11 -6.18657e-11 3.80325e-11 -7.89652e-12 -2.60875e-11 6.10928e-11 -9.41689e-11 1.22485e-10 -1.43549e-10 1.55386e-10 -1.56672e-10 1.46824e-10 -1.26048e-10 9.53515e-11 -5.65053e-11 1.1968e-11 3.52469e-11 -8.17569e-11 1.24044e-10 -1.58726e-10 1.82844e-10 -1.94134e-10 1.91271e-10 -1.74036e-10 1.43402e-10 -1.01525e-10 5.16183e-11 2.26468e-12 -5.55471e-11 1.0351e-10 -1.41721e-10 1.66459e-10 -1.75122e-10 1.66537e-10 -1.41164e-10 1.01149e-10 -5.01974e-11 -6.71422e-12 6.37877e-11 -1.14965e-10 1.5455e-10 -1.77833e-10 1.81633e-10 -1.64708e-10 1.2798e-10 -7.45264e-11 9.35098e-12 6.10754e-11 -1.29447e-10 1.88373e-10 -2.31178e-10 2.52639e-10 -2.49617e-10 2.21463e-10 -1.70182e-10 1.00299e-10 -1.84526e-11 -6.72686e-11 1.4816e-10 -2.15833e-10 2.63132e-10 -2.84946e-10 2.78796e-10 -2.45158e-10 1.87458e-10 -1.11728e-10 2.59848e-11 6.06439e-11 -1.38916e-10 2.00507e-10 -2.38944e-10 2.50347e-10 -2.33884e-10 1.91874e-10 -1.29538e-10 5.44155e-11 2.44985e-11 -9.77881e-11 1.56709e-10 -1.94214e-10 2.05788e-10 -1.89997e-10 1.48679e-10 -8.67564e-11 1.16827e-11 6.74115e-11 -1.40779e-10 1.99202e-10 -2.35083e-10 2.43365e-10 -2.22163e-10 1.73025e-10 -1.00809e-10 1.31588e-11 8.034e-11 -1.69241e-10 2.43426e-10 -2.94275e-10 3.15657e-10 -3.04663e-10 2.61955e-10 -1.91723e-10 1.01228e-10 0. 
0.000115423 0.00010784 0.000100287 9.27908e-05 8.53865e-05 7.80945e-05 7.0959e-05 6.39852e-05 5.72396e-05 5.06979e-05 4.44587e-05 3.84713e-05 3.28381e-05 2.75463e-05 2.26043e-05 1.8131e-05 1.40316e-05 1.03953e-05 7.32983e-06 4.7005e-06 2.55074e-06 1.1069e-06 3.72478e-07 9.52679e-08 1.81633e-08 2.13701e-09 -4.39098e-11 -4.83891e-10 -2.90568e-10 -4.8506e-10 -2.74933e-10 -4.47502e-10 -2.71014e-10 -3.7881e-10 -2.84877e-10 -2.93205e-10 -2.83596e-10 -2.19509e-10 -2.69226e-10 -1.38897e-10 -2.30339e-10 -9.45529e-11 -1.70628e-10 -2.9403e-11 -8.25042e-11 2.01688e-11 -4.43007e-11 3.99759e-11 -5.12427e-11 6.3873e-11 -8.06027e-11 9.89738e-11 -1.17119e-10 1.32779e-10 -1.43769e-10 1.48213e-10 -1.44764e-10 1.32793e-10 -1.12477e-10 8.48311e-11 -5.16199e-11 1.5215e-11 2.16517e-11 -5.61401e-11 8.5612e-11 -1.07888e-10 1.21501e-10 -1.25829e-10 1.21183e-10 -1.08745e-10 9.04383e-11 -6.86813e-11 4.60942e-11 -2.5169e-11 7.95899e-12 4.1753e-12 -1.07232e-11 1.20586e-11 -9.34369e-12 4.31047e-12 1.04696e-12 -4.82419e-12 5.54441e-12 -2.42519e-12 -4.47401e-12 1.42528e-11 -2.53237e-11 3.56937e-11 -4.33278e-11 4.6527e-11 -4.42528e-11 3.63366e-11 -2.35336e-11 7.41007e-12 9.91585e-12 -2.61306e-11 3.91125e-11 -4.72792e-11 4.98319e-11 -4.68588e-11 3.9285e-11 -2.8689e-11 1.70266e-11 -6.31783e-12 -1.64911e-12 5.55203e-12 -4.68293e-12 -9.95548e-13 1.08739e-11 -2.37792e-11 3.8097e-11 -5.19165e-11 6.31932e-11 -6.99273e-11 7.03621e-11 -6.31953e-11 4.77899e-11 -2.43553e-11 -5.9388e-12 4.09524e-11 -7.76976e-11 1.12599e-10 -1.41876e-10 1.61993e-10 -1.7012e-10 1.64533e-10 -1.44875e-10 1.12253e-10 -6.91497e-11 1.9163e-11 3.33747e-11 -8.3847e-11 1.2781e-10 -1.61409e-10 1.81706e-10 -1.86923e-10 1.76569e-10 -1.51465e-10 1.13685e-10 -6.63871e-11 1.35797e-11 4.0202e-11 -9.02692e-11 1.32186e-10 -1.62172e-10 1.77453e-10 -1.76532e-10 1.59328e-10 -1.27185e-10 8.27421e-11 -2.96835e-11 -2.75924e-11 8.4353e-11 -1.35919e-10 1.78026e-10 -2.07147e-10 2.20743e-10 -2.17453e-10 1.97203e-10 -1.61238e-10 1.12053e-10 -5.32523e-11 -1.07022e-11 7.48099e-11 -1.3392e-10 1.83151e-10 -2.18314e-10 2.36287e-10 -2.35319e-10 2.15229e-10 -1.77469e-10 1.25049e-10 -6.23324e-11 -5.30819e-12 7.1929e-11 -1.31529e-10 1.78596e-10 -2.08631e-10 2.18616e-10 -2.07358e-10 1.75681e-10 -1.26424e-10 6.42438e-11 4.78495e-12 -7.37283e-11 1.3547e-10 -1.83434e-10 2.12287e-10 -2.18533e-10 2.00939e-10 -1.60742e-10 1.01599e-10 -2.92763e-11 -4.88925e-11 1.24737e-10 -1.90096e-10 2.37694e-10 -2.61945e-10 2.5961e-10 -2.30209e-10 1.76153e-10 -1.02561e-10 1.67736e-11 7.23921e-11 -1.55566e-10 2.23836e-10 -2.69733e-10 2.88072e-10 -2.76571e-10 2.36143e-10 -1.70854e-10 8.75225e-11 4.99484e-12 -9.67553e-11 1.77818e-10 -2.39349e-10 2.74615e-10 -2.79759e-10 2.54255e-10 -2.00992e-10 1.25984e-10 -3.77008e-11 -5.38629e-11 1.38319e-10 -2.06063e-10 2.49373e-10 -2.63303e-10 2.46261e-10 -2.00213e-10 1.30472e-10 -4.51072e-11 -4.59763e-11 1.32167e-10 -2.03368e-10 2.51171e-10 -2.69831e-10 2.56947e-10 -2.13759e-10 1.45021e-10 -5.84684e-11 -3.60579e-11 1.27742e-10 -2.06033e-10 2.61869e-10 -2.8872e-10 2.83353e-10 -2.46214e-10 1.81383e-10 -9.61123e-11 0. 
0.000115423 0.00010784 0.000100287 9.27908e-05 8.53865e-05 7.80944e-05 7.09591e-05 6.39852e-05 5.72395e-05 5.0698e-05 4.44586e-05 3.84714e-05 3.2838e-05 2.75464e-05 2.26042e-05 1.81311e-05 1.40314e-05 1.03954e-05 7.32971e-06 4.7006e-06 2.55065e-06 1.10699e-06 3.7238e-07 9.53759e-08 1.8041e-08 2.27547e-09 -1.9769e-10 -3.18481e-10 -4.61321e-10 -3.17218e-10 -4.30569e-10 -3.13315e-10 -3.75701e-10 -3.09473e-10 -3.15981e-10 -2.99855e-10 -2.43014e-10 -2.87306e-10 -1.82997e-10 -2.33816e-10 -1.3619e-10 -1.79988e-10 -9.92873e-11 -8.45657e-11 -4.19878e-11 -1.06929e-11 -1.52579e-11 3.08444e-12 3.70353e-12 -1.84517e-11 3.61658e-11 -5.58843e-11 7.52571e-11 -9.2001e-11 1.03959e-10 -1.09389e-10 1.07196e-10 -9.7076e-11 7.96001e-11 -5.61642e-11 2.88737e-11 -3.04994e-13 -2.67569e-11 4.96563e-11 -6.6159e-11 7.47418e-11 -7.47594e-11 6.65624e-11 -5.14375e-11 3.14837e-11 -9.3427e-12 -1.21172e-11 3.01661e-11 -4.25565e-11 4.7809e-11 -4.53953e-11 3.57925e-11 -2.03978e-11 1.31643e-12 1.89492e-11 -3.78595e-11 5.31929e-11 -6.33417e-11 6.74999e-11 -6.57173e-11 5.88138e-11 -4.81731e-11 3.5458e-11 -2.22999e-11 1.00237e-11 5.44158e-13 -9.15092e-12 1.60664e-11 -2.19243e-11 2.74933e-11 -3.34304e-11 4.00683e-11 -4.72832e-11 5.44641e-11 -6.05903e-11 6.43924e-11 -6.45659e-11 5.99904e-11 -4.99196e-11 3.41123e-11 -1.2896e-11 -1.28355e-11 4.16729e-11 -7.17747e-11 1.0097e-10 -1.26873e-10 1.47024e-10 -1.5905e-10 1.60871e-10 -1.50938e-10 1.28491e-10 -9.37904e-11 4.82944e-11 5.29251e-12 -6.31184e-11 1.20457e-10 -1.72137e-10 2.13084e-10 -2.38898e-10 2.46391e-10 -2.33998e-10 2.02005e-10 -1.52565e-10 8.95028e-11 -1.79397e-11 -5.61947e-11 1.26715e-10 -1.87724e-10 2.34113e-10 -2.61969e-10 2.6888e-10 -2.54128e-10 2.18748e-10 -1.65472e-10 9.85392e-11 -2.33742e-11 -5.3835e-11 1.26653e-10 -1.88951e-10 2.35453e-10 -2.62209e-10 2.66955e-10 -2.49305e-10 2.10772e-10 -1.54611e-10 8.55116e-11 -9.18038e-12 -6.81433e-11 1.40195e-10 -2.01174e-10 2.46186e-10 -2.71608e-10 2.75363e-10 -2.57088e-10 2.18176e-10 -1.61695e-10 9.2169e-11 -1.52425e-11 -6.27619e-11 1.35356e-10 -1.96431e-10 2.40779e-10 -2.64564e-10 2.65666e-10 -2.43906e-10 2.01089e-10 -1.40887e-10 6.85571e-11 9.49136e-12 -8.62414e-11 1.54685e-10 -2.08464e-10 2.42471e-10 -2.53366e-10 2.39943e-10 -2.03304e-10 1.46822e-10 -7.58726e-11 -2.64356e-12 8.09456e-11 -1.51134e-10 2.05987e-10 -2.39717e-10 2.48594e-10 -2.31386e-10 1.89545e-10 -1.2712e-10 5.03937e-11 3.27253e-11 -1.13501e-10 1.83279e-10 -2.34414e-10 2.61111e-10 -2.60093e-10 2.31014e-10 -1.7656e-10 1.02223e-10 -1.57652e-11 -7.35844e-11 1.5611e-10 -2.22666e-10 2.65693e-10 -2.80084e-10 2.63787e-10 -2.18095e-10 1.47556e-10 -5.95283e-11 -3.65887e-11 1.30361e-10 -2.11463e-10 2.70823e-10 -3.01648e-10 3.00209e-10 -2.66291e-10 2.03258e-10 -1.17721e-10 1.88267e-11 8.27329e-11 -1.75903e-10 2.50497e-10 -2.98336e-10 3.14178e-10 -2.96313e-10 2.4677e-10 -1.71093e-10 7.77309e-11 2.29189e-11 -1.19678e-10 2.01856e-10 -2.60454e-10 2.89193e-10 -2.85213e-10 2.49393e-10 -1.86239e-10 1.03351e-10 -1.05393e-11 -8.13192e-11 1.6154e-10 -2.2087e-10 2.52561e-10 -2.53142e-10 2.22819e-10 -1.6544e-10 8.80384e-11 0. 
0.000115423 0.00010784 0.000100287 9.27908e-05 8.53865e-05 7.80945e-05 7.0959e-05 6.39852e-05 5.72395e-05 5.06979e-05 4.44587e-05 3.84713e-05 3.28381e-05 2.75463e-05 2.26043e-05 1.8131e-05 1.40315e-05 1.03953e-05 7.32978e-06 4.70055e-06 2.55069e-06 1.10696e-06 3.72417e-07 9.53337e-08 1.80928e-08 2.21195e-09 -1.22644e-10 -4.02494e-10 -3.73031e-10 -4.03539e-10 -3.53192e-10 -3.7501e-10 -3.35209e-10 -3.253e-10 -3.25617e-10 -2.6687e-10 -2.94449e-10 -2.24582e-10 -2.48431e-10 -1.74588e-10 -1.81126e-10 -1.55489e-10 -1.00048e-10 -1.0743e-10 8.30787e-13 -6.65441e-11 4.42012e-11 -4.91567e-11 3.78322e-11 -2.49075e-11 8.0206e-12 1.01312e-11 -2.76228e-11 4.23503e-11 -5.25081e-11 5.68062e-11 -5.46477e-11 4.62462e-11 -3.26161e-11 1.54926e-11 2.87627e-12 -1.99773e-11 3.33642e-11 -4.09533e-11 4.1325e-11 -3.39146e-11 1.9145e-11 1.61468e-12 -2.61561e-11 5.17017e-11 -7.52157e-11 9.3782e-11 -1.04959e-10 1.07087e-10 -9.94928e-11 8.25679e-11 -5.77119e-11 2.7143e-11 6.38972e-12 -3.99516e-11 7.07728e-11 -9.65508e-11 1.15665e-10 -1.2727e-10 1.31276e-10 -1.28207e-10 1.19007e-10 -1.04802e-10 8.6693e-11 -6.56126e-11 4.22646e-11 -1.71569e-11 -9.2917e-12 3.66043e-11 -6.41008e-11 9.07967e-11 -1.15375e-10 1.36249e-10 -1.51696e-10 1.60058e-10 -1.59953e-10 1.50463e-10 -1.31284e-10 1.02787e-10 -6.60263e-11 2.26752e-11 2.50666e-11 -7.4587e-11 1.22976e-10 -1.67144e-10 2.03947e-10 -2.30346e-10 2.43608e-10 -2.41556e-10 2.22854e-10 -1.87295e-10 1.3603e-10 -7.17046e-11 -1.58122e-12 7.84889e-11 -1.52854e-10 2.18248e-10 -2.68634e-10 2.99015e-10 -3.06005e-10 2.88225e-10 -2.46497e-10 1.83789e-10 -1.04953e-10 1.62823e-11 7.50531e-11 -1.61621e-10 2.36345e-10 -2.93075e-10 3.2707e-10 -3.35376e-10 3.17068e-10 -2.73353e-10 2.07506e-10 -1.24645e-10 3.13441e-11 6.48884e-11 -1.56238e-10 2.35252e-10 -2.95487e-10 3.32072e-10 -3.42126e-10 3.24991e-10 -2.82257e-10 2.176e-10 -1.3643e-10 4.54269e-11 4.80266e-11 -1.36439e-10 2.128e-10 -2.71124e-10 3.06904e-10 -3.17467e-10 3.02178e-10 -2.62502e-10 2.01897e-10 -1.25549e-10 3.99561e-11 4.76005e-11 -1.29662e-10 1.99227e-10 -2.50347e-10 2.78655e-10 -2.81751e-10 2.5943e-10 -2.13724e-10 1.48748e-10 -7.03641e-11 -1.4313e-11 9.75367e-11 -1.71618e-10 2.29632e-10 -2.66071e-10 2.77392e-10 -2.6239e-10 2.22361e-10 -1.61029e-10 8.42305e-11 6.13133e-13 -8.5203e-11 1.61171e-10 -2.20919e-10 2.584e-10 -2.69759e-10 2.53768e-10 -2.11994e-10 1.48688e-10 -7.03897e-11 -1.47249e-11 9.76721e-11 -1.69602e-10 2.22746e-10 -2.51266e-10 2.51923e-10 -2.24469e-10 1.71729e-10 -9.93468e-11 1.52167e-11 7.1344e-11 -1.50597e-10 2.13453e-10 -2.52487e-10 2.62797e-10 -2.42597e-10 1.93471e-10 -1.20264e-10 3.06081e-11 6.58759e-11 -1.58608e-10 2.37204e-10 -2.92633e-10 3.18238e-10 -3.1051e-10 2.69527e-10 -1.98998e-10 1.059e-10 2.45322e-13 -1.08394e-10 2.07173e-10 -2.86129e-10 3.3688e-10 -3.54046e-10 3.35846e-10 -2.84307e-10 2.05035e-10 -1.06602e-10 -4.15906e-13 1.04612e-10 -1.9502e-10 2.62331e-10 -2.99922e-10 3.04571e-10 -2.76786e-10 2.20709e-10 -1.43599e-10 5.4966e-11 3.45517e-11 -1.14433e-10 1.75498e-10 -2.10969e-10 2.17242e-10 -1.94288e-10 1.45627e-10 -7.78886e-11 0. 
0.000115423 0.00010784 0.000100287 9.27908e-05 8.53865e-05 7.80944e-05 7.09591e-05 6.39852e-05 5.72395e-05 5.06979e-05 4.44587e-05 3.84714e-05 3.28381e-05 2.75464e-05 2.26042e-05 1.8131e-05 1.40315e-05 1.03953e-05 7.32978e-06 4.70053e-06 2.55072e-06 1.10692e-06 3.72457e-07 9.52968e-08 1.81224e-08 2.1923e-09 -1.13801e-10 -4.01727e-10 -3.80432e-10 -3.93761e-10 -3.60516e-10 -3.74718e-10 -3.24959e-10 -3.47844e-10 -2.91247e-10 -3.1023e-10 -2.47119e-10 -2.6921e-10 -2.14039e-10 -1.91327e-10 -1.88318e-10 -1.20165e-10 -1.64911e-10 -1.48087e-11 -1.14587e-10 6.39414e-11 -9.16512e-11 8.14738e-11 -7.73447e-11 6.61908e-11 -5.30731e-11 3.8777e-11 -2.52222e-11 1.40222e-11 -6.46952e-12 3.31951e-12 -4.65454e-12 9.85231e-12 -1.76211e-11 2.61599e-11 -3.33653e-11 3.71262e-11 -3.55983e-11 2.75021e-11 -1.23223e-11 -9.54065e-12 3.67776e-11 -6.72401e-11 9.818e-11 -1.26523e-10 1.49231e-10 -1.63649e-10 1.67823e-10 -1.60728e-10 1.42388e-10 -1.1387e-10 7.71483e-11 -3.48689e-11 -9.94852e-12 5.42346e-11 -9.5166e-11 1.30397e-10 -1.58198e-10 1.77494e-10 -1.87811e-10 1.89161e-10 -1.81893e-10 1.66553e-10 -1.43793e-10 1.14334e-10 -7.89907e-11 3.87544e-11 5.11552e-12 -5.10087e-11 9.69326e-11 -1.40552e-10 1.79308e-10 -2.10608e-10 2.32053e-10 -2.41678e-10 2.38154e-10 -2.20942e-10 1.90356e-10 -1.47559e-10 9.44935e-11 -3.37685e-11 -3.1474e-11 9.76935e-11 -1.61088e-10 2.1774e-10 -2.63785e-10 2.95625e-10 -3.10191e-10 3.05251e-10 -2.79722e-10 2.33966e-10 -1.69976e-10 9.14342e-11 -3.57767e-12 -8.71376e-11 1.73549e-10 -2.48433e-10 3.05203e-10 -3.3858e-10 3.45146e-10 -3.23711e-10 2.7547e-10 -2.03912e-10 1.14534e-10 -1.4368e-11 -8.86073e-11 1.86118e-10 -2.7026e-10 3.3413e-10 -3.72378e-10 3.81643e-10 -3.60845e-10 3.11313e-10 -2.36712e-10 1.42781e-10 -3.68874e-11 -7.25689e-11 1.7686e-10 -2.67669e-10 3.37794e-10 -3.81759e-10 3.96258e-10 -3.8041e-10 3.35798e-10 -2.66298e-10 1.77728e-10 -7.73458e-11 -2.67486e-11 1.2627e-10 -2.13405e-10 2.81422e-10 -3.252e-10 3.4163e-10 -3.29856e-10 2.9134e-10 -2.29743e-10 1.5062e-10 -6.09566e-11 -3.14179e-11 1.18491e-10 -1.92752e-10 2.4783e-10 -2.79051e-10 2.8384e-10 -2.6196e-10 2.1554e-10 -1.48906e-10 6.82183e-11 1.9065e-11 -1.04846e-10 1.81116e-10 -2.40695e-10 2.77911e-10 -2.89153e-10 2.73242e-10 -2.31579e-10 1.6805e-10 -8.86811e-11 1.07999e-12 8.62872e-11 -1.64924e-10 2.2715e-10 -2.66877e-10 2.80249e-10 -2.66055e-10 2.25888e-10 -1.64016e-10 8.69653e-11 -2.87154e-12 -7.93617e-11 1.50996e-10 -2.04394e-10 2.33854e-10 -2.36247e-10 2.11398e-10 -1.62141e-10 9.40488e-11 -1.48651e-11 -6.63236e-11 1.40074e-10 -1.9763e-10 2.31915e-10 -2.38353e-10 2.15428e-10 -1.6492e-10 9.1771e-11 -3.60271e-12 -9.0077e-11 1.78892e-10 -2.52732e-10 3.02877e-10 -3.22992e-10 3.09867e-10 -2.63831e-10 1.88776e-10 -9.17898e-11 -1.75699e-11 1.28281e-10 -2.29035e-10 3.09457e-10 -3.61233e-10 3.79018e-10 -3.61023e-10 3.09206e-10 -2.29061e-10 1.29013e-10 -1.948e-11 -8.82639e-11 1.83333e-10 -2.56416e-10 3.00776e-10 -3.12964e-10 2.93142e-10 -2.45004e-10 1.75291e-10 -9.29689e-11 8.14908e-12 6.90999e-11 -1.2993e-10 1.67737e-10 -1.78901e-10 1.63187e-10 -1.23718e-10 6.65689e-11 0. 
0.000115423 0.00010784 0.000100287 9.27908e-05 8.53865e-05 7.80945e-05 7.0959e-05 6.39853e-05 5.72395e-05 5.0698e-05 4.44587e-05 3.84714e-05 3.28381e-05 2.75464e-05 2.26042e-05 1.81311e-05 1.40315e-05 1.03954e-05 7.32971e-06 4.70061e-06 2.55062e-06 1.10702e-06 3.72347e-07 9.54044e-08 1.80213e-08 2.28378e-09 -1.93965e-10 -3.32787e-10 -4.3975e-10 -3.41368e-10 -4.09176e-10 -3.26798e-10 -3.74254e-10 -2.96504e-10 -3.43496e-10 -2.60106e-10 -2.90383e-10 -2.38755e-10 -2.25222e-10 -2.05544e-10 -1.43768e-10 -1.9801e-10 -5.3343e-11 -1.57727e-10 5.45835e-11 -1.2409e-10 1.06294e-10 -1.16848e-10 1.12289e-10 -1.07194e-10 9.8855e-11 -8.9387e-11 7.99316e-11 -7.1668e-11 6.54197e-11 -6.15374e-11 5.98274e-11 -5.95361e-11 5.94444e-11 -5.80058e-11 5.35746e-11 -4.46333e-11 3.00593e-11 -9.317e-12 -1.73741e-11 4.89981e-11 -8.37574e-11 1.19241e-10 -1.52624e-10 1.80973e-10 -2.01549e-10 2.12107e-10 -2.11144e-10 1.98061e-10 -1.73225e-10 1.37925e-10 -9.42328e-11 4.47865e-11 7.45955e-12 -5.94943e-11 1.08478e-10 -1.51916e-10 1.87766e-10 -2.14477e-10 2.30979e-10 -2.36633e-10 2.31182e-10 -2.14716e-10 1.87661e-10 -1.50802e-10 1.05333e-10 -5.28993e-11 -4.37425e-12 6.3904e-11 -1.22727e-10 1.77643e-10 -2.25415e-10 2.62998e-10 -2.87777e-10 2.97774e-10 -2.91814e-10 2.69618e-10 -2.31834e-10 1.80011e-10 -1.1652e-10 4.44598e-11 3.24686e-11 -1.10096e-10 1.83942e-10 -2.49412e-10 3.02033e-10 -3.37747e-10 3.5325e-10 -3.46335e-10 3.16231e-10 -2.63845e-10 1.91891e-10 -1.0484e-10 8.69147e-12 8.94559e-11 -1.8197e-10 2.61349e-10 -3.20911e-10 3.55415e-10 -3.61568e-10 3.38356e-10 -2.87162e-10 2.11683e-10 -1.17645e-10 1.23491e-11 9.58982e-11 -1.98447e-10 2.86991e-10 -3.54233e-10 3.94491e-10 -4.04181e-10 3.82139e-10 -3.29756e-10 2.509e-10 -1.51617e-10 3.96483e-11 7.62151e-11 -1.86863e-10 2.83631e-10 -3.59017e-10 4.07289e-10 -4.24938e-10 4.10932e-10 -3.66765e-10 2.96296e-10 -2.05416e-10 1.01543e-10 6.97745e-12 -1.11551e-10 2.04018e-10 -2.77309e-10 3.26001e-10 -3.46749e-10 3.38545e-10 -3.02787e-10 2.43144e-10 -1.65236e-10 7.61476e-11 1.61784e-11 -1.03619e-10 1.78563e-10 -2.3456e-10 2.66872e-10 -2.72879e-10 2.52309e-10 -2.07271e-10 1.42072e-10 -6.28515e-11 -2.29609e-11 1.0731e-10 -1.82248e-10 2.4067e-10 -2.76988e-10 2.87668e-10 -2.71591e-10 2.30178e-10 -1.67282e-10 8.88369e-11 -2.30374e-12 -8.40483e-11 1.61945e-10 -2.23929e-10 2.64103e-10 -2.78742e-10 2.6668e-10 -2.29457e-10 1.71172e-10 -9.80885e-11 1.79909e-11 6.06197e-11 -1.29422e-10 1.81165e-10 -2.10457e-10 2.14368e-10 -1.92769e-10 1.48379e-10 -8.64949e-11 1.4436e-11 5.9244e-11 -1.25695e-10 1.76759e-10 -2.05899e-10 2.08966e-10 -1.84714e-10 1.35005e-10 -6.46716e-11 -1.89613e-11 1.06832e-10 -1.89116e-10 2.56294e-10 -3.00222e-10 3.15053e-10 -2.97938e-10 2.49394e-10 -1.7332e-10 7.6634e-11 3.14227e-11 -1.40245e-10 2.38984e-10 -3.17702e-10 3.68437e-10 -3.86065e-10 3.68848e-10 -3.18621e-10 2.40588e-10 -1.4275e-10 3.50287e-11 7.1815e-11 -1.67347e-10 2.4258e-10 -2.90928e-10 3.08872e-10 -2.96284e-10 2.5636e-10 -1.95178e-10 1.20937e-10 -4.29616e-11 -2.94065e-11 8.79048e-11 -1.26301e-10 1.41095e-10 -1.31883e-10 1.01358e-10 -5.49235e-11 0. 
0.000115423 0.00010784 0.000100287 9.27907e-05 8.53865e-05 7.80944e-05 7.09591e-05 6.39852e-05 5.72396e-05 5.06979e-05 4.44587e-05 3.84714e-05 3.28381e-05 2.75463e-05 2.26043e-05 1.8131e-05 1.40315e-05 1.03953e-05 7.32983e-06 4.70048e-06 2.55076e-06 1.10687e-06 3.72503e-07 9.52502e-08 1.81698e-08 2.14421e-09 -6.52554e-11 -4.50149e-10 -3.32946e-10 -4.39319e-10 -3.17971e-10 -4.13177e-10 -2.91543e-10 -3.75467e-10 -2.69899e-10 -3.25121e-10 -2.38585e-10 -2.71711e-10 -2.17114e-10 -1.8315e-10 -2.01226e-10 -1.02678e-10 -1.87124e-10 1.26135e-11 -1.4802e-10 1.04429e-10 -1.40345e-10 1.39453e-10 -1.45411e-10 1.44658e-10 -1.41581e-10 1.36154e-10 -1.29416e-10 1.22125e-10 -1.14835e-10 1.07771e-10 -1.00773e-10 9.33155e-11 -8.45609e-11 7.34999e-11 -5.91001e-11 4.0508e-11 -1.72057e-11 -1.08207e-11 4.30061e-11 -7.81608e-11 1.14546e-10 -1.49967e-10 1.81988e-10 -2.0813e-10 2.26127e-10 -2.34133e-10 2.30919e-10 -2.15986e-10 1.89624e-10 -1.52885e-10 1.07505e-10 -5.57598e-11 3.04499e-13 5.60088e-11 -1.10299e-10 1.59809e-10 -2.02026e-10 2.34782e-10 -2.56329e-10 2.65398e-10 -2.61252e-10 2.43733e-10 -2.13295e-10 1.7103e-10 -1.18666e-10 5.85273e-11 6.54433e-12 -7.3311e-11 1.38304e-10 -1.98018e-10 2.49109e-10 -2.88599e-10 3.14045e-10 -3.23677e-10 3.16502e-10 -2.92356e-10 2.51934e-10 -1.96788e-10 1.29307e-10 -5.26646e-11 -2.92536e-11 1.11977e-10 -1.90632e-10 2.60194e-10 -3.15804e-10 3.53148e-10 -3.68846e-10 3.60835e-10 -3.28675e-10 2.73737e-10 -1.99237e-10 1.10091e-10 -1.25968e-11 -8.60347e-11 1.78257e-10 -2.56814e-10 3.15353e-10 -3.48972e-10 3.54647e-10 -3.31517e-10 2.80984e-10 -2.06647e-10 1.14058e-10 -1.03244e-11 -9.64282e-11 1.97678e-10 -2.85191e-10 3.51696e-10 -3.9151e-10 4.01039e-10 -3.79114e-10 3.27124e-10 -2.48919e-10 1.50501e-10 -3.95185e-11 -7.53781e-11 1.85258e-10 -2.81647e-10 3.57211e-10 -4.06331e-10 4.25526e-10 -4.13696e-10 3.72179e-10 -3.04617e-10 2.1664e-10 -1.15404e-10 9.01593e-12 9.41281e-11 -1.86016e-10 2.5967e-10 -3.09706e-10 3.32769e-10 -3.27785e-10 2.96031e-10 -2.40995e-10 1.68058e-10 -8.40171e-11 -3.50868e-12 8.67289e-11 -1.58347e-10 2.12179e-10 -2.43673e-10 2.50301e-10 -2.31773e-10 1.90064e-10 -1.29243e-10 5.51197e-11 2.52723e-11 -1.04313e-10 1.74494e-10 -2.29116e-10 2.62926e-10 -2.72619e-10 2.57167e-10 -2.1793e-10 1.58543e-10 -8.45758e-11 3.00824e-12 7.84417e-11 -1.52069e-10 2.1094e-10 -2.49582e-10 2.64539e-10 -2.54727e-10 2.21559e-10 -1.68806e-10 1.02223e-10 -2.89532e-11 -4.32119e-11 1.06661e-10 -1.54774e-10 1.82644e-10 -1.87616e-10 1.69598e-10 -1.31081e-10 7.68942e-11 -1.36834e-11 -5.08082e-11 1.08598e-10 -1.52362e-10 1.76274e-10 -1.76698e-10 1.52642e-10 -1.05938e-10 4.10963e-11 3.51284e-11 -1.14443e-10 1.879e-10 -2.46876e-10 2.8404e-10 -2.94187e-10 2.74867e-10 -2.26714e-10 1.53445e-10 -6.1524e-11 -4.04803e-11 1.42775e-10 -2.35363e-10 3.09099e-10 -3.56659e-10 3.73323e-10 -3.57474e-10 3.10765e-10 -2.37941e-10 1.46312e-10 -4.49621e-11 -5.62305e-11 1.47656e-10 -2.20993e-10 2.70068e-10 -2.91479e-10 2.84883e-10 -2.52956e-10 2.00996e-10 -1.3625e-10 6.70175e-11 -1.66225e-12 -5.23744e-11 8.94297e-11 -1.06252e-10 1.02335e-10 -7.99188e-11 4.36587e-11 0. 
0.000115423 0.00010784 0.000100287 9.27908e-05 8.53865e-05 7.80945e-05 7.0959e-05 6.39853e-05 5.72395e-05 5.0698e-05 4.44587e-05 3.84714e-05 3.2838e-05 2.75464e-05 2.26042e-05 1.81311e-05 1.40314e-05 1.03954e-05 7.3297e-06 4.70063e-06 2.55061e-06 1.10704e-06 3.72332e-07 9.54207e-08 1.80031e-08 2.30429e-09 -2.17045e-10 -3.07171e-10 -4.67607e-10 -3.11788e-10 -4.39805e-10 -2.95871e-10 -4.04728e-10 -2.67161e-10 -3.71144e-10 -2.34585e-10 -3.13457e-10 -2.18386e-10 -2.42624e-10 -1.91461e-10 -1.54023e-10 -1.92302e-10 -5.35616e-11 -1.64131e-10 6.88476e-11 -1.47428e-10 1.39726e-10 -1.61016e-10 1.6728e-10 -1.72389e-10 1.72835e-10 -1.69922e-10 1.64051e-10 -1.55825e-10 1.45744e-10 -1.34143e-10 1.21158e-10 -1.067e-10 9.05038e-11 -7.21825e-11 5.13362e-11 -2.7648e-11 1.01504e-12 2.83775e-11 -5.99732e-11 9.28406e-11 -1.25669e-10 1.56867e-10 -1.84634e-10 2.07121e-10 -2.22566e-10 2.29446e-10 -2.26617e-10 2.13425e-10 -1.89783e-10 1.56221e-10 -1.13879e-10 6.44779e-11 -1.02441e-11 -4.6195e-11 1.01943e-10 -1.5399e-10 1.99385e-10 -2.35414e-10 2.59779e-10 -2.7076e-10 2.67351e-10 -2.49353e-10 2.17414e-10 -1.73008e-10 1.18355e-10 -5.62761e-11 -9.97788e-12 7.69365e-11 -1.41113e-10 1.99195e-10 -2.48196e-10 2.85578e-10 -3.09328e-10 3.18011e-10 -3.10807e-10 2.87554e-10 -2.48785e-10 1.95791e-10 -1.30667e-10 5.63336e-11 2.34881e-11 -1.04386e-10 1.81458e-10 -2.49612e-10 3.03949e-10 -3.40188e-10 3.55096e-10 -3.46861e-10 3.15351e-10 -2.6223e-10 1.9091e-10 -1.06324e-10 1.45661e-11 7.75847e-11 -1.63194e-10 2.35717e-10 -2.89503e-10 3.20241e-10 -3.253e-10 3.03955e-10 -2.57486e-10 1.89138e-10 -1.03931e-10 8.33473e-12 9.01939e-11 -1.83779e-10 2.64762e-10 -3.2635e-10 3.63216e-10 -3.7199e-10 3.51583e-10 -3.03299e-10 2.30738e-10 -1.39483e-10 3.66142e-11 6.98923e-11 -1.71836e-10 2.61456e-10 -3.32038e-10 3.78429e-10 -3.97402e-10 3.87886e-10 -3.51016e-10 2.90028e-10 -2.09988e-10 1.17388e-10 -1.9621e-11 -7.56138e-11 1.60941e-10 -2.29911e-10 2.77528e-10 -3.00653e-10 2.9824e-10 -2.71398e-10 2.23256e-10 -1.5867e-10 8.37783e-11 -5.46469e-12 -6.92361e-11 1.33736e-10 -1.82446e-10 2.11252e-10 -2.17851e-10 2.01955e-10 -1.65312e-10 1.11551e-10 -4.58656e-11 -2.54537e-11 9.55923e-11 -1.5784e-10 2.0622e-10 -2.36053e-10 2.44406e-10 -2.30379e-10 1.95196e-10 -1.421e-10 7.60401e-11 -3.20795e-12 -6.95647e-11 1.35467e-10 -1.88376e-10 2.23464e-10 -2.37682e-10 2.30066e-10 -2.01844e-10 1.56314e-10 -9.85035e-11 3.46529e-11 2.84403e-11 -8.41415e-11 1.2669e-10 -1.51822e-10 1.57241e-10 -1.42875e-10 1.10896e-10 -6.54942e-11 1.24232e-11 4.16302e-11 -8.9792e-11 1.25779e-10 -1.44623e-10 1.43268e-10 -1.20955e-10 7.93683e-11 -2.25062e-11 -4.37096e-11 1.12047e-10 -1.74736e-10 2.24322e-10 -2.54498e-10 2.60831e-10 -2.41298e-10 1.96566e-10 -1.29987e-10 4.72942e-11 4.39577e-11 -1.35162e-10 2.17548e-10 -2.83102e-10 3.25406e-10 -3.4032e-10 3.26411e-10 -2.85107e-10 2.20529e-10 -1.39049e-10 4.85977e-11 4.21872e-11 -1.24876e-10 1.92134e-10 -2.38473e-10 2.60787e-10 -2.58616e-10 2.34112e-10 -1.91706e-10 1.37533e-10 -7.86667e-11 2.22702e-11 2.52506e-11 -5.89835e-11 7.60559e-11 -7.59259e-11 6.03866e-11 -3.32865e-11 0. 
0.000115423 0.00010784 0.000100287 9.27908e-05 8.53865e-05 7.80944e-05 7.09591e-05 6.39852e-05 5.72396e-05 5.06979e-05 4.44587e-05 3.84714e-05 3.28381e-05 2.75463e-05 2.26043e-05 1.8131e-05 1.40315e-05 1.03953e-05 7.32982e-06 4.7005e-06 2.55075e-06 1.10689e-06 3.7249e-07 9.52611e-08 1.81617e-08 2.14865e-09 -6.54819e-11 -4.54435e-10 -3.2414e-10 -4.52398e-10 -3.01068e-10 -4.33325e-10 -2.68789e-10 -4.00189e-10 -2.43798e-10 -3.52067e-10 -2.11277e-10 -2.98907e-10 -1.90549e-10 -2.08465e-10 -1.7793e-10 -1.23016e-10 -1.70836e-10 1.56888e-12 -1.43411e-10 1.07312e-10 -1.51484e-10 1.59163e-10 -1.73423e-10 1.80027e-10 -1.82664e-10 1.80668e-10 -1.74582e-10 1.64887e-10 -1.52144e-10 1.36901e-10 -1.19631e-10 1.00709e-10 -8.03833e-11 5.88031e-11 -3.60339e-11 1.21246e-11 1.28558e-11 -3.87377e-11 6.52164e-11 -9.17909e-11 1.17767e-10 -1.42226e-10 1.64081e-10 -1.82098e-10 1.94986e-10 -2.01479e-10 2.00448e-10 -1.91017e-10 1.72678e-10 -1.45397e-10 1.09701e-10 -6.6725e-11 1.82161e-11 3.35163e-11 -8.57119e-11 1.35326e-10 -1.79242e-10 2.14519e-10 -2.38634e-10 2.49718e-10 -2.46727e-10 2.29549e-10 -1.99026e-10 1.56877e-10 -1.05546e-10 4.79899e-11 1.25642e-11 -7.28577e-11 1.29806e-10 -1.80647e-10 2.23031e-10 -2.55049e-10 2.75226e-10 -2.82498e-10 2.76214e-10 -2.56157e-10 2.22624e-10 -1.76522e-10 1.19483e-10 -5.39413e-11 -1.68553e-11 8.8932e-11 -1.57793e-10 2.18735e-10 -2.67249e-10 2.99451e-10 -3.12495e-10 3.04904e-10 -2.76776e-10 2.29829e-10 -1.67297e-10 9.36667e-11 -1.43203e-11 -6.48937e-11 1.38108e-10 -1.9987e-10 2.45527e-10 -2.71551e-10 2.758e-10 -2.57686e-10 2.1827e-10 -1.6024e-10 8.7792e-11 -6.37646e-12 -7.76743e-11 1.57624e-10 -2.26885e-10 2.79591e-10 -3.11135e-10 3.18602e-10 -3.01056e-10 2.59634e-10 -1.97446e-10 1.19292e-10 -3.12355e-11 -5.99261e-11 1.47227e-10 -2.24089e-10 2.84829e-10 -3.25074e-10 3.42067e-10 -3.34855e-10 3.04341e-10 -2.53199e-10 1.85666e-10 -1.07204e-10 2.40648e-11 5.72142e-11 -1.30351e-10 1.89835e-10 -2.31386e-10 2.52297e-10 -2.51644e-10 2.30327e-10 -1.9096e-10 1.37614e-10 -7.5441e-11 1.02165e-11 5.21576e-11 -1.06154e-10 1.47083e-10 -1.71483e-10 1.77412e-10 -1.64607e-10 1.34509e-10 -9.01345e-11 3.58058e-11 2.32361e-11 -8.13136e-11 1.32839e-10 -1.72838e-10 1.97423e-10 -2.04163e-10 1.92319e-10 -1.62916e-10 1.18648e-10 -6.36218e-11 2.96218e-12 5.76804e-11 -1.12679e-10 1.56979e-10 -1.86596e-10 1.99011e-10 -1.93424e-10 1.70833e-10 -1.33935e-10 8.68462e-11 -3.4673e-11 -1.70252e-11 6.28263e-11 -9.8027e-11 1.1915e-10 -1.24327e-10 1.13502e-10 -8.84485e-11 5.25752e-11 -1.05574e-11 -3.21822e-11 7.0081e-11 -9.80691e-11 1.12159e-10 -1.09924e-10 9.0812e-11 -5.62566e-11 9.56673e-12 4.43953e-11 -9.97167e-11 1.50067e-10 -1.89391e-10 2.12589e-10 -2.16104e-10 1.98357e-10 -1.59969e-10 1.0375e-10 -3.44546e-11 -4.16864e-11 1.1759e-10 -1.86049e-10 2.40483e-10 -2.75622e-10 2.88064e-10 -2.76625e-10 2.42458e-10 -1.88929e-10 1.21244e-10 -4.58962e-11 -3.00323e-11 9.96142e-11 -1.56799e-10 1.97028e-10 -2.1767e-10 2.18242e-10 -2.00385e-10 1.67601e-10 -1.24786e-10 7.76199e-11 -3.18764e-11 -7.25875e-12 3.57845e-11 -5.13268e-11 5.3376e-11 -4.32937e-11 2.40901e-11 0. 
0.000115423 0.00010784 0.000100287 9.27908e-05 8.53865e-05 7.80945e-05 7.0959e-05 6.39853e-05 5.72395e-05 5.0698e-05 4.44587e-05 3.84714e-05 3.28381e-05 2.75464e-05 2.26042e-05 1.81311e-05 1.40315e-05 1.03954e-05 7.32972e-06 4.7006e-06 2.55064e-06 1.10701e-06 3.72364e-07 9.53909e-08 1.80303e-08 2.28065e-09 -1.97568e-10 -3.2215e-10 -4.57193e-10 -3.17806e-10 -4.37839e-10 -2.94225e-10 -4.09534e-10 -2.59594e-10 -3.81177e-10 -2.22264e-10 -3.27995e-10 -2.01642e-10 -2.61565e-10 -1.70403e-10 -1.76981e-10 -1.67844e-10 -7.89239e-11 -1.38631e-10 4.40854e-11 -1.24288e-10 1.18985e-10 -1.43214e-10 1.52614e-10 -1.60634e-10 1.63329e-10 -1.61599e-10 1.55554e-10 -1.45672e-10 1.32538e-10 -1.16803e-10 9.91363e-11 -8.01556e-11 6.04044e-11 -4.03073e-11 2.0176e-11 -1.98422e-13 -1.95164e-11 3.89214e-11 -5.79638e-11 7.65518e-11 -9.44758e-11 1.11393e-10 -1.26769e-10 1.3989e-10 -1.49871e-10 1.55715e-10 -1.56392e-10 1.50954e-10 -1.38661e-10 1.19125e-10 -9.24258e-11 5.92092e-11 -2.07301e-11 -2.11673e-11 6.41394e-11 -1.05503e-10 1.42451e-10 -1.72306e-10 1.92777e-10 -2.02192e-10 1.99669e-10 -1.85205e-10 1.59676e-10 -1.2473e-10 8.26127e-11 -3.59374e-11 -1.25573e-11 6.02282e-11 -1.04697e-10 1.43948e-10 -1.76359e-10 2.00672e-10 -2.1593e-10 2.21427e-10 -2.16676e-10 2.01439e-10 -1.75804e-10 1.40312e-10 -9.60832e-11 4.49213e-11 1.06547e-11 -6.74778e-11 1.21912e-10 -1.70137e-10 2.08494e-10 -2.33871e-10 2.44038e-10 -2.37912e-10 2.15702e-10 -1.78904e-10 1.30185e-10 -7.31357e-11 1.19716e-11 4.88119e-11 -1.04774e-10 1.51835e-10 -1.86547e-10 2.06307e-10 -2.09532e-10 1.95784e-10 -1.65843e-10 1.2171e-10 -6.65305e-11 4.4256e-12 5.97825e-11 -1.20933e-10 1.73957e-10 -2.14325e-10 2.38476e-10 -2.44161e-10 2.30662e-10 -1.98864e-10 1.5117e-10 -9.12734e-11 2.38199e-11 4.59994e-11 -1.1288e-10 1.71825e-10 -2.18518e-10 2.49632e-10 -2.63062e-10 2.58056e-10 -2.35266e-10 1.96687e-10 -1.45507e-10 8.58558e-11 -2.24812e-11 -3.964e-11 9.57116e-11 -1.41519e-10 1.7378e-10 -1.90413e-10 1.90691e-10 -1.75279e-10 1.46144e-10 -1.06357e-10 5.98063e-11 -1.08518e-11 -3.60526e-11 7.67354e-11 -1.07656e-10 1.26197e-10 -1.30884e-10 1.21508e-10 -9.91412e-11 6.60431e-11 -2.54584e-11 -1.86772e-11 6.20988e-11 -1.0061e-10 1.30478e-10 -1.48788e-10 1.5372e-10 -1.44724e-10 1.22571e-10 -8.92832e-11 4.79342e-11 -2.35721e-12 -4.32257e-11 8.46127e-11 -1.18031e-10 1.40507e-10 -1.50158e-10 1.46383e-10 -1.29919e-10 1.02763e-10 -6.79675e-11 2.93186e-11 9.06295e-12 -4.31602e-11 6.94905e-11 -8.54815e-11 8.97512e-11 -8.22606e-11 6.43195e-11 -3.84452e-11 8.08468e-12 2.27684e-11 -5.00237e-11 6.99618e-11 -7.96679e-11 7.7384e-11 -6.27381e-11 3.68234e-11 -2.11403e-12 -3.77752e-11 7.84627e-11 -1.15269e-10 1.43728e-10 -1.60093e-10 1.61765e-10 -1.47614e-10 1.18143e-10 -7.54741e-11 2.31669e-11 3.41283e-11 -9.11359e-11 1.42494e-10 -1.83309e-10 2.09662e-10 -2.19022e-10 2.10502e-10 -1.84952e-10 1.44862e-10 -9.40916e-11 3.74579e-11 1.97777e-11 -7.24606e-11 1.16076e-10 -1.47203e-10 1.63842e-10 -1.65574e-10 1.53551e-10 -1.30299e-10 9.93833e-11 -6.49552e-11 3.1249e-11 -2.0801e-12 -1.95937e-11 3.19983e-11 -3.47189e-11 2.87065e-11 -1.61168e-11 0. 
0.000115423 0.00010784 0.000100287 9.27908e-05 8.53865e-05 7.80944e-05 7.09591e-05 6.39852e-05 5.72395e-05 5.06979e-05 4.44587e-05 3.84714e-05 3.28381e-05 2.75463e-05 2.26043e-05 1.8131e-05 1.40315e-05 1.03953e-05 7.32978e-06 4.70053e-06 2.55071e-06 1.10693e-06 3.7245e-07 9.53009e-08 1.81231e-08 2.18534e-09 -9.9879e-11 -4.22497e-10 -3.53667e-10 -4.25076e-10 -3.26464e-10 -4.09605e-10 -2.90955e-10 -3.79663e-10 -2.62337e-10 -3.3614e-10 -2.23721e-10 -2.90996e-10 -1.92793e-10 -2.12979e-10 -1.65728e-10 -1.43563e-10 -1.41651e-10 -3.61439e-11 -9.76938e-11 5.44813e-11 -9.27207e-11 9.58318e-11 -1.06954e-10 1.11806e-10 -1.13943e-10 1.12509e-10 -1.07846e-10 1.00266e-10 -9.02289e-11 7.8279e-11 -6.49874e-11 5.09198e-11 -3.65777e-11 2.2381e-11 -8.62828e-12 -4.49284e-12 1.69207e-11 -2.86756e-11 3.98432e-11 -5.05071e-11 6.07213e-11 -7.04296e-11 7.94516e-11 -8.74335e-11 9.38605e-11 -9.80742e-11 9.93326e-11 -9.68917e-11 9.01103e-11 -7.85628e-11 6.21463e-11 -4.11647e-11 1.63751e-11 1.10176e-11 -3.9422e-11 6.69782e-11 -9.17205e-11 1.11768e-10 -1.25517e-10 1.31814e-10 -1.30078e-10 1.2036e-10 -1.03326e-10 8.01738e-11 -5.24877e-11 2.20675e-11 9.25169e-12 -3.97542e-11 6.79529e-11 -9.26421e-11 1.12895e-10 -1.28023e-10 1.37507e-10 -1.40951e-10 1.3805e-10 -1.28611e-10 1.12621e-10 -9.03391e-11 6.24035e-11 -2.99154e-11 -5.53162e-12 4.18941e-11 -7.68022e-11 1.07756e-10 -1.32368e-10 1.4862e-10 -1.55091e-10 1.51123e-10 -1.36905e-10 1.13459e-10 -8.25387e-11 4.64676e-11 -7.92913e-12 -3.02498e-11 6.53066e-11 -9.47257e-11 1.16392e-10 -1.28713e-10 1.30719e-10 -1.2214e-10 1.03447e-10 -7.58689e-11 4.13523e-11 -2.46086e-12 -3.77883e-11 7.61526e-11 -1.09436e-10 1.34779e-10 -1.49931e-10 1.53471e-10 -1.4495e-10 1.2493e-10 -9.49305e-11 5.72797e-11 -1.48968e-11 -2.89638e-11 7.09843e-11 -1.08043e-10 1.37445e-10 -1.57112e-10 1.65723e-10 -1.62797e-10 1.48727e-10 -1.24744e-10 9.28261e-11 -5.55453e-11 1.58654e-11 2.30991e-11 -5.83423e-11 8.72193e-11 -1.07667e-10 1.18374e-10 -1.18877e-10 1.09582e-10 -9.17112e-11 6.71728e-11 -3.83858e-11 8.06144e-12 2.10306e-11 -4.62959e-11 6.55317e-11 -7.71086e-11 8.01058e-11 -7.43882e-11 6.06166e-11 -4.01892e-11 1.51168e-11 1.21605e-11 -3.89981e-11 6.27944e-11 -8.12358e-11 9.25167e-11 -9.55113e-11 8.98806e-11 -7.61045e-11 5.54346e-11 -2.97737e-11 1.49244e-12 2.67998e-11 -5.25067e-11 7.32981e-11 -8.73368e-11 9.34599e-11 -9.12935e-11 8.12884e-11 -6.46726e-11 4.33227e-11 -1.9567e-11 -4.06098e-12 2.50923e-11 -4.13869e-11 5.13648e-11 -5.41775e-11 4.98011e-11 -3.90389e-11 2.34339e-11 -5.09785e-12 -1.35249e-11 2.99332e-11 -4.18559e-11 4.75178e-11 -4.58546e-11 3.66527e-11 -2.05965e-11 -7.83981e-13 2.52621e-11 -5.01444e-11 7.25589e-11 -8.977e-11 9.94862e-11 -1.00126e-10 9.10108e-11 -7.24672e-11 4.58171e-11 -1.32634e-11 -2.23216e-11 5.76836e-11 -8.95174e-11 1.14807e-10 -1.31139e-10 1.3695e-10 -1.31695e-10 1.15892e-10 -9.10704e-11 5.96046e-11 -2.44576e-11 -1.11301e-11 4.39807e-11 -7.13056e-11 9.09848e-11 -1.01767e-10 1.03371e-10 -9.64767e-11 8.26108e-11 -6.39381e-11 4.29876e-11 -2.23442e-11 4.34245e-12 9.20219e-12 -1.71928e-11 1.93591e-11 -1.6262e-11 9.19585e-12 0. 
0.000115423 0.00010784 0.000100287 9.27908e-05 8.53865e-05 7.80944e-05 7.09591e-05 6.39852e-05 5.72395e-05 5.0698e-05 4.44587e-05 3.84714e-05 3.28381e-05 2.75463e-05 2.26042e-05 1.8131e-05 1.40315e-05 1.03953e-05 7.32975e-06 4.70057e-06 2.55068e-06 1.10697e-06 3.72406e-07 9.53476e-08 1.80743e-08 2.23613e-09 -1.52701e-10 -3.67433e-10 -4.11277e-10 -3.6463e-10 -3.89891e-10 -3.43331e-10 -3.59532e-10 -3.09837e-10 -3.31796e-10 -2.69229e-10 -2.85405e-10 -2.37593e-10 -2.34671e-10 -1.85847e-10 -1.75163e-10 -1.54267e-10 -1.09091e-10 -9.13769e-11 -1.99824e-11 -4.44597e-11 2.51809e-11 -3.78491e-11 3.85843e-11 -4.11463e-11 4.17129e-11 -4.11331e-11 3.93083e-11 -3.639e-11 3.25549e-11 -2.80118e-11 2.29913e-11 -1.77145e-11 1.23906e-11 -7.18596e-12 2.22908e-12 2.41267e-12 -6.71095e-12 1.06903e-11 -1.43946e-11 1.78896e-11 -2.12153e-11 2.43942e-11 -2.7383e-11 3.00836e-11 -3.23232e-11 3.38716e-11 -3.44566e-11 3.37966e-11 -3.16399e-11 2.78088e-11 -2.22412e-11 1.50236e-11 -6.41086e-12 -3.17524e-12 1.31679e-11 -2.28988e-11 3.1659e-11 -3.87696e-11 4.36536e-11 -4.58989e-11 4.53028e-11 -4.18926e-11 3.59176e-11 -2.78155e-11 1.81588e-11 -7.58933e-12 -3.24697e-12 1.37557e-11 -2.34318e-11 3.18753e-11 -3.87874e-11 4.39504e-11 -4.72023e-11 4.84144e-11 -4.74814e-11 4.43286e-11 -3.89365e-11 3.13777e-11 -2.18568e-11 1.07425e-11 1.4207e-12 -1.39267e-11 2.59523e-11 -3.66274e-11 4.51219e-11 -5.07362e-11 5.29816e-11 -5.16376e-11 4.67781e-11 -3.87647e-11 2.82091e-11 -1.59136e-11 2.79835e-12 1.01735e-11 -2.20661e-11 3.20309e-11 -3.93566e-11 4.35088e-11 -4.41618e-11 4.12238e-11 -3.48534e-11 2.54647e-11 -1.3716e-11 4.7739e-13 1.32245e-11 -2.62839e-11 3.76095e-11 -4.62239e-11 5.13579e-11 -5.25263e-11 4.95768e-11 -4.27036e-11 3.24276e-11 -1.95445e-11 5.05126e-12 9.94295e-12 -2.43083e-11 3.69826e-11 -4.70493e-11 5.38011e-11 -5.67871e-11 5.58421e-11 -5.10967e-11 4.29667e-11 -3.21224e-11 1.94374e-11 -5.91948e-12 -7.37105e-12 1.94099e-11 -2.92951e-11 3.63223e-11 -4.0043e-11 4.02973e-11 -3.72215e-11 3.12287e-11 -2.29659e-11 1.32532e-11 -3.00981e-12 -6.82504e-12 1.53716e-11 -2.18827e-11 2.58054e-11 -2.68268e-11 2.49003e-11 -2.02491e-11 1.33462e-11 -4.87252e-12 -4.34554e-12 1.34124e-11 -2.14469e-11 2.76659e-11 -3.14585e-11 3.2444e-11 -3.05086e-11 2.58154e-11 -1.87888e-11 1.00734e-11 -4.71595e-13 -9.1334e-12 1.78633e-11 -2.49297e-11 2.97112e-11 -3.18143e-11 3.11122e-11 -2.77565e-11 2.21616e-11 -1.49609e-11 6.9402e-12 1.04555e-12 -8.16305e-12 1.36902e-11 -1.70937e-11 1.80872e-11 -1.66622e-11 1.30891e-11 -7.88741e-12 1.76788e-12 4.44678e-12 -9.91523e-12 1.3874e-11 -1.57272e-11 1.51184e-11 -1.19782e-11 6.53964e-12 6.79762e-13 -8.92808e-12 1.72968e-11 -2.4818e-11 3.05704e-11 -3.37832e-11 3.39258e-11 -3.07723e-11 2.4436e-11 -1.53659e-11 4.30801e-12 7.76622e-12 -1.97568e-11 3.05468e-11 -3.91175e-11 4.46534e-11 -4.66268e-11 4.48524e-11 -3.95051e-11 3.1101e-11 -2.04409e-11 8.5252e-12 3.55177e-12 -1.47162e-11 2.40248e-11 -3.07593e-11 3.44938e-11 -3.51291e-11 3.289e-11 -2.82869e-11 2.20456e-11 -1.50153e-11 8.06525e-12 -1.98109e-12 -2.62509e-12 5.3821e-12 -6.19612e-12 5.25233e-12 -2.98214e-12 0. 
0.000115423 0.00010784 0.000100287 9.27908e-05 8.53865e-05 7.80944e-05 7.09591e-05 6.39852e-05 5.72395e-05 5.0698e-05 4.44587e-05 3.84714e-05 3.28381e-05 2.75463e-05 2.26042e-05 1.8131e-05 1.40315e-05 1.03953e-05 7.32976e-06 4.70056e-06 2.55068e-06 1.10696e-06 3.72409e-07 9.53448e-08 1.80771e-08 2.23352e-09 -1.50259e-10 -3.69673e-10 -4.09268e-10 -3.66379e-10 -3.88428e-10 -3.44487e-10 -3.58703e-10 -3.10324e-10 -3.31658e-10 -2.69012e-10 -2.85975e-10 -2.36676e-10 -2.35921e-10 -1.8428e-10 -1.77024e-10 -1.5214e-10 -1.11453e-10 -8.88168e-11 -2.27021e-11 -4.16219e-11 2.22684e-11 -3.49061e-11 3.56552e-11 -3.8275e-11 3.89414e-11 -3.85014e-11 3.68531e-11 -3.41445e-11 3.05476e-11 -2.62666e-11 2.15267e-11 -1.65435e-11 1.15202e-11 -6.61755e-12 1.95827e-12 2.39583e-12 -6.42163e-12 1.01485e-11 -1.36246e-11 1.69193e-11 -2.00756e-11 2.31184e-11 -2.60057e-11 2.86401e-11 -3.08487e-11 3.24006e-11 -3.30216e-11 3.24279e-11 -3.0365e-11 2.66515e-11 -2.12213e-11 1.41568e-11 -5.70814e-12 -3.70755e-12 1.35281e-11 -2.30899e-11 3.16882e-11 -3.86483e-11 4.33968e-11 -4.55247e-11 4.48321e-11 -4.13482e-11 3.53234e-11 -2.71965e-11 1.75397e-11 -6.99424e-12 -3.79517e-12 1.42361e-11 -2.38257e-11 3.2167e-11 -3.89644e-11 4.40038e-11 -4.71268e-11 4.82085e-11 -4.71475e-11 4.38728e-11 -3.83682e-11 3.07097e-11 -2.11048e-11 9.9244e-12 2.28492e-12 -1.48157e-11 2.6844e-11 -3.74994e-11 4.59522e-11 -5.15036e-11 5.36664e-11 -5.2222e-11 4.72467e-11 -3.91047e-11 2.8411e-11 -1.5971e-11 2.70841e-12 1.04103e-11 -2.24458e-11 3.25462e-11 -3.99972e-11 4.42613e-11 -4.50105e-11 4.21508e-11 -3.58391e-11 2.64883e-11 -1.47561e-11 1.51244e-12 1.22158e-11 -2.53222e-11 3.67139e-11 -4.54118e-11 5.06447e-11 -5.1925e-11 4.90976e-11 -4.2354e-11 3.22118e-11 -1.9464e-11 5.10421e-12 9.76108e-12 -2.40049e-11 3.65675e-11 -4.65347e-11 5.3201e-11 -5.61171e-11 5.51189e-11 -5.03378e-11 4.21898e-11 -3.13451e-11 1.86768e-11 -5.19177e-12 -8.05098e-12 2.00288e-11 -2.98414e-11 3.67867e-11 -4.04183e-11 4.05787e-11 -3.74067e-11 3.13174e-11 -2.29605e-11 1.31579e-11 -2.83098e-12 -7.0793e-12 1.56917e-11 -2.22578e-11 2.62238e-11 -2.72762e-11 2.53682e-11 -2.07228e-11 1.38137e-11 -5.32225e-12 -3.92417e-12 1.30288e-11 -2.11092e-11 2.73808e-11 -3.12309e-11 3.22772e-11 -3.04043e-11 2.57735e-11 -1.88077e-11 1.01499e-11 -6.01255e-13 -8.95635e-12 1.76455e-11 -2.46788e-11 2.94352e-11 -3.15217e-11 3.08113e-11 -2.74559e-11 2.18692e-11 -1.46843e-11 6.68605e-12 1.27127e-12 -8.3554e-12 1.38453e-11 -1.72089e-11 1.8161e-11 -1.66941e-11 1.30799e-11 -7.83876e-12 1.68261e-12 4.56508e-12 -1.00622e-11 1.40449e-11 -1.59166e-11 1.53208e-11 -1.2188e-11 6.75119e-12 4.71798e-13 -8.72871e-12 1.71106e-11 -2.46489e-11 3.04217e-11 -3.36577e-11 3.38251e-11 -3.06978e-11 2.43879e-11 -1.53438e-11 4.31101e-12 7.73978e-12 -1.9709e-11 3.04803e-11 -3.90352e-11 4.45583e-11 -4.65221e-11 4.47414e-11 -3.9391e-11 3.09867e-11 -2.03291e-11 8.41822e-12 3.65188e-12 -1.48078e-11 2.41068e-11 -3.0831e-11 3.45548e-11 -3.51796e-11 3.29305e-11 -2.83181e-11 2.20684e-11 -1.50311e-11 8.07516e-12 -1.9865e-12 -2.6229e-12 5.38195e-12 -6.19697e-12 5.25337e-12 -2.9828e-12 0. 
0.000115423 0.00010784 0.000100287 9.27908e-05 8.53865e-05 7.80944e-05 7.09591e-05 6.39852e-05 5.72395e-05 5.06979e-05 4.44587e-05 3.84714e-05 3.28381e-05 2.75463e-05 2.26043e-05 1.8131e-05 1.40315e-05 1.03953e-05 7.32978e-06 4.70053e-06 2.55071e-06 1.10693e-06 3.72447e-07 9.53037e-08 1.81204e-08 2.18791e-09 -1.02288e-10 -4.20285e-10 -3.55652e-10 -4.23346e-10 -3.27913e-10 -4.0846e-10 -2.91779e-10 -3.79175e-10 -2.62479e-10 -3.36348e-10 -2.23165e-10 -2.91895e-10 -1.91564e-10 -2.14521e-10 -1.63894e-10 -1.4566e-10 -1.39322e-10 -3.86696e-11 -9.501e-11 5.16804e-11 -8.98456e-11 9.29264e-11 -1.04062e-10 1.08972e-10 -1.11208e-10 1.09912e-10 -1.05423e-10 9.80506e-11 -8.82501e-11 7.65599e-11 -6.35464e-11 4.97696e-11 -3.57255e-11 2.1828e-11 -8.37014e-12 -4.46603e-12 1.6624e-11 -2.8129e-11 3.90708e-11 -4.95366e-11 5.95836e-11 -6.91575e-11 7.80798e-11 -8.59969e-11 9.23943e-11 -9.66124e-11 9.79077e-11 -9.55338e-11 8.88466e-11 -7.74171e-11 6.11382e-11 -4.03097e-11 1.5684e-11 1.15384e-11 -3.9771e-11 6.71584e-11 -9.17393e-11 1.11636e-10 -1.2525e-10 1.31431e-10 -1.29599e-10 1.19807e-10 -1.02724e-10 7.95472e-11 -5.18613e-11 2.14655e-11 9.80654e-12 -4.0241e-11 6.8353e-11 -9.29397e-11 1.13078e-10 -1.28082e-10 1.37437e-10 -1.4075e-10 1.37721e-10 -1.2816e-10 1.12057e-10 -8.96748e-11 6.16548e-11 -2.91001e-11 -6.39365e-12 4.27815e-11 -7.7693e-11 1.08628e-10 -1.33199e-10 1.49388e-10 -1.55777e-10 1.5171e-10 -1.37377e-10 1.13803e-10 -8.27455e-11 4.65306e-11 -7.84528e-12 -3.048e-11 6.56792e-11 -9.52337e-11 1.17025e-10 -1.29457e-10 1.3156e-10 -1.23059e-10 1.04425e-10 -7.68851e-11 4.23853e-11 -3.48917e-12 -3.67859e-11 7.51965e-11 -1.08545e-10 1.33971e-10 -1.49222e-10 1.52873e-10 -1.44473e-10 1.24581e-10 -9.4715e-11 5.71986e-11 -1.49486e-11 -2.87839e-11 7.06834e-11 -1.07631e-10 1.36934e-10 -1.56516e-10 1.65057e-10 -1.62078e-10 1.47973e-10 -1.23972e-10 9.20536e-11 -5.47893e-11 1.51422e-11 2.37748e-11 -5.89572e-11 8.7762e-11 -1.08129e-10 1.18747e-10 -1.19156e-10 1.09766e-10 -9.17984e-11 6.71663e-11 -3.82898e-11 7.88234e-12 2.12847e-11 -4.66156e-11 6.59062e-11 -7.75261e-11 8.05541e-11 -7.48548e-11 6.10889e-11 -4.06552e-11 1.5565e-11 1.17406e-11 -3.8616e-11 6.24581e-11 -8.09519e-11 9.22902e-11 -9.53455e-11 8.97771e-11 -7.60633e-11 5.5454e-11 -2.98507e-11 1.62234e-12 2.66226e-11 -5.2289e-11 7.30472e-11 -8.70609e-11 9.31675e-11 -9.09929e-11 8.0988e-11 -6.43804e-11 4.30463e-11 -1.93131e-11 -4.28658e-12 2.52846e-11 -4.1542e-11 5.14801e-11 -5.42514e-11 4.98332e-11 -3.90299e-11 2.33857e-11 -5.01302e-12 -1.36427e-11 3.00797e-11 -4.20262e-11 4.77067e-11 -4.60564e-11 3.68619e-11 -2.08076e-11 -5.76452e-13 2.50631e-11 -4.99585e-11 7.239e-11 -8.96216e-11 9.93607e-11 -1.00025e-10 9.09361e-11 -7.24189e-11 4.57948e-11 -1.32662e-11 -2.22955e-11 5.76362e-11 -8.94513e-11 1.14725e-10 -1.31044e-10 1.36846e-10 -1.31584e-10 1.15778e-10 -9.09565e-11 5.94931e-11 -2.4351e-11 -1.12299e-11 4.4072e-11 -7.13874e-11 9.10563e-11 -1.01828e-10 1.03421e-10 -9.65171e-11 8.26419e-11 -6.39609e-11 4.30033e-11 -2.23541e-11 4.34788e-12 9.19998e-12 -1.71926e-11 1.93599e-11 -1.6263e-11 9.19651e-12 0. 
0.000115423 0.00010784 0.000100287 9.27908e-05 8.53865e-05 7.80945e-05 7.0959e-05 6.39853e-05 5.72395e-05 5.0698e-05 4.44587e-05 3.84714e-05 3.28381e-05 2.75464e-05 2.26042e-05 1.81311e-05 1.40315e-05 1.03954e-05 7.32973e-06 4.7006e-06 2.55064e-06 1.107e-06 3.72366e-07 9.53882e-08 1.80329e-08 2.27815e-09 -1.95223e-10 -3.24307e-10 -4.55255e-10 -3.19499e-10 -4.36418e-10 -2.95352e-10 -4.08719e-10 -2.60082e-10 -3.81026e-10 -2.22074e-10 -3.28524e-10 -2.00778e-10 -2.62752e-10 -1.6891e-10 -1.78759e-10 -1.65808e-10 -8.1188e-11 -1.36173e-10 4.14728e-11 -1.2156e-10 1.16184e-10 -1.40383e-10 1.49796e-10 -1.57872e-10 1.60664e-10 -1.5907e-10 1.53196e-10 -1.43518e-10 1.30615e-10 -1.15136e-10 9.77418e-11 -7.90467e-11 5.95881e-11 -3.97848e-11 1.99429e-11 -2.44869e-13 -1.92053e-11 3.83654e-11 -5.71868e-11 7.55811e-11 -9.33419e-11 1.10129e-10 -1.25408e-10 1.38467e-10 -1.48421e-10 1.54272e-10 -1.54988e-10 1.49617e-10 -1.3742e-10 1.18002e-10 -9.1441e-11 5.83775e-11 -2.00622e-11 -2.16654e-11 6.44663e-11 -1.05662e-10 1.42449e-10 -1.72155e-10 1.92492e-10 -2.01791e-10 1.99172e-10 -1.84636e-10 1.59058e-10 -1.24089e-10 8.19721e-11 -3.53217e-11 -1.31253e-11 6.07276e-11 -1.05109e-10 1.44257e-10 -1.76553e-10 2.00741e-10 -2.1587e-10 2.21236e-10 -2.16356e-10 2.00996e-10 -1.75248e-10 1.39655e-10 -9.53409e-11 4.41115e-11 1.15123e-11 -6.8362e-11 1.22801e-10 -1.71008e-10 2.09326e-10 -2.34642e-10 2.44728e-10 -2.38505e-10 2.1618e-10 -1.79257e-10 1.30401e-10 -7.32095e-11 1.18998e-11 4.9029e-11 -1.05132e-10 1.52329e-10 -1.87165e-10 2.07036e-10 -2.10357e-10 1.96687e-10 -1.66806e-10 1.22711e-10 -6.75492e-11 5.44051e-12 5.87925e-11 -1.19988e-10 1.73076e-10 -2.13525e-10 2.37773e-10 -2.43568e-10 2.30188e-10 -1.98517e-10 1.50955e-10 -9.11913e-11 2.38692e-11 4.58232e-11 -1.12584e-10 1.71419e-10 -2.18014e-10 2.49044e-10 -2.62404e-10 2.57346e-10 -2.34521e-10 1.95924e-10 -1.44743e-10 8.5109e-11 -2.17668e-11 -4.03073e-11 9.63187e-11 -1.42055e-10 1.74235e-10 -1.9078e-10 1.90966e-10 -1.75459e-10 1.46228e-10 -1.06348e-10 5.9709e-11 -1.06722e-11 -3.63066e-11 7.70543e-11 -1.08029e-10 1.26612e-10 -1.3133e-10 1.21972e-10 -9.96108e-11 6.65062e-11 -2.59036e-11 -1.82602e-11 6.17195e-11 -1.00276e-10 1.30197e-10 -1.48564e-10 1.53556e-10 -1.44622e-10 1.22531e-10 -8.93037e-11 4.80118e-11 -2.4876e-12 -4.30483e-11 8.4395e-11 -1.1778e-10 1.40231e-10 -1.49866e-10 1.46083e-10 -1.29619e-10 1.02471e-10 -6.76914e-11 2.90649e-11 9.28833e-12 -4.33524e-11 6.96457e-11 -8.5597e-11 8.98255e-11 -8.22932e-11 6.43112e-11 -3.83977e-11 8.00074e-12 2.28852e-11 -5.01691e-11 7.0131e-11 -7.98557e-11 7.75848e-11 -6.29463e-11 3.70335e-11 -2.32069e-12 -3.75769e-11 7.82774e-11 -1.151e-10 1.4358e-10 -1.59968e-10 1.61664e-10 -1.47539e-10 1.18094e-10 -7.54513e-11 2.31691e-11 3.41029e-11 -9.10893e-11 1.42429e-10 -1.83228e-10 2.09569e-10 -2.18919e-10 2.10392e-10 -1.84839e-10 1.44749e-10 -9.3981e-11 3.7352e-11 1.98768e-11 -7.25514e-11 1.16157e-10 -1.47274e-10 1.63902e-10 -1.65625e-10 1.53591e-10 -1.3033e-10 9.94061e-11 -6.49709e-11 3.12589e-11 -2.08557e-12 -1.95915e-11 3.19981e-11 -3.47196e-11 2.87075e-11 -1.61174e-11 0. 
0.000115423 0.00010784 0.000100287 9.27908e-05 8.53865e-05 7.80944e-05 7.09591e-05 6.39852e-05 5.72396e-05 5.06979e-05 4.44587e-05 3.84714e-05 3.28381e-05 2.75463e-05 2.26043e-05 1.8131e-05 1.40315e-05 1.03953e-05 7.32981e-06 4.7005e-06 2.55075e-06 1.10689e-06 3.72487e-07 9.52637e-08 1.81592e-08 2.15104e-09 -6.77307e-11 -4.52361e-10 -3.26009e-10 -4.50761e-10 -3.02447e-10 -4.32226e-10 -2.6959e-10 -3.99701e-10 -2.43964e-10 -3.5223e-10 -2.10787e-10 -2.99719e-10 -1.89424e-10 -2.09886e-10 -1.76234e-10 -1.24964e-10 -1.68668e-10 -7.87008e-13 -1.40904e-10 1.04693e-10 -1.48793e-10 1.56443e-10 -1.70714e-10 1.77372e-10 -1.80103e-10 1.78239e-10 -1.72319e-10 1.62823e-10 -1.50305e-10 1.3531e-10 -1.18305e-10 9.96609e-11 -7.96199e-11 5.83254e-11 -3.58375e-11 1.21998e-11 1.25238e-11 -3.81681e-11 6.44327e-11 -9.08202e-11 1.16639e-10 -1.40973e-10 1.62737e-10 -1.80696e-10 1.9356e-10 -2.00063e-10 1.99073e-10 -1.89712e-10 1.7147e-10 -1.44308e-10 1.08751e-10 -6.59276e-11 1.75822e-11 3.39811e-11 -8.60063e-11 1.35453e-10 -1.7921e-10 2.14338e-10 -2.38321e-10 2.49291e-10 -2.46205e-10 2.28956e-10 -1.98386e-10 1.56214e-10 -1.04885e-10 4.73543e-11 1.31513e-11 -7.33755e-11 1.30236e-10 -1.80974e-10 2.23242e-10 -2.55135e-10 2.75181e-10 -2.82322e-10 2.75908e-10 -2.55727e-10 2.2208e-10 -1.75876e-10 1.18751e-10 -5.31397e-11 -1.77062e-11 8.98112e-11 -1.58678e-10 2.19605e-10 -2.68082e-10 3.00225e-10 -3.13191e-10 3.05504e-10 -2.77264e-10 2.30194e-10 -1.67528e-10 9.37565e-11 -1.42663e-11 -6.50914e-11 1.38446e-10 -2.00342e-10 2.46122e-10 -2.72257e-10 2.76601e-10 -2.58566e-10 2.19209e-10 -1.61219e-10 8.87895e-11 -7.37148e-12 -7.67026e-11 1.56696e-10 -2.26019e-10 2.78805e-10 -3.10443e-10 3.18017e-10 -3.00588e-10 2.5929e-10 -1.97231e-10 1.19209e-10 -3.12812e-11 -5.97556e-11 1.46938e-10 -2.23692e-10 2.84336e-10 -3.24497e-10 3.41422e-10 -3.34159e-10 3.0361e-10 -2.5245e-10 1.84917e-10 -1.0647e-10 2.33636e-11 5.7869e-11 -1.30946e-10 1.9036e-10 -2.31831e-10 2.52656e-10 -2.51912e-10 2.305e-10 -1.9104e-10 1.37602e-10 -7.53418e-11 1.00362e-11 5.24112e-11 -1.06471e-10 1.47454e-10 -1.71896e-10 1.77854e-10 -1.65067e-10 1.34975e-10 -9.05932e-11 3.62466e-11 2.28236e-11 -8.09386e-11 1.32509e-10 -1.7256e-10 1.97202e-10 -2.04002e-10 1.9222e-10 -1.62879e-10 1.1867e-10 -6.37005e-11 3.09324e-12 5.75027e-11 -1.12461e-10 1.56729e-10 -1.86321e-10 1.9872e-10 -1.93125e-10 1.70534e-10 -1.33644e-10 8.65708e-11 -3.44199e-11 -1.72502e-11 6.30184e-11 -9.81823e-11 1.19266e-10 -1.24402e-10 1.13536e-10 -8.84411e-11 5.25289e-11 -1.04748e-11 -3.22976e-11 7.02249e-11 -9.82367e-11 1.12345e-10 -1.10123e-10 9.10186e-11 -5.64653e-11 9.77207e-12 4.41982e-11 -9.95323e-11 1.49899e-10 -1.89243e-10 2.12464e-10 -2.16003e-10 1.98282e-10 -1.5992e-10 1.03727e-10 -3.44559e-11 -4.1662e-11 1.17544e-10 -1.85985e-10 2.40403e-10 -2.7553e-10 2.87963e-10 -2.76517e-10 2.42347e-10 -1.88817e-10 1.21135e-10 -4.57914e-11 -3.01304e-11 9.9704e-11 -1.5688e-10 1.97098e-10 -2.1773e-10 2.18292e-10 -2.00425e-10 1.67632e-10 -1.24809e-10 7.76356e-11 -3.18864e-11 -7.25322e-12 3.57822e-11 -5.13265e-11 5.33767e-11 -4.32946e-11 2.40908e-11 0. 
0.000115423 0.00010784 0.000100287 9.27908e-05 8.53865e-05 7.80945e-05 7.0959e-05 6.39853e-05 5.72395e-05 5.0698e-05 4.44587e-05 3.84714e-05 3.2838e-05 2.75464e-05 2.26042e-05 1.81311e-05 1.40314e-05 1.03954e-05 7.3297e-06 4.70063e-06 2.55061e-06 1.10704e-06 3.72335e-07 9.54183e-08 1.80054e-08 2.30203e-09 -2.14921e-10 -3.09137e-10 -4.65828e-10 -3.13352e-10 -4.38481e-10 -2.96934e-10 -4.03945e-10 -2.6765e-10 -3.7096e-10 -2.34459e-10 -3.13895e-10 -2.17641e-10 -2.43666e-10 -1.90135e-10 -1.55613e-10 -1.90471e-10 -5.56043e-11 -1.61907e-10 6.64783e-11 -1.4495e-10 1.37178e-10 -1.58439e-10 1.64715e-10 -1.69874e-10 1.70411e-10 -1.67624e-10 1.61912e-10 -1.53878e-10 1.44013e-10 -1.32651e-10 1.19921e-10 -1.05731e-10 8.98089e-11 -7.17627e-11 5.11871e-11 -2.77601e-11 1.37398e-12 2.77908e-11 -5.91816e-11 9.18704e-11 -1.2455e-10 1.5563e-10 -1.83311e-10 2.05747e-10 -2.21173e-10 2.28067e-10 -2.25282e-10 2.12162e-10 -1.88619e-10 1.55177e-10 -1.12973e-10 6.37253e-11 -9.65432e-12 -4.66165e-11 1.02195e-10 -1.54077e-10 1.99314e-10 -2.35197e-10 2.5943e-10 -2.70298e-10 2.66797e-10 -2.48729e-10 2.16744e-10 -1.72317e-10 1.17666e-10 -5.56148e-11 -1.05897e-11 7.74782e-11 -1.41566e-10 1.99544e-10 -2.48428e-10 2.85684e-10 -3.09303e-10 3.17854e-10 -3.1052e-10 2.87141e-10 -2.48257e-10 1.9516e-10 -1.29947e-10 5.55431e-11 2.433e-11 -1.05259e-10 1.82339e-10 -2.50481e-10 3.04783e-10 -3.40966e-10 3.55799e-10 -3.47471e-10 3.15852e-10 -2.6261e-10 1.91158e-10 -1.06435e-10 1.45352e-11 7.77573e-11 -1.63505e-10 2.3616e-10 -2.90068e-10 3.20917e-10 -3.26071e-10 3.04804e-10 -2.58395e-10 1.90087e-10 -1.049e-10 9.30361e-12 8.92463e-11 -1.82873e-10 2.63916e-10 -3.2558e-10 3.62537e-10 -3.71416e-10 3.51122e-10 -3.0296e-10 2.30525e-10 -1.39397e-10 3.66551e-11 6.97292e-11 -1.71558e-10 2.61071e-10 -3.31559e-10 3.77868e-10 -3.96774e-10 3.87207e-10 -3.50303e-10 2.89298e-10 -2.09257e-10 1.16673e-10 -1.89371e-11 -7.62522e-11 1.61521e-10 -2.30422e-10 2.77961e-10 -3.01001e-10 2.98499e-10 -2.71564e-10 2.2333e-10 -1.58654e-10 8.36767e-11 -5.28347e-12 -6.94892e-11 1.34051e-10 -1.82814e-10 2.1166e-10 -2.18289e-10 2.0241e-10 -1.65772e-10 1.12004e-10 -4.63005e-11 -2.5047e-11 9.52228e-11 -1.57516e-10 2.05948e-10 -2.35837e-10 2.44249e-10 -2.30283e-10 1.95161e-10 -1.42124e-10 7.61202e-11 -3.33982e-12 -6.93866e-11 1.35249e-10 -1.88126e-10 2.2319e-10 -2.37391e-10 2.29767e-10 -2.01546e-10 1.56024e-10 -9.82291e-11 3.44005e-11 2.86648e-11 -8.43333e-11 1.26845e-10 -1.51938e-10 1.57317e-10 -1.42909e-10 1.1089e-10 -6.54494e-11 1.23424e-11 4.17436e-11 -8.99337e-11 1.25944e-10 -1.44807e-10 1.43465e-10 -1.21159e-10 7.9575e-11 -2.27098e-11 -4.3514e-11 1.11864e-10 -1.7457e-10 2.24176e-10 -2.54373e-10 2.6073e-10 -2.41222e-10 1.96516e-10 -1.29963e-10 4.72943e-11 4.39347e-11 -1.35118e-10 2.17486e-10 -2.83024e-10 3.25316e-10 -3.4022e-10 3.26305e-10 -2.84997e-10 2.20419e-10 -1.38942e-10 4.84944e-11 4.22839e-11 -1.24965e-10 1.92214e-10 -2.38543e-10 2.60847e-10 -2.58666e-10 2.34152e-10 -1.91737e-10 1.37555e-10 -7.86823e-11 2.22802e-11 2.5245e-11 -5.8981e-11 7.60555e-11 -7.59265e-11 6.03874e-11 -3.3287e-11 0. 
0.000115423 0.00010784 0.000100287 9.27907e-05 8.53865e-05 7.80944e-05 7.09591e-05 6.39852e-05 5.72396e-05 5.06979e-05 4.44587e-05 3.84714e-05 3.28381e-05 2.75463e-05 2.26043e-05 1.8131e-05 1.40315e-05 1.03953e-05 7.32982e-06 4.70049e-06 2.55076e-06 1.10687e-06 3.72501e-07 9.52525e-08 1.81676e-08 2.14629e-09 -6.72288e-11 -4.48315e-10 -3.34614e-10 -4.37843e-10 -3.1923e-10 -4.12157e-10 -2.92305e-10 -3.74977e-10 -2.70105e-10 -3.25204e-10 -2.38211e-10 -2.72373e-10 -2.16171e-10 -1.8436e-10 -1.99766e-10 -1.04366e-10 -1.85235e-10 1.05515e-11 -1.45819e-10 1.02124e-10 -1.37972e-10 1.37052e-10 -1.43019e-10 1.42314e-10 -1.39322e-10 1.34014e-10 -1.27428e-10 1.20319e-10 -1.13235e-10 1.06398e-10 -9.96443e-11 9.24421e-11 -8.39487e-11 7.31498e-11 -5.90078e-11 4.06643e-11 -1.75964e-11 -1.02139e-11 4.22056e-11 -7.71922e-11 1.13437e-10 -1.48749e-10 1.80693e-10 -2.0679e-10 2.24773e-10 -2.32798e-10 2.29632e-10 -2.14774e-10 1.88512e-10 -1.51895e-10 1.06653e-10 -5.50614e-11 -2.31752e-13 5.63779e-11 -1.10501e-10 1.59847e-10 -2.01908e-10 2.3452e-10 -2.55938e-10 2.64896e-10 -2.60659e-10 2.43072e-10 -2.1259e-10 1.70306e-10 -1.17947e-10 5.78355e-11 7.18562e-12 -7.38812e-11 1.38785e-10 -1.98394e-10 2.49368e-10 -2.88731e-10 3.14045e-10 -3.23544e-10 3.16237e-10 -2.91965e-10 2.51425e-10 -1.96175e-10 1.28603e-10 -5.18879e-11 -3.00841e-11 1.12841e-10 -1.91508e-10 2.6106e-10 -3.16639e-10 3.5393e-10 -3.69556e-10 3.61456e-10 -3.29192e-10 2.74136e-10 -1.99507e-10 1.10226e-10 -1.25939e-11 -8.61767e-11 1.78536e-10 -2.57223e-10 3.15883e-10 -3.4961e-10 3.55381e-10 -3.32329e-10 2.81857e-10 -2.07561e-10 1.14994e-10 -1.12612e-11 -9.55103e-11 1.96799e-10 -2.84368e-10 3.50946e-10 -3.90848e-10 4.00477e-10 -3.78662e-10 3.2679e-10 -2.48708e-10 1.50414e-10 -3.95536e-11 -7.5224e-11 1.84991e-10 -2.81277e-10 3.56749e-10 -4.05789e-10 4.24918e-10 -4.13039e-10 3.71489e-10 -3.0391e-10 2.15931e-10 -1.14711e-10 8.35322e-12 9.47465e-11 -1.86578e-10 2.60164e-10 -3.10124e-10 3.33104e-10 -3.28033e-10 2.96189e-10 -2.41063e-10 1.68038e-10 -8.39127e-11 -3.69084e-12 8.69812e-11 -1.58661e-10 2.12543e-10 -2.44077e-10 2.50733e-10 -2.32222e-10 1.90517e-10 -1.29688e-10 5.55473e-11 2.48727e-11 -1.03951e-10 1.74176e-10 -2.28849e-10 2.62715e-10 -2.72467e-10 2.57075e-10 -2.17898e-10 1.58569e-10 -8.46575e-11 3.141e-12 7.82634e-11 -1.51852e-10 2.1069e-10 -2.49308e-10 2.64249e-10 -2.5443e-10 2.21263e-10 -1.68518e-10 1.01949e-10 -2.87018e-11 -4.34358e-11 1.06852e-10 -1.54929e-10 1.8276e-10 -1.87693e-10 1.69634e-10 -1.31077e-10 7.68513e-11 -1.36048e-11 -5.09192e-11 1.08737e-10 -1.52525e-10 1.76455e-10 -1.76892e-10 1.52844e-10 -1.06142e-10 4.12977e-11 3.49349e-11 -1.14262e-10 1.87734e-10 -2.4673e-10 2.83916e-10 -2.94086e-10 2.74791e-10 -2.26663e-10 1.53419e-10 -6.15228e-11 -4.0459e-11 1.42733e-10 -2.35302e-10 3.09023e-10 -3.56571e-10 3.73226e-10 -3.5737e-10 3.10658e-10 -2.37833e-10 1.46206e-10 -4.48607e-11 -5.63256e-11 1.47744e-10 -2.21071e-10 2.70137e-10 -2.91537e-10 2.84932e-10 -2.52995e-10 2.01027e-10 -1.36272e-10 6.70332e-11 -1.67231e-12 -5.23687e-11 8.94272e-11 -1.06251e-10 1.02335e-10 -7.99196e-11 4.36592e-11 0. 
0.000115423 0.00010784 0.000100287 9.27908e-05 8.53865e-05 7.80945e-05 7.0959e-05 6.39853e-05 5.72395e-05 5.0698e-05 4.44587e-05 3.84714e-05 3.28381e-05 2.75463e-05 2.26042e-05 1.81311e-05 1.40315e-05 1.03954e-05 7.32972e-06 4.70061e-06 2.55062e-06 1.10702e-06 3.72349e-07 9.54024e-08 1.80232e-08 2.28189e-09 -1.92167e-10 -3.3447e-10 -4.38209e-10 -3.42742e-10 -4.07994e-10 -3.27767e-10 -3.73516e-10 -2.96996e-10 -3.43262e-10 -2.60075e-10 -2.90683e-10 -2.38189e-10 -2.26049e-10 -2.04469e-10 -1.45076e-10 -1.96488e-10 -5.50549e-11 -1.55853e-10 5.25774e-11 -1.21985e-10 1.04125e-10 -1.1465e-10 1.10099e-10 -1.05048e-10 9.67876e-11 -8.74316e-11 7.81188e-11 -7.00255e-11 6.39715e-11 -6.03035e-11 5.88233e-11 -5.87725e-11 5.8927e-11 -5.77354e-11 5.3547e-11 -4.48395e-11 3.04857e-11 -9.9457e-12 -1.65645e-11 4.80326e-11 -8.26631e-11 1.18048e-10 -1.51361e-10 1.79673e-10 -2.00242e-10 2.10824e-10 -2.09913e-10 1.96909e-10 -1.72175e-10 1.36998e-10 -9.34446e-11 4.41507e-11 7.93418e-12 -5.98033e-11 1.08621e-10 -1.51898e-10 1.87594e-10 -2.14164e-10 2.30539e-10 -2.36085e-10 2.30546e-10 -2.14015e-10 1.86917e-10 -1.5004e-10 1.04577e-10 -5.21729e-11 -5.04887e-12 6.45065e-11 -1.23239e-10 1.78049e-10 -2.25703e-10 2.63159e-10 -2.87805e-10 2.97668e-10 -2.91576e-10 2.69252e-10 -2.3135e-10 1.79419e-10 -1.15836e-10 4.36999e-11 3.32851e-11 -1.10949e-10 1.8481e-10 -2.50274e-10 3.02867e-10 -3.38534e-10 3.53968e-10 -3.46969e-10 3.16764e-10 -2.64265e-10 1.92186e-10 -1.05005e-10 8.72082e-12 8.95624e-11 -1.8221e-10 2.61717e-10 -3.21398e-10 3.5601e-10 -3.62258e-10 3.39125e-10 -2.87992e-10 2.12556e-10 -1.1854e-10 1.32483e-11 9.50151e-11 -1.97599e-10 2.86195e-10 -3.53507e-10 3.93849e-10 -4.03634e-10 3.81698e-10 -3.29428e-10 2.5069e-10 -1.51527e-10 3.96767e-11 7.60717e-11 -1.86611e-10 2.83279e-10 -3.58574e-10 4.06769e-10 -4.24355e-10 4.10301e-10 -3.661e-10 2.95615e-10 -2.04734e-10 1.00876e-10 7.61536e-12 -1.12146e-10 2.04558e-10 -2.77784e-10 3.26401e-10 -3.47068e-10 3.38779e-10 -3.02934e-10 2.43204e-10 -1.6521e-10 7.60401e-11 1.63614e-11 -1.0387e-10 1.78873e-10 -2.3492e-10 2.6727e-10 -2.73304e-10 2.5275e-10 -2.07715e-10 1.42509e-10 -6.32705e-11 -2.25698e-11 1.06956e-10 -1.81938e-10 2.4041e-10 -2.76782e-10 2.87521e-10 -2.71503e-10 2.30149e-10 -1.6731e-10 8.89203e-11 -2.43738e-12 -8.38698e-11 1.61729e-10 -2.23681e-10 2.63831e-10 -2.78454e-10 2.66385e-10 -2.29162e-10 1.70885e-10 -9.78168e-11 1.77408e-11 6.08426e-11 -1.29613e-10 1.8132e-10 -2.10574e-10 2.14445e-10 -1.92806e-10 1.48376e-10 -8.64543e-11 1.43601e-11 5.9352e-11 -1.25831e-10 1.76919e-10 -2.06077e-10 2.09157e-10 -1.84912e-10 1.35207e-10 -6.48702e-11 -1.87701e-11 1.06653e-10 -1.88952e-10 2.56149e-10 -3.00098e-10 3.14953e-10 -2.97862e-10 2.49343e-10 -1.73293e-10 7.66312e-11 3.14033e-11 -1.40206e-10 2.38927e-10 -3.17629e-10 3.68351e-10 -3.8597e-10 3.68747e-10 -3.18516e-10 2.40483e-10 -1.42647e-10 3.49295e-11 7.19081e-11 -1.67432e-10 2.42657e-10 -2.90996e-10 3.0893e-10 -2.96332e-10 2.56398e-10 -1.95208e-10 1.20959e-10 -4.29773e-11 -2.93964e-11 8.7899e-11 -1.26299e-10 1.41094e-10 -1.31884e-10 1.01358e-10 -5.49239e-11 0. 
0.000115423 0.00010784 0.000100287 9.27908e-05 8.53865e-05 7.80944e-05 7.09591e-05 6.39852e-05 5.72395e-05 5.06979e-05 4.44587e-05 3.84714e-05 3.28381e-05 2.75464e-05 2.26042e-05 1.8131e-05 1.40315e-05 1.03953e-05 7.32978e-06 4.70053e-06 2.55072e-06 1.10692e-06 3.72455e-07 9.52985e-08 1.81207e-08 2.19397e-09 -1.15403e-10 -4.00214e-10 -3.81831e-10 -3.92502e-10 -3.61614e-10 -3.73804e-10 -3.25671e-10 -3.4735e-10 -2.91512e-10 -3.10203e-10 -2.46904e-10 -2.69667e-10 -2.13344e-10 -1.9225e-10 -1.8718e-10 -1.21501e-10 -1.63399e-10 -1.64718e-11 -1.128e-10 6.20613e-11 -8.97099e-11 7.95044e-11 -7.5381e-11 6.42665e-11 -5.12206e-11 3.70276e-11 -2.36047e-11 1.25625e-11 -5.19039e-12 2.23971e-12 -3.78863e-12 9.21037e-12 -1.72085e-11 2.59773e-11 -3.34085e-11 3.73866e-11 -3.60628e-11 2.81535e-11 -1.31402e-11 -8.58019e-12 3.57007e-11 -6.60749e-11 9.69558e-11 -1.25269e-10 1.47978e-10 -1.62425e-10 1.66656e-10 -1.59642e-10 1.41407e-10 -1.13013e-10 7.64306e-11 -3.43029e-11 -1.03547e-11 5.44771e-11 -9.52453e-11 1.30317e-10 -1.57968e-10 1.77125e-10 -1.87318e-10 1.88563e-10 -1.81209e-10 1.65806e-10 -1.43007e-10 1.13531e-10 -7.8196e-11 3.79907e-11 5.8263e-12 -5.16464e-11 9.74791e-11 -1.40992e-10 1.79629e-10 -2.10802e-10 2.32113e-10 -2.41602e-10 2.37945e-10 -2.20604e-10 1.89897e-10 -1.46991e-10 9.38315e-11 -3.30282e-11 -3.2274e-11 9.85334e-11 -1.61947e-10 2.18597e-10 -2.64618e-10 2.96415e-10 -3.10918e-10 3.05898e-10 -2.80274e-10 2.34408e-10 -1.70299e-10 9.16306e-11 -3.64293e-12 -8.72047e-11 1.73747e-10 -2.48756e-10 3.05643e-10 -3.39127e-10 3.45786e-10 -3.24431e-10 2.76251e-10 -2.04737e-10 1.15385e-10 -1.52245e-11 -8.77636e-11 1.85305e-10 -2.69496e-10 3.33431e-10 -3.71758e-10 3.81113e-10 -3.60416e-10 3.10993e-10 -2.36504e-10 1.42687e-10 -3.69082e-11 -7.24375e-11 1.76624e-10 -2.67336e-10 3.37374e-10 -3.81264e-10 3.95702e-10 -3.79807e-10 3.35163e-10 -2.65647e-10 1.77076e-10 -7.67077e-11 -2.73585e-11 1.26839e-10 -2.1392e-10 2.81874e-10 -3.25581e-10 3.41933e-10 -3.30076e-10 2.91475e-10 -2.29794e-10 1.50588e-10 -6.08459e-11 -3.16017e-11 1.18741e-10 -1.93059e-10 2.48185e-10 -2.79442e-10 2.84258e-10 -2.62392e-10 2.15975e-10 -1.49333e-10 6.86274e-11 1.86837e-11 -1.04501e-10 1.80814e-10 -2.40443e-10 2.77713e-10 -2.89011e-10 2.73158e-10 -2.31554e-10 1.68082e-10 -8.87661e-11 1.2144e-12 8.61088e-11 -1.64708e-10 2.26903e-10 -2.66607e-10 2.79963e-10 -2.65762e-10 2.25596e-10 -1.63731e-10 8.66955e-11 -2.62303e-12 -7.95834e-11 1.51186e-10 -2.0455e-10 2.33971e-10 -2.36325e-10 2.11437e-10 -1.6214e-10 9.40108e-11 -1.47922e-11 -6.64283e-11 1.40206e-10 -1.97786e-10 2.32089e-10 -2.3854e-10 2.15623e-10 -1.65118e-10 9.19664e-11 -3.79114e-12 -8.98999e-11 1.7873e-10 -2.52588e-10 3.02754e-10 -3.22892e-10 3.09791e-10 -2.63779e-10 1.88748e-10 -9.17852e-11 -1.75528e-11 1.28244e-10 -2.2898e-10 3.09387e-10 -3.61151e-10 3.78927e-10 -3.60925e-10 3.09104e-10 -2.28959e-10 1.28912e-10 -1.93833e-11 -8.83548e-11 1.83417e-10 -2.56491e-10 3.00842e-10 -3.13021e-10 2.93189e-10 -2.45042e-10 1.75321e-10 -9.29909e-11 8.16463e-12 6.90897e-11 -1.29924e-10 1.67734e-10 -1.789e-10 1.63187e-10 -1.23718e-10 6.65693e-11 0. 
0.000115423 0.00010784 0.000100287 9.27908e-05 8.53865e-05 7.80945e-05 7.0959e-05 6.39852e-05 5.72395e-05 5.06979e-05 4.44587e-05 3.84713e-05 3.28381e-05 2.75463e-05 2.26043e-05 1.8131e-05 1.40315e-05 1.03953e-05 7.32978e-06 4.70055e-06 2.55069e-06 1.10695e-06 3.72418e-07 9.53323e-08 1.80942e-08 2.21052e-09 -1.21255e-10 -4.03823e-10 -3.71787e-10 -4.04675e-10 -3.52187e-10 -3.75864e-10 -3.34525e-10 -3.25798e-10 -3.25318e-10 -2.66961e-10 -2.94572e-10 -2.24244e-10 -2.48982e-10 -1.73831e-10 -1.82077e-10 -1.54358e-10 -1.01341e-10 -1.05998e-10 -7.1591e-13 -6.49101e-11 4.25089e-11 -4.74367e-11 3.61154e-11 -2.32248e-11 6.40218e-12 1.16565e-11 -2.90282e-11 4.36115e-11 -5.36041e-11 5.77193e-11 -5.53645e-11 4.67573e-11 -3.29164e-11 1.55816e-11 2.99446e-12 -2.02944e-11 3.38678e-11 -4.16271e-11 4.21495e-11 -3.48671e-11 2.02007e-11 4.82543e-13 -2.49754e-11 5.05007e-11 -7.40227e-11 9.26242e-11 -1.03863e-10 1.06076e-10 -9.85875e-11 8.17872e-11 -5.70707e-11 2.66526e-11 6.72211e-12 -4.01227e-11 7.07833e-11 -9.64056e-11 1.15372e-10 -1.26842e-10 1.30727e-10 -1.27557e-10 1.18275e-10 -1.04009e-10 8.58624e-11 -6.4768e-11 4.14296e-11 -1.63542e-11 -1.00404e-11 3.72789e-11 -6.46836e-11 9.12725e-11 -1.15732e-10 1.36477e-10 -1.5179e-10 1.60017e-10 -1.59776e-10 1.50157e-10 -1.30855e-10 1.02248e-10 -6.53896e-11 2.19575e-11 2.58473e-11 -7.54113e-11 1.23824e-10 -1.67994e-10 2.04778e-10 -2.31139e-10 2.44343e-10 -2.42217e-10 2.23425e-10 -1.87761e-10 1.36383e-10 -7.19352e-11 -1.47716e-12 7.85131e-11 -1.53005e-10 2.18522e-10 -2.69023e-10 2.99509e-10 -3.06591e-10 2.8889e-10 -2.47224e-10 1.84562e-10 -1.05754e-10 1.70915e-11 7.42532e-11 -1.60848e-10 2.35617e-10 -2.92406e-10 3.26475e-10 -3.34866e-10 3.16653e-10 -2.7304e-10 2.073e-10 -1.24548e-10 3.13565e-11 6.47703e-11 -1.5602e-10 2.34941e-10 -2.95092e-10 3.31605e-10 -3.416e-10 3.2442e-10 -2.81656e-10 2.16982e-10 -1.35811e-10 4.48211e-11 4.86054e-11 -1.36978e-10 2.13289e-10 -2.71551e-10 3.07263e-10 -3.1775e-10 3.02382e-10 -2.62625e-10 2.01939e-10 -1.25511e-10 3.98422e-11 4.77847e-11 -1.2991e-10 1.99529e-10 -2.50695e-10 2.79038e-10 -2.82159e-10 2.59851e-10 -2.14148e-10 1.49164e-10 -7.07621e-11 -1.39425e-11 9.72019e-11 -1.71326e-10 2.29388e-10 -2.6588e-10 2.77257e-10 -2.62312e-10 2.2234e-10 -1.61063e-10 8.43172e-11 4.7817e-13 -8.5025e-11 1.60956e-10 -2.20674e-10 2.58132e-10 -2.69477e-10 2.53478e-10 -2.11704e-10 1.48406e-10 -7.01224e-11 -1.49714e-11 9.78924e-11 -1.69792e-10 2.22901e-10 -2.51384e-10 2.52003e-10 -2.2451e-10 1.71731e-10 -9.93118e-11 1.51473e-11 7.14447e-11 -1.50725e-10 2.13604e-10 -2.52656e-10 2.6298e-10 -2.42788e-10 1.93664e-10 -1.20456e-10 3.07933e-11 6.57016e-11 -1.58448e-10 2.37062e-10 -2.92511e-10 3.18138e-10 -3.10433e-10 2.69474e-10 -1.98969e-10 1.05894e-10 2.30605e-13 -1.08359e-10 2.07121e-10 -2.86062e-10 3.36802e-10 -3.53958e-10 3.35752e-10 -2.84209e-10 2.04936e-10 -1.06505e-10 -5.09694e-13 1.047e-10 -1.95101e-10 2.62404e-10 -2.99986e-10 3.04626e-10 -2.76832e-10 2.20746e-10 -1.43628e-10 5.49879e-11 3.45362e-11 -1.14423e-10 1.75492e-10 -2.10966e-10 2.1724e-10 -1.94288e-10 1.45628e-10 -7.78889e-11 0. 
0.000115423 0.00010784 0.000100287 9.27908e-05 8.53865e-05 7.80944e-05 7.09591e-05 6.39852e-05 5.72395e-05 5.0698e-05 4.44586e-05 3.84714e-05 3.2838e-05 2.75464e-05 2.26042e-05 1.81311e-05 1.40314e-05 1.03954e-05 7.32971e-06 4.7006e-06 2.55065e-06 1.10699e-06 3.72379e-07 9.5377e-08 1.80398e-08 2.27664e-09 -1.98852e-10 -3.17348e-10 -4.62401e-10 -3.16213e-10 -4.31476e-10 -3.12524e-10 -3.76355e-10 -3.0897e-10 -3.16318e-10 -2.99695e-10 -2.42991e-10 -2.87516e-10 -1.82601e-10 -2.34394e-10 -1.35439e-10 -1.80901e-10 -9.82292e-11 -8.57506e-11 -4.06977e-11 -1.20641e-11 -1.38317e-11 1.63047e-12 5.15724e-12 -1.98771e-11 3.75353e-11 -5.71714e-11 7.64373e-11 -9.3052e-11 1.04861e-10 -1.10126e-10 1.07756e-10 -9.74499e-11 7.97832e-11 -5.61563e-11 2.86785e-11 6.96448e-14 -2.72992e-11 5.0351e-11 -6.69876e-11 7.5683e-11 -7.57897e-11 6.76566e-11 -5.25695e-11 3.26266e-11 -1.047e-11 -1.10312e-11 2.91458e-11 -4.16244e-11 4.69849e-11 -4.46964e-11 3.52326e-11 -1.99872e-11 1.0616e-12 1.90456e-11 -3.77986e-11 5.29799e-11 -6.29852e-11 6.70118e-11 -6.51127e-11 5.81103e-11 -4.73906e-11 3.46179e-11 -2.14248e-11 9.13681e-12 1.41987e-12 -9.99294e-12 1.68534e-11 -2.26366e-11 2.81134e-11 -3.39431e-11 4.04617e-11 -4.7548e-11 5.45947e-11 -6.05842e-11 6.42509e-11 -6.42934e-11 5.95945e-11 -4.94108e-11 3.35041e-11 -1.22038e-11 -1.35941e-11 4.24789e-11 -7.26082e-11 1.0181e-10 -1.27701e-10 1.47819e-10 -1.59793e-10 1.61545e-10 -1.51527e-10 1.28982e-10 -9.41734e-11 4.85609e-11 5.14756e-12 -6.30972e-11 1.20559e-10 -1.72358e-10 2.13417e-10 -2.39335e-10 2.46919e-10 -2.34604e-10 2.02674e-10 -1.53282e-10 9.02488e-11 -1.86977e-11 -5.54424e-11 1.25985e-10 -1.87033e-10 2.33477e-10 -2.614e-10 2.68391e-10 -2.53728e-10 2.18444e-10 -1.65269e-10 9.84394e-11 -2.33776e-11 -5.37312e-11 1.26454e-10 -1.88663e-10 2.35086e-10 -2.61773e-10 2.66462e-10 -2.48768e-10 2.10206e-10 -1.54029e-10 8.49284e-11 -8.60959e-12 -6.86886e-11 1.40702e-10 -2.01633e-10 2.46587e-10 -2.71943e-10 2.75626e-10 -2.57275e-10 2.18286e-10 -1.61727e-10 9.21246e-11 -1.51256e-11 -6.29462e-11 1.35601e-10 -1.96728e-10 2.4112e-10 -2.64938e-10 2.66064e-10 -2.44316e-10 2.01501e-10 -1.4129e-10 6.89427e-11 9.13274e-12 -8.59178e-11 1.54404e-10 -2.08229e-10 2.42288e-10 -2.53238e-10 2.3987e-10 -2.03287e-10 1.46859e-10 -7.59607e-11 -2.50837e-12 8.07684e-11 -1.50921e-10 2.05745e-10 -2.39452e-10 2.48314e-10 -2.31099e-10 1.89259e-10 -1.26841e-10 5.01293e-11 3.29694e-11 -1.13719e-10 1.83468e-10 -2.34569e-10 2.61229e-10 -2.60174e-10 2.31057e-10 -1.76565e-10 1.02191e-10 -1.56996e-11 -7.36809e-11 1.56233e-10 -2.22812e-10 2.65858e-10 -2.80261e-10 2.63973e-10 -2.18285e-10 1.47744e-10 -5.97097e-11 -3.64175e-11 1.30204e-10 -2.11323e-10 2.70702e-10 -3.01549e-10 3.00132e-10 -2.66237e-10 2.03227e-10 -1.17712e-10 1.88388e-11 8.27017e-11 -1.75855e-10 2.50434e-10 -2.98261e-10 3.14094e-10 -2.96223e-10 2.46676e-10 -1.70998e-10 7.76368e-11 2.30095e-11 -1.19764e-10 2.01934e-10 -2.60525e-10 2.89256e-10 -2.85266e-10 2.49438e-10 -1.86276e-10 1.0338e-10 -1.05609e-11 -8.13038e-11 1.6153e-10 -2.20864e-10 2.52558e-10 -2.5314e-10 2.22818e-10 -1.6544e-10 8.80387e-11 0. 
0.000115423 0.00010784 0.000100287 9.27908e-05 8.53865e-05 7.80945e-05 7.0959e-05 6.39852e-05 5.72396e-05 5.06979e-05 4.44587e-05 3.84713e-05 3.28381e-05 2.75463e-05 2.26043e-05 1.8131e-05 1.40316e-05 1.03953e-05 7.32983e-06 4.7005e-06 2.55074e-06 1.1069e-06 3.72479e-07 9.52671e-08 1.81641e-08 2.13611e-09 -4.29835e-11 -4.84819e-10 -2.89659e-10 -4.85929e-10 -2.74127e-10 -4.48228e-10 -2.70388e-10 -3.79319e-10 -2.845e-10 -2.93439e-10 -2.83513e-10 -2.19435e-10 -2.69459e-10 -1.38508e-10 -2.3088e-10 -9.38706e-11 -1.71439e-10 -2.84774e-11 -8.35253e-11 2.12645e-11 -4.54485e-11 4.11516e-11 -5.24215e-11 6.50298e-11 -8.17126e-11 1.00013e-10 -1.18065e-10 1.33612e-10 -1.44471e-10 1.4877e-10 -1.45163e-10 1.33026e-10 -1.12541e-10 8.47252e-11 -5.13478e-11 1.47839e-11 2.22307e-11 -5.68528e-11 8.64412e-11 -1.08813e-10 1.22501e-10 -1.2688e-10 1.22261e-10 -1.09825e-10 9.14946e-11 -6.96904e-11 4.70332e-11 -2.60171e-11 8.69763e-12 3.56192e-12 -1.02477e-11 1.17305e-11 -9.16852e-12 4.29033e-12 9.13722e-13 -4.54286e-12 5.12373e-12 -1.87714e-12 -5.13454e-12 1.50085e-11 -2.61549e-11 3.65794e-11 -4.4246e-11 4.74549e-11 -4.51679e-11 3.72169e-11 -2.43581e-11 8.1595e-12 9.25879e-12 -2.55807e-11 3.86819e-11 -4.69769e-11 4.96638e-11 -4.68273e-11 3.93894e-11 -2.89252e-11 1.73874e-11 -6.79306e-12 -1.07217e-12 4.88841e-12 -3.94956e-12 -1.7803e-12 1.16907e-11 -2.46081e-11 3.89181e-11 -5.27105e-11 6.39415e-11 -7.06128e-11 7.09694e-11 -6.37112e-11 4.82036e-11 -2.46584e-11 -5.75172e-12 4.0884e-11 -7.77475e-11 1.12765e-10 -1.42151e-10 1.62368e-10 -1.70587e-10 1.65077e-10 -1.45483e-10 1.12909e-10 -6.98378e-11 1.98662e-11 3.26733e-11 -8.31638e-11 1.27161e-10 -1.60808e-10 1.81167e-10 -1.86457e-10 1.76184e-10 -1.51171e-10 1.13484e-10 -6.62838e-11 1.35734e-11 4.01135e-11 -9.00903e-11 1.31923e-10 -1.61834e-10 1.7705e-10 -1.76074e-10 1.58829e-10 -1.26657e-10 8.21989e-11 -2.91385e-11 -2.81259e-11 8.48626e-11 -1.36393e-10 1.78454e-10 -2.0752e-10 2.21053e-10 -2.17695e-10 1.97374e-10 -1.61334e-10 1.12075e-10 -5.32017e-11 -1.08219e-11 7.49936e-11 -1.34161e-10 1.83443e-10 -2.18647e-10 2.36651e-10 -2.35705e-10 2.15627e-10 -1.77867e-10 1.25439e-10 -6.27047e-11 -4.96247e-12 7.16176e-11 -1.31259e-10 1.78372e-10 -2.08457e-10 2.18495e-10 -2.07291e-10 1.75668e-10 -1.26463e-10 6.43329e-11 4.64997e-12 -7.35525e-11 1.35259e-10 -1.83194e-10 2.12026e-10 -2.18257e-10 2.00657e-10 -1.6046e-10 1.01324e-10 -2.90153e-11 -4.91336e-11 1.24953e-10 -1.90283e-10 2.37848e-10 -2.62064e-10 2.59692e-10 -2.30253e-10 1.7616e-10 -1.02533e-10 1.67122e-11 7.24837e-11 -1.55684e-10 2.23977e-10 -2.69892e-10 2.88245e-10 -2.76751e-10 2.36327e-10 -1.71037e-10 8.76998e-11 4.82722e-12 -9.66009e-11 1.7768e-10 -2.39229e-10 2.74516e-10 -2.79682e-10 2.542e-10 -2.0096e-10 1.25972e-10 -3.771e-11 -5.3835e-11 1.38275e-10 -2.06004e-10 2.49303e-10 -2.63223e-10 2.46174e-10 -2.00123e-10 1.30381e-10 -4.5017e-11 -4.60634e-11 1.32249e-10 -2.03445e-10 2.5124e-10 -2.69892e-10 2.56999e-10 -2.13803e-10 1.45057e-10 -5.84966e-11 -3.60365e-11 1.27726e-10 -2.06023e-10 2.61862e-10 -2.88716e-10 2.83352e-10 -2.46214e-10 1.81383e-10 -9.61124e-11 0. 
0.000115423 0.00010784 0.000100287 9.27907e-05 8.53865e-05 7.80944e-05 7.09591e-05 6.39852e-05 5.72395e-05 5.0698e-05 4.44586e-05 3.84714e-05 3.2838e-05 2.75464e-05 2.26042e-05 1.81311e-05 1.40314e-05 1.03954e-05 7.3297e-06 4.70061e-06 2.55063e-06 1.10701e-06 3.72354e-07 9.54085e-08 1.80018e-08 2.32165e-09 -2.50981e-10 -2.58507e-10 -5.27017e-10 -2.47283e-10 -5.02789e-10 -2.41144e-10 -4.45227e-10 -2.45298e-10 -3.72136e-10 -2.5419e-10 -2.76058e-10 -2.68553e-10 -1.86342e-10 -2.46383e-10 -1.07842e-10 -2.23367e-10 -4.21956e-11 -1.53567e-10 3.67477e-11 -9.67446e-11 7.55967e-11 -9.01131e-11 9.69787e-11 -1.09856e-10 1.24158e-10 -1.39378e-10 1.53616e-10 -1.64975e-10 1.71571e-10 -1.7177e-10 1.64391e-10 -1.48844e-10 1.25237e-10 -9.43804e-11 5.77565e-11 -1.73865e-11 -2.43152e-11 6.4768e-11 -1.01431e-10 1.32047e-10 -1.5482e-10 1.68601e-10 -1.72965e-10 1.68259e-10 -1.55539e-10 1.36456e-10 -1.13059e-10 8.75548e-11 -6.20542e-11 3.83211e-11 -1.75755e-11 3.74753e-13 1.34032e-11 -2.44644e-11 3.3901e-11 -4.29187e-11 5.25325e-11 -6.32853e-11 7.50448e-11 -8.69245e-11 9.73556e-11 -1.04311e-10 1.05649e-10 -9.95269e-11 8.48066e-11 -6.13715e-11 3.02962e-11 6.18078e-12 -4.48857e-11 8.21084e-11 -1.14108e-10 1.3764e-10 -1.50409e-10 1.51384e-10 -1.40902e-10 1.2058e-10 -9.30309e-11 6.14688e-11 -2.92565e-11 -5.14614e-13 2.53591e-11 -4.36066e-11 5.44805e-11 -5.80609e-11 5.51665e-11 -4.71875e-11 3.59034e-11 -2.3298e-11 1.1381e-11 -2.01042e-12 -3.28398e-12 3.47181e-12 1.82994e-12 -1.22584e-11 2.66863e-11 -4.33062e-11 5.98262e-11 -7.37602e-11 8.27751e-11 -8.504e-11 7.95158e-11 -6.61344e-11 4.5833e-11 -2.04421e-11 -7.5542e-12 3.53375e-11 -6.0103e-11 7.93824e-11 -9.13012e-11 9.47493e-11 -8.94577e-11 7.59922e-11 -5.56765e-11 3.04625e-11 -2.7597e-12 -2.47664e-11 4.94191e-11 -6.87054e-11 8.05666e-11 -8.3581e-11 7.71157e-11 -6.14053e-11 3.75446e-11 -7.39379e-12 -2.65923e-11 6.15873e-11 -9.46411e-11 1.22924e-10 -1.43945e-10 1.5573e-10 -1.56957e-10 1.47045e-10 -1.26201e-10 9.5434e-11 -5.65175e-11 1.19116e-11 3.53688e-11 -8.19394e-11 1.24281e-10 -1.59011e-10 1.83167e-10 -1.94487e-10 1.91644e-10 -1.74419e-10 1.43786e-10 -1.019e-10 5.19762e-11 1.93273e-12 -5.52485e-11 1.03252e-10 -1.41507e-10 1.66294e-10 -1.75008e-10 1.66475e-10 -1.41155e-10 1.0119e-10 -5.02872e-11 -6.58003e-12 6.36139e-11 -1.14757e-10 1.54315e-10 -1.77577e-10 1.81362e-10 -1.64431e-10 1.27702e-10 -7.42562e-11 9.09414e-12 6.13131e-11 -1.2966e-10 1.88558e-10 -2.31331e-10 2.52758e-10 -2.49699e-10 2.21509e-10 -1.70192e-10 1.00275e-10 -1.83959e-11 -6.7355e-11 1.48273e-10 -2.15967e-10 2.63285e-10 -2.85112e-10 2.7897e-10 -2.45337e-10 1.87635e-10 -1.11901e-10 2.61484e-11 6.04928e-11 -1.38781e-10 2.00389e-10 -2.38845e-10 2.5027e-10 -2.33829e-10 1.91839e-10 -1.29524e-10 5.44217e-11 2.44742e-11 -9.77476e-11 1.56655e-10 -1.94148e-10 2.05713e-10 -1.89916e-10 1.48594e-10 -8.66695e-11 1.15965e-11 6.74949e-11 -1.40858e-10 1.99275e-10 -2.35149e-10 2.43424e-10 -2.22213e-10 1.73068e-10 -1.00844e-10 1.31865e-11 8.03189e-11 -1.69225e-10 2.43416e-10 -2.94268e-10 3.15653e-10 -3.04661e-10 2.61954e-10 -1.91723e-10 1.01228e-10 0. 
0.000115423 0.00010784 0.000100287 9.27908e-05 8.53865e-05 7.80945e-05 7.0959e-05 6.39852e-05 5.72395e-05 5.06979e-05 4.44587e-05 3.84713e-05 3.28381e-05 2.75463e-05 2.26043e-05 1.8131e-05 1.40315e-05 1.03953e-05 7.32981e-06 4.70052e-06 2.55072e-06 1.10692e-06 3.72462e-07 9.52797e-08 1.81577e-08 2.13504e-09 -3.34609e-11 -5.03365e-10 -2.62008e-10 -5.22242e-10 -2.30127e-10 -4.98442e-10 -2.15864e-10 -4.35902e-10 -2.28345e-10 -3.46563e-10 -2.36011e-10 -2.58862e-10 -2.40299e-10 -1.55583e-10 -2.27232e-10 -8.33046e-11 -1.96385e-10 1.03583e-11 -1.35104e-10 8.38141e-11 -1.16646e-10 1.18241e-10 -1.32367e-10 1.44705e-10 -1.58108e-10 1.70447e-10 -1.80371e-10 1.86286e-10 -1.86758e-10 1.80658e-10 -1.67302e-10 1.46549e-10 -1.18819e-10 8.50859e-11 -4.67843e-11 5.71451e-12 3.61174e-11 -7.66273e-11 1.13817e-10 -1.45886e-10 1.71367e-10 -1.8918e-10 1.98719e-10 -1.99854e-10 1.92939e-10 -1.78767e-10 1.58497e-10 -1.33546e-10 1.05457e-10 -7.57556e-11 4.57983e-11 -1.66579e-11 -1.09546e-11 3.67003e-11 -6.05499e-11 8.26502e-11 -1.0314e-10 1.21945e-10 -1.38606e-10 1.52164e-10 -1.61172e-10 1.63829e-10 -1.58242e-10 1.42785e-10 -1.16497e-10 7.94401e-11 -3.29423e-11 -2.03397e-11 7.65726e-11 -1.31113e-10 1.79042e-10 -2.15787e-10 2.37732e-10 -2.42713e-10 2.30307e-10 -2.01877e-10 1.60365e-10 -1.09877e-10 5.51344e-11 -8.96494e-13 -4.85652e-11 8.98587e-11 -1.20698e-10 1.39962e-10 -1.47613e-10 1.44524e-10 -1.32269e-10 1.12906e-10 -8.87811e-11 6.23609e-11 -3.60688e-11 1.21268e-11 7.60774e-12 -2.18017e-11 2.97763e-11 -3.15796e-11 2.79704e-11 -2.03024e-11 1.03143e-11 1.4318e-13 -9.39482e-12 1.61881e-11 -1.98531e-11 2.03471e-11 -1.81814e-11 1.42547e-11 -9.63479e-12 5.33842e-12 -2.15141e-12 5.18559e-13 -5.10742e-13 1.85971e-12 -4.03886e-12 6.3647e-12 -8.098e-12 8.53193e-12 -7.06339e-12 3.24982e-12 3.145e-12 -1.21152e-11 2.33903e-11 -3.64333e-11 5.04649e-11 -6.4518e-11 7.75183e-11 -8.83817e-11 9.6112e-11 -9.98859e-11 9.91128e-11 -9.34654e-11 8.28862e-11 -6.75776e-11 4.79888e-11 -2.48052e-11 -1.0549e-12 2.84421e-11 -5.59872e-11 8.21338e-11 -1.05203e-10 1.23496e-10 -1.35425e-10 1.39678e-10 -1.35373e-10 1.22209e-10 -1.00576e-10 7.16073e-11 -3.71669e-11 -2.37911e-13 3.76231e-11 -7.17624e-11 9.9476e-11 -1.1795e-10 1.25057e-10 -1.19637e-10 1.01714e-10 -7.25951e-11 3.48442e-11 7.88937e-12 -5.11816e-11 9.02585e-11 -1.20495e-10 1.37935e-10 -1.39772e-10 1.24739e-10 -9.33383e-11 4.7903e-11 7.55522e-12 -6.76875e-11 1.26319e-10 -1.77082e-10 2.14099e-10 -2.32652e-10 2.29756e-10 -2.0456e-10 1.58536e-10 -9.54169e-11 2.08729e-11 5.80306e-11 -1.33557e-10 1.98116e-10 -2.45096e-10 2.69599e-10 -2.69014e-10 2.43341e-10 -1.9523e-10 1.29725e-10 -5.37348e-11 -2.47168e-11 9.73761e-11 -1.56681e-10 1.96617e-10 -2.13399e-10 2.05913e-10 -1.75842e-10 1.27474e-10 -6.7205e-11 2.7864e-12 5.75912e-11 -1.06275e-10 1.37073e-10 -1.4601e-10 1.31833e-10 -9.61893e-11 4.34665e-11 1.97021e-11 -8.5206e-11 1.44416e-10 -1.89219e-10 2.13012e-10 -2.11528e-10 1.83405e-10 -1.30422e-10 5.73659e-11 2.84557e-11 -1.18002e-10 2.01502e-10 -2.69562e-10 3.14238e-10 -3.29963e-10 3.1421e-10 -2.6782e-10 1.94943e-10 -1.02616e-10 0. 
0.000115423 0.00010784 0.000100287 9.27907e-05 8.53865e-05 7.80944e-05 7.09591e-05 6.39852e-05 5.72395e-05 5.0698e-05 4.44587e-05 3.84714e-05 3.2838e-05 2.75464e-05 2.26042e-05 1.81311e-05 1.40314e-05 1.03954e-05 7.32974e-06 4.70057e-06 2.55068e-06 1.10696e-06 3.72407e-07 9.53567e-08 1.80505e-08 2.27789e-09 -2.13787e-10 -2.87747e-10 -5.06799e-10 -2.57796e-10 -5.02237e-10 -2.31918e-10 -4.63613e-10 -2.18784e-10 -4.0537e-10 -2.15967e-10 -3.17277e-10 -2.26523e-10 -2.26897e-10 -2.09598e-10 -1.38663e-10 -2.00481e-10 -5.55259e-11 -1.50936e-10 4.53625e-11 -1.16463e-10 1.05531e-10 -1.28622e-10 1.41731e-10 -1.57957e-10 1.72347e-10 -1.84285e-10 1.92053e-10 -1.94243e-10 1.89734e-10 -1.77865e-10 1.58545e-10 -1.32264e-10 1.00061e-10 -6.34032e-11 2.40517e-11 1.61308e-11 -5.53223e-11 9.19001e-11 -1.24516e-10 1.52159e-10 -1.74128e-10 1.90019e-10 -1.99637e-10 2.02959e-10 -2.0007e-10 1.9115e-10 -1.76466e-10 1.56395e-10 -1.31448e-10 1.02291e-10 -6.97432e-11 3.47558e-11 1.62748e-12 -3.8321e-11 7.42395e-11 -1.0832e-10 1.39509e-10 -1.66729e-10 1.88816e-10 -2.04481e-10 2.123e-10 -2.10786e-10 1.9854e-10 -1.74488e-10 1.38176e-10 -9.00766e-11 3.18222e-11 3.36742e-11 -1.0229e-10 1.68971e-10 -2.282e-10 2.74615e-10 -3.03672e-10 3.12259e-10 -2.99139e-10 2.65164e-10 -2.13201e-10 1.47781e-10 -7.45516e-11 -3.96706e-13 7.12051e-11 -1.32824e-10 1.8142e-10 -2.14584e-10 2.31339e-10 -2.32004e-10 2.17969e-10 -1.91434e-10 1.55171e-10 -1.1231e-10 6.61677e-11 -2.00741e-11 -2.27989e-11 5.96318e-11 -8.81595e-11 1.06857e-10 -1.1507e-10 1.13057e-10 -1.01924e-10 8.34455e-11 -5.98124e-11 3.33485e-11 -6.24608e-12 -1.96266e-11 4.28234e-11 -6.23205e-11 7.74454e-11 -8.77716e-11 9.30228e-11 -9.30187e-11 8.76772e-11 -7.70636e-11 6.14669e-11 -4.14681e-11 1.79745e-11 7.79836e-12 -3.4399e-11 6.02547e-11 -8.38069e-11 1.03645e-10 -1.18618e-10 1.27916e-10 -1.31119e-10 1.28206e-10 -1.1955e-10 1.05873e-10 -8.81925e-11 6.77343e-11 -4.58289e-11 2.37929e-11 -2.80749e-12 -1.61882e-11 3.25701e-11 -4.60557e-11 5.6675e-11 -6.46934e-11 7.04981e-11 -7.44728e-11 7.68849e-11 -7.78087e-11 7.70991e-11 -7.44215e-11 6.93336e-11 -6.14038e-11 5.03468e-11 -3.61548e-11 1.91994e-11 -2.8826e-13 -1.93404e-11 3.8091e-11 -5.41504e-11 6.56861e-11 -7.10799e-11 6.91727e-11 -5.94847e-11 4.23779e-11 -1.91291e-11 -8.10815e-12 3.64607e-11 -6.26046e-11 8.31211e-11 -9.49009e-11 9.55494e-11 -8.37406e-11 5.94718e-11 -2.41796e-11 -1.93064e-11 6.69784e-11 -1.14018e-10 1.55285e-10 -1.85875e-10 2.01689e-10 -1.99937e-10 1.79534e-10 -1.41311e-10 8.8025e-11 -2.41491e-11 -4.45426e-11 1.11554e-10 -1.70353e-10 2.15076e-10 -2.41193e-10 2.46028e-10 -2.29091e-10 1.92162e-10 -1.39128e-10 7.5572e-11 -8.1615e-12 -5.60903e-11 1.10616e-10 -1.50042e-10 1.70803e-10 -1.71547e-10 1.53295e-10 -1.19303e-10 7.46731e-11 -2.57273e-11 -2.07631e-11 5.84138e-11 -8.20248e-11 8.82421e-11 -7.60025e-11 4.67032e-11 -4.07243e-12 -4.62495e-11 9.73721e-11 -1.41985e-10 1.73256e-10 -1.85697e-10 1.75888e-10 -1.42964e-10 8.88186e-11 -1.79788e-11 -6.28348e-11 1.45414e-10 -2.2096e-10 2.81071e-10 -3.18698e-10 3.28973e-10 -3.09797e-10 2.62123e-10 -1.89904e-10 9.97027e-11 0. 
0.000115423 0.00010784 0.000100287 9.27908e-05 8.53865e-05 7.80945e-05 7.0959e-05 6.39853e-05 5.72395e-05 5.06979e-05 4.44587e-05 3.84713e-05 3.28381e-05 2.75463e-05 2.26043e-05 1.8131e-05 1.40315e-05 1.03953e-05 7.32976e-06 4.70057e-06 2.55066e-06 1.10698e-06 3.72392e-07 9.53526e-08 1.80834e-08 2.20916e-09 -1.05667e-10 -4.34737e-10 -3.25487e-10 -4.65342e-10 -2.79194e-10 -4.58252e-10 -2.46369e-10 -4.15634e-10 -2.38105e-10 -3.47274e-10 -2.25198e-10 -2.79058e-10 -2.11806e-10 -1.90929e-10 -1.86804e-10 -1.26778e-10 -1.52069e-10 -3.25618e-11 -9.56872e-11 4.97003e-11 -8.91468e-11 9.80209e-11 -1.19333e-10 1.37962e-10 -1.55998e-10 1.70684e-10 -1.80267e-10 1.83054e-10 -1.77855e-10 1.64142e-10 -1.42138e-10 1.12829e-10 -7.78436e-11 3.92888e-11 5.1579e-13 -3.92835e-11 7.50289e-11 -1.06238e-10 1.31992e-10 -1.5196e-10 1.66336e-10 -1.75648e-10 1.80589e-10 -1.81782e-10 1.79633e-10 -1.74221e-10 1.65292e-10 -1.52333e-10 1.34721e-10 -1.11919e-10 8.36602e-11 -5.01124e-11 1.19701e-11 2.95321e-11 -7.26823e-11 1.15417e-10 -1.55476e-10 1.90568e-10 -2.18506e-10 2.37317e-10 -2.45316e-10 2.41174e-10 -2.23985e-10 1.93368e-10 -1.49603e-10 9.37878e-11 -2.79887e-11 -4.46672e-11 1.20013e-10 -1.93015e-10 2.58129e-10 -3.09803e-10 3.43093e-10 -3.54293e-10 3.41474e-10 -3.04839e-10 2.46811e-10 -1.71839e-10 8.59275e-11 4.02588e-12 -9.0984e-11 1.68495e-10 -2.31285e-10 2.75648e-10 -2.99602e-10 3.02845e-10 -2.86549e-10 2.53068e-10 -2.05636e-10 1.48077e-10 -8.45712e-11 1.94414e-11 4.30404e-11 -9.88649e-11 1.44519e-10 -1.77228e-10 1.95184e-10 -1.97702e-10 1.85277e-10 -1.59521e-10 1.22967e-10 -7.87897e-11 3.04795e-11 1.84709e-11 -6.48189e-11 1.05742e-10 -1.3892e-10 1.62565e-10 -1.75409e-10 1.76715e-10 -1.66297e-10 1.44579e-10 -1.12644e-10 7.22695e-11 -2.5892e-11 -2.35057e-11 7.25922e-11 -1.17953e-10 1.56387e-10 -1.85199e-10 2.02441e-10 -2.07077e-10 1.99059e-10 -1.79306e-10 1.49606e-10 -1.12446e-10 7.07964e-11 -2.78586e-11 -1.32007e-11 4.95161e-11 -7.87657e-11 9.93679e-11 -1.10607e-10 1.12671e-10 -1.06588e-10 9.40727e-11 -7.72856e-11 5.85576e-11 -4.01007e-11 2.37539e-11 -1.0795e-11 1.84276e-12 3.14441e-12 -4.7783e-12 4.07807e-12 -2.26193e-12 5.24295e-13 1.69764e-13 7.5498e-13 -3.39066e-12 7.33352e-12 -1.17547e-11 1.55463e-11 -1.75234e-11 1.66537e-11 -1.22794e-11 4.2956e-12 6.74649e-12 -1.96346e-11 3.25969e-11 -4.35029e-11 5.01418e-11 -5.05417e-11 4.32878e-11 -2.77934e-11 4.48189e-12 2.51495e-11 -5.86036e-11 9.25929e-11 -1.23368e-10 1.47133e-10 -1.60494e-10 1.60898e-10 -1.47e-10 1.189e-10 -7.82393e-11 2.81001e-11 2.72546e-11 -8.28019e-11 1.33283e-10 -1.73779e-10 2.00265e-10 -2.10079e-10 2.02249e-10 -1.77629e-10 1.38829e-10 -8.9936e-11 3.60658e-11 1.72171e-11 -6.45361e-11 1.01323e-10 -1.24347e-10 1.32087e-10 -1.24898e-10 1.04957e-10 -7.59724e-11 4.27144e-11 -1.04014e-11 -1.59731e-11 3.22946e-11 -3.58789e-11 2.58515e-11 -3.30379e-12 -2.87976e-11 6.59425e-11 -1.02613e-10 1.32966e-10 -1.5157e-10 1.54129e-10 -1.38075e-10 1.02981e-10 -5.07238e-11 -1.46283e-11 8.71876e-11 -1.59851e-10 2.25063e-10 -2.75656e-10 3.05667e-10 -3.11039e-10 2.90121e-10 -2.43905e-10 1.75977e-10 -9.21768e-11 0. 
0.000115423 0.00010784 0.000100287 9.27907e-05 8.53865e-05 7.80944e-05 7.09591e-05 6.39852e-05 5.72395e-05 5.0698e-05 4.44587e-05 3.84714e-05 3.2838e-05 2.75464e-05 2.26042e-05 1.81311e-05 1.40315e-05 1.03953e-05 7.32978e-06 4.70052e-06 2.55073e-06 1.1069e-06 3.72471e-07 9.52861e-08 1.81264e-08 2.1976e-09 -1.30206e-10 -3.73385e-10 -4.2044e-10 -3.43442e-10 -4.18841e-10 -3.11431e-10 -3.89707e-10 -2.85294e-10 -3.48072e-10 -2.6228e-10 -2.83593e-10 -2.46169e-10 -2.22337e-10 -1.98499e-10 -1.65409e-10 -1.58758e-10 -1.10864e-10 -8.40071e-11 -3.05611e-11 -3.45555e-11 2.08497e-11 -4.43272e-11 6.06612e-11 -8.23807e-11 1.03762e-10 -1.23298e-10 1.38366e-10 -1.46759e-10 1.46773e-10 -1.37481e-10 1.18899e-10 -9.20015e-11 5.86436e-11 -2.1328e-11 -1.70873e-11 5.3763e-11 -8.62089e-11 1.12601e-10 -1.3195e-10 1.44186e-10 -1.50041e-10 1.50866e-10 -1.48296e-10 1.43924e-10 -1.38956e-10 1.33981e-10 -1.28836e-10 1.22648e-10 -1.14e-10 1.01233e-10 -8.27996e-11 5.7625e-11 -2.54016e-11 -1.32334e-11 5.66675e-11 -1.02432e-10 1.47448e-10 -1.88346e-10 2.21816e-10 -2.4492e-10 2.55338e-10 -2.51521e-10 2.32763e-10 -1.99215e-10 1.51861e-10 -9.25002e-11 2.37344e-11 5.10471e-11 -1.2771e-10 2.01489e-10 -2.67212e-10 3.19653e-10 -3.54004e-10 3.66418e-10 -3.54549e-10 3.17986e-10 -2.58497e-10 1.80005e-10 -8.82894e-11 -9.57724e-12 1.0596e-10 -1.93462e-10 2.65659e-10 -3.17682e-10 3.46552e-10 -3.51278e-10 3.32728e-10 -2.93339e-10 2.36748e-10 -1.67422e-10 9.03158e-11 -1.05864e-11 -6.66453e-11 1.36521e-10 -1.94681e-10 2.37508e-10 -2.6239e-10 2.67935e-10 -2.54127e-10 2.22346e-10 -1.75271e-10 1.16634e-10 -5.08837e-11 -1.71985e-11 8.28753e-11 -1.41774e-10 1.90126e-10 -2.24927e-10 2.44038e-10 -2.46243e-10 2.31302e-10 -1.9999e-10 1.54128e-10 -9.65546e-11 3.1032e-11 3.79479e-11 -1.05465e-10 1.66554e-10 -2.16636e-10 2.51939e-10 -2.69852e-10 2.6917e-10 -2.50204e-10 2.14739e-10 -1.65858e-10 1.07658e-10 -4.48907e-11 -1.74525e-11 7.45553e-11 -1.22181e-10 1.57027e-10 -1.76999e-10 1.81382e-10 -1.70881e-10 1.47524e-10 -1.14431e-10 7.54594e-11 -3.47889e-11 -3.534e-12 3.60141e-11 -6.0048e-11 7.41449e-11 -7.80082e-11 7.24731e-11 -5.93187e-11 4.0984e-11 -2.02276e-11 -2.24725e-13 1.80039e-11 -3.13545e-11 3.92987e-11 -4.16908e-11 3.91583e-11 -3.29425e-11 2.46602e-11 -1.60237e-11 8.55639e-12 -3.34843e-12 8.87116e-13 -9.87254e-13 2.83257e-12 -5.12179e-12 6.29778e-12 -4.82569e-12 -5.21522e-13 1.04129e-11 -2.4783e-11 4.27579e-11 -6.26972e-11 8.23535e-11 -9.913e-11 1.10407e-10 -1.13897e-10 1.07977e-10 -9.19649e-11 6.62777e-11 -3.24721e-11 -6.86626e-12 4.83647e-11 -8.82163e-11 1.22601e-10 -1.48127e-10 1.62228e-10 -1.63485e-10 1.51803e-10 -1.28444e-10 9.58918e-11 -5.75695e-11 1.74386e-11 2.04676e-11 -5.25235e-11 7.59411e-11 -8.90983e-11 9.17195e-11 -8.48871e-11 7.08781e-11 -5.2845e-11 3.43804e-11 -1.90187e-11 9.73917e-12 -8.53508e-12 1.61055e-11 -3.17135e-11 5.32331e-11 -7.73832e-11 1.00125e-10 -1.17176e-10 1.24578e-10 -1.19248e-10 9.94478e-11 -6.51029e-11 1.79279e-11 3.86579e-11 -9.9829e-11 1.59832e-10 -2.12593e-10 2.52388e-10 -2.74495e-10 2.75753e-10 -2.54963e-10 2.13072e-10 -1.53137e-10 8.00378e-11 0. 
0.000115423 0.00010784 0.000100287 9.27908e-05 8.53865e-05 7.80945e-05 7.0959e-05 6.39853e-05 5.72395e-05 5.06979e-05 4.44587e-05 3.84713e-05 3.28381e-05 2.75463e-05 2.26043e-05 1.8131e-05 1.40315e-05 1.03953e-05 7.32974e-06 4.7006e-06 2.55063e-06 1.10702e-06 3.72348e-07 9.54032e-08 1.80262e-08 2.27271e-09 -1.75427e-10 -3.59079e-10 -4.0657e-10 -3.79518e-10 -3.68809e-10 -3.66118e-10 -3.39379e-10 -3.2379e-10 -3.26347e-10 -2.65427e-10 -2.97589e-10 -2.19316e-10 -2.55746e-10 -1.65687e-10 -1.9094e-10 -1.45441e-10 -1.09839e-10 -9.80463e-11 -8.42759e-12 -5.66972e-11 3.2702e-11 -3.47553e-11 1.93122e-11 -1.32986e-12 -2.10454e-11 4.44288e-11 -6.61116e-11 8.32137e-11 -9.3269e-11 9.45379e-11 -8.6252e-11 6.87555e-11 -4.34721e-11 1.27551e-11 2.04259e-11 -5.28567e-11 8.15273e-11 -1.04014e-10 1.18815e-10 -1.25512e-10 1.248e-10 -1.18298e-10 1.08256e-10 -9.71126e-11 8.70539e-11 -7.95938e-11 7.5283e-11 -7.35869e-11 7.29659e-11 -7.11485e-11 6.5555e-11 -5.37999e-11 3.41854e-11 -6.09745e-12 -2.97675e-11 7.13856e-11 -1.15602e-10 1.58505e-10 -1.95908e-10 2.23861e-10 -2.39107e-10 2.39415e-10 -2.23761e-10 1.92357e-10 -1.46556e-10 8.86788e-11 -2.18244e-11 -5.03083e-11 1.23569e-10 -1.9349e-10 2.55434e-10 -3.04805e-10 3.37339e-10 -3.49492e-10 3.3887e-10 -3.0466e-10 2.47952e-10 -1.7188e-10 8.15114e-11 1.65348e-11 -1.14702e-10 2.05266e-10 -2.81145e-10 3.36611e-10 -3.67821e-10 3.7308e-10 -3.52833e-10 3.09437e-10 -2.46764e-10 1.69748e-10 -8.39356e-11 -4.90043e-12 9.107e-11 -1.69217e-10 2.34538e-10 -2.83003e-10 3.11581e-10 -3.18469e-10 3.03279e-10 -2.67141e-10 2.12685e-10 -1.43874e-10 6.57041e-11 1.61974e-11 -9.60203e-11 1.68209e-10 -2.27841e-10 2.70922e-10 -2.9459e-10 2.97245e-10 -2.78619e-10 2.39808e-10 -1.83251e-10 1.12655e-10 -3.28358e-11 -5.05497e-11 1.31373e-10 -2.03505e-10 2.61334e-10 -3.00285e-10 3.17258e-10 -3.10951e-10 2.8199e-10 -2.32892e-10 1.67832e-10 -9.22635e-11 1.24367e-11 6.51501e-11 -1.34307e-10 1.89673e-10 -2.27174e-10 2.44356e-10 -2.40593e-10 2.17126e-10 -1.7693e-10 1.24408e-10 -6.49516e-11 4.3836e-12 5.16246e-11 -9.81207e-11 1.31346e-10 -1.49068e-10 1.5073e-10 -1.37425e-10 1.11678e-10 -7.70968e-11 3.79261e-11 1.44627e-12 -3.69634e-11 6.53111e-11 -8.42244e-11 9.26598e-11 -9.08202e-11 8.0035e-11 -6.25158e-11 4.10196e-11 -1.84657e-11 -2.44495e-12 1.95592e-11 -3.15077e-11 3.78218e-11 -3.89188e-11 3.59656e-11 -3.06421e-11 2.48446e-11 -2.03698e-11 1.8626e-11 -2.04113e-11 2.57861e-11 -3.40587e-11 4.38818e-11 -5.34488e-11 6.07589e-11 -6.39175e-11 6.14286e-11 -5.24389e-11 3.68987e-11 -1.56171e-11 -9.79954e-12 3.7118e-11 -6.37366e-11 8.69988e-11 -1.04519e-10 1.14478e-10 -1.15852e-10 1.08538e-10 -9.33645e-11 7.19847e-11 -4.66624e-11 1.99842e-11 5.46886e-12 -2.74434e-11 4.42896e-11 -5.5151e-11 6.00457e-11 -5.98247e-11 5.60148e-11 -5.05654e-11 4.55348e-11 -4.27575e-11 4.35402e-11 -4.84287e-11 5.70804e-11 -6.82641e-11 7.99898e-11 -8.97569e-11 9.48904e-11 -9.29236e-11 8.1978e-11 -6.10896e-11 3.04357e-11 8.56966e-12 -5.33334e-11 1.0029e-10 -1.45241e-10 1.8379e-10 -2.11822e-10 2.25973e-10 -2.24038e-10 2.05257e-10 -1.70455e-10 1.22002e-10 -6.36156e-11 0. 
0.000115423 0.00010784 0.000100287 9.27907e-05 8.53865e-05 7.80944e-05 7.09591e-05 6.39852e-05 5.72396e-05 5.0698e-05 4.44587e-05 3.84714e-05 3.2838e-05 2.75464e-05 2.26042e-05 1.81311e-05 1.40315e-05 1.03953e-05 7.32979e-06 4.70051e-06 2.55075e-06 1.10688e-06 3.72495e-07 9.52586e-08 1.8158e-08 2.16156e-09 -8.912e-11 -4.20094e-10 -3.67577e-10 -4.02868e-10 -3.52663e-10 -3.8422e-10 -3.10888e-10 -3.69018e-10 -2.61192e-10 -3.49904e-10 -1.98292e-10 -3.25495e-10 -1.53084e-10 -2.53343e-10 -1.29282e-10 -1.72205e-10 -1.23383e-10 -4.32511e-11 -1.00521e-10 6.40504e-11 -1.04206e-10 1.03359e-10 -1.04377e-10 9.35778e-11 -7.59634e-11 5.28459e-11 -2.72175e-11 2.20705e-12 1.90963e-11 -3.40592e-11 4.08552e-11 -3.86988e-11 2.79743e-11 -1.01771e-11 -1.22675e-11 3.63535e-11 -5.88957e-11 7.70062e-11 -8.84968e-11 9.22211e-11 -8.82176e-11 7.77191e-11 -6.29119e-11 4.65818e-11 -3.161e-11 2.04631e-11 -1.47259e-11 1.4782e-11 -1.96967e-11 2.73364e-11 -3.4715e-11 3.85127e-11 -3.56849e-11 2.40521e-11 -2.76566e-12 -2.74373e-11 6.42397e-11 -1.04013e-10 1.42301e-10 -1.74437e-10 1.96175e-10 -2.0425e-10 1.96755e-10 -1.73317e-10 1.35049e-10 -8.43346e-11 2.45084e-11 4.049e-11 -1.06426e-10 1.69011e-10 -2.24073e-10 2.6769e-10 -2.96338e-10 3.07084e-10 -2.97852e-10 2.67738e-10 -2.17326e-10 1.48905e-10 -6.65312e-11 -2.41462e-11 1.16312e-10 -2.02623e-10 2.75972e-10 -3.30263e-10 3.61069e-10 -3.66061e-10 3.45166e-10 -3.00435e-10 2.35688e-10 -1.56022e-10 6.72799e-11 2.44465e-11 -1.13204e-10 1.93475e-10 -2.60385e-10 3.09873e-10 -3.38865e-10 3.45441e-10 -3.29021e-10 2.90501e-10 -2.32301e-10 1.58299e-10 -7.35985e-11 -1.58314e-11 1.03617e-10 -1.83487e-10 2.49749e-10 -2.97707e-10 3.23967e-10 -3.26638e-10 3.05435e-10 -2.6169e-10 1.983e-10 -1.19586e-10 3.10826e-11 6.07879e-11 -1.4913e-10 2.27091e-10 -2.88427e-10 3.28075e-10 -3.42655e-10 3.30827e-10 -2.93476e-10 2.33666e-10 -1.56386e-10 6.8111e-11 2.37806e-11 -1.11656e-10 1.88296e-10 -2.47524e-10 2.84728e-10 -2.97262e-10 2.84662e-10 -2.48687e-10 1.93147e-10 -1.23542e-10 4.65362e-11 3.06903e-11 -1.01141e-10 1.58686e-10 -1.9864e-10 2.18195e-10 -2.16629e-10 1.95303e-10 -1.57435e-10 1.07691e-10 -5.16418e-11 -4.84105e-12 5.62011e-11 -9.77438e-11 1.26071e-10 -1.3936e-10 1.37463e-10 -1.21827e-10 9.52406e-11 -6.14511e-11 2.46905e-11 1.08294e-11 -4.13927e-11 6.41716e-11 -7.74922e-11 8.09463e-11 -7.53455e-11 6.25292e-11 -4.50593e-11 2.58455e-11 -7.75066e-12 -6.7737e-12 1.59791e-11 -1.90056e-11 1.59452e-11 -7.77833e-12 -3.79994e-12 1.66404e-11 -2.84487e-11 3.71022e-11 -4.09338e-11 3.89466e-11 -3.09346e-11 1.74957e-11 5.90868e-14 -1.98871e-11 3.98566e-11 -5.78186e-11 7.18703e-11 -8.0576e-11 8.312e-11 -7.93729e-11 6.9868e-11 -5.56948e-11 3.83279e-11 -1.94171e-11 5.70649e-13 1.68403e-11 -3.18279e-11 4.3867e-11 -5.28991e-11 5.92639e-11 -6.35714e-11 6.65373e-11 -6.8808e-11 7.08034e-11 -7.26047e-11 7.39045e-11 -7.40287e-11 7.20311e-11 -6.68458e-11 5.74795e-11 -4.32127e-11 2.37833e-11 4.79148e-13 -2.85885e-11 5.89231e-11 -8.93349e-11 1.17337e-10 -1.4035e-10 1.55985e-10 -1.62317e-10 1.58127e-10 -1.43075e-10 1.17784e-10 -8.38186e-11 4.3562e-11 0. 
0.000115423 0.00010784 0.000100287 9.27908e-05 8.53864e-05 7.80945e-05 7.0959e-05 6.39853e-05 5.72395e-05 5.0698e-05 4.44587e-05 3.84714e-05 3.28381e-05 2.75463e-05 2.26043e-05 1.8131e-05 1.40315e-05 1.03954e-05 7.32972e-06 4.70062e-06 2.55061e-06 1.10704e-06 3.72331e-07 9.54188e-08 1.80115e-08 2.28704e-09 -1.90033e-10 -3.43311e-10 -4.24558e-10 -3.58136e-10 -3.94786e-10 -3.34439e-10 -3.77633e-10 -2.78471e-10 -3.78678e-10 -2.06818e-10 -3.60953e-10 -1.53571e-10 -3.20655e-10 -1.05591e-10 -2.41663e-10 -1.08978e-10 -1.27168e-10 -1.04321e-10 2.50914e-11 -1.19856e-10 1.26292e-10 -1.57701e-10 1.68547e-10 -1.71845e-10 1.64033e-10 -1.47207e-10 1.23362e-10 -9.53482e-11 6.63243e-11 -3.94048e-11 1.72888e-11 -1.91882e-12 -5.74217e-12 5.83784e-12 4.32501e-13 -1.09791e-11 2.3156e-11 -3.41435e-11 4.14069e-11 -4.30872e-11 3.83416e-11 -2.748e-11 1.19726e-11 5.79083e-12 -2.2874e-11 3.63086e-11 -4.36323e-11 4.3376e-11 -3.54003e-11 2.10149e-11 -2.84122e-12 -1.55722e-11 3.03273e-11 -3.78527e-11 3.55612e-11 -2.23658e-11 -1.04229e-12 3.22138e-11 -6.72613e-11 1.01425e-10 -1.29783e-10 1.47981e-10 -1.52849e-10 1.42813e-10 -1.18033e-10 8.02918e-11 -3.26566e-11 -2.09646e-11 7.62956e-11 -1.29097e-10 1.75457e-10 -2.11957e-10 2.35756e-10 -2.44635e-10 2.37075e-10 -2.12395e-10 1.70942e-10 -1.143e-10 4.54371e-11 3.1296e-11 -1.10365e-10 1.85481e-10 -2.50213e-10 2.98705e-10 -3.26368e-10 3.30437e-10 -3.10273e-10 2.6739e-10 -2.052e-10 1.28552e-10 -4.31735e-11 -4.48972e-11 1.29784e-10 -2.0612e-10 2.69269e-10 -3.15458e-10 3.41865e-10 -3.46722e-10 3.29432e-10 -2.90702e-10 2.32638e-10 -1.5875e-10 7.38302e-11 1.63284e-11 -1.05344e-10 1.86756e-10 -2.54562e-10 3.03705e-10 -3.30483e-10 3.32811e-10 -3.10365e-10 2.64594e-10 -1.98634e-10 1.17123e-10 -2.5933e-11 -6.81783e-11 1.58015e-10 -2.36465e-10 2.97071e-10 -3.34617e-10 3.45646e-10 -3.28854e-10 2.85299e-10 -2.18373e-10 1.33555e-10 -3.7934e-11 -6.04166e-11 1.53165e-10 -2.32466e-10 2.91661e-10 -3.25863e-10 3.32385e-10 -3.10983e-10 2.63869e-10 -1.95525e-10 1.12289e-10 -2.17718e-11 -6.78543e-11 1.48637e-10 -2.13604e-10 2.57423e-10 -2.76897e-10 2.71234e-10 -2.42057e-10 1.93179e-10 -1.30149e-10 5.96419e-11 1.12456e-11 -7.57176e-11 1.27942e-10 -1.6359e-10 1.80211e-10 -1.77393e-10 1.56717e-10 -1.21504e-10 7.63901e-11 -2.67775e-11 -2.17757e-11 6.41594e-11 -9.62409e-11 1.15265e-10 -1.20084e-10 1.11194e-10 -9.05915e-11 6.14657e-11 -2.7772e-11 -6.25527e-12 3.6598e-11 -5.98987e-11 7.38079e-11 -7.72001e-11 7.02409e-11 -5.43041e-11 3.17559e-11 -5.63621e-12 -2.07231e-11 4.40942e-11 -6.17198e-11 7.16076e-11 -7.27234e-11 6.5065e-11 -4.96153e-11 2.81864e-11 -3.17956e-12 -2.27069e-11 4.67848e-11 -6.66626e-11 8.04806e-11 -8.70706e-11 8.60303e-11 -7.77081e-11 6.31089e-11 -4.37387e-11 2.14094e-11 1.96735e-12 -2.4575e-11 4.48522e-11 -6.16048e-11 7.40613e-11 -8.18738e-11 8.50707e-11 -8.39764e-11 7.91124e-11 -7.10986e-11 6.05672e-11 -4.81029e-11 3.42119e-11 -1.93217e-11 3.80583e-12 1.19761e-11 -2.76338e-11 4.27099e-11 -5.66598e-11 6.88569e-11 -7.86227e-11 8.52814e-11 -8.8231e-11 8.70209e-11 -8.14246e-11 7.14952e-11 -5.75943e-11 4.0389e-11 -2.08134e-11 0. 
0.000115423 0.00010784 0.000100287 9.27907e-05 8.53866e-05 7.80944e-05 7.09591e-05 6.39852e-05 5.72396e-05 5.06979e-05 4.44587e-05 3.84714e-05 3.28381e-05 2.75463e-05 2.26043e-05 1.8131e-05 1.40315e-05 1.03953e-05 7.32983e-06 4.70047e-06 2.55078e-06 1.10685e-06 3.7252e-07 9.52385e-08 1.81729e-08 2.15197e-09 -8.48342e-11 -4.19436e-10 -3.72466e-10 -3.94811e-10 -3.62495e-10 -3.74271e-10 -3.19127e-10 -3.64345e-10 -2.6058e-10 -3.57191e-10 -1.83474e-10 -3.47981e-10 -1.23677e-10 -2.87936e-10 -9.22528e-11 -2.07969e-10 -9.33579e-11 -6.25678e-11 -9.69909e-11 8.10372e-11 -1.45593e-10 1.71694e-10 -2.00444e-10 2.16088e-10 -2.21421e-10 2.15621e-10 -1.99847e-10 1.75917e-10 -1.4631e-10 1.1387e-10 -8.148e-11 5.17509e-11 -2.67175e-11 7.62998e-12 5.18597e-12 -1.23146e-11 1.51476e-11 -1.56202e-11 1.58968e-11 -1.79705e-11 2.3316e-11 -3.25592e-11 4.53321e-11 -6.02428e-11 7.50719e-11 -8.71142e-11 9.36606e-11 -9.25225e-11 8.25167e-11 -6.38125e-11 3.80618e-11 -8.26935e-12 -2.15987e-11 4.72146e-11 -6.46024e-11 7.08387e-11 -6.46098e-11 4.65128e-11 -1.90357e-11 -1.37924e-11 4.70207e-11 -7.55565e-11 9.49602e-11 -1.02111e-10 9.56284e-11 -7.59869e-11 4.53277e-11 -7.03234e-12 -3.48334e-11 7.60842e-11 -1.12881e-10 1.42035e-10 -1.61137e-10 1.68555e-10 -1.63362e-10 1.45281e-10 -1.1469e-10 7.27113e-11 -2.13337e-11 -3.64822e-11 9.68126e-11 -1.54951e-10 2.05784e-10 -2.4433e-10 2.66359e-10 -2.68971e-10 2.51024e-10 -2.13313e-10 1.58479e-10 -9.06617e-11 1.49905e-11 6.29924e-11 -1.37856e-10 2.04687e-10 -2.59335e-10 2.98531e-10 -3.19923e-10 3.2208e-10 -3.04539e-10 2.67878e-10 -2.13819e-10 1.45294e-10 -6.64164e-11 -1.76763e-11 1.01144e-10 -1.77889e-10 2.42086e-10 -2.88705e-10 3.13976e-10 -3.15719e-10 2.93533e-10 -2.48825e-10 1.84712e-10 -1.05809e-10 1.79322e-11 7.22708e-11 -1.57764e-10 2.31626e-10 -2.87592e-10 3.20612e-10 -3.27353e-10 3.06604e-10 -2.595e-10 1.89526e-10 -1.02287e-10 5.05075e-12 9.38953e-11 -1.85994e-10 2.63204e-10 -3.18742e-10 3.47697e-10 -3.4749e-10 3.18107e-10 -2.62117e-10 1.84452e-10 -9.19775e-11 -7.12959e-12 1.04126e-10 -1.90518e-10 2.58867e-10 -3.03495e-10 3.2102e-10 -3.1066e-10 2.74274e-10 -2.16129e-10 1.42432e-10 -6.06728e-11 -2.11455e-11 9.53082e-11 -1.55138e-10 1.9562e-10 -2.13843e-10 2.0922e-10 -1.8347e-10 1.40368e-10 -8.52907e-11 2.46145e-11 3.49805e-11 -8.72153e-11 1.26856e-10 -1.50227e-10 1.55543e-10 -1.43029e-10 1.14817e-10 -7.46438e-11 2.73922e-11 2.14782e-11 -6.65358e-11 1.02958e-10 -1.27022e-10 1.36465e-10 -1.3067e-10 1.10679e-10 -7.90151e-11 3.93724e-11 3.82408e-12 -4.59112e-11 8.24899e-11 -1.09881e-10 1.25486e-10 -1.2802e-10 1.17592e-10 -9.5645e-11 6.47465e-11 -2.82803e-11 -9.93561e-12 4.60574e-11 -7.66062e-11 9.88022e-11 -1.1081e-10 1.11877e-10 -1.0235e-10 8.35848e-11 -5.77585e-11 2.76071e-11 3.87327e-12 -3.37346e-11 5.93596e-11 -7.86927e-11 9.04001e-11 -9.39466e-11 8.95891e-11 -7.82921e-11 6.15811e-11 -4.13527e-11 1.96636e-11 1.47859e-12 -2.03027e-11 3.54225e-11 -4.59347e-11 5.14625e-11 -5.21425e-11 4.85637e-11 -4.16655e-11 3.2611e-11 -2.26465e-11 1.29651e-11 -4.58477e-12 -1.74671e-12 5.61344e-12 -6.95479e-12 6.05073e-12 -3.47184e-12 0. 
0.000115423 0.00010784 0.000100287 9.27908e-05 8.53864e-05 7.80945e-05 7.0959e-05 6.39853e-05 5.72395e-05 5.0698e-05 4.44587e-05 3.84714e-05 3.28381e-05 2.75464e-05 2.26042e-05 1.81311e-05 1.40314e-05 1.03954e-05 7.32967e-06 4.70066e-06 2.55057e-06 1.10708e-06 3.72293e-07 9.54518e-08 1.79845e-08 2.30705e-09 -2.02053e-10 -3.40018e-10 -4.1872e-10 -3.73095e-10 -3.71199e-10 -3.65629e-10 -3.40404e-10 -3.19676e-10 -3.35969e-10 -2.48297e-10 -3.23498e-10 -1.84389e-10 -2.98638e-10 -1.1736e-10 -2.40623e-10 -9.99556e-11 -1.44335e-10 -8.21582e-11 2.16113e-12 -1.01178e-10 1.17255e-10 -1.63537e-10 1.93745e-10 -2.1957e-10 2.35608e-10 -2.41737e-10 2.37566e-10 -2.2364e-10 2.01167e-10 -1.71921e-10 1.3808e-10 -1.02003e-10 6.60225e-11 -3.21928e-11 2.10956e-12 2.32597e-11 -4.36265e-11 5.93813e-11 -7.14516e-11 8.11081e-11 -8.96589e-11 9.81731e-11 -1.07174e-10 1.16467e-10 -1.25064e-10 1.31292e-10 -1.33055e-10 1.28238e-10 -1.15183e-10 9.31418e-11 -6.26332e-11 2.55913e-11 1.47338e-11 -5.41421e-11 8.80719e-11 -1.1232e-10 1.23766e-10 -1.20954e-10 1.04425e-10 -7.67019e-11 4.19333e-11 -5.23806e-12 -2.81185e-11 5.35673e-11 -6.79348e-11 6.98696e-11 -5.993e-11 4.03359e-11 -1.44633e-11 -1.37941e-11 4.0651e-11 -6.2924e-11 7.83129e-11 -8.54613e-11 8.38433e-11 -7.35639e-11 5.51716e-11 -2.95545e-11 -2.04961e-12 3.79587e-11 -7.59338e-11 1.13137e-10 -1.46233e-10 1.71667e-10 -1.86086e-10 1.86846e-10 -1.7247e-10 1.42967e-10 -9.99198e-11 4.63235e-11 1.37859e-11 -7.58353e-11 1.35234e-10 -1.87809e-10 2.301e-10 -2.59484e-10 2.74185e-10 -2.73215e-10 2.56328e-10 -2.24023e-10 1.77604e-10 -1.19277e-10 5.21992e-11 1.95536e-11 -9.11732e-11 1.57449e-10 -2.13217e-10 2.53866e-10 -2.75812e-10 2.76882e-10 -2.56547e-10 2.15991e-10 -1.58031e-10 8.69041e-11 -7.97041e-12 -7.26586e-11 1.48536e-10 -2.13339e-10 2.61357e-10 -2.87988e-10 2.90202e-10 -2.66921e-10 2.19252e-10 -1.50527e-10 6.6116e-11 2.69868e-11 -1.2077e-10 2.06935e-10 -2.77681e-10 3.26449e-10 -3.48548e-10 3.41615e-10 -3.05855e-10 2.44044e-10 -1.61309e-10 6.46881e-11 3.74938e-11 -1.36368e-10 2.23342e-10 -2.909e-10 3.33323e-10 -3.47242e-10 3.31958e-10 -2.89504e-10 2.24429e-10 -1.43325e-10 5.41608e-11 3.45228e-11 -1.14457e-10 1.78448e-10 -2.21056e-10 2.39092e-10 -2.31874e-10 2.01244e-10 -1.51316e-10 8.80198e-11 -1.84593e-11 -4.98375e-11 1.09695e-10 -1.55021e-10 1.81409e-10 -1.86553e-10 1.70442e-10 -1.35298e-10 8.52946e-11 -2.60687e-11 -3.58984e-11 9.39773e-11 -1.42082e-10 1.75284e-10 -1.903e-10 1.85787e-10 -1.62437e-10 1.2286e-10 -7.12716e-11 1.30211e-11 4.59813e-11 -9.98834e-11 1.43487e-10 -1.7276e-10 1.85212e-10 -1.80106e-10 1.58476e-10 -1.22968e-10 7.75216e-11 -2.69241e-11 -2.36995e-11 6.94172e-11 -1.05982e-10 1.30234e-10 -1.40386e-10 1.36142e-10 -1.18678e-10 9.046e-11 -5.49392e-11 1.61587e-11 2.16883e-11 -5.46987e-11 7.96535e-11 -9.4327e-11 9.76806e-11 -8.99268e-11 7.24597e-11 -4.76648e-11 1.86306e-11 1.12038e-11 -3.84273e-11 6.00217e-11 -7.36741e-11 7.80077e-11 -7.27065e-11 5.85263e-11 -3.71902e-11 1.11851e-11 1.65201e-11 -4.2802e-11 6.4722e-11 -7.98409e-11 8.64773e-11 -8.38815e-11 7.23103e-11 -5.29935e-11 2.79973e-11 0. 
0.000115423 0.00010784 0.000100287 9.27907e-05 8.53865e-05 7.80944e-05 7.09591e-05 6.39852e-05 5.72396e-05 5.06979e-05 4.44587e-05 3.84714e-05 3.28381e-05 2.75463e-05 2.26043e-05 1.8131e-05 1.40315e-05 1.03952e-05 7.32986e-06 4.70044e-06 2.55082e-06 1.10682e-06 3.72557e-07 9.5202e-08 1.82072e-08 2.12134e-09 -5.95722e-11 -4.37622e-10 -3.63002e-10 -3.94108e-10 -3.74464e-10 -3.50441e-10 -3.54777e-10 -3.17663e-10 -3.16705e-10 -2.94007e-10 -2.50613e-10 -2.80541e-10 -1.87451e-10 -2.31798e-10 -1.37139e-10 -1.77223e-10 -1.08159e-10 -6.41442e-11 -8.01684e-11 5.1708e-11 -1.07982e-10 1.31209e-10 -1.63199e-10 1.8829e-10 -2.0867e-10 2.22202e-10 -2.281e-10 2.25771e-10 -2.15069e-10 1.96299e-10 -1.70217e-10 1.38023e-10 -1.01284e-10 6.18547e-11 -2.17155e-11 -1.71822e-11 5.31207e-11 -8.47608e-11 1.11279e-10 -1.32386e-10 1.48302e-10 -1.59582e-10 1.66922e-10 -1.70895e-10 1.7173e-10 -1.69165e-10 1.62428e-10 -1.50373e-10 1.31761e-10 -1.05648e-10 7.18031e-11 -3.10498e-11 -1.45404e-11 6.16951e-11 -1.06246e-10 1.4367e-10 -1.69785e-10 1.81467e-10 -1.77259e-10 1.57718e-10 -1.25433e-10 8.46669e-11 -4.06965e-11 -1.03449e-12 3.57864e-11 -6.02426e-11 7.29368e-11 -7.43167e-11 6.64504e-11 -5.24645e-11 3.58552e-11 -1.98336e-11 6.84425e-12 1.66339e-12 -5.20195e-12 4.01461e-12 1.2464e-12 -9.81181e-12 2.09655e-11 -3.40539e-11 4.83601e-11 -6.29168e-11 7.63604e-11 -8.69117e-11 9.25295e-11 -9.12234e-11 8.14531e-11 -6.25112e-11 3.478e-11 2.11181e-13 -3.99492e-11 8.128e-11 -1.20845e-10 1.55503e-10 -1.82654e-10 2.00404e-10 -2.07581e-10 2.03649e-10 -1.88594e-10 1.62841e-10 -1.27263e-10 8.3248e-11 -3.28158e-11 -2.13161e-11 7.57603e-11 -1.26633e-10 1.69869e-10 -2.0164e-10 2.18798e-10 -2.19279e-10 2.02377e-10 -1.68872e-10 1.20998e-10 -6.22691e-11 -2.79429e-12 6.90023e-11 -1.30872e-10 1.83024e-10 -2.206e-10 2.39673e-10 -2.37649e-10 2.13602e-10 -1.68507e-10 1.05307e-10 -2.87889e-11 -5.47591e-11 1.38072e-10 -2.13578e-10 2.74131e-10 -3.13722e-10 3.2809e-10 -3.15171e-10 2.75332e-10 -2.1138e-10 1.28346e-10 -3.30654e-11 -6.64197e-11 1.61569e-10 -2.44124e-10 3.06875e-10 -3.44356e-10 3.53387e-10 -3.334e-10 2.86519e-10 -2.17366e-10 1.32618e-10 -4.03499e-11 -5.07579e-11 1.32273e-10 -1.96829e-10 2.38837e-10 -2.55e-10 2.44614e-10 -2.09596e-10 1.54261e-10 -8.4861e-11 8.94115e-12 6.5436e-11 -1.30507e-10 1.79592e-10 -2.07757e-10 2.12302e-10 -1.93004e-10 1.52112e-10 -9.40818e-11 2.50913e-11 4.76141e-11 -1.16476e-10 1.74398e-10 -2.1546e-10 2.35504e-10 -2.32531e-10 2.06876e-10 -1.61139e-10 9.98972e-11 -2.92088e-11 -4.40138e-11 1.12715e-10 -1.70406e-10 2.11807e-10 -2.33352e-10 2.33509e-10 -2.12886e-10 1.74121e-10 -1.21558e-10 6.07681e-11 2.05456e-12 -6.07362e-11 1.09753e-10 -1.44778e-10 1.63087e-10 -1.63788e-10 1.47861e-10 -1.17988e-10 7.82222e-11 -3.35056e-11 -1.08828e-11 4.99103e-11 -7.93313e-11 9.61315e-11 -9.88307e-11 8.76122e-11 -6.42697e-11 3.19788e-11 5.07962e-12 -4.2201e-11 7.46911e-11 -9.83943e-11 1.10159e-10 -1.0819e-10 9.22511e-11 -6.36967e-11 2.5329e-11 1.8902e-11 -6.43241e-11 1.06047e-10 -1.39489e-10 1.60879e-10 -1.67661e-10 1.58778e-10 -1.34796e-10 9.78491e-11 -5.14247e-11 0. 
0.000115423 0.00010784 0.000100287 9.27908e-05 8.53865e-05 7.80945e-05 7.0959e-05 6.39853e-05 5.72395e-05 5.0698e-05 4.44587e-05 3.84714e-05 3.28381e-05 2.75463e-05 2.26042e-05 1.81311e-05 1.40314e-05 1.03954e-05 7.32968e-06 4.70066e-06 2.55057e-06 1.10709e-06 3.72284e-07 9.54661e-08 1.79659e-08 2.32893e-09 -2.2588e-10 -3.16029e-10 -4.40736e-10 -3.55421e-10 -3.8209e-10 -3.63837e-10 -3.31126e-10 -3.41422e-10 -3.01141e-10 -2.95864e-10 -2.64608e-10 -2.52088e-10 -2.25674e-10 -1.91194e-10 -1.70882e-10 -1.60458e-10 -9.79508e-11 -1.10297e-10 9.15647e-12 -8.57631e-11 8.00777e-11 -1.07269e-10 1.22982e-10 -1.40499e-10 1.55459e-10 -1.68057e-10 1.77378e-10 -1.82588e-10 1.82755e-10 -1.76957e-10 1.64422e-10 -1.44676e-10 1.17712e-10 -8.40971e-11 4.50412e-11 -2.3357e-12 -4.17606e-11 8.47653e-11 -1.24227e-10 1.58027e-10 -1.84585e-10 2.03029e-10 -2.1318e-10 2.1546e-10 -2.10658e-10 1.99662e-10 -1.832e-10 1.61667e-10 -1.3509e-10 1.0326e-10 -6.60009e-11 2.35321e-11 2.31805e-11 -7.21812e-11 1.20481e-10 -1.64266e-10 1.99354e-10 -2.21832e-10 2.28759e-10 -2.18778e-10 1.92503e-10 -1.52571e-10 1.03321e-10 -5.01489e-11 -1.33922e-12 4.62079e-11 -8.09221e-11 1.03779e-10 -1.1496e-10 1.16215e-10 -1.10276e-10 1.00152e-10 -8.84806e-11 7.70875e-11 -6.68303e-11 5.77278e-11 -4.92938e-11 4.09467e-11 -3.23537e-11 2.36056e-11 -1.51788e-11 7.71656e-12 -1.72015e-12 -2.73052e-12 6.12168e-12 -9.45656e-12 1.40195e-11 -2.10225e-11 3.12423e-11 -4.47573e-11 6.08628e-11 -7.81836e-11 9.49446e-11 -1.09313e-10 1.19714e-10 -1.25033e-10 1.24676e-10 -1.18497e-10 1.06649e-10 -8.94469e-11 6.72985e-11 -4.07399e-11 1.05577e-11 2.20545e-11 -5.53829e-11 8.71872e-11 -1.1484e-10 1.35603e-10 -1.46988e-10 1.47138e-10 -1.35137e-10 1.11202e-10 -7.67313e-11 3.41998e-11 1.30464e-11 -6.10697e-11 1.05655e-10 -1.42635e-10 1.68217e-10 -1.79312e-10 1.73844e-10 -1.51037e-10 1.11625e-10 -5.79488e-11 -6.10045e-12 7.53224e-11 -1.43624e-10 2.04576e-10 -2.52059e-10 2.80897e-10 -2.87432e-10 2.69938e-10 -2.28862e-10 1.66836e-10 -8.84949e-11 9.09416e-14 9.10365e-11 -1.77108e-10 2.50606e-10 -3.04979e-10 3.35272e-10 -3.38642e-10 3.14671e-10 -2.65465e-10 1.95493e-10 -1.11191e-10 2.03559e-11 6.86023e-11 -1.47483e-10 2.09094e-10 -2.47955e-10 2.60829e-10 -2.47031e-10 2.08486e-10 -1.49534e-10 7.6493e-11 2.96738e-12 -8.05909e-11 1.48357e-10 -1.99283e-10 2.28125e-10 -2.31906e-10 2.10209e-10 -1.65221e-10 1.01498e-10 -2.55065e-11 -5.50435e-11 1.31977e-10 -1.97482e-10 2.44891e-10 -2.69347e-10 2.68282e-10 -2.4166e-10 1.91968e-10 -1.23953e-10 4.41338e-11 3.98662e-11 -1.20087e-10 1.89028e-10 -2.40397e-10 2.69713e-10 -2.74737e-10 2.55648e-10 -2.14989e-10 1.57355e-10 -8.88853e-11 1.66043e-11 5.23202e-11 -1.11317e-10 1.55078e-10 -1.80077e-10 1.84894e-10 -1.70308e-10 1.39155e-10 -9.59662e-11 4.64307e-11 3.25989e-12 -4.71121e-11 7.99998e-11 -9.82284e-11 9.99345e-11 -8.52775e-11 5.6403e-11 -1.71845e-11 -2.72292e-11 7.10084e-11 -1.08315e-10 1.33974e-10 -1.44082e-10 1.36465e-10 -1.10953e-10 6.94361e-11 -1.5685e-11 -4.50331e-11 1.06509e-10 -1.62254e-10 2.06202e-10 -2.33369e-10 2.40403e-10 -2.25965e-10 1.90895e-10 -1.38141e-10 7.2475e-11 0. 
0.000115423 0.00010784 0.000100287 9.27907e-05 8.53865e-05 7.80944e-05 7.09591e-05 6.39852e-05 5.72395e-05 5.0698e-05 4.44587e-05 3.84714e-05 3.2838e-05 2.75464e-05 2.26042e-05 1.81311e-05 1.40315e-05 1.03953e-05 7.3298e-06 4.7005e-06 2.55076e-06 1.10687e-06 3.72512e-07 9.52387e-08 1.818e-08 2.1385e-09 -6.65614e-11 -4.4021e-10 -3.52122e-10 -4.11323e-10 -3.53459e-10 -3.72247e-10 -3.35398e-10 -3.31398e-10 -3.11535e-10 -2.88279e-10 -2.68704e-10 -2.49735e-10 -2.30042e-10 -1.79709e-10 -1.95126e-10 -1.18074e-10 -1.62911e-10 -1.97253e-11 -1.08476e-10 5.88829e-11 -9.0355e-11 8.69858e-11 -9.28438e-11 9.46999e-11 -9.70922e-11 9.98656e-11 -1.03576e-10 1.08109e-10 -1.12796e-10 1.164e-10 -1.17236e-10 1.13421e-10 -1.03173e-10 8.51662e-11 -5.8829e-11 2.4578e-11 1.61264e-11 -6.08488e-11 1.06453e-10 -1.49461e-10 1.86531e-10 -2.14858e-10 2.32547e-10 -2.38775e-10 2.33795e-10 -2.1874e-10 1.95294e-10 -1.65306e-10 1.30434e-10 -9.19242e-11 5.05619e-11 -6.82569e-12 -3.88091e-11 8.54991e-11 -1.31709e-10 1.75047e-10 -2.12344e-10 2.39995e-10 -2.54523e-10 2.53253e-10 -2.34944e-10 2.00229e-10 -1.51722e-10 9.37677e-11 -3.18288e-11 -2.83397e-11 8.15765e-11 -1.2406e-10 1.53758e-10 -1.70495e-10 1.75643e-10 -1.71537e-10 1.60791e-10 -1.4567e-10 1.27703e-10 -1.07592e-10 8.54158e-11 -6.10235e-11 3.44803e-11 -6.40229e-12 -2.19265e-11 4.86922e-11 -7.1898e-11 8.98093e-11 -1.01355e-10 1.06362e-10 -1.0556e-10 1.00358e-10 -9.24689e-11 8.35015e-11 -7.46426e-11 6.65008e-11 -5.91441e-11 5.2285e-11 -4.55296e-11 3.85939e-11 -3.14138e-11 2.41228e-11 -1.69253e-11 9.93297e-12 -3.04411e-12 -4.07272e-12 1.18705e-11 -2.072e-11 3.06785e-11 -4.13115e-11 5.16363e-11 -6.02182e-11 6.54039e-11 -6.56379e-11 5.97853e-11 -4.73888e-11 2.88085e-11 -5.23003e-12 -2.14443e-11 4.87857e-11 -7.40701e-11 9.45213e-11 -1.07549e-10 1.10983e-10 -1.03299e-10 8.38391e-11 -5.29929e-11 1.2319e-11 3.54422e-11 -8.64945e-11 1.36263e-10 -1.79809e-10 2.12339e-10 -2.29738e-10 2.2907e-10 -2.0896e-10 1.69821e-10 -1.13898e-10 4.51286e-11 3.11729e-11 -1.0876e-10 1.81002e-10 -2.41482e-10 2.846e-10 -3.06131e-10 3.03671e-10 -2.76944e-10 2.27904e-10 -1.60629e-10 8.09891e-11 3.87822e-12 -8.62357e-11 1.58495e-10 -2.13962e-10 2.4751e-10 -2.56091e-10 2.39061e-10 -1.98259e-10 1.37852e-10 -6.39421e-11 -1.60094e-11 9.39063e-11 -1.61809e-10 2.12724e-10 -2.41308e-10 2.44418e-10 -2.21448e-10 1.74414e-10 -1.07771e-10 2.79893e-11 5.70837e-11 -1.39e-10 2.09555e-10 -2.61603e-10 2.89782e-10 -2.91048e-10 2.64985e-10 -2.13853e-10 1.42366e-10 -5.72216e-11 -3.35651e-11 1.21464e-10 -1.9828e-10 2.56972e-10 -2.92345e-10 3.01555e-10 -2.84367e-10 2.43146e-10 -1.82575e-10 1.0914e-10 -3.04333e-11 -4.56553e-11 1.11762e-10 -1.61812e-10 1.91632e-10 -1.99355e-10 1.85569e-10 -1.532e-10 1.07141e-10 -5.36644e-11 -3.04208e-13 4.7987e-11 -8.3528e-11 1.0266e-10 -1.03191e-10 8.52471e-11 -5.12632e-11 5.6969e-12 4.54816e-11 -9.54786e-11 1.37465e-10 -1.65378e-10 1.74638e-10 -1.62719e-10 1.29479e-10 -7.72374e-11 1.05747e-11 6.41257e-11 -1.3934e-10 2.07206e-10 -2.60369e-10 2.92789e-10 -3.00412e-10 2.81637e-10 -2.3752e-10 1.71696e-10 -9.00252e-11 0. 
0.000115423 0.00010784 0.000100287 9.27908e-05 8.53865e-05 7.80944e-05 7.09591e-05 6.39852e-05 5.72396e-05 5.06979e-05 4.44587e-05 3.84713e-05 3.28381e-05 2.75463e-05 2.26043e-05 1.8131e-05 1.40315e-05 1.03953e-05 7.32979e-06 4.70055e-06 2.55068e-06 1.10698e-06 3.72391e-07 9.53659e-08 1.80565e-08 2.25037e-09 -1.61507e-10 -3.64694e-10 -4.08541e-10 -3.71238e-10 -3.81654e-10 -3.50782e-10 -3.54971e-10 -3.10155e-10 -3.36012e-10 -2.61381e-10 -2.94853e-10 -2.29442e-10 -2.38199e-10 -1.90158e-10 -1.60466e-10 -1.80732e-10 -7.09865e-11 -1.39358e-10 3.46054e-11 -1.01264e-10 7.92849e-11 -8.45427e-11 7.41166e-11 -6.33833e-11 5.05775e-11 -3.87364e-11 2.97187e-11 -2.50445e-11 2.53762e-11 -3.03513e-11 3.85603e-11 -4.76819e-11 5.48191e-11 -5.69321e-11 5.13689e-11 -3.63416e-11 1.13358e-11 2.27062e-11 -6.33904e-11 1.07158e-10 -1.49727e-10 1.86728e-10 -2.14294e-10 2.2963e-10 -2.3135e-10 2.19586e-10 -1.95824e-10 1.62521e-10 -1.22584e-10 7.88342e-11 -3.35904e-11 -1.15542e-11 5.56969e-11 -9.83642e-11 1.39103e-10 -1.77056e-10 2.10651e-10 -2.3753e-10 2.54767e-10 -2.59355e-10 2.48858e-10 -2.22083e-10 1.79587e-10 -1.23883e-10 5.9254e-11 8.79823e-12 -7.43647e-11 1.32029e-10 -1.77646e-10 2.08837e-10 -2.25093e-10 2.27501e-10 -2.1818e-10 1.99616e-10 -1.74065e-10 1.43195e-10 -1.08036e-10 6.92104e-11 -2.73461e-11 -1.65013e-11 6.05705e-11 -1.02373e-10 1.38955e-10 -1.67368e-10 1.85231e-10 -1.91205e-10 1.85262e-10 -1.68671e-10 1.43721e-10 -1.13267e-10 8.02391e-11 -4.72295e-11 1.62622e-11 1.12467e-11 -3.43768e-11 5.25269e-11 -6.52704e-11 7.23067e-11 -7.35252e-11 6.91416e-11 -5.9834e-11 4.67978e-11 -3.16682e-11 1.63037e-11 -2.47666e-12 -8.44697e-12 1.57516e-11 -1.94706e-11 2.03152e-11 -1.94575e-11 1.82293e-11 -1.78153e-11 1.90108e-11 -2.20853e-11 2.67618e-11 -3.22888e-11 3.75689e-11 -4.13098e-11 4.2174e-11 -3.89239e-11 3.05666e-11 -1.65052e-11 -3.3077e-12 2.82353e-11 -5.68735e-11 8.70569e-11 -1.1598e-10 1.40444e-10 -1.57197e-10 1.63344e-10 -1.56742e-10 1.36339e-10 -1.02394e-10 5.65567e-11 -1.79129e-12 -5.78429e-11 1.17526e-10 -1.721e-10 2.16538e-10 -2.46425e-10 2.58415e-10 -2.50606e-10 2.22821e-10 -1.76718e-10 1.15744e-10 -4.48886e-11 -2.97266e-11 1.01407e-10 -1.63524e-10 2.10172e-10 -2.3678e-10 2.40594e-10 -2.21e-10 1.79633e-10 -1.20271e-10 4.85117e-11 2.87303e-11 -1.03871e-10 1.69384e-10 -2.18545e-10 2.46111e-10 -2.48875e-10 2.26031e-10 -1.79302e-10 1.12824e-10 -3.27733e-11 -5.32099e-11 1.36763e-10 -2.09623e-10 2.64455e-10 -2.95589e-10 2.99607e-10 -2.75706e-10 2.25801e-10 -1.54358e-10 6.79653e-11 2.53084e-11 -1.16716e-10 1.97705e-10 -2.60774e-10 3.00224e-10 -3.12733e-10 2.97673e-10 -2.57154e-10 1.95788e-10 -1.20176e-10 3.8207e-11 4.17901e-11 -1.11928e-10 1.65593e-10 -1.98132e-10 2.07323e-10 -1.93577e-10 1.59851e-10 -1.11276e-10 5.45463e-11 2.86381e-12 -5.35708e-11 9.11405e-11 -1.10839e-10 1.10188e-10 -8.92659e-11 5.07132e-11 5.59837e-13 -5.79277e-11 1.13811e-10 -1.60559e-10 1.9135e-10 -2.01015e-10 1.86682e-10 -1.48174e-10 8.8107e-11 -1.16689e-11 -7.38857e-11 1.59989e-10 -2.37668e-10 2.98518e-10 -3.35625e-10 3.44339e-10 -3.22814e-10 2.7225e-10 -1.96805e-10 1.03192e-10 0. 
0.000115423 0.00010784 0.000100287 9.27908e-05 8.53865e-05 7.80944e-05 7.09591e-05 6.39853e-05 5.72395e-05 5.0698e-05 4.44586e-05 3.84715e-05 3.2838e-05 2.75464e-05 2.26041e-05 1.81311e-05 1.40314e-05 1.03954e-05 7.32968e-06 4.70063e-06 2.55063e-06 1.10701e-06 3.72367e-07 9.53843e-08 1.80375e-08 2.27415e-09 -1.91603e-10 -3.29271e-10 -4.45905e-10 -3.37125e-10 -4.0643e-10 -3.41223e-10 -3.44765e-10 -3.42346e-10 -2.82641e-10 -3.31818e-10 -2.14573e-10 -3.09903e-10 -1.68556e-10 -2.3802e-10 -1.43832e-10 -1.59585e-10 -1.32497e-10 -3.94541e-11 -9.71727e-11 5.19703e-11 -8.23161e-11 7.13418e-11 -6.28693e-11 4.42754e-11 -2.16002e-11 -2.98345e-12 2.59598e-11 -4.41624e-11 5.50564e-11 -5.71925e-11 5.05048e-11 -3.6392e-11 1.75968e-11 2.17276e-12 -1.87736e-11 2.83015e-11 -2.7731e-11 1.54914e-11 8.20609e-12 -4.12817e-11 8.00548e-11 -1.19735e-10 1.55171e-10 -1.81618e-10 1.95477e-10 -1.94807e-10 1.79548e-10 -1.51399e-10 1.13393e-10 -6.92638e-11 2.27451e-11 2.30341e-11 -6.59296e-11 1.04856e-10 -1.39555e-10 1.70141e-10 -1.96561e-10 2.18136e-10 -2.33337e-10 2.39883e-10 -2.35157e-10 2.16867e-10 -1.83765e-10 1.36249e-10 -7.66627e-11 9.19912e-12 6.061e-11 -1.26703e-10 1.83421e-10 -2.26345e-10 2.52852e-10 -2.62273e-10 2.55655e-10 -2.35215e-10 2.03679e-10 -1.63688e-10 1.17442e-10 -6.66486e-11 1.27458e-11 4.27092e-11 -9.7669e-11 1.49398e-10 -1.94555e-10 2.2956e-10 -2.51171e-10 2.571e-10 -2.46512e-10 2.20258e-10 -1.80781e-10 1.31742e-10 -7.74429e-11 2.22371e-11 2.99732e-11 -7.60351e-11 1.13637e-10 -1.41238e-10 1.57933e-10 -1.63342e-10 1.57578e-10 -1.4131e-10 1.15866e-10 -8.32888e-11 4.62894e-11 -8.04257e-12 -2.81552e-11 5.93022e-11 -8.30879e-11 9.81751e-11 -1.04305e-10 1.02209e-10 -9.33638e-11 7.96613e-11 -6.30747e-11 4.53882e-11 -2.80264e-11 1.19852e-11 2.16134e-12 -1.42124e-11 2.42775e-11 -3.27113e-11 4.00415e-11 -4.68753e-11 5.37775e-11 -6.11234e-11 6.89522e-11 -7.68546e-11 8.39345e-11 -8.88695e-11 9.00751e-11 -8.59511e-11 7.51688e-11 -5.69477e-11 3.12711e-11 9.93052e-13 -3.80852e-11 7.74587e-11 -1.15981e-10 1.5021e-10 -1.76715e-10 1.92421e-10 -1.94947e-10 1.82909e-10 -1.56153e-10 1.15891e-10 -6.47137e-11 6.44914e-12 5.41165e-11 -1.11651e-10 1.6078e-10 -1.96625e-10 2.1533e-10 -2.14501e-10 1.93516e-10 -1.53669e-10 9.81259e-11 -3.16933e-11 -3.95868e-11 1.08977e-10 -1.69678e-10 2.15492e-10 -2.41458e-10 2.44389e-10 -2.23256e-10 1.79361e-10 -1.16295e-10 3.96436e-11 4.35043e-11 -1.25229e-10 1.97549e-10 -2.53217e-10 2.86461e-10 -2.93592e-10 2.73414e-10 -2.27381e-10 1.595e-10 -7.59629e-11 -1.54476e-11 1.06123e-10 -1.87491e-10 2.51884e-10 -2.93324e-10 3.08134e-10 -2.95324e-10 2.56683e-10 -1.96589e-10 1.21537e-10 -3.94386e-11 -4.12221e-11 1.12305e-10 -1.66888e-10 2.00005e-10 -2.09174e-10 1.94644e-10 -1.59341e-10 1.08511e-10 -4.91049e-11 -1.10406e-11 6.41155e-11 -1.03257e-10 1.23364e-10 -1.21712e-10 9.8299e-11 -5.5876e-11 -3.41598e-13 6.32559e-11 -1.24696e-10 1.76368e-10 -2.10833e-10 2.2241e-10 -2.07888e-10 1.66976e-10 -1.02426e-10 1.98077e-11 7.30322e-11 -1.66784e-10 2.51664e-10 -3.1848e-10 3.59644e-10 -3.70029e-10 3.47563e-10 -2.93504e-10 2.12349e-10 -1.11396e-10 0. 
0.000115423 0.00010784 0.000100287 9.27908e-05 8.53865e-05 7.80944e-05 7.09591e-05 6.39852e-05 5.72396e-05 5.06979e-05 4.44587e-05 3.84713e-05 3.28382e-05 2.75462e-05 2.26044e-05 1.81309e-05 1.40316e-05 1.03952e-05 7.32986e-06 4.70046e-06 2.55079e-06 1.10685e-06 3.72525e-07 9.52216e-08 1.8208e-08 2.09518e-09 -6.49247e-12 -5.15421e-10 -2.66335e-10 -5.00733e-10 -2.68833e-10 -4.43386e-10 -2.85502e-10 -3.54402e-10 -3.18049e-10 -2.53187e-10 -3.2779e-10 -1.74484e-10 -3.11232e-10 -1.04006e-10 -2.54106e-10 -8.54474e-11 -1.62399e-10 -5.64168e-11 -3.67373e-11 -4.27166e-11 3.25289e-11 -4.6346e-11 3.92913e-11 -2.53602e-11 2.25165e-12 2.64971e-11 -5.74255e-11 8.63965e-11 -1.09368e-10 1.2296e-10 -1.24984e-10 1.14859e-10 -9.37716e-11 6.46204e-11 -3.16443e-11 -1.49385e-13 2.57577e-11 -4.09598e-11 4.30507e-11 -3.1322e-11 7.27445e-12 2.55863e-11 -6.22455e-11 9.69964e-11 -1.24349e-10 1.39927e-10 -1.4115e-10 1.2758e-10 -1.00868e-10 6.43232e-11 -2.21866e-11 -2.12012e-11 6.21701e-11 -9.82456e-11 1.28321e-10 -1.52456e-10 1.71372e-10 -1.85805e-10 1.95904e-10 -2.0087e-10 1.98945e-10 -1.87781e-10 1.65114e-10 -1.2955e-10 8.12628e-11 -2.23938e-11 -4.298e-11 1.09324e-10 -1.70477e-10 2.20636e-10 -2.55263e-10 2.71715e-10 -2.69441e-10 2.49765e-10 -2.15334e-10 1.69434e-10 -1.15362e-10 5.60418e-11 6.05467e-12 -6.87092e-11 1.29611e-10 -1.86038e-10 2.34737e-10 -2.72081e-10 2.94523e-10 -2.99219e-10 2.84656e-10 -2.51111e-10 2.00799e-10 -1.37657e-10 6.68376e-11 5.98933e-12 -7.53286e-11 1.36422e-10 -1.85585e-10 2.2031e-10 -2.39199e-10 2.41823e-10 -2.28602e-10 2.0075e-10 -1.60292e-10 1.10087e-10 -5.37773e-11 -4.38356e-12 5.9871e-11 -1.08344e-10 1.46142e-10 -1.70712e-10 1.80885e-10 -1.76925e-10 1.60378e-10 -1.33753e-10 1.0012e-10 -6.27202e-11 2.46416e-11 1.14081e-11 -4.32302e-11 6.91986e-11 -8.82836e-11 1.00057e-10 -1.04677e-10 1.02843e-10 -9.56941e-11 8.46552e-11 -7.12314e-11 5.67884e-11 -4.23599e-11 2.85245e-11 -1.53809e-11 2.62601e-12 1.02836e-11 -2.39249e-11 3.87007e-11 -5.46711e-11 7.14517e-11 -8.81892e-11 1.03612e-10 -1.16143e-10 1.24066e-10 -1.25716e-10 1.197e-10 -1.05113e-10 8.17357e-11 -5.01838e-11 1.19906e-11 3.04138e-11 -7.3835e-11 1.14559e-10 -1.48691e-10 1.7256e-10 -1.83133e-10 1.78399e-10 -1.57664e-10 1.21737e-10 -7.29557e-11 1.50622e-11 4.7073e-11 -1.07862e-10 1.61509e-10 -2.02572e-10 2.26526e-10 -2.30269e-10 2.12515e-10 -1.74019e-10 1.17608e-10 -4.79932e-11 -2.86174e-11 1.05087e-10 -1.74033e-10 2.28569e-10 -2.63015e-10 2.73512e-10 -2.58463e-10 2.1876e-10 -1.5775e-10 8.09531e-11 4.45351e-12 -9.03406e-11 1.68443e-10 -2.31211e-10 2.72599e-10 -2.88707e-10 2.78214e-10 -2.42523e-10 1.8563e-10 -1.13703e-10 3.44223e-11 4.38498e-11 -1.12981e-10 1.65961e-10 -1.97673e-10 2.05462e-10 -1.89422e-10 1.52385e-10 -9.95882e-11 3.80668e-11 2.41623e-11 -7.90416e-11 1.19426e-10 -1.39942e-10 1.37649e-10 -1.12423e-10 6.70207e-11 -6.80111e-12 -6.08613e-11 1.27411e-10 -1.84099e-10 2.23019e-10 -2.3806e-10 2.25676e-10 -1.85379e-10 1.19886e-10 -3.49065e-11 -6.14176e-11 1.59356e-10 -2.48632e-10 3.19548e-10 -3.64056e-10 3.76676e-10 -3.55132e-10 3.0065e-10 -2.17873e-10 1.14398e-10 0. 
0.000115423 0.00010784 0.000100287 9.27908e-05 8.53865e-05 7.80944e-05 7.09591e-05 6.39852e-05 5.72395e-05 5.0698e-05 4.44587e-05 3.84714e-05 3.2838e-05 2.75464e-05 2.26042e-05 1.81311e-05 1.40314e-05 1.03954e-05 7.32968e-06 4.70065e-06 2.55059e-06 1.10706e-06 3.72297e-07 9.54712e-08 1.7935e-08 2.39059e-09 -3.19953e-10 -1.91717e-10 -5.89357e-10 -1.91657e-10 -5.49509e-10 -2.05353e-10 -4.68365e-10 -2.36086e-10 -3.66788e-10 -2.73911e-10 -2.43137e-10 -3.12406e-10 -1.34943e-10 -3.00924e-10 -5.53479e-11 -2.68214e-10 -1.05113e-11 -1.67229e-10 2.87717e-11 -6.52894e-11 2.09743e-11 -1.49496e-11 6.09739e-12 -9.86305e-12 2.27533e-11 -4.44614e-11 7.23039e-11 -1.02672e-10 1.31246e-10 -1.53579e-10 1.65748e-10 -1.64952e-10 1.50041e-10 -1.21797e-10 8.2976e-11 -3.80073e-11 -7.55769e-12 4.78605e-11 -7.76163e-11 9.29933e-11 -9.22533e-11 7.6122e-11 -4.7697e-11 1.19939e-11 2.48905e-11 -5.67921e-11 7.85205e-11 -8.67068e-11 8.03003e-11 -6.06128e-11 3.09077e-11 4.36653e-12 -4.05246e-11 7.35525e-11 -1.00769e-10 1.21097e-10 -1.34892e-10 1.43406e-10 -1.48045e-10 1.4964e-10 -1.47967e-10 1.41638e-10 -1.28444e-10 1.06039e-10 -7.28069e-11 2.86452e-11 2.45529e-11 -8.28749e-11 1.40861e-10 -1.9237e-10 2.31628e-10 -2.54205e-10 2.57699e-10 -2.41955e-10 2.0884e-10 -1.61648e-10 1.0436e-10 -4.09657e-11 -2.49625e-11 9.0384e-11 -1.52613e-10 2.09002e-10 -2.56661e-10 2.92382e-10 -3.12859e-10 3.15171e-10 -2.9742e-10 2.59321e-10 -2.02581e-10 1.30921e-10 -4.97209e-11 -3.46261e-11 1.15518e-10 -1.86909e-10 2.43891e-10 -2.83019e-10 3.02376e-10 -3.01462e-10 2.81002e-10 -2.42776e-10 1.89503e-10 -1.24788e-10 5.30367e-11 2.06998e-11 -9.10288e-11 1.52659e-10 -2.00931e-10 2.32342e-10 -2.44947e-10 2.38562e-10 -2.14711e-10 1.76367e-10 -1.2752e-10 7.2694e-11 -1.6481e-11 -3.68411e-11 8.3585e-11 -1.20836e-10 1.46564e-10 -1.59691e-10 1.60119e-10 -1.48715e-10 1.27221e-10 -9.80903e-11 6.42332e-11 -2.8704e-11 -5.62965e-12 3.638e-11 -6.18473e-11 8.1111e-11 -9.40007e-11 1.00965e-10 -1.02878e-10 1.0082e-10 -9.58795e-11 8.89867e-11 -8.0806e-11 7.16796e-11 -6.16245e-11 5.03793e-11 -3.74965e-11 2.24751e-11 -4.92196e-12 -1.52777e-11 3.7807e-11 -6.18126e-11 8.58752e-11 -1.08074e-10 1.26146e-10 -1.37735e-10 1.40683e-10 -1.33348e-10 1.14887e-10 -8.54754e-11 4.64214e-11 -1.65928e-13 -4.98514e-11 9.94487e-11 -1.44065e-10 1.792e-10 -2.00887e-10 2.06157e-10 -1.93429e-10 1.62785e-10 -1.16093e-10 5.69322e-11 9.66563e-12 -7.76521e-11 1.40535e-10 -1.92033e-10 2.26734e-10 -2.40702e-10 2.31944e-10 -2.00692e-10 1.49458e-10 -8.28455e-11 7.13384e-12 7.03349e-11 -1.41901e-10 2.00391e-10 -2.39889e-10 2.56391e-10 -2.48274e-10 2.16496e-10 -1.64535e-10 9.80315e-11 -2.41932e-11 -4.89929e-11 1.13642e-10 -1.62858e-10 1.91518e-10 -1.96867e-10 1.78845e-10 -1.40118e-10 8.57822e-11 -2.27927e-11 -4.08403e-11 9.69863e-11 -1.38361e-10 1.59406e-10 -1.5699e-10 1.30819e-10 -8.35423e-11 2.04918e-11 5.08856e-11 -1.21864e-10 1.83442e-10 -2.27399e-10 2.47285e-10 -2.39229e-10 2.02464e-10 -1.39507e-10 5.59608e-11 4.00335e-11 -1.38653e-10 2.29451e-10 -3.02508e-10 3.49542e-10 -3.64849e-10 3.45974e-10 -2.94026e-10 2.13599e-10 -1.1231e-10 0. 
0.000115423 0.00010784 0.000100287 9.27908e-05 8.53865e-05 7.80945e-05 7.0959e-05 6.39853e-05 5.72395e-05 5.0698e-05 4.44587e-05 3.84714e-05 3.28381e-05 2.75463e-05 2.26043e-05 1.8131e-05 1.40315e-05 1.03953e-05 7.3298e-06 4.70051e-06 2.55074e-06 1.10689e-06 3.72503e-07 9.5229e-08 1.82169e-08 2.06879e-09 3.82507e-11 -5.78882e-10 -1.84462e-10 -5.99861e-10 -1.54627e-10 -5.69356e-10 -1.52254e-10 -4.89336e-10 -1.87925e-10 -3.71439e-10 -2.28566e-10 -2.47995e-10 -2.69025e-10 -1.1103e-10 -2.83911e-10 -1.97678e-11 -2.60273e-10 6.7402e-11 -1.78151e-10 1.06597e-10 -1.1463e-10 8.93571e-11 -7.75069e-11 6.787e-11 -6.61466e-11 7.23678e-11 -8.6293e-11 1.06138e-10 -1.28913e-10 1.50718e-10 -1.67235e-10 1.74366e-10 -1.6888e-10 1.49041e-10 -1.1503e-10 6.91361e-11 -1.55871e-11 -3.99172e-11 9.10008e-11 -1.31547e-10 1.56708e-10 -1.63707e-10 1.52389e-10 -1.2529e-10 8.72679e-11 -4.46954e-11 4.3719e-12 2.76443e-11 -4.70546e-11 5.19845e-11 -4.31548e-11 2.35337e-11 2.44712e-12 -2.99237e-11 5.46349e-11 -7.37162e-11 8.60717e-11 -9.22512e-11 9.38919e-11 -9.28981e-11 9.06076e-11 -8.71924e-11 8.14813e-11 -7.12665e-11 5.402e-11 -2.78197e-11 -7.78113e-12 5.12014e-11 -9.87736e-11 1.45222e-10 -1.84569e-10 2.1125e-10 -2.21146e-10 2.12295e-10 -1.85109e-10 1.421e-10 -8.72248e-11 2.507e-11 3.98818e-11 -1.03721e-10 1.63233e-10 -2.1573e-10 2.58733e-10 -2.89704e-10 3.05992e-10 -3.05075e-10 2.85049e-10 -2.45242e-10 1.86741e-10 -1.12655e-10 2.79989e-11 6.07944e-11 -1.46651e-10 2.22727e-10 -2.83194e-10 3.2379e-10 -3.42071e-10 3.37389e-10 -3.10689e-10 2.64234e-10 -2.0136e-10 1.26292e-10 -4.40017e-11 -3.99593e-11 1.19716e-10 -1.89458e-10 2.43947e-10 -2.79066e-10 2.92304e-10 -2.83077e-10 2.52806e-10 -2.04727e-10 1.4349e-10 -7.46207e-11 3.94402e-12 6.29372e-11 -1.21066e-10 1.66435e-10 -1.9619e-10 2.08752e-10 -2.03879e-10 1.82661e-10 -1.47433e-10 1.01599e-10 -4.93332e-11 -4.80572e-12 5.63181e-11 -1.01204e-10 1.36335e-10 -1.59707e-10 1.7054e-10 -1.69227e-10 1.57163e-10 -1.3648e-10 1.09748e-10 -7.96762e-11 4.88398e-11 -1.94516e-11 -6.80404e-12 2.88716e-11 -4.63507e-11 5.94428e-11 -6.88229e-11 7.54475e-11 -8.03254e-11 8.42865e-11 -8.77866e-11 9.07852e-11 -9.27193e-11 9.2581e-11 -8.90881e-11 8.09226e-11 -6.69998e-11 4.67272e-11 -2.0216e-11 -1.15886e-11 4.68808e-11 -8.30818e-11 1.17041e-10 -1.45338e-10 1.64652e-10 -1.72172e-10 1.65981e-10 -1.45387e-10 1.11128e-10 -6.54343e-11 1.19162e-11 4.47245e-11 -9.91301e-11 1.45831e-10 -1.7984e-10 1.97226e-10 -1.95603e-10 1.7447e-10 -1.35356e-10 8.17419e-11 -1.87627e-11 -4.72894e-11 1.09615e-10 -1.6164e-10 1.97746e-10 -2.1393e-10 2.08286e-10 -1.81279e-10 1.35742e-10 -7.66122e-11 1.04092e-11 5.54782e-11 -1.13624e-10 1.57422e-10 -1.81863e-10 1.84148e-10 -1.6405e-10 1.23987e-10 -6.87845e-11 5.14565e-12 5.91068e-11 -1.15941e-10 1.5807e-10 -1.79839e-10 1.77941e-10 -1.51867e-10 1.04035e-10 -3.95815e-11 -3.41852e-11 1.0859e-10 -1.74582e-10 2.23793e-10 -2.49536e-10 2.47636e-10 -2.16979e-10 1.59728e-10 -8.11508e-11 -1.09004e-11 1.06825e-10 -1.96322e-10 2.69533e-10 -3.18158e-10 3.36408e-10 -3.21679e-10 2.74885e-10 -2.00394e-10 1.05572e-10 0. 
0.000115423 0.00010784 0.000100287 9.27908e-05 8.53865e-05 7.80944e-05 7.09591e-05 6.39852e-05 5.72396e-05 5.06979e-05 4.44587e-05 3.84714e-05 3.28381e-05 2.75463e-05 2.26043e-05 1.8131e-05 1.40315e-05 1.03953e-05 7.32978e-06 4.70055e-06 2.55069e-06 1.10696e-06 3.72398e-07 9.53744e-08 1.80246e-08 2.31146e-09 -2.54816e-10 -2.39215e-10 -5.62982e-10 -1.93935e-10 -5.73413e-10 -1.54456e-10 -5.4545e-10 -1.35483e-10 -4.86267e-10 -1.42099e-10 -3.7912e-10 -1.81545e-10 -2.50942e-10 -2.09142e-10 -1.14839e-10 -2.46923e-10 9.39329e-12 -2.27896e-10 1.26158e-10 -1.91949e-10 1.66691e-10 -1.67744e-10 1.53529e-10 -1.40478e-10 1.27485e-10 -1.1779e-10 1.12973e-10 -1.13819e-10 1.19871e-10 -1.29391e-10 1.395e-10 -1.46531e-10 1.46585e-10 -1.36196e-10 1.13035e-10 -7.64869e-11 2.80334e-11 2.87246e-11 -8.83855e-11 1.44462e-10 -1.90318e-10 2.20282e-10 -2.30611e-10 2.20237e-10 -1.91034e-10 1.47585e-10 -9.64354e-11 4.49729e-11 -1.44039e-13 -3.27362e-11 5.08319e-11 -5.41129e-11 4.50976e-11 -2.80797e-11 8.03199e-12 1.05458e-11 -2.45534e-11 3.27715e-11 -3.57974e-11 3.54795e-11 -3.40343e-11 3.31146e-11 -3.31126e-11 3.29116e-11 -3.01707e-11 2.20683e-11 -6.29258e-12 -1.80148e-11 4.96462e-11 -8.52449e-11 1.19798e-10 -1.47589e-10 1.63367e-10 -1.63419e-10 1.46287e-10 -1.12954e-10 6.64985e-11 -1.13649e-11 -4.75292e-11 1.05573e-10 -1.58946e-10 2.04725e-10 -2.4069e-10 2.64973e-10 -2.75783e-10 2.71346e-10 -2.50146e-10 2.11404e-10 -1.55644e-10 8.51385e-11 -4.04873e-12 -8.18172e-11 1.6562e-10 -2.40343e-10 2.9968e-10 -3.38785e-10 3.54726e-10 -3.46611e-10 3.15435e-10 -2.63764e-10 1.95367e-10 -1.14902e-10 2.76743e-11 6.05621e-11 -1.43825e-10 2.16217e-10 -2.72354e-10 3.07874e-10 -3.19955e-10 3.07706e-10 -2.72362e-10 2.17205e-10 -1.47225e-10 6.85806e-11 1.20356e-11 -8.80344e-11 1.53482e-10 -2.03523e-10 2.34679e-10 -2.45019e-10 2.34249e-10 -2.03706e-10 1.56268e-10 -9.61477e-11 2.85722e-11 4.06622e-11 -1.05716e-10 1.61261e-10 -2.02989e-10 2.28002e-10 -2.35039e-10 2.245e-10 -1.98307e-10 1.59601e-10 -1.12363e-10 6.09735e-11 -9.7916e-12 -3.72405e-11 7.69207e-11 -1.07026e-10 1.26449e-10 -1.35214e-10 1.34376e-10 -1.25809e-10 1.11894e-10 -9.5174e-11 7.79891e-11 -6.21751e-11 4.88489e-11 -3.83192e-11 3.01275e-11 -2.32097e-11 1.61476e-11 -7.47185e-12 -4.02972e-12 1.90422e-11 -3.75291e-11 5.86428e-11 -8.07544e-11 1.01607e-10 -1.18577e-10 1.29019e-10 -1.30647e-10 1.21907e-10 -1.02284e-10 7.24985e-11 -3.45507e-11 -8.3994e-12 5.23157e-11 -9.27051e-11 1.25125e-10 -1.4572e-10 1.51721e-10 -1.41842e-10 1.16516e-10 -7.79453e-11 2.99296e-11 2.24951e-11 -7.35904e-11 1.17557e-10 -1.49212e-10 1.64626e-10 -1.61632e-10 1.40149e-10 -1.02262e-10 5.20519e-11 4.82964e-12 -6.17806e-11 1.12009e-10 -1.4934e-10 1.68972e-10 -1.68095e-10 1.46286e-10 -1.05629e-10 5.05403e-11 1.26948e-11 -7.66193e-11 1.33466e-10 -1.76079e-10 1.98787e-10 -1.98129e-10 1.73326e-10 -1.26454e-10 6.22793e-11 1.22331e-11 -8.86806e-11 1.58174e-10 -2.12369e-10 2.44455e-10 -2.49991e-10 2.27473e-10 -1.78576e-10 1.08032e-10 -2.31444e-11 -6.70015e-11 1.52542e-10 -2.23951e-10 2.73121e-10 -2.94308e-10 2.84801e-10 -2.45261e-10 1.79672e-10 -9.49118e-11 0. 
0.000115423 0.00010784 0.000100287 9.27908e-05 8.53865e-05 7.80945e-05 7.0959e-05 6.39852e-05 5.72395e-05 5.0698e-05 4.44587e-05 3.84714e-05 3.28381e-05 2.75463e-05 2.26042e-05 1.81311e-05 1.40315e-05 1.03954e-05 7.32972e-06 4.7006e-06 2.55064e-06 1.107e-06 3.72375e-07 9.53669e-08 1.80707e-08 2.22008e-09 -1.13731e-10 -4.31527e-10 -3.21124e-10 -4.8036e-10 -2.50561e-10 -5.02786e-10 -1.84857e-10 -4.93539e-10 -1.46335e-10 -4.48388e-10 -1.21049e-10 -3.7863e-10 -1.25005e-10 -2.57075e-10 -1.47925e-10 -1.33973e-10 -1.78047e-10 2.47023e-11 -1.78933e-10 1.506e-10 -1.97189e-10 2.01717e-10 -2.07665e-10 2.01885e-10 -1.89776e-10 1.72849e-10 -1.54013e-10 1.35942e-10 -1.20819e-10 1.09883e-10 -1.03114e-10 9.91402e-11 -9.53796e-11 8.8463e-11 -7.48543e-11 5.16267e-11 -1.71897e-11 -2.81037e-11 8.16969e-11 -1.38932e-10 1.93629e-10 -2.38974e-10 2.68697e-10 -2.78197e-10 2.65497e-10 -2.3173e-10 1.81093e-10 -1.20191e-10 5.69191e-11 9.2124e-13 -4.69847e-11 7.74241e-11 -9.13932e-11 9.09036e-11 -8.00815e-11 6.402e-11 -4.75148e-11 3.40029e-11 -2.4964e-11 1.99177e-11 -1.69848e-11 1.38239e-11 -8.6512e-12 1.0263e-12 7.83807e-12 -1.53462e-11 1.82957e-11 -1.39313e-11 9.59374e-13 1.97894e-11 -4.52624e-11 7.07018e-11 -9.06451e-11 1.00141e-10 -9.5848e-11 7.67381e-11 -4.42262e-11 1.74738e-12 4.60633e-11 -9.43209e-11 1.38697e-10 -1.75884e-10 2.03659e-10 -2.20618e-10 2.25781e-10 -2.18275e-10 1.97263e-10 -1.62174e-10 1.13161e-10 -5.16177e-11 -1.94612e-11 9.54415e-11 -1.70403e-10 2.37835e-10 -2.91511e-10 3.26343e-10 -3.39021e-10 3.28323e-10 -2.95082e-10 2.41893e-10 -1.72679e-10 9.22665e-11 -6.02662e-12 -8.03759e-11 1.61193e-10 -2.30827e-10 2.8415e-10 -3.16925e-10 3.26281e-10 -3.11136e-10 2.72486e-10 -2.13434e-10 1.38958e-10 -5.54298e-11 -3.00334e-11 1.10267e-10 -1.78711e-10 2.29947e-10 -2.60078e-10 2.66959e-10 -2.50307e-10 2.11689e-10 -1.54418e-10 8.3327e-11 -4.42101e-12 -7.55973e-11 1.49908e-10 -2.12202e-10 2.57294e-10 -2.81622e-10 2.83577e-10 -2.63614e-10 2.24139e-10 -1.69195e-10 1.04006e-10 -3.44309e-11 -3.36093e-11 9.46681e-11 -1.44245e-10 1.79151e-10 -1.97737e-10 1.99976e-10 -1.87384e-10 1.62773e-10 -1.29886e-10 9.29179e-11 -5.60146e-11 2.27923e-11 4.05202e-12 -2.29912e-11 3.37525e-11 -3.72326e-11 3.52626e-11 -3.02638e-11 2.48417e-11 -2.13765e-11 2.16604e-11 -2.66281e-11 3.62139e-11 -4.93537e-11 6.41343e-11 -7.80705e-11 8.84779e-11 -9.28899e-11 8.94621e-11 -7.73056e-11 5.66967e-11 -2.91295e-11 -2.80444e-12 3.56982e-11 -6.57408e-11 8.92064e-11 -1.02957e-10 1.04892e-10 -9.42856e-11 7.19532e-11 -4.02332e-11 2.76399e-12 3.59166e-11 -7.09077e-11 9.75545e-11 -1.12055e-10 1.11987e-10 -9.66821e-11 6.73901e-11 -2.72127e-11 -1.92075e-11 6.62036e-11 -1.07753e-10 1.38216e-10 -1.53064e-10 1.49487e-10 -1.26821e-10 8.67226e-11 -3.3062e-11 -2.84553e-11 9.09098e-11 -1.46958e-10 1.89703e-10 -2.13537e-10 2.14864e-10 -1.92589e-10 1.48339e-10 -8.63467e-11 1.30343e-11 6.36838e-11 -1.35289e-10 1.93639e-10 -2.31928e-10 2.45506e-10 -2.32457e-10 1.93879e-10 -1.33795e-10 5.87394e-11 2.29719e-11 -1.02177e-10 1.69921e-10 -2.18489e-10 2.42312e-10 -2.38619e-10 2.07777e-10 -1.53262e-10 8.12678e-11 0. 
0.000115423 0.00010784 0.000100287 9.27908e-05 8.53865e-05 7.80944e-05 7.09591e-05 6.39852e-05 5.72395e-05 5.0698e-05 4.44587e-05 3.84714e-05 3.28381e-05 2.75463e-05 2.26042e-05 1.8131e-05 1.40315e-05 1.03953e-05 7.3298e-06 4.70051e-06 2.55074e-06 1.10689e-06 3.72487e-07 9.52637e-08 1.81577e-08 2.15701e-09 -8.154e-11 -4.27141e-10 -3.66215e-10 -3.92278e-10 -3.81883e-10 -3.30144e-10 -3.94654e-10 -2.53017e-10 -4.08931e-10 -1.74458e-10 -3.93738e-10 -1.21179e-10 -3.52401e-10 -7.45695e-11 -2.7167e-10 -8.07811e-11 -1.52109e-10 -8.46831e-11 1.31793e-11 -1.18104e-10 1.36718e-10 -1.81512e-10 2.05863e-10 -2.21608e-10 2.24124e-10 -2.14747e-10 1.9513e-10 -1.68209e-10 1.37545e-10 -1.06774e-10 7.89742e-11 -5.60893e-11 3.85533e-11 -2.51658e-11 1.33311e-11 4.13462e-13 -1.95838e-11 4.68729e-11 -8.3311e-11 1.2773e-10 -1.76599e-10 2.24412e-10 -2.64487e-10 2.90168e-10 -2.96102e-10 2.79408e-10 -2.40413e-10 1.82807e-10 -1.13131e-10 3.96743e-11 2.89909e-11 -8.55401e-11 1.25144e-10 -1.46163e-10 1.50129e-10 -1.41054e-10 1.24228e-10 -1.04851e-10 8.6827e-11 -7.20465e-11 6.03056e-11 -4.98583e-11 3.84e-11 -2.4167e-11 6.80327e-12 1.22785e-11 -3.01618e-11 4.3241e-11 -4.83407e-11 4.37943e-11 -3.01464e-11 1.02513e-11 1.12787e-11 -2.91263e-11 3.85286e-11 -3.63902e-11 2.19508e-11 3.15153e-12 -3.53949e-11 7.02725e-11 -1.03287e-10 1.30752e-10 -1.50199e-10 1.60356e-10 -1.60794e-10 1.51458e-10 -1.32304e-10 1.03215e-10 -6.42278e-11 1.59822e-11 3.98015e-11 -1.00024e-10 1.60246e-10 -2.15111e-10 2.59068e-10 -2.87219e-10 2.96074e-10 -2.84042e-10 2.51575e-10 -2.0097e-10 1.35951e-10 -6.11737e-11 -1.8223e-11 9.69491e-11 -1.69783e-10 2.31744e-10 -2.78297e-10 3.05648e-10 -3.11125e-10 2.93585e-10 -2.53745e-10 1.94326e-10 -1.19945e-10 3.6738e-11 4.82313e-11 -1.27682e-10 1.94824e-10 -2.43979e-10 2.7104e-10 -2.73763e-10 2.51897e-10 -2.07174e-10 1.43189e-10 -6.51502e-11 -2.04745e-11 1.06453e-10 -1.85383e-10 2.50365e-10 -2.95666e-10 3.17304e-10 -3.13459e-10 2.8466e-10 -2.33712e-10 1.65383e-10 -8.59011e-11 2.31579e-12 7.81849e-11 -1.48947e-10 2.04444e-10 -2.40752e-10 2.55861e-10 -2.49809e-10 2.24612e-10 -1.83999e-10 1.3298e-10 -7.72674e-11 2.26439e-11 2.56735e-11 -6.35811e-11 8.84862e-11 -9.95085e-11 9.74678e-11 -8.46666e-11 6.45067e-11 -4.09925e-11 1.8187e-11 3.12582e-13 -1.18181e-11 1.48618e-11 -9.34083e-12 -3.51945e-12 2.13779e-11 -4.1137e-11 5.94025e-11 -7.29804e-11 7.93448e-11 -7.70111e-11 6.57613e-11 -4.66907e-11 2.2067e-11 4.97872e-12 -3.08864e-11 5.21691e-11 -6.59128e-11 7.02052e-11 -6.44349e-11 4.94156e-11 -2.73161e-11 1.39949e-12 2.43992e-11 -4.60035e-11 5.97667e-11 -6.30069e-11 5.44324e-11 -3.43943e-11 4.92665e-12 3.04407e-11 -6.70802e-11 9.98309e-11 -1.2366e-10 1.34341e-10 -1.29056e-10 1.06846e-10 -6.88401e-11 1.8233e-11 4.00056e-11 -9.96546e-11 1.53945e-10 -1.96358e-10 2.21431e-10 -2.25452e-10 2.06978e-10 -1.67086e-10 1.09333e-10 -3.94105e-11 -3.54585e-11 1.07329e-10 -1.68442e-10 2.12132e-10 -2.33619e-10 2.30592e-10 -2.03507e-10 1.55562e-10 -9.23423e-11 2.11874e-11 4.96644e-11 -1.12039e-10 1.58791e-10 -1.84647e-10 1.86833e-10 -1.65407e-10 1.23246e-10 -6.57114e-11 0. 
0.000115423 0.00010784 0.000100287 9.27908e-05 8.53865e-05 7.80944e-05 7.09591e-05 6.39852e-05 5.72396e-05 5.06979e-05 4.44587e-05 3.84713e-05 3.28381e-05 2.75463e-05 2.26043e-05 1.8131e-05 1.40315e-05 1.03953e-05 7.32976e-06 4.70057e-06 2.55066e-06 1.107e-06 3.72366e-07 9.53994e-08 1.80116e-08 2.30826e-09 -2.32209e-10 -2.83284e-10 -4.96657e-10 -2.82077e-10 -4.65022e-10 -2.80566e-10 -4.04946e-10 -2.86411e-10 -3.29432e-10 -2.99824e-10 -2.26017e-10 -3.2401e-10 -1.25605e-10 -3.10496e-10 -4.44646e-11 -2.79546e-10 -1.7875e-12 -1.68172e-10 1.50711e-11 -2.91477e-11 -4.53451e-11 8.81089e-11 -1.38008e-10 1.76459e-10 -2.03271e-10 2.14945e-10 -2.10707e-10 1.91484e-10 -1.60009e-10 1.20408e-10 -7.75403e-11 3.62067e-11 -3.05736e-13 -2.78363e-11 4.78864e-11 -6.14997e-11 7.19293e-11 -8.32183e-11 9.91988e-11 -1.22418e-10 1.53314e-10 -1.89753e-10 2.27172e-10 -2.59262e-10 2.79151e-10 -2.80826e-10 2.60504e-10 -2.17641e-10 1.55314e-10 -7.98672e-11 -1.46224e-13 7.5505e-11 -1.38013e-10 1.81959e-10 -2.05007e-10 2.08323e-10 -1.9592e-10 1.73419e-10 -1.46558e-10 1.19848e-10 -9.57167e-11 7.4358e-11 -5.42657e-11 3.3264e-11 -9.68372e-12 -1.66966e-11 4.42467e-11 -6.97528e-11 8.92758e-11 -9.93347e-11 9.8042e-11 -8.58308e-11 6.55375e-11 -4.18024e-11 1.99576e-11 -4.72884e-12 -8.77729e-13 -3.80593e-12 1.713e-11 -3.57336e-11 5.5512e-11 -7.26284e-11 8.42712e-11 -8.89706e-11 8.64559e-11 -7.71911e-11 6.18256e-11 -4.08004e-11 1.42665e-11 1.76647e-11 -5.44568e-11 9.46759e-11 -1.35724e-10 1.73922e-10 -2.04955e-10 2.24581e-10 -2.29409e-10 2.17521e-10 -1.88805e-10 1.44934e-10 -8.90404e-11 2.52277e-11 4.19308e-11 -1.07794e-10 1.67908e-10 -2.18142e-10 2.548e-10 -2.7477e-10 2.75786e-10 -2.56755e-10 2.181e-10 -1.61987e-10 9.23505e-11 -1.46598e-11 -6.45623e-11 1.38392e-10 -2.00223e-10 2.44428e-10 -2.66891e-10 2.65354e-10 -2.39576e-10 1.91344e-10 -1.24329e-10 4.38407e-11 4.35429e-11 -1.30453e-10 2.09323e-10 -2.73056e-10 3.15709e-10 -3.33124e-10 3.23392e-10 -2.87109e-10 2.27349e-10 -1.49372e-10 6.0102e-11 3.25681e-11 -1.20547e-10 1.96319e-10 -2.53639e-10 2.88096e-10 -2.97494e-10 2.82023e-10 -2.442e-10 1.88587e-10 -1.21299e-10 4.93529e-11 2.00803e-11 -8.04356e-11 1.26437e-10 -1.5462e-10 1.63641e-10 -1.54326e-10 1.29476e-10 -9.34489e-11 5.15826e-11 -9.52917e-12 -2.74172e-11 5.49243e-11 -7.00894e-11 7.17218e-11 -6.04113e-11 3.83788e-11 -9.13143e-12 -2.30344e-11 5.36154e-11 -7.84953e-11 9.44719e-11 -9.96498e-11 9.36483e-11 -7.76008e-11 5.39496e-11 -2.60689e-11 -2.23129e-12 2.72493e-11 -4.59106e-11 5.61905e-11 -5.73845e-11 5.01891e-11 -3.6583e-11 1.95234e-11 -2.49913e-12 -1.09994e-11 1.80203e-11 -1.66231e-11 6.21808e-12 1.22819e-11 -3.65212e-11 6.29729e-11 -8.73894e-11 1.05377e-10 -1.13019e-10 1.07463e-10 -8.7391e-11 5.33135e-11 -7.62378e-12 -4.55848e-11 1.00936e-10 -1.52372e-10 1.93868e-10 -2.20179e-10 2.27511e-10 -2.14044e-10 1.80233e-10 -1.28828e-10 6.46314e-11 6.01328e-12 -7.59245e-11 1.37903e-10 -1.85567e-10 2.14108e-10 -2.2086e-10 2.05624e-10 -1.70693e-10 1.20588e-10 -6.15099e-11 6.01759e-13 5.4916e-11 -9.86143e-11 1.2563e-10 -1.33247e-10 1.21218e-10 -9.17779e-11 4.93525e-11 0. 
0.000115423 0.00010784 0.000100287 9.27908e-05 8.53865e-05 7.80944e-05 7.09591e-05 6.39852e-05 5.72395e-05 5.0698e-05 4.44587e-05 3.84714e-05 3.2838e-05 2.75464e-05 2.26042e-05 1.81311e-05 1.40315e-05 1.03954e-05 7.32974e-06 4.70058e-06 2.55067e-06 1.10696e-06 3.72426e-07 9.53122e-08 1.81264e-08 2.16571e-09 -6.28784e-11 -4.76916e-10 -2.8297e-10 -5.09579e-10 -2.32008e-10 -5.08838e-10 -1.93233e-10 -4.68834e-10 -1.88994e-10 -3.86784e-10 -2.01504e-10 -2.80968e-10 -2.36278e-10 -1.37997e-10 -2.66775e-10 -2.53307e-11 -2.65162e-10 7.85544e-11 -1.88524e-10 1.06945e-10 -9.45382e-11 3.85557e-11 1.26952e-11 -6.74814e-11 1.16062e-10 -1.53705e-10 1.75844e-10 -1.7995e-10 1.65738e-10 -1.35296e-10 9.28021e-11 -4.3871e-11 -5.35031e-12 4.92446e-11 -8.36866e-11 1.06777e-10 -1.1911e-10 1.2357e-10 -1.2458e-10 1.27022e-10 -1.3495e-10 1.50475e-10 -1.72989e-10 1.99042e-10 -2.22853e-10 2.37467e-10 -2.36276e-10 2.1461e-10 -1.71001e-10 1.0782e-10 -3.10862e-11 -5.05258e-11 1.27297e-10 -1.90318e-10 2.33158e-10 -2.52956e-10 2.50678e-10 -2.30507e-10 1.98546e-10 -1.61202e-10 1.23683e-10 -8.90203e-11 5.78304e-11 -2.88492e-11 1.12231e-14 3.0294e-11 -6.22069e-11 9.39572e-11 -1.22142e-10 1.42631e-10 -1.51813e-10 1.47781e-10 -1.31063e-10 1.04676e-10 -7.34667e-11 4.29343e-11 -1.79004e-11 1.41149e-12 5.81679e-12 -5.28539e-12 1.6668e-14 6.46162e-12 -1.11129e-11 1.20669e-11 -8.80706e-12 1.8858e-12 7.6565e-12 -1.89043e-11 3.14642e-11 -4.55017e-11 6.14262e-11 -7.9371e-11 9.86918e-11 -1.17702e-10 1.33766e-10 -1.43748e-10 1.4468e-10 -1.34444e-10 1.12274e-10 -7.89434e-11 3.66127e-11 1.15588e-11 -6.19074e-11 1.10706e-10 -1.54461e-10 1.90047e-10 -2.14745e-10 2.26275e-10 -2.22907e-10 2.03687e-10 -1.68738e-10 1.19537e-10 -5.90663e-11 -8.25562e-12 7.68971e-11 -1.4075e-10 1.93791e-10 -2.30752e-10 2.47689e-10 -2.42384e-10 2.14555e-10 -1.65879e-10 9.98713e-11 -2.16318e-11 -6.25053e-11 1.4543e-10 -2.19814e-10 2.78741e-10 -3.1638e-10 3.28616e-10 -3.13553e-10 2.71815e-10 -2.06582e-10 1.23329e-10 -2.93214e-11 -6.71033e-11 1.57354e-10 -2.33428e-10 2.88685e-10 -3.1847e-10 3.20556e-10 -2.95335e-10 2.45781e-10 -1.77139e-10 9.6407e-11 -1.16208e-11 -6.89736e-11 1.37774e-10 -1.88611e-10 2.17373e-10 -2.224e-10 2.04592e-10 -1.67236e-10 1.15563e-10 -5.61068e-11 -4.06633e-12 5.81549e-11 -1.00368e-10 1.2653e-10 -1.34489e-10 1.24276e-10 -9.80182e-11 5.96066e-11 -1.41713e-11 -3.25763e-11 7.50493e-11 -1.08451e-10 1.29322e-10 -1.35895e-10 1.2823e-10 -1.08108e-10 7.87137e-11 -4.41477e-11 8.84533e-12 2.30237e-11 -4.80941e-11 6.42135e-11 -7.06686e-11 6.82055e-11 -5.88427e-11 4.55095e-11 -3.15592e-11 2.02291e-11 -1.41216e-11 1.47834e-11 -2.24409e-11 3.59329e-11 -5.28521e-11 6.98777e-11 -8.32566e-11 8.93659e-11 -8.52803e-11 6.9265e-11 -4.11214e-11 2.33636e-12 4.3995e-11 -9.34679e-11 1.40857e-10 -1.80736e-10 2.08149e-10 -2.19258e-10 2.11859e-10 -1.85726e-10 1.4271e-10 -8.65867e-11 2.2661e-11 4.28191e-11 -1.0338e-10 1.53072e-10 -1.8717e-10 2.02725e-10 -1.98904e-10 1.77077e-10 -1.40625e-10 9.45158e-11 -4.46714e-11 -2.76856e-12 4.22114e-11 -6.93007e-11 8.14452e-11 -7.81206e-11 6.09058e-11 -3.32498e-11 0. 
0.000115423 0.00010784 0.000100287 9.27908e-05 8.53865e-05 7.80945e-05 7.0959e-05 6.39853e-05 5.72395e-05 5.0698e-05 4.44587e-05 3.84714e-05 3.28381e-05 2.75463e-05 2.26042e-05 1.8131e-05 1.40315e-05 1.03953e-05 7.32978e-06 4.70054e-06 2.55071e-06 1.10693e-06 3.72439e-07 9.53197e-08 1.80929e-08 2.23095e-09 -1.64716e-10 -3.34852e-10 -4.66945e-10 -2.84573e-10 -4.94067e-10 -2.17156e-10 -5.03568e-10 -1.54104e-10 -4.91216e-10 -1.15568e-10 -4.23045e-10 -1.26224e-10 -3.10507e-10 -1.52778e-10 -1.61257e-10 -2.15509e-10 -4.51399e-12 -2.30835e-10 1.41879e-10 -2.13189e-10 1.8365e-10 -1.69183e-10 1.28178e-10 -7.86011e-11 2.23996e-11 3.28839e-11 -8.05798e-11 1.14636e-10 -1.3074e-10 1.26997e-10 -1.04285e-10 6.61841e-11 -1.84193e-11 -3.20749e-11 7.83691e-11 -1.14759e-10 1.37816e-10 -1.46961e-10 1.44504e-10 -1.35006e-10 1.2418e-10 -1.17431e-10 1.18471e-10 -1.28227e-10 1.44424e-10 -1.61906e-10 1.73723e-10 -1.72738e-10 1.53405e-10 -1.13302e-10 5.40083e-11 1.89002e-11 -9.67822e-11 1.69599e-10 -2.27922e-10 2.6481e-10 -2.77084e-10 2.65709e-10 -2.35204e-10 1.92277e-10 -1.44063e-10 9.64729e-11 -5.30794e-11 1.48223e-11 1.94496e-11 -5.18297e-11 8.40065e-11 -1.16173e-10 1.46552e-10 -1.71695e-10 1.87442e-10 -1.9023e-10 1.78317e-10 -1.5251e-10 1.16175e-10 -7.44953e-11 3.32433e-11 2.58395e-12 -2.98309e-11 4.76623e-11 -5.73529e-11 6.15133e-11 -6.30509e-11 6.42237e-11 -6.60822e-11 6.84368e-11 -7.02897e-11 7.05151e-11 -6.84977e-11 6.4482e-11 -5.95111e-11 5.4998e-11 -5.21131e-11 5.12304e-11 -5.16491e-11 5.16932e-11 -4.91549e-11 4.19261e-11 -2.86054e-11 8.89235e-12 1.63288e-11 -4.52041e-11 7.53087e-11 -1.04078e-10 1.29131e-10 -1.4843e-10 1.60282e-10 -1.63279e-10 1.56283e-10 -1.3852e-10 1.09805e-10 -7.08389e-11 2.34504e-11 2.92999e-11 -8.32535e-11 1.33521e-10 -1.7503e-10 2.03147e-10 -2.14259e-10 2.06222e-10 -1.78619e-10 1.32837e-10 -7.19697e-11 5.95797e-13 7.5547e-11 -1.49978e-10 2.15971e-10 -2.67135e-10 2.98027e-10 -3.04762e-10 2.85524e-10 -2.40906e-10 1.73997e-10 -9.01873e-11 -3.30124e-12 9.81068e-11 -1.8556e-10 2.57558e-10 -3.07376e-10 3.30347e-10 -3.24327e-10 2.89925e-10 -2.30465e-10 1.51679e-10 -6.11628e-11 -3.23687e-11 1.19956e-10 -1.93313e-10 2.45681e-10 -2.72538e-10 2.72048e-10 -2.45229e-10 1.95797e-10 -1.29714e-10 5.45001e-11 2.16126e-11 -9.05803e-11 1.45406e-10 -1.80861e-10 1.93993e-10 -1.84371e-10 1.54052e-10 -1.07262e-10 4.98537e-11 1.14146e-11 -6.96738e-11 1.1873e-10 -1.53742e-10 1.71712e-10 -1.71737e-10 1.54998e-10 -1.24497e-10 8.45855e-11 -4.03537e-11 -3.04292e-12 4.10238e-11 -7.01174e-11 8.83224e-11 -9.5257e-11 9.20844e-11 -8.12325e-11 6.59526e-11 -4.97809e-11 3.59809e-11 -2.70439e-11 2.43184e-11 -2.78181e-11 3.62354e-11 -4.71553e-11 5.7441e-11 -6.37327e-11 6.29918e-11 -5.30101e-11 3.28124e-11 -2.89476e-12 -3.47413e-11 7.67641e-11 -1.18881e-10 1.56352e-10 -1.84587e-10 1.99742e-10 -1.99241e-10 1.82152e-10 -1.49359e-10 1.03511e-10 -4.87498e-11 -9.75332e-12 6.63984e-11 -1.1581e-10 1.5347e-10 -1.76239e-10 1.82714e-10 -1.73357e-10 1.50403e-10 -1.17535e-10 7.93878e-11 -4.09367e-11 6.85125e-12 1.90994e-11 -3.45137e-11 3.86368e-11 -3.24165e-11 1.8329e-11 0. 
0.000115423 0.00010784 0.000100287 9.27908e-05 8.53865e-05 7.80944e-05 7.09591e-05 6.39852e-05 5.72396e-05 5.06979e-05 4.44588e-05 3.84713e-05 3.28381e-05 2.75463e-05 2.26043e-05 1.8131e-05 1.40315e-05 1.03953e-05 7.3298e-06 4.70053e-06 2.5507e-06 1.10695e-06 3.7241e-07 9.53486e-08 1.80707e-08 2.23839e-09 -1.49104e-10 -3.81803e-10 -3.81173e-10 -4.15052e-10 -3.1542e-10 -4.44219e-10 -2.31726e-10 -4.62766e-10 -1.58132e-10 -4.56531e-10 -9.41219e-11 -4.21078e-10 -7.2138e-11 -3.13929e-10 -9.41097e-11 -1.78007e-10 -1.49309e-10 1.4667e-11 -1.88197e-10 1.76555e-10 -2.34026e-10 2.40883e-10 -2.38775e-10 2.13996e-10 -1.72913e-10 1.19561e-10 -6.07468e-11 4.00981e-12 4.32294e-11 -7.48188e-11 8.6887e-11 -7.85179e-11 5.19806e-11 -1.23743e-11 -3.32294e-11 7.70794e-11 -1.12173e-10 1.33612e-10 -1.39518e-10 1.31361e-10 -1.13517e-10 9.22019e-11 -7.39075e-11 6.37628e-11 -6.41455e-11 7.39477e-11 -8.86812e-11 1.01463e-10 -1.04674e-10 9.19156e-11 -5.97838e-11 8.99726e-12 5.54257e-11 -1.2503e-10 1.8964e-10 -2.39515e-10 2.67413e-10 -2.7004e-10 2.48526e-10 -2.0784e-10 1.55329e-10 -9.88115e-11 4.47683e-11 2.87773e-12 -4.30939e-11 7.71547e-11 -1.07399e-10 1.35777e-10 -1.62682e-10 1.86455e-10 -2.03714e-10 2.10384e-10 -2.03078e-10 1.8035e-10 -1.43414e-10 9.60828e-11 -4.39542e-11 -6.89324e-12 5.12776e-11 -8.59426e-11 1.09951e-10 -1.24376e-10 1.31467e-10 -1.33611e-10 1.32467e-10 -1.28552e-10 1.21366e-10 -1.09962e-10 9.36772e-11 -7.27471e-11 4.85425e-11 -2.33552e-11 -1.81825e-13 1.98194e-11 -3.42977e-11 4.36266e-11 -4.89608e-11 5.21377e-11 -5.50587e-11 5.91293e-11 -6.49297e-11 7.21858e-11 -7.99938e-11 8.71691e-11 -9.25658e-11 9.52576e-11 -9.45456e-11 8.98503e-11 -8.05915e-11 6.61642e-11 -4.60671e-11 2.01688e-11 1.09745e-11 -4.58698e-11 8.20139e-11 -1.16055e-10 1.44174e-10 -1.62609e-10 1.68207e-10 -1.58904e-10 1.34049e-10 -9.45349e-11 4.27724e-11 1.74881e-11 -8.14301e-11 1.43528e-10 -1.97977e-10 2.39184e-10 -2.6232e-10 2.63869e-10 -2.4213e-10 1.97574e-10 -1.32996e-10 5.33848e-11 3.44633e-11 -1.22586e-10 2.02651e-10 -2.66824e-10 3.0859e-10 -3.23459e-10 3.09453e-10 -2.67357e-10 2.00695e-10 -1.15434e-10 1.94426e-11 7.82636e-11 -1.68405e-10 2.42381e-10 -2.93166e-10 3.16051e-10 -3.09153e-10 2.73617e-10 -2.13486e-10 1.35255e-10 -4.71584e-11 -4.17202e-11 1.22422e-10 -1.87054e-10 2.29592e-10 -2.46478e-10 2.36925e-10 -2.02935e-10 1.48995e-10 -8.15264e-11 8.1233e-12 6.33135e-11 -1.25453e-10 1.7232e-10 -1.9989e-10 2.06453e-10 -1.92675e-10 1.61393e-10 -1.17161e-10 6.56191e-11 -1.27628e-11 -3.57828e-11 7.54062e-11 -1.02989e-10 1.17169e-10 -1.18372e-10 1.08604e-10 -9.1057e-11 6.95741e-11 -4.80589e-11 2.99069e-11 -1.75363e-11 1.20794e-11 -1.32731e-11 1.95592e-11 -2.83735e-11 3.65811e-11 -4.09929e-11 3.88882e-11 -2.84705e-11 9.19136e-12 1.81034e-11 -5.12261e-11 8.68913e-11 -1.21121e-10 1.49753e-10 -1.68993e-10 1.7592e-10 -1.68897e-10 1.47813e-10 -1.14133e-10 7.07494e-11 -2.16462e-11 -2.85732e-11 7.52355e-11 -1.14152e-10 1.42107e-10 -1.57213e-10 1.59093e-10 -1.48867e-10 1.28942e-10 -1.02648e-10 7.37581e-11 -4.5965e-11 2.23913e-11 -5.18687e-12 -4.72241e-12 7.70689e-12 -5.31742e-12 0. 
0.000115423 0.00010784 0.000100287 9.27908e-05 8.53865e-05 7.80945e-05 7.0959e-05 6.39853e-05 5.72395e-05 5.0698e-05 4.44586e-05 3.84715e-05 3.2838e-05 2.75465e-05 2.26041e-05 1.81312e-05 1.40314e-05 1.03954e-05 7.32965e-06 4.70065e-06 2.5506e-06 1.10703e-06 3.7236e-07 9.5378e-08 1.80591e-08 2.23745e-09 -1.42235e-10 -3.86675e-10 -3.87137e-10 -3.89017e-10 -3.7048e-10 -3.52293e-10 -3.66311e-10 -2.82757e-10 -3.82396e-10 -1.93854e-10 -3.84293e-10 -1.19355e-10 -3.65073e-10 -5.32642e-11 -2.97761e-10 -5.49784e-11 -1.71945e-10 -7.63019e-11 2.067e-11 -1.43973e-10 1.8089e-10 -2.40961e-10 2.74656e-10 -2.91412e-10 2.85175e-10 -2.57182e-10 2.10515e-10 -1.51043e-10 8.64882e-11 -2.53608e-11 -2.43496e-11 5.64986e-11 -6.78426e-11 5.86556e-11 -3.2689e-11 -3.49945e-12 4.18274e-11 -7.42712e-11 9.45123e-11 -9.92121e-11 8.86971e-11 -6.67708e-11 3.97666e-11 -1.4925e-11 -1.45159e-12 5.68287e-12 2.23574e-12 -1.84891e-11 3.62992e-11 -4.7606e-11 4.51766e-11 -2.46108e-11 -1.42854e-11 6.71431e-11 -1.25819e-10 1.80152e-10 -2.20259e-10 2.38763e-10 -2.32396e-10 2.02545e-10 -1.54644e-10 9.66023e-11 -3.67513e-11 -1.81055e-11 6.3994e-11 -1.00097e-10 1.28093e-10 -1.5079e-10 1.70552e-10 -1.88068e-10 2.01842e-10 -2.08592e-10 2.04369e-10 -1.86011e-10 1.52432e-10 -1.0531e-10 4.89488e-11 1.06405e-11 -6.7108e-11 1.15159e-10 -1.51533e-10 1.75304e-10 -1.87477e-10 1.90105e-10 -1.85271e-10 1.74328e-10 -1.57633e-10 1.34825e-10 -1.05488e-10 6.98904e-11 -2.95025e-11 -1.29334e-11 5.38116e-11 -8.94092e-11 1.16713e-10 -1.34047e-10 1.41317e-10 -1.39818e-10 1.31714e-10 -1.19399e-10 1.04947e-10 -8.98118e-11 7.48066e-11 -6.02958e-11 4.64549e-11 -3.34592e-11 2.1518e-11 -1.07618e-11 1.06698e-12 8.06582e-12 -1.7481e-11 2.8155e-11 -4.08484e-11 5.57335e-11 -7.21259e-11 8.84209e-11 -1.02269e-10 1.10954e-10 -1.11883e-10 1.0307e-10 -8.35177e-11 5.34387e-11 -1.43099e-11 -3.12224e-11 7.95448e-11 -1.26357e-10 1.67017e-10 -1.96943e-10 2.12071e-10 -2.09342e-10 1.87164e-10 -1.45784e-10 8.74882e-11 -1.65675e-11 -6.09783e-11 1.37982e-10 -2.06834e-10 2.60302e-10 -2.92338e-10 2.98775e-10 -2.77832e-10 2.30388e-10 -1.59973e-10 7.25039e-11 2.42388e-11 -1.21332e-10 2.09579e-10 -2.80438e-10 3.26921e-10 -3.44349e-10 3.30887e-10 -2.87782e-10 2.19258e-10 -1.32098e-10 3.49287e-11 6.26836e-11 -1.5124e-10 2.22295e-10 -2.69324e-10 2.88367e-10 -2.78393e-10 2.41349e-10 -1.81888e-10 1.06809e-10 -2.42854e-11 -5.70498e-11 1.2904e-10 -1.84867e-10 2.19733e-10 -2.31299e-10 2.19821e-10 -1.87993e-10 1.40514e-10 -8.34459e-11 2.34484e-11 3.30184e-11 -8.04212e-11 1.14731e-10 -1.33789e-10 1.37419e-10 -1.27299e-10 1.06602e-10 -7.94743e-11 5.04168e-11 -2.36587e-11 2.60182e-12 1.05932e-11 -1.52283e-11 1.2077e-11 -3.18577e-12 -8.49678e-12 1.96059e-11 -2.68925e-11 2.77254e-11 -2.04955e-11 4.8686e-12 1.81459e-11 -4.63158e-11 7.64783e-11 -1.04961e-10 1.28073e-10 -1.42599e-10 1.46228e-10 -1.37866e-10 1.1778e-10 -8.75683e-11 4.9962e-11 -8.47622e-12 -3.30252e-11 7.08014e-11 -1.01676e-10 1.2339e-10 -1.34824e-10 1.3606e-10 -1.28287e-10 1.13557e-10 -9.44445e-11 7.36499e-11 -5.36097e-11 3.61679e-11 -2.23545e-11 1.23008e-11 -5.29984e-12 0. 
0.000115423 0.00010784 0.000100287 9.27908e-05 8.53865e-05 7.80944e-05 7.09591e-05 6.39852e-05 5.72396e-05 5.06979e-05 4.44588e-05 3.84713e-05 3.28382e-05 2.75462e-05 2.26044e-05 1.81309e-05 1.40316e-05 1.03952e-05 7.32992e-06 4.7004e-06 2.55084e-06 1.10681e-06 3.72557e-07 9.52073e-08 1.82003e-08 2.12734e-09 -6.34467e-11 -4.35621e-10 -3.64575e-10 -3.90816e-10 -3.81674e-10 -3.37756e-10 -3.73232e-10 -2.94805e-10 -3.40832e-10 -2.7324e-10 -2.62523e-10 -2.82936e-10 -1.66432e-10 -2.73572e-10 -7.5504e-11 -2.54371e-10 -2.31722e-11 -1.46717e-10 -1.1513e-11 7.96468e-12 -9.77034e-11 1.58719e-10 -2.27302e-10 2.81783e-10 -3.18856e-10 3.32438e-10 -3.20238e-10 2.8314e-10 -2.25503e-10 1.54657e-10 -7.98534e-11 1.08361e-11 4.37927e-11 -7.80489e-11 8.96473e-11 -8.0375e-11 5.57107e-11 -2.36463e-11 -6.99729e-12 2.84909e-11 -3.58501e-11 2.79277e-11 -7.55509e-12 -1.92259e-11 4.47776e-11 -6.18891e-11 6.57439e-11 -5.53022e-11 3.37186e-11 -7.64146e-12 -1.44636e-11 2.45574e-11 -1.72544e-11 -8.56638e-12 4.92249e-11 -9.69515e-11 1.41684e-10 -1.73485e-10 1.84929e-10 -1.72824e-10 1.38811e-10 -8.87069e-11 3.08114e-11 2.62886e-11 -7.57851e-11 1.1399e-10 -1.40615e-10 1.57988e-10 -1.6954e-10 1.78113e-10 -1.84673e-10 1.87835e-10 -1.84353e-10 1.70356e-10 -1.42893e-10 1.01244e-10 -4.75549e-11 -1.34065e-11 7.52763e-11 -1.31546e-10 1.7696e-10 -2.08434e-10 2.25248e-10 -2.28551e-10 2.20429e-10 -2.02931e-10 1.77417e-10 -1.44442e-10 1.04157e-10 -5.70244e-11 4.50299e-12 5.05856e-11 -1.04196e-10 1.51676e-10 -1.88666e-10 2.11982e-10 -2.20222e-10 2.13899e-10 -1.95144e-10 1.67083e-10 -1.33145e-10 9.64988e-11 -5.97495e-11 2.49062e-11 6.48512e-12 -3.31816e-11 5.41807e-11 -6.88002e-11 7.68599e-11 -7.88569e-11 7.60172e-11 -7.01475e-11 6.3292e-11 -5.72752e-11 5.32658e-11 -5.14898e-11 5.11813e-11 -5.07793e-11 4.83109e-11 -4.18565e-11 2.99817e-11 -1.2055e-11 -1.15898e-11 3.96391e-11 -6.99048e-11 9.95119e-11 -1.25149e-10 1.43374e-10 -1.50975e-10 1.45377e-10 -1.25059e-10 8.99253e-11 -4.15577e-11 -1.67257e-11 8.00462e-11 -1.42381e-10 1.97178e-10 -2.38092e-10 2.5974e-10 -2.58378e-10 2.32412e-10 -1.82686e-10 1.12515e-10 -2.7452e-11 -6.51714e-11 1.56922e-10 -2.39077e-10 3.03508e-10 -3.43543e-10 3.54716e-10 -3.35306e-10 2.86598e-10 -2.1282e-10 1.20757e-10 -1.90679e-11 -8.25964e-11 1.74599e-10 -2.48314e-10 2.97014e-10 -3.16551e-10 3.05752e-10 -2.66498e-10 2.03485e-10 -1.23674e-10 3.55246e-11 5.19309e-11 -1.30057e-10 1.91516e-10 -2.31011e-10 2.45773e-10 -2.35762e-10 2.03547e-10 -1.53903e-10 9.31702e-11 -2.84673e-11 -3.31456e-11 8.54598e-11 -1.23769e-10 1.45312e-10 -1.49465e-10 1.37669e-10 -1.1311e-10 8.02149e-11 -4.40145e-11 9.47117e-12 1.9147e-11 -3.87698e-11 4.78465e-11 -4.64521e-11 3.61751e-11 -1.98093e-11 9.00964e-13 1.67856e-11 -2.98084e-11 3.55238e-11 -3.24363e-11 2.03821e-11 -5.27377e-13 -2.48131e-11 5.25048e-11 -7.90233e-11 1.00923e-10 -1.15286e-10 1.20082e-10 -1.14411e-10 9.85871e-11 -7.40611e-11 4.32086e-11 -9.00443e-12 -2.53598e-11 5.68639e-11 -8.30014e-11 1.02031e-10 -1.13111e-10 1.16303e-10 -1.12453e-10 1.02982e-10 -8.96108e-11 7.40757e-11 -5.78712e-11 4.20634e-11 -2.71959e-11 1.32994e-11 0. 
0.000115423 0.00010784 0.000100287 9.27908e-05 8.53865e-05 7.80944e-05 7.09591e-05 6.39852e-05 5.72395e-05 5.0698e-05 4.44587e-05 3.84714e-05 3.2838e-05 2.75464e-05 2.26042e-05 1.81311e-05 1.40314e-05 1.03955e-05 7.32962e-06 4.70071e-06 2.55052e-06 1.10713e-06 3.72234e-07 9.55227e-08 1.79005e-08 2.40289e-09 -3.05901e-10 -2.34681e-10 -5.16921e-10 -2.91809e-10 -4.25877e-10 -3.45776e-10 -3.20042e-10 -3.81699e-10 -2.35473e-10 -3.79319e-10 -1.74134e-10 -3.36847e-10 -1.59689e-10 -2.26918e-10 -1.73455e-10 -1.1657e-10 -1.80175e-10 1.13576e-12 -1.17003e-10 3.70149e-11 -2.00794e-11 -4.71677e-11 1.15627e-10 -1.91387e-10 2.61416e-10 -3.17079e-10 3.4997e-10 -3.54501e-10 3.28765e-10 -2.75099e-10 1.99931e-10 -1.12881e-10 2.526e-11 5.1838e-11 -1.09456e-10 1.42374e-10 -1.49979e-10 1.36261e-10 -1.08818e-10 7.71285e-11 -5.03706e-11 3.53738e-11 -3.50784e-11 4.79982e-11 -6.87526e-11 8.96239e-11 -1.02727e-10 1.02254e-10 -8.61982e-11 5.70607e-11 -2.13318e-11 -1.21648e-11 3.46365e-11 -3.97652e-11 2.55497e-11 4.98117e-12 -4.44077e-11 8.27563e-11 -1.10035e-10 1.18766e-10 -1.05811e-10 7.29874e-11 -2.63507e-11 -2.56265e-11 7.43863e-11 -1.13433e-10 1.39673e-10 -1.53593e-10 1.5832e-10 -1.57951e-10 1.5574e-10 -1.52797e-10 1.47689e-10 -1.37058e-10 1.17008e-10 -8.47325e-11 3.98404e-11 1.50957e-11 -7.49161e-11 1.33031e-10 -1.82948e-10 2.19665e-10 -2.40503e-10 2.4518e-10 -2.35211e-10 2.12936e-10 -1.80596e-10 1.39793e-10 -9.15153e-11 3.66305e-11 2.33952e-11 -8.59136e-11 1.46924e-10 -2.01437e-10 2.44286e-10 -2.71137e-10 2.79366e-10 -2.68559e-10 2.40497e-10 -1.9868e-10 1.47593e-10 -9.19328e-11 3.60287e-11 1.64685e-11 -6.26425e-11 1.00233e-10 -1.27564e-10 1.4357e-10 -1.47939e-10 1.41293e-10 -1.25282e-10 1.02504e-10 -7.61865e-11 4.96899e-11 -2.59424e-11 6.95706e-12 6.44439e-12 -1.46373e-11 1.89487e-11 -2.12428e-11 2.34544e-11 -2.71759e-11 3.33674e-11 -4.22111e-11 5.30945e-11 -6.46903e-11 7.51055e-11 -8.2088e-11 8.32922e-11 -7.66037e-11 6.0505e-11 -3.44399e-11 -8.89312e-13 4.33645e-11 -8.94944e-11 1.34682e-10 -1.73697e-10 2.013e-10 -2.12916e-10 2.05273e-10 -1.76908e-10 1.28477e-10 -6.28339e-11 -1.51373e-11 9.89145e-11 -1.80927e-10 2.53284e-10 -3.08585e-10 3.40718e-10 -3.45571e-10 3.21566e-10 -2.69934e-10 1.94699e-10 -1.02337e-10 1.16736e-12 9.94883e-11 -1.90264e-10 2.62722e-10 -3.10234e-10 3.28662e-10 -3.1678e-10 2.76378e-10 -2.12047e-10 1.30677e-10 -4.07033e-11 -4.87992e-11 1.29076e-10 -1.9261e-10 2.33884e-10 -2.49905e-10 2.40447e-10 -2.07967e-10 1.5723e-10 -9.4696e-11 2.7723e-11 3.62834e-11 -9.07001e-11 1.30386e-10 -1.52184e-10 1.55167e-10 -1.40622e-10 1.11766e-10 -7.32612e-11 3.05717e-11 1.07354e-11 -4.56714e-11 7.04001e-11 -8.26435e-11 8.18735e-11 -6.92779e-11 4.75142e-11 -2.02915e-11 -8.15748e-12 3.36455e-11 -5.25647e-11 6.2323e-11 -6.16303e-11 5.06079e-11 -3.07152e-11 4.51107e-12 2.47098e-11 -5.3355e-11 7.79872e-11 -9.57334e-11 1.04602e-10 -1.03673e-10 9.31451e-11 -7.42417e-11 4.9003e-11 -1.99927e-11 -1.00322e-11 3.8443e-11 -6.30134e-11 8.2112e-11 -9.47982e-11 1.00819e-10 -1.00517e-10 9.46787e-11 -8.43469e-11 7.06383e-11 -5.45912e-11 3.70666e-11 -1.8714e-11 0. 
0.000115423 0.00010784 0.000100287 9.27908e-05 8.53865e-05 7.80945e-05 7.0959e-05 6.39853e-05 5.72395e-05 5.0698e-05 4.44586e-05 3.84714e-05 3.2838e-05 2.75464e-05 2.26042e-05 1.8131e-05 1.40315e-05 1.03953e-05 7.3298e-06 4.70049e-06 2.55077e-06 1.10684e-06 3.72558e-07 9.51682e-08 1.82773e-08 2.01491e-09 7.93138e-11 -6.00843e-10 -1.87309e-10 -5.67642e-10 -2.19051e-10 -4.72177e-10 -2.7999e-10 -3.36282e-10 -3.57976e-10 -1.95513e-10 -3.97097e-10 -1.01236e-10 -3.79905e-10 -4.82318e-11 -2.90025e-10 -7.37753e-11 -1.49037e-10 -9.13132e-11 1.17684e-11 -9.30122e-11 7.01461e-11 -5.60493e-11 7.38872e-12 5.78814e-11 -1.35984e-10 2.15901e-10 -2.86346e-10 3.36283e-10 -3.56951e-10 3.43427e-10 -2.95665e-10 2.18769e-10 -1.22327e-10 1.89208e-11 7.80176e-11 -1.56548e-10 2.08378e-10 -2.30281e-10 2.24541e-10 -1.98205e-10 1.61357e-10 -1.24699e-10 9.70903e-11 -8.35261e-11 8.41583e-11 -9.45424e-11 1.07105e-10 -1.13441e-10 1.06838e-10 -8.43453e-11 4.77927e-11 -3.46368e-12 -3.95293e-11 7.17284e-11 -8.59859e-11 7.95346e-11 -5.48689e-11 1.91669e-11 1.75956e-11 -4.53033e-11 5.63675e-11 -4.76347e-11 2.10054e-11 1.73773e-11 -5.9076e-11 9.58131e-11 -1.21668e-10 1.34362e-10 -1.35301e-10 1.2844e-10 -1.18446e-10 1.08801e-10 -1.00519e-10 9.18752e-11 -7.92043e-11 5.84421e-11 -2.6847e-11 -1.57045e-11 6.62809e-11 -1.19438e-10 1.68522e-10 -2.07262e-10 2.3114e-10 -2.38102e-10 2.285e-10 -2.04369e-10 1.68428e-10 -1.23209e-10 7.06461e-11 -1.22119e-11 -5.05101e-11 1.1515e-10 -1.7811e-10 2.34609e-10 -2.79264e-10 3.07062e-10 -3.14403e-10 2.99906e-10 -2.64725e-10 2.12328e-10 -1.47824e-10 7.70946e-11 -5.96401e-12 -6.03936e-11 1.17754e-10 -1.62906e-10 1.93605e-10 -2.08554e-10 2.07471e-10 -1.9122e-10 1.61918e-10 -1.22887e-10 7.83862e-11 -3.3106e-11 -8.47199e-12 4.27134e-11 -6.73122e-11 8.15038e-11 -8.59797e-11 8.25546e-11 -7.36885e-11 6.19885e-11 -4.97851e-11 3.88391e-11 -3.01833e-11 2.40801e-11 -2.00628e-11 1.70463e-11 -1.35038e-11 7.71397e-12 1.92462e-12 -1.65396e-11 3.64459e-11 -6.08933e-11 8.79684e-11 -1.14698e-10 1.3736e-10 -1.51963e-10 1.5482e-10 -1.43132e-10 1.1548e-10 -7.21626e-11 1.53307e-11 5.10974e-11 -1.21734e-10 1.902e-10 -2.4975e-10 2.93971e-10 -3.17501e-10 3.16684e-10 -2.90074e-10 2.38731e-10 -1.66248e-10 7.84863e-11 1.69519e-11 -1.11475e-10 1.9638e-10 -2.63773e-10 3.07396e-10 -3.23306e-10 3.10289e-10 -2.69995e-10 2.06763e-10 -1.27155e-10 3.9267e-11 4.81368e-11 -1.26545e-10 1.8859e-10 -2.28811e-10 2.44184e-10 -2.34394e-10 2.01782e-10 -1.51016e-10 8.84948e-11 -2.15896e-11 -4.2211e-11 9.61332e-11 -1.34843e-10 1.54982e-10 -1.55456e-10 1.37461e-10 -1.04239e-10 6.06155e-11 -1.2366e-11 -3.44948e-11 7.44265e-11 -1.0299e-10 1.17317e-10 -1.16374e-10 1.00998e-10 -7.37113e-11 3.83398e-11 4.99123e-13 -3.79796e-11 6.96465e-11 -9.192e-11 1.02473e-10 -1.00438e-10 8.64364e-11 -6.24279e-11 3.14143e-11 2.95927e-12 -3.68532e-11 6.66743e-11 -8.94585e-11 1.03153e-10 -1.06772e-10 1.00423e-10 -8.52008e-11 6.29909e-11 -3.61987e-11 7.4548e-12 2.06691e-11 -4.59017e-11 6.64467e-11 -8.10806e-11 8.91736e-11 -9.06461e-11 8.58783e-11 -7.55959e-11 6.0755e-11 -4.24423e-11 2.18031e-11 0. 
0.000115423 0.00010784 0.000100287 9.27907e-05 8.53866e-05 7.80944e-05 7.09591e-05 6.39851e-05 5.72396e-05 5.06979e-05 4.44588e-05 3.84713e-05 3.28382e-05 2.75462e-05 2.26044e-05 1.81309e-05 1.40316e-05 1.03952e-05 7.32986e-06 4.70047e-06 2.55075e-06 1.10693e-06 3.7241e-07 9.53832e-08 1.79961e-08 2.3564e-09 -3.11189e-10 -1.77969e-10 -6.21225e-10 -1.47409e-10 -5.99338e-10 -1.57343e-10 -5.07171e-10 -2.13102e-10 -3.68894e-10 -2.95417e-10 -1.98213e-10 -3.77309e-10 -5.66797e-11 -3.83272e-10 2.01563e-11 -3.25698e-10 1.91999e-11 -1.62549e-10 -1.23099e-11 8.64736e-12 -7.65446e-11 9.19203e-11 -9.26576e-11 6.25991e-11 -7.51415e-12 -6.70368e-11 1.50697e-10 -2.30848e-10 2.94286e-10 -3.29418e-10 3.28355e-10 -2.88486e-10 2.13238e-10 -1.11733e-10 -2.60128e-12 1.1434e-10 -2.08793e-10 2.74706e-10 -3.06258e-10 3.04004e-10 -2.74415e-10 2.28195e-10 -1.77644e-10 1.33773e-10 -1.03787e-10 8.9631e-11 -8.79226e-11 9.13174e-11 -9.09259e-11 7.91275e-11 -5.19948e-11 1.0637e-11 3.89361e-11 -8.74093e-11 1.2477e-10 -1.43181e-10 1.39272e-10 -1.15176e-10 7.79924e-11 -3.78348e-11 5.03969e-12 1.26259e-11 -1.19386e-11 -5.19177e-12 3.26423e-11 -6.2165e-11 8.59449e-11 -9.88097e-11 9.94181e-11 -9.01128e-11 7.55798e-11 -6.08422e-11 4.93175e-11 -4.16079e-11 3.54119e-11 -2.65379e-11 1.06194e-11 1.50961e-11 -5.0511e-11 9.23991e-11 -1.3514e-10 1.72169e-10 -1.97625e-10 2.07654e-10 -2.00977e-10 1.78663e-10 -1.43295e-10 9.79475e-11 -4.53893e-11 -1.22017e-11 7.2979e-11 -1.34821e-10 1.94722e-10 -2.48524e-10 2.91176e-10 -3.17512e-10 3.2331e-10 -3.06309e-10 2.66849e-10 -2.07954e-10 1.3486e-10 -5.41508e-11 -2.72293e-11 1.02827e-10 -1.67248e-10 2.16415e-10 -2.47602e-10 2.59387e-10 -2.51636e-10 2.25549e-10 -1.83725e-10 1.30125e-10 -6.984e-11 8.62047e-12 4.77955e-11 -9.44206e-11 1.27664e-10 -1.45738e-10 1.48742e-10 -1.38438e-10 1.17791e-10 -9.0404e-11 5.99701e-11 -2.98216e-11 2.62056e-12 1.98199e-11 -3.66043e-11 4.77366e-11 -5.40237e-11 5.68936e-11 -5.81269e-11 5.95139e-11 -6.24788e-11 6.77366e-11 -7.5057e-11 8.31978e-11 -9.00393e-11 9.29048e-11 -8.90169e-11 7.60075e-11 -5.23949e-11 1.79501e-11 2.6101e-11 -7.70663e-11 1.30967e-10 -1.8289e-10 2.27475e-10 -2.595e-10 2.74484e-10 -2.69277e-10 2.42526e-10 -1.94985e-10 1.29592e-10 -5.12947e-11 -3.33698e-11 1.16909e-10 -1.91642e-10 2.50527e-10 -2.87922e-10 3.00223e-10 -2.86274e-10 2.47521e-10 -1.87881e-10 1.13347e-10 -3.13634e-11 -4.99537e-11 1.22675e-10 -1.79893e-10 2.16449e-10 -2.29461e-10 2.186e-10 -1.86075e-10 1.36344e-10 -7.55704e-11 1.09003e-11 5.03506e-11 -1.01514e-10 1.3729e-10 -1.54296e-10 1.51384e-10 -1.29697e-10 9.24675e-11 -4.45851e-11 -8.01151e-12 5.90402e-11 -1.02598e-10 1.33818e-10 -1.49385e-10 1.47856e-10 -1.29757e-10 9.74523e-11 -5.48115e-11 6.71858e-12 4.151e-11 -8.47302e-11 1.18527e-10 -1.39664e-10 1.46375e-10 -1.38486e-10 1.17348e-10 -8.56102e-11 4.68672e-11 -5.22568e-12 -3.51546e-11 7.04924e-11 -9.77437e-11 1.14854e-10 -1.20887e-10 1.16025e-10 -1.01453e-10 7.91606e-11 -5.16744e-11 2.17755e-11 7.77807e-12 -3.44912e-11 5.63171e-11 -7.17773e-11 8.00169e-11 -8.08024e-11 7.44729e-11 -6.18612e-11 4.4197e-11 -2.30044e-11 0. 
0.000115423 0.00010784 0.000100287 9.27908e-05 8.53864e-05 7.80945e-05 7.0959e-05 6.39853e-05 5.72394e-05 5.06981e-05 4.44586e-05 3.84715e-05 3.28379e-05 2.75465e-05 2.26041e-05 1.81312e-05 1.40313e-05 1.03955e-05 7.32954e-06 4.70078e-06 2.55047e-06 1.10716e-06 3.72246e-07 9.54683e-08 1.8001e-08 2.25565e-09 -1.15046e-10 -4.62082e-10 -2.63838e-10 -5.56525e-10 -1.65757e-10 -5.84246e-10 -1.19513e-10 -5.30439e-10 -1.4835e-10 -4.00305e-10 -2.17693e-10 -2.36605e-10 -3.03071e-10 -5.82527e-11 -3.47305e-10 4.27145e-11 -3.08322e-10 8.74421e-11 -1.58779e-10 4.07694e-11 -1.43086e-12 -6.5039e-11 1.04946e-10 -1.23899e-10 1.13123e-10 -7.29066e-11 7.54347e-12 7.37165e-11 -1.5802e-10 2.30809e-10 -2.78238e-10 2.89715e-10 -2.60018e-10 1.90586e-10 -8.9598e-11 -2.92244e-11 1.48996e-10 -2.52727e-10 3.26533e-10 -3.6222e-10 3.58733e-10 -3.22031e-10 2.63472e-10 -1.96971e-10 1.35703e-10 -8.90766e-11 6.08028e-11 -4.85052e-11 4.49875e-11 -4.07831e-11 2.72722e-11 5.24386e-13 -4.22806e-11 9.23172e-11 -1.41186e-10 1.78424e-10 -1.95645e-10 1.89055e-10 -1.6062e-10 1.17539e-10 -7.02013e-11 2.92494e-11 -2.66371e-12 -6.25278e-12 -5.9464e-13 1.71474e-11 -3.54279e-11 4.81841e-11 -5.10731e-11 4.37031e-11 -2.92631e-11 1.29566e-11 1.46753e-13 -7.05871e-12 7.94157e-12 -5.96024e-12 6.01941e-12 -1.28758e-11 2.93126e-11 -5.50088e-11 8.64622e-11 -1.17938e-10 1.43067e-10 -1.56511e-10 1.55164e-10 -1.38548e-10 1.08397e-10 -6.77198e-11 1.97762e-11 3.26216e-11 -8.72549e-11 1.42129e-10 -1.94849e-10 2.42113e-10 -2.79625e-10 3.02563e-10 -3.06503e-10 2.88503e-10 -2.48005e-10 1.87249e-10 -1.11079e-10 2.62174e-11 5.97666e-11 -1.39504e-10 2.06652e-10 -2.56382e-10 2.85547e-10 -2.92654e-10 2.77773e-10 -2.42477e-10 1.89826e-10 -1.24302e-10 5.16081e-11 2.17628e-11 -8.91742e-11 1.4463e-10 -1.83529e-10 2.03237e-10 -2.03335e-10 1.85516e-10 -1.53184e-10 1.10845e-10 -6.34538e-11 1.58175e-11 2.78765e-11 -6.43781e-11 9.1557e-11 -1.08473e-10 1.15344e-10 -1.13424e-10 1.04763e-10 -9.18739e-11 7.73287e-11 -6.33288e-11 5.13412e-11 -4.18664e-11 3.43924e-11 -2.75492e-11 1.94329e-11 -8.03623e-12 -8.29833e-12 3.04809e-11 -5.83966e-11 9.07843e-11 -1.25284e-10 1.58644e-10 -1.87062e-10 2.0663e-10 -2.13822e-10 2.06e-10 -1.81838e-10 1.41644e-10 -8.74921e-11 2.31495e-11 4.62156e-11 -1.14525e-10 1.75421e-10 -2.2297e-10 2.52339e-10 -2.6037e-10 2.4598e-10 -2.10331e-10 1.56754e-10 -9.04359e-11 1.78868e-11 5.37345e-11 -1.17381e-10 1.66874e-10 -1.97569e-10 2.06859e-10 -1.9445e-10 1.62381e-10 -1.1478e-10 5.73887e-11 3.09743e-12 -5.97821e-11 1.06339e-10 -1.37706e-10 1.50626e-10 -1.43978e-10 1.18863e-10 -7.84405e-11 2.7538e-11 2.79157e-11 -8.15694e-11 1.2736e-10 -1.60175e-10 1.76396e-10 -1.74259e-10 1.54004e-10 -1.17798e-10 6.94528e-11 -1.39679e-11 -4.3032e-11 9.59102e-11 -1.39605e-10 1.70133e-10 -1.84949e-10 1.8315e-10 -1.65481e-10 1.34187e-10 -9.2705e-11 4.52592e-11 3.59951e-12 -4.94579e-11 8.84573e-11 -1.17626e-10 1.35098e-10 -1.40205e-10 1.3345e-10 -1.16363e-10 9.12827e-11 -6.10748e-11 2.88356e-11 2.40052e-12 -2.9918e-11 5.15257e-11 -6.56992e-11 7.16565e-11 -6.93707e-11 5.95261e-11 -4.34268e-11 2.28712e-11 0. 
0.000115423 0.00010784 0.000100287 9.27908e-05 8.53865e-05 7.80944e-05 7.09591e-05 6.39852e-05 5.72396e-05 5.06979e-05 4.44587e-05 3.84713e-05 3.28382e-05 2.75462e-05 2.26044e-05 1.81309e-05 1.40317e-05 1.03951e-05 7.33002e-06 4.70027e-06 2.55099e-06 1.10664e-06 3.72728e-07 9.50397e-08 1.83551e-08 1.9946e-09 3.90472e-11 -5.01252e-10 -3.40324e-10 -3.71622e-10 -4.43708e-10 -2.36205e-10 -5.08371e-10 -1.34335e-10 -5.16498e-10 -9.37845e-11 -4.33839e-10 -1.31359e-10 -2.87904e-10 -1.90466e-10 -1.14825e-10 -2.6091e-10 2.78053e-11 -2.37472e-10 1.11812e-10 -1.39255e-10 6.45955e-11 -1.10861e-11 -5.51394e-11 1.09256e-10 -1.44728e-10 1.52933e-10 -1.30446e-10 7.89303e-11 -5.60387e-12 -7.75661e-11 1.55647e-10 -2.13271e-10 2.37532e-10 -2.20624e-10 1.61711e-10 -6.74978e-11 -4.86559e-11 1.69078e-10 -2.75088e-10 3.50655e-10 -3.85547e-10 3.77302e-10 -3.31446e-10 2.59974e-10 -1.78335e-10 1.0172e-10 -4.1556e-11 3.09266e-12 1.52794e-11 -2.08393e-11 2.38259e-11 -3.39972e-11 5.74604e-11 -9.46981e-11 1.40363e-10 -1.84887e-10 2.17411e-10 -2.29116e-10 2.15945e-10 -1.79878e-10 1.28383e-10 -7.22365e-11 2.24301e-11 1.28612e-11 -3.03105e-11 3.18727e-11 -2.35681e-11 1.3095e-11 -7.11957e-12 9.16025e-12 -1.87389e-11 3.20076e-11 -4.3542e-11 4.85991e-11 -4.50086e-11 3.40336e-11 -1.99322e-11 8.42322e-12 -4.64173e-12 1.13214e-11 -2.78255e-11 5.03151e-11 -7.29304e-11 8.95172e-11 -9.52818e-11 8.78432e-11 -6.74204e-11 3.62349e-11 2.51729e-12 -4.56565e-11 9.05896e-11 -1.35303e-10 1.77892e-10 -2.15952e-10 2.46184e-10 -2.64507e-10 2.66704e-10 -2.49435e-10 2.11282e-10 -1.53457e-10 7.99441e-11 2.97981e-12 -8.76947e-11 1.66377e-10 -2.32036e-10 2.79243e-10 -3.04477e-10 3.0617e-10 -2.84573e-10 2.41602e-10 -1.80703e-10 1.06735e-10 -2.57696e-11 -5.52894e-11 1.29296e-10 -1.89633e-10 2.31015e-10 -2.50179e-10 2.46278e-10 -2.20918e-10 1.77824e-10 -1.22242e-10 6.02057e-11 2.19454e-12 -5.943e-11 1.06995e-10 -1.41702e-10 1.61835e-10 -1.67179e-10 1.58927e-10 -1.3947e-10 1.1207e-10 -8.04214e-11 4.81557e-11 -1.83621e-11 -6.79747e-12 2.63063e-11 -4.03049e-11 4.99036e-11 -5.68388e-11 6.30479e-11 -7.02426e-11 7.95506e-11 -9.12778e-11 1.04812e-10 -1.18677e-10 1.30714e-10 -1.38381e-10 1.39124e-10 -1.30779e-10 1.11967e-10 -8.24154e-11 4.3155e-11 3.44395e-12 -5.38221e-11 1.0356e-10 -1.47851e-10 1.8206e-10 -2.02292e-10 2.059e-10 -1.91858e-10 1.60956e-10 -1.15781e-10 6.04987e-11 -4.39397e-13 -5.84556e-11 1.10272e-10 -1.49773e-10 1.7299e-10 -1.77683e-10 1.63609e-10 -1.32576e-10 8.82546e-11 -3.57789e-11 -1.88204e-11 6.92908e-11 -1.09857e-10 1.35865e-10 -1.44301e-10 1.34118e-10 -1.06352e-10 6.3998e-11 -1.16721e-11 -4.48973e-11 9.95013e-11 -1.46125e-10 1.79596e-10 -1.9613e-10 1.93721e-10 -1.72334e-10 1.3388e-10 -8.19879e-11 2.15989e-11 4.15654e-11 -1.016e-10 1.53015e-10 -1.91266e-10 2.13176e-10 -2.17194e-10 2.03484e-10 -1.73836e-10 1.31425e-10 -8.04374e-11 2.56247e-11 2.81722e-11 -7.64822e-11 1.15597e-10 -1.42865e-10 1.56867e-10 -1.57461e-10 1.45711e-10 -1.237e-10 9.42745e-11 -6.07309e-11 2.64898e-11 5.21939e-12 -3.16335e-11 5.06725e-11 -6.10841e-11 6.25106e-11 -5.54778e-11 4.13136e-11 -2.20036e-11 0. 
0.000115423 0.00010784 0.000100287 9.27908e-05 8.53865e-05 7.80944e-05 7.09591e-05 6.39852e-05 5.72396e-05 5.06979e-05 4.44587e-05 3.84714e-05 3.28381e-05 2.75463e-05 2.26042e-05 1.81311e-05 1.40314e-05 1.03955e-05 7.32958e-06 4.70079e-06 2.55041e-06 1.10726e-06 3.72081e-07 9.569e-08 1.77253e-08 2.57891e-09 -4.75793e-10 -7.74928e-11 -6.55441e-10 -1.77146e-10 -5.12413e-10 -2.90562e-10 -3.41998e-10 -3.93465e-10 -1.91226e-10 -4.52904e-10 -7.63561e-11 -4.51729e-10 -3.64447e-11 -3.48663e-10 -6.34138e-11 -2.05297e-10 -1.20797e-10 -2.33013e-11 -1.30073e-10 8.69682e-11 -1.0343e-10 6.40329e-11 -1.69567e-11 -4.35485e-11 1.0302e-10 -1.50753e-10 1.76296e-10 -1.72781e-10 1.38428e-10 -7.74585e-11 -1.37481e-13 8.00607e-11 -1.46191e-10 1.83735e-10 -1.8235e-10 1.38626e-10 -5.72393e-11 -4.95232e-11 1.63944e-10 -2.66315e-10 3.38997e-10 -3.70082e-10 3.55882e-10 -3.01523e-10 2.19527e-10 -1.26652e-10 3.98065e-11 2.7937e-11 -7.01781e-11 8.81413e-11 -8.95152e-11 8.55468e-11 -8.72564e-11 1.01894e-10 -1.30684e-10 1.68511e-10 -2.05611e-10 2.30712e-10 -2.34628e-10 2.13173e-10 -1.68508e-10 1.08504e-10 -4.44044e-11 -1.24582e-11 5.37968e-11 -7.6382e-11 8.23386e-11 -7.77362e-11 7.00435e-11 -6.53792e-11 6.65078e-11 -7.22297e-11 7.82886e-11 -7.938e-11 7.1471e-11 -5.35645e-11 2.82808e-11 -1.08247e-12 -2.15369e-11 3.42189e-11 -3.4488e-11 2.3496e-11 -5.56473e-12 -1.32355e-11 2.69169e-11 -3.11687e-11 2.42219e-11 -6.80607e-12 -1.86252e-11 4.89785e-11 -8.14366e-11 1.1387e-10 -1.4467e-10 1.72192e-10 -1.94183e-10 2.07535e-10 -2.08583e-10 1.93902e-10 -1.61353e-10 1.11006e-10 -4.56202e-11 -2.95164e-11 1.07326e-10 -1.80054e-10 2.4043e-10 -2.82617e-10 3.02763e-10 -2.99169e-10 2.72177e-10 -2.23929e-10 1.58128e-10 -7.98311e-11 -4.77153e-12 8.86933e-11 -1.64667e-10 2.25848e-10 -2.66616e-10 2.83318e-10 -2.74787e-10 2.42502e-10 -1.90365e-10 1.24134e-10 -5.06579e-11 -2.29575e-11 9.00989e-11 -1.45241e-10 1.84356e-10 -2.05141e-10 2.07093e-10 -1.91448e-10 1.60984e-10 -1.19684e-10 7.22815e-11 -2.37055e-11 -2.14912e-11 5.96499e-11 -8.83793e-11 1.06725e-10 -1.15117e-10 1.15114e-10 -1.09018e-10 9.94131e-11 -8.87352e-11 7.89114e-11 -7.11192e-11 6.56791e-11 -6.20812e-11 5.91321e-11 -5.52023e-11 4.85417e-11 -3.7627e-11 2.14916e-11 1.21788e-14 -2.60643e-11 5.48758e-11 -8.38458e-11 1.0986e-10 -1.29694e-10 1.4046e-10 -1.40037e-10 1.27416e-10 -1.02916e-10 6.82396e-11 -2.63534e-11 -1.87923e-11 6.26745e-11 -1.00696e-10 1.28715e-10 -1.43543e-10 1.43348e-10 -1.27924e-10 9.87616e-11 -5.89388e-11 1.28099e-11 3.4457e-11 -7.74486e-11 1.11115e-10 -1.31344e-10 1.35441e-10 -1.2245e-10 9.32866e-11 -5.06633e-11 -1.1803e-12 5.69192e-11 -1.10703e-10 1.56772e-10 -1.90073e-10 2.06786e-10 -2.04731e-10 1.83595e-10 -1.44958e-10 9.21272e-11 -2.97918e-11 -3.64567e-11 1.00688e-10 -1.57217e-10 2.01148e-10 -2.28829e-10 2.38164e-10 -2.28765e-10 2.01933e-10 -1.60477e-10 1.08392e-10 -5.04361e-11 -8.33657e-12 6.30588e-11 -1.09485e-10 1.44345e-10 -1.65588e-10 1.725e-10 -1.65686e-10 1.46937e-10 -1.18993e-10 8.52304e-11 -4.93144e-11 1.48417e-11 1.49912e-11 -3.76659e-11 5.15445e-11 -5.5985e-11 5.1361e-11 -3.89902e-11 2.09791e-11 0. 
0.000115423 0.00010784 0.000100287 9.27908e-05 8.53865e-05 7.80945e-05 7.0959e-05 6.39853e-05 5.72395e-05 5.0698e-05 4.44586e-05 3.84715e-05 3.2838e-05 2.75464e-05 2.26042e-05 1.81311e-05 1.40314e-05 1.03953e-05 7.3298e-06 4.70048e-06 2.55081e-06 1.10678e-06 3.72644e-07 9.50634e-08 1.83995e-08 1.87733e-09 2.30242e-10 -7.6299e-10 -1.64666e-11 -7.43905e-10 -4.17292e-11 -6.44916e-10 -1.18738e-10 -4.78196e-10 -2.43584e-10 -2.74743e-10 -3.59085e-10 -9.46062e-11 -4.31102e-10 4.34376e-11 -4.14043e-10 7.09919e-11 -3.00585e-10 5.22008e-11 -1.09777e-10 -4.85178e-12 2.2997e-11 -5.30831e-11 4.73886e-11 -2.02534e-11 -2.68577e-11 8.37161e-11 -1.38466e-10 1.78645e-10 -1.93963e-10 1.78647e-10 -1.33097e-10 6.43654e-11 1.47945e-11 -8.82144e-11 1.39601e-10 -1.56108e-10 1.31451e-10 -6.77246e-11 -2.45371e-11 1.28275e-10 -2.23382e-10 2.91078e-10 -3.18071e-10 2.99551e-10 -2.4017e-10 1.52754e-10 -5.50274e-11 -3.48241e-11 1.02568e-10 -1.41148e-10 1.51851e-10 -1.43119e-10 1.27406e-10 -1.17034e-10 1.20292e-10 -1.38947e-10 1.6789e-10 -1.96981e-10 2.14454e-10 -2.10782e-10 1.81771e-10 -1.29906e-10 6.35861e-11 5.44427e-12 -6.55706e-11 1.08537e-10 -1.31393e-10 1.36606e-10 -1.30424e-10 1.20173e-10 -1.11494e-10 1.06504e-10 -1.03459e-10 9.79659e-11 -8.51717e-11 6.2089e-11 -2.91533e-11 -9.54038e-12 4.73806e-11 -7.73106e-11 9.40587e-11 -9.57394e-11 8.43035e-11 -6.47552e-11 4.3496e-11 -2.64285e-11 1.74743e-11 -1.79397e-11 2.68012e-11 -4.16353e-11 5.97158e-11 -7.88098e-11 9.74018e-11 -1.14364e-10 1.28345e-10 -1.37261e-10 1.3822e-10 -1.27997e-10 1.03946e-10 -6.50161e-11 1.25106e-11 4.97099e-11 -1.15663e-10 1.78197e-10 -2.30179e-10 2.65591e-10 -2.80303e-10 2.72402e-10 -2.42159e-10 1.9176e-10 -1.24972e-10 4.68445e-11 3.65659e-11 -1.18497e-10 1.91917e-10 -2.50129e-10 2.87512e-10 -3.00266e-10 2.87008e-10 -2.4905e-10 1.90292e-10 -1.16734e-10 3.57137e-11 4.49803e-11 -1.17965e-10 1.76974e-10 -2.17374e-10 2.36462e-10 -2.33586e-10 2.10098e-10 -1.69159e-10 1.15401e-10 -5.44501e-11 -7.66638e-12 6.51635e-11 -1.13121e-10 1.47987e-10 -1.67891e-10 1.72712e-10 -1.63922e-10 1.44231e-10 -1.17113e-10 8.63008e-11 -5.53092e-11 2.70542e-11 -3.58821e-12 -1.40288e-11 2.57257e-11 -3.22941e-11 3.51584e-11 -3.60713e-11 3.6775e-11 -3.86758e-11 4.25817e-11 -4.85481e-11 5.58579e-11 -6.31409e-11 6.86135e-11 -7.03978e-11 6.68684e-11 -5.69703e-11 4.04603e-11 -1.80347e-11 -8.67454e-12 3.72376e-11 -6.46837e-11 8.78473e-11 -1.03764e-10 1.10066e-10 -1.0533e-10 8.93266e-11 -6.31365e-11 2.91065e-11 9.35037e-12 -4.8098e-11 8.27239e-11 -1.09037e-10 1.23562e-10 -1.23962e-10 1.0935e-10 -8.04397e-11 3.95301e-11 9.69575e-12 -6.25202e-11 1.13663e-10 -1.57822e-10 1.90226e-10 -2.0714e-10 2.06264e-10 -1.8699e-10 1.50485e-10 -9.95873e-11 3.85346e-11 2.74449e-11 -9.26427e-11 1.51419e-10 -1.98741e-10 2.30648e-10 -2.44607e-10 2.39721e-10 -2.16776e-10 1.78122e-10 -1.27414e-10 6.92302e-11 -8.62431e-12 -4.9359e-11 1.00143e-10 -1.40017e-10 1.66436e-10 -1.78199e-10 1.75487e-10 -1.59781e-10 1.33648e-10 -1.00446e-10 6.39602e-11 -2.80208e-11 -3.87273e-12 2.8877e-11 -4.50563e-11 5.15383e-11 -4.85626e-11 3.742e-11 -2.0291e-11 0. 
0.000115423 0.00010784 0.000100287 9.27908e-05 8.53865e-05 7.80944e-05 7.09591e-05 6.39852e-05 5.72396e-05 5.06979e-05 4.44588e-05 3.84713e-05 3.28382e-05 2.75462e-05 2.26044e-05 1.81309e-05 1.40316e-05 1.03952e-05 7.32987e-06 4.70048e-06 2.55073e-06 1.10695e-06 3.72384e-07 9.54172e-08 1.79533e-08 2.41094e-09 -3.81467e-10 -8.72493e-11 -7.36981e-10 -3.14359e-12 -7.734e-10 4.46622e-11 -7.31476e-10 2.38723e-11 -6.05312e-10 -7.53777e-11 -3.85009e-10 -2.39711e-10 -1.32126e-10 -3.77992e-10 8.66571e-11 -4.58492e-10 2.05926e-10 -3.85182e-10 2.24599e-10 -2.1993e-10 1.22918e-10 -6.19758e-11 5.34923e-12 2.38924e-11 -2.49471e-11 -1.85058e-12 4.93539e-11 -1.05943e-10 1.57528e-10 -1.90499e-10 1.94791e-10 -1.66383e-10 1.08647e-10 -3.20645e-11 -4.77113e-11 1.13189e-10 -1.49017e-10 1.45758e-10 -1.02447e-10 2.72894e-11 6.38835e-11 -1.51038e-10 2.14581e-10 -2.3999e-10 2.21312e-10 -1.62546e-10 7.65132e-11 1.85197e-11 -1.03583e-10 1.63816e-10 -1.92018e-10 1.89959e-10 -1.67115e-10 1.37245e-10 -1.13875e-10 1.06075e-10 -1.15809e-10 1.37632e-10 -1.60768e-10 1.72836e-10 -1.63992e-10 1.30153e-10 -7.42828e-11 5.41297e-12 6.42043e-11 -1.22784e-10 1.62298e-10 -1.80301e-10 1.79805e-10 -1.67376e-10 1.50284e-10 -1.33758e-10 1.19362e-10 -1.04979e-10 8.63144e-11 -5.92423e-11 2.2055e-11 2.32615e-11 -7.11932e-11 1.14217e-10 -1.45091e-10 1.59066e-10 -1.55254e-10 1.36714e-10 -1.09324e-10 7.9911e-11 -5.43472e-11 3.62382e-11 -2.65575e-11 2.41734e-11 -2.69e-11 3.2554e-11 -3.95842e-11 4.70894e-11 -5.43403e-11 6.01443e-11 -6.24472e-11 5.84414e-11 -4.52152e-11 2.07299e-11 1.52368e-11 -6.05443e-11 1.10758e-10 -1.59829e-10 2.01182e-10 -2.28886e-10 2.38598e-10 -2.28102e-10 1.97399e-10 -1.48479e-10 8.49321e-11 -1.1559e-11 -6.59558e-11 1.41346e-10 -2.08122e-10 2.60058e-10 -2.91829e-10 2.99712e-10 -2.82203e-10 2.40399e-10 -1.78005e-10 1.00962e-10 -1.67323e-11 -6.65909e-11 1.41207e-10 -2.00415e-10 2.39214e-10 -2.5468e-10 2.46115e-10 -2.15019e-10 1.64891e-10 -1.00884e-10 2.93151e-11 4.29468e-11 -1.09173e-10 1.63469e-10 -2.01381e-10 2.20324e-10 -2.19768e-10 2.01162e-10 -1.67629e-10 1.23485e-10 -7.36664e-11 2.31561e-11 2.35322e-11 -6.27642e-11 9.20603e-11 -1.10226e-10 1.17336e-10 -1.14587e-10 1.04031e-10 -8.82277e-11 6.98575e-11 -5.13532e-11 3.45952e-11 -2.07198e-11 1.00605e-11 -2.22554e-12 -3.71263e-12 8.95248e-12 -1.46734e-11 2.17669e-11 -3.06305e-11 4.10521e-11 -5.21994e-11 6.27151e-11 -7.09054e-11 7.4996e-11 -7.34233e-11 6.51202e-11 -4.97547e-11 2.78837e-11 -9.93919e-13 -2.85837e-11 5.78833e-11 -8.36141e-11 1.02538e-10 -1.11864e-10 1.09617e-10 -9.49286e-11 6.82136e-11 -3.12081e-11 -1.31386e-11 6.09137e-11 -1.07607e-10 1.48554e-10 -1.79419e-10 1.96648e-10 -1.97866e-10 1.82148e-10 -1.50158e-10 1.0412e-10 -4.76259e-11 -1.46846e-11 7.75637e-11 -1.35651e-10 1.83982e-10 -2.18453e-10 2.36207e-10 -2.35886e-10 2.17741e-10 -1.83588e-10 1.36608e-10 -8.10243e-11 2.16899e-11 3.63814e-11 -8.84829e-11 1.30641e-10 -1.59958e-10 1.74841e-10 -1.75101e-10 1.61902e-10 -1.37601e-10 1.05454e-10 -6.92644e-11 3.29783e-11 -2.81851e-13 -2.57618e-11 4.30034e-11 -5.03976e-11 4.80768e-11 -3.73025e-11 2.03006e-11 0. 
0.000115423 0.00010784 0.000100287 9.27907e-05 8.53865e-05 7.80944e-05 7.09591e-05 6.39852e-05 5.72395e-05 5.0698e-05 4.44587e-05 3.84714e-05 3.2838e-05 2.75464e-05 2.26041e-05 1.81312e-05 1.40313e-05 1.03955e-05 7.3296e-06 4.70072e-06 2.55053e-06 1.10711e-06 3.72278e-07 9.54519e-08 1.8003e-08 2.26366e-09 -1.25574e-10 -4.59154e-10 -2.47437e-10 -6.04161e-10 -7.65239e-11 -7.22107e-10 6.90627e-11 -7.65699e-10 1.22954e-10 -6.90759e-10 7.0033e-11 -4.96854e-10 -9.51487e-11 -1.91979e-10 -3.03673e-10 9.66764e-11 -4.57512e-10 3.19439e-10 -4.52312e-10 3.68219e-10 -3.32294e-10 2.39769e-10 -1.49115e-10 6.24449e-11 2.09895e-12 -3.53328e-11 3.34846e-11 -2.97024e-13 -5.3761e-11 1.13526e-10 -1.62341e-10 1.85791e-10 -1.75121e-10 1.29552e-10 -5.67985e-11 -2.83844e-11 1.07504e-10 -1.62679e-10 1.81105e-10 -1.58412e-10 1.00085e-10 -2.03769e-11 -6.10112e-11 1.238e-10 -1.52225e-10 1.39059e-10 -8.74004e-11 9.72657e-12 7.55707e-11 -1.49209e-10 1.96182e-10 -2.09581e-10 1.91992e-10 -1.54081e-10 1.10857e-10 -7.67957e-11 6.13388e-11 -6.61778e-11 8.51065e-11 -1.0642e-10 1.17007e-10 -1.06764e-10 7.18779e-11 -1.59674e-11 -5.12059e-11 1.16908e-10 -1.69336e-10 2.00923e-10 -2.09979e-10 2.00251e-10 -1.78741e-10 1.52698e-10 -1.26962e-10 1.02591e-10 -7.72106e-11 4.67999e-11 -8.14125e-12 -3.90845e-11 9.13805e-11 -1.42039e-10 1.8302e-10 -2.07391e-10 2.11424e-10 -1.95632e-10 1.64443e-10 -1.24717e-10 8.37158e-11 -4.72552e-11 1.86342e-11 1.43895e-12 -1.40916e-11 2.11648e-11 -2.42547e-11 2.42897e-11 -2.17256e-11 1.71408e-11 -1.18447e-11 8.12312e-12 -8.92594e-12 1.7063e-11 -3.41988e-11 6.00312e-11 -9.1979e-11 1.25507e-10 -1.54994e-10 1.74871e-10 -1.80686e-10 1.69839e-10 -1.41856e-10 9.82559e-11 -4.21751e-11 -2.20829e-11 8.94379e-11 -1.54346e-10 2.11098e-10 -2.54193e-10 2.78841e-10 -2.81576e-10 2.60855e-10 -2.17501e-10 1.54834e-10 -7.84235e-11 -4.52119e-12 8.60021e-11 -1.58173e-10 2.14207e-10 -2.48974e-10 2.59474e-10 -2.45033e-10 2.07283e-10 -1.49964e-10 7.85728e-11 1.27804e-13 -7.87298e-11 1.49887e-10 -2.07054e-10 2.45153e-10 -2.61101e-10 2.54085e-10 -2.25574e-10 1.7906e-10 -1.19583e-10 5.31151e-11 1.40958e-11 -7.61612e-11 1.28089e-10 -1.6619e-10 1.8833e-10 -1.94012e-10 1.84301e-10 -1.61593e-10 1.29256e-10 -9.11972e-11 5.13856e-11 -1.34169e-11 -1.98427e-11 4.64819e-11 -6.56231e-11 7.73561e-11 -8.25524e-11 8.26013e-11 -7.91109e-11 7.3623e-11 -6.73755e-11 6.11432e-11 -5.51712e-11 4.92041e-11 -4.26049e-11 3.45412e-11 -2.42118e-11 1.10776e-11 4.94126e-12 -2.33361e-11 4.29716e-11 -6.21527e-11 7.87895e-11 -9.06436e-11 9.56219e-11 -9.20802e-11 7.90956e-11 -5.66693e-11 2.58311e-11 1.13732e-11 -5.20154e-11 9.2531e-11 -1.29054e-10 1.57806e-10 -1.755e-10 1.79711e-10 -1.69172e-10 1.43961e-10 -1.05547e-10 5.67043e-11 -1.2761e-12 -5.61676e-11 1.10757e-10 -1.57787e-10 1.93166e-10 -2.13817e-10 2.17972e-10 -2.05342e-10 1.77142e-10 -1.35968e-10 8.55379e-11 -3.03266e-11 -2.48712e-11 7.54022e-11 -1.17195e-10 1.47136e-10 -1.63342e-10 1.65302e-10 -1.53888e-10 1.31211e-10 -1.00373e-10 6.51113e-11 -2.9391e-11 -3.01364e-12 2.8912e-11 -4.60179e-11 5.31687e-11 -5.04212e-11 3.90144e-11 -2.1206e-11 0. 
0.000115423 0.00010784 0.000100287 9.27908e-05 8.53864e-05 7.80945e-05 7.0959e-05 6.39853e-05 5.72395e-05 5.0698e-05 4.44586e-05 3.84714e-05 3.2838e-05 2.75464e-05 2.26043e-05 1.8131e-05 1.40315e-05 1.03953e-05 7.32985e-06 4.70045e-06 2.55082e-06 1.10679e-06 3.72611e-07 9.5121e-08 1.8313e-08 1.99844e-09 6.77702e-11 -5.52045e-10 -2.82045e-10 -4.20076e-10 -4.23216e-10 -2.12056e-10 -5.89994e-10 1.15458e-11 -7.25686e-10 1.6915e-10 -7.32523e-10 1.77954e-10 -5.78029e-10 4.92802e-11 -2.75475e-10 -2.01743e-10 8.28543e-11 -4.07599e-10 3.85315e-10 -4.92919e-10 4.66451e-10 -4.2452e-10 3.33478e-10 -2.23197e-10 1.09252e-10 -1.17568e-11 -5.38616e-11 7.87488e-11 -6.27073e-11 1.43188e-11 5.08059e-11 -1.13391e-10 1.54863e-10 -1.61695e-10 1.28768e-10 -6.07913e-11 -2.85853e-11 1.19969e-10 -1.92934e-10 2.31193e-10 -2.26809e-10 1.82396e-10 -1.10536e-10 3.05896e-11 3.64005e-11 -7.32842e-11 7.13565e-11 -3.25716e-11 -3.12247e-11 1.01843e-10 -1.60049e-10 1.91049e-10 -1.88538e-10 1.56103e-10 -1.05608e-10 5.31051e-11 -1.36128e-11 -3.58161e-12 -2.39244e-12 2.41154e-11 -4.86874e-11 6.22192e-11 -5.44748e-11 2.21379e-11 3.03122e-11 -9.22834e-11 1.50612e-10 -1.93663e-10 2.14582e-10 -2.12667e-10 1.9255e-10 -1.61705e-10 1.27325e-10 -9.37944e-11 6.16504e-11 -2.83075e-11 -9.8785e-12 5.51311e-11 -1.06392e-10 1.58829e-10 -2.04898e-10 2.36538e-10 -2.47667e-10 2.36049e-10 -2.03922e-10 1.57213e-10 -1.03735e-10 5.10611e-11 -4.82335e-12 -3.2067e-11 5.91813e-11 -7.7625e-11 8.89059e-11 -9.4132e-11 9.38239e-11 -8.8307e-11 7.8375e-11 -6.581e-11 5.34278e-11 -4.45503e-11 4.20708e-11 -4.74662e-11 6.01386e-11 -7.73455e-11 9.47529e-11 -1.07425e-10 1.10933e-10 -1.02248e-10 8.02336e-11 -4.56713e-11 9.55905e-13 5.03626e-11 -1.04017e-10 1.55364e-10 -1.99641e-10 2.32241e-10 -2.49074e-10 2.47059e-10 -2.24667e-10 1.8239e-10 -1.22977e-10 5.13303e-11 2.59645e-11 -1.01398e-10 1.67446e-10 -2.17457e-10 2.4638e-10 -2.51263e-10 2.31476e-10 -1.88719e-10 1.26829e-10 -5.14272e-11 -3.05605e-11 1.11514e-10 -1.83817e-10 2.40603e-10 -2.76461e-10 2.88015e-10 -2.7428e-10 2.36749e-10 -1.79191e-10 1.07192e-10 -2.7522e-11 -5.2584e-11 1.26153e-10 -1.87119e-10 2.30838e-10 -2.54448e-10 2.57031e-10 -2.39607e-10 2.04926e-10 -1.5711e-10 1.01171e-10 -4.24508e-11 -1.39351e-11 6.3596e-11 -1.03244e-10 1.30916e-10 -1.46017e-10 1.49213e-10 -1.42184e-10 1.27301e-10 -1.07256e-10 8.47102e-11 -6.19884e-11 4.08565e-11 -2.23984e-11 7.00195e-12 5.55279e-12 -1.59206e-11 2.49639e-11 -3.35081e-11 4.21184e-11 -5.09351e-11 5.9593e-11 -6.72371e-11 7.26349e-11 -7.4365e-11 7.10568e-11 -6.16454e-11 4.56039e-11 -2.31197e-11 -4.81317e-12 3.64031e-11 -6.91759e-11 1.00188e-10 -1.2632e-10 1.4461e-10 -1.52602e-10 1.48657e-10 -1.32189e-10 1.03804e-10 -6.53016e-11 1.95591e-11 2.97146e-11 -7.83201e-11 1.21973e-10 -1.56728e-10 1.79383e-10 -1.87808e-10 1.81174e-10 -1.60053e-10 1.26366e-10 -8.32042e-11 3.45185e-11 1.52714e-11 -6.17216e-11 1.00806e-10 -1.29317e-10 1.45168e-10 -1.47591e-10 1.37178e-10 -1.15791e-10 8.63349e-11 -5.24185e-11 1.79538e-11 1.32772e-11 -3.80317e-11 5.39518e-11 -5.98071e-11 5.56098e-11 -4.25895e-11 2.30319e-11 0. 
0.000115423 0.00010784 0.000100287 9.27907e-05 8.53866e-05 7.80943e-05 7.09592e-05 6.39851e-05 5.72396e-05 5.06978e-05 4.44588e-05 3.84713e-05 3.28382e-05 2.75462e-05 2.26044e-05 1.81309e-05 1.40316e-05 1.03952e-05 7.32983e-06 4.70052e-06 2.55069e-06 1.107e-06 3.7232e-07 9.54893e-08 1.78772e-08 2.48263e-09 -4.36351e-10 -6.48245e-11 -7.09479e-10 -9.77725e-11 -5.97247e-10 -2.21908e-10 -3.736e-10 -4.16287e-10 -1.02707e-10 -6.1017e-10 1.43186e-10 -7.17357e-10 2.50436e-10 -6.25688e-10 1.69851e-10 -3.62327e-10 -6.6609e-11 4.20854e-11 -3.18977e-10 3.89271e-10 -4.95672e-10 5.1216e-10 -4.80779e-10 3.95157e-10 -2.74806e-10 1.4033e-10 -1.52277e-11 -7.97239e-11 1.30386e-10 -1.32218e-10 9.13026e-11 -2.30468e-11 -5.12188e-11 1.09154e-10 -1.3268e-10 1.12407e-10 -5.00218e-11 -4.19796e-11 1.43342e-10 -2.31114e-10 2.85545e-10 -2.95182e-10 2.59876e-10 -1.90714e-10 1.06937e-10 -3.05926e-11 -1.95558e-11 3.31344e-11 -1.07927e-11 -3.64053e-11 9.06374e-11 -1.32907e-10 1.48831e-10 -1.32859e-10 8.96184e-11 -3.20326e-11 -2.31389e-11 6.08436e-11 -7.25461e-11 5.87576e-11 -2.85181e-11 -3.90216e-12 2.39005e-11 -2.13526e-11 -6.25567e-12 5.33371e-11 -1.08371e-10 1.57838e-10 -1.90476e-10 2.00389e-10 -1.88046e-10 1.59032e-10 -1.21232e-10 8.16417e-11 -4.40462e-11 8.37717e-12 2.81591e-11 -6.87826e-11 1.14704e-10 -1.63586e-10 2.09531e-10 -2.44591e-10 2.61211e-10 -2.5466e-10 2.24571e-10 -1.75068e-10 1.13534e-10 -4.85317e-11 -1.2317e-11 6.38048e-11 -1.0357e-10 1.31554e-10 -1.48914e-10 1.56947e-10 -1.56492e-10 1.47992e-10 -1.32042e-10 1.10053e-10 -8.46157e-11 5.93041e-11 -3.79367e-11 2.35481e-11 -1.7471e-11 1.88775e-11 -2.49542e-11 3.16439e-11 -3.46914e-11 3.06548e-11 -1.75966e-11 -4.67524e-12 3.47745e-11 -7.01451e-11 1.07517e-10 -1.43271e-10 1.73689e-10 -1.95139e-10 2.04315e-10 -1.98591e-10 1.7647e-10 -1.38054e-10 8.53585e-11 -2.23551e-11 -4.53305e-11 1.11042e-10 -1.67915e-10 2.0975e-10 -2.3176e-10 2.31113e-10 -2.07207e-10 1.61703e-10 -9.83463e-11 2.26339e-11 5.86489e-11 -1.38006e-10 2.07897e-10 -2.61462e-10 2.93226e-10 -2.99706e-10 2.79831e-10 -2.35087e-10 1.69377e-10 -8.86055e-11 4.52551e-14 8.84167e-11 -1.69064e-10 2.35081e-10 -2.81153e-10 3.03912e-10 -3.02169e-10 2.76959e-10 -2.31362e-10 1.70145e-10 -9.92434e-11 2.51375e-11 4.58028e-11 -1.07937e-10 1.56862e-10 -1.89753e-10 2.05516e-10 -2.04736e-10 1.89457e-10 -1.62823e-10 1.28637e-10 -9.08993e-11 5.33669e-11 -1.91819e-11 -9.39012e-12 3.10959e-11 -4.5695e-11 5.38333e-11 -5.68132e-11 5.62979e-11 -5.39936e-11 5.13566e-11 -4.93659e-11 4.83911e-11 -4.81706e-11 4.78978e-11 -4.63992e-11 4.23739e-11 -3.46603e-11 2.24884e-11 -5.68273e-12 -1.52158e-11 3.89275e-11 -6.35205e-11 8.65967e-11 -1.05559e-10 1.17928e-10 -1.21664e-10 1.15464e-10 -9.89734e-11 7.29108e-11 -3.90555e-11 1.17738e-13 4.05099e-11 -7.90891e-11 1.11926e-10 -1.35769e-10 1.48171e-10 -1.47774e-10 1.34474e-10 -1.09462e-10 7.51111e-11 -3.47457e-11 -7.70838e-12 4.81358e-11 -8.2669e-11 1.081e-10 -1.22219e-10 1.24048e-10 -1.13928e-10 9.34675e-11 -6.535e-11 3.3017e-11 -2.73081e-13 -2.91491e-11 5.20117e-11 -6.59353e-11 6.96615e-11 -6.31848e-11 4.77387e-11 -2.56388e-11 0. 
0.000115423 0.00010784 0.000100287 9.27908e-05 8.53864e-05 7.80945e-05 7.0959e-05 6.39853e-05 5.72395e-05 5.0698e-05 4.44586e-05 3.84715e-05 3.2838e-05 2.75465e-05 2.26041e-05 1.81312e-05 1.40313e-05 1.03955e-05 7.32957e-06 4.70075e-06 2.55051e-06 1.1071e-06 3.72327e-07 9.53629e-08 1.81343e-08 2.09406e-09 7.21074e-11 -6.68157e-10 -4.94722e-11 -7.64882e-10 1.95111e-11 -7.28022e-10 -3.49871e-11 -5.40918e-10 -2.21332e-10 -2.42025e-10 -4.5394e-10 6.04877e-11 -6.34747e-10 2.74676e-10 -6.44522e-10 2.68116e-10 -4.31655e-10 8.90308e-11 -3.31219e-11 -2.01782e-10 3.32626e-10 -4.53641e-10 5.05336e-10 -4.94716e-10 4.21717e-10 -3.01248e-10 1.55327e-10 -1.02868e-11 -1.0852e-10 1.81839e-10 -2.00574e-10 1.67797e-10 -9.80716e-11 1.41381e-11 5.84512e-11 -9.74732e-11 8.95385e-11 -3.34669e-11 -5.93321e-11 1.67748e-10 -2.66382e-10 3.32186e-10 -3.50461e-10 3.18645e-10 -2.46737e-10 1.54264e-10 -6.4612e-11 -1.62009e-12 3.22926e-11 -2.67533e-11 -4.66378e-12 4.44605e-11 -7.38743e-11 7.89641e-11 -5.49426e-11 7.39755e-12 4.9927e-11 -9.99832e-11 1.2824e-10 -1.27507e-10 1.00181e-10 -5.72155e-11 1.42756e-11 1.35462e-11 -1.66146e-11 -6.38917e-12 4.84914e-11 -9.71552e-11 1.38609e-10 -1.62179e-10 1.63145e-10 -1.43267e-10 1.09049e-10 -6.86172e-11 2.85384e-11 8.20213e-12 -4.23878e-11 7.70294e-11 -1.14886e-10 1.56168e-10 -1.97402e-10 2.31939e-10 -2.51879e-10 2.5066e-10 -2.25305e-10 1.77521e-10 -1.13288e-10 4.1196e-11 2.98116e-11 -9.24549e-11 1.42267e-10 -1.77652e-10 1.99062e-10 -2.07838e-10 2.05255e-10 -1.92178e-10 1.69343e-10 -1.38007e-10 1.00533e-10 -6.05263e-11 2.23807e-11 9.65602e-12 -3.25442e-11 4.52416e-11 -4.89277e-11 4.65902e-11 -4.21388e-11 3.93624e-11 -4.10599e-11 4.85676e-11 -6.17276e-11 7.91841e-11 -9.88116e-11 1.18097e-10 -1.34387e-10 1.45033e-10 -1.47516e-10 1.39668e-10 -1.20017e-10 8.8214e-11 -4.54089e-11 -5.56988e-12 6.03377e-11 -1.13401e-10 1.58852e-10 -1.91172e-10 2.05984e-10 -2.00617e-10 1.7444e-10 -1.28926e-10 6.75163e-11 4.68571e-12 -8.1341e-11 1.55405e-10 -2.19743e-10 2.67797e-10 -2.9427e-10 2.95733e-10 -2.71074e-10 2.21704e-10 -1.51489e-10 6.63786e-11 2.61876e-11 -1.1804e-10 2.01091e-10 -2.6812e-10 3.13436e-10 -3.33382e-10 3.26629e-10 -2.94261e-10 2.39624e-10 -1.67973e-10 8.59331e-11 -8.3364e-13 -8.00225e-11 1.50068e-10 -2.04082e-10 2.38635e-10 -2.52325e-10 2.45778e-10 -2.21447e-10 1.83227e-10 -1.35946e-10 8.48076e-11 -3.48225e-11 -9.68607e-12 4.54725e-11 -7.06113e-11 8.45731e-11 -8.81358e-11 8.31467e-11 -7.21734e-11 5.80929e-11 -4.36741e-11 3.12084e-11 -2.22358e-11 1.73947e-11 -1.64117e-11 1.82214e-11 -2.11973e-11 2.34539e-11 -2.31795e-11 1.89515e-11 -9.99179e-12 -3.67234e-12 2.11646e-11 -4.08402e-11 6.04805e-11 -7.75787e-11 8.96766e-11 -9.47108e-11 9.13183e-11 -7.9063e-11 5.8548e-11 -3.13992e-11 1.16449e-13 3.21893e-11 -6.21448e-11 8.65054e-11 -1.02543e-10 1.0838e-10 -1.03234e-10 8.75301e-11 -6.288e-11 3.19132e-11 2.01062e-12 -3.51814e-11 6.3964e-11 -8.52186e-11 9.66666e-11 -9.71571e-11 8.68021e-11 -6.69633e-11 4.00918e-11 -9.43781e-12 -2.13333e-11 4.85749e-11 -6.9091e-11 8.05143e-11 -8.15853e-11 7.22998e-11 -5.3906e-11 2.87516e-11 0. 
0.000115423 0.00010784 0.000100287 9.27908e-05 8.53865e-05 7.80944e-05 7.0959e-05 6.39853e-05 5.72395e-05 5.0698e-05 4.44586e-05 3.84714e-05 3.2838e-05 2.75463e-05 2.26043e-05 1.8131e-05 1.40316e-05 1.03952e-05 7.32995e-06 4.70033e-06 2.55093e-06 1.1067e-06 3.72662e-07 9.51217e-08 1.8249e-08 2.13213e-09 -1.35176e-10 -2.8844e-10 -5.89274e-10 -9.40711e-11 -7.36988e-10 5.49823e-11 -7.75823e-10 8.58124e-11 -6.66421e-10 -3.33236e-11 -3.92426e-10 -2.77437e-10 -4.59183e-11 -5.07479e-10 2.45351e-10 -6.24411e-10 3.51508e-10 -4.80831e-10 2.43055e-10 -1.40832e-10 -6.32125e-11 2.27168e-10 -3.68697e-10 4.52402e-10 -4.69183e-10 4.16794e-10 -3.06235e-10 1.58882e-10 -2.75097e-12 -1.33109e-10 2.24705e-10 -2.58317e-10 2.33603e-10 -1.63675e-10 7.20107e-11 1.32557e-11 -6.62852e-11 7.00851e-11 -2.08719e-11 -7.08937e-11 1.83248e-10 -2.88495e-10 3.60599e-10 -3.82067e-10 3.48481e-10 -2.69325e-10 1.64914e-10 -6.03129e-11 -2.19117e-11 6.79315e-11 -7.60191e-11 5.6064e-11 -2.54971e-11 3.02138e-12 -2.23482e-12 2.72383e-11 -7.16281e-11 1.21118e-10 -1.58804e-10 1.71211e-10 -1.53016e-10 1.08874e-10 -5.17721e-11 -1.39905e-12 3.54631e-11 -4.17855e-11 2.07043e-11 1.91382e-11 -6.41395e-11 1.00421e-10 -1.1813e-10 1.13912e-10 -9.08605e-11 5.62668e-11 -1.82421e-11 -1.7362e-11 4.85737e-11 -7.69745e-11 1.05762e-10 -1.37171e-10 1.70412e-10 -2.01036e-10 2.2196e-10 -2.25752e-10 2.07243e-10 -1.65463e-10 1.042e-10 -3.10451e-11 -4.46377e-11 1.14033e-10 -1.70662e-10 2.11142e-10 -2.34856e-10 2.42906e-10 -2.36953e-10 2.18461e-10 -1.88604e-10 1.48741e-10 -1.01079e-10 4.91014e-11 2.57207e-12 -4.89008e-11 8.54974e-11 -1.09652e-10 1.20926e-10 -1.21118e-10 1.13623e-10 -1.0245e-10 9.12347e-11 -8.2537e-11 7.75743e-11 -7.6343e-11 7.79669e-11 -8.10707e-11 8.40403e-11 -8.51427e-11 8.25801e-11 -7.45921e-11 5.96902e-11 -3.7023e-11 6.78122e-12 2.95021e-11 -6.88905e-11 1.07291e-10 -1.39983e-10 1.62312e-10 -1.70409e-10 1.61773e-10 -1.35651e-10 9.31633e-11 -3.72172e-11 -2.77473e-11 9.6132e-11 -1.61646e-10 2.17847e-10 -2.58741e-10 2.79409e-10 -2.76589e-10 2.49144e-10 -1.98317e-10 1.27728e-10 -4.30842e-11 -4.8366e-11 1.38554e-10 -2.19403e-10 2.8363e-10 -3.25451e-10 3.41119e-10 -3.29272e-10 2.91041e-10 -2.29936e-10 1.51505e-10 -6.27883e-11 -2.83651e-11 1.14073e-10 -1.8719e-10 2.41997e-10 -2.7472e-10 2.83832e-10 -2.70106e-10 2.36419e-10 -1.87353e-10 1.28632e-10 -6.64726e-11 6.92242e-12 4.47507e-11 -8.45532e-11 1.10098e-10 -1.20742e-10 1.17525e-10 -1.02921e-10 8.04336e-11 -5.40967e-11 2.79414e-11 -5.49414e-12 -1.063e-11 1.89936e-11 -1.94376e-11 1.30099e-11 -1.74133e-12 -1.16969e-11 2.44056e-11 -3.36852e-11 3.74216e-11 -3.43834e-11 2.43922e-11 -8.34569e-12 -1.19074e-11 3.38224e-11 -5.45095e-11 7.11323e-11 -8.13e-11 8.34027e-11 -7.68425e-11 6.21326e-11 -4.08489e-11 1.54417e-11 1.10688e-11 -3.54752e-11 5.47923e-11 -6.66439e-11 6.95743e-11 -6.32458e-11 4.84946e-11 -2.72376e-11 2.24111e-12 2.32225e-11 -4.57846e-11 6.24066e-11 -7.07694e-11 6.95745e-11 -5.87196e-11 3.93263e-11 -1.36128e-11 -1.53697e-11 4.41084e-11 -6.90593e-11 8.70857e-11 -9.58481e-11 9.40994e-11 -8.18453e-11 6.03527e-11 -3.20014e-11 0. 
0.000115423 0.00010784 0.000100287 9.27907e-05 8.53865e-05 7.80944e-05 7.09592e-05 6.39851e-05 5.72397e-05 5.06978e-05 4.44589e-05 3.84712e-05 3.28383e-05 2.75461e-05 2.26044e-05 1.81309e-05 1.40316e-05 1.03953e-05 7.32974e-06 4.70064e-06 2.55054e-06 1.10716e-06 3.72174e-07 9.5604e-08 1.78144e-08 2.47603e-09 -3.48041e-10 -2.4023e-10 -4.50092e-10 -4.28681e-10 -2.16603e-10 -6.22207e-10 1.0098e-11 -7.44122e-10 1.3105e-10 -7.17304e-10 1.0153e-10 -5.19314e-10 -9.40279e-11 -1.63461e-10 -3.64064e-10 1.83712e-10 -5.58201e-10 4.14084e-10 -5.17014e-10 3.78592e-10 -2.67885e-10 8.83975e-11 8.97556e-11 -2.51248e-10 3.65514e-10 -4.14211e-10 3.89711e-10 -2.98287e-10 1.59106e-10 -6.132e-13 -1.45367e-10 2.50575e-10 -2.96703e-10 2.79682e-10 -2.10634e-10 1.13142e-10 -1.72969e-11 -4.80021e-11 6.26071e-11 -2.04466e-11 -6.88019e-11 1.82331e-10 -2.90364e-10 3.64295e-10 -3.84429e-10 3.45176e-10 -2.5617e-10 1.39022e-10 -2.07342e-11 -7.41979e-11 1.30563e-10 -1.46031e-10 1.30557e-10 -1.01933e-10 7.9084e-11 -7.5414e-11 9.4424e-11 -1.29023e-10 1.64631e-10 -1.84869e-10 1.77765e-10 -1.40256e-10 7.94476e-11 -1.02697e-11 -4.9545e-11 8.53146e-11 -9.00199e-11 6.61374e-11 -2.42129e-11 -2.11169e-11 5.60843e-11 -7.19224e-11 6.68024e-11 -4.51297e-11 1.47714e-11 1.64897e-11 -4.38098e-11 6.63998e-11 -8.66472e-11 1.07828e-10 -1.31528e-10 1.55943e-10 -1.7579e-10 1.83856e-10 -1.73539e-10 1.41343e-10 -8.83768e-11 2.03147e-11 5.40771e-11 -1.25235e-10 1.85045e-10 -2.28291e-10 2.52967e-10 -2.59578e-10 2.49953e-10 -2.26166e-10 1.90022e-10 -1.43216e-10 8.79357e-11 -2.74529e-11 -3.3686e-11 9.00906e-11 -1.36475e-10 1.68792e-10 -1.85132e-10 1.86064e-10 -1.74316e-10 1.53946e-10 -1.29307e-10 1.04161e-10 -8.11524e-11 6.17099e-11 -4.62615e-11 3.4562e-11 -2.59614e-11 1.95285e-11 -1.40661e-11 8.12655e-12 -1.41561e-13 -1.12856e-11 2.69728e-11 -4.67633e-11 6.92911e-11 -9.20176e-11 1.11563e-10 -1.24261e-10 1.26808e-10 -1.1685e-10 9.34064e-11 -5.70676e-11 9.98178e-12 4.43294e-11 -1.01273e-10 1.55571e-10 -2.01716e-10 2.3448e-10 -2.4947e-10 2.43667e-10 -2.1589e-10 1.67095e-10 -1.00444e-10 2.10995e-11 6.42299e-11 -1.47953e-10 2.2237e-10 -2.80461e-10 3.166e-10 -3.27123e-10 3.10701e-10 -2.68481e-10 2.04003e-10 -1.22877e-10 3.22649e-11 5.98135e-11 -1.45262e-10 2.16712e-10 -2.68258e-10 2.96029e-10 -2.98537e-10 2.76772e-10 -2.34017e-10 1.75439e-10 -1.07478e-10 3.71449e-11 2.87317e-11 -8.41998e-11 1.24763e-10 -1.47785e-10 1.52673e-10 -1.40835e-10 1.15418e-10 -8.08496e-11 4.22611e-11 -4.84742e-12 -2.6752e-11 4.89773e-11 -5.97187e-11 5.84947e-11 -4.64225e-11 2.59952e-11 -6.97979e-13 -2.54819e-11 4.85894e-11 -6.52129e-11 7.29088e-11 -7.04916e-11 5.81534e-11 -3.74042e-11 1.08431e-11 1.8206e-11 -4.61453e-11 6.95786e-11 -8.57511e-11 9.28956e-11 -9.04422e-11 7.90666e-11 -6.05744e-11 3.7638e-11 -1.34238e-11 -8.84031e-12 2.62994e-11 -3.68512e-11 3.94213e-11 -3.40973e-11 2.21068e-11 -5.64029e-12 -1.24549e-11 2.90701e-11 -4.12673e-11 4.66896e-11 -4.38966e-11 3.25793e-11 -1.36255e-11 -1.09726e-11 3.83588e-11 -6.51697e-11 8.79623e-11 -1.03658e-10 1.09946e-10 -1.05588e-10 9.05992e-11 -6.62602e-11 3.4978e-11 0. 
0.000115423 0.00010784 0.000100287 9.27908e-05 8.53864e-05 7.80945e-05 7.09589e-05 6.39854e-05 5.72394e-05 5.06982e-05 4.44584e-05 3.84717e-05 3.28377e-05 2.75467e-05 2.26039e-05 1.81314e-05 1.40312e-05 1.03956e-05 7.32953e-06 4.70073e-06 2.55058e-06 1.10698e-06 3.72469e-07 9.52108e-08 1.82748e-08 1.98724e-09 1.24409e-10 -6.48356e-10 -1.53694e-10 -5.71049e-10 -2.60503e-10 -3.74793e-10 -4.3882e-10 -1.17824e-10 -6.25696e-10 1.02265e-10 -6.97835e-10 1.6981e-10 -5.86766e-10 6.28352e-11 -2.81721e-10 -2.12293e-10 1.14497e-10 -4.57627e-10 4.43485e-10 -5.42549e-10 4.87162e-10 -3.96279e-10 2.41194e-10 -6.0904e-11 -1.17176e-10 2.60649e-10 -3.44025e-10 3.53021e-10 -2.88183e-10 1.65194e-10 -1.17752e-11 -1.38325e-10 2.53056e-10 -3.09613e-10 2.99982e-10 -2.32869e-10 1.31441e-10 -2.72048e-11 -4.83836e-11 7.24523e-11 -3.6967e-11 -4.90013e-11 1.61816e-10 -2.69867e-10 3.42461e-10 -3.58363e-10 3.11554e-10 -2.12476e-10 8.44754e-11 4.34087e-11 -1.45014e-10 2.04294e-10 -2.19017e-10 1.99879e-10 -1.65545e-10 1.35457e-10 -1.22916e-10 1.30832e-10 -1.51462e-10 1.70091e-10 -1.71147e-10 1.44482e-10 -8.95176e-11 1.5803e-11 6.00984e-11 -1.20187e-10 1.50981e-10 -1.47729e-10 1.15476e-10 -6.6787e-11 1.71695e-11 2.00406e-11 -3.74648e-11 3.49426e-11 -1.81055e-11 -4.87078e-12 2.68624e-11 -4.4286e-11 5.76133e-11 -6.99329e-11 8.43904e-11 -1.01741e-10 1.19118e-10 -1.30548e-10 1.28964e-10 -1.08876e-10 6.86104e-11 -1.12494e-11 -5.60187e-11 1.23828e-10 -1.83052e-10 2.2683e-10 -2.51576e-10 2.56824e-10 -2.44221e-10 2.16286e-10 -1.75496e-10 1.24059e-10 -6.42825e-11 -7.8031e-13 6.68876e-11 -1.28711e-10 1.80549e-10 -2.17439e-10 2.36252e-10 -2.36376e-10 2.19754e-10 -1.90287e-10 1.52849e-10 -1.12269e-10 7.25661e-11 -3.65991e-11 6.09632e-12 1.8102e-11 -3.57847e-11 4.72267e-11 -5.31777e-11 5.48969e-11 -5.41069e-11 5.27775e-11 -5.27379e-11 5.52144e-11 -6.04438e-11 6.75028e-11 -7.44274e-11 7.85999e-11 -7.72999e-11 6.82762e-11 -5.02106e-11 2.29975e-11 1.2179e-11 -5.29369e-11 9.59086e-11 -1.37035e-10 1.7192e-10 -1.96249e-10 2.06247e-10 -1.99168e-10 1.73744e-10 -1.30511e-10 7.19613e-11 -2.43411e-12 -7.22323e-11 1.45269e-10 -2.09678e-10 2.58989e-10 -2.87948e-10 2.93104e-10 -2.73189e-10 2.29301e-10 -1.64848e-10 8.52633e-11 2.47994e-12 -9.05325e-11 1.7094e-10 -2.36447e-10 2.81248e-10 -3.01589e-10 2.96152e-10 -2.66175e-10 2.15289e-10 -1.49098e-10 7.4556e-11 7.89741e-13 -6.96017e-11 1.25513e-10 -1.63769e-10 1.81679e-10 -1.7884e-10 1.57101e-10 -1.20283e-10 7.36797e-11 -2.34111e-11 -2.43091e-11 6.38895e-11 -9.09864e-11 1.02961e-10 -9.9123e-11 8.07332e-11 -5.07785e-11 1.3548e-11 2.59303e-11 -6.2522e-11 9.16106e-11 -1.09639e-10 1.14507e-10 -1.05775e-10 8.46662e-11 -5.38551e-11 1.70904e-11 2.1306e-11 -5.69933e-11 8.61491e-11 -1.05922e-10 1.14743e-10 -1.12465e-10 1.00309e-10 -8.0643e-11 5.66109e-11 -3.16815e-11 9.16539e-12 8.22872e-12 -1.8742e-11 2.17737e-11 -1.79234e-11 8.86539e-12 2.92545e-12 -1.45571e-11 2.31588e-11 -2.63146e-11 2.2431e-11 -1.099e-11 -7.34846e-12 3.08077e-11 -5.67118e-11 8.18304e-11 -1.02805e-10 1.16599e-10 -1.20913e-10 1.14506e-10 -9.73865e-11 7.08387e-11 -3.72849e-11 0. 
0.000115423 0.00010784 0.000100287 9.27908e-05 8.53865e-05 7.80944e-05 7.09591e-05 6.39852e-05 5.72397e-05 5.06978e-05 4.44589e-05 3.84711e-05 3.28384e-05 2.7546e-05 2.26046e-05 1.81306e-05 1.40319e-05 1.03949e-05 7.3302e-06 4.70015e-06 2.55106e-06 1.10664e-06 3.72665e-07 9.51669e-08 1.81684e-08 2.23174e-09 -2.34913e-10 -2.08672e-10 -6.29113e-10 -1.12286e-10 -6.46389e-10 -1.16446e-10 -5.23036e-10 -2.39298e-10 -2.88484e-10 -4.34379e-10 -6.44377e-12 -6.05047e-10 1.79848e-10 -5.93831e-10 1.67077e-10 -3.7444e-10 -5.51655e-11 4.45443e-11 -3.42845e-10 4.34021e-10 -5.52211e-10 5.64381e-10 -5.09063e-10 3.81169e-10 -2.0652e-10 1.60213e-11 1.5468e-10 -2.73657e-10 3.19452e-10 -2.86112e-10 1.84867e-10 -4.18088e-11 -1.081e-10 2.29423e-10 -2.94982e-10 2.92703e-10 -2.28612e-10 1.25106e-10 -1.47207e-11 -6.89205e-11 1.00596e-10 -7.06275e-11 -1.23261e-11 1.2379e-10 -2.3056e-10 3.0034e-10 -3.11032e-10 2.56905e-10 -1.49804e-10 1.51068e-11 1.1621e-10 -2.16808e-10 2.70576e-10 -2.76235e-10 2.45964e-10 -1.99789e-10 1.5784e-10 -1.33264e-10 1.28219e-10 -1.34211e-10 1.36421e-10 -1.20252e-10 7.75754e-11 -1.03531e-11 -6.96142e-11 1.44624e-10 -1.97121e-10 2.15582e-10 -1.98124e-10 1.52644e-10 -9.36638e-11 3.72176e-11 4.22743e-12 -2.50215e-11 2.67817e-11 -1.62213e-11 1.51701e-12 1.11812e-11 -1.97224e-11 2.57932e-11 -3.29499e-11 4.39033e-11 -5.83493e-11 7.23146e-11 -7.92813e-11 7.25832e-11 -4.80556e-11 5.86235e-12 4.919e-11 -1.08903e-10 1.63945e-10 -2.0623e-10 2.30584e-10 -2.35246e-10 2.21265e-10 -1.91278e-10 1.48319e-10 -9.51618e-11 3.43614e-11 3.12046e-11 -9.77397e-11 1.60316e-10 -2.13284e-10 2.51222e-10 -2.70115e-10 2.68301e-10 -2.46862e-10 2.09328e-10 -1.6083e-10 1.07033e-10 -5.3169e-11 3.4335e-12 3.92077e-11 -7.2907e-11 9.67101e-11 -1.10391e-10 1.14416e-10 -1.09989e-10 9.90611e-11 -8.41816e-11 6.81468e-11 -5.35009e-11 4.20267e-11 -3.43852e-11 3.0022e-11 -2.73683e-11 2.4271e-11 -1.85265e-11 8.38033e-12 7.11014e-12 -2.78905e-11 5.28908e-11 -8.01313e-11 1.06912e-10 -1.30065e-10 1.46262e-10 -1.52389e-10 1.45966e-10 -1.25567e-10 9.1184e-11 -4.44425e-11 -1.13878e-11 7.16207e-11 -1.306e-10 1.82308e-10 -2.21045e-10 2.42098e-10 -2.42304e-10 2.20454e-10 -1.775e-10 1.16541e-10 -4.259e-11 -3.78629e-11 1.17463e-10 -1.8872e-10 2.44788e-10 -2.80204e-10 2.91502e-10 -2.77615e-10 2.40017e-10 -1.82585e-10 1.11187e-10 -3.30521e-11 -4.40031e-11 1.12412e-10 -1.65656e-10 1.98946e-10 -2.09709e-10 1.97832e-10 -1.65631e-10 1.17557e-10 -5.96625e-11 -1.10188e-12 5.76888e-11 -1.0375e-10 1.34341e-10 -1.46448e-10 1.39279e-10 -1.14297e-10 7.49824e-11 -2.63775e-11 -2.55447e-11 7.45981e-11 -1.15106e-10 1.42545e-10 -1.5403e-10 1.48597e-10 -1.27247e-10 9.2755e-11 -4.92727e-11 1.78438e-12 4.45206e-11 -8.48727e-11 1.15469e-10 -1.33876e-10 1.39244e-10 -1.32313e-10 1.15217e-10 -9.11191e-11 6.37365e-11 -3.68101e-11 1.36029e-11 3.51618e-12 -1.33454e-11 1.5951e-11 -1.25846e-11 5.43503e-12 2.74797e-12 -9.10208e-12 1.11097e-11 -6.99903e-12 -3.96684e-12 2.13522e-11 -4.35814e-11 6.81371e-11 -9.18956e-11 1.11554e-10 -1.24088e-10 1.27183e-10 -1.1957e-10 1.0123e-10 -7.34302e-11 3.8591e-11 0. 
0.000115423 0.00010784 0.000100287 9.27907e-05 8.53866e-05 7.80943e-05 7.09591e-05 6.39852e-05 5.72396e-05 5.06979e-05 4.44587e-05 3.84715e-05 3.28379e-05 2.75465e-05 2.2604e-05 1.81313e-05 1.40311e-05 1.03957e-05 7.32933e-06 4.70103e-06 2.5502e-06 1.10745e-06 3.71935e-07 9.57856e-08 1.7691e-08 2.5435e-09 -3.65153e-10 -2.64015e-10 -3.98916e-10 -4.89913e-10 -1.65632e-10 -6.41244e-10 -2.34085e-11 -6.41597e-10 -4.94625e-11 -4.60474e-10 -2.17079e-10 -1.66971e-10 -4.40075e-10 1.2825e-10 -5.51651e-10 2.23546e-10 -4.21176e-10 9.29164e-11 -3.07943e-11 -2.26817e-10 3.88676e-10 -5.38575e-10 6.06847e-10 -5.93208e-10 4.95263e-10 -3.3148e-10 1.32783e-10 6.22631e-11 -2.15791e-10 2.99058e-10 -2.99174e-10 2.22307e-10 -9.23029e-11 -5.51464e-11 1.81535e-10 -2.55448e-10 2.60763e-10 -2.00759e-10 9.69306e-11 1.73451e-11 -1.06533e-10 1.4337e-10 -1.16855e-10 3.54803e-11 7.53711e-11 -1.81081e-10 2.48199e-10 -2.54392e-10 1.94874e-10 -8.33716e-11 -5.25763e-11 1.80357e-10 -2.72147e-10 3.12689e-10 -3.02568e-10 2.56133e-10 -1.95091e-10 1.40222e-10 -1.0422e-10 8.81375e-11 -8.24733e-11 7.22424e-11 -4.39033e-11 -8.56525e-12 8.07195e-11 -1.58849e-10 2.24726e-10 -2.62009e-10 2.61849e-10 -2.25681e-10 1.64327e-10 -9.39535e-11 3.05935e-11 1.46952e-11 -3.83389e-11 4.37836e-11 -3.8611e-11 3.06631e-11 -2.48453e-11 2.18134e-11 -1.88513e-11 1.22914e-11 -2.30161e-13 -1.57356e-11 3.05132e-11 -3.72239e-11 2.98513e-11 -5.70395e-12 -3.33015e-11 8.09948e-11 -1.28725e-10 1.67798e-10 -1.91647e-10 1.97019e-10 -1.83941e-10 1.54739e-10 -1.12724e-10 6.11645e-11 -2.92693e-12 -5.92153e-11 1.21962e-10 -1.81026e-10 2.312e-10 -2.6706e-10 2.84076e-10 -2.79734e-10 2.54233e-10 -2.10527e-10 1.53701e-10 -8.99389e-11 2.54289e-11 3.4478e-11 -8.57028e-11 1.25496e-10 -1.52283e-10 1.65482e-10 -1.65427e-10 1.53392e-10 -1.31614e-10 1.03204e-10 -7.18355e-11 4.12395e-11 -1.46063e-11 -5.9342e-12 1.96082e-11 -2.69898e-11 2.97082e-11 -2.99726e-11 3.00499e-11 -3.18181e-11 3.64647e-11 -4.43422e-11 5.4954e-11 -6.70311e-11 7.86749e-11 -8.75641e-11 9.12337e-11 -8.7425e-11 7.44812e-11 -5.17294e-11 1.97717e-11 1.93888e-11 -6.24368e-11 1.05053e-10 -1.42399e-10 1.69713e-10 -1.82923e-10 1.79187e-10 -1.57311e-10 1.17987e-10 -6.38256e-11 -8.15106e-13 7.01953e-11 -1.37736e-10 1.96684e-10 -2.40843e-10 2.65279e-10 -2.66925e-10 2.44994e-10 -2.0114e-10 1.39348e-10 -6.5545e-11 -1.30132e-11 8.85149e-11 -1.53433e-10 2.01341e-10 -2.27611e-10 2.29915e-10 -2.08485e-10 1.66085e-10 -1.07699e-10 3.99844e-11 2.94767e-11 -9.30244e-11 1.43774e-10 -1.76377e-10 1.87597e-10 -1.76642e-10 1.45209e-10 -9.7242e-11 3.8444e-11 2.44081e-11 -8.42511e-11 1.34539e-10 -1.69967e-10 1.87032e-10 -1.84372e-10 1.62845e-10 -1.25349e-10 7.64085e-11 -2.15846e-11 -3.3211e-11 8.24183e-11 -1.21455e-10 1.47194e-10 -1.58244e-10 1.54994e-10 -1.39442e-10 1.14828e-10 -8.51277e-11 5.44871e-11 -2.66604e-11 4.53644e-12 1.01921e-11 -1.71766e-11 1.7365e-11 -1.27709e-11 6.09854e-12 -2.79421e-13 -2.01081e-12 -1.2131e-12 1.09216e-11 -2.69003e-11 4.7758e-11 -7.11083e-11 9.39001e-11 -1.12849e-10 1.24907e-10 -1.27707e-10 1.19922e-10 -1.01475e-10 7.35933e-11 -3.86744e-11 0. 
0.000115423 0.00010784 0.000100287 9.27909e-05 8.53863e-05 7.80946e-05 7.09588e-05 6.39855e-05 5.72393e-05 5.06982e-05 4.44585e-05 3.84716e-05 3.28379e-05 2.75464e-05 2.26042e-05 1.8131e-05 1.40315e-05 1.03952e-05 7.32995e-06 4.70029e-06 2.55103e-06 1.10654e-06 3.72903e-07 9.47998e-08 1.86508e-08 1.65936e-09 3.91524e-10 -8.44441e-10 -3.45512e-11 -6.1367e-10 -2.86134e-10 -2.97645e-10 -5.42972e-10 -1.67414e-11 -6.91819e-10 1.04673e-10 -6.16426e-10 -1.71958e-12 -3.36303e-10 -2.36698e-10 2.04421e-11 -4.59723e-10 2.47691e-10 -4.25672e-10 2.14884e-10 -1.13919e-10 -1.12369e-10 3.14048e-10 -4.96828e-10 6.12337e-10 -6.40755e-10 5.74246e-10 -4.24986e-10 2.22234e-10 -6.6922e-12 -1.78397e-10 2.97193e-10 -3.29769e-10 2.76981e-10 -1.60143e-10 1.54184e-11 1.15818e-10 -1.98086e-10 2.11375e-10 -1.56362e-10 5.3761e-11 6.2192e-11 -1.54174e-10 1.93154e-10 -1.67166e-10 8.48759e-11 2.72559e-11 -1.33291e-10 1.99004e-10 -2.02394e-10 1.40196e-10 -2.83765e-11 -1.03393e-10 2.21337e-10 -2.97975e-10 3.19875e-10 -2.90332e-10 2.26368e-10 -1.51422e-10 8.65803e-11 -4.35343e-11 2.16842e-11 -1.01704e-11 -6.26278e-12 4.0037e-11 -9.50067e-11 1.6438e-10 -2.32956e-10 2.82648e-10 -2.99068e-10 2.76624e-10 -2.20297e-10 1.43622e-10 -6.38581e-11 -3.66419e-12 4.98886e-11 -7.36169e-11 8.00781e-11 -7.74261e-11 7.28176e-11 -6.97096e-11 6.73277e-11 -6.22487e-11 5.11431e-11 -3.33071e-11 1.18152e-11 7.19029e-12 -1.6717e-11 1.16603e-11 9.09528e-12 -4.20413e-11 8.00568e-11 -1.1458e-10 1.38046e-10 -1.45683e-10 1.3615e-10 -1.10988e-10 7.33824e-11 -2.68866e-11 -2.5339e-11 8.05563e-11 -1.35938e-10 1.8796e-10 -2.32153e-10 2.63481e-10 -2.77279e-10 2.70418e-10 -2.42251e-10 1.94982e-10 -1.3333e-10 6.363e-11 7.31258e-12 -7.32509e-11 1.29172e-10 -1.71556e-10 1.98319e-10 -2.08648e-10 2.02865e-10 -1.82404e-10 1.49828e-10 -1.08756e-10 6.36105e-11 -1.912e-11 -2.0323e-11 5.13082e-11 -7.18795e-11 8.17142e-11 -8.19793e-11 7.49325e-11 -6.33934e-11 5.02202e-11 -3.78887e-11 2.82135e-11 -2.22037e-11 2.00204e-11 -2.10126e-11 2.38238e-11 -2.65835e-11 2.71912e-11 -2.36807e-11 1.46208e-11 5.2266e-13 -2.11448e-11 4.54442e-11 -7.05788e-11 9.3016e-11 -1.09021e-10 1.152e-10 -1.09021e-10 8.92341e-11 -5.61408e-11 1.16909e-11 4.06168e-11 -9.6018e-11 1.48936e-10 -1.93564e-10 2.24526e-10 -2.37536e-10 2.29976e-10 -2.01313e-10 1.53282e-10 -8.98078e-11 1.66554e-11 5.91472e-11 -1.30055e-10 1.88828e-10 -2.29341e-10 2.47278e-10 -2.40643e-10 2.10018e-10 -1.58538e-10 9.15851e-11 -1.62213e-11 -5.95727e-11 1.2777e-10 -1.81185e-10 2.14266e-10 -2.23703e-10 2.08787e-10 -1.71454e-10 1.16052e-10 -4.88125e-11 -2.28623e-11 9.12461e-11 -1.4915e-10 1.90705e-10 -2.1198e-10 2.11355e-10 -1.89632e-10 1.49853e-10 -9.6871e-11 3.67227e-11 2.41083e-11 -7.94551e-11 1.24156e-10 -1.54592e-10 1.69011e-10 -1.67603e-10 1.52344e-10 -1.26612e-10 9.46605e-11 -6.1009e-11 2.98321e-11 -4.43622e-12 -1.31183e-11 2.22023e-11 -2.35941e-11 1.92569e-11 -1.19575e-11 4.78379e-12 -6.32364e-13 1.74048e-12 -9.32795e-12 2.33981e-11 -4.2724e-11 6.50193e-11 -8.72672e-11 1.0616e-10 -1.18585e-10 1.22084e-10 -1.15235e-10 9.78744e-11 -7.11621e-11 3.74518e-11 0. 
0.000115423 0.00010784 0.000100287 9.27906e-05 8.53867e-05 7.80942e-05 7.09593e-05 6.3985e-05 5.72398e-05 5.06976e-05 4.4459e-05 3.8471e-05 3.28384e-05 2.7546e-05 2.26046e-05 1.81307e-05 1.40318e-05 1.03951e-05 7.32997e-06 4.70043e-06 2.55072e-06 1.10703e-06 3.72222e-07 9.56552e-08 1.76489e-08 2.7627e-09 -7.523e-10 2.66748e-10 -1.03372e-09 1.95883e-10 -8.3972e-10 -4.54383e-11 -4.7783e-10 -3.80027e-10 -8.62492e-11 -6.54512e-10 1.84426e-10 -7.23625e-10 1.95426e-10 -4.95251e-10 -3.25987e-11 -1.11676e-10 -3.2213e-10 2.44775e-10 -4.05916e-10 3.04242e-10 -2.01729e-10 2.17924e-12 2.16701e-10 -4.26519e-10 5.81405e-10 -6.49397e-10 6.14555e-10 -4.82504e-10 2.79795e-10 -4.84492e-11 -1.63551e-10 3.13661e-10 -3.75131e-10 3.43589e-10 -2.37835e-10 9.44786e-11 4.23429e-11 -1.33295e-10 1.54802e-10 -1.05327e-10 5.15669e-12 1.10407e-10 -2.02289e-10 2.39969e-10 -2.10975e-10 1.24609e-10 -8.70256e-12 -9.94898e-11 1.65289e-10 -1.6755e-10 1.05039e-10 3.775e-12 -1.2724e-10 2.31009e-10 -2.88831e-10 2.90019e-10 -2.41251e-10 1.62432e-10 -7.84516e-11 1.00457e-11 3.28856e-11 -5.32434e-11 6.35971e-11 -7.95107e-11 1.1215e-10 -1.63113e-10 2.23402e-10 -2.76771e-10 3.05928e-10 -2.99083e-10 2.54278e-10 -1.7999e-10 9.19762e-11 -7.8083e-12 -5.86867e-11 1.01021e-10 -1.20555e-10 1.24114e-10 -1.20038e-10 1.14449e-10 -1.09242e-10 1.0241e-10 -9.02591e-11 7.02916e-11 -4.33498e-11 1.40598e-11 1.05821e-11 -2.38058e-11 2.17028e-11 -4.80139e-12 -2.20069e-11 5.10689e-11 -7.43768e-11 8.58136e-11 -8.24537e-11 6.46107e-11 -3.48779e-11 -3.23197e-12 4.63824e-11 -9.18297e-11 1.37145e-10 -1.7958e-10 2.15572e-10 -2.40777e-10 2.50734e-10 -2.4196e-10 2.13043e-10 -1.6531e-10 1.02813e-10 -3.16432e-11 -4.1166e-11 1.08794e-10 -1.65522e-10 2.07204e-10 -2.31352e-10 2.37002e-10 -2.24542e-10 1.95619e-10 -1.53112e-10 1.01073e-10 -4.45048e-11 -1.1095e-11 6.03907e-11 -9.89348e-11 1.23784e-10 -1.3385e-10 1.29907e-10 -1.14285e-10 9.03525e-11 -6.19314e-11 3.27599e-11 -6.07835e-12 -1.56505e-11 3.09043e-11 -3.91702e-11 4.09293e-11 -3.75451e-11 3.10385e-11 -2.37524e-11 1.7936e-11 -1.53171e-11 1.6747e-11 -2.19971e-11 2.97577e-11 -3.78413e-11 4.35552e-11 -4.41699e-11 3.74057e-11 -2.18601e-11 -2.67979e-12 3.50787e-11 -7.28656e-11 1.12422e-10 -1.49332e-10 1.78873e-10 -1.96584e-10 1.98874e-10 -1.83564e-10 1.50298e-10 -1.00754e-10 3.86094e-11 3.07594e-11 -1.00796e-10 1.64461e-10 -2.15016e-10 2.46802e-10 -2.55923e-10 2.40742e-10 -2.02148e-10 1.43532e-10 -7.04881e-11 -9.74591e-12 8.90462e-11 -1.5928e-10 2.13197e-10 -2.4524e-10 2.52161e-10 -2.3339e-10 1.91092e-10 -1.29916e-10 5.64697e-11 2.14342e-11 -9.56475e-11 1.58588e-10 -2.04061e-10 2.27905e-10 -2.28396e-10 2.06363e-10 -1.65006e-10 1.09454e-10 -4.6103e-11 -1.81568e-11 7.67518e-11 -1.24158e-10 1.56477e-10 -1.71789e-10 1.7025e-10 -1.53924e-10 1.26396e-10 -9.22106e-11 5.62246e-11 -2.29575e-11 -3.97599e-12 2.22778e-11 -3.11781e-11 3.14235e-11 -2.50541e-11 1.50088e-11 -4.61747e-12 -2.94141e-12 5.14308e-12 -5.06046e-13 -1.11832e-11 2.88392e-11 -5.02419e-11 7.23691e-11 -9.18476e-11 1.05457e-10 -1.10613e-10 1.05761e-10 -9.06245e-11 6.62716e-11 -3.49919e-11 0. 
0.000115423 0.00010784 0.000100287 9.27909e-05 8.53864e-05 7.80946e-05 7.09589e-05 6.39854e-05 5.72393e-05 5.06982e-05 4.44584e-05 3.84717e-05 3.28377e-05 2.75467e-05 2.26038e-05 1.81315e-05 1.4031e-05 1.03959e-05 7.32921e-06 4.70109e-06 2.55021e-06 1.10735e-06 3.72135e-07 9.54748e-08 1.81114e-08 2.02421e-09 2.3116e-10 -9.04658e-10 2.4459e-10 -1.08969e-09 3.43771e-10 -1.01951e-09 1.94942e-10 -6.88483e-10 -1.64957e-10 -2.12943e-10 -5.47814e-10 1.85914e-10 -7.5108e-10 3.4137e-10 -6.29861e-10 1.57561e-10 -2.33917e-10 -1.61888e-10 2.14872e-10 -3.77293e-10 3.65735e-10 -2.89344e-10 1.17807e-10 1.02908e-10 -3.31567e-10 5.18629e-10 -6.22645e-10 6.18923e-10 -5.0616e-10 3.07495e-10 -6.55611e-11 -1.67555e-10 3.43134e-10 -4.28049e-10 4.13078e-10 -3.14805e-10 1.70449e-10 -2.68841e-11 -7.29734e-11 1.02477e-10 -5.84939e-11 -3.85549e-11 1.51958e-10 -2.40889e-10 2.73702e-10 -2.38009e-10 1.44359e-10 -2.23655e-11 -8.93494e-11 1.55962e-10 -1.57711e-10 9.58821e-11 8.34888e-12 -1.21587e-10 2.09566e-10 -2.48135e-10 2.30136e-10 -1.66039e-10 7.85047e-11 6.76383e-12 -7.03091e-11 1.04939e-10 -1.16489e-10 1.19454e-10 -1.29568e-10 1.56454e-10 -1.99277e-10 2.46961e-10 -2.82653e-10 2.9046e-10 -2.61682e-10 1.98143e-10 -1.11476e-10 1.89122e-11 6.2593e-11 -1.21526e-10 1.54412e-10 -1.65163e-10 1.61847e-10 -1.52522e-10 1.41949e-10 -1.30456e-10 1.15128e-10 -9.25133e-11 6.14132e-11 -2.44472e-11 -1.23011e-11 4.13321e-11 -5.65256e-11 5.54662e-11 -4.03575e-11 1.72316e-11 6.11886e-12 -2.2588e-11 2.76372e-11 -2.00091e-11 1.23421e-12 2.56154e-11 -5.72381e-11 9.08965e-11 -1.24461e-10 1.55884e-10 -1.82549e-10 2.00988e-10 -2.07221e-10 1.97661e-10 -1.70253e-10 1.25376e-10 -6.61545e-11 -1.94517e-12 7.20761e-11 -1.37204e-10 1.91164e-10 -2.29345e-10 2.48938e-10 -2.48869e-10 2.29614e-10 -1.93031e-10 1.42269e-10 -8.16992e-11 1.67124e-11 4.66824e-11 -1.02496e-10 1.45524e-10 -1.72061e-10 1.80405e-10 -1.71004e-10 1.46261e-10 -1.10041e-10 6.7046e-11 -2.21787e-11 -2.00071e-11 5.57175e-11 -8.22003e-11 9.79135e-11 -1.02591e-10 9.71971e-11 -8.37544e-11 6.50309e-11 -4.41122e-11 2.39156e-11 -6.72963e-12 -6.12798e-12 1.4468e-11 -1.91731e-11 2.19471e-11 -2.49255e-11 3.02234e-11 -3.95e-11 5.3601e-11 -7.23275e-11 9.43559e-11 -1.17321e-10 1.38055e-10 -1.52976e-10 1.58562e-10 -1.51895e-10 1.31162e-10 -9.60689e-11 4.80749e-11 9.59129e-12 -7.21583e-11 1.33763e-10 -1.88077e-10 2.29033e-10 -2.51555e-10 2.52219e-10 -2.2973e-10 1.85191e-10 -1.22092e-10 4.60265e-11 3.58402e-11 -1.15509e-10 1.85e-10 -2.37232e-10 2.66819e-10 -2.7069e-10 2.48451e-10 -2.02449e-10 1.37522e-10 -6.04629e-11 -2.07312e-11 9.7749e-11 -1.62877e-10 2.09834e-10 -2.34433e-10 2.3499e-10 -2.1244e-10 1.7015e-10 -1.13459e-10 4.90004e-11 1.61048e-11 -7.50819e-11 1.22263e-10 -1.53684e-10 1.67451e-10 -1.63838e-10 1.45109e-10 -1.15113e-10 7.86916e-11 -4.09994e-11 6.819e-12 2.00366e-11 -3.71612e-11 4.37794e-11 -4.07381e-11 3.0273e-11 -1.55935e-11 3.47189e-13 1.19559e-11 -1.84776e-11 1.74708e-11 -8.52534e-12 -7.38828e-12 2.80812e-11 -5.04865e-11 7.1126e-11 -8.66349e-11 9.42675e-11 -9.23113e-11 8.03518e-11 -5.93478e-11 3.15102e-11 0. 
0.000115423 0.00010784 0.000100287 9.27908e-05 8.53865e-05 7.80944e-05 7.09591e-05 6.39852e-05 5.72396e-05 5.06979e-05 4.44587e-05 3.84713e-05 3.28382e-05 2.75461e-05 2.26045e-05 1.81307e-05 1.40319e-05 1.03948e-05 7.3304e-06 4.69985e-06 2.55143e-06 1.10621e-06 3.73132e-07 9.47016e-08 1.85945e-08 1.88326e-09 6.05572e-13 -3.02886e-10 -6.93873e-10 1.15459e-10 -1.02564e-09 3.87134e-10 -1.10971e-09 3.78799e-10 -8.81282e-10 7.79133e-11 -3.91498e-10 -3.79204e-10 1.25917e-10 -7.03453e-10 4.12348e-10 -7.1275e-10 3.26373e-10 -3.32118e-10 -8.86788e-12 1.63784e-10 -3.47184e-10 4.08048e-10 -3.72735e-10 2.32759e-10 -2.01881e-11 -2.19757e-10 4.32833e-10 -5.69315e-10 5.95817e-10 -5.03938e-10 3.12989e-10 -6.5701e-11 -1.82295e-10 3.76692e-10 -4.78592e-10 4.74536e-10 -3.79422e-10 2.3141e-10 -8.01235e-11 -2.82858e-11 6.47694e-11 -2.54145e-11 -6.84912e-11 1.78416e-10 -2.61837e-10 2.8647e-10 -2.40771e-10 1.37294e-10 -7.90561e-12 -1.07359e-10 1.73907e-10 -1.73947e-10 1.11803e-10 -1.15314e-11 -9.20216e-11 1.65345e-10 -1.8719e-10 1.54519e-10 -8.17005e-11 -6.32941e-12 8.39905e-11 -1.34202e-10 1.53388e-10 -1.50777e-10 1.42742e-10 -1.44773e-10 1.64473e-10 -1.98312e-10 2.33246e-10 -2.52254e-10 2.41376e-10 -1.95342e-10 1.1965e-10 -2.84971e-11 -6.03502e-11 1.31531e-10 -1.76546e-10 1.95164e-10 -1.93601e-10 1.80634e-10 -1.6351e-10 1.45371e-10 -1.25095e-10 9.92923e-11 -6.52783e-11 2.35327e-11 2.14992e-11 -6.25724e-11 9.21893e-11 -1.05372e-10 1.01476e-10 -8.43528e-11 6.08995e-11 -3.86982e-11 2.37311e-11 -1.90106e-11 2.44725e-11 -3.79126e-11 5.63485e-11 -7.71241e-11 9.83185e-11 -1.18439e-10 1.35745e-10 -1.47709e-10 1.5101e-10 -1.42182e-10 1.18672e-10 -7.98993e-11 2.78646e-11 3.29296e-11 -9.62249e-11 1.55146e-10 -2.03363e-10 2.35961e-10 -2.49876e-10 2.43926e-10 -2.18638e-10 1.76022e-10 -1.19411e-10 5.33448e-11 1.66012e-11 -8.41777e-11 1.43045e-10 -1.87532e-10 2.13417e-10 -2.18536e-10 2.03073e-10 -1.6947e-10 1.2199e-10 -6.60732e-11 7.61389e-12 4.7701e-11 -9.4932e-11 1.30281e-10 -1.5135e-10 1.57279e-10 -1.48751e-10 1.27863e-10 -9.78295e-11 6.25456e-11 -2.6051e-11 -8.0219e-12 3.69185e-11 -5.90644e-11 7.41523e-11 -8.30094e-11 8.72884e-11 -8.90492e-11 9.03121e-11 -9.26524e-11 9.68904e-11 -1.02914e-10 1.09652e-10 -1.152e-10 1.17095e-10 -1.1271e-10 9.97127e-11 -7.65425e-11 4.28155e-11 4.03894e-13 -5.05269e-11 1.03586e-10 -1.54599e-10 1.9811e-10 -2.28839e-10 2.42361e-10 -2.3572e-10 2.07904e-10 -1.60097e-10 9.5703e-11 -2.00863e-11 -5.99177e-11 1.36696e-10 -2.02669e-10 2.51133e-10 -2.77031e-10 2.77553e-10 -2.52494e-10 2.04317e-10 -1.37906e-10 6.00478e-11 2.13192e-11 -9.79784e-11 1.62341e-10 -2.08276e-10 2.31758e-10 -2.31276e-10 2.07937e-10 -1.65271e-10 1.08758e-10 -4.51362e-11 -1.84148e-11 7.51192e-11 -1.19375e-10 1.47354e-10 -1.57362e-10 1.49929e-10 -1.27613e-10 9.45698e-11 -5.59321e-11 1.71038e-11 1.69525e-11 -4.23337e-11 5.66463e-11 -5.92328e-11 5.11553e-11 -3.4945e-11 1.41607e-11 7.17724e-12 -2.51954e-11 3.67326e-11 -3.97838e-11 3.37644e-11 -1.95609e-11 -6.33698e-13 2.36717e-11 -4.59361e-11 6.38883e-11 -7.45964e-11 7.61718e-11 -6.80476e-11 5.1064e-11 -2.73471e-11 0. 
0.000115423 0.00010784 0.000100287 9.27907e-05 8.53866e-05 7.80943e-05 7.09592e-05 6.39851e-05 5.72397e-05 5.06977e-05 4.44589e-05 3.84712e-05 3.28382e-05 2.75462e-05 2.26043e-05 1.81311e-05 1.40314e-05 1.03956e-05 7.32937e-06 4.70109e-06 2.55002e-06 1.10773e-06 3.71558e-07 9.62343e-08 1.72004e-08 3.03944e-09 -8.2605e-10 1.20959e-10 -6.70568e-10 -3.61277e-10 -1.33277e-10 -8.37593e-10 3.2308e-10 -1.10753e-09 4.90613e-10 -1.01933e-09 3.01604e-10 -5.90549e-10 -1.54824e-10 6.45438e-12 -5.96545e-10 4.16217e-10 -7.24229e-10 4.57641e-10 -4.06585e-10 1.1734e-10 1.02921e-10 -3.17738e-10 4.37754e-10 -4.48481e-10 3.42497e-10 -1.43825e-10 -1.01902e-10 3.36286e-10 -5.02166e-10 5.57808e-10 -4.87795e-10 3.07494e-10 -5.94644e-11 -1.97527e-10 4.04156e-10 -5.16472e-10 5.17566e-10 -4.2137e-10 2.67444e-10 -1.08196e-10 -7.43518e-12 4.88292e-11 -1.22835e-11 -7.92173e-11 1.84922e-10 -2.60774e-10 2.7453e-10 -2.16421e-10 1.01856e-10 3.45728e-11 -1.51485e-10 2.15033e-10 -2.10114e-10 1.44651e-10 -4.57351e-11 -5.06791e-11 1.12525e-10 -1.22164e-10 8.10559e-11 -7.25961e-12 -7.27979e-11 1.34806e-10 -1.65184e-10 1.64706e-10 -1.46135e-10 1.27299e-10 -1.22733e-10 1.37356e-10 -1.64643e-10 1.89726e-10 -1.95886e-10 1.71578e-10 -1.15134e-10 3.54015e-11 5.16592e-11 -1.28774e-10 1.83085e-10 -2.09592e-10 2.11238e-10 -1.96033e-10 1.72779e-10 -1.4738e-10 1.21198e-10 -9.19196e-11 5.61822e-11 -1.25577e-11 -3.65797e-11 8.51299e-11 -1.25184e-10 1.49869e-10 -1.55849e-10 1.44453e-10 -1.21063e-10 9.31252e-11 -6.77059e-11 4.95625e-11 -4.0375e-11 3.92021e-11 -4.37072e-11 5.14534e-11 -6.06683e-11 7.02418e-11 -7.91447e-11 8.57343e-11 -8.7437e-11 8.10719e-11 -6.37471e-11 3.39682e-11 7.50409e-12 -5.7403e-11 1.10417e-10 -1.60187e-10 2.00498e-10 -2.26299e-10 2.34312e-10 -2.23214e-10 1.93496e-10 -1.47209e-10 8.7734e-11 -1.96194e-11 -5.1596e-11 1.19686e-10 -1.78255e-10 2.21455e-10 -2.4478e-10 2.45756e-10 -2.24346e-10 1.82972e-10 -1.26151e-10 5.98596e-11 9.24505e-12 -7.45841e-11 1.30309e-10 -1.71799e-10 1.95999e-10 -2.01618e-10 1.89175e-10 -1.60895e-10 1.20429e-10 -7.24097e-11 2.18721e-11 2.63704e-11 -6.8307e-11 1.01162e-10 -1.23614e-10 1.35773e-10 -1.38947e-10 1.35258e-10 -1.27182e-10 1.1709e-10 -1.06858e-10 9.75912e-11 -8.94859e-11 8.1844e-11 -7.32414e-11 6.18294e-11 -4.57333e-11 2.34913e-11 5.53456e-12 -4.08492e-11 8.06779e-11 -1.22022e-10 1.60924e-10 -1.92907e-10 2.13546e-10 -2.19078e-10 2.06972e-10 -1.76389e-10 1.28444e-10 -6.62506e-11 -5.2875e-12 7.99108e-11 -1.50635e-10 2.10499e-10 -2.53358e-10 2.74605e-10 -2.71748e-10 2.44755e-10 -1.96115e-10 1.30613e-10 -5.48245e-11 -2.36019e-11 9.67914e-11 -1.5752e-10 2.00014e-10 -2.20581e-10 2.17993e-10 -1.93575e-10 1.51001e-10 -9.5813e-11 3.47255e-11 2.51876e-11 -7.73356e-11 1.16371e-10 -1.38775e-10 1.43203e-10 -1.30551e-10 1.03736e-10 -6.72421e-11 2.64728e-11 1.29762e-11 -4.60473e-11 6.88489e-11 -7.91071e-11 7.63858e-11 -6.20533e-11 3.90083e-11 -1.12099e-11 -1.69206e-11 4.11393e-11 -5.79722e-11 6.51802e-11 -6.20358e-11 4.93767e-11 -2.94348e-11 5.46943e-12 1.87384e-11 -3.94569e-11 5.35563e-11 -5.89645e-11 5.49607e-11 -4.22677e-11 2.29306e-11 0. 
0.000115423 0.00010784 0.000100287 9.27908e-05 8.53864e-05 7.80946e-05 7.09589e-05 6.39854e-05 5.72393e-05 5.06983e-05 4.44583e-05 3.84718e-05 3.28376e-05 2.75468e-05 2.26038e-05 1.81314e-05 1.40312e-05 1.03955e-05 7.32969e-06 4.70048e-06 2.55093e-06 1.10653e-06 3.73022e-07 9.45705e-08 1.89797e-08 1.24999e-09 8.5362e-10 -1.32401e-09 4.22125e-10 -1.00541e-09 1.27864e-12 -4.48865e-10 -5.47558e-10 1.47132e-10 -1.00014e-09 5.24465e-10 -1.09951e-09 4.86974e-10 -7.71191e-10 9.20442e-11 -1.6513e-10 -4.32984e-10 3.71674e-10 -6.70523e-10 5.35389e-10 -4.5911e-10 2.11607e-10 4.25773e-11 -2.88682e-10 4.57298e-10 -5.12648e-10 4.4045e-10 -2.57907e-10 9.48922e-12 2.43032e-10 -4.3577e-10 5.19129e-10 -4.7101e-10 3.03027e-10 -5.75923e-11 -2.03602e-10 4.16717e-10 -5.33532e-10 5.34629e-10 -4.33845e-10 2.72688e-10 -1.06375e-10 -1.39247e-11 5.70118e-11 -2.05087e-11 -7.00383e-11 1.71347e-10 -2.38179e-10 2.39214e-10 -1.6754e-10 4.22968e-11 9.88443e-11 -2.13423e-10 2.69077e-10 -2.54251e-10 1.81084e-10 -7.97921e-11 -1.29855e-11 6.73431e-11 -6.98711e-11 2.66778e-11 4.09656e-11 -1.06167e-10 1.47112e-10 -1.54714e-10 1.34504e-10 -1.02484e-10 7.71107e-11 -7.09626e-11 8.55256e-11 -1.11025e-10 1.3104e-10 -1.29689e-10 9.82923e-11 -3.8811e-11 -3.70745e-11 1.12569e-10 -1.71902e-10 2.05434e-10 -2.11838e-10 1.96834e-10 -1.69464e-10 1.37786e-10 -1.05892e-10 7.33638e-11 -3.70837e-11 -5.74135e-12 5.48981e-11 -1.06106e-10 1.52008e-10 -1.84693e-10 1.98576e-10 -1.92389e-10 1.69507e-10 -1.36599e-10 1.01301e-10 -6.9901e-11 4.59324e-11 -3.00261e-11 2.08189e-11 -1.62832e-11 1.4783e-11 -1.54197e-11 1.76564e-11 -2.05864e-11 2.23652e-11 -2.02057e-11 1.1028e-11 7.47822e-12 -3.58242e-11 7.21598e-11 -1.12408e-10 1.51046e-10 -1.82238e-10 2.00948e-10 -2.03723e-10 1.89029e-10 -1.57197e-10 1.10166e-10 -5.11999e-11 -1.53316e-11 8.4136e-11 -1.49257e-10 2.04514e-10 -2.44142e-10 2.6357e-10 -2.60144e-10 2.33631e-10 -1.86346e-10 1.22882e-10 -4.95075e-11 -2.66351e-11 9.83598e-11 -1.59182e-10 2.03903e-10 -2.29025e-10 2.32984e-10 -2.16239e-10 1.81172e-10 -1.31829e-10 7.34587e-11 -1.1917e-11 -4.7022e-11 9.83312e-11 -1.38272e-10 1.64727e-10 -1.77277e-10 1.77042e-10 -1.66318e-10 1.48105e-10 -1.25598e-10 1.01719e-10 -7.87375e-11 5.80299e-11 -3.99856e-11 2.40774e-11 -9.07929e-12 -6.59306e-12 2.44707e-11 -4.56119e-11 7.02477e-11 -9.75601e-11 1.2564e-10 -1.51644e-10 1.72132e-10 -1.83542e-10 1.82736e-10 -1.67524e-10 1.37108e-10 -9.23629e-11 3.59105e-11 2.80233e-11 -9.39765e-11 1.55801e-10 -2.07339e-10 2.43136e-10 -2.59121e-10 2.53143e-10 -2.253e-10 1.7801e-10 -1.158e-10 4.48436e-11 2.77172e-11 -9.45702e-11 1.49063e-10 -1.85958e-10 2.02028e-10 -1.96405e-10 1.70658e-10 -1.28569e-10 7.56572e-11 -1.84909e-11 -3.61139e-11 8.19136e-11 -1.13972e-10 1.29221e-10 -1.26775e-10 1.07969e-10 -7.61147e-11 3.60163e-11 6.69078e-12 -4.62869e-11 7.77034e-11 -9.71522e-11 1.02568e-10 -9.38145e-11 7.26256e-11 -4.23075e-11 7.23605e-12 2.77704e-11 -5.81183e-11 8.00543e-11 -9.11457e-11 9.0564e-11 -7.91371e-11 5.91682e-11 -3.40525e-11 7.7496e-12 1.58098e-11 -3.32994e-11 4.24707e-11 -4.24603e-11 3.38872e-11 -1.87294e-11 0. 
0.000115423 0.00010784 0.000100287 9.27908e-05 8.53865e-05 7.80944e-05 7.09591e-05 6.39851e-05 5.72397e-05 5.06977e-05 4.4459e-05 3.8471e-05 3.28385e-05 2.75459e-05 2.26048e-05 1.81305e-05 1.40321e-05 1.03948e-05 7.33027e-06 4.70014e-06 2.55098e-06 1.10682e-06 3.72364e-07 9.5599e-08 1.76068e-08 2.90943e-09 -1.00174e-09 6.06898e-10 -1.44188e-09 6.39283e-10 -1.27773e-09 3.42591e-10 -7.72615e-10 -2.14342e-10 -1.00359e-10 -7.96307e-10 4.65859e-10 -1.10853e-09 6.31967e-10 -9.23327e-10 3.28196e-10 -3.5764e-10 -2.18901e-10 2.87707e-10 -5.74021e-10 5.57387e-10 -4.9018e-10 2.78305e-10 -1.25809e-11 -2.5808e-10 4.65598e-10 -5.60488e-10 5.19213e-10 -3.52211e-10 1.0207e-10 1.6665e-10 -3.83919e-10 4.92859e-10 -4.65261e-10 3.09507e-10 -6.8201e-11 -1.94027e-10 4.09241e-10 -5.2579e-10 5.22814e-10 -4.15064e-10 2.46604e-10 -7.5431e-11 -4.57434e-11 8.62763e-11 -4.6313e-11 -4.52129e-11 1.42343e-10 -1.99245e-10 1.86612e-10 -1.01566e-10 -3.22189e-11 1.73863e-10 -2.80391e-10 3.21924e-10 -2.9146e-10 2.05941e-10 -9.8687e-11 6.44685e-12 4.38058e-11 -4.34238e-11 3.11513e-12 5.33574e-11 -9.98023e-11 1.18074e-10 -1.04294e-10 6.87109e-11 -2.97875e-11 5.39973e-12 -5.00236e-12 2.59349e-11 -5.51129e-11 7.50327e-11 -7.13112e-11 3.85467e-11 1.77758e-11 -8.38055e-11 1.42884e-10 -1.81629e-10 1.94051e-10 -1.82299e-10 1.54148e-10 -1.18743e-10 8.26342e-11 -4.77906e-11 1.22071e-11 2.75197e-11 -7.30873e-11 1.22409e-10 -1.6951e-10 2.06374e-10 -2.25837e-10 2.24215e-10 -2.02575e-10 1.66214e-10 -1.22721e-10 7.95167e-11 -4.19015e-11 1.22593e-11 9.51276e-12 -2.48131e-11 3.50969e-11 -4.11899e-11 4.33747e-11 -4.20388e-11 3.83985e-11 -3.48072e-11 3.4398e-11 -4.01592e-11 5.38225e-11 -7.50343e-11 1.01152e-10 -1.27743e-10 1.49581e-10 -1.61791e-10 1.60771e-10 -1.44694e-10 1.13579e-10 -6.90701e-11 1.41248e-11 4.72523e-11 -1.10213e-10 1.69289e-10 -2.1874e-10 2.53113e-10 -2.67954e-10 2.60535e-10 -2.30429e-10 1.79739e-10 -1.12931e-10 3.62928e-11 4.28551e-11 -1.17031e-10 1.79405e-10 -2.24458e-10 2.4845e-10 -2.49698e-10 2.28675e-10 -1.87928e-10 1.31812e-10 -6.60446e-11 -2.92104e-12 6.86107e-11 -1.2526e-10 1.6844e-10 -1.95482e-10 2.05644e-10 -2.00002e-10 1.81122e-10 -1.5257e-10 1.18353e-10 -8.23732e-11 4.79606e-11 -1.75288e-11 -7.61202e-12 2.72754e-11 -4.22517e-11 5.4017e-11 -6.43405e-11 7.48502e-11 -8.66295e-11 9.99157e-11 -1.13958e-10 1.2706e-10 -1.36817e-10 1.40492e-10 -1.3549e-10 1.19849e-10 -9.26658e-11 5.44016e-11 -7.00384e-12 -4.61707e-11 1.00639e-10 -1.51253e-10 1.92782e-10 -2.20559e-10 2.31086e-10 -2.22542e-10 1.95091e-10 -1.50968e-10 9.42949e-11 -3.06668e-11 -3.3468e-11 9.15431e-11 -1.37642e-10 1.67196e-10 -1.77532e-10 1.6819e-10 -1.40972e-10 9.972e-11 -4.98408e-11 -2.36119e-12 5.04584e-11 -8.86859e-11 1.1264e-10 -1.19798e-10 1.09801e-10 -8.44552e-11 4.74607e-11 -3.90819e-12 -4.03969e-11 7.96872e-11 -1.08967e-10 1.24631e-10 -1.24891e-10 1.09957e-10 -8.19579e-11 4.46084e-11 -2.68207e-12 -3.86436e-11 7.44764e-11 -1.0084e-10 1.15166e-10 -1.16575e-10 1.05928e-10 -8.56263e-11 5.92174e-11 -3.0842e-11 4.62116e-12 1.59385e-11 -2.84341e-11 3.18837e-11 -2.6827e-11 1.51996e-11 0. 
0.000115423 0.00010784 0.000100287 9.27907e-05 8.53866e-05 7.80943e-05 7.09592e-05 6.39851e-05 5.72396e-05 5.06979e-05 4.44587e-05 3.84714e-05 3.28379e-05 2.75466e-05 2.26039e-05 1.81314e-05 1.4031e-05 1.03959e-05 7.32913e-06 4.70122e-06 2.55003e-06 1.10756e-06 3.71911e-07 9.56926e-08 1.79252e-08 2.15227e-09 1.85492e-10 -9.59821e-10 4.09368e-10 -1.36011e-09 7.0137e-10 -1.43169e-09 6.17679e-10 -1.07151e-09 1.28873e-10 -3.76853e-10 -5.38321e-10 3.33647e-10 -1.03509e-09 7.19153e-10 -1.04385e-09 5.45042e-10 -5.3857e-10 2.06942e-11 1.6915e-10 -4.56664e-10 5.35849e-10 -5.02619e-10 3.25953e-10 -6.35608e-11 -2.2265e-10 4.5973e-10 -5.87275e-10 5.72157e-10 -4.18151e-10 1.65786e-10 1.17861e-10 -3.57057e-10 4.88283e-10 -4.78045e-10 3.32346e-10 -9.46485e-11 -1.67257e-10 3.81699e-10 -4.94498e-10 4.84569e-10 -3.68696e-10 1.94124e-10 -2.15186e-11 -9.57125e-11 1.28758e-10 -8.15136e-11 -1.29901e-11 1.0621e-10 -1.52575e-10 1.26075e-10 -2.90507e-11 -1.09676e-10 2.46217e-10 -3.38007e-10 3.58905e-10 -3.07534e-10 2.06118e-10 -9.0821e-11 -2.27327e-12 4.99807e-11 -4.88678e-11 1.3995e-11 2.92914e-11 -5.67129e-11 5.47844e-11 -2.51492e-11 -1.77738e-11 5.42994e-11 -6.86039e-11 5.55284e-11 -2.23688e-11 -1.47421e-11 3.79693e-11 -3.52076e-11 4.71276e-12 4.47523e-11 -9.79335e-11 1.39245e-10 -1.58357e-10 1.5301e-10 -1.28263e-10 9.29749e-11 -5.54033e-11 1.99647e-11 1.35626e-11 -4.8358e-11 8.74945e-11 -1.31117e-10 1.75226e-10 -2.12584e-10 2.35251e-10 -2.37546e-10 2.18146e-10 -1.80493e-10 1.31477e-10 -7.91053e-11 3.01722e-11 1.11648e-11 -4.35409e-11 6.75013e-11 -8.42233e-11 9.45434e-11 -9.87099e-11 9.6839e-11 -8.96836e-11 7.91846e-11 -6.842e-11 6.08916e-11 -5.94239e-11 6.51376e-11 -7.69222e-11 9.16127e-11 -1.04782e-10 1.11841e-10 -1.09059e-10 9.42376e-11 -6.69232e-11 2.82715e-11 1.92612e-11 -7.22192e-11 1.26373e-10 -1.76914e-10 2.18727e-10 -2.46844e-10 2.57067e-10 -2.46673e-10 2.15024e-10 -1.63894e-10 9.74071e-11 -2.15883e-11 -5.63807e-11 1.2904e-10 -1.89508e-10 2.3219e-10 -2.53296e-10 2.51144e-10 -2.26272e-10 1.81362e-10 -1.20974e-10 5.1104e-11 2.14387e-11 -8.97665e-11 1.47678e-10 -1.90342e-10 2.14787e-10 -2.20144e-10 2.07581e-10 -1.80001e-10 1.41537e-10 -9.69498e-11 5.1013e-11 -7.96361e-12 -2.89301e-11 5.76402e-11 -7.74735e-11 8.8984e-11 -9.37193e-11 9.38387e-11 -9.16584e-11 8.91966e-11 -8.77923e-11 8.78623e-11 -8.88379e-11 8.92901e-11 -8.72213e-11 8.04713e-11 -6.71702e-11 4.61638e-11 -1.73429e-11 -1.81764e-11 5.80538e-11 -9.89163e-11 1.36719e-10 -1.67237e-10 1.86621e-10 -1.91947e-10 1.81676e-10 -1.5596e-10 1.16735e-10 -6.75831e-11 1.33703e-11 4.02967e-11 -8.77338e-11 1.23873e-10 -1.44897e-10 1.48728e-10 -1.35316e-10 1.06663e-10 -6.66018e-11 2.03344e-11 2.62041e-11 -6.7082e-11 9.71111e-11 -1.12497e-10 1.11315e-10 -9.37503e-11 6.20647e-11 -2.03058e-11 -2.62158e-11 7.16061e-11 -1.10136e-10 1.36962e-10 -1.48729e-10 1.4397e-10 -1.23262e-10 8.91171e-11 -4.56264e-11 -2.09552e-12 4.85829e-11 -8.87233e-11 1.18397e-10 -1.3497e-10 1.37571e-10 -1.27135e-10 1.06186e-10 -7.84275e-11 4.8171e-11 -1.9705e-11 -3.31466e-12 1.83662e-11 -2.43847e-11 2.18654e-11 -1.27328e-11 0. 
0.000115423 0.00010784 0.000100286 9.27909e-05 8.53863e-05 7.80947e-05 7.09588e-05 6.39856e-05 5.72392e-05 5.06983e-05 4.44583e-05 3.84717e-05 3.28378e-05 2.75466e-05 2.26041e-05 1.81311e-05 1.40316e-05 1.03951e-05 7.33009e-06 4.70009e-06 2.55128e-06 1.10627e-06 3.73166e-07 9.45812e-08 1.87834e-08 1.65378e-09 2.3498e-10 -5.02513e-10 -5.67435e-10 9.35235e-11 -1.12663e-09 6.1204e-10 -1.43987e-09 7.76787e-10 -1.2952e-09 4.48893e-10 -6.63285e-10 -2.50132e-10 1.61723e-10 -8.99762e-10 7.37968e-10 -1.11484e-09 7.40402e-10 -6.94687e-10 2.52925e-10 2.80659e-11 -3.34505e-10 4.89681e-10 -5.03424e-10 3.64101e-10 -1.1456e-10 -1.78802e-10 4.36947e-10 -5.89838e-10 5.95196e-10 -4.50591e-10 1.94791e-10 1.02547e-10 -3.60294e-10 5.09014e-10 -5.11008e-10 3.71094e-10 -1.34552e-10 -1.27273e-10 3.39333e-10 -4.45949e-10 4.27184e-10 -3.03068e-10 1.24627e-10 4.50668e-11 -1.52939e-10 1.73407e-10 -1.15321e-10 1.63228e-11 7.28501e-11 -1.08031e-10 6.79209e-11 3.88257e-11 -1.7793e-10 3.0312e-10 -3.73538e-10 3.68233e-10 -2.92472e-10 1.73978e-10 -5.11728e-11 -4.15676e-11 8.57857e-11 -8.36058e-11 5.3991e-11 -2.28144e-11 1.12734e-11 -2.74892e-11 6.44559e-11 -1.04635e-10 1.28709e-10 -1.24459e-10 9.19817e-11 -4.32943e-11 -3.11402e-12 3.01269e-11 -2.87881e-11 1.29613e-12 4.07047e-11 -8.13954e-11 1.07093e-10 -1.109e-10 9.39974e-11 -6.34848e-11 2.81992e-11 5.38531e-12 -3.53493e-11 6.38707e-11 -9.46728e-11 1.29844e-10 -1.67651e-10 2.02362e-10 -2.26095e-10 2.31768e-10 -2.15809e-10 1.7948e-10 -1.28365e-10 7.04194e-11 -1.34917e-11 -3.66344e-11 7.70281e-11 -1.07183e-10 1.27858e-10 -1.39918e-10 1.43747e-10 -1.39433e-10 1.27466e-10 -1.09444e-10 8.83142e-11 -6.79142e-11 5.1973e-11 -4.29678e-11 4.13146e-11 -4.52097e-11 5.1159e-11 -5.49645e-11 5.2797e-11 -4.20131e-11 2.15425e-11 8.13382e-12 -4.52477e-11 8.70574e-11 -1.30093e-10 1.70335e-10 -2.03419e-10 2.24976e-10 -2.31161e-10 2.19304e-10 -1.88525e-10 1.40144e-10 -7.77362e-11 6.79173e-12 6.5954e-11 -1.33369e-10 1.88791e-10 -2.26777e-10 2.43645e-10 -2.37807e-10 2.09883e-10 -1.62629e-10 1.00681e-10 -3.01098e-11 -4.21772e-11 1.09171e-10 -1.64532e-10 2.03304e-10 -2.22457e-10 2.21162e-10 -2.00788e-10 1.64603e-10 -1.17268e-10 6.41973e-11 -1.08848e-11 -3.77146e-11 7.76904e-11 -1.06518e-10 1.23211e-10 -1.2828e-10 1.23506e-10 -1.11555e-10 9.55085e-11 -7.83488e-11 6.2505e-11 -4.95139e-11 3.98537e-11 -3.29698e-11 2.74824e-11 -2.15323e-11 1.32047e-11 -9.5658e-13 -1.60194e-11 3.75532e-11 -6.24163e-11 8.84156e-11 -1.12654e-10 1.31922e-10 -1.43175e-10 1.44014e-10 -1.33112e-10 1.10512e-10 -7.77411e-11 3.77244e-11 5.51325e-12 -4.73111e-11 8.29508e-11 -1.0827e-10 1.20225e-10 -1.17332e-10 9.99068e-11 -7.00897e-11 3.16195e-11 1.05987e-11 -5.10922e-11 8.45069e-11 -1.06292e-10 1.13298e-10 -1.04201e-10 7.96993e-11 -4.24554e-11 -3.21816e-12 5.18861e-11 -9.76645e-11 1.34955e-10 -1.59144e-10 1.67177e-10 -1.57929e-10 1.32334e-10 -9.32476e-11 4.50651e-11 6.84556e-12 -5.6831e-11 9.96615e-11 -1.3117e-10 1.48738e-10 -1.51567e-10 1.40702e-10 -1.18806e-10 8.97326e-11 -5.79389e-11 2.78441e-11 -3.20832e-12 -1.33741e-11 2.08009e-11 -1.95631e-11 1.16099e-11 0. 
0.000115423 0.00010784 0.000100287 9.27906e-05 8.53867e-05 7.80942e-05 7.09593e-05 6.39849e-05 5.72399e-05 5.06975e-05 4.44592e-05 3.84709e-05 3.28386e-05 2.75458e-05 2.26048e-05 1.81305e-05 1.40319e-05 1.0395e-05 7.33e-06 4.70048e-06 2.55058e-06 1.10726e-06 3.71918e-07 9.60094e-08 1.72811e-08 3.09674e-09 -9.9922e-10 3.72775e-10 -9.52389e-10 -1.03553e-10 -3.15041e-10 -7.73058e-10 3.98856e-10 -1.32319e-09 8.20563e-10 -1.41552e-09 7.00736e-10 -9.24858e-10 5.48788e-11 -3.86125e-11 -7.27927e-10 7.04621e-10 -1.12252e-09 9.00681e-10 -8.25244e-10 4.53571e-10 -1.16366e-10 -2.19913e-10 4.37332e-10 -5.01967e-10 4.01359e-10 -1.69972e-10 -1.24317e-10 3.96601e-10 -5.68109e-10 5.88224e-10 -4.49166e-10 1.88667e-10 1.20664e-10 -3.92494e-10 5.5232e-10 -5.59588e-10 4.1945e-10 -1.80206e-10 -8.27729e-11 2.91506e-10 -3.90044e-10 3.61137e-10 -2.29341e-10 4.99603e-11 1.11999e-10 -2.05045e-10 2.08325e-10 -1.36751e-10 3.28136e-11 5.13025e-11 -7.42495e-11 2.09136e-11 9.28504e-11 -2.27421e-10 3.35232e-10 -3.78773e-10 3.43803e-10 -2.43036e-10 1.09508e-10 1.71179e-11 -1.05484e-10 1.42831e-10 -1.37018e-10 1.10232e-10 -8.77028e-11 8.65021e-11 -1.0905e-10 1.43628e-10 -1.71052e-10 1.74144e-10 -1.45691e-10 9.15737e-11 -2.8067e-11 -2.51464e-11 5.29661e-11 -5.04486e-11 2.3848e-11 1.28868e-11 -4.42511e-11 5.91332e-11 -5.41397e-11 3.32667e-11 -4.58639e-12 -2.41606e-11 4.89319e-11 -7.03082e-11 9.18647e-11 -1.17079e-10 1.46448e-10 -1.76228e-10 1.99361e-10 -2.08064e-10 1.96856e-10 -1.64685e-10 1.15326e-10 -5.60212e-11 -4.88914e-12 6.03002e-11 -1.05744e-10 1.39514e-10 -1.6179e-10 1.73407e-10 -1.74985e-10 1.6679e-10 -1.49252e-10 1.23735e-10 -9.30052e-11 6.10621e-11 -3.23075e-11 1.03781e-11 2.88505e-12 -7.91759e-12 7.20321e-12 -4.4613e-12 3.5857e-12 -7.70677e-12 1.86304e-11 -3.67089e-11 6.10236e-11 -8.96831e-11 1.2008e-10 -1.49063e-10 1.73081e-10 -1.88431e-10 1.9167e-10 -1.80193e-10 1.52838e-10 -1.1036e-10 5.55977e-11 6.74242e-12 -7.06464e-11 1.29583e-10 -1.77352e-10 2.08847e-10 -2.20619e-10 2.11226e-10 -1.81357e-10 1.33759e-10 -7.29889e-11 4.98883e-12 6.34907e-11 -1.25597e-10 1.75133e-10 -2.07274e-10 2.19131e-10 -2.10062e-10 1.81695e-10 -1.37656e-10 8.30525e-11 -2.3811e-11 -3.40374e-11 8.50336e-11 -1.24852e-10 1.50693e-10 -1.61482e-10 1.57856e-10 -1.41952e-10 1.17023e-10 -8.69346e-11 5.56071e-11 -2.64889e-11 2.13213e-12 1.60666e-11 -2.79295e-11 3.43656e-11 -3.70751e-11 3.81489e-11 -3.96316e-11 4.31186e-11 -4.94499e-11 5.85437e-11 -6.93932e-11 8.02273e-11 -8.88082e-11 9.28248e-11 -9.03192e-11 8.00805e-11 -6.19416e-11 3.69241e-11 -7.20342e-12 -2.41118e-11 5.33598e-11 -7.68155e-11 9.12205e-11 -9.42776e-11 8.50353e-11 -6.41046e-11 3.36683e-11 2.72354e-12 -4.05553e-11 7.48941e-11 -1.01018e-10 1.1504e-10 -1.14446e-10 9.84702e-11 -6.8254e-11 2.67611e-11 2.15453e-11 -7.12245e-11 1.16517e-10 -1.52052e-10 1.73515e-10 -1.78188e-10 1.6529e-10 -1.36073e-10 9.36624e-11 -4.26622e-11 -1.14238e-11 6.28786e-11 -1.06476e-10 1.3811e-10 -1.55264e-10 1.57274e-10 -1.45327e-10 1.22231e-10 -9.19707e-11 5.91108e-11 -2.81508e-11 2.89985e-12 1.4031e-11 -2.15526e-11 2.01947e-11 -1.19663e-11 0. 
0.000115423 0.00010784 0.000100287 9.27908e-05 8.53865e-05 7.80945e-05 7.0959e-05 6.39853e-05 5.72394e-05 5.06982e-05 4.44584e-05 3.84717e-05 3.28376e-05 2.75469e-05 2.26036e-05 1.81317e-05 1.40307e-05 1.03961e-05 7.32902e-06 4.70122e-06 2.55015e-06 1.10732e-06 3.72283e-07 9.52123e-08 1.84782e-08 1.5803e-09 7.07972e-10 -1.35571e-09 6.0209e-10 -1.28517e-09 3.18757e-10 -7.37082e-10 -3.49918e-10 8.50736e-11 -1.09362e-09 7.63489e-10 -1.44459e-09 8.75305e-10 -1.12796e-09 3.4486e-10 -2.58784e-10 -5.24772e-10 6.40356e-10 -1.07445e-09 1.00916e-09 -9.2866e-10 6.11377e-10 -2.45228e-10 -1.2319e-10 3.93097e-10 -5.06763e-10 4.43658e-10 -2.3191e-10 -5.99595e-11 3.41542e-10 -5.26113e-10 5.55779e-10 -4.18645e-10 1.52529e-10 1.66377e-10 -4.46682e-10 6.09826e-10 -6.14054e-10 4.66652e-10 -2.20299e-10 -4.51724e-11 2.49506e-10 -3.37962e-10 2.97704e-10 -1.59087e-10 -1.80024e-11 1.67395e-10 -2.40677e-10 2.23284e-10 -1.37115e-10 2.93819e-11 4.74233e-11 -5.64262e-11 -9.87111e-12 1.27869e-10 -2.53223e-10 3.38639e-10 -3.51828e-10 2.86677e-10 -1.6375e-10 2.06609e-11 1.03156e-10 -1.80892e-10 2.06386e-10 -1.93144e-10 1.65634e-10 -1.47193e-10 1.49913e-10 -1.70589e-10 1.93897e-10 -2.00768e-10 1.77886e-10 -1.24053e-10 5.08559e-11 2.22559e-11 -7.59859e-11 9.86596e-11 -9.00549e-11 6.03209e-11 -2.4928e-11 -1.82143e-12 1.18544e-11 -5.0405e-12 -1.26777e-11 3.33763e-11 -5.1288e-11 6.5074e-11 -7.74117e-11 9.24367e-11 -1.12535e-10 1.36149e-10 -1.57652e-10 1.6927e-10 -1.64109e-10 1.38882e-10 -9.5194e-11 3.89633e-11 2.16074e-11 -7.85278e-11 1.25948e-10 -1.60892e-10 1.82786e-10 -1.92321e-10 1.9037e-10 -1.77514e-10 1.54307e-10 -1.21995e-10 8.31501e-11 -4.17692e-11 2.67461e-12 2.95945e-11 -5.19538e-11 6.35435e-11 -6.58144e-11 6.19417e-11 -5.58346e-11 5.11188e-11 -5.04085e-11 5.5005e-11 -6.49616e-11 7.93351e-11 -9.64417e-11 1.14024e-10 -1.29359e-10 1.39416e-10 -1.4116e-10 1.32043e-10 -1.10579e-10 7.68629e-11 -3.28401e-11 -1.77668e-11 6.98946e-11 -1.17838e-10 1.56052e-10 -1.79909e-10 1.86273e-10 -1.73866e-10 1.43398e-10 -9.75021e-11 4.04999e-11 2.19968e-11 -8.3628e-11 1.37947e-10 -1.79142e-10 2.02732e-10 -2.0613e-10 1.88974e-10 -1.53174e-10 1.02655e-10 -4.28517e-11 -1.99659e-11 7.94381e-11 -1.29827e-10 1.66616e-10 -1.86942e-10 1.89818e-10 -1.76143e-10 1.4849e-10 -1.10719e-10 6.74465e-11 -2.34451e-11 -1.69435e-11 5.0306e-11 -7.44964e-11 8.87752e-11 -9.37399e-11 9.10718e-11 -8.31499e-11 7.25994e-11 -6.18478e-11 5.27521e-11 -4.63502e-11 4.27645e-11 -4.12668e-11 4.04888e-11 -3.8742e-11 3.43937e-11 -2.62376e-11 1.37964e-11 2.49715e-12 -2.1276e-11 4.03806e-11 -5.71513e-11 6.88287e-11 -7.30026e-11 6.804e-11 -5.34236e-11 2.99462e-11 2.77961e-13 -3.39937e-11 6.71618e-11 -9.54505e-11 1.14798e-10 -1.21974e-10 1.15053e-10 -9.37461e-11 5.95273e-11 -1.553e-11 -3.37718e-11 8.30703e-11 -1.26853e-10 1.60073e-10 -1.78777e-10 1.80608e-10 -1.65104e-10 1.33775e-10 -8.99226e-11 3.8237e-11 1.57781e-11 -6.64815e-11 1.08782e-10 -1.38744e-10 1.54045e-10 -1.54203e-10 1.40577e-10 -1.16111e-10 8.48864e-11 -5.15269e-11 2.05511e-11 4.24758e-12 -2.03014e-11 2.65857e-11 -2.371e-11 1.37725e-11 0. 
0.000115423 0.00010784 0.000100287 9.27909e-05 8.53863e-05 7.80947e-05 7.09588e-05 6.39855e-05 5.72393e-05 5.06982e-05 4.44585e-05 3.84715e-05 3.2838e-05 2.75463e-05 2.26045e-05 1.81307e-05 1.4032e-05 1.03946e-05 7.33057e-06 4.69967e-06 2.55161e-06 1.10606e-06 3.73204e-07 9.47339e-08 1.84328e-08 2.18556e-09 -4.34621e-10 2.34983e-10 -1.28083e-09 6.78062e-10 -1.47847e-09 6.44949e-10 -1.10244e-09 6.70345e-11 -2.69028e-10 -7.80606e-10 6.10819e-10 -1.38666e-09 9.85073e-10 -1.27372e-09 5.94703e-10 -4.73056e-10 -2.92811e-10 5.51439e-10 -9.90238e-10 1.05995e-09 -1.00034e-09 7.24005e-10 -3.45655e-10 -5.16764e-11 3.6568e-10 -5.22811e-10 4.92872e-10 -2.98703e-10 9.62604e-12 2.78575e-10 -4.71945e-10 5.06602e-10 -3.68139e-10 9.59253e-11 2.29436e-10 -5.1168e-10 6.69428e-10 -6.61682e-10 4.99896e-10 -2.42523e-10 -2.59016e-11 2.23824e-10 -2.99517e-10 2.46423e-10 -1.0186e-10 -6.97108e-11 2.02105e-10 -2.51737e-10 2.11877e-10 -1.12044e-10 3.58596e-12 6.22534e-11 -5.48969e-11 -2.42839e-11 1.43864e-10 -2.55964e-10 3.15543e-10 -2.97488e-10 2.04921e-10 -6.60701e-11 -7.82182e-11 1.90641e-10 -2.50547e-10 2.59037e-10 -2.34798e-10 2.03344e-10 -1.84831e-10 1.85781e-10 -1.97875e-10 2.03659e-10 -1.86033e-10 1.3699e-10 -6.17564e-11 -2.31699e-11 9.68213e-11 -1.42127e-10 1.52155e-10 -1.31779e-10 9.45167e-11 -5.6369e-11 2.95862e-11 -1.89689e-11 2.18967e-11 -3.14864e-11 4.09712e-11 -4.70917e-11 5.10361e-11 -5.67982e-11 6.807e-11 -8.53788e-11 1.04914e-10 -1.19563e-10 1.21608e-10 -1.05785e-10 7.13642e-11 -2.24322e-11 -3.35767e-11 8.83109e-11 -1.34813e-10 1.68846e-10 -1.88937e-10 1.95464e-10 -1.89484e-10 1.71951e-10 -1.4368e-10 1.05915e-10 -6.10354e-11 1.28993e-11 3.35052e-11 -7.30266e-11 1.01581e-10 -1.17151e-10 1.20183e-10 -1.13261e-10 1.00245e-10 -8.52217e-11 7.16315e-11 -6.17845e-11 5.67779e-11 -5.66696e-11 6.0715e-11 -6.75335e-11 7.51917e-11 -8.12915e-11 8.31783e-11 -7.83343e-11 6.49123e-11 -4.22768e-11 1.13742e-11 2.52038e-11 -6.35121e-11 9.88352e-11 -1.26422e-10 1.42214e-10 -1.43424e-10 1.28916e-10 -9.93472e-11 5.71229e-11 -6.17521e-12 -4.83986e-11 1.0083e-10 -1.45285e-10 1.76528e-10 -1.90582e-10 1.85267e-10 -1.60544e-10 1.18575e-10 -6.34905e-11 9.01755e-13 6.27742e-11 -1.21066e-10 1.68181e-10 -1.99623e-10 2.12646e-10 -2.06493e-10 1.82407e-10 -1.43429e-10 9.39903e-11 -3.93675e-11 -1.49538e-11 6.39133e-11 -1.03431e-10 1.30808e-10 -1.44929e-10 1.46241e-10 -1.36531e-10 1.1855e-10 -9.5543e-11 7.07615e-11 -4.70301e-11 2.64192e-11 -1.0063e-11 -1.8605e-12 9.99749e-12 -1.55609e-11 1.99952e-11 -2.46202e-11 3.03151e-11 -3.72972e-11 4.50335e-11 -5.23035e-11 5.74042e-11 -5.84642e-11 5.38168e-11 -4.23684e-11 2.39004e-11 7.49992e-13 -2.96647e-11 5.99913e-11 -8.82468e-11 1.10744e-10 -1.24087e-10 1.2566e-10 -1.14051e-10 8.93361e-11 -5.31803e-11 8.73307e-12 3.96788e-11 -8.70277e-11 1.28173e-10 -1.58486e-10 1.74425e-10 -1.73999e-10 1.57031e-10 -1.25209e-10 8.18961e-11 -3.17344e-11 -1.99198e-11 6.76465e-11 -1.0662e-10 1.33189e-10 -1.45297e-10 1.42695e-10 -1.26918e-10 1.01027e-10 -6.91556e-11 3.59251e-11 -5.80216e-12 -1.75038e-11 3.15297e-11 -3.5364e-11 2.97292e-11 -1.68314e-11 0. 
0.000115423 0.00010784 0.000100287 9.27905e-05 8.53868e-05 7.80941e-05 7.09595e-05 6.39847e-05 5.72401e-05 5.06973e-05 4.44593e-05 3.84707e-05 3.28387e-05 2.75458e-05 2.26047e-05 1.81307e-05 1.40316e-05 1.03954e-05 7.32946e-06 4.70108e-06 2.54995e-06 1.10787e-06 3.71396e-07 9.63813e-08 1.71165e-08 3.01299e-09 -6.50979e-10 -2.23192e-10 -1.62705e-10 -9.96455e-10 5.61311e-10 -1.49782e-09 8.41508e-10 -1.38077e-09 4.40054e-10 -6.10873e-10 -4.40194e-10 3.97155e-10 -1.24673e-09 1.02825e-09 -1.37314e-09 8.07837e-10 -6.58726e-10 -4.92558e-11 4.36415e-10 -8.86414e-10 1.06009e-09 -1.03772e-09 7.94157e-10 -4.12515e-10 -8.23387e-12 3.57892e-10 -5.50328e-10 5.46285e-10 -3.64572e-10 7.61081e-11 2.17783e-10 -4.16632e-10 4.52101e-10 -3.09235e-10 3.07232e-11 2.97496e-10 -5.74607e-10 7.1795e-10 -6.89553e-10 5.07218e-10 -2.36448e-10 -3.36259e-11 2.21575e-10 -2.80813e-10 2.12992e-10 -6.33041e-11 -9.96766e-11 2.11344e-10 -2.34906e-10 1.72891e-10 -6.26403e-11 -4.14898e-11 9.14567e-11 -6.48653e-11 -2.71181e-11 1.45748e-10 -2.4137e-10 2.73485e-10 -2.25978e-10 1.11786e-10 3.41e-11 -1.69574e-10 2.61645e-10 -2.97299e-10 2.85138e-10 -2.48077e-10 2.11142e-10 -1.90072e-10 1.85566e-10 -1.85115e-10 1.70868e-10 -1.29438e-10 5.90624e-11 2.89298e-11 -1.14623e-10 1.77606e-10 -2.04886e-10 1.95245e-10 -1.58532e-10 1.10689e-10 -6.70926e-11 3.71973e-11 -2.25555e-11 1.85218e-11 -1.82825e-11 1.69786e-11 -1.39555e-11 1.231e-11 -1.63015e-11 2.81713e-11 -4.60583e-11 6.40312e-11 -7.41652e-11 6.96369e-11 -4.7411e-11 9.38922e-12 3.83331e-11 -8.76052e-11 1.30729e-10 -1.62305e-10 1.7985e-10 -1.83237e-10 1.73558e-10 -1.52115e-10 1.20054e-10 -7.87116e-11 3.02981e-11 2.15796e-11 -7.20013e-11 1.15503e-10 -1.47281e-10 1.64349e-10 -1.66218e-10 1.5485e-10 -1.33975e-10 1.08063e-10 -8.13377e-11 5.71146e-11 -3.7549e-11 2.37039e-11 -1.57473e-11 1.31158e-11 -1.4588e-11 1.83243e-11 -2.19927e-11 2.30705e-11 -1.93225e-11 9.35101e-12 6.95179e-12 -2.82056e-11 5.16809e-11 -7.37489e-11 9.0527e-11 -9.85625e-11 9.54113e-11 -8.00247e-11 5.29189e-11 -1.61478e-11 -2.68865e-11 7.17557e-11 -1.13442e-10 1.46875e-10 -1.67529e-10 1.72024e-10 -1.58642e-10 1.27652e-10 -8.13952e-11 2.40794e-11 3.8686e-11 -1.00542e-10 1.55122e-10 -1.96786e-10 2.21244e-10 -2.26011e-10 2.10653e-10 -1.76793e-10 1.2791e-10 -6.89191e-11 5.61468e-12 5.59899e-11 -1.10327e-10 1.5287e-10 -1.80582e-10 1.92157e-10 -1.88041e-10 1.70229e-10 -1.4189e-10 1.06884e-10 -6.92267e-11 3.26078e-11 1.16204e-14 -2.66519e-11 4.64098e-11 -5.93904e-11 6.65005e-11 -6.91431e-11 6.88666e-11 -6.70292e-11 6.45324e-11 -6.16689e-11 5.81068e-11 -5.3011e-11 4.52783e-11 -3.38416e-11 1.79891e-11 2.36011e-12 -2.64764e-11 5.27718e-11 -7.89014e-11 1.02007e-10 -1.19072e-10 1.27345e-10 -1.24766e-10 1.10332e-10 -8.43494e-11 4.85179e-11 -5.83569e-12 -3.9682e-11 8.34362e-11 -1.20779e-10 1.47581e-10 -1.60755e-10 1.58667e-10 -1.41372e-10 1.10645e-10 -6.97908e-11 2.32599e-11 2.3886e-11 -6.65904e-11 1.00419e-10 -1.22099e-10 1.29906e-10 -1.23851e-10 1.05642e-10 -7.84207e-11 4.63147e-11 -1.38691e-11 -1.45752e-11 3.54636e-11 -4.64953e-11 4.69126e-11 -3.75727e-11 2.07943e-11 0. 
0.000115423 0.00010784 0.000100286 9.2791e-05 8.53862e-05 7.80948e-05 7.09586e-05 6.39857e-05 5.72389e-05 5.06986e-05 4.44579e-05 3.84723e-05 3.28371e-05 2.75473e-05 2.26032e-05 1.8132e-05 1.40306e-05 1.03961e-05 7.3292e-06 4.70087e-06 2.55066e-06 1.10667e-06 3.73013e-07 9.44739e-08 1.9142e-08 1.07818e-09 9.68761e-10 -1.31626e-09 2.3741e-10 -6.14799e-10 -5.87953e-10 2.89281e-10 -1.34369e-09 8.79391e-10 -1.53488e-09 7.418e-10 -9.20732e-10 -1.02408e-10 1.6658e-10 -1.05824e-09 1.00842e-09 -1.42244e-09 9.95167e-10 -8.13932e-10 1.82413e-10 2.99845e-10 -7.73086e-10 1.0237e-09 -1.04382e-09 8.28113e-10 -4.47514e-10 9.25659e-12 3.67174e-10 -5.84898e-10 5.9716e-10 -4.20505e-10 1.28766e-10 1.70812e-10 -3.72046e-10 4.03986e-10 -2.53453e-10 -3.15469e-11 3.58836e-10 -6.23636e-10 7.43934e-10 -6.87328e-10 4.80179e-10 -1.96025e-10 -7.20292e-11 2.4463e-10 -2.8275e-10 1.98095e-10 -4.42172e-11 -1.07251e-10 1.95345e-10 -1.92159e-10 1.10611e-10 4.50795e-12 -9.75633e-11 1.26006e-10 -7.74077e-11 -2.68458e-11 1.41868e-10 -2.18529e-10 2.23277e-10 -1.50453e-10 2.26658e-11 1.20007e-10 -2.36687e-10 3.00927e-10 -3.08443e-10 2.7495e-10 -2.26097e-10 1.84671e-10 -1.60915e-10 1.49862e-10 -1.36139e-10 1.03322e-10 -4.31525e-11 -3.96106e-11 1.28626e-10 -2.02621e-10 2.43973e-10 -2.45323e-10 2.11564e-10 -1.56791e-10 9.80395e-11 -4.88395e-11 1.53057e-11 3.96309e-12 -1.47762e-11 2.29948e-11 -3.11873e-11 3.77661e-11 -3.86973e-11 3.06033e-11 -1.35133e-11 -8.16069e-12 2.68715e-11 -3.47582e-11 2.66996e-11 -2.24639e-12 -3.43038e-11 7.55476e-11 -1.13471e-10 1.41698e-10 -1.56673e-10 1.57567e-10 -1.45305e-10 1.21425e-10 -8.74096e-11 4.47439e-11 4.49988e-12 -5.70413e-11 1.08229e-10 -1.5257e-10 1.84832e-10 -2.01279e-10 2.00588e-10 -1.84083e-10 1.55267e-10 -1.18874e-10 7.98088e-11 -4.23223e-11 9.58317e-12 1.63857e-11 -3.45694e-11 4.48059e-11 -4.77115e-11 4.4667e-11 -3.77552e-11 2.9541e-11 -2.26552e-11 1.92516e-11 -2.04895e-11 2.62109e-11 -3.49257e-11 4.41182e-11 -5.07871e-11 5.20736e-11 -4.58284e-11 3.10143e-11 -7.90391e-12 -2.19149e-11 5.56908e-11 -8.97818e-11 1.2003e-10 -1.4222e-10 1.52604e-10 -1.48437e-10 1.28446e-10 -9.3153e-11 4.49664e-11 1.19872e-11 -7.2288e-11 1.2984e-10 -1.78585e-10 2.1322e-10 -2.29806e-10 2.2622e-10 -2.0239e-10 1.60306e-10 -1.03799e-10 3.81352e-11 3.05602e-11 -9.59634e-11 1.52235e-10 -1.94634e-10 2.19997e-10 -2.27005e-10 2.16227e-10 -1.89936e-10 1.51729e-10 -1.06025e-10 5.75044e-11 -1.05661e-11 -3.11207e-11 6.49355e-11 -8.9459e-11 1.04456e-10 -1.10704e-10 1.0971e-10 -1.03353e-10 9.35256e-11 -8.18185e-11 6.93081e-11 -5.64647e-11 4.31978e-11 -2.90199e-11 1.32932e-11 4.48947e-12 -2.44441e-11 4.61051e-11 -6.83446e-11 8.94196e-11 -1.07149e-10 1.19195e-10 -1.23414e-10 1.18219e-10 -1.02899e-10 7.78438e-11 -4.46255e-11 5.9232e-12 3.47193e-11 -7.32709e-11 1.05685e-10 -1.284e-10 1.38807e-10 -1.35609e-10 1.19033e-10 -9.08413e-11 5.41571e-11 -1.31018e-11 -2.76981e-11 6.36786e-11 -9.09048e-11 1.06562e-10 -1.09302e-10 9.94062e-11 -7.87303e-11 5.04444e-11 -1.86024e-11 -1.24059e-11 3.84438e-11 -5.61795e-11 6.35255e-11 -5.99073e-11 4.63237e-11 -2.51923e-11 0. 
0.000115423 0.00010784 0.000100287 9.27908e-05 8.53865e-05 7.80944e-05 7.09591e-05 6.39851e-05 5.72398e-05 5.06976e-05 4.44592e-05 3.84708e-05 3.28388e-05 2.75454e-05 2.26053e-05 1.81298e-05 1.40328e-05 1.0394e-05 7.33106e-06 4.69938e-06 2.55167e-06 1.10625e-06 3.72774e-07 9.537e-08 1.76532e-08 3.01943e-09 -1.21455e-09 8.45678e-10 -1.61644e-09 6.60887e-10 -1.07706e-09 -1.12391e-10 -8.23446e-11 -1.06431e-09 7.83173e-10 -1.55538e-09 9.40061e-10 -1.1703e-09 2.19916e-10 -6.50378e-11 -8.5505e-10 9.52739e-10 -1.41975e-09 1.15472e-09 -9.48215e-10 3.86337e-10 1.5465e-10 -6.58363e-10 9.66725e-10 -1.02708e-09 8.35082e-10 -4.57274e-10 7.03426e-12 3.86984e-10 -6.18794e-10 6.36303e-10 -4.56097e-10 1.56621e-10 1.48478e-10 -3.48331e-10 3.71612e-10 -2.09602e-10 -8.22599e-11 4.04835e-10 -6.50387e-10 7.39913e-10 -6.49381e-10 4.1578e-10 -1.21178e-10 -1.38641e-10 2.8889e-10 -3.00706e-10 1.97408e-10 -4.07531e-11 -9.63086e-11 1.58948e-10 -1.30205e-10 3.40247e-11 7.84554e-11 -1.52662e-10 1.54035e-10 -8.15921e-11 -3.33155e-11 1.41568e-10 -1.97278e-10 1.76143e-10 -8.38054e-11 -4.84534e-11 1.77884e-10 -2.67612e-10 2.99716e-10 -2.79069e-10 2.27362e-10 -1.70963e-10 1.28596e-10 -1.04258e-10 8.7962e-11 -6.31124e-11 1.64663e-11 5.41936e-11 -1.3807e-10 2.15581e-10 -2.6648e-10 2.77978e-10 -2.49322e-10 1.91164e-10 -1.20505e-10 5.38756e-11 -1.82599e-12 -3.31193e-11 5.47543e-11 -6.91505e-11 8.05742e-11 -8.93418e-11 9.23889e-11 -8.59048e-11 6.84263e-11 -4.27084e-11 1.54282e-11 5.09208e-12 -1.20271e-11 2.60689e-12 2.09745e-11 -5.25426e-11 8.42154e-11 -1.0889e-10 1.21946e-10 -1.21673e-10 1.08594e-10 -8.43036e-11 5.05534e-11 -8.99902e-12 -3.83975e-11 8.87222e-11 -1.37745e-10 1.80197e-10 -2.10692e-10 2.24977e-10 -2.21014e-10 1.99485e-10 -1.63562e-10 1.18087e-10 -6.8486e-11 1.98173e-11 2.384e-11 -5.95934e-11 8.56795e-11 -1.01326e-10 1.06667e-10 -1.02739e-10 9.14521e-11 -7.54467e-11 5.77345e-11 -4.11784e-11 2.79291e-11 -1.89939e-11 1.4075e-11 -1.17285e-11 9.78975e-12 -5.93592e-12 -1.76423e-12 1.44298e-11 -3.21341e-11 5.38572e-11 -7.75902e-11 1.00553e-10 -1.19501e-10 1.31108e-10 -1.3241e-10 1.21267e-10 -9.67903e-11 5.96506e-11 -1.21848e-11 -4.17324e-11 9.70613e-11 -1.48162e-10 1.89463e-10 -2.16145e-10 2.24726e-10 -2.13493e-10 1.82731e-10 -1.34722e-10 7.35311e-11 -4.59405e-12 -6.58437e-11 1.31385e-10 -1.86161e-10 2.25447e-10 -2.46148e-10 2.47085e-10 -2.29048e-10 1.94615e-10 -1.47779e-10 9.34267e-11 -3.67516e-11 -1.73206e-11 6.46282e-11 -1.02136e-10 1.2813e-10 -1.42238e-10 1.45283e-10 -1.39002e-10 1.25686e-10 -1.07789e-10 8.75691e-11 -6.68109e-11 4.66722e-11 -2.76583e-11 9.72559e-12 7.51763e-12 -2.45567e-11 4.17131e-11 -5.89333e-11 7.56653e-11 -9.08455e-11 1.03004e-10 -1.10471e-10 1.11657e-10 -1.05354e-10 9.10208e-11 -6.89831e-11 4.0529e-11 -7.86123e-12 -2.60917e-11 5.79875e-11 -8.44687e-11 1.02593e-10 -1.10237e-10 1.06412e-10 -9.14433e-11 6.69859e-11 -3.58612e-11 1.73552e-12 3.13227e-11 -5.93508e-11 7.89982e-11 -8.79621e-11 8.52933e-11 -7.15289e-11 4.86301e-11 -1.97312e-11 -1.12686e-11 4.02177e-11 -6.32612e-11 7.73524e-11 -8.0658e-11 7.28023e-11 -5.49156e-11 2.94812e-11 0. 
0.000115423 0.00010784 0.000100287 9.27906e-05 8.53868e-05 7.80941e-05 7.09594e-05 6.39849e-05 5.72399e-05 5.06977e-05 4.44589e-05 3.84713e-05 3.2838e-05 2.75466e-05 2.26038e-05 1.81318e-05 1.40305e-05 1.03965e-05 7.32835e-06 4.7021e-06 2.5491e-06 1.10849e-06 3.71068e-07 9.63855e-08 1.74398e-08 2.39704e-09 1.81846e-10 -1.15934e-09 7.36174e-10 -1.70843e-09 9.51405e-10 -1.4718e-09 3.69417e-10 -5.12317e-10 -6.93424e-10 5.89514e-10 -1.47437e-09 1.04161e-09 -1.33666e-09 5.00163e-10 -2.89231e-10 -6.4644e-10 8.89405e-10 -1.38097e-09 1.27799e-09 -1.06702e-09 5.56406e-10 1.67631e-11 -5.51699e-10 9.04614e-10 -9.99099e-10 8.26006e-10 -4.51e-10 -6.4044e-12 4.08846e-10 -6.43052e-10 6.54266e-10 -4.61886e-10 1.50915e-10 1.58237e-10 -3.51421e-10 3.59652e-10 -1.81665e-10 -1.17572e-10 4.31628e-10 -6.51388e-10 7.03715e-10 -5.75874e-10 3.17223e-10 -1.81469e-11 -2.24956e-10 3.44876e-10 -3.25497e-10 2.02776e-10 -4.57039e-11 -7.39367e-11 1.1025e-10 -5.89994e-11 -4.49303e-11 1.45986e-10 -1.93539e-10 1.63509e-10 -6.72788e-11 -5.49305e-11 1.52386e-10 -1.85388e-10 1.40808e-10 -3.56072e-11 -9.21708e-11 2.00086e-10 -2.5803e-10 2.57997e-10 -2.1356e-10 1.50455e-10 -9.33997e-11 5.53806e-11 -3.39131e-11 1.51621e-11 1.68292e-11 -7.06323e-11 1.42161e-10 -2.15802e-10 2.70992e-10 -2.90877e-10 2.69038e-10 -2.11473e-10 1.33439e-10 -5.30223e-11 -1.54203e-11 6.51722e-11 -9.71729e-11 1.16821e-10 -1.29613e-10 1.37902e-10 -1.40199e-10 1.32996e-10 -1.13844e-10 8.39031e-11 -4.8618e-11 1.61979e-11 5.3315e-12 -1.10969e-11 1.05972e-12 2.02107e-11 -4.53947e-11 6.69635e-11 -7.93044e-11 7.96907e-11 -6.79997e-11 4.5661e-11 -1.4566e-11 -2.34808e-11 6.6602e-11 -1.12259e-10 1.56744e-10 -1.95205e-10 2.22356e-10 -2.33646e-10 2.26455e-10 -2.00828e-10 1.59497e-10 -1.07226e-10 4.97681e-11 7.19829e-12 -5.88342e-11 1.01506e-10 -1.32825e-10 1.51535e-10 -1.5742e-10 1.51281e-10 -1.34935e-10 1.11114e-10 -8.31744e-11 5.46014e-11 -2.84258e-11 6.70143e-12 9.78889e-12 -2.15177e-11 2.99066e-11 -3.68362e-11 4.41166e-11 -5.3048e-11 6.41444e-11 -7.70338e-11 9.05075e-11 -1.02678e-10 1.11217e-10 -1.13661e-10 1.07776e-10 -9.19477e-11 6.55678e-11 -2.93205e-11 -1.46855e-11 6.30008e-11 -1.11144e-10 1.54099e-10 -1.86928e-10 2.054e-10 -2.06545e-10 1.89065e-10 -1.53544e-10 1.02447e-10 -3.99098e-11 -2.86606e-11 9.71264e-11 -1.59257e-10 2.09384e-10 -2.43012e-10 2.57285e-10 -2.5128e-10 2.26063e-10 -1.84511e-10 1.3094e-10 -7.05724e-11 8.94064e-12 4.87144e-11 -9.79665e-11 1.35596e-10 -1.59814e-10 1.703e-10 -1.68071e-10 1.55202e-10 -1.34444e-10 1.08811e-10 -8.11701e-11 5.39191e-11 -2.87651e-11 6.64624e-12 1.22149e-11 -2.81453e-11 4.17816e-11 -5.38055e-11 6.47028e-11 -7.45897e-11 8.31356e-11 -8.95936e-11 9.29336e-11 -9.2053e-11 8.60285e-11 -7.43633e-11 5.71855e-11 -3.53574e-11 1.04711e-11 1.52785e-11 -3.93322e-11 5.90846e-11 -7.22404e-11 7.71535e-11 -7.30988e-11 6.04312e-11 -4.06025e-11 1.60274e-11 1.01909e-11 -3.46417e-11 5.40455e-11 -6.56919e-11 6.78171e-11 -5.98645e-11 4.25922e-11 -1.80068e-11 -1.08716e-11 4.0385e-11 -6.67047e-11 8.63315e-11 -9.65579e-11 9.58337e-11 -8.3982e-11 6.22367e-11 -3.30945e-11 0. 
0.000115423 0.00010784 0.000100286 9.27911e-05 8.53861e-05 7.80949e-05 7.09585e-05 6.39859e-05 5.72388e-05 5.06988e-05 4.44578e-05 3.84722e-05 3.28373e-05 2.7547e-05 2.26038e-05 1.81313e-05 1.40315e-05 1.0395e-05 7.33049e-06 4.69947e-06 2.55209e-06 1.1053e-06 3.74212e-07 9.35426e-08 1.9718e-08 9.15287e-10 7.04999e-10 -6.66504e-10 -7.00232e-10 4.61626e-10 -1.62025e-09 1.0879e-09 -1.74626e-09 7.8533e-10 -9.33447e-10 -2.7432e-10 3.20923e-10 -1.31375e-09 1.07461e-09 -1.43312e-09 7.20997e-10 -4.83665e-10 -4.35206e-10 8.27458e-10 -1.32954e-09 1.36271e-09 -1.16812e-09 6.90819e-10 -9.94883e-11 -4.63821e-10 8.51264e-10 -9.71842e-10 8.11657e-10 -4.38002e-10 -2.26182e-11 4.2468e-10 -6.49776e-10 6.4365e-10 -4.31659e-10 1.07339e-10 2.02108e-10 -3.81239e-10 3.66654e-10 -1.67747e-10 -1.39135e-10 4.40557e-10 -6.28331e-10 6.38521e-10 -4.72584e-10 1.93401e-10 1.01443e-10 -3.17836e-10 3.99511e-10 -3.45411e-10 2.0434e-10 -5.05673e-11 -4.84523e-11 5.86235e-11 1.03576e-11 -1.13701e-10 1.94233e-10 -2.08524e-10 1.45152e-10 -2.79582e-11 -9.6007e-11 1.77623e-10 -1.86287e-10 1.21299e-10 -9.95585e-12 -1.05679e-10 1.86756e-10 -2.12297e-10 1.84702e-10 -1.24781e-10 5.97195e-11 -1.01118e-11 -1.8018e-11 3.31987e-11 -5.14264e-11 8.61071e-11 -1.40098e-10 2.03471e-10 -2.57649e-10 2.83541e-10 -2.6969e-10 2.16765e-10 -1.36737e-10 4.76158e-11 3.34999e-11 -9.58839e-11 1.37059e-10 -1.6089e-10 1.73444e-10 -1.78975e-10 1.77966e-10 -1.67896e-10 1.45929e-10 -1.11866e-10 6.97127e-11 -2.70422e-11 -7.49576e-12 2.73034e-11 -3.01616e-11 1.87923e-11 4.26679e-13 -1.98675e-11 3.30648e-11 -3.61993e-11 2.82843e-11 -1.03378e-11 -1.57795e-11 4.81742e-11 -8.50373e-11 1.24185e-10 -1.62475e-10 1.95614e-10 -2.18612e-10 2.26827e-10 -2.17185e-10 1.89108e-10 -1.44781e-10 8.87026e-11 -2.67156e-11 -3.50999e-11 9.13354e-11 -1.37774e-10 1.71537e-10 -1.91017e-10 1.95769e-10 -1.86465e-10 1.64888e-10 -1.33869e-10 9.70431e-11 -5.84026e-11 2.17014e-11 1.0129e-11 -3.53888e-11 5.37272e-11 -6.5954e-11 7.36246e-11 -7.85345e-11 8.22597e-11 -8.58322e-11 8.95813e-11 -9.31199e-11 9.54396e-11 -9.50813e-11 9.0368e-11 -7.96928e-11 6.185e-11 -3.63709e-11 3.8041e-12 3.41303e-11 -7.45704e-11 1.13748e-10 -1.47407e-10 1.71343e-10 -1.81977e-10 1.76861e-10 -1.55068e-10 1.17385e-10 -6.63175e-11 5.88892e-12 5.87312e-11 -1.21739e-10 1.77293e-10 -2.20138e-10 2.46178e-10 -2.52933e-10 2.3981e-10 -2.08165e-10 1.61125e-10 -1.03219e-10 3.98535e-11 2.32985e-11 -8.08989e-11 1.28483e-10 -1.62867e-10 1.8238e-10 -1.86918e-10 1.77811e-10 -1.57534e-10 1.29319e-10 -9.66984e-11 6.30721e-11 -3.13263e-11 3.57104e-12 1.8988e-11 -3.60329e-11 4.7991e-11 -5.58003e-11 6.06284e-11 -6.35957e-11 6.55478e-11 -6.69106e-11 6.76486e-11 -6.73256e-11 6.52526e-11 -6.0693e-11 5.30855e-11 -4.22428e-11 2.84876e-11 -1.26984e-11 -3.74887e-12 1.91381e-11 -3.16493e-11 3.96366e-11 -4.19055e-11 3.79433e-11 -2.80623e-11 1.34272e-11 4.04275e-12 -2.18914e-11 3.74362e-11 -4.81312e-11 5.19316e-11 -4.76086e-11 3.49669e-11 -1.4929e-11 -1.0529e-11 3.8589e-11 -6.59238e-11 8.91112e-11 -1.05074e-10 1.11488e-10 -1.07102e-10 9.19219e-11 -6.72414e-11 3.55007e-11 0. 
0.000115423 0.00010784 0.000100287 9.27906e-05 8.53868e-05 7.80941e-05 7.09596e-05 6.39846e-05 5.72403e-05 5.0697e-05 4.44597e-05 3.84702e-05 3.28393e-05 2.7545e-05 2.26056e-05 1.81298e-05 1.40325e-05 1.03945e-05 7.33023e-06 4.7005e-06 2.55027e-06 1.10785e-06 3.71078e-07 9.70384e-08 1.61572e-08 4.1995e-09 -1.95636e-09 1.07043e-09 -1.30836e-09 -1.20297e-10 4.09129e-11 -1.3676e-09 1.07558e-09 -1.89588e-09 1.11085e-09 -1.29558e-09 1.31187e-10 2.30209e-11 -1.09188e-09 1.05053e-09 -1.48198e-09 8.94248e-10 -6.30892e-10 -2.35919e-10 7.64394e-10 -1.28133e-09 1.41455e-09 -1.24618e-09 7.87862e-10 -1.83004e-10 -4.04877e-10 8.17937e-10 -9.55214e-10 8.00476e-10 -4.25354e-10 -3.54293e-11 4.28905e-10 -6.34127e-10 6.00988e-10 -3.64173e-10 2.75188e-11 2.75559e-10 -4.3105e-10 3.84899e-10 -1.6039e-10 -1.53433e-10 4.37289e-10 -5.87064e-10 5.51739e-10 -3.49576e-10 5.72631e-11 2.22608e-10 -4.01901e-10 4.38777e-10 -3.48924e-10 1.93116e-10 -4.79158e-11 -2.72202e-11 1.26007e-11 6.78417e-11 -1.61549e-10 2.13298e-10 -1.90177e-10 9.49457e-11 3.70785e-11 -1.5502e-10 2.14978e-10 -1.97979e-10 1.16046e-10 -4.78533e-12 -9.31212e-11 1.45608e-10 -1.42419e-10 9.57283e-11 -3.11577e-11 -2.56647e-11 6.04596e-11 -7.46611e-11 8.16287e-11 -9.74304e-11 1.31171e-10 -1.79566e-10 2.2803e-10 -2.57289e-10 2.52035e-10 -2.0751e-10 1.31214e-10 -3.94345e-11 -4.9363e-11 1.21056e-10 -1.69532e-10 1.96386e-10 -2.0749e-10 2.08615e-10 -2.02372e-10 1.87768e-10 -1.62202e-10 1.24488e-10 -7.71377e-11 2.66599e-11 1.82675e-11 -4.98231e-11 6.38276e-11 -6.10614e-11 4.66582e-11 -2.80157e-11 1.22532e-11 -4.28643e-12 6.13797e-12 -1.74396e-11 3.65557e-11 -6.15952e-11 9.08108e-11 -1.2233e-10 1.53571e-10 -1.80868e-10 1.99679e-10 -2.05436e-10 1.94739e-10 -1.66407e-10 1.21987e-10 -6.55182e-11 2.69329e-12 6.02509e-11 -1.1755e-10 1.64577e-10 -1.98108e-10 2.16305e-10 -2.18603e-10 2.05628e-10 -1.79177e-10 1.42163e-10 -9.84215e-11 5.23051e-11 -8.10497e-12 -3.05755e-11 6.13199e-11 -8.31348e-11 9.63721e-11 -1.0239e-10 1.03073e-10 -1.00355e-10 9.58382e-11 -9.0575e-11 8.49847e-11 -7.8884e-11 7.15943e-11 -6.21072e-11 4.93078e-11 -3.22486e-11 1.04481e-11 1.58349e-11 -4.54183e-11 7.61663e-11 -1.05145e-10 1.28951e-10 -1.44175e-10 1.47899e-10 -1.38167e-10 1.14339e-10 -7.72809e-11 2.93759e-11 2.56533e-11 -8.30799e-11 1.37639e-10 -1.84076e-10 2.17716e-10 -2.34998e-10 2.33899e-10 -2.14187e-10 1.77476e-10 -1.27062e-10 6.75528e-11 -4.3594e-12 -5.69009e-11 1.11006e-10 -1.53661e-10 1.81907e-10 -1.94354e-10 1.91234e-10 -1.74263e-10 1.46344e-10 -1.1116e-10 7.27e-11 -3.47852e-11 6.59152e-13 2.73165e-11 -4.78244e-11 6.06023e-11 -6.63147e-11 6.63147e-11 -6.23424e-11 5.62078e-11 -4.95079e-11 4.34169e-11 -3.85733e-11 3.50738e-11 -3.25648e-11 3.0407e-11 -2.78817e-11 2.43963e-11 -1.96536e-11 1.37537e-11 -7.20846e-12 8.67439e-13 4.23398e-12 -7.07672e-12 6.87539e-12 -3.27148e-12 -3.53368e-12 1.27334e-11 -2.29711e-11 3.2494e-11 -3.93872e-11 4.18556e-11 -3.85125e-11 2.86324e-11 -1.2325e-11 -9.39739e-12 3.4677e-11 -6.09902e-11 8.54305e-11 -1.05059e-10 1.1728e-10 -1.20183e-10 1.12816e-10 -9.53421e-11 6.90552e-11 -3.62563e-11 0. 
0.000115423 0.00010784 0.000100287 9.27907e-05 8.53865e-05 7.80944e-05 7.0959e-05 6.39854e-05 5.72393e-05 5.06984e-05 4.44581e-05 3.84722e-05 3.2837e-05 2.75476e-05 2.26028e-05 1.81326e-05 1.40298e-05 1.0397e-05 7.3282e-06 4.70187e-06 2.54974e-06 1.10742e-06 3.72521e-07 9.46343e-08 1.93553e-08 4.88654e-10 1.89061e-09 -2.48001e-09 1.51437e-09 -1.85425e-09 4.63951e-10 -4.51249e-10 -9.88801e-10 9.19183e-10 -1.90997e-09 1.33619e-09 -1.58756e-09 4.93884e-10 -2.55177e-10 -8.50571e-10 9.82577e-10 -1.4886e-09 1.03844e-09 -7.34926e-10 -6.74736e-11 7.00587e-10 -1.24172e-09 1.44167e-09 -1.29682e-09 8.45194e-10 -2.26117e-10 -3.8244e-10 8.11932e-10 -9.55012e-10 7.96702e-10 -4.16106e-10 -4.2516e-11 4.19825e-10 -5.95521e-10 5.27743e-10 -2.63892e-10 -8.06393e-11 3.67671e-10 -4.88194e-10 4.0168e-10 -1.48269e-10 -1.69842e-10 4.29814e-10 -5.35606e-10 4.53014e-10 -2.19087e-10 -7.6556e-11 3.29688e-10 -4.62451e-10 4.50681e-10 -3.27489e-10 1.63461e-10 -3.34915e-11 -1.48173e-11 -2.18953e-11 1.06365e-10 -1.81553e-10 1.98292e-10 -1.37171e-10 1.56056e-11 1.21828e-10 -2.24267e-10 2.56675e-10 -2.13477e-10 1.18553e-10 -1.27885e-11 -6.4233e-11 8.99201e-11 -6.52233e-11 1.02661e-11 4.7683e-11 -8.75531e-11 1.02901e-10 -1.02154e-10 1.01537e-10 -1.14914e-10 1.4575e-10 -1.84933e-10 2.15024e-10 -2.18447e-10 1.85496e-10 -1.18478e-10 3.04795e-11 6.01993e-11 -1.37014e-10 1.90369e-10 -2.19061e-10 2.27986e-10 -2.23856e-10 2.11297e-10 -1.91204e-10 1.61777e-10 -1.21291e-10 7.08594e-11 -1.56149e-11 -3.63006e-11 7.64154e-11 -9.89518e-11 1.02801e-10 -9.1645e-11 7.23414e-11 -5.24175e-11 3.78113e-11 -3.16853e-11 3.45257e-11 -4.51195e-11 6.16877e-11 -8.25488e-11 1.06082e-10 -1.30215e-10 1.51921e-10 -1.67194e-10 1.71673e-10 -1.61743e-10 1.35659e-10 -9.42511e-11 4.09258e-11 1.90085e-11 -7.94071e-11 1.34372e-10 -1.79044e-10 2.0999e-10 -2.25249e-10 2.24223e-10 -2.07555e-10 1.77076e-10 -1.35751e-10 8.75189e-11 -3.69349e-11 -1.13772e-11 5.33674e-11 -8.61234e-11 1.08205e-10 -1.19669e-10 1.218e-10 -1.16665e-10 1.06611e-10 -9.38369e-11 8.01061e-11 -6.65935e-11 5.38531e-11 -4.1865e-11 3.01446e-11 -1.79108e-11 4.31319e-12 1.12971e-11 -2.90933e-11 4.85573e-11 -6.83846e-11 8.65537e-11 -1.00565e-10 1.07809e-10 -1.06003e-10 9.36111e-11 -7.0169e-11 3.64788e-11 5.36752e-12 -5.2129e-11 9.97053e-11 -1.43545e-10 1.79131e-10 -2.02491e-10 2.10679e-10 -2.02161e-10 1.77047e-10 -1.37145e-10 8.57956e-11 -2.75363e-11 -3.23956e-11 8.86329e-11 -1.3626e-10 1.71328e-10 -1.91254e-10 1.95041e-10 -1.83326e-10 1.58235e-10 -1.23076e-10 8.19223e-11 -3.91158e-11 -1.2226e-12 3.56324e-11 -6.16438e-11 7.79645e-11 -8.45088e-11 8.22756e-11 -7.31028e-11 5.93415e-11 -4.34999e-11 2.79073e-11 -1.44422e-11 4.35553e-12 1.79658e-12 -4.11167e-12 3.20872e-12 -3.43711e-14 -4.35605e-12 9.00456e-12 -1.32101e-11 1.66179e-11 -1.92273e-11 2.13226e-11 -2.33438e-11 2.5725e-11 -2.87328e-11 3.23384e-11 -3.61485e-11 3.94127e-11 -4.11086e-11 4.00962e-11 -3.53163e-11 2.60034e-11 -1.18766e-11 -6.7246e-12 2.87864e-11 -5.26636e-11 7.62206e-11 -9.70557e-11 1.12782e-10 -1.2133e-10 1.21223e-10 -1.118e-10 9.33387e-11 -6.70657e-11 3.50522e-11 0. 
0.000115423 0.00010784 0.000100286 9.27911e-05 8.53861e-05 7.80949e-05 7.09586e-05 6.39857e-05 5.72391e-05 5.06983e-05 4.44585e-05 3.84714e-05 3.28383e-05 2.75459e-05 2.2605e-05 1.81299e-05 1.40329e-05 1.03936e-05 7.33165e-06 4.69858e-06 2.55262e-06 1.10524e-06 3.73751e-07 9.45423e-08 1.82236e-08 2.79385e-09 -1.38362e-09 1.40861e-09 -2.51565e-09 1.78544e-09 -2.27671e-09 9.96378e-10 -9.47881e-10 -5.51165e-10 6.65495e-10 -1.80034e-09 1.44624e-09 -1.79243e-09 8.06236e-10 -4.97889e-10 -6.27305e-10 9.03519e-10 -1.45732e-09 1.15751e-09 -8.1082e-10 5.98529e-11 6.42574e-10 -1.211e-09 1.45061e-09 -1.31785e-09 8.60913e-10 -2.24738e-10 -4.00003e-10 8.35388e-10 -9.71575e-10 7.99239e-10 -4.08409e-10 -4.59958e-11 3.99972e-10 -5.37751e-10 4.3019e-10 -1.40537e-10 -2.03859e-10 4.62614e-10 -5.36158e-10 4.01848e-10 -1.19003e-10 -1.9782e-10 4.25793e-10 -4.81701e-10 3.51886e-10 -9.31327e-11 -1.9432e-10 4.09124e-10 -4.88302e-10 4.27907e-10 -2.77795e-10 1.14807e-10 -7.48568e-12 -1.20154e-11 -4.25316e-11 1.22859e-10 -1.71767e-10 1.50374e-10 -5.49298e-11 -8.33921e-11 2.14235e-10 -2.91128e-10 2.91128e-10 -2.22695e-10 1.19422e-10 -2.36756e-11 -3.16719e-11 3.52566e-11 1.59047e-12 -5.36822e-11 9.56151e-11 -1.13386e-10 1.08876e-10 -9.59869e-11 9.12791e-11 -1.04255e-10 1.32072e-10 -1.60878e-10 1.7261e-10 -1.53583e-10 1.00717e-10 -2.27347e-11 -6.37597e-11 1.41029e-10 -1.96493e-10 2.2589e-10 -2.3243e-10 2.23055e-10 -2.04067e-10 1.78376e-10 -1.45434e-10 1.03453e-10 -5.23562e-11 -4.27052e-12 5.93127e-11 -1.04243e-10 1.32149e-10 -1.40214e-10 1.3057e-10 -1.09256e-10 8.39287e-11 -6.13989e-11 4.59912e-11 -3.9196e-11 4.04017e-11 -4.80576e-11 6.05613e-11 -7.64772e-11 9.41535e-11 -1.11163e-10 1.24068e-10 -1.28809e-10 1.21654e-10 -1.0034e-10 6.4938e-11 -1.8076e-11 -3.55335e-11 9.00717e-11 -1.39721e-10 1.79561e-10 -2.06072e-10 2.17257e-10 -2.12542e-10 1.92621e-10 -1.59363e-10 1.15739e-10 -6.56853e-11 1.37992e-11 3.51703e-11 -7.69543e-11 1.08367e-10 -1.27717e-10 1.34919e-10 -1.31298e-10 1.19169e-10 -1.01322e-10 8.0547e-11 -5.92713e-11 3.93457e-11 -2.19463e-11 7.56981e-12 3.90454e-12 -1.30889e-11 2.08941e-11 -2.82776e-11 3.59633e-11 -4.41882e-11 5.25422e-11 -5.99491e-11 6.481e-11 -6.52852e-11 5.96577e-11 -4.67067e-11 2.60178e-11 1.82128e-12 -3.51691e-11 7.14269e-11 -1.07271e-10 1.38992e-10 -1.62913e-10 1.75828e-10 -1.75432e-10 1.60657e-10 -1.31894e-10 9.10363e-11 -4.1338e-11 -1.29e-11 6.6787e-11 -1.15378e-10 1.54223e-10 -1.79853e-10 1.90157e-10 -1.8459e-10 1.64209e-10 -1.31518e-10 9.01646e-11 -4.45066e-11 -8.82719e-13 4.17207e-11 -7.44677e-11 9.66739e-11 -1.07181e-10 1.06162e-10 -9.50011e-11 7.60404e-11 -5.22291e-11 2.67331e-11 -2.55159e-12 -1.78095e-11 3.25712e-11 -4.08017e-11 4.24179e-11 -3.80807e-11 2.90078e-11 -1.67394e-11 2.89455e-12 1.10458e-11 -2.38997e-11 3.48714e-11 -4.35592e-11 4.98942e-11 -5.40284e-11 5.62003e-11 -5.66062e-11 5.53036e-11 -5.21672e-11 4.69033e-11 -3.91233e-11 2.84598e-11 -1.47051e-11 -2.05545e-12 2.13426e-11 -4.22362e-11 6.33987e-11 -8.31698e-11 9.97274e-11 -1.11293e-10 1.16355e-10 -1.13878e-10 1.03471e-10 -8.54781e-11 6.09868e-11 -3.17466e-11 0. 
0.000115423 0.00010784 0.000100287 9.27904e-05 8.5387e-05 7.80938e-05 7.09598e-05 6.39844e-05 5.72404e-05 5.0697e-05 4.44597e-05 3.84705e-05 3.28389e-05 2.75457e-05 2.26047e-05 1.8131e-05 1.40312e-05 1.03961e-05 7.32858e-06 4.70216e-06 2.54873e-06 1.10912e-06 3.70212e-07 9.73643e-08 1.64595e-08 3.24374e-09 -4.03319e-10 -9.34334e-10 9.20181e-10 -2.28677e-09 1.84294e-09 -2.53921e-09 1.4423e-09 -1.41955e-09 -8.86028e-11 3.59824e-10 -1.61214e-09 1.46147e-09 -1.89876e-09 1.04933e-09 -7.00316e-10 -4.31031e-10 8.43445e-10 -1.40708e-09 1.24665e-09 -8.6843e-10 1.45606e-10 5.9878e-10 -1.18904e-09 1.44555e-09 -1.30891e-09 8.34702e-10 -1.78642e-10 -4.56089e-10 8.84639e-10 -9.9934e-10 8.0158e-10 -3.95821e-10 -5.18069e-11 3.75265e-10 -4.67986e-10 3.18203e-10 -7.53837e-12 -3.25516e-10 5.42221e-10 -5.5763e-10 3.71144e-10 -6.24672e-11 -2.43856e-10 4.29922e-10 -4.30556e-10 2.55724e-10 1.85846e-11 -2.85421e-10 4.51769e-10 -4.73959e-10 3.69596e-10 -2.02927e-10 5.22127e-11 2.53601e-11 -1.58544e-11 -5.05498e-11 1.18391e-10 -1.35323e-10 7.65729e-11 4.51167e-11 -1.87294e-10 2.98372e-10 -3.40724e-10 3.05805e-10 -2.15316e-10 1.09209e-10 -2.71443e-11 -7.72759e-12 -4.26015e-12 4.35477e-11 -8.35057e-11 1.03924e-10 -9.94083e-11 7.9394e-11 -6.07991e-11 5.77508e-11 -7.37303e-11 9.97731e-11 -1.1909e-10 1.15357e-10 -8.04317e-11 1.79296e-11 5.86137e-11 -1.31622e-10 1.86323e-10 -2.15425e-10 2.19884e-10 -2.06113e-10 1.81553e-10 -1.51027e-10 1.15531e-10 -7.36556e-11 2.44347e-11 3.01336e-11 -8.4342e-11 1.30173e-10 -1.60099e-10 1.69889e-10 -1.60116e-10 1.3578e-10 -1.04371e-10 7.33515e-11 -4.81437e-11 3.13212e-11 -2.30158e-11 2.20158e-11 -2.6819e-11 3.61055e-11 -4.85358e-11 6.21979e-11 -7.42095e-11 8.08677e-11 -7.84119e-11 6.4123e-11 -3.72979e-11 -3.11096e-13 4.47613e-11 -9.0763e-11 1.32771e-10 -1.65955e-10 1.86813e-10 -1.9337e-10 1.85107e-10 -1.62778e-10 1.28271e-10 -8.45044e-11 3.53124e-11 1.48223e-11 -6.12198e-11 9.96055e-11 -1.26728e-10 1.40822e-10 -1.41798e-10 1.31104e-10 -1.11344e-10 8.57463e-11 -5.76497e-11 3.00745e-11 -5.44046e-12 -1.45861e-11 2.91437e-11 -3.815e-11 4.22049e-11 -4.24206e-11 4.01785e-11 -3.6836e-11 3.34356e-11 -3.04771e-11 2.78135e-11 -2.47012e-11 1.9994e-11 -1.24406e-11 1.01533e-12 1.47838e-11 -3.47261e-11 5.77604e-11 -8.2058e-11 1.05177e-10 -1.24331e-10 1.36723e-10 -1.39926e-10 1.32237e-10 -1.12993e-10 8.27573e-11 -4.338e-11 -2.12358e-12 4.98476e-11 -9.54052e-11 1.34416e-10 -1.63012e-10 1.78287e-10 -1.78644e-10 1.6399e-10 -1.35755e-10 9.67445e-11 -5.08295e-11 2.52227e-12 4.35173e-11 -8.29869e-11 1.12396e-10 -1.29421e-10 1.33112e-10 -1.23939e-10 1.03675e-10 -7.5131e-11 4.17899e-11 -7.38771e-12 -2.45092e-11 5.08752e-11 -6.95062e-11 7.91843e-11 -7.97152e-11 7.18446e-11 -5.70765e-11 3.74222e-11 -1.51217e-11 -7.62707e-12 2.88946e-11 -4.71793e-11 6.14858e-11 -7.13244e-11 7.66427e-11 -7.77125e-11 7.49964e-11 -6.90214e-11 6.02817e-11 -4.91837e-11 3.60398e-11 -2.11056e-11 4.64831e-12 1.29734e-11 -3.12371e-11 4.94117e-11 -6.65553e-11 8.15599e-11 -9.32431e-11 1.00475e-10 -1.0232e-10 9.81798e-11 -8.79019e-11 7.18466e-11 -5.0893e-11 2.63821e-11 0. 
0.000115423 0.00010784 0.000100286 9.2791e-05 8.53862e-05 7.80949e-05 7.09585e-05 6.39859e-05 5.72387e-05 5.06989e-05 4.44576e-05 3.84726e-05 3.28367e-05 2.75477e-05 2.26029e-05 1.81323e-05 1.40305e-05 1.0396e-05 7.32953e-06 4.70025e-06 2.55158e-06 1.10548e-06 3.74386e-07 9.30274e-08 2.05088e-08 -3.84392e-11 1.67493e-09 -1.49375e-09 -1.59009e-10 3.05819e-10 -1.88268e-09 1.72408e-09 -2.63965e-09 1.76924e-09 -1.82582e-09 3.69396e-10 2.19466e-11 -1.37238e-09 1.41929e-09 -1.92982e-09 1.21424e-09 -8.45915e-10 -2.61356e-10 8.10181e-10 -1.36147e-09 1.30488e-09 -9.083e-10 1.92915e-10 5.76006e-10 -1.17666e-09 1.42912e-09 -1.27103e-09 7.68462e-10 -9.16363e-11 -5.44057e-10 9.50373e-10 -1.02746e-09 7.92917e-10 -3.68823e-10 -6.79468e-11 3.53146e-10 -3.94859e-10 2.0323e-10 1.2027e-10 -4.2837e-10 5.89167e-10 -5.37969e-10 2.99664e-10 2.60856e-11 -3.08943e-10 4.42034e-10 -3.83402e-10 1.68465e-10 1.09991e-10 -3.4381e-10 4.54287e-10 -4.20699e-10 2.81811e-10 -1.12133e-10 -1.44854e-11 5.69122e-11 -2.07957e-11 -4.98077e-11 9.73562e-11 -7.95367e-11 -1.1545e-11 1.47553e-10 -2.78807e-10 3.57705e-10 -3.59382e-10 2.90582e-10 -1.83886e-10 8.13177e-11 -1.57645e-11 -1.26135e-12 -1.92166e-11 5.26817e-11 -7.4906e-11 7.34451e-11 -5.17229e-11 2.46917e-11 -9.20028e-12 1.43999e-11 -3.69339e-11 6.285e-11 -7.47264e-11 6.01396e-11 -1.73332e-11 -4.43149e-11 1.08733e-10 -1.59958e-10 1.87971e-10 -1.91107e-10 1.74521e-10 -1.46114e-10 1.12309e-10 -7.57588e-11 3.57954e-11 9.0892e-12 -5.8396e-11 1.08075e-10 -1.5111e-10 1.7989e-10 -1.8913e-10 1.77933e-10 -1.50092e-10 1.12635e-10 -7.33981e-11 3.87536e-11 -1.23569e-11 -4.82543e-12 1.35713e-11 -1.52577e-11 1.11519e-11 -2.39865e-12 -9.49425e-12 2.21481e-11 -3.22419e-11 3.60637e-11 -3.05148e-11 1.41467e-11 1.22155e-11 -4.55192e-11 8.11645e-11 -1.14037e-10 1.39521e-10 -1.54205e-10 1.56175e-10 -1.44967e-10 1.2138e-10 -8.72839e-11 4.54887e-11 3.73393e-13 -4.60686e-11 8.71548e-11 -1.19538e-10 1.40078e-10 -1.47087e-10 1.40571e-10 -1.22159e-10 9.47446e-11 -6.19613e-11 2.76236e-11 4.75502e-12 -3.23072e-11 5.30164e-11 -6.5806e-11 7.05391e-11 -6.79402e-11 5.94351e-11 -4.69079e-11 3.23917e-11 -1.77373e-11 4.32289e-12 7.13153e-12 -1.66027e-11 2.46505e-11 -3.21836e-11 4.01631e-11 -4.93109e-11 5.98789e-11 -7.1516e-11 8.32497e-11 -9.35781e-11 1.00657e-10 -1.02562e-10 9.75875e-11 -8.45603e-11 6.31035e-11 -3.38247e-11 -1.61966e-12 4.06059e-11 -7.97706e-11 1.15361e-10 -1.43668e-10 1.61472e-10 -1.66458e-10 1.5753e-10 -1.34987e-10 1.00538e-10 -5.71622e-11 8.80584e-12 4.00218e-11 -8.47287e-11 1.21132e-10 -1.45903e-10 1.56921e-10 -1.53483e-10 1.36351e-10 -1.07637e-10 7.05376e-11 -2.89578e-11 -1.29275e-11 5.1122e-11 -8.22126e-11 1.03687e-10 -1.14132e-10 1.133e-10 -1.02048e-10 8.21505e-11 -5.60429e-11 2.65086e-11 3.63709e-12 -3.18307e-11 5.59828e-11 -7.46179e-11 8.69257e-11 -9.27301e-11 9.23919e-11 -8.6668e-11 7.65542e-11 -6.31363e-11 4.7468e-11 -3.04906e-11 1.29955e-11 4.37139e-12 -2.10766e-11 3.66502e-11 -5.06381e-11 6.25694e-11 -7.19479e-11 7.82726e-11 -8.10837e-11 8.00265e-11 -7.49205e-11 6.58193e-11 -5.30497e-11 3.72187e-11 -1.91855e-11 0. 
0.000115423 0.00010784 0.000100287 9.27909e-05 8.53864e-05 7.80945e-05 7.0959e-05 6.39852e-05 5.72397e-05 5.06976e-05 4.44592e-05 3.84707e-05 3.2839e-05 2.75451e-05 2.26057e-05 1.81294e-05 1.40332e-05 1.03936e-05 7.33132e-06 4.69933e-06 2.55141e-06 1.10688e-06 3.71766e-07 9.67198e-08 1.60644e-08 4.6844e-09 -2.7487e-09 2.0286e-09 -2.25558e-09 6.36268e-10 -3.78905e-10 -1.36444e-09 1.48297e-09 -2.62088e-09 1.99395e-09 -2.14816e-09 7.81349e-10 -3.11827e-10 -1.09907e-09 1.33656e-09 -1.91587e-09 1.32078e-09 -9.23875e-10 -1.2787e-10 7.97601e-10 -1.33381e-09 1.33663e-09 -9.25892e-10 2.03646e-10 5.78761e-10 -1.1751e-09 1.40308e-09 -1.20622e-09 6.66391e-10 2.86876e-11 -6.52648e-10 1.01873e-09 -1.04148e-09 7.60358e-10 -3.17337e-10 -1.019e-10 3.40135e-10 -3.26149e-10 9.59618e-11 2.29189e-10 -4.97443e-10 5.90125e-10 -4.68387e-10 1.84684e-10 1.43884e-10 -3.87274e-10 4.5651e-10 -3.37314e-10 9.04878e-11 1.78926e-10 -3.68403e-10 4.19418e-10 -3.36339e-10 1.76599e-10 -1.91652e-11 -7.27715e-11 7.78153e-11 -2.06442e-11 -4.51923e-11 6.60435e-11 -1.42634e-11 -1.00061e-10 2.35853e-10 -3.41544e-10 3.78755e-10 -3.38108e-10 2.40749e-10 -1.26312e-10 3.41454e-11 1.29774e-11 -1.56234e-11 -6.95006e-12 2.92291e-11 -3.2833e-11 1.43971e-11 1.51206e-11 -3.83004e-11 4.15714e-11 -2.25811e-11 -8.75912e-12 3.55051e-11 -4.2092e-11 2.16011e-11 2.14606e-11 -7.37319e-11 1.19166e-10 -1.45566e-10 1.48498e-10 -1.31226e-10 1.01374e-10 -6.64736e-11 3.07579e-11 5.43784e-12 -4.38096e-11 8.51615e-11 -1.27209e-10 1.64323e-10 -1.89302e-10 1.96209e-10 -1.82838e-10 1.51669e-10 -1.08983e-10 6.26769e-11 -1.9848e-11 -1.4848e-11 3.95758e-11 -5.461e-11 6.11741e-11 -6.05342e-11 5.37547e-11 -4.20628e-11 2.74093e-11 -1.27312e-11 1.62277e-12 2.53148e-12 2.39531e-12 -1.65003e-11 3.76839e-11 -6.21433e-11 8.53108e-11 -1.02877e-10 1.11572e-10 -1.09546e-10 9.63731e-11 -7.28597e-11 4.08123e-11 -2.87275e-12 -3.76083e-11 7.67545e-11 -1.10495e-10 1.35062e-10 -1.47565e-10 1.46502e-10 -1.32043e-10 1.0601e-10 -7.15604e-11 3.26624e-11 6.49028e-12 -4.20092e-11 7.07105e-11 -9.03648e-11 9.98171e-11 -9.90028e-11 8.88766e-11 -7.12532e-11 4.85566e-11 -2.34918e-11 -1.32494e-12 2.37142e-11 -4.21925e-11 5.60909e-11 -6.55148e-11 7.11644e-11 -7.40665e-11 7.52808e-11 -7.56401e-11 7.55661e-11 -7.49836e-11 7.3335e-11 -6.96888e-11 6.29229e-11 -5.19611e-11 3.603e-11 -1.49001e-11 -1.09314e-11 4.01543e-11 -7.06817e-11 9.98183e-11 -1.24545e-10 1.41881e-10 -1.4928e-10 1.44993e-10 -1.28355e-10 9.99478e-11 -6.16223e-11 1.6364e-11 3.19765e-11 -7.9065e-11 1.20533e-10 -1.52446e-10 1.71729e-10 -1.76511e-10 1.66334e-10 -1.42203e-10 1.06477e-10 -6.26106e-11 1.47776e-11 3.25731e-11 -7.51789e-11 1.09389e-10 -1.32504e-10 1.43005e-10 -1.4064e-10 1.26375e-10 -1.02219e-10 7.09518e-11 -3.57917e-11 4.18628e-14 3.324e-11 -6.15152e-11 8.29544e-11 -9.65331e-11 1.0203e-10 -9.99401e-11 9.13285e-11 -7.76402e-11 6.05041e-11 -4.15498e-11 2.22582e-11 -3.85828e-12 -1.27265e-11 2.68844e-11 -3.82854e-11 4.68252e-11 -5.25599e-11 5.56429e-11 -5.6274e-11 5.46664e-11 -5.10322e-11 4.55835e-11 -3.85438e-11 3.01618e-11 -2.07223e-11 1.05493e-11 0. 
0.000115423 0.00010784 0.000100287 9.27904e-05 8.5387e-05 7.80939e-05 7.09597e-05 6.39845e-05 5.72402e-05 5.06973e-05 4.44592e-05 3.8471e-05 3.28382e-05 2.75465e-05 2.26037e-05 1.8132e-05 1.40301e-05 1.03971e-05 7.32777e-06 4.70265e-06 2.5487e-06 1.10861e-06 3.71326e-07 9.56672e-08 1.86321e-08 7.96618e-10 2.03699e-09 -3.03948e-09 2.3665e-09 -2.81861e-09 1.33534e-09 -1.04418e-09 -7.96915e-10 1.15787e-09 -2.50806e-09 2.14038e-09 -2.40327e-09 1.13751e-09 -6.02952e-10 -8.31407e-10 1.22946e-09 -1.86821e-09 1.39426e-09 -9.44644e-10 -4.36439e-11 8.00725e-10 -1.32468e-09 1.34649e-09 -9.15563e-10 1.77343e-10 6.09701e-10 -1.1851e-09 1.36836e-09 -1.11704e-09 5.34611e-10 1.71669e-10 -7.67231e-10 1.0732e-09 -1.02593e-09 6.91902e-10 -2.33776e-10 -1.57834e-10 3.39407e-10 -2.66675e-10 4.30744e-12 3.08838e-10 -5.22442e-10 5.38277e-10 -3.48179e-10 3.22079e-11 2.80051e-10 -4.66585e-10 4.63269e-10 -2.86387e-10 1.96092e-11 2.26448e-10 -3.62502e-10 3.55134e-10 -2.33784e-10 6.97907e-11 6.04849e-11 -1.10382e-10 8.01565e-11 -1.07117e-11 -4.08846e-11 3.09946e-11 5.00693e-11 -1.75278e-10 2.95544e-10 -3.63454e-10 3.54331e-10 -2.75218e-10 1.58871e-10 -4.70531e-11 -2.81093e-11 5.59995e-11 -4.80361e-11 2.80919e-11 -1.86425e-11 2.97947e-11 -5.60993e-11 8.17061e-11 -9.02991e-11 7.43088e-11 -3.88583e-11 -1.03673e-12 2.80346e-11 -3.06952e-11 8.36311e-12 2.9277e-11 -6.72e-11 9.17607e-11 -9.5845e-11 8.03415e-11 -5.18627e-11 1.84422e-11 1.43545e-11 -4.5054e-11 7.52072e-11 -1.06645e-10 1.38818e-10 -1.67737e-10 1.87035e-10 -1.90524e-10 1.749e-10 -1.41287e-10 9.49654e-11 -4.35577e-11 -5.39849e-12 4.64015e-11 -7.67738e-11 9.62461e-11 -1.0586e-10 1.06914e-10 -1.00493e-10 8.76649e-11 -7.0039e-11 5.01821e-11 -3.15062e-11 1.75726e-11 -1.10817e-11 1.29933e-11 -2.21627e-11 3.56358e-11 -4.94617e-11 5.96925e-11 -6.32227e-11 5.82516e-11 -4.43534e-11 2.22904e-11 6.24385e-12 -3.88282e-11 7.24531e-11 -1.03674e-10 1.28884e-10 -1.44736e-10 1.48684e-10 -1.39473e-10 1.17464e-10 -8.46538e-11 4.43982e-11 -9.04802e-13 -4.1371e-11 7.82943e-11 -1.06496e-10 1.2366e-10 -1.28668e-10 1.21624e-10 -1.03783e-10 7.73793e-11 -4.53718e-11 1.10883e-11 2.21754e-11 -5.15545e-11 7.49379e-11 -9.11564e-11 1.00006e-10 -1.02113e-10 9.86887e-11 -9.1226e-11 8.12039e-11 -6.98483e-11 5.79749e-11 -4.59267e-11 3.36042e-11 -2.05769e-11 6.2591e-12 9.87477e-12 -2.80687e-11 4.80953e-11 -6.91379e-11 8.97731e-11 -1.08071e-10 1.21805e-10 -1.28745e-10 1.26986e-10 -1.15273e-10 9.32592e-11 -6.1663e-11 2.23005e-11 2.20202e-11 -6.77326e-11 1.10851e-10 -1.47379e-10 1.7374e-10 -1.8718e-10 1.86093e-10 -1.70227e-10 1.40743e-10 -1.00119e-10 5.19048e-11 -3.60469e-13 -4.99791e-11 9.47644e-11 -1.30263e-10 1.53713e-10 -1.63568e-10 1.59602e-10 -1.42874e-10 1.15564e-10 -8.06939e-11 4.17843e-11 -2.47534e-12 -3.38373e-11 6.43149e-11 -8.6906e-11 1.00475e-10 -1.04827e-10 1.00624e-10 -8.92357e-11 7.25194e-11 -5.25816e-11 3.15414e-11 -1.13206e-11 -6.51694e-12 2.08684e-11 -3.11315e-11 3.71867e-11 -3.93317e-11 3.8181e-11 -3.45497e-11 2.93335e-11 -2.33998e-11 1.7499e-11 -1.22026e-11 7.8678e-12 -4.63049e-12 2.42069e-12 -9.97863e-13 0. 
0.000115423 0.00010784 0.000100286 9.27912e-05 8.53859e-05 7.80952e-05 7.09582e-05 6.39863e-05 5.72383e-05 5.06993e-05 4.44573e-05 3.84728e-05 3.28367e-05 2.75475e-05 2.26034e-05 1.81315e-05 1.40315e-05 1.03947e-05 7.33094e-06 4.69884e-06 2.55282e-06 1.1046e-06 3.74723e-07 9.33849e-08 1.93808e-08 1.82946e-09 -7.76128e-10 1.25869e-09 -2.83441e-09 2.48577e-09 -3.18727e-09 1.89786e-09 -1.62465e-09 -2.57002e-10 8.12885e-10 -2.33424e-09 2.21484e-09 -2.59256e-09 1.44358e-09 -8.42923e-10 -6.04959e-10 1.13271e-09 -1.79528e-09 1.44362e-09 -9.28701e-10 -1.30248e-11 8.19517e-10 -1.32764e-09 1.3353e-09 -8.71931e-10 1.12356e-10 6.69665e-10 -1.20583e-09 1.32462e-09 -1.00601e-09 3.80501e-10 3.24687e-10 -8.71584e-10 1.0972e-09 -9.67372e-10 5.79645e-10 -1.15962e-10 -2.34267e-10 3.49101e-10 -2.1703e-10 -6.77845e-11 3.53497e-10 -4.99256e-10 4.3468e-10 -1.85522e-10 -1.43198e-10 4.16848e-10 -5.30264e-10 4.50222e-10 -2.24017e-10 -4.71286e-11 2.55482e-10 -3.32516e-10 2.72964e-10 -1.28661e-10 -2.2026e-11 1.12899e-10 -1.18398e-10 5.99481e-11 1.03897e-11 -3.89868e-11 -2.4162e-12 1.04337e-10 -2.26182e-10 3.17018e-10 -3.39503e-10 2.8557e-10 -1.77428e-10 5.49358e-11 4.33795e-11 -9.62311e-11 1.05469e-10 -9.05487e-11 7.57139e-11 -7.69872e-11 9.52845e-11 -1.18223e-10 1.28634e-10 -1.14726e-10 7.65875e-11 -2.61084e-11 -1.9041e-11 4.38859e-11 -4.27424e-11 2.09676e-11 8.44436e-12 -3.12389e-11 3.79222e-11 -2.67139e-11 2.5534e-12 2.66947e-11 -5.45133e-11 7.82857e-11 -9.91339e-11 1.19587e-10 -1.40674e-10 1.60159e-10 -1.72834e-10 1.72629e-10 -1.55387e-10 1.20885e-10 -7.31941e-11 1.93272e-11 3.30606e-11 -7.78376e-11 1.11566e-10 -1.33422e-10 1.44237e-10 -1.4536e-10 1.37966e-10 -1.23073e-10 1.02037e-10 -7.70744e-11 5.1353e-11 -2.84898e-11 1.16209e-11 -2.45967e-12 7.60788e-13 -4.41472e-12 1.01113e-11 -1.42864e-11 1.39967e-11 -7.46086e-12 -5.80053e-12 2.51252e-11 -4.89829e-11 7.52137e-11 -1.01184e-10 1.23919e-10 -1.40319e-10 1.47512e-10 -1.4333e-10 1.2679e-10 -9.84259e-11 6.03556e-11 -1.60445e-11 -3.01774e-11 7.37224e-11 -1.10341e-10 1.366e-10 -1.50208e-10 1.50169e-10 -1.36816e-10 1.1173e-10 -7.7561e-11 3.77487e-11 3.84335e-12 -4.33617e-11 7.74015e-11 -1.03382e-10 1.19791e-10 -1.26262e-10 1.23473e-10 -1.1292e-10 9.65912e-11 -7.66424e-11 5.50923e-11 -3.35974e-11 1.3314e-11 5.14564e-12 -2.16662e-11 3.65051e-11 -5.01097e-11 6.29043e-11 -7.50843e-11 8.64565e-11 -9.63614e-11 1.03697e-10 -1.0705e-10 1.04915e-10 -9.59618e-11 7.93186e-11 -5.48088e-11 2.31122e-11 1.41804e-11 -5.46336e-11 9.51514e-11 -1.32261e-10 1.62469e-10 -1.82644e-10 1.9039e-10 -1.84349e-10 1.6441e-10 -1.31772e-10 8.88748e-11 -3.91793e-11 -1.31668e-11 6.37408e-11 -1.08289e-10 1.43151e-10 -1.65618e-10 1.7418e-10 -1.68654e-10 1.50158e-10 -1.20956e-10 8.41948e-11 -4.3549e-11 2.83418e-12 3.43785e-11 -6.51006e-11 8.71853e-11 -9.94813e-11 1.01874e-10 -9.52141e-11 8.11534e-11 -6.19081e-11 3.99836e-11 -1.78925e-11 -2.10475e-12 1.82097e-11 -2.92288e-11 3.46402e-11 -3.45848e-11 2.97873e-11 -2.14247e-11 1.09574e-11 5.38169e-14 -1.0127e-11 1.80155e-11 -2.28287e-11 2.4108e-11 -2.18535e-11 1.65014e-11 -8.85854e-12 0. 
0.000115423 0.00010784 0.000100287 9.27906e-05 8.53868e-05 7.80941e-05 7.09596e-05 6.39845e-05 5.72405e-05 5.06967e-05 4.44602e-05 3.84697e-05 3.28399e-05 2.75444e-05 2.26062e-05 1.81292e-05 1.4033e-05 1.03942e-05 7.33025e-06 4.70079e-06 2.54969e-06 1.10866e-06 3.70148e-07 9.79051e-08 1.55643e-08 4.30998e-09 -1.42395e-09 -1.68394e-10 5.65055e-10 -2.4068e-09 2.39019e-09 -3.36004e-09 2.31289e-09 -2.10356e-09 2.24726e-10 4.96656e-10 -2.15162e-09 2.24579e-09 -2.71144e-09 1.68504e-09 -1.02874e-09 -4.28953e-10 1.07794e-09 -1.71825e-09 1.46687e-09 -8.89765e-10 -3.0859e-11 8.54933e-10 -1.33417e-09 1.29985e-09 -7.90154e-10 7.53963e-12 7.57032e-10 -1.23395e-09 1.26969e-09 -8.75097e-10 2.11952e-10 4.74463e-10 -9.49946e-10 1.07671e-09 -8.57395e-10 4.22569e-10 3.07931e-11 -3.22903e-10 3.61934e-10 -1.73589e-10 -1.20344e-10 3.62348e-10 -4.30289e-10 2.88267e-10 3.35472e-12 -3.20352e-10 5.32644e-10 -5.60841e-10 4.06651e-10 -1.45646e-10 -1.11474e-10 2.69307e-10 -2.8638e-10 1.85877e-10 -3.64915e-11 -8.47662e-11 1.28897e-10 -9.37805e-11 1.87651e-11 3.98552e-11 -3.89078e-11 -3.08484e-11 1.42141e-10 -2.46326e-10 2.97439e-10 -2.73012e-10 1.82245e-10 -5.90247e-11 -5.53495e-11 1.30566e-10 -1.58185e-10 1.50928e-10 -1.32273e-10 1.22683e-10 -1.2958e-10 1.45516e-10 -1.54372e-10 1.41494e-10 -1.02175e-10 4.43313e-11 1.54345e-11 -5.98374e-11 7.8687e-11 -7.27147e-11 5.20514e-11 -3.06895e-11 2.00229e-11 -2.45904e-11 4.16602e-11 -6.42036e-11 8.52285e-11 -1.01087e-10 1.12257e-10 -1.21613e-10 1.31503e-10 -1.41418e-10 1.47513e-10 -1.44158e-10 1.26592e-10 -9.33076e-11 4.70044e-11 6.22308e-12 -5.8942e-11 1.04649e-10 -1.39275e-10 1.6146e-10 -1.71798e-10 1.71678e-10 -1.62415e-10 1.45058e-10 -1.20787e-10 9.14861e-11 -6.00242e-11 2.99437e-11 -4.65444e-12 -1.35264e-11 2.405e-11 -2.82352e-11 2.87688e-11 -2.88387e-11 3.12469e-11 -3.77965e-11 4.90779e-11 -6.45863e-11 8.29998e-11 -1.02444e-10 1.20671e-10 -1.35178e-10 1.43371e-10 -1.42853e-10 1.31832e-10 -1.0957e-10 7.67245e-11 -3.54525e-11 -1.07809e-11 5.7651e-11 -1.00571e-10 1.35303e-10 -1.58459e-10 1.67852e-10 -1.62666e-10 1.43487e-10 -1.1221e-10 7.18471e-11 -2.62372e-11 -2.03432e-11 6.36308e-11 -9.9845e-11 1.26102e-10 -1.40706e-10 1.43262e-10 -1.34611e-10 1.16599e-10 -9.17471e-11 6.28744e-11 -3.27428e-11 3.76137e-12 2.22225e-11 -4.40324e-11 6.11734e-11 -7.37478e-11 8.22944e-11 -8.75742e-11 9.03387e-11 -9.11218e-11 9.00935e-11 -8.70052e-11 8.12394e-11 -7.19532e-11 5.82906e-11 -3.96239e-11 1.57808e-11 1.27826e-11 -4.48938e-11 7.86789e-11 -1.11683e-10 1.41091e-10 -1.64016e-10 1.77833e-10 -1.8051e-10 1.70898e-10 -1.48929e-10 1.15707e-10 -7.34635e-11 2.53765e-11 2.47189e-11 -7.27065e-11 1.14603e-10 -1.4696e-10 1.67219e-10 -1.73958e-10 1.67032e-10 -1.47564e-10 1.17813e-10 -8.0916e-11 4.05491e-11 -5.41339e-13 -3.55186e-11 6.4634e-11 -8.46761e-11 9.45561e-11 -9.42801e-11 8.48847e-11 -6.82674e-11 4.69357e-11 -2.37048e-11 1.38072e-12 1.75383e-11 -3.11102e-11 3.81242e-11 -3.81891e-11 3.17293e-11 -1.98941e-11 4.39564e-12 1.27048e-11 -2.92376e-11 4.31656e-11 -5.28012e-11 5.69787e-11 -5.51662e-11 4.7508e-11 -3.47968e-11 1.83782e-11 0. 
0.000115423 0.00010784 0.000100287 9.27905e-05 8.53868e-05 7.80941e-05 7.09593e-05 6.39851e-05 5.72395e-05 5.06982e-05 4.44581e-05 3.84723e-05 3.28367e-05 2.75481e-05 2.26022e-05 1.81334e-05 1.4029e-05 1.03977e-05 7.32766e-06 4.70215e-06 2.5498e-06 1.10697e-06 3.73338e-07 9.35473e-08 2.05346e-08 -5.38834e-10 2.49357e-09 -2.41323e-09 6.26129e-10 -1.46204e-10 -1.87468e-09 2.15e-09 -3.36625e-09 2.57382e-09 -2.45919e-09 6.30803e-10 2.21815e-10 -1.98269e-09 2.26686e-09 -2.77915e-09 1.84877e-09 -1.14016e-09 -3.05408e-10 1.07385e-09 -1.66056e-09 1.46314e-09 -8.30445e-10 -8.88125e-11 9.05527e-10 -1.33553e-09 1.23452e-09 -6.66466e-10 -1.36065e-10 8.66711e-10 -1.26281e-09 1.19917e-09 -7.2545e-10 3.67822e-11 6.08308e-10 -9.89016e-10 1.00283e-09 -6.95073e-10 2.28278e-10 1.93051e-10 -4.09119e-10 3.66424e-10 -1.29892e-10 -1.56251e-10 3.38686e-10 -3.23678e-10 1.14517e-10 1.96512e-10 -4.74906e-10 6.06084e-10 -5.44179e-10 3.267e-10 -5.11951e-11 -1.72446e-10 2.70396e-10 -2.321e-10 1.06132e-10 3.00546e-11 -1.09711e-10 1.06362e-10 -4.06888e-11 -3.59548e-11 7.10037e-11 -3.76804e-11 -5.31652e-11 1.60562e-10 -2.34824e-10 2.41344e-10 -1.75281e-10 6.11656e-11 6.07944e-11 -1.53812e-10 1.99484e-10 -2.02164e-10 1.82113e-10 -1.62294e-10 1.56093e-10 -1.61909e-10 1.66388e-10 -1.53581e-10 1.14651e-10 -5.30864e-11 -1.68044e-11 7.67669e-11 -1.12944e-10 1.215e-10 -1.09104e-10 8.86546e-11 -7.28355e-11 6.88292e-11 -7.64803e-11 9.02025e-11 -1.03051e-10 1.10558e-10 -1.12418e-10 1.11504e-10 -1.11143e-10 1.12401e-10 -1.12887e-10 1.07649e-10 -9.15705e-11 6.19613e-11 -2.00494e-11 -2.92578e-11 7.90802e-11 -1.22824e-10 1.5595e-10 -1.76605e-10 1.85118e-10 -1.8289e-10 1.71385e-10 -1.51739e-10 1.25011e-10 -9.27785e-11 5.75511e-11 -2.26683e-11 -8.36134e-12 3.27945e-11 -4.94318e-11 5.88948e-11 -6.32985e-11 6.54852e-11 -6.81476e-11 7.31566e-11 -8.12684e-11 9.21887e-11 -1.04838e-10 1.17637e-10 -1.28708e-10 1.35987e-10 -1.37348e-10 1.30826e-10 -1.14956e-10 8.91883e-11 -5.42259e-11 1.21635e-11 3.36542e-11 -7.90384e-11 1.19532e-10 -1.51017e-10 1.70242e-10 -1.7518e-10 1.65217e-10 -1.41177e-10 1.0522e-10 -6.06415e-11 1.15585e-11 3.74807e-11 -8.19651e-11 1.17908e-10 -1.42288e-10 1.53369e-10 -1.50848e-10 1.35807e-10 -1.10483e-10 7.79223e-11 -4.15637e-11 4.82663e-12 2.92458e-11 -5.82599e-11 8.06385e-11 -9.56773e-11 1.03492e-10 -1.04869e-10 1.01038e-10 -9.34112e-11 8.33158e-11 -7.17798e-11 5.93955e-11 -4.62877e-11 3.21861e-11 -1.65832e-11 -1.05527e-12 2.10673e-11 -4.34003e-11 6.74784e-11 -9.2155e-11 1.15762e-10 -1.36251e-10 1.51416e-10 -1.59166e-10 1.57817e-10 -1.46358e-10 1.24661e-10 -9.35878e-11 5.499e-11 -1.15785e-11 -3.33131e-11 7.60518e-11 -1.13076e-10 1.41271e-10 -1.583e-10 1.6286e-10 -1.54823e-10 1.35255e-10 -1.06301e-10 7.09589e-11 -3.27586e-11 -4.61138e-12 3.76883e-11 -6.35901e-11 8.02991e-11 -8.68456e-11 8.33739e-11 -7.10856e-11 5.20707e-11 -2.90485e-11 5.0488e-12 1.69288e-11 -3.4242e-11 4.48828e-11 -4.76777e-11 4.23916e-11 -2.97281e-11 1.12282e-11 1.09166e-11 -3.4117e-11 5.56738e-11 -7.30721e-11 8.42491e-11 -8.78104e-11 8.31725e-11 -7.06191e-11 5.12667e-11 -2.69442e-11 0. 
0.000115423 0.00010784 0.000100286 9.27914e-05 8.53857e-05 7.80954e-05 7.0958e-05 6.39864e-05 5.72384e-05 5.0699e-05 4.44579e-05 3.84719e-05 3.2838e-05 2.7546e-05 2.26052e-05 1.81296e-05 1.40335e-05 1.03929e-05 7.33247e-06 4.69782e-06 2.55316e-06 1.10504e-06 3.73501e-07 9.52793e-08 1.70545e-08 4.23251e-09 -2.82766e-09 2.52719e-09 -2.97539e-09 1.33459e-09 -8.29822e-10 -1.30668e-09 1.83829e-09 -3.2727e-09 2.72116e-09 -2.69357e-09 9.36439e-10 1.07845e-11 -1.83273e-09 2.28231e-09 -2.81361e-09 1.9438e-09 -1.15892e-09 -2.47004e-10 1.1134e-09 -1.63237e-09 1.43416e-09 -7.46638e-10 -1.79934e-10 9.66779e-10 -1.32274e-09 1.13302e-09 -4.9926e-10 -3.13725e-10 9.89243e-10 -1.28215e-09 1.10658e-09 -5.57574e-10 -1.37498e-10 7.15125e-10 -9.79647e-10 8.73629e-10 -4.8828e-10 1.31773e-11 3.50442e-10 -4.74241e-10 3.496e-10 -7.91342e-11 -1.79337e-10 2.88444e-10 -1.91697e-10 -6.68919e-11 3.6974e-10 -5.83686e-10 6.20656e-10 -4.73393e-10 2.12036e-10 5.3604e-11 -2.25833e-10 2.5996e-10 -1.76701e-10 4.34607e-11 6.33745e-11 -9.54022e-11 5.11615e-11 2.98095e-11 -9.21415e-11 9.47972e-11 -3.11105e-11 -6.99726e-11 1.60198e-10 -1.96287e-10 1.59793e-10 -6.35236e-11 -5.70849e-11 1.61912e-10 -2.2388e-10 2.3816e-10 -2.19672e-10 1.91707e-10 -1.72482e-10 1.66547e-10 -1.64691e-10 1.51274e-10 -1.14322e-10 5.28459e-11 2.21095e-11 -9.26566e-11 1.42341e-10 -1.63138e-10 1.57931e-10 -1.37791e-10 1.16002e-10 -1.02093e-10 9.86644e-11 -1.0207e-10 1.05933e-10 -1.05247e-10 9.88659e-11 -8.93379e-11 8.05862e-11 -7.49952e-11 7.15976e-11 -6.62841e-11 5.38059e-11 -3.04289e-11 -4.12781e-12 4.63531e-11 -9.02196e-11 1.29324e-10 -1.58836e-10 1.7647e-10 -1.82263e-10 1.77575e-10 -1.64002e-10 1.42783e-10 -1.14901e-10 8.16365e-11 -4.50938e-11 8.28658e-12 2.5354e-11 -5.28491e-11 7.25159e-11 -8.43995e-11 9.01178e-11 -9.22135e-11 9.33068e-11 -9.53789e-11 9.93997e-11 -1.05327e-10 1.12347e-10 -1.1917e-10 1.24248e-10 -1.259e-10 1.22396e-10 -1.12125e-10 9.38718e-11 -6.71895e-11 3.27312e-11 7.58009e-12 -5.06406e-11 9.25209e-11 -1.29007e-10 1.56197e-10 -1.71034e-10 1.71681e-10 -1.57713e-10 1.30148e-10 -9.13346e-11 4.47371e-11 5.37964e-12 -5.43507e-11 9.75814e-11 -1.31042e-10 1.51721e-10 -1.57969e-10 1.49663e-10 -1.2817e-10 9.61263e-11 -5.70625e-11 1.49574e-11 2.62235e-11 -6.29417e-11 9.24129e-11 -1.12823e-10 1.2342e-10 -1.24482e-10 1.17169e-10 -1.0328e-10 8.49505e-11 -6.43278e-11 4.32859e-11 -2.32089e-11 4.88146e-12 1.15057e-11 -2.62465e-11 3.99323e-11 -5.32256e-11 6.66353e-11 -8.03306e-11 9.40231e-11 -1.06935e-10 1.17859e-10 -1.25306e-10 1.27715e-10 -1.23704e-10 1.12323e-10 -9.32665e-11 6.70147e-11 -3.48804e-11 -1.05841e-12 3.81307e-11 -7.33333e-11 1.03648e-10 -1.26379e-10 1.39462e-10 -1.41716e-10 1.32996e-10 -1.14234e-10 8.73594e-11 -5.51043e-11 2.07151e-11 1.23932e-11 -4.10053e-11 6.24508e-11 -7.48895e-11 7.75014e-11 -7.05631e-11 5.54009e-11 -3.42286e-11 9.88929e-12 1.44699e-11 -3.57514e-11 5.12518e-11 -5.89587e-11 5.77682e-11 -4.7602e-11 2.94109e-11 -5.06686e-12 -2.28428e-11 5.12972e-11 -7.71675e-11 9.75527e-11 -1.10089e-10 1.13199e-10 -1.06266e-10 8.96912e-11 -6.48648e-11 3.40185e-11 0. 
0.000115423 0.00010784 0.000100287 9.279e-05 8.53875e-05 7.80932e-05 7.09605e-05 6.39835e-05 5.72414e-05 5.06959e-05 4.44608e-05 3.84694e-05 3.28399e-05 2.75449e-05 2.26052e-05 1.81307e-05 1.40311e-05 1.03965e-05 7.32787e-06 4.70307e-06 2.54778e-06 1.10995e-06 3.69709e-07 9.73794e-08 1.70367e-08 2.07252e-09 1.23058e-09 -2.75972e-09 2.55492e-09 -3.30765e-09 1.88857e-09 -1.4228e-09 -7.59782e-10 1.49993e-09 -3.11994e-09 2.79775e-09 -2.84227e-09 1.14955e-09 -1.14876e-10 -1.72359e-09 2.29031e-09 -2.80877e-09 1.98135e-09 -1.08717e-09 -2.68293e-10 1.18741e-09 -1.62744e-09 1.37912e-09 -6.322e-10 -2.99097e-10 1.03154e-09 -1.28651e-09 9.90054e-10 -2.90436e-10 -5.15826e-10 1.11043e-09 -1.2785e-09 9.8436e-10 -3.72182e-10 -3.03519e-10 7.86076e-10 -9.18014e-10 6.95074e-10 -2.53605e-10 -1.99139e-10 4.78701e-10 -4.99343e-10 3.00695e-10 -1.70873e-11 -1.9233e-10 2.18562e-10 -4.87867e-11 -2.35011e-10 5.00529e-10 -6.29153e-10 5.68689e-10 -3.51536e-10 7.28736e-11 1.57496e-10 -2.64946e-10 2.38281e-10 -1.2567e-10 3.79367e-12 6.22362e-11 -4.81568e-11 -2.36245e-11 1.01715e-10 -1.35667e-10 1.0222e-10 -1.54063e-11 -8.2767e-11 1.44583e-10 -1.39753e-10 6.82029e-11 4.25415e-11 -1.52408e-10 2.27705e-10 -2.54476e-10 2.40693e-10 -2.078e-10 1.77269e-10 -1.59512e-10 1.50393e-10 -1.36075e-10 1.02647e-10 -4.49606e-11 -2.98507e-11 1.05495e-10 -1.64113e-10 1.94148e-10 -1.94635e-10 1.74234e-10 -1.46124e-10 1.21722e-10 -1.06373e-10 9.87262e-11 -9.34464e-11 8.53122e-11 -7.23489e-11 5.6509e-11 -4.1909e-11 3.19213e-11 -2.68723e-11 2.35777e-11 -1.68514e-11 2.08187e-12 2.24927e-11 -5.4895e-11 9.01983e-11 -1.22448e-10 1.4671e-10 -1.6033e-10 1.63026e-10 -1.56052e-10 1.41083e-10 -1.19452e-10 9.20853e-11 -5.99776e-11 2.47896e-11 1.08967e-11 -4.38909e-11 7.11673e-11 -9.07338e-11 1.02194e-10 -1.06755e-10 1.06711e-10 -1.04646e-10 1.02684e-10 -1.02043e-10 1.02964e-10 -1.04907e-10 1.06851e-10 -1.0753e-10 1.05561e-10 -9.95203e-11 8.80495e-11 -7.00868e-11 4.51879e-11 -1.38539e-11 -2.2271e-11 6.04355e-11 -9.70767e-11 1.28317e-10 -1.50539e-10 1.60918e-10 -1.57802e-10 1.4092e-10 -1.1141e-10 7.17065e-11 -2.53206e-11 -2.34784e-11 7.00613e-11 -1.09903e-10 1.39076e-10 -1.54703e-10 1.55312e-10 -1.41015e-10 1.13478e-10 -7.57018e-11 3.1631e-11 1.43208e-11 -5.77733e-11 9.48399e-11 -1.22501e-10 1.38855e-10 -1.43243e-10 1.36222e-10 -1.19415e-10 9.52443e-11 -6.65864e-11 3.63927e-11 -7.33128e-12 -1.85031e-11 3.97705e-11 -5.5942e-11 6.72308e-11 -7.44221e-11 7.86359e-11 -8.10652e-11 8.27305e-11 -8.42853e-11 8.58999e-11 -8.72367e-11 8.75189e-11 -8.5682e-11 8.05845e-11 -7.12455e-11 5.70714e-11 -3.80355e-11 1.47787e-11 1.13867e-11 -3.85757e-11 6.45207e-11 -8.68286e-11 1.03273e-10 -1.12079e-10 1.1217e-10 -1.03333e-10 8.62908e-11 -6.26546e-11 3.47776e-11 -5.50791e-12 -2.21215e-11 4.52335e-11 -6.14362e-11 6.91024e-11 -6.75647e-11 5.7202e-11 -3.94067e-11 1.64362e-11 8.83651e-12 -3.3243e-11 5.36756e-11 -6.74395e-11 7.25605e-11 -6.80157e-11 5.38598e-11 -3.1234e-11 2.25622e-12 3.01962e-11 -6.2787e-11 9.20728e-11 -1.14868e-10 1.28587e-10 -1.31519e-10 1.23017e-10 -1.03575e-10 7.47868e-11 -3.9187e-11 0. 
0.000115423 0.00010784 0.000100286 9.27912e-05 8.53859e-05 7.80952e-05 7.0958e-05 6.39866e-05 5.72378e-05 5.07e-05 4.44563e-05 3.84741e-05 3.28352e-05 2.75492e-05 2.26015e-05 1.81334e-05 1.40297e-05 1.03963e-05 7.32968e-06 4.69965e-06 2.55254e-06 1.10433e-06 3.75521e-07 9.21614e-08 2.08678e-08 2.89256e-10 5.90864e-10 2.59458e-10 -2.31413e-09 2.43514e-09 -3.47167e-09 2.29364e-09 -1.89034e-09 -2.96181e-10 1.19762e-09 -2.94869e-09 2.82237e-09 -2.92111e-09 1.29122e-09 -1.63515e-10 -1.67195e-09 2.30538e-09 -2.75413e-09 1.9564e-09 -9.3938e-10 -3.71092e-10 1.28705e-09 -1.62876e-09 1.29166e-09 -4.81537e-10 -4.41092e-10 1.09029e-09 -1.21747e-09 8.02728e-10 -4.66804e-11 -7.27274e-10 1.21181e-09 -1.23667e-09 8.25575e-10 -1.71555e-10 -4.53604e-10 8.14981e-10 -8.06207e-10 4.80907e-10 -1.4694e-11 -3.81226e-10 5.54143e-10 -4.69865e-10 2.14927e-10 5.54045e-11 -1.95384e-10 1.35723e-10 9.03721e-11 -3.70636e-10 5.71879e-10 -6.031e-10 4.53873e-10 -1.92259e-10 -7.31154e-11 2.45735e-10 -2.82514e-10 2.05662e-10 -8.28327e-11 -1.13614e-11 3.19547e-11 1.89615e-11 -1.00121e-10 1.57427e-10 -1.5372e-10 8.69117e-11 1.12207e-11 -9.30197e-11 1.19187e-10 -7.68393e-11 -1.67157e-11 1.24735e-10 -2.09513e-10 2.48821e-10 -2.42719e-10 2.08835e-10 -1.70061e-10 1.41856e-10 -1.25594e-10 1.10497e-10 -8.20066e-11 3.14415e-11 3.82881e-11 -1.13517e-10 1.76195e-10 -2.12088e-10 2.16576e-10 -1.95503e-10 1.61257e-10 -1.26581e-10 9.93669e-11 -8.07502e-11 6.68315e-11 -5.25058e-11 3.50482e-11 -1.56026e-11 -1.90918e-12 1.35027e-11 -1.77664e-11 1.6951e-11 -1.6017e-11 2.02657e-11 -3.28469e-11 5.33747e-11 -7.82035e-11 1.02049e-10 -1.20041e-10 1.29228e-10 -1.28982e-10 1.20371e-10 -1.05071e-10 8.44771e-11 -5.94598e-11 3.07383e-11 4.92741e-13 -3.21636e-11 6.14634e-11 -8.54896e-11 1.02108e-10 -1.10614e-10 1.11891e-10 -1.08036e-10 1.0162e-10 -9.49305e-11 8.94559e-11 -8.57313e-11 8.34901e-11 -8.19494e-11 8.00622e-11 -7.66599e-11 7.05146e-11 -6.04156e-11 4.53453e-11 -2.47619e-11 -1.08303e-12 3.09199e-11 -6.24421e-11 9.25382e-11 -1.17734e-10 1.3474e-10 -1.40969e-10 1.34929e-10 -1.16441e-10 8.66713e-11 -4.8028e-11 3.93789e-12 4.14643e-11 -8.37246e-11 1.18521e-10 -1.42142e-10 1.51937e-10 -1.46668e-10 1.26696e-10 -9.3964e-11 5.17689e-11 -4.37201e-12 -4.35028e-11 8.72013e-11 -1.22636e-10 1.46691e-10 -1.5751e-10 1.54627e-10 -1.38957e-10 1.12627e-10 -7.86892e-11 4.07325e-11 -2.45042e-12 -3.27823e-11 6.2267e-11 -8.42281e-11 9.79213e-11 -1.03599e-10 1.02352e-10 -9.5853e-11 8.60557e-11 -7.48861e-11 6.39701e-11 -5.44318e-11 4.67839e-11 -4.09215e-11 3.62152e-11 -3.16856e-11 2.62315e-11 -1.88738e-11 8.9773e-12 3.58657e-12 -1.83613e-11 3.43243e-11 -5.00017e-11 6.36616e-11 -7.35584e-11 7.81935e-11 -7.6555e-11 6.83016e-11 -5.38648e-11 3.44513e-11 -1.19416e-11 -1.13034e-11 3.27098e-11 -4.97959e-11 6.04807e-11 -6.33545e-11 5.78773e-11 -4.44785e-11 2.45426e-11 -2.81157e-13 -2.54979e-11 4.96963e-11 -6.92736e-11 8.15981e-11 -8.4759e-11 7.78048e-11 -6.08788e-11 3.5236e-11 -3.13614e-12 -3.23751e-11 6.77752e-11 -9.94304e-11 1.2398e-10 -1.38694e-10 1.41773e-10 -1.32547e-10 1.11562e-10 -8.05353e-11 4.21937e-11 0. 
0.000115423 0.00010784 0.000100286 9.27911e-05 8.53862e-05 7.80947e-05 7.09589e-05 6.39851e-05 5.724e-05 5.06971e-05 4.44601e-05 3.84694e-05 3.28406e-05 2.75433e-05 2.26077e-05 1.81274e-05 1.4035e-05 1.03922e-05 7.33222e-06 4.69908e-06 2.55101e-06 1.10785e-06 3.7041e-07 9.82049e-08 1.47661e-08 5.47702e-09 -2.77008e-09 1.13012e-09 -4.69211e-10 -1.78347e-09 2.20447e-09 -3.50277e-09 2.5719e-09 -2.23999e-09 6.74856e-11 9.7523e-10 -2.81279e-09 2.82891e-09 -2.93343e-09 1.35763e-09 -1.46402e-10 -1.66907e-09 2.33935e-09 -2.65327e-09 1.85631e-09 -7.2841e-10 -5.41776e-10 1.39927e-09 -1.61423e-09 1.16125e-09 -2.91518e-10 -5.98238e-10 1.13119e-09 -1.10701e-09 5.72043e-10 2.19593e-10 -9.27745e-10 1.27232e-09 -1.1422e-09 6.2641e-10 3.88733e-11 -5.79326e-10 7.98595e-10 -6.52252e-10 2.51351e-10 2.00865e-10 -5.06442e-10 5.58825e-10 -3.80029e-10 9.63353e-11 1.31215e-10 -1.85751e-10 4.58205e-11 2.12431e-10 -4.58996e-10 5.75342e-10 -5.08836e-10 2.91584e-10 -1.80634e-11 -2.03984e-10 3.03492e-10 -2.73177e-10 1.63529e-10 -5.04392e-11 -4.87536e-12 -1.66128e-11 8.86104e-11 -1.59327e-10 1.81753e-10 -1.38167e-10 4.731e-11 4.75081e-11 -1.01514e-10 9.02378e-11 -1.94425e-11 -8.03359e-11 1.70239e-10 -2.21287e-10 2.25367e-10 -1.94689e-10 1.51653e-10 -1.15543e-10 9.31884e-11 -7.77955e-11 5.54162e-11 -1.46908e-11 -4.56731e-11 1.1541e-10 -1.77427e-10 2.1578e-10 -2.22605e-10 2.00711e-10 -1.61086e-10 1.17164e-10 -7.90278e-11 5.03226e-11 -2.88717e-11 1.00008e-11 9.63685e-12 -2.98503e-11 4.72614e-11 -5.76619e-11 5.88172e-11 -5.20962e-11 4.21035e-11 -3.46257e-11 3.40477e-11 -4.15499e-11 5.48702e-11 -6.95608e-11 8.09621e-11 -8.58906e-11 8.33429e-11 -7.41161e-11 5.97954e-11 -4.17833e-11 2.08859e-11 2.43957e-12 -2.74662e-11 5.2685e-11 -7.57668e-11 9.40723e-11 -1.0547e-10 1.09065e-10 -1.055e-10 9.67074e-11 -8.52624e-11 7.362e-11 -6.35393e-11 5.58516e-11 -5.05511e-11 4.70581e-11 -4.44813e-11 4.17766e-11 -3.78098e-11 3.14091e-11 -2.14988e-11 7.34753e-12 1.11255e-11 -3.31003e-11 5.67825e-11 -7.9568e-11 9.8426e-11 -1.10406e-10 1.13144e-10 -1.05261e-10 8.65879e-11 -5.82216e-11 2.24245e-11 1.75856e-11 -5.79338e-11 9.44596e-11 -1.23147e-10 1.40583e-10 -1.44394e-10 1.33593e-10 -1.08768e-10 7.20763e-11 -2.7021e-11 -2.19415e-11 6.99133e-11 -1.12108e-10 1.4437e-10 -1.63613e-10 1.68115e-10 -1.57672e-10 1.33583e-10 -9.84731e-11 5.59789e-11 -1.03269e-11 -3.4149e-11 7.34852e-11 -1.04506e-10 1.25123e-10 -1.34494e-10 1.33007e-10 -1.22133e-10 1.04149e-10 -8.17937e-11 5.78955e-11 -3.50263e-11 1.52164e-11 2.35242e-13 -1.08373e-11 1.68673e-11 -1.92277e-11 1.92231e-11 -1.82948e-11 1.77542e-11 -1.85544e-11 2.11353e-11 -2.53616e-11 3.05603e-11 -3.56498e-11 3.93379e-11 -4.03578e-11 3.77053e-11 -3.08428e-11 1.98387e-11 -5.41935e-12 -1.10754e-11 2.78307e-11 -4.27735e-11 5.38398e-11 -5.92577e-11 5.78086e-11 -4.90302e-11 3.33321e-11 -1.20054e-11 -1.28776e-11 3.86667e-11 -6.24167e-11 8.12198e-11 -9.25464e-11 9.4557e-11 -8.63454e-11 6.80833e-11 -4.10483e-11 7.52708e-12 2.93967e-11 -6.61485e-11 9.90316e-11 -1.24617e-10 1.40111e-10 -1.43666e-10 1.34589e-10 -1.13432e-10 8.19558e-11 -4.29586e-11 0. 
0.000115423 0.000107839 0.000100287 9.27898e-05 8.53877e-05 7.8093e-05 7.09606e-05 6.39837e-05 5.7241e-05 5.06967e-05 4.44595e-05 3.84712e-05 3.28375e-05 2.75478e-05 2.26019e-05 1.81342e-05 1.40277e-05 1.03995e-05 7.3256e-06 4.70428e-06 2.54785e-06 1.1086e-06 3.7219e-07 9.41571e-08 2.04811e-08 -9.9189e-10 3.34948e-09 -3.51027e-09 1.75466e-09 -1.08951e-09 -1.27643e-09 1.93947e-09 -3.44459e-09 2.73236e-09 -2.46274e-09 3.22287e-10 8.40214e-10 -2.73144e-09 2.84904e-09 -2.89884e-09 1.34029e-09 -5.37305e-11 -1.70119e-09 2.38323e-09 -2.51579e-09 1.67542e-09 -4.63215e-10 -7.56642e-10 1.50393e-09 -1.56043e-09 9.77224e-10 -6.37773e-11 -7.58478e-10 1.14038e-09 -9.48549e-10 3.04251e-10 4.89963e-10 -1.09306e-09 1.27103e-09 -9.84654e-10 3.88801e-10 2.49216e-10 -6.71479e-10 7.36952e-10 -4.69577e-10 3.07629e-11 3.65774e-10 -5.5417e-10 4.85336e-10 -2.35931e-10 -4.12987e-11 1.97622e-10 -1.58854e-10 -4.58081e-11 3.06509e-10 -4.9179e-10 5.12743e-10 -3.61293e-10 1.06746e-10 1.43735e-10 -2.98209e-10 3.19813e-10 -2.35825e-10 1.15208e-10 -2.92782e-11 1.66621e-11 -6.91258e-11 1.4267e-10 -1.85303e-10 1.65661e-10 -8.80182e-11 -1.23427e-11 8.90192e-11 -1.08121e-10 6.35668e-11 2.25599e-11 -1.1309e-10 1.74319e-10 -1.90354e-10 1.66877e-10 -1.2399e-10 8.33056e-11 -5.66078e-11 4.16411e-11 -2.61927e-11 -2.78422e-12 5.04666e-11 -1.10473e-10 1.67663e-10 -2.05392e-10 2.13125e-10 -1.90605e-10 1.46914e-10 -9.55147e-11 4.82021e-11 -1.09953e-11 -1.63941e-11 3.7935e-11 -5.74321e-11 7.57203e-11 -9.02541e-11 9.6973e-11 -9.31074e-11 7.92407e-11 -5.95197e-11 4.00018e-11 -2.61002e-11 2.04554e-11 -2.22089e-11 2.78541e-11 -3.30541e-11 3.4448e-11 -3.0631e-11 2.20419e-11 -1.00788e-11 -3.91427e-12 1.92098e-11 -3.55904e-11 5.27746e-11 -6.9824e-11 8.49499e-11 -9.58744e-11 1.0058e-10 -9.808e-11 8.88319e-11 -7.46329e-11 5.80575e-11 -4.17141e-11 2.76201e-11 -1.68906e-11 9.76174e-12 -5.82211e-12 4.27806e-12 -4.13028e-12 4.24534e-12 -3.39458e-12 3.57258e-13 5.8622e-12 -1.57371e-11 2.89453e-11 -4.42421e-11 5.95565e-11 -7.231e-11 7.98801e-11 -8.00885e-11 7.16026e-11 -5.41802e-11 2.87423e-11 2.70581e-12 -3.72667e-11 7.14293e-11 -1.01416e-10 1.23586e-10 -1.34866e-10 1.33171e-10 -1.17742e-10 8.93372e-11 -5.02375e-11 4.03493e-12 4.4752e-11 -9.11912e-11 1.30497e-10 -1.58567e-10 1.7243e-10 -1.70561e-10 1.53035e-10 -1.21518e-10 7.90726e-11 -2.98317e-11 -2.14602e-11 6.99631e-11 -1.11267e-10 1.41854e-10 -1.5945e-10 1.63206e-10 -1.53719e-10 1.32875e-10 -1.03554e-10 6.92477e-11 -3.36294e-11 1.34119e-13 2.83986e-11 -4.99881e-11 6.36521e-11 -6.94141e-11 6.81853e-11 -6.15427e-11 5.14397e-11 -3.98923e-11 2.86867e-11 -1.91482e-11 1.19999e-11 -7.32625e-12 4.64104e-12 -3.04152e-12 1.42314e-12 1.28123e-12 -5.87432e-12 1.27144e-11 -2.16092e-11 3.18013e-11 -4.20474e-11 5.07826e-11 -5.63475e-11 5.72464e-11 -5.23988e-11 4.135e-11 -2.4406e-11 2.67375e-12 2.20061e-11 -4.72269e-11 7.02692e-11 -8.84082e-11 9.92412e-11 -1.00993e-10 9.27648e-11 -7.46857e-11 4.79588e-11 -1.47793e-11 -2.1861e-11 5.84677e-11 -9.14034e-11 1.17273e-10 -1.33294e-10 1.37607e-10 -1.2949e-10 1.09462e-10 -7.92402e-11 4.15802e-11 0. 
0.000115423 0.00010784 0.000100286 9.27919e-05 8.5385e-05 7.80963e-05 7.09568e-05 6.39879e-05 5.72366e-05 5.0701e-05 4.44556e-05 3.84742e-05 3.28358e-05 2.75479e-05 2.26037e-05 1.81303e-05 1.40335e-05 1.03921e-05 7.33395e-06 4.69588e-06 2.55535e-06 1.10293e-06 3.75308e-07 9.39655e-08 1.78243e-08 4.00908e-09 -3.08011e-09 3.15535e-09 -3.83998e-09 2.25119e-09 -1.59899e-09 -8.35508e-10 1.7003e-09 -3.35914e-09 2.81451e-09 -2.56119e-09 4.4562e-10 8.10003e-10 -2.70175e-09 2.87743e-09 -2.82794e-09 1.24702e-09 1.25815e-10 -1.76742e-09 2.41536e-09 -2.34341e-09 1.41829e-09 -1.54289e-10 -9.86813e-10 1.57514e-09 -1.44566e-09 7.33448e-10 1.92832e-10 -9.04499e-10 1.10312e-09 -7.39373e-10 1.19668e-11 7.40674e-10 -1.1978e-09 1.19092e-09 -7.61152e-10 1.22613e-10 4.44736e-10 -7.2081e-10 6.3387e-10 -2.75943e-10 -1.55579e-10 4.57813e-10 -5.14682e-10 3.40067e-10 -5.62701e-11 -1.76041e-10 2.39012e-10 -1.10527e-10 -1.33656e-10 3.64957e-10 -4.68355e-10 3.96221e-10 -1.84862e-10 -7.05942e-11 2.66595e-10 -3.39861e-10 2.91063e-10 -1.74971e-10 6.5945e-11 -1.86873e-11 4.4143e-11 -1.10572e-10 1.66121e-10 -1.68952e-10 1.08836e-10 -1.0258e-11 -8.25274e-11 1.29037e-10 -1.12025e-10 4.36469e-11 4.32062e-11 -1.12407e-10 1.4127e-10 -1.28381e-10 8.99836e-11 -4.84055e-11 1.95191e-11 -5.77773e-12 -2.3782e-12 1.86436e-11 -5.15186e-11 9.86935e-11 -1.47774e-10 1.8238e-10 -1.89993e-10 1.67424e-10 -1.21464e-10 6.49705e-11 -1.08801e-11 -3.26894e-11 6.40947e-11 -8.63804e-11 1.03625e-10 -1.17691e-10 1.27081e-10 -1.28211e-10 1.18065e-10 -9.65644e-11 6.73196e-11 -3.64391e-11 1.01136e-11 7.73566e-12 -1.66237e-11 1.90781e-11 -1.90388e-11 2.00017e-11 -2.37964e-11 3.04217e-11 -3.87617e-11 4.75971e-11 -5.62919e-11 6.48352e-11 -7.33406e-11 8.14097e-11 -8.78048e-11 9.06599e-11 -8.81441e-11 7.92412e-11 -6.4266e-11 4.48839e-11 -2.36503e-11 3.29822e-12 1.39243e-11 -2.664e-11 3.43922e-11 -3.7454e-11 3.65678e-11 -3.27511e-11 2.72106e-11 -2.13059e-11 1.64678e-11 -1.40053e-11 1.48171e-11 -1.90972e-11 2.61569e-11 -3.44536e-11 4.18433e-11 -4.5997e-11 4.48681e-11 -3.70982e-11 2.22822e-11 -1.06774e-12 -2.48957e-11 5.31229e-11 -8.05437e-11 1.0382e-10 -1.19717e-10 1.25506e-10 -1.19364e-10 1.007e-10 -7.03555e-11 3.06204e-11 1.49556e-11 -6.19317e-11 1.05477e-10 -1.40927e-10 1.64325e-10 -1.72874e-10 1.65264e-10 -1.41829e-10 1.04532e-10 -5.67757e-11 3.05346e-12 5.15229e-11 -1.01769e-10 1.42983e-10 -1.71447e-10 1.84808e-10 -1.82293e-10 1.64738e-10 -1.34435e-10 9.48216e-11 -5.00574e-11 4.54536e-12 3.75465e-11 -7.27095e-11 9.84189e-11 -1.13327e-10 1.17309e-10 -1.11365e-10 9.73922e-11 -7.7875e-11 5.55217e-11 -3.29124e-11 1.21959e-11 5.12517e-12 -1.8298e-11 2.73085e-11 -3.27634e-11 3.56931e-11 -3.73057e-11 3.87339e-11 -4.08111e-11 4.39104e-11 -4.78688e-11 5.20074e-11 -5.52436e-11 5.6279e-11 -5.38335e-11 4.68915e-11 -3.49214e-11 1.80366e-11 2.93146e-12 -2.6459e-11 5.0458e-11 -7.24925e-11 9.00576e-11 -1.00888e-10 1.03255e-10 -9.62199e-11 7.97973e-11 -5.50191e-11 2.38767e-11 1.0852e-11 -4.58735e-11 7.77207e-11 -1.03125e-10 1.19379e-10 -1.24642e-10 1.18164e-10 -1.00383e-10 7.28986e-11 -3.83208e-11 0. 
0.000115423 0.00010784 0.000100287 9.27903e-05 8.53872e-05 7.80934e-05 7.09605e-05 6.39833e-05 5.72421e-05 5.06948e-05 4.44624e-05 3.84673e-05 3.28425e-05 2.75421e-05 2.26081e-05 1.81282e-05 1.40331e-05 1.03954e-05 7.32798e-06 4.70398e-06 2.5461e-06 1.11213e-06 3.67484e-07 9.93294e-08 1.56391e-08 2.86631e-09 1.00496e-09 -2.97128e-09 3.07488e-09 -4.0025e-09 2.59758e-09 -1.97468e-09 -4.86371e-10 1.50831e-09 -3.26898e-09 2.84732e-09 -2.56183e-09 4.43245e-10 8.997e-10 -2.7315e-09 2.89509e-09 -2.70068e-09 1.08372e-09 3.84826e-10 -1.87006e-09 2.41538e-09 -2.12799e-09 1.09556e-09 1.81778e-10 -1.20052e-09 1.5851e-09 -1.25379e-09 4.32611e-10 4.60523e-10 -1.01436e-09 1.0061e-09 -4.82773e-10 -2.85369e-10 9.44549e-10 -1.21909e-09 1.02312e-09 -4.79458e-10 -1.53464e-10 6.06884e-10 -7.19675e-10 4.97518e-10 -9.17722e-11 -2.85286e-10 4.64411e-10 -3.92537e-10 1.43947e-10 1.29871e-10 -2.81942e-10 2.4111e-10 -3.9753e-11 -2.11353e-10 3.83913e-10 -3.95829e-10 2.46474e-10 -9.15001e-12 -2.11201e-10 3.30721e-10 -3.22923e-10 2.22782e-10 -1.00562e-10 2.20342e-11 -1.65073e-11 6.75773e-11 -1.28364e-10 1.50496e-10 -1.10472e-10 2.02889e-11 8.13189e-11 -1.50465e-10 1.60239e-10 -1.12227e-10 3.2902e-11 4.15657e-11 -8.31412e-11 8.32955e-11 -5.32079e-11 1.43297e-11 1.45023e-11 -2.63137e-11 2.73486e-11 -3.09459e-11 4.81898e-11 -8.07508e-11 1.19534e-10 -1.49294e-10 1.56261e-10 -1.3459e-10 8.85353e-11 -2.97649e-11 -2.82532e-11 7.56894e-11 -1.09041e-10 1.30274e-10 -1.4355e-10 1.51696e-10 -1.54395e-10 1.48807e-10 -1.31935e-10 1.03171e-10 -6.55325e-11 2.49584e-11 1.18664e-11 -3.998e-11 5.76874e-11 -6.6562e-11 7.01126e-11 -7.19403e-11 7.43162e-11 -7.77429e-11 8.14707e-11 -8.44643e-11 8.61848e-11 -8.67793e-11 8.66793e-11 -8.59555e-11 8.38824e-11 -7.90084e-11 6.97168e-11 -5.49955e-11 3.50295e-11 -1.13407e-11 -1.35678e-11 3.68806e-11 -5.61562e-11 6.97828e-11 -7.7103e-11 7.82728e-11 -7.40129e-11 6.54005e-11 -5.3764e-11 4.06418e-11 -2.77121e-11 1.66183e-11 -8.68788e-12 4.61929e-12 -4.25687e-12 6.55396e-12 -9.76021e-12 1.17885e-11 -1.06605e-11 4.91664e-12 6.09458e-12 -2.20845e-11 4.18397e-11 -6.33539e-11 8.4045e-11 -1.01038e-10 1.11501e-10 -1.13019e-10 1.03969e-10 -8.38419e-11 5.34514e-11 -1.49674e-11 -2.82414e-11 7.19491e-11 -1.1155e-10 1.42603e-10 -1.61362e-10 1.65233e-10 -1.53101e-10 1.25496e-10 -8.45748e-11 3.39402e-11 2.17169e-11 -7.70942e-11 1.26838e-10 -1.66117e-10 1.91147e-10 -1.99593e-10 1.90804e-10 -1.65859e-10 1.27405e-10 -7.93423e-11 2.63665e-11 2.65465e-11 -7.46679e-11 1.13992e-10 -1.41612e-10 1.5595e-10 -1.56839e-10 1.45434e-10 -1.23979e-10 9.54729e-11 -6.32645e-11 3.06435e-11 -4.74579e-13 -2.50817e-11 4.47327e-11 -5.80886e-11 6.55759e-11 -6.8249e-11 6.75353e-11 -6.4952e-11 6.1838e-11 -5.91375e-11 5.72648e-11 -5.60679e-11 5.48914e-11 -5.27282e-11 4.84341e-11 -4.09707e-11 2.96404e-11 -1.42748e-11 -4.6526e-12 2.60086e-11 -4.80833e-11 6.87662e-11 -8.57934e-11 9.70351e-11 -1.00786e-10 9.60159e-11 -8.2557e-11 6.11827e-11 -3.3581e-11 2.21179e-12 2.99353e-11 -5.96567e-11 8.38867e-11 -1.00045e-10 1.0634e-10 -1.01982e-10 8.72967e-11 -6.37039e-11 3.35785e-11 0. 
0.000115423 0.000107839 0.000100287 9.27901e-05 8.53873e-05 7.80937e-05 7.09596e-05 6.3985e-05 5.72393e-05 5.06989e-05 4.44569e-05 3.84742e-05 3.28343e-05 2.7551e-05 2.2599e-05 1.81365e-05 1.40265e-05 1.03993e-05 7.32749e-06 4.7008e-06 2.55268e-06 1.10307e-06 3.7761e-07 8.98211e-08 2.29826e-08 -1.18359e-09 1.3381e-09 1.54914e-10 -2.62465e-09 2.96875e-09 -4.07768e-09 2.82596e-09 -2.21072e-09 -2.62982e-10 1.39932e-09 -3.1896e-09 2.82792e-09 -2.46617e-09 3.33576e-10 1.09018e-09 -2.81626e-09 2.89251e-09 -2.48849e-09 8.39491e-10 7.02234e-10 -1.99862e-09 2.36693e-09 -1.85808e-09 7.21163e-10 5.21132e-10 -1.36464e-09 1.5091e-09 -9.78576e-10 8.93803e-11 7.12552e-10 -1.06392e-09 8.40618e-10 -1.90023e-10 -5.62139e-10 1.07427e-09 -1.14119e-09 7.70803e-10 -1.59534e-10 -4.13021e-10 7.1601e-10 -6.64429e-10 3.40731e-10 6.2173e-11 -3.42804e-10 3.86141e-10 -2.07571e-10 -6.99831e-11 2.88185e-10 -3.35023e-10 1.95699e-10 4.90904e-11 -2.71563e-10 3.63755e-10 -2.88233e-10 8.93134e-11 1.36656e-10 -2.92918e-10 3.27971e-10 -2.53515e-10 1.2923e-10 -2.609e-11 -1.07457e-11 -1.91561e-11 7.79994e-11 -1.15143e-10 9.60839e-11 -1.97694e-11 -8.33066e-11 1.69095e-10 -2.03144e-10 1.76635e-10 -1.08053e-10 3.13543e-11 2.18278e-11 -3.6337e-11 1.74998e-11 1.55537e-11 -4.22924e-11 5.17144e-11 -4.6363e-11 3.83192e-11 -4.04051e-11 5.79373e-11 -8.54235e-11 1.09474e-10 -1.15801e-10 9.62856e-11 -5.25335e-11 -5.47155e-12 6.43457e-11 -1.13011e-10 1.46277e-10 -1.64948e-10 1.73075e-10 -1.74335e-10 1.69639e-10 -1.57082e-10 1.33914e-10 -9.91262e-11 5.50978e-11 -7.38722e-12 -3.71275e-11 7.27298e-11 -9.67085e-11 1.09763e-10 -1.14974e-10 1.16027e-10 -1.15644e-10 1.14878e-10 -1.13409e-10 1.10434e-10 -1.05502e-10 9.88571e-11 -9.11453e-11 8.27988e-11 -7.35223e-11 6.22337e-11 -4.75181e-11 2.83671e-11 -4.82758e-12 -2.1749e-11 4.89564e-11 -7.39466e-11 9.41283e-11 -1.07684e-10 1.1377e-10 -1.12436e-10 1.04389e-10 -9.07842e-11 7.30919e-11 -5.30479e-11 3.25863e-11 -1.36776e-11 -1.94632e-12 1.31214e-11 -1.95189e-11 2.17434e-11 -2.12099e-11 1.98255e-11 -1.95671e-11 2.20663e-11 -2.82934e-11 3.83869e-11 -5.1627e-11 6.65269e-11 -8.10108e-11 9.26591e-11 -9.90088e-11 9.78973e-11 -8.78174e-11 6.82359e-11 -3.98123e-11 4.46315e-12 3.47604e-11 -7.39752e-11 1.0891e-10 -1.35423e-10 1.50021e-10 -1.50308e-10 1.35316e-10 -1.05671e-10 6.35962e-11 -1.27268e-11 -4.22303e-11 9.59715e-11 -1.43154e-10 1.78975e-10 -1.99704e-10 2.03098e-10 -1.88655e-10 1.57657e-10 -1.13027e-10 5.89909e-11 -6.14165e-13 -5.67458e-11 1.07999e-10 -1.48836e-10 1.76138e-10 -1.88238e-10 1.85022e-10 -1.67848e-10 1.39307e-10 -1.02865e-10 6.24204e-11 -2.18507e-11 -1.5408e-11 4.66935e-11 -7.03285e-11 8.56931e-11 -9.31588e-11 9.39049e-11 -8.96482e-11 8.23301e-11 -7.38031e-11 6.55623e-11 -5.85553e-11 5.30923e-11 -4.88665e-11 4.50743e-11 -4.06148e-11 3.43359e-11 -2.52861e-11 1.2936e-11 2.66778e-12 -2.08379e-11 4.02832e-11 -5.92424e-11 7.56992e-11 -8.76478e-11 9.33751e-11 -9.1718e-11 8.22629e-11 -6.54544e-11 4.25991e-11 -1.5758e-11 -1.24614e-11 3.91889e-11 -6.16187e-11 7.73383e-11 -8.46197e-11 8.26349e-11 -7.15687e-11 5.26139e-11 -2.7847e-11 0. 
0.000115423 0.00010784 0.000100286 9.27922e-05 8.53847e-05 7.80966e-05 7.09566e-05 6.39878e-05 5.7237e-05 5.07002e-05 4.44571e-05 3.84721e-05 3.28386e-05 2.75445e-05 2.26077e-05 1.81263e-05 1.40373e-05 1.03891e-05 7.33562e-06 4.69603e-06 2.55319e-06 1.10708e-06 3.6975e-07 1.00091e-07 1.23344e-08 7.79087e-09 -4.34862e-09 1.8098e-09 -3.77274e-10 -2.29626e-09 2.85305e-09 -4.09566e-09 2.96501e-09 -2.32939e-09 -1.6109e-10 1.39143e-09 -3.14686e-09 2.76529e-09 -2.26283e-09 1.1416e-10 1.35205e-09 -2.91863e-09 2.85301e-09 -2.17703e-09 4.9988e-10 1.05397e-09 -2.12615e-09 2.25391e-09 -1.52545e-09 3.13194e-10 8.33613e-10 -1.4473e-09 1.33085e-09 -6.27731e-10 -2.68453e-10 9.15564e-10 -1.03118e-09 6.06378e-10 1.18499e-10 -7.88765e-10 1.10693e-09 -9.60109e-10 4.51666e-10 1.67225e-10 -6.25388e-10 7.55529e-10 -5.57966e-10 1.80581e-10 1.67753e-10 -3.22901e-10 2.38222e-10 7.19767e-12 -2.62156e-10 3.86426e-10 -3.19766e-10 1.04409e-10 1.45446e-10 -3.06842e-10 3.09382e-10 -1.64423e-10 -4.89913e-11 2.29777e-10 -3.05811e-10 2.64335e-10 -1.49196e-10 3.04915e-11 3.45926e-11 -2.88616e-11 -2.20453e-11 6.93884e-11 -7.06664e-11 1.22734e-11 8.54352e-11 -1.8127e-10 2.35754e-10 -2.30532e-10 1.75174e-10 -9.9439e-11 3.66628e-11 -7.71913e-12 1.3481e-11 -3.83435e-11 6.13857e-11 -6.83085e-11 5.78414e-11 -4.0059e-11 2.86377e-11 -3.20128e-11 4.83564e-11 -6.66784e-11 7.28563e-11 -5.69554e-11 1.79504e-11 3.62501e-11 -9.29266e-11 1.40257e-10 -1.71615e-10 1.86619e-10 -1.89037e-10 1.83231e-10 -1.71306e-10 1.52407e-10 -1.24202e-10 8.54021e-11 -3.77124e-11 -1.38868e-11 6.26276e-11 -1.02351e-10 1.29567e-10 -1.44226e-10 1.49011e-10 -1.47684e-10 1.43407e-10 -1.3781e-10 1.31047e-10 -1.22568e-10 1.11996e-10 -9.95894e-11 8.60898e-11 -7.21537e-11 5.77967e-11 -4.22231e-11 2.41721e-11 -2.61115e-12 -2.25774e-11 5.02498e-11 -7.81466e-11 1.03441e-10 -1.23434e-10 1.3613e-10 -1.40509e-10 1.36505e-10 -1.24807e-10 1.06635e-10 -8.35977e-11 5.76178e-11 -3.08667e-11 5.60958e-12 1.60655e-11 -3.25889e-11 4.32145e-11 -4.81741e-11 4.8615e-11 -4.63297e-11 4.3357e-11 -4.15611e-11 4.22873e-11 -4.61489e-11 5.29531e-11 -6.17472e-11 7.09533e-11 -7.8574e-11 8.24579e-11 -8.0614e-11 7.1551e-11 -5.45944e-11 3.01242e-11 3.27296e-13 -3.41524e-11 6.79225e-11 -9.77884e-11 1.19963e-10 -1.31221e-10 1.29334e-10 -1.13405e-10 8.40451e-11 -4.33891e-11 -5.06943e-12 5.67975e-11 -1.06678e-10 1.49553e-10 -1.80792e-10 1.9682e-10 -1.95541e-10 1.76593e-10 -1.41405e-10 9.30561e-11 -3.59426e-11 -2.46942e-11 8.33257e-11 -1.34714e-10 1.74444e-10 -1.99355e-10 2.07823e-10 -1.99868e-10 1.77077e-10 -1.42362e-10 9.95751e-11 -5.3047e-11 7.09043e-12 3.44584e-11 -6.86129e-11 9.34821e-11 -1.08368e-10 1.13714e-10 -1.10916e-10 1.02035e-10 -8.94577e-11 7.55333e-11 -6.22632e-11 5.10591e-11 -4.26081e-11 3.68564e-11 -3.31055e-11 3.02032e-11 -2.67954e-11 2.16008e-11 -1.36661e-11 2.56288e-12 1.15007e-11 -2.76704e-11 4.45393e-11 -6.033e-11 7.31415e-11 -8.12233e-11 8.32402e-11 -7.84888e-11 6.70352e-11 -4.97526e-11 2.82511e-11 -4.70766e-12 -1.83842e-11 3.85128e-11 -5.3457e-11 6.15651e-11 -6.1967e-11 5.46927e-11 -4.06798e-11 2.16691e-11 0. 
0.000115423 0.000107839 0.000100287 9.27896e-05 8.53882e-05 7.80922e-05 7.09619e-05 6.39819e-05 5.72435e-05 5.06937e-05 4.44631e-05 3.84673e-05 3.28416e-05 2.7544e-05 2.26051e-05 1.81322e-05 1.40284e-05 1.04003e-05 7.32347e-06 4.70742e-06 2.54446e-06 1.11152e-06 3.70554e-07 9.41798e-08 2.206e-08 -3.46763e-09 5.87733e-09 -5.22353e-09 2.36441e-09 -7.59788e-10 -2.05707e-09 2.77264e-09 -4.07884e-09 3.01377e-09 -2.32311e-09 -1.76541e-10 1.46883e-09 -3.13175e-09 2.66677e-09 -1.96105e-09 -2.13814e-10 1.66765e-09 -2.98986e-09 2.73873e-09 -1.76407e-09 6.67704e-11 1.41284e-09 -2.21512e-09 2.05916e-09 -1.12959e-09 -1.03731e-10 1.085e-09 -1.42211e-09 1.04774e-09 -2.25334e-10 -6.01646e-10 1.03453e-09 -9.01755e-10 3.14776e-10 4.13872e-10 -9.35698e-10 1.02921e-09 -6.87305e-10 9.79899e-11 4.61691e-10 -7.61276e-10 7.1673e-10 -4.11501e-10 3.67553e-11 2.12805e-10 -2.32933e-10 4.93342e-11 2.10855e-10 -3.94423e-10 4.02288e-10 -2.34339e-10 -1.97729e-11 2.33863e-10 -3.11388e-10 2.30093e-10 -4.50599e-11 -1.46836e-10 2.58861e-10 -2.54819e-10 1.59105e-10 -3.52283e-11 -5.22513e-11 7.08739e-11 -3.22599e-11 -2.04748e-11 4.02322e-11 -2.25935e-12 -8.42402e-11 1.83525e-10 -2.53755e-10 2.68477e-10 -2.2806e-10 1.56477e-10 -8.68708e-11 4.46075e-11 -3.66837e-11 5.19181e-11 -7.02409e-11 7.49437e-11 -6.10781e-11 3.61497e-11 -1.38299e-11 5.00936e-12 -1.13694e-11 2.46743e-11 -3.15704e-11 2.08011e-11 1.11571e-11 -5.87415e-11 1.10412e-10 -1.54113e-10 1.82085e-10 -1.92798e-10 1.8958e-10 -1.77282e-10 1.591e-10 -1.3526e-10 1.03968e-10 -6.37496e-11 1.56146e-11 3.62104e-11 -8.53578e-11 1.25545e-10 -1.52763e-10 1.66371e-10 -1.68705e-10 1.63593e-10 -1.54621e-10 1.4399e-10 -1.3234e-10 1.19384e-10 -1.04784e-10 8.87269e-11 -7.19131e-11 5.50692e-11 -3.83776e-11 2.12175e-11 -2.40811e-12 -1.91542e-11 4.3789e-11 -7.06021e-11 9.75298e-11 -1.21816e-10 1.40697e-10 -1.52018e-10 1.5458e-10 -1.48187e-10 1.33478e-10 -1.11711e-10 8.45979e-11 -5.42179e-11 2.29382e-11 6.73398e-12 -3.24189e-11 5.22157e-11 -6.50387e-11 7.08227e-11 -7.05166e-11 6.58602e-11 -5.90074e-11 5.21008e-11 -4.68972e-11 4.45097e-11 -4.52831e-11 4.87898e-11 -5.39199e-11 5.90467e-11 -6.2258e-11 6.16445e-11 -5.56261e-11 4.32736e-11 -2.45687e-11 5.43088e-13 2.67465e-11 -5.44164e-11 7.9104e-11 -9.74097e-11 1.06367e-10 -1.03869e-10 8.90021e-11 -6.22363e-11 2.54624e-11 1.8141e-11 -6.43964e-11 1.08549e-10 -1.45781e-10 1.71757e-10 -1.83139e-10 1.78004e-10 -1.56103e-10 1.1893e-10 -6.95876e-11 1.24672e-11 4.72151e-11 -1.03974e-10 1.52635e-10 -1.88869e-10 2.09633e-10 -2.13456e-10 2.00551e-10 -1.7274e-10 1.33199e-10 -8.60697e-11 3.59695e-11 1.25238e-11 -5.53594e-11 8.94118e-11 -1.12749e-10 1.24742e-10 -1.2602e-10 1.18271e-10 -1.03938e-10 8.58439e-11 -6.67975e-11 4.92377e-11 -3.49509e-11 2.49007e-11 -1.91819e-11 1.71015e-11 -1.73656e-11 1.83435e-11 -1.83664e-11 1.60171e-11 -1.03696e-11 1.1457e-12 1.1232e-11 -2.56956e-11 4.06855e-11 -5.43794e-11 6.49624e-11 -7.08995e-11 7.11718e-11 -6.54423e-11 5.41287e-11 -3.83709e-11 1.98986e-11 -8.14913e-13 -1.66736e-11 3.05444e-11 -3.92256e-11 4.18054e-11 -3.81553e-11 2.89509e-11 -1.55874e-11 0. 
0.000115423 0.00010784 0.000100287 9.27909e-05 8.53862e-05 7.80952e-05 7.09578e-05 6.39873e-05 5.72367e-05 5.07018e-05 4.44541e-05 3.84768e-05 3.28324e-05 2.7552e-05 2.25994e-05 1.81346e-05 1.403e-05 1.03946e-05 7.33309e-06 4.69512e-06 2.55763e-06 1.0998e-06 3.78535e-07 9.17109e-08 1.84701e-08 5.24247e-09 -5.55748e-09 5.88538e-09 -5.68639e-09 2.77742e-09 -1.00492e-09 -1.91941e-09 2.75359e-09 -4.05876e-09 2.99003e-09 -2.18615e-09 -3.24201e-10 1.62723e-09 -3.11383e-09 2.5065e-09 -1.56976e-09 -6.21286e-10 2.01133e-09 -2.99128e-09 2.50516e-09 -1.25231e-09 -4.34305e-10 1.74293e-09 -2.22469e-09 1.76841e-09 -6.81206e-10 -4.96974e-10 1.24076e-09 -1.27365e-09 6.74964e-10 1.88496e-10 -8.64474e-10 1.03988e-09 -6.74621e-10 -9.47476e-12 6.61528e-10 -9.78963e-10 8.42393e-10 -3.51024e-10 -2.4661e-10 6.83548e-10 -7.99623e-10 6.02897e-10 -2.4459e-10 -7.14759e-11 1.94324e-10 -9.31149e-11 -1.42583e-10 3.62433e-10 -4.38804e-10 3.29878e-10 -9.28706e-11 -1.54154e-10 2.97321e-10 -2.83184e-10 1.38708e-10 5.11118e-11 -1.91839e-10 2.26761e-10 -1.59002e-10 4.06263e-11 6.14242e-11 -1.02063e-10 7.82741e-11 -2.45415e-11 -1.09178e-11 -5.69624e-12 7.64784e-11 -1.73134e-10 2.54061e-10 -2.86542e-10 2.62046e-10 -1.97636e-10 1.24501e-10 -7.10772e-11 5.00337e-11 -5.51754e-11 6.83821e-11 -7.15018e-11 5.62543e-11 -2.72134e-11 -2.73564e-12 2.0988e-11 -2.2688e-11 1.31468e-11 -4.45232e-12 8.68065e-12 -3.16241e-11 7.02127e-11 -1.14511e-10 1.52713e-10 -1.76263e-10 1.82561e-10 -1.74365e-10 1.56797e-10 -1.33982e-10 1.0719e-10 -7.52261e-11 3.65034e-11 8.67142e-12 -5.69711e-11 1.02689e-10 -1.39724e-10 1.63814e-10 -1.73895e-10 1.72021e-10 -1.62072e-10 1.48021e-10 -1.32609e-10 1.16954e-10 -1.01012e-10 8.44411e-11 -6.72661e-11 5.00084e-11 -3.33032e-11 1.73435e-11 -1.55684e-12 -1.52457e-11 3.42955e-11 -5.61544e-11 8.02166e-11 -1.04656e-10 1.2683e-10 -1.43942e-10 1.53692e-10 -1.54693e-10 1.46587e-10 -1.2992e-10 1.0594e-10 -7.64153e-11 4.35266e-11 -9.78174e-12 -2.21344e-11 4.96238e-11 -7.05337e-11 8.35189e-11 -8.82911e-11 8.56648e-11 -7.73778e-11 6.5738e-11 -5.31929e-11 4.19264e-11 -3.35543e-11 2.89473e-11 -2.81757e-11 3.05528e-11 -3.47604e-11 3.90483e-11 -4.14999e-11 4.03495e-11 -3.43123e-11 2.28719e-11 -6.46492e-12 -1.34853e-11 3.47049e-11 -5.43586e-11 6.94447e-11 -7.72333e-11 7.56805e-11 -6.3762e-11 4.16849e-11 -1.09514e-11 -2.57338e-11 6.47097e-11 -1.01735e-10 1.32462e-10 -1.52945e-10 1.6014e-10 -1.523e-10 1.29244e-10 -9.24347e-11 4.48567e-11 9.27652e-12 -6.49714e-11 1.1699e-10 -1.60414e-10 1.91175e-10 -2.06478e-10 2.05095e-10 -1.87466e-10 1.55624e-10 -1.1294e-10 6.37219e-11 -1.27192e-11 -3.54032e-11 7.65655e-11 -1.07683e-10 1.26944e-10 -1.3392e-10 1.29518e-10 -1.15771e-10 9.55094e-11 -7.19646e-11 4.83411e-11 -2.74267e-11 1.12795e-11 -1.02994e-12 -3.18328e-12 2.14186e-12 2.64282e-12 -9.20815e-12 1.54645e-11 -1.95192e-11 1.9955e-11 -1.60277e-11 7.75826e-12 4.09041e-12 -1.81426e-11 3.26252e-11 -4.56363e-11 5.54268e-11 -6.06568e-11 6.05893e-11 -5.51955e-11 4.5159e-11 -3.17775e-11 1.67794e-11 -2.07931e-12 -1.049e-11 1.9433e-11 -2.37979e-11 2.33056e-11 -1.8383e-11 1.00974e-11 0. 
0.000115423 0.00010784 0.000100286 9.27922e-05 8.53848e-05 7.80962e-05 7.09575e-05 6.39864e-05 5.72392e-05 5.06973e-05 4.44608e-05 3.84679e-05 3.2843e-05 2.75403e-05 2.2611e-05 1.81244e-05 1.40373e-05 1.03914e-05 7.33132e-06 4.70196e-06 2.54657e-06 1.11336e-06 3.65012e-07 1.02389e-07 1.31399e-08 3.92445e-09 1.96314e-09 -5.45125e-09 5.97847e-09 -5.93748e-09 2.9976e-09 -1.08948e-09 -1.88752e-09 2.78459e-09 -4.02317e-09 2.89476e-09 -1.93233e-09 -5.9133e-10 1.85894e-09 -3.07464e-09 2.25204e-09 -1.0799e-09 -1.06804e-09 2.33164e-09 -2.89089e-09 2.12315e-09 -6.53533e-10 -9.56974e-10 1.99805e-09 -2.11776e-09 1.37726e-09 -2.05129e-10 -8.26949e-10 1.2718e-09 -1.0033e-09 2.47264e-10 5.61688e-10 -1.0128e-09 9.15497e-10 -3.66347e-10 -3.2956e-10 8.26701e-10 -9.06411e-10 5.65551e-10 5.65789e-12 -5.33875e-10 7.9975e-10 -7.34051e-10 4.31251e-10 -8.26939e-11 -1.29377e-10 1.2062e-10 6.58472e-11 -2.97241e-10 4.299e-10 -3.84933e-10 1.82808e-10 7.63635e-11 -2.71121e-10 3.21773e-10 -2.25656e-10 4.96955e-11 1.11054e-10 -1.83723e-10 1.50132e-10 -4.72246e-11 -6.05344e-11 1.18868e-10 -1.10664e-10 5.96438e-11 -1.18732e-11 7.64938e-12 -5.97334e-11 1.48611e-10 -2.35266e-10 2.82774e-10 -2.74503e-10 2.19971e-10 -1.46892e-10 8.52685e-11 -5.26882e-11 4.81692e-11 -5.64385e-11 5.88717e-11 -4.43656e-11 1.43979e-11 1.95961e-11 -4.40593e-11 5.14316e-11 -4.40994e-11 3.25053e-11 -2.90598e-11 4.15186e-11 -6.93311e-11 1.04485e-10 -1.35858e-10 1.54434e-10 -1.56662e-10 1.4462e-10 -1.23482e-10 9.80966e-11 -7.06768e-11 4.06427e-11 -6.34774e-12 -3.26007e-11 7.38799e-11 -1.12661e-10 1.43298e-10 -1.61528e-10 1.66028e-10 -1.58632e-10 1.43258e-10 -1.24205e-10 1.04704e-10 -8.63047e-11 6.9181e-11 -5.29339e-11 3.73374e-11 -2.26046e-11 9.12438e-12 3.05281e-12 -1.45787e-11 2.67403e-11 -4.09525e-11 5.80543e-11 -7.77564e-11 9.85012e-11 -1.17789e-10 1.32812e-10 -1.41129e-10 1.41149e-10 -1.32312e-10 1.15021e-10 -9.04514e-11 6.03665e-11 -2.6989e-11 -7.09677e-12 3.9097e-11 -6.62692e-11 8.62848e-11 -9.76123e-11 9.9805e-11 -9.35941e-11 8.0751e-11 -6.37569e-11 4.53704e-11 -2.81957e-11 1.43338e-11 -5.15221e-12 1.17769e-12 -2.09353e-12 6.82649e-12 -1.37158e-11 2.076e-11 -2.59284e-11 2.75024e-11 -2.43948e-11 1.63825e-11 -4.20215e-12 -1.05189e-11 2.54895e-11 -3.80986e-11 4.58196e-11 -4.66099e-11 3.92492e-11 -2.35725e-11 5.70521e-13 2.76576e-11 -5.80962e-11 8.71355e-11 -1.10992e-10 1.2618e-10 -1.29971e-10 1.20784e-10 -9.84467e-11 6.4287e-11 -2.10389e-11 -2.74267e-11 7.65158e-11 -1.21416e-10 1.57632e-10 -1.81492e-10 1.90557e-10 -1.83894e-10 1.62178e-10 -1.27612e-10 8.36667e-11 -3.46885e-11 -1.45975e-11 5.96128e-11 -9.64232e-11 1.22147e-10 -1.35229e-10 1.35547e-10 -1.24347e-10 1.04029e-10 -7.77919e-11 4.92195e-11 -2.18264e-11 -1.35397e-12 1.8104e-11 -2.72365e-11 2.86681e-11 -2.33489e-11 1.30642e-11 -1.38465e-13 -1.29138e-11 2.37428e-11 -3.04769e-11 3.19546e-11 -2.7848e-11 1.86671e-11 -5.64758e-12 -9.45497e-12 2.46349e-11 -3.79294e-11 4.7693e-11 -5.28177e-11 5.28681e-11 -4.81164e-11 3.94751e-11 -2.83401e-11 1.63693e-11 -5.22995e-12 -3.64806e-12 9.27688e-12 -1.12448e-11 9.7612e-12 -5.60714e-12 0. 
0.000115423 0.000107839 0.000100288 9.27883e-05 8.53897e-05 7.80906e-05 7.09635e-05 6.39806e-05 5.72441e-05 5.06941e-05 4.44616e-05 3.84702e-05 3.28373e-05 2.75494e-05 2.25992e-05 1.81379e-05 1.40239e-05 1.04028e-05 7.32377e-06 4.70421e-06 2.55026e-06 1.10421e-06 3.7805e-07 8.80873e-08 2.55697e-08 -3.55579e-09 2.50931e-09 1.01474e-09 -5.1698e-09 6.01009e-09 -6.01406e-09 3.0244e-09 -1.00184e-09 -1.97851e-09 2.87002e-09 -3.95114e-09 2.69608e-09 -1.55289e-09 -9.47476e-10 2.11831e-09 -2.98614e-09 1.8917e-09 -4.89567e-10 -1.51841e-09 2.56203e-09 -2.65618e-09 1.58985e-09 1.64018e-12 -1.43979e-09 2.12734e-09 -1.86877e-09 8.984e-10 2.58799e-10 -1.05174e-09 1.16184e-09 -6.33652e-10 -1.83139e-10 8.3831e-10 -1.01412e-09 6.65904e-10 -1.21376e-11 -6.01379e-10 8.81865e-10 -7.23223e-10 2.3565e-10 3.30777e-10 -7.203e-10 7.93089e-10 -5.76913e-10 2.31446e-10 4.77231e-11 -1.31043e-10 1.14398e-11 2.07918e-10 -3.80556e-10 3.98255e-10 -2.44036e-10 -7.47344e-12 2.36888e-10 -3.45002e-10 3.00516e-10 -1.47964e-10 -2.35993e-11 1.30425e-10 -1.34578e-10 5.5581e-11 4.89254e-11 -1.19333e-10 1.25947e-10 -8.05365e-11 2.4181e-11 -9.17581e-13 3.29042e-11 -1.10058e-10 1.97913e-10 -2.57445e-10 2.6511e-10 -2.22712e-10 1.53285e-10 -8.69178e-11 4.51474e-11 -3.21201e-11 3.6075e-11 -3.88299e-11 2.70767e-11 7.81182e-13 -3.52791e-11 6.26408e-11 -7.31591e-11 6.64389e-11 -5.10188e-11 3.91956e-11 -4.0329e-11 5.63022e-11 -8.12313e-11 1.05039e-10 -1.1857e-10 1.1746e-10 -1.03031e-10 8.02906e-11 -5.45808e-11 2.89153e-11 -3.29825e-12 -2.39354e-11 5.38545e-11 -8.52017e-11 1.14188e-10 -1.35848e-10 1.46135e-10 -1.43618e-10 1.29967e-10 -1.09105e-10 8.5585e-11 -6.30473e-11 4.34196e-11 -2.70432e-11 1.34134e-11 -1.97582e-12 -7.47596e-12 1.49347e-11 -2.06291e-11 2.54047e-11 -3.0726e-11 3.82361e-11 -4.90727e-11 6.32756e-11 -7.95686e-11 9.56104e-11 -1.08592e-10 1.15929e-10 -1.158e-10 1.07405e-10 -9.09437e-11 6.74583e-11 -3.86404e-11 6.69125e-12 2.57914e-11 -5.59686e-11 8.10194e-11 -9.85046e-11 1.06766e-10 -1.05249e-10 9.4633e-11 -7.67392e-11 5.42212e-11 -3.01325e-11 7.47107e-12 1.12132e-11 -2.40988e-11 3.0252e-11 -2.96738e-11 2.32507e-11 -1.2613e-11 -9.52901e-14 1.25248e-11 -2.24762e-11 2.82514e-11 -2.89372e-11 2.45637e-11 -1.61032e-11 5.30848e-12 5.57872e-12 -1.41967e-11 1.84486e-11 -1.68468e-11 8.77046e-12 5.39349e-12 -2.42449e-11 4.55028e-11 -6.62661e-11 8.3375e-11 -9.38332e-11 9.52333e-11 -8.61278e-11 6.62886e-11 -3.68145e-11 6.57819e-14 4.05677e-11 -8.10373e-11 1.17098e-10 -1.44805e-10 1.60982e-10 -1.63609e-10 1.52073e-10 -1.27265e-10 9.14896e-11 -4.8222e-11 1.7138e-12 4.34846e-11 -8.30378e-11 1.13308e-10 -1.3175e-10 1.3717e-10 -1.29817e-10 1.11312e-10 -8.44042e-11 5.26159e-11 -1.9801e-11 -1.03167e-11 3.45722e-11 -5.07027e-11 5.75691e-11 -5.52293e-11 4.48628e-11 -2.85599e-11 9.00873e-12 1.08777e-11 -2.83422e-11 4.11244e-11 -4.77197e-11 4.75263e-11 -4.08672e-11 2.88903e-11 -1.33656e-11 -3.58819e-12 1.98078e-11 -3.33781e-11 4.28733e-11 -4.75175e-11 4.72445e-11 -4.26541e-11 3.48765e-11 -2.53669e-11 1.56637e-11 -7.14819e-12 8.39485e-13 2.74442e-12 -3.6411e-12 2.40739e-12 0. 
0.000115423 0.00010784 0.000100285 9.27927e-05 8.53838e-05 7.80982e-05 7.09543e-05 6.39911e-05 5.72329e-05 5.07053e-05 4.44514e-05 3.84782e-05 3.28328e-05 2.75495e-05 2.2604e-05 1.81283e-05 1.40372e-05 1.03877e-05 7.33832e-06 4.6929e-06 2.55618e-06 1.1049e-06 3.70885e-07 1.00248e-07 1.11141e-08 9.83065e-09 -6.33248e-09 2.79038e-09 6.27696e-10 -5.01521e-09 5.98556e-09 -5.91016e-09 2.86191e-09 -7.62364e-10 -2.16976e-09 2.99504e-09 -3.83228e-09 2.37873e-09 -1.03583e-09 -1.37236e-09 2.34452e-09 -2.79365e-09 1.42263e-09 1.7152e-10 -1.93194e-09 2.64042e-09 -2.2609e-09 9.30876e-10 6.59002e-10 -1.81351e-09 2.08591e-09 -1.47266e-09 3.66627e-10 6.58798e-10 -1.13535e-09 9.14932e-10 -2.09589e-10 -5.5342e-10 9.69874e-10 -8.57516e-10 3.20038e-10 3.37686e-10 -7.81803e-10 8.14683e-10 -4.54783e-10 -9.66524e-11 5.72987e-10 -7.77423e-10 6.68459e-10 -3.59134e-10 4.02278e-11 1.25647e-10 -8.2462e-11 -1.04727e-10 2.99153e-10 -3.73012e-10 2.74453e-10 -4.78133e-11 -1.98293e-10 3.52874e-10 -3.59094e-10 2.36814e-10 -6.34317e-11 -7.20704e-11 1.14832e-10 -6.60528e-11 -2.69899e-11 1.0328e-10 -1.228e-10 8.50809e-11 -2.39687e-11 -1.54972e-11 3.49811e-12 5.93239e-11 -1.44551e-10 2.13067e-10 -2.35866e-10 2.07297e-10 -1.44857e-10 7.73633e-11 -2.92019e-11 9.29645e-12 -9.81861e-12 1.38375e-11 -6.51971e-12 -1.66246e-11 4.84645e-11 -7.56679e-11 8.69791e-11 -7.9479e-11 5.96563e-11 -3.92988e-11 2.89766e-11 -3.28244e-11 4.71785e-11 -6.32815e-11 7.21281e-11 -6.86893e-11 5.34835e-11 -3.11483e-11 7.28173e-12 1.44736e-11 -3.35867e-11 5.1711e-11 -7.05458e-11 8.99101e-11 -1.07153e-10 1.18154e-10 -1.19255e-10 1.09042e-10 -8.90543e-11 6.31783e-11 -3.61322e-11 1.18706e-11 7.37809e-12 -2.11548e-11 3.01153e-11 -3.52e-11 3.71184e-11 -3.63488e-11 3.35064e-11 -2.97204e-11 2.6691e-11 -2.63148e-11 3.00301e-11 -3.81986e-11 4.98201e-11 -6.27105e-11 7.40584e-11 -8.11262e-11 8.18402e-11 -7.51147e-11 6.08964e-11 -4.00308e-11 1.40783e-11 1.48396e-11 -4.41666e-11 7.10723e-11 -9.27083e-11 1.06574e-10 -1.10926e-10 1.05129e-10 -8.98253e-11 6.68791e-11 -3.90938e-11 9.7817e-12 1.77112e-11 -4.04366e-11 5.6172e-11 -6.36284e-11 6.25416e-11 -5.36569e-11 3.86138e-11 -1.97302e-11 -3.03992e-13 1.87968e-11 -3.34373e-11 4.26282e-11 -4.57061e-11 4.30081e-11 -3.57741e-11 2.59083e-11 -1.56453e-11 7.18001e-12 -2.31641e-12 2.18333e-12 -7.0506e-12 1.62674e-11 -2.83313e-11 4.10826e-11 -5.2004e-11 5.85897e-11 -5.87328e-11 5.10764e-11 -3.52731e-11 1.21093e-11 1.65261e-11 -4.78298e-11 7.84045e-11 -1.0467e-10 1.2331e-10 -1.317e-10 1.28263e-10 -1.12697e-10 8.60607e-11 -5.06873e-11 9.94775e-12 3.21231e-11 -7.12831e-11 1.03571e-10 -1.25765e-10 1.35751e-10 -1.32762e-10 1.17452e-10 -9.18011e-11 5.88696e-11 -2.24236e-11 -1.35109e-11 4.5116e-11 -6.92121e-11 8.36024e-11 -8.72886e-11 8.05379e-11 -6.47966e-11 4.24648e-11 -1.65663e-11 -9.64345e-12 3.30777e-11 -5.11794e-11 6.21969e-11 -6.53458e-11 6.084e-11 -4.97959e-11 3.40291e-11 -1.57737e-11 -2.63294e-12 1.90577e-11 -3.18305e-11 3.99224e-11 -4.30233e-11 4.1514e-11 -3.63432e-11 2.88317e-11 -2.04364e-11 1.25114e-11 -6.10179e-12 1.80007e-12 3.15546e-13 -6.53577e-13 0. 
0.000115423 0.00010784 0.000100286 9.27912e-05 8.53863e-05 7.80941e-05 7.09605e-05 6.39825e-05 5.7244e-05 5.06918e-05 4.44666e-05 3.84623e-05 3.28478e-05 2.75373e-05 2.26116e-05 1.81268e-05 1.40321e-05 1.03988e-05 7.32301e-06 4.70945e-06 2.54183e-06 1.11403e-06 3.68922e-07 9.48334e-08 2.24426e-08 -4.5237e-09 7.46661e-09 -6.69809e-09 2.90221e-09 6.45289e-10 -5.05989e-09 5.92245e-09 -5.62122e-09 2.4998e-09 -3.7219e-10 -2.43183e-09 3.10756e-09 -3.62448e-09 1.93748e-09 -4.06737e-10 -1.82793e-09 2.48629e-09 -2.44391e-09 8.41636e-10 8.45426e-10 -2.25162e-09 2.52114e-09 -1.70015e-09 1.99882e-10 1.24464e-09 -2.0116e-09 1.84805e-09 -9.52782e-10 -1.61279e-10 9.39527e-10 -1.05827e-09 5.60676e-10 2.05925e-10 -8.01596e-10 9.27807e-10 -5.60702e-10 -7.02011e-11 6.26181e-10 -8.39013e-10 6.34224e-10 -1.45166e-10 -3.75676e-10 6.93016e-10 -7.00331e-10 4.5449e-10 -1.2495e-10 -1.06939e-10 1.41736e-10 -1.87641e-12 -1.96284e-10 3.15947e-10 -2.75593e-10 8.72985e-11 1.58196e-10 -3.46035e-10 3.98556e-10 -3.10626e-10 1.43643e-10 1.37001e-11 -9.3359e-11 7.86043e-11 -3.79947e-12 -7.23149e-11 1.02121e-10 -7.3445e-11 1.1319e-11 4.07458e-11 -4.72919e-11 6.79726e-14 7.95469e-11 -1.54146e-10 1.90841e-10 -1.77146e-10 1.24523e-10 -5.93516e-11 7.72048e-12 1.72285e-11 -1.92074e-11 1.32238e-11 -1.49443e-11 3.14398e-11 -5.81183e-11 8.26552e-11 -9.28453e-11 8.35826e-11 -5.92625e-11 3.08287e-11 -9.65577e-12 1.86747e-12 -6.00411e-12 1.48138e-11 -1.96851e-11 1.50744e-11 -6.72179e-13 -1.94262e-11 3.96001e-11 -5.57615e-11 6.69265e-11 -7.47083e-11 8.13658e-11 -8.77532e-11 9.23889e-11 -9.20921e-11 8.3714e-11 -6.59396e-11 4.01973e-11 -1.02781e-11 -1.90361e-11 4.35834e-11 -6.09181e-11 7.0515e-11 -7.32124e-11 7.03689e-11 -6.32439e-11 5.28658e-11 -4.0305e-11 2.70297e-11 -1.50053e-11 6.3816e-12 -2.87678e-12 5.14591e-12 -1.24399e-11 2.27159e-11 -3.31498e-11 4.08381e-11 -4.34321e-11 3.95276e-11 -2.87706e-11 1.17606e-11 1.01241e-11 -3.48883e-11 6.00585e-11 -8.28496e-11 1.0042e-10 -1.10236e-10 1.10489e-10 -1.0047e-10 8.07757e-11 -5.32866e-11 2.09128e-11 1.28289e-11 -4.43055e-11 7.02321e-11 -8.80434e-11 9.61464e-11 -9.40526e-11 8.23957e-11 -6.28405e-11 3.78805e-11 -1.05335e-11 -1.60413e-11 3.89558e-11 -5.59712e-11 6.57764e-11 -6.81185e-11 6.3767e-11 -5.43263e-11 4.19371e-11 -2.89196e-11 1.74161e-11 -9.07984e-12 4.84747e-12 -4.8214e-12 8.27424e-12 -1.37767e-11 1.9434e-11 -2.32015e-11 2.32338e-11 -1.82163e-11 7.62423e-12 8.13165e-12 -2.77011e-11 4.89333e-11 -6.91418e-11 8.54584e-11 -9.52266e-11 9.63838e-11 -8.77779e-11 6.93775e-11 -4.23442e-11 8.95387e-12 2.7628e-11 -6.36927e-11 9.54147e-11 -1.19306e-10 1.32639e-10 -1.33788e-10 1.22434e-10 -9.96234e-11 6.76553e-11 -2.98235e-11 -9.9598e-12 4.76109e-11 -7.93374e-11 1.02061e-10 -1.1375e-10 1.13625e-10 -1.02207e-10 8.12235e-11 -5.33606e-11 2.19228e-11 9.57407e-12 -3.78158e-11 6.00606e-11 -7.44225e-11 8.00366e-11 -7.70919e-11 6.67321e-11 -5.08459e-11 3.17785e-11 -1.20051e-11 -6.18771e-12 2.09725e-11 -3.11696e-11 3.63338e-11 -3.67334e-11 3.32314e-11 -2.70915e-11 1.97419e-11 -1.25348e-11 6.53605e-12 -2.37784e-12 1.93057e-13 3.61586e-13 0. 
0.000115423 0.000107839 0.000100289 9.27877e-05 8.53904e-05 7.80903e-05 7.09632e-05 6.39819e-05 5.72416e-05 5.0698e-05 4.44561e-05 3.8477e-05 3.28298e-05 2.75568e-05 2.2593e-05 1.81417e-05 1.40235e-05 1.03995e-05 7.33044e-06 4.69547e-06 2.55919e-06 1.09747e-06 3.80686e-07 9.06616e-08 1.84021e-08 6.19603e-09 -6.74612e-09 7.17769e-09 -6.6247e-09 2.67888e-09 1.01471e-09 -5.26141e-09 5.79997e-09 -5.16389e-09 1.96528e-09 1.50834e-10 -2.74391e-09 3.16422e-09 -3.27328e-09 1.35371e-09 2.86527e-10 -2.2354e-09 2.49003e-09 -1.91511e-09 1.62593e-10 1.45888e-09 -2.40925e-09 2.18213e-09 -1.00258e-09 -5.24461e-10 1.67648e-09 -1.98432e-09 1.41972e-09 -3.64283e-10 -6.137e-10 1.05522e-09 -8.27526e-10 1.54205e-10 5.42007e-10 -8.80861e-10 7.13948e-10 -1.71386e-10 -4.37863e-10 8.02138e-10 -7.62362e-10 3.7297e-10 1.49725e-10 -5.52678e-10 6.74316e-10 -5.1152e-10 1.99049e-10 7.7865e-11 -1.85172e-10 1.02101e-10 8.35164e-11 -2.36259e-10 2.51977e-10 -1.11148e-10 -1.18466e-10 3.25598e-10 -4.17472e-10 3.65385e-10 -2.11869e-10 4.03394e-11 7.22289e-11 -9.26843e-11 4.09762e-11 2.96236e-11 -6.68332e-11 4.79622e-11 1.16649e-11 -7.22449e-11 9.48171e-11 -6.32269e-11 -8.6783e-12 8.67065e-11 -1.35695e-10 1.37211e-10 -9.6532e-11 3.66686e-11 1.56992e-11 -4.39181e-11 4.76139e-11 -3.93551e-11 3.49751e-11 -4.3718e-11 6.35861e-11 -8.37079e-11 9.14921e-11 -8.00321e-11 5.16724e-11 -1.62435e-11 -1.44773e-11 3.26989e-11 -3.77883e-11 3.53963e-11 -3.3549e-11 3.81614e-11 -5.03685e-11 6.67587e-11 -8.19014e-11 9.14433e-11 -9.40264e-11 9.11913e-11 -8.56602e-11 7.92297e-11 -7.15498e-11 6.0407e-11 -4.32207e-11 1.88203e-11 1.14867e-11 -4.40717e-11 7.41977e-11 -9.7608e-11 1.11724e-10 -1.15999e-10 1.11468e-10 -9.99074e-11 8.31334e-11 -6.27429e-11 4.02855e-11 -1.7585e-11 -3.13278e-12 1.94918e-11 -2.9539e-11 3.23747e-11 -2.85384e-11 1.99596e-11 -9.49144e-12 2.15245e-13 5.23013e-12 -5.09863e-12 -1.2962e-12 1.36371e-11 -3.07626e-11 5.08344e-11 -7.14868e-11 8.99986e-11 -1.03549e-10 1.09579e-10 -1.06214e-10 9.266e-11 -6.94366e-11 3.83966e-11 -2.49692e-12 -3.46105e-11 6.90786e-11 -9.73549e-11 1.16592e-10 -1.24939e-10 1.21714e-10 -1.07451e-10 8.38301e-11 -5.34938e-11 1.97409e-11 1.38635e-11 -4.39257e-11 6.76417e-11 -8.31273e-11 8.9607e-11 -8.74355e-11 7.79587e-11 -6.32476e-11 4.57566e-11 -2.79593e-11 1.20123e-11 5.13284e-13 -8.80366e-12 1.28597e-11 -1.34331e-11 1.18506e-11 -9.75046e-12 8.76923e-12 -1.02295e-11 1.48782e-11 -2.27207e-11 3.29777e-11 -4.41739e-11 5.43454e-11 -6.13335e-11 6.31237e-11 -5.81794e-11 4.57242e-11 -2.59297e-11 -1.84091e-14 2.99906e-11 -6.11174e-11 9.01043e-11 -1.13621e-10 1.28712e-10 -1.33186e-10 1.25913e-10 -1.07006e-10 7.78545e-11 -4.09996e-11 -1.29671e-13 4.15898e-11 -7.93607e-11 1.09794e-10 -1.30019e-10 1.38255e-10 -1.33995e-10 1.18041e-10 -9.23851e-11 5.99538e-11 -2.42537e-11 -1.10417e-11 4.25096e-11 -6.73484e-11 8.36588e-11 -9.06032e-11 8.84303e-11 -7.83676e-11 6.24006e-11 -4.29748e-11 2.26601e-11 -3.82457e-12 -1.16412e-11 2.25158e-11 -2.83333e-11 2.9361e-11 -2.64753e-11 2.0963e-11 -1.4279e-11 7.79895e-12 -2.60503e-12 -6.6505e-13 1.88511e-12 -1.41649e-12 0. 
0.000115423 0.000107841 0.000100284 9.27948e-05 8.53811e-05 7.81013e-05 7.09511e-05 6.39941e-05 5.72307e-05 5.0706e-05 4.44527e-05 3.84744e-05 3.28391e-05 2.75412e-05 2.26134e-05 1.81194e-05 1.4044e-05 1.03845e-05 7.33702e-06 4.69857e-06 2.54745e-06 1.11466e-06 3.62804e-07 1.04314e-07 1.26386e-08 3.04323e-09 3.64412e-09 -6.92864e-09 7.08736e-09 -6.32447e-09 2.10514e-09 1.67531e-09 -5.52196e-09 5.55073e-09 -4.52721e-09 1.2889e-09 7.52082e-10 -3.04687e-09 3.12058e-09 -2.75443e-09 6.30547e-10 9.90135e-10 -2.5001e-09 2.29459e-09 -1.22191e-09 -5.63139e-10 1.93111e-09 -2.34443e-09 1.63353e-09 -2.33937e-10 -1.14716e-09 1.88134e-09 -1.71442e-09 8.46625e-10 2.10727e-10 -9.1884e-10 9.84676e-10 -4.82113e-10 -2.31091e-10 7.35026e-10 -7.7351e-10 3.65516e-10 2.39027e-10 -7.14622e-10 8.33559e-10 -5.68527e-10 8.27112e-11 3.73832e-10 -5.98399e-10 5.29541e-10 -2.57944e-10 -4.11896e-11 2.10032e-10 -1.87513e-10 2.77892e-11 1.44364e-10 -2.10197e-10 1.21461e-10 8.00263e-11 -2.9302e-10 4.15778e-10 -3.98846e-10 2.64521e-10 -8.67758e-11 -5.28681e-11 1.07203e-10 -8.12873e-11 2.03838e-11 2.14662e-11 -1.27271e-11 -4.12298e-11 1.06047e-10 -1.41355e-10 1.24401e-10 -6.14656e-11 -1.76404e-11 7.70116e-11 -9.33452e-11 6.58986e-11 -1.36399e-11 -3.71771e-11 6.7177e-11 -7.21098e-11 6.17506e-11 -5.14918e-11 5.22813e-11 -6.46389e-11 7.94651e-11 -8.4286e-11 7.07994e-11 -3.94111e-11 -1.36446e-12 3.9728e-11 -6.65816e-11 7.93902e-11 -8.21909e-11 8.2289e-11 -8.58387e-11 9.47756e-11 -1.06477e-10 1.15884e-10 -1.18544e-10 1.12798e-10 -1.00073e-10 8.34352e-11 -6.5483e-11 4.68978e-11 -2.63929e-11 1.95719e-12 2.74314e-11 -6.06166e-11 9.421e-11 -1.23629e-10 1.44632e-10 -1.54586e-10 1.52956e-10 -1.40963e-10 1.2077e-10 -9.47121e-11 6.49271e-11 -3.34217e-11 2.35027e-12 2.58381e-11 -4.85959e-11 6.38004e-11 -7.03732e-11 6.86979e-11 -6.06259e-11 4.90574e-11 -3.72579e-11 2.8161e-11 -2.38629e-11 2.53967e-11 -3.2745e-11 4.49807e-11 -6.04354e-11 7.6858e-11 -9.15933e-11 1.01837e-10 -1.04993e-10 9.91058e-11 -8.32616e-11 5.78618e-11 -2.46705e-11 -1.33801e-11 5.25832e-11 -8.89577e-11 1.18758e-10 -1.38913e-10 1.47357e-10 -1.43232e-10 1.26967e-10 -1.00228e-10 6.57499e-11 -2.70368e-11 -1.20329e-11 4.76628e-11 -7.65883e-11 9.64508e-11 -1.06037e-10 1.05352e-10 -9.55244e-11 7.85706e-11 -5.70681e-11 3.37869e-11 -1.13315e-11 -8.16461e-12 2.32594e-11 -3.33157e-11 3.84961e-11 -3.9643e-11 3.80617e-11 -3.52416e-11 3.25592e-11 -3.10141e-11 3.10408e-11 -3.24278e-11 3.43559e-11 -3.55488e-11 3.45085e-11 -2.98008e-11 2.03433e-11 -5.65424e-12 -1.39769e-11 3.74264e-11 -6.27945e-11 8.75828e-11 -1.08973e-10 1.24173e-10 -1.30786e-10 1.27149e-10 -1.12601e-10 8.76299e-11 -5.3888e-11 1.4057e-11 2.84144e-11 -6.96735e-11 1.05884e-10 -1.33653e-10 1.50407e-10 -1.54681e-10 1.46277e-10 -1.26274e-10 9.68946e-11 -6.12382e-11 2.29181e-11 1.43507e-11 -4.71638e-11 7.27891e-11 -8.94352e-11 9.63964e-11 -9.40619e-11 8.3793e-11 -6.76898e-11 4.82823e-11 -2.81881e-11 9.78282e-12 5.07429e-12 -1.5227e-11 2.03006e-11 -2.06682e-11 1.73153e-11 -1.16283e-11 5.14052e-12 7.23594e-13 -4.86928e-12 6.68487e-12 -6.10728e-12 3.59271e-12 0. 
0.000115423 0.000107839 0.000100287 9.27891e-05 8.53894e-05 7.80899e-05 7.09657e-05 6.39764e-05 5.72506e-05 5.06854e-05 4.44719e-05 3.84594e-05 3.28474e-05 2.75416e-05 2.26036e-05 1.81375e-05 1.40207e-05 1.04086e-05 7.31719e-06 4.71004e-06 2.54667e-06 1.10521e-06 3.79359e-07 8.58503e-08 2.73352e-08 -3.49572e-09 7.73784e-10 3.43404e-09 -6.95559e-09 6.95863e-09 -5.77678e-09 1.2039e-09 2.51863e-09 -5.73496e-09 5.13254e-09 -3.71212e-09 4.88848e-10 1.3823e-09 -3.2574e-09 2.90653e-09 -2.06406e-09 -1.74379e-10 1.62575e-09 -2.54299e-09 1.85684e-09 -4.1286e-10 -1.24509e-09 2.18271e-09 -2.02641e-09 9.25422e-10 5.09244e-10 -1.57281e-09 1.81472e-09 -1.22985e-09 2.1332e-10 6.77902e-10 -1.02424e-09 7.43156e-10 -9.03138e-11 -5.1823e-10 7.45617e-10 -5.0017e-10 -4.84113e-11 5.89421e-10 -8.47483e-10 7.18305e-10 -3.00992e-10 -1.76016e-10 4.85029e-10 -5.12476e-10 2.99977e-10 -8.68168e-13 -2.14878e-10 2.51554e-10 -1.27504e-10 -5.0687e-11 1.57876e-10 -1.21641e-10 -4.30446e-11 2.50035e-10 -3.94665e-10 4.10535e-10 -2.99724e-10 1.23603e-10 3.59502e-11 -1.20615e-10 1.21005e-10 -7.25711e-11 2.84362e-11 -2.70106e-11 7.25563e-11 -1.3741e-10 1.81719e-10 -1.7763e-10 1.24202e-10 -4.60604e-11 -2.15326e-11 5.15831e-11 -3.77524e-11 -5.43911e-12 5.30413e-11 -8.37728e-11 8.98596e-11 -7.80864e-11 6.28778e-11 -5.6388e-11 6.14688e-11 -7.09871e-11 7.30122e-11 -5.82469e-11 2.53226e-11 1.86997e-11 -6.23457e-11 9.5589e-11 -1.14243e-10 1.20794e-10 -1.21741e-10 1.23363e-10 -1.28352e-10 1.34941e-10 -1.38585e-10 1.34875e-10 -1.21914e-10 1.00967e-10 -7.52973e-11 4.81306e-11 -2.10238e-11 -6.48297e-12 3.58822e-11 -6.80805e-11 1.02122e-10 -1.34939e-10 1.62208e-10 -1.79804e-10 1.85106e-10 -1.77607e-10 1.58679e-10 -1.30806e-10 9.67676e-11 -5.91656e-11 2.03999e-11 1.71074e-11 -5.07512e-11 7.7889e-11 -9.63099e-11 1.04833e-10 -1.03746e-10 9.48584e-11 -8.11325e-11 6.60151e-11 -5.27247e-11 4.36983e-11 -4.03102e-11 4.28414e-11 -5.05984e-11 6.2079e-11 -7.51387e-11 8.71749e-11 -9.53815e-11 9.71045e-11 -9.02717e-11 7.38124e-11 -4.79536e-11 1.43033e-11 2.43108e-11 -6.42118e-11 1.01369e-10 -1.31917e-10 1.52623e-10 -1.61239e-10 1.56742e-10 -1.39434e-10 1.1092e-10 -7.39514e-11 3.21375e-11 1.04467e-11 -4.97283e-11 8.21084e-11 -1.0487e-10 1.1646e-10 -1.16605e-10 1.06254e-10 -8.73753e-11 6.26404e-11 -3.50563e-11 7.58995e-12 1.71677e-11 -3.72632e-11 5.15418e-11 -5.96934e-11 6.21803e-11 -6.00618e-11 5.47437e-11 -4.76953e-11 4.01811e-11 -3.30514e-11 2.66249e-11 -2.06805e-11 1.45536e-11 -7.31861e-12 -1.97628e-12 1.40609e-11 -2.92225e-11 4.71497e-11 -6.68668e-11 8.67752e-11 -1.04802e-10 1.18637e-10 -1.26038e-10 1.25148e-10 -1.14795e-10 9.47196e-11 -6.56996e-11 2.9544e-11 1.10413e-11 -5.27104e-11 9.18223e-11 -1.24836e-10 1.48707e-10 -1.61232e-10 1.61302e-10 -1.49039e-10 1.25776e-10 -9.39129e-11 5.66381e-11 -1.75672e-11 -1.96629e-11 5.17926e-11 -7.62832e-11 9.15641e-11 -9.71561e-11 9.36583e-11 -8.2607e-11 6.62272e-11 -4.71134e-11 2.78831e-11 -1.08491e-11 -2.24821e-12 1.04154e-11 -1.3469e-11 1.19831e-11 -7.13574e-12 4.79302e-13 6.32885e-12 -1.17941e-11 1.48119e-11 -1.48231e-11 1.1875e-11 -6.58291e-12 0. 
0.000115423 0.000107838 0.000100289 9.27875e-05 8.53896e-05 7.80916e-05 7.09603e-05 6.39866e-05 5.72349e-05 5.07067e-05 4.44461e-05 3.8487e-05 3.28216e-05 2.75614e-05 2.25936e-05 1.81355e-05 1.40344e-05 1.03862e-05 7.34305e-06 4.68687e-06 2.56169e-06 1.10162e-06 3.71572e-07 1.01848e-07 8.72765e-09 1.14098e-08 -5.61214e-09 1.84693e-10 3.69725e-09 -7.02963e-09 6.68444e-09 -4.89504e-09 2.92054e-11 3.37721e-09 -5.76602e-09 4.5133e-09 -2.75475e-09 -3.79591e-10 1.98175e-09 -3.3064e-09 2.46422e-09 -1.21248e-09 -9.63623e-10 2.08313e-09 -2.31254e-09 1.18367e-09 4.2728e-10 -1.77082e-09 2.15294e-09 -1.47107e-09 1.485e-10 1.11544e-09 -1.72741e-09 1.47906e-09 -6.07933e-10 -3.69883e-10 9.53659e-10 -9.15523e-10 3.8583e-10 2.62862e-10 -6.46047e-10 5.72655e-10 -1.20284e-10 -4.39904e-10 8.0815e-10 -8.13987e-10 4.87873e-10 -2.14681e-11 -3.49045e-10 4.67624e-10 -3.26025e-10 4.67108e-11 1.99527e-10 -2.89894e-10 2.07543e-10 -3.54204e-11 -1.02652e-10 1.15692e-10 7.23828e-12 -1.9863e-10 3.56407e-10 -4.01601e-10 3.17262e-10 -1.5009e-10 -2.14294e-11 1.31108e-10 -1.56316e-10 1.21649e-10 -7.70054e-11 6.55753e-11 -1.00473e-10 1.61486e-10 -2.10942e-10 2.17451e-10 -1.73508e-10 9.80892e-11 -2.46277e-11 -1.73963e-11 1.66757e-11 1.68704e-11 -6.03028e-11 9.12267e-11 -9.8798e-11 8.67572e-11 -6.81319e-11 5.57875e-11 -5.46399e-11 5.96023e-11 -5.96261e-11 4.47981e-11 -1.21764e-11 -3.27074e-11 7.90061e-11 -1.16142e-10 1.38568e-10 -1.47338e-10 1.48116e-10 -1.47206e-10 1.47993e-10 -1.49596e-10 1.48089e-10 -1.39218e-10 1.20898e-10 -9.41701e-11 6.23397e-11 -2.90523e-11 -3.45557e-12 3.49653e-11 -6.65444e-11 9.90465e-11 -1.31777e-10 1.62068e-10 -1.8595e-10 1.99498e-10 -2.00155e-10 1.87438e-10 -1.62814e-10 1.28991e-10 -8.9079e-11 4.60341e-11 -2.54668e-12 -3.87863e-11 7.52949e-11 -1.04333e-10 1.2369e-10 -1.32162e-10 1.3e-10 -1.19006e-10 1.02205e-10 -8.32138e-11 6.55074e-11 -5.18356e-11 4.38895e-11 -4.22285e-11 4.63755e-11 -5.49777e-11 6.59781e-11 -7.68046e-11 8.46239e-11 -8.6693e-11 8.07889e-11 -6.56375e-11 4.12347e-11 -8.96301e-12 -2.85343e-11 6.76963e-11 -1.04526e-10 1.35115e-10 -1.56119e-10 1.65145e-10 -1.61005e-10 1.43848e-10 -1.15156e-10 7.76068e-11 -3.48031e-11 -9.11619e-12 4.99426e-11 -8.38821e-11 1.07987e-10 -1.20467e-10 1.20843e-10 -1.09922e-10 8.96192e-11 -6.26582e-11 3.22044e-11 -1.47929e-12 -2.65976e-11 4.97023e-11 -6.63053e-11 7.57577e-11 -7.82588e-11 7.47134e-11 -6.65053e-11 5.52246e-11 -4.23945e-11 2.92425e-11 -1.65509e-11 4.60537e-12 6.75483e-12 -1.80023e-11 2.97293e-11 -4.24333e-11 5.63188e-11 -7.11489e-11 8.61734e-11 -1.0015e-10 1.1146e-10 -1.18307e-10 1.18972e-10 -1.1209e-10 9.6907e-11 -7.34737e-11 4.27473e-11 -6.5769e-12 -3.24302e-11 7.11499e-11 -1.06263e-10 1.34618e-10 -1.5359e-10 1.61391e-10 -1.5729e-10 1.41712e-10 -1.16204e-10 8.32754e-11 -4.61124e-11 8.22733e-12 2.69354e-11 -5.63766e-11 7.78606e-11 -9.01338e-11 9.302e-11 -8.73824e-11 7.496e-11 -5.81045e-11 3.94515e-11 -2.15739e-11 6.65864e-12 3.74716e-12 -8.89363e-12 8.86912e-12 -4.52459e-12 -2.70407e-12 1.10475e-11 -1.86899e-11 2.40504e-11 -2.60173e-11 2.41033e-11 -1.85012e-11 1.00324e-11 0. 
0.000115423 0.000107841 0.000100281 9.27955e-05 8.53769e-05 7.81031e-05 7.09479e-05 6.39953e-05 5.72314e-05 5.07024e-05 4.44602e-05 3.84634e-05 3.28524e-05 2.75281e-05 2.26234e-05 1.81152e-05 1.4041e-05 1.03944e-05 7.32275e-06 4.71343e-06 2.53639e-06 1.11888e-06 3.66405e-07 9.47934e-08 2.45786e-08 -7.10212e-09 8.70152e-09 -5.15206e-09 -5.44601e-10 4.20931e-09 -7.13708e-09 6.15956e-09 -3.63252e-09 -1.31788e-09 4.09551e-09 -5.51617e-09 3.66616e-09 -1.68711e-09 -1.2322e-09 2.44872e-09 -3.12856e-09 1.78994e-09 -2.56074e-10 -1.62448e-09 2.25e-09 -1.79439e-09 3.46951e-10 1.18015e-09 -2.03402e-09 1.82263e-09 -7.48413e-10 -5.7676e-10 1.48217e-09 -1.58153e-09 9.34216e-10 3.41787e-11 -7.91773e-10 9.90571e-10 -6.27225e-10 -9.65011e-13 4.96429e-10 -5.88077e-10 2.58895e-10 2.78444e-10 -7.22762e-10 8.52512e-10 -6.30734e-10 2.01609e-10 2.05624e-10 -4.04149e-10 3.38761e-10 -9.52029e-11 -1.6503e-10 3.00613e-10 -2.62424e-10 1.06525e-10 5.12735e-11 -1.07528e-10 2.77938e-11 1.41032e-10 -3.04141e-10 3.74544e-10 -3.18374e-10 1.66637e-10 8.69474e-12 -1.36851e-10 1.83739e-10 -1.62763e-10 1.18756e-10 -9.76207e-11 1.20201e-10 -1.7403e-10 2.24959e-10 -2.39588e-10 2.04723e-10 -1.33538e-10 5.66873e-11 -4.96821e-12 -6.11484e-12 -1.80488e-11 5.70547e-11 -8.81256e-11 9.78638e-11 -8.70375e-11 6.69541e-11 -5.07239e-11 4.50037e-11 -4.67343e-11 4.60019e-11 -3.26207e-11 2.30057e-12 4.09746e-11 -8.72346e-11 1.25707e-10 -1.49799e-10 1.59298e-10 -1.59038e-10 1.5527e-10 -1.51999e-10 1.49224e-10 -1.43703e-10 1.31421e-10 -1.10134e-10 8.05958e-11 -4.59915e-11 1.01646e-11 2.41921e-11 -5.63627e-11 8.71144e-11 -1.17329e-10 1.4664e-10 -1.72851e-10 1.9242e-10 -2.0169e-10 1.98198e-10 -1.81463e-10 1.5297e-10 -1.15531e-10 7.24449e-11 -2.68825e-11 -1.83041e-11 6.04576e-11 -9.69467e-11 1.25218e-10 -1.43151e-10 1.49593e-10 -1.44806e-10 1.30606e-10 -1.10077e-10 8.69699e-11 -6.49749e-11 4.71072e-11 -3.53325e-11 3.04531e-11 -3.21791e-11 3.9282e-11 -4.9768e-11 6.1071e-11 -7.0305e-11 7.46103e-11 -7.15795e-11 5.96947e-11 -3.86687e-11 9.59427e-12 2.51445e-11 -6.21838e-11 9.76414e-11 -1.27635e-10 1.48767e-10 -1.58525e-10 1.55559e-10 -1.39833e-10 1.12644e-10 -7.65042e-11 3.48891e-11 8.13453e-12 -4.83677e-11 8.19651e-11 -1.05877e-10 1.18182e-10 -1.18268e-10 1.06831e-10 -8.57231e-11 5.76669e-11 -2.58965e-11 -6.23262e-12 3.56155e-11 -5.97112e-11 7.67689e-11 -8.59428e-11 8.7289e-11 -8.1648e-11 7.04356e-11 -5.53777e-11 3.82327e-11 -2.05459e-11 3.47205e-12 1.23106e-11 -2.65899e-11 3.95238e-11 -5.14815e-11 6.28563e-11 -7.38809e-11 8.44823e-11 -9.41986e-11 1.02177e-10 -1.07258e-10 1.08131e-10 -1.03548e-10 9.25594e-11 -7.47323e-11 5.03167e-11 -2.03309e-11 -1.34572e-11 4.86552e-11 -8.24671e-11 1.11985e-10 -1.34516e-10 1.47903e-10 -1.50791e-10 1.42816e-10 -1.24676e-10 9.80751e-11 -6.55529e-11 3.02063e-11 4.65533e-12 -3.58805e-11 6.08271e-11 -7.76483e-11 8.54794e-11 -8.45009e-11 7.58727e-11 -6.15492e-11 4.40003e-11 -2.58781e-11 9.66991e-12 2.61281e-12 -9.6731e-12 1.10629e-11 -7.19831e-12 -7.42681e-13 1.10247e-11 -2.16298e-11 3.05639e-11 -3.61512e-11 3.72748e-11 -3.35317e-11 2.52802e-11 -1.35749e-11 0. 
0.000115423 0.000107836 0.000100283 9.27808e-05 8.5385e-05 7.80803e-05 7.09662e-05 6.39681e-05 5.72558e-05 5.06803e-05 4.44741e-05 3.84624e-05 3.28384e-05 2.75558e-05 2.25873e-05 1.81519e-05 1.40121e-05 1.04088e-05 7.32565e-06 4.69547e-06 2.56295e-06 1.0925e-06 3.84637e-07 8.93165e-08 1.72886e-08 9.0456e-09 -9.41822e-09 7.76858e-09 -4.07596e-09 -1.5233e-09 4.86323e-09 -7.12811e-09 5.25868e-09 -2.05427e-09 -2.63695e-09 4.52604e-09 -4.95659e-09 2.62028e-09 -5.57109e-10 -1.98545e-09 2.67261e-09 -2.66251e-09 9.34669e-10 6.83157e-10 -2.0411e-09 2.05576e-09 -1.02974e-09 -5.22552e-10 1.7134e-09 -1.96665e-09 1.23244e-09 2.362e-11 -1.12326e-09 1.5443e-09 -1.16786e-09 2.93412e-10 5.6422e-10 -9.71395e-10 7.96347e-10 -2.39601e-10 -3.20422e-10 5.57019e-10 -3.64331e-10 -1.15571e-10 6.00668e-10 -8.35632e-10 7.22265e-10 -3.51182e-10 -6.84401e-11 3.31546e-10 -3.41734e-10 1.45362e-10 1.13665e-10 -2.84222e-10 2.89544e-10 -1.57674e-10 -8.92286e-12 1.00394e-10 -6.22676e-11 -7.97035e-11 2.41625e-10 -3.32882e-10 3.05428e-10 -1.74509e-10 3.19483e-12 1.36283e-10 -2.00521e-10 1.92024e-10 -1.49225e-10 1.18818e-10 -1.28034e-10 1.72036e-10 -2.21197e-10 2.4151e-10 -2.15098e-10 1.49458e-10 -7.17428e-11 1.2996e-11 7.93707e-12 7.82298e-12 -4.27469e-11 7.43171e-11 -8.71274e-11 7.91508e-11 -5.97587e-11 4.18895e-11 -3.35907e-11 3.3733e-11 -3.37081e-11 2.33593e-11 2.7132e-12 -4.204e-11 8.57192e-11 -1.23109e-10 1.46885e-10 -1.55763e-10 1.5379e-10 -1.47103e-10 1.40244e-10 -1.34057e-10 1.26013e-10 -1.12389e-10 9.08018e-11 -6.16539e-11 2.78495e-11 6.79241e-12 -3.93562e-11 6.88266e-11 -9.58114e-11 1.21312e-10 -1.4535e-10 1.66257e-10 -1.80976e-10 1.86158e-10 -1.79446e-10 1.60322e-10 -1.30197e-10 9.18483e-11 -4.86078e-11 3.70373e-12 3.9993e-11 -7.98881e-11 1.13495e-10 -1.38446e-10 1.52788e-10 -1.55477e-10 1.46826e-10 -1.28667e-10 1.04118e-10 -7.70165e-11 5.1208e-11 -2.99099e-11 1.53051e-11 -8.3928e-12 9.0343e-12 -1.60972e-11 2.76289e-11 -4.10502e-11 5.3405e-11 -6.16983e-11 6.33173e-11 -5.64711e-11 4.055e-11 -1.63053e-11 -1.42022e-11 4.78778e-11 -8.10277e-11 1.09863e-10 -1.30987e-10 1.41798e-10 -1.40788e-10 1.27709e-10 -1.03615e-10 7.07641e-11 -3.23941e-11 -7.63183e-12 4.52646e-11 -7.67453e-11 9.90478e-11 -1.10222e-10 1.09587e-10 -9.77594e-11 7.65117e-11 -4.85107e-11 1.69649e-11 1.47613e-11 -4.35225e-11 6.67164e-11 -8.25232e-11 9.00396e-11 -8.92928e-11 8.11404e-11 -6.70731e-11 4.89544e-11 -2.8739e-11 8.21399e-12 1.11996e-11 -2.85601e-11 4.34242e-11 -5.57802e-11 6.59136e-11 -7.42369e-11 8.11129e-11 -8.67058e-11 9.08845e-11 -9.3196e-11 9.29156e-11 -8.9168e-11 8.11005e-11 -6.80805e-11 4.98849e-11 -2.68452e-11 -7.78584e-14 2.931e-11 -5.87744e-11 8.60868e-11 -1.08814e-10 1.24762e-10 -1.32253e-10 1.3036e-10 -1.19054e-10 9.92518e-11 -7.27486e-11 4.20376e-11 -1.00413e-11 -2.02166e-11 4.59568e-11 -6.49632e-11 7.5835e-11 -7.81373e-11 7.24326e-11 -6.01868e-11 4.35638e-11 -2.51347e-11 7.54002e-12 6.85079e-12 -1.62379e-11 1.96093e-11 -1.68508e-11 8.73326e-12 3.21739e-12 -1.69516e-11 3.01941e-11 -4.07689e-11 4.69051e-11 -4.74839e-11 4.21906e-11 -3.15542e-11 1.68673e-11 0. 
0.000115423 0.000107829 0.000100272 9.27636e-05 8.53659e-05 7.80674e-05 7.09404e-05 6.39752e-05 5.72221e-05 5.07115e-05 4.44365e-05 3.8496e-05 3.28183e-05 2.75562e-05 2.26071e-05 1.81171e-05 1.40525e-05 1.03741e-05 7.34571e-06 4.69442e-06 2.54677e-06 1.11882e-06 3.58132e-07 1.07179e-07 1.27632e-08 6.04364e-10 7.25465e-09 -9.41506e-09 6.66414e-09 -2.65861e-09 -2.70817e-09 5.52525e-09 -6.78109e-09 3.88965e-09 -3.07968e-10 -3.7034e-09 4.54471e-09 -4.08781e-09 1.44873e-09 5.33057e-10 -2.53708e-09 2.5774e-09 -1.89767e-09 -3.30921e-12 1.44196e-09 -2.11351e-09 1.50423e-09 -1.28751e-10 -1.26004e-09 1.91652e-09 -1.56675e-09 4.86621e-10 7.00799e-10 -1.38932e-09 1.29927e-09 -5.8435e-10 -2.99051e-10 8.70261e-10 -8.85431e-10 4.37777e-10 1.40371e-10 -4.92931e-10 4.37476e-10 -4.02963e-11 -4.52411e-10 7.6925e-10 -7.60515e-10 4.61692e-10 -5.17131e-11 -2.58284e-10 3.38464e-10 -1.96007e-10 -4.88899e-11 2.43513e-10 -2.89185e-10 1.86648e-10 -2.12075e-11 -9.64626e-11 9.59904e-11 1.72964e-11 -1.72968e-10 2.80753e-10 -2.81525e-10 1.7551e-10 -1.52395e-11 -1.28377e-10 2.04964e-10 -2.06927e-10 1.65469e-10 -1.26389e-10 1.21855e-10 -1.54208e-10 1.98983e-10 -2.22799e-10 2.04147e-10 -1.45184e-10 6.90878e-11 -6.1966e-12 -2.21878e-11 1.3326e-11 1.82973e-11 -5.09611e-11 6.77953e-11 -6.4238e-11 4.76134e-11 -3.03367e-11 2.14933e-11 -2.17282e-11 2.38372e-11 -1.79507e-11 -2.19815e-12 3.55744e-11 -7.4476e-11 1.08671e-10 -1.30406e-10 1.37534e-10 -1.33386e-10 1.23937e-10 -1.1418e-10 1.05745e-10 -9.68133e-11 8.39856e-11 -6.47511e-11 3.90994e-11 -9.50975e-12 -2.04325e-11 4.78166e-11 -7.15262e-11 9.21528e-11 -1.10903e-10 1.28241e-10 -1.4306e-10 1.52817e-10 -1.54493e-10 1.45828e-10 -1.26213e-10 9.68803e-11 -6.04368e-11 2.00818e-11 2.106e-11 -6.02432e-11 9.50564e-11 -1.23255e-10 1.42733e-10 -1.51765e-10 1.49455e-10 -1.36178e-10 1.1377e-10 -8.53386e-11 5.47459e-11 -2.59139e-11 2.18725e-12 1.41003e-11 -2.18053e-11 2.09522e-11 -1.26011e-11 -1.32271e-12 1.82206e-11 -3.50637e-11 4.87211e-11 -5.63711e-11 5.59404e-11 -4.64763e-11 2.83541e-11 -3.2634e-12 -2.60296e-11 5.60845e-11 -8.32693e-11 1.04238e-10 -1.16337e-10 1.17912e-10 -1.08486e-10 8.88242e-11 -6.086e-11 2.74943e-11 7.72784e-12 -4.10323e-11 6.88717e-11 -8.83574e-11 9.76014e-11 -9.59187e-11 8.38671e-11 -6.31273e-11 3.62543e-11 -6.34081e-12 -2.33582e-11 4.97947e-11 -7.04501e-11 8.35779e-11 -8.83433e-11 8.48461e-11 -7.40286e-11 5.74855e-11 -3.72062e-11 1.52906e-11 6.31817e-12 -2.60468e-11 4.28227e-11 -5.61136e-11 6.58785e-11 -7.24485e-11 7.63649e-11 -7.82037e-11 7.84183e-11 -7.72266e-11 7.45597e-11 -7.00826e-11 6.32814e-11 -5.36034e-11 4.06251e-11 -2.42177e-11 4.67903e-12 1.71955e-11 -4.01201e-11 6.24094e-11 -8.21456e-11 9.74009e-11 -1.06486e-10 1.08188e-10 -1.01968e-10 8.80805e-11 -6.75968e-11 4.23294e-11 -1.46518e-11 -1.27582e-11 3.72251e-11 -5.63926e-11 6.85079e-11 -7.26382e-11 6.87865e-11 -5.78913e-11 4.17082e-11 -2.25867e-11 3.17088e-12 1.39381e-11 -2.65137e-11 3.29871e-11 -3.26431e-11 2.57052e-11 -1.32956e-11 -2.7217e-12 1.99967e-11 -3.6012e-11 4.84232e-11 -5.53744e-11 5.57487e-11 -4.93169e-11 3.67685e-11 -1.96179e-11 0. 
0.000115423 0.000107817 0.000100236 9.27352e-05 8.53066e-05 7.80352e-05 7.08812e-05 6.3948e-05 5.71924e-05 5.06825e-05 4.44566e-05 3.84526e-05 3.28676e-05 2.75178e-05 2.26231e-05 1.81274e-05 1.40209e-05 1.04157e-05 7.30767e-06 4.71762e-06 2.5439e-06 1.10317e-06 3.84312e-07 8.14706e-08 2.89422e-08 -1.73229e-09 -3.06662e-09 7.59914e-09 -8.80098e-09 5.19863e-09 -1.00202e-09 -3.98628e-09 5.9653e-09 -5.91079e-09 2.12693e-09 1.36569e-09 -4.3463e-09 4.11808e-09 -2.95027e-09 2.36768e-10 1.4505e-09 -2.76216e-09 2.13439e-09 -9.14684e-10 -8.78343e-10 1.86464e-09 -1.79428e-09 6.88237e-10 7.39472e-10 -1.70783e-09 1.74077e-09 -9.11714e-10 -2.63119e-10 1.14755e-09 -1.33163e-09 8.19129e-10 2.31519e-11 -7.05559e-10 8.9614e-10 -5.80566e-10 2.52467e-11 4.09668e-10 -4.81784e-10 1.82744e-10 2.89007e-10 -6.62496e-10 7.48509e-10 -5.29653e-10 1.47793e-10 1.90809e-10 -3.31693e-10 2.45465e-10 -2.47769e-11 -1.8325e-10 2.64261e-10 -1.93904e-10 3.8049e-11 9.66291e-11 -1.28251e-10 4.34245e-11 1.02355e-10 -2.22533e-10 2.50104e-10 -1.7164e-10 2.82432e-11 1.12846e-10 -1.96632e-10 2.06602e-10 -1.66363e-10 1.1943e-10 -1.01441e-10 1.21202e-10 -1.59727e-10 1.85262e-10 -1.73718e-10 1.22405e-10 -5.02673e-11 -1.38573e-11 4.70789e-11 -4.33109e-11 1.39753e-11 2.04279e-11 -4.20879e-11 4.42286e-11 -3.21136e-11 1.73592e-11 -9.75376e-12 1.15244e-11 -1.69096e-11 1.65415e-11 -3.52759e-12 -2.2412e-11 5.48462e-11 -8.41798e-11 1.02507e-10 -1.0703e-10 1.00448e-10 -8.85427e-11 7.66721e-11 -6.71771e-11 5.89232e-11 -4.88467e-11 3.43153e-11 -1.48616e-11 -7.58149e-12 2.98459e-11 -4.92316e-11 6.47044e-11 -7.69703e-11 8.75171e-11 -9.72809e-11 1.05729e-10 -1.1084e-10 1.09919e-10 -1.00775e-10 8.26501e-11 -5.64966e-11 2.46096e-11 1.0097e-11 -4.47551e-11 7.68767e-11 -1.04339e-10 1.25217e-10 -1.3772e-10 1.40381e-10 -1.32468e-10 1.14406e-10 -8.79965e-11 5.62795e-11 -2.30593e-11 -7.7516e-12 3.27661e-11 -4.95709e-11 5.69309e-11 -5.47888e-11 4.41467e-11 -2.69021e-11 5.6618e-12 1.64914e-11 -3.63123e-11 5.07911e-11 -5.75862e-11 5.54048e-11 -4.42344e-11 2.53639e-11 -1.1872e-12 -2.51625e-11 5.02678e-11 -7.08869e-11 8.43554e-11 -8.88924e-11 8.37946e-11 -6.95124e-11 4.76028e-11 -2.05571e-11 -8.48968e-12 3.61407e-11 -5.91649e-11 7.49077e-11 -8.16226e-11 7.86735e-11 -6.65822e-11 4.69231e-11 -2.20915e-11 -5.01485e-12 3.13547e-11 -5.40976e-11 7.09351e-11 -8.03153e-11 8.15785e-11 -7.49782e-11 6.15918e-11 -4.31316e-11 2.16892e-11 5.49309e-13 -2.15746e-11 3.97739e-11 -5.40711e-11 6.39757e-11 -6.95427e-11 7.1259e-11 -6.98819e-11 6.62584e-11 -6.11571e-11 5.51374e-11 -4.84756e-11 4.11593e-11 -3.2947e-11 2.34819e-11 -1.2438e-11 -3.29809e-13 1.46605e-11 -3.00123e-11 4.54561e-11 -5.97439e-11 7.14447e-11 -7.91316e-11 8.15927e-11 -7.8034e-11 6.8243e-11 -5.26848e-11 3.25123e-11 -9.48275e-12 -1.42144e-11 3.61984e-11 -5.41791e-11 6.62426e-11 -7.11018e-11 6.82782e-11 -5.81849e-11 4.20998e-11 -2.20262e-11 4.57376e-13 1.99267e-11 -3.65928e-11 4.74739e-11 -5.12349e-11 4.74465e-11 -3.66463e-11 2.02743e-11 -4.92615e-13 -2.00894e-11 3.87506e-11 -5.30088e-11 6.0943e-11 -6.14436e-11 5.43581e-11 -4.05132e-11 2.16089e-11 0. 
0.000115423 0.000107788 0.000100185 9.26548e-05 8.52249e-05 7.79223e-05 7.08026e-05 6.38299e-05 5.71456e-05 5.05964e-05 4.44361e-05 3.84406e-05 3.2831e-05 2.75757e-05 2.25699e-05 1.81569e-05 1.40225e-05 1.03875e-05 7.34948e-06 4.67835e-06 2.56769e-06 1.10081e-06 3.67779e-07 1.07548e-07 4.94869e-09 1.15083e-08 -2.12634e-09 -4.86474e-09 7.8789e-09 -7.68155e-09 3.3983e-09 8.21248e-10 -5.14073e-09 5.87514e-09 -4.43687e-09 2.02869e-10 2.68207e-09 -4.45227e-09 3.29463e-09 -1.65324e-09 -8.94699e-10 2.06718e-09 -2.56709e-09 1.37701e-09 1.20036e-10 -1.51553e-09 1.85288e-09 -1.12619e-09 -2.18987e-10 1.38603e-09 -1.7641e-09 1.22659e-09 -1.48873e-10 -8.53213e-10 1.27755e-09 -9.87362e-10 2.40299e-10 4.98765e-10 -8.37733e-10 6.63107e-10 -1.63343e-10 -3.19519e-10 5.01875e-10 -3.07012e-10 -1.21327e-10 5.26763e-10 -6.93412e-10 5.56349e-10 -2.16781e-10 -1.32978e-10 3.22899e-10 -2.91422e-10 1.01981e-10 1.09712e-10 -2.19837e-10 1.82249e-10 -4.25237e-11 -1.00523e-10 1.57834e-10 -9.97057e-11 -3.37825e-11 1.62468e-10 -2.14561e-10 1.64798e-10 -4.26143e-11 -9.02482e-11 1.76409e-10 -1.91861e-10 1.52667e-10 -9.89753e-11 6.84968e-11 -7.56077e-11 1.0682e-10 -1.32783e-10 1.27801e-10 -8.49441e-11 1.88587e-11 4.37477e-11 -7.92099e-11 7.86702e-11 -5.05947e-11 1.39482e-11 1.30013e-11 -2.16267e-11 1.52038e-11 -4.35378e-12 -7.32076e-13 -3.54517e-12 1.28587e-11 -1.85162e-11 1.32342e-11 4.42881e-12 -2.9327e-11 5.26722e-11 -6.66451e-11 6.80024e-11 -5.89047e-11 4.49233e-11 -3.16945e-11 2.21855e-11 -1.59033e-11 1.01208e-11 -2.09421e-12 -9.1276e-12 2.22466e-11 -3.46582e-11 4.40446e-11 -4.96092e-11 5.22805e-11 -5.38791e-11 5.58231e-11 -5.81407e-11 5.93076e-11 -5.69304e-11 4.88518e-11 -3.40978e-11 1.32465e-11 1.18416e-11 -3.86751e-11 6.47738e-11 -8.80173e-11 1.06651e-10 -1.1912e-10 1.23971e-10 -1.20002e-10 1.06625e-10 -8.42802e-11 5.46782e-11 -2.07121e-11 -1.39605e-11 4.55318e-11 -7.06597e-11 8.69223e-11 -9.30407e-11 8.88991e-11 -7.54418e-11 5.45201e-11 -2.87161e-11 1.12423e-12 2.49438e-11 -4.6337e-11 6.04865e-11 -6.57879e-11 6.18524e-11 -4.95609e-11 3.0908e-11 -8.67738e-12 -1.39796e-11 3.39791e-11 -4.86935e-11 5.62528e-11 -5.57445e-11 4.73033e-11 -3.2086e-11 1.21298e-11 9.90208e-12 -3.10643e-11 4.85207e-11 -5.99265e-11 6.37404e-11 -5.94193e-11 4.74681e-11 -2.93458e-11 7.25047e-12 1.6178e-11 -3.8195e-11 5.62835e-11 -6.84448e-11 7.34163e-11 -7.07928e-11 6.10403e-11 -4.54003e-11 2.57015e-11 -4.10427e-12 -1.71823e-11 3.617e-11 -5.1311e-11 6.16383e-11 -6.68153e-11 6.70945e-11 -6.32018e-11 5.61686e-11 -4.71427e-11 3.72057e-11 -2.72257e-11 1.77641e-11 -9.04849e-12 1.01138e-12 6.61424e-12 -1.4163e-11 2.18943e-11 -2.98667e-11 3.78541e-11 -4.53221e-11 5.14709e-11 -5.53413e-11 5.59683e-11 -5.25587e-11 4.46626e-11 -3.23122e-11 1.61e-11 2.81935e-12 -2.28111e-11 4.19209e-11 -5.80963e-11 6.94417e-11 -7.44731e-11 7.23368e-11 -6.2959e-11 4.71031e-11 -2.63203e-11 2.79646e-12 2.08894e-11 -4.20668e-11 5.82984e-11 -6.76852e-11 6.91133e-11 -6.24077e-11 4.83712e-11 -2.8701e-11 5.79137e-12 1.75555e-11 -3.84735e-11 5.43892e-11 -6.33447e-11 6.42459e-11 -5.70032e-11 4.2546e-11 -2.27083e-11 0. 
0.000115423 0.000107741 0.000100104 9.25265e-05 8.50844e-05 7.77466e-05 7.06338e-05 6.36605e-05 5.69763e-05 5.04923e-05 4.42933e-05 3.84178e-05 3.27706e-05 2.75564e-05 2.26297e-05 1.80941e-05 1.40616e-05 1.03833e-05 7.32321e-06 4.71994e-06 2.52902e-06 1.12269e-06 3.6815e-07 8.91532e-08 3.05911e-08 -9.72854e-09 6.95469e-09 2.71226e-11 -6.28052e-09 7.62568e-09 -6.0879e-09 1.33704e-09 2.65188e-09 -5.855e-09 5.0486e-09 -2.49717e-09 -1.56984e-09 3.43762e-09 -3.99887e-09 2.1645e-09 -3.49575e-10 -1.77627e-09 2.274e-09 -1.95085e-09 4.25675e-10 9.94804e-10 -1.76107e-09 1.4067e-09 -2.54988e-10 -1.00124e-09 1.66035e-09 -1.42279e-09 5.05028e-10 5.38912e-10 -1.15542e-09 1.0867e-09 -4.73256e-10 -2.7178e-10 7.24774e-10 -6.87771e-10 2.66779e-10 2.3191e-10 -5.02381e-10 4.09619e-10 -4.03777e-11 -3.74623e-10 6.05455e-10 -5.47066e-10 2.59444e-10 8.59647e-11 -3.12146e-10 3.30964e-10 -1.76875e-10 -3.01073e-11 1.62483e-10 -1.56289e-10 3.71845e-11 1.06705e-10 -1.83142e-10 1.48964e-10 -2.91826e-11 -1.04368e-10 1.77949e-10 -1.56541e-10 5.82546e-11 6.19779e-11 -1.46399e-10 1.6506e-10 -1.26856e-10 6.78122e-11 -2.6434e-11 2.16678e-11 -4.52952e-11 7.09044e-11 -7.20708e-11 3.82877e-11 1.99936e-11 -7.86593e-11 1.13997e-10 -1.14979e-10 8.73194e-11 -4.82362e-11 1.60205e-11 -7.65102e-13 1.03514e-12 -7.32156e-12 9.28486e-12 -2.16678e-12 -1.10973e-11 2.26278e-11 -2.4975e-11 1.57137e-11 1.25681e-12 -1.80685e-11 2.71872e-11 -2.51085e-11 1.35532e-11 2.12735e-12 -1.60975e-11 2.48532e-11 -2.82983e-11 2.88282e-11 -2.92816e-11 3.10945e-11 -3.36545e-11 3.50221e-11 -3.33894e-11 2.83145e-11 -2.10253e-11 1.36999e-11 -8.22115e-12 5.13779e-12 -3.38007e-12 8.12755e-13 4.73335e-12 -1.45056e-11 2.83813e-11 -4.50354e-11 6.25079e-11 -7.88079e-11 9.2261e-11 -1.01529e-10 1.05442e-10 -1.02881e-10 9.28755e-11 -7.49381e-11 4.94649e-11 -1.80002e-11 -1.67984e-11 5.15172e-11 -8.25494e-11 1.06684e-10 -1.21556e-10 1.2588e-10 -1.19495e-10 1.0327e-10 -7.89723e-11 4.91053e-11 -1.67077e-11 -1.49149e-11 4.25435e-11 -6.34488e-11 7.57692e-11 -7.87753e-11 7.29533e-11 -5.98895e-11 4.19881e-11 -2.20895e-11 3.06576e-12 1.25472e-11 -2.28406e-11 2.67314e-11 -2.40622e-11 1.55958e-11 -2.90283e-12 -1.18545e-11 2.62246e-11 -3.78168e-11 4.46477e-11 -4.54274e-11 3.97398e-11 -2.80898e-11 1.18178e-11 7.099e-12 -2.63214e-11 4.34589e-11 -5.63743e-11 6.34471e-11 -6.37667e-11 5.72335e-11 -4.45574e-11 2.71539e-11 -6.95175e-12 -1.38606e-11 3.31134e-11 -4.89194e-11 5.9885e-11 -6.52445e-11 6.49007e-11 -5.93759e-11 4.96867e-11 -3.71659e-11 2.32604e-11 -9.33592e-12 -3.48569e-12 1.44348e-11 -2.31367e-11 2.95855e-11 -3.40596e-11 3.69958e-11 -3.88463e-11 3.99466e-11 -4.04185e-11 4.01266e-11 -3.86962e-11 3.5591e-11 -3.02376e-11 2.21745e-11 -1.12007e-11 -2.50427e-12 1.83115e-11 -3.51426e-11 5.15439e-11 -6.58315e-11 7.62901e-11 -8.14007e-11 8.00665e-11 -7.18027e-11 5.68608e-11 -3.6265e-11 1.17491e-11 1.44025e-11 -3.95959e-11 6.12214e-11 -7.69649e-11 8.50964e-11 -8.46981e-11 7.57993e-11 -5.93995e-11 3.7371e-11 -1.22517e-11 -1.30491e-11 3.55962e-11 -5.27834e-11 6.2652e-11 -6.4134e-11 5.71857e-11 -4.27973e-11 2.28734e-11 0. 
0.000115423 0.000107676 9.99811e-05 9.2349e-05 8.48621e-05 7.75047e-05 7.03538e-05 6.34146e-05 5.66957e-05 5.02813e-05 4.40954e-05 3.82388e-05 3.27223e-05 2.74428e-05 2.2631e-05 1.81517e-05 1.39941e-05 1.04266e-05 7.31755e-06 4.69348e-06 2.57014e-06 1.08652e-06 3.85647e-07 9.39709e-08 1.00913e-08 1.46632e-08 -1.02599e-08 3.91076e-09 2.47767e-09 -7.10921e-09 6.69846e-09 -4.06243e-09 -8.61338e-10 4.15599e-09 -5.77855e-09 3.49856e-09 -4.44088e-10 -2.86744e-09 3.55251e-09 -3.08046e-09 8.72969e-10 7.9239e-10 -2.23931e-09 2.01242e-09 -1.02821e-09 -5.14008e-10 1.51073e-09 -1.54668e-09 6.44418e-10 5.98256e-10 -1.46171e-09 1.50562e-09 -7.87066e-10 -2.32247e-10 9.85869e-10 -1.12103e-09 6.63312e-10 4.48362e-11 -5.7475e-10 6.62596e-10 -3.34019e-10 -1.52828e-10 4.87182e-10 -4.88044e-10 1.86935e-10 2.18813e-10 -4.96644e-10 5.10035e-10 -2.79637e-10 -4.85737e-11 2.98231e-10 -3.60806e-10 2.43571e-10 -4.80893e-11 -9.95129e-11 1.2174e-10 -2.56904e-11 -1.13004e-10 2.02418e-10 -1.88964e-10 8.36083e-11 5.13711e-11 -1.42754e-10 1.47952e-10 -7.45488e-11 -3.01363e-11 1.09679e-10 -1.29762e-10 9.27476e-11 -3.00714e-11 -2.00772e-11 3.52257e-11 -1.8746e-11 -6.20627e-12 1.32254e-11 1.10848e-11 -6.02341e-11 1.13004e-10 -1.46259e-10 1.47391e-10 -1.1964e-10 7.83545e-11 -4.14714e-11 2.01566e-11 -1.46111e-11 1.64808e-11 -1.54821e-11 5.90059e-12 1.06519e-11 -2.72129e-11 3.63758e-11 -3.49285e-11 2.56069e-11 -1.53008e-11 1.11054e-11 -1.66244e-11 3.04818e-11 -4.75477e-11 6.18588e-11 -6.94634e-11 6.97329e-11 -6.47363e-11 5.73795e-11 -4.95586e-11 4.13557e-11 -3.15489e-11 1.89192e-11 -3.4533e-12 -1.32818e-11 2.87555e-11 -4.06644e-11 4.80021e-11 -5.14473e-11 5.29309e-11 -5.46807e-11 5.82659e-11 -6.40792e-11 7.14014e-11 -7.88788e-11 8.50737e-11 -8.88005e-11 8.91499e-11 -8.53214e-11 7.64853e-11 -6.18493e-11 4.09564e-11 -1.40792e-11 -1.74911e-11 5.14273e-11 -8.46567e-11 1.13867e-10 -1.36056e-10 1.48971e-10 -1.51352e-10 1.42982e-10 -1.24629e-10 9.79203e-11 -6.52032e-11 2.93746e-11 6.36113e-12 -3.88126e-11 6.51797e-11 -8.34206e-11 9.25223e-11 -9.26099e-11 8.4869e-11 -7.13073e-11 5.44167e-11 -3.68045e-11 2.08543e-11 -8.45165e-12 7.92184e-13 1.72236e-12 5.04596e-13 -6.34923e-12 1.41465e-11 -2.1949e-11 2.78323e-11 -3.02016e-11 2.80466e-11 -2.11018e-11 9.88727e-12 4.37186e-12 -1.99284e-11 3.47647e-11 -4.68741e-11 5.45343e-11 -5.65381e-11 5.23573e-11 -4.22181e-11 2.70807e-11 -8.52413e-12 -1.14507e-11 3.0672e-11 -4.70679e-11 5.89189e-11 -6.50564e-11 6.4982e-11 -5.8894e-11 4.76245e-11 -3.24997e-11 1.51485e-11 2.71266e-12 -1.94871e-11 3.38723e-11 -4.49786e-11 5.23797e-11 -5.60936e-11 5.64998e-11 -5.42123e-11 4.99306e-11 -4.42968e-11 3.77817e-11 -3.06211e-11 2.28107e-11 -1.41591e-11 4.38812e-12 6.73882e-12 -1.92842e-11 3.30261e-11 -4.73915e-11 6.14505e-11 -7.39776e-11 8.35772e-11 -8.88584e-11 8.86369e-11 -8.21342e-11 6.91446e-11 -5.01402e-11 2.62953e-11 5.81899e-13 -2.82064e-11 5.40487e-11 -7.56146e-11 9.07387e-11 -9.78551e-11 9.62067e-11 -8.59656e-11 6.82443e-11 -4.49926e-11 1.87895e-11 7.44802e-12 -3.08027e-11 4.87028e-11 -5.92305e-11 6.13557e-11 -5.50632e-11 4.1358e-11 -2.21451e-11 0. 
0.000115423 0.000107591 9.97978e-05 9.21144e-05 8.45339e-05 7.7174e-05 6.99536e-05 6.30437e-05 5.63214e-05 4.99113e-05 4.38276e-05 3.79394e-05 3.25346e-05 2.7348e-05 2.24738e-05 1.81687e-05 1.40493e-05 1.03587e-05 7.35951e-06 4.69096e-06 2.54153e-06 1.12659e-06 3.54146e-07 1.04886e-07 2.01725e-08 -7.3415e-09 1.15517e-08 -7.89101e-09 7.52966e-10 4.50936e-09 -7.12503e-09 5.12766e-09 -1.703e-09 -2.92963e-09 4.9281e-09 -4.75868e-09 1.49459e-09 1.31864e-09 -3.47296e-09 3.05225e-09 -1.86718e-09 -3.67852e-10 1.59403e-09 -2.18696e-09 1.32884e-09 -1.32402e-11 -1.20263e-09 1.54781e-09 -9.3545e-10 -2.15406e-10 1.20274e-09 -1.49055e-09 9.87877e-10 -4.60891e-11 -7.88982e-10 1.09852e-09 -8.03488e-10 1.64973e-10 4.0584e-10 -5.99366e-10 3.68147e-10 8.49142e-11 -4.59083e-10 5.40596e-10 -3.10641e-10 -7.12103e-11 3.7947e-10 -4.55124e-10 2.83315e-10 1.7894e-11 -2.79112e-10 3.77689e-10 -2.96664e-10 1.17833e-10 3.81966e-11 -8.46638e-11 1.21928e-11 1.16942e-10 -2.14005e-10 2.17997e-10 -1.27348e-10 -5.80044e-12 1.10778e-10 -1.39601e-10 9.04523e-11 -2.70388e-12 -6.9933e-11 9.02752e-11 -5.4966e-11 -9.35014e-12 6.57261e-11 -8.91937e-11 7.88434e-11 -5.44544e-11 4.18004e-11 -5.64927e-11 9.56638e-11 -1.41142e-10 1.7088e-10 -1.71248e-10 1.43324e-10 -1.00547e-10 6.01821e-11 -3.40817e-11 2.38353e-11 -2.22222e-11 1.91673e-11 -8.18695e-12 -1.03455e-11 3.04589e-11 -4.49813e-11 5.01188e-11 -4.75642e-11 4.322e-11 -4.36335e-11 5.23724e-11 -6.83181e-11 8.65576e-11 -1.01065e-10 1.07525e-10 -1.04834e-10 9.4738e-11 -8.01696e-11 6.34333e-11 -4.52744e-11 2.5192e-11 -2.58485e-12 -2.21034e-11 4.69636e-11 -6.91482e-11 8.6001e-11 -9.61407e-11 9.99321e-11 -9.91616e-11 9.61586e-11 -9.28479e-11 9.01704e-11 -8.80503e-11 8.57757e-11 -8.24884e-11 7.7495e-11 -7.02926e-11 6.04016e-11 -4.7214e-11 3.00332e-11 -8.34617e-12 -1.77879e-11 4.74234e-11 -7.86568e-11 1.08848e-10 -1.35062e-10 1.54574e-10 -1.65286e-10 1.65976e-10 -1.56361e-10 1.37058e-10 -1.09485e-10 7.57466e-11 -3.84942e-11 7.21154e-13 3.45208e-11 -6.44671e-11 8.69894e-11 -1.00866e-10 1.05911e-10 -1.02932e-10 9.35363e-11 -7.98369e-11 6.41277e-11 -4.85763e-11 3.49741e-11 -2.45569e-11 1.79021e-11 -1.49057e-11 1.48425e-11 -1.65105e-11 1.84463e-11 -1.91853e-11 1.75247e-11 -1.27443e-11 4.7427e-12 5.93184e-12 -1.81597e-11 3.04184e-11 -4.10111e-11 4.83182e-11 -5.10361e-11 4.83744e-11 -4.01855e-11 2.70133e-11 -1.00515e-11 -8.98514e-12 2.80606e-11 -4.50653e-11 5.80758e-11 -6.55926e-11 6.67199e-11 -6.12655e-11 4.97487e-11 -3.33187e-11 1.35984e-11 7.52124e-12 -2.81083e-11 4.64073e-11 -6.10203e-11 7.10301e-11 -7.60521e-11 7.62145e-11 -7.20709e-11 6.4466e-11 -5.43756e-11 4.2749e-11 -3.03781e-11 1.78147e-11 -5.34405e-12 -6.98066e-12 1.92558e-11 -3.16119e-11 4.40894e-11 -5.65293e-11 6.85018e-11 -7.92879e-11 8.79232e-11 -9.33014e-11 9.43249e-11 -9.0082e-11 8.00251e-11 -6.41194e-11 4.2938e-11 -1.76814e-11 -9.88584e-12 3.75823e-11 -6.30253e-11 8.38907e-11 -9.81854e-11 1.04498e-10 -1.0219e-10 9.15082e-11 -7.3587e-11 5.03492e-11 -2.43049e-11 -1.72622e-12 2.4937e-11 -4.2861e-11 5.36655e-11 -5.63721e-11 5.09767e-11 -3.84527e-11 2.06351e-11 0. 
0.000115423 0.000107472 9.95563e-05 9.17801e-05 8.41126e-05 7.66813e-05 6.94558e-05 6.24717e-05 5.58454e-05 4.9371e-05 4.34033e-05 3.75752e-05 3.2159e-05 2.71651e-05 2.23309e-05 1.79892e-05 1.40711e-05 1.04135e-05 7.29481e-06 4.72612e-06 2.54588e-06 1.09495e-06 3.91677e-07 8.04571e-08 2.31131e-08 7.66556e-09 -1.05167e-08 9.55263e-09 -4.59776e-09 -2.18808e-09 5.65397e-09 -6.25142e-09 3.00539e-09 7.265e-10 -4.39472e-09 4.6651e-09 -2.99198e-09 -4.9011e-10 2.47142e-09 -3.35611e-09 2.07369e-09 -5.66435e-10 -1.32169e-09 1.90069e-09 -1.64399e-09 4.02878e-10 8.31536e-10 -1.45274e-09 1.12059e-09 -1.20907e-10 -9.16531e-10 1.39893e-09 -1.1096e-09 2.82802e-10 5.82358e-10 -1.02974e-09 8.91613e-10 -3.44573e-10 -2.35048e-10 5.11625e-10 -3.75459e-10 -2.80611e-11 4.19881e-10 -5.66424e-10 4.05662e-10 -5.8019e-11 -2.65636e-10 3.92526e-10 -2.77381e-10 9.86173e-12 2.52496e-10 -3.7886e-10 3.31765e-10 -1.73164e-10 1.49933e-11 5.07309e-11 -7.12192e-13 -1.16184e-10 2.16623e-10 -2.35034e-10 1.59131e-10 -3.08988e-11 -8.31204e-11 1.31593e-10 -1.04659e-10 3.38033e-11 3.10078e-11 -5.11063e-11 1.83258e-11 4.54531e-11 -1.05259e-10 1.34603e-10 -1.2895e-10 1.04746e-10 -8.66571e-11 9.18691e-11 -1.20725e-10 1.58122e-10 -1.83488e-10 1.82674e-10 -1.5494e-10 1.11835e-10 -6.96885e-11 4.06776e-11 -2.75048e-11 2.40093e-11 -2.04303e-11 9.68233e-12 9.00264e-12 -3.06903e-11 4.86122e-11 -5.85992e-11 6.14469e-11 -6.21038e-11 6.6502e-11 -7.8066e-11 9.58576e-11 -1.15174e-10 1.29982e-10 -1.35685e-10 1.30757e-10 -1.1662e-10 9.61849e-11 -7.20866e-11 4.56658e-11 -1.71008e-11 -1.36105e-11 4.55812e-11 -7.65922e-11 1.0354e-10 -1.23505e-10 1.34825e-10 -1.37637e-10 1.33643e-10 -1.25308e-10 1.14926e-10 -1.03993e-10 9.30755e-11 -8.21022e-11 7.07806e-11 -5.88787e-11 4.62462e-11 -3.26495e-11 1.76132e-11 -4.40693e-13 -1.95331e-11 4.25547e-11 -6.81127e-11 9.48114e-11 -1.20522e-10 1.42755e-10 -1.59116e-10 1.67693e-10 -1.67301e-10 1.57568e-10 -1.38905e-10 1.12445e-10 -7.99542e-11 4.37304e-11 -6.43872e-12 -2.91272e-11 6.03535e-11 -8.51288e-11 1.02109e-10 -1.1086e-10 1.11848e-10 -1.06284e-10 9.58849e-11 -8.2587e-11 6.82801e-11 -5.45869e-11 4.27016e-11 -3.32943e-11 2.64811e-11 -2.18646e-11 1.86465e-11 -1.58018e-11 1.22941e-11 -7.29555e-12 3.70256e-13 8.41509e-12 -1.84736e-11 2.87759e-11 -3.80067e-11 4.47702e-11 -4.78122e-11 4.62252e-11 -3.9609e-11 2.81685e-11 -1.27321e-11 -5.31034e-12 2.41484e-11 -4.17542e-11 5.61234e-11 -6.5522e-11 6.87049e-11 -6.50741e-11 5.47558e-11 -3.8586e-11 1.80089e-11 5.09609e-12 -2.86339e-11 5.05304e-11 -6.89555e-11 8.25059e-11 -9.0327e-11 9.21602e-11 -8.83149e-11 7.95718e-11 -6.70358e-11 5.19619e-11 -3.55818e-11 1.89563e-11 -2.87533e-12 -1.2184e-11 2.60373e-11 -3.87201e-11 5.03781e-11 -6.11433e-11 7.10179e-11 -7.97912e-11 8.70043e-11 -9.19719e-11 9.38628e-11 -9.18265e-11 8.51497e-11 -7.34167e-11 5.66479e-11 -3.53916e-11 1.07487e-11 1.56788e-11 -4.19158e-11 6.58059e-11 -8.52464e-11 9.84365e-11 -1.04106e-10 1.01694e-10 -9.1449e-11 7.44381e-11 -5.24531e-11 2.78273e-11 -3.17973e-12 -1.88826e-11 3.60682e-11 -4.6673e-11 4.97849e-11 -4.53954e-11 3.44033e-11 -1.8507e-11 0. 
0.000115423 0.000107302 9.92582e-05 9.13075e-05 8.35847e-05 7.6005e-05 6.87974e-05 6.17363e-05 5.51395e-05 4.87342e-05 4.2722e-05 3.71046e-05 3.16741e-05 2.67483e-05 2.21431e-05 1.78203e-05 1.38964e-05 1.04275e-05 7.35069e-06 4.66876e-06 2.5697e-06 1.1082e-06 3.57836e-07 1.12892e-07 7.84487e-09 2.49784e-09 7.92608e-09 -1.03614e-08 6.69386e-09 -1.06867e-09 -4.35954e-09 5.72722e-09 -4.55077e-09 5.3217e-10 2.77289e-09 -4.80671e-09 3.3774e-09 -9.38226e-10 -1.98437e-09 2.84814e-09 -2.63923e-09 8.58884e-10 5.80604e-10 -1.79719e-09 1.65794e-09 -7.73459e-10 -4.88636e-10 1.27686e-09 -1.21106e-09 3.93235e-10 6.31038e-10 -1.25442e-09 1.16102e-09 -4.71408e-10 -3.80114e-10 9.26157e-10 -9.29453e-10 4.85273e-10 7.6771e-11 -4.12844e-10 3.63918e-10 -1.96632e-11 -3.70728e-10 5.65682e-10 -4.68351e-10 1.61169e-10 1.65007e-10 -3.31515e-10 2.68548e-10 -3.84518e-11 -2.16482e-10 3.6258e-10 -3.4599e-10 2.09769e-10 -5.50143e-11 -2.45764e-11 -5.421e-12 1.08939e-10 -2.09606e-10 2.39824e-10 -1.78583e-10 5.8137e-11 6.02317e-11 -1.23692e-10 1.15814e-10 -6.05905e-11 3.53583e-12 1.64045e-11 1.27909e-11 -7.37994e-11 1.34169e-10 -1.66776e-10 1.64158e-10 -1.39609e-10 1.16333e-10 -1.12502e-10 1.31209e-10 -1.60327e-10 1.81033e-10 -1.79101e-10 1.52308e-10 -1.10386e-10 6.85284e-11 -3.89006e-11 2.50341e-11 -2.17158e-11 1.95654e-11 -1.10451e-11 -5.64752e-12 2.66326e-11 -4.5688e-11 5.84669e-11 -6.503e-11 6.94386e-11 -7.69789e-11 9.08527e-11 -1.10238e-10 1.30633e-10 -1.4605e-10 1.51684e-10 -1.45638e-10 1.2901e-10 -1.04626e-10 7.53588e-11 -4.30457e-11 8.46364e-12 2.78488e-11 -6.46123e-11 9.93586e-11 -1.28812e-10 1.49886e-10 -1.60746e-10 1.61384e-10 -1.53474e-10 1.39637e-10 -1.2253e-10 1.04177e-10 -8.57567e-11 6.77985e-11 -5.0528e-11 3.41133e-11 -1.86789e-11 4.14561e-12 9.92978e-12 -2.43441e-11 4.00084e-11 -5.756e-11 7.69969e-11 -9.74986e-11 1.17507e-10 -1.35029e-10 1.48033e-10 -1.54809e-10 1.54207e-10 -1.45728e-10 1.29527e-10 -1.06373e-10 7.76039e-11 -4.50579e-11 1.09606e-11 2.22684e-11 -5.22793e-11 7.70833e-11 -9.53046e-11 1.06331e-10 -1.10329e-10 1.08138e-10 -1.01064e-10 9.06541e-11 -7.84641e-11 6.58756e-11 -5.39583e-11 4.33851e-11 -3.44016e-11 2.68522e-11 -2.02647e-11 1.39873e-11 -7.36164e-12 -1.00247e-13 8.56938e-12 -1.7816e-11 2.72069e-11 -3.57848e-11 4.24135e-11 -4.5964e-11 4.55067e-11 -4.04845e-11 3.0839e-11 -1.70759e-11 2.56159e-13 1.80856e-11 -3.60928e-11 5.17904e-11 -6.33177e-11 6.91592e-11 -6.83413e-11 6.05669e-11 -4.62678e-11 2.65669e-11 -3.15702e-12 -2.1888e-11 4.63439e-11 -6.80783e-11 8.52753e-11 -9.66145e-11 1.01385e-10 -9.95241e-11 9.1574e-11 -7.8573e-11 6.18919e-11 -4.30446e-11 2.34989e-11 -4.51396e-12 -1.2973e-11 2.83995e-11 -4.15655e-11 5.25637e-11 -6.16689e-11 6.92057e-11 -7.54214e-11 8.03848e-11 -8.39293e-11 8.56523e-11 -8.49706e-11 8.1226e-11 -7.38228e-11 6.23774e-11 -4.68516e-11 2.76489e-11 -5.65173e-12 -1.78098e-11 4.10598e-11 -6.22395e-11 7.95121e-11 -9.12843e-11 9.64137e-11 -9.43739e-11 8.53521e-11 -7.02633e-11 5.06738e-11 -2.86424e-11 6.49392e-12 1.34462e-11 -2.91247e-11 3.90059e-11 -4.2258e-11 3.8856e-11 -2.9587e-11 1.59554e-11 0. 
0.000115423 0.000107091 9.8845e-05 9.07252e-05 8.28445e-05 7.51888e-05 6.78659e-05 6.08526e-05 5.41678e-05 4.79061e-05 4.18888e-05 3.63453e-05 3.1141e-05 2.6172e-05 2.1706e-05 1.76066e-05 1.37358e-05 1.02832e-05 7.34786e-06 4.72454e-06 2.52425e-06 1.11776e-06 3.79693e-07 7.96377e-08 3.21847e-08 -2.63992e-09 -4.06148e-09 8.94233e-09 -8.49132e-09 3.16082e-09 1.93817e-09 -5.36829e-09 4.74215e-09 -2.24356e-09 -1.81457e-09 3.88744e-09 -4.04401e-09 1.48512e-09 8.62769e-10 -2.71775e-09 2.4818e-09 -1.53831e-09 -2.97243e-10 1.32978e-09 -1.71328e-09 9.73475e-10 1.51684e-10 -1.06621e-09 1.21735e-09 -5.95325e-10 -3.67996e-10 1.07978e-09 -1.15493e-09 6.10956e-10 1.92625e-10 -7.99092e-10 9.21825e-10 -5.82724e-10 5.8123e-11 3.14926e-10 -3.41669e-10 6.09873e-11 3.12638e-10 -5.39729e-10 4.9749e-10 -2.33462e-10 -8.4769e-11 2.7946e-10 -2.62341e-10 7.07915e-11 1.70161e-10 -3.28534e-10 3.3831e-10 -2.25371e-10 7.87122e-11 9.31694e-12 3.99755e-12 -9.42752e-11 1.93069e-10 -2.32941e-10 1.86183e-10 -7.60895e-11 -4.20366e-11 1.15478e-10 -1.22746e-10 8.09776e-11 -3.08369e-11 1.05279e-11 -3.49812e-11 9.1087e-11 -1.49279e-10 1.82575e-10 -1.81296e-10 1.5585e-10 -1.27744e-10 1.15606e-10 -1.24794e-10 1.4597e-10 -1.62228e-10 1.5963e-10 -1.34801e-10 9.57634e-11 -5.64296e-11 2.86554e-11 -1.6522e-11 1.56294e-11 -1.70141e-11 1.2821e-11 -3.30139e-13 -1.76224e-11 3.54729e-11 -4.88783e-11 5.73323e-11 -6.40992e-11 7.38198e-11 -8.94192e-11 1.10139e-10 -1.31676e-10 1.48133e-10 -1.54564e-10 1.48754e-10 -1.31474e-10 1.05402e-10 -7.35406e-11 3.81051e-11 -3.62391e-13 -3.86984e-11 7.74842e-11 -1.1336e-10 1.42972e-10 -1.63176e-10 1.72063e-10 -1.69566e-10 1.57374e-10 -1.38269e-10 1.1524e-10 -9.07893e-11 6.66436e-11 -4.38627e-11 2.31157e-11 -4.8873e-12 -1.05153e-11 2.31165e-11 -3.34267e-11 4.24366e-11 -5.13841e-11 6.13641e-11 -7.29379e-11 8.59034e-11 -9.93088e-11 1.11683e-10 -1.21375e-10 1.26883e-10 -1.27073e-10 1.21291e-10 -1.09385e-10 9.16978e-11 -6.90569e-11 4.2754e-11 -1.44776e-11 -1.38281e-11 4.01793e-11 -6.28074e-11 8.03926e-11 -9.22161e-11 9.81994e-11 -9.88313e-11 9.50158e-11 -8.78847e-11 7.86177e-11 -6.82928e-11 5.77767e-11 -4.76578e-11 3.82187e-11 -2.94529e-11 2.11269e-11 -1.28851e-11 4.38317e-12 4.57466e-12 -1.39248e-11 2.32872e-11 -3.19784e-11 3.90935e-11 -4.36426e-11 4.47181e-11 -4.16612e-11 3.42039e-11 -2.25647e-11 7.48339e-12 9.81095e-12 -2.76996e-11 4.43327e-11 -5.78315e-11 6.651e-11 -6.90875e-11 6.4863e-11 -5.38238e-11 3.66736e-11 -1.47725e-11 -1.00023e-11 3.54588e-11 -5.93276e-11 7.95053e-11 -9.42756e-11 1.0248e-10 -1.03617e-10 9.78716e-11 -8.60483e-11 6.94506e-11 -4.9699e-11 2.85263e-11 -7.57424e-12 -1.17802e-11 2.85477e-11 -4.2185e-11 5.25841e-11 -6.00001e-11 6.49323e-11 -6.79802e-11 6.96987e-11 -7.04756e-11 7.04521e-11 -6.94969e-11 6.72393e-11 -6.31544e-11 5.66866e-11 -4.73914e-11 3.50707e-11 -1.9879e-11 2.37939e-12 1.6461e-11 -3.53418e-11 5.27585e-11 -6.71746e-11 7.72144e-11 -8.18492e-11 8.05511e-11 -7.33904e-11 6.10606e-11 -4.48247e-11 2.63861e-11 -7.69904e-12 -9.25941e-12 2.27259e-11 -3.13663e-11 3.44417e-11 -3.19019e-11 2.43941e-11 -1.31842e-11 0. 
0.000115423 0.000106815 9.83096e-05 8.99644e-05 8.19007e-05 7.41148e-05 6.6707e-05 5.96672e-05 5.29981e-05 4.67598e-05 4.0898e-05 3.53484e-05 3.03317e-05 2.55722e-05 2.11093e-05 1.7159e-05 1.34873e-05 1.01576e-05 7.25103e-06 4.70277e-06 2.57535e-06 1.0883e-06 3.74533e-07 1.07115e-07 3.63003e-09 1.13502e-08 2.77718e-10 -7.16295e-09 8.36754e-09 -5.34487e-09 -2.89307e-10 3.84429e-09 -5.1031e-09 2.84901e-09 2.36347e-10 -3.3918e-09 3.73309e-09 -2.411e-09 -3.79962e-10 1.98271e-09 -2.6597e-09 1.59049e-09 -3.40132e-10 -1.11812e-09 1.5205e-09 -1.14679e-09 1.08684e-10 8.31877e-10 -1.16146e-09 7.27006e-10 1.41846e-10 -8.94873e-10 1.10557e-09 -7.04416e-10 -2.68409e-11 6.59043e-10 -8.75718e-10 6.36566e-10 -1.6275e-10 -2.27137e-10 3.15826e-10 -9.84721e-11 -2.47004e-10 4.91299e-10 -4.9436e-10 2.73305e-10 2.89722e-11 -2.41118e-10 2.62375e-10 -1.08327e-10 -1.14043e-10 2.78101e-10 -3.09741e-10 2.19917e-10 -8.50589e-11 -6.2743e-12 5.81034e-12 7.23035e-11 -1.67981e-10 2.15747e-10 -1.83155e-10 8.55568e-11 2.80854e-11 -1.06514e-10 1.24659e-10 -9.36119e-11 4.90465e-11 -2.76044e-11 4.62231e-11 -9.55628e-11 1.49152e-10 -1.80804e-10 1.79305e-10 -1.5251e-10 1.20092e-10 -1.00665e-10 1.01356e-10 -1.15363e-10 1.27767e-10 -1.25211e-10 1.03479e-10 -6.90185e-11 3.43678e-11 -1.08212e-11 2.74732e-12 -6.4166e-12 1.33009e-11 -1.53535e-11 9.06482e-12 3.73307e-12 -1.82129e-11 3.01936e-11 -3.87656e-11 4.65008e-11 -5.74185e-11 7.41359e-11 -9.59222e-11 1.18668e-10 -1.36612e-10 1.44737e-10 -1.40561e-10 1.24526e-10 -9.91015e-11 6.73131e-11 -3.16201e-11 -6.34658e-12 4.52569e-11 -8.33004e-11 1.17769e-10 -1.45331e-10 1.62889e-10 -1.68558e-10 1.62276e-10 -1.45783e-10 1.22007e-10 -9.42207e-11 6.53263e-11 -3.75103e-11 1.22701e-11 9.37663e-12 -2.67237e-11 3.9378e-11 -4.74037e-11 5.14673e-11 -5.28283e-11 5.31097e-11 -5.39035e-11 5.63583e-11 -6.09037e-11 6.72007e-11 -7.43036e-11 8.09424e-11 -8.5812e-11 8.77837e-11 -8.60213e-11 8.00289e-11 -6.96764e-11 5.52278e-11 -3.73643e-11 1.71667e-11 3.97297e-12 -2.45181e-11 4.30022e-11 -5.82387e-11 6.9471e-11 -7.64285e-11 7.92875e-11 -7.85622e-11 7.4965e-11 -6.92707e-11 6.22063e-11 -5.43723e-11 4.61951e-11 -3.79084e-11 2.9565e-11 -2.1082e-11 1.2318e-11 -3.17218e-12 -6.31449e-12 1.58819e-11 -2.50194e-11 3.29932e-11 -3.89326e-11 4.19595e-11 -4.1338e-11 3.66189e-11 -2.77542e-11 1.51652e-11 2.47987e-13 -1.71592e-11 3.39285e-11 -4.87652e-11 5.99251e-11 -6.59192e-11 6.57061e-11 -5.88431e-11 4.55701e-11 -2.68136e-11 4.1074e-12 2.05622e-11 -4.49671e-11 6.6877e-11 -8.43004e-11 9.56957e-11 -1.00129e-10 9.73575e-11 -8.78387e-11 7.26494e-11 -5.33434e-11 3.17554e-11 -9.78235e-12 -1.08306e-11 2.86718e-11 -4.27905e-11 5.27552e-11 -5.86401e-11 6.09452e-11 -6.04651e-11 5.8129e-11 -5.48356e-11 5.1309e-11 -4.79943e-11 4.50087e-11 -4.21528e-11 3.89785e-11 -3.49017e-11 2.9341e-11 -2.18581e-11 1.22791e-11 -7.73949e-13 -1.21187e-11 2.55269e-11 -3.83382e-11 4.93376e-11 -5.73709e-11 6.15102e-11 -6.11982e-11 5.63471e-11 -4.73789e-11 3.51975e-11 -2.10939e-11 6.59786e-12 6.70873e-12 -1.73889e-11 2.43342e-11 -2.6908e-11 2.50303e-11 -1.91906e-11 1.03872e-11 0. 
0.000115423 0.000106455 9.76161e-05 8.89875e-05 8.06791e-05 7.27652e-05 6.52127e-05 5.81972e-05 5.15074e-05 4.53417e-05 3.96117e-05 3.41911e-05 2.92435e-05 2.46962e-05 2.04642e-05 1.66024e-05 1.30506e-05 9.89283e-06 7.16606e-06 4.65734e-06 2.54046e-06 1.1283e-06 3.63173e-07 8.99736e-08 3.15318e-08 -8.59353e-09 3.40357e-09 4.22205e-09 -8.0284e-09 6.06524e-09 -1.78e-09 -2.84255e-09 4.39191e-09 -3.70644e-09 4.88461e-10 2.20959e-09 -3.7409e-09 2.48621e-09 -5.19818e-10 -1.69085e-09 2.2562e-09 -1.96793e-09 4.99563e-10 6.36719e-10 -1.41956e-09 1.16522e-09 -3.33939e-10 -6.1066e-10 1.05841e-09 -7.95327e-10 3.92859e-11 7.15317e-10 -1.02677e-09 7.57073e-10 -1.13093e-10 -5.1535e-10 7.99521e-10 -6.49837e-10 2.34204e-10 1.55529e-10 -2.91607e-10 1.33779e-10 1.75992e-10 -4.24556e-10 4.62634e-10 -2.82199e-10 1.61635e-12 2.18347e-10 -2.69952e-10 1.50698e-10 5.0261e-11 -2.14404e-10 2.63298e-10 -1.95528e-10 7.51485e-11 1.49263e-11 -2.33828e-11 -4.42097e-11 1.36132e-10 -1.90284e-10 1.71313e-10 -8.77921e-11 -1.77155e-11 9.64948e-11 -1.21275e-10 9.80283e-11 -5.75051e-11 3.41523e-11 -4.60828e-11 8.7221e-11 -1.34261e-10 1.62345e-10 -1.59355e-10 1.30964e-10 -9.49406e-11 6.94828e-11 -6.3002e-11 7.0922e-11 -8.03033e-11 7.85958e-11 -6.10207e-11 3.26124e-11 -4.4857e-12 -1.28289e-11 1.49076e-11 -4.94706e-12 -8.97092e-12 1.87306e-11 -2.01742e-11 1.41989e-11 -4.85329e-12 -3.97225e-12 1.11157e-11 -1.85671e-11 2.97652e-11 -4.70068e-11 6.95646e-11 -9.35278e-11 1.13315e-10 -1.23907e-10 1.22606e-10 -1.09539e-10 8.69097e-11 -5.76617e-11 2.43676e-11 1.11105e-11 -4.72201e-11 8.20365e-11 -1.12875e-10 1.36523e-10 -1.50025e-10 1.51599e-10 -1.4125e-10 1.20777e-10 -9.3226e-11 6.20842e-11 -3.05582e-11 1.1866e-12 2.42041e-11 -4.43514e-11 5.84255e-11 -6.60376e-11 6.73726e-11 -6.3319e-11 5.54531e-11 -4.58089e-11 3.6481e-11 -2.91939e-11 2.49889e-11 -2.41161e-11 2.61336e-11 -3.01339e-11 3.49949e-11 -3.95786e-11 4.28531e-11 -4.39632e-11 4.22868e-11 -3.75012e-11 2.96485e-11 -1.91661e-11 6.8499e-12 6.26251e-12 -1.9065e-11 3.05661e-11 -4.0031e-11 4.70508e-11 -5.15317e-11 5.36263e-11 -5.36382e-11 5.19298e-11 -4.8851e-11 4.46925e-11 -3.96599e-11 3.38672e-11 -2.73478e-11 2.0088e-11 -1.20817e-11 3.40093e-12 5.73553e-12 -1.49138e-11 2.35166e-11 -3.07653e-11 3.58092e-11 -3.7849e-11 3.62722e-11 -3.07776e-11 2.14669e-11 -8.88912e-12 -5.97037e-12 2.1758e-11 -3.6873e-11 4.96311e-11 -5.84536e-11 6.20605e-11 -5.96434e-11 5.09919e-11 -3.65548e-11 1.74226e-11 4.76794e-12 -2.79992e-11 5.00873e-11 -6.89197e-11 8.26869e-11 -9.00805e-11 9.04339e-11 -8.37884e-11 7.08788e-11 -5.30384e-11 3.20373e-11 -9.8742e-12 -1.14536e-11 3.01705e-11 -4.49077e-11 5.48302e-11 -5.96915e-11 5.98126e-11 -5.59909e-11 4.93551e-11 -4.11871e-11 3.27376e-11 -2.50589e-11 1.88789e-11 -1.45297e-11 1.19407e-11 -1.06917e-11 1.01176e-11 -9.44639e-12 7.9486e-12 -5.07462e-12 5.59823e-13 5.51878e-12 -1.27424e-11 2.04063e-11 -2.7623e-11 3.3457e-11 -3.70707e-11 3.78588e-11 -3.55524e-11 3.02745e-11 -2.25405e-11 1.32002e-11 -3.33151e-12 -5.90242e-12 1.34096e-11 -1.83193e-11 2.01034e-11 -1.86512e-11 1.42877e-11 -7.73192e-12 0. 
0.000115423 0.000106 9.66924e-05 8.77539e-05 7.90993e-05 7.10484e-05 6.33668e-05 5.62981e-05 4.97343e-05 4.35379e-05 3.80203e-05 3.27634e-05 2.79949e-05 2.35826e-05 1.95306e-05 1.59391e-05 1.25494e-05 9.50737e-06 6.92515e-06 4.60092e-06 2.53708e-06 1.09117e-06 3.86598e-07 9.53053e-08 8.22913e-09 1.40528e-08 -5.77826e-09 -1.83298e-09 6.38242e-09 -6.69379e-09 2.77485e-09 1.21632e-09 -4.01667e-09 3.59418e-09 -1.56396e-09 -1.61015e-09 3.03564e-09 -2.87375e-09 7.64294e-10 9.84094e-10 -2.19723e-09 1.80411e-09 -9.37917e-10 -4.49104e-10 1.13706e-09 -1.18085e-09 4.71705e-10 4.0251e-10 -9.29804e-10 8.09171e-10 -1.73188e-10 -5.52103e-10 9.30504e-10 -7.75136e-10 2.25105e-10 3.76065e-10 -7.02315e-10 6.28222e-10 -2.73184e-10 -1.02821e-10 2.71924e-10 -1.67236e-10 -1.02721e-10 3.44962e-10 -4.08036e-10 2.6441e-10 -9.25477e-12 -2.10161e-10 2.84038e-10 -1.95703e-10 1.74949e-11 1.42125e-10 -2.03729e-10 1.56214e-10 -5.19581e-11 -3.30808e-11 4.67785e-11 1.21378e-11 -9.99847e-11 1.59097e-10 -1.52867e-10 8.43197e-11 1.01968e-11 -8.5339e-11 1.12896e-10 -9.46813e-11 5.67602e-11 -3.09215e-11 3.57062e-11 -6.77648e-11 1.06916e-10 -1.30043e-10 1.2469e-10 -9.47224e-11 5.60013e-11 -2.59605e-11 1.38288e-11 -1.69173e-11 2.41907e-11 -2.40707e-11 1.14684e-11 9.82592e-12 -3.01224e-11 3.98071e-11 -3.45966e-11 1.72753e-11 4.53477e-12 -2.27742e-11 3.27927e-11 -3.46508e-11 3.16132e-11 -2.71838e-11 2.26451e-11 -1.64813e-11 5.78249e-12 1.14307e-11 -3.44225e-11 5.94917e-11 -8.12838e-11 9.4849e-11 -9.73371e-11 8.85738e-11 -7.04622e-11 4.57679e-11 -1.70551e-11 -1.37113e-11 4.48721e-11 -7.44891e-11 9.99907e-11 -1.1837e-10 1.26888e-10 -1.23938e-10 1.09624e-10 -8.58015e-11 5.5589e-11 -2.2601e-11 -9.759e-12 3.87192e-11 -6.22389e-11 7.89154e-11 -8.78859e-11 8.88407e-11 -8.21427e-11 6.89392e-11 -5.11362e-11 3.11668e-11 -1.15945e-11 -5.3288e-12 1.80067e-11 -2.56535e-11 2.82521e-11 -2.63805e-11 2.09967e-11 -1.32557e-11 4.38256e-12 4.41753e-12 -1.20443e-11 1.7603e-11 -2.05084e-11 2.05603e-11 -1.79534e-11 1.3209e-11 -7.04283e-12 2.10916e-13 6.62203e-12 -1.29588e-11 1.84835e-11 -2.30275e-11 2.65147e-11 -2.89101e-11 3.01856e-11 -3.03035e-11 2.92142e-11 -2.68624e-11 2.32014e-11 -1.8219e-11 1.19754e-11 -4.64924e-12 -3.41983e-12 1.17084e-11 -1.95211e-11 2.60442e-11 -3.04384e-11 3.19565e-11 -3.00667e-11 2.45596e-11 -1.56212e-11 3.85841e-12 9.7269e-12 -2.38172e-11 3.6904e-11 -4.74479e-11 5.40571e-11 -5.56638e-11 5.16755e-11 -4.20797e-11 2.74833e-11 -9.07789e-12 -1.14679e-11 3.21795e-11 -5.09896e-11 6.5968e-11 -7.55406e-11 7.867e-11 -7.49767e-11 6.47853e-11 -4.90907e-11 2.9446e-11 -7.78766e-12 -1.37833e-11 3.32364e-11 -4.88344e-11 5.93169e-11 -6.40225e-11 6.29366e-11 -5.66599e-11 4.63059e-11 -3.33404e-11 1.9388e-11 -6.02828e-12 -5.38983e-12 1.3894e-11 -1.89775e-11 2.06229e-11 -1.926e-11 1.56671e-11 -1.0832e-11 5.79406e-12 -1.48908e-12 -1.3798e-12 2.42946e-12 -1.63145e-12 -7.08604e-13 4.02107e-12 -7.57956e-12 1.06277e-11 -1.2506e-11 1.27594e-11 -1.12097e-11 7.98287e-12 -3.48844e-12 -1.64638e-12 6.67541e-12 -1.08507e-11 1.35393e-11 -1.43226e-11 1.30622e-11 -9.92261e-12 5.34885e-12 0. 
0.000115423 0.000105376 9.5541e-05 8.60845e-05 7.71666e-05 6.87928e-05 6.11197e-05 5.3929e-05 4.75091e-05 4.14597e-05 3.59999e-05 3.10307e-05 2.64508e-05 2.23115e-05 1.84449e-05 1.5019e-05 1.18915e-05 9.05216e-06 6.62901e-06 4.42226e-06 2.49311e-06 1.11176e-06 3.58469e-07 1.00506e-07 2.47836e-08 -8.23461e-09 7.55686e-09 -7.29366e-10 -5.04533e-09 6.1415e-09 -3.87035e-09 -3.54768e-10 2.96031e-09 -3.74646e-09 1.81341e-09 6.06302e-10 -2.73176e-09 2.57136e-09 -1.30842e-09 -7.38416e-10 1.71173e-09 -1.93566e-09 9.37833e-10 6.3183e-11 -9.85766e-10 1.07908e-09 -5.74809e-10 -2.32257e-10 7.87016e-10 -7.80691e-10 2.61699e-10 4.11698e-10 -8.26194e-10 7.64699e-10 -3.08533e-10 -2.47919e-10 5.93245e-10 -5.79198e-10 2.83313e-10 6.87022e-11 -2.57355e-10 1.97759e-10 3.11955e-11 -2.58945e-10 3.37802e-10 -2.26319e-10 -1.3109e-12 2.13166e-10 -3.01571e-10 2.39589e-10 -8.43005e-11 -6.71001e-11 1.3704e-10 -1.07389e-10 1.99039e-11 5.72436e-11 -7.30295e-11 2.10586e-11 6.24527e-11 -1.25015e-10 1.30212e-10 -7.67595e-11 -4.84633e-12 7.32348e-11 -1.00364e-10 8.48528e-11 -4.84277e-11 1.9905e-11 -1.75983e-11 4.0339e-11 -7.09411e-11 8.83295e-11 -8.02023e-11 4.89817e-11 -8.65599e-12 -2.43968e-11 4.05692e-11 -4.10178e-11 3.49955e-11 -3.29974e-11 4.02003e-11 -5.38796e-11 6.5735e-11 -6.71717e-11 5.41996e-11 -2.92872e-11 -4.27093e-13 2.70719e-11 -4.56746e-11 5.5585e-11 -5.93145e-11 5.99187e-11 -5.86926e-11 5.44952e-11 -4.48893e-11 2.8199e-11 -5.16843e-12 -2.07283e-11 4.44162e-11 -6.10889e-11 6.78134e-11 -6.41475e-11 5.16692e-11 -3.28936e-11 1.02695e-11 1.42495e-11 -3.90027e-11 6.21274e-11 -8.12415e-11 9.36106e-11 -9.67773e-11 8.93487e-11 -7.15463e-11 4.52639e-11 -1.36285e-11 -1.97124e-11 5.12753e-11 -7.81772e-11 9.82771e-11 -1.10129e-10 1.12913e-10 -1.06452e-10 9.1313e-11 -6.89052e-11 4.1438e-11 -1.16922e-11 -1.73739e-11 4.30682e-11 -6.33288e-11 7.69165e-11 -8.34213e-11 8.31355e-11 -7.68741e-11 6.58074e-11 -5.13323e-11 3.49664e-11 -1.82391e-11 2.56246e-12 1.09067e-11 -2.13789e-11 2.84846e-11 -3.22487e-11 3.29978e-11 -3.12351e-11 2.75218e-11 -2.23985e-11 1.63522e-11 -9.82071e-12 3.21234e-12 3.07884e-12 -8.6717e-12 1.32101e-11 -1.63819e-11 1.79389e-11 -1.77163e-11 1.56546e-11 -1.18248e-11 6.45598e-12 4.34184e-14 -7.08371e-12 1.39217e-11 -1.9724e-11 2.36608e-11 -2.50189e-11 2.33132e-11 -1.83802e-11 1.0435e-11 -8.35826e-14 -1.17143e-11 2.37296e-11 -3.45882e-11 4.29235e-11 -4.75419e-11 4.75809e-11 -4.264e-11 3.2864e-11 -1.89648e-11 2.17284e-12 1.58778e-11 -3.33206e-11 4.82635e-11 -5.90061e-11 6.42419e-11 -6.32188e-11 5.58399e-11 -4.26899e-11 2.49833e-11 -4.43942e-12 -1.69024e-11 3.69059e-11 -5.35737e-11 6.52667e-11 -7.08815e-11 6.99644e-11 -6.27496e-11 5.0117e-11 -3.34782e-11 1.46039e-11 4.5834e-12 -2.22266e-11 3.67342e-11 -4.69416e-11 5.22133e-11 -5.24795e-11 4.82026e-11 -4.02835e-11 2.99216e-11 -1.8449e-11 7.16097e-12 2.83481e-12 -1.07323e-11 1.60923e-11 -1.88541e-11 1.92949e-11 -1.79486e-11 1.54961e-11 -1.26468e-11 1.00276e-11 -8.09598e-12 7.08732e-12 -7.00267e-12 7.63542e-12 -8.63019e-12 9.56243e-12 -1.00245e-11 9.70351e-12 -8.43872e-12 6.24883e-12 -3.32629e-12 0. 
0.000115423 0.000104564 9.39864e-05 8.39749e-05 7.46035e-05 6.60439e-05 5.82196e-05 5.11157e-05 4.4723e-05 3.89435e-05 3.37052e-05 2.89122e-05 2.4635e-05 2.0722e-05 1.7168e-05 1.40023e-05 1.10636e-05 8.43779e-06 6.22614e-06 4.22543e-06 2.39214e-06 1.0722e-06 3.83446e-07 8.81798e-08 1.54633e-08 1.15631e-08 -7.80846e-09 2.25668e-09 3.13615e-09 -5.71131e-09 3.97826e-09 -7.86808e-10 -2.39672e-09 3.19839e-09 -2.31686e-09 -2.15567e-10 1.96822e-09 -2.58343e-09 1.28058e-09 2.10701e-10 -1.5659e-09 1.64252e-09 -1.16855e-09 3.45363e-11 7.10397e-10 -1.00331e-09 6.02668e-10 9.00371e-11 -6.45919e-10 7.2058e-10 -3.09918e-10 -2.96741e-10 7.20467e-10 -7.31101e-10 3.63619e-10 1.36304e-10 -4.80935e-10 5.11141e-10 -2.70271e-10 -5.04521e-11 2.46515e-10 -2.23077e-10 3.4005e-11 1.73391e-10 -2.59959e-10 1.75626e-10 2.36689e-11 -2.22257e-10 3.18061e-10 -2.77577e-10 1.44543e-10 -4.27756e-12 -6.98593e-11 5.52274e-11 1.57546e-11 -8.31307e-11 9.85623e-11 -5.21612e-11 -2.66023e-11 9.08902e-11 -1.05713e-10 6.66742e-11 1.10104e-12 -6.06165e-11 8.49511e-11 -7.04493e-11 3.49157e-11 -4.00072e-12 -4.77351e-12 -9.07313e-12 3.1157e-11 -4.26469e-11 3.18071e-11 4.2318e-14 -4.07264e-11 7.51667e-11 -9.3781e-11 9.65478e-11 -9.10921e-11 8.67578e-11 -8.86145e-11 9.48228e-11 -9.84048e-11 9.18406e-11 -7.15425e-11 3.97301e-11 -3.02007e-12 -3.10448e-11 5.73531e-11 -7.46928e-11 8.48854e-11 -9.05104e-11 9.27924e-11 -9.08788e-11 8.27488e-11 -6.70084e-11 4.4401e-11 -1.81483e-11 -7.01073e-12 2.64933e-11 -3.73618e-11 3.89527e-11 -3.25162e-11 2.02649e-11 -4.44787e-12 -1.30869e-11 3.0764e-11 -4.68681e-11 5.92646e-11 -6.55396e-11 6.35549e-11 -5.21557e-11 3.16783e-11 -4.01763e-12 -2.77624e-11 6.00831e-11 -8.94995e-11 1.13137e-10 -1.28859e-10 1.35261e-10 -1.31621e-10 1.17918e-10 -9.49245e-11 6.42734e-11 -2.84146e-11 -9.61501e-12 4.65731e-11 -7.94496e-11 1.05837e-10 -1.24148e-10 1.33664e-10 -1.34443e-10 1.27177e-10 -1.13039e-10 9.35569e-11 -7.04952e-11 4.5729e-11 -2.10931e-11 -1.78074e-12 2.16048e-11 -3.75223e-11 4.9118e-11 -5.63615e-11 5.95091e-11 -5.90012e-11 5.53834e-11 -4.9261e-11 4.12794e-11 -3.21152e-11 2.24616e-11 -1.30015e-11 4.37219e-12 2.8728e-12 -8.29595e-12 1.16012e-11 -1.26539e-11 1.14976e-11 -8.36821e-12 3.69839e-12 1.8959e-12 -7.65518e-12 1.27457e-11 -1.63532e-11 1.77898e-11 -1.65953e-11 1.26185e-11 -6.06229e-12 -2.5136e-12 1.22359e-11 -2.20028e-11 3.06038e-11 -3.68615e-11 3.97814e-11 -3.86917e-11 3.33538e-11 -2.40273e-11 1.14767e-11 3.08606e-12 -1.81187e-11 3.19149e-11 -4.27998e-11 4.93305e-11 -5.04781e-11 4.57671e-11 -3.53554e-11 2.00426e-11 -1.20431e-12 -1.93422e-11 3.9526e-11 -5.72451e-11 7.0596e-11 -7.80848e-11 7.87943e-11 -7.24874e-11 5.96335e-11 -4.13579e-11 1.9318e-11 4.47732e-12 -2.78823e-11 4.88394e-11 -6.55883e-11 7.68348e-11 -8.1863e-11 8.05794e-11 -7.34868e-11 6.15952e-11 -4.62818e-11 2.9121e-11 -1.17048e-11 -4.52392e-12 1.84063e-11 -2.91577e-11 3.64054e-11 -4.01746e-11 4.08287e-11 -3.89769e-11 3.53634e-11 -3.07556e-11 2.58456e-11 -2.11769e-11 1.71039e-11 -1.3785e-11 1.12067e-11 -9.2294e-12 7.64628e-12 -6.24179e-12 4.84053e-12 -3.33806e-12 1.71006e-12 0. 
0.000115423 0.000103463 9.19217e-05 8.11643e-05 7.13735e-05 6.24742e-05 5.4717e-05 4.76166e-05 4.14569e-05 3.58665e-05 3.09584e-05 2.65115e-05 2.24981e-05 1.89346e-05 1.56252e-05 1.27558e-05 1.01337e-05 7.72991e-06 5.71199e-06 3.906e-06 2.27411e-06 1.03654e-06 3.50519e-07 1.03546e-07 1.85901e-08 -4.48956e-09 7.8432e-09 -3.54442e-09 -1.91467e-09 4.58462e-09 -4.17435e-09 1.15847e-09 1.46136e-09 -2.97507e-09 2.15762e-09 -4.20389e-10 -1.63491e-09 2.10295e-09 -1.49931e-09 -9.95336e-11 1.12416e-09 -1.61621e-09 1.03747e-09 -2.8068e-10 -5.79188e-10 8.49083e-10 -6.09308e-10 8.87993e-12 5.11645e-10 -6.40217e-10 3.24349e-10 2.0681e-10 -6.17354e-10 6.78654e-10 -3.91209e-10 -4.52318e-11 3.72968e-10 -4.32441e-10 2.40814e-10 4.37753e-11 -2.36655e-10 2.40216e-10 -8.82254e-11 -9.49959e-11 1.82508e-10 -1.20396e-10 -5.06756e-11 2.31507e-10 -3.28367e-10 3.04579e-10 -1.92607e-10 6.57571e-11 8.70803e-12 -5.94117e-12 -4.95889e-11 1.06259e-10 -1.19689e-10 7.79847e-11 -4.66651e-12 -5.9343e-11 8.1514e-11 -5.54472e-11 1.45134e-12 4.80916e-11 -6.81766e-11 5.37191e-11 -1.90535e-11 -1.34366e-11 2.74965e-11 -2.15006e-11 7.26466e-12 -1.25631e-12 1.43086e-11 -4.58995e-11 8.55937e-11 -1.19813e-10 1.39366e-10 -1.43395e-10 1.38067e-10 -1.31541e-10 1.28611e-10 -1.28143e-10 1.24391e-10 -1.10924e-10 8.46244e-11 -4.74988e-11 5.58836e-12 3.40414e-11 -6.6333e-11 8.96803e-11 -1.05304e-10 1.15311e-10 -1.20797e-10 1.21128e-10 -1.14646e-10 1.00213e-10 -7.8556e-11 5.26117e-11 -2.67226e-11 5.16333e-12 9.21003e-12 -1.55729e-11 1.48643e-11 -8.96604e-12 -1.32251e-13 1.0759e-11 -2.1489e-11 3.08056e-11 -3.68591e-11 3.75827e-11 -3.11739e-11 1.67188e-11 5.35131e-12 -3.31892e-11 6.38732e-11 -9.39968e-11 1.20268e-10 -1.39931e-10 1.5095e-10 -1.52023e-10 1.42561e-10 -1.22701e-10 9.33807e-11 -5.63921e-11 1.43261e-11 2.9649e-11 -7.21503e-11 1.09999e-10 -1.40586e-10 1.62103e-10 -1.73612e-10 1.74998e-10 -1.66846e-10 1.50309e-10 -1.26985e-10 9.87955e-11 -6.78477e-11 3.62705e-11 -6.03767e-12 -2.11925e-11 4.41878e-11 -6.21819e-11 7.48468e-11 -8.222e-11 8.46181e-11 -8.25614e-11 7.67204e-11 -6.78798e-11 5.69071e-11 -4.47157e-11 3.22172e-11 -2.02673e-11 9.61372e-12 -8.54023e-13 -5.59521e-12 9.51785e-12 -1.09099e-11 9.98377e-12 -7.161e-12 3.04849e-12 1.60902e-12 -6.00072e-12 9.34095e-12 -1.09683e-11 1.0438e-11 -7.59143e-12 2.59312e-12 4.0734e-12 -1.16504e-11 1.91878e-11 -2.56544e-11 3.00668e-11 -3.16217e-11 2.98166e-11 -2.45416e-11 1.61287e-11 -5.34653e-12 -6.6608e-12 1.84888e-11 -2.86287e-11 3.5647e-11 -3.83659e-11 3.60233e-11 -2.83905e-11 1.58321e-11 6.99909e-13 -1.9742e-11 3.94562e-11 -5.78162e-11 7.28214e-11 -8.27149e-11 8.61813e-11 -8.24992e-11 7.16315e-11 -5.42427e-11 3.16391e-11 -5.64151e-12 -2.15975e-11 4.78092e-11 -7.08336e-11 8.88288e-11 -1.00442e-10 1.04924e-10 -1.02179e-10 9.27443e-11 -7.77031e-11 5.85513e-11 -3.70259e-11 1.49222e-11 6.08102e-12 -2.45702e-11 3.9504e-11 -5.02708e-11 5.66951e-11 -5.89975e-11 5.77166e-11 -5.3608e-11 4.75336e-11 -4.03571e-11 3.28554e-11 -2.56571e-11 1.92088e-11 -1.37708e-11 9.43553e-12 -6.16262e-12 3.82095e-12 -2.22946e-12 1.18993e-12 -5.07803e-13 0. 
0.000115423 0.000101893 8.91543e-05 7.73931e-05 6.71665e-05 5.80566e-05 5.02433e-05 4.34891e-05 3.75051e-05 3.23451e-05 2.77417e-05 2.36815e-05 2.00769e-05 1.68453e-05 1.39344e-05 1.13458e-05 9.00268e-06 6.89704e-06 5.12133e-06 3.53528e-06 2.06513e-06 9.66727e-07 3.51614e-07 8.3369e-08 1.99256e-08 7.59023e-09 -6.69517e-09 3.87412e-09 5.73128e-10 -3.81174e-09 3.67204e-09 -1.67291e-09 -1.04812e-09 2.31062e-09 -2.22906e-09 5.25877e-10 1.02524e-09 -1.93191e-09 1.28051e-09 -2.10622e-10 -9.83857e-10 1.28159e-09 -1.09742e-09 2.79069e-10 3.66048e-10 -7.38512e-10 5.6136e-10 -7.9508e-11 -3.93362e-10 5.47821e-10 -3.12358e-10 -1.39456e-10 5.18745e-10 -6.10668e-10 3.92634e-10 -2.27456e-11 -2.75424e-10 3.507e-10 -2.01823e-10 -4.37113e-11 2.24429e-10 -2.46118e-10 1.27334e-10 2.95779e-11 -1.12591e-10 6.81241e-11 7.54514e-11 -2.35097e-10 3.27559e-10 -3.15969e-10 2.23603e-10 -1.11955e-10 4.07268e-11 -3.49389e-11 7.66781e-11 -1.22546e-10 1.33107e-10 -9.57755e-11 2.89306e-11 3.25274e-11 -5.937e-11 4.41973e-11 -3.07884e-12 -3.633e-11 5.1586e-11 -3.69306e-11 3.67699e-12 2.90901e-11 -4.67775e-11 4.70763e-11 -3.94891e-11 3.80652e-11 -5.24708e-11 8.27182e-11 -1.20034e-10 1.52506e-10 -1.71653e-10 1.761e-10 -1.70735e-10 1.62518e-10 -1.55822e-10 1.5005e-10 -1.40577e-10 1.22042e-10 -9.18288e-11 5.17396e-11 -7.1707e-12 -3.54425e-11 7.12931e-11 -9.85587e-11 1.17969e-10 -1.31184e-10 1.3914e-10 -1.41362e-10 1.36512e-10 -1.23678e-10 1.03549e-10 -7.87414e-11 5.31377e-11 -3.06167e-11 1.38617e-11 -3.78708e-12 -2.69151e-13 -1.48505e-13 3.34486e-12 -7.87158e-12 1.24964e-11 -1.59312e-11 1.66283e-11 -1.28748e-11 3.20128e-12 1.30807e-11 -3.54779e-11 6.22483e-11 -9.06945e-11 1.17682e-10 -1.4018e-10 1.55648e-10 -1.62228e-10 1.58771e-10 -1.44829e-10 1.20671e-10 -8.73412e-11 4.66932e-11 -1.3333e-12 -4.55889e-11 9.07153e-11 -1.30868e-10 1.63395e-10 -1.864e-10 1.98832e-10 -2.00457e-10 1.91767e-10 -1.73861e-10 1.48336e-10 -1.17158e-10 8.25317e-11 -4.67248e-11 1.18931e-11 2.00894e-11 -4.77542e-11 7.0097e-11 -8.65737e-11 9.70489e-11 -1.01726e-10 1.01075e-10 -9.57837e-11 8.67014e-11 -7.48011e-11 6.11245e-11 -4.67208e-11 3.2582e-11 -1.9582e-11 8.42705e-12 3.77244e-13 -6.54634e-12 1.00248e-11 -1.09844e-11 9.81013e-12 -7.06984e-12 3.46389e-12 2.45497e-13 -3.31995e-12 5.1353e-12 -5.26343e-12 3.53267e-12 -5.70076e-14 -4.77095e-12 1.03233e-11 -1.58124e-11 2.039e-11 -2.32612e-11 2.37983e-11 -2.16425e-11 1.67788e-11 -9.57102e-12 7.49871e-13 8.64883e-12 -1.73919e-11 2.41904e-11 -2.78597e-11 2.74774e-11 -2.25192e-11 1.2956e-11 7.03667e-13 -1.74308e-11 3.57557e-11 -5.39024e-11 6.99648e-11 -8.21061e-11 8.87596e-11 -8.8807e-11 8.17144e-11 -6.76084e-11 4.72843e-11 -2.21427e-11 -5.93746e-12 3.47755e-11 -6.20977e-11 8.57529e-11 -1.03914e-10 1.15243e-10 -1.19005e-10 1.15114e-10 -1.04121e-10 8.71325e-11 -6.56827e-11 4.15697e-11 -1.6676e-11 -7.20566e-12 2.8525e-11 -4.60897e-11 5.9135e-11 -6.73451e-11 7.08279e-11 -7.00512e-11 6.57519e-11 -5.88306e-11 5.02459e-11 -4.09186e-11 3.16564e-11 -2.31022e-11 1.57091e-11 -9.73773e-12 5.27272e-12 -2.25109e-12 4.956e-13 2.52241e-13 -3.03613e-13 0. 
0.000115423 9.97169e-05 8.51117e-05 7.24537e-05 6.15558e-05 5.25292e-05 4.48388e-05 3.83904e-05 3.29508e-05 2.81707e-05 2.41239e-05 2.05e-05 1.73201e-05 1.45289e-05 1.19702e-05 9.77531e-06 7.77407e-06 5.944e-06 4.41944e-06 3.07426e-06 1.83706e-06 8.6312e-07 3.08938e-07 9.35517e-08 1.47003e-08 -8.16374e-10 5.95148e-09 -3.9799e-09 3.5426e-11 2.72885e-09 -3.33548e-09 1.5798e-09 4.43829e-10 -1.97834e-09 1.83855e-09 -7.96275e-10 -7.98777e-10 1.44274e-09 -1.27123e-09 1.92731e-10 6.46197e-10 -1.16972e-09 8.87301e-10 -3.87883e-10 -2.8333e-10 5.80364e-10 -5.05867e-10 1.12984e-10 2.90703e-10 -4.51079e-10 2.80764e-10 9.10065e-11 -4.24988e-10 5.29672e-10 -3.69734e-10 6.66297e-11 1.92518e-10 -2.72067e-10 1.59444e-10 4.55057e-11 -2.06652e-10 2.38293e-10 -1.48322e-10 1.85694e-11 5.57447e-11 -2.48815e-11 -9.22604e-11 2.28195e-10 -3.11715e-10 3.08316e-10 -2.34048e-10 1.39006e-10 -7.42387e-11 6.31972e-11 -9.32054e-11 1.28834e-10 -1.36339e-10 1.03562e-10 -4.45084e-11 -1.1941e-11 4.05289e-11 -3.37304e-11 3.93837e-12 2.59395e-11 -3.65322e-11 2.20572e-11 8.77094e-12 -4.01527e-11 5.94773e-11 -6.41631e-11 6.16553e-11 -6.35789e-11 7.82314e-11 -1.05939e-10 1.39516e-10 -1.68848e-10 1.86444e-10 -1.90696e-10 1.85382e-10 -1.76267e-10 1.67182e-10 -1.57906e-10 1.44819e-10 -1.23587e-10 9.2096e-11 -5.19289e-11 7.75874e-12 3.47619e-11 -7.12697e-11 9.99045e-11 -1.21025e-10 1.3589e-10 -1.45262e-10 1.48786e-10 -1.45402e-10 1.34399e-10 -1.16401e-10 9.36684e-11 -6.95585e-11 4.7468e-11 -2.98144e-11 1.75237e-11 -1.01646e-11 6.51737e-12 -5.19522e-12 4.9979e-12 -4.90796e-12 3.87713e-12 -6.5941e-13 -6.11421e-12 1.75983e-11 -3.42835e-11 5.56579e-11 -8.0146e-11 1.05354e-10 -1.28515e-10 1.4695e-10 -1.58423e-10 1.61311e-10 -1.54648e-10 1.3812e-10 -1.12084e-10 7.76064e-11 -3.64917e-11 -8.78158e-12 5.52468e-11 -9.97472e-11 1.39283e-10 -1.71323e-10 1.94024e-10 -2.06319e-10 2.07914e-10 -1.99214e-10 1.81229e-10 -1.55466e-10 1.23821e-10 -8.844e-11 5.15658e-11 -1.53597e-11 -1.82594e-11 4.77406e-11 -7.19707e-11 9.02844e-11 -1.02432e-10 1.08521e-10 -1.08961e-10 1.04402e-10 -9.56915e-11 8.38156e-11 -6.98454e-11 5.48678e-11 -3.99163e-11 2.59081e-11 -1.35925e-11 3.5164e-12 3.99489e-12 -8.84429e-12 1.11577e-11 -1.12664e-11 9.67519e-12 -7.01292e-12 3.96668e-12 -1.20468e-12 -7.03485e-13 1.35756e-12 -5.77758e-13 -1.57186e-12 4.79156e-12 -8.5851e-12 1.23259e-11 -1.53426e-11 1.70155e-11 -1.68719e-11 1.4669e-11 -1.04534e-11 4.58472e-12 2.27937e-12 -9.24209e-12 1.52633e-11 -1.92834e-11 2.03602e-11 -1.78027e-11 1.12828e-11 -9.12339e-13 -1.27283e-11 2.86148e-11 -4.53564e-11 6.1321e-11 -7.4795e-11 8.41612e-11 -8.80759e-11 8.56249e-11 -7.6439e-11 6.0757e-11 -3.94257e-11 1.38381e-11 1.4187e-11 -4.2568e-11 6.91528e-11 -9.19162e-11 1.09145e-10 -1.1959e-10 1.22569e-10 -1.18015e-10 1.06465e-10 -8.8983e-11 6.70513e-11 -4.24134e-11 1.69101e-11 7.68572e-12 -2.98158e-11 4.82515e-11 -6.21672e-11 7.11708e-11 -7.52893e-11 7.49182e-11 -7.07419e-11 6.36384e-11 -5.45777e-11 4.45273e-11 -3.43709e-11 2.48483e-11 -1.65172e-11 9.73724e-12 -4.67277e-12 1.31063e-12 5.13316e-13 -1.08283e-12 7.69126e-13 0. 
0.000115423 9.62298e-05 7.94833e-05 6.53949e-05 5.44102e-05 4.54171e-05 3.83245e-05 3.24438e-05 2.75759e-05 2.35031e-05 1.99674e-05 1.69512e-05 1.42878e-05 1.19546e-05 9.86627e-06 8.02108e-06 6.3836e-06 4.90219e-06 3.6512e-06 2.5506e-06 1.52818e-06 7.40418e-07 2.75794e-07 6.98834e-08 1.87811e-08 4.38115e-09 -4.33245e-09 3.46798e-09 -6.07777e-10 -2.06264e-09 2.59493e-09 -1.59429e-09 -2.70413e-10 1.39512e-09 -1.65146e-09 6.77589e-10 4.127e-10 -1.21703e-09 9.66478e-10 -3.1575e-10 -5.41338e-10 8.52245e-10 -8.23843e-10 3.10662e-10 1.48435e-10 -4.67495e-10 4.15786e-10 -1.24888e-10 -2.07138e-10 3.54194e-10 -2.35766e-10 -5.74068e-11 3.35487e-10 -4.37719e-10 3.24947e-10 -8.70431e-11 -1.26373e-10 2.00768e-10 -1.18434e-10 -4.53291e-11 1.80972e-10 -2.15381e-10 1.49805e-10 -4.71779e-11 -1.53299e-11 -5.32486e-12 9.72197e-11 -2.07645e-10 2.78577e-10 -2.79961e-10 2.22385e-10 -1.45058e-10 8.95827e-11 -7.64053e-11 9.69065e-11 -1.23301e-10 1.28071e-10 -1.00414e-10 5.06465e-11 -1.69823e-12 -2.56636e-11 2.45267e-11 -4.12242e-12 -1.73512e-11 2.39855e-11 -1.05148e-11 -1.65692e-11 4.4713e-11 -6.35422e-11 7.05549e-11 -7.13795e-11 7.52404e-11 -8.89197e-11 1.1288e-10 -1.41455e-10 1.66437e-10 -1.81553e-10 1.8521e-10 -1.8023e-10 1.71196e-10 -1.61295e-10 1.50539e-10 -1.36199e-10 1.1491e-10 -8.50396e-11 4.79222e-11 -7.42423e-12 -3.17288e-11 6.57973e-11 -9.30542e-11 1.13608e-10 -1.28371e-10 1.37931e-10 -1.42028e-10 1.39846e-10 -1.30852e-10 1.15581e-10 -9.58963e-11 7.45707e-11 -5.44368e-11 3.75565e-11 -2.47891e-11 1.58794e-11 -9.90766e-12 5.79295e-12 -2.59029e-12 -4.97534e-13 4.28223e-12 -9.72164e-12 1.78623e-11 -2.9572e-11 4.51795e-11 -6.42009e-11 8.52878e-11 -1.06425e-10 1.25293e-10 -1.39651e-10 1.47631e-10 -1.47892e-10 1.39664e-10 -1.22748e-10 9.75294e-11 -6.50096e-11 2.68207e-11 1.48324e-11 -5.73312e-11 9.78952e-11 -1.33875e-10 1.63022e-10 -1.83673e-10 1.94845e-10 -1.96234e-10 1.88163e-10 -1.71508e-10 1.47605e-10 -1.18152e-10 8.50914e-11 -5.04678e-11 1.62727e-11 1.57023e-11 -4.39814e-11 6.7474e-11 -8.5494e-11 9.77399e-11 -1.04253e-10 1.05365e-10 -1.01653e-10 9.38895e-11 -8.29888e-11 6.99522e-11 -5.58019e-11 4.15151e-11 -2.79637e-11 1.58665e-11 -5.75606e-12 -2.03899e-12 7.39904e-12 -1.04072e-11 1.13319e-11 -1.05961e-11 8.73317e-12 -6.32954e-12 3.9586e-12 -2.11388e-12 1.15042e-12 -1.24305e-12 2.36808e-12 -4.31098e-12 6.69959e-12 -9.05891e-12 1.08813e-11 -1.17043e-11 1.1187e-11 -9.17528e-12 5.74657e-12 -1.2261e-12 -3.82994e-12 8.6854e-12 -1.25052e-11 1.44581e-11 -1.38283e-11 1.01234e-11 -3.16313e-12 -6.86313e-12 1.93781e-11 -3.34431e-11 4.78289e-11 -6.11243e-11 7.1873e-11 -7.87248e-11 8.0583e-11 -7.67344e-11 6.69434e-11 -5.15006e-11 3.12192e-11 -7.37751e-12 -1.83868e-11 4.42195e-11 -6.82153e-11 8.85899e-11 -1.03839e-10 1.12869e-10 -1.15089e-10 1.10453e-10 -9.94453e-11 8.30254e-11 -6.25242e-11 3.95141e-11 -1.56631e-11 -7.41057e-12 2.827e-11 -4.57643e-11 5.90992e-11 -6.7869e-11 7.2051e-11 -7.19658e-11 6.82117e-11 -6.15819e-11 5.29748e-11 -4.3307e-11 3.34359e-11 -2.40986e-11 1.58698e-11 -9.1388e-12 4.10434e-12 -7.84226e-13 -9.64057e-13 1.41561e-12 -9.46424e-13 0. 
0.000115423 9.06563e-05 7.05872e-05 5.59208e-05 4.47707e-05 3.67703e-05 3.04067e-05 2.55204e-05 2.1534e-05 1.82053e-05 1.54579e-05 1.30445e-05 1.09776e-05 9.17687e-06 7.5499e-06 6.16035e-06 4.9e-06 3.75446e-06 2.8012e-06 1.96807e-06 1.19713e-06 5.77195e-07 2.15814e-07 6.65452e-08 1.05116e-08 9.17451e-10 3.49432e-09 -2.85206e-09 6.32459e-10 1.29493e-09 -2.04241e-09 1.21852e-09 -2.44213e-12 -1.07736e-09 1.18418e-09 -6.71323e-10 -3.06172e-10 8.07087e-10 -8.20319e-10 2.18463e-10 3.14268e-10 -6.9483e-10 5.8355e-10 -3.08796e-10 -1.10275e-10 3.28557e-10 -3.26092e-10 1.10907e-10 1.38756e-10 -2.60533e-10 1.82129e-10 3.46978e-11 -2.49222e-10 3.36702e-10 -2.61404e-10 8.62262e-11 7.69491e-11 -1.38871e-10 8.17557e-11 4.07631e-11 -1.46331e-10 1.7754e-10 -1.32324e-10 5.62875e-11 -7.77694e-12 2.09323e-11 -8.87104e-11 1.72405e-10 -2.2794e-10 2.31368e-10 -1.89282e-10 1.30534e-10 -8.67291e-11 7.41755e-11 -8.73171e-11 1.05675e-10 -1.08337e-10 8.6578e-11 -4.76063e-11 8.49782e-12 1.48579e-11 -1.67554e-11 3.70622e-12 1.07337e-11 -1.44054e-11 2.98915e-12 1.89321e-11 -4.20013e-11 5.82751e-11 -6.56197e-11 6.80563e-11 -7.24495e-11 8.39624e-11 -1.03056e-10 1.25531e-10 -1.45163e-10 1.57086e-10 -1.59923e-10 1.5567e-10 -1.47746e-10 1.38612e-10 -1.28391e-10 1.15138e-10 -9.64003e-11 7.09935e-11 -3.99658e-11 6.29847e-12 2.63388e-11 -5.49889e-11 7.82091e-11 -9.59692e-11 1.08891e-10 -1.174e-10 1.21309e-10 -1.20028e-10 1.13176e-10 -1.01176e-10 8.54621e-11 -6.81666e-11 5.1485e-11 -3.70432e-11 2.556e-11 -1.69026e-11 1.04199e-11 -5.32346e-12 9.19189e-13 3.37565e-12 -8.14878e-12 1.40905e-11 -2.19521e-11 3.23466e-11 -4.54789e-11 6.09382e-11 -7.7659e-11 9.4069e-11 -1.08365e-10 1.18809e-10 -1.23956e-10 1.22778e-10 -1.14703e-10 9.96185e-11 -7.78794e-11 5.03324e-11 -1.83213e-11 -1.63601e-11 5.15942e-11 -8.51369e-11 1.14847e-10 -1.38897e-10 1.55927e-10 -1.65118e-10 1.66201e-10 -1.5942e-10 1.45474e-10 -1.25448e-10 1.0073e-10 -7.29167e-11 4.36997e-11 -1.47366e-11 -1.2468e-11 3.66594e-11 -5.68937e-11 7.2559e-11 -8.33642e-11 8.93093e-11 -9.06469e-11 8.78423e-11 -8.15324e-11 7.24816e-11 -6.15309e-11 4.95428e-11 -3.73452e-11 2.56801e-11 -1.51632e-11 6.25575e-12 7.50403e-13 -5.73673e-12 8.75222e-12 -9.99802e-12 9.80194e-12 -8.58207e-12 6.80091e-12 -4.9133e-12 3.31423e-12 -2.29355e-12 2.00402e-12 -2.44764e-12 3.482e-12 -4.84611e-12 6.20248e-12 -7.19062e-12 7.48584e-12 -6.8564e-12 5.21158e-12 -2.63375e-12 -6.11369e-13 4.08991e-12 -7.24062e-12 9.43819e-12 -1.00722e-11 8.63238e-12 -4.78972e-12 -1.53802e-12 1.01449e-11 -2.05267e-11 3.19053e-11 -4.32866e-11 5.35478e-11 -6.15456e-11 6.6234e-11 -6.678e-11 6.26625e-11 -5.37447e-11 4.03091e-11 -2.30522e-11 3.03633e-12 1.83953e-11 -3.97337e-11 5.94357e-11 -7.6061e-11 8.83988e-11 -9.55724e-11 9.71118e-11 -9.29867e-11 8.35988e-11 -6.97345e-11 5.24846e-11 -3.314e-11 1.30742e-11 6.3741e-12 -2.40081e-11 3.88598e-11 -5.02501e-11 5.78175e-11 -6.15174e-11 6.15932e-11 -5.85252e-11 5.29651e-11 -4.56633e-11 3.7396e-11 -2.89e-11 2.08188e-11 -1.36638e-11 7.79018e-12 -3.38911e-12 4.91804e-13 1.01536e-12 -1.36837e-12 8.98133e-13 0. 
0.000115423 8.00607e-05 5.6896e-05 4.21444e-05 3.27163e-05 2.60043e-05 2.13209e-05 1.76366e-05 1.47913e-05 1.24673e-05 1.05128e-05 8.88104e-06 7.45136e-06 6.22058e-06 5.124e-06 4.16133e-06 3.31662e-06 2.5497e-06 1.90193e-06 1.33771e-06 8.14014e-07 4.02914e-07 1.5305e-07 4.08429e-08 1.14574e-08 2.03923e-09 -2.00041e-09 1.94798e-09 -6.12565e-10 -8.40012e-10 1.29857e-09 -9.24726e-10 2.19394e-12 6.34097e-10 -8.59127e-10 4.33425e-10 1.15844e-10 -5.73178e-10 5.07231e-10 -2.08535e-10 -2.32462e-10 4.20239e-10 -4.36364e-10 1.92858e-10 4.26794e-11 -2.22625e-10 2.17934e-10 -8.40524e-11 -8.47762e-11 1.70624e-10 -1.23521e-10 -1.94161e-11 1.65122e-10 -2.28591e-10 1.82961e-10 -6.79327e-11 -4.21671e-11 8.6303e-11 -5.04654e-11 -3.10045e-11 1.03178e-10 -1.26589e-10 9.8416e-11 -4.82608e-11 1.52022e-11 -2.28687e-11 6.74825e-11 -1.23658e-10 1.61769e-10 -1.65188e-10 1.37658e-10 -9.81332e-11 6.78589e-11 -5.81667e-11 6.57927e-11 -7.72686e-11 7.85317e-11 -6.3472e-11 3.66398e-11 -9.35382e-12 -7.64822e-12 1.03144e-11 -2.78454e-12 -5.95442e-12 7.69294e-12 6.23982e-13 -1.6079e-11 3.24647e-11 -4.44095e-11 5.03671e-11 -5.29202e-11 5.66159e-11 -6.49299e-11 7.82231e-11 -9.37193e-11 1.07237e-10 -1.15456e-10 1.17371e-10 -1.14253e-10 1.08372e-10 -1.01403e-10 9.34833e-11 -8.33682e-11 6.94575e-11 -5.09847e-11 2.86735e-11 -4.55297e-12 -1.88682e-11 3.95431e-11 -5.64369e-11 6.94734e-11 -7.90354e-11 8.53963e-11 -8.8436e-11 8.77691e-11 -8.31513e-11 7.48774e-11 -6.39198e-11 5.17268e-11 -3.97975e-11 2.92554e-11 -2.06171e-11 1.38244e-11 -8.46361e-12 4.02224e-12 -4.66125e-14 -3.84243e-12 8.0246e-12 -1.29447e-11 1.90855e-11 -2.6836e-11 3.63108e-11 -4.72121e-11 5.88021e-11 -7.00029e-11 7.95818e-11 -8.63524e-11 8.93313e-11 -8.78239e-11 8.14528e-11 -7.01623e-11 5.42242e-11 -3.42514e-11 1.12009e-11 1.36611e-11 -3.88456e-11 6.2777e-11 -8.39508e-11 1.0108e-10 -1.132e-10 1.19726e-10 -1.20458e-10 1.1556e-10 -1.0552e-10 9.11023e-11 -7.32903e-11 5.32195e-11 -3.20961e-11 1.11077e-11 8.66157e-12 -2.63011e-11 4.11182e-11 -5.26554e-11 6.06857e-11 -6.51933e-11 6.63473e-11 -6.4474e-11 6.00269e-11 -5.35543e-11 4.56621e-11 -3.69734e-11 2.80883e-11 -1.95461e-11 1.17964e-11 -5.1785e-12 -8.92458e-14 3.91247e-12 -6.31627e-12 7.43396e-12 -7.48879e-12 6.76821e-12 -5.59187e-12 4.2756e-12 -3.09561e-12 2.25757e-12 -1.875e-12 1.96006e-12 -2.42804e-12 3.11497e-12 -3.8061e-12 4.27192e-12 -4.30755e-12 3.77067e-12 -2.61323e-12 9.02017e-13 1.17549e-12 -3.32241e-12 5.16095e-12 -6.27572e-12 6.26738e-12 -4.81005e-12 1.70536e-12 3.0742e-12 -9.35891e-12 1.67768e-11 -2.47718e-11 3.26456e-11 -3.96178e-11 4.49014e-11 -4.77833e-11 4.77038e-11 -4.43234e-11 3.75718e-11 -2.76705e-11 1.51278e-11 -7.04521e-13 -1.46463e-11 2.98591e-11 -4.38482e-11 5.56025e-11 -6.42739e-11 6.925e-11 -7.02044e-11 6.712e-11 -6.0284e-11 5.02548e-11 -3.78062e-11 2.38551e-11 -9.37861e-12 -4.66793e-12 1.74271e-11 -2.82011e-11 3.64953e-11 -4.20404e-11 4.47927e-11 -4.49159e-11 4.27463e-11 -3.87468e-11 3.34558e-11 -2.74352e-11 2.12233e-11 -1.52944e-11 1.00294e-11 -5.69698e-12 2.44562e-12 -3.05146e-13 -8.03466e-13 1.05227e-12 -6.86184e-13 0. 
0.000115423 5.75386e-05 3.43964e-05 2.35736e-05 1.73949e-05 1.36531e-05 1.09603e-05 9.05044e-06 7.53855e-06 6.3263e-06 5.34004e-06 4.48748e-06 3.767e-06 3.14222e-06 2.58287e-06 2.10588e-06 1.67498e-06 1.28494e-06 9.60141e-07 6.77615e-07 4.15868e-07 2.03384e-07 7.77943e-08 2.42505e-08 3.94924e-09 5.91865e-10 1.13308e-09 -1.0116e-09 3.14147e-10 3.63176e-10 -6.76435e-10 4.46488e-10 -4.72728e-11 -3.36015e-10 4.04009e-10 -2.54866e-10 -7.10894e-11 2.55751e-10 -2.80412e-10 8.92973e-11 9.16496e-11 -2.29136e-10 2.02195e-10 -1.15583e-10 -2.6131e-11 1.05324e-10 -1.11833e-10 4.41363e-11 3.97498e-11 -8.43448e-11 6.22864e-11 8.64869e-12 -8.22812e-11 1.1556e-10 -9.4144e-11 3.71996e-11 1.82108e-11 -4.11213e-11 2.38796e-11 1.67798e-11 -5.33982e-11 6.58918e-11 -5.24133e-11 2.75147e-11 -1.07819e-11 1.42865e-11 -3.64162e-11 6.46098e-11 -8.39864e-11 8.60347e-11 -7.24293e-11 5.25583e-11 -3.70946e-11 3.18409e-11 -3.52986e-11 4.07914e-11 -4.12536e-11 3.3543e-11 -1.98573e-11 5.83503e-12 3.11263e-12 -4.88515e-12 1.49126e-12 2.59211e-12 -3.23005e-12 -1.15722e-12 9.15278e-12 -1.76626e-11 2.39785e-11 -2.72899e-11 2.88581e-11 -3.09472e-11 3.53045e-11 -4.21262e-11 5.00314e-11 -5.69202e-11 6.11087e-11 -6.20684e-11 6.04171e-11 -5.72863e-11 5.35242e-11 -4.92159e-11 4.37553e-11 -3.63535e-11 2.66348e-11 -1.49691e-11 2.38377e-12 9.8475e-12 -2.06781e-11 2.9568e-11 -3.64618e-11 4.15409e-11 -4.49385e-11 4.65956e-11 -4.63221e-11 4.39988e-11 -3.97766e-11 3.41472e-11 -2.78429e-11 2.16242e-11 -1.60651e-11 1.14356e-11 -7.71596e-12 4.7062e-12 -2.15432e-12 -1.63291e-13 2.43298e-12 -4.84054e-12 7.60332e-12 -1.09569e-11 1.50893e-11 -2.00511e-11 2.56858e-11 -3.1616e-11 3.72936e-11 -4.2093e-11 4.54128e-11 -4.67554e-11 4.57706e-11 -4.22717e-11 3.6237e-11 -2.78135e-11 1.73229e-11 -5.26279e-12 -7.71171e-12 2.08322e-11 -3.32862e-11 4.42977e-11 -5.32015e-11 5.94983e-11 -6.28831e-11 6.325e-11 -6.06815e-11 5.54284e-11 -4.78855e-11 3.85626e-11 -2.80495e-11 1.69738e-11 -5.95491e-12 -4.43999e-12 1.37325e-11 -2.15563e-11 2.76675e-11 -3.19422e-11 3.43674e-11 -3.50278e-11 3.40914e-11 -3.1794e-11 2.84215e-11 -2.4291e-11 1.9729e-11 -1.50506e-11 1.05394e-11 -6.43239e-12 2.90943e-12 -8.71669e-14 -1.98225e-12 3.30884e-12 -3.95887e-12 4.04532e-12 -3.71456e-12 3.12989e-12 -2.4532e-12 1.82666e-12 -1.35711e-12 1.10509e-12 -1.08022e-12 1.24352e-12 -1.51631e-12 1.79454e-12 -1.96697e-12 1.93482e-12 -1.63078e-12 1.03465e-12 -1.83442e-13 -8.26004e-13 1.84304e-12 -2.67783e-12 3.12335e-12 -2.98249e-12 2.09694e-12 -3.74219e-13 -2.19084e-12 5.50323e-12 -9.36575e-12 1.3489e-11 -1.75125e-11 2.10367e-11 -2.36601e-11 2.50219e-11 -2.48407e-11 2.29497e-11 -1.93202e-11 1.40735e-11 -7.4775e-12 -7.10438e-14 8.07759e-12 -1.5991e-11 2.32506e-11 -2.93353e-11 3.38083e-11 -3.6355e-11 3.68081e-11 -3.51602e-11 3.15611e-11 -2.63004e-11 1.978e-11 -1.24754e-11 4.89443e-12 2.46569e-12 -9.15778e-12 1.48167e-11 -1.91822e-11 2.21107e-11 -2.35761e-11 2.36609e-11 -2.2538e-11 2.04478e-11 -1.76712e-11 1.45031e-11 -1.12271e-11 8.09435e-12 -5.30786e-12 3.01177e-12 -1.28683e-12 1.50769e-13 4.36911e-13 -5.66776e-13 3.68792e-13 0. 
0.000115423 -4.69045e-08 -2.67028e-08 -1.70044e-08 -1.15974e-08 -8.23046e-09 -5.97047e-09 -4.37637e-09 -3.21612e-09 -2.35529e-09 -1.71007e-09 -1.22503e-09 -8.61411e-10 -5.91151e-10 -3.93213e-10 -2.51186e-10 -1.52299e-10 -8.62111e-11 -4.43581e-11 -1.99873e-11 -7.57273e-12 -2.31901e-12 -5.31801e-13 -5.62954e-14 2.95545e-14 4.05892e-14 3.97289e-14 3.03479e-14 2.87695e-14 2.49058e-14 1.89359e-14 1.81429e-14 1.41961e-14 1.09722e-14 1.03537e-14 6.955e-15 5.66652e-15 4.97161e-15 2.60193e-15 2.44537e-15 1.6951e-15 4.07618e-16 9.23901e-16 -1.01964e-17 3.30274e-17 2.67827e-16 -2.349e-16 9.7853e-17 9.03045e-17 -1.87775e-16 1.39211e-16 1.61094e-17 -1.76869e-16 2.48511e-16 -2.00879e-16 7.61193e-17 4.41299e-17 -9.28705e-17 5.37499e-17 3.5662e-17 -1.15285e-16 1.41283e-16 -1.10428e-16 5.49231e-17 -1.78256e-17 2.51771e-17 -7.31558e-17 1.34099e-16 -1.75626e-16 1.79443e-16 -1.4952e-16 1.06497e-16 -7.3594e-17 6.3229e-17 -7.18575e-17 8.47371e-17 -8.64317e-17 7.01839e-17 -4.09104e-17 1.09724e-17 7.86046e-18 -1.11038e-17 3.22947e-18 5.97669e-18 -7.56262e-18 -1.7978e-18 1.89042e-17 -3.69597e-17 5.00831e-17 -5.65783e-17 5.9268e-17 -6.31265e-17 7.19615e-17 -8.61805e-17 1.02767e-16 -1.17173e-16 1.25793e-16 -1.27553e-16 1.23864e-16 -1.17223e-16 1.09475e-16 -1.00779e-16 8.97816e-17 -7.47357e-17 5.47979e-17 -3.07433e-17 4.76245e-18 2.0439e-17 -4.26643e-17 6.08212e-17 -7.48576e-17 8.52118e-17 -9.21899e-17 9.56556e-17 -9.51715e-17 9.04441e-17 -8.17605e-17 7.01413e-17 -5.7125e-17 4.43075e-17 -3.28834e-17 2.33984e-17 -1.57876e-17 9.61633e-18 -4.35783e-18 -4.3863e-19 5.13611e-18 -1.00976e-17 1.57618e-17 -2.26182e-17 3.10668e-17 -4.12246e-17 5.2776e-17 -6.49427e-17 7.65902e-17 -8.64258e-17 9.32123e-17 -9.5932e-17 9.38748e-17 -8.66647e-17 7.42606e-17 -5.69626e-17 3.54268e-17 -1.06699e-17 -1.59642e-17 4.28963e-17 -6.84547e-17 9.10432e-17 -1.09296e-16 1.2219e-16 -1.29103e-16 1.29821e-16 -1.24517e-16 1.13705e-16 -9.81948e-17 7.90335e-17 -5.74315e-17 3.46786e-17 -1.20484e-17 -9.29348e-18 2.83644e-17 -4.44136e-17 5.69415e-17 -6.56958e-17 7.0651e-17 -7.19818e-17 7.00333e-17 -6.52896e-17 5.83386e-17 -4.98321e-17 4.04419e-17 -3.08154e-17 2.1536e-17 -1.30905e-17 5.84794e-18 -4.7839e-20 -4.20275e-18 6.92423e-18 -8.25246e-18 8.41928e-18 -7.72539e-18 6.50656e-18 -5.09586e-18 3.78612e-18 -2.79758e-18 2.25543e-18 -2.18032e-18 2.4931e-18 -3.03316e-18 3.58785e-18 -3.92959e-18 3.85633e-18 -3.23026e-18 2.01006e-18 -2.71528e-19 -1.78698e-18 3.85689e-18 -5.54932e-18 6.44033e-18 -6.12643e-18 4.28391e-18 -7.24259e-19 -4.5618e-18 1.1378e-17 -1.93185e-17 2.77882e-17 -3.60472e-17 4.32745e-17 -4.86468e-17 5.14233e-17 -5.1028e-17 4.71193e-17 -3.96401e-17 2.88412e-17 -1.52742e-17 -2.44502e-19 1.66981e-17 -3.29537e-17 4.78596e-17 -6.03454e-17 6.95145e-17 -7.47214e-17 7.5624e-17 -7.22087e-17 6.47844e-17 -5.39487e-17 4.05281e-17 -2.55017e-17 9.91401e-18 5.21259e-18 -1.89587e-17 3.05739e-17 -3.95238e-17 4.55142e-17 -4.8493e-17 4.86308e-17 -4.62851e-17 4.19517e-17 -3.62103e-17 2.96687e-17 -2.29116e-17 1.6457e-17 -1.07229e-17 6.00633e-18 -2.47333e-18 1.59853e-19 1.01839e-18 -1.24907e-18 8.01268e-19 0. 
