# Nx=250 Ny=250
-0.000439112 -0.000985593 -0.000862033 -0.000962539 -0.000994461 -0.00101338 -0.00100449 -0.00099493 -0.000979043 -0.000980347 -0.000972801 -0.000976779 -0.000975562 -0.000973413 -0.000969928 -0.000967665 -0.00096425 -0.000959307 -0.000949907 -0.000941354 -0.000933339 -0.00092519 -0.00091771 -0.000906837 -0.000907663 -0.000888447 -0.000885689 -0.000876618 -0.000868218 -0.000859591 -0.000849529 -0.000843106 -0.000833695 -0.000829803 -0.000826217 -0.000823394 -0.000821326 -0.000818017 -0.000816224 -0.000814209 -0.000812551 -0.000810733 -0.000808702 -0.000807408 -0.000806177 -0.00080335 -0.00080092 -0.000799178 -0.000796461 -0.000794465 -0.000790978 -0.000788749 -0.000783907 -0.00078036 -0.000777004 -0.000769627 -0.000766422 -0.000761387 -0.000756691 -0.00075459 -0.000746596 -0.00074303 -0.000739894 -0.000731663 -0.000728958 -0.000724171 -0.000718272 -0.000712341 -0.00070487 -0.000699906 -0.000694986 -0.00068998 -0.000685374 -0.000682678 -0.000677364 -0.000670806 -0.000666968 -0.000658386 -0.000653383 -0.000649009 -0.00064226 -0.000638854 -0.000634361 -0.000632046 -0.00062266 -0.000619288 -0.000613989 -0.000607117 -0.000600011 -0.000594206 -0.00059 -0.000585266 -0.00058179 -0.000576658 -0.000571604 -0.000565589 -0.000559818 -0.000551241 -0.000541772 -0.000536301 -0.000528536 -0.000523997 -0.000517412 -0.000511217 -0.00050618 -0.000501187 -0.000496313 -0.000488322 -0.000485265 -0.000480139 -0.000475182 -0.000471046 -0.000466848 -0.000462414 -0.000458563 -0.000452847 -0.000448537 -0.00044559 -0.000442162 -0.000438491 -0.000433742 -0.00042928 -0.000426472 -0.000423561 -0.000417812 -0.000414066 -0.000409839 -0.000405701 -0.00040106 -0.000396418 -0.000393365 -0.00039061 -0.000387779 -0.000384778 -0.00038127 -0.000377294 -0.00037432 -0.000370499 -0.000367167 -0.000364978 -0.000363266 -0.000361261 -0.000358371 -0.000355356 -0.000353457 -0.000350871 -0.000347658 -0.000345314 -0.000342338 -0.000339353 -0.000337177 -0.000333968 -0.000330735 -0.0003278 -0.000324926 -0.00032289 -0.000319951 -0.000317822 -0.000315472 -0.000312848 -0.000309919 -0.000306239 -0.000303043 -0.000300199 -0.000298138 -0.00029627 -0.000294271 -0.00029205 -0.000290026 -0.00028733 -0.000284766 -0.000281977 -0.000278092 -0.000274949 -0.000272628 -0.000270283 -0.000266709 -0.000262574 -0.000259698 -0.000255816 -0.000250984 -0.000248264 -0.000245319 -0.000240944 -0.0002371 -0.000234151 -0.000230061 -0.000227125 -0.000222162 -0.000217604 -0.000214201 -0.000210253 -0.000206045 -0.000200882 -0.000195252 -0.000192799 -0.000188111 -0.000186618 -0.000183016 -0.000178728 -0.000175744 -0.000170858 -0.000166267 -0.000161186 -0.000155892 -0.000151382 -0.000147605 -0.000142576 -0.00014001 -0.000135699 -0.00013071 -0.000126904 -0.00012351 -0.000120411 -0.00011773 -0.000114414 -0.000111102 -0.000107541 -0.00010358 -9.96553e-05 -9.47144e-05 -9.03361e-05 -8.74871e-05 -8.29868e-05 -8.04899e-05 -7.73974e-05 -7.40528e-05 -7.13616e-05 -6.79471e-05 -6.42012e-05 -6.17298e-05 -5.49443e-05 -5.28067e-05 -4.87849e-05 -4.49115e-05 -4.3233e-05 -3.86911e-05 -3.62005e-05 -3.37607e-05 -3.16875e-05 -2.86277e-05 -2.54508e-05 -2.30114e-05 -1.85736e-05 -1.54908e-05 -1.16929e-05 -7.60188e-06 -4.79522e-06 -1.80688e-06 0. 
-0.000383203 -0.000828009 -0.000911574 -0.000963163 -0.000991304 -0.00100991 -0.00100682 -0.000996499 -0.000984026 -0.000978295 -0.000974586 -0.000976462 -0.000975425 -0.000973267 -0.000970148 -0.000967326 -0.000963678 -0.00095842 -0.000950707 -0.000942144 -0.000932109 -0.000924323 -0.000917718 -0.000909322 -0.000902982 -0.000892118 -0.000885732 -0.000876035 -0.000867891 -0.000859747 -0.000850196 -0.000841887 -0.000835168 -0.000830433 -0.000826444 -0.000823309 -0.000820933 -0.00081843 -0.000816512 -0.000814383 -0.000812479 -0.000810706 -0.000808954 -0.000807475 -0.000805777 -0.00080363 -0.000801118 -0.000798685 -0.000796419 -0.000794094 -0.000791091 -0.000788226 -0.00078457 -0.000780288 -0.000775767 -0.000770539 -0.000766539 -0.000761531 -0.000756774 -0.000753372 -0.000748164 -0.000743259 -0.00073832 -0.000733243 -0.000728921 -0.000723234 -0.000717616 -0.000712087 -0.000706179 -0.000700147 -0.000694553 -0.000689959 -0.000685714 -0.000681868 -0.000677207 -0.000671561 -0.000666114 -0.000659616 -0.000653817 -0.000648181 -0.000643325 -0.000639454 -0.000634046 -0.00063018 -0.00062428 -0.000619411 -0.000612755 -0.00060668 -0.000600063 -0.000594669 -0.00058971 -0.000585476 -0.000581574 -0.000576539 -0.000571664 -0.000565762 -0.000559299 -0.000551299 -0.000543155 -0.000536333 -0.000528818 -0.000523273 -0.000517471 -0.000512236 -0.00050635 -0.000500519 -0.00049537 -0.000489855 -0.00048492 -0.000480055 -0.000475423 -0.000470999 -0.000466706 -0.000462302 -0.00045837 -0.00045352 -0.000449345 -0.000445557 -0.000441562 -0.00043805 -0.000434115 -0.000430182 -0.000426348 -0.000422521 -0.000418055 -0.000414187 -0.000409924 -0.000405344 -0.000401004 -0.000396933 -0.000393409 -0.000390484 -0.000387668 -0.000384426 -0.000381142 -0.000377861 -0.000374018 -0.000370263 -0.000367365 -0.000365354 -0.000363251 -0.000360988 -0.000358355 -0.000355541 -0.000353358 -0.000350702 -0.000347803 -0.000345046 -0.000342211 -0.000339499 -0.000337016 -0.000333819 -0.000331027 -0.000327962 -0.000325318 -0.000322491 -0.000319999 -0.000317785 -0.000315363 -0.00031289 -0.000310003 -0.000306377 -0.000302873 -0.000300336 -0.000298282 -0.000296349 -0.000294259 -0.000292101 -0.000289839 -0.000287484 -0.00028456 -0.000281258 -0.000278127 -0.000275268 -0.000272627 -0.000269629 -0.000266552 -0.000263197 -0.00025907 -0.000255134 -0.000251333 -0.000248348 -0.000245016 -0.000240959 -0.000237349 -0.000233635 -0.000230344 -0.000226717 -0.000222168 -0.000218152 -0.000214351 -0.000210161 -0.000205539 -0.000200773 -0.000195837 -0.000192213 -0.000188845 -0.000186176 -0.000182789 -0.000179044 -0.000175138 -0.000170654 -0.000166178 -0.000161504 -0.000156038 -0.000151055 -0.000147242 -0.000143352 -0.000139751 -0.0001355 -0.000131004 -0.000126923 -0.000123377 -0.000120463 -0.000117658 -0.000114241 -0.000111279 -0.000107749 -0.000103563 -9.89319e-05 -9.47461e-05 -9.07604e-05 -8.73516e-05 -8.37382e-05 -8.01524e-05 -7.70675e-05 -7.40129e-05 -7.11501e-05 -6.81709e-05 -6.42905e-05 -6.06501e-05 -5.60555e-05 -5.26648e-05 -4.8759e-05 -4.53521e-05 -4.2615e-05 -3.94211e-05 -3.66647e-05 -3.3745e-05 -3.10709e-05 -2.84339e-05 -2.55025e-05 -2.25192e-05 -1.89212e-05 -1.54656e-05 -1.15301e-05 -7.72511e-06 -4.6633e-06 -2.00253e-06 1.24465e-07 
-0.000296911 -0.000813163 -0.000949649 -0.000977665 -0.00100632 -0.00101597 -0.00101501 -0.00100089 -0.000989146 -0.000979165 -0.000974967 -0.00097563 -0.000976018 -0.000973469 -0.000970154 -0.000966827 -0.000963533 -0.000957811 -0.00095211 -0.000942096 -0.000930984 -0.00092344 -0.000917985 -0.000909466 -0.000901497 -0.000894105 -0.000885849 -0.000876159 -0.000866991 -0.000859789 -0.00085027 -0.000841649 -0.000836017 -0.000831118 -0.000826873 -0.000823269 -0.000820726 -0.000818917 -0.000816945 -0.000814933 -0.000812717 -0.000810838 -0.000809226 -0.000807589 -0.000805675 -0.000803965 -0.000801025 -0.000798104 -0.000795851 -0.000793722 -0.000791184 -0.000788258 -0.000784611 -0.000780097 -0.000775485 -0.000771079 -0.000766648 -0.000761707 -0.000756657 -0.000753278 -0.000748973 -0.000743737 -0.000738252 -0.000734205 -0.000728835 -0.000722493 -0.000717167 -0.000712528 -0.000706903 -0.00070084 -0.000694091 -0.000689554 -0.00068525 -0.000681528 -0.000677162 -0.000672754 -0.000666845 -0.000660525 -0.000654517 -0.000648269 -0.000644432 -0.000639976 -0.000633986 -0.000629023 -0.000625323 -0.000618971 -0.000611663 -0.000605208 -0.000599817 -0.000594939 -0.000589779 -0.000585576 -0.000581041 -0.000576559 -0.000571831 -0.000566373 -0.000559545 -0.000551866 -0.000544985 -0.000536703 -0.00052958 -0.000523489 -0.000518518 -0.000512724 -0.000506635 -0.000499863 -0.000494797 -0.000490723 -0.000485474 -0.000479698 -0.000475002 -0.000471009 -0.000466447 -0.000462217 -0.000458059 -0.000454084 -0.000450163 -0.000445574 -0.000440979 -0.000437483 -0.000434544 -0.000430959 -0.000426186 -0.000421514 -0.000417724 -0.000414461 -0.000409916 -0.000405343 -0.000401027 -0.000396936 -0.000393424 -0.00039031 -0.000387195 -0.000383915 -0.000381154 -0.000378201 -0.000373858 -0.000370065 -0.000367535 -0.000365554 -0.000363149 -0.000360919 -0.000358319 -0.000355759 -0.00035313 -0.000350448 -0.000347549 -0.000345022 -0.000342025 -0.000339343 -0.000336605 -0.000333794 -0.000331097 -0.000328597 -0.000325526 -0.000322494 -0.000319934 -0.000317694 -0.00031531 -0.000313006 -0.00031014 -0.000306405 -0.000302891 -0.000300244 -0.000298388 -0.000296516 -0.00029434 -0.000292259 -0.000289629 -0.000287318 -0.00028371 -0.000280453 -0.000277908 -0.000275384 -0.000272193 -0.000269007 -0.000266384 -0.000263158 -0.000258381 -0.000254282 -0.00025121 -0.000248261 -0.000244696 -0.000240647 -0.000237307 -0.000233524 -0.000230034 -0.000226459 -0.000222243 -0.000218782 -0.000214704 -0.000210098 -0.000204914 -0.000200506 -0.00019605 -0.000192227 -0.000188774 -0.000185923 -0.000182782 -0.000178492 -0.000174258 -0.000170215 -0.000166181 -0.000161353 -0.000156 -0.000150781 -0.000146921 -0.00014401 -0.000139895 -0.000135335 -0.000130984 -0.000127163 -0.000123249 -0.000120143 -0.000117169 -0.000114193 -0.000111411 -0.000107954 -0.000103223 -9.84017e-05 -9.46636e-05 -9.08981e-05 -8.76225e-05 -8.4084e-05 -7.99781e-05 -7.63155e-05 -7.37256e-05 -7.09156e-05 -6.83837e-05 -6.42581e-05 -5.99399e-05 -5.68042e-05 -5.26463e-05 -4.87531e-05 -4.55367e-05 -4.27727e-05 -4.00101e-05 -3.73756e-05 -3.36632e-05 -3.0266e-05 -2.78374e-05 -2.52148e-05 -2.19127e-05 -1.90447e-05 -1.53121e-05 -1.13429e-05 -7.72057e-06 -4.44588e-06 -2.13029e-06 -5.41152e-07 
-0.000322497 -0.000886266 -0.00100335 -0.000998466 -0.00101654 -0.00102458 -0.00101537 -0.00100257 -0.000988346 -0.000978872 -0.00097503 -0.000974964 -0.00097453 -0.000972689 -0.000969862 -0.000967117 -0.000962506 -0.000956353 -0.000950742 -0.000942024 -0.000932944 -0.000925723 -0.000919557 -0.000909576 -0.00090133 -0.000893588 -0.000884245 -0.000875321 -0.000866743 -0.000859026 -0.000849701 -0.000842158 -0.000836761 -0.000830641 -0.000826558 -0.000824174 -0.000821862 -0.000819228 -0.000817066 -0.000815193 -0.000813309 -0.000811427 -0.000809579 -0.000807578 -0.000805393 -0.000803719 -0.000800864 -0.000798255 -0.000796159 -0.000794153 -0.000791192 -0.000787822 -0.00078395 -0.000780002 -0.000776149 -0.000771372 -0.000766277 -0.00076202 -0.000757397 -0.000753029 -0.000748807 -0.00074438 -0.000738604 -0.000734452 -0.00072991 -0.000724098 -0.000718842 -0.000713695 -0.000706667 -0.000700657 -0.000694159 -0.00069024 -0.000685776 -0.000681461 -0.000677515 -0.000673226 -0.000666994 -0.00066014 -0.000654416 -0.000648283 -0.000644419 -0.000639991 -0.000634832 -0.000629377 -0.000624551 -0.000618589 -0.000612168 -0.0006066 -0.000600601 -0.000595282 -0.000590535 -0.000585773 -0.000580385 -0.000576264 -0.000572355 -0.000566002 -0.000558674 -0.000551454 -0.000545122 -0.00053766 -0.000531027 -0.000525979 -0.000520135 -0.000513168 -0.000507089 -0.000500578 -0.0004949 -0.000490645 -0.000484971 -0.000478728 -0.000474367 -0.00047033 -0.000465791 -0.000461174 -0.000456299 -0.000452288 -0.000448691 -0.00044487 -0.000441391 -0.000437154 -0.000433487 -0.00042998 -0.000425507 -0.000421728 -0.000417962 -0.000414264 -0.000409849 -0.000405977 -0.000401285 -0.000396402 -0.000393191 -0.000390511 -0.000387302 -0.00038391 -0.000381 -0.000377943 -0.000374269 -0.000371063 -0.000368233 -0.000365367 -0.000363029 -0.000360515 -0.000358226 -0.00035581 -0.000352821 -0.000350264 -0.000347524 -0.000345135 -0.000342391 -0.000339242 -0.000336063 -0.00033349 -0.000330956 -0.000328085 -0.000325413 -0.00032306 -0.000320531 -0.000318026 -0.000315364 -0.0003125 -0.000309402 -0.00030642 -0.000303367 -0.000300645 -0.000298511 -0.000296465 -0.000294189 -0.00029195 -0.000289197 -0.000286967 -0.000283631 -0.000280223 -0.000277838 -0.000275252 -0.000272045 -0.000268981 -0.000266135 -0.000262628 -0.000258278 -0.000254529 -0.000251632 -0.000248142 -0.000243976 -0.000240494 -0.000237243 -0.000233633 -0.000229779 -0.000225412 -0.000221489 -0.00021842 -0.000214257 -0.000209615 -0.000205448 -0.00020119 -0.000196364 -0.000192727 -0.000188631 -0.000185316 -0.000182212 -0.000177404 -0.000173308 -0.000169423 -0.00016509 -0.000160198 -0.000155613 -0.000151573 -0.000147807 -0.000144078 -0.000139896 -0.000135565 -0.000131235 -0.000127251 -0.0001236 -0.000119989 -0.000116428 -0.000113613 -0.000110709 -0.000106976 -0.000103332 -9.85776e-05 -9.46196e-05 -9.03681e-05 -8.66587e-05 -8.32909e-05 -8.00138e-05 -7.64986e-05 -7.39815e-05 -7.09975e-05 -6.79682e-05 -6.4008e-05 -5.99887e-05 -5.69696e-05 -5.24349e-05 -4.89559e-05 -4.60166e-05 -4.25538e-05 -3.93521e-05 -3.68148e-05 -3.35074e-05 -3.05508e-05 -2.79991e-05 -2.49891e-05 -2.16086e-05 -1.83034e-05 -1.4579e-05 -1.1246e-05 -8.14217e-06 -4.65471e-06 -2.05016e-06 -8.69305e-07 
-0.000335451 -0.000903589 -0.00101518 -0.00100733 -0.00102872 -0.00103306 -0.00102161 -0.00100836 -0.000992423 -0.000977021 -0.000974116 -0.000973538 -0.000972763 -0.000971133 -0.000969495 -0.000966329 -0.000961541 -0.000955332 -0.000949614 -0.000941068 -0.00093458 -0.000925922 -0.00091708 -0.000909693 -0.000903028 -0.000894148 -0.000882577 -0.00087622 -0.000866977 -0.000856884 -0.000849514 -0.000842412 -0.000836373 -0.000830763 -0.000827029 -0.000824719 -0.000822433 -0.00081973 -0.000817153 -0.000815538 -0.000813751 -0.000812033 -0.000810188 -0.000808146 -0.000805535 -0.000803237 -0.000800609 -0.000798648 -0.000796478 -0.000793506 -0.000790473 -0.000787517 -0.000783468 -0.000780008 -0.000776027 -0.000771413 -0.000766571 -0.000762716 -0.00075871 -0.000753439 -0.000749083 -0.000745467 -0.000739188 -0.000734257 -0.000729979 -0.000724501 -0.000718911 -0.000713641 -0.000707225 -0.000702395 -0.000695891 -0.000690631 -0.000686746 -0.000681907 -0.000676971 -0.000672922 -0.000666986 -0.000660217 -0.000655518 -0.000649593 -0.000644079 -0.000639541 -0.000635462 -0.000628983 -0.00062369 -0.000617658 -0.000613077 -0.000607739 -0.000600299 -0.000594537 -0.000589424 -0.000585249 -0.000580806 -0.000577136 -0.00057261 -0.00056582 -0.000559055 -0.000552306 -0.000546142 -0.000538304 -0.000531495 -0.000526191 -0.000521053 -0.000513885 -0.000508441 -0.000501505 -0.000493638 -0.000488808 -0.00048382 -0.000479025 -0.000474195 -0.000469076 -0.000464608 -0.000460434 -0.000456708 -0.000452628 -0.000448596 -0.000444456 -0.000441401 -0.000437065 -0.000432614 -0.000428692 -0.00042463 -0.000421536 -0.000417419 -0.00041292 -0.000408984 -0.000405392 -0.000400541 -0.000396468 -0.00039303 -0.000390195 -0.000387397 -0.000384311 -0.000381006 -0.000377578 -0.000373955 -0.00037147 -0.00036867 -0.000365707 -0.000363192 -0.000360046 -0.000357278 -0.000355253 -0.00035272 -0.000350502 -0.000347267 -0.000344562 -0.000341769 -0.000339553 -0.000336685 -0.000334091 -0.000331244 -0.000327578 -0.000325011 -0.000322624 -0.000320206 -0.000317887 -0.000315504 -0.000312531 -0.000309202 -0.000306022 -0.000303364 -0.000300844 -0.00029876 -0.000296749 -0.000294367 -0.000291988 -0.000289145 -0.000286943 -0.000283729 -0.000279987 -0.00027691 -0.000274272 -0.000272118 -0.000269485 -0.00026614 -0.000261749 -0.000257876 -0.000254356 -0.000250895 -0.000247995 -0.000244472 -0.000241059 -0.000236967 -0.000232851 -0.000229411 -0.000225779 -0.000221872 -0.000218316 -0.00021411 -0.000210272 -0.000206375 -0.000201512 -0.00019605 -0.000192591 -0.000188672 -0.000184736 -0.000181801 -0.000177003 -0.000173168 -0.000169127 -0.000164174 -0.000159671 -0.000156003 -0.000152094 -0.000147888 -0.000143902 -0.000140612 -0.000136518 -0.000131486 -0.000126931 -0.00012282 -0.000120131 -0.000116832 -0.000113918 -0.0001106 -0.000106516 -0.000102803 -9.79772e-05 -9.40284e-05 -8.98646e-05 -8.6343e-05 -8.31017e-05 -8.04925e-05 -7.71329e-05 -7.42903e-05 -7.06946e-05 -6.70677e-05 -6.40032e-05 -6.04208e-05 -5.71333e-05 -5.30312e-05 -5.00086e-05 -4.69799e-05 -4.30584e-05 -3.95292e-05 -3.66468e-05 -3.34089e-05 -3.07106e-05 -2.74858e-05 -2.4273e-05 -2.12688e-05 -1.81823e-05 -1.4415e-05 -1.12593e-05 -8.5103e-06 -5.33674e-06 -1.66499e-06 5.60865e-07 
-0.000360135 -0.000898726 -0.00100453 -0.00101991 -0.00103961 -0.00103847 -0.00102427 -0.00100986 -0.000991082 -0.000976911 -0.000972791 -0.000971917 -0.000971281 -0.000970319 -0.000968108 -0.000964701 -0.000960428 -0.000955684 -0.000949317 -0.000941737 -0.000934893 -0.000925326 -0.000916435 -0.00090904 -0.000902135 -0.000892622 -0.000881812 -0.000875109 -0.000865593 -0.000856963 -0.000850936 -0.000842818 -0.000835649 -0.00083144 -0.000827822 -0.00082474 -0.000822382 -0.000820238 -0.000818408 -0.000816535 -0.000814067 -0.00081189 -0.000810089 -0.000808233 -0.000805939 -0.000803083 -0.000800455 -0.000798148 -0.000795882 -0.000793124 -0.000790374 -0.000787843 -0.000784162 -0.00077978 -0.000775964 -0.000771649 -0.00076696 -0.000762201 -0.000758618 -0.000754255 -0.000749617 -0.000746392 -0.000740785 -0.000735132 -0.000731004 -0.000725078 -0.000719148 -0.000714213 -0.000708583 -0.000703648 -0.000697079 -0.000690856 -0.000686626 -0.000682539 -0.000677878 -0.000672782 -0.000668316 -0.000661497 -0.00065558 -0.000650346 -0.000644225 -0.000639554 -0.000635152 -0.000629169 -0.000623758 -0.000617845 -0.000612419 -0.000606781 -0.000601114 -0.000596277 -0.000591069 -0.000585524 -0.000580992 -0.000576038 -0.000570988 -0.000565807 -0.000560017 -0.000552549 -0.000545024 -0.000538864 -0.000532808 -0.000527366 -0.000521413 -0.000513706 -0.000507479 -0.0005011 -0.00049398 -0.000488555 -0.000483586 -0.000479064 -0.000473533 -0.000468414 -0.000464777 -0.000460996 -0.000456847 -0.00045207 -0.000448133 -0.000443969 -0.00044093 -0.00043709 -0.000432766 -0.000427853 -0.000423174 -0.000420089 -0.000416396 -0.000412796 -0.000409268 -0.000405058 -0.000400362 -0.000396804 -0.000392897 -0.000389558 -0.000386686 -0.000384014 -0.000381388 -0.000378211 -0.000374343 -0.000371337 -0.000368294 -0.000365261 -0.000363022 -0.000359948 -0.000357241 -0.000354888 -0.000352309 -0.000350416 -0.000347391 -0.000344216 -0.000341841 -0.00033964 -0.000336936 -0.000333651 -0.000330898 -0.000327585 -0.000325439 -0.000322663 -0.000319759 -0.000317581 -0.000315042 -0.000312332 -0.000309389 -0.000305953 -0.000302832 -0.000300425 -0.000298637 -0.000296863 -0.000294765 -0.000292289 -0.000288793 -0.000286186 -0.000283125 -0.000279587 -0.000276961 -0.000274006 -0.000271465 -0.000268886 -0.000266171 -0.000262372 -0.000258568 -0.000254562 -0.000250773 -0.000247471 -0.000244254 -0.000241164 -0.000236316 -0.000232409 -0.000229505 -0.000225845 -0.000222028 -0.000217735 -0.000213963 -0.000210227 -0.000206605 -0.000201272 -0.000196564 -0.000193515 -0.000189211 -0.000184407 -0.000181545 -0.000176908 -0.000172839 -0.000168452 -0.000164094 -0.000160289 -0.00015623 -0.000152013 -0.000148133 -0.000144275 -0.000141316 -0.000136953 -0.000131994 -0.000127888 -0.000124063 -0.000119874 -0.000116617 -0.000112984 -0.000109678 -0.000105997 -0.000102337 -9.77015e-05 -9.4294e-05 -9.10098e-05 -8.72426e-05 -8.34405e-05 -8.07892e-05 -7.78242e-05 -7.42475e-05 -7.09324e-05 -6.71868e-05 -6.42979e-05 -6.07132e-05 -5.66285e-05 -5.30922e-05 -5.04445e-05 -4.67244e-05 -4.34708e-05 -4.06974e-05 -3.74261e-05 -3.33652e-05 -3.0482e-05 -2.6633e-05 -2.34725e-05 -2.09285e-05 -1.77244e-05 -1.50526e-05 -1.15549e-05 -8.24836e-06 -5.8461e-06 -3.04209e-06 -3.32459e-07 
-0.000321621 -0.000892806 -0.00102443 -0.00102828 -0.00104143 -0.00103848 -0.00102108 -0.00100437 -0.000987872 -0.000977654 -0.000973057 -0.000971446 -0.000970735 -0.000969511 -0.000966912 -0.000963093 -0.000959251 -0.000954282 -0.000947815 -0.000940905 -0.000935174 -0.000926582 -0.000919659 -0.00090982 -0.000899612 -0.000891972 -0.000882193 -0.000873626 -0.000864074 -0.000856908 -0.000850507 -0.000843073 -0.000836129 -0.000832494 -0.000828966 -0.000825014 -0.000822359 -0.000820518 -0.00081865 -0.000816692 -0.000814668 -0.000812645 -0.00081027 -0.000807993 -0.000805967 -0.000803276 -0.00080082 -0.000798022 -0.000795432 -0.000793014 -0.000790361 -0.00078794 -0.000783733 -0.000779465 -0.000775914 -0.000772659 -0.000768091 -0.000762894 -0.000759305 -0.000754874 -0.000749869 -0.000746627 -0.000741545 -0.000735976 -0.000730794 -0.000725316 -0.000720793 -0.000715161 -0.000708472 -0.000703731 -0.000698321 -0.000692394 -0.000687491 -0.000682612 -0.000678812 -0.000673615 -0.000668491 -0.00066162 -0.000654594 -0.000649699 -0.000645401 -0.000640316 -0.000634786 -0.000628417 -0.000623484 -0.000618556 -0.000613559 -0.000607217 -0.000601765 -0.000596981 -0.000591859 -0.000586759 -0.000582013 -0.000575568 -0.000569966 -0.000564379 -0.000559124 -0.000552505 -0.000545244 -0.000539061 -0.000533898 -0.00052782 -0.000520848 -0.000513892 -0.000507528 -0.000501202 -0.000495145 -0.000488571 -0.000482396 -0.000477815 -0.000472491 -0.000467602 -0.000464392 -0.000460345 -0.000456357 -0.000452313 -0.000448844 -0.000444437 -0.00044011 -0.00043618 -0.000432517 -0.000427851 -0.000422889 -0.000420059 -0.0004163 -0.00041233 -0.000408134 -0.000404521 -0.000400201 -0.000396937 -0.000393183 -0.000389879 -0.000387028 -0.000384036 -0.0003812 -0.000378531 -0.000375177 -0.00037191 -0.00036891 -0.000365604 -0.000362665 -0.000359882 -0.000357611 -0.00035503 -0.000352051 -0.000350327 -0.000347676 -0.000344548 -0.000341899 -0.000339742 -0.000337032 -0.000333637 -0.000331277 -0.000327996 -0.00032556 -0.000322912 -0.000320336 -0.000317839 -0.000314525 -0.000311706 -0.000308945 -0.000305496 -0.000303102 -0.000300772 -0.000298387 -0.000296324 -0.000294494 -0.000292502 -0.000289618 -0.000286432 -0.000282972 -0.000279124 -0.00027644 -0.000273721 -0.000271194 -0.000268999 -0.000266196 -0.000262587 -0.000258592 -0.000254441 -0.000251362 -0.000247485 -0.000243802 -0.000240658 -0.000236456 -0.000233309 -0.000228998 -0.000224611 -0.000221156 -0.000217792 -0.000214449 -0.000210598 -0.000206321 -0.000201806 -0.000197148 -0.000193779 -0.000189339 -0.000184624 -0.000181381 -0.00017635 -0.000172026 -0.000168165 -0.000164633 -0.000160517 -0.000155971 -0.000152235 -0.000149338 -0.000145302 -0.000141329 -0.000136692 -0.000132278 -0.000128931 -0.000124358 -0.000119892 -0.000116435 -0.000113112 -0.000109891 -0.000106332 -0.000102174 -9.73071e-05 -9.40012e-05 -9.0335e-05 -8.72606e-05 -8.42124e-05 -8.15142e-05 -7.82493e-05 -7.47693e-05 -7.17372e-05 -6.80831e-05 -6.41936e-05 -6.03947e-05 -5.71413e-05 -5.42671e-05 -5.08391e-05 -4.6871e-05 -4.36252e-05 -4.10644e-05 -3.74053e-05 -3.33949e-05 -3.09018e-05 -2.7055e-05 -2.40017e-05 -2.11675e-05 -1.76498e-05 -1.53388e-05 -1.22556e-05 -9.07416e-06 -6.64016e-06 -3.65574e-06 4.62036e-07 
-0.000331257 -0.000911641 -0.00101778 -0.00100735 -0.00103271 -0.0010396 -0.00102452 -0.00100497 -0.000987648 -0.000977782 -0.000973018 -0.000971778 -0.000970491 -0.000968402 -0.000965786 -0.000962179 -0.000958014 -0.000952338 -0.00094695 -0.000941409 -0.00093432 -0.000927104 -0.000920291 -0.000910956 -0.000899358 -0.00089169 -0.000881257 -0.000871557 -0.000863266 -0.000856051 -0.000849565 -0.000843437 -0.000836838 -0.000832031 -0.000828853 -0.000825615 -0.000823684 -0.000821351 -0.000818786 -0.000816867 -0.000814707 -0.000812554 -0.000810111 -0.000807654 -0.000805141 -0.000802758 -0.000800902 -0.000798118 -0.000795654 -0.000793035 -0.000789898 -0.000787258 -0.000783498 -0.000779742 -0.000776252 -0.000772289 -0.000768477 -0.000764107 -0.000760174 -0.000755261 -0.000750581 -0.000745922 -0.000740961 -0.000736718 -0.000730733 -0.000725195 -0.000720942 -0.000715451 -0.000709896 -0.000704702 -0.000700123 -0.000694741 -0.000688651 -0.000683124 -0.000678978 -0.000673155 -0.000667417 -0.00066179 -0.000655481 -0.000650408 -0.000644525 -0.000639132 -0.000634245 -0.000628997 -0.000623876 -0.000618342 -0.000614066 -0.000608896 -0.000603499 -0.000597354 -0.000590847 -0.000586118 -0.000581589 -0.000575708 -0.000570481 -0.000563102 -0.000557015 -0.000551689 -0.000544994 -0.000538584 -0.000532059 -0.000526145 -0.00052075 -0.000515142 -0.000506482 -0.000499611 -0.000493471 -0.000487462 -0.00048206 -0.000477456 -0.000472356 -0.000468787 -0.000465172 -0.000460434 -0.00045696 -0.000453022 -0.000449261 -0.000444801 -0.000439783 -0.000435559 -0.000432001 -0.000427937 -0.000423511 -0.000419573 -0.000416207 -0.000412416 -0.000408044 -0.00040486 -0.000400444 -0.000396062 -0.000392901 -0.000389822 -0.000386908 -0.00038422 -0.000380926 -0.000377931 -0.000375183 -0.000372189 -0.000369239 -0.000366227 -0.00036293 -0.000359852 -0.000357395 -0.000354801 -0.000352467 -0.00034989 -0.000347156 -0.000344885 -0.000342314 -0.000339531 -0.000336657 -0.000333756 -0.000331695 -0.000328441 -0.000325406 -0.000322826 -0.000320671 -0.000317907 -0.000314869 -0.000312098 -0.000308627 -0.000305153 -0.000302693 -0.000300673 -0.000298682 -0.000296773 -0.000294662 -0.000292322 -0.000289366 -0.000285952 -0.000282783 -0.000279097 -0.000276262 -0.000273418 -0.00027087 -0.000268074 -0.000265543 -0.000262567 -0.000258306 -0.000254071 -0.000251015 -0.000247436 -0.000244309 -0.000240491 -0.000236323 -0.000233375 -0.000228687 -0.000224057 -0.000220856 -0.000217238 -0.000212977 -0.000209435 -0.000206071 -0.000202148 -0.000197408 -0.000193098 -0.000189522 -0.00018496 -0.000181001 -0.000176461 -0.000172135 -0.000168668 -0.000164594 -0.000160071 -0.00015603 -0.000152749 -0.000149566 -0.000145238 -0.000141044 -0.000137042 -0.000132994 -0.000129054 -0.000124622 -0.000120564 -0.000117282 -0.000113798 -0.000109503 -0.000105669 -0.000102349 -9.85365e-05 -9.50104e-05 -9.0658e-05 -8.77331e-05 -8.52665e-05 -8.16643e-05 -7.8322e-05 -7.50052e-05 -7.18639e-05 -6.78435e-05 -6.38777e-05 -6.04584e-05 -5.79317e-05 -5.47173e-05 -5.09556e-05 -4.77378e-05 -4.45595e-05 -4.13273e-05 -3.73497e-05 -3.35839e-05 -3.10654e-05 -2.71028e-05 -2.37954e-05 -2.11923e-05 -1.8095e-05 -1.54502e-05 -1.25144e-05 -9.78538e-06 -7.17728e-06 -3.47061e-06 1.50064e-06 
-0.000326557 -0.000907974 -0.00101483 -0.000999194 -0.00101898 -0.00102852 -0.0010223 -0.00100302 -0.00098436 -0.000974966 -0.000973978 -0.000972968 -0.000971375 -0.000968409 -0.000964611 -0.000960447 -0.000956437 -0.00095153 -0.000946633 -0.000941288 -0.000933371 -0.000925449 -0.000918473 -0.000909645 -0.000899688 -0.00089042 -0.000880041 -0.000872176 -0.000865455 -0.000857135 -0.000849152 -0.000844204 -0.000838266 -0.000832822 -0.000829032 -0.000825803 -0.000823852 -0.000821837 -0.000819589 -0.000817563 -0.000814555 -0.000811798 -0.000809394 -0.000807348 -0.000804981 -0.000802587 -0.000800312 -0.000797372 -0.000795012 -0.000792641 -0.00078974 -0.000786806 -0.00078364 -0.000780661 -0.000776869 -0.000772022 -0.000768326 -0.000764206 -0.000759312 -0.000755379 -0.000751383 -0.00074594 -0.000740501 -0.000736888 -0.000731146 -0.000725113 -0.000720418 -0.000715653 -0.000711501 -0.000705845 -0.000700312 -0.00069471 -0.000689236 -0.000684401 -0.000679449 -0.000673179 -0.000667308 -0.00066278 -0.000656938 -0.000651725 -0.000644273 -0.000638639 -0.000633812 -0.000629365 -0.000623867 -0.000617659 -0.000613276 -0.000608662 -0.000603945 -0.000598429 -0.000592203 -0.000587734 -0.000581599 -0.000574229 -0.000569133 -0.000562588 -0.000556117 -0.000550694 -0.000545069 -0.000538949 -0.000532157 -0.000525545 -0.000520171 -0.000514726 -0.000507119 -0.00050019 -0.000493948 -0.00048762 -0.000482549 -0.000477332 -0.000472109 -0.000468629 -0.000465234 -0.000461607 -0.000458314 -0.000453683 -0.000448503 -0.000444279 -0.000440489 -0.000436281 -0.000431974 -0.000428569 -0.000424397 -0.000419514 -0.000416188 -0.000413099 -0.000408725 -0.000405206 -0.000400813 -0.000396091 -0.000393257 -0.000389363 -0.000386127 -0.000383991 -0.000380962 -0.000378249 -0.00037578 -0.000372529 -0.000369184 -0.000366471 -0.000363388 -0.000360805 -0.000358027 -0.000355373 -0.000352884 -0.000349794 -0.000346908 -0.00034445 -0.000342009 -0.000339397 -0.00033684 -0.000334068 -0.000331898 -0.000328752 -0.000325765 -0.000323224 -0.000320776 -0.000317356 -0.000314817 -0.00031193 -0.000308254 -0.000305379 -0.00030278 -0.000300595 -0.000298866 -0.000297027 -0.000294173 -0.000291868 -0.000289327 -0.000286093 -0.000282884 -0.000279253 -0.000275458 -0.000272758 -0.000270688 -0.000268417 -0.000265465 -0.000262691 -0.000258504 -0.000253809 -0.000250438 -0.000247036 -0.0002444 -0.000240686 -0.000236476 -0.000233029 -0.000228576 -0.000224811 -0.00022052 -0.000215918 -0.00021248 -0.000209156 -0.000205492 -0.000201817 -0.000197706 -0.000193542 -0.000189805 -0.000184916 -0.000180368 -0.000176573 -0.000172753 -0.000168817 -0.000164151 -0.000160265 -0.000157184 -0.00015307 -0.000148942 -0.000145628 -0.000141195 -0.000137716 -0.000133523 -0.000128478 -0.00012456 -0.000121284 -0.000117612 -0.000113773 -0.000109877 -0.00010594 -0.000102552 -9.89065e-05 -9.53541e-05 -9.20794e-05 -8.85321e-05 -8.54724e-05 -8.23963e-05 -7.91383e-05 -7.56985e-05 -7.18151e-05 -6.74031e-05 -6.36985e-05 -6.0786e-05 -5.78162e-05 -5.45004e-05 -5.09894e-05 -4.82364e-05 -4.45986e-05 -4.09018e-05 -3.78116e-05 -3.42506e-05 -3.129e-05 -2.73595e-05 -2.39577e-05 -2.1412e-05 -1.86936e-05 -1.5436e-05 -1.25555e-05 -1.00278e-05 -7.1524e-06 -4.30826e-06 5.97807e-08 
-0.000333899 -0.000885194 -0.00100621 -0.000990081 -0.00100433 -0.00100794 -0.00100426 -0.000993435 -0.000979687 -0.000975689 -0.000974388 -0.000973895 -0.00097188 -0.000968128 -0.000963252 -0.000959243 -0.000955457 -0.000950113 -0.000943859 -0.000938166 -0.000932489 -0.000926348 -0.000917786 -0.000909955 -0.000900802 -0.000889386 -0.000878822 -0.000871206 -0.000864526 -0.000857807 -0.000850764 -0.000845017 -0.000838922 -0.00083441 -0.000830281 -0.000826113 -0.000823778 -0.000821639 -0.000819662 -0.000817582 -0.000814715 -0.000811949 -0.000809337 -0.000806917 -0.00080466 -0.000802504 -0.000800089 -0.000797245 -0.000794789 -0.000792549 -0.000790082 -0.00078666 -0.000783199 -0.000780045 -0.000776457 -0.000772583 -0.000769164 -0.000764523 -0.000759461 -0.00075505 -0.000750906 -0.000746168 -0.000740504 -0.000736191 -0.000731348 -0.000726347 -0.000720829 -0.000715767 -0.000711466 -0.000706907 -0.000701555 -0.000695469 -0.000689865 -0.000683674 -0.000678149 -0.000673487 -0.000667949 -0.000661849 -0.000655808 -0.000650699 -0.000645163 -0.000640215 -0.000633986 -0.000627781 -0.000623228 -0.000618548 -0.000613883 -0.000608731 -0.000603339 -0.000598586 -0.0005932 -0.000587907 -0.000580994 -0.000573484 -0.000567851 -0.000561996 -0.000556152 -0.000548973 -0.000543432 -0.000538365 -0.000531796 -0.000526606 -0.000519762 -0.000512417 -0.000506219 -0.000500047 -0.000493121 -0.000487195 -0.000482425 -0.000476887 -0.000472847 -0.000468693 -0.000464637 -0.000461773 -0.000458293 -0.000453491 -0.00044878 -0.000444677 -0.000440469 -0.00043663 -0.000431463 -0.000427855 -0.000424694 -0.000420899 -0.000417161 -0.000413768 -0.000409533 -0.000404677 -0.000400565 -0.000396201 -0.000393363 -0.00038934 -0.000385916 -0.000383889 -0.000381293 -0.000378251 -0.000375444 -0.000372806 -0.000369892 -0.00036662 -0.000363688 -0.000361009 -0.000358086 -0.000355488 -0.000353171 -0.000349993 -0.000347474 -0.000344445 -0.000341426 -0.00033918 -0.000336611 -0.0003335 -0.000331006 -0.000328671 -0.000326156 -0.00032402 -0.000321139 -0.000317734 -0.000314969 -0.000311615 -0.000307818 -0.000305458 -0.000302679 -0.000300216 -0.000298195 -0.000296595 -0.000294183 -0.000291909 -0.000289261 -0.000285839 -0.000282445 -0.000278918 -0.000275595 -0.000272918 -0.000270603 -0.000268335 -0.000264984 -0.000261764 -0.000258149 -0.000254477 -0.000251003 -0.000246834 -0.000243668 -0.000240955 -0.000237685 -0.000233142 -0.000228369 -0.000225005 -0.000219909 -0.000215087 -0.000212353 -0.000208567 -0.000203903 -0.000200427 -0.000197571 -0.000193289 -0.000188954 -0.000184739 -0.000180755 -0.000176526 -0.000172186 -0.000168294 -0.000164289 -0.000160914 -0.000157325 -0.000153287 -0.000149095 -0.000145874 -0.000141045 -0.000136403 -0.00013272 -0.000128627 -0.000125253 -0.000121967 -0.000117879 -0.000113743 -0.000110899 -0.000107276 -0.000103812 -9.91847e-05 -9.5474e-05 -9.31026e-05 -8.88476e-05 -8.50333e-05 -8.22727e-05 -7.87376e-05 -7.48571e-05 -7.14631e-05 -6.72775e-05 -6.40464e-05 -6.08626e-05 -5.71994e-05 -5.41817e-05 -5.11651e-05 -4.79084e-05 -4.40442e-05 -4.06453e-05 -3.79423e-05 -3.41815e-05 -3.05505e-05 -2.75302e-05 -2.44687e-05 -2.12748e-05 -1.82795e-05 -1.53757e-05 -1.29429e-05 -1.01182e-05 -6.47726e-06 -3.9773e-06 -4.74168e-08 
-0.000302768 -0.000847315 -0.000992002 -0.000989318 -0.000998171 -0.00100122 -0.000998869 -0.000987981 -0.000979848 -0.000974954 -0.000974542 -0.000973522 -0.000971118 -0.000967782 -0.000962433 -0.000958276 -0.00095448 -0.000948132 -0.00094234 -0.000936477 -0.00093049 -0.000924202 -0.000914879 -0.000906569 -0.000898825 -0.000889113 -0.000880757 -0.000871631 -0.000864546 -0.000858758 -0.000852686 -0.000846423 -0.000839998 -0.000834813 -0.000830376 -0.000827179 -0.000824624 -0.000821875 -0.000819307 -0.00081715 -0.000814453 -0.000812011 -0.00080917 -0.000806232 -0.000804069 -0.000802283 -0.000799882 -0.000797491 -0.000794407 -0.000791871 -0.000789152 -0.000786626 -0.000783791 -0.000779959 -0.000775383 -0.000772265 -0.000768537 -0.000764108 -0.000760089 -0.000755194 -0.000750108 -0.000745956 -0.000740903 -0.000735842 -0.000730692 -0.000726896 -0.000722157 -0.00071716 -0.000711885 -0.000707232 -0.000702036 -0.000696137 -0.000690902 -0.000684508 -0.00067781 -0.000673279 -0.000668452 -0.000661094 -0.000655133 -0.000650423 -0.000645255 -0.000640222 -0.000634362 -0.000627866 -0.000623118 -0.000619134 -0.000614549 -0.000608675 -0.000602874 -0.000599498 -0.000593035 -0.000586529 -0.000580855 -0.000574831 -0.000567383 -0.000559867 -0.000554669 -0.000548719 -0.000543669 -0.000537219 -0.000530662 -0.000525856 -0.000518865 -0.000511781 -0.000506564 -0.00049958 -0.000492576 -0.000487935 -0.000482503 -0.000476569 -0.000473026 -0.00046873 -0.000464839 -0.000461946 -0.000457757 -0.000453147 -0.000449471 -0.000444511 -0.000439321 -0.000435921 -0.000431829 -0.000428134 -0.000425275 -0.000422033 -0.000417288 -0.000413175 -0.000409453 -0.000404732 -0.000401264 -0.000396801 -0.000393338 -0.000389565 -0.00038572 -0.000383068 -0.000380693 -0.000378067 -0.000375074 -0.000372778 -0.000369908 -0.000366813 -0.000364208 -0.000361338 -0.000358402 -0.000355892 -0.000352855 -0.000349654 -0.000347606 -0.00034466 -0.000341206 -0.000339312 -0.000336454 -0.0003335 -0.000331526 -0.000328687 -0.000325728 -0.000323072 -0.000320508 -0.000317504 -0.000314741 -0.000310933 -0.000307672 -0.000305351 -0.000302872 -0.000300673 -0.000298302 -0.000296905 -0.000294311 -0.000291179 -0.000288536 -0.000285378 -0.000282165 -0.00027932 -0.000276302 -0.000273116 -0.000270169 -0.000267878 -0.00026541 -0.000261672 -0.000257804 -0.000254578 -0.000250604 -0.000247019 -0.000243805 -0.00024088 -0.000237636 -0.000233373 -0.000228783 -0.000224573 -0.000218957 -0.000214703 -0.000211399 -0.000207326 -0.000203428 -0.000200159 -0.000197031 -0.000192646 -0.000187834 -0.000184406 -0.000180392 -0.000175564 -0.000171753 -0.000168647 -0.000165057 -0.00016093 -0.00015651 -0.000153075 -0.000149436 -0.000146219 -0.000141822 -0.000136773 -0.000132721 -0.00012942 -0.000125797 -0.000122111 -0.000118563 -0.000114719 -0.000111728 -0.000107743 -0.000103742 -9.99051e-05 -9.62718e-05 -9.32389e-05 -8.91296e-05 -8.50807e-05 -8.2276e-05 -7.83276e-05 -7.45753e-05 -7.10299e-05 -6.68353e-05 -6.31851e-05 -6.00018e-05 -5.69428e-05 -5.43629e-05 -5.05708e-05 -4.70397e-05 -4.37707e-05 -4.0566e-05 -3.77369e-05 -3.44801e-05 -3.07066e-05 -2.75049e-05 -2.48204e-05 -2.15213e-05 -1.81838e-05 -1.50973e-05 -1.28784e-05 -9.9967e-06 -7.06027e-06 -4.12303e-06 5.75286e-07 
-0.000357309 -0.000894036 -0.000980965 -0.00097157 -0.000997788 -0.00100143 -0.000998965 -0.000985042 -0.000976146 -0.000974936 -0.000974683 -0.000973408 -0.000970745 -0.000966416 -0.000960639 -0.000955851 -0.000951702 -0.000947115 -0.000941989 -0.000934736 -0.00092692 -0.000921389 -0.000914362 -0.000906672 -0.000898483 -0.000888266 -0.000881145 -0.000873414 -0.000866103 -0.000859336 -0.000853722 -0.000847589 -0.000841643 -0.000836197 -0.000830908 -0.000827233 -0.000824705 -0.000822599 -0.000820259 -0.000817465 -0.000814763 -0.000811792 -0.000809004 -0.000806487 -0.000804255 -0.000801764 -0.000799298 -0.000797497 -0.000794554 -0.000791821 -0.000788881 -0.000786369 -0.000783921 -0.000779736 -0.000775846 -0.000772083 -0.000767799 -0.000763415 -0.00075998 -0.000755206 -0.000750337 -0.000746413 -0.000741742 -0.000736834 -0.000732015 -0.00072682 -0.000721983 -0.000718491 -0.000713599 -0.000708351 -0.00070305 -0.000696476 -0.000691002 -0.000685147 -0.000677743 -0.000671736 -0.000666882 -0.00066079 -0.000655762 -0.000649874 -0.000643782 -0.000638817 -0.00063439 -0.000628427 -0.000622494 -0.000618287 -0.000613469 -0.000608274 -0.000603314 -0.000599337 -0.00059312 -0.000586945 -0.000581136 -0.000575098 -0.000567374 -0.000559355 -0.000554441 -0.00054833 -0.000542985 -0.000537262 -0.000530043 -0.000524764 -0.000518698 -0.000511856 -0.000505913 -0.000498695 -0.000492495 -0.00048786 -0.000482141 -0.00047702 -0.000473264 -0.00046927 -0.000464881 -0.00046125 -0.000456771 -0.000452511 -0.000448776 -0.000443648 -0.000439207 -0.000435948 -0.000432259 -0.000428055 -0.00042499 -0.0004216 -0.000417231 -0.00041297 -0.000409435 -0.000404966 -0.00040175 -0.000396566 -0.000392183 -0.000389088 -0.000386083 -0.000382818 -0.000380208 -0.000378071 -0.000375498 -0.000372575 -0.000369471 -0.000366471 -0.00036411 -0.000361228 -0.000358845 -0.000356151 -0.00035275 -0.000349497 -0.000347422 -0.000344409 -0.000341333 -0.000339498 -0.000335998 -0.000333184 -0.000331182 -0.000328523 -0.000325654 -0.000323271 -0.000320737 -0.000317615 -0.000314416 -0.000310763 -0.000308021 -0.000305296 -0.000302759 -0.000300772 -0.000298446 -0.000296791 -0.000293794 -0.000290735 -0.000288384 -0.000285644 -0.000281976 -0.000278853 -0.000276083 -0.000273112 -0.000270697 -0.000268235 -0.000265387 -0.000261708 -0.000257595 -0.000253566 -0.000249582 -0.000247055 -0.000244073 -0.000240395 -0.000236979 -0.000233338 -0.000229278 -0.000224252 -0.000219099 -0.000214413 -0.00021074 -0.000206668 -0.000203803 -0.000199563 -0.000195179 -0.000191768 -0.000188094 -0.000184128 -0.000179712 -0.00017529 -0.00017205 -0.000168331 -0.000164102 -0.000160378 -0.000156451 -0.000153189 -0.000149448 -0.000146093 -0.000142171 -0.000137561 -0.000132812 -0.000129405 -0.000126106 -0.000122414 -0.000119798 -0.000116258 -0.000112414 -0.000107919 -0.000103588 -0.000100597 -9.64295e-05 -9.25399e-05 -8.90576e-05 -8.56126e-05 -8.21012e-05 -7.81359e-05 -7.49304e-05 -7.11655e-05 -6.65496e-05 -6.35215e-05 -5.98918e-05 -5.62346e-05 -5.35422e-05 -5.0271e-05 -4.66909e-05 -4.36392e-05 -4.02931e-05 -3.70615e-05 -3.42824e-05 -3.10304e-05 -2.75452e-05 -2.42495e-05 -2.15276e-05 -1.83749e-05 -1.50638e-05 -1.20443e-05 -9.26406e-06 -7.07097e-06 -4.1621e-06 1.32326e-06 
-0.000324943 -0.000907982 -0.0010035 -0.000978467 -0.000999232 -0.00100556 -0.00100425 -0.000987336 -0.000977299 -0.000974579 -0.000973033 -0.000972628 -0.000968895 -0.000964006 -0.000958683 -0.00095475 -0.000950323 -0.000944913 -0.000939804 -0.000933396 -0.000926607 -0.000919986 -0.000913177 -0.000905254 -0.000896689 -0.000887938 -0.000880388 -0.000873434 -0.000866908 -0.000860265 -0.000854834 -0.000848384 -0.000841809 -0.000836993 -0.000832531 -0.000828347 -0.000824939 -0.000822571 -0.000820131 -0.000817427 -0.0008149 -0.000811969 -0.00080952 -0.00080728 -0.000804728 -0.000801518 -0.000799037 -0.00079682 -0.000793899 -0.000791816 -0.000788937 -0.000786179 -0.000783402 -0.000779732 -0.000776334 -0.000772156 -0.000767296 -0.000763667 -0.000759783 -0.000755642 -0.000751796 -0.000747225 -0.000741718 -0.000737174 -0.000733038 -0.000727715 -0.000722434 -0.000718994 -0.00071319 -0.000708187 -0.000703668 -0.000696704 -0.00069073 -0.000685486 -0.000678583 -0.00067171 -0.0006656 -0.000659803 -0.00065524 -0.000649198 -0.000644142 -0.000639192 -0.000634819 -0.000628903 -0.00062262 -0.000617257 -0.0006123 -0.000608296 -0.00060386 -0.000598717 -0.000593223 -0.000588365 -0.000581587 -0.000574023 -0.000567388 -0.000560198 -0.000555224 -0.000547889 -0.000541823 -0.00053644 -0.00053027 -0.000523873 -0.000518351 -0.000511475 -0.000504932 -0.000498675 -0.000493057 -0.000488187 -0.000482333 -0.00047814 -0.000474044 -0.000469145 -0.000464655 -0.000460305 -0.000456597 -0.000452267 -0.000447869 -0.000443131 -0.000438724 -0.000434832 -0.000431689 -0.000428088 -0.000424493 -0.000420779 -0.00041717 -0.000413541 -0.000409376 -0.000404466 -0.00040148 -0.00039669 -0.000392383 -0.000389285 -0.000386201 -0.000383115 -0.000380069 -0.00037796 -0.000375226 -0.00037186 -0.000369149 -0.00036663 -0.000363926 -0.000361197 -0.000358298 -0.000355621 -0.000352897 -0.000350357 -0.000347684 -0.000344504 -0.000341479 -0.000339481 -0.000336044 -0.000333129 -0.000331016 -0.000328289 -0.000326202 -0.000323775 -0.000320284 -0.000316709 -0.000313831 -0.000310819 -0.000308286 -0.000305281 -0.000302788 -0.000300879 -0.000298797 -0.000296678 -0.000293418 -0.000290362 -0.000287709 -0.000284774 -0.00028169 -0.000279116 -0.00027641 -0.000273296 -0.000271191 -0.000267897 -0.000264465 -0.000261545 -0.000257561 -0.000253313 -0.000249308 -0.000246261 -0.000243537 -0.000240136 -0.000236776 -0.000232741 -0.000228686 -0.000223861 -0.00021981 -0.000215376 -0.000211012 -0.000206821 -0.000203703 -0.000198994 -0.000194392 -0.000191539 -0.000187438 -0.0001829 -0.000179267 -0.000175253 -0.000171922 -0.000167644 -0.000163779 -0.000160446 -0.000156728 -0.000153449 -0.000149156 -0.00014552 -0.000141791 -0.00013818 -0.000133771 -0.000130481 -0.000126542 -0.000123049 -0.000120109 -0.000115947 -0.000112295 -0.000108632 -0.000104674 -0.000100817 -9.67254e-05 -9.21882e-05 -8.84437e-05 -8.52337e-05 -8.1313e-05 -7.79632e-05 -7.49324e-05 -7.07254e-05 -6.63946e-05 -6.35731e-05 -5.98865e-05 -5.61252e-05 -5.3126e-05 -4.96855e-05 -4.62943e-05 -4.28409e-05 -3.98167e-05 -3.67684e-05 -3.4089e-05 -3.09693e-05 -2.77816e-05 -2.39751e-05 -2.10012e-05 -1.8407e-05 -1.52408e-05 -1.18508e-05 -8.92132e-06 -6.98579e-06 -3.95724e-06 1.25248e-06 
-0.00030757 -0.000890953 -0.00100784 -0.000992543 -0.00102333 -0.00102365 -0.00101337 -0.000997502 -0.000981372 -0.000973875 -0.000971649 -0.000970177 -0.000965784 -0.000960819 -0.000956672 -0.000952742 -0.000947675 -0.000941644 -0.000936821 -0.000931639 -0.00092543 -0.000918553 -0.000911843 -0.000903751 -0.000896305 -0.000889698 -0.000881859 -0.000873626 -0.000866987 -0.000860226 -0.000855413 -0.000848929 -0.000842483 -0.00083769 -0.000833306 -0.000829027 -0.000824876 -0.000822399 -0.00082 -0.000817518 -0.000815308 -0.000812418 -0.000809526 -0.000806907 -0.000804451 -0.000801941 -0.000799738 -0.000796724 -0.000793524 -0.000791652 -0.000789326 -0.000786262 -0.000782565 -0.000779381 -0.000775862 -0.000771184 -0.000766952 -0.000763916 -0.000759322 -0.000755244 -0.000751939 -0.000747607 -0.00074338 -0.000738027 -0.000733769 -0.000728901 -0.000723507 -0.000719567 -0.000713584 -0.000707997 -0.000704184 -0.000697485 -0.000690813 -0.000685085 -0.000678737 -0.000672833 -0.000666341 -0.000659573 -0.000655045 -0.00064955 -0.000644539 -0.000638334 -0.00063332 -0.000628068 -0.000623295 -0.00061747 -0.000611691 -0.000607496 -0.000603271 -0.00059744 -0.000592509 -0.000587943 -0.00058163 -0.000574837 -0.000569258 -0.000561339 -0.000554662 -0.000548021 -0.00054108 -0.000536042 -0.000530488 -0.000524116 -0.000518218 -0.000511945 -0.000505883 -0.000499576 -0.000493042 -0.000487929 -0.000483414 -0.000479273 -0.00047412 -0.000468845 -0.000464676 -0.000460478 -0.000456677 -0.000451583 -0.000447067 -0.000443059 -0.000438574 -0.000433972 -0.000431364 -0.000428302 -0.000424374 -0.000420354 -0.000416478 -0.00041313 -0.000408687 -0.000404195 -0.000400558 -0.000396688 -0.000393228 -0.000389771 -0.000385808 -0.000383075 -0.000380195 -0.000377772 -0.000374733 -0.000371848 -0.000369182 -0.000366617 -0.000363714 -0.000361373 -0.000358293 -0.000355167 -0.000352795 -0.000349932 -0.00034718 -0.000344624 -0.000342049 -0.000339341 -0.000336416 -0.000333903 -0.000331027 -0.000327966 -0.000325863 -0.000323376 -0.000319588 -0.000316553 -0.000313714 -0.000310764 -0.000308137 -0.000305677 -0.00030383 -0.000301829 -0.000298979 -0.000296169 -0.000293495 -0.000290769 -0.000287594 -0.000283738 -0.000281155 -0.000279038 -0.000276226 -0.000273407 -0.000271365 -0.000267935 -0.000264257 -0.000261399 -0.000257093 -0.000252511 -0.000249189 -0.000246293 -0.000242395 -0.00023896 -0.000236556 -0.000232848 -0.000228153 -0.00022332 -0.000219776 -0.000215383 -0.000211588 -0.000207463 -0.000203838 -0.000199328 -0.000194668 -0.000191272 -0.000186899 -0.000182487 -0.000179558 -0.000175278 -0.000171251 -0.000167419 -0.000164332 -0.000160227 -0.000155504 -0.000152393 -0.000149163 -0.000145903 -0.000141902 -0.00013868 -0.000134735 -0.000131118 -0.000127682 -0.000124159 -0.000120474 -0.000115568 -0.000112062 -0.000109352 -0.000104815 -0.000100171 -9.63678e-05 -9.25288e-05 -8.77952e-05 -8.40389e-05 -8.07169e-05 -7.74971e-05 -7.43282e-05 -7.05406e-05 -6.6696e-05 -6.34405e-05 -5.99309e-05 -5.66248e-05 -5.2978e-05 -4.90678e-05 -4.60711e-05 -4.26543e-05 -3.97823e-05 -3.68756e-05 -3.32851e-05 -2.99224e-05 -2.76461e-05 -2.39954e-05 -2.09406e-05 -1.80972e-05 -1.53129e-05 -1.20225e-05 -8.96834e-06 -6.51672e-06 -3.67798e-06 1.77552e-07 
-0.00030757 -0.000904058 -0.00104587 -0.00102777 -0.00104249 -0.00103491 -0.00101709 -0.00100208 -0.000985276 -0.000975902 -0.000970027 -0.000966756 -0.000962493 -0.000958815 -0.000954981 -0.000949837 -0.00094585 -0.000941207 -0.000935709 -0.000931387 -0.000924779 -0.000916833 -0.000911507 -0.000902626 -0.000895402 -0.000889938 -0.000881316 -0.00087328 -0.000867029 -0.000860854 -0.000855014 -0.000849526 -0.000844459 -0.000838856 -0.000833292 -0.000829658 -0.000826074 -0.000823043 -0.000820719 -0.000817889 -0.000815303 -0.00081296 -0.000810202 -0.000807053 -0.000804318 -0.000801888 -0.000799507 -0.000796462 -0.000793196 -0.000791228 -0.000788534 -0.000785837 -0.000782716 -0.00077864 -0.000774635 -0.000770669 -0.000766992 -0.000764094 -0.000759952 -0.000756253 -0.000751722 -0.000747874 -0.000744193 -0.000738078 -0.000733449 -0.000729221 -0.000724337 -0.000719879 -0.000714773 -0.000708526 -0.000703433 -0.000698071 -0.00069224 -0.000685183 -0.000678071 -0.000673255 -0.000666056 -0.00065867 -0.000653967 -0.000648518 -0.000643682 -0.000639079 -0.00063427 -0.000628832 -0.000623252 -0.00061723 -0.000611437 -0.000605597 -0.000601345 -0.000597027 -0.000592749 -0.000587539 -0.000581804 -0.000575768 -0.000569394 -0.000560972 -0.000553571 -0.000547978 -0.000542245 -0.000536255 -0.000531218 -0.000525273 -0.00051745 -0.000511408 -0.000506005 -0.000499389 -0.000493527 -0.000488963 -0.000483895 -0.000479158 -0.000474177 -0.000469304 -0.000464857 -0.000460761 -0.000456405 -0.00045136 -0.000447413 -0.000442801 -0.000438034 -0.000433465 -0.000430795 -0.000426971 -0.000423618 -0.000420164 -0.000415676 -0.000411852 -0.000408013 -0.000404467 -0.000399973 -0.000396111 -0.00039342 -0.000389737 -0.000386223 -0.00038403 -0.000381191 -0.000377724 -0.000374694 -0.000372485 -0.000369793 -0.00036645 -0.000363373 -0.000361165 -0.000358035 -0.000355547 -0.000352607 -0.000349181 -0.000346668 -0.000344735 -0.000341782 -0.000338913 -0.000336368 -0.000333833 -0.00033111 -0.000328391 -0.000326286 -0.000323343 -0.000319909 -0.000316747 -0.000313882 -0.000310738 -0.000307905 -0.00030585 -0.000304117 -0.00030182 -0.000299275 -0.000296305 -0.000293359 -0.000290496 -0.000287197 -0.000283855 -0.000281605 -0.000278711 -0.000275582 -0.000272932 -0.000270847 -0.000268074 -0.000264598 -0.000261082 -0.000256273 -0.000251867 -0.000248767 -0.000245114 -0.000241696 -0.000238466 -0.00023595 -0.000232469 -0.00022841 -0.000223592 -0.000219986 -0.000215424 -0.000211901 -0.000208053 -0.000204241 -0.000199752 -0.000195102 -0.000190162 -0.000186125 -0.000182224 -0.000179382 -0.000175677 -0.000172085 -0.000168335 -0.000164805 -0.000160331 -0.00015549 -0.000152663 -0.000149353 -0.000145655 -0.00014176 -0.000139049 -0.000134711 -0.000130823 -0.000127085 -0.000123401 -0.000119591 -0.000115289 -0.000111983 -0.000108665 -0.000104288 -9.9999e-05 -9.65228e-05 -9.25006e-05 -8.7923e-05 -8.41729e-05 -8.06613e-05 -7.74115e-05 -7.39165e-05 -7.10611e-05 -6.72234e-05 -6.34565e-05 -5.94519e-05 -5.64146e-05 -5.3216e-05 -4.96534e-05 -4.61641e-05 -4.2548e-05 -3.88996e-05 -3.61891e-05 -3.32862e-05 -2.99607e-05 -2.74734e-05 -2.44434e-05 -2.12832e-05 -1.78907e-05 -1.49432e-05 -1.21894e-05 -9.64702e-06 -6.34691e-06 -2.42269e-06 8.97474e-07 
-0.00030757 -0.000922896 -0.00107005 -0.00104156 -0.00105686 -0.00104949 -0.00102539 -0.00100198 -0.000983832 -0.000974181 -0.00096757 -0.000963123 -0.000959537 -0.000957161 -0.000953494 -0.000948913 -0.000945163 -0.000939788 -0.000933895 -0.00092864 -0.000922769 -0.000915864 -0.000910027 -0.000901512 -0.000893843 -0.000888309 -0.000880385 -0.000873377 -0.000868208 -0.000861688 -0.000854707 -0.000849243 -0.000844798 -0.000839344 -0.00083459 -0.000830694 -0.000826634 -0.00082295 -0.000820188 -0.000818006 -0.000815741 -0.000813305 -0.000810902 -0.000807452 -0.00080471 -0.000801332 -0.000798702 -0.000796181 -0.000793639 -0.000790741 -0.000787876 -0.000785256 -0.000782384 -0.000777889 -0.000773444 -0.000770122 -0.0007669 -0.00076337 -0.000759626 -0.000756815 -0.000752563 -0.000748276 -0.000744922 -0.000739801 -0.000735228 -0.000730756 -0.000725474 -0.00071996 -0.000715011 -0.00070884 -0.000702754 -0.000697116 -0.000692608 -0.000686456 -0.000678636 -0.000672964 -0.000667102 -0.000661139 -0.000655076 -0.000649582 -0.000644018 -0.00063931 -0.000635562 -0.000629508 -0.000622523 -0.000616146 -0.000610932 -0.000604739 -0.000599784 -0.000596162 -0.000592351 -0.000587727 -0.000582186 -0.000575416 -0.000568399 -0.000561407 -0.000554264 -0.000548684 -0.000542995 -0.000535659 -0.000529743 -0.000524994 -0.000518408 -0.000513241 -0.000506396 -0.00049914 -0.000494418 -0.00048899 -0.000483393 -0.000479029 -0.000475177 -0.000470356 -0.000466067 -0.000460463 -0.0004557 -0.000451521 -0.00044698 -0.000441822 -0.000438015 -0.000434421 -0.000430844 -0.000426065 -0.000422141 -0.000419373 -0.000415025 -0.000410802 -0.000407135 -0.000404192 -0.000399878 -0.000396653 -0.000393773 -0.000389927 -0.00038654 -0.000384095 -0.000381263 -0.000378109 -0.000374957 -0.000372457 -0.000369245 -0.000366257 -0.000363628 -0.000360551 -0.000357257 -0.000354976 -0.000352156 -0.000349249 -0.00034706 -0.000344761 -0.000341675 -0.000338818 -0.000336269 -0.000333307 -0.000330828 -0.000328544 -0.000326162 -0.000322964 -0.00031964 -0.000316821 -0.00031304 -0.000310355 -0.000308635 -0.000306605 -0.00030392 -0.00030146 -0.000299403 -0.000296713 -0.000293463 -0.000290155 -0.00028666 -0.00028354 -0.000281394 -0.000278232 -0.000275434 -0.000273146 -0.000270814 -0.000267936 -0.000264273 -0.000260278 -0.000256369 -0.000252766 -0.000248887 -0.000244669 -0.000241713 -0.000238558 -0.000235069 -0.000231323 -0.000228133 -0.000223549 -0.000219896 -0.000216278 -0.000212901 -0.000209094 -0.000204906 -0.000199488 -0.000194982 -0.00018992 -0.000186565 -0.000182688 -0.000179094 -0.000175965 -0.000173032 -0.000168871 -0.000164254 -0.000160167 -0.000155571 -0.000152448 -0.000148696 -0.000145668 -0.00014194 -0.000138773 -0.000135042 -0.000131767 -0.000128013 -0.000123764 -0.000119782 -0.000115992 -0.000111864 -0.000107355 -0.00010382 -0.000100599 -9.62238e-05 -9.16071e-05 -8.74539e-05 -8.41397e-05 -8.03305e-05 -7.69835e-05 -7.41264e-05 -7.09761e-05 -6.688e-05 -6.34571e-05 -5.99096e-05 -5.669e-05 -5.37904e-05 -4.98972e-05 -4.57287e-05 -4.23722e-05 -3.87573e-05 -3.56597e-05 -3.27078e-05 -2.90651e-05 -2.63064e-05 -2.3408e-05 -2.09634e-05 -1.84048e-05 -1.51434e-05 -1.2079e-05 -9.48349e-06 -6.32753e-06 -3.5179e-06 -6.60207e-07 
-0.000303647 -0.000918578 -0.00106953 -0.00104099 -0.00106398 -0.00106152 -0.00103235 -0.00100364 -0.000980097 -0.000970868 -0.000963619 -0.000959576 -0.000957744 -0.000956219 -0.000952643 -0.000948881 -0.000944291 -0.000938894 -0.000933826 -0.000928078 -0.000922351 -0.000915571 -0.000909561 -0.000901495 -0.000893045 -0.000885287 -0.000879297 -0.000873251 -0.000866894 -0.000861101 -0.000855913 -0.000850721 -0.00084558 -0.000840281 -0.000835208 -0.000830697 -0.000826995 -0.000823503 -0.00082047 -0.000818356 -0.000815966 -0.000813235 -0.00081058 -0.000807373 -0.000804823 -0.00080153 -0.000798177 -0.000795947 -0.000793585 -0.000790508 -0.00078775 -0.000784859 -0.000781286 -0.000777129 -0.000773228 -0.0007703 -0.000766778 -0.00076308 -0.000759866 -0.000757053 -0.000753331 -0.000748999 -0.000744385 -0.000740099 -0.00073617 -0.000731489 -0.000726126 -0.000721119 -0.000715804 -0.000709297 -0.000704021 -0.000697947 -0.000692211 -0.00068678 -0.000678911 -0.000672705 -0.00066685 -0.000661448 -0.000655392 -0.000649976 -0.000645161 -0.000640332 -0.000635473 -0.000629778 -0.000623812 -0.000616995 -0.000610629 -0.0006046 -0.000599265 -0.000594272 -0.000590587 -0.000586431 -0.000581122 -0.000575747 -0.000568156 -0.000561343 -0.000554064 -0.000547575 -0.000541998 -0.000536421 -0.000530545 -0.000525724 -0.000519585 -0.00051349 -0.00050659 -0.000499309 -0.000494649 -0.000488075 -0.000483153 -0.00047915 -0.000474472 -0.000469487 -0.000465548 -0.000460973 -0.000456871 -0.000452615 -0.000447896 -0.00044214 -0.000437653 -0.000433651 -0.000430219 -0.000426449 -0.000422394 -0.000418785 -0.000414856 -0.000410512 -0.000406462 -0.000403582 -0.000399776 -0.000396437 -0.000393481 -0.000390568 -0.000387617 -0.000384139 -0.000381163 -0.00037837 -0.000375442 -0.000372533 -0.000368829 -0.000366224 -0.000363532 -0.000359995 -0.000356618 -0.000354372 -0.000351445 -0.000349425 -0.000346697 -0.000343906 -0.000341474 -0.000339468 -0.00033646 -0.000332943 -0.000331134 -0.000328481 -0.000325394 -0.000322766 -0.000319602 -0.00031641 -0.00031296 -0.000310455 -0.000308747 -0.000306612 -0.000303818 -0.000301156 -0.000299179 -0.000296842 -0.000293908 -0.000290665 -0.000287496 -0.000283695 -0.000280831 -0.000277888 -0.000275806 -0.000273464 -0.000270184 -0.000266978 -0.00026411 -0.000259986 -0.000256647 -0.000252849 -0.000248826 -0.000245186 -0.000242043 -0.000238906 -0.000234703 -0.000230902 -0.000227997 -0.000223238 -0.000219093 -0.000216053 -0.000212334 -0.000208405 -0.000204448 -0.00019965 -0.000196081 -0.000191044 -0.000186675 -0.000183364 -0.000179266 -0.000175556 -0.000172791 -0.000168827 -0.000164043 -0.000160672 -0.000156275 -0.00015186 -0.000148424 -0.000145637 -0.000141792 -0.000138424 -0.000134957 -0.000132233 -0.000128758 -0.000123245 -0.000119104 -0.000114735 -0.000111145 -0.000107375 -0.000104338 -0.000100875 -9.60039e-05 -9.15991e-05 -8.77423e-05 -8.43307e-05 -8.01228e-05 -7.62169e-05 -7.34481e-05 -7.04798e-05 -6.65901e-05 -6.38042e-05 -6.01681e-05 -5.60664e-05 -5.31959e-05 -4.96647e-05 -4.56909e-05 -4.22516e-05 -3.80916e-05 -3.47268e-05 -3.17486e-05 -2.9334e-05 -2.64496e-05 -2.35567e-05 -2.07537e-05 -1.86819e-05 -1.55046e-05 -1.22467e-05 -9.34841e-06 -6.6156e-06 -3.67898e-06 2.70154e-07 
-0.000303647 -0.000924501 -0.00107954 -0.00104876 -0.00106654 -0.00105564 -0.00102879 -0.00099947 -0.000977952 -0.000967085 -0.000959344 -0.000957021 -0.000957225 -0.000955773 -0.00095369 -0.000950265 -0.000944539 -0.000938602 -0.000934231 -0.000928437 -0.000922077 -0.00091398 -0.000907267 -0.000899383 -0.000892995 -0.000885755 -0.000879673 -0.000873451 -0.000865417 -0.000859927 -0.000855251 -0.000850483 -0.000846024 -0.000841542 -0.000836649 -0.000831465 -0.000827073 -0.000823609 -0.000820813 -0.000818593 -0.000816223 -0.000813479 -0.000810627 -0.00080735 -0.000804814 -0.000801546 -0.000797758 -0.000794829 -0.000792382 -0.000790283 -0.000787782 -0.000784411 -0.000780093 -0.00077615 -0.00077285 -0.000769575 -0.000766997 -0.000763925 -0.000760847 -0.00075701 -0.00075313 -0.000749386 -0.000745277 -0.000741006 -0.000736964 -0.000732173 -0.000727831 -0.000723107 -0.000716995 -0.00070969 -0.000705263 -0.000698957 -0.000692213 -0.000687724 -0.000680245 -0.000674036 -0.000667924 -0.000661268 -0.00065564 -0.000650583 -0.000645909 -0.000640823 -0.000634909 -0.000630567 -0.000624659 -0.000616736 -0.000609547 -0.000603149 -0.000598934 -0.00059444 -0.000590605 -0.000586254 -0.000580569 -0.000574892 -0.00056673 -0.000559782 -0.000552753 -0.000547073 -0.000541852 -0.000537711 -0.000531915 -0.000526895 -0.00051964 -0.000512699 -0.000506905 -0.000500517 -0.000494744 -0.000488489 -0.000483943 -0.000479528 -0.000474173 -0.000469431 -0.000465668 -0.000461346 -0.000457289 -0.000452568 -0.000447745 -0.000443154 -0.000438614 -0.000433828 -0.000430236 -0.000426793 -0.000422401 -0.000417639 -0.000413913 -0.000410619 -0.000406426 -0.000403341 -0.000399601 -0.000396203 -0.000393254 -0.000390402 -0.000387514 -0.000384243 -0.000381128 -0.000377624 -0.000374661 -0.000371585 -0.000368746 -0.000365833 -0.000362706 -0.000359469 -0.000356515 -0.000353979 -0.000351345 -0.000349179 -0.000346291 -0.000343568 -0.000341301 -0.000339123 -0.000336113 -0.000332779 -0.000330852 -0.000328084 -0.000325364 -0.000323028 -0.000319384 -0.000315865 -0.000313212 -0.000310702 -0.00030823 -0.000305954 -0.000303718 -0.000301777 -0.000299524 -0.000296369 -0.000293075 -0.000290303 -0.000287436 -0.000284183 -0.000280836 -0.000277879 -0.000275287 -0.000272808 -0.000269759 -0.000266848 -0.00026426 -0.000260764 -0.000256655 -0.000252965 -0.00024918 -0.000245351 -0.000241277 -0.000238419 -0.000234595 -0.000230647 -0.000227886 -0.00022332 -0.000219008 -0.000215907 -0.000211741 -0.000207788 -0.000204525 -0.000200326 -0.000196639 -0.00019138 -0.000186405 -0.000182976 -0.000179526 -0.000176108 -0.000172569 -0.000169435 -0.000164725 -0.000160444 -0.00015657 -0.000151873 -0.000148434 -0.000145541 -0.000141741 -0.000138479 -0.00013485 -0.000131642 -0.000128002 -0.000123836 -0.000120051 -0.000115723 -0.000111266 -0.000107496 -0.000103575 -9.9864e-05 -9.61369e-05 -9.25025e-05 -8.8004e-05 -8.35413e-05 -7.99453e-05 -7.64956e-05 -7.34598e-05 -7.01966e-05 -6.61736e-05 -6.30341e-05 -5.97294e-05 -5.61071e-05 -5.31306e-05 -4.9803e-05 -4.62561e-05 -4.19091e-05 -3.77563e-05 -3.49026e-05 -3.20846e-05 -2.92708e-05 -2.61145e-05 -2.34947e-05 -2.06295e-05 -1.85426e-05 -1.59804e-05 -1.27954e-05 -9.36498e-06 -6.44027e-06 -3.65467e-06 4.47723e-07 
-0.000303647 -0.000904849 -0.00106911 -0.00103881 -0.00105255 -0.00104642 -0.00102015 -0.000992046 -0.000971429 -0.000961093 -0.000955627 -0.00095598 -0.000956546 -0.00095592 -0.000954068 -0.000951399 -0.000946332 -0.000940309 -0.000934477 -0.000927659 -0.000922536 -0.00091459 -0.000906172 -0.000899236 -0.000892978 -0.000886085 -0.000878357 -0.000872255 -0.000865265 -0.000861051 -0.000855613 -0.000849987 -0.000845951 -0.000841501 -0.000837067 -0.000832452 -0.000827482 -0.000823207 -0.000820313 -0.00081819 -0.000816104 -0.00081368 -0.000810698 -0.000806745 -0.000803821 -0.000800689 -0.000797064 -0.000794481 -0.000791686 -0.000789209 -0.000786745 -0.000784038 -0.000780357 -0.000776644 -0.000772912 -0.00076949 -0.000766595 -0.000763867 -0.00076109 -0.000756469 -0.000752761 -0.000749751 -0.000745661 -0.000741565 -0.00073693 -0.000732805 -0.000728397 -0.000723906 -0.000717388 -0.000710923 -0.000706604 -0.000699808 -0.000692585 -0.000688246 -0.000681185 -0.000674867 -0.000668244 -0.000661937 -0.00065663 -0.00065095 -0.000645328 -0.000640419 -0.000635353 -0.000630972 -0.00062495 -0.000617259 -0.000610791 -0.000604863 -0.000598662 -0.000594309 -0.000589528 -0.000585034 -0.000579758 -0.000573726 -0.000565824 -0.000559855 -0.000554264 -0.00054805 -0.000542083 -0.000537974 -0.000532921 -0.000527014 -0.000520875 -0.000513717 -0.000508155 -0.000501458 -0.000494269 -0.000488328 -0.000484236 -0.000478734 -0.000474121 -0.000470631 -0.00046653 -0.000461519 -0.000457577 -0.000452164 -0.000447569 -0.000443627 -0.000439004 -0.00043512 -0.000430512 -0.000426029 -0.000422209 -0.000417716 -0.000414338 -0.000410546 -0.000406411 -0.000402542 -0.000399472 -0.00039649 -0.00039356 -0.000390191 -0.000386538 -0.000383133 -0.00038081 -0.000377355 -0.000374546 -0.000371587 -0.000368423 -0.000365043 -0.000361589 -0.000358723 -0.000356031 -0.000353261 -0.00035083 -0.000349082 -0.000346509 -0.00034447 -0.000341506 -0.000338382 -0.000335966 -0.000332921 -0.000330327 -0.000327471 -0.000325049 -0.000322557 -0.000319348 -0.00031596 -0.000313666 -0.000311078 -0.000307857 -0.000305408 -0.000303487 -0.000301275 -0.000298763 -0.000296232 -0.0002935 -0.00029029 -0.000287147 -0.000284332 -0.000281088 -0.000278305 -0.000274998 -0.000272143 -0.000269415 -0.000266569 -0.000264116 -0.000260204 -0.000256479 -0.000253346 -0.00025042 -0.000246331 -0.000241858 -0.000238732 -0.000234783 -0.000230389 -0.000227579 -0.000223252 -0.000218919 -0.000215043 -0.000211086 -0.000208192 -0.000204341 -0.000199572 -0.000196043 -0.000191537 -0.000187003 -0.000183161 -0.000179352 -0.000176507 -0.000172966 -0.000169268 -0.000164455 -0.000159437 -0.000155908 -0.000152664 -0.000149193 -0.000145477 -0.000141311 -0.000138122 -0.00013508 -0.000131946 -0.000127735 -0.000123873 -0.000120288 -0.000116175 -0.000112156 -0.00010846 -0.000103493 -9.93843e-05 -9.56611e-05 -9.23839e-05 -8.83474e-05 -8.37468e-05 -7.98455e-05 -7.67324e-05 -7.31816e-05 -6.93527e-05 -6.57688e-05 -6.26502e-05 -5.95136e-05 -5.6649e-05 -5.29451e-05 -4.90858e-05 -4.57866e-05 -4.12742e-05 -3.73124e-05 -3.46517e-05 -3.15931e-05 -2.8927e-05 -2.63182e-05 -2.40683e-05 -2.10923e-05 -1.82082e-05 -1.55669e-05 -1.29569e-05 -9.76562e-06 -6.32706e-06 -3.34118e-06 6.22979e-07 
-0.000311768 -0.000874218 -0.00104458 -0.00103167 -0.00104826 -0.00103913 -0.00101967 -0.000994602 -0.000969348 -0.000956188 -0.000954766 -0.000955443 -0.000956522 -0.00095701 -0.000955533 -0.000952344 -0.000947944 -0.000942818 -0.000935838 -0.000927946 -0.000922912 -0.00091579 -0.00090686 -0.000899074 -0.000892999 -0.000886355 -0.000878527 -0.000873326 -0.000866324 -0.000861393 -0.000856298 -0.000851349 -0.000846768 -0.000841023 -0.000836449 -0.000832063 -0.000827016 -0.000823663 -0.000820555 -0.000817561 -0.000815086 -0.000812966 -0.000810495 -0.000807234 -0.000803725 -0.000800124 -0.000796218 -0.000793502 -0.000790859 -0.000788437 -0.00078635 -0.000783554 -0.000780132 -0.000776361 -0.000772555 -0.000769793 -0.000766398 -0.000763313 -0.000760588 -0.000756447 -0.000753361 -0.000749009 -0.000744565 -0.000740862 -0.000737297 -0.000733873 -0.000729368 -0.000724033 -0.000718343 -0.000712178 -0.000707292 -0.000700958 -0.000693985 -0.000689065 -0.000681218 -0.000674499 -0.000668602 -0.000663287 -0.000657292 -0.000650747 -0.000645513 -0.000641064 -0.000635682 -0.000630158 -0.000623849 -0.000617391 -0.000612468 -0.000605661 -0.000599037 -0.000594277 -0.000589833 -0.000585465 -0.000579917 -0.000572923 -0.00056471 -0.000559091 -0.000552738 -0.000547531 -0.0005427 -0.00053855 -0.000533247 -0.000527556 -0.000522505 -0.000515756 -0.000508564 -0.000501457 -0.000495517 -0.000490156 -0.000484584 -0.00047883 -0.000474215 -0.000470918 -0.000466246 -0.000461414 -0.000458468 -0.00045354 -0.000449239 -0.000444678 -0.000439359 -0.000435589 -0.000430562 -0.000426132 -0.000422404 -0.000418309 -0.000414255 -0.000410463 -0.000406648 -0.00040331 -0.000399703 -0.000395889 -0.000392368 -0.000389546 -0.000385932 -0.000382664 -0.000380375 -0.000376975 -0.000374092 -0.000370749 -0.000367457 -0.000364571 -0.000361198 -0.000358364 -0.000355495 -0.000352994 -0.000350997 -0.000348743 -0.000346597 -0.000344652 -0.000341902 -0.000338392 -0.000336015 -0.000332669 -0.00032964 -0.00032703 -0.000324524 -0.000321963 -0.000319347 -0.000315929 -0.00031296 -0.000310675 -0.000307799 -0.000305988 -0.000303442 -0.00030048 -0.000298218 -0.000295707 -0.000292952 -0.000289728 -0.000286526 -0.000283308 -0.000280495 -0.000278354 -0.000275008 -0.000272199 -0.000269097 -0.000265657 -0.000263024 -0.00025971 -0.000256546 -0.000253692 -0.000250208 -0.000246683 -0.00024274 -0.000239108 -0.000234628 -0.000230437 -0.000226502 -0.000222242 -0.000218881 -0.000214337 -0.000210411 -0.00020745 -0.000203362 -0.000199553 -0.00019573 -0.000191989 -0.000187881 -0.000183221 -0.000179124 -0.000176207 -0.000172237 -0.000168302 -0.000164336 -0.000159846 -0.000156297 -0.000152327 -0.00014872 -0.000145365 -0.00014185 -0.000138337 -0.000134554 -0.000131712 -0.000128241 -0.0001244 -0.000119913 -0.000115047 -0.000111468 -0.000108173 -0.000103945 -0.000100401 -9.55585e-05 -9.16266e-05 -8.82019e-05 -8.38624e-05 -7.96599e-05 -7.55563e-05 -7.1886e-05 -6.89243e-05 -6.61247e-05 -6.19366e-05 -5.86515e-05 -5.56991e-05 -5.22365e-05 -4.86873e-05 -4.54172e-05 -4.13327e-05 -3.83085e-05 -3.53468e-05 -3.17889e-05 -2.93577e-05 -2.68738e-05 -2.44699e-05 -2.15647e-05 -1.82372e-05 -1.53068e-05 -1.2692e-05 -9.92601e-06 -6.68185e-06 -3.48316e-06 -6.95121e-07 
-0.000453307 -0.000883636 -0.000991947 -0.00102072 -0.00104066 -0.00103246 -0.00101478 -0.000990729 -0.000970863 -0.000959285 -0.000954701 -0.000955851 -0.000957614 -0.000958831 -0.000957429 -0.000953139 -0.000948615 -0.000943628 -0.000936311 -0.000929361 -0.000922039 -0.000914319 -0.000907621 -0.000900507 -0.000893132 -0.000885811 -0.000879226 -0.000874659 -0.000867528 -0.000861148 -0.000856096 -0.000852105 -0.000847028 -0.000841636 -0.000837166 -0.000831776 -0.000826637 -0.000823148 -0.000820334 -0.000817675 -0.00081527 -0.000812632 -0.000809718 -0.000806389 -0.000802651 -0.000799299 -0.000795747 -0.000793054 -0.000790178 -0.000787653 -0.000784906 -0.000782382 -0.000779547 -0.00077568 -0.000771862 -0.000769091 -0.000765927 -0.000763274 -0.000759786 -0.000755728 -0.000752888 -0.00074826 -0.000743802 -0.000740757 -0.000737023 -0.000732611 -0.000728595 -0.000724489 -0.000719445 -0.000712954 -0.000706953 -0.000701908 -0.000695107 -0.000689161 -0.000682011 -0.000675176 -0.000669671 -0.000663468 -0.000656713 -0.000650705 -0.000645758 -0.000640888 -0.000634735 -0.000629161 -0.000623725 -0.000618307 -0.000612955 -0.000606572 -0.000600719 -0.000595954 -0.000591079 -0.000584626 -0.000578483 -0.000572721 -0.000566224 -0.000560044 -0.00055257 -0.00054763 -0.000543613 -0.000538067 -0.000532893 -0.000527654 -0.00052258 -0.000515704 -0.000508462 -0.000502144 -0.000497375 -0.00049171 -0.000485305 -0.000480249 -0.000475611 -0.000471394 -0.000466215 -0.000461597 -0.000458584 -0.000453715 -0.000449207 -0.000445106 -0.000440025 -0.000435502 -0.000430496 -0.000426337 -0.00042209 -0.000417849 -0.000414122 -0.000410135 -0.000406667 -0.000403332 -0.000399741 -0.000396024 -0.000392613 -0.000389096 -0.000385802 -0.000382178 -0.000379562 -0.000375989 -0.000373134 -0.000370375 -0.000367374 -0.000364291 -0.000360884 -0.000357834 -0.00035526 -0.000353192 -0.000351207 -0.000348492 -0.000346066 -0.000344102 -0.000341516 -0.000338526 -0.00033563 -0.000332308 -0.000329808 -0.000327506 -0.00032456 -0.000321473 -0.000319376 -0.000316093 -0.000313002 -0.000310232 -0.000307334 -0.00030541 -0.000303087 -0.000300484 -0.000298139 -0.000294659 -0.000291306 -0.000288379 -0.000285871 -0.000283024 -0.000280206 -0.000277449 -0.000273881 -0.000271124 -0.000268166 -0.000264955 -0.000262295 -0.000259701 -0.00025721 -0.000254063 -0.000249823 -0.000246466 -0.000242594 -0.000238065 -0.00023444 -0.000230922 -0.000226323 -0.000221755 -0.000218612 -0.000214066 -0.000209564 -0.000206104 -0.000202363 -0.000199432 -0.000195152 -0.00019093 -0.000186906 -0.000182724 -0.00017936 -0.000176041 -0.000171754 -0.000167899 -0.000164859 -0.000160813 -0.000157336 -0.0001525 -0.000148787 -0.000145498 -0.000142278 -0.000138339 -0.00013384 -0.000130808 -0.000127597 -0.000124121 -0.000120097 -0.000115639 -0.000112366 -0.000108208 -0.000103422 -0.000100146 -9.59442e-05 -9.163e-05 -8.80859e-05 -8.4342e-05 -8.02535e-05 -7.58877e-05 -7.15716e-05 -6.84891e-05 -6.5778e-05 -6.20251e-05 -5.86922e-05 -5.55609e-05 -5.20844e-05 -4.8913e-05 -4.51013e-05 -4.1081e-05 -3.8213e-05 -3.54929e-05 -3.28363e-05 -3.05034e-05 -2.75423e-05 -2.42589e-05 -2.14911e-05 -1.90062e-05 -1.60841e-05 -1.29306e-05 -1.0391e-05 -7.25804e-06 -2.88618e-06 8.2939e-07 
-0.00048145 -0.000869173 -0.000959173 -0.0010212 -0.0010462 -0.00103404 -0.0010105 -0.000988601 -0.000974805 -0.000961781 -0.00095537 -0.000956661 -0.000958308 -0.00095945 -0.000958393 -0.000954982 -0.000950913 -0.000944771 -0.000937856 -0.000930711 -0.000921914 -0.000913648 -0.000906811 -0.000900496 -0.000893577 -0.000886958 -0.000880454 -0.000875455 -0.00086837 -0.000861838 -0.000856598 -0.000852042 -0.000845836 -0.000841398 -0.000836725 -0.000831088 -0.000826869 -0.00082325 -0.000820199 -0.000817701 -0.000815162 -0.000811405 -0.000808555 -0.000805643 -0.000802185 -0.000798952 -0.000795519 -0.000791956 -0.000789302 -0.000787193 -0.000784917 -0.000781934 -0.000779227 -0.000775325 -0.0007712 -0.00076817 -0.000765217 -0.000762637 -0.00075902 -0.000755038 -0.000751945 -0.000747728 -0.000744301 -0.000740441 -0.000736017 -0.000732466 -0.00072875 -0.000724406 -0.000719601 -0.000713983 -0.000708025 -0.000702663 -0.000695523 -0.000688626 -0.000682701 -0.000676476 -0.000670325 -0.000663002 -0.000657049 -0.000652261 -0.000645986 -0.000639599 -0.000634927 -0.000628958 -0.000624574 -0.000619207 -0.000612473 -0.000607101 -0.000602306 -0.000596957 -0.000591115 -0.000584949 -0.000578338 -0.00057255 -0.000566187 -0.000559807 -0.000554121 -0.000548276 -0.000543201 -0.00053831 -0.00053343 -0.000528256 -0.000521976 -0.000514985 -0.000508628 -0.000503228 -0.000498089 -0.000492581 -0.000486615 -0.000482102 -0.000476371 -0.000471062 -0.000467012 -0.000462269 -0.000458594 -0.000453657 -0.000449295 -0.000445362 -0.000440761 -0.000435194 -0.000429833 -0.000425901 -0.00042164 -0.000418071 -0.00041463 -0.000410375 -0.000406412 -0.000403116 -0.000399568 -0.00039643 -0.00039249 -0.000388609 -0.000385317 -0.000381997 -0.000378932 -0.000376041 -0.000373126 -0.000370224 -0.000366834 -0.000363331 -0.000360445 -0.000357738 -0.000355104 -0.000352508 -0.000350422 -0.000348382 -0.000346374 -0.000343809 -0.000341512 -0.000338767 -0.00033516 -0.000331822 -0.000329242 -0.000326797 -0.000324356 -0.00032155 -0.00031906 -0.000316018 -0.000313334 -0.00031017 -0.000306844 -0.000304753 -0.000302377 -0.000299993 -0.000297413 -0.000294024 -0.000290848 -0.000287923 -0.000285145 -0.00028246 -0.000279873 -0.000276895 -0.00027336 -0.000270413 -0.00026765 -0.000265015 -0.000261981 -0.000259077 -0.000256538 -0.000253539 -0.000250105 -0.000246995 -0.000242626 -0.000237965 -0.000234084 -0.00023049 -0.000226479 -0.000221635 -0.000217888 -0.000213715 -0.000209697 -0.00020543 -0.00020147 -0.000198183 -0.000194506 -0.000190587 -0.000186423 -0.000182338 -0.000178371 -0.000174715 -0.000171566 -0.000167975 -0.000164023 -0.000160025 -0.000156719 -0.000153371 -0.000150198 -0.000145941 -0.000141558 -0.000138054 -0.000134342 -0.000130888 -0.000127281 -0.000123284 -0.000119818 -0.000116013 -0.0001123 -0.000107923 -0.000103171 -9.97316e-05 -9.60228e-05 -9.2305e-05 -8.75528e-05 -8.3761e-05 -8.01324e-05 -7.57645e-05 -7.2375e-05 -6.84016e-05 -6.45746e-05 -6.15166e-05 -5.84082e-05 -5.47335e-05 -5.14273e-05 -4.84907e-05 -4.46799e-05 -4.1631e-05 -3.84036e-05 -3.53294e-05 -3.33176e-05 -3.08842e-05 -2.78415e-05 -2.4792e-05 -2.20381e-05 -1.92351e-05 -1.66187e-05 -1.28429e-05 -1.01057e-05 -7.7425e-06 -3.99306e-06 3.80112e-07 
-0.00043137 -0.000882518 -0.00100233 -0.00102485 -0.00104047 -0.00104102 -0.00101708 -0.000992274 -0.00097907 -0.000966519 -0.000959413 -0.000958495 -0.000960003 -0.000959711 -0.000958035 -0.000955561 -0.000951427 -0.000944503 -0.000937608 -0.000931104 -0.00092246 -0.000915678 -0.000907745 -0.000899871 -0.000893955 -0.000887391 -0.00087982 -0.000873748 -0.000868067 -0.000862387 -0.000857827 -0.000852345 -0.000846152 -0.000841371 -0.000836137 -0.000830356 -0.000826819 -0.000822881 -0.000819351 -0.00081628 -0.000813946 -0.000810724 -0.000808064 -0.00080502 -0.000801421 -0.000798051 -0.000794734 -0.000791792 -0.00078924 -0.000786839 -0.000784387 -0.000780971 -0.000777865 -0.00077441 -0.000771195 -0.000768177 -0.000764366 -0.000761303 -0.000758524 -0.000755525 -0.000751512 -0.000747298 -0.000744354 -0.000739771 -0.000735297 -0.000732631 -0.000728447 -0.000722855 -0.000718271 -0.000714289 -0.000708149 -0.000702058 -0.000696071 -0.000689881 -0.000683246 -0.000676248 -0.000670022 -0.000663638 -0.000658213 -0.000652645 -0.000646419 -0.000639908 -0.000635338 -0.000628907 -0.000622824 -0.00061816 -0.000612952 -0.000608397 -0.00060384 -0.000597541 -0.000590963 -0.000586049 -0.000580046 -0.000574018 -0.000566102 -0.000559574 -0.000555531 -0.000548477 -0.00054207 -0.000537689 -0.000532514 -0.000526736 -0.000521461 -0.000514902 -0.000509673 -0.000504274 -0.000498123 -0.000493171 -0.000488229 -0.000482997 -0.000476911 -0.000471389 -0.000467187 -0.000461971 -0.000457286 -0.000453321 -0.00044921 -0.000444384 -0.000439548 -0.000434639 -0.000430338 -0.000425488 -0.000420382 -0.000417074 -0.000413892 -0.000410038 -0.000407398 -0.000403363 -0.000399087 -0.000396018 -0.00039254 -0.000388546 -0.000385703 -0.000382225 -0.000378372 -0.00037579 -0.000372667 -0.000369339 -0.000366352 -0.000363056 -0.000360363 -0.000357937 -0.000354816 -0.000352278 -0.000350076 -0.000347892 -0.000345778 -0.000342924 -0.000340413 -0.000338073 -0.000334954 -0.000332199 -0.00032898 -0.000326422 -0.000324252 -0.000321663 -0.000318753 -0.000315733 -0.000312759 -0.000309471 -0.000306915 -0.000304569 -0.000301783 -0.000298978 -0.000296364 -0.000293179 -0.000290435 -0.000287254 -0.000283994 -0.000281505 -0.00027939 -0.000276389 -0.000273434 -0.000269682 -0.000266685 -0.00026394 -0.000261712 -0.000259419 -0.000256312 -0.000252407 -0.000249559 -0.000246101 -0.000241849 -0.000238205 -0.000234003 -0.000229708 -0.000226186 -0.000221704 -0.000217365 -0.000212866 -0.000209457 -0.000205479 -0.00020154 -0.000197515 -0.000193757 -0.000190133 -0.000186013 -0.000182405 -0.000178368 -0.000174087 -0.000171113 -0.000168019 -0.000163296 -0.000159529 -0.000156637 -0.000153575 -0.000150491 -0.000146635 -0.000142028 -0.000138223 -0.000134902 -0.000131237 -0.000126958 -0.000122738 -0.000120241 -0.000115617 -0.00011123 -0.000107817 -0.000104161 -9.95942e-05 -9.50651e-05 -9.18848e-05 -8.80126e-05 -8.45616e-05 -8.00314e-05 -7.54914e-05 -7.24471e-05 -6.83089e-05 -6.43575e-05 -6.169e-05 -5.80675e-05 -5.42875e-05 -5.163e-05 -4.82415e-05 -4.42953e-05 -4.189e-05 -3.86644e-05 -3.57591e-05 -3.38653e-05 -3.10183e-05 -2.80858e-05 -2.56194e-05 -2.22691e-05 -1.87814e-05 -1.64226e-05 -1.34324e-05 -1.06439e-05 -8.38147e-06 -4.52187e-06 1.20468e-06 
-0.000310533 -0.00088769 -0.00105602 -0.00103862 -0.00104803 -0.00104816 -0.00102794 -0.00100054 -0.000980419 -0.000969581 -0.000965195 -0.000962115 -0.000961336 -0.000960679 -0.000958974 -0.000956402 -0.00095157 -0.000945229 -0.000938731 -0.000930546 -0.000922083 -0.000917095 -0.000909796 -0.000900833 -0.000895735 -0.000888236 -0.000880477 -0.000875338 -0.000868131 -0.000861136 -0.000855416 -0.000850543 -0.000845187 -0.000840716 -0.00083483 -0.000829947 -0.000826521 -0.000822869 -0.000819535 -0.000815868 -0.000813737 -0.000810271 -0.000806593 -0.00080362 -0.000800337 -0.000797357 -0.000794777 -0.00079208 -0.000788921 -0.000785919 -0.000783335 -0.000780746 -0.000777313 -0.000773658 -0.000770862 -0.000767318 -0.000764042 -0.000761033 -0.000758185 -0.00075504 -0.000751285 -0.00074742 -0.000743863 -0.000738835 -0.000734928 -0.000731717 -0.000727376 -0.000722729 -0.000718407 -0.000714129 -0.000708028 -0.00070118 -0.000696279 -0.000690109 -0.000682666 -0.000676484 -0.000671339 -0.000665426 -0.000658796 -0.000651834 -0.000646406 -0.00064079 -0.000636129 -0.000630076 -0.000623086 -0.000617698 -0.000613651 -0.000608755 -0.000603566 -0.000598111 -0.000591878 -0.000586788 -0.000580143 -0.000573535 -0.000567017 -0.000560939 -0.00055581 -0.000548962 -0.000542162 -0.000537678 -0.00053194 -0.000526355 -0.000521019 -0.000514564 -0.000508688 -0.0005037 -0.000498907 -0.000494804 -0.000488766 -0.000483092 -0.000477762 -0.000471876 -0.000466933 -0.000462118 -0.000456895 -0.000452188 -0.000448618 -0.000443849 -0.000438861 -0.000433962 -0.000430139 -0.00042519 -0.000420806 -0.000417518 -0.000413997 -0.000410139 -0.000406862 -0.000403524 -0.000399632 -0.000396745 -0.000393233 -0.000388853 -0.000385215 -0.000381724 -0.000378212 -0.000375175 -0.000371808 -0.000368822 -0.000366121 -0.000362622 -0.000359576 -0.000356971 -0.000354829 -0.000352558 -0.000349684 -0.000346806 -0.000344956 -0.000342711 -0.00034035 -0.000337801 -0.000334522 -0.000332056 -0.000329176 -0.000326411 -0.000323672 -0.000321226 -0.000318473 -0.000315543 -0.000312293 -0.000308811 -0.000306216 -0.000303775 -0.000301724 -0.000299387 -0.000296254 -0.000293079 -0.000289679 -0.000286518 -0.000283913 -0.000281445 -0.000278572 -0.000275521 -0.000273307 -0.000269734 -0.000266665 -0.000263779 -0.000261534 -0.000259497 -0.000256017 -0.000252634 -0.000249093 -0.00024496 -0.000240771 -0.000237616 -0.00023351 -0.000229589 -0.000226304 -0.000222137 -0.000217839 -0.000213506 -0.000208907 -0.000204674 -0.000201837 -0.000197917 -0.000193961 -0.000190323 -0.000185763 -0.000182155 -0.000178377 -0.000173654 -0.000169786 -0.000166698 -0.000162884 -0.000159853 -0.000156281 -0.000152671 -0.000149644 -0.000146796 -0.000142353 -0.000137724 -0.000134295 -0.000130494 -0.000126636 -0.000122999 -0.000120088 -0.000115618 -0.000111472 -0.000107823 -0.000104118 -9.94769e-05 -9.48837e-05 -9.19025e-05 -8.80804e-05 -8.47083e-05 -8.07816e-05 -7.58613e-05 -7.25053e-05 -6.87964e-05 -6.46941e-05 -6.13428e-05 -5.74839e-05 -5.40578e-05 -5.14289e-05 -4.79379e-05 -4.45885e-05 -4.20698e-05 -3.92631e-05 -3.62392e-05 -3.39327e-05 -3.09994e-05 -2.82282e-05 -2.55899e-05 -2.20622e-05 -1.89805e-05 -1.66061e-05 -1.38849e-05 -1.05393e-05 -8.213e-06 -4.97621e-06 5.41216e-07 
-0.000298648 -0.000908344 -0.00107598 -0.00104254 -0.00105268 -0.00105121 -0.00103118 -0.00100758 -0.000986192 -0.000974628 -0.00096992 -0.000965285 -0.000963287 -0.00096225 -0.000959974 -0.0009568 -0.000951708 -0.000946388 -0.000939856 -0.000931262 -0.000922807 -0.000917615 -0.000910267 -0.000902226 -0.000897349 -0.000887633 -0.000879841 -0.000874579 -0.000867628 -0.000860679 -0.000855518 -0.000850502 -0.00084509 -0.000839911 -0.000834304 -0.000830319 -0.000826197 -0.000822144 -0.000818793 -0.000815163 -0.000812706 -0.000808937 -0.000805506 -0.000803006 -0.000800305 -0.000796927 -0.00079407 -0.000791568 -0.000788603 -0.00078612 -0.000783338 -0.000780318 -0.000776917 -0.000773067 -0.000769683 -0.000766343 -0.000764001 -0.00076127 -0.000757777 -0.000754352 -0.000751096 -0.000747871 -0.000743483 -0.000738878 -0.000734507 -0.000730909 -0.000726515 -0.000723146 -0.00071761 -0.000711882 -0.000707154 -0.000702015 -0.000696366 -0.000689562 -0.000682923 -0.000677527 -0.000671325 -0.000664505 -0.000658618 -0.000652349 -0.000647073 -0.000641152 -0.000636232 -0.000630425 -0.00062383 -0.000617357 -0.000612988 -0.000608189 -0.000602807 -0.000598816 -0.000593453 -0.000587139 -0.000579702 -0.00057288 -0.000568117 -0.000561301 -0.000554972 -0.000549157 -0.000543451 -0.00053794 -0.000532001 -0.000527241 -0.000521532 -0.000514416 -0.000509526 -0.00050391 -0.000498475 -0.000494535 -0.000489527 -0.000483596 -0.000478192 -0.000471966 -0.000465976 -0.000461403 -0.00045669 -0.000451585 -0.000447088 -0.00044322 -0.000438625 -0.000433531 -0.000428834 -0.000424676 -0.000421533 -0.000417697 -0.00041367 -0.000409592 -0.000406656 -0.000403319 -0.000399608 -0.00039585 -0.000392721 -0.000389237 -0.000385442 -0.000382069 -0.000378545 -0.000374819 -0.000371416 -0.00036826 -0.000365304 -0.000362263 -0.000359653 -0.000357059 -0.000354305 -0.000352023 -0.000349358 -0.000346793 -0.000344521 -0.000342281 -0.000339775 -0.000337096 -0.000334223 -0.00033158 -0.000328921 -0.000326178 -0.000323292 -0.000321037 -0.000318006 -0.000314671 -0.000311788 -0.000308938 -0.000306142 -0.000303342 -0.000301098 -0.000298542 -0.000295581 -0.000292694 -0.000289392 -0.000286657 -0.000284309 -0.000281521 -0.000277985 -0.000275055 -0.000272504 -0.000269181 -0.00026689 -0.000263962 -0.000261398 -0.000259091 -0.000255951 -0.000252899 -0.000248819 -0.000244051 -0.000240631 -0.000237025 -0.000233343 -0.000230254 -0.000226323 -0.000221608 -0.000217584 -0.000213756 -0.000209175 -0.000204724 -0.000201885 -0.000197241 -0.000193535 -0.00019036 -0.000185647 -0.000181701 -0.000178268 -0.000173711 -0.000169382 -0.000165598 -0.000162006 -0.000159231 -0.000155667 -0.00015272 -0.000149609 -0.0001466 -0.00014218 -0.000137486 -0.000133478 -0.0001296 -0.000126613 -0.000123421 -0.000119718 -0.000115724 -0.000112327 -0.000107866 -0.000103157 -9.9142e-05 -9.52307e-05 -9.23494e-05 -8.78916e-05 -8.42472e-05 -8.07484e-05 -7.65319e-05 -7.24558e-05 -6.89618e-05 -6.48296e-05 -6.10631e-05 -5.74818e-05 -5.43109e-05 -5.15858e-05 -4.81348e-05 -4.54536e-05 -4.26981e-05 -3.94379e-05 -3.65617e-05 -3.37446e-05 -3.13284e-05 -2.84599e-05 -2.5329e-05 -2.19842e-05 -1.87427e-05 -1.58874e-05 -1.35845e-05 -1.08064e-05 -8.53346e-06 -4.81143e-06 1.26144e-06 
-0.000298648 -0.000916983 -0.00108998 -0.00105468 -0.00106248 -0.00105777 -0.00103633 -0.00101403 -0.000994726 -0.000979968 -0.00097399 -0.000969947 -0.000966612 -0.000964522 -0.000961615 -0.000957583 -0.000952656 -0.00094585 -0.00093965 -0.000932919 -0.000926568 -0.000920233 -0.000912363 -0.000904257 -0.000898743 -0.000888601 -0.000880035 -0.000874149 -0.000866949 -0.000861631 -0.000856233 -0.000849574 -0.000843307 -0.000838787 -0.000834317 -0.000830433 -0.000825433 -0.000821309 -0.000817853 -0.000814698 -0.000811877 -0.000808064 -0.000804742 -0.000802152 -0.000799178 -0.000796231 -0.00079393 -0.000791411 -0.000788253 -0.000786133 -0.000782435 -0.000778832 -0.000776129 -0.000772658 -0.000769254 -0.000766016 -0.000763422 -0.000760869 -0.000757623 -0.000754502 -0.00075108 -0.000747632 -0.000743195 -0.000739459 -0.000735103 -0.000730567 -0.000725969 -0.000722446 -0.000716346 -0.000710577 -0.000706875 -0.000701273 -0.000694882 -0.000689466 -0.000683127 -0.000677628 -0.00067061 -0.000664396 -0.000659241 -0.000653171 -0.000647915 -0.000641113 -0.000635538 -0.000629699 -0.000624208 -0.00061785 -0.000613316 -0.000607746 -0.000602777 -0.000598372 -0.000592016 -0.000586155 -0.000580276 -0.000574329 -0.000568437 -0.000561965 -0.000554751 -0.000548808 -0.000543682 -0.000537765 -0.000532678 -0.000527952 -0.000521447 -0.000514526 -0.000509931 -0.000504233 -0.000498671 -0.000494302 -0.000489182 -0.00048323 -0.00047727 -0.000471592 -0.000465739 -0.000460826 -0.000455916 -0.000451235 -0.000445936 -0.000441715 -0.000438159 -0.000433786 -0.000428963 -0.000424541 -0.000421387 -0.000417688 -0.000413881 -0.000410503 -0.00040687 -0.000403668 -0.00039981 -0.000395782 -0.000392624 -0.000389563 -0.00038563 -0.000381663 -0.000377952 -0.000374205 -0.000371403 -0.000368224 -0.000364793 -0.000362027 -0.000359649 -0.00035676 -0.000353503 -0.000351165 -0.000348895 -0.000346433 -0.000344013 -0.00034181 -0.000339265 -0.000336895 -0.000334729 -0.000332036 -0.000328828 -0.000325897 -0.000322751 -0.000320578 -0.000317333 -0.000314106 -0.000311352 -0.000308702 -0.000305613 -0.000302503 -0.000300294 -0.000297807 -0.000295227 -0.000292731 -0.000289525 -0.000286299 -0.000283532 -0.000280857 -0.000278176 -0.00027575 -0.000272477 -0.000268955 -0.000266933 -0.000264519 -0.000261673 -0.000258445 -0.000255642 -0.00025231 -0.000247709 -0.000243368 -0.000240464 -0.000236205 -0.000232576 -0.000229841 -0.000226076 -0.000222413 -0.000217771 -0.000213737 -0.00020959 -0.000205168 -0.000201872 -0.00019721 -0.000193154 -0.000190285 -0.000185719 -0.000181299 -0.000177538 -0.000173337 -0.000169603 -0.000165634 -0.000161366 -0.000158563 -0.000155445 -0.000152137 -0.000148035 -0.000144647 -0.000140877 -0.000137353 -0.000133201 -0.000129003 -0.000126089 -0.000123192 -0.000119007 -0.000115393 -0.000111822 -0.000107507 -0.000103306 -9.98461e-05 -9.54691e-05 -9.17861e-05 -8.79469e-05 -8.39322e-05 -8.0795e-05 -7.71598e-05 -7.30292e-05 -6.92786e-05 -6.54424e-05 -6.18001e-05 -5.81216e-05 -5.4419e-05 -5.15414e-05 -4.89385e-05 -4.64239e-05 -4.30714e-05 -3.96647e-05 -3.69914e-05 -3.43063e-05 -3.17949e-05 -2.83689e-05 -2.5161e-05 -2.22014e-05 -1.88588e-05 -1.55253e-05 -1.36271e-05 -1.14318e-05 -8.66509e-06 -4.29598e-06 1.21983e-06 
-0.000298648 -0.000910364 -0.00107727 -0.00106372 -0.00106723 -0.00106025 -0.00103924 -0.00101335 -0.000998405 -0.000985223 -0.000978412 -0.000973997 -0.000970559 -0.000966575 -0.000963047 -0.000959045 -0.000954663 -0.000947727 -0.000940006 -0.000934386 -0.000927152 -0.000920838 -0.000914435 -0.000907104 -0.00089936 -0.000890545 -0.000882689 -0.000874316 -0.000866009 -0.000860741 -0.000855357 -0.000848157 -0.000843018 -0.000838402 -0.000834 -0.000829615 -0.000825238 -0.000822033 -0.000818444 -0.000814269 -0.000810637 -0.000807691 -0.000804879 -0.000801711 -0.000797929 -0.000795486 -0.000793573 -0.000790774 -0.000787855 -0.000785612 -0.000781777 -0.000778137 -0.00077554 -0.00077204 -0.000768453 -0.00076599 -0.000763656 -0.000760159 -0.000756944 -0.00075479 -0.000751598 -0.000747249 -0.000742592 -0.00073925 -0.000734694 -0.000730366 -0.000725604 -0.000721664 -0.000716048 -0.000710476 -0.000706298 -0.000700153 -0.000693894 -0.000689467 -0.00068232 -0.000675994 -0.000669877 -0.000665043 -0.000658866 -0.000651623 -0.000646598 -0.000641362 -0.000636009 -0.000629652 -0.000624636 -0.000618403 -0.00061293 -0.000608056 -0.00060322 -0.00059772 -0.000590489 -0.000585192 -0.000581103 -0.000574361 -0.000567327 -0.000561551 -0.000555772 -0.000548555 -0.000542823 -0.000537828 -0.000532695 -0.00052761 -0.000521602 -0.000515266 -0.000509814 -0.000504201 -0.000499259 -0.000493816 -0.000488105 -0.000483198 -0.000477292 -0.000471979 -0.00046638 -0.00045973 -0.000454298 -0.000450914 -0.000445594 -0.000441301 -0.00043758 -0.000434104 -0.000429678 -0.000425224 -0.000422017 -0.000418409 -0.000415065 -0.000411798 -0.000406929 -0.000402564 -0.000399624 -0.000396271 -0.000392489 -0.000388786 -0.000385799 -0.000381891 -0.000377878 -0.000373871 -0.000370657 -0.000367749 -0.000365071 -0.000362399 -0.000359168 -0.000356783 -0.000353929 -0.000351224 -0.000349133 -0.000346312 -0.000343393 -0.00034163 -0.000338871 -0.000336577 -0.000334764 -0.000331631 -0.000328424 -0.000325681 -0.000322794 -0.000319876 -0.000316992 -0.000314387 -0.000311158 -0.000307769 -0.000305329 -0.000302785 -0.000300305 -0.000298012 -0.000295039 -0.000292165 -0.000289523 -0.000286604 -0.000283329 -0.000280419 -0.000277919 -0.000275443 -0.000272291 -0.000268913 -0.000266817 -0.000264185 -0.000261633 -0.000258748 -0.000254858 -0.00025104 -0.000247138 -0.000243395 -0.00024045 -0.000236416 -0.000232999 -0.00022903 -0.000225697 -0.000222511 -0.000217047 -0.000212892 -0.000209249 -0.000205329 -0.000201709 -0.000197747 -0.000193047 -0.000189262 -0.000185483 -0.000181457 -0.000176864 -0.000172334 -0.000169129 -0.000164593 -0.000160099 -0.000157243 -0.000153845 -0.000150458 -0.000147321 -0.000144214 -0.000140465 -0.00013659 -0.000132371 -0.000128615 -0.000125039 -0.000122153 -0.000119088 -0.000115794 -0.000111536 -0.000107167 -0.000103261 -9.92481e-05 -9.46225e-05 -9.07596e-05 -8.77755e-05 -8.45381e-05 -8.0924e-05 -7.77344e-05 -7.39254e-05 -6.90151e-05 -6.52333e-05 -6.19352e-05 -5.81568e-05 -5.4891e-05 -5.23703e-05 -4.94749e-05 -4.66951e-05 -4.3534e-05 -4.03641e-05 -3.74628e-05 -3.48352e-05 -3.19833e-05 -2.84709e-05 -2.55805e-05 -2.22055e-05 -1.87155e-05 -1.536e-05 -1.34565e-05 -1.06909e-05 -8.12655e-06 -4.54254e-06 2.83315e-07 
-0.00037949 -0.000948968 -0.00104898 -0.0010466 -0.0010635 -0.00105764 -0.00103614 -0.00101458 -0.00100442 -0.000992139 -0.000981683 -0.000976194 -0.000973074 -0.00096923 -0.000964854 -0.000960248 -0.000955974 -0.00094967 -0.000943403 -0.000936483 -0.000927845 -0.000921362 -0.000916025 -0.000907283 -0.000898823 -0.000890948 -0.000883005 -0.000874857 -0.000867165 -0.000862036 -0.000855864 -0.000848902 -0.000843197 -0.000838367 -0.000833119 -0.000828205 -0.000824414 -0.000821407 -0.000817409 -0.000813746 -0.000810251 -0.000807212 -0.000804208 -0.000800931 -0.000797675 -0.0007956 -0.000792886 -0.000789745 -0.000786934 -0.00078457 -0.000781435 -0.000778014 -0.000774881 -0.000771026 -0.000767772 -0.000765614 -0.000762866 -0.000759808 -0.000756795 -0.000754545 -0.000751378 -0.000747392 -0.000742687 -0.000738978 -0.00073392 -0.000729768 -0.000725328 -0.000721127 -0.000715712 -0.000710381 -0.000704153 -0.000698354 -0.000692686 -0.000688303 -0.000682127 -0.000676501 -0.000670694 -0.000665355 -0.000658886 -0.000651844 -0.000647461 -0.000641999 -0.000635655 -0.000629073 -0.00062473 -0.000617887 -0.000611911 -0.00060666 -0.000601411 -0.000595843 -0.000589566 -0.000584787 -0.000579853 -0.000573383 -0.000567 -0.000561918 -0.000556241 -0.000549427 -0.000543818 -0.000538582 -0.000533397 -0.000527725 -0.000522864 -0.000516141 -0.000509832 -0.000503201 -0.000498506 -0.000493704 -0.000488576 -0.000483235 -0.000477055 -0.000470676 -0.000465614 -0.000460235 -0.000454691 -0.00045086 -0.00044624 -0.000441754 -0.000437252 -0.000433576 -0.000430259 -0.000426854 -0.00042223 -0.000417803 -0.000414631 -0.000411513 -0.000406892 -0.000402786 -0.000399282 -0.000395949 -0.000392035 -0.000388415 -0.000384998 -0.000381309 -0.000377773 -0.000374255 -0.00037053 -0.000367326 -0.000365153 -0.000362561 -0.000359448 -0.000357056 -0.000353681 -0.000350673 -0.00034809 -0.000345507 -0.00034306 -0.000341083 -0.000338419 -0.000336041 -0.000334139 -0.000331191 -0.000328299 -0.000326012 -0.00032292 -0.000319353 -0.000316437 -0.000313906 -0.000310643 -0.000307748 -0.000305189 -0.000302216 -0.000299445 -0.000296911 -0.000294523 -0.000291991 -0.000289369 -0.000286882 -0.000283332 -0.0002806 -0.000277262 -0.00027458 -0.000272116 -0.000269576 -0.00026669 -0.000263883 -0.000261383 -0.00025858 -0.000254241 -0.00024993 -0.00024665 -0.000243309 -0.00023971 -0.000235942 -0.000233172 -0.000229279 -0.000225507 -0.00022243 -0.000217694 -0.000213775 -0.000209919 -0.00020556 -0.000201146 -0.000197382 -0.000192659 -0.000188162 -0.000184179 -0.000180877 -0.000176806 -0.000171884 -0.000168198 -0.000164465 -0.000160916 -0.000156995 -0.000153425 -0.000149629 -0.000146421 -0.000143877 -0.000139712 -0.000135203 -0.000131236 -0.000128209 -0.000124526 -0.000121324 -0.000118556 -0.0001155 -0.000111684 -0.000107277 -0.000102655 -9.81522e-05 -9.42422e-05 -9.07091e-05 -8.78416e-05 -8.46543e-05 -8.02832e-05 -7.66857e-05 -7.36966e-05 -6.96237e-05 -6.6425e-05 -6.23552e-05 -5.81897e-05 -5.55763e-05 -5.26309e-05 -4.95381e-05 -4.69283e-05 -4.44667e-05 -4.1351e-05 -3.85618e-05 -3.48646e-05 -3.16745e-05 -2.8674e-05 -2.53437e-05 -2.15786e-05 -1.88149e-05 -1.62845e-05 -1.36358e-05 -1.04579e-05 -7.98129e-06 -5.08399e-06 -5.23897e-07 
-0.000276713 -0.0009261 -0.00105443 -0.00104723 -0.00105962 -0.00105335 -0.00103428 -0.00101829 -0.00100541 -0.000993147 -0.000984404 -0.000977659 -0.00097378 -0.000970373 -0.000966503 -0.000962126 -0.000956451 -0.000950275 -0.000944579 -0.000938291 -0.000930951 -0.000924548 -0.000917913 -0.000908463 -0.000899444 -0.000891086 -0.000881962 -0.000874627 -0.000868034 -0.00086219 -0.000855409 -0.000848724 -0.000843582 -0.000836627 -0.000831441 -0.000828182 -0.000824533 -0.000820129 -0.000816089 -0.000813228 -0.000810234 -0.000806816 -0.000803442 -0.000800086 -0.000797077 -0.000794988 -0.000791781 -0.00078901 -0.00078664 -0.000784098 -0.000780965 -0.000777538 -0.000773802 -0.000770643 -0.000768197 -0.000765304 -0.000762096 -0.000759734 -0.000756936 -0.000753843 -0.000750303 -0.000747166 -0.0007424 -0.000738169 -0.000733971 -0.000730167 -0.000725717 -0.000721012 -0.000714851 -0.000709562 -0.000703137 -0.000698347 -0.000692605 -0.000687049 -0.000681508 -0.000676877 -0.00067061 -0.000664157 -0.000658615 -0.000652286 -0.000647484 -0.000641342 -0.000636081 -0.000629513 -0.000624151 -0.000618165 -0.000613247 -0.000607779 -0.000601627 -0.000595785 -0.000590384 -0.000584348 -0.000577728 -0.000572556 -0.000567924 -0.000561677 -0.000555203 -0.000549216 -0.000544347 -0.000538781 -0.000533598 -0.000528774 -0.000523129 -0.00051578 -0.000509745 -0.000503667 -0.00049849 -0.000494016 -0.000488462 -0.00048238 -0.000476994 -0.000470761 -0.000465507 -0.000460254 -0.000453969 -0.000449517 -0.000444964 -0.000441272 -0.000437902 -0.00043388 -0.000430234 -0.000427019 -0.000422655 -0.00041868 -0.000414803 -0.000411105 -0.000407026 -0.000403238 -0.000399163 -0.000394799 -0.000391644 -0.000388711 -0.000384897 -0.00038078 -0.000377445 -0.000374279 -0.00037096 -0.000368161 -0.000365521 -0.000362332 -0.000359483 -0.00035663 -0.000353335 -0.000350678 -0.000347798 -0.000345295 -0.000342794 -0.000340791 -0.000338265 -0.000335581 -0.000333027 -0.000330737 -0.000328182 -0.000325252 -0.000322395 -0.0003197 -0.000316731 -0.000313736 -0.000310526 -0.000307519 -0.000304627 -0.000301869 -0.000299083 -0.000296462 -0.000294353 -0.00029186 -0.000288981 -0.000286231 -0.000282944 -0.000280515 -0.000277351 -0.000274144 -0.000272026 -0.000269758 -0.000266787 -0.000264057 -0.000261233 -0.000257777 -0.000253753 -0.000249885 -0.000246926 -0.000243275 -0.000239401 -0.000236182 -0.000233296 -0.000229674 -0.000225651 -0.000221223 -0.000217274 -0.000213901 -0.000209813 -0.000205224 -0.000201303 -0.000197295 -0.000192227 -0.000188296 -0.000184011 -0.000179889 -0.000176279 -0.000171455 -0.000167431 -0.000163815 -0.000160409 -0.000156264 -0.000152571 -0.000149413 -0.000146164 -0.00014274 -0.000139016 -0.000135453 -0.000131481 -0.00012781 -0.000124275 -0.00012089 -0.000117304 -0.00011416 -0.000110572 -0.000106267 -0.000102411 -9.76964e-05 -9.38871e-05 -9.02709e-05 -8.68597e-05 -8.37816e-05 -8.05103e-05 -7.69885e-05 -7.39998e-05 -7.0268e-05 -6.66922e-05 -6.27315e-05 -5.85798e-05 -5.60142e-05 -5.23931e-05 -4.96582e-05 -4.72522e-05 -4.42473e-05 -4.10104e-05 -3.84082e-05 -3.52956e-05 -3.24417e-05 -2.94445e-05 -2.60342e-05 -2.18908e-05 -1.87254e-05 -1.59136e-05 -1.35227e-05 -1.09586e-05 -8.20513e-06 -4.19629e-06 8.22332e-07 
-0.000337004 -0.000963005 -0.00106723 -0.00104553 -0.00105579 -0.00104887 -0.0010381 -0.00102537 -0.00100741 -0.000992243 -0.000984267 -0.000978294 -0.000974558 -0.000970538 -0.000967844 -0.000964046 -0.000957789 -0.000951446 -0.000945735 -0.000938679 -0.000933212 -0.000925258 -0.000917039 -0.000909289 -0.000902331 -0.000892426 -0.000881488 -0.000876105 -0.000868752 -0.000861267 -0.000855443 -0.000848767 -0.000842501 -0.000835722 -0.000830617 -0.0008273 -0.00082345 -0.000818824 -0.000814964 -0.000812604 -0.000809858 -0.000806614 -0.000803378 -0.000800301 -0.000796721 -0.000793826 -0.000790863 -0.000788837 -0.000786402 -0.00078302 -0.000779737 -0.000777009 -0.000773293 -0.000770679 -0.000767888 -0.00076475 -0.000761926 -0.000759403 -0.000756747 -0.000753084 -0.000749526 -0.000746528 -0.000741438 -0.000736801 -0.000733188 -0.000729011 -0.000724539 -0.000720077 -0.000714799 -0.000710634 -0.000704312 -0.000698247 -0.000693149 -0.000686323 -0.000679894 -0.000675481 -0.00066965 -0.00066343 -0.000659235 -0.000653532 -0.000647016 -0.000641309 -0.000636425 -0.000629667 -0.000623784 -0.000618189 -0.000614117 -0.000608975 -0.00060095 -0.000594804 -0.000588353 -0.000582999 -0.000577491 -0.000573156 -0.000568253 -0.000561535 -0.000555453 -0.000550082 -0.000545261 -0.000538891 -0.000532742 -0.000528089 -0.000522899 -0.000515902 -0.000510698 -0.000504193 -0.000497234 -0.000492719 -0.000487633 -0.000482032 -0.000476901 -0.000470092 -0.000464611 -0.000459451 -0.000455033 -0.000450117 -0.000445494 -0.000441077 -0.000438152 -0.000434312 -0.000430367 -0.000426501 -0.000422332 -0.000418951 -0.000414384 -0.000409819 -0.000405894 -0.000402553 -0.000398126 -0.000394558 -0.000391256 -0.000388288 -0.000384862 -0.00038106 -0.000377541 -0.000373963 -0.000370658 -0.000368536 -0.000365889 -0.000362755 -0.000359859 -0.000356116 -0.00035266 -0.000350328 -0.000347559 -0.00034506 -0.000342242 -0.000339933 -0.000337379 -0.000335406 -0.000332991 -0.000330797 -0.000328053 -0.000324376 -0.000321658 -0.000319044 -0.000316138 -0.0003134 -0.00031068 -0.000307696 -0.000304475 -0.000301344 -0.000298594 -0.000296124 -0.000293968 -0.000291537 -0.000288701 -0.000285893 -0.000282724 -0.000280387 -0.000277349 -0.000273841 -0.000271088 -0.000268746 -0.000266788 -0.000264332 -0.000261084 -0.000256899 -0.000253047 -0.000249662 -0.000246335 -0.000243647 -0.000240407 -0.000237203 -0.000233199 -0.00022909 -0.00022543 -0.000221521 -0.000217399 -0.000213779 -0.000209533 -0.000205834 -0.000202178 -0.000197451 -0.00019175 -0.000188428 -0.000183843 -0.000179158 -0.000176269 -0.000171534 -0.000167693 -0.000163935 -0.000159677 -0.000155902 -0.000152447 -0.000149222 -0.000145769 -0.00014184 -0.000139123 -0.000135595 -0.000131027 -0.000126861 -0.000123152 -0.000120629 -0.000117326 -0.000114082 -0.000110384 -0.000105769 -0.00010178 -9.71157e-05 -9.30892e-05 -8.94288e-05 -8.64711e-05 -8.35006e-05 -8.11366e-05 -7.76596e-05 -7.45417e-05 -7.02911e-05 -6.63781e-05 -6.31158e-05 -5.95304e-05 -5.63522e-05 -5.28781e-05 -5.02455e-05 -4.76187e-05 -4.41927e-05 -4.10679e-05 -3.84961e-05 -3.55028e-05 -3.26833e-05 -2.93714e-05 -2.59459e-05 -2.26887e-05 -1.95355e-05 -1.61601e-05 -1.35585e-05 -1.13595e-05 -8.57407e-06 -3.68395e-06 9.71832e-07 
-0.0002756 -0.000902983 -0.00104664 -0.00104815 -0.00105385 -0.00104798 -0.00103886 -0.00102934 -0.00101151 -0.000995104 -0.000983399 -0.000977357 -0.000973615 -0.000971362 -0.000968651 -0.000965229 -0.000959955 -0.00095402 -0.000947849 -0.000941199 -0.000934728 -0.000926012 -0.00091743 -0.000909326 -0.000901899 -0.000892221 -0.000881653 -0.000875903 -0.000868346 -0.000861728 -0.000856385 -0.000848258 -0.000840765 -0.00083506 -0.000830036 -0.000825383 -0.000821342 -0.000817752 -0.000815221 -0.000812431 -0.000808802 -0.000805248 -0.000802529 -0.000799524 -0.000796446 -0.000792998 -0.000790147 -0.000787797 -0.000785355 -0.000782295 -0.000779507 -0.000777059 -0.000773856 -0.00077037 -0.000767551 -0.000764539 -0.000761454 -0.00075811 -0.000755567 -0.000752182 -0.000748383 -0.00074556 -0.000740735 -0.000736124 -0.00073271 -0.000728026 -0.000723654 -0.000720147 -0.000715656 -0.000711326 -0.000704478 -0.000697389 -0.000691998 -0.000685947 -0.000680307 -0.000674652 -0.000669985 -0.000663921 -0.000658581 -0.000653839 -0.000647249 -0.000641687 -0.000636504 -0.000629931 -0.00062436 -0.000618649 -0.000613671 -0.000608184 -0.000602047 -0.000596319 -0.000589862 -0.000583057 -0.000577514 -0.000571846 -0.000566604 -0.00056155 -0.000556664 -0.000550554 -0.000544346 -0.000538989 -0.000533516 -0.000528512 -0.00052287 -0.000515559 -0.000509751 -0.000503794 -0.000497384 -0.000492554 -0.000487674 -0.000482679 -0.000476526 -0.000470192 -0.000465548 -0.000460777 -0.000455508 -0.000449843 -0.00044543 -0.000440904 -0.00043797 -0.000434748 -0.000430792 -0.000425927 -0.000421169 -0.000417771 -0.000413575 -0.000409633 -0.000406209 -0.000402411 -0.000397993 -0.000394818 -0.000391048 -0.000387546 -0.000383958 -0.000380561 -0.000377683 -0.000374469 -0.000371003 -0.000368416 -0.000365417 -0.000362074 -0.000359489 -0.000355883 -0.000352559 -0.000349918 -0.000346959 -0.000345014 -0.000342245 -0.000339345 -0.000337122 -0.000335134 -0.000332724 -0.000329767 -0.000327173 -0.000324038 -0.000321836 -0.000318783 -0.000315548 -0.000312992 -0.000310267 -0.000307511 -0.000304579 -0.000301048 -0.000297839 -0.000295273 -0.000293184 -0.000291 -0.000288556 -0.000285748 -0.000282044 -0.000279402 -0.000276566 -0.000273283 -0.00027084 -0.000268127 -0.000265817 -0.000263466 -0.000260879 -0.000257372 -0.00025374 -0.000249915 -0.000246412 -0.000243398 -0.000240517 -0.000237577 -0.00023269 -0.000228682 -0.00022545 -0.000221364 -0.00021734 -0.000212893 -0.000209096 -0.000205576 -0.00020206 -0.000196878 -0.000191969 -0.000188852 -0.000183941 -0.000179056 -0.000176246 -0.000171782 -0.000167906 -0.000163856 -0.000159844 -0.000156393 -0.000152508 -0.000148567 -0.000145147 -0.00014194 -0.000139196 -0.000135367 -0.000130751 -0.000127117 -0.000123882 -0.000119922 -0.000116548 -0.000112748 -0.000109163 -0.000105112 -0.000101349 -9.67709e-05 -9.34085e-05 -9.05019e-05 -8.71712e-05 -8.36922e-05 -8.12061e-05 -7.81241e-05 -7.46039e-05 -7.11385e-05 -6.71147e-05 -6.40879e-05 -6.0321e-05 -5.63174e-05 -5.29603e-05 -5.05183e-05 -4.71022e-05 -4.4129e-05 -4.17753e-05 -3.89421e-05 -3.55064e-05 -3.28112e-05 -2.90366e-05 -2.57991e-05 -2.30565e-05 -1.98873e-05 -1.71584e-05 -1.38772e-05 -1.07012e-05 -8.11599e-06 -4.39696e-06 -2.72035e-07 
-0.000321492 -0.000917624 -0.00104619 -0.00103689 -0.00105158 -0.0010511 -0.00104245 -0.00102942 -0.00101232 -0.000998613 -0.000984131 -0.000976896 -0.000975058 -0.000973359 -0.000970729 -0.000966177 -0.000961598 -0.000954908 -0.000947991 -0.000941518 -0.000936121 -0.000928273 -0.000921379 -0.000910885 -0.000900044 -0.000892167 -0.000882675 -0.000875047 -0.000867281 -0.000861317 -0.00085527 -0.00084802 -0.000840508 -0.000835099 -0.000829821 -0.000823676 -0.000819671 -0.00081712 -0.00081423 -0.000811087 -0.00080814 -0.000805277 -0.000801978 -0.000798593 -0.000795866 -0.00079244 -0.000789786 -0.00078683 -0.000784221 -0.000781837 -0.000779277 -0.000777004 -0.000773354 -0.00076994 -0.000767275 -0.00076481 -0.000761371 -0.000757744 -0.000755127 -0.000751696 -0.000747548 -0.000744684 -0.000740049 -0.000735453 -0.000731339 -0.000727027 -0.000723975 -0.000720003 -0.000714999 -0.000710957 -0.000704768 -0.000698105 -0.000691894 -0.000685305 -0.000680511 -0.000674703 -0.000669232 -0.000663159 -0.000657092 -0.000652679 -0.000648412 -0.000642751 -0.000636369 -0.000629249 -0.000624087 -0.000619361 -0.000614568 -0.000608197 -0.000602411 -0.000596918 -0.000590605 -0.00058434 -0.000578749 -0.00057149 -0.000565654 -0.000560662 -0.000556258 -0.000550839 -0.00054457 -0.000538997 -0.000534239 -0.00052856 -0.00052201 -0.000515523 -0.000509636 -0.000503936 -0.000498608 -0.00049265 -0.000486822 -0.000482064 -0.000475678 -0.000469794 -0.000465508 -0.000460333 -0.000455274 -0.000450412 -0.000446346 -0.000441505 -0.000437349 -0.000433953 -0.000430627 -0.000426213 -0.000421139 -0.000417957 -0.000413768 -0.000409474 -0.000405348 -0.000402017 -0.000398004 -0.00039512 -0.000391562 -0.000388077 -0.000384388 -0.00038056 -0.000377341 -0.000374685 -0.000371638 -0.000368734 -0.000365608 -0.000362085 -0.000358848 -0.000355621 -0.000352992 -0.000349984 -0.000346862 -0.000345094 -0.000342468 -0.000339379 -0.000336818 -0.000334773 -0.00033221 -0.000329125 -0.000326947 -0.000324001 -0.000321521 -0.000318633 -0.000315927 -0.000313188 -0.000309674 -0.000306901 -0.00030405 -0.00030045 -0.000297837 -0.000295083 -0.000292244 -0.000289813 -0.000287807 -0.000285464 -0.000282521 -0.00027939 -0.000276177 -0.000272546 -0.000270004 -0.000267428 -0.000265129 -0.000263162 -0.000260554 -0.000257253 -0.000253635 -0.000249829 -0.000247027 -0.0002435 -0.000240221 -0.000237255 -0.000232829 -0.000229436 -0.00022466 -0.000219806 -0.000216105 -0.000212657 -0.000209345 -0.00020569 -0.000201535 -0.000197054 -0.000192408 -0.000188811 -0.000184262 -0.000179583 -0.000176389 -0.000171568 -0.000167536 -0.000163956 -0.000160596 -0.000156618 -0.000152241 -0.000148606 -0.000145595 -0.00014203 -0.000138389 -0.000134261 -0.000130249 -0.000127494 -0.000123351 -0.000119131 -0.000115721 -0.00011241 -0.000109228 -0.000105552 -0.000101363 -9.66806e-05 -9.35154e-05 -9.0135e-05 -8.72197e-05 -8.42447e-05 -8.15286e-05 -7.82854e-05 -7.49755e-05 -7.21731e-05 -6.83927e-05 -6.44712e-05 -6.0538e-05 -5.71751e-05 -5.40738e-05 -5.0646e-05 -4.69534e-05 -4.39155e-05 -4.17398e-05 -3.85639e-05 -3.52727e-05 -3.32893e-05 -2.99275e-05 -2.69744e-05 -2.38403e-05 -2.02288e-05 -1.76865e-05 -1.43258e-05 -1.1123e-05 -8.20694e-06 -4.73572e-06 4.89662e-07 
-0.000324246 -0.000915717 -0.00101568 -0.00101248 -0.00104682 -0.00105748 -0.00105185 -0.00103445 -0.0010124 -0.000999666 -0.000985419 -0.000979733 -0.00097857 -0.00097676 -0.000974793 -0.000969165 -0.000962945 -0.000955737 -0.000948823 -0.000942711 -0.000935898 -0.000929286 -0.000922692 -0.000912811 -0.000900386 -0.000892508 -0.000882296 -0.000873451 -0.000866373 -0.0008601 -0.000853775 -0.000847646 -0.000839697 -0.000832899 -0.000828169 -0.000822957 -0.000820031 -0.000816621 -0.000812916 -0.000810183 -0.000807394 -0.00080438 -0.000800884 -0.000797381 -0.000794179 -0.000791196 -0.000789159 -0.000786139 -0.000783793 -0.000781342 -0.000778519 -0.000776053 -0.000772904 -0.000769996 -0.00076732 -0.000764173 -0.000761026 -0.000757799 -0.000754649 -0.000750611 -0.000746694 -0.000742819 -0.000738371 -0.000734869 -0.000730146 -0.000726011 -0.000722963 -0.000718708 -0.000714848 -0.000710375 -0.000705442 -0.000699426 -0.000691877 -0.0006847 -0.000679679 -0.000673401 -0.000667709 -0.000662906 -0.000657572 -0.000653082 -0.000647337 -0.000641457 -0.000635764 -0.000629878 -0.000624433 -0.000618828 -0.000614566 -0.000609444 -0.000603743 -0.000596787 -0.000589092 -0.000583401 -0.000578181 -0.000571857 -0.000566793 -0.000560082 -0.000554811 -0.0005503 -0.000544326 -0.000538533 -0.000532533 -0.000526852 -0.000521777 -0.000516693 -0.000508977 -0.000502803 -0.00049748 -0.000491913 -0.000486654 -0.000481697 -0.000475831 -0.000471372 -0.000466642 -0.000460454 -0.000456084 -0.000451233 -0.000446741 -0.000441961 -0.000437105 -0.000433388 -0.000430156 -0.000426423 -0.000421835 -0.000417586 -0.000413996 -0.000410089 -0.000405636 -0.000402569 -0.000398525 -0.000394498 -0.000391408 -0.00038787 -0.000384179 -0.000380788 -0.00037711 -0.000373981 -0.000371459 -0.000368643 -0.000365561 -0.000362381 -0.000358723 -0.000355325 -0.000352695 -0.000349896 -0.000347456 -0.000344769 -0.000341938 -0.000339515 -0.000336931 -0.000334198 -0.000331439 -0.000328818 -0.000326912 -0.000323925 -0.000320833 -0.000318051 -0.000315951 -0.000312966 -0.000309795 -0.000307132 -0.000303522 -0.000299893 -0.000297134 -0.00029457 -0.000292132 -0.000289933 -0.000287536 -0.000284962 -0.000282113 -0.000278733 -0.000275745 -0.000272343 -0.000269663 -0.000266887 -0.000264425 -0.000261829 -0.000259518 -0.000256867 -0.000253097 -0.000249336 -0.000246555 -0.000243338 -0.000240524 -0.000236734 -0.000232328 -0.000229126 -0.000223941 -0.000218941 -0.000215586 -0.000211987 -0.000207839 -0.000204459 -0.000201155 -0.000197262 -0.000192474 -0.000188053 -0.000184449 -0.000180005 -0.000176138 -0.000171799 -0.000167743 -0.00016455 -0.000160604 -0.000156095 -0.000152075 -0.000148788 -0.000145472 -0.000141341 -0.000137473 -0.000133836 -0.000130449 -0.000126939 -0.000122712 -0.000118869 -0.00011574 -0.000112399 -0.000108456 -0.000104983 -0.000101795 -9.82162e-05 -9.48355e-05 -9.06143e-05 -8.75951e-05 -8.50092e-05 -8.13571e-05 -7.80711e-05 -7.50051e-05 -7.21893e-05 -6.83623e-05 -6.43484e-05 -6.09301e-05 -5.82061e-05 -5.4723e-05 -5.07345e-05 -4.75002e-05 -4.44541e-05 -4.16863e-05 -3.83048e-05 -3.52995e-05 -3.329e-05 -3.00184e-05 -2.70219e-05 -2.42323e-05 -2.08197e-05 -1.7776e-05 -1.43841e-05 -1.13955e-05 -8.36584e-06 -4.19687e-06 1.71023e-06 
-0.00034725 -0.000913761 -0.0010104 -0.00100397 -0.00103374 -0.00105221 -0.00105652 -0.00103863 -0.00101463 -0.0010001 -0.000988369 -0.000983153 -0.000982529 -0.000980632 -0.000977287 -0.000970544 -0.000963853 -0.00095682 -0.000949881 -0.00094387 -0.000935715 -0.000928044 -0.000921037 -0.000911906 -0.000901189 -0.000891619 -0.00088118 -0.000874014 -0.000867647 -0.000859786 -0.00085192 -0.000846861 -0.000839062 -0.000832144 -0.000827025 -0.000821972 -0.000818935 -0.000815787 -0.000812552 -0.000809969 -0.000806115 -0.000802348 -0.000799108 -0.000796298 -0.000793311 -0.000790321 -0.000787863 -0.000784772 -0.000782691 -0.000780428 -0.000777884 -0.000775464 -0.00077295 -0.000770569 -0.000767565 -0.000763566 -0.00076048 -0.000757157 -0.000753111 -0.000749801 -0.000746426 -0.000741884 -0.000737339 -0.000733926 -0.000729252 -0.000724627 -0.000721033 -0.000717137 -0.000714127 -0.000708811 -0.000703578 -0.000697837 -0.000691033 -0.00068508 -0.000679633 -0.000673049 -0.000667565 -0.000663647 -0.000658753 -0.000654163 -0.000646917 -0.000640855 -0.000635272 -0.000630116 -0.000624179 -0.000617818 -0.000613457 -0.00060878 -0.000603655 -0.000597448 -0.00059036 -0.000585116 -0.000578445 -0.000570906 -0.000566025 -0.000560127 -0.000554339 -0.000549634 -0.00054463 -0.00053906 -0.000532728 -0.000526401 -0.000521344 -0.000516579 -0.000509889 -0.000503652 -0.000498072 -0.000492222 -0.000487125 -0.000481309 -0.000475444 -0.000471164 -0.000466645 -0.000461858 -0.000457641 -0.000452057 -0.00044605 -0.000441481 -0.000437867 -0.000434015 -0.000430101 -0.000426898 -0.000422705 -0.000417614 -0.000414191 -0.000411087 -0.000406597 -0.000403149 -0.000398993 -0.000394613 -0.000391546 -0.000387093 -0.000383199 -0.000380503 -0.00037696 -0.000374108 -0.000371766 -0.000368558 -0.000365106 -0.000362204 -0.000358777 -0.000356028 -0.00035319 -0.000350506 -0.00034793 -0.000344696 -0.000341642 -0.000339027 -0.000336447 -0.000333774 -0.000331237 -0.000328689 -0.000326587 -0.000323602 -0.000320708 -0.00031809 -0.000315657 -0.000312063 -0.000309491 -0.000306696 -0.000302977 -0.000299927 -0.000297025 -0.000294363 -0.000292213 -0.000290044 -0.000286794 -0.000284318 -0.000281882 -0.000278784 -0.000275799 -0.000272402 -0.000268754 -0.00026609 -0.000264013 -0.000261857 -0.000259194 -0.0002567 -0.00025296 -0.00024883 -0.000245801 -0.000242786 -0.000240169 -0.000236328 -0.000231944 -0.000228349 -0.000223515 -0.00021957 -0.000215175 -0.000210579 -0.000207277 -0.000204138 -0.000200541 -0.000196882 -0.000192714 -0.000188418 -0.000184684 -0.00017989 -0.000175457 -0.000171847 -0.000168332 -0.000164598 -0.000160054 -0.000156162 -0.000152969 -0.000148786 -0.000144565 -0.000141381 -0.000137325 -0.000134148 -0.000130376 -0.0001257 -0.000121985 -0.000118894 -0.00011541 -0.000111783 -0.000108361 -0.000105094 -0.000102117 -9.87492e-05 -9.5306e-05 -9.19894e-05 -8.82681e-05 -8.49489e-05 -8.17085e-05 -7.84672e-05 -7.53157e-05 -7.17876e-05 -6.78485e-05 -6.42967e-05 -6.13609e-05 -5.83298e-05 -5.48131e-05 -5.10537e-05 -4.81669e-05 -4.45364e-05 -4.11195e-05 -3.85421e-05 -3.56263e-05 -3.32559e-05 -3.00155e-05 -2.7123e-05 -2.44989e-05 -2.1379e-05 -1.75848e-05 -1.40501e-05 -1.11963e-05 -7.92034e-06 -4.74455e-06 9.04498e-08 
-0.000344826 -0.000884613 -0.00100053 -0.00100093 -0.00102846 -0.00104193 -0.00104948 -0.0010395 -0.00101634 -0.0010013 -0.000990738 -0.00098632 -0.00098581 -0.000982674 -0.000978942 -0.000972824 -0.000964984 -0.000956169 -0.000947651 -0.000941204 -0.00093523 -0.000929024 -0.000920546 -0.000912392 -0.000902702 -0.000890946 -0.000880116 -0.000872377 -0.000865493 -0.000858773 -0.000851485 -0.00084548 -0.000838219 -0.000832494 -0.00082672 -0.000820934 -0.000817749 -0.000814611 -0.000811852 -0.00080898 -0.000805317 -0.000801771 -0.000798496 -0.000795471 -0.000792524 -0.000789868 -0.000787162 -0.000784173 -0.000781943 -0.000779909 -0.00077791 -0.000775253 -0.000772536 -0.00077003 -0.000766999 -0.00076371 -0.000760726 -0.000756778 -0.000752595 -0.000748981 -0.000745469 -0.000741457 -0.000736544 -0.000732509 -0.000728142 -0.000723973 -0.000719639 -0.000715571 -0.000711949 -0.000707423 -0.000702415 -0.000696307 -0.000690099 -0.000683847 -0.000677982 -0.000673251 -0.000668212 -0.000662921 -0.000657777 -0.000653153 -0.000647744 -0.000642477 -0.000635425 -0.000628393 -0.000623409 -0.000618528 -0.000613768 -0.000608409 -0.000602567 -0.000597289 -0.000591246 -0.000585401 -0.000578221 -0.000570599 -0.000565241 -0.000559882 -0.000554684 -0.000548313 -0.000543302 -0.000538519 -0.000532424 -0.00052752 -0.00052136 -0.000514947 -0.00050955 -0.000503872 -0.000497478 -0.000491833 -0.000486893 -0.000480816 -0.000476223 -0.000471085 -0.000465795 -0.000461977 -0.000457575 -0.000451913 -0.00044652 -0.000442173 -0.000437983 -0.000434463 -0.000429707 -0.000426248 -0.000423094 -0.000419206 -0.000415316 -0.000411818 -0.000407561 -0.000402647 -0.000398566 -0.000394275 -0.000391289 -0.000386852 -0.000382895 -0.000380375 -0.00037726 -0.000374078 -0.000371232 -0.00036854 -0.000365454 -0.000361995 -0.000358785 -0.000356073 -0.000353126 -0.000350498 -0.000348175 -0.000344858 -0.000342204 -0.000338994 -0.00033582 -0.000333469 -0.000330904 -0.000327881 -0.000325477 -0.000323178 -0.000320762 -0.000318548 -0.000315567 -0.000312028 -0.000309306 -0.000306016 -0.000302231 -0.000299772 -0.000296641 -0.000293766 -0.000291333 -0.000289469 -0.000286739 -0.000284412 -0.000281858 -0.000278654 -0.000275504 -0.000272167 -0.000268882 -0.000266197 -0.000263863 -0.000261672 -0.0002586 -0.000255666 -0.000252354 -0.000249098 -0.000245994 -0.000242118 -0.000238981 -0.000236111 -0.000232768 -0.000228118 -0.00022317 -0.000219709 -0.000214627 -0.000209865 -0.000207251 -0.000203645 -0.000199083 -0.000195579 -0.000192601 -0.000188171 -0.00018368 -0.000179482 -0.000175613 -0.0001716 -0.000167553 -0.000163866 -0.000159959 -0.000156548 -0.000152871 -0.000148705 -0.0001445 -0.000141497 -0.000137151 -0.000132844 -0.000129265 -0.000125323 -0.000121962 -0.000118783 -0.000114945 -0.000111285 -0.000109022 -0.000106186 -0.000103219 -9.90179e-05 -9.54341e-05 -9.29587e-05 -8.84506e-05 -8.4326e-05 -8.13821e-05 -7.79429e-05 -7.43053e-05 -7.1257e-05 -6.75762e-05 -6.46211e-05 -6.15196e-05 -5.78223e-05 -5.47024e-05 -5.14904e-05 -4.8192e-05 -4.43774e-05 -4.10548e-05 -3.86123e-05 -3.54414e-05 -3.24705e-05 -2.99842e-05 -2.72353e-05 -2.39754e-05 -2.06482e-05 -1.7176e-05 -1.42142e-05 -1.10011e-05 -6.92724e-06 -4.23143e-06 -8.21032e-08 
-0.000300807 -0.000844124 -0.00100167 -0.0010148 -0.00103278 -0.00104744 -0.00104964 -0.00103575 -0.00101622 -0.000998715 -0.00099118 -0.000989034 -0.000988284 -0.000985927 -0.000979708 -0.000972809 -0.000964875 -0.000954406 -0.000946174 -0.00093966 -0.000933245 -0.000927037 -0.000917882 -0.000909289 -0.000900937 -0.000890368 -0.000881498 -0.000871576 -0.000864264 -0.000858112 -0.000851394 -0.000844469 -0.000837284 -0.000831209 -0.000825061 -0.000820782 -0.000817317 -0.000813638 -0.000810388 -0.000807526 -0.000804173 -0.000801277 -0.000797768 -0.000794272 -0.00079164 -0.000789518 -0.000786741 -0.000784229 -0.000781386 -0.00077917 -0.000777033 -0.000775104 -0.000772926 -0.000769818 -0.000765932 -0.000763159 -0.000759896 -0.000755916 -0.000752596 -0.000748593 -0.000744341 -0.000740718 -0.000736094 -0.000731446 -0.00072671 -0.000723031 -0.000718689 -0.000714531 -0.000710047 -0.000705471 -0.000700871 -0.000694951 -0.000689784 -0.000683937 -0.000677491 -0.000673176 -0.000668779 -0.000662347 -0.000657216 -0.000652855 -0.000647703 -0.000642406 -0.000635845 -0.000628589 -0.000623512 -0.000619225 -0.000614416 -0.000608264 -0.00060205 -0.000598283 -0.000591093 -0.000584116 -0.000578372 -0.000572465 -0.000565325 -0.000558362 -0.000553699 -0.000548315 -0.000543602 -0.000537567 -0.000531455 -0.000527225 -0.000521086 -0.000514887 -0.000510256 -0.000503696 -0.000497022 -0.000492457 -0.000486597 -0.000480103 -0.00047607 -0.000470796 -0.000465952 -0.00046239 -0.000457308 -0.000451867 -0.000447689 -0.000442622 -0.000437437 -0.000434133 -0.00043032 -0.000426661 -0.000423843 -0.000420538 -0.000415539 -0.000411183 -0.000407348 -0.000402526 -0.00039897 -0.000394564 -0.000390972 -0.000386887 -0.000382556 -0.000379407 -0.000376706 -0.000373999 -0.000370861 -0.000368352 -0.000365271 -0.000361873 -0.000359117 -0.000356259 -0.00035332 -0.000350824 -0.000347765 -0.000344452 -0.000342316 -0.000339223 -0.000335616 -0.00033368 -0.000330762 -0.000327816 -0.000325894 -0.000323009 -0.000320011 -0.000317264 -0.000314523 -0.000311458 -0.000308696 -0.000304908 -0.000301638 -0.000299309 -0.000296646 -0.000294202 -0.000291447 -0.000289797 -0.000286984 -0.000283864 -0.000281344 -0.000278384 -0.000275389 -0.000272644 -0.000269647 -0.000266435 -0.000263458 -0.000261174 -0.000258859 -0.000255427 -0.000251831 -0.000248965 -0.000245241 -0.000241796 -0.000238674 -0.000235726 -0.000232419 -0.000228094 -0.000223473 -0.000219362 -0.000213905 -0.000209799 -0.000206596 -0.000202683 -0.000198807 -0.000195415 -0.000192148 -0.000187525 -0.000182487 -0.000178998 -0.000175081 -0.000170391 -0.000166816 -0.000163867 -0.00016041 -0.000156265 -0.000151801 -0.000148311 -0.000144813 -0.000141824 -0.00013781 -0.00013307 -0.000129149 -0.000125854 -0.000122182 -0.000118359 -0.000115033 -0.000111846 -0.00010946 -0.000106294 -0.000102989 -9.94237e-05 -9.60363e-05 -9.29408e-05 -8.85623e-05 -8.42384e-05 -8.13025e-05 -7.74505e-05 -7.39367e-05 -7.07452e-05 -6.70471e-05 -6.36985e-05 -6.07153e-05 -5.76735e-05 -5.50793e-05 -5.11816e-05 -4.76441e-05 -4.44359e-05 -4.12175e-05 -3.85011e-05 -3.56278e-05 -3.24119e-05 -2.95121e-05 -2.71361e-05 -2.38907e-05 -2.02813e-05 -1.66656e-05 -1.40492e-05 -1.07239e-05 -7.46377e-06 -4.39331e-06 5.53389e-07 
-0.000358058 -0.000899376 -0.000996159 -0.000996732 -0.00103136 -0.00104336 -0.00104036 -0.00102591 -0.00100751 -0.000996215 -0.000992459 -0.000990468 -0.000989068 -0.000984731 -0.000976435 -0.000968598 -0.000960542 -0.000952803 -0.000946286 -0.000938036 -0.000929601 -0.000924352 -0.000917548 -0.000909627 -0.000900372 -0.000889003 -0.000880914 -0.000871803 -0.000863936 -0.0008565 -0.000849945 -0.000843298 -0.000836872 -0.00083063 -0.000824052 -0.000819667 -0.000816125 -0.000813326 -0.000810568 -0.000807035 -0.000803703 -0.00080029 -0.000796959 -0.000794208 -0.000791662 -0.000788863 -0.000786103 -0.000784238 -0.000781462 -0.000779041 -0.000776697 -0.000774792 -0.000772883 -0.000769399 -0.000766085 -0.000762737 -0.000758912 -0.000755034 -0.000752075 -0.000748071 -0.000744048 -0.000740528 -0.000736038 -0.000731434 -0.000726855 -0.000721783 -0.00071702 -0.000713845 -0.000709325 -0.000704531 -0.000699871 -0.000693685 -0.000688958 -0.00068375 -0.000677134 -0.000671836 -0.000667435 -0.000662047 -0.000657619 -0.000652224 -0.000646178 -0.000640872 -0.00063593 -0.000629382 -0.000623014 -0.000618492 -0.000613577 -0.000608269 -0.00060288 -0.000598544 -0.000591802 -0.000585056 -0.000579116 -0.000573192 -0.000565906 -0.000558326 -0.000553806 -0.00054809 -0.000543189 -0.000537835 -0.000531275 -0.00052659 -0.000521387 -0.000515245 -0.000509844 -0.000503038 -0.000496917 -0.000491975 -0.000485736 -0.000479996 -0.000475762 -0.00047102 -0.00046606 -0.000462029 -0.000456797 -0.000451876 -0.00044766 -0.000442399 -0.000437945 -0.000434632 -0.000431033 -0.000426808 -0.000423725 -0.000420196 -0.000415537 -0.000410963 -0.000407213 -0.0004026 -0.000399241 -0.000393941 -0.000389362 -0.000386024 -0.000382727 -0.000379138 -0.00037638 -0.000374149 -0.000371402 -0.000368205 -0.000364838 -0.000361471 -0.000358933 -0.000355991 -0.000353647 -0.000350951 -0.000347504 -0.000344195 -0.000342078 -0.000338936 -0.000335761 -0.000333877 -0.000330315 -0.000327462 -0.000325447 -0.000322696 -0.000319753 -0.000317275 -0.000314605 -0.000311344 -0.00030814 -0.000304435 -0.00030176 -0.000299012 -0.00029635 -0.000294147 -0.00029147 -0.000289593 -0.000286457 -0.000283503 -0.000281282 -0.000278746 -0.000275217 -0.000272225 -0.000269469 -0.00026648 -0.000264024 -0.000261532 -0.000258772 -0.000255335 -0.000251489 -0.000247793 -0.000243986 -0.000241483 -0.000238622 -0.000234978 -0.000231538 -0.000227951 -0.000224086 -0.000219188 -0.000214215 -0.00020969 -0.00020613 -0.000202193 -0.000199301 -0.000194879 -0.000190298 -0.000186675 -0.000182696 -0.000178618 -0.000174295 -0.00016994 -0.000166884 -0.00016335 -0.00015921 -0.000155482 -0.000151542 -0.000148375 -0.000144784 -0.000141697 -0.000138055 -0.000133642 -0.000129102 -0.000125713 -0.000122202 -0.000118408 -0.000115915 -0.000112887 -0.000109582 -0.00010586 -0.000102307 -9.96566e-05 -9.57866e-05 -9.19902e-05 -8.83146e-05 -8.46925e-05 -8.11452e-05 -7.72487e-05 -7.42801e-05 -7.08547e-05 -6.66787e-05 -6.3915e-05 -6.04876e-05 -5.69808e-05 -5.43928e-05 -5.10755e-05 -4.74962e-05 -4.45093e-05 -4.11477e-05 -3.79715e-05 -3.53732e-05 -3.25076e-05 -2.93461e-05 -2.63355e-05 -2.3609e-05 -2.01552e-05 -1.6408e-05 -1.30412e-05 -9.93787e-06 -7.49821e-06 -4.42631e-06 1.44053e-06 
-0.000329472 -0.000918066 -0.00101906 -0.00100248 -0.00103099 -0.00104422 -0.00104075 -0.00102034 -0.00100317 -0.000994248 -0.000989761 -0.000988757 -0.000986299 -0.000981347 -0.000974125 -0.000967284 -0.000959065 -0.000950307 -0.000943762 -0.000936279 -0.000929179 -0.000922686 -0.000915787 -0.000907654 -0.00089781 -0.000887768 -0.000879026 -0.000870438 -0.000862888 -0.000855184 -0.000849395 -0.000842577 -0.000835545 -0.000829841 -0.000824598 -0.000819803 -0.000815409 -0.000812367 -0.000809368 -0.000805973 -0.000802898 -0.000799731 -0.000797037 -0.000794623 -0.000791808 -0.0007884 -0.000785757 -0.000783635 -0.000780942 -0.000779076 -0.000776686 -0.00077452 -0.000772291 -0.000769192 -0.000766271 -0.000762493 -0.000758133 -0.00075497 -0.000751632 -0.000748039 -0.00074479 -0.000740502 -0.000735307 -0.000730835 -0.000726654 -0.000721676 -0.000716716 -0.000713503 -0.000707869 -0.000703181 -0.000699 -0.000692954 -0.000687926 -0.000683363 -0.000677414 -0.000671535 -0.000666225 -0.000660979 -0.000656842 -0.000651435 -0.000646591 -0.000641302 -0.000636562 -0.000630165 -0.000623378 -0.000617735 -0.000612804 -0.000608728 -0.00060394 -0.000598433 -0.00059257 -0.000587291 -0.00058039 -0.000572744 -0.000566367 -0.000559423 -0.000554773 -0.000547959 -0.000542372 -0.000537445 -0.000531881 -0.000526132 -0.000521218 -0.000514967 -0.000509002 -0.000503089 -0.000497167 -0.000491867 -0.000485466 -0.000480837 -0.000476242 -0.000470841 -0.000465924 -0.000461167 -0.000457039 -0.000452391 -0.000447536 -0.000442466 -0.000437862 -0.000433874 -0.000430893 -0.000427183 -0.000423361 -0.000419345 -0.000415479 -0.000411538 -0.000407057 -0.000401894 -0.000398798 -0.000393835 -0.000389318 -0.000386072 -0.000382813 -0.000379578 -0.000376403 -0.000374184 -0.000371194 -0.000367524 -0.000364527 -0.0003617 -0.000358793 -0.000355925 -0.000352982 -0.000350253 -0.00034751 -0.000344946 -0.000342187 -0.000338924 -0.000335859 -0.000333774 -0.000330296 -0.000327364 -0.00032525 -0.000322428 -0.000320235 -0.000317696 -0.000314011 -0.000310247 -0.000307294 -0.000304299 -0.000301779 -0.000298707 -0.000296114 -0.000294026 -0.000291746 -0.000289497 -0.000286201 -0.000283228 -0.000280714 -0.000277929 -0.000274958 -0.000272454 -0.000269716 -0.000266587 -0.000264487 -0.000261183 -0.000257837 -0.000255075 -0.000251299 -0.000247278 -0.000243472 -0.000240521 -0.000237868 -0.000234512 -0.000231223 -0.00022744 -0.000223654 -0.000218983 -0.00021508 -0.000210768 -0.000206486 -0.000202343 -0.000199212 -0.000194328 -0.00018954 -0.000186485 -0.000182068 -0.000177298 -0.00017367 -0.000169728 -0.000166544 -0.00016243 -0.00015869 -0.000155393 -0.000151767 -0.000148588 -0.000144517 -0.00014115 -0.000137697 -0.000134254 -0.000129971 -0.000126582 -0.000122448 -0.00011888 -0.000116011 -0.000112262 -0.000109029 -0.00010592 -0.000102715 -9.92619e-05 -9.54775e-05 -9.1185e-05 -8.75292e-05 -8.43153e-05 -8.04551e-05 -7.7241e-05 -7.44194e-05 -7.05491e-05 -6.65163e-05 -6.38617e-05 -6.03158e-05 -5.67211e-05 -5.38477e-05 -5.04923e-05 -4.7135e-05 -4.38353e-05 -4.08061e-05 -3.77744e-05 -3.51146e-05 -3.21946e-05 -2.9211e-05 -2.55993e-05 -2.26343e-05 -1.98726e-05 -1.64289e-05 -1.28008e-05 -9.61784e-06 -7.47064e-06 -4.30978e-06 1.22659e-06 
-0.000306444 -0.000897896 -0.00102104 -0.00101149 -0.00104881 -0.00105396 -0.00104005 -0.00102178 -0.000999825 -0.00098906 -0.000986093 -0.000984992 -0.000982234 -0.000977813 -0.000971741 -0.000964831 -0.00095633 -0.000946825 -0.000940728 -0.000934522 -0.000927896 -0.00092096 -0.000914 -0.000905226 -0.000896418 -0.000888565 -0.00087956 -0.000869521 -0.000861896 -0.000853894 -0.00084876 -0.000841851 -0.000835015 -0.000829561 -0.000824573 -0.000819334 -0.0008143 -0.000811069 -0.000808017 -0.000805126 -0.000802645 -0.000799594 -0.000796508 -0.00079379 -0.000791178 -0.000788636 -0.000786426 -0.000783587 -0.00078068 -0.000779003 -0.00077701 -0.000774495 -0.000771445 -0.000768717 -0.000765618 -0.000761411 -0.000757573 -0.000754948 -0.000750958 -0.000747422 -0.000744448 -0.000740334 -0.00073628 -0.000731038 -0.000726542 -0.000721954 -0.000716889 -0.000713101 -0.000707398 -0.000702257 -0.000698604 -0.000692861 -0.000687184 -0.000682402 -0.000677073 -0.000672107 -0.000666545 -0.000660497 -0.000656362 -0.000651466 -0.000646669 -0.000640344 -0.00063509 -0.000629499 -0.000624427 -0.000618384 -0.000612496 -0.000608433 -0.000604071 -0.000597827 -0.000592492 -0.000587456 -0.000580984 -0.000574067 -0.000568594 -0.000560933 -0.000554664 -0.000548541 -0.000542013 -0.00053734 -0.00053239 -0.000526612 -0.000521224 -0.000515408 -0.000509741 -0.000503366 -0.000496543 -0.000491078 -0.000486156 -0.000481628 -0.000476049 -0.000470482 -0.000466157 -0.0004617 -0.000457669 -0.00045239 -0.000447525 -0.000443196 -0.000438375 -0.00043361 -0.000430934 -0.000427646 -0.000423376 -0.000418976 -0.000414738 -0.000411113 -0.000406329 -0.000401553 -0.000397785 -0.000393788 -0.000390177 -0.000386582 -0.000382443 -0.00037962 -0.000376637 -0.000374106 -0.000370772 -0.000367573 -0.000364575 -0.000361728 -0.000358577 -0.000356083 -0.000352832 -0.000349644 -0.000347228 -0.000344336 -0.000341476 -0.000338869 -0.000336268 -0.000333449 -0.000330509 -0.000327994 -0.000325129 -0.000322008 -0.000319807 -0.000317163 -0.000313216 -0.000310031 -0.000307099 -0.00030414 -0.000301494 -0.000298963 -0.00029704 -0.000294897 -0.000291893 -0.000288992 -0.000286323 -0.000283629 -0.000280546 -0.000276822 -0.000274312 -0.000272251 -0.00026938 -0.00026653 -0.000264516 -0.00026111 -0.000257568 -0.000254845 -0.000250749 -0.000246331 -0.000243186 -0.000240376 -0.000236588 -0.000233248 -0.000230997 -0.000227535 -0.000223079 -0.000218465 -0.000215052 -0.000210787 -0.000206987 -0.000202828 -0.000199256 -0.00019464 -0.000189796 -0.000186245 -0.000181622 -0.000177012 -0.000174035 -0.000169852 -0.000165898 -0.000162165 -0.000159148 -0.000155132 -0.000150532 -0.000147552 -0.000144487 -0.00014144 -0.000137674 -0.000134592 -0.000130745 -0.000127034 -0.000123458 -0.000119921 -0.000116236 -0.000111589 -0.000108446 -0.000106096 -0.000102261 -9.8096e-05 -9.46104e-05 -9.1094e-05 -8.66968e-05 -8.31212e-05 -7.9965e-05 -7.69635e-05 -7.39735e-05 -7.04332e-05 -6.67829e-05 -6.36104e-05 -6.01744e-05 -5.69832e-05 -5.34641e-05 -4.97348e-05 -4.68752e-05 -4.35992e-05 -4.07924e-05 -3.78566e-05 -3.43062e-05 -3.1044e-05 -2.88634e-05 -2.53447e-05 -2.23502e-05 -1.93585e-05 -1.64163e-05 -1.29214e-05 -9.69647e-06 -7.05611e-06 -3.98742e-06 1.49582e-07 
-0.000306444 -0.00091142 -0.00105981 -0.00104479 -0.00106185 -0.00105551 -0.00103545 -0.0010185 -0.000998636 -0.000990022 -0.000983977 -0.000982029 -0.000979414 -0.00097587 -0.000969668 -0.00096113 -0.000954488 -0.000947281 -0.000940122 -0.000934698 -0.00092711 -0.000918469 -0.000912418 -0.000902348 -0.000893892 -0.000887193 -0.000877216 -0.000867876 -0.000860915 -0.000853946 -0.000847591 -0.000841608 -0.000836251 -0.000829926 -0.000823529 -0.000819186 -0.00081489 -0.000811067 -0.000808046 -0.000804747 -0.000801802 -0.000799321 -0.000796606 -0.00079349 -0.000790691 -0.000788372 -0.000786107 -0.00078333 -0.000780454 -0.00077873 -0.000776434 -0.000774126 -0.000771502 -0.000767909 -0.000764358 -0.000760794 -0.000757541 -0.000754944 -0.000751207 -0.000747907 -0.000743721 -0.000740037 -0.000736478 -0.000730417 -0.000725814 -0.000721737 -0.000717134 -0.000712848 -0.000708017 -0.000702207 -0.000697458 -0.000692652 -0.000687626 -0.000681846 -0.000676006 -0.000671901 -0.000665657 -0.000659155 -0.000654908 -0.00064999 -0.000645511 -0.000640958 -0.000636048 -0.000630431 -0.000624686 -0.000618564 -0.000612659 -0.000606944 -0.000602759 -0.000598204 -0.000593496 -0.000587737 -0.000581721 -0.0005755 -0.000569303 -0.000561288 -0.000554141 -0.000548941 -0.000543498 -0.000537832 -0.000533306 -0.00052781 -0.000520497 -0.000514783 -0.000509446 -0.000502612 -0.000496522 -0.000491718 -0.000486311 -0.000481234 -0.000475995 -0.000471013 -0.000466484 -0.000462337 -0.000457857 -0.00045256 -0.000448355 -0.000443462 -0.000438403 -0.000433536 -0.000430573 -0.000426403 -0.000422738 -0.000418961 -0.000414022 -0.000409837 -0.000405709 -0.000401976 -0.000397262 -0.000393219 -0.000390413 -0.000386559 -0.000382902 -0.000380644 -0.000377687 -0.00037402 -0.000370729 -0.000368261 -0.000365249 -0.000361505 -0.000358164 -0.000355776 -0.000352383 -0.000349811 -0.000346744 -0.000343268 -0.000340727 -0.000338786 -0.000335783 -0.000332797 -0.000330272 -0.000327705 -0.00032492 -0.000322249 -0.000320086 -0.000316935 -0.000313451 -0.000310159 -0.000307211 -0.000304015 -0.000301142 -0.000299025 -0.000297225 -0.000294779 -0.000292093 -0.000289072 -0.000286134 -0.000283241 -0.000279997 -0.00027671 -0.000274514 -0.000271697 -0.000268569 -0.000265927 -0.000263876 -0.000261104 -0.000257767 -0.000254431 -0.000249817 -0.000245618 -0.000242642 -0.000239111 -0.00023577 -0.000232703 -0.000230361 -0.00022704 -0.000223125 -0.000218544 -0.000215014 -0.000210542 -0.000207067 -0.0002032 -0.000199468 -0.000194912 -0.000190115 -0.00018507 -0.000180931 -0.000176918 -0.000174043 -0.000170384 -0.000166834 -0.000163112 -0.000159612 -0.00015521 -0.000150468 -0.000147764 -0.000144607 -0.00014105 -0.000137387 -0.000134727 -0.000130483 -0.000126562 -0.000122826 -0.00011915 -0.000115371 -0.000111185 -0.000108184 -0.000105156 -0.000101304 -9.75074e-05 -9.43992e-05 -9.0782e-05 -8.65622e-05 -8.30865e-05 -7.99575e-05 -7.69377e-05 -7.36777e-05 -7.09414e-05 -6.71731e-05 -6.34611e-05 -5.94941e-05 -5.65324e-05 -5.34085e-05 -5.00757e-05 -4.67798e-05 -4.33112e-05 -3.97933e-05 -3.7108e-05 -3.42429e-05 -3.10402e-05 -2.86112e-05 -2.56719e-05 -2.24868e-05 -1.89665e-05 -1.5905e-05 -1.30342e-05 -1.04204e-05 -6.92536e-06 -2.62397e-06 1.00073e-06 
-0.000306444 -0.000929472 -0.00108262 -0.00105637 -0.00107302 -0.00106499 -0.00104028 -0.00101565 -0.000997347 -0.00098787 -0.000982248 -0.000979246 -0.00097665 -0.000974118 -0.000968217 -0.000960432 -0.000954624 -0.000946209 -0.00093835 -0.000931562 -0.000924057 -0.000916136 -0.000909234 -0.000899552 -0.000890751 -0.000884301 -0.000874896 -0.00086713 -0.000861363 -0.000854124 -0.000846508 -0.00084065 -0.000835741 -0.000829479 -0.000823985 -0.000819324 -0.000814375 -0.000809935 -0.00080658 -0.000803903 -0.000801465 -0.000798976 -0.000796711 -0.000793362 -0.000790784 -0.000787702 -0.000785263 -0.000783054 -0.000780873 -0.00077841 -0.000775949 -0.000773704 -0.00077121 -0.000767248 -0.00076327 -0.000760298 -0.0007574 -0.000754172 -0.000750668 -0.000748007 -0.000744011 -0.00073995 -0.00073662 -0.000731495 -0.000727157 -0.000722858 -0.000717831 -0.000712601 -0.000707942 -0.000702123 -0.00069645 -0.000691361 -0.000687372 -0.000682261 -0.00067581 -0.000670979 -0.000665972 -0.000660897 -0.000655434 -0.000650493 -0.00064544 -0.000641169 -0.000637427 -0.000631242 -0.000624193 -0.000617849 -0.000612625 -0.000606522 -0.000601512 -0.000597664 -0.000593593 -0.000588536 -0.0005827 -0.000575912 -0.000568988 -0.000562228 -0.00055526 -0.00054995 -0.000544574 -0.000537631 -0.000532083 -0.000527532 -0.000521308 -0.000516244 -0.00050941 -0.000501985 -0.000497109 -0.000491461 -0.000485525 -0.000480933 -0.00047705 -0.000472156 -0.000467828 -0.000462166 -0.00045736 -0.00045298 -0.00044816 -0.000442722 -0.000438657 -0.000434786 -0.000430901 -0.000425673 -0.000421362 -0.000418312 -0.000413521 -0.000408887 -0.000404971 -0.000401877 -0.00039732 -0.000393902 -0.000390845 -0.000386787 -0.000383242 -0.000380678 -0.000377675 -0.000374292 -0.000370837 -0.000368119 -0.000364535 -0.00036119 -0.000358314 -0.00035498 -0.000351379 -0.000348984 -0.000345969 -0.000342985 -0.000340843 -0.000338483 -0.00033531 -0.000332394 -0.000329907 -0.000326858 -0.000324335 -0.000322139 -0.000319732 -0.000316407 -0.000313044 -0.000310124 -0.000306255 -0.000303505 -0.000301763 -0.000299683 -0.000296904 -0.000294298 -0.000292144 -0.000289392 -0.000286127 -0.000282805 -0.000279345 -0.000276239 -0.000274086 -0.000270938 -0.000268185 -0.000265952 -0.00026365 -0.000260804 -0.000257313 -0.000253506 -0.000249736 -0.000246343 -0.000242611 -0.000238524 -0.000235674 -0.00023267 -0.000229371 -0.000225753 -0.000222665 -0.000218237 -0.00021458 -0.000211008 -0.000207768 -0.000203974 -0.000199811 -0.000194427 -0.000189919 -0.000184812 -0.000181426 -0.000177503 -0.000173892 -0.00017079 -0.000167859 -0.000163689 -0.000159079 -0.00015501 -0.000150526 -0.000147502 -0.000143864 -0.000140958 -0.000137359 -0.000134239 -0.000130557 -0.000127348 -0.000123662 -0.000119495 -0.000115586 -0.000111928 -0.000108068 -0.000103938 -0.000100673 -9.78282e-05 -9.38968e-05 -8.97621e-05 -8.6003e-05 -8.30403e-05 -7.9645e-05 -7.65509e-05 -7.38458e-05 -7.07357e-05 -6.66566e-05 -6.32647e-05 -5.97244e-05 -5.65689e-05 -5.37182e-05 -5.01013e-05 -4.61792e-05 -4.29833e-05 -3.95308e-05 -3.65229e-05 -3.36007e-05 -3.00352e-05 -2.73434e-05 -2.44593e-05 -2.19744e-05 -1.93526e-05 -1.60378e-05 -1.29014e-05 -1.01988e-05 -6.84743e-06 -3.87301e-06 -8.11203e-07 
-0.00030229 -0.00092364 -0.00107981 -0.00105349 -0.00107822 -0.00107555 -0.00104729 -0.00101875 -0.000995096 -0.000986208 -0.000980195 -0.000977359 -0.000975312 -0.000972205 -0.000966347 -0.000960305 -0.000953442 -0.000945019 -0.000938025 -0.000930263 -0.000922863 -0.000914642 -0.000907514 -0.000897977 -0.000888318 -0.000879582 -0.000872727 -0.000866279 -0.000859291 -0.000852582 -0.000846879 -0.000841166 -0.000835391 -0.000829453 -0.000823698 -0.000818331 -0.000813709 -0.000809499 -0.000806053 -0.000803637 -0.00080122 -0.000798532 -0.000796003 -0.000792881 -0.000790592 -0.000787649 -0.000784743 -0.000782863 -0.000780876 -0.000778297 -0.000775937 -0.000773462 -0.000770372 -0.000766711 -0.000763169 -0.000760503 -0.00075727 -0.000753836 -0.000750813 -0.000748095 -0.000744509 -0.000740301 -0.000735663 -0.000731404 -0.000727703 -0.000723197 -0.000718079 -0.000713365 -0.000708385 -0.000702158 -0.000697211 -0.000691753 -0.000686661 -0.000682037 -0.000675585 -0.000670308 -0.000665352 -0.000660675 -0.000655203 -0.000650382 -0.000646143 -0.000641849 -0.000637388 -0.000631742 -0.000625727 -0.000618944 -0.000612591 -0.000606666 -0.000601232 -0.000595961 -0.000591995 -0.000587527 -0.00058208 -0.000576767 -0.000569211 -0.000562608 -0.000555475 -0.000549257 -0.000543852 -0.000538469 -0.000532816 -0.000528153 -0.00052224 -0.000516165 -0.000509133 -0.000501756 -0.000496981 -0.000490179 -0.000485091 -0.000481028 -0.000476314 -0.000471297 -0.000467335 -0.000462702 -0.000458541 -0.000454198 -0.000449253 -0.000443251 -0.000438442 -0.000434139 -0.000430434 -0.000426299 -0.000421787 -0.000417829 -0.000413559 -0.000408842 -0.000404498 -0.000401427 -0.000397335 -0.00039375 -0.000390613 -0.000387514 -0.000384348 -0.000380639 -0.000377463 -0.000374422 -0.000371185 -0.000367953 -0.000363856 -0.000360989 -0.000357999 -0.000354127 -0.00035043 -0.00034809 -0.000345002 -0.000342954 -0.000340182 -0.000337291 -0.000334803 -0.000332764 -0.000329738 -0.000326162 -0.000324294 -0.000321687 -0.000318558 -0.000315902 -0.000312771 -0.000309474 -0.000305946 -0.000303481 -0.000301754 -0.000299547 -0.000296656 -0.000293907 -0.000291854 -0.000289432 -0.000286436 -0.000283163 -0.000280014 -0.000276218 -0.000273372 -0.000270447 -0.00026842 -0.000266111 -0.000262884 -0.000259738 -0.000256997 -0.000253061 -0.000249837 -0.000246241 -0.000242358 -0.000238859 -0.000235838 -0.000232804 -0.000228774 -0.000225095 -0.000222245 -0.000217609 -0.000213497 -0.000210481 -0.000206888 -0.000202986 -0.000199058 -0.000194355 -0.000190836 -0.000185852 -0.000181487 -0.000178193 -0.000174123 -0.000170426 -0.000167627 -0.000163629 -0.000158825 -0.000155442 -0.00015111 -0.000146827 -0.00014347 -0.000140759 -0.000137018 -0.000133693 -0.000130328 -0.000127673 -0.000124311 -0.000118982 -0.000114994 -0.000110855 -0.000107504 -0.000104011 -0.000101194 -9.80121e-05 -9.36111e-05 -8.96224e-05 -8.61685e-05 -8.31351e-05 -7.93074e-05 -7.56751e-05 -7.30541e-05 -7.01048e-05 -6.62182e-05 -6.345e-05 -5.98196e-05 -5.57872e-05 -5.30111e-05 -4.96951e-05 -4.59758e-05 -4.27276e-05 -3.87492e-05 -3.54994e-05 -3.25858e-05 -3.02217e-05 -2.73542e-05 -2.44597e-05 -2.16355e-05 -1.95492e-05 -1.63395e-05 -1.3018e-05 -9.99739e-06 -7.1284e-06 -4.023e-06 2.74686e-07 
-0.00030229 -0.000929208 -0.00108851 -0.00106022 -0.00107961 -0.00107004 -0.00104448 -0.00101616 -0.000994731 -0.000984609 -0.000977847 -0.000975282 -0.000973459 -0.000970294 -0.000966001 -0.000960285 -0.000951808 -0.000943278 -0.000937057 -0.000929114 -0.000921111 -0.000911279 -0.000903146 -0.000893784 -0.000886493 -0.000878671 -0.000872154 -0.00086534 -0.000856583 -0.00085049 -0.000845363 -0.000839802 -0.000834585 -0.000829517 -0.000823816 -0.000817906 -0.000812797 -0.000808796 -0.000805586 -0.000803164 -0.00080082 -0.000798172 -0.000795564 -0.000792583 -0.00079039 -0.000787552 -0.000784381 -0.000781936 -0.000779924 -0.000778225 -0.000776142 -0.000773278 -0.000769525 -0.000766049 -0.000762985 -0.000759945 -0.000757542 -0.000754668 -0.000751698 -0.000748007 -0.000744127 -0.000740418 -0.000736338 -0.000732065 -0.000728107 -0.000723544 -0.000719439 -0.000715049 -0.000709288 -0.00070228 -0.000698068 -0.000692267 -0.000686353 -0.000682527 -0.000676238 -0.000671052 -0.000665846 -0.000660026 -0.000655064 -0.000650689 -0.000646636 -0.00064216 -0.00063682 -0.000632759 -0.000626918 -0.00061908 -0.000611825 -0.000605405 -0.000601134 -0.000596435 -0.000592333 -0.000587787 -0.000581982 -0.000576326 -0.000568228 -0.000561488 -0.000554575 -0.000548985 -0.000543745 -0.000539649 -0.000534029 -0.000529179 -0.000522061 -0.000515065 -0.000509153 -0.000502705 -0.000496767 -0.000490317 -0.000485722 -0.000481296 -0.000475887 -0.000471157 -0.000467397 -0.000463019 -0.000458913 -0.000454069 -0.000449076 -0.000444296 -0.00043946 -0.000434341 -0.000430497 -0.000426736 -0.000421922 -0.000416742 -0.000412723 -0.000409184 -0.000404656 -0.000401293 -0.000397243 -0.000393574 -0.00039039 -0.000387293 -0.000384142 -0.000380572 -0.000377176 -0.000373325 -0.000370044 -0.000366628 -0.000363497 -0.000360315 -0.000356812 -0.000353246 -0.000350029 -0.000347344 -0.00034458 -0.000342394 -0.00033943 -0.000336661 -0.000334411 -0.000332155 -0.000328997 -0.000325667 -0.000323733 -0.000320928 -0.000318168 -0.000315825 -0.000312221 -0.000308677 -0.000305996 -0.000303544 -0.000301067 -0.000298724 -0.000296417 -0.000294433 -0.000292112 -0.000288878 -0.000285521 -0.000282735 -0.000279845 -0.000276603 -0.000273301 -0.000270384 -0.000267834 -0.000265372 -0.000262359 -0.000259527 -0.000257013 -0.000253675 -0.00024969 -0.000246178 -0.000242532 -0.000238854 -0.000234923 -0.000232124 -0.000228385 -0.000224528 -0.000221792 -0.000217295 -0.000213087 -0.00021004 -0.000205942 -0.000202118 -0.000198964 -0.000194842 -0.000191228 -0.000186021 -0.000181121 -0.000177758 -0.000174315 -0.000170899 -0.000167354 -0.00016416 -0.000159444 -0.000155158 -0.000151285 -0.000146668 -0.000143316 -0.000140487 -0.000136748 -0.000133565 -0.000130087 -0.000126972 -0.000123493 -0.000119537 -0.000115963 -0.000111876 -0.000107706 -0.000104177 -0.00010053 -9.71216e-05 -9.37165e-05 -9.03905e-05 -8.63193e-05 -8.22852e-05 -7.89324e-05 -7.57285e-05 -7.2887e-05 -6.96909e-05 -6.57081e-05 -6.25947e-05 -5.92686e-05 -5.57202e-05 -5.28904e-05 -4.97152e-05 -4.63947e-05 -4.22636e-05 -3.82938e-05 -3.55481e-05 -3.2813e-05 -3.00396e-05 -2.68892e-05 -2.42691e-05 -2.14134e-05 -1.93109e-05 -1.67081e-05 -1.34582e-05 -9.93061e-06 -6.94576e-06 -3.95057e-06 5.59887e-07 
-0.00030229 -0.000908495 -0.00107709 -0.00104886 -0.00106471 -0.00106068 -0.00103645 -0.0010092 -0.000989751 -0.00098023 -0.00097462 -0.000972627 -0.000971306 -0.00096827 -0.000963834 -0.00095887 -0.000951038 -0.000943128 -0.000935673 -0.00092642 -0.000919925 -0.000910148 -0.000900362 -0.000892379 -0.000885233 -0.000877796 -0.000869441 -0.000862771 -0.000855377 -0.000850721 -0.000844554 -0.000838198 -0.000833459 -0.000828427 -0.000823027 -0.000817806 -0.000812367 -0.000807623 -0.0008045 -0.00080238 -0.000800246 -0.000797935 -0.00079532 -0.000791871 -0.000789382 -0.000786762 -0.000783817 -0.000781723 -0.00077947 -0.000777481 -0.000775487 -0.000773211 -0.000770028 -0.000766768 -0.000763305 -0.000760069 -0.000757335 -0.000754789 -0.000752123 -0.000747634 -0.000743916 -0.000740737 -0.000736695 -0.000732603 -0.000727906 -0.00072394 -0.000719862 -0.000715644 -0.00070947 -0.000703304 -0.000699218 -0.000692926 -0.000686573 -0.00068288 -0.000676875 -0.000671553 -0.000665902 -0.000660435 -0.000655833 -0.000650983 -0.000646085 -0.000641855 -0.000637324 -0.000633216 -0.000627422 -0.000619865 -0.000613364 -0.000607299 -0.000600971 -0.000596503 -0.000591484 -0.000586921 -0.000581584 -0.000575495 -0.000567637 -0.000561751 -0.000556163 -0.000549874 -0.000543856 -0.000539769 -0.000534819 -0.000529056 -0.000522966 -0.000515793 -0.000510168 -0.000503339 -0.00049597 -0.000489926 -0.000485832 -0.000480327 -0.000475705 -0.000472245 -0.000468145 -0.000463075 -0.000459068 -0.000453502 -0.000448753 -0.000444658 -0.000439767 -0.000435637 -0.000430718 -0.000425893 -0.000421759 -0.000416885 -0.000413238 -0.000409156 -0.000404639 -0.000400452 -0.000397102 -0.000393856 -0.000390625 -0.000386917 -0.000382918 -0.000379112 -0.000376525 -0.000372704 -0.000369656 -0.000366417 -0.000362914 -0.000359174 -0.000355345 -0.000352209 -0.00034933 -0.000346346 -0.000343817 -0.000342046 -0.000339372 -0.000337318 -0.000334346 -0.00033111 -0.0003286 -0.000325526 -0.000322902 -0.00031998 -0.000317539 -0.000315055 -0.000311846 -0.000308525 -0.000306216 -0.000303663 -0.000300447 -0.000298002 -0.000296091 -0.000293829 -0.000291248 -0.000288672 -0.000285925 -0.000282702 -0.000279549 -0.000276721 -0.000273502 -0.00027075 -0.000267477 -0.000264647 -0.000261953 -0.000259172 -0.000256765 -0.000252976 -0.000249358 -0.000246358 -0.000243523 -0.000239566 -0.000235272 -0.000232247 -0.000228401 -0.000224083 -0.000221299 -0.000216983 -0.00021275 -0.000208964 -0.000205083 -0.000202306 -0.00019857 -0.000193912 -0.000190455 -0.000185998 -0.000181593 -0.000177823 -0.000174014 -0.000171181 -0.000167645 -0.000163897 -0.000159092 -0.000154075 -0.000150553 -0.000147347 -0.000143961 -0.000140334 -0.000136247 -0.000133147 -0.000130206 -0.000127207 -0.000123223 -0.00011959 -0.000116226 -0.000112369 -0.000108595 -0.000105136 -0.000100502 -9.66948e-05 -9.32463e-05 -9.02067e-05 -8.65327e-05 -8.23244e-05 -7.86489e-05 -7.57498e-05 -7.23625e-05 -6.86629e-05 -6.51542e-05 -6.20857e-05 -5.89661e-05 -5.62003e-05 -5.26462e-05 -4.89483e-05 -4.58297e-05 -4.15126e-05 -3.77242e-05 -3.51953e-05 -3.22296e-05 -2.95711e-05 -2.69733e-05 -2.47363e-05 -2.17779e-05 -1.88597e-05 -1.61469e-05 -1.3483e-05 -1.02206e-05 -6.74072e-06 -3.5208e-06 8.51037e-07 
-0.000311465 -0.00087707 -0.00105132 -0.00104092 -0.00105963 -0.00105297 -0.00103566 -0.00101175 -0.000987769 -0.000974964 -0.000971762 -0.000969591 -0.000968747 -0.000966138 -0.000962049 -0.000956796 -0.000950346 -0.00094395 -0.000934935 -0.000925003 -0.000919146 -0.000910026 -0.000899574 -0.000890756 -0.000883926 -0.000876616 -0.000868335 -0.000862871 -0.000855708 -0.000850199 -0.000844166 -0.000838661 -0.000833388 -0.000826805 -0.0008215 -0.00081665 -0.000811069 -0.000807422 -0.000804362 -0.00080144 -0.000799077 -0.000797202 -0.000794996 -0.000792212 -0.00078929 -0.000786386 -0.000783223 -0.000781066 -0.000778973 -0.000777037 -0.000775374 -0.00077311 -0.000770171 -0.000766872 -0.000763391 -0.000760816 -0.000757562 -0.000754586 -0.000751915 -0.000747985 -0.000744829 -0.000740334 -0.000735747 -0.000732033 -0.000728348 -0.000724987 -0.000720744 -0.000715723 -0.000710309 -0.000704466 -0.000699885 -0.000694081 -0.000687828 -0.000683621 -0.000676963 -0.000671262 -0.00066619 -0.000661615 -0.000656419 -0.000650785 -0.000646262 -0.000642489 -0.000637791 -0.000632676 -0.000626609 -0.000620284 -0.000615292 -0.000608356 -0.000601579 -0.000596647 -0.000592 -0.000587537 -0.000581983 -0.000574912 -0.000566673 -0.000560996 -0.000554505 -0.000549191 -0.000544305 -0.000540151 -0.000534878 -0.000529304 -0.000524293 -0.000517598 -0.00051028 -0.000502973 -0.000496902 -0.000491529 -0.00048594 -0.000480192 -0.000475633 -0.000472404 -0.000467719 -0.000462808 -0.0004598 -0.000454747 -0.000450303 -0.00044555 -0.000439951 -0.000436008 -0.000430622 -0.000425903 -0.000421927 -0.000417495 -0.000413104 -0.00040901 -0.000404822 -0.000401216 -0.000397224 -0.000393028 -0.000389155 -0.000386021 -0.000382048 -0.000378414 -0.000375853 -0.000372058 -0.00036888 -0.000365203 -0.000361592 -0.000358393 -0.000354691 -0.000351635 -0.000348581 -0.000345924 -0.000343871 -0.000341551 -0.000339285 -0.000337283 -0.000334472 -0.000330874 -0.000328454 -0.000325023 -0.000321901 -0.000319252 -0.000316809 -0.00031425 -0.000311609 -0.000308252 -0.000305287 -0.000303046 -0.000300179 -0.000298407 -0.000295885 -0.000292908 -0.000290621 -0.000288115 -0.000285348 -0.000282117 -0.000278914 -0.0002757 -0.000272896 -0.000270766 -0.000267434 -0.000264659 -0.000261578 -0.000258191 -0.000255605 -0.000252358 -0.000249309 -0.00024656 -0.000243195 -0.000239741 -0.000235943 -0.000232401 -0.000228006 -0.000223884 -0.000220025 -0.000215799 -0.000212513 -0.000208121 -0.000204322 -0.000201438 -0.000197422 -0.000193715 -0.000189988 -0.000186286 -0.000182283 -0.0001777 -0.000173642 -0.000170747 -0.000166785 -0.000162836 -0.000158886 -0.000154408 -0.000150895 -0.000146989 -0.000143461 -0.000140184 -0.000136756 -0.000133345 -0.000129694 -0.000126993 -0.000123712 -0.00012009 -0.000115875 -0.000111321 -0.000107965 -0.000104883 -0.000100918 -9.75961e-05 -9.30825e-05 -8.9431e-05 -8.62693e-05 -8.22353e-05 -7.83048e-05 -7.4451e-05 -7.09113e-05 -6.80527e-05 -6.53497e-05 -6.12778e-05 -5.80835e-05 -5.52187e-05 -5.18763e-05 -4.84799e-05 -4.53443e-05 -4.14251e-05 -3.85373e-05 -3.57023e-05 -3.22637e-05 -2.9896e-05 -2.74323e-05 -2.5036e-05 -2.21025e-05 -1.87372e-05 -1.5777e-05 -1.30992e-05 -1.02664e-05 -7.01422e-06 -3.62142e-06 -5.53101e-07 
-0.00045657 -0.000885423 -0.00099563 -0.00102854 -0.00105143 -0.00104559 -0.00103006 -0.00100683 -0.000987169 -0.000974683 -0.000968367 -0.000966648 -0.000966348 -0.000964366 -0.000960826 -0.000954788 -0.000948835 -0.000942522 -0.00093336 -0.000925034 -0.000916471 -0.000906909 -0.000899009 -0.000890991 -0.000883003 -0.000875106 -0.000868245 -0.000863493 -0.00085612 -0.000849008 -0.000843072 -0.000838764 -0.000832828 -0.000826592 -0.000821745 -0.000815926 -0.000810231 -0.000806688 -0.000803938 -0.000801373 -0.00079919 -0.000796864 -0.00079436 -0.000791618 -0.000788524 -0.000785836 -0.000782952 -0.000780829 -0.00077862 -0.000776686 -0.000774507 -0.000772522 -0.000770133 -0.000766628 -0.000763182 -0.000760636 -0.000757649 -0.000755036 -0.000751627 -0.000747717 -0.000744888 -0.000740212 -0.000735506 -0.00073224 -0.000728457 -0.000724027 -0.000720077 -0.000716207 -0.000711432 -0.000705301 -0.000699676 -0.00069507 -0.000689018 -0.000683898 -0.000677815 -0.000672009 -0.000667245 -0.00066191 -0.000656096 -0.000650906 -0.000646636 -0.0006425 -0.000637044 -0.000631968 -0.000626783 -0.000621404 -0.000616034 -0.000609562 -0.000603532 -0.000598624 -0.000593593 -0.000586999 -0.000580769 -0.000574925 -0.000568307 -0.000561946 -0.000554244 -0.000549127 -0.000545025 -0.000539454 -0.000534311 -0.000529189 -0.000524167 -0.000517269 -0.000509843 -0.000503343 -0.000498511 -0.000492787 -0.000486359 -0.000481342 -0.00047684 -0.000472674 -0.000467516 -0.000462892 -0.000459804 -0.000454787 -0.00045009 -0.000445783 -0.000440457 -0.000435732 -0.000430409 -0.000425991 -0.00042144 -0.000416877 -0.00041285 -0.000408527 -0.000404702 -0.000401072 -0.000397075 -0.000392978 -0.000389245 -0.000385311 -0.000381619 -0.000377584 -0.000374664 -0.000370713 -0.000367594 -0.000364576 -0.00036133 -0.000357966 -0.00035426 -0.000350939 -0.000348199 -0.000346044 -0.000343956 -0.000341107 -0.000338594 -0.00033656 -0.000333833 -0.000330809 -0.00032783 -0.000324422 -0.000321868 -0.000319528 -0.000316605 -0.000313524 -0.000311431 -0.00030815 -0.000305117 -0.00030243 -0.000299568 -0.000297678 -0.000295379 -0.000292785 -0.000290454 -0.000286991 -0.000283646 -0.000280728 -0.000278231 -0.000275404 -0.000272602 -0.000269845 -0.00026628 -0.000263547 -0.000260586 -0.000257415 -0.000254811 -0.000252276 -0.000249848 -0.000246805 -0.00024269 -0.000239422 -0.000235657 -0.000231223 -0.000227656 -0.000224193 -0.000219678 -0.000215208 -0.000212113 -0.000207731 -0.000203377 -0.000200014 -0.000196331 -0.000193475 -0.000189278 -0.000185114 -0.000181169 -0.000177037 -0.000173729 -0.000170464 -0.000166196 -0.000162387 -0.000159358 -0.000155329 -0.000151885 -0.000147129 -0.000143499 -0.000140299 -0.000137176 -0.000133366 -0.000129038 -0.00012615 -0.000123113 -0.000119831 -0.000116049 -0.000111867 -0.000108797 -0.000104888 -0.000100379 -9.72824e-05 -9.33406e-05 -8.93327e-05 -8.601e-05 -8.24928e-05 -7.86634e-05 -7.45488e-05 -7.04395e-05 -6.75182e-05 -6.48862e-05 -6.12305e-05 -5.80288e-05 -5.4996e-05 -5.16168e-05 -4.85813e-05 -4.49087e-05 -4.10482e-05 -3.83312e-05 -3.56868e-05 -3.31072e-05 -3.0882e-05 -2.79466e-05 -2.46585e-05 -2.18892e-05 -1.93725e-05 -1.64144e-05 -1.32027e-05 -1.05698e-05 -7.40696e-06 -2.99633e-06 8.38863e-07 
-0.000486271 -0.000870124 -0.000960562 -0.00102748 -0.00105596 -0.00104524 -0.00102363 -0.00100239 -0.000987708 -0.000973709 -0.000966282 -0.000965047 -0.000964286 -0.000962358 -0.000959753 -0.000954623 -0.000949507 -0.000942163 -0.000933752 -0.000925314 -0.000914972 -0.000905118 -0.000897246 -0.000890142 -0.000882531 -0.00087548 -0.000868759 -0.000863385 -0.000855878 -0.000848861 -0.000842968 -0.000838028 -0.000830952 -0.000825867 -0.00082084 -0.000814768 -0.0008103 -0.000806748 -0.000803808 -0.000801494 -0.000799233 -0.000795934 -0.000793492 -0.00079113 -0.000788309 -0.000785709 -0.000782985 -0.000780183 -0.000778149 -0.000776574 -0.000774773 -0.000772416 -0.000770206 -0.000766818 -0.000763033 -0.000760233 -0.000757339 -0.000754974 -0.000751576 -0.000747641 -0.000744464 -0.000740283 -0.000736554 -0.000732436 -0.000727831 -0.000724239 -0.000720443 -0.000716301 -0.000711761 -0.00070645 -0.000700824 -0.000695989 -0.000689692 -0.00068367 -0.000678584 -0.000673277 -0.000667996 -0.000661729 -0.000656585 -0.000652453 -0.000647022 -0.000641516 -0.000637354 -0.000631875 -0.000627762 -0.000622484 -0.000615744 -0.000610299 -0.000605337 -0.000599837 -0.000593857 -0.000587572 -0.000580775 -0.00057485 -0.000568303 -0.000561667 -0.000555755 -0.00054968 -0.000544415 -0.000539435 -0.000534579 -0.000529499 -0.000523221 -0.000516244 -0.000509733 -0.000504215 -0.00049892 -0.000493298 -0.000487372 -0.000482959 -0.000477361 -0.00047214 -0.000468116 -0.000463393 -0.000459652 -0.000454532 -0.000450021 -0.000445896 -0.000441076 -0.000435226 -0.000429572 -0.000425403 -0.000420807 -0.000416965 -0.000413251 -0.00040862 -0.000404254 -0.00040068 -0.000396726 -0.000393232 -0.000388873 -0.000384543 -0.000380843 -0.000377166 -0.000373738 -0.000370562 -0.00036742 -0.000364271 -0.000360597 -0.000356813 -0.000353685 -0.000350781 -0.000348005 -0.000345249 -0.000343038 -0.00034087 -0.000338782 -0.000336096 -0.000333657 -0.000330847 -0.00032715 -0.000323719 -0.000321143 -0.000318645 -0.000316195 -0.000313411 -0.000310966 -0.000307937 -0.000305295 -0.000302183 -0.000298939 -0.00029691 -0.000294572 -0.000292206 -0.000289623 -0.000286262 -0.000283113 -0.000280228 -0.000277473 -0.000274804 -0.000272237 -0.00026926 -0.000265723 -0.000262784 -0.000260019 -0.000257407 -0.000254425 -0.000251586 -0.000249116 -0.000246183 -0.000242846 -0.000239824 -0.000235548 -0.000230993 -0.000227202 -0.000223652 -0.000219706 -0.000214981 -0.000211329 -0.000207279 -0.000203394 -0.000199258 -0.000195393 -0.000192146 -0.000188499 -0.000184641 -0.000180555 -0.000176517 -0.000172663 -0.000169066 -0.000165958 -0.00016242 -0.000158505 -0.000154528 -0.000151257 -0.000147973 -0.000144874 -0.000140742 -0.0001365 -0.000133124 -0.000129547 -0.000126244 -0.000122827 -0.000119048 -0.000115782 -0.000112201 -0.000108693 -0.000104561 -0.000100087 -9.6843e-05 -9.33325e-05 -8.98382e-05 -8.53785e-05 -8.1808e-05 -7.84041e-05 -7.42512e-05 -7.10499e-05 -6.72786e-05 -6.35837e-05 -6.06188e-05 -5.76477e-05 -5.40656e-05 -5.08636e-05 -4.80399e-05 -4.43616e-05 -4.14417e-05 -3.83676e-05 -3.5386e-05 -3.34292e-05 -3.10979e-05 -2.80623e-05 -2.50343e-05 -2.23131e-05 -1.94963e-05 -1.68263e-05 -1.29721e-05 -1.01879e-05 -7.77729e-06 -4.02746e-06 3.78693e-07 
-0.000434436 -0.000883305 -0.0010042 -0.00102996 -0.00104846 -0.00105 -0.00102771 -0.00100366 -0.000989924 -0.000975849 -0.000967249 -0.000963746 -0.000963051 -0.000960982 -0.000957994 -0.000953919 -0.000948618 -0.000940068 -0.000931813 -0.000924314 -0.000914039 -0.000906304 -0.00089752 -0.000888742 -0.000882249 -0.000875334 -0.000867271 -0.000860857 -0.000854796 -0.000848874 -0.000843731 -0.000837679 -0.000830832 -0.000825591 -0.000820036 -0.000813885 -0.000810325 -0.000806526 -0.000803195 -0.000800461 -0.000798428 -0.000795586 -0.000793318 -0.000790879 -0.000788001 -0.00078526 -0.000782695 -0.000780314 -0.000778338 -0.000776566 -0.000774734 -0.000772019 -0.000769444 -0.000766554 -0.000763597 -0.000760749 -0.000757124 -0.000754234 -0.000751669 -0.000748721 -0.000744659 -0.000740454 -0.000737241 -0.000732332 -0.000727594 -0.000724683 -0.000720436 -0.000715007 -0.000710648 -0.000706916 -0.000701204 -0.000695693 -0.000690448 -0.000685017 -0.000679281 -0.000673325 -0.000667988 -0.000662458 -0.00065775 -0.000652938 -0.000647569 -0.00064189 -0.000637777 -0.000631842 -0.000626145 -0.000621577 -0.000616354 -0.000611723 -0.000607069 -0.000600553 -0.000593784 -0.000588733 -0.000582599 -0.000576404 -0.000568213 -0.000561377 -0.000557117 -0.000549768 -0.000543122 -0.000538646 -0.000533492 -0.00052773 -0.000522493 -0.000515918 -0.000510539 -0.000504931 -0.000498576 -0.000493546 -0.000488687 -0.000483548 -0.000477572 -0.000472227 -0.000468051 -0.000462851 -0.000458146 -0.00045399 -0.00044974 -0.000444711 -0.000439652 -0.000434469 -0.000429971 -0.000424825 -0.000419315 -0.000415762 -0.000412307 -0.000408083 -0.000405178 -0.000400742 -0.000396008 -0.000392575 -0.000388697 -0.000384264 -0.000381106 -0.000377252 -0.000372964 -0.000370127 -0.000366755 -0.000363145 -0.000359929 -0.000356397 -0.000353512 -0.000350925 -0.000347631 -0.00034496 -0.000342599 -0.000340236 -0.000337975 -0.000334987 -0.000332337 -0.000329946 -0.000326719 -0.000323917 -0.000320704 -0.000318143 -0.000315969 -0.000313399 -0.000310518 -0.000307535 -0.000304607 -0.000301348 -0.000298858 -0.000296557 -0.000293829 -0.000291074 -0.000288472 -0.000285324 -0.00028263 -0.000279481 -0.000276262 -0.0002738 -0.000271702 -0.000268698 -0.000265753 -0.000262008 -0.000259019 -0.000256299 -0.000254089 -0.000251849 -0.000248823 -0.000245004 -0.000242223 -0.000238862 -0.000234671 -0.000231116 -0.000227005 -0.000222778 -0.00021932 -0.000214952 -0.000210734 -0.000206381 -0.000203079 -0.000199207 -0.000195364 -0.000191396 -0.000187664 -0.000184095 -0.000180037 -0.000176491 -0.000172566 -0.000168386 -0.000165465 -0.000162423 -0.000157754 -0.000154027 -0.000151182 -0.000148185 -0.000145181 -0.000141448 -0.000136988 -0.000133318 -0.000130116 -0.000126594 -0.000122521 -0.00011852 -0.000116163 -0.000111796 -0.000107644 -0.000104413 -0.000100954 -9.66407e-05 -9.2343e-05 -8.93125e-05 -8.56884e-05 -8.24319e-05 -7.81648e-05 -7.3878e-05 -7.09634e-05 -6.70144e-05 -6.32483e-05 -6.06568e-05 -5.71753e-05 -5.34961e-05 -5.09435e-05 -4.76689e-05 -4.38541e-05 -4.15375e-05 -3.84434e-05 -3.5668e-05 -3.38111e-05 -3.10545e-05 -2.81453e-05 -2.57123e-05 -2.23792e-05 -1.88709e-05 -1.64932e-05 -1.3469e-05 -1.06709e-05 -8.38297e-06 -4.5266e-06 1.1798e-06 
-0.000310817 -0.000888518 -0.00105873 -0.00104309 -0.00105465 -0.00105592 -0.00103642 -0.00100894 -0.000988432 -0.000976389 -0.000970273 -0.00096546 -0.000963168 -0.000960996 -0.000957752 -0.000953859 -0.000947587 -0.000939667 -0.000932013 -0.000922537 -0.000912514 -0.000906865 -0.000898776 -0.000889032 -0.0008836 -0.000875565 -0.00086732 -0.00086199 -0.000854245 -0.000846801 -0.000840579 -0.000835122 -0.000829353 -0.000824725 -0.000818583 -0.000813576 -0.00081023 -0.000806733 -0.000803652 -0.000800383 -0.000798536 -0.000795538 -0.000792517 -0.000790115 -0.000787505 -0.000785077 -0.000783058 -0.00078091 -0.000778531 -0.000776264 -0.000774364 -0.000772325 -0.000769357 -0.000766259 -0.000763668 -0.000760475 -0.000757425 -0.000754462 -0.000751766 -0.000748874 -0.000745157 -0.00074121 -0.00073732 -0.000731963 -0.000727695 -0.000724234 -0.000719804 -0.000715191 -0.000710955 -0.000707012 -0.000701397 -0.000695159 -0.000690866 -0.000685418 -0.000678986 -0.000673684 -0.000669284 -0.000664131 -0.000658376 -0.000652352 -0.000647661 -0.000642688 -0.000638511 -0.000632968 -0.000626331 -0.000621072 -0.000617037 -0.000612067 -0.000606756 -0.000601114 -0.000594676 -0.000589445 -0.000582623 -0.000575826 -0.000568986 -0.000562636 -0.000557215 -0.000550041 -0.000543039 -0.000538472 -0.000532637 -0.000527098 -0.000521734 -0.000515142 -0.000509111 -0.000503884 -0.000498892 -0.000494819 -0.000488816 -0.000483276 -0.000478062 -0.000472369 -0.000467469 -0.000462686 -0.000457452 -0.000452587 -0.000448886 -0.00044392 -0.000438746 -0.000433633 -0.000429625 -0.000424351 -0.000419656 -0.000416122 -0.000412265 -0.00040803 -0.000404454 -0.000400728 -0.000396438 -0.000393217 -0.000389276 -0.0003844 -0.000380365 -0.000376478 -0.000372618 -0.000369301 -0.000365612 -0.0003624 -0.0003595 -0.000355749 -0.000352524 -0.000349776 -0.000347492 -0.000345121 -0.000342047 -0.000338944 -0.000336941 -0.000334576 -0.000332098 -0.00032947 -0.000326091 -0.000323621 -0.000320722 -0.000317984 -0.000315259 -0.00031281 -0.000310081 -0.000307187 -0.000304003 -0.000300575 -0.000298056 -0.000295642 -0.000293627 -0.00029135 -0.000288253 -0.000285117 -0.000281776 -0.000278647 -0.000276105 -0.000273677 -0.000270823 -0.000267764 -0.000265565 -0.000261993 -0.000258945 -0.00025609 -0.000253868 -0.000251862 -0.000248448 -0.000245147 -0.000241684 -0.000237633 -0.000233527 -0.000230426 -0.000226387 -0.000222551 -0.000219338 -0.000215256 -0.00021109 -0.000206904 -0.000202453 -0.000198317 -0.000195546 -0.000191686 -0.000187786 -0.000184203 -0.000179718 -0.000176194 -0.000172507 -0.000167906 -0.000164118 -0.000161082 -0.000157324 -0.000154347 -0.000150842 -0.000147314 -0.000144374 -0.000141622 -0.000137324 -0.000132856 -0.00012955 -0.000125895 -0.000122205 -0.000118747 -0.000115984 -0.000111743 -0.000107828 -0.000104362 -0.000100831 -9.64108e-05 -9.20667e-05 -8.92353e-05 -8.56455e-05 -8.24367e-05 -7.87332e-05 -7.40787e-05 -7.08701e-05 -6.73154e-05 -6.34085e-05 -6.01507e-05 -5.6418e-05 -5.31028e-05 -5.05772e-05 -4.71975e-05 -4.39647e-05 -4.15562e-05 -3.88552e-05 -3.59662e-05 -3.36987e-05 -3.08258e-05 -2.81007e-05 -2.55146e-05 -2.1997e-05 -1.89228e-05 -1.65684e-05 -1.3847e-05 -1.05087e-05 -8.17314e-06 -4.94724e-06 5.35076e-07 
-0.000298424 -0.000909048 -0.0010785 -0.00104617 -0.00105806 -0.00105779 -0.00103827 -0.00101426 -0.000992271 -0.000979838 -0.000973943 -0.000968235 -0.000964712 -0.000961948 -0.000958053 -0.000953536 -0.000946651 -0.000940051 -0.000932187 -0.000922136 -0.000912491 -0.000906852 -0.000898783 -0.000890162 -0.000884976 -0.000874592 -0.000866214 -0.000860666 -0.000853127 -0.000845673 -0.000840192 -0.000834817 -0.000829132 -0.000823833 -0.000818066 -0.000814069 -0.000810113 -0.000806337 -0.000803371 -0.000800146 -0.000797977 -0.000794778 -0.000791982 -0.000789938 -0.000787822 -0.000785139 -0.000782861 -0.000780873 -0.000778658 -0.000776753 -0.000774648 -0.000772306 -0.000769448 -0.000766168 -0.000763016 -0.000759963 -0.000757828 -0.00075517 -0.000751891 -0.000748671 -0.000745511 -0.000742129 -0.000737436 -0.000732475 -0.000727673 -0.000723783 -0.000719334 -0.000715919 -0.000710563 -0.000705142 -0.000700801 -0.000696055 -0.000691051 -0.000685052 -0.000679294 -0.000674621 -0.000669281 -0.0006634 -0.000658298 -0.000652862 -0.000648255 -0.000643022 -0.0006386 -0.000633173 -0.00062678 -0.000620524 -0.000616257 -0.000611347 -0.000605792 -0.000601685 -0.000596181 -0.000589615 -0.000581894 -0.000574871 -0.000569872 -0.000562735 -0.000556107 -0.000549999 -0.000544143 -0.000538501 -0.000532413 -0.000527674 -0.000521912 -0.000514599 -0.000509602 -0.000503754 -0.000498165 -0.000494201 -0.000489165 -0.000483389 -0.000478122 -0.000472027 -0.000466163 -0.000461616 -0.000456876 -0.000451686 -0.000447103 -0.000443048 -0.000438311 -0.000433047 -0.000428144 -0.000423675 -0.000420316 -0.000416163 -0.000411762 -0.000407292 -0.000404087 -0.00040037 -0.000396258 -0.000392074 -0.000388565 -0.00038465 -0.000380451 -0.000376698 -0.000372837 -0.000368743 -0.000365027 -0.000361627 -0.000358432 -0.000355161 -0.000352421 -0.000349682 -0.00034675 -0.000344343 -0.000341524 -0.000338805 -0.000336358 -0.000333963 -0.000331304 -0.000328532 -0.00032563 -0.000323017 -0.00032034 -0.000317624 -0.000314739 -0.000312509 -0.000309505 -0.000306207 -0.000303355 -0.000300566 -0.000297858 -0.00029511 -0.000292902 -0.000290394 -0.000287468 -0.00028462 -0.000281392 -0.000278694 -0.000276393 -0.000273639 -0.000270149 -0.000267229 -0.000264708 -0.000261388 -0.000259109 -0.000256213 -0.000253691 -0.000251418 -0.000248319 -0.00024534 -0.000241327 -0.000236647 -0.000233299 -0.000229767 -0.000226129 -0.000223111 -0.000219266 -0.000214662 -0.000210762 -0.000207049 -0.00020262 -0.000198294 -0.000195518 -0.000190953 -0.000187297 -0.000184162 -0.000179557 -0.000175713 -0.000172362 -0.000167906 -0.00016368 -0.000159972 -0.000156445 -0.000153729 -0.000150239 -0.000147363 -0.000144349 -0.000141445 -0.000137168 -0.000132638 -0.000128772 -0.000125031 -0.000122163 -0.000119122 -0.000115595 -0.00011179 -0.000108565 -0.000104307 -9.98253e-05 -9.59958e-05 -9.23093e-05 -8.95715e-05 -8.53557e-05 -8.18756e-05 -7.8549e-05 -7.45364e-05 -7.06554e-05 -6.73173e-05 -6.33243e-05 -5.97063e-05 -5.62652e-05 -5.31922e-05 -5.05502e-05 -4.7225e-05 -4.46737e-05 -4.2039e-05 -3.88899e-05 -3.60878e-05 -3.33521e-05 -3.10041e-05 -2.81825e-05 -2.51035e-05 -2.17907e-05 -1.85956e-05 -1.57675e-05 -1.3451e-05 -1.06927e-05 -8.44446e-06 -4.75536e-06 1.2743e-06 
-0.000298424 -0.000917844 -0.0010925 -0.00105804 -0.00106686 -0.00106301 -0.00104211 -0.00101952 -0.00099971 -0.000984129 -0.000977234 -0.000972053 -0.000967179 -0.000963717 -0.000959485 -0.000953732 -0.000947026 -0.000938564 -0.000930873 -0.000923017 -0.000915985 -0.000909086 -0.000900583 -0.000891981 -0.000886145 -0.000875274 -0.000866062 -0.000859744 -0.000852017 -0.000846309 -0.000840587 -0.00083365 -0.000827215 -0.000822688 -0.000818188 -0.000814439 -0.00080977 -0.000805936 -0.000802881 -0.000800055 -0.000797642 -0.000794458 -0.00079174 -0.000789561 -0.000787315 -0.000785049 -0.000783176 -0.000781191 -0.000778854 -0.000777156 -0.000774353 -0.000771561 -0.000769292 -0.00076629 -0.000763173 -0.000760077 -0.000757579 -0.00075516 -0.000752221 -0.000749273 -0.000745855 -0.000742362 -0.000737731 -0.000733663 -0.000728867 -0.000724088 -0.000719327 -0.000715695 -0.000709831 -0.000704231 -0.000700776 -0.000695597 -0.000689833 -0.000685064 -0.000679517 -0.000674689 -0.000668626 -0.000663286 -0.00065886 -0.000653548 -0.000648927 -0.000642896 -0.000637805 -0.000632208 -0.000626883 -0.000620741 -0.000616271 -0.000610601 -0.000605534 -0.00060101 -0.000594451 -0.000588273 -0.000582156 -0.000576066 -0.000569836 -0.000563035 -0.000555491 -0.000549333 -0.000544037 -0.000537894 -0.000532714 -0.00052793 -0.000521269 -0.000514151 -0.000509539 -0.000503507 -0.000497831 -0.000493518 -0.000488391 -0.000482596 -0.0004768 -0.000471209 -0.000465515 -0.000460663 -0.000455684 -0.000450967 -0.000445607 -0.000441255 -0.000437612 -0.000433089 -0.000428048 -0.000423382 -0.000419988 -0.000415961 -0.000411823 -0.000408149 -0.00040419 -0.000400605 -0.00039631 -0.000391822 -0.000388312 -0.000384865 -0.000380521 -0.000376129 -0.00037203 -0.000367897 -0.000364827 -0.000361363 -0.000357672 -0.000354692 -0.000352178 -0.000349117 -0.000345696 -0.000343243 -0.00034086 -0.000338281 -0.000335689 -0.000333334 -0.000330664 -0.000328209 -0.000326023 -0.00032335 -0.00032013 -0.000317212 -0.000314076 -0.000311919 -0.000308689 -0.000305522 -0.00030282 -0.00030022 -0.000297187 -0.000294161 -0.000291985 -0.000289539 -0.000287018 -0.000284572 -0.000281437 -0.000278264 -0.000275547 -0.000272894 -0.000270251 -0.000267852 -0.000264618 -0.000261116 -0.000259115 -0.000256719 -0.000253914 -0.00025073 -0.000247962 -0.000244687 -0.00024016 -0.000235887 -0.000233053 -0.00022888 -0.00022532 -0.000222639 -0.000218941 -0.00021537 -0.000210873 -0.00020693 -0.000202907 -0.000198619 -0.000195391 -0.000190819 -0.000186852 -0.000184022 -0.000179573 -0.000175271 -0.000171605 -0.000167503 -0.000163859 -0.000159982 -0.000155797 -0.000153055 -0.000150011 -0.000146792 -0.000142822 -0.000139552 -0.000135914 -0.000132509 -0.000128494 -0.000124439 -0.00012163 -0.000118855 -0.000114861 -0.000111419 -0.000108009 -0.000103883 -9.98919e-05 -9.65855e-05 -9.24339e-05 -8.89093e-05 -8.52425e-05 -8.14385e-05 -7.84502e-05 -7.49533e-05 -7.1047e-05 -6.74349e-05 -6.37021e-05 -6.02081e-05 -5.66806e-05 -5.30934e-05 -5.03227e-05 -4.784e-05 -4.54343e-05 -4.22037e-05 -3.88974e-05 -3.63168e-05 -3.37141e-05 -3.12702e-05 -2.79139e-05 -2.47795e-05 -2.1868e-05 -1.85883e-05 -1.52973e-05 -1.34191e-05 -1.12544e-05 -8.53373e-06 -4.23436e-06 1.2014e-06 
-0.000298424 -0.000911334 -0.00107961 -0.00106695 -0.00107108 -0.00106459 -0.00104379 -0.00101774 -0.00100243 -0.000988545 -0.000980924 -0.000975209 -0.000970516 -0.000965434 -0.000960587 -0.00095483 -0.000948884 -0.000940203 -0.000930775 -0.000924278 -0.000916318 -0.000909449 -0.000902608 -0.000894913 -0.000886746 -0.000877296 -0.000868816 -0.000859734 -0.000850783 -0.000845166 -0.000839582 -0.000832207 -0.000827099 -0.000822445 -0.000818083 -0.000813937 -0.000809912 -0.000806936 -0.000803722 -0.000800027 -0.000796934 -0.000794467 -0.000792168 -0.000789613 -0.00078667 -0.000784774 -0.000783243 -0.000781172 -0.00077898 -0.000777242 -0.000774355 -0.000771369 -0.000769159 -0.00076606 -0.000762866 -0.000760469 -0.000758177 -0.000754867 -0.00075193 -0.000749902 -0.000746806 -0.0007424 -0.00073747 -0.000733844 -0.000729001 -0.000724555 -0.000719663 -0.00071547 -0.000710009 -0.000704529 -0.0007005 -0.000694844 -0.000689086 -0.000685116 -0.000678815 -0.000673248 -0.00066791 -0.000663765 -0.000658437 -0.000652075 -0.000647626 -0.000642962 -0.000638012 -0.000631912 -0.000627062 -0.000621 -0.000615465 -0.000610472 -0.000605595 -0.000599878 -0.000592403 -0.000586934 -0.000582647 -0.000575614 -0.000568212 -0.000562149 -0.000556077 -0.000548611 -0.000542646 -0.000537495 -0.000532291 -0.000527046 -0.000520818 -0.000514319 -0.000508809 -0.00050295 -0.000497959 -0.00049254 -0.000486929 -0.000482149 -0.00047643 -0.000471195 -0.000465682 -0.000459148 -0.000453678 -0.000450276 -0.000444918 -0.000440605 -0.000436803 -0.000433174 -0.000428557 -0.000423904 -0.000420513 -0.000416547 -0.00041292 -0.000409366 -0.000404048 -0.000399238 -0.000395981 -0.000392234 -0.000388026 -0.000383879 -0.000380559 -0.000376219 -0.000371793 -0.00036738 -0.000363864 -0.000360647 -0.000357768 -0.000354896 -0.00035141 -0.000348885 -0.000345906 -0.000343069 -0.000340896 -0.00033795 -0.000334902 -0.000333054 -0.000330162 -0.000327776 -0.000325928 -0.000322807 -0.000319597 -0.000316875 -0.000314011 -0.000311107 -0.000308219 -0.000305671 -0.000302509 -0.000299184 -0.000296796 -0.000294333 -0.000291902 -0.000289644 -0.000286742 -0.000283924 -0.000281334 -0.000278481 -0.000275274 -0.000272395 -0.000269936 -0.000267483 -0.000264361 -0.000261029 -0.000258963 -0.000256352 -0.000253825 -0.000250985 -0.000247152 -0.000243381 -0.000239535 -0.000235865 -0.000232972 -0.000229014 -0.000225673 -0.000221787 -0.00021851 -0.000215404 -0.000210085 -0.000206035 -0.000202487 -0.000198681 -0.000195136 -0.000191263 -0.000186678 -0.000182979 -0.000179287 -0.000175366 -0.000170903 -0.00016649 -0.000163357 -0.000158924 -0.000154534 -0.000151746 -0.000148438 -0.000145147 -0.000142115 -0.000139118 -0.000135505 -0.000131759 -0.00012767 -0.000124036 -0.000120586 -0.000117809 -0.000114874 -0.000111728 -0.000107657 -0.000103468 -9.97557e-05 -9.59126e-05 -9.14957e-05 -8.78268e-05 -8.49596e-05 -8.18919e-05 -7.84405e-05 -7.53599e-05 -7.17119e-05 -6.6999e-05 -6.3332e-05 -6.01781e-05 -5.65059e-05 -5.33655e-05 -5.09627e-05 -4.81914e-05 -4.55004e-05 -4.24545e-05 -3.93988e-05 -3.66141e-05 -3.40855e-05 -3.12781e-05 -2.78562e-05 -2.50588e-05 -2.17507e-05 -1.83261e-05 -1.50341e-05 -1.31925e-05 -1.04863e-05 -7.9616e-06 -4.45662e-06 2.6941e-07 
-0.000380047 -0.000950149 -0.00105089 -0.00104935 -0.00106694 -0.00106143 -0.00103984 -0.0010181 -0.00100768 -0.000994828 -0.000983446 -0.000976881 -0.000972993 -0.000968044 -0.000962041 -0.000955644 -0.000950168 -0.000942152 -0.000934436 -0.000926657 -0.000917151 -0.000910066 -0.000904435 -0.000895238 -0.000886289 -0.000877819 -0.000869264 -0.000860444 -0.000852052 -0.000846635 -0.000840442 -0.000833316 -0.000827631 -0.000822747 -0.000817613 -0.000812968 -0.000809459 -0.000806681 -0.000803205 -0.000800033 -0.00079697 -0.000794385 -0.000791942 -0.00078935 -0.000786812 -0.000785171 -0.000783061 -0.000780731 -0.000778578 -0.000776768 -0.00077444 -0.000771669 -0.000768992 -0.000765571 -0.000762544 -0.000760396 -0.000757759 -0.000754917 -0.000752049 -0.000749893 -0.000746975 -0.000743017 -0.000738113 -0.000734279 -0.000728921 -0.00072459 -0.000720015 -0.000715559 -0.000710215 -0.000704962 -0.000698864 -0.000693485 -0.000688145 -0.000684109 -0.000678626 -0.000673675 -0.000668585 -0.000663933 -0.000658284 -0.000652108 -0.000648244 -0.000643266 -0.000637341 -0.000631085 -0.00062681 -0.000620076 -0.000614013 -0.000608687 -0.000603343 -0.000597478 -0.000590994 -0.000586142 -0.00058097 -0.000574114 -0.000567431 -0.000562135 -0.000556058 -0.000548938 -0.000543115 -0.000537702 -0.000532367 -0.000526584 -0.000521604 -0.000514718 -0.000508275 -0.000501513 -0.000496829 -0.000491999 -0.000487048 -0.0004818 -0.000475783 -0.000469526 -0.00046452 -0.000459263 -0.000453778 -0.000449921 -0.000445292 -0.000440775 -0.000436201 -0.000432413 -0.000428925 -0.000425383 -0.000420463 -0.000415685 -0.00041225 -0.00040883 -0.000403751 -0.000399312 -0.000395475 -0.00039176 -0.000387378 -0.000383356 -0.00037956 -0.000375449 -0.00037152 -0.000367632 -0.000363561 -0.000360042 -0.000357685 -0.000354864 -0.000351505 -0.000348974 -0.000345442 -0.00034229 -0.000339645 -0.000336952 -0.000334413 -0.00033237 -0.000329592 -0.000327143 -0.000325218 -0.000322248 -0.000319371 -0.000317082 -0.000314002 -0.000310452 -0.00030756 -0.000305078 -0.000301863 -0.000299034 -0.000296548 -0.000293656 -0.000290958 -0.000288485 -0.000286145 -0.000283671 -0.000281101 -0.000278681 -0.000275198 -0.000272517 -0.000269233 -0.000266585 -0.000264144 -0.000261645 -0.000258799 -0.000256023 -0.000253551 -0.000250785 -0.000246505 -0.000242249 -0.000239012 -0.000235742 -0.000232204 -0.000228502 -0.000225791 -0.000221973 -0.000218286 -0.000215271 -0.000210642 -0.000206834 -0.000203067 -0.000198827 -0.000194517 -0.000190847 -0.000186245 -0.000181856 -0.000177977 -0.000174761 -0.000170802 -0.000166011 -0.000162412 -0.000158763 -0.000155308 -0.000151487 -0.000148015 -0.00014433 -0.000141228 -0.000138775 -0.00013475 -0.000130388 -0.000126546 -0.000123607 -0.000120048 -0.000116966 -0.000114306 -0.000111361 -0.000107711 -0.000103489 -9.90653e-05 -9.47651e-05 -9.1034e-05 -8.76822e-05 -8.4934e-05 -8.18576e-05 -7.76705e-05 -7.42151e-05 -7.13102e-05 -6.74037e-05 -6.43336e-05 -6.04235e-05 -5.63986e-05 -5.3907e-05 -5.10843e-05 -4.80804e-05 -4.55695e-05 -4.32235e-05 -4.01973e-05 -3.7512e-05 -3.39427e-05 -3.08424e-05 -2.79386e-05 -2.47171e-05 -2.10422e-05 -1.8351e-05 -1.58788e-05 -1.3297e-05 -1.02006e-05 -7.7989e-06 -4.9702e-06 -4.95019e-07 
-0.000276541 -0.000927125 -0.00105632 -0.00104971 -0.00106253 -0.0010565 -0.00103734 -0.0010212 -0.00100801 -0.000995113 -0.000985555 -0.00097801 -0.000973396 -0.000968824 -0.000963542 -0.000957726 -0.000950543 -0.000942794 -0.000935988 -0.000928952 -0.000920896 -0.000913904 -0.000906948 -0.000896914 -0.000887301 -0.00087814 -0.000868407 -0.000860501 -0.000853289 -0.000847161 -0.000840313 -0.000833467 -0.000828422 -0.000821511 -0.000816486 -0.000813394 -0.000809932 -0.000805919 -0.000802444 -0.000799976 -0.000797351 -0.000794484 -0.000791649 -0.000788918 -0.00078656 -0.000784985 -0.000782604 -0.000780515 -0.000778694 -0.000776751 -0.000774378 -0.000771559 -0.000768453 -0.00076569 -0.000763262 -0.000760425 -0.000757351 -0.000755095 -0.000752428 -0.000749498 -0.000746211 -0.000743177 -0.000738343 -0.000734118 -0.000729732 -0.000725596 -0.000721044 -0.000716212 -0.00070997 -0.00070463 -0.000698303 -0.000693777 -0.000688285 -0.000683069 -0.000678075 -0.000673967 -0.000668446 -0.000662778 -0.000657844 -0.000652296 -0.000648017 -0.000642333 -0.000637426 -0.000631147 -0.000625853 -0.000619892 -0.000614849 -0.000609327 -0.000603051 -0.000597 -0.00059147 -0.000585221 -0.000578317 -0.00057288 -0.000568065 -0.000561506 -0.000554593 -0.000548309 -0.000543254 -0.000537451 -0.000531984 -0.000527043 -0.000521322 -0.000513766 -0.000507597 -0.000501516 -0.000496416 -0.000491925 -0.000486549 -0.000480592 -0.000475313 -0.000469277 -0.000464093 -0.000458895 -0.000452706 -0.000448271 -0.000443731 -0.000440009 -0.000436576 -0.000432477 -0.000428663 -0.000425249 -0.000420582 -0.00041638 -0.000412221 -0.000408156 -0.000403677 -0.000399608 -0.000395131 -0.000390314 -0.000386814 -0.000383538 -0.000379292 -0.000374727 -0.000371013 -0.000367505 -0.000363848 -0.000360773 -0.000357919 -0.000354444 -0.000351403 -0.000348372 -0.000344867 -0.000342104 -0.000339189 -0.000336623 -0.000334048 -0.000331977 -0.000329337 -0.000326597 -0.000324021 -0.00032171 -0.000319169 -0.00031623 -0.000313343 -0.000310653 -0.000307728 -0.000304785 -0.00030163 -0.000298717 -0.000295909 -0.000293214 -0.000290497 -0.000287963 -0.000285913 -0.000283492 -0.000280679 -0.000277993 -0.000274753 -0.000272368 -0.000269262 -0.000266112 -0.000264021 -0.000261782 -0.000258848 -0.00025616 -0.000253379 -0.000249967 -0.000245988 -0.000242176 -0.000239257 -0.000235669 -0.00023187 -0.000228716 -0.000225885 -0.00022233 -0.000218396 -0.000214054 -0.000210183 -0.000206902 -0.000202898 -0.00019842 -0.000194602 -0.000190707 -0.000185768 -0.000181939 -0.000177782 -0.000173769 -0.000170254 -0.000165559 -0.000161633 -0.000158108 -0.000154794 -0.000150757 -0.000147167 -0.000144104 -0.000140966 -0.000137649 -0.000134044 -0.000130596 -0.000126752 -0.00012319 -0.000119752 -0.000116483 -0.000113034 -0.000110007 -0.000106576 -0.000102446 -9.87427e-05 -9.4242e-05 -9.05933e-05 -8.7139e-05 -8.38627e-05 -8.0887e-05 -7.77357e-05 -7.43813e-05 -7.14743e-05 -6.79064e-05 -6.44514e-05 -6.0615e-05 -5.66352e-05 -5.41875e-05 -5.07086e-05 -4.80642e-05 -4.57532e-05 -4.28637e-05 -3.97157e-05 -3.71909e-05 -3.41714e-05 -3.14507e-05 -2.85594e-05 -2.52376e-05 -2.12322e-05 -1.81834e-05 -1.54476e-05 -1.3119e-05 -1.0632e-05 -7.98175e-06 -4.0856e-06 8.37998e-07 
-0.000336885 -0.000964073 -0.00106915 -0.00104783 -0.00105831 -0.00105144 -0.00104062 -0.00102774 -0.0010094 -0.000993775 -0.00098537 -0.00097871 -0.000974168 -0.000968877 -0.000965096 -0.000960176 -0.000952319 -0.000944462 -0.000937679 -0.000929868 -0.000923849 -0.000915412 -0.000906747 -0.00089846 -0.000890945 -0.000880201 -0.000868385 -0.000862636 -0.000854628 -0.00084691 -0.000840958 -0.000834199 -0.000828138 -0.000821477 -0.00081628 -0.000813025 -0.000809534 -0.000805362 -0.000801874 -0.00079978 -0.000797379 -0.000794701 -0.000791988 -0.000789468 -0.000786573 -0.000784346 -0.000782128 -0.000780592 -0.000778779 -0.00077618 -0.000773644 -0.000771384 -0.000768261 -0.000765938 -0.000763237 -0.000760221 -0.000757459 -0.000755042 -0.000752563 -0.000749145 -0.000745827 -0.000742923 -0.000737824 -0.000733183 -0.000729462 -0.000724988 -0.000720396 -0.000715855 -0.000710416 -0.000706197 -0.000699848 -0.000693999 -0.000689062 -0.000682587 -0.000676657 -0.000672654 -0.000667457 -0.000661957 -0.000658217 -0.000653178 -0.000647307 -0.000641985 -0.000637394 -0.000630794 -0.000625071 -0.000619465 -0.000615296 -0.000609988 -0.000601675 -0.000595476 -0.00058894 -0.000583358 -0.000577644 -0.000573199 -0.000568026 -0.000560907 -0.000554441 -0.000548776 -0.000543697 -0.00053709 -0.000530691 -0.000525886 -0.000520512 -0.000513356 -0.000508151 -0.000501626 -0.000494754 -0.000490329 -0.000485338 -0.000479892 -0.000474893 -0.000468236 -0.00046285 -0.000457769 -0.000453458 -0.000448572 -0.000443963 -0.000439557 -0.000436591 -0.000432644 -0.000428551 -0.000424437 -0.000419965 -0.000416344 -0.000411437 -0.000406498 -0.000402211 -0.00039861 -0.000393772 -0.00038984 -0.000386237 -0.000382907 -0.000379079 -0.000374856 -0.00037097 -0.000367023 -0.000363387 -0.000361028 -0.000358134 -0.000354745 -0.000351663 -0.000347704 -0.000344042 -0.000341624 -0.000338788 -0.000336244 -0.000333368 -0.000330984 -0.000328357 -0.000326348 -0.000323913 -0.000321703 -0.000318944 -0.000315254 -0.000312523 -0.00030993 -0.000307041 -0.000304328 -0.000301666 -0.000298769 -0.000295657 -0.000292614 -0.000289945 -0.000287549 -0.000285459 -0.000283088 -0.000280329 -0.000277592 -0.000274483 -0.000272189 -0.000269208 -0.000265756 -0.00026305 -0.00026075 -0.000258812 -0.0002564 -0.000253202 -0.000249075 -0.000245272 -0.000241939 -0.00023866 -0.000236013 -0.00023284 -0.000229698 -0.000225771 -0.000221735 -0.000218152 -0.000214328 -0.000210286 -0.000206742 -0.000202593 -0.000198977 -0.000195422 -0.00019083 -0.000185276 -0.000182045 -0.000177585 -0.000173026 -0.000170212 -0.0001656 -0.000161861 -0.000158206 -0.000154062 -0.000150391 -0.000147035 -0.000143905 -0.000140557 -0.000136752 -0.000134118 -0.000130696 -0.000126261 -0.000122218 -0.000118613 -0.000116167 -0.000112986 -0.000109856 -0.0001063 -0.00010187 -9.80454e-05 -9.35787e-05 -8.97105e-05 -8.6204e-05 -8.33869e-05 -8.05211e-05 -7.8242e-05 -7.49063e-05 -7.18889e-05 -6.78101e-05 -6.40243e-05 -6.08655e-05 -5.74548e-05 -5.4384e-05 -5.10194e-05 -4.85031e-05 -4.59668e-05 -4.2629e-05 -3.96285e-05 -3.71589e-05 -3.42613e-05 -3.15722e-05 -2.83846e-05 -2.50583e-05 -2.19185e-05 -1.88742e-05 -1.56189e-05 -1.31101e-05 -1.09821e-05 -8.30086e-06 -3.58183e-06 9.39494e-07 
-0.000275399 -0.000903981 -0.00104847 -0.0010504 -0.00105626 -0.00105033 -0.00104113 -0.00103142 -0.00101328 -0.000996545 -0.000984349 -0.000977676 -0.000973179 -0.000970028 -0.000966273 -0.000961875 -0.000955215 -0.000947954 -0.000941008 -0.000933632 -0.000926477 -0.000917335 -0.000908082 -0.000899106 -0.000891217 -0.000880958 -0.000869307 -0.000863029 -0.000854998 -0.000848178 -0.000842922 -0.000834736 -0.000827284 -0.000821739 -0.000816519 -0.000811946 -0.00080827 -0.000805053 -0.000802704 -0.000800221 -0.000796987 -0.000793928 -0.000791566 -0.000789179 -0.000786646 -0.000783939 -0.000781744 -0.00077992 -0.00077807 -0.000775735 -0.00077352 -0.000771539 -0.000768861 -0.000765819 -0.000763094 -0.000760214 -0.00075724 -0.000754092 -0.000751764 -0.000748696 -0.000745122 -0.000742433 -0.000737716 -0.000732998 -0.000729466 -0.00072458 -0.000719918 -0.000716214 -0.000711607 -0.000707252 -0.000700465 -0.000693497 -0.0006882 -0.000682442 -0.000677103 -0.000671868 -0.000667647 -0.000662241 -0.000657412 -0.000653102 -0.00064702 -0.000641908 -0.000636903 -0.000630462 -0.000624987 -0.000619231 -0.000614243 -0.000608665 -0.00060226 -0.000596489 -0.000589911 -0.000583019 -0.000577403 -0.000571554 -0.000565998 -0.000560637 -0.000555416 -0.000548938 -0.000542387 -0.000536746 -0.000531114 -0.000525977 -0.000520127 -0.000512732 -0.000506911 -0.000500877 -0.000494532 -0.000489892 -0.000485066 -0.000480247 -0.00047421 -0.000467957 -0.000463423 -0.000458759 -0.000453585 -0.000447967 -0.000443586 -0.000439138 -0.000436153 -0.00043277 -0.000428665 -0.000423513 -0.000418418 -0.000414743 -0.000410221 -0.000406024 -0.000402297 -0.000398194 -0.000393397 -0.000389949 -0.000385814 -0.00038194 -0.000377934 -0.00037417 -0.000370965 -0.000367421 -0.00036363 -0.000360787 -0.000357521 -0.000353936 -0.000351171 -0.000347343 -0.000343865 -0.000341142 -0.000338088 -0.000336102 -0.000333273 -0.000330318 -0.000328054 -0.000326029 -0.000323594 -0.000320606 -0.000317985 -0.000314838 -0.000312633 -0.000309589 -0.000306374 -0.000303849 -0.000301193 -0.000298495 -0.000295659 -0.000292247 -0.000289147 -0.000286669 -0.000284634 -0.000282492 -0.000280111 -0.000277362 -0.000273746 -0.000271157 -0.000268377 -0.000265153 -0.000262759 -0.000260108 -0.000257836 -0.000255524 -0.000252978 -0.000249525 -0.000245951 -0.000242188 -0.000238734 -0.000235771 -0.000232946 -0.000230063 -0.00022527 -0.000221338 -0.000218164 -0.00021417 -0.000210227 -0.000205864 -0.000202153 -0.000198723 -0.000195296 -0.000190258 -0.000185483 -0.000182452 -0.000177669 -0.000172912 -0.000170175 -0.000165823 -0.000162052 -0.000158114 -0.000154213 -0.000150861 -0.000147086 -0.000143258 -0.000139929 -0.000136821 -0.000134161 -0.000130434 -0.000125943 -0.000122421 -0.000119284 -0.000115438 -0.000112169 -0.000108492 -0.000105029 -0.000101144 -9.75435e-05 -9.31422e-05 -8.99224e-05 -8.7135e-05 -8.39365e-05 -8.05907e-05 -7.81949e-05 -7.52238e-05 -7.18218e-05 -6.84905e-05 -6.46101e-05 -6.17071e-05 -5.80913e-05 -5.42252e-05 -5.09861e-05 -4.86537e-05 -4.53482e-05 -4.24422e-05 -4.01884e-05 -3.74721e-05 -3.41516e-05 -3.15754e-05 -2.79507e-05 -2.48336e-05 -2.2212e-05 -1.91488e-05 -1.65189e-05 -1.33654e-05 -1.03065e-05 -7.81391e-06 -4.23044e-06 -2.37109e-07 
-0.000321287 -0.000918713 -0.00104809 -0.00103917 -0.00105394 -0.00105345 -0.00104471 -0.00103148 -0.00101418 -0.00100027 -0.000985287 -0.000977477 -0.000974973 -0.000972561 -0.000968934 -0.000963172 -0.000957435 -0.000949706 -0.000942111 -0.000934969 -0.000929001 -0.00092081 -0.000913285 -0.00090169 -0.000890175 -0.000881764 -0.000871369 -0.0008632 -0.000855181 -0.000849029 -0.000842966 -0.000835759 -0.000827985 -0.000822705 -0.000817381 -0.000811357 -0.000807435 -0.000804929 -0.000802357 -0.000799656 -0.000797009 -0.000794407 -0.000791485 -0.000788707 -0.000786419 -0.000783683 -0.000781603 -0.00077919 -0.000777164 -0.000775299 -0.000773299 -0.000771443 -0.000768371 -0.000765443 -0.000763006 -0.000760657 -0.000757394 -0.000753973 -0.000751542 -0.000748395 -0.000744572 -0.000741858 -0.000737395 -0.000732686 -0.000728404 -0.000723894 -0.000720592 -0.000716387 -0.000711226 -0.000707145 -0.000701053 -0.000694398 -0.000688315 -0.000681966 -0.000677381 -0.000671925 -0.000666819 -0.000661277 -0.00065565 -0.000651584 -0.000647577 -0.000642196 -0.000636016 -0.000629134 -0.00062418 -0.00061931 -0.00061442 -0.000608043 -0.000602133 -0.000596553 -0.000590083 -0.000583795 -0.000578204 -0.000570792 -0.00056474 -0.000559465 -0.000554691 -0.000548901 -0.000542314 -0.000536426 -0.000531511 -0.00052561 -0.000518871 -0.000512306 -0.000506469 -0.000500721 -0.000495508 -0.000489699 -0.000483934 -0.000479325 -0.000473017 -0.000467228 -0.000463109 -0.000458028 -0.000452991 -0.000448199 -0.000444212 -0.000439474 -0.000435241 -0.000431627 -0.000428118 -0.000423427 -0.000418078 -0.000414681 -0.000410169 -0.000405601 -0.000401136 -0.000397513 -0.000393233 -0.000390078 -0.000386155 -0.000382335 -0.000378245 -0.000374012 -0.000370457 -0.000367527 -0.00036417 -0.000361018 -0.000357639 -0.000353855 -0.000350412 -0.000346994 -0.00034426 -0.000341147 -0.000337938 -0.000336137 -0.000333442 -0.000330297 -0.000327695 -0.000325617 -0.00032302 -0.000319908 -0.000317718 -0.000314766 -0.000312273 -0.000309376 -0.000306682 -0.000303983 -0.000300545 -0.000297842 -0.00029508 -0.000291591 -0.000289066 -0.000286409 -0.000283652 -0.000281278 -0.000279327 -0.000277025 -0.000274151 -0.000271085 -0.000267941 -0.000264388 -0.000261903 -0.000259389 -0.000257141 -0.000255213 -0.000252649 -0.000249411 -0.000245853 -0.00024211 -0.000239356 -0.00023589 -0.000232667 -0.000229754 -0.000225421 -0.000222091 -0.000217411 -0.000212658 -0.000209034 -0.000205647 -0.000202412 -0.000198845 -0.000194799 -0.000190432 -0.000185915 -0.000182416 -0.000177985 -0.000173418 -0.000170307 -0.000165609 -0.000161683 -0.000158202 -0.00015494 -0.000151072 -0.000146815 -0.000143284 -0.000140351 -0.000136883 -0.000133342 -0.000129318 -0.000125411 -0.00012274 -0.000118713 -0.00011461 -0.000111305 -0.000108109 -0.000105038 -0.000101495 -9.74729e-05 -9.29678e-05 -8.99506e-05 -8.67021e-05 -8.38831e-05 -8.10191e-05 -7.84171e-05 -7.52716e-05 -7.20762e-05 -6.93719e-05 -6.57472e-05 -6.1958e-05 -5.81583e-05 -5.49179e-05 -5.19463e-05 -4.86491e-05 -4.50703e-05 -4.2129e-05 -4.00421e-05 -3.69778e-05 -3.38088e-05 -3.19129e-05 -2.86966e-05 -2.58809e-05 -2.28827e-05 -1.94094e-05 -1.69754e-05 -1.37335e-05 -1.06586e-05 -7.8658e-06 -4.54432e-06 4.67077e-07 
-0.000323882 -0.000916805 -0.0010175 -0.00101466 -0.00104918 -0.00105988 -0.0010542 -0.00103667 -0.00101443 -0.0010015 -0.000986919 -0.000980803 -0.000979041 -0.000976499 -0.000973843 -0.000967146 -0.000959991 -0.000951818 -0.000943977 -0.000937131 -0.000929631 -0.000922814 -0.000915668 -0.000904988 -0.000891634 -0.000883114 -0.000872336 -0.000862964 -0.000855572 -0.000848801 -0.000842424 -0.000836412 -0.000828232 -0.000821426 -0.000816615 -0.000811557 -0.000808628 -0.000805315 -0.000801857 -0.000799351 -0.00079669 -0.000793978 -0.000790933 -0.000787956 -0.000785206 -0.000782822 -0.000781135 -0.000778578 -0.000776713 -0.00077464 -0.000772404 -0.000770473 -0.000767803 -0.000765274 -0.000762971 -0.000760114 -0.000757166 -0.000754165 -0.000751266 -0.000747599 -0.000744017 -0.000740341 -0.000735988 -0.000732406 -0.000727393 -0.000722981 -0.000719753 -0.000715313 -0.0007113 -0.000706766 -0.000701881 -0.000695893 -0.000688484 -0.000681523 -0.000676686 -0.000670632 -0.000665147 -0.000660619 -0.000655654 -0.000651513 -0.000646081 -0.000640316 -0.000634678 -0.000629013 -0.000623869 -0.000618134 -0.000613712 -0.00060854 -0.000602648 -0.000595658 -0.000587985 -0.000582296 -0.000577146 -0.000570721 -0.000565481 -0.000558421 -0.000552826 -0.000547991 -0.000541703 -0.000535638 -0.000529434 -0.000523529 -0.000518322 -0.00051322 -0.000505537 -0.000499403 -0.000494146 -0.000488663 -0.0004835 -0.00047864 -0.000472832 -0.000468479 -0.000463871 -0.000457804 -0.000453519 -0.000448769 -0.000444325 -0.000439543 -0.000434631 -0.000430812 -0.0004274 -0.000423367 -0.000418538 -0.000414002 -0.00041016 -0.000405979 -0.000401243 -0.000397951 -0.000393627 -0.000389233 -0.000385828 -0.00038196 -0.000377852 -0.000374099 -0.00037007 -0.000366631 -0.00036385 -0.000360825 -0.00035749 -0.000354092 -0.000350224 -0.000346647 -0.000343898 -0.000341 -0.000338497 -0.000335752 -0.000332851 -0.000330383 -0.000327758 -0.000324991 -0.000322203 -0.000319563 -0.000317649 -0.000314654 -0.000311551 -0.000308762 -0.000306683 -0.000303721 -0.000300596 -0.000298008 -0.000294502 -0.000290983 -0.00028832 -0.000285829 -0.000283472 -0.00028134 -0.000279005 -0.000276472 -0.000273689 -0.000270385 -0.000267461 -0.000264149 -0.000261543 -0.000258835 -0.00025644 -0.000253902 -0.000251639 -0.00024904 -0.000245337 -0.00024165 -0.000238921 -0.00023576 -0.000232991 -0.000229269 -0.00022495 -0.000221816 -0.000216744 -0.000211844 -0.000208551 -0.00020503 -0.000200975 -0.000197667 -0.000194457 -0.000190662 -0.000185997 -0.000181692 -0.00017818 -0.000173838 -0.000170067 -0.000165837 -0.000161888 -0.00015878 -0.000154943 -0.000150554 -0.000146642 -0.000143447 -0.000140211 -0.000136187 -0.000132416 -0.000128869 -0.000125577 -0.000122161 -0.000118044 -0.000114311 -0.000111271 -0.000108041 -0.000104228 -0.000100865 -9.77967e-05 -9.43596e-05 -9.11139e-05 -8.70653e-05 -8.41669e-05 -8.16677e-05 -7.81537e-05 -7.49834e-05 -7.20217e-05 -6.93005e-05 -6.56014e-05 -6.17096e-05 -5.84068e-05 -5.57993e-05 -5.24399e-05 -4.85876e-05 -4.54684e-05 -4.25478e-05 -3.98839e-05 -3.66255e-05 -3.37671e-05 -3.18453e-05 -2.87237e-05 -2.58598e-05 -2.31806e-05 -1.99104e-05 -1.70061e-05 -1.37454e-05 -1.08892e-05 -7.98815e-06 -4.00846e-06 1.63062e-06 
-0.000347093 -0.000914963 -0.00101224 -0.00100615 -0.00103609 -0.00105461 -0.00105897 -0.00104105 -0.001017 -0.00100234 -0.00099028 -0.000984729 -0.000983617 -0.00098105 -0.000977102 -0.000969536 -0.000962097 -0.000954271 -0.000946433 -0.00093981 -0.000930893 -0.000922387 -0.000914847 -0.000905382 -0.000893627 -0.000883498 -0.00087255 -0.000864875 -0.000858331 -0.000850001 -0.000841919 -0.000836739 -0.000828891 -0.000821667 -0.000816294 -0.000811331 -0.000808338 -0.00080534 -0.000802276 -0.000799758 -0.000796057 -0.000792606 -0.000789705 -0.000787265 -0.000784678 -0.000782176 -0.00078001 -0.000777318 -0.000775595 -0.000773542 -0.000771488 -0.000769631 -0.000767597 -0.000765568 -0.00076298 -0.000759452 -0.000756673 -0.000753613 -0.000749895 -0.000746909 -0.000743852 -0.000739565 -0.000735146 -0.000731681 -0.000726676 -0.000721723 -0.000717894 -0.000713836 -0.000710716 -0.000705375 -0.00070017 -0.00069448 -0.000687824 -0.00068203 -0.00067662 -0.000670138 -0.000664764 -0.000660985 -0.000656221 -0.000651858 -0.000644886 -0.000639084 -0.000633609 -0.000628631 -0.000622776 -0.000616406 -0.000612026 -0.000607204 -0.00060182 -0.000595551 -0.000588646 -0.000583511 -0.000576889 -0.000569313 -0.000564213 -0.000557984 -0.000551962 -0.000546979 -0.000541636 -0.000535827 -0.000529337 -0.000522819 -0.00051773 -0.000512931 -0.000506208 -0.000500037 -0.000494532 -0.000488732 -0.000483749 -0.000478009 -0.00047222 -0.00046806 -0.000463559 -0.000458824 -0.000454765 -0.000449248 -0.000443262 -0.00043871 -0.000435065 -0.000431138 -0.00042706 -0.00042362 -0.000419163 -0.000413793 -0.000410168 -0.000406837 -0.000402098 -0.000398431 -0.000393937 -0.000389192 -0.000385826 -0.000380945 -0.000376631 -0.000373629 -0.000369745 -0.000366648 -0.0003641 -0.00036065 -0.000356937 -0.000353847 -0.000350226 -0.000347339 -0.000344378 -0.000341587 -0.000338938 -0.000335632 -0.00033251 -0.000329851 -0.00032723 -0.000324522 -0.000321961 -0.0003194 -0.000317281 -0.000314286 -0.000311389 -0.000308776 -0.000306365 -0.000302802 -0.000300265 -0.000297531 -0.000293907 -0.000290962 -0.000288157 -0.000285569 -0.00028349 -0.000281378 -0.000278209 -0.000275788 -0.000273407 -0.000270386 -0.000267477 -0.000264178 -0.000260633 -0.000258045 -0.000256028 -0.000253928 -0.000251329 -0.000248892 -0.000245233 -0.000241183 -0.000238212 -0.000235241 -0.000232677 -0.000228912 -0.00022461 -0.000221084 -0.000216365 -0.000212494 -0.000208192 -0.000203698 -0.00020047 -0.000197396 -0.000193901 -0.000190331 -0.000186267 -0.00018207 -0.000178426 -0.000173747 -0.000169417 -0.000165893 -0.000162466 -0.000158831 -0.000154406 -0.000150615 -0.000147505 -0.000143428 -0.000139307 -0.000136201 -0.000132246 -0.000129146 -0.000125474 -0.000120923 -0.000117307 -0.000114307 -0.000110924 -0.000107394 -0.000104074 -0.000100922 -9.8055e-05 -9.4813e-05 -9.1482e-05 -8.82954e-05 -8.47294e-05 -8.1512e-05 -7.8383e-05 -7.52707e-05 -7.22228e-05 -6.87995e-05 -6.49848e-05 -6.15409e-05 -5.87284e-05 -5.58018e-05 -5.23958e-05 -4.87793e-05 -4.60175e-05 -4.25345e-05 -3.92425e-05 -3.67694e-05 -3.4001e-05 -3.17387e-05 -2.8642e-05 -2.58934e-05 -2.33829e-05 -2.04027e-05 -1.67748e-05 -1.33883e-05 -1.06651e-05 -7.53401e-06 -4.51024e-06 8.48705e-08 
-0.000344911 -0.000885683 -0.00100222 -0.00100303 -0.00103075 -0.00104422 -0.00105191 -0.00104195 -0.00101887 -0.00100388 -0.000993101 -0.000988315 -0.000987505 -0.000983785 -0.000979505 -0.000972819 -0.000964122 -0.000954481 -0.000945181 -0.000938235 -0.000931698 -0.000924567 -0.000915414 -0.000907093 -0.000896596 -0.000884139 -0.000872863 -0.000864464 -0.000857565 -0.000850548 -0.000842883 -0.000836347 -0.000828838 -0.000822884 -0.000817028 -0.000811076 -0.000807785 -0.000804717 -0.000802063 -0.000799376 -0.000795845 -0.000792462 -0.000789414 -0.000786672 -0.000784137 -0.000781785 -0.000779259 -0.000776531 -0.000774577 -0.000772698 -0.000771058 -0.000768932 -0.000766779 -0.000764805 -0.00076229 -0.000759462 -0.00075688 -0.00075324 -0.000749378 -0.000746103 -0.000742869 -0.000739155 -0.000734379 -0.000730345 -0.000725745 -0.000721263 -0.000716609 -0.0007123 -0.000708634 -0.000704136 -0.000699162 -0.000693128 -0.000687041 -0.000680791 -0.000674918 -0.000670131 -0.000665093 -0.000659849 -0.000654717 -0.000650242 -0.000644872 -0.000639966 -0.000633206 -0.000626295 -0.000621143 -0.000616403 -0.000611642 -0.000606297 -0.000600175 -0.000594831 -0.000588972 -0.000583057 -0.000575954 -0.000568443 -0.000563011 -0.000557359 -0.000551929 -0.000545241 -0.000539948 -0.00053504 -0.000528739 -0.000523744 -0.000517577 -0.00051113 -0.000505717 -0.0005001 -0.000493743 -0.000488172 -0.000483313 -0.000477301 -0.000472781 -0.000467739 -0.000462473 -0.000458685 -0.000454391 -0.000448724 -0.000443393 -0.000439125 -0.000434912 -0.000431283 -0.000426333 -0.000422724 -0.000419341 -0.000415273 -0.000411201 -0.000407436 -0.000402916 -0.000397664 -0.000393235 -0.00038862 -0.000385316 -0.000380459 -0.000376133 -0.000373365 -0.000369931 -0.000366496 -0.000363421 -0.000360515 -0.000357241 -0.000353572 -0.000350182 -0.000347336 -0.000344257 -0.00034153 -0.000339145 -0.000335738 -0.00033303 -0.00032977 -0.000326549 -0.000324168 -0.000321583 -0.000318537 -0.000316126 -0.000313824 -0.000311421 -0.000309206 -0.000306244 -0.000302736 -0.000300053 -0.00029683 -0.000293126 -0.000290745 -0.000287716 -0.000284932 -0.000282571 -0.000280748 -0.000278089 -0.000275835 -0.000273342 -0.000270225 -0.000267161 -0.000263924 -0.000260742 -0.000258143 -0.000255882 -0.000253754 -0.000250758 -0.000247897 -0.000244671 -0.000241482 -0.000238438 -0.000234631 -0.000231552 -0.000228738 -0.000225464 -0.000220912 -0.00021608 -0.000212682 -0.000207715 -0.00020306 -0.000200492 -0.000196963 -0.000192514 -0.000189092 -0.000186189 -0.000181862 -0.000177475 -0.000173381 -0.000169592 -0.000165675 -0.000161723 -0.000158128 -0.000154318 -0.00015099 -0.0001474 -0.000143333 -0.000139228 -0.000136291 -0.000132054 -0.00012785 -0.00012436 -0.000120527 -0.000117261 -0.000114172 -0.00011044 -0.00010688 -0.000104679 -0.000101932 -9.90653e-05 -9.50119e-05 -9.15448e-05 -8.91628e-05 -8.48258e-05 -8.08323e-05 -7.79887e-05 -7.46767e-05 -7.11414e-05 -6.81882e-05 -6.4636e-05 -6.17651e-05 -5.87647e-05 -5.51932e-05 -5.21841e-05 -4.91091e-05 -4.5945e-05 -4.22775e-05 -3.91017e-05 -3.67668e-05 -3.37505e-05 -3.0927e-05 -2.85424e-05 -2.59358e-05 -2.28336e-05 -1.96586e-05 -1.63367e-05 -1.35111e-05 -1.04495e-05 -6.56733e-06 -4.01203e-06 -8.17286e-08 
-0.00030052 -0.000844743 -0.00100332 -0.00101688 -0.00103485 -0.00104952 -0.00105182 -0.00103811 -0.00101866 -0.00100136 -0.000993815 -0.000991349 -0.000990372 -0.000987641 -0.000980859 -0.000973655 -0.000965132 -0.000953849 -0.000944718 -0.000937701 -0.000930777 -0.000924051 -0.00091401 -0.000905047 -0.000896008 -0.000885064 -0.000875753 -0.000865153 -0.000857391 -0.000850925 -0.000843801 -0.000836453 -0.000828799 -0.000822384 -0.000816192 -0.000811769 -0.000808274 -0.000804536 -0.000801225 -0.000798462 -0.000795137 -0.000792242 -0.000788977 -0.000785743 -0.000783393 -0.00078144 -0.000778773 -0.000776384 -0.000773725 -0.000771705 -0.000769947 -0.000768317 -0.000766632 -0.000764291 -0.000761183 -0.000758846 -0.000755955 -0.000752251 -0.000749173 -0.000745503 -0.00074163 -0.000738272 -0.000733677 -0.00072914 -0.000724297 -0.000720428 -0.00071579 -0.000711401 -0.000706848 -0.000702309 -0.000697745 -0.000691912 -0.000686735 -0.000680798 -0.000674301 -0.000669805 -0.000665249 -0.000658692 -0.000653664 -0.000649313 -0.000644119 -0.000639001 -0.000632591 -0.000625572 -0.000620429 -0.000616271 -0.000611515 -0.000605331 -0.000599059 -0.000595298 -0.000588179 -0.000581251 -0.00057561 -0.000569738 -0.000562538 -0.000555357 -0.000550428 -0.000544912 -0.000540033 -0.000533849 -0.000527602 -0.000523299 -0.00051714 -0.000510941 -0.000506307 -0.000499792 -0.000493138 -0.000488642 -0.000482861 -0.000476428 -0.000472425 -0.000467196 -0.000462411 -0.00045885 -0.000453838 -0.000448372 -0.000444245 -0.000439202 -0.000433957 -0.000430597 -0.000426689 -0.000422937 -0.000419909 -0.00041644 -0.000411177 -0.000406514 -0.000402398 -0.000397246 -0.00039342 -0.000388714 -0.000384775 -0.000380286 -0.000375537 -0.000372124 -0.000369178 -0.000366243 -0.000362905 -0.000360223 -0.000356967 -0.000353372 -0.000350469 -0.000347468 -0.000344404 -0.000341822 -0.000338676 -0.000335267 -0.00033308 -0.00032993 -0.000326274 -0.000324322 -0.000321375 -0.000318414 -0.000316497 -0.000313615 -0.000310634 -0.0003079 -0.000305173 -0.000302141 -0.000299416 -0.000295694 -0.000292497 -0.00029023 -0.00028765 -0.000285288 -0.00028262 -0.000281008 -0.000278278 -0.000275252 -0.000272801 -0.000269927 -0.000267029 -0.000264378 -0.000261481 -0.000258376 -0.000255494 -0.00025328 -0.000251026 -0.000247683 -0.000244182 -0.000241377 -0.000237746 -0.000234377 -0.000231304 -0.000228413 -0.000225185 -0.00022096 -0.000216444 -0.000212414 -0.000207087 -0.000203068 -0.000199925 -0.000196098 -0.000192301 -0.000188969 -0.000185792 -0.00018128 -0.000176353 -0.000172946 -0.000169111 -0.000164526 -0.000161035 -0.000158147 -0.000154768 -0.000150718 -0.000146354 -0.000142938 -0.000139521 -0.000136596 -0.000132675 -0.000128053 -0.000124231 -0.000121027 -0.000117458 -0.000113735 -0.000110498 -0.000107404 -0.000105084 -0.000102007 -9.87894e-05 -9.53297e-05 -9.20649e-05 -8.90653e-05 -8.48235e-05 -8.06601e-05 -7.78256e-05 -7.40858e-05 -7.06965e-05 -6.76037e-05 -6.40207e-05 -6.07717e-05 -5.78679e-05 -5.49237e-05 -5.24447e-05 -4.86995e-05 -4.53119e-05 -4.2237e-05 -3.91801e-05 -3.65802e-05 -3.38437e-05 -3.07952e-05 -2.80309e-05 -2.57757e-05 -2.26889e-05 -1.92594e-05 -1.58159e-05 -1.33285e-05 -1.01576e-05 -7.06207e-06 -4.15628e-06 5.23963e-07 
-0.000358063 -0.000899993 -0.000997477 -0.000998497 -0.00103309 -0.00104506 -0.00104206 -0.00102792 -0.00100967 -0.000998695 -0.000995106 -0.000992987 -0.000991383 -0.000986832 -0.000978099 -0.00096991 -0.000961477 -0.000953342 -0.00094618 -0.000937251 -0.000928235 -0.00092271 -0.000915185 -0.000906708 -0.00089698 -0.000885154 -0.000876394 -0.000866949 -0.00085837 -0.000850416 -0.000843598 -0.000836472 -0.000829575 -0.000822895 -0.000816017 -0.000811302 -0.00080783 -0.000804974 -0.000802001 -0.000798399 -0.00079505 -0.000791589 -0.000788394 -0.00078579 -0.00078343 -0.000780735 -0.000778007 -0.000776172 -0.000773429 -0.000771219 -0.000769277 -0.000767709 -0.000766225 -0.000763506 -0.00076101 -0.000758229 -0.000754611 -0.00075108 -0.000748238 -0.000744426 -0.000740896 -0.000737687 -0.000733341 -0.00072891 -0.000724249 -0.000719156 -0.000714191 -0.000710862 -0.00070625 -0.000701445 -0.000696836 -0.000690689 -0.000685835 -0.000680516 -0.00067364 -0.000668054 -0.000663456 -0.000657743 -0.000653348 -0.00064793 -0.000641853 -0.000636654 -0.000631729 -0.000625515 -0.000619273 -0.000614895 -0.000609865 -0.000604457 -0.000599273 -0.000594989 -0.000588168 -0.000581669 -0.000575814 -0.000569862 -0.000562385 -0.000554783 -0.000550135 -0.000544395 -0.000539354 -0.000533867 -0.00052724 -0.000522548 -0.000517308 -0.000511179 -0.000505764 -0.000498976 -0.00049289 -0.00048801 -0.000481834 -0.000476148 -0.000471948 -0.000467218 -0.0004623 -0.00045822 -0.000452992 -0.000448083 -0.000443878 -0.000438569 -0.000434106 -0.000430794 -0.000427114 -0.00042278 -0.000419542 -0.000415787 -0.000410821 -0.000405999 -0.000402073 -0.000397127 -0.000393496 -0.000387785 -0.000382795 -0.000379157 -0.000375545 -0.000371667 -0.000368695 -0.000366275 -0.000363373 -0.00035998 -0.000356416 -0.000352865 -0.000350211 -0.000347129 -0.000344688 -0.000341895 -0.000338339 -0.000334948 -0.000332792 -0.000329588 -0.000326374 -0.000324472 -0.000320887 -0.000318019 -0.000316011 -0.000313257 -0.000310324 -0.000307874 -0.000305229 -0.000302002 -0.000298835 -0.000295187 -0.000292578 -0.000289905 -0.000287311 -0.000285168 -0.000282572 -0.000280755 -0.000277719 -0.000274859 -0.00027271 -0.00027026 -0.000266857 -0.00026397 -0.000261312 -0.000258426 -0.000256049 -0.000253634 -0.00025096 -0.000247623 -0.00024388 -0.000240272 -0.000236572 -0.000234132 -0.000231324 -0.000227758 -0.000224387 -0.000220881 -0.000217114 -0.000212331 -0.000207469 -0.000203028 -0.00019953 -0.000195687 -0.000192842 -0.000188507 -0.000184027 -0.000180495 -0.000176593 -0.000172615 -0.000168387 -0.000164122 -0.000161128 -0.000157663 -0.000153605 -0.000149961 -0.000146105 -0.000143001 -0.000139485 -0.000136465 -0.000132906 -0.000128606 -0.000124179 -0.00012088 -0.000117462 -0.000113766 -0.000111337 -0.000108394 -0.000105175 -0.000101551 -9.80898e-05 -9.55132e-05 -9.17672e-05 -8.80829e-05 -8.45148e-05 -8.10281e-05 -7.75973e-05 -7.38105e-05 -7.09511e-05 -6.76305e-05 -6.35697e-05 -6.08985e-05 -5.75783e-05 -5.41896e-05 -5.17011e-05 -4.85024e-05 -4.50828e-05 -4.22305e-05 -3.90245e-05 -3.59957e-05 -3.35211e-05 -3.08127e-05 -2.78147e-05 -2.49679e-05 -2.23708e-05 -1.90955e-05 -1.55394e-05 -1.2347e-05 -9.3915e-06 -7.08099e-06 -4.17976e-06 1.36158e-06 
-0.000330621 -0.000919212 -0.00102019 -0.00100384 -0.00103232 -0.00104547 -0.0010419 -0.00102174 -0.00100482 -0.00099628 -0.000991934 -0.000991098 -0.000988576 -0.000983597 -0.000976182 -0.00096899 -0.000960525 -0.000951575 -0.00094475 -0.000936753 -0.000928976 -0.000922197 -0.000914864 -0.000906283 -0.000896003 -0.000885244 -0.000875569 -0.000866642 -0.000858453 -0.000850332 -0.000844049 -0.000836671 -0.000829068 -0.00082309 -0.000817489 -0.000812251 -0.000807688 -0.000804528 -0.000801294 -0.000797778 -0.000794616 -0.000791308 -0.000788614 -0.000786265 -0.00078354 -0.000780203 -0.000777521 -0.000775403 -0.000772689 -0.000770942 -0.00076888 -0.000767185 -0.000765417 -0.000762922 -0.000760729 -0.000757484 -0.000753512 -0.000750586 -0.000747363 -0.000743777 -0.000740868 -0.000736936 -0.000732157 -0.000728048 -0.000723881 -0.000718896 -0.000713888 -0.000710551 -0.000704835 -0.000700153 -0.000696009 -0.000689894 -0.000684689 -0.000679897 -0.000673477 -0.000667294 -0.00066171 -0.000656077 -0.000651732 -0.000646181 -0.000641393 -0.000636242 -0.000631406 -0.000625197 -0.000618626 -0.00061325 -0.00060831 -0.000604332 -0.000599772 -0.000594291 -0.000588322 -0.000583153 -0.000576265 -0.00056869 -0.000562249 -0.000555461 -0.000550759 -0.000543901 -0.0005382 -0.000533215 -0.00052763 -0.000521917 -0.000517014 -0.000510749 -0.000504805 -0.000498909 -0.000493024 -0.000487775 -0.000481436 -0.000476876 -0.000472317 -0.000466911 -0.000461966 -0.000457179 -0.000453033 -0.000448356 -0.000443475 -0.000438358 -0.000433753 -0.000429702 -0.000426577 -0.000422774 -0.000418829 -0.000414626 -0.000410479 -0.000406339 -0.000401602 -0.000396111 -0.000392753 -0.000387366 -0.000382498 -0.000379037 -0.000375467 -0.000371973 -0.00036856 -0.000366166 -0.000363017 -0.000359128 -0.000355965 -0.00035301 -0.000349977 -0.000346991 -0.000343951 -0.000341113 -0.00033828 -0.000335658 -0.000332832 -0.000329505 -0.000326405 -0.000324304 -0.00032081 -0.000317874 -0.000315767 -0.000312948 -0.000310763 -0.000308252 -0.000304602 -0.000300879 -0.000297966 -0.000295017 -0.00029255 -0.000289556 -0.000287034 -0.000285001 -0.000282793 -0.000280618 -0.000277435 -0.000274565 -0.000272146 -0.000269461 -0.0002666 -0.000264189 -0.000261553 -0.000258544 -0.000256513 -0.00025332 -0.000250082 -0.000247404 -0.000243738 -0.000239837 -0.000236127 -0.000233245 -0.000230647 -0.000227383 -0.000224172 -0.000220476 -0.000216784 -0.00021224 -0.000208419 -0.00020418 -0.000199984 -0.000195915 -0.000192824 -0.000188045 -0.000183344 -0.000180355 -0.000176026 -0.000171373 -0.000167827 -0.00016396 -0.000160833 -0.000156799 -0.000153124 -0.000149884 -0.00014633 -0.000143213 -0.000139226 -0.000135931 -0.000132557 -0.000129198 -0.00012502 -0.000121719 -0.000117691 -0.000114217 -0.000111419 -0.000107766 -0.000104608 -0.000101578 -9.8463e-05 -9.50927e-05 -9.14147e-05 -8.72459e-05 -8.3693e-05 -8.0587e-05 -7.68446e-05 -7.37255e-05 -7.10002e-05 -6.72431e-05 -6.33217e-05 -6.07685e-05 -5.73168e-05 -5.38461e-05 -5.10892e-05 -4.78568e-05 -4.46553e-05 -4.15028e-05 -3.8607e-05 -3.57306e-05 -3.32062e-05 -3.04336e-05 -2.76144e-05 -2.4208e-05 -2.13948e-05 -1.87804e-05 -1.55213e-05 -1.20876e-05 -9.07022e-06 -7.04221e-06 -4.05317e-06 1.17507e-06 
-0.000306256 -0.000898387 -0.00102201 -0.00101254 -0.00104965 -0.0010547 -0.00104055 -0.00102255 -0.0010009 -0.000990475 -0.000987699 -0.000986749 -0.000983952 -0.000979682 -0.000973814 -0.000966901 -0.000958205 -0.000948527 -0.000942261 -0.000935853 -0.000928717 -0.000921539 -0.000914241 -0.000904857 -0.000895655 -0.000887254 -0.000877322 -0.000866742 -0.000858568 -0.000850051 -0.000844492 -0.000837126 -0.000829544 -0.000823602 -0.000818209 -0.000812689 -0.000807218 -0.000803797 -0.000800533 -0.000797337 -0.000794642 -0.000791439 -0.000788254 -0.000785525 -0.000782933 -0.000780373 -0.000778062 -0.000775145 -0.000772209 -0.000770652 -0.00076886 -0.000766769 -0.000764304 -0.000762113 -0.0007595 -0.000755717 -0.000752217 -0.000749774 -0.000745965 -0.000742638 -0.000739899 -0.000736069 -0.000732371 -0.000727727 -0.000723375 -0.000718897 -0.000713933 -0.000710056 -0.000704285 -0.00069921 -0.000695456 -0.000689568 -0.000683712 -0.000678546 -0.000672646 -0.000667353 -0.000661514 -0.000655001 -0.000650632 -0.000645556 -0.000640511 -0.000634172 -0.000629025 -0.000623632 -0.000618703 -0.000613028 -0.000607479 -0.000603421 -0.000599134 -0.000592897 -0.000587601 -0.000582681 -0.000576185 -0.000569406 -0.000563957 -0.000556439 -0.000550126 -0.000543957 -0.000537524 -0.000532897 -0.000527905 -0.000522218 -0.00051688 -0.000511051 -0.000505409 -0.000499081 -0.000492292 -0.000486874 -0.000482009 -0.000477532 -0.00047197 -0.000466382 -0.000462026 -0.000457543 -0.000453488 -0.000448119 -0.000443212 -0.000438797 -0.000433896 -0.000429017 -0.000426283 -0.000422886 -0.000418458 -0.000413904 -0.000409469 -0.000405615 -0.000400515 -0.00039547 -0.000391478 -0.00038713 -0.000383258 -0.000379393 -0.000374907 -0.000371866 -0.000368668 -0.000365969 -0.000362428 -0.000359047 -0.000355918 -0.000352957 -0.00034968 -0.000347091 -0.000343742 -0.000340448 -0.000337958 -0.000334989 -0.000332053 -0.000329395 -0.000326774 -0.000323938 -0.000320988 -0.000318471 -0.000315609 -0.000312494 -0.000310305 -0.000307687 -0.000303778 -0.000300631 -0.000297741 -0.000294832 -0.00029223 -0.00028976 -0.000287897 -0.000285814 -0.000282908 -0.000280102 -0.000277527 -0.000274935 -0.00027197 -0.000268388 -0.000265976 -0.000263997 -0.000261243 -0.000258506 -0.000256568 -0.000253285 -0.000249853 -0.000247212 -0.000243243 -0.000238975 -0.000235914 -0.000233172 -0.00022948 -0.000226235 -0.000224044 -0.00022067 -0.000216314 -0.000211802 -0.000208463 -0.000204295 -0.000200578 -0.000196482 -0.000192939 -0.000188421 -0.00018366 -0.000180173 -0.000175656 -0.000171144 -0.000168229 -0.000164127 -0.000160242 -0.000156571 -0.000153601 -0.000149646 -0.00014513 -0.00014221 -0.000139204 -0.00013622 -0.000132539 -0.00012953 -0.000125775 -0.000122154 -0.000118667 -0.000115219 -0.000111621 -0.000107086 -0.00010402 -0.000101728 -9.79906e-05 -9.39261e-05 -9.05265e-05 -8.71063e-05 -8.28336e-05 -7.93565e-05 -7.62965e-05 -7.33921e-05 -7.0489e-05 -6.70464e-05 -6.35121e-05 -6.04455e-05 -5.71048e-05 -5.4025e-05 -5.0641e-05 -4.70632e-05 -4.43312e-05 -4.12097e-05 -3.85272e-05 -3.57344e-05 -3.23719e-05 -2.92793e-05 -2.7224e-05 -2.39075e-05 -2.10871e-05 -1.82643e-05 -1.54814e-05 -1.21719e-05 -9.12174e-06 -6.63279e-06 -3.73874e-06 1.39849e-07 
-0.000306256 -0.000911808 -0.00106061 -0.0010455 -0.00106228 -0.00105567 -0.00103531 -0.00101841 -0.000998721 -0.000990444 -0.000984761 -0.000983051 -0.000980356 -0.000977005 -0.000971062 -0.00096294 -0.000956527 -0.000949463 -0.000942345 -0.000936855 -0.000928958 -0.000919826 -0.000913579 -0.000903029 -0.000894164 -0.000887129 -0.000876254 -0.000866183 -0.000858542 -0.000850986 -0.000844164 -0.000837909 -0.000831903 -0.000824937 -0.000817965 -0.000813249 -0.000808436 -0.000804302 -0.000801049 -0.000797359 -0.000794103 -0.000791419 -0.000788526 -0.000785302 -0.00078246 -0.000779988 -0.000777538 -0.000774608 -0.000771739 -0.000770184 -0.00076804 -0.000765998 -0.000763882 -0.000760924 -0.000757703 -0.000754462 -0.000751532 -0.000748995 -0.000745352 -0.000742367 -0.000738601 -0.000735178 -0.000731994 -0.000726493 -0.000722251 -0.000718351 -0.000713886 -0.000709548 -0.00070468 -0.000698835 -0.000694006 -0.000689065 -0.000683702 -0.000677402 -0.000671046 -0.000666426 -0.000659707 -0.00065288 -0.000648447 -0.00064326 -0.000638434 -0.000633818 -0.000629163 -0.000623839 -0.000618325 -0.000612392 -0.000606844 -0.000601292 -0.000597082 -0.00059247 -0.000587903 -0.000582304 -0.000576273 -0.000570254 -0.000564081 -0.000556136 -0.000549142 -0.000543988 -0.000538678 -0.000533146 -0.000528606 -0.000523207 -0.000516001 -0.000510311 -0.000505025 -0.000498232 -0.000492187 -0.000487438 -0.000482092 -0.00047704 -0.000471805 -0.000466811 -0.000462251 -0.000458069 -0.0004535 -0.000448116 -0.000443844 -0.000438777 -0.000433556 -0.000428553 -0.000425588 -0.000421302 -0.000417429 -0.000413506 -0.000408392 -0.000403994 -0.000399583 -0.000395663 -0.000390681 -0.00038635 -0.000383351 -0.000379187 -0.000375249 -0.000372828 -0.000369659 -0.000365758 -0.000362255 -0.000359668 -0.000356517 -0.000352627 -0.000349181 -0.000346743 -0.000343246 -0.000340594 -0.000337448 -0.000333874 -0.00033126 -0.000329286 -0.000326264 -0.000323263 -0.000320734 -0.000318169 -0.000315378 -0.000312706 -0.000310555 -0.000307437 -0.000303985 -0.000300732 -0.000297822 -0.000294675 -0.000291859 -0.000289795 -0.00028805 -0.000285673 -0.000283076 -0.000280162 -0.000277335 -0.000274551 -0.000271432 -0.000268278 -0.000266171 -0.000263475 -0.000260483 -0.000257948 -0.000255974 -0.000253311 -0.000250092 -0.000246862 -0.000242403 -0.00023833 -0.000235439 -0.000232018 -0.00022878 -0.00022578 -0.000223491 -0.000220276 -0.000216459 -0.00021198 -0.000208537 -0.000204154 -0.000200741 -0.000196935 -0.000193236 -0.000188769 -0.000184053 -0.000179089 -0.000175048 -0.0001711 -0.000168276 -0.000164694 -0.000161202 -0.000157527 -0.000154076 -0.000149747 -0.000145087 -0.000142431 -0.000139337 -0.000135853 -0.000132267 -0.00012967 -0.000125521 -0.000121689 -0.000118041 -0.000114453 -0.00011076 -0.000106672 -0.000103748 -0.000100792 -9.7029e-05 -9.33271e-05 -9.02968e-05 -8.67632e-05 -8.26565e-05 -7.92751e-05 -7.62322e-05 -7.33027e-05 -7.01394e-05 -6.74852e-05 -6.38314e-05 -6.02326e-05 -5.63931e-05 -5.35395e-05 -5.05247e-05 -4.73398e-05 -4.4183e-05 -4.08782e-05 -3.75211e-05 -3.49609e-05 -3.22529e-05 -2.9233e-05 -2.69399e-05 -2.41719e-05 -2.11782e-05 -1.7866e-05 -1.49791e-05 -1.22659e-05 -9.79344e-06 -6.47652e-06 -2.42689e-06 9.35759e-07 
-0.000306256 -0.000929628 -0.00108297 -0.00105664 -0.00107286 -0.00106439 -0.00103953 -0.00101491 -0.000996616 -0.0009873 -0.00098178 -0.000979109 -0.000976657 -0.000974435 -0.000968678 -0.00096144 -0.000956155 -0.000948183 -0.000940719 -0.000934091 -0.000926482 -0.000918179 -0.000911063 -0.000901021 -0.000891755 -0.000884863 -0.000874848 -0.000866313 -0.000860077 -0.000852216 -0.000844011 -0.000837673 -0.0008322 -0.00082542 -0.000819381 -0.000814128 -0.000808568 -0.00080363 -0.000799865 -0.00079689 -0.000794134 -0.000791358 -0.000788829 -0.000785239 -0.000782462 -0.000779072 -0.000776464 -0.00077398 -0.000771813 -0.000769476 -0.000767223 -0.000765243 -0.000763043 -0.000759587 -0.000756083 -0.000753284 -0.000750776 -0.000747569 -0.000744128 -0.000741725 -0.000738113 -0.000734569 -0.000731546 -0.000726812 -0.000723002 -0.00071897 -0.000714014 -0.000708771 -0.000704164 -0.000698265 -0.000692553 -0.000687331 -0.000682849 -0.000677231 -0.000670168 -0.000664739 -0.00065926 -0.000654054 -0.000648294 -0.000643063 -0.000637702 -0.000633302 -0.000629662 -0.000623663 -0.000616927 -0.000610909 -0.000605896 -0.000600071 -0.000595264 -0.000591416 -0.000587323 -0.000582415 -0.000576694 -0.00057004 -0.000563256 -0.000556624 -0.000549897 -0.000544683 -0.000539424 -0.000532667 -0.000527248 -0.000522792 -0.000516671 -0.000511671 -0.000504915 -0.00049755 -0.000492731 -0.00048714 -0.000481254 -0.000476694 -0.000472813 -0.000467884 -0.000463524 -0.000457773 -0.000452844 -0.000448367 -0.000443432 -0.000437799 -0.000433617 -0.000429553 -0.000425526 -0.00042012 -0.000415661 -0.000412478 -0.000407521 -0.000402712 -0.000398583 -0.000395284 -0.00039047 -0.000386841 -0.000383613 -0.000379271 -0.000375505 -0.000372765 -0.000369518 -0.000365916 -0.000362277 -0.000359431 -0.000355692 -0.000352231 -0.000349294 -0.0003459 -0.000342208 -0.000339743 -0.00033665 -0.000333583 -0.00033138 -0.000328985 -0.000325782 -0.000322853 -0.00032036 -0.000317316 -0.00031479 -0.000312591 -0.000310189 -0.000306889 -0.000303562 -0.000300681 -0.000296865 -0.000294157 -0.000292454 -0.000290422 -0.000287723 -0.000285197 -0.000283114 -0.000280465 -0.000277324 -0.000274128 -0.000270805 -0.000267832 -0.000265769 -0.000262766 -0.000260136 -0.000257998 -0.000255785 -0.000253068 -0.000249707 -0.000246033 -0.000242405 -0.000239099 -0.00023548 -0.000231527 -0.000228763 -0.000225828 -0.000222607 -0.000219099 -0.000216097 -0.000211767 -0.000208207 -0.000204708 -0.000201505 -0.000197783 -0.000193684 -0.000188389 -0.000183938 -0.000178902 -0.000175588 -0.000171725 -0.000168166 -0.000165138 -0.000162246 -0.000158131 -0.000153579 -0.000149578 -0.000145163 -0.000142191 -0.000138627 -0.000135779 -0.000132252 -0.000129197 -0.000125595 -0.000122452 -0.00011885 -0.000114776 -0.000110955 -0.000107382 -0.00010361 -9.95775e-05 -9.639e-05 -9.36186e-05 -8.97844e-05 -8.57472e-05 -8.20833e-05 -7.92008e-05 -7.58951e-05 -7.28729e-05 -7.02441e-05 -6.72289e-05 -6.32627e-05 -5.99711e-05 -5.65543e-05 -5.35204e-05 -5.07698e-05 -4.73133e-05 -4.35615e-05 -4.05088e-05 -3.72292e-05 -3.4366e-05 -3.15973e-05 -2.82357e-05 -2.56991e-05 -2.29961e-05 -2.06665e-05 -1.82038e-05 -1.50918e-05 -1.21366e-05 -9.57427e-06 -6.39228e-06 -3.63972e-06 -8.60554e-07 
-0.000302349 -0.000923702 -0.00107976 -0.00105301 -0.00107723 -0.0010742 -0.00104559 -0.00101689 -0.00099335 -0.000984427 -0.000978474 -0.000975774 -0.000973879 -0.00097127 -0.000965925 -0.000960593 -0.000954521 -0.000946568 -0.00094006 -0.000932734 -0.000925581 -0.000917062 -0.000909676 -0.000899933 -0.000889812 -0.000880529 -0.000873198 -0.000866072 -0.000858523 -0.000851509 -0.00084539 -0.000839055 -0.000832625 -0.000826154 -0.000819637 -0.000813593 -0.000808497 -0.000803746 -0.0007997 -0.00079689 -0.000794049 -0.000790985 -0.000788155 -0.000784707 -0.0007821 -0.000778816 -0.000775591 -0.000773469 -0.000771342 -0.000768728 -0.000766662 -0.000764519 -0.000761641 -0.000758181 -0.000755233 -0.000752623 -0.000749607 -0.000746383 -0.00074364 -0.000741211 -0.00073782 -0.000734211 -0.000730014 -0.000726197 -0.000722926 -0.000718715 -0.000713543 -0.000708833 -0.000703978 -0.00069768 -0.000692681 -0.000687041 -0.000681432 -0.000676272 -0.000669165 -0.000663271 -0.000657949 -0.000653093 -0.000647324 -0.000642252 -0.000637789 -0.00063342 -0.000628651 -0.000623052 -0.000617449 -0.000611129 -0.000605081 -0.000599265 -0.000594119 -0.00058911 -0.000585169 -0.000580916 -0.000575704 -0.000570444 -0.000563116 -0.000556686 -0.000549786 -0.0005437 -0.000538471 -0.000533288 -0.000527871 -0.000523315 -0.000517523 -0.000511543 -0.000504581 -0.000497291 -0.000492575 -0.000485851 -0.000480809 -0.00047677 -0.000472024 -0.000466937 -0.000462912 -0.000458159 -0.000453916 -0.000449436 -0.000444279 -0.000438077 -0.000433104 -0.000428553 -0.000424649 -0.000420376 -0.000415792 -0.00041171 -0.000407222 -0.00040234 -0.000397817 -0.000394573 -0.000390263 -0.000386504 -0.000383146 -0.00037989 -0.000376538 -0.000372598 -0.000369215 -0.000365996 -0.000362578 -0.000359205 -0.000354949 -0.000351998 -0.000348974 -0.000345049 -0.000341272 -0.000338858 -0.000335676 -0.000333567 -0.000330741 -0.000327818 -0.000325304 -0.000323256 -0.000320216 -0.00031663 -0.000314761 -0.000312147 -0.000309028 -0.000306384 -0.00030329 -0.00030004 -0.00029657 -0.000294143 -0.000292448 -0.000290296 -0.000287485 -0.00028482 -0.000282838 -0.000280502 -0.000277621 -0.000274476 -0.000271466 -0.000267827 -0.000265109 -0.000262321 -0.000260384 -0.000258182 -0.000255102 -0.000252099 -0.000249466 -0.000245666 -0.000242571 -0.000239086 -0.000235338 -0.000231939 -0.000229002 -0.000226053 -0.000222127 -0.000218547 -0.000215769 -0.000211234 -0.000207216 -0.000204268 -0.000200727 -0.000196904 -0.000193046 -0.000188406 -0.000184932 -0.000179994 -0.000175706 -0.000172457 -0.000168455 -0.000164821 -0.000162058 -0.000158119 -0.000153367 -0.000150031 -0.000145762 -0.000141548 -0.000138257 -0.000135597 -0.000131927 -0.000128669 -0.00012537 -0.000122766 -0.000119474 -0.000114257 -0.000110358 -0.000106312 -0.00010303 -9.96196e-05 -9.68745e-05 -9.37666e-05 -8.94744e-05 -8.55828e-05 -8.22152e-05 -7.92573e-05 -7.55269e-05 -7.19807e-05 -6.94249e-05 -6.65502e-05 -6.27708e-05 -6.00966e-05 -5.65846e-05 -5.27068e-05 -5.00471e-05 -4.68721e-05 -4.3321e-05 -4.02273e-05 -3.64454e-05 -3.33568e-05 -3.05938e-05 -2.83676e-05 -2.56759e-05 -2.29684e-05 -2.03266e-05 -1.83775e-05 -1.53706e-05 -1.22473e-05 -9.39617e-06 -6.67558e-06 -3.75454e-06 2.50332e-07 
-0.000302349 -0.000928766 -0.0010874 -0.00105864 -0.00107764 -0.00106783 -0.00104152 -0.00101291 -0.000991326 -0.00098131 -0.000974787 -0.000972604 -0.000970643 -0.000967843 -0.000964111 -0.000959189 -0.000951705 -0.000944148 -0.000938589 -0.00093123 -0.000923663 -0.000913917 -0.000905548 -0.000895866 -0.000888315 -0.000880065 -0.000873104 -0.000865696 -0.000856226 -0.000849716 -0.000844164 -0.000838121 -0.000832494 -0.000826872 -0.000820433 -0.000813724 -0.000807931 -0.000803292 -0.000799546 -0.000796684 -0.000793864 -0.000790761 -0.000787728 -0.000784297 -0.000781708 -0.000778458 -0.000774824 -0.000772073 -0.000769908 -0.000768042 -0.000766101 -0.00076348 -0.000760012 -0.000756714 -0.000754085 -0.000751152 -0.00074878 -0.000746135 -0.000743568 -0.000740233 -0.000736613 -0.000733378 -0.00072988 -0.000726083 -0.000722656 -0.000718221 -0.000714124 -0.000709837 -0.000704023 -0.000696931 -0.000692734 -0.000686684 -0.000680158 -0.000675898 -0.000668903 -0.000663324 -0.000657793 -0.000651644 -0.000646521 -0.00064196 -0.00063773 -0.000632861 -0.000627271 -0.000623127 -0.000617486 -0.000609924 -0.000603114 -0.000596981 -0.000593002 -0.000588742 -0.000584865 -0.000580508 -0.000575002 -0.000569617 -0.000561798 -0.000555236 -0.00054858 -0.000543229 -0.00053827 -0.000534375 -0.000528997 -0.00052428 -0.00051731 -0.00051043 -0.000504591 -0.000498226 -0.000492371 -0.000486003 -0.000481458 -0.000477033 -0.000471541 -0.000466727 -0.00046287 -0.000458369 -0.00045417 -0.000449147 -0.00044392 -0.000438939 -0.000433851 -0.000428503 -0.000424498 -0.000420547 -0.000415598 -0.000410221 -0.000406074 -0.000402381 -0.000397711 -0.000394179 -0.000389914 -0.000386091 -0.000382727 -0.000379508 -0.000376192 -0.000372397 -0.00036884 -0.000364809 -0.000361351 -0.000357791 -0.000354558 -0.000351332 -0.000347803 -0.000344192 -0.000340925 -0.000338163 -0.000335296 -0.00033304 -0.000330035 -0.000327231 -0.000324961 -0.000322699 -0.00031953 -0.000316168 -0.000314219 -0.000311408 -0.000308652 -0.000306337 -0.000302779 -0.000299278 -0.00029665 -0.000294232 -0.000291801 -0.000289514 -0.000287271 -0.000285348 -0.000283109 -0.000279992 -0.000276763 -0.000274088 -0.000271339 -0.000268232 -0.000265097 -0.000262309 -0.000259868 -0.000257529 -0.000254665 -0.000251953 -0.000249549 -0.000246328 -0.000242506 -0.000239116 -0.000235597 -0.000232024 -0.000228202 -0.000225495 -0.000221859 -0.000218099 -0.00021543 -0.000211039 -0.000206909 -0.000203923 -0.000199907 -0.000196134 -0.000193013 -0.000188958 -0.000185392 -0.000180253 -0.000175411 -0.000172084 -0.000168711 -0.000165332 -0.000161828 -0.000158685 -0.000154016 -0.000149783 -0.000145969 -0.000141429 -0.00013813 -0.000135346 -0.000131672 -0.000128548 -0.000125133 -0.000122077 -0.000118663 -0.000114784 -0.000111286 -0.000107286 -0.000103206 -9.97624e-05 -9.61995e-05 -9.2867e-05 -8.95468e-05 -8.62994e-05 -8.23297e-05 -7.83971e-05 -7.51153e-05 -7.19923e-05 -6.92238e-05 -6.61022e-05 -6.22362e-05 -5.92259e-05 -5.59971e-05 -5.25835e-05 -4.98891e-05 -4.68492e-05 -4.3686e-05 -3.97484e-05 -3.59681e-05 -3.33629e-05 -3.07763e-05 -2.81657e-05 -2.52102e-05 -2.27609e-05 -2.01002e-05 -1.81387e-05 -1.57069e-05 -1.26591e-05 -9.33961e-06 -6.5277e-06 -3.70488e-06 5.25907e-07 
-0.000302349 -0.000907176 -0.00107461 -0.0010459 -0.00106144 -0.00105693 -0.00103232 -0.00100452 -0.00098487 -0.000975164 -0.000969753 -0.000968342 -0.000967381 -0.000964635 -0.000960929 -0.000956427 -0.000949365 -0.000942768 -0.000936325 -0.000927795 -0.000921858 -0.000912479 -0.000902763 -0.00089448 -0.000887039 -0.00087919 -0.000870317 -0.000863208 -0.000855237 -0.000850184 -0.000843541 -0.000836718 -0.000831573 -0.000825985 -0.000819985 -0.000814041 -0.000807697 -0.000802177 -0.000798493 -0.000795919 -0.000793386 -0.000790585 -0.0007874 -0.000783269 -0.000780312 -0.000777219 -0.000773743 -0.000771369 -0.00076895 -0.000766786 -0.000764709 -0.000762532 -0.000759581 -0.000756413 -0.000753317 -0.000750354 -0.000747838 -0.000745375 -0.000742894 -0.000738751 -0.000735546 -0.000733012 -0.000729326 -0.000725633 -0.00072151 -0.000717522 -0.000713636 -0.00070951 -0.000703143 -0.000697009 -0.000693065 -0.000686593 -0.000679801 -0.000675648 -0.000668949 -0.00066313 -0.000657103 -0.000651382 -0.000646691 -0.000641505 -0.00063639 -0.000631544 -0.00062693 -0.000622816 -0.000616909 -0.000609436 -0.000603436 -0.000597941 -0.000592032 -0.000587876 -0.000583233 -0.000578903 -0.000573914 -0.000568336 -0.000560864 -0.000555218 -0.000549905 -0.000543963 -0.000538321 -0.000534463 -0.000529716 -0.000524132 -0.00051818 -0.000511135 -0.000505618 -0.000498896 -0.00049163 -0.000485659 -0.000481597 -0.000476031 -0.000471292 -0.000467737 -0.000463507 -0.000458254 -0.00045412 -0.000448325 -0.000443388 -0.000439133 -0.000433935 -0.000429608 -0.000424458 -0.000419376 -0.000415077 -0.000410066 -0.000406344 -0.000402143 -0.000397413 -0.000393049 -0.000389517 -0.000386177 -0.00038279 -0.000378906 -0.000374746 -0.000370764 -0.000368084 -0.000364111 -0.000360928 -0.000357565 -0.000353981 -0.000350199 -0.000346354 -0.000343171 -0.000340246 -0.000337193 -0.000334571 -0.000332733 -0.000330018 -0.000327947 -0.000324956 -0.000321711 -0.000319184 -0.000316068 -0.000313424 -0.000310498 -0.000308065 -0.000305614 -0.000302451 -0.000299173 -0.000296915 -0.000294402 -0.000291249 -0.000288849 -0.000286978 -0.000284796 -0.000282318 -0.000279837 -0.000277198 -0.000274107 -0.000271102 -0.000268403 -0.000265359 -0.000262734 -0.000259628 -0.000256922 -0.000254351 -0.000251682 -0.000249391 -0.000245761 -0.000242295 -0.000239392 -0.00023667 -0.000232846 -0.000228656 -0.000225713 -0.000221953 -0.000217734 -0.00021502 -0.000210826 -0.000206681 -0.000202959 -0.000199154 -0.000196408 -0.000192718 -0.000188123 -0.000184709 -0.000180322 -0.000175942 -0.000172214 -0.000168464 -0.000165666 -0.000162159 -0.000158474 -0.00015372 -0.000148767 -0.000145292 -0.000142135 -0.000138795 -0.00013522 -0.000131193 -0.000128138 -0.000125249 -0.000122303 -0.00011839 -0.000114823 -0.000111522 -0.00010774 -0.000104046 -0.000100665 -9.61375e-05 -9.24202e-05 -8.90561e-05 -8.60809e-05 -8.24964e-05 -7.83949e-05 -7.47991e-05 -7.19708e-05 -6.86576e-05 -6.5046e-05 -6.16371e-05 -5.86787e-05 -5.56529e-05 -5.30024e-05 -4.96074e-05 -4.60682e-05 -4.31026e-05 -3.89871e-05 -3.53861e-05 -3.29988e-05 -3.01971e-05 -2.76941e-05 -2.52646e-05 -2.31779e-05 -2.04245e-05 -1.77029e-05 -1.51663e-05 -1.26757e-05 -9.61208e-06 -6.33859e-06 -3.3099e-06 7.98776e-07 
-0.000311983 -0.000875458 -0.00104789 -0.00103678 -0.00105468 -0.00104723 -0.00102965 -0.00100517 -0.000981026 -0.000968197 -0.000965022 -0.000963053 -0.000963044 -0.000960771 -0.000957537 -0.000953011 -0.00094714 -0.000941849 -0.000933862 -0.00092513 -0.000920213 -0.000911468 -0.000901325 -0.00089257 -0.000885547 -0.000877759 -0.000868933 -0.000863136 -0.00085555 -0.000849592 -0.000843142 -0.000837297 -0.000831558 -0.000824286 -0.000818427 -0.000812868 -0.000806425 -0.000802159 -0.000798458 -0.000794912 -0.000792032 -0.000789696 -0.000786963 -0.000783547 -0.000779986 -0.00077653 -0.000772774 -0.000770254 -0.000767895 -0.000765801 -0.000764069 -0.000761595 -0.000758772 -0.000755471 -0.000752164 -0.000749728 -0.000746849 -0.000744132 -0.000741734 -0.000738026 -0.000735456 -0.000731616 -0.000727436 -0.000724056 -0.000720931 -0.000717556 -0.000713518 -0.000708603 -0.000703175 -0.000697371 -0.000692722 -0.000686629 -0.000680167 -0.000675556 -0.000668245 -0.000662007 -0.000656698 -0.000652007 -0.000646545 -0.000640547 -0.000635828 -0.000631522 -0.000626492 -0.000621237 -0.000615004 -0.00060873 -0.000604212 -0.000597822 -0.000591578 -0.000587105 -0.000582997 -0.000578961 -0.00057375 -0.000567189 -0.00055951 -0.000554277 -0.000548219 -0.000543222 -0.000538664 -0.000534798 -0.000529749 -0.000524332 -0.000519457 -0.000512895 -0.000505744 -0.000498586 -0.000492607 -0.000487298 -0.000481695 -0.000475826 -0.00047112 -0.000467771 -0.000462861 -0.000457729 -0.000454578 -0.000449325 -0.000444732 -0.000439769 -0.000433873 -0.000429752 -0.000424024 -0.000419107 -0.000415004 -0.000410421 -0.000405899 -0.000401683 -0.00039727 -0.000393577 -0.000389379 -0.000385034 -0.00038102 -0.000377744 -0.000373696 -0.000369979 -0.000367328 -0.000363409 -0.000360116 -0.000356322 -0.000352631 -0.000349409 -0.000345695 -0.000342605 -0.000339464 -0.000336755 -0.000334629 -0.000332247 -0.000329959 -0.000327955 -0.000325141 -0.000321528 -0.000319081 -0.000315611 -0.000312466 -0.000309807 -0.000307369 -0.000304855 -0.000302258 -0.000298961 -0.000296058 -0.000293847 -0.000291046 -0.000289308 -0.000286848 -0.000283966 -0.000281759 -0.000279351 -0.000276708 -0.000273623 -0.000270564 -0.000267491 -0.000264854 -0.000262835 -0.000259689 -0.000257029 -0.000254094 -0.000250847 -0.000248376 -0.000245287 -0.000242347 -0.000239684 -0.000236433 -0.000233121 -0.000229414 -0.000225973 -0.000221692 -0.00021766 -0.000213876 -0.000209763 -0.000206545 -0.000202213 -0.000198473 -0.000195638 -0.0001917 -0.000188026 -0.00018433 -0.000180684 -0.000176712 -0.000172181 -0.000168167 -0.000165302 -0.00016138 -0.000157479 -0.000153574 -0.000149151 -0.000145671 -0.000141805 -0.000138325 -0.000135097 -0.000131712 -0.000128343 -0.000124745 -0.000122087 -0.000118861 -0.000115299 -0.000111159 -0.000106689 -0.000103401 -0.000100382 -9.6503e-05 -9.3257e-05 -8.88474e-05 -8.52794e-05 -8.21921e-05 -7.82537e-05 -7.4418e-05 -7.06571e-05 -6.7192e-05 -6.44018e-05 -6.17797e-05 -5.78486e-05 -5.47668e-05 -5.20154e-05 -4.88159e-05 -4.55744e-05 -4.25919e-05 -3.8857e-05 -3.61186e-05 -3.344e-05 -3.01987e-05 -2.7978e-05 -2.5679e-05 -2.34431e-05 -2.07085e-05 -1.7572e-05 -1.48103e-05 -1.23067e-05 -9.65075e-06 -6.59448e-06 -3.40824e-06 -5.32231e-07 
-0.000455567 -0.000882588 -0.00099113 -0.00102292 -0.00104475 -0.00103817 -0.00102232 -0.000998148 -0.000978081 -0.000965746 -0.00095964 -0.000958049 -0.000958839 -0.000957163 -0.000954365 -0.000949109 -0.000944092 -0.000938746 -0.000930679 -0.000923488 -0.000916236 -0.000907236 -0.000899796 -0.000891946 -0.00088399 -0.000875844 -0.000868505 -0.000863468 -0.000855678 -0.000848124 -0.000841766 -0.000837288 -0.000830852 -0.00082401 -0.000818654 -0.000811989 -0.000805476 -0.000801305 -0.000797964 -0.000794855 -0.00079217 -0.00078927 -0.000786128 -0.000782703 -0.000778867 -0.000775616 -0.000772258 -0.000769793 -0.000767194 -0.000764981 -0.00076258 -0.000760327 -0.00075785 -0.000754465 -0.000751026 -0.000748578 -0.000745755 -0.000743503 -0.000740534 -0.000736982 -0.000734439 -0.000730134 -0.000726012 -0.000723205 -0.000719803 -0.00071559 -0.00071195 -0.000707941 -0.000703238 -0.000697235 -0.000691524 -0.000686722 -0.000680527 -0.00067493 -0.000668322 -0.000662072 -0.00065716 -0.000651536 -0.000645292 -0.000639782 -0.000635464 -0.0006307 -0.000624899 -0.000619495 -0.000614182 -0.000609135 -0.000604057 -0.000597979 -0.000592559 -0.000588148 -0.00058369 -0.000577703 -0.000571939 -0.000566566 -0.000560526 -0.000554707 -0.000547666 -0.000543037 -0.000539194 -0.000533992 -0.000529139 -0.000524158 -0.000519276 -0.000512556 -0.000505294 -0.000498972 -0.000494227 -0.000488525 -0.00048206 -0.00047693 -0.000472246 -0.000467872 -0.000462435 -0.000457614 -0.000454384 -0.000449158 -0.000444252 -0.000439707 -0.00043412 -0.000429192 -0.000423508 -0.000418913 -0.000414188 -0.00040945 -0.000405308 -0.000400868 -0.000396842 -0.000393134 -0.000388914 -0.000384668 -0.000380869 -0.000376837 -0.000373092 -0.000369013 -0.000366024 -0.000361981 -0.000358778 -0.000355657 -0.000352343 -0.000348915 -0.000345163 -0.000341821 -0.000339016 -0.000336811 -0.00033468 -0.000331793 -0.000329275 -0.000327252 -0.000324539 -0.000321496 -0.000318499 -0.000315049 -0.000312471 -0.000310122 -0.000307218 -0.000304188 -0.000302139 -0.000298943 -0.000295961 -0.000293313 -0.00029052 -0.000288674 -0.000286438 -0.000283927 -0.000281691 -0.000278371 -0.00027517 -0.000272375 -0.000269991 -0.000267303 -0.000264655 -0.000262046 -0.000258683 -0.000256058 -0.000253266 -0.000250228 -0.00024772 -0.00024529 -0.000242966 -0.000240028 -0.000236058 -0.000232898 -0.000229235 -0.000224928 -0.000221453 -0.000218077 -0.000213656 -0.000209265 -0.000206257 -0.000201935 -0.000197639 -0.000194324 -0.000190715 -0.000187881 -0.00018373 -0.000179611 -0.000175698 -0.000171613 -0.000168328 -0.000165092 -0.000160874 -0.000157083 -0.000154081 -0.000150107 -0.000146697 -0.000141989 -0.000138393 -0.00013523 -0.00013214 -0.000128376 -0.000124103 -0.000121255 -0.000118266 -0.000115032 -0.000111311 -0.000107205 -0.000104197 -0.000100364 -9.59438e-05 -9.29057e-05 -8.90477e-05 -8.51386e-05 -8.18909e-05 -7.84479e-05 -7.47115e-05 -7.06991e-05 -6.66882e-05 -6.38507e-05 -6.12954e-05 -5.77552e-05 -5.46745e-05 -5.17676e-05 -4.85263e-05 -4.56347e-05 -4.21387e-05 -3.84647e-05 -3.58941e-05 -3.33921e-05 -3.09621e-05 -2.88839e-05 -2.61438e-05 -2.30755e-05 -2.0494e-05 -1.81501e-05 -1.53911e-05 -1.23901e-05 -9.92494e-06 -6.95657e-06 -2.8106e-06 7.90204e-07 
-0.000485681 -0.000867139 -0.000955203 -0.00102028 -0.00104771 -0.00103624 -0.00101383 -0.000991621 -0.000976185 -0.000962176 -0.000955374 -0.000954628 -0.000954714 -0.000953562 -0.000951474 -0.000946911 -0.000942656 -0.000936611 -0.000929437 -0.000922336 -0.000913466 -0.000904536 -0.000897178 -0.000890251 -0.000882662 -0.000875656 -0.000868654 -0.000862891 -0.000854944 -0.000847613 -0.000841376 -0.000836214 -0.000828602 -0.000823023 -0.000817506 -0.000810622 -0.000805485 -0.000801293 -0.000797739 -0.000794927 -0.000792143 -0.000788045 -0.000784968 -0.000781998 -0.000778476 -0.000775305 -0.000772116 -0.000768837 -0.000766449 -0.00076458 -0.000762547 -0.000759874 -0.000757374 -0.000753872 -0.000750141 -0.000747436 -0.000744848 -0.000742551 -0.000739388 -0.000735931 -0.000733169 -0.00072909 -0.000725968 -0.000722214 -0.000717963 -0.000714603 -0.000711268 -0.00070694 -0.000702535 -0.000697338 -0.000691892 -0.000686901 -0.000680331 -0.000673946 -0.000668485 -0.000662862 -0.000657244 -0.000650492 -0.000645044 -0.000640666 -0.000634897 -0.000628842 -0.000624413 -0.000618744 -0.00061454 -0.000609467 -0.000603116 -0.000598068 -0.000593675 -0.000588763 -0.000583245 -0.000577448 -0.000571369 -0.000566039 -0.000560137 -0.000554032 -0.000548684 -0.000543282 -0.000538405 -0.000533778 -0.000529287 -0.000524345 -0.000518226 -0.000511475 -0.000505137 -0.000499795 -0.000494622 -0.000489001 -0.000483017 -0.000478476 -0.000472628 -0.000467104 -0.000462843 -0.000457883 -0.000453951 -0.000448591 -0.000443931 -0.000439583 -0.000434534 -0.000428377 -0.0004224 -0.000418022 -0.000413187 -0.000409217 -0.00040542 -0.000400663 -0.000396101 -0.00039247 -0.000388327 -0.000384712 -0.000380303 -0.000375886 -0.000372138 -0.000368472 -0.000365025 -0.000361802 -0.000358576 -0.000355332 -0.000351568 -0.000347673 -0.000344489 -0.000341568 -0.00033873 -0.00033594 -0.000333689 -0.000331515 -0.000329467 -0.000326817 -0.000324398 -0.000321573 -0.000317853 -0.000314386 -0.000311774 -0.000309285 -0.000306861 -0.000304134 -0.000301743 -0.000298796 -0.000296208 -0.000293174 -0.000289987 -0.000287993 -0.000285721 -0.000283457 -0.000281009 -0.000277783 -0.000274756 -0.000271973 -0.000269341 -0.000266819 -0.000264383 -0.000261578 -0.000258241 -0.000255441 -0.000252828 -0.000250328 -0.000247471 -0.000244742 -0.000242356 -0.000239544 -0.000236321 -0.00023338 -0.000229243 -0.000224811 -0.000221099 -0.000217656 -0.000213799 -0.000209157 -0.000205586 -0.000201605 -0.000197773 -0.000193675 -0.000189858 -0.000186661 -0.000183073 -0.000179248 -0.000175189 -0.000171188 -0.000167335 -0.000163772 -0.000160694 -0.00015717 -0.000153285 -0.00014936 -0.000146123 -0.000142871 -0.000139788 -0.000135688 -0.000131488 -0.000128153 -0.000124613 -0.00012135 -0.00011798 -0.000114256 -0.00011104 -0.000107518 -0.000104067 -0.000100012 -9.56279e-05 -9.24478e-05 -8.90047e-05 -8.55873e-05 -8.12275e-05 -7.7735e-05 -7.44161e-05 -7.0357e-05 -6.72388e-05 -6.35825e-05 -6.00009e-05 -5.71327e-05 -5.428e-05 -5.08388e-05 -4.77749e-05 -4.50829e-05 -4.15791e-05 -3.88053e-05 -3.59022e-05 -3.30868e-05 -3.12482e-05 -2.90703e-05 -2.62349e-05 -2.34126e-05 -2.08803e-05 -1.82551e-05 -1.57622e-05 -1.21597e-05 -9.55645e-06 -7.29309e-06 -3.77746e-06 3.4977e-07 
-0.000434223 -0.00087987 -0.000997647 -0.00102127 -0.00103861 -0.00103896 -0.00101558 -0.000990796 -0.000976562 -0.000962109 -0.000954253 -0.000951195 -0.000950862 -0.000950061 -0.000947741 -0.000944358 -0.000940101 -0.000932752 -0.000925886 -0.000919857 -0.000910921 -0.000904279 -0.000896346 -0.000887863 -0.000881517 -0.000874683 -0.000866313 -0.000859647 -0.000853352 -0.000847315 -0.000841858 -0.000835444 -0.00082815 -0.000822527 -0.000816358 -0.000809431 -0.000805348 -0.000800858 -0.000796873 -0.000793554 -0.000791057 -0.000787546 -0.000784705 -0.0007816 -0.000778006 -0.000774612 -0.000771534 -0.000768807 -0.000766485 -0.000764348 -0.000762143 -0.000759028 -0.000756135 -0.000752913 -0.000749937 -0.000747205 -0.000743825 -0.000741093 -0.000738607 -0.000735994 -0.00073231 -0.000728257 -0.000725487 -0.000721017 -0.000716604 -0.000714192 -0.000710323 -0.000705025 -0.000700811 -0.000697042 -0.000691419 -0.000685746 -0.000680136 -0.000674552 -0.000668489 -0.000662042 -0.000656333 -0.000650558 -0.000645657 -0.000640456 -0.000634514 -0.000628506 -0.000624096 -0.000618101 -0.000612417 -0.00060788 -0.00060307 -0.000598922 -0.000594751 -0.000588845 -0.000582649 -0.000578022 -0.000572497 -0.000566892 -0.000559544 -0.000553357 -0.000549583 -0.000543004 -0.000536919 -0.000532783 -0.000527954 -0.000522394 -0.000517298 -0.000510983 -0.000505813 -0.000500362 -0.000494142 -0.000489161 -0.000484218 -0.000478931 -0.000472661 -0.00046704 -0.000462597 -0.0004571 -0.000452155 -0.000447759 -0.00044334 -0.000438077 -0.000432764 -0.000427219 -0.000422519 -0.000417146 -0.000411348 -0.000407707 -0.00040417 -0.000399808 -0.000396797 -0.000392254 -0.000387384 -0.000383853 -0.000379916 -0.000375458 -0.000372317 -0.000368486 -0.0003642 -0.000361338 -0.00035787 -0.000354135 -0.000350833 -0.00034722 -0.000344265 -0.000341632 -0.000338258 -0.00033555 -0.000333198 -0.000330891 -0.000328693 -0.000325753 -0.000323132 -0.000320725 -0.000317472 -0.000314637 -0.000311392 -0.000308816 -0.000306683 -0.00030418 -0.000301377 -0.000298467 -0.000295613 -0.000292447 -0.000290006 -0.000287774 -0.000285135 -0.000282482 -0.000280012 -0.000276999 -0.000274396 -0.000271378 -0.000268292 -0.000265947 -0.000263955 -0.000261138 -0.000258347 -0.000254793 -0.000251948 -0.000249353 -0.000247267 -0.000245109 -0.000242177 -0.000238501 -0.000235816 -0.000232541 -0.00022851 -0.000225046 -0.000221024 -0.00021691 -0.000213531 -0.000209258 -0.000205116 -0.00020082 -0.000197561 -0.000193745 -0.000189937 -0.000186013 -0.000182339 -0.000178792 -0.000174766 -0.000171248 -0.000167328 -0.000163158 -0.000160262 -0.000157238 -0.000152608 -0.000148906 -0.00014609 -0.000143125 -0.000140135 -0.000136428 -0.000131998 -0.000128365 -0.000125194 -0.000121707 -0.00011768 -0.00011373 -0.000111408 -0.000107107 -0.00010302 -9.98442e-05 -9.64503e-05 -9.22223e-05 -8.80058e-05 -8.50291e-05 -8.14892e-05 -7.83055e-05 -7.41428e-05 -6.99591e-05 -6.71185e-05 -6.32873e-05 -5.96458e-05 -5.71444e-05 -5.37988e-05 -5.02609e-05 -4.78237e-05 -4.47023e-05 -4.10693e-05 -3.88734e-05 -3.59496e-05 -3.33358e-05 -3.15958e-05 -2.90208e-05 -2.63025e-05 -2.40355e-05 -2.09316e-05 -1.76596e-05 -1.5439e-05 -1.26121e-05 -9.9957e-06 -7.84957e-06 -4.24099e-06 1.09235e-06 
-0.000311796 -0.000884729 -0.00105095 -0.00103366 -0.00104375 -0.00104363 -0.0010225 -0.000993777 -0.000972679 -0.000960264 -0.00095429 -0.000950546 -0.000948734 -0.000947879 -0.000945404 -0.000942326 -0.00093727 -0.000930768 -0.000924761 -0.000917011 -0.00090835 -0.000903536 -0.000896144 -0.000886902 -0.000881693 -0.000873737 -0.000865459 -0.000860133 -0.000852198 -0.000844633 -0.000838177 -0.00083234 -0.000826236 -0.000821241 -0.000814456 -0.000808782 -0.000804993 -0.000800917 -0.00079729 -0.000793377 -0.000791116 -0.000787448 -0.000783657 -0.000780573 -0.000777278 -0.000774269 -0.000771782 -0.000769259 -0.000766391 -0.000763669 -0.000761329 -0.000758938 -0.000755682 -0.000752236 -0.000749598 -0.000746278 -0.000743296 -0.000740633 -0.000738078 -0.000735168 -0.00073167 -0.000727947 -0.000724521 -0.000719531 -0.000715784 -0.000712736 -0.000708615 -0.000704317 -0.000700426 -0.000696301 -0.000690607 -0.000684342 -0.000679783 -0.0006742 -0.000667352 -0.000661666 -0.000656951 -0.000651597 -0.000645513 -0.000638982 -0.000633895 -0.000628718 -0.000624178 -0.000618495 -0.000612039 -0.000606956 -0.000603287 -0.000598814 -0.000593976 -0.000588827 -0.000583061 -0.000578306 -0.000572083 -0.000565844 -0.000559599 -0.000554052 -0.000549163 -0.000542613 -0.000536362 -0.000532197 -0.000526606 -0.000521399 -0.000516269 -0.000509924 -0.00050417 -0.000499133 -0.000494226 -0.000490195 -0.000484065 -0.000478433 -0.00047299 -0.000466997 -0.000461776 -0.000456698 -0.000451198 -0.000446048 -0.000442161 -0.000436945 -0.000431498 -0.000426036 -0.000421831 -0.000416255 -0.000411391 -0.000407796 -0.000403823 -0.000399479 -0.000395868 -0.000392 -0.000387636 -0.00038436 -0.000380371 -0.000375498 -0.000371499 -0.000367623 -0.000363782 -0.00036045 -0.000356684 -0.000353372 -0.000350401 -0.000346588 -0.000343278 -0.000340465 -0.000338135 -0.000335723 -0.000332677 -0.000329634 -0.000327691 -0.000325384 -0.000322951 -0.000320311 -0.000316902 -0.000314396 -0.000311471 -0.000308724 -0.000306069 -0.000303693 -0.000301043 -0.000298232 -0.000295124 -0.000291781 -0.000289315 -0.000287 -0.000285061 -0.000282868 -0.000279921 -0.000276926 -0.000273712 -0.000270726 -0.000268251 -0.000265925 -0.000263221 -0.000260358 -0.00025826 -0.000254887 -0.000251985 -0.00024926 -0.000247149 -0.000245233 -0.000241961 -0.000238757 -0.000235404 -0.000231495 -0.000227511 -0.000224506 -0.000220588 -0.000216823 -0.000213684 -0.000209714 -0.000205609 -0.000201473 -0.000197065 -0.000192986 -0.000190235 -0.000186417 -0.000182554 -0.000178991 -0.000174535 -0.000171028 -0.000167355 -0.000162761 -0.000158988 -0.000155974 -0.000152255 -0.000149283 -0.000145803 -0.000142306 -0.00013938 -0.000136645 -0.000132364 -0.000127926 -0.00012465 -0.000121034 -0.00011738 -0.000113956 -0.000111225 -0.000107045 -0.000103192 -9.97817e-05 -9.63063e-05 -9.19632e-05 -8.77037e-05 -8.4926e-05 -8.14174e-05 -7.82754e-05 -7.46588e-05 -7.01249e-05 -6.70011e-05 -6.35483e-05 -5.97742e-05 -5.66252e-05 -5.30348e-05 -4.98526e-05 -4.74432e-05 -4.42226e-05 -4.11504e-05 -3.88735e-05 -3.63204e-05 -3.36087e-05 -3.14841e-05 -2.87995e-05 -2.62566e-05 -2.38464e-05 -2.05672e-05 -1.77007e-05 -1.55007e-05 -1.29547e-05 -9.83165e-06 -7.64067e-06 -4.61935e-06 5.00642e-07 
-0.00029941 -0.000904732 -0.00107022 -0.00103634 -0.00104615 -0.00104372 -0.00102271 -0.000997503 -0.00097475 -0.000961883 -0.00095588 -0.000951266 -0.000948478 -0.000946918 -0.000943895 -0.000940513 -0.000934854 -0.000929643 -0.000923444 -0.000915261 -0.000907299 -0.000902731 -0.0008953 -0.000887091 -0.000882116 -0.00087205 -0.000863735 -0.000858161 -0.000850397 -0.000842828 -0.000837336 -0.000831814 -0.0008257 -0.000819939 -0.000813585 -0.000809138 -0.000804654 -0.000800315 -0.000796817 -0.000792957 -0.000790349 -0.000786454 -0.00078297 -0.000780338 -0.000777637 -0.000774293 -0.00077145 -0.000769016 -0.000766296 -0.000764015 -0.000761432 -0.00075862 -0.000755376 -0.000751723 -0.000748488 -0.000745295 -0.000743095 -0.000740625 -0.00073744 -0.000734308 -0.000731197 -0.000728024 -0.000723698 -0.00071918 -0.000715007 -0.000711609 -0.000707352 -0.00070427 -0.000699145 -0.000693767 -0.000689322 -0.000684699 -0.000679402 -0.00067315 -0.000667071 -0.000662186 -0.00065645 -0.000650085 -0.00064456 -0.000638691 -0.000633872 -0.000628419 -0.000623628 -0.0006181 -0.000612059 -0.000606078 -0.000602162 -0.000597717 -0.000592667 -0.000588941 -0.000584017 -0.000577986 -0.000570907 -0.000564505 -0.000560007 -0.000553677 -0.000547715 -0.000542122 -0.000536906 -0.000531733 -0.00052596 -0.000521531 -0.000516071 -0.000509059 -0.000504332 -0.000498736 -0.000493284 -0.000489367 -0.000484198 -0.00047831 -0.000472812 -0.000466347 -0.000460169 -0.000455327 -0.000450343 -0.000444891 -0.00044006 -0.000435712 -0.000430693 -0.000425124 -0.000419998 -0.000415247 -0.000411808 -0.000407562 -0.000403046 -0.0003985 -0.000395291 -0.000391472 -0.000387324 -0.000383109 -0.00037957 -0.000375643 -0.000371487 -0.000367756 -0.000363914 -0.000359796 -0.00035605 -0.000352601 -0.00034937 -0.00034604 -0.000343232 -0.000340458 -0.000337497 -0.000335042 -0.000332212 -0.00032952 -0.00032714 -0.000324816 -0.000322229 -0.000319454 -0.000316505 -0.000313842 -0.000311148 -0.00030845 -0.00030564 -0.000303466 -0.000300557 -0.000297361 -0.000294596 -0.000291871 -0.000289227 -0.000286582 -0.00028448 -0.000282091 -0.00027931 -0.000276593 -0.000273476 -0.000270899 -0.000268679 -0.000266063 -0.000262723 -0.000259969 -0.000257545 -0.000254423 -0.000252266 -0.000249504 -0.00024707 -0.000244907 -0.000241963 -0.000239064 -0.000235198 -0.000230676 -0.000227417 -0.000223972 -0.00022047 -0.000217512 -0.000213763 -0.000209254 -0.000205405 -0.000201753 -0.000197347 -0.000193041 -0.000190286 -0.000185768 -0.000182149 -0.000179042 -0.000174451 -0.000170616 -0.000167287 -0.00016286 -0.000158635 -0.000154941 -0.000151452 -0.000148752 -0.000145282 -0.000142415 -0.000139406 -0.000136518 -0.000132257 -0.000127747 -0.000123902 -0.000120195 -0.00011735 -0.000114337 -0.000110845 -0.000107083 -0.000103907 -9.97133e-05 -9.53001e-05 -9.1533e-05 -8.79198e-05 -8.52334e-05 -8.11093e-05 -7.7699e-05 -7.44513e-05 -7.05461e-05 -6.6767e-05 -6.35282e-05 -5.96677e-05 -5.61734e-05 -5.28589e-05 -4.99121e-05 -4.73902e-05 -4.42225e-05 -4.1805e-05 -3.93165e-05 -3.63503e-05 -3.37227e-05 -3.11603e-05 -2.89635e-05 -2.63335e-05 -2.34632e-05 -2.03736e-05 -1.73887e-05 -1.47419e-05 -1.2572e-05 -9.98724e-06 -7.88163e-06 -4.44039e-06 1.17614e-06 
-0.00029941 -0.000913421 -0.00108397 -0.00104791 -0.00105433 -0.00104826 -0.00102592 -0.00100165 -0.000980806 -0.000964392 -0.000957227 -0.000953159 -0.000949109 -0.000946507 -0.000943491 -0.000939346 -0.000934016 -0.000927528 -0.000921189 -0.000914829 -0.000909253 -0.00090326 -0.000895505 -0.000887588 -0.000881793 -0.000871475 -0.000862666 -0.000856618 -0.000848819 -0.000843101 -0.000837387 -0.000830141 -0.000823309 -0.00081836 -0.00081346 -0.000809275 -0.000803975 -0.000799633 -0.000796106 -0.000792786 -0.000789901 -0.00078602 -0.000782663 -0.000779884 -0.000776985 -0.00077408 -0.000771736 -0.000769278 -0.000766302 -0.000764242 -0.000760751 -0.000757341 -0.000754749 -0.000751392 -0.00074809 -0.00074496 -0.000742484 -0.000740099 -0.000737078 -0.00073411 -0.000730783 -0.000727351 -0.000722927 -0.000719259 -0.000715125 -0.000710801 -0.000706471 -0.000703222 -0.000697469 -0.000692119 -0.000688663 -0.000683544 -0.000677522 -0.000672483 -0.000666688 -0.000661621 -0.000655024 -0.000649313 -0.000644527 -0.000638877 -0.000633881 -0.000627457 -0.000622186 -0.000616608 -0.000611499 -0.000605737 -0.000601695 -0.000596581 -0.000592119 -0.000588043 -0.000582069 -0.000576283 -0.000570663 -0.000565256 -0.00055954 -0.000553423 -0.000546637 -0.000541043 -0.000536269 -0.00053057 -0.000525713 -0.000521277 -0.00051495 -0.000508213 -0.000503948 -0.000498052 -0.00049256 -0.000488294 -0.000483047 -0.000477062 -0.000471079 -0.000465156 -0.000459196 -0.000454074 -0.000448756 -0.000443762 -0.000438073 -0.000433425 -0.000429524 -0.000424757 -0.000419525 -0.000414633 -0.000411162 -0.000407053 -0.000402858 -0.00039919 -0.000395227 -0.000391551 -0.000387223 -0.000382709 -0.000379207 -0.000375756 -0.000371448 -0.000367095 -0.000363019 -0.000358858 -0.000355784 -0.000352308 -0.000348601 -0.000345626 -0.000343104 -0.000340017 -0.000336545 -0.000334036 -0.000331617 -0.000329047 -0.000326527 -0.00032424 -0.000321623 -0.000319173 -0.000316952 -0.000314229 -0.000311019 -0.00030815 -0.000305086 -0.000302992 -0.00029988 -0.000296791 -0.000294154 -0.000291636 -0.000288722 -0.000285804 -0.00028375 -0.000281426 -0.000279005 -0.00027666 -0.000273639 -0.000270601 -0.000267995 -0.000265492 -0.000262958 -0.000260678 -0.000257587 -0.000254273 -0.000252366 -0.000250095 -0.000247415 -0.000244378 -0.000241747 -0.000238591 -0.000234237 -0.000230101 -0.000227323 -0.000223251 -0.000219779 -0.000217171 -0.000213583 -0.00021008 -0.000205622 -0.000201767 -0.000197764 -0.000193479 -0.000190287 -0.000185748 -0.000181786 -0.000179007 -0.000174567 -0.000170272 -0.00016662 -0.000162549 -0.000158908 -0.000155028 -0.00015088 -0.000148158 -0.000145124 -0.000141931 -0.000137967 -0.000134696 -0.000131054 -0.000127659 -0.000123659 -0.000119622 -0.000116836 -0.000114085 -0.000110131 -0.000106722 -0.00010335 -9.9284e-05 -9.53534e-05 -9.20986e-05 -8.80215e-05 -8.45587e-05 -8.09668e-05 -7.72501e-05 -7.43347e-05 -7.09259e-05 -6.71283e-05 -6.36222e-05 -6.00049e-05 -5.66305e-05 -5.32392e-05 -4.97926e-05 -4.71444e-05 -4.4785e-05 -4.25091e-05 -3.94658e-05 -3.63596e-05 -3.39412e-05 -3.15048e-05 -2.92229e-05 -2.60907e-05 -2.31654e-05 -2.04493e-05 -1.738e-05 -1.42971e-05 -1.25359e-05 -1.05053e-05 -7.95954e-06 -3.94564e-06 1.11879e-06 
-0.00029941 -0.000907089 -0.00107126 -0.00105638 -0.00105851 -0.00105019 -0.00102758 -0.000999248 -0.000982515 -0.000967646 -0.000959745 -0.000954705 -0.000950974 -0.000947043 -0.000943576 -0.000939347 -0.000934759 -0.000927997 -0.000920446 -0.000915227 -0.000908584 -0.000902338 -0.000896129 -0.000889051 -0.000881075 -0.000872206 -0.000864303 -0.000855839 -0.000847221 -0.000841622 -0.000835891 -0.000828204 -0.000822742 -0.000817804 -0.000813084 -0.000808482 -0.000803928 -0.000800605 -0.000796938 -0.000792694 -0.000789054 -0.000786054 -0.000783253 -0.000780026 -0.000776222 -0.000773748 -0.00077175 -0.000769114 -0.000766321 -0.000764071 -0.000760401 -0.00075681 -0.00075428 -0.000750852 -0.000747335 -0.000744906 -0.000742648 -0.000739298 -0.0007362 -0.000734093 -0.000730954 -0.000726691 -0.000722073 -0.000718791 -0.000714335 -0.0007102 -0.000705777 -0.000702167 -0.000696816 -0.000691666 -0.000687758 -0.000681993 -0.000676164 -0.000672052 -0.000665421 -0.000659526 -0.000653748 -0.000649294 -0.000643644 -0.00063676 -0.000631961 -0.000626958 -0.000621983 -0.000615999 -0.000611302 -0.000605591 -0.000600427 -0.000595961 -0.000591702 -0.000586502 -0.000579685 -0.00057468 -0.000570745 -0.00056435 -0.000557585 -0.000552088 -0.000546568 -0.00053983 -0.000534411 -0.000529678 -0.000524887 -0.000519973 -0.000514062 -0.000508008 -0.000502816 -0.000497124 -0.000492204 -0.000486731 -0.000481078 -0.000476168 -0.000470257 -0.000464766 -0.000458937 -0.00045211 -0.000446262 -0.000442611 -0.00043693 -0.0004324 -0.000428354 -0.000424457 -0.00041963 -0.000414869 -0.000411438 -0.000407363 -0.000403738 -0.000400189 -0.000394867 -0.000390031 -0.000386769 -0.000383002 -0.000378819 -0.000374686 -0.000371376 -0.000367063 -0.000362655 -0.000358244 -0.000354753 -0.000351548 -0.000348676 -0.000345844 -0.000342416 -0.000339901 -0.000336885 -0.000333998 -0.000331764 -0.000328796 -0.000325783 -0.000323972 -0.000321135 -0.000318764 -0.000316904 -0.000313773 -0.000310595 -0.000307915 -0.000305113 -0.000302301 -0.000299532 -0.000297037 -0.000293971 -0.00029076 -0.000288461 -0.000286093 -0.000283787 -0.00028165 -0.000278873 -0.000276181 -0.000273708 -0.000270951 -0.000267871 -0.000265138 -0.000262785 -0.000260474 -0.000257514 -0.000254318 -0.000252324 -0.000249874 -0.000247485 -0.000244758 -0.000241067 -0.00023747 -0.000233777 -0.000230194 -0.000227382 -0.000223535 -0.000220255 -0.000216457 -0.000213279 -0.000210224 -0.000204979 -0.000200985 -0.000197465 -0.000193658 -0.000190147 -0.000186292 -0.000181733 -0.000178067 -0.0001744 -0.000170501 -0.000166035 -0.000161623 -0.000158522 -0.000154103 -0.00014972 -0.000146943 -0.000143653 -0.000140384 -0.000137353 -0.000134339 -0.000130704 -0.000126952 -0.000122881 -0.00011926 -0.000115823 -0.000113068 -0.00011016 -0.000107043 -0.000103014 -9.88724e-05 -9.52124e-05 -9.14242e-05 -8.70835e-05 -8.34825e-05 -8.06726e-05 -7.76774e-05 -7.43129e-05 -7.13067e-05 -6.77616e-05 -6.31874e-05 -5.9632e-05 -5.65856e-05 -5.30527e-05 -5.00392e-05 -4.7743e-05 -4.5115e-05 -4.25713e-05 -3.97041e-05 -3.68398e-05 -3.42291e-05 -3.18609e-05 -2.92412e-05 -2.60473e-05 -2.34336e-05 -2.03427e-05 -1.71373e-05 -1.40501e-05 -1.23201e-05 -9.78088e-06 -7.42175e-06 -4.1546e-06 2.49568e-07 
-0.000380055 -0.000945293 -0.00104285 -0.00103851 -0.00105413 -0.00104724 -0.00102363 -0.000999705 -0.000987825 -0.000973808 -0.000961937 -0.000955612 -0.000952482 -0.000948674 -0.000944301 -0.000939553 -0.000935425 -0.000928953 -0.000922892 -0.000916257 -0.000908128 -0.000901855 -0.000896749 -0.00088826 -0.000879575 -0.000871806 -0.000863878 -0.000855542 -0.000847831 -0.000842581 -0.000836099 -0.00082884 -0.000822856 -0.000817738 -0.000812212 -0.000807131 -0.000803287 -0.000800184 -0.000796236 -0.000792603 -0.00078906 -0.000785984 -0.000783055 -0.000779815 -0.000776532 -0.00077437 -0.000771552 -0.000768475 -0.000765679 -0.000763312 -0.000760298 -0.000756894 -0.000753762 -0.00074997 -0.000746725 -0.000744558 -0.000741809 -0.000738824 -0.000735906 -0.000733695 -0.000730533 -0.00072658 -0.00072188 -0.000718225 -0.000713352 -0.00070938 -0.000705235 -0.00070135 -0.000696214 -0.000691258 -0.000685449 -0.000679928 -0.000674719 -0.00067062 -0.000664817 -0.000659596 -0.000654178 -0.000649159 -0.000643031 -0.000636412 -0.000632313 -0.000627004 -0.00062091 -0.000614666 -0.000610517 -0.000604266 -0.000598728 -0.000594021 -0.000589259 -0.000583835 -0.000577933 -0.000573597 -0.000568839 -0.000562477 -0.000556414 -0.000551637 -0.000546006 -0.000539575 -0.000534313 -0.00052941 -0.000524504 -0.000519125 -0.000514484 -0.000508008 -0.000501831 -0.000495296 -0.000490681 -0.000485715 -0.000480791 -0.000475309 -0.000469049 -0.00046252 -0.000457252 -0.0004518 -0.000446046 -0.000441882 -0.000436965 -0.00043214 -0.00042728 -0.000423304 -0.000419655 -0.000416066 -0.000411099 -0.00040629 -0.000402872 -0.000399432 -0.000394325 -0.00038995 -0.000386142 -0.00038242 -0.000378042 -0.000374057 -0.000370297 -0.000366195 -0.000362269 -0.000358394 -0.00035438 -0.000350893 -0.000348589 -0.00034582 -0.000342533 -0.000340029 -0.000336468 -0.000333288 -0.000330571 -0.000327849 -0.00032534 -0.000323312 -0.000320584 -0.000318159 -0.000316249 -0.00031331 -0.000310466 -0.000308226 -0.000305228 -0.000301792 -0.000298989 -0.000296581 -0.000293487 -0.000290753 -0.000288372 -0.000285611 -0.000283029 -0.000280676 -0.000278463 -0.0002761 -0.000273653 -0.000271305 -0.000267978 -0.000265402 -0.000262264 -0.000259744 -0.000257453 -0.000255041 -0.000252318 -0.000249686 -0.000247342 -0.000244698 -0.000240591 -0.000236509 -0.000233404 -0.000230182 -0.000226757 -0.00022317 -0.000220513 -0.000216783 -0.00021316 -0.000210213 -0.000205677 -0.000201895 -0.000198156 -0.000193942 -0.000189661 -0.000185996 -0.000181436 -0.000177076 -0.000173206 -0.000170025 -0.00016607 -0.000161276 -0.000157703 -0.000154071 -0.00015059 -0.000146785 -0.000143331 -0.000139659 -0.000136541 -0.000134078 -0.000130042 -0.000125663 -0.000121814 -0.000118886 -0.000115335 -0.000112261 -0.000109623 -0.000106709 -0.000103089 -9.89084e-05 -9.45406e-05 -9.02926e-05 -8.66206e-05 -8.33345e-05 -8.06404e-05 -7.7636e-05 -7.35542e-05 -7.0189e-05 -6.73666e-05 -6.35721e-05 -6.05976e-05 -5.6823e-05 -5.29438e-05 -5.05557e-05 -4.7861e-05 -4.50147e-05 -4.26433e-05 -4.04363e-05 -3.7599e-05 -3.50826e-05 -3.17406e-05 -2.88433e-05 -2.61318e-05 -2.31203e-05 -1.9686e-05 -1.7165e-05 -1.48441e-05 -1.24203e-05 -9.5155e-06 -7.26991e-06 -4.63374e-06 -4.57552e-07 
-0.000278102 -0.00092175 -0.00104763 -0.0010387 -0.00104991 -0.00104243 -0.00102112 -0.00100292 -0.00098822 -0.000974155 -0.000964226 -0.000957061 -0.000952819 -0.00094919 -0.000945298 -0.000941049 -0.000935393 -0.000929139 -0.000923526 -0.000917218 -0.000910162 -0.000904052 -0.000897559 -0.000888177 -0.000879237 -0.000871122 -0.000862046 -0.00085472 -0.00084834 -0.00084245 -0.000835438 -0.000828497 -0.000823165 -0.000815927 -0.000810573 -0.000807274 -0.000803568 -0.000799176 -0.000795237 -0.000792479 -0.000789474 -0.000786075 -0.00078272 -0.000779336 -0.000776328 -0.000774236 -0.000771066 -0.00076822 -0.000765773 -0.000763181 -0.000760126 -0.000756664 -0.00075289 -0.000749754 -0.00074724 -0.000744325 -0.000741104 -0.000738711 -0.000735931 -0.000732852 -0.000729313 -0.000726162 -0.000721436 -0.000717287 -0.000713233 -0.00070961 -0.000705371 -0.000700954 -0.000695129 -0.000690218 -0.000684232 -0.000679711 -0.000674384 -0.000669218 -0.000663866 -0.000659582 -0.000653712 -0.000647653 -0.000642273 -0.000636354 -0.000631811 -0.000625749 -0.000620653 -0.000614374 -0.000609206 -0.000603672 -0.000599031 -0.000594141 -0.000588512 -0.000582967 -0.000577969 -0.000572215 -0.000565864 -0.000560872 -0.000556562 -0.000550653 -0.000544298 -0.000538613 -0.000534062 -0.000528803 -0.000523723 -0.000519133 -0.000513787 -0.000506585 -0.000500669 -0.000494817 -0.000489809 -0.000485191 -0.000479726 -0.000473512 -0.000467984 -0.00046179 -0.000456341 -0.00045086 -0.000444389 -0.000439676 -0.000434867 -0.000430877 -0.000427246 -0.000423068 -0.00041914 -0.000415621 -0.000410899 -0.000406764 -0.000402639 -0.000398539 -0.000394034 -0.000390048 -0.000385599 -0.000380815 -0.000377349 -0.000374107 -0.000369904 -0.000365381 -0.000361674 -0.000358202 -0.000354586 -0.000351562 -0.000348789 -0.000345411 -0.00034244 -0.000339451 -0.000335945 -0.000333154 -0.000330164 -0.000327565 -0.00032499 -0.000322939 -0.000320357 -0.000317667 -0.000315118 -0.000312851 -0.000310349 -0.000307495 -0.000304718 -0.00030212 -0.000299288 -0.000296446 -0.0002934 -0.000290581 -0.000287896 -0.000285339 -0.000282766 -0.000280338 -0.000278382 -0.000276052 -0.000273364 -0.000270779 -0.000267729 -0.000265461 -0.000262479 -0.00025946 -0.000257481 -0.000255351 -0.000252579 -0.000249984 -0.000247308 -0.000244067 -0.00024029 -0.000236585 -0.000233786 -0.000230298 -0.000226586 -0.000223495 -0.000220715 -0.000217271 -0.000213403 -0.000209162 -0.000205347 -0.000202087 -0.000198123 -0.00019371 -0.000189909 -0.000186012 -0.000181127 -0.000177324 -0.000173171 -0.000169184 -0.000165688 -0.00016098 -0.000157065 -0.00015353 -0.000150213 -0.000146186 -0.000142595 -0.000139539 -0.000136367 -0.000133052 -0.000129437 -0.000125961 -0.000122096 -0.000118534 -0.000115115 -0.000111849 -0.000108404 -0.000105407 -0.000101995 -9.78954e-05 -9.42369e-05 -8.97891e-05 -8.61909e-05 -8.28036e-05 -7.95905e-05 -7.6685e-05 -7.36178e-05 -7.03528e-05 -6.75274e-05 -6.4061e-05 -6.07178e-05 -5.70182e-05 -5.31815e-05 -5.08382e-05 -4.7524e-05 -4.50085e-05 -4.28307e-05 -4.01132e-05 -3.71594e-05 -3.47941e-05 -3.19675e-05 -2.94206e-05 -2.67182e-05 -2.36143e-05 -1.98683e-05 -1.70113e-05 -1.44444e-05 -1.22577e-05 -9.92517e-06 -7.44589e-06 -3.80587e-06 7.94081e-07 
-0.000337275 -0.000957338 -0.00105928 -0.00103633 -0.00104551 -0.00103727 -0.00102483 -0.00101041 -0.00099027 -0.000973144 -0.000964387 -0.00095802 -0.000954024 -0.000949635 -0.000946628 -0.000943025 -0.000936689 -0.00093015 -0.000924422 -0.000917428 -0.000912099 -0.00090438 -0.000896065 -0.000888395 -0.000881542 -0.000871765 -0.000861 -0.000855739 -0.000848652 -0.000841186 -0.000835279 -0.000828513 -0.000822071 -0.00081507 -0.000809856 -0.000806485 -0.000802701 -0.000798178 -0.000794402 -0.000792114 -0.000789473 -0.000786372 -0.000783178 -0.000780104 -0.000776465 -0.000773575 -0.000770592 -0.000768445 -0.000765953 -0.000762491 -0.000759147 -0.000756369 -0.000752558 -0.00074992 -0.000747054 -0.00074389 -0.000741035 -0.000738465 -0.000735771 -0.000732071 -0.000728483 -0.000725481 -0.00072045 -0.000715901 -0.000712388 -0.000708388 -0.000704101 -0.000699868 -0.000694911 -0.000691014 -0.00068516 -0.000679441 -0.00067469 -0.000668221 -0.000662083 -0.000657911 -0.000652373 -0.000646572 -0.000642546 -0.000637124 -0.000630877 -0.000625199 -0.000620442 -0.000613894 -0.00060827 -0.000602962 -0.000599092 -0.000594265 -0.000586647 -0.000581091 -0.000575126 -0.000569852 -0.000564599 -0.000560638 -0.000555903 -0.000549506 -0.000543682 -0.00053862 -0.000534021 -0.000528019 -0.000522131 -0.000517666 -0.000512513 -0.000505623 -0.000500684 -0.000494267 -0.000487524 -0.000483101 -0.000477871 -0.000472232 -0.000467051 -0.000460125 -0.000454481 -0.000449165 -0.000444728 -0.000439569 -0.000434714 -0.000430061 -0.000426941 -0.000422908 -0.00041873 -0.000414536 -0.000410052 -0.000406429 -0.000401543 -0.000396625 -0.000392334 -0.00038881 -0.000384027 -0.00038014 -0.000376649 -0.000373354 -0.000369567 -0.000365399 -0.000361561 -0.000357665 -0.00035409 -0.000351785 -0.000348973 -0.000345676 -0.000342654 -0.000338733 -0.000335103 -0.00033267 -0.000329785 -0.000327217 -0.000324341 -0.000321981 -0.000319416 -0.000317453 -0.000315066 -0.000312907 -0.000310233 -0.000306652 -0.000304016 -0.000301512 -0.000298756 -0.000296162 -0.000293599 -0.000290825 -0.000287821 -0.000284926 -0.000282403 -0.000280125 -0.000278129 -0.000275891 -0.000273238 -0.000270601 -0.000267648 -0.000265472 -0.000262621 -0.000259341 -0.000256749 -0.000254542 -0.000252749 -0.00025043 -0.000247366 -0.000243411 -0.000239787 -0.000236531 -0.000233376 -0.000230825 -0.000227721 -0.00022462 -0.000220777 -0.000216859 -0.000213349 -0.000209588 -0.000205601 -0.000202075 -0.000197991 -0.000194424 -0.000190873 -0.00018633 -0.000180842 -0.000177631 -0.000173196 -0.000168673 -0.000165854 -0.000161233 -0.000157458 -0.000153788 -0.000149646 -0.000145968 -0.000142597 -0.000139448 -0.000136102 -0.000132259 -0.000129606 -0.000126163 -0.000121735 -0.000117682 -0.000114079 -0.000111627 -0.000108435 -0.000105318 -0.000101788 -9.73803e-05 -9.35766e-05 -8.91677e-05 -8.53475e-05 -8.18961e-05 -7.91329e-05 -7.63362e-05 -7.41182e-05 -7.08718e-05 -6.79341e-05 -6.39819e-05 -6.03235e-05 -5.72769e-05 -5.39903e-05 -5.10545e-05 -4.78534e-05 -4.54556e-05 -4.3053e-05 -3.99163e-05 -3.70927e-05 -3.47724e-05 -3.20585e-05 -2.95406e-05 -2.65592e-05 -2.34499e-05 -2.05138e-05 -1.76621e-05 -1.46103e-05 -1.22555e-05 -1.02579e-05 -7.75011e-06 -3.34556e-06 8.74431e-07 
-0.000278938 -0.000898748 -0.00103833 -0.00103814 -0.00104305 -0.00103622 -0.00102575 -0.00101486 -0.00099523 -0.00097725 -0.000964639 -0.00095806 -0.000953852 -0.000951297 -0.000948203 -0.000944692 -0.000939336 -0.000932995 -0.000926904 -0.000920234 -0.000913755 -0.000905249 -0.000896508 -0.000888242 -0.00088083 -0.000871074 -0.000860713 -0.000855144 -0.000847874 -0.000841376 -0.000836066 -0.000827919 -0.000820335 -0.000814518 -0.000809382 -0.000804733 -0.000800795 -0.00079735 -0.000794919 -0.000792278 -0.00078882 -0.000785442 -0.000782728 -0.000779885 -0.000776722 -0.000773225 -0.000770277 -0.000767748 -0.000765268 -0.000762161 -0.000759196 -0.000756682 -0.000753347 -0.000749779 -0.000746897 -0.000743814 -0.000740665 -0.000737248 -0.000734686 -0.000731231 -0.000727369 -0.000724529 -0.000719717 -0.000715179 -0.000711843 -0.000707326 -0.000703155 -0.000699844 -0.00069561 -0.000691538 -0.000685117 -0.000678458 -0.000673391 -0.000667549 -0.000662228 -0.000656862 -0.000652383 -0.000646729 -0.000641608 -0.000636965 -0.000630459 -0.000625044 -0.000619887 -0.000613351 -0.000607978 -0.000602543 -0.000597856 -0.000592672 -0.000586693 -0.000581438 -0.00057536 -0.000569006 -0.000563941 -0.000558609 -0.000553494 -0.000548705 -0.000544049 -0.00053832 -0.000532473 -0.000527208 -0.000522081 -0.000517359 -0.000511705 -0.000504583 -0.000498973 -0.000492895 -0.000486653 -0.00048214 -0.000477074 -0.000472143 -0.000465799 -0.000459208 -0.000454509 -0.000449684 -0.000444326 -0.000438446 -0.000433876 -0.000429319 -0.000426209 -0.000422661 -0.000418496 -0.000413332 -0.000408224 -0.00040452 -0.0004 -0.000395877 -0.000392174 -0.000388155 -0.000383433 -0.000380085 -0.000376079 -0.000372288 -0.000368348 -0.000364669 -0.000361496 -0.00035801 -0.000354306 -0.000351529 -0.000348344 -0.000344839 -0.000342107 -0.000338323 -0.000334875 -0.000332144 -0.000329067 -0.000327077 -0.000324255 -0.000321346 -0.000319148 -0.000317178 -0.000314812 -0.000311921 -0.000309396 -0.000306345 -0.000304225 -0.000301312 -0.000298229 -0.00029582 -0.000293271 -0.000290729 -0.000288005 -0.000284749 -0.000281788 -0.00027941 -0.000277498 -0.000275508 -0.000273248 -0.000270644 -0.000267176 -0.000264707 -0.00026206 -0.000259002 -0.000256715 -0.000254149 -0.000252004 -0.000249819 -0.00024739 -0.00024406 -0.000240632 -0.000236972 -0.000233617 -0.000230726 -0.000227983 -0.000225173 -0.000220508 -0.00021664 -0.00021349 -0.00020959 -0.00020571 -0.000201394 -0.00019776 -0.000194339 -0.000190942 -0.000186003 -0.000181267 -0.000178232 -0.000173471 -0.000168703 -0.000165972 -0.000161608 -0.000157843 -0.000153908 -0.000149984 -0.000146601 -0.000142832 -0.000138953 -0.000135643 -0.000132457 -0.000129759 -0.000126035 -0.000121557 -0.000118013 -0.000114846 -0.000110997 -0.000107739 -0.000104061 -0.000100615 -9.67419e-05 -9.31433e-05 -8.87809e-05 -8.55966e-05 -8.28453e-05 -7.97137e-05 -7.6435e-05 -7.40907e-05 -7.12047e-05 -6.78957e-05 -6.46701e-05 -6.09177e-05 -5.81161e-05 -5.46442e-05 -5.09483e-05 -4.78594e-05 -4.56367e-05 -4.25035e-05 -3.97599e-05 -3.76351e-05 -3.5081e-05 -3.19642e-05 -2.95487e-05 -2.61558e-05 -2.32404e-05 -2.07882e-05 -1.79242e-05 -1.546e-05 -1.25043e-05 -9.63659e-06 -7.30642e-06 -3.95284e-06 -2.19424e-07 
-0.000322276 -0.000912113 -0.0010376 -0.00102721 -0.00104111 -0.00104002 -0.00103019 -0.00101574 -0.000997492 -0.000982823 -0.000967271 -0.000959094 -0.000956543 -0.000954427 -0.000951578 -0.000946567 -0.000941708 -0.000934786 -0.000927913 -0.000921423 -0.000915747 -0.00090799 -0.000900874 -0.000889885 -0.000878704 -0.000870777 -0.000861423 -0.000853975 -0.000846449 -0.000840705 -0.000834809 -0.000827588 -0.000820084 -0.000814651 -0.000809315 -0.000803217 -0.000799305 -0.000796874 -0.000794195 -0.000791323 -0.000788569 -0.000785822 -0.000782567 -0.000779335 -0.000776579 -0.000773171 -0.000770405 -0.000767285 -0.00076454 -0.000762014 -0.000759247 -0.000756918 -0.000753142 -0.000749596 -0.000746794 -0.000744284 -0.000740769 -0.000737037 -0.000734347 -0.000730783 -0.000726537 -0.000723655 -0.000719004 -0.000714454 -0.000710436 -0.000706258 -0.000703352 -0.000699606 -0.000694901 -0.000691088 -0.000685223 -0.000678981 -0.000673051 -0.000666703 -0.000662143 -0.000656669 -0.000651323 -0.000645544 -0.00063963 -0.000635312 -0.000631035 -0.00062543 -0.000619087 -0.000612031 -0.000607065 -0.00060238 -0.000597723 -0.000591745 -0.000586171 -0.000580991 -0.000574885 -0.000569048 -0.000563955 -0.000557255 -0.00055182 -0.000547196 -0.000542859 -0.000537704 -0.000531862 -0.000526414 -0.000521938 -0.000516302 -0.000509825 -0.000503503 -0.000497908 -0.00049209 -0.000487068 -0.000481258 -0.00047526 -0.000470608 -0.000463894 -0.000457839 -0.000453716 -0.000448458 -0.000443153 -0.000438209 -0.00043414 -0.000429348 -0.000424975 -0.000421184 -0.00041763 -0.000412892 -0.000407594 -0.000404207 -0.000399699 -0.000395221 -0.000390805 -0.000387237 -0.000383111 -0.000380045 -0.000376233 -0.000372541 -0.000368569 -0.000364443 -0.000360961 -0.000358083 -0.000354796 -0.000351713 -0.000348406 -0.000344714 -0.000341321 -0.000337929 -0.000335207 -0.000332096 -0.000328893 -0.000327106 -0.000324447 -0.000321372 -0.000318842 -0.000316836 -0.000314345 -0.000311341 -0.000309221 -0.000306348 -0.00030397 -0.000301227 -0.00029864 -0.000296069 -0.000292802 -0.000290228 -0.000287605 -0.000284298 -0.000281892 -0.000279348 -0.000276743 -0.000274514 -0.000272649 -0.000270509 -0.000267767 -0.000264868 -0.00026188 -0.000258492 -0.000256128 -0.000253708 -0.000251539 -0.000249708 -0.000247308 -0.00024418 -0.000240758 -0.000237145 -0.000234481 -0.000231074 -0.000227913 -0.000225052 -0.000220853 -0.000217555 -0.000212943 -0.000208294 -0.000204731 -0.00020135 -0.000198193 -0.000194652 -0.000190659 -0.000186356 -0.000181894 -0.000178438 -0.000174055 -0.00016945 -0.000166341 -0.000161629 -0.000157708 -0.000154198 -0.000150893 -0.000147015 -0.000142742 -0.000139144 -0.000136207 -0.000132679 -0.0001291 -0.000125102 -0.000121187 -0.000118486 -0.000114454 -0.000110332 -0.000107008 -0.000103784 -0.000100695 -9.71737e-05 -9.31737e-05 -8.86885e-05 -8.56773e-05 -8.24764e-05 -7.97181e-05 -7.69124e-05 -7.4352e-05 -7.1295e-05 -6.81933e-05 -6.55634e-05 -6.20522e-05 -5.84033e-05 -5.47615e-05 -5.16615e-05 -4.88186e-05 -4.5679e-05 -4.22887e-05 -3.9499e-05 -3.75183e-05 -3.46329e-05 -3.1656e-05 -2.98739e-05 -2.68559e-05 -2.42207e-05 -2.14194e-05 -1.81739e-05 -1.58979e-05 -1.28651e-05 -9.98293e-06 -7.36903e-06 -4.2536e-06 4.4069e-07 
-0.000326567 -0.000911186 -0.00100803 -0.00100377 -0.00103711 -0.00104721 -0.00104096 -0.00102229 -0.000999022 -0.000985441 -0.000970235 -0.000963959 -0.000962245 -0.000959505 -0.000957249 -0.000951109 -0.000944593 -0.000937356 -0.000930151 -0.00092376 -0.000916589 -0.00090998 -0.000902879 -0.000892291 -0.00087912 -0.000871007 -0.000860933 -0.000852179 -0.000845323 -0.000839339 -0.000833203 -0.000827151 -0.000819274 -0.000812486 -0.000807754 -0.000802669 -0.000799838 -0.00079662 -0.000793183 -0.000790662 -0.00078807 -0.000785224 -0.000781823 -0.000778461 -0.000775212 -0.000772271 -0.000770179 -0.00076707 -0.000764508 -0.000761891 -0.000758829 -0.000756245 -0.000752985 -0.000749887 -0.000747037 -0.000743761 -0.000740562 -0.000737233 -0.000733926 -0.000729724 -0.000725678 -0.000721758 -0.000717278 -0.000713799 -0.000709204 -0.000705213 -0.000702297 -0.000698258 -0.000694653 -0.000690439 -0.000685727 -0.000680018 -0.000672749 -0.00066586 -0.000661031 -0.000654995 -0.00064944 -0.000644761 -0.000639561 -0.00063523 -0.000629554 -0.000623584 -0.000617801 -0.00061201 -0.000606828 -0.000601146 -0.000596829 -0.000591872 -0.000586268 -0.000579695 -0.000572422 -0.000567126 -0.000562301 -0.000556455 -0.000551815 -0.000545564 -0.000540582 -0.00053626 -0.000530572 -0.00052509 -0.000519341 -0.000513594 -0.000508603 -0.000503664 -0.000496183 -0.000490233 -0.000485009 -0.0004794 -0.0004741 -0.000469156 -0.000463064 -0.000458582 -0.000453882 -0.000447665 -0.000443297 -0.000438462 -0.00043391 -0.000428993 -0.00042398 -0.000420159 -0.0004167 -0.000412557 -0.000407777 -0.000403258 -0.000399449 -0.000395344 -0.000390732 -0.000387522 -0.000383364 -0.000379112 -0.000375809 -0.000372099 -0.000368115 -0.000364467 -0.00036054 -0.00035718 -0.000354454 -0.000351498 -0.000348227 -0.000344893 -0.000341075 -0.000337527 -0.000334794 -0.000331917 -0.00032944 -0.000326741 -0.000323906 -0.000321507 -0.000318977 -0.000316322 -0.00031364 -0.000311093 -0.000309241 -0.000306333 -0.00030337 -0.000300734 -0.000298723 -0.000295944 -0.000293012 -0.000290535 -0.000287222 -0.000283887 -0.000281343 -0.000279007 -0.00027676 -0.000274723 -0.000272515 -0.00027018 -0.000267554 -0.000264434 -0.000261678 -0.000258457 -0.000255957 -0.000253394 -0.000251104 -0.000248678 -0.000246553 -0.000244058 -0.000240451 -0.000236902 -0.000234265 -0.000231191 -0.000228449 -0.000224778 -0.000220556 -0.000217491 -0.000212545 -0.000207716 -0.000204438 -0.00020096 -0.000196971 -0.000193685 -0.000190576 -0.000186834 -0.000182208 -0.000177965 -0.000174484 -0.000170095 -0.000166354 -0.00016211 -0.000158141 -0.000154977 -0.000151118 -0.000146731 -0.000142792 -0.000139476 -0.000136257 -0.000132178 -0.000128368 -0.000124831 -0.000121489 -0.000118071 -0.000113974 -0.000110212 -0.000107131 -0.000103862 -0.000100023 -9.66635e-05 -9.36039e-05 -9.01697e-05 -8.69531e-05 -8.29446e-05 -8.00728e-05 -7.76356e-05 -7.41835e-05 -7.10742e-05 -6.81943e-05 -6.55452e-05 -6.19626e-05 -5.82242e-05 -5.50522e-05 -5.2551e-05 -4.93485e-05 -4.56835e-05 -4.27174e-05 -3.99341e-05 -3.74094e-05 -3.43273e-05 -3.1627e-05 -2.98221e-05 -2.68896e-05 -2.42075e-05 -2.17055e-05 -1.86515e-05 -1.5937e-05 -1.28897e-05 -1.0212e-05 -7.4957e-06 -3.76009e-06 1.52997e-06 
-0.000348485 -0.000909351 -0.00100346 -0.000996267 -0.00102524 -0.00104302 -0.0010472 -0.00102881 -0.00100366 -0.00098854 -0.000975811 -0.000969513 -0.000968296 -0.000965333 -0.000961499 -0.000954587 -0.000947578 -0.000940486 -0.000933123 -0.000926909 -0.000918359 -0.000909877 -0.000902075 -0.000892207 -0.000880384 -0.000870166 -0.00085963 -0.000852588 -0.000846437 -0.00083889 -0.000831268 -0.000826314 -0.000818645 -0.000811786 -0.000806748 -0.000801874 -0.00079896 -0.000796022 -0.000793035 -0.000790636 -0.000787041 -0.00078354 -0.000780406 -0.000777672 -0.000774679 -0.000771703 -0.000769161 -0.000766001 -0.000763685 -0.00076134 -0.00075858 -0.000755927 -0.000753197 -0.000750674 -0.000747486 -0.000743287 -0.000740088 -0.000736579 -0.000732324 -0.000728873 -0.000725344 -0.000720718 -0.000716169 -0.000712766 -0.000708225 -0.00070377 -0.000700356 -0.000696673 -0.000693859 -0.000688795 -0.000683819 -0.000678264 -0.000671656 -0.000665958 -0.000660619 -0.000654155 -0.00064892 -0.000645102 -0.000640183 -0.000635662 -0.000628424 -0.000622414 -0.000616801 -0.000611708 -0.000605799 -0.000599437 -0.000595107 -0.000590424 -0.000585189 -0.000579187 -0.000572661 -0.000567904 -0.000561701 -0.00055473 -0.000550046 -0.000544455 -0.000539205 -0.000534706 -0.000529757 -0.000524452 -0.000518366 -0.000512204 -0.000507475 -0.000502703 -0.000495985 -0.000490113 -0.00048462 -0.000478661 -0.00047372 -0.000467803 -0.000461849 -0.000457716 -0.000453001 -0.00044811 -0.000444129 -0.000438498 -0.00043235 -0.000427748 -0.000424074 -0.000420163 -0.000416083 -0.000412558 -0.000408109 -0.000402841 -0.000399292 -0.000396017 -0.000391438 -0.000387884 -0.000383542 -0.000378981 -0.000375744 -0.000371055 -0.000366874 -0.000363964 -0.000360193 -0.00035717 -0.000354681 -0.000351301 -0.000347656 -0.00034462 -0.000341039 -0.00033818 -0.000335266 -0.000332511 -0.000329901 -0.000326661 -0.000323614 -0.000321048 -0.00031855 -0.000315961 -0.000313497 -0.000311024 -0.000309002 -0.000306116 -0.000303323 -0.000300839 -0.000298526 -0.000295183 -0.000292816 -0.000290233 -0.000286822 -0.000284005 -0.000281338 -0.000278919 -0.000276941 -0.00027496 -0.000271987 -0.000269724 -0.000267498 -0.000264642 -0.000261878 -0.000258705 -0.000255314 -0.000252842 -0.000250928 -0.00024889 -0.000246391 -0.000244081 -0.000240572 -0.000236639 -0.00023376 -0.000230825 -0.00022835 -0.000224677 -0.00022044 -0.000216957 -0.000212392 -0.000208538 -0.000204299 -0.000199886 -0.000196708 -0.000193637 -0.000190285 -0.000186769 -0.00018275 -0.000178545 -0.000174922 -0.000170233 -0.000165898 -0.000162367 -0.0001589 -0.00015525 -0.000150821 -0.000147003 -0.000143846 -0.000139695 -0.000135535 -0.000132388 -0.000128372 -0.000125265 -0.000121583 -0.000117016 -0.00011339 -0.000110348 -0.000106912 -0.000103371 -0.000100039 -9.68419e-05 -9.3954e-05 -9.07145e-05 -8.74418e-05 -8.42888e-05 -8.07401e-05 -7.75951e-05 -7.4524e-05 -7.14395e-05 -6.84651e-05 -6.51455e-05 -6.14351e-05 -5.81186e-05 -5.54083e-05 -5.26109e-05 -4.93733e-05 -4.59245e-05 -4.32872e-05 -3.99688e-05 -3.68433e-05 -3.44991e-05 -3.18719e-05 -2.97384e-05 -2.68312e-05 -2.42484e-05 -2.19015e-05 -1.912e-05 -1.57298e-05 -1.2567e-05 -1.00159e-05 -7.08184e-06 -4.23926e-06 8.17597e-08 
-0.000344709 -0.000880966 -0.000994779 -0.000994162 -0.00102116 -0.00103445 -0.00104174 -0.00103168 -0.00100753 -0.000992401 -0.000980837 -0.000974972 -0.000973719 -0.000969913 -0.000965482 -0.000959174 -0.000950649 -0.000941319 -0.000932546 -0.000926046 -0.000919716 -0.000912221 -0.000902514 -0.000893537 -0.000882704 -0.000870072 -0.000858742 -0.000850967 -0.000844318 -0.00083785 -0.00083077 -0.000824922 -0.000817824 -0.000812208 -0.000806585 -0.000800974 -0.000797933 -0.000795025 -0.000792494 -0.00078986 -0.000786452 -0.000783119 -0.000779953 -0.000776989 -0.000774108 -0.000771445 -0.000768716 -0.000765642 -0.000763245 -0.000761108 -0.000758921 -0.000755977 -0.000753002 -0.000750281 -0.000747024 -0.000743531 -0.00074035 -0.000736115 -0.000731713 -0.000727932 -0.000724228 -0.000720129 -0.000715237 -0.000711265 -0.000707012 -0.000703001 -0.000698928 -0.000695101 -0.000691652 -0.000687303 -0.000682502 -0.000676511 -0.000670447 -0.000664432 -0.000658653 -0.00065398 -0.000649125 -0.000643909 -0.000638674 -0.000634052 -0.000628537 -0.000623446 -0.000616494 -0.000609428 -0.000604227 -0.000599427 -0.000594675 -0.000589437 -0.000583483 -0.000578323 -0.000572739 -0.00056708 -0.000560438 -0.000553528 -0.000548576 -0.00054343 -0.00053854 -0.000532472 -0.000527584 -0.00052303 -0.000516967 -0.0005123 -0.00050654 -0.000500172 -0.000494785 -0.000489423 -0.000482914 -0.000477298 -0.000472498 -0.00046638 -0.000461826 -0.000456856 -0.00045143 -0.000447537 -0.00044328 -0.000437429 -0.000432034 -0.00042783 -0.000423629 -0.000419973 -0.000415031 -0.000411457 -0.000408086 -0.000404131 -0.000400182 -0.000396486 -0.00039211 -0.00038704 -0.000382769 -0.000378366 -0.000375189 -0.000370519 -0.000366354 -0.000363684 -0.000360355 -0.000357017 -0.000354004 -0.000351158 -0.000347939 -0.000344344 -0.000340993 -0.000338203 -0.000335185 -0.000332502 -0.000330152 -0.000326839 -0.000324198 -0.000321058 -0.000317984 -0.000315713 -0.000313236 -0.000310328 -0.000308008 -0.00030579 -0.000303453 -0.000301364 -0.000298567 -0.00029526 -0.000292719 -0.000289712 -0.000286257 -0.000283991 -0.000281121 -0.000278485 -0.000276272 -0.000274594 -0.000272093 -0.000269953 -0.000267652 -0.000264714 -0.000261788 -0.000258745 -0.000255646 -0.000253133 -0.000250983 -0.000248951 -0.000246055 -0.000243289 -0.000240245 -0.000237146 -0.000234183 -0.000230462 -0.000227454 -0.000224719 -0.000221505 -0.000217038 -0.000212341 -0.000208956 -0.000204076 -0.000199515 -0.000196933 -0.000193442 -0.000189103 -0.000185732 -0.000182885 -0.000178566 -0.00017421 -0.000170165 -0.000166312 -0.000162382 -0.000158431 -0.000154822 -0.000150952 -0.000147556 -0.000143944 -0.000139867 -0.000135668 -0.000132723 -0.000128405 -0.000124147 -0.000120702 -0.000116826 -0.000113508 -0.000110372 -0.000106611 -0.000103011 -0.000100786 -9.79797e-05 -9.51004e-05 -9.10487e-05 -8.76261e-05 -8.52652e-05 -8.09658e-05 -7.70434e-05 -7.4245e-05 -7.09659e-05 -6.75092e-05 -6.46339e-05 -6.11674e-05 -5.83887e-05 -5.55138e-05 -5.2102e-05 -4.92315e-05 -4.62943e-05 -4.32781e-05 -3.97892e-05 -3.67569e-05 -3.45403e-05 -3.1676e-05 -2.89996e-05 -2.67624e-05 -2.43086e-05 -2.14015e-05 -1.84336e-05 -1.53295e-05 -1.26894e-05 -9.82179e-06 -6.18097e-06 -3.77381e-06 -7.33106e-08 
-0.000301658 -0.000842193 -0.000996933 -0.00100891 -0.00102718 -0.00104188 -0.00104397 -0.0010297 -0.00100974 -0.000991937 -0.000983671 -0.000980593 -0.000979266 -0.000975928 -0.000968676 -0.000961432 -0.000953025 -0.000941952 -0.000932915 -0.000925988 -0.000918838 -0.00091154 -0.000900731 -0.000890948 -0.000881384 -0.00086987 -0.000860568 -0.00085038 -0.000843124 -0.000837149 -0.000830621 -0.000823844 -0.000816858 -0.00081096 -0.000805029 -0.000800907 -0.000797672 -0.000794264 -0.00079127 -0.000788635 -0.000785507 -0.00078274 -0.000779363 -0.000775976 -0.000773383 -0.000771257 -0.000768502 -0.000765899 -0.000762887 -0.000760507 -0.000758132 -0.000756015 -0.000753607 -0.00075014 -0.000745883 -0.00074291 -0.000739375 -0.00073506 -0.00073153 -0.00072733 -0.000722871 -0.000719199 -0.000714576 -0.000710032 -0.000705467 -0.000701965 -0.000697821 -0.00069387 -0.00068959 -0.000685213 -0.000680764 -0.000674954 -0.000669826 -0.000664106 -0.000657823 -0.00065355 -0.000649202 -0.000642751 -0.000637643 -0.000633198 -0.000627892 -0.000622611 -0.000616024 -0.00060882 -0.000603598 -0.000599367 -0.000594552 -0.000588412 -0.000582283 -0.000578679 -0.000571831 -0.000565172 -0.000559827 -0.000554369 -0.000547803 -0.000541195 -0.000536541 -0.000531566 -0.000526975 -0.000521167 -0.000515254 -0.000511045 -0.000505167 -0.000499291 -0.00049467 -0.000488346 -0.000481582 -0.00047712 -0.000471362 -0.000464865 -0.00046089 -0.000455695 -0.000450955 -0.000447285 -0.000442247 -0.000436606 -0.000432486 -0.000427488 -0.000422242 -0.00041892 -0.000415099 -0.000411487 -0.000408481 -0.000405099 -0.000400004 -0.000395459 -0.000391476 -0.00038654 -0.000382885 -0.000378406 -0.000374639 -0.000370318 -0.000365767 -0.000362478 -0.000359632 -0.000356784 -0.000353516 -0.000350886 -0.000347693 -0.000344166 -0.000341318 -0.000338398 -0.000335387 -0.00033285 -0.000329778 -0.000326477 -0.000324364 -0.000321346 -0.000317853 -0.000315984 -0.000313186 -0.000310359 -0.000308491 -0.000305743 -0.000302871 -0.000300267 -0.000297719 -0.000294852 -0.000292303 -0.00028884 -0.000285863 -0.000283719 -0.000281282 -0.000279043 -0.000276532 -0.000275051 -0.000272485 -0.000269681 -0.000267398 -0.000264709 -0.000261928 -0.000259429 -0.000256628 -0.000253667 -0.000250886 -0.000248762 -0.000246568 -0.000243288 -0.000239939 -0.000237198 -0.000233735 -0.000230486 -0.000227434 -0.000224601 -0.000221498 -0.000217378 -0.000212963 -0.000208961 -0.000203754 -0.000199778 -0.000196658 -0.000192902 -0.000189146 -0.0001858 -0.00018274 -0.000178294 -0.000173366 -0.000169988 -0.00016611 -0.000161523 -0.000158029 -0.000155113 -0.000151662 -0.000147542 -0.000143145 -0.000139687 -0.000136183 -0.000133274 -0.000129297 -0.000124595 -0.000120771 -0.000117512 -0.000113892 -0.00011014 -0.000106873 -0.000103693 -0.000101334 -9.82065e-05 -9.49791e-05 -9.157e-05 -8.82932e-05 -8.53428e-05 -8.1181e-05 -7.70382e-05 -7.42227e-05 -7.05609e-05 -6.72008e-05 -6.41651e-05 -6.06836e-05 -5.75285e-05 -5.47356e-05 -5.193e-05 -4.95522e-05 -4.59824e-05 -4.27449e-05 -3.98144e-05 -3.68895e-05 -3.44209e-05 -3.18203e-05 -2.89238e-05 -2.63172e-05 -2.41905e-05 -2.12916e-05 -1.80733e-05 -1.48448e-05 -1.25178e-05 -9.55128e-06 -6.64765e-06 -3.91234e-06 4.90312e-07 
-0.000357776 -0.000897577 -0.000993061 -0.000992626 -0.00102752 -0.00104002 -0.00103731 -0.00102261 -0.00100441 -0.000992289 -0.000987839 -0.00098563 -0.000983312 -0.000978119 -0.000968743 -0.000959877 -0.000950979 -0.000942932 -0.000935154 -0.000925674 -0.000916136 -0.00091007 -0.000901643 -0.000892136 -0.000881604 -0.000869028 -0.000860184 -0.000850794 -0.000842817 -0.000835469 -0.000829088 -0.000822613 -0.000816358 -0.000810355 -0.000804044 -0.00079994 -0.000796666 -0.000794097 -0.000791543 -0.00078829 -0.000785165 -0.000781931 -0.000778769 -0.000776065 -0.000773547 -0.000770767 -0.000768026 -0.000766087 -0.000763162 -0.0007605 -0.000757848 -0.000755745 -0.000753584 -0.00074964 -0.000745968 -0.000742282 -0.000738028 -0.00073386 -0.000730654 -0.000726374 -0.000722279 -0.000718718 -0.000714187 -0.000709726 -0.000705319 -0.000700525 -0.000695937 -0.000692897 -0.000688572 -0.00068398 -0.00067946 -0.00067341 -0.000668732 -0.000663558 -0.000657081 -0.000651852 -0.00064746 -0.000641872 -0.000637446 -0.000631915 -0.000625701 -0.000620341 -0.000615293 -0.000608897 -0.00060251 -0.000598048 -0.00059296 -0.00058754 -0.000582443 -0.00057825 -0.000571643 -0.000565434 -0.000559861 -0.000554184 -0.000547201 -0.000540208 -0.000535847 -0.000530559 -0.000525671 -0.000520462 -0.000514196 -0.000509619 -0.000504517 -0.000498758 -0.000493349 -0.000486622 -0.000480554 -0.000475742 -0.000469544 -0.000463889 -0.000459818 -0.000455135 -0.000450335 -0.000446151 -0.000440821 -0.000435829 -0.00043167 -0.000426373 -0.00042199 -0.000418822 -0.000415277 -0.00041112 -0.000407953 -0.000404298 -0.000399484 -0.000394837 -0.000391099 -0.000386379 -0.000382909 -0.000377473 -0.000372714 -0.000369229 -0.000365774 -0.000362048 -0.000359187 -0.000356848 -0.00035401 -0.000350699 -0.000347213 -0.000343727 -0.000341132 -0.000338139 -0.000335746 -0.000333036 -0.000329586 -0.000326284 -0.000324178 -0.000321118 -0.000318049 -0.000316234 -0.000312819 -0.000310094 -0.000308161 -0.000305566 -0.000302778 -0.000300404 -0.000297887 -0.000294884 -0.000291954 -0.000288564 -0.000286097 -0.000283575 -0.000281174 -0.000279205 -0.000276759 -0.000275046 -0.000272212 -0.00026956 -0.000267531 -0.000265256 -0.000262048 -0.000259294 -0.000256738 -0.000253995 -0.000251674 -0.000249295 -0.000246724 -0.000243491 -0.000239871 -0.000236339 -0.00023281 -0.00023048 -0.000227711 -0.000224238 -0.000220952 -0.000217531 -0.000213855 -0.000209165 -0.000204387 -0.000199965 -0.000196479 -0.000192745 -0.000189906 -0.000185615 -0.000181213 -0.000177756 -0.000173812 -0.000169895 -0.000165673 -0.000161383 -0.000158339 -0.000154843 -0.000150748 -0.000147083 -0.00014318 -0.000139979 -0.000136375 -0.000133376 -0.000129805 -0.00012542 -0.000120938 -0.000117566 -0.000114117 -0.000110388 -0.000107911 -0.000104868 -0.000101624 -9.79782e-05 -9.44761e-05 -9.19054e-05 -8.81745e-05 -8.45295e-05 -8.10359e-05 -7.75545e-05 -7.41487e-05 -7.04304e-05 -6.7587e-05 -6.43126e-05 -6.03555e-05 -5.77501e-05 -5.45434e-05 -5.12887e-05 -4.89051e-05 -4.58654e-05 -4.25908e-05 -3.98655e-05 -3.68074e-05 -3.39221e-05 -3.15694e-05 -2.89936e-05 -2.61542e-05 -2.34567e-05 -2.10156e-05 -1.79377e-05 -1.45952e-05 -1.16035e-05 -8.84003e-06 -6.66878e-06 -3.93574e-06 1.27814e-06 
-0.000327693 -0.000916025 -0.00101714 -0.00100023 -0.00102906 -0.00104285 -0.00104017 -0.00101974 -0.00100304 -0.000993458 -0.000988476 -0.000986868 -0.00098317 -0.00097735 -0.000969559 -0.000961336 -0.000951805 -0.000942098 -0.000934447 -0.000925696 -0.000917059 -0.000909135 -0.000900621 -0.000890682 -0.000879397 -0.00086821 -0.000858581 -0.000849555 -0.000841713 -0.000833969 -0.000828327 -0.000821706 -0.000814902 -0.000809439 -0.000804467 -0.000800044 -0.000796055 -0.000793267 -0.00079052 -0.000787413 -0.000784543 -0.000781527 -0.000778986 -0.000776657 -0.000773902 -0.000770496 -0.000767839 -0.000765566 -0.000762663 -0.000760591 -0.00075788 -0.00075545 -0.000752849 -0.000749296 -0.000746029 -0.00074176 -0.000736896 -0.000733488 -0.00072989 -0.000725967 -0.000722654 -0.00071831 -0.000713167 -0.000708866 -0.000704806 -0.000700076 -0.000695387 -0.00069231 -0.000686908 -0.000682361 -0.000678263 -0.000672408 -0.00066748 -0.0006629 -0.000656954 -0.000651178 -0.000645819 -0.000640324 -0.000635984 -0.000630326 -0.0006254 -0.00062009 -0.00061517 -0.000608787 -0.000602025 -0.000596481 -0.000591453 -0.000587437 -0.000582909 -0.000577498 -0.000571629 -0.000566652 -0.000560045 -0.000552816 -0.000546727 -0.000540497 -0.000536068 -0.000529629 -0.000524037 -0.000519207 -0.000513888 -0.000508353 -0.000503649 -0.000497536 -0.000491746 -0.000485964 -0.000480098 -0.000474833 -0.000468526 -0.000464139 -0.000459722 -0.000454384 -0.000449398 -0.000444599 -0.000440442 -0.000435745 -0.000430911 -0.000425819 -0.000421403 -0.000417535 -0.000414474 -0.000410842 -0.000407072 -0.000403051 -0.000399031 -0.000395072 -0.000390565 -0.000385343 -0.000382143 -0.000377034 -0.00037241 -0.000369121 -0.000365722 -0.000362379 -0.000359099 -0.000356787 -0.000353719 -0.000349944 -0.000346858 -0.000343955 -0.000341001 -0.000338095 -0.000335123 -0.00033241 -0.000329665 -0.000327105 -0.000324393 -0.000321209 -0.000318227 -0.00031625 -0.000312923 -0.000310115 -0.000308068 -0.000305424 -0.000303371 -0.000300953 -0.000297535 -0.000294058 -0.000291349 -0.000288592 -0.000286294 -0.000283525 -0.000281166 -0.0002793 -0.000277198 -0.000275175 -0.000272215 -0.000269542 -0.00026721 -0.000264769 -0.00026212 -0.000259798 -0.000257263 -0.000254442 -0.000252406 -0.000249305 -0.000246179 -0.00024358 -0.000240009 -0.000236252 -0.000232627 -0.000229805 -0.00022726 -0.000224149 -0.000221037 -0.00021741 -0.000213813 -0.000209414 -0.000205644 -0.00020141 -0.000197278 -0.000193249 -0.000190144 -0.000185472 -0.000180792 -0.00017784 -0.000173496 -0.000168941 -0.000165426 -0.000161525 -0.000158353 -0.000154311 -0.000150554 -0.000147244 -0.000143621 -0.000140488 -0.000136458 -0.000133134 -0.000129765 -0.000126363 -0.000122083 -0.000118688 -0.000114595 -0.000111015 -0.000108154 -0.000104428 -0.000101287 -9.82366e-05 -9.50267e-05 -9.16836e-05 -8.80389e-05 -8.391e-05 -8.03867e-05 -7.72935e-05 -7.35992e-05 -7.05111e-05 -6.78013e-05 -6.4113e-05 -6.02712e-05 -5.774e-05 -5.44348e-05 -5.10807e-05 -4.84159e-05 -4.53245e-05 -4.22568e-05 -3.92367e-05 -3.64792e-05 -3.37302e-05 -3.13239e-05 -2.86933e-05 -2.60148e-05 -2.27792e-05 -2.01228e-05 -1.76584e-05 -1.45954e-05 -1.13761e-05 -8.54571e-06 -6.63671e-06 -3.83435e-06 1.06994e-06 
-0.000306428 -0.000897249 -0.00102043 -0.00101111 -0.00104914 -0.00105469 -0.00104182 -0.00102352 -0.00100186 -0.000990976 -0.000988044 -0.000986436 -0.000982585 -0.000976802 -0.000969868 -0.000961411 -0.000951268 -0.000940022 -0.000932538 -0.000925171 -0.000916691 -0.000907863 -0.000899226 -0.000888496 -0.000878305 -0.000869488 -0.000859469 -0.000848556 -0.000840534 -0.000832382 -0.000827288 -0.000820464 -0.000813989 -0.000808892 -0.000804299 -0.000799492 -0.000794998 -0.000792076 -0.000789321 -0.00078669 -0.000784392 -0.000781492 -0.000778573 -0.000775971 -0.000773445 -0.000770913 -0.000768632 -0.000765573 -0.000762399 -0.000760505 -0.000758229 -0.00075528 -0.000751688 -0.000748497 -0.000744963 -0.000740162 -0.000735867 -0.000733036 -0.000728764 -0.000725027 -0.000721955 -0.00071773 -0.000713727 -0.000708728 -0.000704228 -0.000699808 -0.00069508 -0.000691402 -0.000685933 -0.000681112 -0.00067747 -0.000671952 -0.000666432 -0.000661687 -0.00065629 -0.000651364 -0.000645774 -0.000639444 -0.000635056 -0.000629846 -0.000624712 -0.000618241 -0.000612957 -0.000607425 -0.000602335 -0.000596418 -0.000590658 -0.000586507 -0.000582198 -0.000576028 -0.000570806 -0.00056597 -0.000559691 -0.000553264 -0.000548073 -0.000541042 -0.000534995 -0.000529027 -0.000522849 -0.000518351 -0.000513423 -0.000508061 -0.000502872 -0.000497095 -0.000491626 -0.000485449 -0.00047866 -0.000473286 -0.000468528 -0.000464154 -0.000458699 -0.000453153 -0.000448871 -0.000444411 -0.000440382 -0.000435056 -0.000430253 -0.000425918 -0.000421235 -0.000416575 -0.000413968 -0.000410742 -0.000406535 -0.000402205 -0.00039798 -0.000394297 -0.00038944 -0.000384666 -0.000380908 -0.000376796 -0.000373133 -0.000369468 -0.000365212 -0.00036231 -0.000359241 -0.000356644 -0.000353226 -0.000349949 -0.000346896 -0.000343992 -0.000340806 -0.000338297 -0.000335066 -0.000331875 -0.00032947 -0.000326591 -0.000323801 -0.000321253 -0.000318731 -0.000316061 -0.000313242 -0.000310841 -0.00030811 -0.000305166 -0.000303105 -0.000300649 -0.000297009 -0.00029408 -0.000291344 -0.000288599 -0.000286226 -0.000283964 -0.000282195 -0.000280268 -0.000277545 -0.000274944 -0.000272533 -0.000270124 -0.000267346 -0.000264018 -0.000261766 -0.000259869 -0.000257326 -0.000254726 -0.000252826 -0.000249678 -0.000246257 -0.000243664 -0.000239787 -0.000235709 -0.000232705 -0.000229998 -0.000226404 -0.000223297 -0.000221177 -0.000217899 -0.000213632 -0.000209197 -0.000205909 -0.000201835 -0.000198208 -0.000194131 -0.000190515 -0.000186107 -0.00018137 -0.0001779 -0.000173471 -0.000169001 -0.0001661 -0.000161995 -0.000158072 -0.000154361 -0.000151309 -0.000147217 -0.000142677 -0.000139751 -0.000136739 -0.000133683 -0.000129968 -0.000126933 -0.000123084 -0.000119436 -0.000115876 -0.000112292 -0.000108655 -0.000104054 -0.000100924 -9.86106e-05 -9.48437e-05 -9.07863e-05 -8.73973e-05 -8.40218e-05 -7.97516e-05 -7.6289e-05 -7.32425e-05 -7.03408e-05 -6.74735e-05 -6.41026e-05 -6.06183e-05 -5.75953e-05 -5.43688e-05 -5.1382e-05 -4.81193e-05 -4.46509e-05 -4.20199e-05 -3.90221e-05 -3.64585e-05 -3.37962e-05 -3.05846e-05 -2.76462e-05 -2.5689e-05 -2.25354e-05 -1.98568e-05 -1.71898e-05 -1.45735e-05 -1.14706e-05 -8.61234e-06 -6.27089e-06 -3.5424e-06 1.36942e-07 
-0.000306428 -0.000911729 -0.00106042 -0.00104582 -0.00106378 -0.00105811 -0.00103913 -0.00102259 -0.00100295 -0.00099407 -0.000988075 -0.000985364 -0.000982237 -0.00097749 -0.000969853 -0.00095974 -0.000951696 -0.000942505 -0.000933709 -0.000927069 -0.000917357 -0.000905995 -0.000898289 -0.000885952 -0.000875997 -0.000868452 -0.000857232 -0.00084676 -0.000839224 -0.000832129 -0.000825645 -0.000819635 -0.000814597 -0.000808731 -0.000802884 -0.000799063 -0.000795324 -0.000791977 -0.000789276 -0.000786271 -0.000783595 -0.000781282 -0.00077871 -0.000775721 -0.000773035 -0.000770688 -0.000768313 -0.000765282 -0.000762089 -0.000760146 -0.000757402 -0.000754609 -0.00075151 -0.000747354 -0.000743194 -0.000739109 -0.000735511 -0.000732645 -0.000728578 -0.000725129 -0.000720827 -0.000717049 -0.000713529 -0.000707549 -0.000703009 -0.000699032 -0.00069475 -0.000690598 -0.000685994 -0.000680515 -0.000675985 -0.000671348 -0.000666448 -0.000660811 -0.000655023 -0.000650764 -0.000644323 -0.000637543 -0.000633033 -0.000627687 -0.000622792 -0.000618102 -0.00061329 -0.000607821 -0.000602151 -0.000595967 -0.00059013 -0.000584336 -0.000580061 -0.000575465 -0.000570928 -0.000565415 -0.000559505 -0.000553796 -0.000547873 -0.000540305 -0.000533673 -0.000528633 -0.000523538 -0.000518132 -0.000513611 -0.000508395 -0.000501451 -0.000495843 -0.000490746 -0.000483923 -0.000477945 -0.000473289 -0.000468027 -0.000462985 -0.000457855 -0.000452978 -0.000448573 -0.00044451 -0.000439909 -0.00043464 -0.000430557 -0.000425631 -0.000420605 -0.000415853 -0.000413122 -0.000409094 -0.000405393 -0.000401676 -0.000396847 -0.000392668 -0.000388487 -0.000384812 -0.00038014 -0.000376055 -0.000373227 -0.000369299 -0.000365563 -0.00036326 -0.00036024 -0.000356505 -0.000353157 -0.000350652 -0.000347588 -0.000343813 -0.000340448 -0.000338072 -0.000334746 -0.000332162 -0.000329149 -0.0003257 -0.000323179 -0.000321274 -0.000318377 -0.000315547 -0.000313115 -0.000310697 -0.000308109 -0.000305571 -0.000303557 -0.000300677 -0.000297449 -0.000294414 -0.000291658 -0.000288726 -0.000286114 -0.000284191 -0.000282542 -0.000280411 -0.000278024 -0.000275263 -0.000272589 -0.000270023 -0.000267143 -0.000264207 -0.000262204 -0.00025965 -0.000256877 -0.000254433 -0.000252509 -0.000249999 -0.000246842 -0.000243658 -0.00023934 -0.000235343 -0.000232473 -0.000229153 -0.000226045 -0.000223085 -0.000220835 -0.000217784 -0.00021408 -0.000209679 -0.000206342 -0.000202037 -0.000198672 -0.000194892 -0.000191131 -0.000186756 -0.000182078 -0.000177119 -0.000173213 -0.000169231 -0.000166401 -0.000162857 -0.000159305 -0.000155512 -0.000151986 -0.00014762 -0.000142906 -0.000140206 -0.000137152 -0.000133653 -0.00013001 -0.00012741 -0.000123131 -0.000119208 -0.000115436 -0.000111746 -0.000108072 -0.000103926 -0.000100891 -9.78997e-05 -9.41664e-05 -9.04509e-05 -8.73986e-05 -8.39271e-05 -7.98294e-05 -7.64412e-05 -7.33776e-05 -7.04593e-05 -6.73119e-05 -6.46792e-05 -6.10845e-05 -5.75671e-05 -5.38158e-05 -5.10232e-05 -4.81255e-05 -4.50071e-05 -4.19539e-05 -3.87789e-05 -3.55578e-05 -3.31144e-05 -3.05238e-05 -2.7639e-05 -2.54574e-05 -2.28186e-05 -1.99715e-05 -1.68311e-05 -1.41095e-05 -1.15636e-05 -9.25013e-06 -6.16341e-06 -2.34802e-06 8.90389e-07 
-0.000306428 -0.000930687 -0.00108451 -0.00105874 -0.0010762 -0.00106922 -0.00104513 -0.00102087 -0.00100287 -0.000993681 -0.00098783 -0.000983878 -0.000980692 -0.000977212 -0.000970038 -0.000960665 -0.00095335 -0.000942678 -0.000932966 -0.000924341 -0.000914978 -0.000904639 -0.000895804 -0.000883615 -0.000872874 -0.000865342 -0.000854612 -0.000845851 -0.000839378 -0.00083163 -0.000823845 -0.000818037 -0.000813468 -0.000807559 -0.00080264 -0.000798635 -0.000794406 -0.000790651 -0.000787807 -0.000785374 -0.000783157 -0.000780858 -0.000778748 -0.000775536 -0.00077304 -0.000769887 -0.000767337 -0.000764875 -0.000762435 -0.000759567 -0.00075662 -0.00075389 -0.00075089 -0.00074623 -0.000741602 -0.000738169 -0.000735056 -0.00073144 -0.000727574 -0.000724768 -0.000720643 -0.000716577 -0.000713128 -0.00070788 -0.000703669 -0.00069947 -0.000694644 -0.000689638 -0.00068533 -0.000679818 -0.000674485 -0.000669722 -0.000665822 -0.000660839 -0.000654407 -0.000649388 -0.000644174 -0.000638955 -0.000633035 -0.000627636 -0.000622147 -0.000617737 -0.000614008 -0.000607877 -0.000600926 -0.000594628 -0.000589304 -0.000583165 -0.000578178 -0.000574299 -0.000570169 -0.00056531 -0.000559711 -0.000553291 -0.000546786 -0.000540441 -0.000534041 -0.000528959 -0.000523732 -0.000517112 -0.00051184 -0.000507407 -0.000501537 -0.000496705 -0.000490089 -0.000482781 -0.000478064 -0.000472537 -0.000466583 -0.000462087 -0.000458383 -0.000453508 -0.000449279 -0.000443699 -0.000438892 -0.000434594 -0.000429895 -0.00042446 -0.000420476 -0.000416621 -0.00041284 -0.000407771 -0.000403579 -0.000400575 -0.000395902 -0.000391385 -0.000387522 -0.00038443 -0.000379925 -0.000376518 -0.000373492 -0.000369407 -0.000365844 -0.000363244 -0.00036018 -0.000356747 -0.000353267 -0.000350516 -0.000346921 -0.000343577 -0.000340708 -0.000337403 -0.000333884 -0.000331494 -0.000328569 -0.000325627 -0.000323462 -0.000321188 -0.000318132 -0.000315333 -0.00031291 -0.000310073 -0.000307724 -0.000305637 -0.000303433 -0.000300408 -0.000297268 -0.00029458 -0.000290999 -0.000288498 -0.000286897 -0.000284976 -0.000282478 -0.000280225 -0.000278335 -0.000275826 -0.000272889 -0.000269887 -0.000266764 -0.000264 -0.000262079 -0.000259316 -0.000256838 -0.000254766 -0.000252607 -0.000250084 -0.000246805 -0.000243221 -0.000239749 -0.000236391 -0.000232821 -0.000228987 -0.000226284 -0.000223381 -0.000220222 -0.000216874 -0.000213991 -0.000209761 -0.000206353 -0.000202933 -0.000199699 -0.000196053 -0.000191987 -0.00018676 -0.000182283 -0.000177227 -0.000174012 -0.000170127 -0.000166522 -0.000163599 -0.000160618 -0.000156394 -0.000151724 -0.000147753 -0.000143252 -0.000140249 -0.000136772 -0.000133921 -0.000130322 -0.000127223 -0.000123512 -0.000120308 -0.000116555 -0.000112385 -0.00010854 -0.000104902 -0.000101092 -9.70061e-05 -9.3784e-05 -9.0963e-05 -8.70957e-05 -8.31049e-05 -7.94364e-05 -7.65318e-05 -7.32099e-05 -7.02289e-05 -6.7618e-05 -6.46261e-05 -6.0737e-05 -5.75095e-05 -5.41372e-05 -5.11416e-05 -4.84801e-05 -4.50962e-05 -4.14447e-05 -3.85035e-05 -3.53397e-05 -3.25974e-05 -2.99561e-05 -2.67387e-05 -2.43185e-05 -2.17345e-05 -1.95079e-05 -1.71712e-05 -1.42237e-05 -1.14434e-05 -9.05377e-06 -6.09496e-06 -3.43806e-06 -6.76335e-07 
-0.000301817 -0.000925079 -0.0010826 -0.00105701 -0.0010827 -0.00108085 -0.00105272 -0.00102441 -0.00100109 -0.000992599 -0.00098654 -0.000983248 -0.000980714 -0.000976554 -0.00096928 -0.000961394 -0.000952716 -0.000942412 -0.000933696 -0.000923777 -0.000914486 -0.000903806 -0.000894666 -0.000882751 -0.000870691 -0.000860091 -0.000852068 -0.000844676 -0.000836735 -0.000829297 -0.000823323 -0.000817752 -0.000812276 -0.000806786 -0.000801814 -0.000797242 -0.000793268 -0.000789686 -0.00078687 -0.000784873 -0.000782737 -0.000780316 -0.000777941 -0.000774893 -0.00077261 -0.000769652 -0.000766573 -0.000764448 -0.00076217 -0.000759094 -0.000756316 -0.000753327 -0.000749537 -0.000745105 -0.000741078 -0.000737961 -0.000734335 -0.000730523 -0.000727286 -0.000724426 -0.00072052 -0.00071625 -0.000711382 -0.000707091 -0.000703472 -0.000699014 -0.000693917 -0.000689486 -0.000684974 -0.00067909 -0.00067447 -0.000669427 -0.000664558 -0.000659962 -0.00065353 -0.00064816 -0.000643077 -0.000638045 -0.000632085 -0.000626855 -0.000622254 -0.000617877 -0.000613178 -0.000607492 -0.000601668 -0.000595014 -0.000588613 -0.000582446 -0.000577025 -0.000571858 -0.000567895 -0.000563698 -0.000558559 -0.000553433 -0.000546382 -0.000540109 -0.000533419 -0.000527462 -0.00052224 -0.000517123 -0.000511986 -0.000507459 -0.000501952 -0.000496065 -0.000489118 -0.00048198 -0.000477367 -0.000470695 -0.000465652 -0.000461689 -0.000457093 -0.000452074 -0.000448135 -0.000443515 -0.000439555 -0.000435294 -0.000430316 -0.000424435 -0.000419788 -0.000415494 -0.000411812 -0.000407825 -0.000403571 -0.000399756 -0.00039553 -0.000390983 -0.000386764 -0.000383737 -0.000379727 -0.000376234 -0.000373099 -0.000370039 -0.000366881 -0.000363153 -0.000359949 -0.000356905 -0.000353665 -0.000350452 -0.000346358 -0.000343498 -0.00034058 -0.000336781 -0.000333157 -0.000330806 -0.000327783 -0.000325746 -0.000323044 -0.000320273 -0.000317869 -0.000315902 -0.000312988 -0.000309603 -0.000307877 -0.000305426 -0.000302582 -0.000300168 -0.000297272 -0.000294275 -0.000291025 -0.000288698 -0.000287085 -0.000285128 -0.000282569 -0.00028011 -0.000278268 -0.000276112 -0.000273478 -0.000270528 -0.000267716 -0.000264276 -0.00026175 -0.000259148 -0.000257285 -0.000255209 -0.000252284 -0.000249461 -0.000246907 -0.000243183 -0.000240211 -0.000236726 -0.00023307 -0.00022971 -0.000226815 -0.000223929 -0.000220096 -0.000216642 -0.000213962 -0.000209539 -0.000205641 -0.000202784 -0.000199254 -0.00019553 -0.000191745 -0.000187121 -0.000183639 -0.000178607 -0.000174397 -0.000171133 -0.000167167 -0.000163551 -0.000160726 -0.000156759 -0.000151833 -0.00014848 -0.000144151 -0.000139895 -0.000136698 -0.000134026 -0.000130296 -0.000126956 -0.000123562 -0.000120894 -0.000117541 -0.000112288 -0.000108271 -0.000104133 -0.000100883 -9.74168e-05 -9.4564e-05 -9.14274e-05 -8.70858e-05 -8.31681e-05 -7.97659e-05 -7.67985e-05 -7.30542e-05 -6.95202e-05 -6.69882e-05 -6.41857e-05 -6.04834e-05 -5.78146e-05 -5.43573e-05 -5.05116e-05 -4.78832e-05 -4.47917e-05 -4.13215e-05 -3.83138e-05 -3.46772e-05 -3.17097e-05 -2.906e-05 -2.69176e-05 -2.43392e-05 -2.17468e-05 -1.92142e-05 -1.7349e-05 -1.44924e-05 -1.15419e-05 -8.86795e-06 -6.33596e-06 -3.58192e-06 2.47555e-07 
-0.000301817 -0.000931337 -0.00109246 -0.00106485 -0.00108492 -0.00107565 -0.00105014 -0.001022 -0.00100078 -0.000990906 -0.000984284 -0.000981852 -0.00097998 -0.000975944 -0.00097006 -0.000962493 -0.000951385 -0.000940687 -0.000933024 -0.000923219 -0.000913229 -0.00090077 -0.000890426 -0.000878542 -0.000869295 -0.000859482 -0.00085142 -0.00084339 -0.000833345 -0.000826558 -0.000821308 -0.000815659 -0.000810571 -0.000805936 -0.000800966 -0.000796058 -0.000791771 -0.00078845 -0.000785824 -0.00078388 -0.000781845 -0.000779592 -0.000777269 -0.000774377 -0.000772173 -0.000769259 -0.000765792 -0.000763098 -0.000760787 -0.000758653 -0.000756107 -0.000752594 -0.000748049 -0.000743847 -0.000740361 -0.000736786 -0.000733982 -0.000730717 -0.000727596 -0.00072353 -0.000719202 -0.00071532 -0.00071114 -0.000706838 -0.000703023 -0.000698397 -0.000694334 -0.000690288 -0.000684841 -0.000678223 -0.00067436 -0.000668958 -0.0006632 -0.000659491 -0.000653279 -0.000648209 -0.000642816 -0.000636565 -0.000631198 -0.000626503 -0.000622143 -0.000617304 -0.000611834 -0.000607744 -0.000601932 -0.000593969 -0.000586732 -0.000580193 -0.000575925 -0.000571471 -0.0005675 -0.000563177 -0.000557719 -0.000552394 -0.000544767 -0.000538298 -0.000531741 -0.000526575 -0.000521622 -0.000517766 -0.000512574 -0.000507962 -0.000501233 -0.000494441 -0.000488623 -0.00048248 -0.000476621 -0.000470215 -0.000465791 -0.000461433 -0.000455979 -0.000451382 -0.00044773 -0.000443397 -0.000439484 -0.000434735 -0.000429719 -0.00042502 -0.000420265 -0.000415284 -0.000411561 -0.000407872 -0.000403275 -0.000398258 -0.000394399 -0.000390969 -0.000386644 -0.000383388 -0.000379444 -0.00037589 -0.00037276 -0.000369737 -0.000366631 -0.000363069 -0.00035971 -0.000355903 -0.000352639 -0.000349268 -0.000346167 -0.000343041 -0.000339681 -0.000336194 -0.000333028 -0.000330384 -0.000327646 -0.000325456 -0.000322609 -0.000319916 -0.000317689 -0.000315549 -0.000312589 -0.000309365 -0.000307535 -0.00030495 -0.000302439 -0.000300341 -0.000297058 -0.000293828 -0.000291394 -0.000289042 -0.00028675 -0.000284672 -0.000282648 -0.000280858 -0.000278816 -0.000275937 -0.00027296 -0.000270419 -0.000267954 -0.00026499 -0.000262074 -0.00025941 -0.000257034 -0.000254858 -0.000252197 -0.00024958 -0.000247296 -0.000244118 -0.000240454 -0.000237103 -0.000233658 -0.000230124 -0.000226358 -0.000223762 -0.000220232 -0.00021659 -0.000214012 -0.000209758 -0.000205684 -0.00020277 -0.000198855 -0.000195084 -0.000191945 -0.000187956 -0.000184402 -0.000179268 -0.000174401 -0.00017104 -0.000167796 -0.000164349 -0.000160775 -0.000157644 -0.00015279 -0.0001485 -0.000144702 -0.00014021 -0.000136893 -0.000134097 -0.000130416 -0.000127213 -0.000123684 -0.000120514 -0.000117019 -0.000113166 -0.000109581 -0.000105512 -0.000101358 -9.77948e-05 -9.41437e-05 -9.07992e-05 -8.74176e-05 -8.41273e-05 -8.00926e-05 -7.61121e-05 -7.28692e-05 -6.9728e-05 -6.69552e-05 -6.39136e-05 -6.01004e-05 -5.71092e-05 -5.39616e-05 -5.05663e-05 -4.785e-05 -4.48821e-05 -4.17752e-05 -3.79516e-05 -3.43156e-05 -3.18045e-05 -2.93117e-05 -2.67981e-05 -2.39535e-05 -2.15956e-05 -1.90278e-05 -1.71495e-05 -1.48302e-05 -1.19384e-05 -8.81046e-06 -6.16497e-06 -3.51012e-06 4.97258e-07 
-0.000301817 -0.000911078 -0.00108173 -0.00105411 -0.00107024 -0.00106642 -0.00104227 -0.00101497 -0.00099543 -0.000986166 -0.000980946 -0.000979507 -0.000978443 -0.000974298 -0.000967935 -0.000961331 -0.000950767 -0.000940535 -0.000931225 -0.000920029 -0.000912072 -0.000899986 -0.000887589 -0.000877249 -0.000868139 -0.000858669 -0.000848293 -0.000840218 -0.000831586 -0.000826403 -0.000819888 -0.000813408 -0.000808813 -0.000804325 -0.000799387 -0.000795024 -0.000790592 -0.000786796 -0.000784427 -0.000782697 -0.00078081 -0.000778885 -0.000776518 -0.000773311 -0.000770834 -0.000768061 -0.000764778 -0.000762398 -0.0007598 -0.000757344 -0.000754801 -0.000751966 -0.000748092 -0.000744123 -0.000740107 -0.000736366 -0.000733165 -0.000730108 -0.000727081 -0.000721996 -0.00071801 -0.000714845 -0.000710519 -0.000706348 -0.000701726 -0.000697635 -0.000693847 -0.000689858 -0.000683807 -0.000678109 -0.000674486 -0.000668633 -0.000662692 -0.00065906 -0.000653213 -0.000647762 -0.000641812 -0.000636108 -0.000631266 -0.000625979 -0.000620766 -0.000616006 -0.000611534 -0.000607455 -0.000601471 -0.000593689 -0.000587286 -0.000581337 -0.000575036 -0.000570686 -0.000565891 -0.000561525 -0.000556586 -0.00055099 -0.000543554 -0.00053798 -0.000532673 -0.000526762 -0.000521141 -0.000517319 -0.000512703 -0.000507264 -0.000501478 -0.000494573 -0.000489164 -0.000482547 -0.000475303 -0.000469377 -0.000465459 -0.000460007 -0.000455307 -0.000451964 -0.000447987 -0.000442963 -0.000439103 -0.000433658 -0.000428998 -0.000425061 -0.000420188 -0.000416165 -0.000411409 -0.00040669 -0.000402689 -0.000398044 -0.000394614 -0.000390737 -0.000386386 -0.000382371 -0.000379125 -0.000376033 -0.000372889 -0.000369266 -0.000365372 -0.000361663 -0.000359144 -0.000355397 -0.000352366 -0.000349171 -0.000345775 -0.000342158 -0.000338471 -0.000335392 -0.000332555 -0.000329658 -0.000327144 -0.000325362 -0.000322811 -0.000320807 -0.000317889 -0.000314825 -0.000312444 -0.000309481 -0.00030701 -0.000304352 -0.000302131 -0.00029991 -0.000297027 -0.000293962 -0.000291911 -0.000289523 -0.000286572 -0.00028431 -0.000282538 -0.000280582 -0.000278393 -0.000276127 -0.000273663 -0.000270753 -0.000268024 -0.000265478 -0.000262692 -0.000260186 -0.00025724 -0.000254639 -0.000252187 -0.000249596 -0.000247453 -0.00024397 -0.000240647 -0.000237752 -0.000235128 -0.000231409 -0.00022722 -0.000224325 -0.000220615 -0.000216491 -0.000213875 -0.000209884 -0.000205831 -0.000202156 -0.000198446 -0.000195683 -0.000192007 -0.000187451 -0.000184056 -0.000179735 -0.000175233 -0.000171487 -0.000167816 -0.000165 -0.000161397 -0.000157773 -0.000152884 -0.000147896 -0.000144412 -0.000141297 -0.000137922 -0.000134307 -0.000130238 -0.000127069 -0.000124144 -0.000121137 -0.000117106 -0.000113514 -0.000110163 -0.000106369 -0.00010259 -9.90753e-05 -9.44063e-05 -9.05928e-05 -8.71337e-05 -8.41564e-05 -8.05282e-05 -7.63449e-05 -7.27612e-05 -6.99145e-05 -6.66495e-05 -6.30989e-05 -5.97305e-05 -5.67633e-05 -5.38025e-05 -5.11203e-05 -4.77303e-05 -4.42568e-05 -4.1325e-05 -3.7351e-05 -3.38668e-05 -3.15349e-05 -2.88288e-05 -2.64296e-05 -2.40773e-05 -2.20521e-05 -1.93817e-05 -1.67666e-05 -1.43529e-05 -1.1977e-05 -9.07929e-06 -5.98565e-06 -3.12791e-06 7.50157e-07 
-0.000310628 -0.000879199 -0.001056 -0.00104638 -0.00106537 -0.00105875 -0.00104138 -0.00101709 -0.000992963 -0.000980523 -0.000978192 -0.000976942 -0.000976445 -0.000972793 -0.000966792 -0.000958967 -0.000949506 -0.000941025 -0.000929654 -0.000917652 -0.000910842 -0.000899628 -0.000886568 -0.000875403 -0.000866624 -0.000857277 -0.000846923 -0.000840315 -0.000831857 -0.000825521 -0.000818971 -0.000813256 -0.000808121 -0.000802118 -0.000797414 -0.000793315 -0.000788653 -0.000785766 -0.000783546 -0.000781289 -0.00077933 -0.00077784 -0.000775838 -0.000773256 -0.000770309 -0.00076714 -0.000763636 -0.000761149 -0.000758689 -0.000756363 -0.000754217 -0.000751233 -0.000747615 -0.000743552 -0.000739352 -0.000736232 -0.000732431 -0.000728977 -0.000725923 -0.000721236 -0.000717938 -0.000713264 -0.000708362 -0.000704572 -0.000701153 -0.000697714 -0.000693715 -0.000688924 -0.000683709 -0.000678235 -0.000673894 -0.000668305 -0.000662603 -0.000658542 -0.000652056 -0.000646325 -0.000641161 -0.00063651 -0.000630963 -0.000624879 -0.000620152 -0.000616012 -0.000611159 -0.000605934 -0.00059958 -0.000593093 -0.000588245 -0.000581362 -0.000574693 -0.000569997 -0.000565727 -0.000561617 -0.000556379 -0.000549772 -0.000542029 -0.000536813 -0.000530676 -0.000525603 -0.000521041 -0.00051724 -0.00051223 -0.000506974 -0.000502187 -0.000495849 -0.000488734 -0.000481573 -0.000475652 -0.000470495 -0.000465063 -0.000459339 -0.000454809 -0.000451666 -0.000447002 -0.00044215 -0.000439221 -0.000434318 -0.000430072 -0.000425488 -0.000420003 -0.000416204 -0.000410901 -0.000406358 -0.000402581 -0.000398353 -0.000394193 -0.000390316 -0.000386277 -0.000382884 -0.00037905 -0.000375048 -0.000371339 -0.000368296 -0.000364504 -0.000361017 -0.000358532 -0.000354857 -0.000351752 -0.000348168 -0.000344663 -0.000341608 -0.000338042 -0.00033506 -0.000332027 -0.000329407 -0.000327339 -0.000325054 -0.000322929 -0.000321014 -0.000318322 -0.000314879 -0.000312549 -0.000309324 -0.000306398 -0.000303953 -0.00030167 -0.000299408 -0.00029707 -0.000294017 -0.000291352 -0.00028926 -0.000286673 -0.000285033 -0.000282739 -0.000280106 -0.000278104 -0.000275904 -0.0002735 -0.000270654 -0.00026784 -0.00026491 -0.00026253 -0.000260634 -0.000257714 -0.000255104 -0.000252315 -0.000249167 -0.000246819 -0.000243932 -0.000241034 -0.000238385 -0.000235184 -0.000232048 -0.000228342 -0.000224985 -0.000220811 -0.000216852 -0.000213127 -0.000209189 -0.000206043 -0.000201717 -0.000198009 -0.000195225 -0.000191416 -0.000187727 -0.000184007 -0.000180433 -0.000176396 -0.000171854 -0.000167847 -0.00016497 -0.000161012 -0.000157122 -0.000153158 -0.000148681 -0.00014511 -0.000141189 -0.00013773 -0.00013453 -0.000131072 -0.000127539 -0.000123926 -0.000121268 -0.000117982 -0.000114405 -0.000110168 -0.000105613 -0.00010223 -9.91123e-05 -9.51214e-05 -9.17726e-05 -8.72534e-05 -8.3623e-05 -8.04955e-05 -7.65036e-05 -7.26236e-05 -6.88355e-05 -6.54298e-05 -6.26799e-05 -6.00681e-05 -5.61372e-05 -5.30516e-05 -5.0296e-05 -4.71266e-05 -4.3928e-05 -4.09839e-05 -3.73523e-05 -3.46865e-05 -3.2079e-05 -2.89304e-05 -2.67671e-05 -2.4531e-05 -2.23617e-05 -1.97204e-05 -1.66958e-05 -1.40404e-05 -1.1652e-05 -9.134e-06 -6.23708e-06 -3.21837e-06 -4.89926e-07 
-0.000456938 -0.000887669 -0.00100014 -0.00103417 -0.00105719 -0.00105124 -0.0010354 -0.00101174 -0.000992068 -0.000980391 -0.000974955 -0.000974168 -0.000974258 -0.00097167 -0.000966129 -0.000956522 -0.000947191 -0.000938394 -0.000926797 -0.000916845 -0.00090686 -0.000895195 -0.000885483 -0.000875412 -0.000865251 -0.000855196 -0.000846581 -0.000840827 -0.000832101 -0.000823952 -0.000817483 -0.000813134 -0.00080713 -0.000801133 -0.000796971 -0.000792038 -0.000787248 -0.000784542 -0.000782422 -0.000780557 -0.000778943 -0.000777079 -0.000774724 -0.000772102 -0.000769002 -0.000766066 -0.000762946 -0.000760478 -0.000757741 -0.000755302 -0.000752515 -0.000749851 -0.000746843 -0.000742621 -0.000738313 -0.000735152 -0.000731495 -0.000728534 -0.000724611 -0.000719974 -0.000716788 -0.000711614 -0.000706806 -0.000703688 -0.000700088 -0.000695797 -0.000692141 -0.000688199 -0.000683617 -0.000677887 -0.000672484 -0.00066806 -0.000662557 -0.000657509 -0.000651632 -0.000645954 -0.000641368 -0.000635905 -0.000629637 -0.000624098 -0.000619866 -0.000615261 -0.000609597 -0.000604238 -0.000598837 -0.000593552 -0.000588141 -0.000581612 -0.000575821 -0.00057116 -0.00056652 -0.000560414 -0.000554563 -0.000549106 -0.000542962 -0.000537029 -0.000529872 -0.000525139 -0.000521265 -0.000516093 -0.000511285 -0.000506443 -0.000501638 -0.000495006 -0.000487728 -0.000481389 -0.000476774 -0.000471212 -0.00046491 -0.000459976 -0.000455596 -0.00045148 -0.000446334 -0.000441883 -0.000438876 -0.000434038 -0.000429501 -0.000425283 -0.000420125 -0.000415609 -0.000410361 -0.000406136 -0.000401797 -0.000397442 -0.000393639 -0.000389582 -0.000385916 -0.000382522 -0.000378683 -0.000374788 -0.000371274 -0.000367562 -0.000364083 -0.000360266 -0.000357472 -0.000353668 -0.000350635 -0.000347683 -0.000344522 -0.000341268 -0.000337682 -0.000334491 -0.000331787 -0.000329632 -0.0003276 -0.000324862 -0.000322449 -0.000320533 -0.000318027 -0.000315083 -0.000312268 -0.000309059 -0.000306646 -0.000304498 -0.00030182 -0.000299072 -0.00029721 -0.000294332 -0.000291542 -0.000289021 -0.000286448 -0.000284734 -0.000282678 -0.000280386 -0.000278355 -0.000275337 -0.000272444 -0.000269851 -0.00026764 -0.00026511 -0.000262661 -0.000260213 -0.000257109 -0.000254515 -0.000251945 -0.000249002 -0.000246547 -0.000244203 -0.000241976 -0.000239084 -0.00023521 -0.000232123 -0.000228519 -0.000224326 -0.00022094 -0.000217656 -0.00021332 -0.000208977 -0.000206116 -0.000201798 -0.000197515 -0.000194243 -0.000190773 -0.000187928 -0.000183793 -0.000179698 -0.00017575 -0.000171672 -0.000168339 -0.000165089 -0.000160897 -0.000156991 -0.000153947 -0.000149976 -0.000146505 -0.000141743 -0.000138086 -0.000134899 -0.000131729 -0.000127892 -0.00012356 -0.000120673 -0.000117673 -0.000114458 -0.000110685 -0.000106418 -0.000103279 -9.93346e-05 -9.47917e-05 -9.17227e-05 -8.78049e-05 -8.37628e-05 -8.04635e-05 -7.70095e-05 -7.3221e-05 -6.91648e-05 -6.5146e-05 -6.22723e-05 -5.97477e-05 -5.62479e-05 -5.3131e-05 -5.02184e-05 -4.70109e-05 -4.41198e-05 -4.06898e-05 -3.70894e-05 -3.45534e-05 -3.21365e-05 -2.9775e-05 -2.77198e-05 -2.50541e-05 -2.20828e-05 -1.95757e-05 -1.73071e-05 -1.46449e-05 -1.17688e-05 -9.42436e-06 -6.60411e-06 -2.67255e-06 7.46193e-07 
-0.000487523 -0.000872183 -0.000964374 -0.0010328 -0.0010615 -0.0010505 -0.00102862 -0.00100717 -0.000992495 -0.000979109 -0.000972755 -0.000972351 -0.000971621 -0.000969308 -0.0009645 -0.000955832 -0.000947746 -0.00093757 -0.000926552 -0.000916329 -0.000904292 -0.000892417 -0.000882781 -0.000873887 -0.000864211 -0.000855358 -0.000847032 -0.000840369 -0.000831442 -0.000823423 -0.000816973 -0.000812006 -0.000804942 -0.000800045 -0.000795544 -0.000790319 -0.000786737 -0.000784063 -0.000781777 -0.000780117 -0.000778332 -0.000775616 -0.000773478 -0.00077116 -0.000768322 -0.00076554 -0.000762459 -0.000759143 -0.000756619 -0.00075457 -0.000752333 -0.000749302 -0.000746374 -0.000742053 -0.000737412 -0.000733946 -0.000730542 -0.0007275 -0.000723333 -0.000718792 -0.000715309 -0.000710468 -0.000706875 -0.00070277 -0.000698253 -0.000694831 -0.000691485 -0.000687151 -0.000682764 -0.000677729 -0.000672577 -0.000667946 -0.000662051 -0.000656311 -0.000651462 -0.000646426 -0.000641147 -0.000634744 -0.000629388 -0.000625078 -0.000619406 -0.000613479 -0.000609121 -0.000603481 -0.000599225 -0.000593914 -0.000587127 -0.00058172 -0.000577031 -0.000571839 -0.000566101 -0.000560183 -0.000553987 -0.000548549 -0.000542504 -0.000536199 -0.000530714 -0.000525198 -0.000520192 -0.000515515 -0.000511054 -0.000506224 -0.00050015 -0.000493453 -0.000487103 -0.000481852 -0.000476731 -0.000471222 -0.000465476 -0.000461219 -0.000455739 -0.00045053 -0.000446537 -0.000441961 -0.000438321 -0.000433365 -0.000429092 -0.000425081 -0.000420446 -0.000414795 -0.000409304 -0.000405285 -0.000400848 -0.00039721 -0.000393745 -0.000389417 -0.000385269 -0.000381954 -0.000378192 -0.000374894 -0.000370835 -0.000366774 -0.000363315 -0.000359881 -0.000356679 -0.000353637 -0.00035056 -0.000347492 -0.00034392 -0.000340221 -0.000337188 -0.000334365 -0.000331622 -0.000328957 -0.000326837 -0.000324793 -0.00032282 -0.000320336 -0.000318133 -0.000315436 -0.000311939 -0.000308721 -0.000306238 -0.000304007 -0.000301798 -0.000299306 -0.000297091 -0.000294433 -0.000292035 -0.000289243 -0.000286234 -0.000284332 -0.00028224 -0.000280223 -0.000278098 -0.00027516 -0.000272373 -0.000269749 -0.000267284 -0.000264974 -0.00026268 -0.000260089 -0.000256997 -0.000254312 -0.000251887 -0.000249468 -0.000246707 -0.000244047 -0.000241692 -0.000239 -0.000235848 -0.000232923 -0.000228918 -0.000224576 -0.000220891 -0.0002176 -0.000213839 -0.000209248 -0.00020577 -0.000201846 -0.000198033 -0.000193934 -0.00019017 -0.000187057 -0.000183569 -0.000179732 -0.000175617 -0.000171605 -0.000167606 -0.00016404 -0.000160974 -0.000157363 -0.000153418 -0.000149516 -0.000146244 -0.000142973 -0.000139758 -0.000135532 -0.000131263 -0.000127961 -0.000124347 -0.000121049 -0.000117609 -0.000113896 -0.000110633 -0.000106958 -0.000103452 -9.92726e-05 -9.47238e-05 -9.14655e-05 -8.79947e-05 -8.45103e-05 -8.00702e-05 -7.65428e-05 -7.3142e-05 -6.90771e-05 -6.59173e-05 -6.21961e-05 -5.86292e-05 -5.57821e-05 -5.289e-05 -4.94843e-05 -4.64314e-05 -4.37378e-05 -4.02783e-05 -3.75422e-05 -3.46652e-05 -3.1921e-05 -3.01271e-05 -2.79767e-05 -2.52274e-05 -2.24808e-05 -2.00054e-05 -1.74564e-05 -1.50561e-05 -1.15985e-05 -9.10305e-06 -6.95494e-06 -3.60201e-06 3.44992e-07 
-0.000436924 -0.000885458 -0.00100731 -0.00103436 -0.00105332 -0.00105468 -0.00103221 -0.00100805 -0.000994285 -0.000980716 -0.000973209 -0.000970593 -0.000969825 -0.000967264 -0.000961228 -0.00095413 -0.000945738 -0.000933864 -0.000923338 -0.000914373 -0.000902115 -0.000893006 -0.000882378 -0.000871438 -0.000863275 -0.000854672 -0.00084462 -0.000836819 -0.0008296 -0.000823084 -0.000817382 -0.000811133 -0.000804333 -0.00079939 -0.00079445 -0.000789029 -0.000786211 -0.00078335 -0.000780843 -0.000778726 -0.000777001 -0.000774675 -0.000772792 -0.000770372 -0.000767419 -0.000764552 -0.000761517 -0.000758779 -0.000756367 -0.000754057 -0.000751655 -0.000748177 -0.000744868 -0.00074097 -0.000737311 -0.000733809 -0.000729354 -0.000725744 -0.00072246 -0.000719004 -0.000714403 -0.000709548 -0.000706399 -0.00070156 -0.000696892 -0.000694394 -0.000690487 -0.000685152 -0.000680939 -0.000677237 -0.000671888 -0.000666552 -0.000661404 -0.000656465 -0.000651074 -0.000645316 -0.000640072 -0.000634655 -0.000629981 -0.000624948 -0.000619112 -0.000613191 -0.000608812 -0.000602817 -0.000597035 -0.000592252 -0.00058708 -0.000582585 -0.000578137 -0.000571914 -0.000565472 -0.000560734 -0.000555113 -0.000549389 -0.000541852 -0.000535457 -0.000531548 -0.000524798 -0.000518541 -0.000514336 -0.00050954 -0.000503991 -0.000498961 -0.000492711 -0.0004875 -0.000482068 -0.000475923 -0.000471067 -0.000466425 -0.000461452 -0.00045556 -0.000450308 -0.000446169 -0.000441084 -0.00043653 -0.00043246 -0.000428436 -0.000423626 -0.000418757 -0.000413669 -0.000409369 -0.000404462 -0.000399156 -0.000395835 -0.000392615 -0.000388656 -0.000385926 -0.000381803 -0.00037738 -0.000374172 -0.000370568 -0.000366467 -0.000363562 -0.000359987 -0.000356004 -0.000353313 -0.000350023 -0.000346501 -0.00034336 -0.000339909 -0.000337098 -0.000334567 -0.000331326 -0.000328712 -0.000326518 -0.00032439 -0.000322359 -0.0003196 -0.000317188 -0.000314895 -0.00031189 -0.000309243 -0.000306189 -0.000303786 -0.000301853 -0.000299585 -0.00029704 -0.000294373 -0.000291748 -0.00028888 -0.000286578 -0.000284529 -0.000282108 -0.000279686 -0.000277524 -0.000274806 -0.000272359 -0.00026955 -0.00026664 -0.000264429 -0.000262539 -0.00025999 -0.000257363 -0.000254005 -0.000251297 -0.000248809 -0.000246887 -0.000244774 -0.000241855 -0.00023829 -0.000235678 -0.000232414 -0.000228583 -0.000225172 -0.000221197 -0.000217219 -0.000213928 -0.000209754 -0.000205667 -0.000201381 -0.000198151 -0.00019441 -0.000190616 -0.000186739 -0.000183167 -0.000179579 -0.000175524 -0.000171986 -0.000167944 -0.000163668 -0.000160769 -0.000157721 -0.000153068 -0.000149296 -0.000146451 -0.000143475 -0.000140391 -0.000136599 -0.000132055 -0.000128429 -0.000125202 -0.000121689 -0.000117613 -0.000113584 -0.000111193 -0.000106763 -0.000102572 -9.93025e-05 -9.58142e-05 -9.14762e-05 -8.72148e-05 -8.42586e-05 -8.06061e-05 -7.73752e-05 -7.31192e-05 -6.88573e-05 -6.60054e-05 -6.2125e-05 -5.84289e-05 -5.59427e-05 -5.25748e-05 -4.90699e-05 -4.66228e-05 -4.3516e-05 -3.99167e-05 -3.7729e-05 -3.48338e-05 -3.22382e-05 -3.05394e-05 -2.80072e-05 -2.53653e-05 -2.31499e-05 -2.01288e-05 -1.69586e-05 -1.48091e-05 -1.20809e-05 -9.55944e-06 -7.51356e-06 -4.05514e-06 1.08549e-06 
-0.000310174 -0.00088882 -0.00106107 -0.0010465 -0.00105874 -0.00106005 -0.00104028 -0.00101265 -0.000992156 -0.000980269 -0.000974589 -0.000970604 -0.000968045 -0.000965317 -0.000959816 -0.00095326 -0.000943569 -0.000932439 -0.000922756 -0.000911436 -0.000899504 -0.000892823 -0.000882948 -0.000870823 -0.000864118 -0.000854007 -0.000843753 -0.000837418 -0.000828319 -0.000820102 -0.000813474 -0.000807866 -0.000802274 -0.000798132 -0.000792688 -0.000788387 -0.000785698 -0.000782977 -0.000780586 -0.000778016 -0.000776457 -0.000773984 -0.000771276 -0.000768987 -0.000766343 -0.000763779 -0.00076142 -0.000758894 -0.000755903 -0.000753015 -0.000750509 -0.000747908 -0.00074418 -0.000740069 -0.000736868 -0.000732651 -0.000728737 -0.000725208 -0.000721842 -0.000718076 -0.000713707 -0.000709275 -0.000705416 -0.000699997 -0.000696041 -0.000692877 -0.000688654 -0.000684304 -0.000680453 -0.000676321 -0.000670802 -0.00066493 -0.000660736 -0.000655746 -0.000649613 -0.000644539 -0.000640352 -0.000635422 -0.000629657 -0.000623414 -0.000618547 -0.000613422 -0.000608917 -0.00060323 -0.000596584 -0.000591215 -0.000587269 -0.00058242 -0.000577227 -0.000571822 -0.000565862 -0.000560985 -0.000554637 -0.000548264 -0.000541831 -0.000536112 -0.000531054 -0.000524302 -0.000517892 -0.000513655 -0.000508043 -0.000502863 -0.000497748 -0.000491423 -0.000485623 -0.000480536 -0.000475698 -0.000471875 -0.000466078 -0.000460791 -0.000455692 -0.000450134 -0.000445253 -0.000440545 -0.000435497 -0.000430763 -0.000427228 -0.000422474 -0.000417523 -0.000412545 -0.000408712 -0.000403627 -0.000399194 -0.000395922 -0.000392317 -0.000388381 -0.000385108 -0.000381615 -0.000377653 -0.000374674 -0.000371045 -0.00036657 -0.000362895 -0.000359302 -0.000355712 -0.000352587 -0.000349059 -0.000345918 -0.000343102 -0.000339471 -0.000336299 -0.000333597 -0.000331385 -0.000329075 -0.000326228 -0.00032342 -0.000321664 -0.000319518 -0.00031726 -0.000314804 -0.000311656 -0.000309277 -0.000306577 -0.000303984 -0.000301581 -0.000299465 -0.000297068 -0.000294506 -0.000291625 -0.000288551 -0.000286225 -0.000284166 -0.000282415 -0.000280399 -0.00027779 -0.000275097 -0.000272125 -0.000269381 -0.000266926 -0.000264684 -0.00026216 -0.000259586 -0.000257582 -0.000254452 -0.000251679 -0.000249063 -0.000247079 -0.000245247 -0.000242101 -0.000238911 -0.000235617 -0.000231835 -0.000227949 -0.000225048 -0.000221282 -0.000217554 -0.000214496 -0.000210692 -0.000206604 -0.000202467 -0.000198053 -0.000194051 -0.000191305 -0.000187541 -0.000183695 -0.000180088 -0.000175589 -0.000172022 -0.000168277 -0.000163557 -0.00015973 -0.000156704 -0.000153024 -0.000149951 -0.000146404 -0.000142878 -0.000139876 -0.0001371 -0.000132688 -0.000128197 -0.000124861 -0.000121277 -0.000117613 -0.000114035 -0.000111206 -0.00010695 -0.000102928 -9.94317e-05 -9.59173e-05 -9.15509e-05 -8.71917e-05 -8.43988e-05 -8.07706e-05 -7.76017e-05 -7.39103e-05 -6.92593e-05 -6.60859e-05 -6.26034e-05 -5.87509e-05 -5.56105e-05 -5.20238e-05 -4.88483e-05 -4.6425e-05 -4.32211e-05 -4.01628e-05 -3.78683e-05 -3.53249e-05 -3.26082e-05 -3.05176e-05 -2.78865e-05 -2.54015e-05 -2.30444e-05 -1.98583e-05 -1.70719e-05 -1.49292e-05 -1.24657e-05 -9.44344e-06 -7.3479e-06 -4.46814e-06 4.7496e-07 
-0.000298697 -0.000909908 -0.00108037 -0.0010484 -0.00106111 -0.00106111 -0.00104126 -0.00101712 -0.00099495 -0.000982305 -0.000976441 -0.000971527 -0.000967397 -0.000963563 -0.000957721 -0.000951198 -0.000941097 -0.000932056 -0.000922108 -0.000909868 -0.000898522 -0.000892079 -0.00088216 -0.00087142 -0.000864943 -0.000852079 -0.00084166 -0.000835137 -0.000826159 -0.000817811 -0.000812327 -0.000806995 -0.000801642 -0.000796864 -0.000791812 -0.000788523 -0.000785341 -0.000782214 -0.000779707 -0.00077712 -0.000775388 -0.000772681 -0.000770139 -0.000768274 -0.000766128 -0.000763249 -0.000760678 -0.000758336 -0.000755471 -0.000753102 -0.000750453 -0.000747367 -0.000743648 -0.000739349 -0.000735404 -0.00073131 -0.000728458 -0.000725214 -0.000721054 -0.000717002 -0.000713146 -0.000709477 -0.00070463 -0.000699611 -0.00069516 -0.000691654 -0.000687234 -0.000684093 -0.000678955 -0.000673642 -0.000669291 -0.000664998 -0.000660054 -0.000654365 -0.000648962 -0.000644642 -0.000639489 -0.00063371 -0.000628456 -0.000622879 -0.000618384 -0.000613104 -0.000608329 -0.000602698 -0.000596378 -0.000590134 -0.000585969 -0.000581156 -0.000575778 -0.000571888 -0.00056679 -0.000560583 -0.000553341 -0.000546799 -0.000542175 -0.000535663 -0.000529514 -0.000523739 -0.000518403 -0.000513149 -0.000507311 -0.000502904 -0.000497431 -0.000490381 -0.000485632 -0.000480028 -0.000474681 -0.00047093 -0.000466027 -0.000460521 -0.000455403 -0.000449384 -0.000443619 -0.000439127 -0.000434576 -0.000429591 -0.000425217 -0.000421263 -0.00041672 -0.000411668 -0.000407026 -0.000402705 -0.000399577 -0.000395725 -0.000391635 -0.000387519 -0.000384613 -0.000381163 -0.000377398 -0.000373566 -0.000370349 -0.000366761 -0.000362934 -0.000359501 -0.000355918 -0.000352074 -0.000348566 -0.000345307 -0.000342268 -0.000339118 -0.000336406 -0.000333751 -0.000330962 -0.000328657 -0.000326003 -0.000323482 -0.000321332 -0.000319222 -0.000316874 -0.000314327 -0.00031155 -0.000308995 -0.000306518 -0.000304011 -0.000301493 -0.000299506 -0.000296876 -0.000293978 -0.000291478 -0.000288951 -0.000286454 -0.000284072 -0.000282216 -0.000280088 -0.00027764 -0.000275202 -0.000272271 -0.00026989 -0.000267752 -0.000265298 -0.000262104 -0.000259564 -0.000257206 -0.000254353 -0.00025233 -0.000249682 -0.000247282 -0.000245236 -0.000242482 -0.000239572 -0.000235827 -0.00023144 -0.000228235 -0.000224847 -0.000221555 -0.000218642 -0.000215013 -0.00021061 -0.000206771 -0.000203168 -0.000198698 -0.000194361 -0.000191616 -0.000187144 -0.000183549 -0.000180442 -0.000175744 -0.000171816 -0.000168454 -0.000163991 -0.000159659 -0.000155917 -0.000152455 -0.000149736 -0.000146217 -0.000143271 -0.000140158 -0.000137258 -0.000132916 -0.000128325 -0.0001244 -0.0001207 -0.00011779 -0.000114631 -0.000111036 -0.000107209 -0.000103934 -9.96863e-05 -9.51852e-05 -9.13904e-05 -8.76436e-05 -8.49257e-05 -8.06967e-05 -7.72619e-05 -7.39515e-05 -6.99496e-05 -6.60796e-05 -6.27784e-05 -5.88982e-05 -5.5358e-05 -5.20119e-05 -4.90669e-05 -4.65525e-05 -4.33791e-05 -4.09336e-05 -3.84232e-05 -3.54587e-05 -3.28561e-05 -3.0307e-05 -2.81257e-05 -2.55504e-05 -2.27479e-05 -1.97397e-05 -1.68229e-05 -1.42526e-05 -1.21631e-05 -9.663e-06 -7.62701e-06 -4.28896e-06 1.17814e-06 
-0.000298697 -0.000917999 -0.00109292 -0.00105904 -0.0010688 -0.00106564 -0.00104479 -0.00102146 -0.00100093 -0.00098482 -0.000977662 -0.000972558 -0.00096683 -0.000962489 -0.000956825 -0.000949027 -0.000939815 -0.000929267 -0.000919155 -0.000909585 -0.000901434 -0.000893053 -0.000882688 -0.000872295 -0.000864778 -0.00085139 -0.000840269 -0.000833011 -0.000823947 -0.000817643 -0.00081191 -0.000805205 -0.000799291 -0.000795421 -0.000791594 -0.000788484 -0.000784596 -0.000781432 -0.000778806 -0.000776511 -0.000774495 -0.000771756 -0.000769338 -0.000767468 -0.000765097 -0.000762588 -0.00076051 -0.000758166 -0.000755133 -0.000753092 -0.000749447 -0.000745713 -0.000742738 -0.000738797 -0.000734688 -0.000730744 -0.000727578 -0.000724506 -0.000720558 -0.000716828 -0.000712802 -0.000708798 -0.00070377 -0.000699688 -0.000695193 -0.000690588 -0.000686069 -0.000682806 -0.000676932 -0.000671726 -0.000668403 -0.00066362 -0.000657874 -0.000653258 -0.000648052 -0.0006435 -0.000637471 -0.000632404 -0.000628098 -0.000622787 -0.000618059 -0.000611903 -0.000606679 -0.00060091 -0.000595584 -0.000589591 -0.000585302 -0.000579846 -0.000575144 -0.000570904 -0.000564729 -0.000558768 -0.000553014 -0.000547495 -0.000541624 -0.000535332 -0.000528345 -0.000522599 -0.000517724 -0.000511928 -0.000507028 -0.000502564 -0.000496199 -0.000489385 -0.000485119 -0.000479214 -0.000473818 -0.000469765 -0.000464799 -0.000459232 -0.00045366 -0.000448135 -0.000442599 -0.000437858 -0.000432976 -0.00042844 -0.000423319 -0.000419103 -0.000415592 -0.000411299 -0.000406582 -0.000402153 -0.000399008 -0.000395286 -0.000391486 -0.000388167 -0.000384581 -0.00038126 -0.000377333 -0.000373233 -0.000370046 -0.000366894 -0.000362929 -0.000358921 -0.000355155 -0.000351294 -0.000348426 -0.000345175 -0.000341681 -0.000338882 -0.000336473 -0.000333541 -0.000330242 -0.00032789 -0.00032563 -0.000323228 -0.000320952 -0.000318885 -0.000316498 -0.000314274 -0.000312191 -0.000309588 -0.000306661 -0.000304053 -0.000301287 -0.00029939 -0.000296615 -0.000293754 -0.000291317 -0.000289012 -0.000286386 -0.000283723 -0.000281943 -0.000279907 -0.00027771 -0.000275566 -0.00027272 -0.000269902 -0.000267432 -0.000265132 -0.000262711 -0.000260557 -0.000257597 -0.000254515 -0.000252689 -0.000250557 -0.000247982 -0.000245094 -0.000242621 -0.000239544 -0.000235344 -0.000231321 -0.000228535 -0.000224541 -0.000221158 -0.000218649 -0.000215233 -0.000211798 -0.000207306 -0.00020358 -0.000199527 -0.000195164 -0.000192007 -0.000187463 -0.000183427 -0.000180705 -0.000176156 -0.000171748 -0.000168041 -0.000163961 -0.000160236 -0.000156253 -0.000152118 -0.000149386 -0.000146314 -0.000143102 -0.000139039 -0.000135675 -0.000131948 -0.000128514 -0.000124434 -0.000120314 -0.000117494 -0.000114661 -0.000110602 -0.00010709 -0.000103623 -9.95214e-05 -9.54859e-05 -9.22012e-05 -8.80105e-05 -8.45256e-05 -8.08842e-05 -7.70475e-05 -7.40496e-05 -7.06029e-05 -6.66629e-05 -6.31023e-05 -5.94851e-05 -5.6058e-05 -5.26177e-05 -4.9161e-05 -4.64927e-05 -4.40988e-05 -4.17981e-05 -3.87443e-05 -3.56413e-05 -3.32118e-05 -3.07803e-05 -2.85191e-05 -2.54282e-05 -2.25475e-05 -1.98936e-05 -1.68946e-05 -1.38934e-05 -1.21836e-05 -1.02115e-05 -7.74033e-06 -3.84376e-06 1.08979e-06 
-0.000298697 -0.000910982 -0.0010793 -0.00106731 -0.00107253 -0.00106669 -0.00104574 -0.00101863 -0.00100235 -0.000987732 -0.000979484 -0.000972906 -0.000967417 -0.00096169 -0.000956002 -0.000948149 -0.000940382 -0.000929362 -0.000917749 -0.000909804 -0.000900434 -0.000891773 -0.000883474 -0.000874264 -0.000863928 -0.000852424 -0.000842191 -0.000831825 -0.000821761 -0.000815704 -0.000810226 -0.000803265 -0.000798803 -0.000794859 -0.000791262 -0.000787702 -0.00078429 -0.000781857 -0.000779118 -0.000776045 -0.000773391 -0.00077129 -0.000769309 -0.000766988 -0.000763997 -0.00076191 -0.000760195 -0.00075759 -0.000754804 -0.000752575 -0.000748712 -0.000744886 -0.000742008 -0.000737928 -0.000733555 -0.000730506 -0.00072763 -0.000723352 -0.000719422 -0.000716827 -0.000713017 -0.000708004 -0.000702787 -0.000699141 -0.00069416 -0.000689628 -0.000685002 -0.000681468 -0.000675966 -0.000670936 -0.000667221 -0.000661639 -0.000656118 -0.000652297 -0.000646171 -0.00064086 -0.000635619 -0.000631678 -0.000626731 -0.000620295 -0.000615726 -0.000610992 -0.000606173 -0.000600027 -0.000595135 -0.000589218 -0.000583755 -0.000579039 -0.00057464 -0.000569249 -0.000562238 -0.000557097 -0.000553063 -0.000546532 -0.000539582 -0.000533917 -0.000528256 -0.000521355 -0.000515796 -0.000510978 -0.000506141 -0.000501166 -0.000495188 -0.000489062 -0.000483874 -0.000478182 -0.000473399 -0.000468205 -0.000462875 -0.0004583 -0.000452815 -0.000447695 -0.000442282 -0.000435975 -0.000430622 -0.000427331 -0.000422209 -0.000418134 -0.000414506 -0.000411016 -0.000406669 -0.000402371 -0.000399273 -0.000395587 -0.000392305 -0.000389096 -0.00038428 -0.0003799 -0.000376938 -0.000373518 -0.000369705 -0.000365933 -0.000362898 -0.000358935 -0.000354865 -0.000350786 -0.000347543 -0.000344581 -0.000341876 -0.000339213 -0.000336014 -0.000333633 -0.000330783 -0.000328076 -0.000325983 -0.000323239 -0.000320454 -0.000318817 -0.000316256 -0.000314104 -0.000312404 -0.000309497 -0.000306603 -0.00030414 -0.000301579 -0.000299055 -0.000296622 -0.000294283 -0.000291457 -0.000288528 -0.000286439 -0.000284278 -0.000282252 -0.000280404 -0.000277891 -0.000275462 -0.000273187 -0.000270558 -0.000267617 -0.000265079 -0.000262839 -0.000260715 -0.000257957 -0.00025489 -0.000252928 -0.000250679 -0.000248456 -0.000245814 -0.000242226 -0.000238816 -0.000235273 -0.000231707 -0.000228955 -0.000225216 -0.000221966 -0.000218267 -0.000215251 -0.00021224 -0.000207037 -0.000203082 -0.000199553 -0.000195675 -0.000192178 -0.000188291 -0.000183667 -0.000179992 -0.000176286 -0.000172328 -0.000167744 -0.000163246 -0.000160155 -0.000155688 -0.000151241 -0.000148428 -0.000145104 -0.000141824 -0.00013872 -0.000135563 -0.000131805 -0.000127974 -0.000123889 -0.000120187 -0.000116689 -0.000113897 -0.000110933 -0.000107705 -0.000103565 -9.93863e-05 -9.56065e-05 -9.17794e-05 -8.73609e-05 -8.36464e-05 -8.07969e-05 -7.76889e-05 -7.42326e-05 -7.11995e-05 -6.75704e-05 -6.28949e-05 -5.93164e-05 -5.61949e-05 -5.26602e-05 -4.96107e-05 -4.72626e-05 -4.45955e-05 -4.20438e-05 -3.91565e-05 -3.62736e-05 -3.36326e-05 -3.12449e-05 -2.86694e-05 -2.55059e-05 -2.29058e-05 -1.98738e-05 -1.67413e-05 -1.37286e-05 -1.20254e-05 -9.54914e-06 -7.25124e-06 -4.05291e-06 2.51308e-07 
-0.000379553 -0.000949063 -0.00105018 -0.00104922 -0.00106779 -0.00106308 -0.00104103 -0.001018 -0.00100659 -0.000992387 -0.000979899 -0.000972044 -0.000967751 -0.000962084 -0.000954494 -0.000946567 -0.000940042 -0.000929331 -0.000920127 -0.000910509 -0.000899162 -0.000890783 -0.000884141 -0.000873212 -0.000862 -0.000851931 -0.000841865 -0.000831437 -0.000822192 -0.000816649 -0.00081072 -0.00080403 -0.000798993 -0.000794842 -0.000790472 -0.000786542 -0.000783557 -0.000781262 -0.000778239 -0.000775563 -0.000773047 -0.000770887 -0.000768739 -0.000766314 -0.000763779 -0.000762026 -0.000759573 -0.00075665 -0.000753931 -0.000751553 -0.000748355 -0.000744695 -0.000741164 -0.000736595 -0.000732605 -0.000729896 -0.000726393 -0.000722598 -0.000718973 -0.000716286 -0.000712427 -0.000707762 -0.000702416 -0.000698234 -0.000692744 -0.000688354 -0.000683969 -0.000680138 -0.000674898 -0.000670099 -0.000664561 -0.000659112 -0.000654238 -0.000650395 -0.000644918 -0.000640264 -0.000635476 -0.000631002 -0.000625375 -0.000619305 -0.000615545 -0.000610408 -0.000604498 -0.000598285 -0.000593954 -0.000587542 -0.000581803 -0.00057696 -0.000572061 -0.000566473 -0.000560425 -0.000556002 -0.000551126 -0.00054462 -0.000538393 -0.000533476 -0.000527701 -0.000521088 -0.000515682 -0.000510653 -0.000505663 -0.000500223 -0.000495522 -0.000488994 -0.000482832 -0.000476355 -0.000471885 -0.000467165 -0.000462547 -0.000457443 -0.000451639 -0.000445569 -0.000440674 -0.000435648 -0.000430408 -0.000426647 -0.00042221 -0.000417887 -0.000413537 -0.000409975 -0.000406695 -0.000403465 -0.000398978 -0.000394631 -0.000391536 -0.000388425 -0.000383802 -0.000379832 -0.000376376 -0.000372994 -0.000369006 -0.000365367 -0.000361929 -0.00035817 -0.000354562 -0.000350986 -0.000347267 -0.000344039 -0.000341896 -0.000339328 -0.000336274 -0.00033393 -0.000330596 -0.000327613 -0.000325053 -0.000322577 -0.000320274 -0.00031843 -0.000315955 -0.000313746 -0.000312031 -0.000309404 -0.000306783 -0.00030476 -0.000302058 -0.000298963 -0.000296413 -0.000294182 -0.000291377 -0.000288863 -0.000286696 -0.00028422 -0.000281901 -0.000279816 -0.000277864 -0.000275702 -0.000273456 -0.000271204 -0.000268073 -0.000265627 -0.000262657 -0.000260291 -0.000258214 -0.000255875 -0.000253271 -0.000250795 -0.000248596 -0.000246066 -0.000242104 -0.000238188 -0.000235213 -0.000231946 -0.000228633 -0.000225178 -0.000222561 -0.000218934 -0.000215369 -0.000212504 -0.00020807 -0.000204251 -0.000200517 -0.000196264 -0.000191967 -0.000188248 -0.000183649 -0.00017925 -0.000175312 -0.000172127 -0.000168088 -0.000163186 -0.000159604 -0.000155958 -0.000152367 -0.000148528 -0.000145023 -0.000141308 -0.000138104 -0.000135545 -0.000131404 -0.000126915 -0.000123002 -0.000120044 -0.000116428 -0.000113281 -0.000110592 -0.000107645 -0.000103929 -9.96651e-05 -9.52024e-05 -9.08556e-05 -8.7088e-05 -8.36712e-05 -8.09194e-05 -7.78798e-05 -7.36991e-05 -7.02584e-05 -6.7418e-05 -6.35287e-05 -6.0488e-05 -5.66372e-05 -5.27101e-05 -5.02652e-05 -4.75144e-05 -4.46646e-05 -4.22679e-05 -4.00133e-05 -3.71751e-05 -3.46365e-05 -3.12767e-05 -2.83852e-05 -2.5681e-05 -2.26851e-05 -1.92993e-05 -1.68188e-05 -1.4551e-05 -1.21797e-05 -9.33661e-06 -7.11857e-06 -4.53613e-06 -4.80344e-07 
-0.00027713 -0.000926421 -0.00105525 -0.00104888 -0.00106241 -0.00105671 -0.00103714 -0.00102003 -0.00100547 -0.000990439 -0.000979505 -0.000970956 -0.000965935 -0.000960186 -0.000953377 -0.000946501 -0.000938089 -0.000927853 -0.000919828 -0.000910672 -0.000900965 -0.000893193 -0.000884901 -0.000872964 -0.000861572 -0.000851205 -0.000839871 -0.000830842 -0.000823137 -0.000816839 -0.000810251 -0.000803943 -0.000799607 -0.000793617 -0.000789222 -0.000786602 -0.000783677 -0.00078029 -0.000777302 -0.000775197 -0.00077307 -0.000770641 -0.000768194 -0.000765655 -0.000763276 -0.000761499 -0.000758625 -0.000756048 -0.000753721 -0.000751162 -0.000747881 -0.000744111 -0.000739882 -0.000736103 -0.000733052 -0.000729395 -0.000725293 -0.000722293 -0.000718898 -0.000715168 -0.000710887 -0.00070718 -0.000701705 -0.000696846 -0.000692201 -0.000688229 -0.000683676 -0.000679198 -0.000673321 -0.000668617 -0.00066295 -0.000658474 -0.00065342 -0.00064858 -0.000643345 -0.000639553 -0.000634334 -0.000628961 -0.000623887 -0.000618591 -0.00061441 -0.000608501 -0.000603575 -0.000597485 -0.000592317 -0.000586659 -0.000581933 -0.00057696 -0.000571231 -0.000565575 -0.000560497 -0.000554666 -0.00054818 -0.000543054 -0.000538612 -0.000532513 -0.000525977 -0.000520113 -0.000515435 -0.000510022 -0.000504807 -0.000500145 -0.000494759 -0.000487516 -0.000481608 -0.000475849 -0.00047102 -0.000466622 -0.000461524 -0.000455747 -0.000450618 -0.000444881 -0.000439842 -0.00043481 -0.000428915 -0.000424653 -0.000420331 -0.000416757 -0.000413508 -0.00040976 -0.000406232 -0.000403068 -0.000398803 -0.000395065 -0.000391329 -0.000387616 -0.000383534 -0.000379924 -0.000375881 -0.000371536 -0.000368381 -0.000365424 -0.000361584 -0.000357445 -0.000354045 -0.000350858 -0.000347524 -0.000344733 -0.000342166 -0.000339066 -0.000336301 -0.000333539 -0.000330313 -0.000327704 -0.000324878 -0.000322473 -0.000320114 -0.000318257 -0.000315984 -0.000313571 -0.000311259 -0.000309251 -0.000306935 -0.000304388 -0.000301989 -0.000299663 -0.00029706 -0.000294451 -0.000291652 -0.000289008 -0.000286559 -0.000284299 -0.000282023 -0.000279819 -0.000278057 -0.000275882 -0.000273387 -0.000270941 -0.000268161 -0.000266048 -0.000263209 -0.000260341 -0.000258516 -0.000256528 -0.000253951 -0.000251424 -0.000248827 -0.000245767 -0.000242212 -0.000238567 -0.000235877 -0.000232438 -0.000228773 -0.000225729 -0.000222991 -0.000219688 -0.000215871 -0.000211747 -0.000207989 -0.000204701 -0.000200762 -0.000196371 -0.000192528 -0.00018855 -0.000183655 -0.000179808 -0.000175551 -0.000171529 -0.000167986 -0.000163152 -0.000159208 -0.000155609 -0.000152226 -0.00014817 -0.000144526 -0.000141401 -0.000138115 -0.000134745 -0.000131039 -0.000127437 -0.000123464 -0.000119845 -0.000116432 -0.000113102 -0.000109573 -0.000106529 -0.000103015 -9.88121e-05 -9.51036e-05 -9.05206e-05 -8.68296e-05 -8.33425e-05 -8.00665e-05 -7.71267e-05 -7.40003e-05 -7.06097e-05 -6.77673e-05 -6.41923e-05 -6.07972e-05 -5.70596e-05 -5.31259e-05 -5.07154e-05 -4.73392e-05 -4.47916e-05 -4.25814e-05 -3.98295e-05 -3.68751e-05 -3.45061e-05 -3.16785e-05 -2.90887e-05 -2.63774e-05 -2.33048e-05 -1.95726e-05 -1.67315e-05 -1.42139e-05 -1.20749e-05 -9.78256e-06 -7.31815e-06 -3.74128e-06 7.22672e-07 
-0.000336866 -0.000962648 -0.00106763 -0.00104644 -0.00105706 -0.00105004 -0.00103893 -0.00102499 -0.00100495 -0.000987537 -0.000977731 -0.000969704 -0.000964007 -0.000957512 -0.000952893 -0.00094678 -0.000937348 -0.000927367 -0.000919566 -0.000909855 -0.000902809 -0.000893025 -0.000882703 -0.000873035 -0.000864493 -0.000852442 -0.00083916 -0.00083274 -0.000824329 -0.000816515 -0.00081075 -0.000804632 -0.00079934 -0.000793549 -0.000788933 -0.00078612 -0.000783138 -0.000779564 -0.000776631 -0.000774899 -0.00077289 -0.000770574 -0.000768185 -0.000765822 -0.000762963 -0.000760525 -0.00075784 -0.00075594 -0.000753542 -0.00075007 -0.000746565 -0.00074351 -0.000739246 -0.000736073 -0.00073256 -0.000728563 -0.000724973 -0.000721804 -0.000718494 -0.000714032 -0.000709763 -0.000706253 -0.000700393 -0.000695008 -0.000690979 -0.000686591 -0.000681873 -0.000677526 -0.00067266 -0.000668921 -0.000663449 -0.000657856 -0.000653273 -0.000647014 -0.000641151 -0.000637316 -0.000632216 -0.000627167 -0.000623443 -0.000618585 -0.000612905 -0.000607401 -0.000602865 -0.000596553 -0.000591019 -0.000585738 -0.000581858 -0.00057697 -0.000569273 -0.000563673 -0.000557691 -0.0005524 -0.000547048 -0.000542968 -0.0005381 -0.000531464 -0.000525419 -0.000520157 -0.000515409 -0.000509234 -0.000503175 -0.000498618 -0.000493424 -0.000486535 -0.000481637 -0.000475362 -0.00046885 -0.000464645 -0.00045978 -0.000454547 -0.00044975 -0.00044335 -0.000438144 -0.000433256 -0.000429213 -0.000424561 -0.000420198 -0.000416026 -0.00041323 -0.000409614 -0.000405863 -0.00040208 -0.000398025 -0.000394744 -0.000390322 -0.000385869 -0.00038198 -0.000378788 -0.000374451 -0.000370918 -0.000367744 -0.000364742 -0.000361292 -0.000357481 -0.000353959 -0.000350385 -0.000347107 -0.000345001 -0.000342425 -0.000339412 -0.000336637 -0.000333031 -0.000329692 -0.000327429 -0.000324765 -0.000322385 -0.000319753 -0.00031764 -0.000315393 -0.000313649 -0.000311476 -0.000309532 -0.00030716 -0.00030396 -0.000301631 -0.000299355 -0.000296918 -0.000294602 -0.000292235 -0.000289686 -0.000286871 -0.000284259 -0.00028201 -0.000279971 -0.000278157 -0.000276136 -0.000273638 -0.000271141 -0.0002684 -0.000266385 -0.000263693 -0.000260635 -0.000258189 -0.000256086 -0.000254488 -0.000252238 -0.000249291 -0.000245499 -0.000242058 -0.000238819 -0.000235769 -0.000233307 -0.000230228 -0.000227136 -0.000223363 -0.000219587 -0.000216143 -0.000212429 -0.00020848 -0.000204946 -0.000200895 -0.000197345 -0.000193728 -0.000189144 -0.000183646 -0.000180399 -0.000175905 -0.000171323 -0.000168448 -0.000163734 -0.000159852 -0.000156095 -0.000151889 -0.000148143 -0.000144694 -0.000141469 -0.000138058 -0.000134105 -0.000131378 -0.000127841 -0.000123332 -0.000119214 -0.000115586 -0.0001131 -0.000109823 -0.000106649 -0.000103039 -9.85222e-05 -9.46226e-05 -9.00872e-05 -8.61841e-05 -8.2639e-05 -7.97734e-05 -7.69224e-05 -7.46596e-05 -7.13222e-05 -6.83412e-05 -6.42836e-05 -6.05708e-05 -5.74864e-05 -5.40775e-05 -5.10934e-05 -4.78552e-05 -4.53889e-05 -4.29491e-05 -3.98153e-05 -3.69499e-05 -3.45985e-05 -3.18764e-05 -2.93171e-05 -2.63195e-05 -2.32266e-05 -2.02907e-05 -1.74618e-05 -1.44372e-05 -1.21082e-05 -1.01448e-05 -7.65075e-06 -3.27946e-06 8.665e-07 
-0.000275992 -0.000902832 -0.00104625 -0.00104784 -0.00105385 -0.00104756 -0.00103778 -0.00102688 -0.00100665 -0.000988319 -0.000974475 -0.000966153 -0.000960178 -0.000956079 -0.00095161 -0.000945607 -0.000937452 -0.000928864 -0.000920654 -0.000911773 -0.000903785 -0.000893165 -0.000882607 -0.000872803 -0.000863879 -0.000852222 -0.000839545 -0.000832885 -0.000824533 -0.00081774 -0.000812872 -0.000805377 -0.000798657 -0.000793752 -0.00078912 -0.000785121 -0.000781946 -0.000779187 -0.000777233 -0.000775163 -0.000772421 -0.00076975 -0.000767626 -0.000765308 -0.000762818 -0.000759784 -0.000757202 -0.000754929 -0.000752484 -0.000749288 -0.000746257 -0.000743526 -0.000739881 -0.000735679 -0.000732099 -0.000728219 -0.000724332 -0.000720143 -0.00071699 -0.000712855 -0.000708364 -0.000705016 -0.000699378 -0.000694055 -0.000690198 -0.000685166 -0.000680627 -0.00067718 -0.000672992 -0.000669052 -0.000662903 -0.000656529 -0.000651662 -0.000645869 -0.000640852 -0.00063582 -0.000631595 -0.000626662 -0.000621972 -0.000617718 -0.000611644 -0.000606635 -0.000601819 -0.000595561 -0.000590345 -0.000585024 -0.0005804 -0.000575276 -0.000569306 -0.000564071 -0.000558006 -0.000551644 -0.000546497 -0.000541051 -0.000535797 -0.000530809 -0.000525941 -0.000519942 -0.000513846 -0.00050844 -0.000503158 -0.000498318 -0.000492625 -0.000485545 -0.000480015 -0.000474092 -0.000468062 -0.000463777 -0.000459046 -0.00045447 -0.000448597 -0.000442496 -0.00043816 -0.00043374 -0.000428852 -0.000423546 -0.00041944 -0.000415357 -0.000412566 -0.000409377 -0.000405628 -0.000400957 -0.000396339 -0.000392981 -0.000388893 -0.000385171 -0.00038181 -0.000378167 -0.000373894 -0.000370856 -0.000367215 -0.00036377 -0.000360179 -0.000356827 -0.000353921 -0.000350727 -0.000347337 -0.000344799 -0.000341902 -0.000338723 -0.000336253 -0.000332799 -0.000329603 -0.000327078 -0.000324292 -0.000322469 -0.000319909 -0.000317278 -0.000315341 -0.000313604 -0.000311485 -0.000308925 -0.000306711 -0.000303971 -0.000302092 -0.000299513 -0.000296751 -0.000294596 -0.000292235 -0.000289985 -0.00028745 -0.000284475 -0.000281756 -0.000279563 -0.000277865 -0.000276124 -0.000274047 -0.000271656 -0.000268383 -0.000266071 -0.000263588 -0.000260742 -0.000258572 -0.00025607 -0.000254075 -0.000252022 -0.000249706 -0.000246479 -0.000243169 -0.000239554 -0.00023627 -0.000233419 -0.000230736 -0.000227987 -0.000223443 -0.000219623 -0.000216485 -0.000212655 -0.000208817 -0.000204527 -0.000200938 -0.00019746 -0.000194035 -0.0001891 -0.00018432 -0.000181218 -0.000176395 -0.000171524 -0.000168746 -0.000164299 -0.000160448 -0.000156427 -0.000152411 -0.000148931 -0.000145083 -0.000141106 -0.000137766 -0.000134457 -0.000131676 -0.000127897 -0.00012336 -0.000119738 -0.000116502 -0.000112607 -0.000109303 -0.000105572 -0.000102072 -9.80844e-05 -9.4359e-05 -8.98922e-05 -8.6616e-05 -8.37855e-05 -8.05696e-05 -7.72074e-05 -7.4809e-05 -7.18625e-05 -6.84913e-05 -6.5182e-05 -6.13535e-05 -5.84746e-05 -5.49123e-05 -5.11488e-05 -4.79999e-05 -4.5708e-05 -4.25339e-05 -3.97911e-05 -3.76267e-05 -3.50343e-05 -3.19005e-05 -2.94495e-05 -2.60314e-05 -2.31046e-05 -2.06321e-05 -1.77855e-05 -1.534e-05 -1.24055e-05 -9.56344e-06 -7.25103e-06 -3.93036e-06 -2.62566e-07 
-0.000321652 -0.000917235 -0.00104528 -0.00103567 -0.00105017 -0.00104904 -0.00103926 -0.0010246 -0.00100519 -0.000989984 -0.000973155 -0.000964227 -0.00096051 -0.000956717 -0.000951777 -0.000944557 -0.000937645 -0.000929001 -0.000919882 -0.000911598 -0.000904983 -0.000895458 -0.000887157 -0.000874539 -0.000861731 -0.000852406 -0.000841468 -0.000832955 -0.000824781 -0.000818826 -0.000813196 -0.000806611 -0.000799488 -0.00079473 -0.000789984 -0.000784679 -0.00078125 -0.000779091 -0.000776923 -0.000774638 -0.000772372 -0.000770095 -0.000767381 -0.000764634 -0.000762366 -0.000759347 -0.00075686 -0.000753863 -0.000751234 -0.000748716 -0.000745938 -0.000743367 -0.000739135 -0.000735063 -0.00073174 -0.000728574 -0.000724234 -0.000719683 -0.000716424 -0.000712317 -0.000707384 -0.000703983 -0.000698568 -0.000693306 -0.000688651 -0.000683936 -0.000680756 -0.000676733 -0.000671933 -0.000668239 -0.000662549 -0.000656688 -0.000651032 -0.000644811 -0.000640434 -0.000635224 -0.000630063 -0.00062491 -0.000619459 -0.00061547 -0.000611512 -0.000606431 -0.00060052 -0.000593905 -0.00058923 -0.000584618 -0.000580066 -0.000574252 -0.000568791 -0.000563675 -0.000557628 -0.000551825 -0.000546691 -0.000539849 -0.000534247 -0.000529385 -0.000524866 -0.00051947 -0.00051335 -0.000507712 -0.000503087 -0.000497358 -0.000490829 -0.000484532 -0.000479036 -0.000473389 -0.000468533 -0.000463027 -0.000457397 -0.000453051 -0.000446835 -0.000441235 -0.000437425 -0.000432606 -0.000427773 -0.000423318 -0.000419657 -0.000415361 -0.000411433 -0.00040801 -0.000404797 -0.000400512 -0.000395732 -0.000392666 -0.000388585 -0.000384537 -0.000380536 -0.0003773 -0.000373577 -0.000370796 -0.000367334 -0.000363988 -0.000360373 -0.000356617 -0.000353442 -0.000350811 -0.00034781 -0.000345002 -0.000342014 -0.000338671 -0.000335609 -0.00033255 -0.000330039 -0.000327195 -0.000324278 -0.00032263 -0.000320296 -0.000317555 -0.000315301 -0.00031354 -0.00031137 -0.000308696 -0.000306792 -0.000304166 -0.000302099 -0.000299748 -0.000297427 -0.00029512 -0.000292164 -0.000289816 -0.000287417 -0.000284428 -0.000282226 -0.000279865 -0.000277506 -0.000275509 -0.000273765 -0.000271872 -0.000269304 -0.000266622 -0.000263814 -0.000260614 -0.000258373 -0.000256029 -0.000253928 -0.000252188 -0.000249963 -0.000246901 -0.000243599 -0.000240078 -0.000237474 -0.000234079 -0.000230954 -0.000228128 -0.000224046 -0.000220755 -0.000216177 -0.000211608 -0.000208081 -0.000204682 -0.000201547 -0.000197968 -0.000193946 -0.00018964 -0.000185132 -0.000181641 -0.000177211 -0.000172503 -0.000169321 -0.000164495 -0.000160484 -0.000156878 -0.000153464 -0.000149501 -0.000145136 -0.000141434 -0.000138448 -0.000134825 -0.000131162 -0.000127124 -0.000123151 -0.000120379 -0.000116289 -0.000112118 -0.000108737 -0.000105436 -0.000102278 -9.8681e-05 -9.45623e-05 -8.99668e-05 -8.68319e-05 -8.35431e-05 -8.07399e-05 -7.78653e-05 -7.52194e-05 -7.21223e-05 -6.89543e-05 -6.6266e-05 -6.26494e-05 -5.89312e-05 -5.52228e-05 -5.20534e-05 -4.91213e-05 -4.59095e-05 -4.24838e-05 -3.96595e-05 -3.7635e-05 -3.47269e-05 -3.17264e-05 -2.99184e-05 -2.68599e-05 -2.41868e-05 -2.13645e-05 -1.8117e-05 -1.5831e-05 -1.28303e-05 -9.96177e-06 -7.3482e-06 -4.23558e-06 4.3965e-07 
-0.000324139 -0.000914846 -0.00101448 -0.00101057 -0.00104401 -0.00105362 -0.00104691 -0.0010281 -0.00100414 -0.00098988 -0.000973173 -0.000965598 -0.000962283 -0.000958419 -0.000954414 -0.000946475 -0.000938356 -0.000929084 -0.000920415 -0.000913018 -0.000904712 -0.000896689 -0.000888783 -0.000877158 -0.0008626 -0.000853558 -0.000842323 -0.0008326 -0.000825236 -0.000818823 -0.000812922 -0.000807426 -0.000799932 -0.000793769 -0.000789421 -0.000784961 -0.000782373 -0.000779503 -0.000776552 -0.000774415 -0.000772076 -0.000769628 -0.000766712 -0.000763795 -0.000760953 -0.000758187 -0.000756192 -0.000753063 -0.000750672 -0.000747973 -0.000744891 -0.000742155 -0.000738445 -0.000734944 -0.000731693 -0.000727773 -0.000723799 -0.000719754 -0.000715916 -0.000711083 -0.000706434 -0.000701911 -0.000696735 -0.000692721 -0.00068741 -0.000682927 -0.000679676 -0.000675244 -0.00067145 -0.000667313 -0.000662702 -0.000657328 -0.000650452 -0.000643786 -0.000639135 -0.000633264 -0.00062786 -0.000623578 -0.000618847 -0.000614955 -0.000609844 -0.000604344 -0.000598899 -0.000593515 -0.0005887 -0.000583217 -0.000579045 -0.000574263 -0.000568787 -0.000562356 -0.000555229 -0.000549979 -0.000545193 -0.000539246 -0.000534429 -0.000527897 -0.000522683 -0.000518149 -0.000512215 -0.000506498 -0.00050058 -0.000494766 -0.000489729 -0.000484837 -0.000477507 -0.000471686 -0.000466669 -0.000461365 -0.000456391 -0.000451741 -0.000446058 -0.000441899 -0.000437559 -0.000431844 -0.000427872 -0.000423511 -0.000419411 -0.000414989 -0.000410485 -0.000407051 -0.000403924 -0.000400169 -0.000395853 -0.00039176 -0.000388308 -0.000384592 -0.000380428 -0.000377524 -0.000373772 -0.000369922 -0.000366926 -0.000363568 -0.000359949 -0.000356632 -0.000353058 -0.000349996 -0.000347515 -0.000344839 -0.000341902 -0.000338893 -0.00033546 -0.000332258 -0.000329791 -0.000327193 -0.000324942 -0.000322508 -0.000320034 -0.000317918 -0.000315697 -0.000313354 -0.000310981 -0.000308704 -0.000307035 -0.000304394 -0.000301804 -0.000299545 -0.000297693 -0.000295295 -0.000292732 -0.00029043 -0.000287433 -0.000284409 -0.000282047 -0.000279964 -0.000277886 -0.000275981 -0.000273956 -0.000271915 -0.000269486 -0.000266604 -0.00026404 -0.000260888 -0.000258464 -0.000256033 -0.000253813 -0.000251483 -0.00024949 -0.00024708 -0.000243532 -0.000240083 -0.000237507 -0.000234493 -0.000231749 -0.000228096 -0.000223947 -0.000220926 -0.000216065 -0.000211265 -0.000207974 -0.000204473 -0.000200474 -0.000197152 -0.000194062 -0.000190294 -0.000185607 -0.000181331 -0.000177806 -0.0001733 -0.000169486 -0.000165132 -0.000161051 -0.000157782 -0.00015382 -0.000149349 -0.000145325 -0.000141882 -0.000138625 -0.000134454 -0.000130578 -0.000126995 -0.000123568 -0.000120094 -0.00011596 -0.000112137 -0.000109008 -0.000105664 -0.000101744 -9.83269e-05 -9.51869e-05 -9.16495e-05 -8.8332e-05 -8.41939e-05 -8.1233e-05 -7.87493e-05 -7.52042e-05 -7.20246e-05 -6.90838e-05 -6.63776e-05 -6.27228e-05 -5.89304e-05 -5.56949e-05 -5.3111e-05 -4.98385e-05 -4.61058e-05 -4.30848e-05 -4.02319e-05 -3.76664e-05 -3.45476e-05 -3.17823e-05 -2.99522e-05 -2.69732e-05 -2.42583e-05 -2.17494e-05 -1.86818e-05 -1.59414e-05 -1.2904e-05 -1.02232e-05 -7.50993e-06 -3.76801e-06 1.53322e-06 
-0.000347599 -0.000912648 -0.00100845 -0.0010012 -0.00103005 -0.00104742 -0.00105021 -0.00103078 -0.00100491 -0.000988624 -0.000974487 -0.000967495 -0.000965074 -0.000961436 -0.000956136 -0.000947174 -0.000938568 -0.000929822 -0.000921643 -0.000914477 -0.000904672 -0.00089537 -0.000887133 -0.000876715 -0.000864257 -0.000853579 -0.000842188 -0.000834341 -0.000828017 -0.000820163 -0.00081269 -0.000807931 -0.000800804 -0.000794193 -0.000789313 -0.000784891 -0.000782245 -0.000779642 -0.00077702 -0.000774809 -0.000771484 -0.000768332 -0.000765526 -0.000763043 -0.000760189 -0.00075734 -0.000754803 -0.000751499 -0.000749291 -0.000746717 -0.000743921 -0.000741246 -0.000738345 -0.000735505 -0.00073187 -0.000726962 -0.000723132 -0.000719037 -0.00071411 -0.000710157 -0.000706252 -0.000701006 -0.000695738 -0.000691911 -0.000686663 -0.000681566 -0.000677712 -0.000673625 -0.000670608 -0.000665623 -0.000660688 -0.00065544 -0.000649178 -0.000643707 -0.000638585 -0.000632271 -0.000627208 -0.000623584 -0.000619041 -0.000614937 -0.000608364 -0.000602887 -0.000597672 -0.000592974 -0.000587414 -0.000581374 -0.000577259 -0.000572733 -0.000567642 -0.000561806 -0.00055546 -0.000550762 -0.000544603 -0.000537575 -0.000532776 -0.000526956 -0.000521431 -0.000516721 -0.000511577 -0.000506064 -0.00049983 -0.000493539 -0.00048874 -0.000484038 -0.000477478 -0.000471706 -0.000466436 -0.000460781 -0.000456093 -0.000450532 -0.000444949 -0.000441083 -0.000436704 -0.0004322 -0.000428577 -0.000423483 -0.000417939 -0.000413809 -0.000410508 -0.000406996 -0.000403319 -0.000400123 -0.000396093 -0.000391329 -0.000388119 -0.00038515 -0.000381022 -0.000377816 -0.000373889 -0.000369768 -0.000366839 -0.000362598 -0.000358806 -0.000356168 -0.000352744 -0.000349993 -0.000347741 -0.000344703 -0.000341423 -0.000338715 -0.000335513 -0.000332935 -0.000330325 -0.000327865 -0.000325518 -0.000322631 -0.000319948 -0.000317699 -0.000315552 -0.000313296 -0.000311099 -0.000308875 -0.000307117 -0.000304543 -0.000302038 -0.000299862 -0.000297758 -0.000294857 -0.000292813 -0.000290481 -0.000287423 -0.000284806 -0.000282344 -0.000280192 -0.000278349 -0.000276551 -0.000273855 -0.000271816 -0.000269783 -0.000267121 -0.000264509 -0.000261419 -0.000258138 -0.000255749 -0.000253901 -0.000251905 -0.000249481 -0.000247281 -0.000243879 -0.000240018 -0.000237201 -0.000234285 -0.000231875 -0.000228265 -0.000224064 -0.000220592 -0.000216124 -0.000212248 -0.000208007 -0.000203582 -0.000200384 -0.000197252 -0.000193922 -0.000190368 -0.000186304 -0.00018203 -0.00017834 -0.000173536 -0.000169103 -0.000165484 -0.000161911 -0.000158164 -0.000153634 -0.000149732 -0.000146498 -0.00014224 -0.000138009 -0.000134798 -0.000130701 -0.000127545 -0.000123792 -0.000119144 -0.000115467 -0.000112365 -0.000108868 -0.000105292 -0.000101909 -9.86219e-05 -9.56514e-05 -9.23187e-05 -8.89846e-05 -8.57356e-05 -8.2061e-05 -7.88668e-05 -7.57304e-05 -7.25497e-05 -6.95122e-05 -6.61398e-05 -6.23576e-05 -5.89877e-05 -5.61866e-05 -5.33296e-05 -5.00428e-05 -4.65108e-05 -4.37945e-05 -4.03968e-05 -3.72241e-05 -3.48407e-05 -3.21411e-05 -2.99707e-05 -2.70258e-05 -2.43884e-05 -2.202e-05 -1.92131e-05 -1.58031e-05 -1.26299e-05 -1.00647e-05 -7.12742e-06 -4.26999e-06 8.31531e-08 
-0.000344685 -0.000883224 -0.000998313 -0.000997622 -0.00102397 -0.00103598 -0.00104186 -0.00103027 -0.00100544 -0.000988451 -0.000976074 -0.000969941 -0.000967602 -0.000962441 -0.000956636 -0.000948778 -0.000939387 -0.000929137 -0.000919156 -0.000911518 -0.000904421 -0.000896949 -0.000887057 -0.000877921 -0.000866838 -0.000853846 -0.00084226 -0.000833972 -0.000827423 -0.00082086 -0.000813799 -0.000807783 -0.000800936 -0.000795498 -0.00079022 -0.000784844 -0.000781885 -0.000779205 -0.000776907 -0.000774545 -0.000771357 -0.00076824 -0.000765225 -0.000762341 -0.00075953 -0.000756865 -0.000753936 -0.000750668 -0.000748209 -0.000745866 -0.000743648 -0.000740653 -0.000737561 -0.00073468 -0.00073109 -0.000727109 -0.000723502 -0.000718665 -0.000713547 -0.000709261 -0.000705241 -0.000700663 -0.00069508 -0.000690638 -0.000685729 -0.000681107 -0.0006764 -0.000672079 -0.000668423 -0.000664061 -0.000659357 -0.000653759 -0.000647986 -0.000642235 -0.000636657 -0.000632066 -0.000627299 -0.000622308 -0.00061739 -0.00061316 -0.000608091 -0.000603522 -0.000597157 -0.000590608 -0.000585654 -0.000581176 -0.000576681 -0.000571683 -0.000565897 -0.000560892 -0.000555484 -0.000549936 -0.000543343 -0.000536417 -0.000531348 -0.000526025 -0.000520924 -0.000514587 -0.000509503 -0.000504798 -0.000498623 -0.00049385 -0.000488021 -0.000481732 -0.000476461 -0.000471197 -0.000464969 -0.000459618 -0.00045504 -0.000449254 -0.000444963 -0.000440279 -0.000435223 -0.00043163 -0.000427746 -0.000422433 -0.000417578 -0.000413822 -0.000410053 -0.000406759 -0.000402306 -0.000399081 -0.000396016 -0.000392445 -0.000388882 -0.000385524 -0.000381573 -0.000376995 -0.000373136 -0.000369172 -0.000366296 -0.000362077 -0.000358319 -0.000355908 -0.000352894 -0.00034988 -0.000347175 -0.000344637 -0.000341742 -0.000338552 -0.000335556 -0.000333073 -0.000330407 -0.000328013 -0.000325911 -0.000323025 -0.000320689 -0.00031793 -0.000315282 -0.000313324 -0.000311136 -0.000308591 -0.000306521 -0.00030454 -0.000302376 -0.000300578 -0.000298121 -0.000295215 -0.000292939 -0.000290284 -0.000287248 -0.000285152 -0.00028251 -0.000280085 -0.000278057 -0.00027658 -0.000274299 -0.00027229 -0.000270217 -0.000267467 -0.000264692 -0.000261797 -0.000258723 -0.00025624 -0.000254158 -0.000252189 -0.000249365 -0.000246668 -0.000243764 -0.000240722 -0.000237812 -0.000234145 -0.000231185 -0.000228514 -0.000225318 -0.00022088 -0.000216245 -0.00021284 -0.000207939 -0.000203362 -0.000200717 -0.000197172 -0.000192806 -0.000189399 -0.000186535 -0.000182136 -0.000177702 -0.000173575 -0.000169615 -0.000165578 -0.000161532 -0.000157833 -0.000153857 -0.000150369 -0.000146686 -0.000142542 -0.000138246 -0.000135263 -0.000130848 -0.000126511 -0.000123025 -0.000119064 -0.000115672 -0.00011248 -0.000108662 -0.000105013 -0.000102753 -9.9884e-05 -9.69348e-05 -9.27764e-05 -8.9282e-05 -8.68512e-05 -8.24258e-05 -7.8432e-05 -7.55735e-05 -7.22016e-05 -6.86946e-05 -6.57644e-05 -6.22101e-05 -5.93879e-05 -5.64571e-05 -5.29755e-05 -5.00435e-05 -4.70179e-05 -4.3924e-05 -4.03633e-05 -3.72491e-05 -3.49856e-05 -3.20501e-05 -2.93094e-05 -2.70576e-05 -2.45496e-05 -2.15955e-05 -1.85913e-05 -1.54736e-05 -1.28049e-05 -9.91176e-06 -6.25002e-06 -3.81525e-06 -6.93866e-08 
-0.000301211 -0.000843105 -0.000998932 -0.00101056 -0.00102741 -0.00104056 -0.00104113 -0.00102589 -0.00100458 -0.000984806 -0.000975685 -0.000971694 -0.000968824 -0.000964731 -0.000956798 -0.000948454 -0.000939289 -0.000927228 -0.000917649 -0.000910092 -0.000902606 -0.000895371 -0.000884618 -0.000874988 -0.000865631 -0.000854354 -0.000844978 -0.000834786 -0.000827344 -0.000821366 -0.000814851 -0.000808136 -0.000801118 -0.000795259 -0.000789672 -0.00078567 -0.000782552 -0.000779236 -0.00077631 -0.000773857 -0.000770801 -0.00076806 -0.000764747 -0.00076131 -0.000758674 -0.000756451 -0.000753402 -0.00075059 -0.000747327 -0.000744787 -0.000742402 -0.000740185 -0.000737736 -0.000734244 -0.000729742 -0.000726432 -0.000722471 -0.000717596 -0.000713546 -0.000708829 -0.000703953 -0.000699894 -0.000694718 -0.000689619 -0.00068437 -0.000680329 -0.000675668 -0.000671255 -0.000666709 -0.000662207 -0.000657839 -0.00065234 -0.000647498 -0.000642008 -0.000635906 -0.00063165 -0.000627298 -0.000621022 -0.000616237 -0.000612138 -0.000607238 -0.000602425 -0.000596361 -0.000589724 -0.000584814 -0.00058087 -0.000576365 -0.000570545 -0.000564673 -0.000561173 -0.000554532 -0.000548048 -0.000542782 -0.000537323 -0.000530613 -0.00052381 -0.00051902 -0.000513823 -0.000509091 -0.000503118 -0.000497067 -0.000492826 -0.000486913 -0.000481026 -0.000476506 -0.000470315 -0.000463802 -0.000459539 -0.000454047 -0.000447883 -0.000444103 -0.000439194 -0.000434744 -0.000431359 -0.000426756 -0.000421617 -0.000417913 -0.000413434 -0.000408718 -0.000405733 -0.000402301 -0.000399056 -0.000396319 -0.00039326 -0.000388654 -0.000384527 -0.00038092 -0.000376472 -0.000373179 -0.000369162 -0.000365766 -0.000361871 -0.000357781 -0.000354821 -0.000352275 -0.000349738 -0.000346813 -0.000344478 -0.000341625 -0.000338498 -0.000335968 -0.0003334 -0.000330725 -0.000328457 -0.000325761 -0.00032292 -0.000321095 -0.000318495 -0.00031548 -0.000313852 -0.000311454 -0.000308973 -0.000307249 -0.00030482 -0.000302209 -0.000299897 -0.000297707 -0.000295153 -0.000292894 -0.000289854 -0.000287228 -0.00028527 -0.000283034 -0.000280941 -0.000278615 -0.00027731 -0.000274941 -0.000272369 -0.000270285 -0.000267783 -0.0002651 -0.000262714 -0.000259947 -0.000257054 -0.00025432 -0.000252253 -0.000250095 -0.000246847 -0.000243607 -0.00024091 -0.000237562 -0.000234386 -0.000231339 -0.000228541 -0.00022551 -0.00022143 -0.000217042 -0.000212994 -0.000207757 -0.000203722 -0.000200552 -0.000196749 -0.000192945 -0.000189543 -0.000186465 -0.000181949 -0.000176915 -0.000173466 -0.000169483 -0.000164782 -0.0001612 -0.000158215 -0.000154665 -0.000150446 -0.000145963 -0.000142445 -0.000138862 -0.000135922 -0.000131874 -0.000127067 -0.000123174 -0.000119834 -0.000116134 -0.000112327 -0.000109013 -0.000105767 -0.000103366 -0.000100188 -9.69174e-05 -9.34515e-05 -9.00756e-05 -8.70687e-05 -8.28316e-05 -7.85719e-05 -7.56875e-05 -7.19679e-05 -6.85171e-05 -6.54191e-05 -6.18685e-05 -5.86573e-05 -5.58319e-05 -5.29785e-05 -5.05188e-05 -4.68625e-05 -4.35306e-05 -4.05274e-05 -3.75027e-05 -3.49851e-05 -3.23223e-05 -2.93467e-05 -2.67024e-05 -2.45353e-05 -2.1589e-05 -1.83141e-05 -1.50469e-05 -1.26828e-05 -9.69028e-06 -6.74721e-06 -3.97004e-06 5.00029e-07 
-0.000358024 -0.000897644 -0.000993071 -0.00099238 -0.00102573 -0.00103607 -0.00103119 -0.00101498 -0.000994626 -0.000981438 -0.000975999 -0.00097197 -0.000968821 -0.000963098 -0.000953129 -0.000943699 -0.000934369 -0.000925714 -0.000918275 -0.000908821 -0.000899074 -0.000892983 -0.000885048 -0.000876106 -0.000866248 -0.000854286 -0.000845668 -0.000836648 -0.000828457 -0.00082117 -0.000814973 -0.000808457 -0.000802151 -0.00079603 -0.00078976 -0.000785434 -0.000782367 -0.000779817 -0.000777133 -0.000773886 -0.000770757 -0.000767434 -0.000764177 -0.000761346 -0.000758706 -0.000755676 -0.00075258 -0.000750441 -0.00074717 -0.000744405 -0.000741781 -0.000739619 -0.000737492 -0.000733551 -0.000729811 -0.000725879 -0.000721157 -0.00071643 -0.000712814 -0.000708087 -0.000703552 -0.000699703 -0.000694795 -0.00068977 -0.000684727 -0.000679257 -0.000674206 -0.000670861 -0.000666233 -0.000661487 -0.00065705 -0.000651163 -0.000646638 -0.000641673 -0.00063523 -0.000629899 -0.000625511 -0.000620014 -0.000615836 -0.000610694 -0.00060495 -0.000600037 -0.000595359 -0.000589508 -0.000583584 -0.000579436 -0.00057466 -0.000569562 -0.000564757 -0.000560758 -0.000554371 -0.000548326 -0.000542839 -0.000537205 -0.000530108 -0.0005229 -0.000518411 -0.000512934 -0.000507949 -0.00050261 -0.000496206 -0.000491598 -0.000486487 -0.000480697 -0.000475376 -0.000468816 -0.000462945 -0.000458315 -0.0004524 -0.000447012 -0.000443127 -0.000438682 -0.000434176 -0.000430282 -0.000425398 -0.000420861 -0.000417108 -0.000412334 -0.000408404 -0.000405571 -0.000402383 -0.000398646 -0.00039578 -0.00039246 -0.00038809 -0.00038389 -0.000380531 -0.000376277 -0.000373148 -0.00036827 -0.000363998 -0.000360872 -0.000357779 -0.000354458 -0.000351928 -0.000349858 -0.000347324 -0.000344409 -0.000341313 -0.000338229 -0.000335934 -0.000333316 -0.000331195 -0.000328833 -0.000325837 -0.000322961 -0.000321111 -0.000318512 -0.000315868 -0.000314298 -0.000311345 -0.000308991 -0.000307248 -0.000305007 -0.000302535 -0.000300334 -0.000298069 -0.000295451 -0.000292897 -0.00028993 -0.000287683 -0.000285377 -0.000283231 -0.000281465 -0.000279204 -0.000277612 -0.000274989 -0.000272546 -0.000270645 -0.000268524 -0.000265458 -0.000262798 -0.000260293 -0.000257625 -0.000255315 -0.000252939 -0.00025042 -0.000247246 -0.00024371 -0.000240218 -0.000236794 -0.000234532 -0.000231776 -0.000228354 -0.000225116 -0.000221725 -0.000218031 -0.000213304 -0.000208479 -0.000203985 -0.000200439 -0.000196673 -0.000193787 -0.000189437 -0.000184973 -0.000181465 -0.000177421 -0.000173425 -0.000169102 -0.000164702 -0.000161573 -0.000157994 -0.000153807 -0.000150068 -0.000146086 -0.00014281 -0.000139129 -0.000136095 -0.000132466 -0.00012797 -0.000123398 -0.000119941 -0.000116428 -0.000112642 -0.000110125 -0.000107022 -0.000103735 -0.00010004 -9.649e-05 -9.3876e-05 -9.0058e-05 -8.63481e-05 -8.28011e-05 -7.92175e-05 -7.57352e-05 -7.1962e-05 -6.90341e-05 -6.56916e-05 -6.16745e-05 -5.90077e-05 -5.5742e-05 -5.24217e-05 -4.99764e-05 -4.68792e-05 -4.34993e-05 -4.06956e-05 -3.75552e-05 -3.45937e-05 -3.21866e-05 -2.95354e-05 -2.66305e-05 -2.38663e-05 -2.1398e-05 -1.82588e-05 -1.48558e-05 -1.17993e-05 -9.00512e-06 -6.7969e-06 -4.01274e-06 1.30167e-06 
-0.000329823 -0.000916112 -0.0010156 -0.000997607 -0.00102451 -0.0010362 -0.00103108 -0.00100888 -0.000989874 -0.000979146 -0.000972727 -0.000969734 -0.000965658 -0.000959255 -0.000950506 -0.000942365 -0.000933091 -0.000923352 -0.000916163 -0.000907612 -0.000899275 -0.000891981 -0.000884275 -0.000875297 -0.000865019 -0.000854429 -0.000845066 -0.000836566 -0.000828869 -0.000821425 -0.000815659 -0.000808913 -0.000801956 -0.000796513 -0.000791375 -0.000786538 -0.000782403 -0.000779557 -0.000776598 -0.000773423 -0.000770468 -0.000767209 -0.000764392 -0.00076187 -0.00075887 -0.000755123 -0.000752105 -0.000749618 -0.000746414 -0.000744252 -0.000741546 -0.000739147 -0.00073665 -0.000733125 -0.000729845 -0.000725399 -0.000720114 -0.00071625 -0.000712165 -0.000707834 -0.000704193 -0.000699548 -0.000693953 -0.000689192 -0.000684673 -0.00067932 -0.000674076 -0.000670705 -0.000664984 -0.000660355 -0.000656356 -0.000650529 -0.000645643 -0.00064117 -0.000635114 -0.000629189 -0.000623811 -0.000618419 -0.000614232 -0.000608912 -0.000604366 -0.000599512 -0.000594896 -0.000589029 -0.000582795 -0.000577724 -0.00057308 -0.000569374 -0.000565147 -0.00056003 -0.000554422 -0.000549589 -0.000543085 -0.000535893 -0.000529733 -0.000523293 -0.000518737 -0.000512102 -0.000506414 -0.000501503 -0.000496083 -0.000490496 -0.000485761 -0.000479688 -0.000473954 -0.000468269 -0.000462583 -0.000457531 -0.000451486 -0.000447285 -0.00044307 -0.000438014 -0.000433353 -0.000428872 -0.000425024 -0.000420748 -0.000416373 -0.000411772 -0.000407809 -0.000404333 -0.000401559 -0.000398293 -0.000394897 -0.000391261 -0.000387603 -0.000384028 -0.00037997 -0.000375275 -0.000372393 -0.000367817 -0.000363684 -0.000360761 -0.000357746 -0.000354793 -0.000351902 -0.000349867 -0.000347163 -0.000343867 -0.000341147 -0.000338575 -0.000335971 -0.000333422 -0.000330806 -0.000328511 -0.000326141 -0.0003239 -0.000321592 -0.000318891 -0.000316312 -0.000314642 -0.000311779 -0.000309325 -0.000307464 -0.000305177 -0.00030338 -0.000301157 -0.000298138 -0.000295071 -0.000292684 -0.000290237 -0.00028818 -0.000285696 -0.000283544 -0.000281866 -0.000279892 -0.000278017 -0.000275269 -0.000272777 -0.000270526 -0.000268283 -0.000265796 -0.000263529 -0.00026104 -0.000258319 -0.000256255 -0.000253179 -0.000250109 -0.000247552 -0.000244034 -0.000240343 -0.000236762 -0.00023397 -0.000231455 -0.00022841 -0.000225329 -0.000221684 -0.00021808 -0.000213654 -0.000209836 -0.000205532 -0.000201344 -0.000197262 -0.000194101 -0.000189378 -0.000184614 -0.000181605 -0.000177157 -0.000172513 -0.00016892 -0.000164918 -0.000161661 -0.000157532 -0.00015368 -0.000150296 -0.00014659 -0.000143396 -0.000139287 -0.000135908 -0.000132478 -0.000129001 -0.000124624 -0.000121146 -0.000116971 -0.000113315 -0.000110408 -0.000106629 -0.000103464 -0.000100375 -9.71036e-05 -9.37274e-05 -9.00219e-05 -8.58219e-05 -8.22446e-05 -7.90774e-05 -7.53141e-05 -7.21704e-05 -6.93889e-05 -6.56331e-05 -6.17304e-05 -5.91187e-05 -5.57809e-05 -5.23527e-05 -4.96102e-05 -4.64556e-05 -4.32875e-05 -4.01785e-05 -3.73563e-05 -3.4519e-05 -3.20473e-05 -2.93615e-05 -2.6611e-05 -2.32874e-05 -2.05843e-05 -1.80678e-05 -1.49313e-05 -1.16273e-05 -8.73771e-06 -6.78816e-06 -3.92509e-06 1.09498e-06 
-0.000306828 -0.00089603 -0.00101751 -0.00100634 -0.00104188 -0.00104556 -0.00103016 -0.00101006 -0.000986032 -0.000973416 -0.000968464 -0.000965901 -0.00096174 -0.000955624 -0.000948171 -0.000940264 -0.000930797 -0.000920115 -0.000913506 -0.000906491 -0.000898773 -0.000891013 -0.000883348 -0.00087384 -0.000864856 -0.000856694 -0.000847021 -0.000837009 -0.000829412 -0.000821546 -0.00081645 -0.000809762 -0.000802743 -0.000797245 -0.000792272 -0.000787227 -0.000782176 -0.000779059 -0.000776073 -0.000773117 -0.000770538 -0.000767307 -0.000764018 -0.00076108 -0.000758224 -0.000755367 -0.000752792 -0.000749442 -0.000745987 -0.000744055 -0.000741764 -0.000738932 -0.0007355 -0.000732415 -0.000728816 -0.000723789 -0.000719152 -0.000715949 -0.000711111 -0.00070694 -0.000703643 -0.000699171 -0.000694836 -0.000689347 -0.000684628 -0.000679804 -0.000674483 -0.000670571 -0.000664822 -0.000659668 -0.000656137 -0.00065049 -0.000644928 -0.000640034 -0.000634438 -0.000629356 -0.000623679 -0.000617413 -0.000613202 -0.000608275 -0.000603472 -0.000597454 -0.000592572 -0.000587437 -0.000582762 -0.000577434 -0.000572239 -0.000568456 -0.000564473 -0.000558646 -0.000553678 -0.000549029 -0.000542871 -0.00053643 -0.000531183 -0.000523967 -0.000517769 -0.000511667 -0.000505348 -0.000500784 -0.00049582 -0.000490358 -0.000485153 -0.00047942 -0.000473995 -0.000467925 -0.000461312 -0.000456116 -0.000451541 -0.000447358 -0.000442178 -0.000436937 -0.000432911 -0.000428748 -0.000425028 -0.000420126 -0.000415746 -0.000411796 -0.000407565 -0.000403356 -0.00040101 -0.000398101 -0.000394304 -0.000390404 -0.000386589 -0.000383255 -0.000378872 -0.000374595 -0.000371247 -0.000367567 -0.000364307 -0.00036106 -0.000357303 -0.000354759 -0.000352065 -0.000349804 -0.000346834 -0.000343971 -0.000341286 -0.000338717 -0.000335927 -0.000333742 -0.000330955 -0.000328205 -0.000326142 -0.000323665 -0.000321337 -0.000319171 -0.000316986 -0.000314735 -0.000312299 -0.00031022 -0.000307813 -0.00030523 -0.000303412 -0.00030123 -0.00029803 -0.00029544 -0.000292966 -0.000290484 -0.000288419 -0.000286408 -0.000284746 -0.000282992 -0.000280452 -0.000278046 -0.000275783 -0.000273525 -0.000270898 -0.00026777 -0.000265634 -0.000263793 -0.000261361 -0.000258815 -0.000256916 -0.000253819 -0.000250384 -0.000247812 -0.000243971 -0.000239979 -0.000236992 -0.000234293 -0.000230721 -0.000227654 -0.000225536 -0.000222258 -0.000217969 -0.000213488 -0.000210153 -0.00020604 -0.00020238 -0.000198245 -0.000194549 -0.000190096 -0.000185267 -0.000181724 -0.000177208 -0.000172637 -0.000169668 -0.000165464 -0.000161444 -0.000157645 -0.000154515 -0.000150316 -0.000145678 -0.000142693 -0.00013962 -0.000136496 -0.000132709 -0.000129613 -0.00012568 -0.000121958 -0.000118322 -0.000114665 -0.000110975 -0.000106311 -0.000103144 -0.000100805 -9.69865e-05 -9.28869e-05 -8.94605e-05 -8.60335e-05 -8.16912e-05 -7.8177e-05 -7.50722e-05 -7.21013e-05 -6.91817e-05 -6.57586e-05 -6.21964e-05 -5.9101e-05 -5.58335e-05 -5.27831e-05 -4.94406e-05 -4.58768e-05 -4.31646e-05 -4.00705e-05 -3.74471e-05 -3.47159e-05 -3.14069e-05 -2.8402e-05 -2.63906e-05 -2.31477e-05 -2.03883e-05 -1.76487e-05 -1.4969e-05 -1.17882e-05 -8.84732e-06 -6.4341e-06 -3.64519e-06 1.34653e-07 
-0.000306828 -0.000909305 -0.00105569 -0.00103932 -0.00105497 -0.00104692 -0.00102506 -0.00100666 -0.000984835 -0.000974279 -0.00096616 -0.000962837 -0.000959076 -0.000954231 -0.00094691 -0.000937152 -0.000929604 -0.000921561 -0.000913757 -0.00090774 -0.000899321 -0.000889548 -0.00088309 -0.000872558 -0.000863827 -0.000857079 -0.000846689 -0.000837094 -0.000829846 -0.000822805 -0.00081651 -0.000810868 -0.000805266 -0.000798798 -0.000792348 -0.000787976 -0.000783477 -0.000779666 -0.000776667 -0.000773207 -0.000770068 -0.00076737 -0.000764347 -0.000760872 -0.000757742 -0.000755034 -0.000752337 -0.000749013 -0.000745614 -0.000743638 -0.000740959 -0.000738305 -0.000735359 -0.000731258 -0.000727054 -0.000722794 -0.000718877 -0.000715679 -0.000711161 -0.000707368 -0.000702752 -0.000698725 -0.000694988 -0.000688709 -0.000683939 -0.000679716 -0.000674915 -0.000670561 -0.000665671 -0.000659872 -0.000655182 -0.000650436 -0.000645369 -0.000639295 -0.000633136 -0.000628714 -0.000622146 -0.000615446 -0.000611155 -0.000606167 -0.000601537 -0.000597152 -0.000592744 -0.000587655 -0.000582416 -0.000576826 -0.000571629 -0.000566428 -0.0005625 -0.00055819 -0.000553892 -0.000548587 -0.000542837 -0.000537085 -0.000531095 -0.000523349 -0.000516526 -0.000511385 -0.000506171 -0.000500706 -0.00049615 -0.000490888 -0.00048389 -0.00047831 -0.000473237 -0.00046658 -0.000460744 -0.000456215 -0.000451161 -0.000446354 -0.000441478 -0.000436875 -0.000432714 -0.000428891 -0.000424636 -0.000419775 -0.000416017 -0.000411488 -0.000406907 -0.000402603 -0.000400159 -0.00039653 -0.00039317 -0.000389819 -0.000385478 -0.000381708 -0.000377943 -0.00037467 -0.000370518 -0.000366877 -0.000364368 -0.000360899 -0.000357615 -0.000355608 -0.00035298 -0.000349739 -0.000346857 -0.00034468 -0.000341997 -0.000338696 -0.000335747 -0.000333674 -0.000330865 -0.000328626 -0.000326083 -0.000323141 -0.000321003 -0.000319363 -0.000316864 -0.000314473 -0.000312345 -0.000310273 -0.000308106 -0.000305882 -0.000304113 -0.000301594 -0.000298732 -0.000296035 -0.000293542 -0.000290929 -0.000288583 -0.000286826 -0.000285286 -0.00028339 -0.000281195 -0.000278576 -0.000276027 -0.000273634 -0.000270941 -0.000268163 -0.000266233 -0.000263757 -0.000261098 -0.000258675 -0.000256759 -0.000254314 -0.000251162 -0.000247992 -0.000243719 -0.000239749 -0.000236869 -0.000233558 -0.000230468 -0.000227496 -0.000225237 -0.0002222 -0.000218478 -0.000214034 -0.000210673 -0.000206331 -0.000202934 -0.000199102 -0.000195263 -0.00019083 -0.000186058 -0.000180989 -0.000177018 -0.000172928 -0.000170028 -0.000166407 -0.000162762 -0.000158863 -0.000155247 -0.00015078 -0.000145954 -0.000143189 -0.00014007 -0.000136494 -0.000132778 -0.000130129 -0.000125758 -0.000121755 -0.000117906 -0.000114151 -0.00011043 -0.00010623 -0.000103149 -0.000100129 -9.63631e-05 -9.26033e-05 -8.95133e-05 -8.60124e-05 -8.18551e-05 -7.84162e-05 -7.53045e-05 -7.23293e-05 -6.91204e-05 -6.64356e-05 -6.27706e-05 -5.91875e-05 -5.53638e-05 -5.25043e-05 -4.95538e-05 -4.63297e-05 -4.32011e-05 -3.99314e-05 -3.66268e-05 -3.41281e-05 -3.14524e-05 -2.84767e-05 -2.62404e-05 -2.35237e-05 -2.05865e-05 -1.73498e-05 -1.45446e-05 -1.19245e-05 -9.53829e-06 -6.36107e-06 -2.43028e-06 9.18552e-07 
-0.000306828 -0.000927219 -0.00107832 -0.00105079 -0.00106605 -0.00105622 -0.00102973 -0.00100338 -0.000983293 -0.00097211 -0.000964947 -0.000960442 -0.000956572 -0.000953127 -0.000946381 -0.000937493 -0.000930883 -0.000921547 -0.000912844 -0.00090534 -0.000897462 -0.000888786 -0.000881514 -0.000871298 -0.000862067 -0.000855531 -0.000846149 -0.000837913 -0.000831943 -0.000824558 -0.00081692 -0.000811013 -0.000805885 -0.000799602 -0.000793982 -0.000789055 -0.00078384 -0.000779227 -0.000775686 -0.00077288 -0.000770175 -0.00076736 -0.000764735 -0.000760913 -0.000757889 -0.000754178 -0.000751273 -0.000748563 -0.000745978 -0.000743087 -0.000740228 -0.000737641 -0.00073475 -0.000730151 -0.000725502 -0.00072192 -0.000718486 -0.00071458 -0.000710446 -0.000707434 -0.000702976 -0.000698581 -0.000695186 -0.000689945 -0.000685482 -0.000681036 -0.000675876 -0.000670535 -0.000665805 -0.00066005 -0.000654411 -0.000649261 -0.000645072 -0.000639665 -0.000632727 -0.000627438 -0.000622048 -0.000616805 -0.000611187 -0.000606188 -0.000601024 -0.000596764 -0.000593322 -0.000587625 -0.000581214 -0.000575493 -0.000570789 -0.000565313 -0.000560783 -0.000557158 -0.000553283 -0.000548624 -0.000543128 -0.000536664 -0.000530078 -0.000523596 -0.000517029 -0.000511857 -0.000506592 -0.000499899 -0.000494541 -0.000490118 -0.000484163 -0.000479318 -0.000472766 -0.000465577 -0.000460965 -0.000455592 -0.000449903 -0.00044561 -0.000442072 -0.000437469 -0.000433477 -0.000428221 -0.000423719 -0.000419727 -0.000415392 -0.000410383 -0.000406744 -0.000403222 -0.000399797 -0.00039522 -0.000391438 -0.000388727 -0.000384526 -0.000380484 -0.000377038 -0.000374275 -0.000370271 -0.000367247 -0.000364585 -0.000360993 -0.000357876 -0.000355618 -0.000352973 -0.000350011 -0.000347009 -0.000344628 -0.000341528 -0.000338621 -0.0003361 -0.00033324 -0.000330266 -0.000328221 -0.000325803 -0.000323321 -0.000321442 -0.00031952 -0.000316914 -0.000314502 -0.000312354 -0.000309951 -0.000307966 -0.000306143 -0.000304269 -0.000301664 -0.000298838 -0.000296435 -0.000293216 -0.000290996 -0.000289522 -0.000287743 -0.000285452 -0.000283444 -0.000281722 -0.000279327 -0.000276553 -0.000273707 -0.000270734 -0.000268106 -0.000266276 -0.000263638 -0.000261229 -0.000259164 -0.000257015 -0.000254554 -0.000251285 -0.00024773 -0.000244302 -0.000240908 -0.00023732 -0.000233489 -0.000230768 -0.000227839 -0.000224666 -0.00022132 -0.000218429 -0.000214173 -0.000210764 -0.000207324 -0.000204044 -0.000200359 -0.000196225 -0.000190915 -0.000186334 -0.000181159 -0.000177883 -0.000173898 -0.000170197 -0.000167225 -0.000164158 -0.00015982 -0.000155019 -0.000150959 -0.000146339 -0.000143261 -0.000139714 -0.0001368 -0.000133126 -0.000129967 -0.000126178 -0.000122916 -0.000119086 -0.000114843 -0.00011094 -0.000107251 -0.000103402 -9.9276e-05 -9.60244e-05 -9.31656e-05 -8.92522e-05 -8.52237e-05 -8.15101e-05 -7.85596e-05 -7.51919e-05 -7.21843e-05 -6.9528e-05 -6.64742e-05 -6.25265e-05 -5.92454e-05 -5.5794e-05 -5.27189e-05 -5.00085e-05 -4.65198e-05 -4.27742e-05 -3.97566e-05 -3.649e-05 -3.3682e-05 -3.09723e-05 -2.76521e-05 -2.51607e-05 -2.24821e-05 -2.01808e-05 -1.77653e-05 -1.47029e-05 -1.18261e-05 -9.36599e-06 -6.32007e-06 -3.54947e-06 -6.6067e-07 
-0.000302701 -0.00092159 -0.00107575 -0.00104792 -0.00107083 -0.00106668 -0.00103699 -0.00100657 -0.000980895 -0.000970562 -0.000963313 -0.000959259 -0.000956224 -0.000952121 -0.000945272 -0.000938202 -0.000930506 -0.000921447 -0.000913756 -0.000905149 -0.000897241 -0.000888418 -0.000880949 -0.000871338 -0.000861361 -0.000852281 -0.000845346 -0.000838306 -0.000831045 -0.000824559 -0.000818816 -0.000812782 -0.000806727 -0.000800649 -0.000794469 -0.000788777 -0.000784023 -0.000779564 -0.000775699 -0.000772999 -0.000770186 -0.000767067 -0.000764118 -0.000760499 -0.000757727 -0.000754133 -0.000750576 -0.000748231 -0.000745802 -0.000742707 -0.000739987 -0.000737125 -0.000733469 -0.000729106 -0.000725054 -0.000721843 -0.000718015 -0.000714013 -0.000710566 -0.000707495 -0.000703508 -0.000699077 -0.000694348 -0.000690024 -0.000686221 -0.000681603 -0.000676411 -0.000671608 -0.000666533 -0.000660348 -0.000655403 -0.0006498 -0.000644388 -0.000639384 -0.000632286 -0.000626481 -0.000621143 -0.000616299 -0.000610624 -0.000605665 -0.000601372 -0.000597095 -0.000592552 -0.000587243 -0.000581887 -0.000575856 -0.000570132 -0.00056465 -0.000559755 -0.000554975 -0.000551228 -0.000547135 -0.000542034 -0.0005369 -0.000529759 -0.000523417 -0.000516627 -0.000510587 -0.000505357 -0.000500202 -0.000494921 -0.000490389 -0.000484765 -0.000478886 -0.000472051 -0.000464984 -0.000460464 -0.000454001 -0.00044913 -0.000445349 -0.000440966 -0.000436212 -0.000432492 -0.000428134 -0.00042439 -0.000420393 -0.000415771 -0.000410324 -0.000406052 -0.000402119 -0.000398766 -0.000395165 -0.00039135 -0.000387917 -0.000384107 -0.000380053 -0.000376299 -0.000373608 -0.000370061 -0.000366992 -0.000364238 -0.000361554 -0.000358804 -0.000355567 -0.000352797 -0.000350186 -0.000347411 -0.000344656 -0.000341128 -0.000338654 -0.000336132 -0.000332865 -0.000329793 -0.000327784 -0.000325282 -0.000323556 -0.000321266 -0.000318929 -0.000316873 -0.000315164 -0.000312631 -0.000309727 -0.000308279 -0.000306168 -0.000303763 -0.000301703 -0.000299108 -0.000296453 -0.000293513 -0.000291356 -0.000289865 -0.000288107 -0.000285797 -0.000283531 -0.000281804 -0.000279793 -0.000277344 -0.000274543 -0.000271852 -0.000268546 -0.000266124 -0.000263609 -0.00026177 -0.000259736 -0.000256844 -0.000254068 -0.000251521 -0.000247815 -0.000244862 -0.000241344 -0.000237678 -0.00023429 -0.000231365 -0.000228456 -0.000224602 -0.000221139 -0.000218453 -0.000214011 -0.000210105 -0.000207237 -0.000203661 -0.000199901 -0.00019606 -0.000191343 -0.000187783 -0.00018262 -0.000178323 -0.000174977 -0.000170922 -0.000167226 -0.000164322 -0.000160256 -0.000155182 -0.00015174 -0.000147295 -0.000142931 -0.000139671 -0.00013694 -0.00013314 -0.000129729 -0.000126268 -0.000123549 -0.000120137 -0.000114804 -0.000110714 -0.00010652 -0.000103247 -9.97471e-05 -9.6857e-05 -9.36924e-05 -8.93001e-05 -8.53392e-05 -8.1894e-05 -7.88908e-05 -7.50973e-05 -7.15263e-05 -6.8964e-05 -6.61265e-05 -6.23688e-05 -5.96416e-05 -5.61188e-05 -5.21761e-05 -4.94764e-05 -4.63094e-05 -4.27399e-05 -3.96475e-05 -3.59071e-05 -3.28603e-05 -3.014e-05 -2.79228e-05 -2.52534e-05 -2.2558e-05 -1.99277e-05 -1.79879e-05 -1.50156e-05 -1.19559e-05 -9.19184e-06 -6.5734e-06 -3.7153e-06 2.62277e-07 
-0.000302701 -0.000927089 -0.00108437 -0.00105459 -0.00107223 -0.00106102 -0.00103407 -0.00100409 -0.000980927 -0.000969356 -0.000961164 -0.000957497 -0.000955219 -0.000951263 -0.000946025 -0.000939398 -0.000929859 -0.000920458 -0.000913668 -0.000905272 -0.000896837 -0.000886567 -0.000878186 -0.000868748 -0.000861316 -0.000852966 -0.000846001 -0.000838812 -0.000829605 -0.000823392 -0.000817995 -0.000812309 -0.00080706 -0.000801721 -0.000795608 -0.000789207 -0.000783725 -0.000779333 -0.000775761 -0.000772983 -0.000770209 -0.000767044 -0.000763886 -0.00076028 -0.000757561 -0.000754028 -0.00075007 -0.000746995 -0.000744505 -0.0007424 -0.000739922 -0.000736538 -0.000732083 -0.000727935 -0.000724444 -0.000720864 -0.000718037 -0.000714807 -0.000711488 -0.000707412 -0.000703239 -0.000699373 -0.000695228 -0.000690898 -0.000686869 -0.000682214 -0.000678046 -0.00067355 -0.000667733 -0.000660741 -0.000656504 -0.000650515 -0.000644142 -0.000639847 -0.000632824 -0.000627131 -0.000621533 -0.000615415 -0.000610326 -0.000605795 -0.000601627 -0.000596973 -0.000591541 -0.000587547 -0.000582153 -0.000574996 -0.000568507 -0.000562661 -0.000558841 -0.000554693 -0.00055093 -0.000546672 -0.000541248 -0.000535924 -0.000528238 -0.000521749 -0.000515172 -0.000509912 -0.000504973 -0.000501104 -0.000495808 -0.000491131 -0.000484318 -0.000477532 -0.000471786 -0.000465669 -0.000459966 -0.000453787 -0.00044947 -0.00044526 -0.000440081 -0.000435671 -0.000432174 -0.000428071 -0.000424368 -0.000419897 -0.000415207 -0.000410834 -0.000406448 -0.000401882 -0.000398487 -0.000395146 -0.000391013 -0.000386495 -0.000383032 -0.000379976 -0.000376147 -0.000373275 -0.000369806 -0.000366687 -0.000363949 -0.00036131 -0.000358608 -0.000355526 -0.000352632 -0.000349375 -0.000346592 -0.000343719 -0.000341057 -0.000338368 -0.000335516 -0.000332526 -0.000329826 -0.000327621 -0.000325356 -0.000323492 -0.000321091 -0.000318786 -0.000316825 -0.000314992 -0.000312492 -0.000309694 -0.000308134 -0.000305954 -0.000303834 -0.000302022 -0.000299117 -0.000296265 -0.000294066 -0.000291861 -0.000289756 -0.000287898 -0.000286079 -0.000284413 -0.000282524 -0.00027983 -0.000277041 -0.000274591 -0.00027228 -0.000269407 -0.000266572 -0.000263965 -0.000261608 -0.000259476 -0.000256868 -0.000254262 -0.000252003 -0.000248825 -0.000245178 -0.000241798 -0.000238339 -0.000234768 -0.000230964 -0.000228354 -0.00022481 -0.000221155 -0.000218572 -0.000214308 -0.000210209 -0.000207277 -0.000203326 -0.0001995 -0.000196304 -0.000192238 -0.000188609 -0.000183358 -0.000178375 -0.000174929 -0.00017163 -0.000168092 -0.000164421 -0.000161216 -0.000156211 -0.000151801 -0.000147909 -0.00014331 -0.000139911 -0.000137059 -0.000133312 -0.000130043 -0.000126446 -0.00012321 -0.000119646 -0.000115741 -0.000112101 -0.000107983 -0.000103777 -0.000100167 -9.64793e-05 -9.31085e-05 -8.96867e-05 -8.63594e-05 -8.22737e-05 -7.82431e-05 -7.49749e-05 -7.17937e-05 -6.89842e-05 -6.59171e-05 -6.20403e-05 -5.89898e-05 -5.57993e-05 -5.23247e-05 -4.95141e-05 -4.64821e-05 -4.3277e-05 -3.93547e-05 -3.56298e-05 -3.30437e-05 -3.04737e-05 -2.78686e-05 -2.49193e-05 -2.24641e-05 -1.97765e-05 -1.78174e-05 -1.54063e-05 -1.23976e-05 -9.14563e-06 -6.39788e-06 -3.6471e-06 5.10992e-07 
-0.000302701 -0.000906639 -0.00107299 -0.00104354 -0.00105779 -0.00105168 -0.00102573 -0.000996863 -0.000975958 -0.000965309 -0.000958524 -0.000955508 -0.000953511 -0.000949705 -0.000944344 -0.000938793 -0.000929958 -0.000920996 -0.000912925 -0.000903481 -0.000896787 -0.000886822 -0.000876603 -0.000868393 -0.00086109 -0.000853171 -0.000844303 -0.00083728 -0.00082933 -0.000824392 -0.000817992 -0.000811418 -0.000806568 -0.000801164 -0.000795521 -0.000789834 -0.000783766 -0.000778476 -0.000774905 -0.000772407 -0.000769938 -0.000767121 -0.000763855 -0.000759515 -0.000756385 -0.000753054 -0.000749291 -0.000746648 -0.000743825 -0.000741329 -0.000738849 -0.000736103 -0.00073232 -0.000728415 -0.000724457 -0.000720719 -0.000717649 -0.000714805 -0.000711865 -0.000706998 -0.000703044 -0.000699813 -0.000695716 -0.000691581 -0.000686873 -0.000682868 -0.000678671 -0.000674403 -0.000668214 -0.000662021 -0.000657858 -0.000651308 -0.00064437 -0.000640222 -0.000633448 -0.000627592 -0.000621531 -0.000615737 -0.000610989 -0.000605898 -0.000600809 -0.000596205 -0.000591587 -0.000587565 -0.000581921 -0.000574828 -0.000569072 -0.000563763 -0.000558047 -0.000553988 -0.000549397 -0.000545096 -0.000540143 -0.000534561 -0.000527127 -0.000521556 -0.000516305 -0.000510433 -0.000504831 -0.000500993 -0.000496299 -0.000490747 -0.00048489 -0.000477956 -0.000472568 -0.000466052 -0.000458989 -0.000453219 -0.000449381 -0.000444093 -0.000439573 -0.000436338 -0.000432515 -0.000427718 -0.000424049 -0.000418912 -0.000414542 -0.000410874 -0.000406353 -0.000402659 -0.000398323 -0.000394031 -0.000390423 -0.000386254 -0.000383193 -0.000379747 -0.000375911 -0.000372373 -0.000369527 -0.000366826 -0.000364085 -0.000360929 -0.000357544 -0.000354351 -0.000352191 -0.000348992 -0.000346401 -0.000343689 -0.000340813 -0.000337733 -0.000334588 -0.000331961 -0.000329557 -0.000327163 -0.000325072 -0.000323567 -0.000321436 -0.0003197 -0.000317141 -0.000314524 -0.000312494 -0.000309951 -0.000307846 -0.000305627 -0.000303732 -0.000301805 -0.00029928 -0.000296528 -0.0002947 -0.000292503 -0.000289807 -0.00028773 -0.000286083 -0.000284302 -0.000282318 -0.00028021 -0.000277866 -0.000275064 -0.000272483 -0.000270011 -0.000267308 -0.000264842 -0.000261918 -0.000259345 -0.000256917 -0.000254341 -0.000252226 -0.000248758 -0.000245442 -0.000242522 -0.000239886 -0.000236135 -0.000231896 -0.000228976 -0.000225239 -0.000221098 -0.000218477 -0.000214483 -0.000210404 -0.000206699 -0.000202954 -0.000200145 -0.000196407 -0.000191767 -0.000188301 -0.00018389 -0.000179268 -0.000175436 -0.000171695 -0.00016881 -0.000165108 -0.000161407 -0.00015637 -0.000151246 -0.000147669 -0.000144479 -0.000141024 -0.000137336 -0.000133185 -0.000129946 -0.000126974 -0.000123912 -0.000119796 -0.000116146 -0.000112743 -0.000108912 -0.000105089 -0.000101529 -9.68066e-05 -9.29493e-05 -8.94448e-05 -8.64433e-05 -8.27719e-05 -7.85311e-05 -7.49156e-05 -7.20359e-05 -6.87451e-05 -6.5163e-05 -6.17466e-05 -5.87126e-05 -5.57093e-05 -5.29531e-05 -4.94676e-05 -4.5919e-05 -4.28966e-05 -3.88266e-05 -3.5251e-05 -3.28305e-05 -3.00367e-05 -2.7555e-05 -2.51015e-05 -2.29819e-05 -2.01805e-05 -1.74516e-05 -1.49426e-05 -1.24637e-05 -9.44864e-06 -6.22891e-06 -3.25823e-06 7.76932e-07 
-0.000311749 -0.000875609 -0.00104755 -0.00103564 -0.00105286 -0.00104439 -0.00102539 -0.000999841 -0.000974217 -0.000960197 -0.000956221 -0.000953278 -0.000951633 -0.000948292 -0.000943228 -0.000937094 -0.000929801 -0.000922587 -0.000912985 -0.000902675 -0.000896623 -0.000887606 -0.000876919 -0.000867819 -0.000860725 -0.000852994 -0.000844004 -0.000838063 -0.000830181 -0.000824367 -0.000818225 -0.000812485 -0.000806939 -0.000799949 -0.000794309 -0.000788985 -0.000782825 -0.000778734 -0.000775105 -0.00077163 -0.000768781 -0.00076639 -0.000763657 -0.0007601 -0.000756368 -0.000752646 -0.000748566 -0.000745797 -0.000743109 -0.000740645 -0.000738558 -0.000735708 -0.000732198 -0.000728196 -0.000724168 -0.000721254 -0.000717676 -0.000714394 -0.000711513 -0.000707283 -0.00070402 -0.000699439 -0.000694846 -0.00069109 -0.000687396 -0.000684032 -0.000679714 -0.000674643 -0.000669229 -0.000663318 -0.000658619 -0.000652503 -0.000645732 -0.000641015 -0.000633523 -0.000627176 -0.000621745 -0.000616907 -0.000611443 -0.000605504 -0.000600757 -0.000596601 -0.000591599 -0.000586456 -0.000580525 -0.000574491 -0.000570099 -0.000563921 -0.000557822 -0.000553389 -0.000549279 -0.000545211 -0.000539991 -0.000533442 -0.000525731 -0.000520537 -0.000514524 -0.000509555 -0.000505027 -0.000501203 -0.00049616 -0.000490774 -0.000485923 -0.000479493 -0.000472459 -0.000465469 -0.000459677 -0.000454588 -0.000449265 -0.000443706 -0.000439272 -0.000436173 -0.00043168 -0.000427036 -0.000424227 -0.000419559 -0.000415561 -0.000411296 -0.000406203 -0.000402691 -0.000397859 -0.000393723 -0.00039031 -0.000386519 -0.000382813 -0.000379364 -0.000375807 -0.000372823 -0.000369478 -0.000365992 -0.000362764 -0.000360118 -0.000356832 -0.000353829 -0.0003517 -0.000348575 -0.000345951 -0.000342931 -0.000339966 -0.00033739 -0.000334357 -0.000331835 -0.000329288 -0.00032708 -0.000325339 -0.000323416 -0.000321656 -0.000320012 -0.000317688 -0.000314726 -0.000312724 -0.000310002 -0.000307526 -0.000305458 -0.000303455 -0.000301489 -0.00029946 -0.000296713 -0.000294321 -0.000292411 -0.000290061 -0.000288551 -0.000286434 -0.000284012 -0.000282168 -0.000280098 -0.000277826 -0.0002751 -0.000272418 -0.000269551 -0.000267236 -0.000265366 -0.000262478 -0.000259874 -0.000257106 -0.000253977 -0.000251651 -0.000248785 -0.00024587 -0.000243204 -0.000239977 -0.000236826 -0.000233079 -0.000229697 -0.0002255 -0.000221522 -0.000217776 -0.000213826 -0.000210657 -0.000206283 -0.000202527 -0.000199705 -0.000195844 -0.000192087 -0.000188288 -0.000184646 -0.000180511 -0.000175868 -0.000171775 -0.000168833 -0.000164779 -0.000160797 -0.00015672 -0.000152117 -0.000148435 -0.000144408 -0.00014088 -0.000137627 -0.000134097 -0.000130479 -0.000126809 -0.000124108 -0.000120758 -0.000117125 -0.00011282 -0.000108208 -0.000104785 -0.000101634 -9.76003e-05 -9.42094e-05 -8.96353e-05 -8.59643e-05 -8.28001e-05 -7.87592e-05 -7.4832e-05 -7.09997e-05 -6.75706e-05 -6.47964e-05 -6.21469e-05 -5.81393e-05 -5.49914e-05 -5.21731e-05 -4.893e-05 -4.56514e-05 -4.26267e-05 -3.89089e-05 -3.61618e-05 -3.34642e-05 -3.02014e-05 -2.79477e-05 -2.5605e-05 -2.33348e-05 -2.05735e-05 -1.74121e-05 -1.4637e-05 -1.21456e-05 -9.52603e-06 -6.50407e-06 -3.35738e-06 -5.03785e-07 
-0.000454902 -0.000883876 -0.000992734 -0.00102343 -0.00104448 -0.00103712 -0.0010199 -0.000995112 -0.000974101 -0.000960337 -0.000953063 -0.00095078 -0.000949746 -0.00094715 -0.000942737 -0.00093567 -0.000928709 -0.000921707 -0.000912063 -0.000903495 -0.000894707 -0.000885202 -0.000877231 -0.000868918 -0.000860393 -0.000851925 -0.00084435 -0.000839124 -0.000831037 -0.000823527 -0.000817429 -0.000812862 -0.000806695 -0.000800149 -0.000794875 -0.000788469 -0.000782212 -0.000778134 -0.000774912 -0.000771829 -0.000769108 -0.000766177 -0.000763043 -0.000759503 -0.000755507 -0.000752058 -0.000748303 -0.00074555 -0.000742682 -0.00074016 -0.000737356 -0.000734818 -0.000731879 -0.000727726 -0.000723731 -0.000720868 -0.000717549 -0.0007147 -0.00071103 -0.000706868 -0.000703939 -0.000699167 -0.000694469 -0.000691239 -0.000687432 -0.000683039 -0.000679108 -0.000675241 -0.000670424 -0.000664173 -0.000658402 -0.000653526 -0.000646914 -0.000641201 -0.000634365 -0.000627906 -0.000622752 -0.000617031 -0.000610838 -0.000605341 -0.000600836 -0.000596272 -0.000590525 -0.000585239 -0.000580127 -0.00057515 -0.000570215 -0.000564347 -0.000558995 -0.000554594 -0.000550117 -0.000544073 -0.000538254 -0.000532846 -0.000526765 -0.00052095 -0.000513928 -0.000509301 -0.000505485 -0.000500307 -0.000495452 -0.000490485 -0.000485612 -0.000478963 -0.000471825 -0.000465633 -0.000461076 -0.00045562 -0.000449448 -0.000444594 -0.000440226 -0.000436182 -0.000431168 -0.000426836 -0.000423959 -0.000419342 -0.000415057 -0.000411132 -0.000406352 -0.000402185 -0.000397382 -0.000393547 -0.000389635 -0.000385714 -0.000382317 -0.000378722 -0.000375503 -0.000372527 -0.000369179 -0.000365789 -0.000362733 -0.000359527 -0.000356532 -0.000353239 -0.000350863 -0.000347651 -0.00034509 -0.000342609 -0.00033994 -0.000337212 -0.000334198 -0.000331517 -0.000329247 -0.000327415 -0.000325718 -0.000323424 -0.000321361 -0.000319719 -0.000317617 -0.000315059 -0.000312665 -0.000309962 -0.000307907 -0.000306094 -0.000303764 -0.000301367 -0.000299721 -0.00029716 -0.000294626 -0.000292308 -0.000289969 -0.000288402 -0.000286523 -0.000284412 -0.000282503 -0.000279657 -0.000276939 -0.000274456 -0.000272324 -0.000269837 -0.000267437 -0.000265008 -0.000261939 -0.000259345 -0.000256804 -0.000253876 -0.000251427 -0.000249081 -0.000246852 -0.000243942 -0.000240041 -0.000236932 -0.000233297 -0.000229077 -0.000225674 -0.000222372 -0.000218009 -0.000213637 -0.000210755 -0.000206384 -0.000202046 -0.000198731 -0.000195216 -0.00019232 -0.000188106 -0.000183932 -0.000179899 -0.000175735 -0.000172325 -0.000169005 -0.000164724 -0.000160707 -0.000157578 -0.000153503 -0.00014993 -0.000145041 -0.000141294 -0.000138047 -0.000134812 -0.000130902 -0.000126488 -0.000123545 -0.000120497 -0.000117242 -0.000113415 -0.000109079 -0.000105893 -0.000101908 -9.73169e-05 -9.42241e-05 -9.02678e-05 -8.61674e-05 -8.28279e-05 -7.93409e-05 -7.55042e-05 -7.13963e-05 -6.73334e-05 -6.4417e-05 -6.18584e-05 -5.83043e-05 -5.51193e-05 -5.21378e-05 -4.88657e-05 -4.58977e-05 -4.23807e-05 -3.86899e-05 -3.60708e-05 -3.35799e-05 -3.11314e-05 -2.89751e-05 -2.61852e-05 -2.30773e-05 -2.04535e-05 -1.80796e-05 -1.52965e-05 -1.22938e-05 -9.85307e-06 -6.90937e-06 -2.79918e-06 7.80434e-07 
-0.000484224 -0.000868781 -0.000958242 -0.0010225 -0.00104902 -0.00103706 -0.00101349 -0.000990626 -0.000975012 -0.00095977 -0.000951401 -0.000949638 -0.000948158 -0.000945472 -0.000942145 -0.0009361 -0.000930127 -0.000922045 -0.000913086 -0.000904303 -0.00089382 -0.00088387 -0.000875824 -0.00086843 -0.00086038 -0.000852767 -0.000845306 -0.000839436 -0.000831253 -0.000823721 -0.000817524 -0.000812299 -0.000804911 -0.000799565 -0.000794137 -0.000787492 -0.000782478 -0.000778362 -0.000774925 -0.00077211 -0.000769316 -0.000765191 -0.000762088 -0.000759041 -0.000755371 -0.000751992 -0.000748453 -0.000744808 -0.000742145 -0.000740071 -0.000737704 -0.000734657 -0.000731894 -0.000727862 -0.000723452 -0.000720281 -0.000717088 -0.000714452 -0.000710742 -0.000706572 -0.000703304 -0.000699008 -0.000695326 -0.000691272 -0.000686722 -0.000683173 -0.00067946 -0.00067533 -0.000670722 -0.000665322 -0.00065955 -0.000654369 -0.000647461 -0.000640798 -0.000635105 -0.000629192 -0.000623441 -0.000616611 -0.000611114 -0.000606692 -0.000600878 -0.000594909 -0.000590527 -0.000584886 -0.000580761 -0.000575786 -0.000569577 -0.000564634 -0.000560258 -0.000555344 -0.000549839 -0.000544001 -0.000537816 -0.000532406 -0.000526436 -0.000520313 -0.000514956 -0.000509523 -0.000504641 -0.000500019 -0.000495512 -0.000490578 -0.000484481 -0.00047775 -0.000471515 -0.000466338 -0.000461349 -0.000455983 -0.000450294 -0.000446033 -0.000440568 -0.000435429 -0.000431514 -0.000427027 -0.000423513 -0.000418796 -0.000414731 -0.000410982 -0.000406694 -0.000401497 -0.000396462 -0.000392798 -0.000388804 -0.000385531 -0.000382437 -0.000378601 -0.000374952 -0.00037204 -0.000368769 -0.00036591 -0.0003624 -0.000358894 -0.000355922 -0.000352974 -0.000350278 -0.000347706 -0.000345102 -0.000342539 -0.000339547 -0.000336458 -0.00033392 -0.000331526 -0.000329215 -0.00032698 -0.000325221 -0.000323511 -0.000321798 -0.000319683 -0.000317855 -0.000315542 -0.000312569 -0.00030986 -0.00030772 -0.000305845 -0.000303935 -0.000301727 -0.000299728 -0.000297354 -0.000295184 -0.000292644 -0.000289882 -0.000288123 -0.000286198 -0.000284327 -0.000282349 -0.000279584 -0.000276941 -0.00027442 -0.000272021 -0.000269766 -0.000267499 -0.000264934 -0.000261869 -0.000259198 -0.000256796 -0.000254385 -0.000251623 -0.00024896 -0.000246596 -0.000243891 -0.000240715 -0.000237767 -0.000233734 -0.000229362 -0.000225652 -0.000222343 -0.00021856 -0.00021393 -0.000210415 -0.000206448 -0.000202588 -0.000198434 -0.000194621 -0.000191463 -0.00018792 -0.000184008 -0.000179808 -0.000175716 -0.000171616 -0.000167975 -0.000164845 -0.000161136 -0.000157081 -0.000153081 -0.000149719 -0.000146364 -0.000143055 -0.000138729 -0.000134376 -0.000131026 -0.000127338 -0.000123979 -0.000120474 -0.000116713 -0.000113405 -0.00010967 -0.00010613 -0.000101904 -9.72989e-05 -9.40079e-05 -9.05088e-05 -8.69818e-05 -8.24876e-05 -7.89214e-05 -7.54729e-05 -7.13655e-05 -6.81629e-05 -6.43782e-05 -6.07555e-05 -5.78613e-05 -5.49034e-05 -5.14285e-05 -4.8307e-05 -4.55499e-05 -4.20087e-05 -3.91991e-05 -3.6227e-05 -3.33925e-05 -3.15275e-05 -2.92743e-05 -2.64014e-05 -2.35228e-05 -2.09238e-05 -1.82563e-05 -1.57511e-05 -1.21433e-05 -9.53583e-06 -7.29312e-06 -3.77692e-06 3.66092e-07 
-0.000433166 -0.000881823 -0.00100117 -0.0010248 -0.0010415 -0.00104188 -0.00101776 -0.000992098 -0.000977443 -0.000962349 -0.000952742 -0.000948645 -0.00094745 -0.00094467 -0.000940797 -0.00093586 -0.000929724 -0.000920508 -0.000911747 -0.000903902 -0.000893469 -0.000885528 -0.000876389 -0.000867213 -0.000860344 -0.0008528 -0.000843978 -0.00083694 -0.000830331 -0.000823918 -0.000818524 -0.000812159 -0.000804961 -0.000799393 -0.000793376 -0.000786684 -0.000782656 -0.000778237 -0.00077429 -0.000770961 -0.000768487 -0.000764934 -0.000762022 -0.000758885 -0.000755144 -0.000751534 -0.000748223 -0.000745097 -0.000742471 -0.000740116 -0.000737704 -0.00073419 -0.000730943 -0.000727466 -0.000723993 -0.000720753 -0.000716701 -0.000713474 -0.000710626 -0.000707472 -0.000703258 -0.000698911 -0.00069575 -0.000690952 -0.000686336 -0.000683544 -0.00067938 -0.000673968 -0.00066956 -0.000665747 -0.000659805 -0.000653925 -0.000648169 -0.000642163 -0.000635793 -0.000629104 -0.00062322 -0.00061724 -0.000612176 -0.000606962 -0.000601132 -0.000595062 -0.000590719 -0.000584673 -0.00057898 -0.000574585 -0.000569811 -0.000565669 -0.000561508 -0.000555626 -0.000549419 -0.000544749 -0.000539118 -0.00053344 -0.000525987 -0.000519745 -0.000515927 -0.000509294 -0.000503169 -0.000499021 -0.000494174 -0.000488592 -0.00048351 -0.000477244 -0.000472143 -0.000466862 -0.000460884 -0.000456123 -0.00045147 -0.000446503 -0.000440648 -0.000435391 -0.000431325 -0.000426342 -0.000421899 -0.00041805 -0.000414236 -0.000409731 -0.000405197 -0.000400535 -0.000396573 -0.000392104 -0.000387318 -0.000384334 -0.000381462 -0.00037796 -0.000375553 -0.000371945 -0.000368091 -0.000365327 -0.000362219 -0.000358687 -0.000356191 -0.000353145 -0.000349783 -0.000347512 -0.000344754 -0.000341824 -0.000339192 -0.000336295 -0.000333953 -0.000331824 -0.000329106 -0.000326896 -0.000325063 -0.00032328 -0.000321564 -0.000319213 -0.000317193 -0.000315236 -0.000312718 -0.000310475 -0.000307841 -0.000305783 -0.000304093 -0.000302079 -0.000299795 -0.000297397 -0.000295015 -0.000292425 -0.000290309 -0.000288423 -0.000286177 -0.000283909 -0.000281882 -0.000279314 -0.000276974 -0.000274266 -0.000271436 -0.000269264 -0.00026739 -0.000264875 -0.000262266 -0.000258931 -0.000256238 -0.000253755 -0.000251837 -0.000249718 -0.000246777 -0.000243188 -0.000240559 -0.000237268 -0.00023342 -0.000229984 -0.000225983 -0.000221983 -0.00021867 -0.00021445 -0.000210318 -0.000205983 -0.000202715 -0.000198932 -0.000195094 -0.000191167 -0.000187542 -0.000183888 -0.000179757 -0.000176149 -0.000172013 -0.000167634 -0.000164675 -0.000161555 -0.000156783 -0.0001529 -0.000149978 -0.00014693 -0.00014376 -0.000139881 -0.000135234 -0.000131545 -0.000128254 -0.000124677 -0.000120528 -0.000116431 -0.000114003 -0.000109513 -0.000105274 -0.000101971 -9.84448e-05 -9.4059e-05 -8.97585e-05 -8.67803e-05 -8.30784e-05 -7.98086e-05 -7.54953e-05 -7.11815e-05 -6.82916e-05 -6.43472e-05 -6.05817e-05 -5.80485e-05 -5.46077e-05 -5.10337e-05 -4.85289e-05 -4.53498e-05 -4.16673e-05 -3.94211e-05 -3.64365e-05 -3.37492e-05 -3.1979e-05 -2.9329e-05 -2.65692e-05 -2.42467e-05 -2.10779e-05 -1.77615e-05 -1.55164e-05 -1.26678e-05 -1.00278e-05 -7.88859e-06 -4.25634e-06 1.14421e-06 
-0.000311107 -0.000886879 -0.00105483 -0.00103778 -0.00104777 -0.00104773 -0.00102663 -0.000997535 -0.000975892 -0.00096295 -0.000956088 -0.00095056 -0.000947797 -0.000944984 -0.000941046 -0.000936409 -0.000929274 -0.000920584 -0.000912377 -0.000902499 -0.000892293 -0.000886473 -0.000878033 -0.000867691 -0.000861853 -0.000853165 -0.000844179 -0.000838311 -0.000829948 -0.000821957 -0.000815372 -0.000809672 -0.000803562 -0.000798573 -0.000791925 -0.000786406 -0.000782637 -0.000778606 -0.000774957 -0.000771016 -0.000768777 -0.000765062 -0.000761245 -0.000758119 -0.000754728 -0.000751495 -0.000748841 -0.000745999 -0.000742836 -0.000739808 -0.000737271 -0.000734607 -0.000730893 -0.000727137 -0.000724064 -0.000720364 -0.000716914 -0.000713613 -0.000710603 -0.000707381 -0.000703472 -0.000699431 -0.000695623 -0.000690383 -0.000686289 -0.000682964 -0.000678626 -0.000674051 -0.00066981 -0.000665745 -0.000659877 -0.00065325 -0.000648537 -0.000642555 -0.000635405 -0.000629486 -0.000624554 -0.000618944 -0.0006127 -0.000606129 -0.000601007 -0.000595735 -0.000591285 -0.000585577 -0.00057903 -0.000573966 -0.000570267 -0.000565797 -0.000560989 -0.000555853 -0.000550006 -0.000545195 -0.000538887 -0.000532573 -0.000526291 -0.000520611 -0.000515669 -0.000509069 -0.00050272 -0.000498497 -0.000492918 -0.000487671 -0.00048255 -0.000476298 -0.000470617 -0.000465715 -0.000461037 -0.000457207 -0.000451447 -0.000446126 -0.000441035 -0.000435464 -0.000430666 -0.000426044 -0.000421121 -0.000416621 -0.000413275 -0.000408813 -0.000404184 -0.00039958 -0.000396056 -0.000391431 -0.000387408 -0.00038445 -0.000381259 -0.000377777 -0.000374879 -0.000371832 -0.00036837 -0.000365805 -0.000362691 -0.000358857 -0.000355707 -0.000352675 -0.000349633 -0.000347003 -0.000344068 -0.000341441 -0.000339087 -0.000336042 -0.000333383 -0.000331115 -0.000329275 -0.000327321 -0.000324926 -0.000322578 -0.000321115 -0.000319288 -0.000317378 -0.000315301 -0.000312661 -0.000310621 -0.000308322 -0.000306068 -0.000303941 -0.000302084 -0.000299946 -0.00029763 -0.000295001 -0.000292212 -0.000290067 -0.000288178 -0.000286554 -0.000284645 -0.000282185 -0.000279629 -0.000276793 -0.000274145 -0.000271742 -0.000269533 -0.000267042 -0.000264503 -0.000262516 -0.000259409 -0.000256642 -0.000254027 -0.000252046 -0.000250205 -0.000247031 -0.000243817 -0.000240497 -0.000236686 -0.000232785 -0.000229871 -0.00022608 -0.000222332 -0.000219247 -0.000215405 -0.00021127 -0.000207081 -0.000202619 -0.000198583 -0.000195812 -0.000192011 -0.000188113 -0.000184444 -0.000179864 -0.000176229 -0.000172402 -0.000167571 -0.000163658 -0.000160562 -0.000156801 -0.00015363 -0.00014998 -0.000146366 -0.000143284 -0.000140447 -0.000135929 -0.000131343 -0.000127941 -0.000124296 -0.000120569 -0.000116917 -0.00011404 -0.000109732 -0.000105658 -0.000102126 -9.8582e-05 -9.41778e-05 -8.97724e-05 -8.6952e-05 -8.32769e-05 -8.00734e-05 -7.63368e-05 -7.1619e-05 -6.84011e-05 -6.48642e-05 -6.09353e-05 -5.77388e-05 -5.40783e-05 -5.08356e-05 -4.83538e-05 -4.50746e-05 -4.19412e-05 -3.95822e-05 -3.69656e-05 -3.41461e-05 -3.19737e-05 -2.92256e-05 -2.6625e-05 -2.41526e-05 -2.0816e-05 -1.78978e-05 -1.5656e-05 -1.30803e-05 -9.9171e-06 -7.72446e-06 -4.69463e-06 5.02453e-07 
-0.000298868 -0.000907152 -0.0010744 -0.00104096 -0.00105106 -0.00104902 -0.00102824 -0.00100308 -0.00097979 -0.000966396 -0.000959854 -0.000953501 -0.000949388 -0.000945942 -0.000941464 -0.000936357 -0.00092873 -0.000921492 -0.000913032 -0.000902457 -0.000892466 -0.000886597 -0.00087812 -0.000868881 -0.000863285 -0.000852105 -0.000843044 -0.000837008 -0.0008289 -0.000820936 -0.000815129 -0.000809462 -0.000803399 -0.000797678 -0.000791429 -0.00078699 -0.000782518 -0.000778235 -0.000774763 -0.000770875 -0.000768238 -0.000764306 -0.000760811 -0.000758116 -0.000755364 -0.000751843 -0.000748786 -0.00074611 -0.000743137 -0.000740572 -0.000737704 -0.00073465 -0.000731048 -0.000727024 -0.000723288 -0.000719771 -0.000717311 -0.000714316 -0.00071064 -0.000707043 -0.000703622 -0.000700236 -0.000695631 -0.000690774 -0.000686151 -0.000682416 -0.00067805 -0.000674684 -0.00066928 -0.000663731 -0.0006592 -0.00065419 -0.000648769 -0.000642201 -0.000635794 -0.000630595 -0.000624624 -0.000618075 -0.000612505 -0.00060656 -0.00060153 -0.000595927 -0.000591224 -0.000585702 -0.000579522 -0.00057345 -0.000569443 -0.000564996 -0.000559957 -0.000556191 -0.000551179 -0.000545116 -0.000537976 -0.000531473 -0.000526909 -0.000520451 -0.000514386 -0.000508745 -0.000503427 -0.000498185 -0.000492396 -0.000487939 -0.00048248 -0.000475555 -0.000470888 -0.000465472 -0.000460257 -0.000456528 -0.000451697 -0.000446149 -0.000441024 -0.000435054 -0.000429324 -0.000424931 -0.000420521 -0.00041572 -0.000411537 -0.000407861 -0.00040361 -0.000398895 -0.000394598 -0.000390692 -0.000387842 -0.000384366 -0.000380721 -0.000377079 -0.000374504 -0.000371492 -0.000368216 -0.000364904 -0.000362145 -0.00035909 -0.000355829 -0.000352938 -0.000349907 -0.000346687 -0.00034375 -0.000341016 -0.000338479 -0.000335852 -0.000333562 -0.000331326 -0.000329 -0.000327076 -0.000324849 -0.000322721 -0.000320926 -0.000319154 -0.000317181 -0.000315033 -0.000312666 -0.00031046 -0.00030835 -0.000306159 -0.000303949 -0.000302183 -0.000299832 -0.000297225 -0.000294969 -0.000292664 -0.000290347 -0.000288149 -0.000286409 -0.000284393 -0.000282087 -0.00027977 -0.000276956 -0.000274653 -0.000272569 -0.000270158 -0.000267011 -0.000264502 -0.000262161 -0.000259326 -0.000257308 -0.000254659 -0.000252257 -0.000250189 -0.000247409 -0.000244474 -0.0002407 -0.000236284 -0.000233066 -0.000229665 -0.000226353 -0.00022342 -0.000219756 -0.000215315 -0.000211436 -0.000207789 -0.000203278 -0.000198908 -0.000196139 -0.00019163 -0.000187998 -0.000184846 -0.00018006 -0.000176054 -0.000172628 -0.000168078 -0.000163642 -0.000159808 -0.00015627 -0.000153481 -0.000149861 -0.000146827 -0.000143627 -0.000140666 -0.000136223 -0.000131529 -0.000127514 -0.000123744 -0.000120773 -0.000117547 -0.000113892 -0.000110016 -0.000106702 -0.000102415 -9.78722e-05 -9.40449e-05 -9.02522e-05 -8.75059e-05 -8.32234e-05 -7.97532e-05 -7.64016e-05 -7.23366e-05 -6.84142e-05 -6.50592e-05 -6.11054e-05 -5.75007e-05 -5.40882e-05 -5.10807e-05 -4.85073e-05 -4.52581e-05 -4.27463e-05 -4.01642e-05 -3.71039e-05 -3.44013e-05 -3.17529e-05 -2.94834e-05 -2.67863e-05 -2.38483e-05 -2.06982e-05 -1.76466e-05 -1.49571e-05 -1.27744e-05 -1.01582e-05 -8.02397e-06 -4.51461e-06 1.23135e-06 
-0.000298868 -0.000915832 -0.00108828 -0.00105277 -0.00105986 -0.00105434 -0.00103222 -0.00100841 -0.000987345 -0.000970605 -0.000963057 -0.000957269 -0.000951736 -0.000947766 -0.00094303 -0.000936594 -0.000929248 -0.000920096 -0.00091182 -0.00090352 -0.000896134 -0.00088882 -0.000879821 -0.000870646 -0.000864279 -0.000852657 -0.000842818 -0.000836079 -0.000827789 -0.000821742 -0.000815699 -0.000808304 -0.000801413 -0.000796488 -0.000791592 -0.000787412 -0.000782144 -0.000777804 -0.000774291 -0.000770926 -0.000768011 -0.000764111 -0.000760743 -0.000757872 -0.000754988 -0.000752016 -0.000749467 -0.000746777 -0.000743623 -0.000741259 -0.000737453 -0.000733758 -0.000730894 -0.000727176 -0.000723506 -0.000719915 -0.000717035 -0.00071425 -0.00071093 -0.000707666 -0.000704014 -0.000700372 -0.000695794 -0.000691823 -0.000687189 -0.000682547 -0.000677893 -0.000674314 -0.000668385 -0.000662702 -0.000659102 -0.000653647 -0.000647513 -0.000642302 -0.000636164 -0.000630826 -0.000624061 -0.000618056 -0.000613089 -0.000607279 -0.000602219 -0.000595697 -0.000590369 -0.000584769 -0.000579568 -0.000573615 -0.00056944 -0.000564245 -0.000559649 -0.000555493 -0.00054944 -0.00054368 -0.000538013 -0.000532451 -0.000526696 -0.000520483 -0.000513574 -0.000507868 -0.000503003 -0.000497264 -0.000492359 -0.000487902 -0.000481629 -0.00047496 -0.000470717 -0.000465101 -0.00045981 -0.000455749 -0.000450836 -0.00044525 -0.000439634 -0.000434175 -0.000428653 -0.000423993 -0.000419311 -0.000414938 -0.000410037 -0.000406066 -0.000402768 -0.000398767 -0.000394395 -0.000390322 -0.000387472 -0.000384131 -0.000380708 -0.00037774 -0.000374544 -0.000371661 -0.000368252 -0.000364699 -0.000361947 -0.000359289 -0.000355921 -0.000352533 -0.000349364 -0.000346144 -0.000343745 -0.000341027 -0.000338092 -0.000335747 -0.000333707 -0.000331241 -0.000328471 -0.000326507 -0.00032462 -0.000322591 -0.000320686 -0.000318953 -0.000316934 -0.000315057 -0.000313278 -0.000311037 -0.000308512 -0.000306227 -0.000303805 -0.00030212 -0.000299637 -0.000297066 -0.000294869 -0.000292765 -0.000290339 -0.000287856 -0.000286181 -0.000284261 -0.000282182 -0.000280136 -0.000277391 -0.000274667 -0.000272262 -0.000270006 -0.000267628 -0.000265495 -0.000262558 -0.000259494 -0.000257668 -0.000255536 -0.000252944 -0.000250028 -0.000247524 -0.000244418 -0.000240183 -0.000236143 -0.000233346 -0.000229336 -0.000225939 -0.000223412 -0.000219965 -0.0002165 -0.000211971 -0.00020821 -0.000204128 -0.000199734 -0.000196561 -0.000191984 -0.000187906 -0.000185158 -0.000180528 -0.000176034 -0.000172259 -0.000168106 -0.000164295 -0.000160208 -0.000155983 -0.000153184 -0.000150022 -0.000146732 -0.000142559 -0.000139104 -0.000135284 -0.000131772 -0.000127593 -0.000123373 -0.000120496 -0.000117606 -0.000113484 -0.000109921 -0.000106411 -0.000102273 -9.81977e-05 -9.48819e-05 -9.06429e-05 -8.71216e-05 -8.34363e-05 -7.95516e-05 -7.65137e-05 -7.30168e-05 -6.90192e-05 -6.54005e-05 -6.17223e-05 -5.82326e-05 -5.47197e-05 -5.1193e-05 -4.84656e-05 -4.60113e-05 -4.36447e-05 -4.04928e-05 -3.72811e-05 -3.47611e-05 -3.22343e-05 -2.98745e-05 -2.66478e-05 -2.36364e-05 -2.08572e-05 -1.77216e-05 -1.45854e-05 -1.2799e-05 -1.07364e-05 -8.14219e-06 -4.04378e-06 1.14761e-06 
-0.000298868 -0.000909413 -0.00107554 -0.00106147 -0.00106421 -0.00105639 -0.00103422 -0.00100648 -0.000990027 -0.000975004 -0.000966633 -0.00096021 -0.000954945 -0.000949405 -0.000944094 -0.000937656 -0.000931152 -0.000921687 -0.000911613 -0.000904699 -0.00089627 -0.0008889 -0.000881617 -0.000873397 -0.000864532 -0.000854469 -0.00084549 -0.00083595 -0.000826501 -0.00082056 -0.000814616 -0.000806743 -0.000801207 -0.000796198 -0.00079143 -0.000786862 -0.000782335 -0.000778968 -0.000775296 -0.000771003 -0.000767343 -0.000764322 -0.000761522 -0.000758278 -0.000754454 -0.00075192 -0.000749802 -0.00074708 -0.000744092 -0.000741616 -0.000737675 -0.000733623 -0.000730804 -0.000726976 -0.000723186 -0.000720399 -0.000717766 -0.000713992 -0.000710666 -0.000708409 -0.000705044 -0.000700437 -0.000695492 -0.000691958 -0.000687207 -0.000682839 -0.000678023 -0.000673919 -0.000668421 -0.000662876 -0.000658744 -0.000652812 -0.000646744 -0.000642463 -0.000635553 -0.000629406 -0.000623453 -0.000618758 -0.000612755 -0.000605747 -0.000600899 -0.000595823 -0.000590661 -0.000584576 -0.000579808 -0.00057391 -0.000568693 -0.00056411 -0.000559629 -0.000554338 -0.000547393 -0.000542309 -0.00053834 -0.000531852 -0.00052502 -0.000519445 -0.000513847 -0.000506954 -0.000501432 -0.000496622 -0.000491771 -0.00048688 -0.000481044 -0.00047505 -0.000469956 -0.000464501 -0.000459808 -0.00045467 -0.000449313 -0.000444707 -0.000439173 -0.000434103 -0.000428774 -0.000422533 -0.000417382 -0.000414228 -0.000409307 -0.000405381 -0.000401963 -0.000398748 -0.000394716 -0.000390712 -0.000387848 -0.000384571 -0.000381609 -0.000378723 -0.000374427 -0.00037056 -0.000367976 -0.000365017 -0.000361748 -0.000358552 -0.000355988 -0.000352654 -0.000349235 -0.00034582 -0.000343097 -0.000340636 -0.000338357 -0.000336113 -0.000333424 -0.000331413 -0.000329012 -0.000326746 -0.000324999 -0.000322695 -0.000320338 -0.000318955 -0.000316789 -0.000314972 -0.000313528 -0.000311008 -0.000308489 -0.000306327 -0.000304074 -0.000301834 -0.000299664 -0.000297565 -0.000294996 -0.000292323 -0.000290402 -0.000288376 -0.000286477 -0.000284736 -0.000282345 -0.000280028 -0.000277834 -0.000275291 -0.000272424 -0.000269944 -0.000267741 -0.00026564 -0.000262902 -0.000259856 -0.000257901 -0.000255633 -0.000253386 -0.000250722 -0.000247104 -0.000243653 -0.000240079 -0.000236503 -0.00023374 -0.000229982 -0.000226723 -0.000223003 -0.000219961 -0.000216929 -0.00021169 -0.00020771 -0.000204163 -0.000200265 -0.000196757 -0.000192849 -0.000188181 -0.00018447 -0.00018071 -0.000176688 -0.000172016 -0.000167428 -0.000164287 -0.000159722 -0.000155161 -0.000152271 -0.000148854 -0.000145495 -0.000142307 -0.000139051 -0.000135187 -0.000131257 -0.000127078 -0.000123283 -0.000119703 -0.000116858 -0.000113847 -0.00011057 -0.000106377 -0.000102156 -9.83349e-05 -9.44692e-05 -9.00001e-05 -8.62399e-05 -8.33539e-05 -8.02047e-05 -7.66986e-05 -7.36242e-05 -6.99373e-05 -6.51897e-05 -6.15526e-05 -5.83782e-05 -5.47687e-05 -5.16554e-05 -4.92552e-05 -4.65142e-05 -4.38858e-05 -4.09035e-05 -3.79134e-05 -3.51771e-05 -3.27001e-05 -3.00101e-05 -2.67082e-05 -2.39972e-05 -2.08279e-05 -1.75541e-05 -1.44071e-05 -1.26296e-05 -1.00389e-05 -7.62746e-06 -4.2654e-06 2.63884e-07 
-0.000379774 -0.000947955 -0.00104715 -0.00104392 -0.00106006 -0.00105349 -0.00103036 -0.00100701 -0.000995568 -0.000981537 -0.000969009 -0.000961642 -0.000957339 -0.000951905 -0.000945223 -0.00093819 -0.000932213 -0.000923355 -0.000915096 -0.000906696 -0.000896584 -0.000889089 -0.000883107 -0.0008733 -0.00086362 -0.000854679 -0.00084565 -0.000836319 -0.000827617 -0.000821929 -0.000815229 -0.000807708 -0.000801582 -0.000796379 -0.00079082 -0.000785718 -0.000781838 -0.0007787 -0.000774766 -0.000771109 -0.000767502 -0.000764399 -0.000761489 -0.000758286 -0.000755015 -0.000752796 -0.000749899 -0.000746775 -0.000743758 -0.000741171 -0.000737993 -0.000734238 -0.000730728 -0.000726572 -0.000722906 -0.000720411 -0.000717408 -0.000714204 -0.000710928 -0.0007085 -0.0007053 -0.000701142 -0.000696132 -0.000692287 -0.000687001 -0.000682707 -0.000678204 -0.000673839 -0.000668467 -0.000663138 -0.00065693 -0.000651334 -0.000645761 -0.000641487 -0.000635532 -0.000630045 -0.000624342 -0.00061911 -0.000612819 -0.00060598 -0.000601722 -0.000596395 -0.000590203 -0.00058383 -0.000579655 -0.000573131 -0.000567406 -0.000562456 -0.000557489 -0.000552027 -0.000545974 -0.000541468 -0.000536657 -0.000530279 -0.000524124 -0.000519258 -0.000513624 -0.000507077 -0.000501705 -0.000496694 -0.00049175 -0.000486347 -0.000481724 -0.000475372 -0.000469395 -0.000463089 -0.000458674 -0.000454067 -0.000449344 -0.000444274 -0.000438468 -0.000432421 -0.000427604 -0.000422604 -0.000417469 -0.000413873 -0.000409591 -0.000405467 -0.000401346 -0.000398006 -0.000394985 -0.000391958 -0.000387835 -0.000383893 -0.000381092 -0.000378319 -0.000374216 -0.000370641 -0.000367576 -0.000364654 -0.000361256 -0.000358155 -0.000355249 -0.000352101 -0.000349085 -0.000346095 -0.000342964 -0.000340264 -0.000338453 -0.000336302 -0.000333732 -0.000331752 -0.000328945 -0.00032644 -0.000324281 -0.000322209 -0.000320255 -0.000318691 -0.000316592 -0.000314709 -0.000313227 -0.000310948 -0.000308654 -0.000306882 -0.000304495 -0.000301748 -0.000299478 -0.000297467 -0.000294918 -0.000292617 -0.000290603 -0.000288288 -0.000286122 -0.000284161 -0.000282297 -0.000280221 -0.000278051 -0.000275878 -0.000272826 -0.000270441 -0.000267521 -0.000265189 -0.000263123 -0.000260806 -0.000258203 -0.000255709 -0.000253486 -0.000250931 -0.000246932 -0.000242981 -0.000239979 -0.000236714 -0.000233383 -0.000229908 -0.000227281 -0.000223636 -0.000220053 -0.000217174 -0.000212713 -0.00020888 -0.000205138 -0.000200865 -0.000196557 -0.000192823 -0.000188183 -0.000183743 -0.000179757 -0.000176536 -0.000172427 -0.000167433 -0.000163796 -0.000160078 -0.000156384 -0.000152447 -0.000148842 -0.000145028 -0.00014173 -0.000139094 -0.000134842 -0.00013023 -0.000126213 -0.00012318 -0.000119473 -0.000116252 -0.00011352 -0.000110528 -0.000106762 -0.000102448 -9.7933e-05 -9.35406e-05 -8.9727e-05 -8.62642e-05 -8.34748e-05 -8.03887e-05 -7.61459e-05 -7.26549e-05 -6.97665e-05 -6.58212e-05 -6.27332e-05 -5.88129e-05 -5.48134e-05 -5.23162e-05 -4.95025e-05 -4.65667e-05 -4.40968e-05 -4.17686e-05 -3.88218e-05 -3.61896e-05 -3.27016e-05 -2.96929e-05 -2.6874e-05 -2.37512e-05 -2.02164e-05 -1.76279e-05 -1.52595e-05 -1.27815e-05 -9.80774e-06 -7.48701e-06 -4.77014e-06 -4.96902e-07 
-0.000277117 -0.000924801 -0.00105238 -0.00104442 -0.00105606 -0.00104879 -0.0010279 -0.00101017 -0.000995791 -0.000981641 -0.000971049 -0.000962688 -0.000957545 -0.000952307 -0.000946368 -0.000939991 -0.000932145 -0.000923529 -0.00091622 -0.000908431 -0.0008998 -0.000892484 -0.000885029 -0.000874334 -0.000864123 -0.000854616 -0.000844294 -0.000835974 -0.000828582 -0.000822149 -0.00081482 -0.000807611 -0.000802165 -0.000794799 -0.000789411 -0.000786061 -0.000782288 -0.000777836 -0.0007739 -0.000771121 -0.000768059 -0.000764648 -0.00076129 -0.000757934 -0.000754961 -0.000752883 -0.000749745 -0.000746861 -0.000744264 -0.000741443 -0.000738297 -0.000734501 -0.00073035 -0.000726985 -0.00072397 -0.000720698 -0.000717214 -0.000714627 -0.000711551 -0.000708217 -0.000704618 -0.000701386 -0.000696343 -0.000692032 -0.000687653 -0.000683577 -0.000679068 -0.000674287 -0.000668051 -0.000662667 -0.00065622 -0.000651554 -0.000645886 -0.000640422 -0.000635092 -0.000630548 -0.000624386 -0.00061803 -0.00061261 -0.000606416 -0.000601724 -0.000595697 -0.000590544 -0.000584107 -0.000578848 -0.000573087 -0.000568292 -0.000563101 -0.000557215 -0.000551523 -0.000546321 -0.000540441 -0.000533994 -0.000528944 -0.000524531 -0.000518526 -0.000512147 -0.000506368 -0.000501725 -0.00049637 -0.000491324 -0.000486746 -0.000481456 -0.000474448 -0.000468715 -0.000463034 -0.000458227 -0.000453935 -0.000448785 -0.000443036 -0.000437938 -0.000432137 -0.000427173 -0.000422247 -0.000416432 -0.000412299 -0.000408124 -0.000404713 -0.000401641 -0.000398061 -0.000394786 -0.000391887 -0.000387993 -0.000384521 -0.000381107 -0.000377807 -0.000374177 -0.000370892 -0.000367332 -0.000363537 -0.000360821 -0.00035832 -0.000355078 -0.000351585 -0.000348748 -0.000346079 -0.000343287 -0.000340945 -0.000338769 -0.000336162 -0.00033382 -0.000331491 -0.000328795 -0.000326598 -0.000324199 -0.000322166 -0.000320167 -0.00031859 -0.000316661 -0.000314579 -0.000312573 -0.000310821 -0.00030879 -0.000306546 -0.000304429 -0.000302365 -0.00030003 -0.000297676 -0.000295143 -0.000292713 -0.000290434 -0.00028832 -0.000286178 -0.000284104 -0.000282435 -0.000280351 -0.000277944 -0.000275577 -0.000272852 -0.000270779 -0.000268 -0.000265175 -0.000263363 -0.000261389 -0.000258803 -0.000256278 -0.000253665 -0.000250567 -0.000246965 -0.000243308 -0.000240596 -0.000237147 -0.000233475 -0.000230423 -0.000227681 -0.00022435 -0.00022052 -0.000216376 -0.000212616 -0.00020932 -0.000205381 -0.000200975 -0.000197121 -0.000193131 -0.000188207 -0.000184325 -0.000180014 -0.000175954 -0.000172366 -0.000167451 -0.00016345 -0.000159779 -0.000156303 -0.000152146 -0.000148402 -0.000145181 -0.000141794 -0.000138338 -0.000134533 -0.00013082 -0.000126729 -0.000123011 -0.000119515 -0.000116102 -0.0001125 -0.000109406 -0.000105844 -0.000101586 -9.78351e-05 -9.31979e-05 -8.94599e-05 -8.59231e-05 -8.26e-05 -7.96105e-05 -7.64325e-05 -7.29923e-05 -7.01012e-05 -6.64784e-05 -6.30227e-05 -5.9212e-05 -5.52098e-05 -5.27487e-05 -4.92885e-05 -4.66749e-05 -4.43924e-05 -4.1546e-05 -3.84804e-05 -3.60206e-05 -3.30817e-05 -3.03973e-05 -2.75778e-05 -2.4373e-05 -2.04857e-05 -1.75251e-05 -1.48951e-05 -1.26597e-05 -1.02626e-05 -7.68727e-06 -3.93433e-06 7.66144e-07 
-0.000336994 -0.000961415 -0.0010649 -0.00104242 -0.00105175 -0.0010436 -0.00103146 -0.00101714 -0.000997151 -0.00098013 -0.000970761 -0.000963286 -0.000958043 -0.000951952 -0.000947613 -0.000942091 -0.000933415 -0.000924688 -0.000917413 -0.000908859 -0.000902446 -0.000893433 -0.000884091 -0.000875317 -0.000867438 -0.00085619 -0.000843774 -0.000837714 -0.000829465 -0.000821307 -0.000815023 -0.000807935 -0.000801391 -0.000794282 -0.000788907 -0.000785457 -0.000781638 -0.000777053 -0.000773197 -0.000770851 -0.000768164 -0.000765055 -0.000761886 -0.000758853 -0.000755262 -0.000752425 -0.000749504 -0.000747321 -0.000744789 -0.000741184 -0.000737727 -0.000734713 -0.000730502 -0.000727671 -0.000724373 -0.000720906 -0.000717731 -0.00071492 -0.000712033 -0.000708093 -0.000704362 -0.000701212 -0.000695819 -0.000691018 -0.000687286 -0.000682871 -0.000678328 -0.00067381 -0.000668385 -0.000664132 -0.000657679 -0.000651677 -0.000646631 -0.000639936 -0.000633659 -0.000629314 -0.000623593 -0.000617424 -0.000613292 -0.000607672 -0.000601239 -0.000595605 -0.00059078 -0.000584089 -0.000578322 -0.000572835 -0.000568825 -0.000563802 -0.000555945 -0.000550058 -0.000543819 -0.000538474 -0.000533117 -0.000529018 -0.000524233 -0.000517738 -0.000511843 -0.000506697 -0.000502036 -0.000495972 -0.000490105 -0.000485681 -0.000480698 -0.000474033 -0.000469182 -0.000463053 -0.000456575 -0.000452368 -0.000447564 -0.000442314 -0.00043751 -0.000431143 -0.000425993 -0.000421161 -0.000417105 -0.00041258 -0.000408362 -0.000404324 -0.000401659 -0.00039823 -0.000394703 -0.000391241 -0.000387543 -0.000384547 -0.000380512 -0.000376484 -0.000373006 -0.000370114 -0.000366265 -0.000363181 -0.000360403 -0.000357872 -0.000354959 -0.000351745 -0.000348779 -0.00034577 -0.00034301 -0.000341256 -0.000339086 -0.000336542 -0.000334194 -0.000331152 -0.000328341 -0.000326431 -0.000324181 -0.000322156 -0.000319911 -0.000318115 -0.000316183 -0.000314671 -0.000312775 -0.000311071 -0.000308983 -0.000306163 -0.000304105 -0.00030207 -0.000299871 -0.000297775 -0.000295622 -0.000293262 -0.000290658 -0.000288216 -0.000286091 -0.000284166 -0.000282449 -0.0002805 -0.000278104 -0.000275697 -0.000273016 -0.00027104 -0.000268396 -0.000265372 -0.000262959 -0.000260877 -0.000259258 -0.000257 -0.00025403 -0.00025021 -0.000246731 -0.000243492 -0.000240424 -0.00023795 -0.000234865 -0.000231777 -0.000227991 -0.000224193 -0.000220734 -0.000217012 -0.000213067 -0.000209543 -0.000205484 -0.000201933 -0.000198311 -0.000193697 -0.000188171 -0.000184904 -0.000180374 -0.000175747 -0.000172855 -0.000168091 -0.000164148 -0.000160315 -0.000156015 -0.000152164 -0.000148608 -0.000145286 -0.000141781 -0.000137725 -0.000134921 -0.000131286 -0.000126648 -0.000122413 -0.000118687 -0.000116133 -0.000112772 -0.00010953 -0.000105864 -0.000101286 -9.73379e-05 -9.27417e-05 -8.87883e-05 -8.5195e-05 -8.22891e-05 -7.93864e-05 -7.70834e-05 -7.36917e-05 -7.06628e-05 -6.65386e-05 -6.2755e-05 -5.96101e-05 -5.61468e-05 -5.30913e-05 -4.97652e-05 -4.72426e-05 -4.47331e-05 -4.14824e-05 -3.85221e-05 -3.60898e-05 -3.3263e-05 -3.06109e-05 -2.74967e-05 -2.42754e-05 -2.12189e-05 -1.82682e-05 -1.51131e-05 -1.26829e-05 -1.06302e-05 -8.02448e-06 -3.44645e-06 9.1024e-07 
-0.000276236 -0.000901668 -0.00104419 -0.00104452 -0.00104929 -0.00104227 -0.00103178 -0.00102073 -0.00100096 -0.000982844 -0.000969454 -0.000961878 -0.000956546 -0.000952749 -0.000948385 -0.000943225 -0.000935808 -0.000927828 -0.000920253 -0.000912175 -0.000904562 -0.000894768 -0.00088492 -0.000875571 -0.000867216 -0.000856278 -0.000844185 -0.000837674 -0.000829274 -0.000822064 -0.000816451 -0.000807854 -0.000799969 -0.000794074 -0.000788737 -0.000783949 -0.000779956 -0.000776453 -0.000773917 -0.000771211 -0.000767643 -0.000764217 -0.000761498 -0.000758758 -0.000755666 -0.000752295 -0.000749394 -0.000746858 -0.000744424 -0.000741304 -0.000738167 -0.000735532 -0.000731837 -0.000728048 -0.000724806 -0.000721418 -0.000717933 -0.000714212 -0.000711559 -0.00070792 -0.000703829 -0.000700831 -0.00069573 -0.000690817 -0.000687229 -0.000682393 -0.000677806 -0.000674129 -0.000669537 -0.000665125 -0.000658215 -0.000651082 -0.000645685 -0.00063978 -0.000634192 -0.000628609 -0.000624034 -0.000618005 -0.000612705 -0.000607989 -0.000601441 -0.000595919 -0.000590705 -0.000584116 -0.000578607 -0.000572966 -0.00056807 -0.000562655 -0.000556532 -0.000550987 -0.000544679 -0.000538048 -0.000532749 -0.000527279 -0.000522132 -0.000517257 -0.000512547 -0.00050671 -0.000500781 -0.0004956 -0.000490454 -0.00048574 -0.000480306 -0.000473403 -0.000467963 -0.000462268 -0.000456288 -0.000451894 -0.000447266 -0.000442631 -0.000436838 -0.000430864 -0.000426535 -0.000422115 -0.000417271 -0.000412063 -0.000408043 -0.000403981 -0.000401324 -0.000398384 -0.000394855 -0.000390538 -0.000386313 -0.000383279 -0.000379558 -0.000376116 -0.000373107 -0.000369821 -0.000365989 -0.000363291 -0.000360124 -0.000357165 -0.000354135 -0.000351289 -0.000348856 -0.000346162 -0.000343288 -0.000341148 -0.000338711 -0.000336023 -0.00033395 -0.000331039 -0.000328328 -0.000326185 -0.000323833 -0.00032228 -0.000320096 -0.000317832 -0.000316151 -0.00031464 -0.000312785 -0.000310534 -0.00030858 -0.000306163 -0.000304491 -0.000302177 -0.00029969 -0.000297731 -0.000295566 -0.000293467 -0.000291114 -0.000288328 -0.000285778 -0.00028372 -0.000282094 -0.000280406 -0.000278408 -0.000276087 -0.000272908 -0.000270644 -0.000268196 -0.000265376 -0.000263228 -0.000260759 -0.000258755 -0.000256683 -0.000254344 -0.000251101 -0.000247766 -0.000244148 -0.000240859 -0.000238005 -0.000235312 -0.000232552 -0.000227982 -0.000224158 -0.00022103 -0.000217183 -0.000213349 -0.000209075 -0.000205479 -0.000202007 -0.000198575 -0.0001936 -0.000188794 -0.000185679 -0.000180831 -0.000175938 -0.00017314 -0.000168674 -0.000164766 -0.000160662 -0.000156564 -0.000152987 -0.000149015 -0.000144929 -0.000141502 -0.000138111 -0.000135255 -0.000131379 -0.000126721 -0.000122989 -0.000119652 -0.000115646 -0.000112251 -0.000108431 -0.000104867 -0.000100825 -9.70505e-05 -9.25203e-05 -8.9203e-05 -8.6334e-05 -8.30617e-05 -7.96442e-05 -7.72072e-05 -7.42058e-05 -7.07739e-05 -6.74032e-05 -6.35035e-05 -6.05723e-05 -5.69377e-05 -5.30856e-05 -4.9861e-05 -4.75186e-05 -4.42534e-05 -4.14177e-05 -3.91855e-05 -3.65061e-05 -3.32585e-05 -3.07207e-05 -2.7173e-05 -2.41311e-05 -2.15607e-05 -1.85896e-05 -1.60377e-05 -1.29736e-05 -1.0006e-05 -7.58783e-06 -4.112e-06 -2.58805e-07 
-0.000321603 -0.000915586 -0.00104317 -0.0010331 -0.00104687 -0.00104526 -0.00103503 -0.00102025 -0.0010014 -0.000986478 -0.000970254 -0.000961561 -0.000958229 -0.000954992 -0.000950589 -0.000944021 -0.000937615 -0.000929263 -0.000920929 -0.000913164 -0.00090675 -0.000897897 -0.00088995 -0.000877787 -0.000865521 -0.000856605 -0.000845776 -0.000837218 -0.000828718 -0.000822237 -0.000815817 -0.00080818 -0.000800142 -0.000794575 -0.000789074 -0.000782795 -0.000778712 -0.000776119 -0.000773375 -0.000770444 -0.000767575 -0.000764744 -0.000761467 -0.000758285 -0.000755657 -0.000752471 -0.000749796 -0.000746788 -0.000744072 -0.000741548 -0.00073863 -0.000736245 -0.000732234 -0.000728486 -0.000725348 -0.000722665 -0.000718896 -0.000714727 -0.000711808 -0.000707913 -0.000703342 -0.000700308 -0.000695485 -0.000690577 -0.000686193 -0.000681726 -0.000678493 -0.000674344 -0.000669174 -0.000665027 -0.000658819 -0.000652016 -0.000645789 -0.000639279 -0.000634537 -0.000628777 -0.000623394 -0.000617325 -0.000611253 -0.00060684 -0.000602553 -0.000596839 -0.000590409 -0.000583244 -0.000578098 -0.000573353 -0.000568565 -0.000562269 -0.000556493 -0.000551082 -0.000544812 -0.0005387 -0.000533337 -0.000526376 -0.000520774 -0.000516024 -0.0005117 -0.000506486 -0.000500561 -0.000495204 -0.000490728 -0.000485272 -0.000479026 -0.00047291 -0.000467457 -0.000462016 -0.00045712 -0.000451609 -0.000446109 -0.000441718 -0.000435677 -0.000430159 -0.000426251 -0.000421465 -0.00041678 -0.000412354 -0.000408683 -0.000404355 -0.000400593 -0.000397487 -0.000394502 -0.00039056 -0.000386087 -0.000383267 -0.000379552 -0.000375808 -0.000372192 -0.000369298 -0.000365887 -0.000363439 -0.000360441 -0.000357524 -0.000354445 -0.000351243 -0.000348546 -0.000346326 -0.000343795 -0.000341404 -0.000338882 -0.000336052 -0.000333465 -0.000330889 -0.000328756 -0.000326344 -0.000323861 -0.000322446 -0.00032045 -0.000318082 -0.000316124 -0.000314586 -0.000312677 -0.00031032 -0.000308639 -0.00030632 -0.000304475 -0.000302351 -0.000300265 -0.000298155 -0.000295427 -0.00029325 -0.000291004 -0.000288193 -0.000286127 -0.000283907 -0.000281663 -0.00027974 -0.000278068 -0.000276219 -0.000273721 -0.000271084 -0.000268306 -0.000265143 -0.00026292 -0.000260602 -0.000258517 -0.00025676 -0.000254494 -0.000251422 -0.000248102 -0.000244563 -0.000241947 -0.00023856 -0.00023544 -0.000232617 -0.000228498 -0.000225213 -0.000220636 -0.00021606 -0.000212535 -0.000209166 -0.000206027 -0.000202451 -0.000198411 -0.000194088 -0.000189545 -0.000186022 -0.000181561 -0.000176862 -0.00017366 -0.000168814 -0.000164774 -0.000161114 -0.000157625 -0.000153559 -0.000149073 -0.000145269 -0.000142202 -0.000138493 -0.00013474 -0.000130594 -0.000126523 -0.000123665 -0.000119442 -0.000115144 -0.000111671 -0.000108288 -0.000105063 -0.000101403 -9.72204e-05 -9.25604e-05 -8.93919e-05 -8.60493e-05 -8.31919e-05 -8.02678e-05 -7.75833e-05 -7.44204e-05 -7.11898e-05 -6.84541e-05 -6.47754e-05 -6.09758e-05 -5.718e-05 -5.39402e-05 -5.09505e-05 -4.76616e-05 -4.41345e-05 -4.12305e-05 -3.91536e-05 -3.6146e-05 -3.30396e-05 -3.11711e-05 -2.80064e-05 -2.52345e-05 -2.22966e-05 -1.89105e-05 -1.65282e-05 -1.33875e-05 -1.03945e-05 -7.66832e-06 -4.42552e-06 4.56432e-07 
-0.000325357 -0.000913829 -0.00101253 -0.00100848 -0.0010416 -0.001051 -0.00104413 -0.00102514 -0.00100151 -0.000987596 -0.000971712 -0.000964673 -0.000961949 -0.000958506 -0.000955117 -0.000947654 -0.000939856 -0.000930997 -0.00092257 -0.000915257 -0.000907177 -0.000899736 -0.000892084 -0.000880735 -0.00086654 -0.000857547 -0.000846156 -0.00083623 -0.000828426 -0.00082146 -0.000814724 -0.000808299 -0.00079985 -0.00079275 -0.000787815 -0.000782584 -0.000779616 -0.000776228 -0.00077263 -0.000769993 -0.000767268 -0.000764376 -0.000760991 -0.000757605 -0.000754457 -0.000751805 -0.000749863 -0.000746958 -0.000744404 -0.000741816 -0.000738659 -0.000736012 -0.00073268 -0.000729286 -0.000726157 -0.000722593 -0.000719309 -0.000715595 -0.000712063 -0.000707525 -0.000703117 -0.000698829 -0.000694108 -0.000690349 -0.000685279 -0.000680936 -0.000677771 -0.000673439 -0.000669391 -0.000664747 -0.000659749 -0.000653615 -0.000646029 -0.000638867 -0.000633872 -0.000627615 -0.00062193 -0.000617094 -0.000611734 -0.000607209 -0.000601381 -0.000595392 -0.000589614 -0.00058369 -0.000578263 -0.000572556 -0.000568209 -0.000563067 -0.000557332 -0.000550458 -0.000542847 -0.000537292 -0.000532206 -0.000526118 -0.000521299 -0.00051488 -0.000509804 -0.00050546 -0.000499785 -0.000494312 -0.000488647 -0.000483168 -0.000478349 -0.000473593 -0.000466409 -0.000460668 -0.000455709 -0.000450502 -0.000445589 -0.000440998 -0.000435479 -0.000431344 -0.000426995 -0.000421311 -0.000417331 -0.000412947 -0.000408875 -0.00040455 -0.000400177 -0.000396862 -0.000393959 -0.000390574 -0.000386521 -0.000382752 -0.000379583 -0.000376172 -0.000372316 -0.000369671 -0.000366246 -0.000362844 -0.000360246 -0.000357312 -0.000354232 -0.000351405 -0.000348339 -0.000345732 -0.000343642 -0.000341343 -0.000338859 -0.000336309 -0.000333402 -0.000330692 -0.000328602 -0.000326389 -0.00032446 -0.000322363 -0.000320234 -0.000318402 -0.000316464 -0.000314407 -0.000312321 -0.000310311 -0.000308836 -0.000306501 -0.000304181 -0.000302134 -0.000300464 -0.000298252 -0.000295872 -0.000293742 -0.000290929 -0.000288087 -0.000285874 -0.000283893 -0.00028193 -0.00028012 -0.000278175 -0.000276169 -0.00027379 -0.000270955 -0.000268412 -0.000265322 -0.000262921 -0.000260493 -0.000258279 -0.000255942 -0.000253915 -0.000251489 -0.00024794 -0.000244465 -0.000241874 -0.000238854 -0.000236127 -0.00023248 -0.000228314 -0.000225281 -0.000220398 -0.000215608 -0.000212346 -0.000208856 -0.000204864 -0.000201556 -0.000198428 -0.000194639 -0.000189924 -0.000185608 -0.000182061 -0.000177569 -0.000173734 -0.000169369 -0.000165266 -0.000161988 -0.000157953 -0.000153364 -0.000149235 -0.000145713 -0.000142357 -0.000138087 -0.000134129 -0.000130452 -0.000126942 -0.000123367 -0.000119097 -0.000115152 -0.000111932 -0.000108501 -0.000104491 -0.000100998 -9.78048e-05 -9.4216e-05 -9.08425e-05 -8.66416e-05 -8.36396e-05 -8.11015e-05 -7.74973e-05 -7.42652e-05 -7.1267e-05 -6.85111e-05 -6.47844e-05 -6.08994e-05 -5.75911e-05 -5.49587e-05 -5.16091e-05 -4.77818e-05 -4.46839e-05 -4.17663e-05 -3.91287e-05 -3.59153e-05 -3.30713e-05 -3.11792e-05 -2.80997e-05 -2.52838e-05 -2.26683e-05 -1.94699e-05 -1.66157e-05 -1.34406e-05 -1.06477e-05 -7.81647e-06 -3.92293e-06 1.59623e-06 
-0.000348205 -0.000911785 -0.001007 -0.000999751 -0.00102838 -0.00104556 -0.00104858 -0.00102938 -0.00100388 -0.000988155 -0.00097479 -0.00096824 -0.000966294 -0.000962895 -0.000958131 -0.000949755 -0.000941611 -0.000933187 -0.000924897 -0.000917788 -0.000908173 -0.000899035 -0.000890913 -0.000880649 -0.000868195 -0.000857375 -0.000845749 -0.000837671 -0.000830732 -0.000822057 -0.000813556 -0.000808114 -0.000799936 -0.000792541 -0.000787151 -0.000782103 -0.000779078 -0.000776014 -0.000772886 -0.000770409 -0.000766679 -0.00076307 -0.000759864 -0.000757119 -0.000754245 -0.000751476 -0.000749148 -0.000746237 -0.000743914 -0.000741707 -0.000738891 -0.000736123 -0.000733275 -0.000730622 -0.000727176 -0.000722703 -0.000719287 -0.000715508 -0.000710984 -0.000707264 -0.000703456 -0.000698385 -0.000693325 -0.000689781 -0.000684771 -0.000679858 -0.000676117 -0.000672179 -0.000669017 -0.000663536 -0.000658163 -0.00065226 -0.000645417 -0.000639442 -0.000633948 -0.000627348 -0.000621795 -0.000617831 -0.000612859 -0.000608197 -0.000600812 -0.000594656 -0.000588982 -0.000583767 -0.000577751 -0.000571285 -0.000566852 -0.000562094 -0.000556854 -0.00055064 -0.000543687 -0.00053861 -0.000532092 -0.000524787 -0.000520016 -0.000514319 -0.000508858 -0.000504347 -0.000499495 -0.000494237 -0.000488289 -0.0004823 -0.000477632 -0.000473139 -0.000466823 -0.000461096 -0.00045592 -0.000450427 -0.00044574 -0.000440321 -0.000434854 -0.000430943 -0.000426734 -0.000422327 -0.000418556 -0.000413495 -0.000408041 -0.000403925 -0.000400685 -0.00039725 -0.000393754 -0.000390851 -0.000387118 -0.000382642 -0.000379648 -0.000376931 -0.000373066 -0.000370099 -0.000366569 -0.00036289 -0.000360336 -0.00035664 -0.000353394 -0.000351155 -0.00034821 -0.000345829 -0.000343907 -0.000341306 -0.000338512 -0.00033621 -0.000333498 -0.000331312 -0.000329086 -0.000326986 -0.000324969 -0.000322479 -0.00032016 -0.000318203 -0.000316319 -0.000314339 -0.000312409 -0.000310442 -0.000308878 -0.000306589 -0.000304351 -0.000302379 -0.000300471 -0.000297789 -0.000295878 -0.000293709 -0.000290836 -0.000288391 -0.000286076 -0.000284027 -0.000282286 -0.000280564 -0.000277967 -0.000275987 -0.000273984 -0.000271363 -0.000268783 -0.000265731 -0.000262475 -0.000260097 -0.000258248 -0.000256266 -0.000253837 -0.000251606 -0.000248168 -0.000244298 -0.000241467 -0.000238569 -0.000236135 -0.000232508 -0.000228311 -0.000224848 -0.000220341 -0.000216495 -0.00021227 -0.000207852 -0.000204659 -0.00020155 -0.000198164 -0.000194586 -0.000190494 -0.000186215 -0.000182505 -0.000177696 -0.000173258 -0.000169641 -0.000166069 -0.000162287 -0.000157696 -0.000153712 -0.000150401 -0.000146032 -0.000141692 -0.000138402 -0.000134218 -0.000130985 -0.000127128 -0.000122355 -0.000118567 -0.000115369 -0.000111772 -0.000108084 -0.000104611 -0.000101256 -9.82349e-05 -9.48429e-05 -9.14309e-05 -8.81281e-05 -8.44066e-05 -8.11388e-05 -7.79453e-05 -7.47287e-05 -7.16333e-05 -6.81885e-05 -6.43344e-05 -6.08862e-05 -5.80364e-05 -5.51125e-05 -5.17377e-05 -4.8126e-05 -4.53545e-05 -4.18779e-05 -3.86183e-05 -3.61678e-05 -3.34008e-05 -3.11629e-05 -2.81144e-05 -2.53903e-05 -2.29271e-05 -2.00018e-05 -1.6446e-05 -1.31322e-05 -1.0461e-05 -7.40003e-06 -4.43331e-06 8.38662e-08 
-0.000344854 -0.000882675 -0.000997347 -0.00099661 -0.00102295 -0.00103496 -0.00104115 -0.00102997 -0.00100562 -0.000989527 -0.000977659 -0.000971822 -0.000970053 -0.000965389 -0.000960134 -0.000952742 -0.000943465 -0.000933228 -0.000923306 -0.000915819 -0.000908765 -0.000901097 -0.000891175 -0.000882064 -0.000870863 -0.000857572 -0.000845522 -0.000836754 -0.000829403 -0.000822035 -0.000814046 -0.00080735 -0.000799574 -0.000793503 -0.000787587 -0.00078161 -0.000778338 -0.000775281 -0.00077273 -0.000770175 -0.000766643 -0.000763138 -0.000759791 -0.000756795 -0.000754052 -0.000751501 -0.000748993 -0.00074617 -0.000743846 -0.000741819 -0.000739635 -0.000736634 -0.000733524 -0.000730619 -0.000727271 -0.000723566 -0.000720128 -0.000715726 -0.000710997 -0.000706805 -0.00070293 -0.000698444 -0.000692989 -0.000688688 -0.000684056 -0.000679633 -0.000675061 -0.00067084 -0.000667123 -0.000662516 -0.00065734 -0.000651032 -0.000644716 -0.000638306 -0.000632379 -0.00062759 -0.000622447 -0.000617038 -0.00061178 -0.000607063 -0.000601505 -0.00059617 -0.000589014 -0.000581846 -0.000576704 -0.000571752 -0.000566902 -0.000561491 -0.000555524 -0.000550214 -0.000544262 -0.000538428 -0.00053142 -0.000524069 -0.000518902 -0.000513682 -0.00050871 -0.00050261 -0.00049779 -0.000493303 -0.000487485 -0.000482908 -0.00047726 -0.000471248 -0.00046618 -0.000460985 -0.000454989 -0.000449744 -0.000445204 -0.000439561 -0.000435321 -0.000430642 -0.000425755 -0.000422254 -0.000418296 -0.000413131 -0.000408269 -0.000404402 -0.000400651 -0.000397488 -0.000393238 -0.000390164 -0.000387357 -0.000383953 -0.000380558 -0.000377502 -0.000373833 -0.000369623 -0.000366167 -0.000362591 -0.000360105 -0.000356419 -0.000353138 -0.000351054 -0.000348468 -0.000345839 -0.000343507 -0.000341338 -0.000338843 -0.000336122 -0.000333576 -0.000331458 -0.000329183 -0.000327133 -0.000325319 -0.000322821 -0.000320796 -0.000318387 -0.000316063 -0.000314343 -0.000312414 -0.000310153 -0.000308314 -0.000306548 -0.000304613 -0.000302972 -0.00030072 -0.000298043 -0.000295941 -0.000293446 -0.000290584 -0.000288621 -0.000286132 -0.00028384 -0.000281904 -0.000280474 -0.000278286 -0.00027635 -0.000274295 -0.000271576 -0.000268847 -0.00026595 -0.000262928 -0.000260473 -0.000258391 -0.000256418 -0.000253598 -0.000250896 -0.000247929 -0.000244879 -0.000241958 -0.000238285 -0.000235319 -0.000232633 -0.000229432 -0.00022499 -0.000220328 -0.000216956 -0.000212063 -0.000207489 -0.000204882 -0.000201347 -0.000196947 -0.000193519 -0.000190622 -0.000186207 -0.000181744 -0.000177583 -0.00017365 -0.000169616 -0.000165567 -0.000161843 -0.000157837 -0.000154303 -0.000150532 -0.000146268 -0.000141873 -0.000138805 -0.000134293 -0.000129862 -0.000126269 -0.000122214 -0.000118738 -0.000115455 -0.000111514 -0.000107754 -0.000105426 -0.000102491 -9.94772e-05 -9.52366e-05 -9.16598e-05 -8.91872e-05 -8.46925e-05 -8.06149e-05 -7.77062e-05 -7.42931e-05 -7.07158e-05 -6.77286e-05 -6.41182e-05 -6.12362e-05 -5.82363e-05 -5.46718e-05 -5.16707e-05 -4.85842e-05 -4.54209e-05 -4.17718e-05 -3.85901e-05 -3.62669e-05 -3.32571e-05 -3.04432e-05 -2.81079e-05 -2.55199e-05 -2.24566e-05 -1.93303e-05 -1.60787e-05 -1.32969e-05 -1.02856e-05 -6.47569e-06 -3.9555e-06 -7.61463e-08 
-0.000301274 -0.000842799 -0.000998499 -0.00101004 -0.00102692 -0.00104018 -0.00104099 -0.00102621 -0.00100553 -0.000986839 -0.000978328 -0.00097479 -0.000972684 -0.000969034 -0.000961363 -0.000953446 -0.000944375 -0.000932355 -0.000922634 -0.000915063 -0.000907506 -0.000900125 -0.000889192 -0.000879416 -0.000869761 -0.000858013 -0.000848119 -0.000837007 -0.000828859 -0.000822096 -0.000814704 -0.000807134 -0.000799284 -0.000792781 -0.000786503 -0.000782091 -0.000778668 -0.000775092 -0.000771981 -0.000769395 -0.000766219 -0.000763282 -0.000759781 -0.000756283 -0.000753725 -0.000751646 -0.000749148 -0.000746689 -0.000743792 -0.000741473 -0.00073914 -0.000737125 -0.000734613 -0.000730954 -0.000726566 -0.000723459 -0.00071967 -0.000715352 -0.000711551 -0.000706929 -0.000702159 -0.00069814 -0.000693084 -0.000688039 -0.000682922 -0.000679043 -0.00067455 -0.000670168 -0.000665492 -0.000660834 -0.000656026 -0.000649913 -0.0006446 -0.000638556 -0.000631954 -0.000627533 -0.000623012 -0.000616394 -0.00061113 -0.000606642 -0.00060133 -0.000595906 -0.000589197 -0.0005818 -0.000576566 -0.00057221 -0.000567294 -0.000561032 -0.00055475 -0.000550996 -0.000543829 -0.000536875 -0.000531229 -0.000525482 -0.000518611 -0.000511871 -0.000507295 -0.000502196 -0.0004977 -0.000492014 -0.000486236 -0.000482255 -0.000476587 -0.000470889 -0.000466569 -0.00046053 -0.000454281 -0.000450069 -0.000444674 -0.000438662 -0.000434962 -0.000430137 -0.000425727 -0.000422463 -0.000417867 -0.000412894 -0.000409146 -0.000404625 -0.000399976 -0.000397027 -0.000393651 -0.000390448 -0.000387944 -0.00038504 -0.000380684 -0.000376884 -0.000373586 -0.000369493 -0.000366501 -0.000362823 -0.000359841 -0.000356455 -0.000352889 -0.000350281 -0.000348065 -0.000345862 -0.000343293 -0.000341276 -0.000338803 -0.000336121 -0.000333961 -0.000331765 -0.000329477 -0.000327528 -0.000325191 -0.000322723 -0.000321132 -0.000318856 -0.00031621 -0.000314777 -0.000312655 -0.00031045 -0.000308923 -0.000306736 -0.000304386 -0.000302282 -0.000300254 -0.000297903 -0.000295799 -0.000292942 -0.000290461 -0.000288626 -0.000286517 -0.000284538 -0.000282322 -0.000281059 -0.000278786 -0.000276266 -0.000274217 -0.00027174 -0.000269101 -0.000266717 -0.000263986 -0.000261103 -0.000258391 -0.000256327 -0.000254182 -0.000250948 -0.000247667 -0.000244971 -0.000241563 -0.000238354 -0.000235332 -0.000232531 -0.000229459 -0.00022536 -0.000220962 -0.000216947 -0.000211703 -0.000207691 -0.000204548 -0.000200745 -0.000196946 -0.000193566 -0.000190424 -0.000185863 -0.000180815 -0.000177342 -0.000173374 -0.000168671 -0.000165088 -0.000162108 -0.000158547 -0.000154264 -0.000149687 -0.000146093 -0.000142429 -0.000139391 -0.000135247 -0.000130342 -0.000126345 -0.00012294 -0.000119151 -0.000115232 -0.000111811 -0.000108477 -0.000106009 -0.000102742 -9.93777e-05 -9.58123e-05 -9.23798e-05 -8.92979e-05 -8.49621e-05 -8.0646e-05 -7.77225e-05 -7.39277e-05 -7.044e-05 -6.72947e-05 -6.3678e-05 -6.04061e-05 -5.75132e-05 -5.45871e-05 -5.20844e-05 -4.83442e-05 -4.49444e-05 -4.18718e-05 -3.87893e-05 -3.62046e-05 -3.34748e-05 -3.04262e-05 -2.76969e-05 -2.54617e-05 -2.24111e-05 -1.90156e-05 -1.56204e-05 -1.31618e-05 -1.00447e-05 -6.98681e-06 -4.11076e-06 5.20322e-07 
-0.000357916 -0.000897301 -0.000992929 -0.00099227 -0.00102556 -0.00103612 -0.00103154 -0.00101598 -0.000996506 -0.000984242 -0.000979558 -0.000976322 -0.0009737 -0.0009683 -0.000958601 -0.000949538 -0.000940413 -0.000931764 -0.000924047 -0.000914361 -0.000904487 -0.000898333 -0.000890074 -0.000880809 -0.000870388 -0.0008577 -0.000848453 -0.000838479 -0.000829533 -0.000821264 -0.000814139 -0.000806787 -0.00079976 -0.000793057 -0.00078613 -0.000781512 -0.000778147 -0.000775466 -0.000772779 -0.000769514 -0.000766352 -0.00076304 -0.000759797 -0.000756821 -0.000754251 -0.00075156 -0.000749079 -0.000747193 -0.000744452 -0.000741881 -0.000739297 -0.000737253 -0.000735115 -0.00073117 -0.000727287 -0.000723458 -0.000719174 -0.000714826 -0.000711531 -0.000707051 -0.000702434 -0.000698492 -0.000693649 -0.000688596 -0.000683623 -0.000678188 -0.000673213 -0.000669857 -0.000665143 -0.000660141 -0.000655254 -0.000648824 -0.000643887 -0.0006385 -0.000631644 -0.000626162 -0.000621627 -0.000616029 -0.000611443 -0.000605859 -0.000599618 -0.000594163 -0.000589072 -0.000582403 -0.000575864 -0.000571267 -0.000566183 -0.000560728 -0.000555354 -0.000550996 -0.000544199 -0.000537558 -0.000531701 -0.000525835 -0.000518715 -0.000511463 -0.000507096 -0.000501689 -0.000496971 -0.00049189 -0.000485762 -0.000481384 -0.000476539 -0.000470932 -0.000465898 -0.000459583 -0.000453901 -0.000449361 -0.000443601 -0.000438325 -0.000434475 -0.000430136 -0.000425652 -0.00042195 -0.000417183 -0.000412718 -0.000408942 -0.000404222 -0.000400261 -0.000397351 -0.000394187 -0.000390493 -0.000387769 -0.000384679 -0.000380622 -0.000376654 -0.00037345 -0.000369548 -0.000366722 -0.000362309 -0.000358518 -0.000355764 -0.000353059 -0.000350118 -0.000347879 -0.000346075 -0.000343822 -0.000341275 -0.000338597 -0.00033594 -0.000333962 -0.000331718 -0.000329897 -0.000327854 -0.000325255 -0.00032275 -0.000321134 -0.000318854 -0.00031653 -0.000315148 -0.00031253 -0.00031043 -0.00030887 -0.000306839 -0.000304596 -0.000302607 -0.000300533 -0.00029809 -0.000295696 -0.00029291 -0.000290811 -0.000288643 -0.000286596 -0.000284892 -0.00028274 -0.000281222 -0.000278688 -0.000276296 -0.000274442 -0.000272333 -0.000269289 -0.000266654 -0.000264177 -0.00026151 -0.000259234 -0.0002569 -0.000254372 -0.000251185 -0.000247627 -0.000244136 -0.000240649 -0.000238349 -0.000235602 -0.000232162 -0.00022891 -0.000225508 -0.0002218 -0.000217071 -0.000212254 -0.000207806 -0.0002043 -0.000200511 -0.000197649 -0.000193297 -0.000188804 -0.000185249 -0.000181215 -0.000177178 -0.000172845 -0.000168457 -0.000165348 -0.000161767 -0.000157558 -0.000153746 -0.000149685 -0.00014637 -0.000142618 -0.000139478 -0.000135746 -0.000131162 -0.000126487 -0.000122972 -0.000119373 -0.000115474 -0.000112887 -0.000109705 -0.000106309 -0.000102497 -9.88498e-05 -9.61624e-05 -9.22613e-05 -8.84646e-05 -8.48262e-05 -8.12015e-05 -7.76697e-05 -7.38219e-05 -7.08696e-05 -6.74838e-05 -6.33911e-05 -6.06838e-05 -5.73541e-05 -5.3964e-05 -5.14686e-05 -4.8292e-05 -4.48483e-05 -4.19854e-05 -3.87746e-05 -3.57436e-05 -3.32766e-05 -3.05637e-05 -2.75783e-05 -2.47394e-05 -2.21831e-05 -1.89331e-05 -1.54067e-05 -1.22336e-05 -9.32292e-06 -7.03273e-06 -4.15243e-06 1.35044e-06 
-0.000330871 -0.000916429 -0.00101563 -0.000997697 -0.00102462 -0.00103646 -0.00103166 -0.00101009 -0.000991979 -0.000982174 -0.000976556 -0.000974524 -0.000970938 -0.000965006 -0.000956705 -0.000948746 -0.00093956 -0.000929877 -0.000922471 -0.000913741 -0.000905161 -0.000897597 -0.000889491 -0.00088 -0.000868937 -0.000857542 -0.000847351 -0.0008379 -0.000829341 -0.000820839 -0.000814343 -0.000806767 -0.000799021 -0.000792976 -0.000787391 -0.000782295 -0.000777942 -0.000775056 -0.000772233 -0.000769138 -0.000766244 -0.000763096 -0.00076049 -0.000757978 -0.000755215 -0.00075181 -0.000749309 -0.000747047 -0.000744425 -0.000742491 -0.000739878 -0.000737371 -0.000734882 -0.000731488 -0.000728026 -0.000723755 -0.000718848 -0.000715255 -0.000711438 -0.000707518 -0.000703799 -0.00069902 -0.000693309 -0.000688376 -0.000683876 -0.000678448 -0.000673125 -0.000669731 -0.000663835 -0.000658919 -0.000654552 -0.000648199 -0.000642928 -0.000638182 -0.000631988 -0.000625882 -0.00062036 -0.00061488 -0.000610554 -0.00060491 -0.000599899 -0.000594458 -0.000589534 -0.000582959 -0.000575988 -0.000570224 -0.000565143 -0.000561001 -0.000556221 -0.000550651 -0.000544671 -0.000539428 -0.000532584 -0.00052505 -0.000518815 -0.000512244 -0.000507776 -0.000501298 -0.000495909 -0.00049124 -0.000486071 -0.000480709 -0.000476172 -0.000470392 -0.000464883 -0.00045941 -0.000453931 -0.000449038 -0.000443144 -0.000438941 -0.000434766 -0.000429843 -0.000425352 -0.000421016 -0.000417258 -0.000413057 -0.000408703 -0.000404151 -0.00040009 -0.000396597 -0.000393958 -0.000390718 -0.000387387 -0.000383902 -0.000380537 -0.000377137 -0.000373314 -0.00036894 -0.000366345 -0.000362237 -0.000358502 -0.000355833 -0.000353189 -0.000350567 -0.000347993 -0.000346205 -0.0003438 -0.000340898 -0.000338522 -0.000336289 -0.000334036 -0.000331837 -0.000329567 -0.000327578 -0.000325516 -0.000323559 -0.000321536 -0.000319164 -0.000316897 -0.000315415 -0.00031287 -0.00031068 -0.000309018 -0.000306935 -0.00030529 -0.000303271 -0.000300475 -0.000297621 -0.000295387 -0.000293101 -0.000291163 -0.000288798 -0.000286759 -0.000285142 -0.000283275 -0.000281464 -0.000278794 -0.000276365 -0.0002742 -0.00027194 -0.000269445 -0.000267213 -0.000264754 -0.000262014 -0.000260007 -0.00025695 -0.000253873 -0.000251305 -0.000247776 -0.000244043 -0.000240454 -0.000237659 -0.000235142 -0.000232033 -0.000228927 -0.000225281 -0.000221661 -0.00021719 -0.000213388 -0.000209136 -0.000204957 -0.000200898 -0.00019779 -0.000193034 -0.00018829 -0.000185262 -0.000180817 -0.000176106 -0.000172493 -0.000168503 -0.000165267 -0.000161114 -0.00015727 -0.000153867 -0.000150103 -0.000146836 -0.000142633 -0.000139164 -0.000135624 -0.00013207 -0.000127617 -0.000124085 -0.000119821 -0.000116093 -0.000113112 -0.000109222 -0.000105929 -0.000102742 -9.94026e-05 -9.59109e-05 -9.21077e-05 -8.78067e-05 -8.4155e-05 -8.09447e-05 -7.71153e-05 -7.39234e-05 -7.11173e-05 -6.7304e-05 -6.33386e-05 -6.07121e-05 -5.72893e-05 -5.37999e-05 -5.10157e-05 -4.77897e-05 -4.45627e-05 -4.13915e-05 -3.85016e-05 -3.56069e-05 -3.30798e-05 -3.0324e-05 -2.75054e-05 -2.40989e-05 -2.1311e-05 -1.87123e-05 -1.54646e-05 -1.20361e-05 -9.03669e-06 -7.01876e-06 -4.04659e-06 1.16178e-06 
-0.000306654 -0.000896001 -0.00101785 -0.00100674 -0.00104218 -0.00104593 -0.00103073 -0.00101125 -0.000988151 -0.000976437 -0.000972403 -0.000970512 -0.000966714 -0.00096129 -0.000954504 -0.000946837 -0.000937368 -0.000926761 -0.000919929 -0.000912831 -0.000904851 -0.000896734 -0.000888623 -0.000878362 -0.000868477 -0.000859578 -0.000849062 -0.000837809 -0.000829227 -0.000820287 -0.000814529 -0.000806934 -0.000799254 -0.000793285 -0.000787953 -0.000782605 -0.000777471 -0.000774375 -0.000771529 -0.000768784 -0.00076643 -0.000763392 -0.000760412 -0.000757697 -0.000755228 -0.000752688 -0.000750481 -0.000747541 -0.000744626 -0.000742823 -0.000740709 -0.000737871 -0.000734436 -0.000731415 -0.000727862 -0.000723129 -0.000718793 -0.000715716 -0.00071116 -0.000707145 -0.000703798 -0.000699265 -0.00069478 -0.000688944 -0.000684112 -0.000679076 -0.000673605 -0.000669585 -0.000663543 -0.000658086 -0.000654265 -0.000648211 -0.000642253 -0.00063725 -0.000631676 -0.000626496 -0.000620686 -0.000614363 -0.000610036 -0.000604894 -0.000599885 -0.000593322 -0.000587883 -0.000582107 -0.000576867 -0.000570684 -0.000564669 -0.00056049 -0.000556074 -0.000549743 -0.00054433 -0.000539268 -0.000532809 -0.000526046 -0.000520715 -0.000513397 -0.000507351 -0.000501489 -0.000495326 -0.000490928 -0.000486265 -0.000480939 -0.000475957 -0.000470547 -0.000465323 -0.000459453 -0.000453131 -0.000448097 -0.000443596 -0.000439474 -0.000434401 -0.000429331 -0.000425407 -0.000421356 -0.000417708 -0.000412931 -0.000408567 -0.000404691 -0.000400443 -0.000396259 -0.000393917 -0.000391058 -0.000387356 -0.000383545 -0.000379886 -0.000376767 -0.000372689 -0.000368653 -0.000365515 -0.000362213 -0.000359239 -0.000356304 -0.000352956 -0.00035068 -0.000348268 -0.00034625 -0.000343623 -0.000341097 -0.000338715 -0.000336456 -0.000334034 -0.000332138 -0.000329713 -0.000327318 -0.000325518 -0.000323344 -0.000321298 -0.000319393 -0.000317466 -0.000315464 -0.000313299 -0.000311441 -0.000309267 -0.000306914 -0.000305249 -0.000303235 -0.000300256 -0.00029784 -0.000295548 -0.000293241 -0.000291271 -0.000289344 -0.000287781 -0.000286101 -0.000283674 -0.000281345 -0.000279156 -0.000276953 -0.000274385 -0.000271281 -0.000269153 -0.000267337 -0.000264874 -0.000262328 -0.000260454 -0.000257348 -0.000253965 -0.000251399 -0.000247549 -0.000243486 -0.0002405 -0.000237811 -0.000234215 -0.000231089 -0.000228948 -0.000225647 -0.000221349 -0.000216871 -0.000213546 -0.000209417 -0.000205735 -0.000201637 -0.00019805 -0.000193569 -0.000188758 -0.00018523 -0.000180657 -0.000176059 -0.000173077 -0.000168861 -0.000164859 -0.00016107 -0.000157948 -0.000153757 -0.000149035 -0.000145978 -0.000142832 -0.000139654 -0.000135766 -0.000132595 -0.000128592 -0.000124779 -0.000121072 -0.000117357 -0.000113559 -0.000108757 -0.0001055 -0.000103085 -9.91513e-05 -9.4923e-05 -9.14019e-05 -8.78873e-05 -8.34734e-05 -7.98988e-05 -7.67515e-05 -7.37549e-05 -7.0795e-05 -6.73128e-05 -6.37105e-05 -6.05854e-05 -5.72495e-05 -5.41498e-05 -5.07491e-05 -4.71321e-05 -4.43736e-05 -4.12245e-05 -3.85427e-05 -3.57511e-05 -3.23723e-05 -2.92932e-05 -2.7237e-05 -2.39154e-05 -2.1085e-05 -1.82613e-05 -1.54884e-05 -1.21877e-05 -9.13419e-06 -6.63524e-06 -3.75102e-06 1.35171e-07 
-0.000306654 -0.000909537 -0.00105626 -0.00103979 -0.00105533 -0.00104723 -0.00102548 -0.00100748 -0.000986371 -0.000976682 -0.000969621 -0.000966908 -0.000963383 -0.000959115 -0.000952291 -0.000943154 -0.000935995 -0.000928127 -0.0009203 -0.000914198 -0.000905413 -0.000895099 -0.000888118 -0.000876574 -0.000866986 -0.000859498 -0.000847942 -0.000837169 -0.000829052 -0.000821124 -0.000813972 -0.000807468 -0.000801377 -0.000794449 -0.00078758 -0.000783034 -0.000778574 -0.000774787 -0.000771946 -0.000768794 -0.000766032 -0.000763664 -0.000760973 -0.000757877 -0.000755211 -0.000752878 -0.000750708 -0.000747935 -0.000744887 -0.000742948 -0.000740547 -0.000738028 -0.000735 -0.000730855 -0.000726896 -0.000722902 -0.000719114 -0.000716152 -0.00071189 -0.000708046 -0.000703266 -0.000699218 -0.00069525 -0.00068853 -0.000683467 -0.00067901 -0.000674045 -0.000669472 -0.000664315 -0.000658132 -0.000653118 -0.000648064 -0.000642783 -0.000636708 -0.000630588 -0.000626287 -0.000619755 -0.000612949 -0.000608498 -0.000603335 -0.000598632 -0.000593887 -0.000588812 -0.000582996 -0.000577059 -0.000570734 -0.000564685 -0.000558797 -0.000554494 -0.000549847 -0.000545105 -0.000539317 -0.00053324 -0.000527187 -0.000521125 -0.000513427 -0.000506616 -0.000501653 -0.000496537 -0.000491217 -0.000486934 -0.000481845 -0.000475098 -0.000469794 -0.000464887 -0.000458547 -0.00045293 -0.000448526 -0.000443589 -0.000438945 -0.000434187 -0.000429681 -0.000425589 -0.000421838 -0.000417765 -0.00041299 -0.000409232 -0.000404859 -0.000400379 -0.000396113 -0.000393554 -0.000389946 -0.000386769 -0.000383509 -0.000379261 -0.000375668 -0.000372167 -0.000369042 -0.000365127 -0.000361777 -0.000359469 -0.000356349 -0.0003534 -0.000351586 -0.000349232 -0.000346317 -0.000343748 -0.000341793 -0.000339411 -0.000336513 -0.000333926 -0.000332104 -0.000329661 -0.000327703 -0.000325472 -0.000322886 -0.000321 -0.000319554 -0.00031734 -0.000315209 -0.000313317 -0.000311444 -0.000309463 -0.000307437 -0.000305806 -0.000303459 -0.000300797 -0.000298285 -0.000295973 -0.00029352 -0.000291302 -0.000289635 -0.000288182 -0.000286327 -0.000284203 -0.000281704 -0.000279253 -0.000276906 -0.00027425 -0.000271503 -0.000269603 -0.000267144 -0.000264456 -0.00026205 -0.00026015 -0.00025767 -0.00025453 -0.000251372 -0.000247065 -0.000243091 -0.000240229 -0.000236885 -0.000233739 -0.000230765 -0.000228506 -0.000225389 -0.000221629 -0.000217186 -0.000213786 -0.000209439 -0.000206049 -0.000202245 -0.000198511 -0.000194061 -0.000189301 -0.000184273 -0.000180223 -0.000176164 -0.000173274 -0.000169617 -0.000165999 -0.000162163 -0.000158565 -0.000154046 -0.000149153 -0.000146352 -0.000143135 -0.000139478 -0.000135689 -0.000132957 -0.000128523 -0.00012445 -0.000120544 -0.000116717 -0.000112856 -0.000108536 -0.000105394 -0.000102281 -9.83726e-05 -9.45066e-05 -9.13466e-05 -8.77379e-05 -8.35075e-05 -8.00174e-05 -7.68761e-05 -7.38684e-05 -7.06252e-05 -6.79113e-05 -6.42005e-05 -6.05664e-05 -5.66886e-05 -5.37961e-05 -5.07865e-05 -4.75325e-05 -4.4355e-05 -4.10279e-05 -3.76577e-05 -3.5103e-05 -3.23755e-05 -2.93397e-05 -2.7052e-05 -2.42734e-05 -2.12665e-05 -1.79408e-05 -1.50439e-05 -1.23276e-05 -9.84683e-06 -6.52563e-06 -2.45775e-06 9.42427e-07 
-0.000306654 -0.000927507 -0.00107878 -0.00105119 -0.00106613 -0.00105619 -0.00102984 -0.00100387 -0.000984245 -0.000973715 -0.000967107 -0.000963303 -0.000959923 -0.000956973 -0.000950487 -0.000942285 -0.000936243 -0.000927325 -0.000918965 -0.000911543 -0.000903204 -0.000893896 -0.000885982 -0.000874816 -0.000864671 -0.000857288 -0.000846639 -0.000837434 -0.000830687 -0.000822362 -0.000813723 -0.000807085 -0.00080155 -0.000794737 -0.000788813 -0.000783867 -0.000778742 -0.000774196 -0.000770885 -0.000768365 -0.000766052 -0.000763702 -0.000761464 -0.000758227 -0.000755701 -0.00075265 -0.000750245 -0.000748127 -0.000745781 -0.000743104 -0.000740433 -0.000737954 -0.000735111 -0.000730568 -0.000726054 -0.000722716 -0.000719254 -0.000715577 -0.000711569 -0.000708448 -0.000703876 -0.00069927 -0.000695525 -0.000689827 -0.000684971 -0.000680277 -0.000674838 -0.000669245 -0.000664287 -0.000658101 -0.000652098 -0.000646733 -0.000642537 -0.00063717 -0.000630402 -0.000625335 -0.000620092 -0.000614773 -0.000609049 -0.000603864 -0.000598559 -0.000594071 -0.000590186 -0.000583789 -0.000576497 -0.000569928 -0.00056454 -0.000558248 -0.000553106 -0.000549188 -0.000545053 -0.000539927 -0.000534083 -0.000527429 -0.00052064 -0.000514131 -0.000507533 -0.000502466 -0.000497371 -0.000490847 -0.000485664 -0.000481421 -0.000475676 -0.000471002 -0.000464701 -0.000457835 -0.00045336 -0.000448182 -0.00044273 -0.00043855 -0.000435051 -0.000430612 -0.0004267 -0.000421581 -0.000417232 -0.000413297 -0.000408998 -0.000404142 -0.000400549 -0.000397161 -0.00039379 -0.000389275 -0.000385557 -0.000382934 -0.000378815 -0.000374871 -0.00037159 -0.000369009 -0.000365221 -0.000362397 -0.000359903 -0.000356619 -0.000353753 -0.00035171 -0.000349371 -0.00034671 -0.000343997 -0.000341834 -0.000339066 -0.000336508 -0.000334287 -0.000331763 -0.000329165 -0.000327365 -0.000325242 -0.000323057 -0.000321392 -0.000319684 -0.000317361 -0.00031521 -0.000313284 -0.000311098 -0.000309281 -0.000307616 -0.000305866 -0.000303422 -0.000300804 -0.000298564 -0.000295555 -0.000293454 -0.000292069 -0.000290398 -0.000288207 -0.000286234 -0.000284555 -0.000282269 -0.000279582 -0.000276826 -0.000273924 -0.000271323 -0.000269498 -0.000266831 -0.000264422 -0.000262376 -0.000260248 -0.00025772 -0.000254446 -0.000250881 -0.000247399 -0.000244069 -0.000240483 -0.000236607 -0.000233863 -0.000230934 -0.000227748 -0.000224323 -0.000221378 -0.000217097 -0.000213608 -0.000210148 -0.000206935 -0.000203237 -0.000199131 -0.000193837 -0.000189326 -0.000184216 -0.000180884 -0.000176933 -0.000173279 -0.00017022 -0.000167205 -0.00016291 -0.00015816 -0.000154022 -0.00014938 -0.000146258 -0.000142574 -0.000139596 -0.00013586 -0.000132627 -0.000128783 -0.000125446 -0.000121582 -0.000117256 -0.000113243 -0.00010946 -0.000105489 -0.000101238 -9.78912e-05 -9.49713e-05 -9.09734e-05 -8.68385e-05 -8.30638e-05 -8.00794e-05 -7.66744e-05 -7.36133e-05 -7.09272e-05 -6.78444e-05 -6.3837e-05 -6.05107e-05 -5.703e-05 -5.39345e-05 -5.11775e-05 -4.76586e-05 -4.38672e-05 -4.07983e-05 -3.74789e-05 -3.46161e-05 -3.18498e-05 -2.84631e-05 -2.59183e-05 -2.31863e-05 -2.0837e-05 -1.83574e-05 -1.52045e-05 -1.2229e-05 -9.66379e-06 -6.47774e-06 -3.66797e-06 -8.1105e-07 
-0.000302665 -0.000921864 -0.00107609 -0.00104791 -0.00107045 -0.00106615 -0.00103628 -0.00100606 -0.000980962 -0.000971038 -0.000964178 -0.000960559 -0.000957952 -0.000954539 -0.000948263 -0.000941975 -0.000935019 -0.000926278 -0.00091898 -0.00091069 -0.000902713 -0.000893224 -0.000885054 -0.000874398 -0.000863298 -0.000853119 -0.000845228 -0.000837376 -0.000829168 -0.000821684 -0.000815171 -0.000808588 -0.000802067 -0.00079547 -0.000789107 -0.000783368 -0.000778635 -0.000774349 -0.000770812 -0.00076841 -0.000766059 -0.000763483 -0.000761038 -0.00075813 -0.000755936 -0.00075304 -0.000750128 -0.000748291 -0.00074628 -0.000743599 -0.00074092 -0.000738052 -0.000734588 -0.000730503 -0.000726349 -0.000723311 -0.000719532 -0.000715485 -0.000711925 -0.000708724 -0.000704609 -0.000699753 -0.00069448 -0.000689704 -0.000685568 -0.000680643 -0.000675113 -0.000670081 -0.000664783 -0.000658174 -0.000652929 -0.000647158 -0.000641799 -0.00063695 -0.000630179 -0.000624642 -0.000619444 -0.000614551 -0.00060882 -0.000603761 -0.000599312 -0.000594791 -0.000590127 -0.000584283 -0.00057807 -0.000571056 -0.000564491 -0.000558369 -0.00055279 -0.000547396 -0.00054338 -0.000538861 -0.000533424 -0.000528174 -0.000520796 -0.000514392 -0.000507608 -0.00050166 -0.000496527 -0.000491482 -0.000486238 -0.00048188 -0.000476427 -0.0004708 -0.000464287 -0.000457496 -0.000453125 -0.000446897 -0.000442235 -0.000438551 -0.000434289 -0.000429734 -0.000426146 -0.000421955 -0.000418225 -0.000414323 -0.000409892 -0.000404546 -0.000400318 -0.000396563 -0.000393349 -0.000389785 -0.000385908 -0.000382509 -0.00037886 -0.000374874 -0.000371227 -0.000368673 -0.000365297 -0.000362365 -0.000359838 -0.000357312 -0.000354773 -0.000351819 -0.000349315 -0.000346954 -0.000344455 -0.000341976 -0.000338805 -0.000336586 -0.000334368 -0.000331488 -0.000328789 -0.000327012 -0.000324804 -0.000323279 -0.000321244 -0.000319159 -0.000317321 -0.000315784 -0.00031349 -0.000310846 -0.000309514 -0.000307569 -0.000305316 -0.000303376 -0.000300951 -0.000298452 -0.000295696 -0.000293686 -0.000292291 -0.0002906 -0.000288368 -0.00028619 -0.000284528 -0.000282579 -0.000280178 -0.000277459 -0.000274821 -0.000271587 -0.000269176 -0.000266654 -0.000264836 -0.000262787 -0.000259872 -0.000257041 -0.000254478 -0.000250772 -0.000247776 -0.000244285 -0.00024059 -0.000237201 -0.000234258 -0.000231317 -0.000227426 -0.000223903 -0.000221169 -0.000216689 -0.000212734 -0.000209827 -0.000206284 -0.000202486 -0.000198636 -0.000193968 -0.000190456 -0.000185425 -0.000181102 -0.000177791 -0.000173716 -0.000169996 -0.000167125 -0.000163038 -0.000158061 -0.000154601 -0.00015014 -0.00014573 -0.000142337 -0.00013955 -0.000135659 -0.000132199 -0.000128682 -0.000125915 -0.000122438 -0.000116955 -0.000112814 -0.000108533 -0.000105128 -0.000101532 -9.85966e-05 -9.53468e-05 -9.08674e-05 -8.6833e-05 -8.33526e-05 -8.03072e-05 -7.64738e-05 -7.2859e-05 -7.0262e-05 -6.73718e-05 -6.3558e-05 -6.08177e-05 -5.72609e-05 -5.3299e-05 -5.0583e-05 -4.73822e-05 -4.37781e-05 -4.06469e-05 -3.68453e-05 -3.37448e-05 -3.09725e-05 -2.87134e-05 -2.59922e-05 -2.3246e-05 -2.05652e-05 -1.85865e-05 -1.55335e-05 -1.23759e-05 -9.50732e-06 -6.76829e-06 -3.80733e-06 2.62277e-07 
-0.000302665 -0.000926944 -0.00108388 -0.00105373 -0.00107111 -0.0010598 -0.0010323 -0.0010023 -0.000979406 -0.000968365 -0.000960782 -0.000957773 -0.000955552 -0.000952044 -0.000947394 -0.000941554 -0.000932897 -0.000924316 -0.000918053 -0.000909911 -0.000901479 -0.000890654 -0.000881466 -0.000870958 -0.000862638 -0.000853373 -0.000845568 -0.000837484 -0.000827095 -0.000820038 -0.000814043 -0.00080779 -0.00080205 -0.000796363 -0.000790111 -0.000783637 -0.000778235 -0.000774097 -0.000770818 -0.000768378 -0.000766132 -0.000763543 -0.000760993 -0.000758163 -0.000756083 -0.000753323 -0.000750218 -0.000747786 -0.000745726 -0.000744065 -0.000741689 -0.000738402 -0.000734118 -0.000730202 -0.000726532 -0.00072301 -0.000720231 -0.000716765 -0.000713213 -0.000708823 -0.000704274 -0.000699957 -0.000695249 -0.000690379 -0.000685941 -0.000680945 -0.000676536 -0.000671855 -0.000665717 -0.000658279 -0.000653819 -0.000647695 -0.000641479 -0.000637469 -0.000630877 -0.000625435 -0.000619988 -0.000613896 -0.0006087 -0.000604113 -0.000599852 -0.000595165 -0.000589582 -0.000585359 -0.000579324 -0.000571237 -0.00056374 -0.000557114 -0.000552712 -0.000547905 -0.000543748 -0.000539208 -0.000533395 -0.000527771 -0.000519903 -0.000513315 -0.000506649 -0.000501327 -0.000496354 -0.000492514 -0.000487271 -0.000482734 -0.000476159 -0.000469676 -0.000464202 -0.000458292 -0.000452835 -0.00044692 -0.000442739 -0.000438711 -0.000433788 -0.000429516 -0.000426127 -0.000422176 -0.000418498 -0.000414154 -0.000409675 -0.000405427 -0.000401187 -0.000396719 -0.000393386 -0.000390158 -0.00038603 -0.000381597 -0.000378172 -0.000375202 -0.000371421 -0.000368666 -0.000365361 -0.000362353 -0.000359784 -0.00035727 -0.000354754 -0.00035197 -0.000349325 -0.000346358 -0.000343847 -0.000341247 -0.000338845 -0.000336424 -0.000333902 -0.000331267 -0.000328875 -0.000326922 -0.000324912 -0.000323246 -0.000321108 -0.000319043 -0.000317275 -0.000315612 -0.000313325 -0.000310771 -0.000309332 -0.000307306 -0.000305318 -0.000303601 -0.000300859 -0.000298163 -0.000296085 -0.000294041 -0.000292055 -0.000290262 -0.000288496 -0.000286901 -0.000285066 -0.000282453 -0.00027973 -0.000277364 -0.000275041 -0.000272247 -0.000269414 -0.00026684 -0.000264522 -0.000262354 -0.000259681 -0.000257066 -0.000254768 -0.000251603 -0.000247896 -0.000244514 -0.000241033 -0.00023745 -0.000233614 -0.000230937 -0.000227331 -0.000223611 -0.000220982 -0.000216655 -0.000212553 -0.000209592 -0.0002056 -0.000201815 -0.000198675 -0.000194603 -0.00019101 -0.000185808 -0.000180894 -0.000177501 -0.000174091 -0.000170602 -0.000166973 -0.000163725 -0.000158833 -0.000154436 -0.000150481 -0.000145778 -0.000142339 -0.000139422 -0.000135564 -0.000132243 -0.000128595 -0.000125336 -0.00012173 -0.000117693 -0.000113996 -0.00010978 -0.00010549 -0.000101828 -9.80655e-05 -9.45985e-05 -9.11188e-05 -8.77483e-05 -8.36295e-05 -7.95656e-05 -7.62399e-05 -7.30347e-05 -7.02003e-05 -6.70747e-05 -6.31551e-05 -6.00856e-05 -5.68522e-05 -5.33652e-05 -5.05669e-05 -4.7507e-05 -4.42788e-05 -4.0312e-05 -3.65291e-05 -3.39016e-05 -3.12879e-05 -2.86385e-05 -2.56342e-05 -2.31346e-05 -2.04004e-05 -1.84025e-05 -1.59379e-05 -1.28406e-05 -9.47307e-06 -6.62195e-06 -3.76529e-06 5.27314e-07 
-0.000302665 -0.000905662 -0.00107119 -0.0010414 -0.00105546 -0.0010491 -0.00102299 -0.000993887 -0.000973108 -0.000962635 -0.000956407 -0.00095429 -0.00095285 -0.000949377 -0.000944685 -0.000939517 -0.000931385 -0.000923591 -0.000916251 -0.000906976 -0.000900417 -0.000890095 -0.000879284 -0.000870222 -0.000862053 -0.000853243 -0.000843355 -0.000835501 -0.000826565 -0.000821062 -0.000813942 -0.000806655 -0.000801398 -0.00079574 -0.000789914 -0.000784212 -0.00077835 -0.0007733 -0.000770046 -0.000767961 -0.000765968 -0.000763742 -0.000761253 -0.000757913 -0.000755521 -0.000753008 -0.000750154 -0.000748072 -0.000745716 -0.000743661 -0.000741498 -0.000738909 -0.000735193 -0.000731413 -0.000727289 -0.000723469 -0.000720168 -0.000717098 -0.00071392 -0.000708586 -0.000704134 -0.000700344 -0.000695633 -0.00069095 -0.00068562 -0.000681251 -0.000676905 -0.000672428 -0.000665846 -0.00065931 -0.000655 -0.000648381 -0.000641717 -0.000637846 -0.000631555 -0.000625998 -0.000620097 -0.000614376 -0.000609557 -0.000604481 -0.000599329 -0.000594919 -0.000590175 -0.000585898 -0.000579916 -0.000572129 -0.000565398 -0.000559133 -0.000552651 -0.000548115 -0.00054304 -0.000538481 -0.000533157 -0.000527112 -0.000519423 -0.000513668 -0.000508232 -0.000502201 -0.00049645 -0.000492563 -0.000487936 -0.000482543 -0.000476899 -0.000470256 -0.000465067 -0.000458799 -0.000452034 -0.000446503 -0.000442786 -0.000437769 -0.000433545 -0.000430423 -0.000426727 -0.000422151 -0.000418562 -0.00041358 -0.000409342 -0.000405732 -0.000401441 -0.00039784 -0.000393595 -0.000389451 -0.000385911 -0.00038175 -0.000378662 -0.000375237 -0.000371537 -0.000368105 -0.000365394 -0.000362737 -0.000360151 -0.00035719 -0.000354002 -0.000351099 -0.000349123 -0.000346201 -0.000343817 -0.000341326 -0.00033872 -0.00033597 -0.000333164 -0.000330831 -0.000328689 -0.000326567 -0.000324701 -0.000323343 -0.000321436 -0.000319874 -0.000317555 -0.000315168 -0.000313308 -0.000310961 -0.000309011 -0.000306934 -0.000305152 -0.00030332 -0.000300924 -0.000298327 -0.000296571 -0.000294506 -0.000291951 -0.000289981 -0.000288418 -0.000286673 -0.000284703 -0.000282646 -0.000280372 -0.000277648 -0.000275069 -0.000272648 -0.000269924 -0.000267479 -0.000264547 -0.000261984 -0.000259539 -0.000256964 -0.000254791 -0.000251271 -0.000247896 -0.000244991 -0.000242303 -0.000238483 -0.000234253 -0.000231304 -0.000227538 -0.000223348 -0.000220676 -0.000216554 -0.000212435 -0.000208725 -0.000204933 -0.000202168 -0.000198456 -0.000193837 -0.000190402 -0.000185971 -0.000181501 -0.000177701 -0.000173892 -0.000171017 -0.000167392 -0.000163599 -0.000158637 -0.000153498 -0.000149899 -0.000146638 -0.000143148 -0.000139393 -0.000135169 -0.00013192 -0.00012886 -0.000125742 -0.000121608 -0.000117879 -0.000114422 -0.000110476 -0.000106588 -0.000102998 -9.82088e-05 -9.42932e-05 -9.07625e-05 -8.77021e-05 -8.3994e-05 -7.97384e-05 -7.60793e-05 -7.31786e-05 -6.9836e-05 -6.62008e-05 -6.27499e-05 -5.97159e-05 -5.6682e-05 -5.39386e-05 -5.04585e-05 -4.68893e-05 -4.38533e-05 -3.97341e-05 -3.61102e-05 -3.36632e-05 -3.08256e-05 -2.83002e-05 -2.58052e-05 -2.3651e-05 -2.08034e-05 -1.8021e-05 -1.54525e-05 -1.29076e-05 -9.79458e-06 -6.45832e-06 -3.37844e-06 8.01941e-07 
-0.000312199 -0.000874293 -0.0010448 -0.00103236 -0.00104896 -0.00103996 -0.00102092 -0.000995153 -0.000969711 -0.000956024 -0.000952453 -0.000950088 -0.000949431 -0.00094649 -0.000942188 -0.000936661 -0.000929797 -0.000923523 -0.000914605 -0.000904898 -0.000899296 -0.000889956 -0.000878796 -0.000869093 -0.000861348 -0.000852783 -0.000842852 -0.00083629 -0.000827533 -0.000821059 -0.000814222 -0.000807814 -0.000801836 -0.000794482 -0.000788661 -0.000783358 -0.000777408 -0.000773539 -0.000770344 -0.00076743 -0.000765165 -0.000763326 -0.000761289 -0.00075861 -0.000755846 -0.000753056 -0.000749968 -0.000747854 -0.000745705 -0.000743617 -0.000741774 -0.000739283 -0.000735806 -0.000731945 -0.000727805 -0.000724715 -0.000720705 -0.000717085 -0.000713845 -0.000709114 -0.000705298 -0.000699922 -0.000694502 -0.000690219 -0.000686027 -0.000682276 -0.000677745 -0.000672416 -0.000666672 -0.000660496 -0.000655678 -0.000649585 -0.000643043 -0.000638653 -0.000631705 -0.000625765 -0.000620462 -0.000615673 -0.000610244 -0.000604343 -0.000599584 -0.000595651 -0.00059075 -0.000585443 -0.000579203 -0.000572679 -0.000567514 -0.000560393 -0.000553456 -0.00054843 -0.000543701 -0.000539216 -0.000533728 -0.000526747 -0.000518656 -0.000513063 -0.000506744 -0.000501627 -0.000496938 -0.000492938 -0.000487963 -0.000482759 -0.000478077 -0.000471882 -0.000465113 -0.000458388 -0.000452825 -0.000447922 -0.000442827 -0.000437584 -0.000433429 -0.0004305 -0.000426255 -0.000421831 -0.000419135 -0.000414616 -0.000410681 -0.000406513 -0.000401615 -0.000398185 -0.000393562 -0.000389499 -0.000386103 -0.000382351 -0.000378664 -0.000375241 -0.000371845 -0.000368871 -0.000365684 -0.000362301 -0.000359193 -0.000356719 -0.000353581 -0.000350773 -0.000348826 -0.000345969 -0.000343567 -0.000340808 -0.000338084 -0.000335773 -0.000333051 -0.000330793 -0.000328521 -0.000326544 -0.000324971 -0.000323232 -0.000321652 -0.000320163 -0.000318043 -0.000315334 -0.000313487 -0.000310958 -0.000308655 -0.000306719 -0.000304842 -0.000302963 -0.000301023 -0.00029841 -0.000296118 -0.000294311 -0.000292061 -0.000290629 -0.000288601 -0.000286247 -0.000284444 -0.000282415 -0.000280172 -0.000277484 -0.000274829 -0.000272024 -0.000269653 -0.000267775 -0.000264838 -0.000262274 -0.00025948 -0.00025635 -0.000253982 -0.000251017 -0.000248099 -0.000245441 -0.000242186 -0.000238911 -0.000235168 -0.000231718 -0.000227447 -0.000223431 -0.000219659 -0.000215596 -0.000212391 -0.000208045 -0.000204289 -0.000201447 -0.000197501 -0.000193802 -0.000190065 -0.000186388 -0.000182345 -0.000177719 -0.000173635 -0.000170702 -0.000166663 -0.000162648 -0.000158588 -0.000153991 -0.000150369 -0.000146353 -0.000142738 -0.000139373 -0.00013581 -0.00013222 -0.00012844 -0.000125658 -0.000122268 -0.000118552 -0.000114211 -0.000109537 -0.000106074 -0.000102896 -9.88089e-05 -9.53924e-05 -9.07761e-05 -8.70683e-05 -8.38753e-05 -7.98136e-05 -7.58708e-05 -7.20192e-05 -6.85373e-05 -6.5726e-05 -6.30654e-05 -5.90596e-05 -5.5912e-05 -5.31004e-05 -4.98566e-05 -4.65673e-05 -4.35351e-05 -3.9784e-05 -3.70093e-05 -3.42806e-05 -3.09759e-05 -2.86907e-05 -2.63112e-05 -2.40038e-05 -2.1194e-05 -1.79721e-05 -1.51325e-05 -1.25746e-05 -9.8767e-06 -6.74628e-06 -3.48832e-06 -5.37328e-07 
-0.000454105 -0.000881245 -0.000988771 -0.0010187 -0.00103899 -0.00103115 -0.00101391 -0.000988586 -0.000967545 -0.000954388 -0.000947709 -0.00094588 -0.000946045 -0.000943843 -0.000940094 -0.00093364 -0.000927373 -0.00092109 -0.000912129 -0.000904104 -0.00089595 -0.000886291 -0.000878172 -0.000869489 -0.000860552 -0.000851441 -0.000843127 -0.000837404 -0.000828483 -0.000820207 -0.00081343 -0.000808353 -0.000801645 -0.000794662 -0.000789226 -0.000782854 -0.000776794 -0.00077304 -0.000770264 -0.000767701 -0.000765555 -0.000763317 -0.00076103 -0.000758424 -0.00075551 -0.000752963 -0.000750041 -0.000747928 -0.000745729 -0.000743676 -0.000741237 -0.000739007 -0.000736206 -0.000731943 -0.00072778 -0.00072469 -0.000721047 -0.000717826 -0.000713616 -0.000708834 -0.000705412 -0.000699818 -0.000694226 -0.000690395 -0.000686112 -0.000681188 -0.00067693 -0.000672806 -0.000667775 -0.000661347 -0.000655438 -0.000650617 -0.000644318 -0.000639005 -0.000632675 -0.000626624 -0.000621643 -0.000616081 -0.000610009 -0.000604572 -0.000600048 -0.000595765 -0.000590094 -0.000584842 -0.000579513 -0.000573938 -0.000568422 -0.000561804 -0.000555628 -0.000550605 -0.000545489 -0.000538899 -0.000532743 -0.000526975 -0.000520454 -0.000514209 -0.000506673 -0.000501663 -0.000497718 -0.000492359 -0.000487457 -0.000482657 -0.00047796 -0.000471547 -0.000464687 -0.000458685 -0.000454266 -0.000449043 -0.000443168 -0.000438584 -0.000434482 -0.000430699 -0.000426014 -0.000421855 -0.000419093 -0.000414628 -0.000410486 -0.000406713 -0.000402077 -0.000397998 -0.000393437 -0.000389656 -0.000385798 -0.000381944 -0.000378569 -0.000374998 -0.000371927 -0.000368954 -0.000365789 -0.000362506 -0.000359495 -0.000356443 -0.000353622 -0.000350497 -0.00034831 -0.000345338 -0.000342942 -0.000340663 -0.000338185 -0.000335701 -0.000332993 -0.000330585 -0.000328553 -0.000326892 -0.000325353 -0.000323275 -0.0003214 -0.0003199 -0.000317967 -0.000315614 -0.000313394 -0.000310878 -0.000308967 -0.00030726 -0.000305058 -0.00030277 -0.000301192 -0.000298717 -0.000296305 -0.000294106 -0.000291856 -0.000290353 -0.000288539 -0.000286485 -0.000284606 -0.000281797 -0.000279102 -0.00027666 -0.000274548 -0.000272073 -0.000269652 -0.000267206 -0.000264065 -0.000261516 -0.000258896 -0.000255965 -0.000253515 -0.000251133 -0.00024886 -0.000245932 -0.000241964 -0.000238798 -0.000235109 -0.000230795 -0.000227331 -0.000223956 -0.000219542 -0.000215159 -0.000212161 -0.000207813 -0.000203497 -0.000200168 -0.000196548 -0.000193688 -0.000189487 -0.000185329 -0.000181356 -0.00017719 -0.000173839 -0.00017052 -0.000166189 -0.000162272 -0.000159168 -0.000155049 -0.000151508 -0.000146624 -0.000142881 -0.000139576 -0.000136324 -0.000132358 -0.000127864 -0.000124878 -0.00012176 -0.000118408 -0.000114531 -0.000110208 -0.000107026 -0.000103007 -9.83787e-05 -9.52288e-05 -9.12176e-05 -8.71155e-05 -8.3761e-05 -8.02388e-05 -7.63933e-05 -7.22786e-05 -6.81936e-05 -6.52814e-05 -6.27134e-05 -5.91481e-05 -5.59803e-05 -5.30154e-05 -4.97453e-05 -4.67825e-05 -4.32511e-05 -3.9538e-05 -3.69021e-05 -3.4384e-05 -3.1908e-05 -2.97282e-05 -2.68973e-05 -2.37376e-05 -2.10657e-05 -1.8647e-05 -1.58007e-05 -1.27202e-05 -1.021e-05 -7.1658e-06 -2.89916e-06 8.12736e-07 
-0.000484242 -0.000865994 -0.000953227 -0.00101624 -0.00104212 -0.00102968 -0.00100579 -0.000982406 -0.000966425 -0.000951629 -0.000944205 -0.000943168 -0.00094263 -0.000940809 -0.000937896 -0.000932308 -0.000926982 -0.000919869 -0.000911751 -0.000903735 -0.000893856 -0.000884076 -0.000875985 -0.000868391 -0.000859977 -0.000852047 -0.000844042 -0.000837675 -0.000828728 -0.000820446 -0.000813592 -0.0008078 -0.000799758 -0.000794063 -0.000788411 -0.000781779 -0.000776985 -0.000773267 -0.000770295 -0.000768008 -0.000765885 -0.000762786 -0.00076051 -0.000758303 -0.000755641 -0.000753154 -0.000750441 -0.000747655 -0.000745585 -0.000743926 -0.00074188 -0.000739132 -0.000736534 -0.000732436 -0.000727795 -0.000724368 -0.000720776 -0.00071785 -0.00071365 -0.000708806 -0.000704929 -0.000699903 -0.000695464 -0.000690626 -0.000685344 -0.000681358 -0.000677243 -0.000672813 -0.000668064 -0.000662502 -0.000656628 -0.000651603 -0.000645054 -0.000638805 -0.000633529 -0.000628015 -0.000622523 -0.000616005 -0.000610631 -0.000606288 -0.000600608 -0.000594868 -0.000590552 -0.00058488 -0.000580655 -0.000575229 -0.000568286 -0.000562698 -0.000557606 -0.000551967 -0.000545957 -0.000539707 -0.000532935 -0.000527056 -0.000520584 -0.000514116 -0.000508323 -0.00050235 -0.000497263 -0.000492462 -0.000487769 -0.00048299 -0.000477133 -0.000470607 -0.000464576 -0.000459492 -0.000454632 -0.0004495 -0.000444083 -0.000440055 -0.000434943 -0.000430176 -0.000426524 -0.00042227 -0.000418921 -0.000414385 -0.000410414 -0.000406825 -0.000402659 -0.000397631 -0.000392784 -0.000389229 -0.00038537 -0.00038214 -0.000379049 -0.000375249 -0.000371733 -0.000368802 -0.000365691 -0.000362948 -0.000359517 -0.000356152 -0.000353339 -0.000350507 -0.000347996 -0.000345586 -0.000343112 -0.00034073 -0.000337974 -0.000335132 -0.000332831 -0.000330658 -0.000328553 -0.000326533 -0.000324939 -0.000323385 -0.00032181 -0.000319864 -0.000318176 -0.000316037 -0.000313275 -0.000310744 -0.000308744 -0.000306963 -0.000305146 -0.000303034 -0.000301118 -0.00029882 -0.000296738 -0.000294285 -0.000291653 -0.000289983 -0.000288119 -0.000286262 -0.000284257 -0.000281529 -0.000278934 -0.000276472 -0.000274095 -0.000271813 -0.000269545 -0.000266927 -0.000263798 -0.00026112 -0.000258656 -0.000256236 -0.000253444 -0.00025076 -0.000248389 -0.0002456 -0.000242368 -0.000239392 -0.000235238 -0.000230789 -0.000227053 -0.00022361 -0.00021976 -0.000215102 -0.000211511 -0.000207516 -0.000203661 -0.000199537 -0.0001957 -0.000192477 -0.000188853 -0.000184983 -0.000180849 -0.000176778 -0.000172831 -0.000169176 -0.000166017 -0.000162387 -0.000158376 -0.000154319 -0.000150966 -0.000147601 -0.000144384 -0.000140089 -0.000135692 -0.000132214 -0.000128492 -0.000125076 -0.000121548 -0.000117686 -0.000114337 -0.000110636 -0.000107046 -0.000102801 -9.81951e-05 -9.48808e-05 -9.13194e-05 -8.77733e-05 -8.32663e-05 -7.96798e-05 -7.62502e-05 -7.21205e-05 -6.8921e-05 -6.51676e-05 -6.1549e-05 -5.86558e-05 -5.5726e-05 -5.2261e-05 -4.91488e-05 -4.63986e-05 -4.28507e-05 -4.00292e-05 -3.70449e-05 -3.41876e-05 -3.23054e-05 -3.00294e-05 -2.71172e-05 -2.41918e-05 -2.15459e-05 -1.88249e-05 -1.62629e-05 -1.25607e-05 -9.8786e-06 -7.55684e-06 -3.91554e-06 3.71259e-07 
-0.000433701 -0.000878659 -0.000995055 -0.00101719 -0.0010332 -0.0010328 -0.00100808 -0.000982135 -0.000967292 -0.000952279 -0.00094375 -0.000940341 -0.000939612 -0.000938053 -0.000934697 -0.000930383 -0.000925155 -0.00091682 -0.000909014 -0.000902095 -0.000892235 -0.000884731 -0.000875787 -0.000866423 -0.000859375 -0.000851605 -0.000842234 -0.000834733 -0.000827685 -0.000820708 -0.000814733 -0.000807701 -0.0007998 -0.000793813 -0.000787638 -0.000780909 -0.000777087 -0.000773158 -0.000769806 -0.000767214 -0.000765357 -0.000762726 -0.000760583 -0.000758365 -0.000755654 -0.000753051 -0.000750602 -0.000748151 -0.000746055 -0.000744192 -0.000742142 -0.000738955 -0.000735861 -0.000732377 -0.000728706 -0.000725163 -0.000720634 -0.00071701 -0.000713814 -0.000710153 -0.000705179 -0.000700075 -0.00069625 -0.00069052 -0.000685071 -0.000681805 -0.0006772 -0.000671415 -0.000666855 -0.000662961 -0.000657032 -0.000651316 -0.000645872 -0.000640236 -0.000634287 -0.000628139 -0.000622615 -0.000616855 -0.000611937 -0.000606957 -0.000601395 -0.000595445 -0.000591231 -0.000585086 -0.00057918 -0.000574558 -0.00056914 -0.000564324 -0.000559517 -0.000552921 -0.000546106 -0.000541074 -0.000534927 -0.000528789 -0.000520696 -0.000514003 -0.000509826 -0.000502617 -0.000496148 -0.00049182 -0.000486872 -0.000481424 -0.000476522 -0.000470364 -0.000465355 -0.000460194 -0.000454361 -0.000449749 -0.000445307 -0.000440613 -0.000435161 -0.000430263 -0.000426485 -0.000421798 -0.000417572 -0.000413917 -0.000410212 -0.000405858 -0.000401484 -0.000397057 -0.000393194 -0.000388839 -0.00038424 -0.000381267 -0.000378414 -0.000374986 -0.000372644 -0.00036909 -0.000365343 -0.000362692 -0.000359682 -0.000356239 -0.000353818 -0.00035089 -0.000347713 -0.000345568 -0.000342961 -0.000340238 -0.000337788 -0.000335096 -0.000332943 -0.000330996 -0.000328514 -0.000326494 -0.000324826 -0.000323195 -0.000321614 -0.000319437 -0.000317565 -0.000315744 -0.000313384 -0.000311282 -0.0003088 -0.000306858 -0.000305238 -0.000303294 -0.000301086 -0.000298776 -0.000296471 -0.000293946 -0.000291923 -0.000290089 -0.000287896 -0.000285668 -0.000283621 -0.000281066 -0.000278787 -0.000276109 -0.000273314 -0.000271148 -0.000269275 -0.000266675 -0.000264033 -0.000260651 -0.000257929 -0.000255416 -0.000253413 -0.000251281 -0.000248332 -0.000244656 -0.00024196 -0.000238637 -0.000234605 -0.000231115 -0.000227059 -0.000222926 -0.000219539 -0.000215229 -0.000211059 -0.000206734 -0.000203453 -0.000199614 -0.000195785 -0.000191829 -0.00018812 -0.00018452 -0.000180425 -0.000176835 -0.00017282 -0.000168545 -0.000165573 -0.000162469 -0.000157702 -0.000153877 -0.000150959 -0.000147889 -0.000144785 -0.000140923 -0.000136294 -0.000132509 -0.00012918 -0.000125536 -0.000121335 -0.000117215 -0.000114788 -0.000110298 -0.000106044 -0.000102733 -9.91897e-05 -9.47811e-05 -9.04254e-05 -8.73904e-05 -8.37077e-05 -8.04338e-05 -7.61439e-05 -7.1847e-05 -6.89668e-05 -6.50559e-05 -6.13266e-05 -5.88089e-05 -5.53973e-05 -5.18379e-05 -4.93436e-05 -4.61704e-05 -4.24857e-05 -4.02392e-05 -3.72436e-05 -3.45455e-05 -3.27632e-05 -3.00884e-05 -2.72959e-05 -2.49341e-05 -2.17067e-05 -1.83223e-05 -1.60239e-05 -1.30986e-05 -1.03785e-05 -8.16448e-06 -4.40852e-06 1.16964e-06 
-0.000312013 -0.000883168 -0.00104774 -0.00102953 -0.00103857 -0.00103767 -0.00101547 -0.000985753 -0.000963844 -0.000950877 -0.000944427 -0.00094007 -0.00093781 -0.000936291 -0.000933001 -0.000929128 -0.000923113 -0.000915584 -0.000908595 -0.000899795 -0.000890256 -0.000884808 -0.000876502 -0.000866103 -0.000860197 -0.000851267 -0.00084194 -0.000835837 -0.000826972 -0.000818406 -0.00081123 -0.000804942 -0.000798241 -0.00079294 -0.000786069 -0.000780638 -0.000777074 -0.000773448 -0.000770435 -0.000767339 -0.000765651 -0.000762892 -0.000760127 -0.000757937 -0.000755518 -0.00075319 -0.000751303 -0.000749099 -0.000746611 -0.000744163 -0.000742047 -0.000739637 -0.000735976 -0.000732198 -0.000728941 -0.000724972 -0.000721151 -0.000717388 -0.000713975 -0.000710341 -0.000705766 -0.000700976 -0.000696362 -0.000690101 -0.000685215 -0.000681329 -0.000676491 -0.000671569 -0.000667136 -0.000663048 -0.000657236 -0.000650772 -0.000646325 -0.000640679 -0.000634015 -0.000628539 -0.000624012 -0.000618701 -0.000612743 -0.000606557 -0.000601702 -0.000596515 -0.000592275 -0.000586549 -0.00057968 -0.000574314 -0.000570101 -0.000564942 -0.000559487 -0.000553781 -0.000547253 -0.000542014 -0.000535205 -0.000528474 -0.000521798 -0.000515488 -0.000510189 -0.000503201 -0.000496295 -0.000491827 -0.000486291 -0.000480997 -0.00047594 -0.000469788 -0.00046415 -0.000459303 -0.000454725 -0.000450985 -0.000445496 -0.000440419 -0.000435656 -0.000430459 -0.000426017 -0.000421696 -0.000417023 -0.000412762 -0.000409547 -0.000405248 -0.000400785 -0.000396412 -0.000393001 -0.000388574 -0.000384641 -0.000381696 -0.000378567 -0.000375141 -0.000372231 -0.000369317 -0.000365905 -0.000363418 -0.000360423 -0.00035669 -0.000353608 -0.000350717 -0.000347786 -0.000345267 -0.000342521 -0.000340044 -0.000337839 -0.000335001 -0.000332527 -0.000330429 -0.000328749 -0.000326935 -0.000324733 -0.000322578 -0.000321228 -0.000319523 -0.000317743 -0.000315793 -0.000313305 -0.000311379 -0.000309196 -0.000307059 -0.000305 -0.000303193 -0.000301119 -0.00029887 -0.000296326 -0.000293621 -0.000291557 -0.000289682 -0.000288079 -0.000286203 -0.000283728 -0.000281173 -0.000278377 -0.000275735 -0.000273425 -0.00027125 -0.000268736 -0.0002661 -0.000264104 -0.000260914 -0.000258116 -0.000255462 -0.000253422 -0.00025153 -0.000248258 -0.00024502 -0.00024163 -0.000237685 -0.000233676 -0.000230651 -0.000226701 -0.0002229 -0.000219719 -0.000215709 -0.000211565 -0.000207388 -0.000202945 -0.000198843 -0.000196076 -0.000192235 -0.000188331 -0.000184713 -0.000180181 -0.000176601 -0.000172839 -0.000168131 -0.000164262 -0.000161168 -0.000157346 -0.000154277 -0.000150673 -0.000147055 -0.000144024 -0.00014119 -0.000136725 -0.000132104 -0.000128669 -0.000124908 -0.00012111 -0.000117517 -0.000114666 -0.000110322 -0.000106291 -0.000102746 -9.91597e-05 -9.46836e-05 -9.02694e-05 -8.74207e-05 -8.37766e-05 -8.05672e-05 -7.68468e-05 -7.21851e-05 -6.90066e-05 -6.54992e-05 -6.16288e-05 -5.8465e-05 -5.48317e-05 -5.16089e-05 -4.91434e-05 -4.58729e-05 -4.27413e-05 -4.03862e-05 -3.77654e-05 -3.49429e-05 -3.27648e-05 -2.99931e-05 -2.73622e-05 -2.4849e-05 -2.14514e-05 -1.8471e-05 -1.61693e-05 -1.35189e-05 -1.02564e-05 -7.98629e-06 -4.84671e-06 5.21151e-07 
-0.000299841 -0.000903122 -0.00106696 -0.00103234 -0.00104111 -0.00103766 -0.0010158 -0.000989979 -0.000966331 -0.000952771 -0.000946334 -0.000941089 -0.000937699 -0.000935461 -0.000931739 -0.000927718 -0.000921262 -0.000915207 -0.000908098 -0.000898792 -0.000889755 -0.000884418 -0.000876055 -0.000866756 -0.000861106 -0.000849751 -0.000840429 -0.000834123 -0.000825534 -0.000817066 -0.000810831 -0.000804666 -0.000798111 -0.000792055 -0.00078556 -0.00078119 -0.00077703 -0.000773183 -0.000770356 -0.000767325 -0.0007653 -0.000762405 -0.000759884 -0.000757989 -0.000756051 -0.000753534 -0.000751366 -0.00074939 -0.00074708 -0.000744985 -0.00074256 -0.000739823 -0.000736339 -0.000732312 -0.000728319 -0.000724482 -0.00072178 -0.000718384 -0.000714225 -0.000710148 -0.000706189 -0.000702128 -0.000696585 -0.000690734 -0.000685202 -0.000680852 -0.000675978 -0.000672323 -0.000666731 -0.000661113 -0.000656629 -0.000651713 -0.000646536 -0.000640343 -0.000634359 -0.000629542 -0.0006241 -0.000618115 -0.000612887 -0.000607318 -0.000602562 -0.000597137 -0.000592662 -0.000587136 -0.000580535 -0.000574093 -0.000569616 -0.000564566 -0.000558891 -0.0005547 -0.000549061 -0.000542534 -0.000534892 -0.000527892 -0.000522961 -0.000515898 -0.000509361 -0.000503412 -0.000497622 -0.000492107 -0.00048628 -0.00048175 -0.000476286 -0.000469425 -0.000464737 -0.00045929 -0.000454126 -0.000450487 -0.000445895 -0.000440603 -0.000435799 -0.000430257 -0.000424918 -0.000420828 -0.000416637 -0.000412068 -0.000408071 -0.000404592 -0.000400514 -0.000395997 -0.00039184 -0.00038813 -0.000385317 -0.000381907 -0.000378345 -0.00037473 -0.000372121 -0.000369208 -0.00036599 -0.000362758 -0.000360095 -0.000357166 -0.000353966 -0.000351179 -0.000348236 -0.000345168 -0.000342381 -0.000339781 -0.000337397 -0.000334954 -0.000332805 -0.00033072 -0.000328569 -0.000326782 -0.000324719 -0.000322746 -0.000321075 -0.000319418 -0.000317565 -0.000315532 -0.000313292 -0.000311193 -0.000309175 -0.000307067 -0.000304914 -0.000303209 -0.000300915 -0.000298368 -0.000296157 -0.000293924 -0.00029169 -0.000289512 -0.000287762 -0.000285736 -0.000283406 -0.000281086 -0.000278329 -0.00027603 -0.000273994 -0.000271582 -0.000268455 -0.000265892 -0.000263561 -0.000260616 -0.000258544 -0.000255853 -0.000253449 -0.000251293 -0.000248365 -0.000245419 -0.000241512 -0.000236947 -0.000233657 -0.000230165 -0.000226633 -0.00022363 -0.000219822 -0.000215253 -0.000211353 -0.00020766 -0.000203223 -0.000198893 -0.000196123 -0.000191571 -0.000187913 -0.000184759 -0.000180083 -0.000176168 -0.00017276 -0.000168224 -0.000163893 -0.000160101 -0.00015651 -0.000153727 -0.000150143 -0.000147179 -0.000144067 -0.000141087 -0.000136666 -0.000131979 -0.000127964 -0.000124103 -0.000121129 -0.000117966 -0.00011433 -0.000110433 -0.000107127 -0.000102795 -9.82374e-05 -9.43647e-05 -9.06085e-05 -8.78514e-05 -8.35954e-05 -8.01225e-05 -7.68031e-05 -7.28031e-05 -6.8943e-05 -6.56395e-05 -6.1737e-05 -5.81842e-05 -5.48127e-05 -5.18317e-05 -4.92733e-05 -4.60392e-05 -4.35352e-05 -4.09588e-05 -3.79023e-05 -3.51981e-05 -3.25459e-05 -3.02638e-05 -2.75352e-05 -2.45487e-05 -2.13428e-05 -1.82161e-05 -1.54463e-05 -1.31987e-05 -1.04942e-05 -8.28552e-06 -4.66578e-06 1.25126e-06 
-0.000299841 -0.000911757 -0.00108062 -0.00104395 -0.00104961 -0.00104265 -0.00101952 -0.000994563 -0.000972843 -0.000955544 -0.000947879 -0.000943181 -0.000938428 -0.000935263 -0.000931636 -0.000926819 -0.000920805 -0.000913393 -0.000906323 -0.000899065 -0.000892562 -0.000885689 -0.000876884 -0.00086782 -0.000861303 -0.000849633 -0.000839693 -0.000832827 -0.000824164 -0.000817814 -0.000811349 -0.000803408 -0.000796035 -0.000790855 -0.000785763 -0.000781697 -0.000776863 -0.000772961 -0.000770025 -0.00076738 -0.00076519 -0.000762324 -0.000759873 -0.000757826 -0.000755824 -0.00075376 -0.000751959 -0.000749962 -0.000747639 -0.000745718 -0.000742521 -0.000739249 -0.000736489 -0.000732757 -0.00072885 -0.000724853 -0.000721611 -0.000718464 -0.000714762 -0.000711045 -0.000706774 -0.000702473 -0.000696994 -0.000692179 -0.000686604 -0.00068123 -0.000676013 -0.000672138 -0.000665986 -0.000660182 -0.000656627 -0.000651262 -0.000645344 -0.000640411 -0.000634699 -0.000629755 -0.000623619 -0.000618169 -0.000613645 -0.000608242 -0.000603592 -0.000597453 -0.000592265 -0.000586632 -0.000581189 -0.000574808 -0.000570114 -0.000564261 -0.000558967 -0.000554327 -0.000547687 -0.000541636 -0.00053558 -0.000529408 -0.0005233 -0.000516593 -0.000509144 -0.000503047 -0.00049782 -0.00049187 -0.000486862 -0.000482263 -0.000475965 -0.000469225 -0.000464828 -0.000459241 -0.000453964 -0.000449978 -0.000445293 -0.000440001 -0.00043471 -0.000429638 -0.000424459 -0.000420099 -0.000415719 -0.00041158 -0.000406921 -0.00040317 -0.000400038 -0.000396192 -0.000391945 -0.000388042 -0.000385238 -0.000381958 -0.000378594 -0.000375604 -0.000372383 -0.000369615 -0.000366293 -0.000362832 -0.000360126 -0.000357584 -0.000354272 -0.000350968 -0.000347903 -0.000344841 -0.00034256 -0.00033999 -0.000337196 -0.000334985 -0.000333056 -0.000330753 -0.000328165 -0.00032633 -0.000324568 -0.00032266 -0.000320874 -0.000319249 -0.000317336 -0.000315541 -0.00031385 -0.000311713 -0.000309266 -0.000307042 -0.000304679 -0.000303037 -0.000300595 -0.000298101 -0.000295964 -0.000293897 -0.000291494 -0.000289039 -0.000287328 -0.000285379 -0.000283309 -0.000281275 -0.00027858 -0.00027587 -0.000273493 -0.000271204 -0.000268841 -0.000266695 -0.000263744 -0.000260597 -0.000258744 -0.000256547 -0.000253891 -0.000250859 -0.000248223 -0.000245023 -0.00024062 -0.000236442 -0.000233615 -0.000229484 -0.00022596 -0.000223302 -0.000219654 -0.000216098 -0.000211573 -0.00020767 -0.00020364 -0.000199329 -0.000196117 -0.000191543 -0.000187541 -0.000184714 -0.000180189 -0.000175803 -0.000172071 -0.000167899 -0.000164167 -0.000160183 -0.000155915 -0.000153107 -0.000149974 -0.000146679 -0.000142589 -0.000139213 -0.00013545 -0.000131934 -0.000127764 -0.000123548 -0.000120644 -0.000117769 -0.000113658 -0.000110123 -0.000106636 -0.000102447 -9.83858e-05 -9.50455e-05 -9.0836e-05 -8.7305e-05 -8.36346e-05 -7.98142e-05 -7.68319e-05 -7.3377e-05 -6.94701e-05 -6.59198e-05 -6.22918e-05 -5.88562e-05 -5.53957e-05 -5.19127e-05 -4.92119e-05 -4.67746e-05 -4.44226e-05 -4.12812e-05 -3.80812e-05 -3.5565e-05 -3.30353e-05 -3.06622e-05 -2.7403e-05 -2.43463e-05 -2.15174e-05 -1.82965e-05 -1.50656e-05 -1.32221e-05 -1.1085e-05 -8.40036e-06 -4.1668e-06 1.18289e-06 
-0.000299841 -0.000905509 -0.00106807 -0.00105249 -0.00105416 -0.00104523 -0.00102183 -0.000992445 -0.000974861 -0.000959086 -0.000950559 -0.000944868 -0.000940516 -0.000935982 -0.000931935 -0.000927042 -0.000921897 -0.000914293 -0.000905815 -0.000899827 -0.000892161 -0.000885073 -0.000877972 -0.000869873 -0.000860904 -0.000850851 -0.000841926 -0.000832384 -0.000822732 -0.000816492 -0.000810172 -0.000801809 -0.00079595 -0.000790653 -0.000785719 -0.000781252 -0.000777105 -0.000774103 -0.000770981 -0.000767518 -0.000764728 -0.000762505 -0.000760446 -0.000758124 -0.000755454 -0.000753723 -0.000752262 -0.00075032 -0.0007481 -0.000746183 -0.000742959 -0.000739354 -0.000736636 -0.000732758 -0.00072879 -0.000725659 -0.000722638 -0.000718343 -0.000714596 -0.00071203 -0.00070814 -0.00070271 -0.000696772 -0.000692496 -0.000686805 -0.000681797 -0.000676487 -0.000671991 -0.000666214 -0.000660546 -0.0006564 -0.000650632 -0.00064472 -0.000640656 -0.000634258 -0.000628543 -0.000623127 -0.000618906 -0.000613429 -0.000607051 -0.00060259 -0.000597914 -0.000592856 -0.000586668 -0.00058173 -0.000575482 -0.000569871 -0.000564722 -0.00055958 -0.000553798 -0.000546236 -0.000540727 -0.000536485 -0.000529496 -0.000522189 -0.00051618 -0.000510213 -0.000502774 -0.000496858 -0.000491813 -0.000486737 -0.000481702 -0.000475805 -0.000469612 -0.000464364 -0.000458892 -0.000454249 -0.000449264 -0.000444091 -0.000439717 -0.000434502 -0.000429764 -0.000424788 -0.000418914 -0.000414102 -0.000411143 -0.000406483 -0.000402729 -0.000399486 -0.000396451 -0.000392566 -0.000388656 -0.000385836 -0.000382662 -0.000379714 -0.000376834 -0.000372555 -0.00036876 -0.000366221 -0.000363354 -0.000360147 -0.000357053 -0.000354555 -0.000351323 -0.000348011 -0.000344723 -0.000342098 -0.000339794 -0.000337614 -0.000335485 -0.000332947 -0.000331042 -0.000328769 -0.000326641 -0.000324995 -0.000322815 -0.000320576 -0.000319252 -0.000317184 -0.00031545 -0.000314061 -0.000311618 -0.000309156 -0.000307049 -0.000304857 -0.000302655 -0.000300503 -0.000298474 -0.000295959 -0.000293324 -0.00029142 -0.000289406 -0.000287477 -0.000285694 -0.000283305 -0.000280978 -0.000278788 -0.000276294 -0.000273469 -0.00027097 -0.000268774 -0.000266621 -0.000263823 -0.000260753 -0.000258803 -0.000256414 -0.000254051 -0.000251316 -0.00024758 -0.000243942 -0.00024021 -0.000236572 -0.000233717 -0.000229808 -0.000226466 -0.000222592 -0.000219355 -0.000216248 -0.000210924 -0.000206877 -0.000203331 -0.000199504 -0.000195971 -0.000192088 -0.000187469 -0.000183744 -0.000180007 -0.000176027 -0.000171466 -0.000166951 -0.000163771 -0.000159228 -0.00015471 -0.000151845 -0.000148447 -0.000145074 -0.000141953 -0.000138845 -0.000135093 -0.000131212 -0.000126986 -0.000123207 -0.000119629 -0.000116765 -0.000113747 -0.000110513 -0.00010635 -0.0001021 -9.83235e-05 -9.44529e-05 -9.00029e-05 -8.63067e-05 -8.34473e-05 -8.03653e-05 -7.693e-05 -7.38976e-05 -7.02911e-05 -6.56522e-05 -6.2075e-05 -5.8967e-05 -5.54073e-05 -5.23392e-05 -4.99753e-05 -4.72643e-05 -4.46578e-05 -4.16929e-05 -3.8716e-05 -3.59867e-05 -3.35118e-05 -3.08064e-05 -2.74693e-05 -2.47161e-05 -2.14847e-05 -1.81273e-05 -1.48793e-05 -1.30388e-05 -1.03541e-05 -7.86073e-06 -4.39363e-06 2.70561e-07 
-0.00037987 -0.000943497 -0.00103999 -0.00103486 -0.00105001 -0.00104275 -0.00101843 -0.000993401 -0.000980738 -0.000965765 -0.000952931 -0.000945922 -0.000942303 -0.000937903 -0.000932815 -0.000927384 -0.000922715 -0.00091554 -0.000908741 -0.000901223 -0.000891913 -0.00088476 -0.000878901 -0.000869244 -0.000859486 -0.000850654 -0.000841768 -0.000832514 -0.000823828 -0.000817988 -0.000810921 -0.000802987 -0.000796505 -0.000790984 -0.000785285 -0.000780332 -0.000776773 -0.000773985 -0.000770654 -0.000767711 -0.000764911 -0.000762587 -0.000760447 -0.000758141 -0.000755854 -0.000754327 -0.000752362 -0.000750206 -0.000747966 -0.000745959 -0.000743425 -0.000740163 -0.000736861 -0.000732628 -0.000728714 -0.000725856 -0.000722413 -0.000718772 -0.000714999 -0.00071221 -0.000708588 -0.000703721 -0.000697739 -0.000693171 -0.000686879 -0.000681909 -0.000676902 -0.000672121 -0.000666517 -0.000661122 -0.000654888 -0.000649473 -0.00064399 -0.000639862 -0.000634328 -0.000629247 -0.000624036 -0.000619319 -0.000613641 -0.000607409 -0.000603495 -0.000598583 -0.000592649 -0.000586304 -0.000582003 -0.000575062 -0.000568865 -0.000563319 -0.000557788 -0.000551961 -0.000545392 -0.00054039 -0.00053525 -0.000528547 -0.000521905 -0.000516601 -0.000510684 -0.000503607 -0.000497799 -0.000492409 -0.000487196 -0.000481583 -0.000476781 -0.000470192 -0.000464098 -0.000457729 -0.000453347 -0.00044892 -0.000444324 -0.000439544 -0.000434081 -0.000428414 -0.00042391 -0.000419182 -0.000414331 -0.000410976 -0.000406943 -0.000403055 -0.000399151 -0.00039596 -0.000393077 -0.000390101 -0.000386063 -0.000382198 -0.000379409 -0.000376686 -0.000372666 -0.000369065 -0.000366023 -0.000363187 -0.000359899 -0.000356852 -0.000354011 -0.000350973 -0.000348074 -0.000345203 -0.00034217 -0.000339596 -0.000337847 -0.000335823 -0.000333387 -0.000331493 -0.000328815 -0.00032644 -0.00032437 -0.000322395 -0.00032052 -0.000319008 -0.000316993 -0.000315175 -0.00031372 -0.000311477 -0.000309236 -0.000307492 -0.000305145 -0.000302444 -0.000300218 -0.000298251 -0.000295732 -0.000293469 -0.000291459 -0.000289128 -0.000286951 -0.00028496 -0.000283065 -0.000280991 -0.000278814 -0.000276689 -0.000273652 -0.00027128 -0.00026835 -0.000265993 -0.000263845 -0.000261525 -0.000258872 -0.000256283 -0.000253953 -0.000251294 -0.000247136 -0.000243005 -0.00023986 -0.000236578 -0.000233096 -0.000229444 -0.000226732 -0.000222932 -0.000219237 -0.000216234 -0.00021162 -0.000207781 -0.000204015 -0.000199769 -0.000195463 -0.000191771 -0.000187138 -0.000182712 -0.000178775 -0.000175529 -0.000171493 -0.000166591 -0.000162931 -0.000159198 -0.000155608 -0.000151679 -0.000148115 -0.000144325 -0.000141117 -0.000138581 -0.000134413 -0.000129883 -0.000125887 -0.000122843 -0.000119146 -0.000115948 -0.000113213 -0.000110196 -0.000106461 -0.000102171 -9.76946e-05 -9.33605e-05 -8.96026e-05 -8.6224e-05 -8.34793e-05 -8.04323e-05 -7.62779e-05 -7.28733e-05 -7.00415e-05 -6.62002e-05 -6.31837e-05 -5.93473e-05 -5.5425e-05 -5.29713e-05 -5.02107e-05 -4.73114e-05 -4.48659e-05 -4.25574e-05 -3.96305e-05 -3.70067e-05 -3.35182e-05 -3.04929e-05 -2.76421e-05 -2.44641e-05 -2.08601e-05 -1.82056e-05 -1.5756e-05 -1.3188e-05 -1.01058e-05 -7.70855e-06 -4.91348e-06 -5.13835e-07 
-0.0002786 -0.000919907 -0.00104473 -0.00103523 -0.0010461 -0.00103815 -0.00101611 -0.000996894 -0.000981281 -0.000966281 -0.00095549 -0.000947532 -0.00094272 -0.000938463 -0.000933949 -0.0009291 -0.000922751 -0.00091577 -0.000909506 -0.000902458 -0.000894457 -0.000887471 -0.00088013 -0.000869538 -0.000859444 -0.000850223 -0.000840114 -0.00083196 -0.000824757 -0.00081826 -0.000810643 -0.000803017 -0.000797238 -0.000789536 -0.000784042 -0.000780787 -0.000777278 -0.000773347 -0.000770023 -0.000767756 -0.000765377 -0.000762816 -0.000760331 -0.000757924 -0.000755848 -0.000754421 -0.000752314 -0.000750345 -0.000748472 -0.000746318 -0.000743828 -0.000740508 -0.000736743 -0.000733403 -0.000730092 -0.00072635 -0.000722352 -0.000719362 -0.000715811 -0.000711992 -0.000707906 -0.000704168 -0.000698214 -0.000693167 -0.000687968 -0.000683141 -0.000678123 -0.000673008 -0.000666464 -0.000660949 -0.000654503 -0.00065 -0.000644392 -0.000639036 -0.000634099 -0.000629875 -0.000624263 -0.00061848 -0.000613602 -0.000607946 -0.000603639 -0.000598094 -0.000593191 -0.000586838 -0.000581512 -0.000575408 -0.000570309 -0.000564557 -0.0005581 -0.000552008 -0.000546363 -0.000540093 -0.000533203 -0.000527799 -0.000522942 -0.000516374 -0.000509602 -0.000503353 -0.000498296 -0.000492528 -0.000487195 -0.000482385 -0.000476841 -0.000469607 -0.000463732 -0.000457953 -0.000453147 -0.000449014 -0.000444059 -0.000438618 -0.000433831 -0.000428346 -0.000423696 -0.000419073 -0.00041358 -0.000409696 -0.00040577 -0.000402587 -0.000399677 -0.00039621 -0.00039306 -0.000390273 -0.000386493 -0.000383031 -0.000379644 -0.000376437 -0.000372913 -0.000369588 -0.000366088 -0.000362358 -0.00035969 -0.000357258 -0.000354097 -0.00035068 -0.000347959 -0.000345382 -0.000342698 -0.000340452 -0.000338329 -0.000335834 -0.000333576 -0.000331334 -0.000328784 -0.000326677 -0.000324345 -0.000322377 -0.000320445 -0.000318919 -0.000317043 -0.000314995 -0.000313019 -0.000311282 -0.000309295 -0.000307072 -0.000304952 -0.000302913 -0.000300617 -0.0002983 -0.000295806 -0.000293423 -0.000291149 -0.000289003 -0.000286823 -0.000284737 -0.000283055 -0.000280991 -0.000278589 -0.000276249 -0.000273476 -0.000271384 -0.000268608 -0.000265767 -0.000263898 -0.000261871 -0.000259182 -0.00025662 -0.000253935 -0.000250673 -0.000246855 -0.000243101 -0.000240245 -0.000236687 -0.000232904 -0.000229754 -0.000226928 -0.00022341 -0.000219463 -0.000215138 -0.000211268 -0.00020796 -0.000203961 -0.000199501 -0.000195673 -0.000191746 -0.00018679 -0.000182926 -0.000178698 -0.000174642 -0.000171077 -0.000166275 -0.000162272 -0.000158644 -0.000155219 -0.00015106 -0.000147353 -0.000144198 -0.000140935 -0.000137525 -0.000133797 -0.000130196 -0.000126185 -0.000122487 -0.00011893 -0.00011553 -0.000111953 -0.000108852 -0.000105346 -0.00010115 -9.74112e-05 -9.28755e-05 -8.92176e-05 -8.57523e-05 -8.24885e-05 -7.95482e-05 -7.64436e-05 -7.31252e-05 -7.02958e-05 -6.67843e-05 -6.3415e-05 -5.96822e-05 -5.57779e-05 -5.33718e-05 -4.99782e-05 -4.7416e-05 -4.5162e-05 -4.23421e-05 -3.92992e-05 -3.68476e-05 -3.39044e-05 -3.12026e-05 -2.83519e-05 -2.50895e-05 -2.11281e-05 -1.80909e-05 -1.53722e-05 -1.30539e-05 -1.05709e-05 -7.91249e-06 -4.04102e-06 8.05098e-07 
-0.000337481 -0.000954918 -0.00105591 -0.00103281 -0.00104169 -0.00103302 -0.00102002 -0.00100476 -0.000983462 -0.00096529 -0.000955699 -0.000948595 -0.000943993 -0.000938894 -0.00093541 -0.000931293 -0.000924255 -0.000916978 -0.000910582 -0.00090276 -0.000896734 -0.00088803 -0.0008787 -0.000870053 -0.000862343 -0.000851362 -0.000839324 -0.000833491 -0.000825541 -0.000817329 -0.00081088 -0.000803428 -0.000796548 -0.000789103 -0.000783645 -0.00078024 -0.000776688 -0.000772671 -0.000769411 -0.000767565 -0.00076547 -0.000763137 -0.000760808 -0.00075866 -0.000756128 -0.000754197 -0.000752239 -0.000750759 -0.000748978 -0.000746255 -0.000743516 -0.000740852 -0.000736993 -0.000734185 -0.00073062 -0.000726732 -0.000723042 -0.000719796 -0.00071649 -0.000712015 -0.000707786 -0.000704146 -0.00069782 -0.000692168 -0.000687782 -0.000682654 -0.000677576 -0.000672773 -0.00066713 -0.000662809 -0.000656304 -0.000650474 -0.000645453 -0.000638939 -0.000632993 -0.000628959 -0.000623775 -0.000618096 -0.000614351 -0.000609237 -0.000603329 -0.000598159 -0.000593572 -0.000586945 -0.000581137 -0.000575439 -0.000571227 -0.000565854 -0.000557489 -0.000551083 -0.000544407 -0.000538912 -0.000533182 -0.000528617 -0.000523461 -0.000516337 -0.00050989 -0.00050421 -0.000499161 -0.000492581 -0.000486263 -0.000481551 -0.000476419 -0.000469584 -0.000464558 -0.000458379 -0.000451874 -0.000447725 -0.000443174 -0.000438184 -0.000433627 -0.000427633 -0.000422803 -0.000418259 -0.000414406 -0.000410157 -0.000406189 -0.000402394 -0.000399888 -0.000396591 -0.000393188 -0.000389854 -0.000386266 -0.000383358 -0.000379406 -0.000375442 -0.000372047 -0.000369162 -0.000365369 -0.000362325 -0.000359515 -0.000357081 -0.000354254 -0.000351114 -0.000348212 -0.000345271 -0.000342589 -0.000340932 -0.000338842 -0.000336368 -0.000334077 -0.000331124 -0.000328417 -0.000326567 -0.000324378 -0.000322396 -0.000320197 -0.000318447 -0.000316536 -0.000315032 -0.000313158 -0.000311467 -0.000309389 -0.000306592 -0.000304543 -0.000302528 -0.000300322 -0.000298231 -0.000296107 -0.000293758 -0.000291193 -0.00028873 -0.000286566 -0.000284613 -0.000282883 -0.000280906 -0.000278534 -0.00027615 -0.000273444 -0.000271438 -0.000268774 -0.000265684 -0.000263232 -0.000261114 -0.000259374 -0.000257061 -0.000253984 -0.000250009 -0.000246338 -0.000243018 -0.000239789 -0.000237183 -0.000234009 -0.000230857 -0.000226945 -0.00022295 -0.000219364 -0.000215525 -0.000211475 -0.000207907 -0.000203773 -0.000200172 -0.000196596 -0.000191993 -0.000186426 -0.000183168 -0.000178658 -0.000174055 -0.0001712 -0.000166503 -0.000162655 -0.000158895 -0.000154636 -0.000150835 -0.000147352 -0.0001441 -0.000140655 -0.000136706 -0.000133973 -0.000130414 -0.000125819 -0.000121607 -0.000117859 -0.000115305 -0.000111987 -0.000108753 -0.000105128 -0.000100619 -9.67432e-05 -9.22646e-05 -8.83914e-05 -8.48854e-05 -8.20732e-05 -7.92442e-05 -7.69992e-05 -7.37159e-05 -7.07721e-05 -6.67741e-05 -6.30955e-05 -6.00242e-05 -5.66607e-05 -5.36777e-05 -5.04205e-05 -4.79566e-05 -4.54984e-05 -4.22797e-05 -3.93436e-05 -3.69198e-05 -3.40879e-05 -3.14166e-05 -2.82601e-05 -2.49841e-05 -2.18678e-05 -1.88338e-05 -1.55857e-05 -1.30758e-05 -1.09459e-05 -8.25448e-06 -3.54216e-06 9.32111e-07 
-0.000281135 -0.000897152 -0.00103468 -0.00103414 -0.00103895 -0.00103178 -0.00102074 -0.00100913 -0.000988352 -0.000969335 -0.000955712 -0.000948413 -0.000943574 -0.00094051 -0.000937027 -0.000933132 -0.000927163 -0.000920234 -0.000913471 -0.000906018 -0.000898729 -0.000889179 -0.000879374 -0.000870074 -0.000861816 -0.000851017 -0.00083939 -0.000833172 -0.000825098 -0.000817931 -0.000812093 -0.000803168 -0.000795003 -0.000788849 -0.00078346 -0.000778825 -0.00077512 -0.000772041 -0.000769956 -0.000767802 -0.000765081 -0.000762539 -0.000760583 -0.000758673 -0.000756506 -0.000754241 -0.000752282 -0.000750513 -0.000748795 -0.000746428 -0.000743872 -0.000741614 -0.000738287 -0.000734573 -0.000731046 -0.000727305 -0.000723326 -0.000719095 -0.000716082 -0.000712023 -0.000707389 -0.00070395 -0.000698032 -0.000692218 -0.000688016 -0.000682498 -0.000677273 -0.00067326 -0.000668569 -0.000664135 -0.000657307 -0.000650265 -0.0006449 -0.000639237 -0.000633815 -0.000628534 -0.000624375 -0.00061879 -0.000613942 -0.000609675 -0.000603684 -0.000598558 -0.000593577 -0.000587183 -0.000581643 -0.000575783 -0.000570686 -0.000565037 -0.000558693 -0.000552777 -0.000546119 -0.000539127 -0.000533355 -0.000527426 -0.000521911 -0.000516515 -0.000511271 -0.00050474 -0.000498172 -0.000492641 -0.000487026 -0.000481938 -0.000476335 -0.000469235 -0.000463652 -0.000458007 -0.000451988 -0.000447562 -0.000443149 -0.000438708 -0.000433236 -0.000427619 -0.000423533 -0.000419355 -0.000414783 -0.000409891 -0.000406103 -0.000402231 -0.000399726 -0.000396978 -0.000393587 -0.000389414 -0.000385329 -0.000382417 -0.000378812 -0.000375394 -0.000372467 -0.000369204 -0.000365423 -0.000362712 -0.000359533 -0.000356613 -0.000353666 -0.00035086 -0.000348509 -0.000345873 -0.000343044 -0.000340966 -0.000338606 -0.000335967 -0.000333954 -0.000331122 -0.000328466 -0.000326363 -0.000324063 -0.000322531 -0.00032038 -0.000318144 -0.000316465 -0.000314957 -0.000313112 -0.000310861 -0.000308902 -0.000306502 -0.00030483 -0.000302506 -0.000300021 -0.000298062 -0.000295913 -0.000293779 -0.000291447 -0.000288643 -0.000286088 -0.000284031 -0.000282363 -0.000280615 -0.000278602 -0.000276246 -0.000273066 -0.00027078 -0.000268287 -0.000265386 -0.000263193 -0.000260705 -0.000258606 -0.000256429 -0.000253989 -0.000250636 -0.000247143 -0.0002434 -0.000239979 -0.000237025 -0.000234215 -0.000231347 -0.000226587 -0.000222659 -0.000219468 -0.000215475 -0.000211526 -0.000207148 -0.000203459 -0.000200016 -0.000196587 -0.000191566 -0.000186764 -0.000183695 -0.000178865 -0.000174042 -0.000171271 -0.000166855 -0.000163016 -0.000158988 -0.000154969 -0.000151489 -0.000147591 -0.000143585 -0.000140169 -0.000136899 -0.00013412 -0.000130275 -0.000125635 -0.000121952 -0.000118656 -0.000114651 -0.000111264 -0.00010745 -0.000103907 -9.99538e-05 -9.63003e-05 -9.18754e-05 -8.86479e-05 -8.58673e-05 -8.26907e-05 -7.9376e-05 -7.7015e-05 -7.41049e-05 -7.07896e-05 -6.75374e-05 -6.37583e-05 -6.092e-05 -5.73824e-05 -5.36277e-05 -5.04851e-05 -4.82007e-05 -4.49994e-05 -4.22089e-05 -3.99976e-05 -3.73252e-05 -3.40742e-05 -3.15149e-05 -2.79136e-05 -2.4819e-05 -2.21939e-05 -1.91479e-05 -1.65236e-05 -1.33669e-05 -1.03009e-05 -7.80231e-06 -4.2295e-06 -2.81441e-07 
-0.00032265 -0.000909532 -0.00103383 -0.00102315 -0.00103673 -0.00103521 -0.00102464 -0.0010094 -0.0009901 -0.000974652 -0.000958131 -0.000949276 -0.000946158 -0.000943569 -0.000940311 -0.000934975 -0.000929637 -0.000922156 -0.000914675 -0.000907426 -0.000901063 -0.00089239 -0.000884425 -0.000872142 -0.000859738 -0.000850953 -0.000840522 -0.000832251 -0.00082393 -0.000817555 -0.000811018 -0.000803121 -0.000794926 -0.00078918 -0.000783664 -0.000777575 -0.000773855 -0.000771697 -0.000769464 -0.00076717 -0.000765004 -0.000762944 -0.000760627 -0.000758446 -0.000756605 -0.00075447 -0.000752644 -0.00075046 -0.000748518 -0.000746584 -0.000744226 -0.000742165 -0.000738481 -0.000734865 -0.000731603 -0.00072864 -0.000724399 -0.000719697 -0.000716424 -0.000712105 -0.000706991 -0.000703516 -0.000698002 -0.000692249 -0.00068711 -0.000682021 -0.000678332 -0.000673823 -0.000668471 -0.000664357 -0.000658315 -0.000651515 -0.000645373 -0.000639103 -0.000634479 -0.00062895 -0.000623986 -0.00061836 -0.000612797 -0.000608772 -0.000604843 -0.000599446 -0.000593252 -0.000586358 -0.000581273 -0.000576416 -0.000571506 -0.000565007 -0.000559091 -0.000553447 -0.000547001 -0.000540601 -0.00053484 -0.000527244 -0.000521077 -0.000515686 -0.000510955 -0.000505151 -0.0004985 -0.000492694 -0.000487789 -0.000482065 -0.000475547 -0.000469216 -0.000463585 -0.00045821 -0.000453196 -0.000447734 -0.000442429 -0.000438134 -0.000432476 -0.00042724 -0.000423461 -0.000418929 -0.00041455 -0.000410374 -0.000406888 -0.00040275 -0.000399208 -0.000396323 -0.000393493 -0.000389719 -0.000385359 -0.00038263 -0.000379039 -0.000375366 -0.000371866 -0.000369032 -0.000365571 -0.000363154 -0.000360189 -0.000357262 -0.000354223 -0.00035105 -0.00034839 -0.000346215 -0.000343752 -0.000341381 -0.000338909 -0.000336126 -0.000333577 -0.000331046 -0.000328938 -0.000326565 -0.000324111 -0.000322702 -0.000320714 -0.00031835 -0.000316391 -0.000314847 -0.000312927 -0.00031057 -0.000308896 -0.000306598 -0.000304732 -0.000302563 -0.000300474 -0.00029835 -0.000295605 -0.000293421 -0.000291162 -0.000288314 -0.000286236 -0.000284015 -0.000281734 -0.000279766 -0.000278092 -0.000276173 -0.000273654 -0.000270951 -0.000268108 -0.000264873 -0.000262588 -0.000260231 -0.000258108 -0.000256272 -0.000253838 -0.000250661 -0.000247186 -0.000243482 -0.000240743 -0.000237267 -0.000234048 -0.000231143 -0.000226848 -0.000223508 -0.000218819 -0.000214076 -0.000210447 -0.000207032 -0.000203818 -0.000200246 -0.000196205 -0.000191846 -0.000187317 -0.000183802 -0.000179347 -0.000174705 -0.000171559 -0.000166797 -0.000162829 -0.000159256 -0.000155877 -0.000151892 -0.000147487 -0.000143773 -0.00014074 -0.000137107 -0.000133417 -0.000129279 -0.000125237 -0.000122431 -0.00011823 -0.000113944 -0.000110495 -0.000107154 -0.000103976 -0.00010038 -9.63137e-05 -9.17684e-05 -8.87244e-05 -8.54858e-05 -8.26965e-05 -7.98624e-05 -7.72815e-05 -7.42092e-05 -7.10976e-05 -6.84708e-05 -6.49285e-05 -6.12512e-05 -5.75583e-05 -5.44058e-05 -5.151e-05 -4.82983e-05 -4.48331e-05 -4.19853e-05 -3.99468e-05 -3.69489e-05 -3.3826e-05 -3.1938e-05 -2.87341e-05 -2.59128e-05 -2.29147e-05 -1.94513e-05 -1.70181e-05 -1.3787e-05 -1.07032e-05 -7.8943e-06 -4.5515e-06 4.70686e-07 
-0.00032774 -0.000909015 -0.00100453 -0.000999612 -0.00103227 -0.00104181 -0.00103495 -0.00101552 -0.000991342 -0.000977025 -0.000960798 -0.000953829 -0.000951517 -0.000948377 -0.000945881 -0.000939545 -0.000932668 -0.000924797 -0.000917024 -0.000909987 -0.000901993 -0.000894639 -0.000886764 -0.000875023 -0.000860433 -0.000851435 -0.000840296 -0.000830641 -0.000823048 -0.000816301 -0.000809498 -0.00080288 -0.000794323 -0.000787098 -0.000782204 -0.000777236 -0.000774512 -0.000771654 -0.000768777 -0.00076674 -0.000764761 -0.00076269 -0.000760339 -0.000758019 -0.000755853 -0.000754087 -0.000752717 -0.000750556 -0.000748691 -0.000746591 -0.000744035 -0.000741809 -0.000738681 -0.000735359 -0.000732239 -0.000728463 -0.000724801 -0.000720664 -0.000716791 -0.000711805 -0.000706915 -0.000702073 -0.000696661 -0.000692274 -0.000686342 -0.000681386 -0.000677862 -0.000673237 -0.000668984 -0.000664341 -0.000659507 -0.000653433 -0.000645965 -0.000639009 -0.000634156 -0.000628152 -0.000622819 -0.000618324 -0.00061339 -0.000609196 -0.000603748 -0.000598065 -0.000592514 -0.000586774 -0.000581405 -0.000575715 -0.000571366 -0.000566173 -0.000560312 -0.00055322 -0.000545472 -0.000539671 -0.000534404 -0.000527817 -0.00052242 -0.000515215 -0.00050955 -0.000504708 -0.000498417 -0.000492341 -0.000486191 -0.000480509 -0.000475458 -0.000470525 -0.000463149 -0.000457254 -0.000452282 -0.000447194 -0.00044241 -0.000437898 -0.000432623 -0.000428652 -0.000424471 -0.00041904 -0.000415245 -0.000411086 -0.000407245 -0.000403168 -0.000399035 -0.000395866 -0.000393116 -0.000389944 -0.000386011 -0.000382384 -0.000379333 -0.000376017 -0.000372221 -0.000369614 -0.000366154 -0.000362785 -0.000360222 -0.000357261 -0.000354247 -0.000351451 -0.000348385 -0.000345807 -0.000343778 -0.000341462 -0.000339019 -0.000336496 -0.000333612 -0.000330916 -0.000328839 -0.000326641 -0.000324718 -0.000322613 -0.000320474 -0.000318632 -0.000316676 -0.000314602 -0.000312507 -0.000310498 -0.000309027 -0.000306704 -0.000304353 -0.000302255 -0.00030059 -0.00029831 -0.000295866 -0.00029374 -0.000290887 -0.000288013 -0.000285797 -0.000283762 -0.00028179 -0.00027998 -0.000278006 -0.000275896 -0.00027346 -0.000270543 -0.000267915 -0.000264825 -0.000262378 -0.000259855 -0.000257575 -0.000255147 -0.000252979 -0.00025044 -0.000246774 -0.000243119 -0.000240404 -0.000237252 -0.000234473 -0.000230755 -0.00022646 -0.000223337 -0.000218286 -0.000213378 -0.000210066 -0.000206536 -0.000202491 -0.000199178 -0.000196003 -0.000192216 -0.000187532 -0.000183217 -0.000179683 -0.000175269 -0.000171481 -0.0001672 -0.000163194 -0.000160012 -0.000156076 -0.000151562 -0.000147509 -0.000144097 -0.000140759 -0.000136549 -0.000132622 -0.000128962 -0.000125519 -0.000121975 -0.000117705 -0.000113792 -0.000110598 -0.000107217 -0.000103268 -9.98274e-05 -9.67185e-05 -9.3238e-05 -8.99769e-05 -8.59249e-05 -8.30302e-05 -8.0562e-05 -7.70862e-05 -7.39696e-05 -7.10867e-05 -6.84475e-05 -6.48601e-05 -6.10907e-05 -5.78913e-05 -5.53451e-05 -5.20801e-05 -4.83413e-05 -4.53101e-05 -4.24598e-05 -3.98587e-05 -3.6673e-05 -3.38324e-05 -3.19175e-05 -2.87973e-05 -2.59336e-05 -2.3262e-05 -1.99954e-05 -1.70892e-05 -1.38383e-05 -1.09664e-05 -8.05371e-06 -4.03789e-06 1.64745e-06 
-0.000349193 -0.000907027 -0.000999757 -0.000991899 -0.00102018 -0.00103731 -0.00104073 -0.00102161 -0.000995553 -0.000979666 -0.000965947 -0.000958922 -0.000957201 -0.000953968 -0.000949912 -0.000942778 -0.000935603 -0.000928034 -0.000920111 -0.000913296 -0.000903864 -0.000894482 -0.000885878 -0.000875041 -0.000861986 -0.000850792 -0.000839197 -0.00083141 -0.00082465 -0.000816229 -0.00080776 -0.000802262 -0.000794003 -0.000786602 -0.000781435 -0.000776693 -0.000773927 -0.000771316 -0.000768807 -0.000766975 -0.000764291 -0.000761724 -0.000759529 -0.000757678 -0.000755749 -0.000753892 -0.000752156 -0.000749899 -0.000748108 -0.000746235 -0.000743936 -0.000741612 -0.000739017 -0.000736462 -0.000733018 -0.000728385 -0.00072472 -0.000720604 -0.000715644 -0.000711576 -0.000707454 -0.000701794 -0.000696016 -0.000692009 -0.000686167 -0.00068051 -0.000676361 -0.00067222 -0.000668911 -0.000663455 -0.000658181 -0.000652396 -0.000645707 -0.00063986 -0.00063448 -0.000628151 -0.000622798 -0.000619094 -0.000614484 -0.000610137 -0.000603202 -0.000597357 -0.000591879 -0.000586797 -0.000580873 -0.000574469 -0.000570086 -0.000565323 -0.000560056 -0.000553774 -0.000546681 -0.000541364 -0.000534609 -0.00052684 -0.000521701 -0.000515389 -0.00050917 -0.000504164 -0.000498893 -0.00049309 -0.000486674 -0.000480271 -0.000475216 -0.000470642 -0.000464272 -0.000458267 -0.000453073 -0.000447706 -0.000442999 -0.000437717 -0.000432392 -0.000428507 -0.000424503 -0.000420303 -0.000416616 -0.000411823 -0.000406699 -0.000402799 -0.000399727 -0.000396443 -0.000393108 -0.000390388 -0.000386826 -0.000382494 -0.000379591 -0.000376973 -0.000373143 -0.000370216 -0.00036672 -0.000363043 -0.000360506 -0.000356807 -0.000353613 -0.000351426 -0.000348478 -0.000346073 -0.000344165 -0.000341558 -0.000338778 -0.000336478 -0.000333779 -0.000331596 -0.000329366 -0.000327259 -0.000325231 -0.000322718 -0.000320379 -0.0003184 -0.000316481 -0.000314475 -0.000312533 -0.000310564 -0.000308979 -0.000306678 -0.000304426 -0.000302411 -0.00030049 -0.000297718 -0.000295738 -0.000293532 -0.0002906 -0.000288157 -0.000285826 -0.000283715 -0.000281967 -0.000280204 -0.000277542 -0.000275495 -0.000273418 -0.000270725 -0.000268079 -0.000264983 -0.000261652 -0.000259205 -0.000257284 -0.000255261 -0.000252739 -0.000250363 -0.000246751 -0.000242723 -0.000239765 -0.000236792 -0.000234251 -0.000230509 -0.000226216 -0.000222692 -0.000218009 -0.000214115 -0.000209813 -0.000205332 -0.000202111 -0.000199023 -0.000195588 -0.000192029 -0.00018796 -0.000183718 -0.00018005 -0.000175322 -0.000170946 -0.000167391 -0.000163908 -0.000160218 -0.000155722 -0.000151812 -0.000148567 -0.000144282 -0.000139973 -0.000136718 -0.000132574 -0.000129362 -0.000125554 -0.000120831 -0.000117067 -0.000113909 -0.000110349 -0.000106673 -0.000103238 -9.99729e-05 -9.70403e-05 -9.3753e-05 -9.04219e-05 -8.72333e-05 -8.36611e-05 -8.04778e-05 -7.73848e-05 -7.43044e-05 -7.13331e-05 -6.80215e-05 -6.43289e-05 -6.09979e-05 -5.82621e-05 -5.5422e-05 -5.21152e-05 -4.85948e-05 -4.5895e-05 -4.24941e-05 -3.92848e-05 -3.68573e-05 -3.41067e-05 -3.18562e-05 -2.87639e-05 -2.60063e-05 -2.34951e-05 -2.05146e-05 -1.68876e-05 -1.35121e-05 -1.0778e-05 -7.62703e-06 -4.56675e-06 9.02409e-08 
-0.000344558 -0.000878747 -0.000991376 -0.000989718 -0.00101585 -0.00102839 -0.00103482 -0.00102406 -0.00099913 -0.000983235 -0.000970878 -0.000964255 -0.000962427 -0.000958303 -0.000953566 -0.00094712 -0.00093848 -0.000928735 -0.000919305 -0.000912178 -0.000905237 -0.000897048 -0.000886405 -0.000876584 -0.000864701 -0.0008509 -0.000838527 -0.000829956 -0.000822751 -0.000815578 -0.000807702 -0.000801146 -0.000793387 -0.000787386 -0.000781692 -0.000776081 -0.000773154 -0.000770598 -0.000768602 -0.000766686 -0.000764153 -0.000761679 -0.000759429 -0.000757425 -0.00075559 -0.000753827 -0.000751887 -0.000749642 -0.000747765 -0.000746015 -0.000744213 -0.000741612 -0.000738843 -0.000736184 -0.000732928 -0.00072917 -0.00072563 -0.000720878 -0.000715685 -0.000711125 -0.00070694 -0.000702017 -0.00069589 -0.00069112 -0.000685784 -0.000680706 -0.000675613 -0.000671065 -0.000667284 -0.000662732 -0.000657619 -0.000651419 -0.000645257 -0.000638904 -0.000633118 -0.000628462 -0.00062351 -0.000618392 -0.000613487 -0.000609073 -0.000603803 -0.000598738 -0.000591822 -0.000584853 -0.0005798 -0.000574955 -0.00057018 -0.000564797 -0.000558792 -0.000553451 -0.000547417 -0.000541493 -0.000534223 -0.000526456 -0.00052088 -0.000515183 -0.000509674 -0.000502938 -0.000497677 -0.000492765 -0.000486624 -0.000481669 -0.000475538 -0.000469361 -0.000464214 -0.000458753 -0.000452847 -0.000447632 -0.000443036 -0.000437457 -0.000433248 -0.000428535 -0.000423811 -0.000420452 -0.000416604 -0.000411752 -0.000407148 -0.00040344 -0.000399873 -0.000396884 -0.000392831 -0.000389886 -0.000387238 -0.000383932 -0.000380624 -0.0003777 -0.000374095 -0.000369964 -0.000366578 -0.000362967 -0.000360543 -0.000356862 -0.00035357 -0.00035149 -0.000348926 -0.000346248 -0.000343907 -0.000341745 -0.00033921 -0.000336474 -0.000333925 -0.000331791 -0.000329504 -0.000327441 -0.000325594 -0.000323057 -0.000321002 -0.000318554 -0.000316183 -0.000314426 -0.00031247 -0.000310177 -0.000308321 -0.000306538 -0.000304601 -0.000302905 -0.00030059 -0.000297833 -0.000295688 -0.000293114 -0.000290151 -0.000288177 -0.000285663 -0.000283344 -0.000281366 -0.000279867 -0.000277629 -0.000275665 -0.000273497 -0.000270692 -0.000267906 -0.000264889 -0.000261856 -0.000259367 -0.000257212 -0.000255161 -0.000252246 -0.000249439 -0.000246264 -0.000243093 -0.00024006 -0.000236267 -0.000233207 -0.00023042 -0.000227149 -0.000222609 -0.000217806 -0.000214399 -0.000209438 -0.000204807 -0.000202228 -0.00019871 -0.000194306 -0.000190897 -0.000188006 -0.000183647 -0.00017924 -0.00017514 -0.000171274 -0.000167325 -0.000163349 -0.000159706 -0.000155793 -0.000152337 -0.000148623 -0.000144402 -0.000140059 -0.000136998 -0.000132538 -0.000128138 -0.000124568 -0.000120572 -0.000117148 -0.000113897 -0.000109987 -0.000106251 -0.000103954 -0.000101078 -9.8141e-05 -9.40262e-05 -9.05436e-05 -8.81578e-05 -8.38245e-05 -7.98626e-05 -7.70486e-05 -7.37835e-05 -7.03369e-05 -6.74731e-05 -6.40308e-05 -6.12623e-05 -5.83577e-05 -5.48902e-05 -5.19627e-05 -4.8954e-05 -4.5864e-05 -4.22867e-05 -3.91806e-05 -3.68803e-05 -3.3888e-05 -3.10779e-05 -2.86989e-05 -2.60774e-05 -2.29645e-05 -1.97926e-05 -1.64697e-05 -1.36499e-05 -1.05795e-05 -6.66803e-06 -4.07076e-06 -7.72058e-08 
-0.000302229 -0.000840804 -0.000993453 -0.00100404 -0.00102166 -0.00103556 -0.00103686 -0.001022 -0.00100132 -0.000982578 -0.000973624 -0.000969809 -0.000967736 -0.000963985 -0.000956549 -0.000949162 -0.000940658 -0.000929123 -0.000919535 -0.000912027 -0.000904291 -0.000896377 -0.000884516 -0.000873865 -0.000863423 -0.000850999 -0.000840869 -0.00082979 -0.000821817 -0.000815246 -0.000808006 -0.000800511 -0.000792799 -0.000786481 -0.000780431 -0.000776329 -0.000773313 -0.000770316 -0.00076789 -0.000765977 -0.000763713 -0.000761683 -0.000759325 -0.000756986 -0.000755267 -0.000753787 -0.000751832 -0.000749856 -0.00074741 -0.000745431 -0.000743475 -0.000741681 -0.000739478 -0.000736223 -0.000732105 -0.000729002 -0.000725058 -0.000720416 -0.000716259 -0.000711211 -0.000706082 -0.000701722 -0.000696075 -0.000690533 -0.000684778 -0.000680447 -0.000675526 -0.000670771 -0.000665948 -0.000661325 -0.000656524 -0.000650511 -0.000645299 -0.000639305 -0.000632791 -0.000628485 -0.000624109 -0.000617811 -0.000612856 -0.000608597 -0.00060352 -0.000598337 -0.000591861 -0.000584706 -0.0005796 -0.000575352 -0.000570564 -0.000564374 -0.000558069 -0.000554248 -0.000547032 -0.000540036 -0.000534285 -0.000528273 -0.00052087 -0.000513605 -0.000508754 -0.00050311 -0.000498273 -0.000492124 -0.000485922 -0.000481754 -0.000475696 -0.000469583 -0.000465187 -0.000458911 -0.000452693 -0.000448442 -0.000443009 -0.000437018 -0.000433274 -0.000428419 -0.000424001 -0.000420887 -0.000416465 -0.000411791 -0.00040821 -0.000403913 -0.000399512 -0.000396694 -0.000393433 -0.000390312 -0.00038796 -0.000385164 -0.000380955 -0.000377332 -0.000374131 -0.000370096 -0.000367138 -0.000363421 -0.000360483 -0.000357135 -0.000353576 -0.000350931 -0.000348705 -0.000346484 -0.000343842 -0.0003418 -0.00033927 -0.000336557 -0.00033438 -0.000332162 -0.000329847 -0.000327869 -0.000325477 -0.00032295 -0.000321321 -0.000318989 -0.000316279 -0.00031481 -0.000312625 -0.000310375 -0.000308847 -0.000306609 -0.000304226 -0.00030207 -0.000299954 -0.000297541 -0.000295362 -0.000292396 -0.000289827 -0.000287959 -0.00028582 -0.000283822 -0.000281569 -0.000280243 -0.000277914 -0.000275285 -0.000273144 -0.000270565 -0.000267882 -0.000265403 -0.00026264 -0.000259675 -0.000256909 -0.000254778 -0.000252579 -0.000249273 -0.00024582 -0.000243032 -0.000239435 -0.000236088 -0.000233019 -0.000230146 -0.000226952 -0.000222745 -0.000218246 -0.000214219 -0.00020892 -0.000204907 -0.000201781 -0.000197992 -0.000194219 -0.000190881 -0.000187758 -0.000183257 -0.00017829 -0.000174873 -0.000170977 -0.000166362 -0.000162849 -0.000159922 -0.000156447 -0.000152244 -0.000147732 -0.000144165 -0.000140539 -0.000137505 -0.000133382 -0.000128533 -0.000124579 -0.000121232 -0.000117499 -0.0001136 -0.000110196 -0.000106906 -0.000104473 -0.000101248 -9.79282e-05 -9.44358e-05 -9.11301e-05 -8.81307e-05 -8.39116e-05 -7.97588e-05 -7.69459e-05 -7.32772e-05 -6.99537e-05 -6.69477e-05 -6.34833e-05 -6.03455e-05 -5.7544e-05 -5.46835e-05 -5.22573e-05 -4.85981e-05 -4.52871e-05 -4.22821e-05 -3.92763e-05 -3.67191e-05 -3.40107e-05 -3.09693e-05 -2.82001e-05 -2.59309e-05 -2.28315e-05 -1.93951e-05 -1.59469e-05 -1.34573e-05 -1.02815e-05 -7.1684e-06 -4.22392e-06 5.24902e-07 
-0.000357656 -0.000895646 -0.000989743 -0.000988111 -0.00102215 -0.00103386 -0.00103028 -0.00101484 -0.000995882 -0.000982905 -0.000977687 -0.000974716 -0.000971744 -0.000966181 -0.000956563 -0.00094748 -0.000938368 -0.000930037 -0.000921844 -0.000911738 -0.000901462 -0.000894877 -0.000885724 -0.000875417 -0.000864108 -0.00085056 -0.000840943 -0.000830882 -0.000822072 -0.000813971 -0.000806974 -0.000799756 -0.000792886 -0.000786494 -0.000779885 -0.000775717 -0.00077278 -0.000770524 -0.000768406 -0.000765938 -0.000763708 -0.0007614 -0.000759188 -0.000757247 -0.000755517 -0.000753542 -0.000751545 -0.000750016 -0.000747624 -0.00074546 -0.000743289 -0.000741508 -0.000739657 -0.000736101 -0.000732616 -0.000728895 -0.000724295 -0.000719677 -0.000716046 -0.000711113 -0.000706219 -0.000702054 -0.000696811 -0.000691314 -0.00068578 -0.000679872 -0.000674516 -0.000670889 -0.000665983 -0.000660915 -0.000656052 -0.000649655 -0.000644745 -0.000639422 -0.000632613 -0.000627211 -0.000622821 -0.00061744 -0.000613045 -0.000607683 -0.000601724 -0.000596491 -0.000591573 -0.000585163 -0.000578848 -0.000574375 -0.000569427 -0.000564069 -0.000558691 -0.000554325 -0.000547512 -0.000540819 -0.000534864 -0.000528887 -0.000521366 -0.000513568 -0.000508919 -0.000503056 -0.000498141 -0.000492708 -0.000486103 -0.000481505 -0.000476401 -0.000470311 -0.000465141 -0.000458677 -0.000452921 -0.000448295 -0.000442518 -0.000437188 -0.000433209 -0.000428807 -0.000424276 -0.000420703 -0.000416154 -0.000411924 -0.000408323 -0.000403859 -0.00040007 -0.00039723 -0.000394172 -0.000390574 -0.000387964 -0.000385032 -0.000381166 -0.000377332 -0.000374164 -0.000370334 -0.000367561 -0.00036315 -0.000359388 -0.000356636 -0.000353942 -0.000350951 -0.000348667 -0.000346846 -0.0003445 -0.000341895 -0.000339165 -0.000336464 -0.000334444 -0.000332168 -0.000330313 -0.000328223 -0.000325559 -0.00032298 -0.000321311 -0.000318957 -0.000316569 -0.000315148 -0.000312443 -0.000310276 -0.000308692 -0.000306586 -0.000304281 -0.000302271 -0.000300142 -0.000297587 -0.000295081 -0.000292175 -0.000290038 -0.000287825 -0.000285696 -0.000283915 -0.000281723 -0.000280177 -0.000277558 -0.000275056 -0.000273149 -0.000270933 -0.000267781 -0.000265075 -0.000262551 -0.000259793 -0.000257501 -0.000255161 -0.000252548 -0.000249254 -0.000245559 -0.000241972 -0.000238303 -0.000235888 -0.000233087 -0.000229548 -0.000226207 -0.000222724 -0.000218967 -0.000214205 -0.000209366 -0.000204938 -0.00020146 -0.00019768 -0.000194853 -0.000190558 -0.000186128 -0.000182623 -0.000178669 -0.000174701 -0.000170446 -0.000166136 -0.000163092 -0.000159581 -0.000155449 -0.000151698 -0.000147694 -0.00014441 -0.000140691 -0.000137562 -0.000133853 -0.000129337 -0.000124706 -0.000121243 -0.000117678 -0.000113796 -0.000111216 -0.000108061 -0.000104686 -0.000100914 -9.73101e-05 -9.46769e-05 -9.08994e-05 -8.72071e-05 -8.36577e-05 -8.01784e-05 -7.67762e-05 -7.30519e-05 -7.02474e-05 -6.7016e-05 -6.30835e-05 -6.04997e-05 -5.72826e-05 -5.39893e-05 -5.15621e-05 -4.84376e-05 -4.50911e-05 -4.22947e-05 -3.91431e-05 -3.6164e-05 -3.37109e-05 -3.09935e-05 -2.79875e-05 -2.5119e-05 -2.25039e-05 -1.92165e-05 -1.56539e-05 -1.24669e-05 -9.50834e-06 -7.18029e-06 -4.2374e-06 1.37894e-06 
-0.0003276 -0.000913889 -0.00101382 -0.000995768 -0.00102358 -0.00103663 -0.00103326 -0.00101204 -0.000994629 -0.000984236 -0.000978366 -0.000975959 -0.000971695 -0.000965472 -0.000957396 -0.000948984 -0.000939212 -0.000929155 -0.000921214 -0.000911894 -0.000902591 -0.000894159 -0.000885083 -0.000874428 -0.000862381 -0.000850317 -0.00083974 -0.000830071 -0.00082147 -0.000813013 -0.000806702 -0.000799319 -0.000791811 -0.000786004 -0.000780772 -0.000776265 -0.00077253 -0.000770147 -0.000767957 -0.000765572 -0.000763472 -0.000761317 -0.000759552 -0.000757884 -0.000755969 -0.000753502 -0.000751514 -0.000749661 -0.000747348 -0.000745683 -0.000743476 -0.000741382 -0.00073918 -0.00073609 -0.000732995 -0.000728853 -0.000723782 -0.000719925 -0.000715711 -0.000711318 -0.000707371 -0.00070235 -0.00069633 -0.000691148 -0.00068626 -0.000680348 -0.000674659 -0.00067102 -0.00066492 -0.000659939 -0.000655603 -0.000649227 -0.000643952 -0.000639241 -0.000633084 -0.000627008 -0.000621594 -0.000616275 -0.000612048 -0.000606596 -0.000601799 -0.000596571 -0.000591802 -0.000585487 -0.000578797 -0.000573282 -0.000568371 -0.000564324 -0.000559583 -0.000554039 -0.000548105 -0.00054285 -0.00053592 -0.000528244 -0.000521757 -0.000514692 -0.000509962 -0.000503058 -0.00049752 -0.000492619 -0.00048708 -0.000481417 -0.000476563 -0.000470493 -0.000464691 -0.00045899 -0.000453416 -0.000448502 -0.000442532 -0.000438168 -0.000433852 -0.000428875 -0.000424477 -0.000420198 -0.000416516 -0.00041253 -0.00040839 -0.000404075 -0.000400113 -0.000396726 -0.000394236 -0.000391078 -0.000387837 -0.000384478 -0.000381298 -0.000378007 -0.000374277 -0.000369977 -0.000367437 -0.000363369 -0.000359616 -0.000356876 -0.000354244 -0.00035158 -0.000348948 -0.000347132 -0.00034463 -0.00034165 -0.000339211 -0.000336916 -0.000334602 -0.000332348 -0.000330001 -0.000327959 -0.000325837 -0.00032381 -0.000321711 -0.000319249 -0.000316903 -0.000315359 -0.000312703 -0.000310432 -0.000308742 -0.000306572 -0.000304859 -0.000302803 -0.000299891 -0.00029691 -0.000294576 -0.000292205 -0.000290198 -0.000287735 -0.000285633 -0.000283935 -0.00028205 -0.000280176 -0.000277398 -0.000274868 -0.000272685 -0.000270257 -0.00026762 -0.00026535 -0.000262842 -0.000259973 -0.000258001 -0.000254893 -0.000251725 -0.00024908 -0.000245453 -0.000241575 -0.000237887 -0.000235022 -0.000232446 -0.000229213 -0.000226029 -0.000222348 -0.000218683 -0.000214174 -0.000210375 -0.000206159 -0.000202007 -0.000197993 -0.00019494 -0.000190245 -0.000185583 -0.000182615 -0.000178259 -0.000173644 -0.000170095 -0.000166185 -0.000163014 -0.000158943 -0.000155166 -0.000151805 -0.000148098 -0.000144878 -0.000140717 -0.000137266 -0.00013376 -0.000130245 -0.00012583 -0.000122337 -0.000118102 -0.000114396 -0.000111416 -0.000107531 -0.000104232 -0.000101067 -9.77863e-05 -9.43324e-05 -9.06249e-05 -8.64413e-05 -8.28898e-05 -7.97948e-05 -7.6089e-05 -7.30135e-05 -7.03374e-05 -6.66799e-05 -6.28747e-05 -6.0393e-05 -5.70471e-05 -5.36758e-05 -5.09817e-05 -4.78247e-05 -4.46841e-05 -4.16e-05 -3.87528e-05 -3.591e-05 -3.33988e-05 -3.06162e-05 -2.77789e-05 -2.43365e-05 -2.15025e-05 -1.88715e-05 -1.5612e-05 -1.2196e-05 -9.18281e-06 -7.13584e-06 -4.12916e-06 1.13667e-06 
-0.000306742 -0.000895512 -0.0010173 -0.00100676 -0.00104367 -0.00104852 -0.00103501 -0.00101583 -0.000993346 -0.000981707 -0.000977942 -0.000975751 -0.000971449 -0.000965145 -0.000957866 -0.000949219 -0.00093886 -0.000927153 -0.00091944 -0.00091162 -0.000902555 -0.000893222 -0.00088406 -0.000872609 -0.000861822 -0.000852362 -0.00084136 -0.000829603 -0.000820856 -0.000811908 -0.000806254 -0.000798748 -0.000791473 -0.000785897 -0.000781046 -0.000776332 -0.000772031 -0.00076951 -0.000767301 -0.000765222 -0.000763534 -0.000761459 -0.000759434 -0.000757583 -0.000755812 -0.000753954 -0.000752226 -0.000749824 -0.000747314 -0.000745793 -0.000743968 -0.000741506 -0.000738455 -0.000735723 -0.00073237 -0.000727651 -0.000723238 -0.000719962 -0.000714973 -0.000710621 -0.000707086 -0.000702312 -0.000697618 -0.000691615 -0.000686562 -0.000681215 -0.000675409 -0.000671197 -0.000664954 -0.000659353 -0.000655576 -0.000649479 -0.000643498 -0.000638464 -0.000632864 -0.000627679 -0.000621887 -0.000615669 -0.000611413 -0.000606417 -0.000601468 -0.000595114 -0.000589906 -0.000584424 -0.000579432 -0.000573586 -0.000567875 -0.000563837 -0.000559498 -0.000553216 -0.000547865 -0.000542878 -0.00053639 -0.000529445 -0.000523942 -0.000516216 -0.000509926 -0.000503852 -0.000497401 -0.000492815 -0.000487995 -0.000482218 -0.000476962 -0.000471352 -0.000465822 -0.000459695 -0.00045324 -0.000448089 -0.000443448 -0.000439221 -0.000434071 -0.000429001 -0.000425048 -0.000421033 -0.000417484 -0.000412861 -0.000408622 -0.00040493 -0.000400799 -0.000396742 -0.000394457 -0.000391683 -0.000388099 -0.000384385 -0.000380847 -0.000377865 -0.000373922 -0.000369931 -0.000366785 -0.000363533 -0.000360523 -0.000357543 -0.000354168 -0.000351851 -0.000349376 -0.000347299 -0.0003446 -0.000341998 -0.000339517 -0.000337168 -0.000334668 -0.00033271 -0.000330186 -0.000327705 -0.000325839 -0.000323578 -0.000321449 -0.000319469 -0.000317459 -0.000315353 -0.000313091 -0.000311141 -0.000308877 -0.000306426 -0.000304695 -0.000302595 -0.000299473 -0.000296941 -0.000294574 -0.000292199 -0.000290105 -0.000288076 -0.000286488 -0.000284736 -0.000282239 -0.000279813 -0.00027755 -0.00027525 -0.000272582 -0.000269319 -0.000267085 -0.000265225 -0.000262615 -0.000259986 -0.000258101 -0.000254903 -0.000251527 -0.000248916 -0.000244977 -0.000240737 -0.000237689 -0.00023496 -0.000231298 -0.000228088 -0.000225914 -0.000222563 -0.000218245 -0.000213775 -0.00021046 -0.000206346 -0.00020269 -0.000198657 -0.000195146 -0.000190726 -0.000186017 -0.000182565 -0.000178096 -0.000173603 -0.000170686 -0.000166566 -0.000162638 -0.000158921 -0.000155851 -0.000151713 -0.000147079 -0.00014407 -0.000140967 -0.000137807 -0.000133947 -0.000130805 -0.000126824 -0.000123041 -0.000119354 -0.000115639 -0.000111833 -0.00010702 -0.000103757 -0.00010135 -9.74625e-05 -9.32805e-05 -8.98186e-05 -8.64004e-05 -8.21202e-05 -7.86432e-05 -7.55973e-05 -7.27265e-05 -6.98734e-05 -6.65153e-05 -6.30749e-05 -6.00913e-05 -5.68487e-05 -5.3848e-05 -5.05388e-05 -4.70445e-05 -4.43698e-05 -4.13081e-05 -3.86683e-05 -3.58969e-05 -3.25502e-05 -2.94403e-05 -2.73576e-05 -2.40068e-05 -2.11654e-05 -1.83306e-05 -1.55434e-05 -1.22494e-05 -9.22505e-06 -6.74143e-06 -3.81309e-06 1.56632e-07 
-0.000306742 -0.000909897 -0.00105694 -0.00104136 -0.00105849 -0.00105192 -0.00103212 -0.00101491 -0.00099446 -0.000984771 -0.000977978 -0.000974792 -0.000971354 -0.000966212 -0.000958309 -0.000947918 -0.000939614 -0.000930122 -0.000921042 -0.00091408 -0.000903934 -0.000891857 -0.000883749 -0.000870754 -0.000860213 -0.000852195 -0.000839968 -0.000828553 -0.00082017 -0.000812261 -0.000805086 -0.000798566 -0.000792823 -0.000786493 -0.000780316 -0.000776426 -0.000772815 -0.000769759 -0.000767539 -0.000765189 -0.000763202 -0.000761585 -0.000759758 -0.000757625 -0.000755691 -0.000753937 -0.000752189 -0.000749867 -0.000747325 -0.000745726 -0.000743551 -0.000741268 -0.000738603 -0.000734817 -0.000730947 -0.000726968 -0.000723137 -0.000719951 -0.000715306 -0.000711279 -0.000706319 -0.000702047 -0.000697978 -0.000691092 -0.000685884 -0.000681253 -0.000676034 -0.000671298 -0.000665957 -0.000659638 -0.000654636 -0.000649577 -0.000644253 -0.000638057 -0.000631862 -0.000627471 -0.000620886 -0.000614121 -0.000609724 -0.000604593 -0.000599862 -0.000595255 -0.000590454 -0.000585 -0.00057941 -0.000573434 -0.000567749 -0.000562178 -0.000557997 -0.000553398 -0.000548748 -0.000543056 -0.00053704 -0.000530829 -0.000524626 -0.000516611 -0.000509481 -0.00050441 -0.00049906 -0.000493574 -0.000489192 -0.00048382 -0.000476632 -0.000471107 -0.000465877 -0.000459451 -0.000453652 -0.00044907 -0.000444016 -0.000439349 -0.000434512 -0.000429959 -0.000425763 -0.000421948 -0.00041806 -0.000413387 -0.000409641 -0.000405445 -0.000401121 -0.000396967 -0.000394376 -0.000390834 -0.000387811 -0.000384648 -0.000380499 -0.000377022 -0.000373649 -0.000370533 -0.000366604 -0.000363257 -0.000360914 -0.000357774 -0.000354779 -0.00035292 -0.000350511 -0.000347502 -0.000344865 -0.000342824 -0.000340347 -0.000337336 -0.000334633 -0.000332711 -0.000330164 -0.000328119 -0.000325784 -0.000323089 -0.000321124 -0.000319616 -0.000317293 -0.000315045 -0.000313069 -0.000311081 -0.00030896 -0.000306838 -0.000305126 -0.000302649 -0.000299857 -0.000297228 -0.000294833 -0.000292266 -0.000289943 -0.000288205 -0.000286721 -0.000284723 -0.000282494 -0.000279942 -0.000277428 -0.000274957 -0.000272155 -0.00026927 -0.00026731 -0.000264763 -0.00026192 -0.000259471 -0.000257549 -0.000254955 -0.00025178 -0.000248583 -0.000244149 -0.000240099 -0.000237214 -0.000233812 -0.000230602 -0.000227635 -0.000225367 -0.000222189 -0.000218417 -0.000213987 -0.000210595 -0.000206286 -0.000202941 -0.000199201 -0.000195546 -0.000191182 -0.000186533 -0.000181629 -0.000177684 -0.00017373 -0.000170907 -0.000167338 -0.000163791 -0.000160019 -0.00015649 -0.000152064 -0.000147266 -0.000144506 -0.00014136 -0.000137743 -0.000133961 -0.000131255 -0.000126816 -0.00012274 -0.000118824 -0.000114985 -0.000111115 -0.000106773 -0.000103625 -0.000100509 -9.66209e-05 -9.28039e-05 -8.97049e-05 -8.61663e-05 -8.20487e-05 -7.86586e-05 -7.56001e-05 -7.26928e-05 -6.95728e-05 -6.69637e-05 -6.33926e-05 -5.98936e-05 -5.61479e-05 -5.33635e-05 -5.04152e-05 -4.73034e-05 -4.42004e-05 -4.0945e-05 -3.76428e-05 -3.51042e-05 -3.2403e-05 -2.93647e-05 -2.70411e-05 -2.42431e-05 -2.12154e-05 -1.78786e-05 -1.49953e-05 -1.22983e-05 -9.86029e-06 -6.61752e-06 -2.55995e-06 9.56897e-07 
-0.000306742 -0.000928751 -0.00108087 -0.00105425 -0.00107076 -0.00106283 -0.0010379 -0.00101294 -0.000994178 -0.000984299 -0.0009779 -0.000973553 -0.000970056 -0.000966361 -0.00095908 -0.000949457 -0.000941867 -0.000930923 -0.000920833 -0.000911832 -0.000902252 -0.000891337 -0.000882075 -0.000869194 -0.000857763 -0.000849716 -0.000838278 -0.000828506 -0.000821332 -0.000812796 -0.000804134 -0.000797575 -0.000792444 -0.000786098 -0.000780877 -0.000776852 -0.000772771 -0.000769161 -0.000766662 -0.000764822 -0.000763215 -0.000761607 -0.000760071 -0.000757802 -0.000755932 -0.00075354 -0.000751631 -0.000749802 -0.000747857 -0.00074553 -0.000743141 -0.000740881 -0.000738233 -0.000733967 -0.000729663 -0.000726299 -0.000722898 -0.000718951 -0.000714662 -0.00071145 -0.000706703 -0.000701967 -0.0006982 -0.000692397 -0.000687462 -0.00068261 -0.000676935 -0.000671119 -0.000666029 -0.000659773 -0.000653763 -0.00064838 -0.000644128 -0.00063865 -0.000631689 -0.000626443 -0.0006211 -0.00061576 -0.000609997 -0.000604783 -0.000599456 -0.000595075 -0.00059137 -0.000585312 -0.0005785 -0.00057242 -0.000567384 -0.0005615 -0.000556622 -0.000552791 -0.000548756 -0.000543769 -0.000537983 -0.000531246 -0.000524341 -0.000517626 -0.000510754 -0.000505583 -0.000500468 -0.000493769 -0.00048836 -0.000484032 -0.000477878 -0.000472911 -0.000466319 -0.000459227 -0.000454556 -0.000449204 -0.000443794 -0.000439545 -0.000435886 -0.000431476 -0.000427491 -0.000422308 -0.000417979 -0.000414054 -0.000409774 -0.000405059 -0.000401537 -0.000398267 -0.000394971 -0.000390548 -0.000386907 -0.000384376 -0.000380358 -0.00037648 -0.000373256 -0.000370739 -0.000366958 -0.000364114 -0.000361548 -0.00035821 -0.000355259 -0.000353161 -0.000350802 -0.000348063 -0.00034524 -0.000342972 -0.000340086 -0.000337418 -0.000335074 -0.000332394 -0.000329667 -0.000327773 -0.000325538 -0.000323251 -0.000321512 -0.000319712 -0.00031726 -0.00031499 -0.000312969 -0.000310628 -0.000308682 -0.000306923 -0.000305048 -0.000302442 -0.000299717 -0.000297369 -0.000294222 -0.000291994 -0.000290553 -0.00028883 -0.000286532 -0.000284395 -0.000282605 -0.000280267 -0.000277479 -0.00027463 -0.000271617 -0.000268882 -0.000266959 -0.000264121 -0.000261614 -0.00025954 -0.00025739 -0.00025472 -0.000251393 -0.000247758 -0.000244144 -0.000240851 -0.000237248 -0.000233317 -0.000230578 -0.000227677 -0.000224495 -0.000221033 -0.000218074 -0.000213814 -0.000210337 -0.000206908 -0.00020376 -0.000200131 -0.000196117 -0.000190947 -0.000186554 -0.000181578 -0.000178351 -0.00017451 -0.000170946 -0.000167991 -0.000165033 -0.000160826 -0.000156165 -0.000152146 -0.000147584 -0.000144518 -0.000140931 -0.000137985 -0.000134242 -0.000131 -0.000127138 -0.000123781 -0.000119886 -0.000115537 -0.000111507 -0.000107697 -0.000103714 -9.94589e-05 -9.61093e-05 -9.32213e-05 -8.92926e-05 -8.52398e-05 -8.15536e-05 -7.86633e-05 -7.5335e-05 -7.2334e-05 -6.97418e-05 -6.67837e-05 -6.29003e-05 -5.96738e-05 -5.63205e-05 -5.3335e-05 -5.06421e-05 -4.7248e-05 -4.35439e-05 -4.05363e-05 -3.73085e-05 -3.44625e-05 -3.16839e-05 -2.83075e-05 -2.57448e-05 -2.30111e-05 -2.06467e-05 -1.81663e-05 -1.50624e-05 -1.21261e-05 -9.61122e-06 -6.50618e-06 -3.65072e-06 -5.9599e-07 
-0.000302222 -0.000923289 -0.00107911 -0.00105241 -0.00107686 -0.00107416 -0.00104532 -0.00101621 -0.000992112 -0.000983137 -0.000976792 -0.000973229 -0.000970553 -0.000966255 -0.000958877 -0.000950718 -0.000941827 -0.000931449 -0.000922444 -0.000912048 -0.000902404 -0.000891227 -0.000881689 -0.000869412 -0.000856672 -0.000845207 -0.000836591 -0.000828146 -0.000819395 -0.000811499 -0.00080487 -0.000798569 -0.000792507 -0.000786354 -0.000780918 -0.000776231 -0.000772425 -0.000769142 -0.000766575 -0.000764872 -0.00076324 -0.000761482 -0.000759754 -0.00075765 -0.000755968 -0.000753692 -0.000751304 -0.000749676 -0.000747916 -0.000745482 -0.000743154 -0.000740543 -0.000737213 -0.000733188 -0.000729383 -0.000726318 -0.000722545 -0.00071842 -0.000714761 -0.000711527 -0.00070722 -0.000702361 -0.000697089 -0.000692317 -0.000688103 -0.000683038 -0.000677257 -0.000672037 -0.000666617 -0.000659951 -0.000654679 -0.000648846 -0.00064338 -0.000638339 -0.000631255 -0.000625553 -0.000620229 -0.000615222 -0.000609417 -0.000604314 -0.000599828 -0.000595439 -0.00059081 -0.00058524 -0.000579519 -0.000573089 -0.000567012 -0.00056128 -0.000556083 -0.000551004 -0.000547082 -0.000542706 -0.000537421 -0.000532165 -0.000524695 -0.000518263 -0.000511349 -0.000505318 -0.000500223 -0.000495098 -0.000489502 -0.000485061 -0.000479168 -0.000473339 -0.000466679 -0.000459547 -0.00045497 -0.000448584 -0.00044385 -0.000440098 -0.000435728 -0.000431189 -0.000427592 -0.000423394 -0.000419476 -0.000415523 -0.000411211 -0.000405876 -0.000401642 -0.000398011 -0.00039491 -0.000391401 -0.000387525 -0.000384188 -0.000380684 -0.000376757 -0.000373136 -0.00037061 -0.000367229 -0.000364245 -0.000361693 -0.00035908 -0.000356463 -0.000353417 -0.000350845 -0.000348404 -0.000345817 -0.00034323 -0.000339904 -0.000337558 -0.000335204 -0.000332137 -0.000329282 -0.000327403 -0.000325077 -0.000323477 -0.000321331 -0.000319116 -0.000317172 -0.000315539 -0.0003131 -0.000310273 -0.000308835 -0.000306762 -0.000304333 -0.000302249 -0.000299698 -0.000297047 -0.000294156 -0.000292076 -0.000290633 -0.000288819 -0.000286434 -0.000284141 -0.000282407 -0.000280359 -0.000277812 -0.000274992 -0.000272238 -0.000268893 -0.000266355 -0.000263706 -0.000261848 -0.000259717 -0.000256708 -0.000253754 -0.00025114 -0.000247377 -0.000244284 -0.000240815 -0.000237084 -0.000233712 -0.00023081 -0.0002279 -0.000224026 -0.0002205 -0.000217773 -0.000213323 -0.0002094 -0.000206525 -0.000203074 -0.000199375 -0.000195618 -0.00019108 -0.000187669 -0.000182772 -0.000178589 -0.000175379 -0.000171454 -0.000167862 -0.000165065 -0.000161098 -0.000156198 -0.00015283 -0.000148457 -0.000144119 -0.000140818 -0.000138049 -0.000134145 -0.000130662 -0.000127101 -0.000124295 -0.000120786 -0.000115277 -0.000111099 -0.000106787 -0.000103366 -9.97647e-05 -9.68292e-05 -9.36018e-05 -8.91735e-05 -8.52027e-05 -8.18036e-05 -7.88333e-05 -7.50977e-05 -7.15575e-05 -6.90246e-05 -6.62301e-05 -6.25416e-05 -5.98755e-05 -5.64135e-05 -5.25605e-05 -4.99134e-05 -4.67689e-05 -4.32594e-05 -4.01894e-05 -3.64411e-05 -3.33755e-05 -3.06184e-05 -2.83922e-05 -2.56775e-05 -2.29406e-05 -2.02674e-05 -1.82924e-05 -1.528e-05 -1.21704e-05 -9.35181e-06 -6.71228e-06 -3.82323e-06 2.62474e-07 
-0.000302222 -0.000929335 -0.00108862 -0.00105988 -0.0010788 -0.00106865 -0.00104238 -0.00101353 -0.000991723 -0.000981512 -0.000974582 -0.000972063 -0.000970329 -0.000966288 -0.000960387 -0.000952686 -0.000941397 -0.000930509 -0.000922615 -0.000912582 -0.000902196 -0.000889182 -0.000878485 -0.0008663 -0.000856583 -0.000845849 -0.000836937 -0.00082819 -0.000817046 -0.000809607 -0.000803588 -0.000797565 -0.000792114 -0.000786927 -0.000781647 -0.000776279 -0.000771989 -0.000768939 -0.000766582 -0.000764881 -0.000763376 -0.000761577 -0.000759746 -0.000757622 -0.000755985 -0.000753719 -0.000751032 -0.000748898 -0.000747047 -0.000745393 -0.000743189 -0.000740116 -0.000736061 -0.000732205 -0.000728836 -0.000725389 -0.000722592 -0.000719138 -0.000715639 -0.000711222 -0.00070666 -0.000702375 -0.000697741 -0.000692923 -0.000688517 -0.000683309 -0.000678682 -0.000673815 -0.0006675 -0.000659978 -0.000655501 -0.000649313 -0.000642829 -0.000638599 -0.000631678 -0.000626092 -0.000620447 -0.000614171 -0.000608912 -0.000604274 -0.000599983 -0.00059522 -0.000589765 -0.000585721 -0.000580097 -0.000572555 -0.000565698 -0.000559603 -0.000555592 -0.000551208 -0.000547288 -0.000542886 -0.000537302 -0.000531862 -0.000524013 -0.00051751 -0.000510884 -0.000505432 -0.00050053 -0.000496669 -0.000491202 -0.000486499 -0.000479545 -0.000472864 -0.000467264 -0.000460938 -0.000455397 -0.00044945 -0.000445053 -0.00044092 -0.000436051 -0.000431595 -0.000428055 -0.000424056 -0.000420193 -0.000415778 -0.000411369 -0.000407117 -0.000402923 -0.000398481 -0.000395165 -0.000392036 -0.00038796 -0.00038363 -0.000380258 -0.000377358 -0.000373563 -0.000370827 -0.000367508 -0.000364425 -0.000361802 -0.000359179 -0.000356588 -0.000353743 -0.00035099 -0.000347893 -0.000345291 -0.000342572 -0.000340039 -0.000337447 -0.000334756 -0.00033195 -0.00032939 -0.000327317 -0.000325193 -0.000323431 -0.000321164 -0.000318967 -0.000317084 -0.0003153 -0.000312829 -0.000310107 -0.00030856 -0.00030637 -0.000304223 -0.000302369 -0.000299442 -0.000296566 -0.000294361 -0.000292267 -0.000290184 -0.000288249 -0.000286341 -0.000284667 -0.000282712 -0.000279959 -0.000277084 -0.000274657 -0.00027214 -0.000269276 -0.000266308 -0.000263661 -0.000261318 -0.000259045 -0.000256235 -0.000253566 -0.000251187 -0.000247997 -0.000244193 -0.000240818 -0.00023732 -0.000233786 -0.000230018 -0.000227349 -0.000223771 -0.000220077 -0.000217463 -0.000213162 -0.000209138 -0.000206249 -0.000202366 -0.000198704 -0.000195663 -0.000191725 -0.000188236 -0.000183196 -0.000178435 -0.000175162 -0.000171933 -0.000168558 -0.000165036 -0.000161903 -0.000157084 -0.000152791 -0.000148948 -0.000144363 -0.000140963 -0.000138048 -0.000134185 -0.000130827 -0.00012711 -0.000123785 -0.000120135 -0.000116076 -0.000112345 -0.000108111 -0.000103784 -0.000100097 -9.63434e-05 -9.29067e-05 -8.94552e-05 -8.61539e-05 -8.21098e-05 -7.8113e-05 -7.48863e-05 -7.17399e-05 -6.8961e-05 -6.59009e-05 -6.20981e-05 -5.90975e-05 -5.59323e-05 -5.2507e-05 -4.97789e-05 -4.67197e-05 -4.35885e-05 -3.96595e-05 -3.58857e-05 -3.33023e-05 -3.07271e-05 -2.81225e-05 -2.51524e-05 -2.26862e-05 -2.00075e-05 -1.80236e-05 -1.55589e-05 -1.2519e-05 -9.24425e-06 -6.4763e-06 -3.69408e-06 5.33616e-07 
-0.000302222 -0.000908968 -0.0010775 -0.0010489 -0.00106404 -0.00105907 -0.00103407 -0.00100616 -0.000986297 -0.000976781 -0.000971399 -0.000970059 -0.000969123 -0.000965114 -0.000958866 -0.000952371 -0.000941798 -0.000931203 -0.00092159 -0.000910299 -0.000902121 -0.00088964 -0.000876664 -0.000865987 -0.000856457 -0.000846199 -0.000834973 -0.000826288 -0.000816547 -0.000810838 -0.000803682 -0.000796438 -0.000791504 -0.000786425 -0.000781428 -0.000776724 -0.000772199 -0.000768375 -0.000766056 -0.000764684 -0.000763361 -0.000761791 -0.000759926 -0.000757333 -0.000755384 -0.00075318 -0.000750561 -0.000748641 -0.000746465 -0.000744442 -0.000742267 -0.00073978 -0.000736313 -0.000732611 -0.000728773 -0.000725179 -0.000722013 -0.000718935 -0.000715734 -0.000710364 -0.000706065 -0.000702566 -0.000697878 -0.00069323 -0.000688024 -0.00068348 -0.000678906 -0.000674248 -0.000667422 -0.000660822 -0.000656502 -0.000649754 -0.000642833 -0.000638729 -0.000632089 -0.000626199 -0.000620033 -0.000614159 -0.000609302 -0.000604077 -0.000598921 -0.000594264 -0.000589733 -0.000585698 -0.000579986 -0.000572649 -0.000566573 -0.000560983 -0.000555065 -0.000550878 -0.000546196 -0.000541872 -0.000536784 -0.000531138 -0.000523726 -0.000518081 -0.000512809 -0.000506901 -0.000501251 -0.000497379 -0.000492598 -0.000487019 -0.000481128 -0.000474232 -0.000468827 -0.000462322 -0.000455421 -0.000449741 -0.000445785 -0.00044063 -0.000436415 -0.000433099 -0.000429211 -0.000424533 -0.000420787 -0.000415697 -0.000411418 -0.000407725 -0.000403511 -0.000399924 -0.000395695 -0.000391642 -0.000388185 -0.000384075 -0.000380989 -0.000377577 -0.000373911 -0.000370468 -0.00036776 -0.000365 -0.000362347 -0.000359298 -0.000355988 -0.000353006 -0.000350935 -0.000347874 -0.000345366 -0.000342736 -0.000339973 -0.000337041 -0.000334023 -0.000331529 -0.000329225 -0.000326961 -0.000324981 -0.000323533 -0.0003215 -0.000319829 -0.000317341 -0.000314758 -0.000312752 -0.000310226 -0.00030812 -0.000305858 -0.000303929 -0.000301941 -0.000299362 -0.000296603 -0.0002947 -0.000292539 -0.000289835 -0.000287763 -0.00028613 -0.000284232 -0.000282062 -0.000279867 -0.00027749 -0.000274668 -0.000271903 -0.000269403 -0.000266518 -0.000264009 -0.000260999 -0.000258382 -0.000255867 -0.000253249 -0.000250975 -0.000247374 -0.000243936 -0.000241064 -0.000238361 -0.000234585 -0.000230458 -0.000227561 -0.000223868 -0.000219727 -0.000217067 -0.000212983 -0.000208963 -0.000205364 -0.000201715 -0.000199059 -0.000195496 -0.000191035 -0.000187706 -0.000183446 -0.000179107 -0.000175465 -0.000171851 -0.000169093 -0.000165567 -0.000161944 -0.000157078 -0.000152076 -0.000148566 -0.000145392 -0.000141925 -0.000138153 -0.000133904 -0.000130579 -0.000127467 -0.000124313 -0.000120116 -0.000116346 -0.000112863 -0.000108919 -0.000105005 -0.000101396 -9.65926e-05 -9.26807e-05 -8.91884e-05 -8.62086e-05 -8.25709e-05 -7.83843e-05 -7.48104e-05 -7.19518e-05 -6.8682e-05 -6.50978e-05 -6.17042e-05 -5.87157e-05 -5.57376e-05 -5.30262e-05 -4.9572e-05 -4.59737e-05 -4.29757e-05 -3.88639e-05 -3.52551e-05 -3.28851e-05 -3.00878e-05 -2.75816e-05 -2.51533e-05 -2.30671e-05 -2.03051e-05 -1.75579e-05 -1.49943e-05 -1.25006e-05 -9.46075e-06 -6.23814e-06 -3.25314e-06 7.99921e-07 
-0.000311113 -0.000877294 -0.00105169 -0.00104088 -0.00105879 -0.00105108 -0.00103295 -0.00100817 -0.000983719 -0.000971135 -0.000968859 -0.000967793 -0.000967525 -0.000964188 -0.000958336 -0.00095073 -0.000941476 -0.000932739 -0.000921192 -0.000908867 -0.000901648 -0.000890467 -0.000876992 -0.00086534 -0.000856213 -0.000846409 -0.000835146 -0.000827819 -0.000818035 -0.000811258 -0.000804402 -0.000797857 -0.000792199 -0.000785608 -0.000780495 -0.000776167 -0.000771523 -0.000768639 -0.000766415 -0.000764448 -0.000762891 -0.000761533 -0.000760018 -0.00075782 -0.0007554 -0.00075282 -0.00074995 -0.000747896 -0.000745808 -0.000743797 -0.000741918 -0.00073928 -0.000735973 -0.000732238 -0.000728292 -0.00072532 -0.000721593 -0.000718138 -0.000715029 -0.000710218 -0.000706658 -0.000701579 -0.000696361 -0.000692131 -0.000688128 -0.000684284 -0.000679547 -0.000673993 -0.000668058 -0.000661744 -0.000656787 -0.000650432 -0.000643696 -0.000639022 -0.000631634 -0.000625297 -0.000619836 -0.000614977 -0.000609395 -0.000603345 -0.000598607 -0.000594483 -0.00058962 -0.000584519 -0.00057852 -0.000572413 -0.000567826 -0.000561399 -0.000555137 -0.000550612 -0.000546375 -0.00054227 -0.000537113 -0.00053058 -0.000522977 -0.000517648 -0.000511682 -0.000506806 -0.000502242 -0.000498269 -0.0004933 -0.000487904 -0.000483087 -0.000476551 -0.000469687 -0.000462898 -0.000457168 -0.000451966 -0.000446618 -0.000441235 -0.000436892 -0.000433727 -0.000429343 -0.00042479 -0.000421971 -0.000417278 -0.0004132 -0.000408963 -0.000404074 -0.000400587 -0.000396078 -0.000392022 -0.000388625 -0.000384928 -0.000381267 -0.000377864 -0.000374518 -0.000371475 -0.00036827 -0.000364788 -0.000361576 -0.000359036 -0.000355732 -0.000352777 -0.000350744 -0.000347747 -0.000345226 -0.000342317 -0.000339402 -0.000336931 -0.000333988 -0.000331553 -0.000329128 -0.000326993 -0.000325303 -0.000323432 -0.000321737 -0.000320123 -0.000317819 -0.000314878 -0.000312878 -0.000310131 -0.000307625 -0.00030552 -0.00030351 -0.000301458 -0.000299347 -0.000296546 -0.00029407 -0.000292162 -0.000289749 -0.000288236 -0.000286082 -0.00028355 -0.000281603 -0.000279431 -0.000277032 -0.000274199 -0.000271384 -0.000268513 -0.000265979 -0.000264035 -0.000260975 -0.000258404 -0.000255534 -0.00025235 -0.000249911 -0.000246842 -0.00024394 -0.000241318 -0.000238112 -0.000234843 -0.000231196 -0.000227821 -0.000223616 -0.000219661 -0.000215974 -0.000211984 -0.000208872 -0.000204709 -0.00020113 -0.000198416 -0.000194666 -0.000191092 -0.000187485 -0.000183967 -0.000180065 -0.000175657 -0.000171754 -0.000168952 -0.000165063 -0.0001612 -0.000157245 -0.000152763 -0.000149189 -0.000145218 -0.000141648 -0.000138294 -0.000134685 -0.000130984 -0.000127153 -0.000124356 -0.000120921 -0.000117192 -0.000112827 -0.000108128 -0.000104663 -0.000101467 -9.73615e-05 -9.39548e-05 -8.93802e-05 -8.572e-05 -8.25971e-05 -7.86315e-05 -7.4746e-05 -7.09481e-05 -6.75296e-05 -6.47457e-05 -6.20882e-05 -5.80986e-05 -5.49682e-05 -5.21553e-05 -4.88848e-05 -4.55716e-05 -4.25034e-05 -3.87113e-05 -3.59647e-05 -3.3288e-05 -3.00437e-05 -2.78242e-05 -2.55365e-05 -2.33047e-05 -2.05554e-05 -1.73977e-05 -1.46263e-05 -1.21183e-05 -9.46782e-06 -6.46597e-06 -3.32634e-06 -4.92994e-07 
-0.000455859 -0.000885545 -0.000996143 -0.00102836 -0.00105008 -0.00104326 -0.00102677 -0.00100265 -0.000982742 -0.000971083 -0.000965755 -0.000965203 -0.00096568 -0.000963628 -0.000958377 -0.000949136 -0.000939986 -0.000931205 -0.000919486 -0.00090919 -0.000898754 -0.000887072 -0.000877182 -0.000866767 -0.000856096 -0.000845459 -0.000836047 -0.000829665 -0.000819747 -0.000811 -0.00080419 -0.000798887 -0.000792534 -0.000786158 -0.000781319 -0.000776129 -0.000771296 -0.000768469 -0.000766615 -0.000764823 -0.000763261 -0.000761581 -0.000759732 -0.000757412 -0.000754775 -0.000752368 -0.000749689 -0.00074759 -0.000745265 -0.00074309 -0.000740571 -0.000738173 -0.000735405 -0.000731454 -0.000727417 -0.000724417 -0.000720925 -0.000717973 -0.00071399 -0.000709304 -0.000705988 -0.000700536 -0.000695305 -0.000691767 -0.000687577 -0.000682684 -0.000678391 -0.000674026 -0.000668782 -0.000662163 -0.000656036 -0.000650987 -0.000644439 -0.000638689 -0.00063194 -0.000625558 -0.000620479 -0.000614729 -0.00060842 -0.000602863 -0.000598497 -0.000593959 -0.000588365 -0.000583187 -0.000578071 -0.000573066 -0.000568058 -0.000562023 -0.00055654 -0.000552084 -0.000547517 -0.000541533 -0.000535883 -0.000530577 -0.000524572 -0.00051882 -0.000511809 -0.000507167 -0.000503393 -0.000498148 -0.000493271 -0.000488314 -0.000483523 -0.00047698 -0.000470121 -0.000464088 -0.000459428 -0.000453979 -0.000447876 -0.000443053 -0.000438573 -0.000434552 -0.000429651 -0.000425171 -0.000422294 -0.000417639 -0.000413399 -0.000409632 -0.000404956 -0.000400785 -0.000396312 -0.000392519 -0.000388682 -0.000384864 -0.0003815 -0.000377902 -0.000374857 -0.0003718 -0.000368639 -0.000365269 -0.00036211 -0.000358954 -0.000356004 -0.000352691 -0.000350402 -0.000347256 -0.000344702 -0.000342297 -0.000339628 -0.000336966 -0.000334058 -0.00033145 -0.000329269 -0.000327463 -0.000325791 -0.00032353 -0.00032148 -0.000319833 -0.0003177 -0.000315132 -0.000312698 -0.000309955 -0.000307882 -0.000306011 -0.000303614 -0.000301114 -0.000299395 -0.000296682 -0.000294105 -0.00029178 -0.00028935 -0.00028774 -0.000285783 -0.000283567 -0.000281541 -0.000278521 -0.00027561 -0.000273039 -0.000270822 -0.000268264 -0.000265725 -0.000263204 -0.00025992 -0.000257379 -0.000254633 -0.000251657 -0.000249198 -0.000246806 -0.000244509 -0.000241616 -0.000237711 -0.000234607 -0.000231021 -0.000226802 -0.000223392 -0.000220102 -0.000215808 -0.00021154 -0.000208682 -0.000204551 -0.000200438 -0.000197272 -0.00019386 -0.000191115 -0.000187095 -0.000183095 -0.00017928 -0.000175321 -0.000172102 -0.000168948 -0.000164821 -0.00016099 -0.000157964 -0.000153981 -0.000150504 -0.000145686 -0.000141941 -0.000138617 -0.000135308 -0.000131273 -0.000126708 -0.000123682 -0.000120547 -0.000117227 -0.000113347 -0.000108976 -0.000105764 -0.000101738 -9.71022e-05 -9.39913e-05 -9.00243e-05 -8.59313e-05 -8.26512e-05 -7.92476e-05 -7.54614e-05 -7.13902e-05 -6.73404e-05 -6.44064e-05 -6.18442e-05 -5.8293e-05 -5.5094e-05 -5.20951e-05 -4.87633e-05 -4.5742e-05 -4.21489e-05 -3.83729e-05 -3.57424e-05 -3.32203e-05 -3.07771e-05 -2.86966e-05 -2.5957e-05 -2.28918e-05 -2.03098e-05 -1.79543e-05 -1.51894e-05 -1.21873e-05 -9.72011e-06 -6.79773e-06 -2.75336e-06 7.64065e-07 
-0.000485893 -0.000870183 -0.000960784 -0.00102677 -0.00105406 -0.00104243 -0.00101979 -0.000997872 -0.000983105 -0.000969756 -0.000963555 -0.000963493 -0.000963296 -0.000961602 -0.000957392 -0.000949384 -0.000941481 -0.00093134 -0.000920306 -0.000909744 -0.000897248 -0.000885129 -0.000875272 -0.000866245 -0.000856264 -0.000846866 -0.000837752 -0.000830774 -0.000820967 -0.000811974 -0.000804884 -0.000798936 -0.000791252 -0.000786076 -0.000780973 -0.000775494 -0.000771666 -0.000768925 -0.00076689 -0.000765204 -0.000763522 -0.000761039 -0.000759137 -0.000757095 -0.00075462 -0.000752222 -0.000749573 -0.000746742 -0.000744531 -0.000742682 -0.000740599 -0.000737763 -0.000735049 -0.000731013 -0.000726644 -0.000723358 -0.000720076 -0.000717149 -0.000712996 -0.000708403 -0.000704789 -0.000699785 -0.000695778 -0.000691248 -0.000686178 -0.000682257 -0.000678294 -0.000673599 -0.00066859 -0.000662817 -0.000656802 -0.000651478 -0.000644579 -0.000637921 -0.000632297 -0.000626511 -0.000620774 -0.000613929 -0.000608403 -0.000604016 -0.000598308 -0.000592437 -0.000588165 -0.000582697 -0.000578655 -0.000573692 -0.000567427 -0.00056241 -0.000557943 -0.000552965 -0.000547539 -0.000541863 -0.000535801 -0.000530488 -0.000524646 -0.000518794 -0.000513496 -0.000508012 -0.000503316 -0.00049873 -0.000494108 -0.000489252 -0.000483367 -0.000476791 -0.000470779 -0.000465515 -0.000460568 -0.000455308 -0.000449553 -0.000445143 -0.00043961 -0.000434562 -0.00043069 -0.000426085 -0.000422559 -0.000417881 -0.000413716 -0.000410106 -0.000405886 -0.000400818 -0.000395965 -0.000392407 -0.00038862 -0.000385393 -0.000382262 -0.00037842 -0.000374913 -0.000371875 -0.000368746 -0.000365944 -0.000362361 -0.00035886 -0.000355931 -0.000352893 -0.00035025 -0.00034768 -0.00034502 -0.00034249 -0.000339542 -0.000336502 -0.000334029 -0.000331646 -0.000329355 -0.000327154 -0.000325426 -0.000323717 -0.00032195 -0.000319781 -0.0003179 -0.000315543 -0.000312511 -0.000309732 -0.000307556 -0.000305582 -0.000303582 -0.000301272 -0.000299186 -0.00029666 -0.00029441 -0.000291751 -0.000288952 -0.000287189 -0.00028518 -0.00028314 -0.000280907 -0.000277971 -0.000275208 -0.000272638 -0.000270163 -0.000267753 -0.000265414 -0.000262686 -0.000259431 -0.000256702 -0.000254135 -0.000251685 -0.000248882 -0.000246202 -0.000243861 -0.0002411 -0.000237939 -0.00023507 -0.000231032 -0.000226695 -0.000223069 -0.000219747 -0.000216004 -0.000211537 -0.000208151 -0.000204363 -0.000200712 -0.000196795 -0.000193159 -0.000190112 -0.000186683 -0.000182959 -0.000179009 -0.000175125 -0.0001713 -0.000167832 -0.000164824 -0.000161275 -0.00015736 -0.000153447 -0.00015016 -0.000146857 -0.000143596 -0.00013923 -0.000134786 -0.000131304 -0.000127507 -0.000124045 -0.000120466 -0.000116636 -0.000113291 -0.000109561 -0.000106005 -0.000101755 -9.71144e-05 -9.38009e-05 -9.02809e-05 -8.67761e-05 -8.23643e-05 -7.8873e-05 -7.54879e-05 -7.14296e-05 -6.82358e-05 -6.44255e-05 -6.07995e-05 -5.79017e-05 -5.49095e-05 -5.13956e-05 -4.8209e-05 -4.53524e-05 -4.16901e-05 -3.88114e-05 -3.57875e-05 -3.29115e-05 -3.10507e-05 -2.88535e-05 -2.60052e-05 -2.31883e-05 -2.06652e-05 -1.80389e-05 -1.55402e-05 -1.194e-05 -9.35033e-06 -7.12662e-06 -3.68471e-06 3.57439e-07 
-0.000435278 -0.000883183 -0.00100323 -0.00102813 -0.00104571 -0.00104627 -0.00102301 -0.000998481 -0.000984738 -0.000971245 -0.00096405 -0.000961921 -0.000961698 -0.000959821 -0.000954616 -0.000948291 -0.000940422 -0.000928907 -0.000918266 -0.000908967 -0.000896466 -0.000886923 -0.00087583 -0.000864667 -0.000856305 -0.000847194 -0.000836616 -0.000828227 -0.000820458 -0.000812794 -0.000806625 -0.00079955 -0.000791835 -0.000786157 -0.000780784 -0.000775174 -0.000772136 -0.000769258 -0.000766767 -0.000764667 -0.000763123 -0.000760881 -0.00075897 -0.00075683 -0.000754238 -0.000751702 -0.000749146 -0.00074673 -0.000744526 -0.000742421 -0.000740163 -0.000736867 -0.000733731 -0.000730099 -0.000726641 -0.000723329 -0.000719056 -0.000715556 -0.00071235 -0.00070889 -0.00070418 -0.000699172 -0.000695709 -0.000690372 -0.000685218 -0.000682268 -0.000677758 -0.000671779 -0.000666987 -0.000662853 -0.000656675 -0.000650593 -0.000644734 -0.00063884 -0.000632572 -0.00062597 -0.000620144 -0.000614238 -0.000609258 -0.000604092 -0.000598313 -0.000592404 -0.000588182 -0.000582357 -0.000576825 -0.000572476 -0.000567689 -0.000563514 -0.000559298 -0.000553452 -0.000547386 -0.00054289 -0.000537412 -0.000531888 -0.000524639 -0.000518668 -0.000514937 -0.00050838 -0.000502476 -0.000498387 -0.000493524 -0.000488187 -0.000483241 -0.000477013 -0.000472093 -0.000466916 -0.000460991 -0.000456217 -0.00045138 -0.000446306 -0.000440461 -0.000435132 -0.000431112 -0.000426079 -0.000421554 -0.000417863 -0.000413985 -0.000409522 -0.000405083 -0.000400703 -0.000396744 -0.000392332 -0.000387789 -0.000384768 -0.000381877 -0.000378436 -0.000376078 -0.000372438 -0.000368606 -0.000365912 -0.000362789 -0.000359174 -0.000356595 -0.000353468 -0.000350096 -0.000347803 -0.000345022 -0.000342146 -0.000339511 -0.00033659 -0.000334263 -0.000332138 -0.000329436 -0.000327214 -0.000325377 -0.000323546 -0.000321758 -0.000319304 -0.000317205 -0.00031518 -0.000312565 -0.000310256 -0.000307533 -0.000305395 -0.000303596 -0.000301439 -0.000299013 -0.000296485 -0.00029397 -0.000291192 -0.000289034 -0.000287044 -0.00028467 -0.00028226 -0.000279995 -0.000277226 -0.000274832 -0.000272018 -0.000269112 -0.000266872 -0.000264952 -0.000262206 -0.000259487 -0.000256007 -0.000253224 -0.000250678 -0.000248616 -0.000246503 -0.000243649 -0.000240058 -0.000237433 -0.000234253 -0.000230332 -0.000226953 -0.000223054 -0.000219092 -0.000215841 -0.000211795 -0.000207843 -0.000203746 -0.000200663 -0.000197064 -0.000193426 -0.000189668 -0.000186157 -0.000182705 -0.000178804 -0.000175396 -0.000171531 -0.000167404 -0.000164563 -0.000161558 -0.000156932 -0.000153172 -0.000150315 -0.000147309 -0.000144192 -0.000140289 -0.000135584 -0.000131787 -0.000128391 -0.000124698 -0.000120457 -0.000116304 -0.000113869 -0.000109381 -0.000105148 -0.000101836 -9.82958e-05 -9.38827e-05 -8.95656e-05 -8.66156e-05 -8.29773e-05 -7.97758e-05 -7.55557e-05 -7.13016e-05 -6.84265e-05 -6.44626e-05 -6.06735e-05 -5.81315e-05 -5.46522e-05 -5.1038e-05 -4.84658e-05 -4.51619e-05 -4.1328e-05 -3.89805e-05 -3.59061e-05 -3.31699e-05 -3.13958e-05 -2.87861e-05 -2.60397e-05 -2.37719e-05 -2.06766e-05 -1.7407e-05 -1.51914e-05 -1.23774e-05 -9.79151e-06 -7.68582e-06 -4.14675e-06 1.08309e-06 
-0.000310693 -0.000886895 -0.00105631 -0.00104017 -0.00105098 -0.00105121 -0.00103077 -0.00100272 -0.000982343 -0.000970665 -0.000965341 -0.00096199 -0.000960024 -0.000958193 -0.000953723 -0.000947966 -0.000939008 -0.00092838 -0.000918607 -0.000906978 -0.00089492 -0.00088797 -0.000877762 -0.000865237 -0.000858231 -0.000847818 -0.000837048 -0.000830056 -0.000820283 -0.000810975 -0.0008035 -0.000797339 -0.000790759 -0.00078592 -0.000779937 -0.000775506 -0.000772643 -0.00076986 -0.000767377 -0.000764768 -0.00076335 -0.000760834 -0.00075822 -0.00075608 -0.000753704 -0.000751401 -0.000749384 -0.000747132 -0.000744409 -0.000741706 -0.000739308 -0.000736796 -0.000733217 -0.000729339 -0.000726302 -0.00072236 -0.000718648 -0.000715195 -0.000711906 -0.000708246 -0.000703829 -0.000699232 -0.000695055 -0.000689202 -0.000684753 -0.000681156 -0.000676396 -0.000671428 -0.000666923 -0.000662456 -0.000656263 -0.000649476 -0.000644694 -0.000638802 -0.000631731 -0.000625907 -0.000621081 -0.000615599 -0.000609479 -0.000603001 -0.000597999 -0.000592914 -0.000588589 -0.000583085 -0.000576763 -0.000571824 -0.000568158 -0.00056367 -0.000558919 -0.000553902 -0.000548207 -0.000543552 -0.000537499 -0.000531497 -0.000525547 -0.000519989 -0.000515314 -0.000509046 -0.000502757 -0.000498621 -0.000493307 -0.00048808 -0.000483088 -0.000476971 -0.000471432 -0.000466719 -0.000462103 -0.000458067 -0.000452216 -0.000446703 -0.000441566 -0.000435873 -0.000431178 -0.000426552 -0.000421536 -0.00041717 -0.000413839 -0.000409429 -0.00040483 -0.000400416 -0.000396922 -0.000392488 -0.000388497 -0.000385465 -0.000382326 -0.000378858 -0.000375851 -0.000372937 -0.000369418 -0.000366874 -0.000363784 -0.00035987 -0.000356581 -0.000353521 -0.000350362 -0.000347652 -0.000344746 -0.000342097 -0.000339716 -0.000336616 -0.000333917 -0.000331613 -0.000329784 -0.000327776 -0.000325322 -0.000322905 -0.000321373 -0.000319424 -0.000317403 -0.000315232 -0.000312458 -0.000310315 -0.000307904 -0.000305537 -0.000303232 -0.000301197 -0.000298885 -0.000296406 -0.000293635 -0.000290675 -0.000288457 -0.000286379 -0.000284623 -0.000282603 -0.000279884 -0.000277114 -0.000274137 -0.000271335 -0.000269014 -0.000266795 -0.000264186 -0.000261391 -0.000259354 -0.000256044 -0.000253207 -0.000250537 -0.000248457 -0.000246586 -0.000243404 -0.000240291 -0.000237039 -0.000233262 -0.000229387 -0.000226492 -0.000222743 -0.000219114 -0.000216148 -0.000212428 -0.000208511 -0.000204582 -0.000200388 -0.000196543 -0.000193922 -0.000190285 -0.000186575 -0.000183115 -0.000178794 -0.000175386 -0.00017179 -0.000167231 -0.000163481 -0.000160494 -0.000156823 -0.000153771 -0.000150223 -0.000146662 -0.000143625 -0.00014078 -0.000136212 -0.000131529 -0.000128026 -0.000124262 -0.000120452 -0.000116771 -0.000113886 -0.000109588 -0.000105527 -0.000102004 -9.84586e-05 -9.40383e-05 -8.96045e-05 -8.68095e-05 -8.31856e-05 -8.01009e-05 -7.6456e-05 -7.1814e-05 -6.85962e-05 -6.50509e-05 -6.10828e-05 -5.78608e-05 -5.41623e-05 -5.08708e-05 -4.83137e-05 -4.49068e-05 -4.16285e-05 -3.91423e-05 -3.64055e-05 -3.35145e-05 -3.12859e-05 -2.85458e-05 -2.5974e-05 -2.35547e-05 -2.02691e-05 -1.74132e-05 -1.52355e-05 -1.27191e-05 -9.6426e-06 -7.49248e-06 -4.53487e-06 4.89495e-07 
-0.000299122 -0.00090757 -0.0010753 -0.00104215 -0.00105308 -0.00105165 -0.00103135 -0.00100689 -0.000984864 -0.000972547 -0.000966986 -0.00096266 -0.000959462 -0.000956692 -0.000952 -0.000946461 -0.000937421 -0.000928812 -0.000919001 -0.000906608 -0.000894911 -0.000888006 -0.000877808 -0.000866672 -0.000859935 -0.000846581 -0.000835796 -0.000828696 -0.000819267 -0.000810078 -0.0008035 -0.000797209 -0.000791063 -0.000785612 -0.000779983 -0.000776304 -0.000772937 -0.000769831 -0.000767398 -0.000764797 -0.000763015 -0.000760229 -0.000757726 -0.000755887 -0.000753914 -0.000751331 -0.00074905 -0.000746941 -0.000744319 -0.000742039 -0.000739412 -0.000736429 -0.000732888 -0.000728799 -0.000725053 -0.000721247 -0.000718563 -0.000715415 -0.000711365 -0.00070739 -0.000703556 -0.000699735 -0.000694585 -0.000689209 -0.000684227 -0.000680213 -0.000675364 -0.000671745 -0.000665931 -0.00065999 -0.000655173 -0.000650119 -0.000644581 -0.000638044 -0.00063173 -0.000626678 -0.000620834 -0.000614415 -0.00060892 -0.0006031 -0.000598295 -0.000592919 -0.00058835 -0.000583024 -0.000577075 -0.000571223 -0.000567312 -0.000562946 -0.000558039 -0.000554446 -0.000549589 -0.000543835 -0.000537064 -0.000530897 -0.000526572 -0.000520361 -0.000514627 -0.000509337 -0.000504075 -0.000499012 -0.000493558 -0.000489085 -0.000483757 -0.000477088 -0.000472442 -0.000467077 -0.000461846 -0.000458011 -0.000453185 -0.000447424 -0.000442235 -0.000436279 -0.000430558 -0.000426217 -0.000421734 -0.000416936 -0.000412725 -0.000409235 -0.000405006 -0.000400349 -0.000396036 -0.000392352 -0.000389451 -0.000385965 -0.000382362 -0.000378672 -0.000375954 -0.000373019 -0.000369705 -0.000366368 -0.000363619 -0.000360588 -0.00035717 -0.000354216 -0.000351037 -0.000347764 -0.000344768 -0.000341944 -0.000339347 -0.000336691 -0.000334321 -0.000332005 -0.000329628 -0.000327666 -0.000325373 -0.000323147 -0.00032125 -0.000319353 -0.000317226 -0.000314944 -0.000312453 -0.0003101 -0.000307848 -0.000305486 -0.000303054 -0.000301148 -0.00029857 -0.000295721 -0.000293266 -0.000290829 -0.000288421 -0.000286015 -0.000284076 -0.000281855 -0.00027928 -0.000276759 -0.000273861 -0.000271428 -0.000269335 -0.000266828 -0.000263626 -0.000260948 -0.000258604 -0.000255541 -0.000253426 -0.00025072 -0.000248346 -0.000246248 -0.000243386 -0.00024058 -0.000236859 -0.000232496 -0.000229338 -0.000226039 -0.000222727 -0.000219917 -0.000216403 -0.000212157 -0.000208504 -0.000205062 -0.000200847 -0.000196733 -0.000194109 -0.000189821 -0.000186373 -0.000183389 -0.000178913 -0.000175167 -0.000171936 -0.000167597 -0.000163363 -0.000159664 -0.00015621 -0.000153497 -0.000149976 -0.000147018 -0.000143866 -0.000140896 -0.000136417 -0.000131645 -0.000127534 -0.000123653 -0.000120631 -0.000117383 -0.000113735 -0.000109879 -0.000106591 -0.000102338 -9.77867e-05 -9.39501e-05 -9.0116e-05 -8.73879e-05 -8.32242e-05 -7.99042e-05 -7.66383e-05 -7.26567e-05 -6.87144e-05 -6.53233e-05 -6.135e-05 -5.76855e-05 -5.42267e-05 -5.11481e-05 -4.84928e-05 -4.51177e-05 -4.24844e-05 -3.97583e-05 -3.65528e-05 -3.37682e-05 -3.10429e-05 -2.87335e-05 -2.60543e-05 -2.31658e-05 -2.00638e-05 -1.70914e-05 -1.44834e-05 -1.23403e-05 -9.80552e-06 -7.74348e-06 -4.362e-06 1.17449e-06 
-0.000299122 -0.00091561 -0.00108776 -0.00105256 -0.00106021 -0.00105561 -0.00103432 -0.00101072 -0.000990309 -0.000974648 -0.000967852 -0.00096359 -0.000959037 -0.00095575 -0.000951146 -0.000944606 -0.000936629 -0.000926762 -0.00091714 -0.000907513 -0.000898986 -0.000890338 -0.000879614 -0.000868682 -0.000861036 -0.000847162 -0.000835504 -0.000827584 -0.000817994 -0.000811123 -0.0008043 -0.000796507 -0.000789557 -0.00078503 -0.000780579 -0.000777163 -0.000773165 -0.00076987 -0.000767277 -0.000764874 -0.000762778 -0.000759951 -0.000757497 -0.000755507 -0.000753361 -0.00075113 -0.000749241 -0.000747066 -0.000744259 -0.000742234 -0.000738637 -0.000735029 -0.000732183 -0.000728439 -0.00072459 -0.000720875 -0.000717867 -0.000714913 -0.000711128 -0.000707473 -0.000703435 -0.000699381 -0.00069418 -0.000689826 -0.000684852 -0.000679775 -0.000674724 -0.000670937 -0.000664474 -0.000658493 -0.000654751 -0.000649213 -0.000642926 -0.000637702 -0.000631685 -0.000626459 -0.000619796 -0.000613984 -0.000609185 -0.000603563 -0.000598658 -0.000592377 -0.000587273 -0.000581902 -0.000576923 -0.000571242 -0.000567218 -0.000562233 -0.000557833 -0.000553908 -0.00054819 -0.000542853 -0.00053752 -0.000532172 -0.000526847 -0.000520978 -0.000514444 -0.000509091 -0.000504406 -0.000498979 -0.000494315 -0.00048991 -0.000483831 -0.000477362 -0.000472978 -0.000467577 -0.000462231 -0.000458004 -0.000453095 -0.000447355 -0.000441638 -0.000436244 -0.000430646 -0.000426003 -0.000421441 -0.000417059 -0.000412132 -0.000408291 -0.000405036 -0.000401021 -0.000396576 -0.000392578 -0.000389688 -0.000386341 -0.000382892 -0.000379779 -0.000376423 -0.000373659 -0.000370257 -0.000366695 -0.000363859 -0.000361241 -0.000357706 -0.000354176 -0.000350898 -0.000347643 -0.00034518 -0.000342395 -0.00033931 -0.000336853 -0.000334684 -0.000332127 -0.000329243 -0.000327233 -0.000325277 -0.000323113 -0.000321068 -0.000319205 -0.000317009 -0.000314983 -0.000313096 -0.000310695 -0.000307934 -0.000305423 -0.000302737 -0.000300884 -0.000298124 -0.000295334 -0.000292952 -0.000290654 -0.00028799 -0.000285293 -0.000283374 -0.000281211 -0.000278964 -0.000276777 -0.000273951 -0.000271089 -0.000268616 -0.000266202 -0.000263775 -0.000261571 -0.000258582 -0.000255347 -0.000253485 -0.000251256 -0.000248655 -0.00024572 -0.000243176 -0.000240149 -0.000235972 -0.000231997 -0.00022933 -0.000225444 -0.000222156 -0.000219733 -0.000216404 -0.00021311 -0.000208873 -0.000205292 -0.000201471 -0.000197353 -0.00019435 -0.000190035 -0.000186206 -0.000183615 -0.000179293 -0.000175091 -0.000171514 -0.00016754 -0.000163897 -0.000159962 -0.000155847 -0.00015312 -0.000150036 -0.000146801 -0.000142682 -0.000139244 -0.000135407 -0.000131836 -0.000127561 -0.000123248 -0.000120331 -0.000117441 -0.000113345 -0.000109811 -0.000106365 -0.000102268 -9.81629e-05 -9.48638e-05 -9.06214e-05 -8.71634e-05 -8.3646e-05 -7.98566e-05 -7.68914e-05 -7.3517e-05 -6.94437e-05 -6.5785e-05 -6.20709e-05 -5.85194e-05 -5.49431e-05 -5.13355e-05 -4.85061e-05 -4.59376e-05 -4.34491e-05 -4.01382e-05 -3.67723e-05 -3.41423e-05 -3.15372e-05 -2.91465e-05 -2.58872e-05 -2.28914e-05 -2.01406e-05 -1.70828e-05 -1.40287e-05 -1.2297e-05 -1.03166e-05 -7.82721e-06 -3.88629e-06 1.10506e-06 
-0.000299122 -0.000908763 -0.00107435 -0.00106011 -0.00106325 -0.00105622 -0.00103462 -0.00100715 -0.00099114 -0.000977032 -0.000969466 -0.00096393 -0.000959542 -0.000955005 -0.000950464 -0.00094397 -0.000937323 -0.000927367 -0.000916378 -0.000908456 -0.000898833 -0.000890082 -0.000881452 -0.000871747 -0.000861214 -0.000849236 -0.000838589 -0.000827514 -0.000816661 -0.000809948 -0.000803619 -0.000795529 -0.000790191 -0.000785315 -0.000780957 -0.00077712 -0.000773632 -0.000770988 -0.000768199 -0.000764934 -0.000762177 -0.000759965 -0.000757897 -0.000755536 -0.000752698 -0.000750787 -0.000749206 -0.000746799 -0.000744116 -0.000741913 -0.000738131 -0.000734387 -0.000731619 -0.00072776 -0.000723688 -0.000720833 -0.000718096 -0.000714003 -0.000710235 -0.0007077 -0.000703933 -0.000698859 -0.000693447 -0.000689567 -0.000684336 -0.000679495 -0.000674312 -0.000670083 -0.000664081 -0.000658312 -0.000654047 -0.000647951 -0.000641816 -0.000637551 -0.000630725 -0.000624665 -0.000618799 -0.000614281 -0.000608574 -0.000601772 -0.000597071 -0.000592185 -0.000587306 -0.000581511 -0.000576951 -0.000571367 -0.000566402 -0.000562084 -0.000557904 -0.000553014 -0.000546584 -0.000541858 -0.000538171 -0.000532085 -0.000525752 -0.000520563 -0.000515331 -0.000508839 -0.000503688 -0.000499138 -0.000494411 -0.000489703 -0.000484106 -0.00047814 -0.000472991 -0.000467688 -0.000462979 -0.000457764 -0.000452285 -0.000447573 -0.00044191 -0.000436899 -0.00043161 -0.000425322 -0.000420294 -0.000417172 -0.000412245 -0.000408237 -0.000404833 -0.000401711 -0.00039766 -0.00039354 -0.000390573 -0.000387381 -0.00038432 -0.000381327 -0.000376891 -0.000372995 -0.000370375 -0.000367438 -0.000364086 -0.000360872 -0.000358239 -0.000354815 -0.000351269 -0.000347743 -0.000344883 -0.000342406 -0.000339981 -0.000337582 -0.000334723 -0.000332564 -0.000330018 -0.000327661 -0.000325842 -0.000323399 -0.000320821 -0.00031929 -0.000316919 -0.000314951 -0.00031339 -0.000310622 -0.000307815 -0.000305413 -0.000302919 -0.000300406 -0.000297954 -0.000295679 -0.000292865 -0.000289911 -0.000287778 -0.000285555 -0.000283389 -0.000281391 -0.000278799 -0.000276275 -0.000273945 -0.000271352 -0.000268422 -0.000265792 -0.000263538 -0.000261296 -0.000258429 -0.000255341 -0.000253405 -0.000251014 -0.000248705 -0.000246078 -0.000242542 -0.000239114 -0.000235579 -0.000232142 -0.000229468 -0.00022583 -0.000222734 -0.000219192 -0.000216256 -0.000213393 -0.000208474 -0.000204728 -0.000201392 -0.000197737 -0.000194439 -0.000190772 -0.000186423 -0.000182953 -0.000179434 -0.000175661 -0.000171233 -0.000166848 -0.000163815 -0.000159385 -0.000154948 -0.00015214 -0.000148795 -0.00014548 -0.000142331 -0.000139111 -0.00013524 -0.000131272 -0.000127007 -0.000123158 -0.00011957 -0.000116715 -0.000113752 -0.00011057 -0.000106478 -0.000102313 -9.84946e-05 -9.46757e-05 -9.03029e-05 -8.65612e-05 -8.38338e-05 -8.07618e-05 -7.73576e-05 -7.43765e-05 -7.06616e-05 -6.57496e-05 -6.2062e-05 -5.87639e-05 -5.51211e-05 -5.19205e-05 -4.94178e-05 -4.65452e-05 -4.37769e-05 -4.06299e-05 -3.7499e-05 -3.46244e-05 -3.20346e-05 -2.92988e-05 -2.59625e-05 -2.32368e-05 -2.00742e-05 -1.68518e-05 -1.37914e-05 -1.20921e-05 -9.61474e-06 -7.30096e-06 -4.07914e-06 2.51586e-07 
-0.000378978 -0.000946294 -0.00104547 -0.00104164 -0.00105789 -0.00105194 -0.00102875 -0.00100563 -0.000994501 -0.000980885 -0.000969554 -0.000962987 -0.000959711 -0.000955236 -0.000949172 -0.00094267 -0.000937105 -0.000927715 -0.000919269 -0.000909911 -0.000898409 -0.000889866 -0.00088288 -0.000871455 -0.000860016 -0.000849421 -0.000838992 -0.000828343 -0.000818348 -0.000812155 -0.000805392 -0.00079753 -0.000791484 -0.000786296 -0.000781136 -0.000776708 -0.00077343 -0.000770951 -0.00076791 -0.000765102 -0.000762297 -0.000759931 -0.000757712 -0.000755304 -0.000752824 -0.000751157 -0.000748804 -0.000746025 -0.000743336 -0.000740993 -0.000737881 -0.00073431 -0.000730938 -0.000726616 -0.000722899 -0.000720348 -0.000717077 -0.000713467 -0.000709946 -0.000707313 -0.000703586 -0.000698938 -0.000693478 -0.000689204 -0.000683451 -0.000678813 -0.000673963 -0.000669445 -0.000663702 -0.000658209 -0.000651888 -0.000646127 -0.000640601 -0.000636329 -0.000630386 -0.000625008 -0.000619441 -0.000614347 -0.000608245 -0.000601671 -0.000597611 -0.000592443 -0.00058652 -0.00058047 -0.000576483 -0.000570417 -0.000565112 -0.000560571 -0.000556011 -0.000551012 -0.000545491 -0.000541316 -0.000536915 -0.000531063 -0.000525332 -0.000520791 -0.000515672 -0.000509553 -0.000504529 -0.000499827 -0.000495077 -0.000489854 -0.00048534 -0.000479049 -0.000473111 -0.000466846 -0.000462391 -0.000457835 -0.000452898 -0.00044785 -0.000441971 -0.000435942 -0.000431199 -0.000426109 -0.000420923 -0.000417406 -0.000413147 -0.000409019 -0.000404895 -0.000401539 -0.000398556 -0.000395384 -0.000391169 -0.000387174 -0.000384267 -0.00038148 -0.000377365 -0.000373552 -0.000370368 -0.000367461 -0.000364069 -0.000360856 -0.000357849 -0.00035466 -0.000351598 -0.000348541 -0.000345205 -0.000342396 -0.000340423 -0.000338174 -0.000335415 -0.000333253 -0.000330248 -0.000327575 -0.000325246 -0.000323049 -0.000320881 -0.000319139 -0.000316805 -0.000314714 -0.000313056 -0.000310509 -0.000307936 -0.000305928 -0.000303243 -0.00030015 -0.000297605 -0.000295366 -0.000292516 -0.000289978 -0.00028772 -0.000285106 -0.000282668 -0.000280446 -0.000278366 -0.00027614 -0.000273824 -0.000271614 -0.000268443 -0.000265981 -0.000262966 -0.000260533 -0.000258322 -0.000255999 -0.000253369 -0.000250819 -0.00024856 -0.000246034 -0.000242122 -0.000238232 -0.000235279 -0.000232194 -0.000228973 -0.000225625 -0.000223137 -0.000219654 -0.000216256 -0.000213545 -0.000209352 -0.000205779 -0.000202251 -0.000198262 -0.000194229 -0.000190733 -0.000186429 -0.000182279 -0.000178539 -0.000175505 -0.00017161 -0.000166821 -0.000163296 -0.000159676 -0.000156086 -0.00015223 -0.000148702 -0.000144949 -0.0001417 -0.000139088 -0.000134824 -0.000130188 -0.000126132 -0.000123091 -0.000119375 -0.000116194 -0.000113596 -0.000110796 -0.000107119 -0.000102915 -9.85186e-05 -9.41348e-05 -9.03943e-05 -8.69648e-05 -8.43012e-05 -8.143e-05 -7.73125e-05 -7.37813e-05 -7.08954e-05 -6.67271e-05 -6.34983e-05 -5.94415e-05 -5.53005e-05 -5.27173e-05 -4.97503e-05 -4.67051e-05 -4.40953e-05 -4.16117e-05 -3.85216e-05 -3.5757e-05 -3.21089e-05 -2.89936e-05 -2.61257e-05 -2.29849e-05 -1.94428e-05 -1.68896e-05 -1.4579e-05 -1.21957e-05 -9.35406e-06 -7.14008e-06 -4.55163e-06 -4.75194e-07 
-0.000277953 -0.0009237 -0.00104987 -0.00104092 -0.00105228 -0.00104523 -0.00102428 -0.00100685 -0.000992822 -0.000978411 -0.000968706 -0.000961679 -0.000957904 -0.000953682 -0.000948268 -0.000942626 -0.000935483 -0.000926575 -0.000919268 -0.000910714 -0.000901117 -0.000893072 -0.000884611 -0.000872321 -0.000860514 -0.000849499 -0.000837856 -0.000828531 -0.00082019 -0.000813356 -0.000805961 -0.000798374 -0.000793062 -0.000785778 -0.000780649 -0.000777579 -0.000774221 -0.00077048 -0.000767422 -0.000765182 -0.000762756 -0.000760139 -0.000757515 -0.000754904 -0.000752533 -0.000750835 -0.000748046 -0.000745511 -0.000743167 -0.000740652 -0.000737423 -0.000733767 -0.000729745 -0.000726175 -0.000723337 -0.000719901 -0.000716066 -0.000713253 -0.000709983 -0.000706376 -0.000702235 -0.000698587 -0.000693105 -0.000688271 -0.000683493 -0.000679232 -0.000674375 -0.000669349 -0.000662825 -0.00065739 -0.000650904 -0.000646175 -0.000640529 -0.000635094 -0.000629694 -0.000625249 -0.00061924 -0.000613053 -0.000607726 -0.000601812 -0.000597321 -0.000591461 -0.000586514 -0.000580449 -0.00057552 -0.000570194 -0.00056584 -0.000561137 -0.000555793 -0.000550629 -0.000545943 -0.000540617 -0.000534736 -0.000530139 -0.000526026 -0.000520471 -0.000514653 -0.0005093 -0.000504942 -0.000499954 -0.000495265 -0.000490829 -0.000485591 -0.00047877 -0.000473136 -0.000467403 -0.000462505 -0.000458286 -0.000453 -0.000447269 -0.000442179 -0.000436257 -0.000431346 -0.000426455 -0.000420578 -0.00041646 -0.000412272 -0.000408927 -0.000405849 -0.000402128 -0.000398826 -0.000395943 -0.000392027 -0.000388346 -0.000384796 -0.000381539 -0.000377948 -0.0003744 -0.000370765 -0.00036688 -0.000364083 -0.000361543 -0.000358215 -0.000354586 -0.000351736 -0.000348991 -0.000346081 -0.000343624 -0.00034121 -0.000338397 -0.000335802 -0.000333243 -0.000330419 -0.000328037 -0.000325369 -0.000323122 -0.000320907 -0.00031915 -0.000316998 -0.000314626 -0.000312335 -0.000310345 -0.000308039 -0.000305466 -0.000303028 -0.00030068 -0.00029804 -0.00029539 -0.000292539 -0.000289855 -0.000287288 -0.000284863 -0.000282421 -0.000280117 -0.000278262 -0.000276062 -0.000273513 -0.000271062 -0.000268136 -0.000265965 -0.000263103 -0.000260215 -0.000258311 -0.000256263 -0.000253593 -0.000251095 -0.00024854 -0.00024546 -0.000241883 -0.00023835 -0.000235733 -0.000232448 -0.00022897 -0.000226071 -0.000223459 -0.000220282 -0.000216671 -0.000212771 -0.000209231 -0.00020616 -0.00020245 -0.000198356 -0.000194766 -0.000191049 -0.000186471 -0.000182848 -0.00017881 -0.000174979 -0.000171564 -0.000166836 -0.000162955 -0.000159384 -0.000155984 -0.000151894 -0.000148207 -0.000145048 -0.000141709 -0.000138276 -0.000134476 -0.000130753 -0.00012667 -0.000122975 -0.000119554 -0.000116284 -0.000112868 -0.000109972 -0.000106507 -0.000102416 -9.88107e-05 -9.42046e-05 -9.0606e-05 -8.71999e-05 -8.40363e-05 -8.12696e-05 -7.81806e-05 -7.45583e-05 -7.16627e-05 -6.77424e-05 -6.41259e-05 -6.02024e-05 -5.59704e-05 -5.3358e-05 -4.97179e-05 -4.6944e-05 -4.45223e-05 -4.14873e-05 -3.82488e-05 -3.56628e-05 -3.25877e-05 -2.97773e-05 -2.68679e-05 -2.36212e-05 -1.96982e-05 -1.67598e-05 -1.41977e-05 -1.20445e-05 -9.75729e-06 -7.3111e-06 -3.74041e-06 7.31683e-07 
-0.000336437 -0.000960467 -0.00106278 -0.00103782 -0.00104616 -0.00103743 -0.00102542 -0.0010112 -0.00099174 -0.000975144 -0.000966566 -0.000960016 -0.000955807 -0.000951197 -0.000947927 -0.000942957 -0.000935045 -0.000926435 -0.000919329 -0.000910333 -0.000903373 -0.000893561 -0.000883073 -0.000873132 -0.000864275 -0.000851676 -0.000837899 -0.000831319 -0.000822322 -0.00081386 -0.000807432 -0.000800042 -0.000793721 -0.000786646 -0.000781007 -0.000777632 -0.000774257 -0.00077035 -0.000767084 -0.000765132 -0.000762896 -0.000760431 -0.000757883 -0.000755365 -0.000752455 -0.000749987 -0.000747306 -0.000745384 -0.000742981 -0.000739531 -0.000736093 -0.000733134 -0.000729105 -0.000726097 -0.000722831 -0.000719092 -0.000715731 -0.000712742 -0.00070962 -0.00070535 -0.000701232 -0.000697804 -0.000691989 -0.000686694 -0.000682603 -0.000677989 -0.000673119 -0.000668368 -0.000662845 -0.000658574 -0.000652177 -0.000646139 -0.000641106 -0.000634404 -0.000628122 -0.000623825 -0.000618212 -0.000612235 -0.000608184 -0.000602775 -0.000596623 -0.000591152 -0.000586545 -0.000580313 -0.000574898 -0.000569876 -0.000566257 -0.000561756 -0.000554696 -0.000549402 -0.00054381 -0.000539042 -0.000534177 -0.000530404 -0.000526069 -0.000520138 -0.000514753 -0.000509995 -0.000505691 -0.00049998 -0.000494441 -0.00049021 -0.000485414 -0.000478934 -0.000474086 -0.000468029 -0.000461484 -0.000457218 -0.000452447 -0.000447153 -0.000442316 -0.00043591 -0.000430782 -0.000425967 -0.000421822 -0.000417299 -0.000413059 -0.000409015 -0.000406368 -0.000402864 -0.000399271 -0.000395818 -0.000392106 -0.000389094 -0.000384991 -0.000380878 -0.00037739 -0.000374341 -0.000370382 -0.000367191 -0.000364144 -0.000361639 -0.000358683 -0.000355371 -0.000352274 -0.000349116 -0.000346192 -0.000344425 -0.000342082 -0.000339284 -0.000336663 -0.000333302 -0.000330225 -0.000328113 -0.000325627 -0.000323332 -0.000320773 -0.000318767 -0.000316572 -0.000314818 -0.00031261 -0.000310624 -0.000308214 -0.00030496 -0.000302584 -0.000300233 -0.000297681 -0.000295275 -0.00029284 -0.000290173 -0.000287277 -0.000284502 -0.000282088 -0.000279919 -0.000278015 -0.000275885 -0.000273354 -0.000270843 -0.000268013 -0.000265934 -0.000263194 -0.000260059 -0.000257574 -0.00025547 -0.000253757 -0.000251554 -0.000248643 -0.000244884 -0.000241464 -0.000238407 -0.000235487 -0.000233129 -0.000230246 -0.000227324 -0.000223736 -0.00022013 -0.000216877 -0.000213391 -0.000209699 -0.000206389 -0.000202608 -0.000199305 -0.000195938 -0.000191664 -0.000186523 -0.000183468 -0.000179208 -0.000174834 -0.000172062 -0.000167472 -0.00016365 -0.000159911 -0.000155699 -0.000151911 -0.000148404 -0.000145125 -0.000141659 -0.000137634 -0.000134845 -0.000131239 -0.00012669 -0.000122528 -0.000118958 -0.000116551 -0.000113394 -0.000110408 -0.000106939 -0.000102566 -9.87742e-05 -9.42762e-05 -9.05109e-05 -8.70795e-05 -8.41976e-05 -8.14972e-05 -7.92794e-05 -7.58141e-05 -7.27031e-05 -6.82883e-05 -6.42708e-05 -6.09888e-05 -5.72144e-05 -5.39931e-05 -5.0516e-05 -4.77859e-05 -4.50562e-05 -4.16167e-05 -3.84226e-05 -3.58102e-05 -3.28349e-05 -3.00535e-05 -2.68245e-05 -2.35267e-05 -2.04262e-05 -1.74996e-05 -1.44021e-05 -1.20523e-05 -1.00971e-05 -7.61293e-06 -3.26265e-06 8.6163e-07 
-0.000269801 -0.000898508 -0.0010415 -0.00103815 -0.00104158 -0.00103385 -0.00102363 -0.00101255 -0.000992773 -0.000975325 -0.000963094 -0.000956371 -0.000952114 -0.000949553 -0.000946625 -0.000942109 -0.000935329 -0.000928022 -0.000920772 -0.00091277 -0.000905043 -0.000894422 -0.000883623 -0.000873339 -0.00086416 -0.000852242 -0.000838976 -0.000832016 -0.000823247 -0.000815919 -0.000810293 -0.000801435 -0.000793531 -0.000787581 -0.000781852 -0.00077707 -0.000773478 -0.000770397 -0.000768108 -0.000765732 -0.000762653 -0.000759741 -0.00075742 -0.000754963 -0.000752366 -0.00074918 -0.000746556 -0.000744273 -0.000741794 -0.00073861 -0.000735668 -0.00073302 -0.000729562 -0.000725594 -0.000722261 -0.000718676 -0.000715024 -0.000711084 -0.00070808 -0.000704171 -0.000699836 -0.000696631 -0.000691139 -0.00068592 -0.000682114 -0.000676973 -0.00067221 -0.000668473 -0.000663823 -0.00065939 -0.000652489 -0.000645381 -0.00064002 -0.000634082 -0.000628546 -0.000623017 -0.000618495 -0.000612652 -0.000607485 -0.000602926 -0.000596605 -0.000591299 -0.000586387 -0.000580198 -0.000575087 -0.00056999 -0.000565551 -0.000560704 -0.000555255 -0.000550304 -0.000544673 -0.000538738 -0.000533945 -0.000528999 -0.000524361 -0.000519938 -0.000515672 -0.000510311 -0.000504816 -0.000500014 -0.000495096 -0.000490574 -0.000485419 -0.000478668 -0.000473274 -0.000467771 -0.000461783 -0.000457219 -0.000452674 -0.000447942 -0.000442191 -0.000436285 -0.00043192 -0.000427454 -0.000422565 -0.000417363 -0.000413312 -0.000409103 -0.000406457 -0.000403635 -0.000400063 -0.000395712 -0.000391493 -0.000388522 -0.000384816 -0.000381211 -0.000378199 -0.000374767 -0.000370808 -0.000367901 -0.000364488 -0.000361392 -0.000358318 -0.000355341 -0.000352886 -0.000350058 -0.000346948 -0.000344671 -0.000342051 -0.000339066 -0.000336823 -0.000333629 -0.000330538 -0.000328091 -0.000325482 -0.000323693 -0.000321186 -0.000318561 -0.000316605 -0.000314849 -0.000312678 -0.000310036 -0.000307738 -0.000304915 -0.000302957 -0.000300241 -0.00029734 -0.000295077 -0.000292601 -0.000290164 -0.00028753 -0.000284394 -0.000281538 -0.000279251 -0.00027743 -0.00027553 -0.000273355 -0.000270859 -0.000267529 -0.000265166 -0.000262632 -0.000259715 -0.000257549 -0.000255123 -0.00025309 -0.000251031 -0.000248728 -0.000245579 -0.000242383 -0.000238984 -0.000235862 -0.000233191 -0.000230679 -0.000228079 -0.000223761 -0.000220142 -0.000217181 -0.000213616 -0.000210045 -0.000206045 -0.000202725 -0.000199493 -0.000196302 -0.000191713 -0.000187229 -0.000184296 -0.000179714 -0.000175048 -0.000172368 -0.000168074 -0.000164298 -0.000160296 -0.000156277 -0.000152749 -0.000148837 -0.000144782 -0.000141384 -0.000138005 -0.000135169 -0.000131383 -0.000126853 -0.000123206 -0.00012003 -0.000116316 -0.000113204 -0.000109711 -0.000106418 -0.000102536 -9.88916e-05 -9.45504e-05 -9.13472e-05 -8.86084e-05 -8.5536e-05 -8.23476e-05 -8.00083e-05 -7.69776e-05 -7.34168e-05 -6.97868e-05 -6.56021e-05 -6.24092e-05 -5.85238e-05 -5.44081e-05 -5.09204e-05 -4.83476e-05 -4.47869e-05 -4.17195e-05 -3.92767e-05 -3.63865e-05 -3.29194e-05 -3.02324e-05 -2.65381e-05 -2.34094e-05 -2.07978e-05 -1.78187e-05 -1.5313e-05 -1.23487e-05 -9.49724e-06 -7.19055e-06 -3.90134e-06 -2.81134e-07 
-0.000322033 -0.000914069 -0.00103778 -0.00102403 -0.00103705 -0.00103494 -0.00102478 -0.00101 -0.000990919 -0.00097649 -0.000961078 -0.000953715 -0.000951805 -0.000949794 -0.000946545 -0.000941221 -0.000935665 -0.000928326 -0.000920533 -0.000913117 -0.000906823 -0.00089754 -0.000888972 -0.000875727 -0.000862455 -0.000852859 -0.000841447 -0.00083255 -0.000823947 -0.00081743 -0.000810951 -0.000803244 -0.000794763 -0.00078908 -0.000783334 -0.000776974 -0.000772965 -0.00077044 -0.000767921 -0.000765325 -0.000762754 -0.000760169 -0.00075719 -0.00075427 -0.00075183 -0.000748589 -0.000746041 -0.000742955 -0.00074032 -0.00073783 -0.000735168 -0.000732665 -0.000728629 -0.000724793 -0.000721755 -0.000718793 -0.00071469 -0.000710453 -0.000707389 -0.000703508 -0.00069883 -0.000695576 -0.000690341 -0.000685196 -0.00068064 -0.000675949 -0.000672646 -0.000668465 -0.000663279 -0.000659132 -0.000652933 -0.000646205 -0.000640008 -0.000633496 -0.000628787 -0.000623084 -0.000617757 -0.000611878 -0.000606003 -0.00060173 -0.000597601 -0.000592205 -0.000586164 -0.000579421 -0.000574632 -0.000570332 -0.000566021 -0.000560392 -0.000555252 -0.000550462 -0.000544888 -0.000539442 -0.000534614 -0.000528347 -0.000523297 -0.000519014 -0.000515167 -0.000510412 -0.00050491 -0.000499961 -0.000495703 -0.00049059 -0.000484657 -0.000478715 -0.000473269 -0.000468036 -0.000463063 -0.0004575 -0.000452091 -0.000447595 -0.000441677 -0.000436181 -0.000432109 -0.000427293 -0.000422671 -0.000418195 -0.000414429 -0.00040992 -0.000406189 -0.000403266 -0.000400347 -0.00039645 -0.000391876 -0.00038905 -0.000385363 -0.000381515 -0.000377919 -0.000374979 -0.000371242 -0.000368704 -0.000365576 -0.000362426 -0.000359217 -0.000355832 -0.000353009 -0.000350707 -0.000348068 -0.000345424 -0.000342699 -0.000339542 -0.000336668 -0.000333834 -0.000331374 -0.000328639 -0.000325769 -0.00032406 -0.000321781 -0.000318994 -0.000316672 -0.00031486 -0.000312626 -0.000309841 -0.000307847 -0.000305093 -0.00030291 -0.000300369 -0.000297903 -0.000295429 -0.000292264 -0.000289756 -0.000287212 -0.000284024 -0.000281702 -0.000279244 -0.00027674 -0.0002746 -0.000272796 -0.000270737 -0.000268098 -0.000265322 -0.000262486 -0.000259264 -0.000257035 -0.000254759 -0.000252705 -0.000250986 -0.000248759 -0.000245846 -0.00024267 -0.000239345 -0.000236909 -0.000233756 -0.000230839 -0.000228183 -0.000224315 -0.000221209 -0.000216925 -0.00021268 -0.000209409 -0.000206247 -0.00020338 -0.000200053 -0.000196304 -0.000192288 -0.000188043 -0.000184729 -0.000180512 -0.000176006 -0.000172946 -0.00016829 -0.000164397 -0.000160811 -0.000157381 -0.000153368 -0.000148926 -0.000145144 -0.000142099 -0.000138412 -0.000134726 -0.000130725 -0.000126798 -0.000124055 -0.00012012 -0.000116156 -0.000112962 -0.000109814 -0.000106804 -0.000103365 -9.9366e-05 -9.49522e-05 -9.18431e-05 -8.87524e-05 -8.6196e-05 -8.34959e-05 -8.09205e-05 -7.78738e-05 -7.44905e-05 -7.15331e-05 -6.7479e-05 -6.33706e-05 -5.93314e-05 -5.58337e-05 -5.24729e-05 -4.88493e-05 -4.50049e-05 -4.17729e-05 -3.9419e-05 -3.61575e-05 -3.28302e-05 -3.08217e-05 -2.74604e-05 -2.45809e-05 -2.16006e-05 -1.81888e-05 -1.58106e-05 -1.27744e-05 -9.88891e-06 -7.27969e-06 -4.1913e-06 4.32169e-07 
-0.000325341 -0.000909694 -0.0010053 -0.00099848 -0.00103001 -0.00103843 -0.00103161 -0.00101295 -0.000989679 -0.000976125 -0.000960567 -0.000954299 -0.000952857 -0.000951079 -0.000948698 -0.000942865 -0.000936391 -0.000928648 -0.000921346 -0.000914907 -0.000907177 -0.000899424 -0.000891315 -0.000879075 -0.00086377 -0.000854296 -0.000842631 -0.000832579 -0.000824802 -0.000817596 -0.000810787 -0.000804408 -0.000795458 -0.000788069 -0.000782872 -0.000777523 -0.000774402 -0.000771009 -0.000767559 -0.000765089 -0.000762362 -0.000759554 -0.00075635 -0.000753217 -0.000750206 -0.000747234 -0.000745142 -0.000741871 -0.000739496 -0.000736825 -0.000733871 -0.000731241 -0.000727687 -0.000724458 -0.000721496 -0.000717863 -0.000714061 -0.000710309 -0.000706659 -0.000702077 -0.000697699 -0.000693426 -0.00068846 -0.000684571 -0.00067941 -0.000674954 -0.000671708 -0.000667299 -0.000663293 -0.000658736 -0.000653779 -0.000647698 -0.000640157 -0.000633006 -0.000628034 -0.000621866 -0.000616289 -0.000611622 -0.000606454 -0.000602095 -0.000596553 -0.000590922 -0.000585507 -0.000579948 -0.000574883 -0.000569673 -0.000565765 -0.000561165 -0.000556089 -0.000550011 -0.000543248 -0.000538315 -0.000533768 -0.000528329 -0.00052402 -0.000518278 -0.000513731 -0.000509799 -0.000504562 -0.000499453 -0.000494133 -0.000489034 -0.00048445 -0.000479838 -0.000472787 -0.000467115 -0.000462195 -0.000457056 -0.000452155 -0.000447534 -0.000442098 -0.000437918 -0.000433482 -0.000427727 -0.000423675 -0.000419185 -0.000415072 -0.000410729 -0.000406346 -0.000403006 -0.000400175 -0.000396986 -0.000392869 -0.000389131 -0.000385992 -0.000382555 -0.000378569 -0.000375837 -0.000372118 -0.000368582 -0.000365886 -0.000362699 -0.00035956 -0.00035661 -0.000353321 -0.000350556 -0.000348398 -0.00034579 -0.000343133 -0.000340287 -0.000337036 -0.000333965 -0.000331571 -0.000329018 -0.000326725 -0.000324192 -0.000321711 -0.000319533 -0.000317219 -0.00031475 -0.000312267 -0.000309882 -0.000308122 -0.000305339 -0.000302553 -0.000300091 -0.000298088 -0.000295428 -0.000292604 -0.000290156 -0.000286943 -0.000283715 -0.000281243 -0.000278997 -0.000276816 -0.000274835 -0.000272699 -0.000270457 -0.000267935 -0.000264943 -0.000262329 -0.000259265 -0.000256919 -0.000254527 -0.000252396 -0.000250131 -0.000248181 -0.000245876 -0.00024253 -0.000239302 -0.000236904 -0.000234105 -0.000231548 -0.000228117 -0.000224209 -0.000221376 -0.000216852 -0.000212403 -0.000209367 -0.000206143 -0.000202475 -0.000199391 -0.000196533 -0.000192988 -0.000188528 -0.00018446 -0.000181093 -0.000176777 -0.000173125 -0.000168936 -0.000164975 -0.000161758 -0.000157791 -0.000153259 -0.000149156 -0.000145624 -0.000142318 -0.000138111 -0.000134237 -0.000130696 -0.000127325 -0.000123989 -0.000120073 -0.000116436 -0.000113473 -0.000110272 -0.00010652 -0.000103259 -0.000100224 -9.68057e-05 -9.36619e-05 -8.97777e-05 -8.70523e-05 -8.47934e-05 -8.14117e-05 -7.82818e-05 -7.51518e-05 -7.21706e-05 -6.8114e-05 -6.39584e-05 -6.03238e-05 -5.73576e-05 -5.36669e-05 -4.94605e-05 -4.60066e-05 -4.26587e-05 -3.96974e-05 -3.61211e-05 -3.29652e-05 -3.09373e-05 -2.7642e-05 -2.46825e-05 -2.20283e-05 -1.88094e-05 -1.59589e-05 -1.28515e-05 -1.01567e-05 -7.45168e-06 -3.73769e-06 1.50758e-06 
-0.000348337 -0.000906025 -0.000998205 -0.000988268 -0.00101541 -0.00103203 -0.00103464 -0.00101549 -0.000989995 -0.000974392 -0.000961447 -0.000955621 -0.000954774 -0.000953284 -0.000950041 -0.000943391 -0.000936779 -0.000929595 -0.000922762 -0.000916722 -0.000907977 -0.000898814 -0.000890196 -0.000879284 -0.000865919 -0.000854651 -0.000842783 -0.000834649 -0.000828005 -0.0008193 -0.000810752 -0.000805129 -0.000796593 -0.000788633 -0.000782741 -0.00077741 -0.000774222 -0.000771135 -0.00076803 -0.000765395 -0.000761511 -0.0007579 -0.000754825 -0.00075217 -0.000749178 -0.000746157 -0.000743491 -0.000740045 -0.000737895 -0.000735273 -0.000732589 -0.000730091 -0.000727387 -0.000724731 -0.000721382 -0.000716803 -0.000713218 -0.000709358 -0.000704685 -0.000700947 -0.000697236 -0.000692278 -0.000687317 -0.000683611 -0.000678559 -0.000673585 -0.000669816 -0.000665848 -0.000662766 -0.000657397 -0.000652113 -0.000646277 -0.000639458 -0.000633504 -0.000628089 -0.000621602 -0.000616191 -0.000612354 -0.000607599 -0.000603142 -0.00059614 -0.000590321 -0.000585005 -0.000580116 -0.000574543 -0.000568619 -0.000564606 -0.000560372 -0.000555765 -0.000550282 -0.000544103 -0.000539592 -0.000533808 -0.000527339 -0.000523142 -0.000518085 -0.000513147 -0.000509097 -0.000504724 -0.000499836 -0.000494247 -0.000488612 -0.000484078 -0.00047981 -0.00047376 -0.000468048 -0.000462937 -0.000457583 -0.000452828 -0.000447439 -0.000441983 -0.000437934 -0.000433794 -0.000429393 -0.000425406 -0.00042029 -0.000414836 -0.000410664 -0.000407397 -0.000403921 -0.000400446 -0.0003977 -0.000394038 -0.000389525 -0.000386506 -0.000383815 -0.000379759 -0.00037668 -0.00037302 -0.000369135 -0.000366473 -0.00036254 -0.000359199 -0.000356951 -0.000353791 -0.000351143 -0.000349068 -0.000346186 -0.000343113 -0.000340557 -0.000337549 -0.000335043 -0.000332446 -0.000329982 -0.000327554 -0.000324538 -0.000321773 -0.000319425 -0.000317168 -0.000314794 -0.000312462 -0.000310097 -0.000308232 -0.000305483 -0.000302767 -0.00030037 -0.000298063 -0.000294808 -0.00029252 -0.000289977 -0.000286657 -0.000283912 -0.00028132 -0.000278991 -0.000277058 -0.000275129 -0.000272244 -0.000270057 -0.000267924 -0.00026519 -0.000262564 -0.000259578 -0.0002564 -0.0002541 -0.000252334 -0.000250426 -0.000248114 -0.000246022 -0.000242819 -0.000239226 -0.000236601 -0.000233886 -0.000231624 -0.000228233 -0.000224295 -0.000221065 -0.000216936 -0.000213354 -0.000209473 -0.000205423 -0.000202491 -0.000199586 -0.000196504 -0.00019313 -0.00018926 -0.000185155 -0.000181614 -0.000177024 -0.000172773 -0.00016931 -0.000165849 -0.000162147 -0.000157641 -0.00015369 -0.00015038 -0.000146036 -0.000141747 -0.000138512 -0.000134431 -0.000131341 -0.000127708 -0.000123259 -0.000119779 -0.000116822 -0.000113503 -0.00011015 -0.000106929 -0.000103719 -0.000100827 -9.76307e-05 -9.46037e-05 -9.16061e-05 -8.82018e-05 -8.53812e-05 -8.24902e-05 -7.93776e-05 -7.61714e-05 -7.24861e-05 -6.83073e-05 -6.45572e-05 -6.12473e-05 -5.79986e-05 -5.43502e-05 -5.02937e-05 -4.71026e-05 -4.31141e-05 -3.94268e-05 -3.66649e-05 -3.3517e-05 -3.1061e-05 -2.78048e-05 -2.48844e-05 -2.23411e-05 -1.93963e-05 -1.58696e-05 -1.25982e-05 -9.99684e-06 -7.06809e-06 -4.22408e-06 8.63273e-08 
-0.00034448 -0.000877158 -0.000987925 -0.00098447 -0.00100956 -0.00102124 -0.00102683 -0.00101521 -0.000990529 -0.000973842 -0.000962327 -0.00095749 -0.000956742 -0.000954019 -0.00095065 -0.000944959 -0.000937556 -0.000929293 -0.000921016 -0.000914559 -0.000908405 -0.00090098 -0.00089067 -0.000881035 -0.00086916 -0.000855405 -0.000843195 -0.000834463 -0.000827566 -0.000820317 -0.000812181 -0.000805011 -0.000796768 -0.000790172 -0.000783733 -0.000777247 -0.000773711 -0.000770517 -0.000767715 -0.000764816 -0.000761085 -0.000757536 -0.000754274 -0.000751205 -0.000748215 -0.000745449 -0.000742376 -0.000738973 -0.000736526 -0.00073416 -0.000732034 -0.000729213 -0.000726347 -0.000723717 -0.000720333 -0.000716614 -0.000713275 -0.000708667 -0.000703844 -0.000699848 -0.000695992 -0.00069165 -0.000686402 -0.000682137 -0.000677466 -0.000673029 -0.00066854 -0.00066439 -0.000660774 -0.000656274 -0.000651202 -0.000644984 -0.000638708 -0.000632383 -0.000626559 -0.000621882 -0.000616894 -0.00061168 -0.000606667 -0.000602177 -0.000596935 -0.000591866 -0.000585122 -0.00057842 -0.000573689 -0.00056913 -0.000564727 -0.000559892 -0.000554662 -0.000549989 -0.00054474 -0.000539637 -0.000533444 -0.000526907 -0.000522326 -0.000517738 -0.000513304 -0.000507823 -0.000503476 -0.00049932 -0.000493956 -0.000489611 -0.000484137 -0.000478416 -0.000473565 -0.000468417 -0.000462631 -0.000457448 -0.00045287 -0.000447252 -0.000442957 -0.000438132 -0.000433281 -0.000429786 -0.000425684 -0.000420579 -0.000415636 -0.000411605 -0.000407805 -0.000404685 -0.000400466 -0.000397396 -0.000394717 -0.000391248 -0.000387771 -0.000384794 -0.000381016 -0.000376718 -0.000373229 -0.000369379 -0.000366924 -0.000363035 -0.000359518 -0.000357315 -0.000354609 -0.00035165 -0.00034911 -0.000346777 -0.000343887 -0.000340843 -0.00033799 -0.00033555 -0.000332924 -0.00033049 -0.000328238 -0.000325243 -0.000322769 -0.000319832 -0.000317027 -0.000314942 -0.000312588 -0.000309867 -0.000307637 -0.000305484 -0.000303101 -0.000301094 -0.000298348 -0.000295076 -0.000292534 -0.000289603 -0.000286238 -0.000284013 -0.00028122 -0.000278646 -0.000276488 -0.000274858 -0.000272418 -0.000270338 -0.000268143 -0.000265345 -0.000262555 -0.000259717 -0.000256804 -0.000254457 -0.000252471 -0.000250604 -0.000247933 -0.000245405 -0.000242674 -0.000239847 -0.00023713 -0.000233704 -0.000230938 -0.000228434 -0.000225459 -0.000221359 -0.000217101 -0.000213969 -0.000209503 -0.000205329 -0.000202889 -0.000199602 -0.00019552 -0.000192278 -0.000189536 -0.000185298 -0.000181031 -0.000177096 -0.000173289 -0.000169426 -0.000165518 -0.000161869 -0.000157891 -0.000154355 -0.000150611 -0.000146402 -0.000142035 -0.000139066 -0.000134686 -0.000130439 -0.000127124 -0.000123346 -0.000120129 -0.000117105 -0.00011352 -0.000110089 -0.000107925 -0.000105121 -0.000102273 -9.83267e-05 -9.51497e-05 -9.29543e-05 -8.89216e-05 -8.53756e-05 -8.27513e-05 -7.93583e-05 -7.57941e-05 -7.25955e-05 -6.85505e-05 -6.53573e-05 -6.19984e-05 -5.80529e-05 -5.47333e-05 -5.1211e-05 -4.75865e-05 -4.34195e-05 -3.97001e-05 -3.70404e-05 -3.36098e-05 -3.04447e-05 -2.79551e-05 -2.51782e-05 -2.19841e-05 -1.87905e-05 -1.55706e-05 -1.2808e-05 -9.86283e-06 -6.19949e-06 -3.77378e-06 -6.75989e-08 
-0.000302953 -0.000839042 -0.000988585 -0.000997184 -0.0010134 -0.00102631 -0.00102645 -0.00101102 -0.000989879 -0.000970315 -0.000961705 -0.000959355 -0.000958249 -0.000956076 -0.000950795 -0.000944717 -0.000937643 -0.000928018 -0.00092012 -0.000913678 -0.000907043 -0.000900002 -0.000888769 -0.000878508 -0.000868315 -0.000856338 -0.00084643 -0.000835613 -0.000827704 -0.000821055 -0.000813485 -0.000805436 -0.000796971 -0.000789802 -0.00078293 -0.000778089 -0.000774311 -0.000770295 -0.000766749 -0.000763748 -0.000760118 -0.000757012 -0.000753428 -0.0007498 -0.000747058 -0.000744784 -0.000741554 -0.000738683 -0.000735421 -0.000732915 -0.00073061 -0.000728434 -0.000726174 -0.000722982 -0.000718759 -0.000715641 -0.000711982 -0.000707295 -0.000703493 -0.000699123 -0.000694519 -0.000690676 -0.000685769 -0.000680908 -0.00067595 -0.000672161 -0.000667714 -0.000663496 -0.000659028 -0.000654496 -0.000649853 -0.000643867 -0.00063863 -0.000632686 -0.000626184 -0.000621923 -0.000617562 -0.000611209 -0.000606137 -0.000601893 -0.000596896 -0.00059175 -0.000585428 -0.000578478 -0.000573649 -0.000569631 -0.000565153 -0.000559578 -0.000554057 -0.000550779 -0.000544507 -0.000538426 -0.000533453 -0.000528372 -0.000522283 -0.000516346 -0.000512337 -0.000507734 -0.000503669 -0.000498433 -0.000493089 -0.000489393 -0.000483965 -0.000478453 -0.000474327 -0.000468418 -0.000462426 -0.000458227 -0.000452822 -0.000446831 -0.000443097 -0.00043819 -0.000433679 -0.000430464 -0.000425799 -0.000420918 -0.000417068 -0.000412453 -0.000407795 -0.000404817 -0.000401372 -0.000398061 -0.000395692 -0.000392783 -0.000388411 -0.000384727 -0.000381439 -0.000377239 -0.000374164 -0.000370199 -0.000367195 -0.000363727 -0.000360007 -0.000357139 -0.000354771 -0.000352384 -0.000349406 -0.000347163 -0.000344289 -0.000341264 -0.000338814 -0.000336297 -0.000333609 -0.00033124 -0.000328365 -0.000325389 -0.000323452 -0.000320684 -0.000317454 -0.000315676 -0.000313074 -0.000310378 -0.000308492 -0.000305803 -0.00030289 -0.000300291 -0.000297793 -0.000294911 -0.00029234 -0.000288927 -0.000286027 -0.000283893 -0.000281505 -0.0002793 -0.000276832 -0.000275396 -0.000272882 -0.000270186 -0.000267997 -0.00026544 -0.000262793 -0.000260459 -0.000257833 -0.000255084 -0.000252507 -0.000250554 -0.000248532 -0.000245517 -0.000242492 -0.000239984 -0.000236859 -0.000233899 -0.000231065 -0.000228462 -0.000225658 -0.000221905 -0.000217895 -0.000214205 -0.000209461 -0.000205775 -0.000202856 -0.000199335 -0.000195749 -0.000192484 -0.000189544 -0.000185202 -0.000180354 -0.000177056 -0.000173229 -0.000168707 -0.000165243 -0.000162295 -0.000158738 -0.000154467 -0.000149918 -0.000146352 -0.000142729 -0.000139804 -0.000135797 -0.000131096 -0.000127373 -0.000124186 -0.000120684 -0.000117153 -0.000114072 -0.000110979 -0.000108674 -0.00010564 -0.000102569 -9.94232e-05 -9.62608e-05 -9.36012e-05 -8.98733e-05 -8.59543e-05 -8.32224e-05 -7.9565e-05 -7.59523e-05 -7.25595e-05 -6.85153e-05 -6.48982e-05 -6.17241e-05 -5.85356e-05 -5.56541e-05 -5.14468e-05 -4.75132e-05 -4.39561e-05 -4.02758e-05 -3.72992e-05 -3.41734e-05 -3.0707e-05 -2.77369e-05 -2.533e-05 -2.21193e-05 -1.86083e-05 -1.51808e-05 -1.27249e-05 -9.66295e-06 -6.69421e-06 -3.92766e-06 4.92674e-07 
-0.000357678 -0.000892208 -0.000983562 -0.000979859 -0.00101203 -0.00102204 -0.00101671 -0.00100033 -0.000980246 -0.000967209 -0.000962513 -0.000960084 -0.000958592 -0.000954878 -0.000947871 -0.000941007 -0.000933873 -0.000927059 -0.000920871 -0.000912716 -0.000904073 -0.000898224 -0.000889869 -0.000880229 -0.000869545 -0.000856743 -0.000847489 -0.000838007 -0.000829128 -0.000820821 -0.000813692 -0.000805908 -0.000798173 -0.000790642 -0.000782921 -0.000777653 -0.000773888 -0.000770777 -0.000767501 -0.000763528 -0.000759818 -0.000755978 -0.000752393 -0.000749548 -0.000746838 -0.000743703 -0.000740425 -0.000738284 -0.000734963 -0.00073223 -0.000729686 -0.000727598 -0.000725566 -0.000721817 -0.000718395 -0.000714722 -0.000710231 -0.000705813 -0.000702417 -0.000697966 -0.000693796 -0.000690177 -0.000685482 -0.000680744 -0.000676003 -0.000670894 -0.000666106 -0.000662931 -0.000658467 -0.000653721 -0.000649052 -0.000642833 -0.00063805 -0.000632745 -0.000626052 -0.000620751 -0.000616395 -0.000611058 -0.000606615 -0.000601269 -0.000595381 -0.000590207 -0.00058541 -0.000579147 -0.000573072 -0.000568829 -0.000564255 -0.000559424 -0.000554693 -0.000550892 -0.000544997 -0.000539158 -0.000534025 -0.000528903 -0.000522669 -0.000516232 -0.000512368 -0.000507488 -0.000503284 -0.000498641 -0.000492947 -0.000488869 -0.000484297 -0.000478871 -0.000474123 -0.000468037 -0.000462529 -0.000458038 -0.000452331 -0.000447028 -0.000443087 -0.000438697 -0.000434109 -0.000430515 -0.000425783 -0.000421331 -0.000417502 -0.000412786 -0.000408733 -0.000405677 -0.000402452 -0.000398651 -0.00039595 -0.000392968 -0.000389035 -0.000385061 -0.000381714 -0.000377765 -0.000374918 -0.000370307 -0.000366426 -0.000363552 -0.000360763 -0.000357542 -0.000355079 -0.00035314 -0.000350447 -0.000347564 -0.000344502 -0.000341482 -0.000339173 -0.000336604 -0.000334431 -0.000331979 -0.000328827 -0.000325716 -0.000323663 -0.000320884 -0.000318024 -0.000316315 -0.000313051 -0.000310457 -0.000308527 -0.000306038 -0.000303265 -0.000300768 -0.00029818 -0.000295169 -0.000292251 -0.000288873 -0.00028641 -0.000283891 -0.000281527 -0.000279606 -0.000277188 -0.000275501 -0.000272733 -0.00027017 -0.000268215 -0.000266063 -0.000263037 -0.000260443 -0.000258048 -0.000255513 -0.000253348 -0.000251133 -0.00024878 -0.000245831 -0.000242541 -0.000239317 -0.000236146 -0.000234044 -0.000231492 -0.000228322 -0.000225315 -0.000222222 -0.000218891 -0.000214603 -0.000210222 -0.000206106 -0.000202832 -0.000199347 -0.000196612 -0.000192445 -0.000188177 -0.000184808 -0.0001809 -0.000177084 -0.000172928 -0.000168699 -0.000165644 -0.000162088 -0.000157906 -0.000154126 -0.000150084 -0.000146773 -0.000143065 -0.00014005 -0.000136488 -0.000132119 -0.000127708 -0.000124382 -0.000121108 -0.000117614 -0.000115296 -0.000112365 -0.000109335 -0.000105904 -0.000102589 -0.000100205 -9.66845e-05 -9.33581e-05 -9.0263e-05 -8.69126e-05 -8.35853e-05 -7.99179e-05 -7.67877e-05 -7.31233e-05 -6.868e-05 -6.56282e-05 -6.19532e-05 -5.81904e-05 -5.53595e-05 -5.18598e-05 -4.78283e-05 -4.44348e-05 -4.06545e-05 -3.70944e-05 -3.42544e-05 -3.11686e-05 -2.78495e-05 -2.47211e-05 -2.20466e-05 -1.86752e-05 -1.50612e-05 -1.1838e-05 -8.98889e-06 -6.76166e-06 -3.98605e-06 1.27953e-06 
-0.00032762 -0.00090906 -0.00100598 -0.000985557 -0.00101099 -0.00102232 -0.00101693 -0.000994668 -0.000975755 -0.000965361 -0.000959879 -0.000958282 -0.000956231 -0.000952157 -0.000946005 -0.000940039 -0.00093293 -0.00092523 -0.000919354 -0.000912029 -0.000904579 -0.000897368 -0.000889252 -0.000879725 -0.000868699 -0.000857284 -0.000847182 -0.000838171 -0.000829709 -0.000821304 -0.000814593 -0.00080639 -0.000797814 -0.000791076 -0.000784742 -0.000778828 -0.000773757 -0.000770242 -0.000766596 -0.000762679 -0.00075914 -0.000755434 -0.000752334 -0.000749717 -0.000746576 -0.000742766 -0.000739628 -0.000737193 -0.000733891 -0.000731713 -0.000729067 -0.000726842 -0.000724402 -0.000720943 -0.000717956 -0.000713746 -0.000708763 -0.000705187 -0.00070147 -0.000697371 -0.00069403 -0.00068963 -0.000684406 -0.000679965 -0.000675674 -0.000670684 -0.000665806 -0.000662606 -0.00065711 -0.000652533 -0.000648387 -0.000642322 -0.000637238 -0.00063263 -0.000626679 -0.000620724 -0.00061538 -0.000610183 -0.000606015 -0.000600582 -0.000595779 -0.000590597 -0.000585972 -0.000579798 -0.000573286 -0.000567983 -0.000563438 -0.000559763 -0.000555544 -0.000550702 -0.00054555 -0.000540973 -0.000535012 -0.000528433 -0.000522974 -0.000517108 -0.000513153 -0.000507349 -0.000502568 -0.000498318 -0.000493507 -0.000488514 -0.000484219 -0.000478739 -0.00047348 -0.000468239 -0.000462949 -0.000458165 -0.000452331 -0.000448016 -0.000443745 -0.000438813 -0.000434395 -0.000430096 -0.00042634 -0.000422182 -0.000417819 -0.000413275 -0.000409035 -0.000405453 -0.00040291 -0.000399579 -0.000396171 -0.000392694 -0.000389495 -0.000386082 -0.000382221 -0.000377764 -0.000375181 -0.000371021 -0.000367086 -0.000364125 -0.000361441 -0.00035861 -0.000355771 -0.000353828 -0.000350987 -0.000347701 -0.000344972 -0.00034234 -0.000339686 -0.000337106 -0.000334322 -0.000332016 -0.000329509 -0.000327034 -0.000324548 -0.000321622 -0.000318764 -0.000316939 -0.000313705 -0.000310923 -0.00030882 -0.000306256 -0.000304215 -0.00030168 -0.000298209 -0.000294661 -0.000291912 -0.000289116 -0.00028682 -0.000284078 -0.000281707 -0.000279851 -0.000277739 -0.000275758 -0.000272879 -0.000270283 -0.000268009 -0.000265724 -0.00026324 -0.000261042 -0.000258668 -0.000256066 -0.000254146 -0.00025128 -0.00024842 -0.000246048 -0.0002428 -0.00023941 -0.000236115 -0.000233545 -0.000231219 -0.000228407 -0.00022559 -0.000222301 -0.000219066 -0.000215063 -0.000211598 -0.000207637 -0.000203759 -0.000199936 -0.000196944 -0.000192437 -0.000187884 -0.000184997 -0.000180719 -0.000176271 -0.000172827 -0.000168945 -0.000165758 -0.000161649 -0.000157793 -0.000154382 -0.000150634 -0.000147432 -0.000143326 -0.000139979 -0.000136645 -0.000133269 -0.000129019 -0.000125694 -0.000121782 -0.000118372 -0.000115702 -0.00011225 -0.000109447 -0.00010662 -0.000103515 -0.000100519 -9.71607e-05 -9.33693e-05 -9.01499e-05 -8.71846e-05 -8.36144e-05 -8.04805e-05 -7.7514e-05 -7.34486e-05 -6.91633e-05 -6.6133e-05 -6.25102e-05 -5.86011e-05 -5.53982e-05 -5.17697e-05 -4.79377e-05 -4.413e-05 -4.07415e-05 -3.72795e-05 -3.43192e-05 -3.12213e-05 -2.80654e-05 -2.42894e-05 -2.13162e-05 -1.85879e-05 -1.52328e-05 -1.17366e-05 -8.72007e-06 -6.74703e-06 -3.88267e-06 1.10419e-06 
-0.000308021 -0.000890979 -0.00100815 -0.000994325 -0.00102827 -0.00103147 -0.00101613 -0.000995941 -0.000972105 -0.000960031 -0.000956303 -0.000955089 -0.000953122 -0.000949559 -0.000944428 -0.000938546 -0.000931293 -0.000922773 -0.000917409 -0.000911414 -0.000904223 -0.000896496 -0.000888513 -0.000878422 -0.000868833 -0.000860042 -0.000849591 -0.000838787 -0.000830371 -0.000821507 -0.000815534 -0.000807335 -0.000798682 -0.000791872 -0.000785664 -0.000779416 -0.000773227 -0.000769357 -0.000765673 -0.000762078 -0.000759006 -0.000755374 -0.000751708 -0.000748599 -0.000745579 -0.000742675 -0.000740034 -0.000736677 -0.000733161 -0.000731245 -0.000728945 -0.000726174 -0.000722804 -0.000719761 -0.000716359 -0.000711568 -0.000707252 -0.000704389 -0.000700014 -0.000696243 -0.000693173 -0.000688933 -0.000684886 -0.000679852 -0.0006753 -0.000670771 -0.000665873 -0.000662175 -0.00065666 -0.000651707 -0.000648192 -0.0006425 -0.000636802 -0.000632008 -0.000626675 -0.000621631 -0.000615953 -0.000609913 -0.000605745 -0.000600757 -0.00059595 -0.000589689 -0.000584529 -0.000579104 -0.000574228 -0.000568556 -0.0005631 -0.000559413 -0.000555545 -0.00055006 -0.00054538 -0.000540998 -0.000535395 -0.000529474 -0.000524806 -0.000518324 -0.000513019 -0.000507817 -0.000502254 -0.000498251 -0.000493989 -0.000488975 -0.00048431 -0.000479249 -0.00047426 -0.00046863 -0.000462611 -0.000457703 -0.000453199 -0.000449058 -0.00044397 -0.000438968 -0.00043505 -0.000431017 -0.000427394 -0.000422682 -0.000418274 -0.000414456 -0.000410122 -0.000405884 -0.000403483 -0.000400594 -0.000396865 -0.00039297 -0.000389305 -0.000386276 -0.000382257 -0.000378091 -0.000374794 -0.000371505 -0.000368336 -0.000365189 -0.000361689 -0.000359239 -0.000356566 -0.000354314 -0.000351369 -0.000348485 -0.000345643 -0.000342911 -0.000340053 -0.000337806 -0.000334879 -0.000331973 -0.00032977 -0.000327051 -0.000324588 -0.000322226 -0.000319752 -0.000317243 -0.000314462 -0.000312055 -0.000309274 -0.000306321 -0.000304252 -0.000301744 -0.000298042 -0.000295033 -0.00029217 -0.000289333 -0.000286964 -0.00028472 -0.000282902 -0.000280967 -0.000278233 -0.000275666 -0.000273307 -0.000270971 -0.000268295 -0.00026514 -0.000263016 -0.000261213 -0.000258867 -0.000256455 -0.000254679 -0.000251784 -0.00024861 -0.000246233 -0.000242712 -0.000239058 -0.000236336 -0.000233871 -0.000230587 -0.000227776 -0.000225864 -0.000222913 -0.000219025 -0.000214972 -0.000211945 -0.000208182 -0.000204766 -0.000200851 -0.000197366 -0.00019314 -0.000188519 -0.00018514 -0.000180798 -0.000176419 -0.000173553 -0.000169442 -0.000165519 -0.000161761 -0.000158615 -0.000154406 -0.000149773 -0.000146794 -0.000143747 -0.000140667 -0.000136977 -0.000133973 -0.00013015 -0.000126617 -0.00012321 -0.000119815 -0.000116486 -0.000112289 -0.000109442 -0.000107352 -0.000103865 -0.000100213 -9.71463e-05 -9.40385e-05 -9.00201e-05 -8.67986e-05 -8.38208e-05 -8.07295e-05 -7.76735e-05 -7.40398e-05 -7.00959e-05 -6.6618e-05 -6.30592e-05 -5.95861e-05 -5.5713e-05 -5.14747e-05 -4.81695e-05 -4.43205e-05 -4.11024e-05 -3.77865e-05 -3.38052e-05 -3.03155e-05 -2.79938e-05 -2.431e-05 -2.12104e-05 -1.82299e-05 -1.53533e-05 -1.19776e-05 -8.87836e-06 -6.38722e-06 -3.59995e-06 1.23529e-07 
-0.000308021 -0.000904078 -0.00104559 -0.00102708 -0.00104166 -0.00103301 -0.0010109 -0.000992483 -0.000971011 -0.000961369 -0.000954545 -0.00095293 -0.000951349 -0.000948541 -0.000943484 -0.000936444 -0.000930653 -0.000924259 -0.000917889 -0.000912763 -0.000904985 -0.000895224 -0.00088852 -0.000877417 -0.000868115 -0.00086088 -0.000849618 -0.000839104 -0.000830995 -0.000822973 -0.000815518 -0.000808615 -0.000801705 -0.00079364 -0.000785567 -0.000780117 -0.000774586 -0.000769863 -0.000766165 -0.000761964 -0.000758207 -0.000755089 -0.000751787 -0.000748099 -0.000744808 -0.000742029 -0.000739205 -0.000735795 -0.000732426 -0.00073053 -0.000727752 -0.000725032 -0.000722174 -0.000718258 -0.00071414 -0.000710051 -0.000706531 -0.000703616 -0.000699462 -0.000696074 -0.000691839 -0.000688077 -0.000684601 -0.000678718 -0.000674254 -0.000670279 -0.000665899 -0.000661818 -0.000657191 -0.000651674 -0.00064721 -0.000642546 -0.000637613 -0.000631828 -0.000625935 -0.000621829 -0.000615485 -0.000608841 -0.000604512 -0.000599466 -0.000594904 -0.000590368 -0.000585519 -0.000580042 -0.000574534 -0.000568763 -0.000563269 -0.000558038 -0.000554288 -0.000550275 -0.000546162 -0.00054115 -0.000535916 -0.000530621 -0.000525336 -0.000518562 -0.000512537 -0.000508151 -0.00050353 -0.000498702 -0.000494825 -0.000490089 -0.000483756 -0.000478797 -0.000474128 -0.000468168 -0.000462785 -0.000458499 -0.000453639 -0.000449104 -0.000444373 -0.000439884 -0.000435756 -0.00043198 -0.000428063 -0.000423308 -0.000419478 -0.000415246 -0.000410817 -0.000406507 -0.000403729 -0.000400029 -0.000396969 -0.000393682 -0.000389339 -0.000385755 -0.00038235 -0.000379086 -0.000374969 -0.0003715 -0.000369031 -0.000365787 -0.000362646 -0.000360678 -0.000358122 -0.000354865 -0.000352044 -0.000349747 -0.000346933 -0.000343498 -0.000340337 -0.000338055 -0.000335193 -0.00033277 -0.000330045 -0.000326838 -0.0003245 -0.00032266 -0.000319805 -0.000317105 -0.000314639 -0.000312208 -0.000309697 -0.000307106 -0.00030506 -0.000302157 -0.000298825 -0.000295691 -0.000292782 -0.000289756 -0.000287073 -0.000285087 -0.000283395 -0.000281294 -0.000278925 -0.000276149 -0.000273502 -0.000271018 -0.000268261 -0.00026547 -0.000263559 -0.000261138 -0.000258555 -0.000256271 -0.000254479 -0.000252186 -0.000249268 -0.000246349 -0.000242447 -0.000238837 -0.000236235 -0.000233234 -0.000230403 -0.000227675 -0.000225634 -0.000222892 -0.000219514 -0.000215508 -0.000212436 -0.000208423 -0.000205254 -0.000201632 -0.000198017 -0.0001938 -0.00018924 -0.000184404 -0.00018059 -0.000176669 -0.000173878 -0.000170342 -0.00016678 -0.000162921 -0.00015933 -0.000154883 -0.000150087 -0.000147343 -0.000144287 -0.000140796 -0.00013717 -0.00013461 -0.000130365 -0.000126548 -0.000122952 -0.000119525 -0.000116197 -0.000112469 -0.000109682 -0.00010704 -0.000103723 -0.000100336 -9.75299e-05 -9.441e-05 -9.0584e-05 -8.74048e-05 -8.44037e-05 -8.13902e-05 -7.80229e-05 -7.51557e-05 -7.11886e-05 -6.72424e-05 -6.29954e-05 -5.9693e-05 -5.63342e-05 -5.23828e-05 -4.85435e-05 -4.4467e-05 -4.03632e-05 -3.73097e-05 -3.40602e-05 -3.05282e-05 -2.79418e-05 -2.4835e-05 -2.15309e-05 -1.79808e-05 -1.49563e-05 -1.21719e-05 -9.63835e-06 -6.31867e-06 -2.34665e-06 9.07443e-07 
-0.000308021 -0.000922084 -0.00106864 -0.00103923 -0.00105317 -0.00104258 -0.00101563 -0.000989256 -0.000969636 -0.000959221 -0.000953555 -0.000951335 -0.000949782 -0.000948008 -0.000943559 -0.000937147 -0.000932077 -0.000924681 -0.000917561 -0.000910987 -0.000903584 -0.000894731 -0.000887256 -0.000876516 -0.000866606 -0.000859543 -0.000849382 -0.000840225 -0.00083354 -0.000825023 -0.000815915 -0.000808703 -0.000802283 -0.000794403 -0.000787374 -0.000781204 -0.000774736 -0.000769042 -0.000764703 -0.000761266 -0.00075806 -0.000754806 -0.00075191 -0.000747768 -0.000744614 -0.000740795 -0.000737812 -0.000734954 -0.000732426 -0.000729551 -0.000726647 -0.00072401 -0.000721139 -0.000716673 -0.000712166 -0.000708717 -0.000705729 -0.000702054 -0.000698148 -0.000695413 -0.000691353 -0.000687419 -0.000684138 -0.000679098 -0.00067506 -0.000670989 -0.000666185 -0.000661271 -0.000656981 -0.000651535 -0.000646241 -0.000641447 -0.000637659 -0.00063261 -0.000626122 -0.000621291 -0.000616203 -0.000610899 -0.000605264 -0.000600158 -0.00059496 -0.000590615 -0.000586905 -0.000580918 -0.000574179 -0.000568204 -0.000563321 -0.000557693 -0.000553149 -0.000549765 -0.000546195 -0.000541775 -0.000536733 -0.00053095 -0.000525045 -0.000519332 -0.000513474 -0.000509001 -0.000504465 -0.000498562 -0.000493827 -0.00048993 -0.000484553 -0.000480155 -0.000474226 -0.000467771 -0.000463457 -0.00045849 -0.000453289 -0.000449178 -0.000445652 -0.000441349 -0.000437433 -0.000432343 -0.000428073 -0.000424126 -0.000419789 -0.00041505 -0.000411441 -0.000408159 -0.000404773 -0.000400194 -0.000396415 -0.000393818 -0.000389623 -0.000385569 -0.000382257 -0.000379713 -0.00037578 -0.000372801 -0.000370058 -0.000366565 -0.000363407 -0.000361186 -0.000358787 -0.00035586 -0.000352763 -0.000350211 -0.000346993 -0.000343951 -0.000341167 -0.000337977 -0.000334879 -0.000332644 -0.000330114 -0.000327428 -0.000325281 -0.000323134 -0.000320143 -0.000317338 -0.000314754 -0.000311935 -0.00030961 -0.000307449 -0.000305261 -0.000302232 -0.00029894 -0.000296142 -0.000292371 -0.000289767 -0.000288072 -0.000286053 -0.000283508 -0.000281297 -0.00027942 -0.000276895 -0.000274009 -0.000271051 -0.000268021 -0.000265381 -0.000263572 -0.000260985 -0.000258645 -0.000256688 -0.000254671 -0.000252362 -0.00024934 -0.000246067 -0.000242942 -0.000239883 -0.00023663 -0.000233156 -0.000230682 -0.000228009 -0.000225134 -0.0002221 -0.000219483 -0.000215613 -0.000212461 -0.000209276 -0.000206242 -0.000202772 -0.000198858 -0.000193818 -0.00018946 -0.000184522 -0.000181364 -0.000177552 -0.000173999 -0.000171109 -0.000168107 -0.000163821 -0.000159083 -0.000155093 -0.000150535 -0.0001475 -0.00014405 -0.000141211 -0.000137632 -0.000134579 -0.000130912 -0.000127796 -0.000124192 -0.000120297 -0.00011678 -0.000113509 -0.000110146 -0.000106536 -0.000103707 -0.000101113 -9.75824e-05 -9.3961e-05 -9.05323e-05 -8.77479e-05 -8.45422e-05 -8.16571e-05 -7.88898e-05 -7.56208e-05 -7.14532e-05 -6.79014e-05 -6.40001e-05 -6.04106e-05 -5.73022e-05 -5.29667e-05 -4.83159e-05 -4.45676e-05 -4.04331e-05 -3.69457e-05 -3.3672e-05 -2.97162e-05 -2.68103e-05 -2.37474e-05 -2.11542e-05 -1.85042e-05 -1.51849e-05 -1.21104e-05 -9.50075e-06 -6.30586e-06 -3.55773e-06 -8.29962e-07 
-0.000303555 -0.000916956 -0.00106715 -0.00103742 -0.00105841 -0.00105332 -0.00102321 -0.000992657 -0.000967299 -0.000958207 -0.000952674 -0.000950671 -0.000949901 -0.000947924 -0.000943574 -0.00093839 -0.000932364 -0.00092536 -0.000918939 -0.000911195 -0.000903713 -0.000894805 -0.000887146 -0.000877117 -0.000866388 -0.000856453 -0.000848825 -0.000840865 -0.000832501 -0.000824996 -0.000818132 -0.000810642 -0.000803051 -0.000795442 -0.000787734 -0.000780588 -0.000774651 -0.000769098 -0.000764394 -0.000761127 -0.000757831 -0.000754239 -0.000750982 -0.000746962 -0.00074399 -0.000740297 -0.000736675 -0.000734256 -0.000731776 -0.000728589 -0.000725939 -0.000723124 -0.000719421 -0.000715029 -0.000711229 -0.000708096 -0.000704521 -0.000700781 -0.000697642 -0.00069485 -0.000691022 -0.000686986 -0.000682411 -0.000678393 -0.000674983 -0.000670793 -0.000665926 -0.000661568 -0.00065711 -0.000651432 -0.000646868 -0.000641778 -0.000637038 -0.000632561 -0.00062613 -0.000620892 -0.000615842 -0.000610915 -0.000605228 -0.000600198 -0.000595777 -0.000591373 -0.000586929 -0.000581473 -0.00057573 -0.000569324 -0.000563363 -0.000557888 -0.000552948 -0.00054825 -0.000544773 -0.000540889 -0.000536208 -0.000531665 -0.000525247 -0.000519666 -0.000513675 -0.000508433 -0.000503881 -0.000499324 -0.0004945 -0.000490519 -0.000485416 -0.000480206 -0.000474145 -0.000467745 -0.000463561 -0.00045762 -0.000453205 -0.000449602 -0.000445419 -0.00044104 -0.000437542 -0.000433466 -0.00042962 -0.000425727 -0.000421474 -0.000416129 -0.00041186 -0.000408254 -0.000405143 -0.000401515 -0.000397406 -0.000393939 -0.000390392 -0.000386305 -0.000382526 -0.000379925 -0.000376411 -0.000373261 -0.000370628 -0.000367811 -0.00036502 -0.000361778 -0.000359063 -0.000356466 -0.000353693 -0.000350853 -0.000347112 -0.0003444 -0.000341629 -0.000338002 -0.000334705 -0.000332476 -0.000329831 -0.000327929 -0.000325373 -0.00032273 -0.000320343 -0.000318285 -0.000315226 -0.000311755 -0.000310045 -0.000307538 -0.000304727 -0.000302313 -0.000299262 -0.000296152 -0.0002927 -0.00029016 -0.00028842 -0.000286426 -0.000283851 -0.000281365 -0.000279505 -0.000277348 -0.000274775 -0.000271872 -0.000269133 -0.000265797 -0.000263388 -0.000260933 -0.000259157 -0.000257208 -0.000254474 -0.000251868 -0.000249518 -0.00024612 -0.000243443 -0.000240257 -0.000236926 -0.000233849 -0.000231176 -0.000228518 -0.00022502 -0.000221881 -0.000219436 -0.000215382 -0.000211788 -0.00020913 -0.00020581 -0.000202273 -0.000198634 -0.000194158 -0.000190769 -0.000185854 -0.000181732 -0.000178531 -0.000174661 -0.000171092 -0.000168249 -0.00016425 -0.000159258 -0.000155888 -0.000151531 -0.000147263 -0.000144106 -0.000141451 -0.000137771 -0.000134457 -0.000131107 -0.000128488 -0.000125312 -0.000120467 -0.00011674 -0.000113054 -0.000110243 -0.000107192 -0.000104627 -0.000101858 -9.79314e-05 -9.43687e-05 -9.1164e-05 -8.83701e-05 -8.47283e-05 -8.12631e-05 -7.86977e-05 -7.57726e-05 -7.17896e-05 -6.87568e-05 -6.48306e-05 -6.02462e-05 -5.70013e-05 -5.30843e-05 -4.85909e-05 -4.46826e-05 -3.99765e-05 -3.61596e-05 -3.28029e-05 -3.01313e-05 -2.70179e-05 -2.39386e-05 -2.09493e-05 -1.879e-05 -1.55708e-05 -1.22832e-05 -9.36547e-06 -6.61637e-06 -3.70166e-06 2.48611e-07 
-0.000303555 -0.000923065 -0.00107686 -0.00104507 -0.00106069 -0.0010481 -0.00102072 -0.00099048 -0.000967986 -0.000958044 -0.000951632 -0.000950236 -0.000950336 -0.000948534 -0.000945431 -0.000940484 -0.000932866 -0.000925315 -0.000919556 -0.000912005 -0.000903944 -0.00089361 -0.000885002 -0.000875073 -0.000867042 -0.000857738 -0.000849883 -0.000841577 -0.00083088 -0.000823544 -0.000816912 -0.000809774 -0.000803161 -0.000796465 -0.000788763 -0.000780797 -0.000773947 -0.000768462 -0.000764075 -0.000760734 -0.000757391 -0.000753765 -0.000750262 -0.000746312 -0.000743372 -0.00073972 -0.000735623 -0.000732511 -0.000730013 -0.000727737 -0.00072528 -0.000721905 -0.000717487 -0.000713339 -0.000710069 -0.000706549 -0.000703747 -0.000700659 -0.000697676 -0.000693802 -0.000689631 -0.000685996 -0.000682152 -0.00067821 -0.000674686 -0.00067038 -0.000666629 -0.000662702 -0.000657423 -0.000651097 -0.000647356 -0.000642111 -0.000636568 -0.000633001 -0.000626939 -0.000621798 -0.000616477 -0.000610455 -0.00060522 -0.000600587 -0.000596308 -0.000591728 -0.000586414 -0.000582469 -0.000576917 -0.000569524 -0.000562743 -0.000556808 -0.000552898 -0.000548681 -0.000545058 -0.000541146 -0.000536169 -0.000531344 -0.000524504 -0.000518797 -0.000512958 -0.000508234 -0.000503816 -0.000500361 -0.000495588 -0.000491452 -0.000485353 -0.000479382 -0.000474308 -0.000468695 -0.000463606 -0.000458068 -0.000454053 -0.00045023 -0.000445591 -0.000441376 -0.000438022 -0.000434169 -0.000430393 -0.000426096 -0.000421807 -0.000417616 -0.000413476 -0.00040902 -0.000405651 -0.000402502 -0.000398264 -0.000393824 -0.000390329 -0.000387368 -0.000383367 -0.000380567 -0.000377134 -0.000373841 -0.000371084 -0.00036822 -0.000365465 -0.000362498 -0.000359532 -0.000356194 -0.000353428 -0.000350473 -0.00034761 -0.000344557 -0.000341454 -0.000338151 -0.00033512 -0.000332734 -0.000330322 -0.000328213 -0.000325532 -0.00032285 -0.00032043 -0.000318229 -0.000315241 -0.000311826 -0.000309947 -0.000307371 -0.000304892 -0.000302771 -0.00029933 -0.000295945 -0.000293368 -0.000290762 -0.000288316 -0.000286193 -0.000284166 -0.000282345 -0.000280304 -0.000277406 -0.000274454 -0.000271902 -0.00026953 -0.000266626 -0.000263807 -0.000261264 -0.00025899 -0.000256944 -0.000254474 -0.000252036 -0.000249934 -0.00024702 -0.000243683 -0.000240606 -0.000237471 -0.00023421 -0.000230728 -0.000228323 -0.000225095 -0.000221776 -0.000219427 -0.000215539 -0.000211799 -0.000209099 -0.000205409 -0.000201836 -0.000198823 -0.000194947 -0.000191486 -0.000186477 -0.000181731 -0.000178461 -0.000175331 -0.000171928 -0.000168355 -0.000165219 -0.000160299 -0.000155978 -0.000152194 -0.000147741 -0.00014444 -0.0001417 -0.000138094 -0.000134922 -0.000131436 -0.000128304 -0.000124958 -0.000121429 -0.000118176 -0.000114578 -0.000110886 -0.000107704 -0.000104483 -0.000101539 -9.84976e-05 -9.54994e-05 -9.17342e-05 -8.79712e-05 -8.49173e-05 -8.18038e-05 -7.90077e-05 -7.58976e-05 -7.17219e-05 -6.83418e-05 -6.48503e-05 -6.08195e-05 -5.73131e-05 -5.35728e-05 -4.94994e-05 -4.45404e-05 -3.98509e-05 -3.65839e-05 -3.33878e-05 -3.0218e-05 -2.67475e-05 -2.39135e-05 -2.08425e-05 -1.86726e-05 -1.60522e-05 -1.28131e-05 -9.36506e-06 -6.48903e-06 -3.68864e-06 5.03007e-07 
-0.000303555 -0.0009042 -0.0010671 -0.00103581 -0.00104799 -0.00103977 -0.00101272 -0.000984087 -0.000964073 -0.000954924 -0.000950073 -0.000949949 -0.00095033 -0.00094879 -0.000945332 -0.000941336 -0.000934474 -0.000926829 -0.000919522 -0.000910968 -0.000904628 -0.000894735 -0.000884031 -0.000875194 -0.000867281 -0.000858419 -0.000848201 -0.000839908 -0.000830491 -0.000824471 -0.000816531 -0.000808362 -0.000802246 -0.000795474 -0.000788275 -0.000781184 -0.000773641 -0.000767089 -0.000762754 -0.000759698 -0.000756662 -0.000753352 -0.000749646 -0.000744928 -0.00074159 -0.000738128 -0.000734219 -0.000731525 -0.000728741 -0.000726153 -0.000723578 -0.000720808 -0.000717084 -0.000713204 -0.000709406 -0.000705805 -0.000702806 -0.000699922 -0.00069704 -0.00069223 -0.000688473 -0.000685532 -0.000681579 -0.000677787 -0.00067358 -0.000669822 -0.000666317 -0.000662602 -0.000656886 -0.000651404 -0.000647881 -0.000642315 -0.000636586 -0.000633113 -0.000627525 -0.000622254 -0.000616462 -0.000610859 -0.000606035 -0.000600885 -0.00059575 -0.000591395 -0.000586904 -0.000582919 -0.000577403 -0.000570276 -0.000564197 -0.000558583 -0.000552792 -0.000548767 -0.000544349 -0.000540425 -0.000535878 -0.000530732 -0.000524114 -0.000519126 -0.000514384 -0.000509066 -0.000503973 -0.000500512 -0.000496317 -0.000491445 -0.000486272 -0.000480155 -0.000475335 -0.000469468 -0.000463165 -0.000457978 -0.000454403 -0.000449715 -0.000445856 -0.000442777 -0.000439124 -0.000434717 -0.000431122 -0.000426212 -0.000422033 -0.000418396 -0.000414339 -0.000410756 -0.000406512 -0.000402473 -0.000398947 -0.000394685 -0.000391453 -0.000387898 -0.000384153 -0.00038059 -0.000377827 -0.000374832 -0.000372024 -0.000368775 -0.0003652 -0.000362067 -0.000359827 -0.000356516 -0.000353764 -0.000350871 -0.000347788 -0.0003444 -0.000340864 -0.000337927 -0.00033519 -0.000332619 -0.000330349 -0.000328635 -0.000326276 -0.000324196 -0.000321019 -0.000317858 -0.000315399 -0.00031228 -0.000309742 -0.000307142 -0.000304907 -0.00030263 -0.000299649 -0.000296345 -0.000294182 -0.00029159 -0.000288464 -0.000286067 -0.000284213 -0.000282281 -0.000280144 -0.000277864 -0.000275363 -0.000272411 -0.000269728 -0.00026721 -0.000264498 -0.00026209 -0.000259254 -0.000256785 -0.000254487 -0.000252078 -0.000250109 -0.000246901 -0.000243838 -0.000241177 -0.000238759 -0.000235304 -0.000231446 -0.000228779 -0.000225398 -0.000221653 -0.000219268 -0.000215621 -0.000211905 -0.000208503 -0.000205021 -0.000202399 -0.000198858 -0.000194429 -0.000191124 -0.000186919 -0.000182547 -0.000178946 -0.000175411 -0.000172656 -0.000169053 -0.000165468 -0.000160534 -0.000155525 -0.000152034 -0.00014897 -0.000145654 -0.00014211 -0.000138113 -0.000134947 -0.000132083 -0.000129191 -0.000125332 -0.000121985 -0.000118944 -0.000115642 -0.000112316 -0.000109188 -0.000105027 -0.000101608 -9.8452e-05 -9.58014e-05 -9.24389e-05 -8.84783e-05 -8.51099e-05 -8.23332e-05 -7.91519e-05 -7.55223e-05 -7.18645e-05 -6.8392e-05 -6.50671e-05 -6.17961e-05 -5.74946e-05 -5.31232e-05 -4.92706e-05 -4.41057e-05 -3.95839e-05 -3.64667e-05 -3.29818e-05 -2.99992e-05 -2.70965e-05 -2.46095e-05 -2.13799e-05 -1.83338e-05 -1.56217e-05 -1.29601e-05 -9.75312e-06 -6.36909e-06 -3.32889e-06 7.94286e-07 
-0.000311733 -0.000874413 -0.00104328 -0.00102916 -0.00104439 -0.00103405 -0.00101362 -0.000988309 -0.000963615 -0.000951139 -0.000949506 -0.000949645 -0.000950326 -0.000949321 -0.000946206 -0.000941574 -0.000935684 -0.000929266 -0.000920671 -0.000911041 -0.000905027 -0.000896273 -0.000885081 -0.000875242 -0.000867367 -0.000858544 -0.000847936 -0.000840789 -0.000831291 -0.000824125 -0.000816415 -0.000809326 -0.000802334 -0.00079352 -0.000786447 -0.000779775 -0.000772073 -0.000766995 -0.00076259 -0.000758361 -0.000754932 -0.000752192 -0.000748953 -0.000745044 -0.000741002 -0.000737118 -0.000732912 -0.000730053 -0.000727371 -0.00072492 -0.000722767 -0.00071974 -0.000716269 -0.000712276 -0.000708275 -0.000705363 -0.000701918 -0.0006987 -0.000695857 -0.000691508 -0.000688459 -0.000684137 -0.000679626 -0.000676165 -0.000673045 -0.000669941 -0.000666301 -0.000661862 -0.000657029 -0.000651856 -0.000647767 -0.000642552 -0.000637142 -0.000633275 -0.000627105 -0.000621693 -0.000616632 -0.000611946 -0.000606545 -0.000600641 -0.000595911 -0.000592035 -0.000587319 -0.00058234 -0.000576562 -0.000570608 -0.000565955 -0.000559541 -0.000553339 -0.000548908 -0.000544805 -0.000540956 -0.000536258 -0.000530282 -0.000523369 -0.000518564 -0.000513076 -0.000508581 -0.000504434 -0.000500896 -0.000496453 -0.000491763 -0.00048753 -0.000481827 -0.000475636 -0.000469433 -0.000464243 -0.000459617 -0.000454843 -0.00044999 -0.000446141 -0.000443335 -0.00043931 -0.000435062 -0.000432439 -0.000427983 -0.000424031 -0.000419899 -0.000415169 -0.000411724 -0.00040732 -0.000403215 -0.000399736 -0.000395957 -0.000392177 -0.000388658 -0.000385303 -0.000382061 -0.000378793 -0.000375091 -0.000371658 -0.000368964 -0.000365302 -0.000362051 -0.000359862 -0.000356631 -0.00035389 -0.000350699 -0.000347433 -0.00034461 -0.000341148 -0.000338278 -0.000335455 -0.00033294 -0.000330954 -0.000328761 -0.000326825 -0.000324844 -0.000321979 -0.000318337 -0.000315868 -0.000312596 -0.000309594 -0.000307127 -0.000304707 -0.000302381 -0.000299987 -0.000296695 -0.00029384 -0.00029156 -0.000288863 -0.000287131 -0.00028475 -0.000282084 -0.000280072 -0.000277797 -0.000275356 -0.000272467 -0.000269646 -0.000266711 -0.0002644 -0.000262559 -0.000259734 -0.000257244 -0.000254602 -0.000251671 -0.000249503 -0.000246824 -0.000244138 -0.000241698 -0.000238736 -0.000235801 -0.00023239 -0.000229305 -0.000225501 -0.00022192 -0.000218547 -0.000214962 -0.000212081 -0.00020808 -0.000204602 -0.000201949 -0.000198271 -0.000194681 -0.000191062 -0.000187603 -0.000183711 -0.000179382 -0.000175532 -0.000172751 -0.000168831 -0.000164959 -0.00016098 -0.000156485 -0.00015288 -0.000148991 -0.000145646 -0.000142552 -0.000139146 -0.0001356 -0.00013213 -0.000129637 -0.000126504 -0.000123222 -0.000119391 -0.000115348 -0.000112399 -0.000109653 -0.000106092 -0.000103056 -9.89518e-05 -9.56389e-05 -9.27677e-05 -8.90344e-05 -8.53159e-05 -8.16382e-05 -7.83262e-05 -7.55088e-05 -7.26121e-05 -6.80408e-05 -6.44295e-05 -6.10945e-05 -5.71008e-05 -5.29946e-05 -4.91395e-05 -4.44082e-05 -4.08853e-05 -3.74394e-05 -3.3326e-05 -3.05559e-05 -2.77676e-05 -2.50971e-05 -2.19349e-05 -1.83778e-05 -1.5336e-05 -1.26653e-05 -9.8853e-06 -6.70502e-06 -3.43981e-06 -4.90351e-07 
-0.000451729 -0.000884213 -0.000991762 -0.00101854 -0.00103694 -0.00102792 -0.00100927 -0.00098491 -0.000965016 -0.000953574 -0.000948799 -0.000949309 -0.000950424 -0.000950421 -0.000947644 -0.000941954 -0.000935965 -0.000929701 -0.000920862 -0.000912632 -0.000903892 -0.000894484 -0.000886183 -0.000877006 -0.000867179 -0.000857343 -0.000848256 -0.00084188 -0.000832059 -0.000822726 -0.000815035 -0.000809455 -0.0008016 -0.000793284 -0.000786766 -0.000778728 -0.000770915 -0.00076591 -0.000761893 -0.000758178 -0.000754982 -0.000751543 -0.000747832 -0.000743898 -0.000739527 -0.000735846 -0.000732141 -0.000729362 -0.000726361 -0.00072377 -0.000720896 -0.000718199 -0.000715235 -0.000711193 -0.000707119 -0.000704212 -0.000700879 -0.000698185 -0.000694618 -0.000690399 -0.000687466 -0.000682704 -0.000678259 -0.000675385 -0.000672111 -0.000668226 -0.000664942 -0.000661328 -0.00065714 -0.000651823 -0.000646803 -0.000642693 -0.000637516 -0.000632859 -0.000627303 -0.00062187 -0.000617397 -0.000612069 -0.00060603 -0.000600641 -0.000596244 -0.000591975 -0.000586551 -0.000581578 -0.000576622 -0.000571595 -0.000566571 -0.000560568 -0.000555059 -0.000550623 -0.000546166 -0.000540507 -0.000535245 -0.00053034 -0.000524791 -0.000519436 -0.000512944 -0.000508609 -0.000505136 -0.000500414 -0.000496069 -0.000491764 -0.000487556 -0.000481749 -0.000475507 -0.000470009 -0.000465864 -0.000461022 -0.000455609 -0.00045137 -0.000447519 -0.00044399 -0.000439612 -0.000435522 -0.000432838 -0.000428477 -0.000424492 -0.000420887 -0.000416349 -0.000412238 -0.00040794 -0.000404108 -0.000400229 -0.000396367 -0.000392903 -0.000389171 -0.000386124 -0.000382864 -0.000379689 -0.000376134 -0.000372665 -0.000369281 -0.000366045 -0.000362353 -0.000359863 -0.000356409 -0.000353583 -0.000350945 -0.000347926 -0.000344921 -0.000341558 -0.000338527 -0.000335988 -0.000333827 -0.0003319 -0.000329277 -0.00032679 -0.000324777 -0.00032226 -0.000319017 -0.000316068 -0.00031281 -0.000310302 -0.000308138 -0.000305324 -0.000302455 -0.000300478 -0.000297444 -0.000294381 -0.000291616 -0.000288926 -0.000287138 -0.000285028 -0.000282692 -0.000280578 -0.000277428 -0.000274465 -0.000271793 -0.000269536 -0.000266983 -0.000264556 -0.000262156 -0.00025916 -0.000256688 -0.000254233 -0.000251481 -0.000249203 -0.000247006 -0.000244928 -0.000242246 -0.000238651 -0.000235786 -0.000232477 -0.000228634 -0.000225555 -0.000222595 -0.000218679 -0.000214749 -0.000212125 -0.000208137 -0.000204135 -0.000201011 -0.00019764 -0.000194871 -0.000190879 -0.000186913 -0.000183163 -0.000179304 -0.0001761 -0.000173 -0.000168914 -0.000164983 -0.000161914 -0.000157965 -0.000154484 -0.000149773 -0.00014617 -0.000143078 -0.000139972 -0.000136249 -0.000132086 -0.000129335 -0.000126548 -0.000123705 -0.000120326 -0.000116446 -0.000113643 -0.00011018 -0.000106137 -0.000103437 -9.99072e-05 -9.61305e-05 -9.31014e-05 -8.99734e-05 -8.63491e-05 -8.23762e-05 -7.8392e-05 -7.53295e-05 -7.25213e-05 -6.85108e-05 -6.47861e-05 -6.1184e-05 -5.71952e-05 -5.3442e-05 -4.89601e-05 -4.42464e-05 -4.08597e-05 -3.76822e-05 -3.45831e-05 -3.18823e-05 -2.85456e-05 -2.49049e-05 -2.18801e-05 -1.91957e-05 -1.61185e-05 -1.28695e-05 -1.0274e-05 -7.1802e-06 -2.90708e-06 8.0251e-07 
-0.000478068 -0.000869616 -0.00095996 -0.00101914 -0.0010423 -0.00102908 -0.00100434 -0.000981928 -0.000967803 -0.00095484 -0.000948663 -0.000949285 -0.000950255 -0.000950339 -0.000948439 -0.000943839 -0.00093857 -0.00093106 -0.000922726 -0.000914172 -0.000903686 -0.000893679 -0.00088504 -0.000876644 -0.000867367 -0.000858379 -0.000849237 -0.000841939 -0.000831842 -0.000822537 -0.000814756 -0.000808326 -0.000798978 -0.000792185 -0.000785432 -0.000777087 -0.000770911 -0.000765848 -0.000761553 -0.000758166 -0.000754825 -0.000749944 -0.00074632 -0.000742899 -0.000738906 -0.000735326 -0.000731749 -0.000728027 -0.000725269 -0.000723086 -0.000720722 -0.000717611 -0.000714706 -0.000710572 -0.000706186 -0.000702988 -0.000699923 -0.000697196 -0.000693433 -0.000689323 -0.000686147 -0.000681693 -0.00067836 -0.000674584 -0.000670467 -0.000667365 -0.000664334 -0.000660437 -0.000656514 -0.000651901 -0.000647117 -0.000642854 -0.000637355 -0.000632031 -0.000627512 -0.000622701 -0.000617652 -0.000611558 -0.000606372 -0.000602134 -0.000596533 -0.000590892 -0.000586733 -0.000581415 -0.00057747 -0.000572496 -0.000566182 -0.000561138 -0.000556624 -0.000551652 -0.000546354 -0.000540966 -0.000535231 -0.000530261 -0.000524786 -0.000519244 -0.000514275 -0.00050916 -0.000504738 -0.000500522 -0.000496399 -0.000492162 -0.000486933 -0.000481106 -0.000475657 -0.000470956 -0.000466495 -0.000461801 -0.000456786 -0.00045303 -0.00044832 -0.000443958 -0.000440549 -0.00043645 -0.000433246 -0.000428914 -0.000425002 -0.000421628 -0.00041755 -0.000412617 -0.000407892 -0.000404375 -0.000400637 -0.000397355 -0.000394114 -0.000390148 -0.000386613 -0.00038336 -0.000380181 -0.000377253 -0.000373332 -0.000369553 -0.000366364 -0.000362919 -0.000360001 -0.000357132 -0.000354149 -0.000351364 -0.000348069 -0.000344678 -0.000341856 -0.00033903 -0.000336345 -0.000333777 -0.000331817 -0.000329844 -0.000327649 -0.00032504 -0.000322874 -0.000319963 -0.000316289 -0.000312996 -0.000310332 -0.000308127 -0.000305827 -0.000303144 -0.000300689 -0.000297853 -0.000295258 -0.000292279 -0.000289028 -0.000286967 -0.000284789 -0.000282713 -0.000280541 -0.000277478 -0.000274559 -0.000271795 -0.000269229 -0.000266893 -0.000264586 -0.000262021 -0.000259011 -0.000256446 -0.000254129 -0.000251858 -0.000249264 -0.000246777 -0.000244584 -0.000242067 -0.000239142 -0.000236452 -0.000232772 -0.000228799 -0.000225472 -0.000222499 -0.000219109 -0.000214953 -0.000211773 -0.000208165 -0.000204604 -0.000200685 -0.000197059 -0.000194048 -0.000190693 -0.000187015 -0.000183167 -0.000179383 -0.000175538 -0.000172132 -0.000169162 -0.000165535 -0.00016157 -0.000157701 -0.000154441 -0.000151237 -0.000148016 -0.000143865 -0.000139749 -0.000136686 -0.000133199 -0.000130063 -0.000126803 -0.000123514 -0.000120601 -0.000117269 -0.000114261 -0.000110569 -0.000106465 -0.00010352 -0.000100419 -9.72193e-05 -9.31465e-05 -8.99164e-05 -8.66647e-05 -8.27564e-05 -7.95679e-05 -7.55035e-05 -7.14979e-05 -6.82053e-05 -6.46572e-05 -6.04698e-05 -5.66178e-05 -5.31309e-05 -4.86102e-05 -4.50044e-05 -4.11426e-05 -3.75075e-05 -3.51428e-05 -3.23162e-05 -2.88697e-05 -2.54846e-05 -2.24722e-05 -1.94441e-05 -1.66688e-05 -1.27559e-05 -9.96515e-06 -7.62101e-06 -3.93259e-06 4.06004e-07 
-0.000427589 -0.000882508 -0.00100241 -0.00102218 -0.00103582 -0.00103492 -0.00100954 -0.000984332 -0.000971046 -0.000958329 -0.000951331 -0.000950091 -0.000951144 -0.0009504 -0.000948001 -0.000944542 -0.000939193 -0.000930747 -0.000922446 -0.000914688 -0.000904248 -0.000895976 -0.00088582 -0.000875316 -0.000867277 -0.000858073 -0.000847145 -0.000838441 -0.000830222 -0.000822393 -0.000815589 -0.000807626 -0.0007986 -0.000791661 -0.000784102 -0.000775648 -0.00077067 -0.000765227 -0.000760407 -0.000756386 -0.000753363 -0.000749188 -0.000745878 -0.000742287 -0.000738217 -0.000734386 -0.000730874 -0.000727799 -0.000725154 -0.000722671 -0.000720134 -0.000716543 -0.000713212 -0.000709463 -0.000706006 -0.000702781 -0.000698764 -0.000695531 -0.000692596 -0.000689467 -0.000685274 -0.000680832 -0.000677946 -0.00067349 -0.000669228 -0.000666969 -0.000663472 -0.000658712 -0.00065496 -0.000651614 -0.000646707 -0.000641836 -0.00063711 -0.000632475 -0.000627429 -0.000622083 -0.000617116 -0.000611886 -0.000607314 -0.000602475 -0.000596917 -0.000591126 -0.000587038 -0.0005813 -0.00057585 -0.000571501 -0.000566623 -0.000562326 -0.000558077 -0.000552231 -0.000546257 -0.000541923 -0.000536719 -0.000531512 -0.000524693 -0.000519018 -0.000515474 -0.00050931 -0.000503742 -0.000499961 -0.000495635 -0.000490866 -0.000486509 -0.000481009 -0.000476548 -0.000471856 -0.000466534 -0.000462311 -0.000458219 -0.000453905 -0.00044893 -0.000444393 -0.000440931 -0.000436493 -0.000432434 -0.00042911 -0.000425517 -0.00042134 -0.000417118 -0.000412972 -0.000409055 -0.000404664 -0.000400203 -0.000397093 -0.000394113 -0.000390606 -0.000388208 -0.000384398 -0.000380401 -0.000377586 -0.000374217 -0.000370236 -0.000367348 -0.000363805 -0.00036004 -0.000357472 -0.000354378 -0.000351243 -0.0003483 -0.000344984 -0.000342358 -0.000339889 -0.000336763 -0.000334138 -0.000332022 -0.0003299 -0.000327796 -0.000324852 -0.000322391 -0.000319909 -0.000316842 -0.000314088 -0.000310805 -0.000308272 -0.000306223 -0.000303776 -0.000301014 -0.00029812 -0.000295258 -0.000292232 -0.000289737 -0.000287542 -0.000284959 -0.000282394 -0.000280139 -0.000277258 -0.000274631 -0.000271672 -0.000268624 -0.000266366 -0.000264459 -0.000261908 -0.000259335 -0.000256109 -0.000253526 -0.000251183 -0.000249352 -0.000247373 -0.00024466 -0.000241333 -0.00023891 -0.000235926 -0.000232396 -0.000229288 -0.000225707 -0.000222118 -0.000219148 -0.000215359 -0.000211633 -0.00020769 -0.000204673 -0.000201116 -0.000197522 -0.000193818 -0.000190378 -0.000186988 -0.000183209 -0.000179907 -0.000176069 -0.000171949 -0.000169129 -0.000166104 -0.000161464 -0.000157666 -0.000154872 -0.000151994 -0.000148972 -0.000145298 -0.000140891 -0.000137531 -0.000134423 -0.000131092 -0.000127276 -0.000123548 -0.000121393 -0.000117456 -0.000113783 -0.000110901 -0.000107793 -0.000103849 -0.000100013 -9.74023e-05 -9.40167e-05 -9.10422e-05 -8.69939e-05 -8.2867e-05 -7.99717e-05 -7.57387e-05 -7.15233e-05 -6.85936e-05 -6.44713e-05 -6.01739e-05 -5.70276e-05 -5.30095e-05 -4.83065e-05 -4.53914e-05 -4.151e-05 -3.80028e-05 -3.57631e-05 -3.24484e-05 -2.90885e-05 -2.6358e-05 -2.2711e-05 -1.89524e-05 -1.64537e-05 -1.33514e-05 -1.05245e-05 -8.27992e-06 -4.46044e-06 1.21624e-06 
-0.000310666 -0.000888328 -0.00105459 -0.00103515 -0.0010427 -0.00104089 -0.00101923 -0.00099081 -0.000970759 -0.000960019 -0.000955648 -0.000952813 -0.000951977 -0.000951225 -0.000949134 -0.000945703 -0.000939394 -0.000931558 -0.000923631 -0.000913694 -0.000903442 -0.000897249 -0.000887711 -0.000875571 -0.000868543 -0.000857866 -0.000846772 -0.000839594 -0.000829183 -0.000819377 -0.00081123 -0.000804027 -0.00079643 -0.00079018 -0.0007818 -0.000774839 -0.00077016 -0.000765178 -0.000760771 -0.00075602 -0.000753273 -0.000748909 -0.000744476 -0.000740936 -0.000737191 -0.000733832 -0.000731015 -0.000728167 -0.000724904 -0.000721772 -0.000719082 -0.000716354 -0.000712613 -0.000708613 -0.000705575 -0.000701659 -0.000698108 -0.000694961 -0.000691939 -0.000688525 -0.000684542 -0.000680496 -0.000677001 -0.000672043 -0.000668429 -0.000665594 -0.000661855 -0.000658016 -0.000654603 -0.000650941 -0.00064597 -0.000640584 -0.000636741 -0.000632079 -0.000626375 -0.000621645 -0.000617733 -0.00061299 -0.000607417 -0.000601462 -0.000596821 -0.000591814 -0.000587616 -0.000582227 -0.000575896 -0.000570895 -0.000567135 -0.000562517 -0.000557669 -0.00055264 -0.000547025 -0.000542523 -0.000536729 -0.000531027 -0.000525362 -0.000520113 -0.00051563 -0.000509669 -0.000503786 -0.000499974 -0.000495148 -0.000490525 -0.000486091 -0.000480626 -0.000475619 -0.00047132 -0.000467193 -0.000463755 -0.000458795 -0.000454147 -0.000449801 -0.000444997 -0.000440997 -0.000436959 -0.000432523 -0.000428658 -0.000425642 -0.000421564 -0.000417222 -0.000413069 -0.000409648 -0.000405341 -0.00040133 -0.000398195 -0.000394997 -0.000391433 -0.000388253 -0.000385314 -0.000381594 -0.000378893 -0.000375581 -0.000371257 -0.00036758 -0.000364155 -0.000360574 -0.000357523 -0.000354326 -0.000351398 -0.000348734 -0.000345207 -0.000342135 -0.000339488 -0.000337399 -0.000335051 -0.000332195 -0.00032941 -0.000327667 -0.000325351 -0.000322945 -0.000320368 -0.000317138 -0.000314548 -0.000311731 -0.00030889 -0.000306283 -0.000304054 -0.00030146 -0.000298662 -0.000295488 -0.000292177 -0.000289609 -0.000287434 -0.000285559 -0.000283349 -0.000280553 -0.00027766 -0.00027447 -0.000271555 -0.000268961 -0.000266645 -0.000264071 -0.000261487 -0.00025951 -0.000256471 -0.000253814 -0.000251346 -0.000249465 -0.000247738 -0.000244794 -0.000241836 -0.000238794 -0.00023533 -0.000231772 -0.00022913 -0.000225723 -0.000222368 -0.000219608 -0.000216154 -0.00021242 -0.000208601 -0.000204504 -0.000200761 -0.00019819 -0.000194645 -0.000191015 -0.000187638 -0.000183446 -0.000180122 -0.000176595 -0.000172037 -0.000168284 -0.000165291 -0.000161698 -0.000158623 -0.000155167 -0.000151743 -0.000148845 -0.000146207 -0.000141911 -0.000137655 -0.000134439 -0.000131159 -0.000127792 -0.000124349 -0.000121715 -0.000118008 -0.00011437 -0.000111289 -0.000108209 -0.000104334 -0.000100319 -9.78014e-05 -9.44318e-05 -9.16063e-05 -8.81519e-05 -8.3563e-05 -8.02939e-05 -7.65352e-05 -7.21088e-05 -6.84618e-05 -6.40867e-05 -6.01429e-05 -5.70106e-05 -5.28558e-05 -4.8832e-05 -4.57336e-05 -4.23125e-05 -3.8614e-05 -3.58155e-05 -3.23806e-05 -2.92076e-05 -2.62889e-05 -2.24369e-05 -1.91322e-05 -1.665e-05 -1.38494e-05 -1.04659e-05 -8.14357e-06 -4.95331e-06 5.30845e-07 
-0.000298615 -0.000907807 -0.00107349 -0.00103867 -0.00104615 -0.00104221 -0.00102106 -0.000996515 -0.000975244 -0.000964125 -0.000959552 -0.000955418 -0.000953599 -0.000952422 -0.000949909 -0.000946017 -0.000939533 -0.000932909 -0.000924568 -0.000913863 -0.000903611 -0.000897308 -0.000887549 -0.000876481 -0.000869691 -0.00085606 -0.000844843 -0.000837406 -0.000827247 -0.000817428 -0.000810436 -0.000803492 -0.000795861 -0.000788636 -0.00078074 -0.00077524 -0.000769687 -0.000764304 -0.000759993 -0.000755314 -0.00075217 -0.000747555 -0.000743497 -0.000740513 -0.000737455 -0.000733697 -0.000730513 -0.000727785 -0.000724678 -0.000722075 -0.000719156 -0.000715947 -0.000712213 -0.00070797 -0.000704199 -0.000700399 -0.000697781 -0.000694863 -0.000691107 -0.000687453 -0.000683938 -0.000680575 -0.000676168 -0.000671605 -0.000667585 -0.000664465 -0.000660568 -0.000657833 -0.000653345 -0.000648675 -0.000644777 -0.000640812 -0.000636302 -0.000631039 -0.000626009 -0.000621943 -0.000617127 -0.000611711 -0.000606712 -0.000601382 -0.000597038 -0.000591925 -0.000587464 -0.000582168 -0.000576114 -0.000570213 -0.000566227 -0.000561728 -0.000556715 -0.000553106 -0.000548288 -0.00054266 -0.000536147 -0.000530272 -0.000526147 -0.000520244 -0.000514771 -0.000509717 -0.000504813 -0.000500134 -0.000495124 -0.000491172 -0.000486433 -0.000480436 -0.000476265 -0.000471447 -0.000466853 -0.000463573 -0.00045948 -0.00045467 -0.000450357 -0.000445346 -0.000440486 -0.00043676 -0.000432827 -0.00042858 -0.000424835 -0.000421708 -0.00041774 -0.000413327 -0.00040913 -0.000405586 -0.000402626 -0.000399069 -0.000395402 -0.000391563 -0.00038866 -0.000385651 -0.000382126 -0.000378547 -0.000375592 -0.000372288 -0.000368444 -0.000365146 -0.000361543 -0.000357886 -0.000354539 -0.000351367 -0.000348458 -0.000345471 -0.000342741 -0.000340061 -0.000337344 -0.000335112 -0.00033247 -0.000329884 -0.000327722 -0.000325527 -0.000323074 -0.000320434 -0.00031746 -0.000314614 -0.000312015 -0.000309255 -0.000306552 -0.000304383 -0.000301525 -0.000298364 -0.000295664 -0.000292899 -0.00029011 -0.000287522 -0.000285494 -0.000283152 -0.000280511 -0.000277874 -0.000274694 -0.000272134 -0.000269857 -0.000267295 -0.00026401 -0.00026144 -0.000259109 -0.000256307 -0.00025436 -0.000251848 -0.000249597 -0.000247672 -0.00024508 -0.000242393 -0.000238933 -0.000234905 -0.000231984 -0.000228918 -0.000225927 -0.000223301 -0.000220023 -0.000216021 -0.000212514 -0.000209189 -0.000205081 -0.000201049 -0.000198484 -0.000194336 -0.000191029 -0.000188156 -0.00018377 -0.000180086 -0.00017695 -0.000172678 -0.000168423 -0.000164748 -0.000161418 -0.000158821 -0.000155421 -0.00015252 -0.000149511 -0.000146832 -0.000142714 -0.000138318 -0.000134519 -0.000131105 -0.000128346 -0.000125284 -0.000121981 -0.000118602 -0.000115692 -0.000111983 -0.00010794 -0.000104539 -0.000100989 -9.85118e-05 -9.46676e-05 -9.16503e-05 -8.8517e-05 -8.45246e-05 -8.05536e-05 -7.69525e-05 -7.24931e-05 -6.8359e-05 -6.43329e-05 -6.06601e-05 -5.74316e-05 -5.32945e-05 -5.00214e-05 -4.66177e-05 -4.26143e-05 -3.91046e-05 -3.56482e-05 -3.27381e-05 -2.9465e-05 -2.60047e-05 -2.23314e-05 -1.88865e-05 -1.59502e-05 -1.35871e-05 -1.07926e-05 -8.51929e-06 -4.80342e-06 1.28628e-06 
-0.000298615 -0.000915951 -0.001087 -0.00105 -0.00105439 -0.0010472 -0.00102485 -0.00100174 -0.000982639 -0.00096851 -0.000962841 -0.000959318 -0.000956322 -0.000954338 -0.000951154 -0.000946161 -0.000940106 -0.000931635 -0.000923395 -0.000914931 -0.0009072 -0.000898966 -0.000888517 -0.000877661 -0.000869682 -0.0008556 -0.000843693 -0.000835637 -0.000825349 -0.000817941 -0.000810673 -0.000801513 -0.000792928 -0.00078672 -0.000780578 -0.000775338 -0.000768719 -0.000763314 -0.000758922 -0.000754901 -0.000751442 -0.000746871 -0.000742973 -0.000739865 -0.000736572 -0.000733311 -0.000730707 -0.000727953 -0.000724585 -0.000722278 -0.000718346 -0.000714459 -0.000711466 -0.000707541 -0.000703636 -0.000699916 -0.000696973 -0.000694148 -0.00069057 -0.000687171 -0.000683493 -0.000679806 -0.000675227 -0.000671531 -0.000667504 -0.00066341 -0.000659481 -0.000656707 -0.00065161 -0.000647063 -0.000644099 -0.000639725 -0.000634505 -0.000630258 -0.000625402 -0.000621153 -0.00061554 -0.000610754 -0.000606676 -0.000601594 -0.000597133 -0.00059128 -0.000586333 -0.000580892 -0.00057584 -0.000570103 -0.00056599 -0.000560871 -0.000556399 -0.000552461 -0.000546797 -0.000541522 -0.000536377 -0.000531309 -0.000526156 -0.000520537 -0.000514311 -0.000509241 -0.000504844 -0.000499775 -0.000495536 -0.000491592 -0.000486139 -0.000480323 -0.000476483 -0.000471609 -0.000466937 -0.000463409 -0.000459316 -0.000454582 -0.000449865 -0.000445352 -0.00044061 -0.000436666 -0.000432755 -0.000428929 -0.000424619 -0.000421209 -0.000418231 -0.000414414 -0.000410062 -0.00040619 -0.000403243 -0.000399819 -0.000396268 -0.000392967 -0.000389402 -0.000386574 -0.000382962 -0.000379158 -0.000376059 -0.000373196 -0.000369227 -0.00036526 -0.000361577 -0.000357965 -0.000355204 -0.000352073 -0.000348584 -0.000345795 -0.000343277 -0.000340323 -0.000337006 -0.000334721 -0.000332504 -0.000330007 -0.000327686 -0.000325552 -0.000323021 -0.000320724 -0.000318494 -0.000315608 -0.000312476 -0.000309631 -0.000306627 -0.000304553 -0.000301557 -0.000298388 -0.000295708 -0.000293163 -0.000290285 -0.00028731 -0.000285342 -0.000283104 -0.000280678 -0.000278323 -0.000275225 -0.000272173 -0.000269541 -0.000267137 -0.000264626 -0.00026242 -0.000259445 -0.000256398 -0.000254639 -0.000252606 -0.000250186 -0.000247483 -0.000245164 -0.000242314 -0.00023844 -0.000234746 -0.000232218 -0.000228602 -0.000225546 -0.000223288 -0.000220189 -0.00021707 -0.00021296 -0.000209552 -0.000205855 -0.000201816 -0.000198919 -0.000194773 -0.000191052 -0.000188608 -0.000184362 -0.000180231 -0.000176722 -0.000172853 -0.000169225 -0.000165326 -0.000161384 -0.000158819 -0.000155887 -0.000152938 -0.000149087 -0.000145858 -0.000142277 -0.000139032 -0.000135091 -0.000131124 -0.000128521 -0.00012589 -0.000122211 -0.000119004 -0.000115866 -0.000112293 -0.000108564 -0.000105598 -0.000101685 -9.85487e-05 -9.533e-05 -9.17547e-05 -8.88889e-05 -8.5556e-05 -8.13963e-05 -7.75255e-05 -7.34479e-05 -6.94489e-05 -6.5278e-05 -6.10561e-05 -5.7656e-05 -5.44795e-05 -5.13872e-05 -4.72541e-05 -4.30457e-05 -3.9723e-05 -3.64246e-05 -3.34387e-05 -2.94538e-05 -2.58337e-05 -2.25759e-05 -1.90546e-05 -1.56023e-05 -1.36635e-05 -1.14757e-05 -8.71432e-06 -4.33092e-06 1.23368e-06 
-0.000298615 -0.000909381 -0.00107418 -0.00105771 -0.00105778 -0.0010487 -0.00102647 -0.000999901 -0.00098532 -0.00097291 -0.000966667 -0.000962693 -0.000959589 -0.00095588 -0.000952175 -0.000947159 -0.000941621 -0.000932687 -0.000922883 -0.000915732 -0.000906556 -0.000897987 -0.000889471 -0.000879715 -0.000868711 -0.000856601 -0.000845878 -0.000834621 -0.000823276 -0.000816044 -0.000808772 -0.000799054 -0.000792147 -0.000785977 -0.000780051 -0.000774241 -0.000768518 -0.000764379 -0.000759808 -0.000754621 -0.000750239 -0.000746732 -0.000743477 -0.00073982 -0.000735554 -0.000732806 -0.000730621 -0.000727638 -0.000724501 -0.000722019 -0.000717895 -0.00071384 -0.000710914 -0.00070689 -0.000702699 -0.000699793 -0.000697087 -0.000693113 -0.000689484 -0.000687102 -0.000683599 -0.000679015 -0.000674258 -0.000670963 -0.000666469 -0.000662463 -0.000658497 -0.000655511 -0.000650767 -0.000646396 -0.000643138 -0.000638101 -0.000633072 -0.000629554 -0.000623869 -0.000618937 -0.000614063 -0.000610323 -0.000605581 -0.000599519 -0.000595212 -0.000590763 -0.000586148 -0.000580317 -0.000575693 -0.000570042 -0.000564921 -0.000560486 -0.000556315 -0.000551392 -0.000545016 -0.000540396 -0.000536822 -0.000530962 -0.000524831 -0.000519828 -0.000514806 -0.000508658 -0.000503759 -0.000499546 -0.000495308 -0.000491059 -0.000485992 -0.000480655 -0.000476152 -0.000471427 -0.000467415 -0.000463091 -0.000458614 -0.000454762 -0.000450116 -0.000445985 -0.000441561 -0.000436227 -0.000431964 -0.000429329 -0.000425047 -0.00042146 -0.000418342 -0.000415471 -0.000411566 -0.000407464 -0.000404454 -0.00040123 -0.000398022 -0.000394871 -0.000390187 -0.000386092 -0.000383289 -0.000380158 -0.000376472 -0.000372936 -0.000370011 -0.000366178 -0.000362198 -0.00035826 -0.000355023 -0.000352256 -0.000349497 -0.000346731 -0.000343438 -0.000340938 -0.000338008 -0.000335323 -0.000333272 -0.000330496 -0.000327545 -0.000325822 -0.000323136 -0.000320902 -0.000319126 -0.000315926 -0.000312759 -0.000310017 -0.000307193 -0.000304434 -0.00030183 -0.000299217 -0.000296076 -0.000292833 -0.000290512 -0.000288063 -0.0002858 -0.000283748 -0.000280953 -0.000278263 -0.000275757 -0.0002729 -0.000269758 -0.000267096 -0.000264741 -0.000262535 -0.000259728 -0.000256679 -0.000254796 -0.000252644 -0.000250553 -0.000248096 -0.000244774 -0.000241603 -0.000238328 -0.000235069 -0.000232563 -0.00022919 -0.000226283 -0.000222964 -0.000220219 -0.00021748 -0.00021276 -0.000209154 -0.00020594 -0.000202363 -0.000199207 -0.000195684 -0.000191482 -0.000188139 -0.000184725 -0.000181039 -0.000176649 -0.00017232 -0.000169436 -0.000165191 -0.000160964 -0.000158325 -0.000155266 -0.000152334 -0.000149404 -0.000146269 -0.000142578 -0.000138901 -0.000135115 -0.000131584 -0.000128358 -0.000125818 -0.000123191 -0.00012027 -0.000116519 -0.00011279 -0.000109227 -0.000105715 -0.000101714 -9.81865e-05 -9.56774e-05 -9.27574e-05 -8.94488e-05 -8.65338e-05 -8.27005e-05 -7.74763e-05 -7.34815e-05 -6.98057e-05 -6.56014e-05 -6.18326e-05 -5.88511e-05 -5.53222e-05 -5.192e-05 -4.80053e-05 -4.40556e-05 -4.04315e-05 -3.71615e-05 -3.37989e-05 -2.97175e-05 -2.6416e-05 -2.26942e-05 -1.89718e-05 -1.551e-05 -1.35709e-05 -1.08067e-05 -8.23906e-06 -4.58691e-06 3.08626e-07 
-0.000378548 -0.000947523 -0.00104599 -0.0010399 -0.00105303 -0.00104493 -0.00102156 -0.000999999 -0.000990375 -0.000978968 -0.000969436 -0.000964496 -0.000961675 -0.000958073 -0.000953219 -0.000947519 -0.000942144 -0.000933626 -0.000925763 -0.000916671 -0.00090551 -0.000897016 -0.000890031 -0.000878389 -0.000866452 -0.000855899 -0.000845179 -0.000833953 -0.000823834 -0.000817065 -0.000808764 -0.00079965 -0.000792099 -0.000785738 -0.000778806 -0.000772411 -0.000767585 -0.000763715 -0.00075876 -0.000754298 -0.000750072 -0.000746493 -0.000743064 -0.000739357 -0.000735687 -0.000733321 -0.000730239 -0.000726815 -0.000723718 -0.00072111 -0.000717731 -0.000713891 -0.000710304 -0.000705835 -0.000701972 -0.000699347 -0.000696039 -0.000692509 -0.00068911 -0.000686604 -0.000683049 -0.000678778 -0.000673871 -0.00067007 -0.000665155 -0.000661286 -0.000657511 -0.000654275 -0.000649788 -0.000645643 -0.000640788 -0.000635922 -0.000631465 -0.000627949 -0.000622902 -0.000618555 -0.00061407 -0.000609868 -0.000604563 -0.000598805 -0.000595232 -0.000590424 -0.000584856 -0.000578972 -0.000574882 -0.000568758 -0.000563345 -0.000558791 -0.000554258 -0.000549201 -0.000543753 -0.000539722 -0.000535424 -0.000529706 -0.000524168 -0.00051978 -0.000514736 -0.000508877 -0.000504094 -0.000499734 -0.000495416 -0.000490759 -0.000486745 -0.000481165 -0.000475953 -0.000470515 -0.000466784 -0.000463018 -0.000459044 -0.000455012 -0.000450221 -0.000445286 -0.00044137 -0.000437073 -0.0004327 -0.000429762 -0.000426126 -0.000422523 -0.000418797 -0.000415652 -0.000412804 -0.00040963 -0.000405351 -0.00040125 -0.000398193 -0.000395295 -0.000391001 -0.000386885 -0.000383461 -0.000380343 -0.000376648 -0.000373075 -0.000369706 -0.00036616 -0.000362755 -0.000359317 -0.00035552 -0.000352351 -0.00035009 -0.000347505 -0.000344322 -0.000341825 -0.00033838 -0.000335328 -0.000332684 -0.000330225 -0.000327763 -0.000325811 -0.000323184 -0.000320823 -0.000318991 -0.000316175 -0.000313246 -0.000311014 -0.000308031 -0.000304632 -0.000301822 -0.00029932 -0.00029622 -0.000293417 -0.000290958 -0.00028815 -0.000285528 -0.000283169 -0.000280996 -0.00027859 -0.000276089 -0.000273617 -0.00027023 -0.000267621 -0.00026449 -0.000262045 -0.000259866 -0.000257539 -0.000255023 -0.000252675 -0.000250617 -0.000248275 -0.000244616 -0.000240991 -0.00023824 -0.000235259 -0.00023227 -0.000229187 -0.000226863 -0.000223611 -0.000220384 -0.000217838 -0.000213867 -0.000210394 -0.000206977 -0.000203129 -0.000199246 -0.000195845 -0.000191708 -0.000187695 -0.000184036 -0.000181093 -0.000177244 -0.000172562 -0.000169234 -0.000165812 -0.000162377 -0.000158874 -0.000155677 -0.000152312 -0.000149291 -0.000146798 -0.000142811 -0.000138493 -0.000134802 -0.000132106 -0.000128758 -0.000125871 -0.000123577 -0.000121164 -0.000117778 -0.00011389 -0.000109791 -0.000105589 -0.00010206 -9.87893e-05 -9.62845e-05 -9.35743e-05 -8.95501e-05 -8.59738e-05 -8.29642e-05 -7.85352e-05 -7.50206e-05 -7.05176e-05 -6.58391e-05 -6.28073e-05 -5.92934e-05 -5.55823e-05 -5.23694e-05 -4.928e-05 -4.54361e-05 -4.19592e-05 -3.74062e-05 -3.35698e-05 -3.00663e-05 -2.62897e-05 -2.21e-05 -1.91204e-05 -1.65254e-05 -1.38502e-05 -1.06605e-05 -8.11372e-06 -5.16193e-06 -5.9214e-07 
-0.000276963 -0.000924844 -0.00105064 -0.00104011 -0.0010491 -0.00104067 -0.00101938 -0.00100303 -0.000991027 -0.000979597 -0.000971661 -0.000965595 -0.00096211 -0.000958693 -0.000954158 -0.000948764 -0.00094149 -0.000933108 -0.000925841 -0.000917113 -0.000907428 -0.000899336 -0.000890404 -0.000877668 -0.000865546 -0.000854765 -0.000842455 -0.000832616 -0.000824249 -0.000816609 -0.000807634 -0.000798963 -0.000792271 -0.000783258 -0.000776569 -0.000772429 -0.000767796 -0.000762318 -0.000757382 -0.000753968 -0.000750395 -0.000746414 -0.000742509 -0.000738663 -0.000735294 -0.000732986 -0.000729463 -0.000726362 -0.000723695 -0.000720871 -0.000717429 -0.000713513 -0.000709236 -0.000705561 -0.000702573 -0.000699068 -0.000695194 -0.000692349 -0.000689121 -0.000685618 -0.000681667 -0.000678244 -0.000673209 -0.000668801 -0.000664632 -0.000661122 -0.000657158 -0.000653344 -0.000648353 -0.000644307 -0.000639359 -0.000635372 -0.000630795 -0.000626373 -0.00062158 -0.00061803 -0.000613139 -0.000608099 -0.000603367 -0.000598327 -0.000594363 -0.000588862 -0.000584235 -0.000578463 -0.000573566 -0.000568186 -0.000563742 -0.000559064 -0.000553763 -0.000548615 -0.000544035 -0.000538851 -0.000533116 -0.000528612 -0.000524624 -0.000519184 -0.000513458 -0.000508316 -0.000504175 -0.000499487 -0.0004951 -0.000491143 -0.000486542 -0.000480526 -0.000475615 -0.000470758 -0.000466734 -0.000463273 -0.000459092 -0.000454589 -0.000450492 -0.000445643 -0.000441653 -0.000437621 -0.000432689 -0.000429234 -0.00042566 -0.000422829 -0.000420048 -0.00041649 -0.000413301 -0.000410486 -0.00040654 -0.000402688 -0.000398972 -0.000395611 -0.000391888 -0.000388051 -0.000384146 -0.000379938 -0.000376853 -0.000374016 -0.000370286 -0.000366215 -0.000363026 -0.000359917 -0.000356625 -0.00035382 -0.000351034 -0.000347808 -0.000344809 -0.000341877 -0.000338659 -0.000335944 -0.000332914 -0.000330386 -0.000327893 -0.000325928 -0.000323572 -0.000320955 -0.000318426 -0.000316261 -0.000313649 -0.000310841 -0.000308269 -0.000305713 -0.000302781 -0.000299851 -0.000296726 -0.000293714 -0.000290927 -0.000288382 -0.000285786 -0.000283248 -0.000281244 -0.000278793 -0.000276001 -0.000273322 -0.000270279 -0.000267971 -0.000264964 -0.00026196 -0.000260063 -0.000258048 -0.000255513 -0.000253147 -0.000250766 -0.000247936 -0.00024465 -0.000241304 -0.000238829 -0.000235699 -0.000232429 -0.000229734 -0.000227304 -0.000224404 -0.000221014 -0.000217388 -0.000214012 -0.000211024 -0.000207441 -0.000203539 -0.000200061 -0.000196414 -0.000192027 -0.00018853 -0.00018457 -0.000180834 -0.000177527 -0.000172914 -0.000169203 -0.000165807 -0.000162694 -0.000159034 -0.000155717 -0.000152853 -0.000149718 -0.000146622 -0.000143089 -0.000139537 -0.000135731 -0.000132403 -0.000129517 -0.00012663 -0.000123581 -0.000121033 -0.000117748 -0.000113871 -0.000110549 -0.000106051 -0.000102562 -9.93338e-05 -9.63104e-05 -9.36511e-05 -9.05735e-05 -8.68174e-05 -8.37864e-05 -7.96089e-05 -7.56749e-05 -7.12909e-05 -6.65461e-05 -6.35123e-05 -5.92004e-05 -5.59077e-05 -5.29244e-05 -4.91849e-05 -4.51939e-05 -4.19869e-05 -3.82057e-05 -3.47118e-05 -3.11584e-05 -2.73029e-05 -2.26074e-05 -1.91545e-05 -1.62602e-05 -1.38496e-05 -1.12577e-05 -8.39743e-06 -4.31387e-06 6.7582e-07 
-0.000336168 -0.000963613 -0.00106501 -0.00103785 -0.00104481 -0.00103534 -0.00102319 -0.00101006 -0.000992769 -0.000978543 -0.000971279 -0.000965851 -0.000962324 -0.000958289 -0.00095512 -0.000950121 -0.000941991 -0.000933423 -0.000926075 -0.000916381 -0.0009092 -0.000898658 -0.000887471 -0.00087714 -0.000868019 -0.000855126 -0.000840772 -0.000833659 -0.000824332 -0.000814611 -0.000807064 -0.000798646 -0.000790563 -0.000781864 -0.000775481 -0.000771294 -0.00076653 -0.000760875 -0.000756204 -0.000753427 -0.000750229 -0.00074654 -0.000742823 -0.000739321 -0.000735243 -0.000732014 -0.000728722 -0.000726416 -0.000723705 -0.000719915 -0.000716217 -0.000713082 -0.000708772 -0.000705685 -0.000702298 -0.000698511 -0.00069509 -0.000692062 -0.000688908 -0.000684695 -0.000680697 -0.00067743 -0.000672027 -0.000667128 -0.000663502 -0.00065962 -0.000655482 -0.000651759 -0.000647652 -0.000644467 -0.000639752 -0.000634845 -0.000630712 -0.000625 -0.000619589 -0.000616039 -0.000611278 -0.000606544 -0.000603069 -0.000598478 -0.000593134 -0.000588023 -0.000583757 -0.000577779 -0.000572512 -0.000567496 -0.000563841 -0.000559329 -0.000552294 -0.000547147 -0.000541776 -0.000537128 -0.000532396 -0.000528742 -0.000524448 -0.000518556 -0.000513214 -0.000508583 -0.000504429 -0.000499109 -0.000494008 -0.000490186 -0.000485895 -0.000480248 -0.000476172 -0.000471128 -0.000465797 -0.00046238 -0.000458663 -0.000454531 -0.000450691 -0.000445509 -0.000441365 -0.000437437 -0.000433974 -0.000430194 -0.000426569 -0.000423123 -0.000420805 -0.000417483 -0.000414019 -0.000410603 -0.000406827 -0.000403756 -0.000399517 -0.000395221 -0.000391583 -0.000388291 -0.000384032 -0.00038054 -0.000377081 -0.000374283 -0.000370977 -0.000367221 -0.000363691 -0.000360103 -0.000356778 -0.000354729 -0.000352041 -0.000348829 -0.000345827 -0.000341998 -0.000338497 -0.0003361 -0.000333307 -0.000330736 -0.000327885 -0.000325666 -0.000323276 -0.000321373 -0.000318939 -0.000316779 -0.000314163 -0.000310624 -0.000308074 -0.000305517 -0.000302799 -0.000300236 -0.00029756 -0.000294641 -0.000291419 -0.00028842 -0.00028581 -0.000283462 -0.000281381 -0.000279053 -0.000276248 -0.00027347 -0.000270435 -0.000268206 -0.000265332 -0.000262106 -0.000259573 -0.000257459 -0.000255862 -0.00025378 -0.00025108 -0.00024761 -0.000244445 -0.000241503 -0.000238727 -0.000236502 -0.000233807 -0.000231068 -0.000227797 -0.000224556 -0.000221545 -0.000218277 -0.000214772 -0.000211551 -0.000207941 -0.000204765 -0.000201461 -0.000197364 -0.000192448 -0.000189493 -0.00018536 -0.000181141 -0.000178434 -0.000173972 -0.000170227 -0.000166706 -0.000162856 -0.000159428 -0.000156262 -0.000153304 -0.000150189 -0.000146441 -0.000143838 -0.000140475 -0.000136364 -0.000132633 -0.000129562 -0.000127494 -0.000124668 -0.000122052 -0.000118834 -0.000114696 -0.000111048 -0.0001066 -0.000102932 -9.95812e-05 -9.67071e-05 -9.40145e-05 -9.17952e-05 -8.82191e-05 -8.4946e-05 -8.01985e-05 -7.57834e-05 -7.21297e-05 -6.78796e-05 -6.41743e-05 -6.00871e-05 -5.68794e-05 -5.3609e-05 -4.94316e-05 -4.55103e-05 -4.23051e-05 -3.86585e-05 -3.52148e-05 -3.12977e-05 -2.73671e-05 -2.36608e-05 -2.02726e-05 -1.66829e-05 -1.39721e-05 -1.17627e-05 -8.86091e-06 -3.75759e-06 1.01828e-06 
-0.000263546 -0.000899271 -0.00104532 -0.00104013 -0.00104177 -0.00103377 -0.00102392 -0.00101418 -0.00099697 -0.000980976 -0.000969771 -0.000964311 -0.000960799 -0.00095836 -0.000955067 -0.000950496 -0.000943498 -0.000935767 -0.000927442 -0.000918263 -0.000909742 -0.000898064 -0.000886664 -0.000876248 -0.000866421 -0.000853479 -0.000839971 -0.000832653 -0.000822986 -0.000814494 -0.000807741 -0.000797564 -0.00078809 -0.000780883 -0.000774635 -0.000768903 -0.000763962 -0.000759654 -0.000756682 -0.000753453 -0.000749293 -0.000745283 -0.00074216 -0.000738839 -0.000735287 -0.000731389 -0.000728153 -0.00072545 -0.000722728 -0.000719301 -0.000716082 -0.000713278 -0.000709542 -0.000705419 -0.000702003 -0.000698356 -0.000694647 -0.000690656 -0.00068767 -0.000683745 -0.00067948 -0.000676343 -0.000671106 -0.000666226 -0.000662717 -0.000658243 -0.000654277 -0.000651355 -0.000647818 -0.000644483 -0.000639178 -0.000633627 -0.000629277 -0.000623952 -0.000619326 -0.000614668 -0.000610743 -0.000606133 -0.000601785 -0.000597811 -0.000592156 -0.000587472 -0.000582953 -0.000577078 -0.000572118 -0.000567062 -0.000562681 -0.000557913 -0.000552496 -0.000547746 -0.000542314 -0.000536641 -0.000532048 -0.000527231 -0.000522615 -0.000518188 -0.000513897 -0.000508606 -0.000503275 -0.000498733 -0.000494257 -0.000490193 -0.00048562 -0.000479856 -0.000475351 -0.000470794 -0.00046596 -0.000462396 -0.000458886 -0.000455192 -0.000450705 -0.000446006 -0.000442466 -0.000438826 -0.000434804 -0.000430494 -0.000427067 -0.000423399 -0.000421051 -0.000418498 -0.000415064 -0.000410716 -0.000406451 -0.000403451 -0.000399666 -0.000395884 -0.000392712 -0.000389004 -0.000384754 -0.000381513 -0.000377623 -0.000374134 -0.000370639 -0.000367212 -0.000364413 -0.000361177 -0.000357595 -0.000354979 -0.00035197 -0.000348558 -0.000346013 -0.000342364 -0.000338862 -0.000336116 -0.000333224 -0.000331236 -0.000328466 -0.000325557 -0.000323418 -0.000321519 -0.000319148 -0.000316312 -0.000313876 -0.000310827 -0.000308734 -0.000305856 -0.000302767 -0.000300355 -0.000297645 -0.000295083 -0.000292162 -0.000288685 -0.00028553 -0.000282995 -0.000281018 -0.000279008 -0.000276627 -0.000273904 -0.000270246 -0.000267701 -0.000265042 -0.000262025 -0.000259794 -0.000257299 -0.000255352 -0.000253442 -0.000251327 -0.000248421 -0.000245431 -0.000242158 -0.000239189 -0.000236682 -0.000234365 -0.000231993 -0.000228111 -0.000224819 -0.00022208 -0.000218803 -0.000215428 -0.000211597 -0.000208468 -0.000205275 -0.00020218 -0.00019786 -0.000193539 -0.000190661 -0.00018623 -0.000181647 -0.00017905 -0.000174858 -0.000171266 -0.000167528 -0.000163774 -0.000160517 -0.000157034 -0.00015336 -0.000150409 -0.000147178 -0.000144512 -0.000141096 -0.000137056 -0.000133743 -0.000130898 -0.000127701 -0.000125025 -0.000122006 -0.000119048 -0.000115302 -0.000111644 -0.000107378 -0.000104187 -0.000101421 -9.83231e-05 -9.50959e-05 -9.27012e-05 -8.95482e-05 -8.57736e-05 -8.1833e-05 -7.72415e-05 -7.36879e-05 -6.93232e-05 -6.45872e-05 -6.05075e-05 -5.74942e-05 -5.32978e-05 -4.96675e-05 -4.66925e-05 -4.31717e-05 -3.8968e-05 -3.56827e-05 -3.12261e-05 -2.7454e-05 -2.43132e-05 -2.08518e-05 -1.79391e-05 -1.44877e-05 -1.11865e-05 -8.50922e-06 -4.62887e-06 -3.88564e-07 
-0.000321433 -0.000916987 -0.00104131 -0.00102656 -0.00103931 -0.00103747 -0.00102834 -0.00101495 -0.000997791 -0.000984235 -0.000969828 -0.000963015 -0.000961327 -0.000959361 -0.000955857 -0.000950432 -0.00094446 -0.000935938 -0.00092672 -0.000917866 -0.000910517 -0.000899794 -0.000890779 -0.000877204 -0.000862858 -0.000852502 -0.000840488 -0.000830793 -0.000820835 -0.000813357 -0.00080585 -0.000796755 -0.000787489 -0.000780768 -0.000774242 -0.00076674 -0.000761927 -0.000758967 -0.000755666 -0.000752134 -0.000748813 -0.000745588 -0.000741828 -0.000738072 -0.000734927 -0.000731059 -0.000728024 -0.000724639 -0.000721666 -0.000718925 -0.000715948 -0.000713341 -0.000709081 -0.000705038 -0.0007018 -0.00069884 -0.000694741 -0.000690395 -0.000687288 -0.000683302 -0.000678587 -0.000675398 -0.000670321 -0.000665444 -0.000661209 -0.000656971 -0.000654205 -0.00065077 -0.000646749 -0.00064368 -0.000638734 -0.00063367 -0.000628582 -0.000622913 -0.000618863 -0.000614105 -0.000609307 -0.000604531 -0.000599506 -0.000595837 -0.000592177 -0.000587425 -0.000581874 -0.000575674 -0.000571232 -0.000566877 -0.000562605 -0.000557192 -0.000552192 -0.000547561 -0.000542178 -0.000537006 -0.000532435 -0.000526378 -0.00052142 -0.000517125 -0.000513192 -0.000508447 -0.00050313 -0.00049841 -0.000494493 -0.000489888 -0.000484679 -0.000479632 -0.000475187 -0.000470942 -0.000467001 -0.00046271 -0.000458561 -0.000455049 -0.000450467 -0.000446103 -0.00044278 -0.00043887 -0.000435106 -0.00043138 -0.000428197 -0.000424278 -0.00042098 -0.000418316 -0.000415527 -0.000411695 -0.000407073 -0.000404205 -0.000400443 -0.000396425 -0.000392658 -0.000389507 -0.000385391 -0.000382556 -0.000379006 -0.000375406 -0.000371687 -0.000367785 -0.000364534 -0.000361858 -0.000358797 -0.000355769 -0.00035262 -0.000349018 -0.000345755 -0.000342549 -0.000339787 -0.000336726 -0.000333554 -0.000331679 -0.000329189 -0.000326135 -0.0003236 -0.000321633 -0.000319218 -0.000316224 -0.000314094 -0.000311137 -0.000308846 -0.000306242 -0.000303638 -0.000301014 -0.000297619 -0.000294926 -0.000292133 -0.000288635 -0.000286064 -0.000283298 -0.000280546 -0.000278231 -0.000276226 -0.000274026 -0.000271136 -0.000268177 -0.000265196 -0.000261795 -0.000259475 -0.000257114 -0.000255074 -0.000253494 -0.000251478 -0.000248752 -0.0002458 -0.000242671 -0.000240391 -0.000237438 -0.000234715 -0.000232283 -0.000228887 -0.000226057 -0.000222148 -0.000218289 -0.000215215 -0.000212131 -0.000209442 -0.000206189 -0.000202584 -0.000198755 -0.000194695 -0.000191549 -0.000187541 -0.000183086 -0.000180098 -0.000175549 -0.000171802 -0.000168385 -0.000165127 -0.00016148 -0.000157501 -0.000154039 -0.00015135 -0.00014796 -0.000144573 -0.000141034 -0.000137479 -0.000134963 -0.000131542 -0.00012813 -0.000125336 -0.000122521 -0.00011977 -0.000116507 -0.000112538 -0.000108196 -0.000104984 -0.000101826 -9.92532e-05 -9.6491e-05 -9.37946e-05 -9.06247e-05 -8.70203e-05 -8.37834e-05 -7.93368e-05 -7.47674e-05 -7.02313e-05 -6.62291e-05 -6.23161e-05 -5.81206e-05 -5.36293e-05 -4.98343e-05 -4.70283e-05 -4.31398e-05 -3.91453e-05 -3.67381e-05 -3.2672e-05 -2.91751e-05 -2.55984e-05 -2.1567e-05 -1.87175e-05 -1.52109e-05 -1.18206e-05 -8.7105e-06 -5.00638e-06 5.28332e-07 
-0.000324111 -0.000911652 -0.00100802 -0.00100165 -0.00103404 -0.00104343 -0.0010377 -0.00101982 -0.000997739 -0.000985071 -0.000970409 -0.000964294 -0.000962855 -0.000961195 -0.000958693 -0.000952464 -0.000945027 -0.000935718 -0.000926928 -0.000918899 -0.000909611 -0.000900409 -0.000891597 -0.000878664 -0.00086241 -0.000852281 -0.000839228 -0.000827908 -0.000818988 -0.00081139 -0.000803571 -0.000795904 -0.000786181 -0.000777856 -0.000772084 -0.000765842 -0.000762395 -0.000758471 -0.000754273 -0.000751207 -0.00074812 -0.000744758 -0.000740814 -0.000736913 -0.000733231 -0.000729876 -0.000727548 -0.000724118 -0.000721383 -0.000718548 -0.00071525 -0.000712389 -0.000708698 -0.000705203 -0.00070196 -0.000698178 -0.000694463 -0.000690611 -0.000686898 -0.000682212 -0.000677726 -0.000673411 -0.000668512 -0.000664766 -0.00065993 -0.00065591 -0.000653047 -0.000649168 -0.000646038 -0.000642593 -0.000638624 -0.000633958 -0.000627714 -0.000621728 -0.000617466 -0.000612127 -0.000607232 -0.000603296 -0.000598934 -0.000595381 -0.000590679 -0.000585571 -0.000580502 -0.000575445 -0.000570867 -0.000565744 -0.00056187 -0.00055743 -0.00055243 -0.00054661 -0.000540226 -0.000535554 -0.000531315 -0.000526078 -0.000521849 -0.000516128 -0.000511561 -0.000507618 -0.000502603 -0.000497743 -0.000492893 -0.000488334 -0.000484327 -0.000480524 -0.000474831 -0.000470253 -0.00046642 -0.000462525 -0.000458772 -0.000455213 -0.000451012 -0.000447693 -0.000444112 -0.000439449 -0.000436115 -0.000432362 -0.000428914 -0.00042518 -0.000421297 -0.000418169 -0.000415467 -0.000412412 -0.000408279 -0.000404508 -0.000401305 -0.000397717 -0.000393505 -0.000390573 -0.000386454 -0.000382483 -0.000379414 -0.000375719 -0.000372064 -0.000368636 -0.00036481 -0.000361595 -0.000359083 -0.00035608 -0.00035299 -0.000349745 -0.000346046 -0.000342602 -0.00033995 -0.000337128 -0.000334612 -0.000331862 -0.000329166 -0.000326791 -0.000324278 -0.000321593 -0.000318902 -0.000316338 -0.000314461 -0.00031149 -0.000308599 -0.000306086 -0.000303974 -0.000301247 -0.000298305 -0.00029563 -0.000292125 -0.000288589 -0.000285812 -0.000283345 -0.000280912 -0.000278703 -0.000276357 -0.000273999 -0.000271282 -0.000268078 -0.000265324 -0.00026202 -0.000259527 -0.000257079 -0.000254929 -0.000252779 -0.00025101 -0.000248882 -0.000245781 -0.000242825 -0.000240604 -0.000238006 -0.000235605 -0.000232501 -0.000229042 -0.00022653 -0.000222493 -0.000218397 -0.000215517 -0.00021242 -0.000208917 -0.000205904 -0.000203264 -0.000199876 -0.000195599 -0.00019176 -0.00018855 -0.000184265 -0.000180751 -0.000176641 -0.000172765 -0.00016959 -0.00016586 -0.000161798 -0.000158112 -0.000154806 -0.000151955 -0.000148145 -0.000144648 -0.000141493 -0.000138326 -0.000135344 -0.000132017 -0.000128854 -0.000126259 -0.000123376 -0.000119915 -0.000116863 -0.000113863 -0.000110438 -0.000107214 -0.000103179 -0.00010033 -9.80088e-05 -9.4478e-05 -9.11903e-05 -8.78478e-05 -8.46004e-05 -8.01377e-05 -7.55333e-05 -7.14219e-05 -6.8031e-05 -6.37986e-05 -5.89518e-05 -5.49459e-05 -5.10332e-05 -4.75646e-05 -4.33399e-05 -3.95319e-05 -3.70959e-05 -3.31339e-05 -2.95914e-05 -2.6452e-05 -2.26098e-05 -1.91346e-05 -1.54679e-05 -1.22393e-05 -9.00353e-06 -4.5255e-06 1.82543e-06 
-0.000347348 -0.000907972 -0.0010015 -0.000992241 -0.00102038 -0.00103824 -0.00104238 -0.00102403 -0.000999619 -0.000984569 -0.000971664 -0.000965753 -0.000964879 -0.000963356 -0.000959744 -0.000952197 -0.000944702 -0.000936047 -0.000927394 -0.000919398 -0.000908347 -0.000898053 -0.000888679 -0.000876469 -0.000862705 -0.000850319 -0.000836929 -0.000827868 -0.000819918 -0.00081034 -0.000800692 -0.000794522 -0.000785041 -0.000776707 -0.000770661 -0.000764715 -0.000761162 -0.000757562 -0.000753918 -0.000751045 -0.000746776 -0.000742625 -0.000738995 -0.00073585 -0.000732458 -0.000729081 -0.000726254 -0.000722743 -0.000720283 -0.000717701 -0.000714722 -0.000711844 -0.000708832 -0.00070599 -0.000702369 -0.000697579 -0.000693907 -0.000689956 -0.000685188 -0.000681351 -0.000677498 -0.00067243 -0.000667435 -0.000663786 -0.000658987 -0.000654418 -0.000651039 -0.000647453 -0.000644935 -0.000640652 -0.000636473 -0.000631918 -0.000626246 -0.000621357 -0.000616681 -0.000610935 -0.000606478 -0.000603245 -0.00059908 -0.000595341 -0.000589317 -0.000584265 -0.000579413 -0.000575012 -0.000569806 -0.000564174 -0.000560356 -0.000556201 -0.000551605 -0.000546336 -0.000540602 -0.000536399 -0.000530966 -0.000524804 -0.000520666 -0.000515619 -0.000510761 -0.000506788 -0.000502526 -0.000497942 -0.00049297 -0.000487922 -0.00048404 -0.000480574 -0.000475703 -0.000471097 -0.000467175 -0.00046315 -0.000459506 -0.000455366 -0.000451139 -0.000447885 -0.000444614 -0.000441091 -0.000437761 -0.000433507 -0.000428929 -0.000425316 -0.000422408 -0.000419184 -0.000415872 -0.000413257 -0.00040963 -0.000405052 -0.000401949 -0.000399157 -0.00039485 -0.00039156 -0.000387513 -0.000383123 -0.000380053 -0.000375484 -0.000371592 -0.000368944 -0.000365253 -0.000362185 -0.000359765 -0.000356422 -0.000352862 -0.000349919 -0.000346469 -0.000343668 -0.000340798 -0.000338108 -0.000335485 -0.000332243 -0.000329256 -0.000326706 -0.000324266 -0.000321691 -0.000319163 -0.000316637 -0.000314679 -0.000311784 -0.000308954 -0.000306499 -0.00030409 -0.000300761 -0.0002984 -0.000295678 -0.00029209 -0.000289024 -0.000286111 -0.000283557 -0.000281395 -0.000279291 -0.000276163 -0.000273827 -0.000271544 -0.000268595 -0.00026579 -0.000262576 -0.000259214 -0.00025683 -0.00025503 -0.000253155 -0.000250997 -0.000249105 -0.00024623 -0.000242913 -0.000240507 -0.000237971 -0.000235982 -0.000232981 -0.000229445 -0.00022653 -0.000222907 -0.000219551 -0.000215948 -0.00021215 -0.000209338 -0.000206473 -0.000203677 -0.000200467 -0.000196775 -0.0001928 -0.000189399 -0.000184893 -0.000180747 -0.000177335 -0.00017389 -0.000170329 -0.000166087 -0.000162483 -0.000159494 -0.000155584 -0.000151847 -0.000148948 -0.000145255 -0.000142481 -0.000139182 -0.000135171 -0.000132124 -0.000129512 -0.00012658 -0.00012368 -0.000120748 -0.000117613 -0.000114737 -0.000111509 -0.000108463 -0.000105338 -0.000101728 -9.88192e-05 -9.58139e-05 -9.25124e-05 -8.90795e-05 -8.50719e-05 -8.05042e-05 -7.63412e-05 -7.25702e-05 -6.88802e-05 -6.47457e-05 -6.00686e-05 -5.63678e-05 -5.17548e-05 -4.74803e-05 -4.42379e-05 -4.04682e-05 -3.75462e-05 -3.36701e-05 -3.01259e-05 -2.70916e-05 -2.35237e-05 -1.92579e-05 -1.53244e-05 -1.21637e-05 -8.63823e-06 -5.18501e-06 9.72503e-08 
-0.000344825 -0.000879345 -0.00099091 -0.000988792 -0.00101542 -0.00102848 -0.00103582 -0.00102519 -0.00100098 -0.000984214 -0.000972473 -0.000967492 -0.000966489 -0.000963416 -0.000959511 -0.00095298 -0.000944661 -0.000934391 -0.000923528 -0.000914873 -0.000906748 -0.000898604 -0.000887291 -0.00087632 -0.000863806 -0.000848679 -0.000834803 -0.000825234 -0.000816611 -0.000808393 -0.000799573 -0.000792484 -0.000783784 -0.000776994 -0.000770227 -0.000763463 -0.000759787 -0.000756234 -0.000753157 -0.000749967 -0.000745919 -0.000741994 -0.000738354 -0.000734966 -0.000731666 -0.000728664 -0.000725605 -0.000722194 -0.000719602 -0.000717266 -0.000714908 -0.000711722 -0.000708459 -0.000705439 -0.0007018 -0.00069786 -0.000694289 -0.00068956 -0.000684617 -0.000680423 -0.0006764 -0.000671938 -0.000666594 -0.000662353 -0.000657806 -0.00065364 -0.000649568 -0.000645823 -0.00064261 -0.000638738 -0.000634714 -0.000629771 -0.00062464 -0.000619639 -0.000614563 -0.000610434 -0.000606334 -0.000601957 -0.000597495 -0.000593646 -0.000589017 -0.000584832 -0.00057892 -0.000572824 -0.000568245 -0.000564106 -0.000559967 -0.000555378 -0.000550167 -0.000545657 -0.000540776 -0.000535881 -0.000530072 -0.000523967 -0.000519574 -0.000515027 -0.000510717 -0.000505417 -0.000501231 -0.000497465 -0.000492672 -0.000488845 -0.000484227 -0.000479576 -0.000475688 -0.000471589 -0.000467195 -0.000463279 -0.000459789 -0.000455507 -0.000452143 -0.000448272 -0.000444433 -0.000441637 -0.000438247 -0.000434059 -0.000429865 -0.000426313 -0.000422919 -0.000420061 -0.000416047 -0.000413061 -0.000410398 -0.000406877 -0.00040332 -0.000400228 -0.000396217 -0.000391597 -0.000387725 -0.000383341 -0.000380496 -0.000375985 -0.000371893 -0.000369308 -0.000366123 -0.00036268 -0.000359701 -0.000356959 -0.000353623 -0.000350101 -0.000346821 -0.000344066 -0.00034115 -0.00033851 -0.000336137 -0.00033294 -0.000330304 -0.000327143 -0.000324124 -0.000321883 -0.000319366 -0.000316493 -0.000314146 -0.000311898 -0.000309405 -0.000307375 -0.000304563 -0.000301211 -0.000298559 -0.00029545 -0.000291868 -0.000289382 -0.000286241 -0.000283369 -0.000280981 -0.000279235 -0.000276594 -0.000274301 -0.00027197 -0.000268933 -0.000265968 -0.000262934 -0.000259799 -0.000257334 -0.000255319 -0.000253495 -0.000250981 -0.000248655 -0.000246289 -0.000243712 -0.000241264 -0.000238162 -0.000235679 -0.000233481 -0.00023082 -0.000227145 -0.000223384 -0.000220458 -0.000216305 -0.000212422 -0.000210027 -0.000206844 -0.000203016 -0.000199935 -0.000197381 -0.0001933 -0.000189224 -0.000185447 -0.000181644 -0.000177805 -0.000173968 -0.000170435 -0.000166627 -0.000163324 -0.00015997 -0.0001563 -0.000152429 -0.000149869 -0.000145898 -0.000142094 -0.000139181 -0.000135715 -0.000132792 -0.000130121 -0.000126975 -0.000123945 -0.000121948 -0.000119281 -0.000116481 -0.000112487 -0.00010925 -0.000106939 -0.000102687 -9.90032e-05 -9.62602e-05 -9.26262e-05 -8.88256e-05 -8.53547e-05 -8.08933e-05 -7.73683e-05 -7.35917e-05 -6.91306e-05 -6.53562e-05 -6.13229e-05 -5.71439e-05 -5.23378e-05 -4.79935e-05 -4.4884e-05 -4.08121e-05 -3.7042e-05 -3.41335e-05 -3.07714e-05 -2.69078e-05 -2.30394e-05 -1.91656e-05 -1.57682e-05 -1.21431e-05 -7.67037e-06 -4.68654e-06 -8.1046e-08 
-0.00030242 -0.000840285 -0.000991868 -0.00100235 -0.00101967 -0.00103421 -0.00103571 -0.00102104 -0.00100004 -0.000980431 -0.000971656 -0.000968897 -0.00096728 -0.00096476 -0.000958659 -0.000951597 -0.000943234 -0.000931003 -0.000920871 -0.000912013 -0.000903266 -0.000894864 -0.00088273 -0.000871326 -0.000860672 -0.000847077 -0.00083584 -0.00082361 -0.000814602 -0.000807143 -0.000799111 -0.000790899 -0.000782395 -0.000775328 -0.000768183 -0.000763222 -0.000759294 -0.000755153 -0.000751535 -0.000748355 -0.000744638 -0.000741417 -0.000737523 -0.000733654 -0.000730716 -0.000728328 -0.000725217 -0.000722349 -0.000719072 -0.000716498 -0.000713953 -0.000711652 -0.000709025 -0.000705245 -0.00070056 -0.000697249 -0.000693286 -0.000688483 -0.000684534 -0.00067987 -0.000674991 -0.00067101 -0.00066598 -0.000661127 -0.000656276 -0.000652613 -0.00064844 -0.000644558 -0.000640558 -0.000636578 -0.000632775 -0.000627874 -0.000623544 -0.000618771 -0.000613446 -0.000609728 -0.000606002 -0.000600551 -0.000596348 -0.000592624 -0.000588135 -0.000583727 -0.000578112 -0.000571989 -0.000567494 -0.000563869 -0.000559762 -0.000554491 -0.000549191 -0.000546045 -0.000540102 -0.000534349 -0.000529714 -0.000524941 -0.000519139 -0.000513414 -0.000509542 -0.000505208 -0.000501469 -0.000496771 -0.000492022 -0.000488871 -0.000484333 -0.000479764 -0.000476492 -0.000471813 -0.00046722 -0.000464041 -0.000459924 -0.00045537 -0.000452484 -0.000448579 -0.000444971 -0.000442436 -0.000438635 -0.000434683 -0.00043136 -0.000427291 -0.000423134 -0.000420378 -0.000417056 -0.000413767 -0.000411409 -0.00040848 -0.000403996 -0.00040019 -0.000396678 -0.0003921 -0.000388678 -0.000384206 -0.000380742 -0.000376705 -0.00037235 -0.000369007 -0.000366217 -0.000363409 -0.00035994 -0.000357303 -0.000353942 -0.000350401 -0.000347573 -0.000344719 -0.000341735 -0.000339188 -0.000336165 -0.000333016 -0.000330974 -0.00032803 -0.000324585 -0.000322702 -0.000319961 -0.000317128 -0.000315134 -0.000312363 -0.000309348 -0.000306688 -0.000304169 -0.0003012 -0.000298541 -0.000294961 -0.000291846 -0.000289485 -0.000286809 -0.000284316 -0.000281544 -0.000279996 -0.00027723 -0.000274268 -0.000271938 -0.000269169 -0.000266319 -0.00026382 -0.000261005 -0.000258145 -0.000255539 -0.000253644 -0.00025172 -0.000248972 -0.000246323 -0.000244049 -0.000241349 -0.00023874 -0.000236121 -0.000233797 -0.000231376 -0.000228049 -0.000224455 -0.000221016 -0.000216645 -0.00021315 -0.000210358 -0.000207019 -0.00020359 -0.000200415 -0.000197739 -0.000193637 -0.000188942 -0.000185769 -0.000181958 -0.000177499 -0.000174079 -0.000171176 -0.000167708 -0.000163758 -0.000159656 -0.00015652 -0.000153322 -0.000150848 -0.000147318 -0.000143062 -0.000139742 -0.000136777 -0.000133589 -0.000130497 -0.000127797 -0.000124959 -0.000122823 -0.000119995 -0.000117086 -0.000113952 -0.000110627 -0.000107874 -0.000104003 -9.98478e-05 -9.69355e-05 -9.30523e-05 -8.91443e-05 -8.54406e-05 -8.09835e-05 -7.69931e-05 -7.3487e-05 -6.99132e-05 -6.66197e-05 -6.18448e-05 -5.73229e-05 -5.32083e-05 -4.88769e-05 -4.54141e-05 -4.17263e-05 -3.75901e-05 -3.40925e-05 -3.12173e-05 -2.73621e-05 -2.30851e-05 -1.89203e-05 -1.58631e-05 -1.20992e-05 -8.38437e-06 -4.91457e-06 6.5239e-07 
-0.000357821 -0.000893975 -0.000986594 -0.000984209 -0.00101752 -0.00102899 -0.00102486 -0.00100966 -0.000989677 -0.000976722 -0.000971811 -0.000968706 -0.000966855 -0.000962069 -0.00095371 -0.000945777 -0.000937282 -0.00092812 -0.000919929 -0.000908946 -0.000897473 -0.000890185 -0.000881237 -0.000870902 -0.000859118 -0.000844625 -0.000834579 -0.000823241 -0.000813672 -0.000804793 -0.000796914 -0.00078908 -0.000781607 -0.000774459 -0.000766892 -0.00076194 -0.000757945 -0.000754807 -0.000751723 -0.000747792 -0.000744086 -0.000740301 -0.000736619 -0.000733594 -0.000730759 -0.000727637 -0.000724547 -0.000722434 -0.000719244 -0.000716398 -0.000713587 -0.000711312 -0.000708994 -0.000704733 -0.000700729 -0.000696666 -0.00069192 -0.00068725 -0.000683661 -0.000678916 -0.000674416 -0.000670548 -0.000665657 -0.000660896 -0.000656228 -0.000651243 -0.000646618 -0.000643622 -0.000639467 -0.000635266 -0.000631362 -0.000626131 -0.000622145 -0.000617795 -0.000612353 -0.000607887 -0.000604114 -0.000599326 -0.000595747 -0.000591162 -0.000585914 -0.000581401 -0.000577088 -0.000571762 -0.000566385 -0.000562576 -0.000558285 -0.00055373 -0.000549403 -0.000545818 -0.000540137 -0.000534727 -0.00052991 -0.000525049 -0.000519047 -0.000512996 -0.000509362 -0.000504928 -0.000501159 -0.000497011 -0.000492056 -0.00048865 -0.000484841 -0.000480333 -0.000476545 -0.000471765 -0.000467512 -0.0004641 -0.00045978 -0.000455715 -0.000452654 -0.000449208 -0.000445583 -0.00044282 -0.000439018 -0.000435374 -0.000432066 -0.000427929 -0.000424251 -0.000421328 -0.000418185 -0.000414389 -0.000411691 -0.000408656 -0.000404603 -0.000400494 -0.000396947 -0.000392626 -0.000389456 -0.000384224 -0.000379755 -0.000376417 -0.000373146 -0.000369371 -0.000366473 -0.000364185 -0.000361064 -0.000357675 -0.000354072 -0.000350512 -0.000347827 -0.000344868 -0.000342471 -0.000339839 -0.000336504 -0.000333258 -0.000331139 -0.000328223 -0.000325193 -0.000323386 -0.00031998 -0.000317289 -0.000315281 -0.00031274 -0.000309896 -0.000307312 -0.000304664 -0.000301604 -0.000298607 -0.000295094 -0.000292418 -0.000289621 -0.000287008 -0.000284864 -0.000282157 -0.00028027 -0.000277177 -0.00027433 -0.000272213 -0.000269857 -0.000266574 -0.000263806 -0.000261277 -0.000258688 -0.000256502 -0.000254326 -0.000252161 -0.000249538 -0.000246641 -0.000243732 -0.00024101 -0.000239192 -0.000236861 -0.000234055 -0.000231394 -0.000228647 -0.000225631 -0.000221706 -0.000217669 -0.000213751 -0.000210599 -0.000207356 -0.000204716 -0.000200757 -0.00019673 -0.000193577 -0.000189742 -0.000186093 -0.000182016 -0.000177819 -0.000174748 -0.000171238 -0.000167196 -0.000163744 -0.000160098 -0.000157101 -0.000153815 -0.000151257 -0.000148152 -0.000144159 -0.000140225 -0.000137161 -0.000134222 -0.000131141 -0.000129084 -0.000126436 -0.000123683 -0.000120475 -0.000117334 -0.000114956 -0.00011129 -0.000107837 -0.000104638 -0.000101057 -9.74936e-05 -9.35872e-05 -9.01767e-05 -8.61691e-05 -8.13058e-05 -7.79246e-05 -7.38564e-05 -6.96638e-05 -6.64708e-05 -6.25339e-05 -5.78985e-05 -5.39741e-05 -4.95679e-05 -4.53965e-05 -4.20613e-05 -3.83671e-05 -3.4415e-05 -3.06805e-05 -2.75254e-05 -2.34063e-05 -1.89756e-05 -1.49186e-05 -1.13652e-05 -8.56523e-06 -5.06536e-06 1.63523e-06 
-0.00032717 -0.000910543 -0.00100866 -0.000989405 -0.00101608 -0.00102868 -0.00102407 -0.00100272 -0.000984163 -0.000973918 -0.000967703 -0.000965731 -0.000962735 -0.00095729 -0.000949876 -0.000943092 -0.000934245 -0.000923933 -0.00091557 -0.000905678 -0.000896166 -0.000887322 -0.000878209 -0.000867542 -0.000855025 -0.000842516 -0.000831824 -0.000821152 -0.000812018 -0.000802738 -0.000795896 -0.000787975 -0.000779888 -0.000773344 -0.000767387 -0.000762016 -0.000757111 -0.000753704 -0.00075035 -0.000746573 -0.000743148 -0.000739641 -0.000736687 -0.000734043 -0.000730919 -0.000727141 -0.000724185 -0.000721765 -0.000718634 -0.000716432 -0.00071357 -0.000710984 -0.000708221 -0.000704416 -0.000700867 -0.000696203 -0.000690802 -0.000686974 -0.000682879 -0.000678489 -0.000674832 -0.000670122 -0.000664581 -0.00066001 -0.00065574 -0.000650861 -0.00064614 -0.000643107 -0.000637896 -0.00063365 -0.000630023 -0.000624948 -0.000620725 -0.000616796 -0.000611659 -0.000606792 -0.00060228 -0.000597589 -0.000593967 -0.000589274 -0.000585222 -0.000580803 -0.000576586 -0.000571288 -0.000565645 -0.000561086 -0.000556968 -0.000553672 -0.000549873 -0.000545308 -0.000540331 -0.00053604 -0.0005304 -0.000524189 -0.000519008 -0.000513603 -0.000509932 -0.000504679 -0.000500439 -0.000496759 -0.000492634 -0.000488475 -0.000484903 -0.000480439 -0.000476212 -0.000472047 -0.000467985 -0.000464388 -0.000459961 -0.000456613 -0.00045332 -0.000449529 -0.000446158 -0.000442823 -0.000439819 -0.000436387 -0.000432615 -0.000428653 -0.000424668 -0.000421178 -0.00041872 -0.000415378 -0.000411909 -0.000408329 -0.000405025 -0.000401481 -0.00039738 -0.000392557 -0.000389669 -0.00038492 -0.000380408 -0.000376997 -0.000373825 -0.000370479 -0.000367145 -0.000364856 -0.000361538 -0.000357689 -0.000354481 -0.00035139 -0.000348293 -0.000345296 -0.00034223 -0.000339736 -0.000337087 -0.00033453 -0.000331952 -0.000328916 -0.000325945 -0.00032405 -0.000320728 -0.000317877 -0.000315689 -0.000313078 -0.000311003 -0.000308388 -0.000304865 -0.000301256 -0.000298431 -0.000295515 -0.000293046 -0.00029003 -0.000287383 -0.000285301 -0.000282893 -0.000280649 -0.000277396 -0.000274456 -0.000271939 -0.000269446 -0.00026677 -0.000264437 -0.000261967 -0.000259342 -0.000257407 -0.000254695 -0.000252116 -0.000250028 -0.000247188 -0.000244229 -0.000241295 -0.000238989 -0.000236899 -0.000234484 -0.000232001 -0.000229022 -0.00022612 -0.000222547 -0.000219338 -0.000215581 -0.000211943 -0.000208301 -0.000205383 -0.000201182 -0.000196798 -0.000194049 -0.000189879 -0.000185652 -0.000182302 -0.000178418 -0.00017521 -0.000171196 -0.000167407 -0.00016419 -0.00016075 -0.00015785 -0.000154201 -0.000151299 -0.000148399 -0.000145381 -0.000141583 -0.000138544 -0.000135018 -0.000131926 -0.000129554 -0.000126477 -0.000123992 -0.00012137 -0.000118363 -0.000115465 -0.000112022 -0.000108094 -0.000104724 -0.000101545 -9.77306e-05 -9.43563e-05 -9.10974e-05 -8.6659e-05 -8.19693e-05 -7.86064e-05 -7.46365e-05 -7.02936e-05 -6.6698e-05 -6.26449e-05 -5.82318e-05 -5.38503e-05 -4.99281e-05 -4.58438e-05 -4.23617e-05 -3.87179e-05 -3.49588e-05 -3.04593e-05 -2.69218e-05 -2.36146e-05 -1.94281e-05 -1.49484e-05 -1.11317e-05 -8.63795e-06 -4.92093e-06 1.59415e-06 
-0.000307961 -0.000892267 -0.00101007 -0.000997146 -0.00103226 -0.00103662 -0.00102164 -0.00100232 -0.000979113 -0.000966782 -0.000962302 -0.000960303 -0.000956329 -0.000951711 -0.000945619 -0.000938705 -0.000929232 -0.000918292 -0.000910398 -0.000902289 -0.000893678 -0.000884401 -0.000875228 -0.00086397 -0.000852848 -0.000843112 -0.000832076 -0.000819699 -0.000810474 -0.000800869 -0.000794821 -0.000786789 -0.000778998 -0.000772831 -0.000767233 -0.000761355 -0.000755783 -0.000752173 -0.000748779 -0.000745577 -0.000742824 -0.000739454 -0.000736057 -0.000733091 -0.000730209 -0.000727415 -0.000724924 -0.000721671 -0.000718287 -0.000716296 -0.000713909 -0.000710827 -0.000707049 -0.00070366 -0.000699836 -0.000694584 -0.000689802 -0.000686581 -0.000681703 -0.000677455 -0.00067406 -0.000669463 -0.000665156 -0.000659878 -0.000655215 -0.000650732 -0.000645957 -0.00064232 -0.000637054 -0.000632483 -0.000629097 -0.000624195 -0.0006194 -0.000615269 -0.000610542 -0.000606391 -0.000601794 -0.000596422 -0.000592753 -0.000588434 -0.000584143 -0.000578749 -0.00057437 -0.000569787 -0.000565616 -0.00056091 -0.000556315 -0.000552989 -0.000549456 -0.00054427 -0.000539842 -0.000535744 -0.000530425 -0.000524863 -0.000520485 -0.0005145 -0.000509588 -0.000504943 -0.000500133 -0.000496754 -0.000493158 -0.000488955 -0.000485129 -0.000481031 -0.000477012 -0.000472591 -0.000467962 -0.000464222 -0.000460788 -0.00045767 -0.000453829 -0.000450114 -0.0004471 -0.000443969 -0.000441081 -0.000437188 -0.000433367 -0.000430023 -0.000425889 -0.000421762 -0.000419379 -0.000416427 -0.000412588 -0.000408565 -0.00040476 -0.000401594 -0.000397315 -0.000392816 -0.000389161 -0.000385407 -0.000381772 -0.000378113 -0.000373983 -0.000371087 -0.000367944 -0.000365294 -0.000361834 -0.000358462 -0.000355158 -0.00035196 -0.00034862 -0.00034602 -0.000342769 -0.000339608 -0.000337295 -0.000334473 -0.000331912 -0.000329468 -0.00032694 -0.000324387 -0.000321547 -0.000319112 -0.000316279 -0.00031327 -0.000311163 -0.000308622 -0.000304874 -0.000301818 -0.000298856 -0.000295877 -0.000293389 -0.000290935 -0.000288871 -0.000286692 -0.000283535 -0.000280581 -0.000277889 -0.000275218 -0.000272237 -0.0002688 -0.000266532 -0.000264613 -0.000262222 -0.000259813 -0.000258111 -0.000255439 -0.000252533 -0.000250429 -0.000247367 -0.000244262 -0.000241825 -0.000239585 -0.000236662 -0.000234232 -0.000232542 -0.000229917 -0.000226433 -0.000222742 -0.000219944 -0.000216521 -0.000213391 -0.000209648 -0.000206155 -0.000202224 -0.000197772 -0.000194509 -0.00019038 -0.000186134 -0.00018332 -0.000179231 -0.000175313 -0.00017157 -0.000168481 -0.000164425 -0.000160088 -0.00015738 -0.000154625 -0.000151897 -0.000148685 -0.000146038 -0.000142662 -0.000139501 -0.000136414 -0.000133349 -0.000130386 -0.000126636 -0.000124091 -0.000122158 -0.000118824 -0.0001153 -0.000112247 -0.000109007 -0.000104742 -0.000101321 -9.81253e-05 -9.47321e-05 -9.13863e-05 -8.74243e-05 -8.30843e-05 -7.92454e-05 -7.53488e-05 -7.15161e-05 -6.71933e-05 -6.24684e-05 -5.87017e-05 -5.42651e-05 -5.05756e-05 -4.6718e-05 -4.20198e-05 -3.79287e-05 -3.51939e-05 -3.07925e-05 -2.70329e-05 -2.33605e-05 -1.97815e-05 -1.54803e-05 -1.14366e-05 -8.17307e-06 -4.62992e-06 1.06313e-07 
-0.000307961 -0.000905054 -0.0010473 -0.00102941 -0.00104468 -0.00103674 -0.00101493 -0.000996993 -0.000975281 -0.000965116 -0.000957803 -0.000954866 -0.000950572 -0.000946903 -0.000940442 -0.000931506 -0.000924824 -0.00091679 -0.000908139 -0.00090123 -0.000891454 -0.000880473 -0.000872828 -0.000860007 -0.000849303 -0.000840924 -0.000828672 -0.000817207 -0.000808841 -0.000800596 -0.000793147 -0.000786142 -0.000780098 -0.000772966 -0.000765787 -0.000760979 -0.000756259 -0.000752045 -0.000748691 -0.000745024 -0.000741769 -0.000739014 -0.000736056 -0.000732652 -0.000729602 -0.000727033 -0.000724457 -0.000721243 -0.000717908 -0.000715888 -0.000713039 -0.000710155 -0.00070692 -0.000702494 -0.000698032 -0.000693574 -0.00068953 -0.000686272 -0.000681632 -0.000677701 -0.000672901 -0.00066875 -0.000665013 -0.000658781 -0.000654084 -0.000650083 -0.000645768 -0.000641685 -0.000637205 -0.000631941 -0.000627636 -0.000623376 -0.000618968 -0.000614026 -0.000609021 -0.000605316 -0.00059991 -0.000594297 -0.000590581 -0.000586217 -0.000582169 -0.00057828 -0.000574397 -0.00056992 -0.000565346 -0.000560455 -0.000555896 -0.000551342 -0.000547891 -0.000544076 -0.000540263 -0.000535598 -0.000530629 -0.000525689 -0.00052075 -0.0005145 -0.000509025 -0.00050514 -0.000501174 -0.000497137 -0.000493877 -0.000489971 -0.000484782 -0.000480773 -0.000477053 -0.000472485 -0.00046834 -0.00046507 -0.000461468 -0.000458155 -0.000454626 -0.000451279 -0.000448083 -0.000445131 -0.000442067 -0.000438079 -0.000434685 -0.000430924 -0.000426773 -0.00042253 -0.000419674 -0.000415838 -0.000412656 -0.000409239 -0.000404716 -0.000400962 -0.000397327 -0.000393788 -0.000389229 -0.000385318 -0.000382487 -0.000378689 -0.000374974 -0.000372636 -0.000369611 -0.000365798 -0.000362503 -0.000359849 -0.000356577 -0.000352576 -0.000348902 -0.000346311 -0.000343105 -0.000340427 -0.000337554 -0.000334216 -0.000331776 -0.000329888 -0.000326997 -0.000324264 -0.000321755 -0.000319333 -0.000316839 -0.000314207 -0.000312142 -0.000309238 -0.000305851 -0.000302671 -0.00029967 -0.000296523 -0.000293658 -0.000291469 -0.000289552 -0.000287171 -0.000284422 -0.000281183 -0.000278133 -0.000275307 -0.00027222 -0.000269206 -0.000267155 -0.000264628 -0.000261985 -0.000259744 -0.000258052 -0.00025598 -0.000253371 -0.000250806 -0.000247435 -0.000244301 -0.000241957 -0.000239309 -0.000236841 -0.000234391 -0.000232552 -0.00023023 -0.000227276 -0.000223662 -0.000220945 -0.000217278 -0.000214336 -0.000210888 -0.000207275 -0.000203299 -0.000198905 -0.000194176 -0.000190592 -0.000186677 -0.000183904 -0.000180433 -0.000176842 -0.000172919 -0.000169319 -0.00016503 -0.000160471 -0.00015791 -0.000155103 -0.000151968 -0.000148807 -0.000146585 -0.000142875 -0.000139499 -0.000136264 -0.000133179 -0.000130212 -0.000126873 -0.000124345 -0.000121939 -0.000118828 -0.000115541 -0.000112732 -0.000109536 -0.00010548 -0.000102096 -9.88508e-05 -9.55532e-05 -9.18614e-05 -8.87197e-05 -8.43505e-05 -8.00014e-05 -7.53486e-05 -7.17105e-05 -6.7991e-05 -6.35787e-05 -5.92799e-05 -5.46072e-05 -4.99218e-05 -4.64154e-05 -4.25836e-05 -3.84183e-05 -3.53978e-05 -3.17009e-05 -2.77221e-05 -2.33649e-05 -1.95332e-05 -1.59435e-05 -1.25926e-05 -8.09728e-06 -2.87238e-06 1.1606e-06 
-0.000307961 -0.000922869 -0.00107024 -0.00104132 -0.00105544 -0.00104503 -0.00101847 -0.000991556 -0.000971138 -0.000959845 -0.000952591 -0.000948563 -0.000944852 -0.00094199 -0.000935133 -0.000927046 -0.000921312 -0.00091234 -0.000903666 -0.00089611 -0.000886631 -0.000876765 -0.0008682 -0.000856026 -0.000844943 -0.000836853 -0.000825103 -0.000815741 -0.000808769 -0.000800104 -0.000791225 -0.000784548 -0.000779069 -0.000772017 -0.000765915 -0.000760774 -0.000755349 -0.000750525 -0.000746873 -0.000743875 -0.000741178 -0.000738417 -0.000735965 -0.000732284 -0.00072949 -0.00072607 -0.00072333 -0.000720728 -0.000718214 -0.000715264 -0.000712229 -0.000709418 -0.000706297 -0.00070138 -0.000696434 -0.000692697 -0.000689163 -0.000685102 -0.000680737 -0.000677533 -0.000672869 -0.000668355 -0.000664753 -0.000659327 -0.000654946 -0.000650683 -0.000645869 -0.000640912 -0.000636658 -0.000631331 -0.000626222 -0.000621725 -0.000618048 -0.000613603 -0.000608022 -0.000603657 -0.000599237 -0.000595029 -0.000590228 -0.000585903 -0.000581447 -0.00057783 -0.000574809 -0.000569857 -0.000564319 -0.00055938 -0.000555303 -0.000550517 -0.000546525 -0.000543344 -0.000539974 -0.00053587 -0.000531151 -0.000525746 -0.000520281 -0.000515045 -0.000509814 -0.000505861 -0.000502007 -0.00049707 -0.000493119 -0.000489975 -0.000485546 -0.000481994 -0.00047736 -0.00047238 -0.000469069 -0.000465378 -0.000461676 -0.000458674 -0.000456003 -0.000452902 -0.000449905 -0.000445918 -0.000442468 -0.000439092 -0.000435192 -0.000430948 -0.000427534 -0.000424262 -0.000420774 -0.000415991 -0.000412037 -0.000409306 -0.000404936 -0.000400676 -0.000397113 -0.000394345 -0.000390022 -0.00038668 -0.00038354 -0.000379458 -0.000375759 -0.000373117 -0.00037025 -0.000366826 -0.000363258 -0.000360315 -0.000356606 -0.000353082 -0.000349877 -0.000346264 -0.000342809 -0.000340341 -0.000337649 -0.000334831 -0.000332584 -0.000330409 -0.000327388 -0.000324564 -0.000321944 -0.000319163 -0.000316858 -0.00031468 -0.000312511 -0.000309494 -0.000306126 -0.000303291 -0.000299409 -0.000296717 -0.000294891 -0.000292662 -0.000289777 -0.000287251 -0.000285054 -0.000282096 -0.000278785 -0.000275397 -0.000272052 -0.000269236 -0.000267327 -0.000264683 -0.000262261 -0.000260306 -0.000258347 -0.000256288 -0.00025363 -0.000250811 -0.000248153 -0.000245441 -0.000242543 -0.000239488 -0.000237313 -0.000234924 -0.000232388 -0.000229821 -0.000227586 -0.000224192 -0.000221506 -0.000218647 -0.000215715 -0.00021247 -0.000208691 -0.000203851 -0.000199536 -0.000194655 -0.000191647 -0.000187843 -0.000184264 -0.000181465 -0.000178392 -0.000174036 -0.000169235 -0.000165325 -0.000160908 -0.000158043 -0.000154863 -0.000152305 -0.0001492 -0.000146592 -0.000143411 -0.000140718 -0.000137488 -0.000133969 -0.000130787 -0.000127835 -0.000124787 -0.0001215 -0.000118905 -0.000116404 -0.000112877 -0.000109137 -0.000105511 -0.00010251 -9.90603e-05 -9.5916e-05 -9.28699e-05 -8.92627e-05 -8.4679e-05 -8.07793e-05 -7.64995e-05 -7.25493e-05 -6.91256e-05 -6.42924e-05 -5.91297e-05 -5.48924e-05 -5.01524e-05 -4.61967e-05 -4.24175e-05 -3.77721e-05 -3.43569e-05 -3.0679e-05 -2.75926e-05 -2.43129e-05 -2.0034e-05 -1.60312e-05 -1.2565e-05 -8.23781e-06 -4.71763e-06 -1.53926e-06 
-0.000303375 -0.000917608 -0.00106857 -0.00103899 -0.00106007 -0.00105483 -0.00102367 -0.000991856 -0.000965561 -0.000954784 -0.000947106 -0.00094283 -0.000940064 -0.000936963 -0.000930124 -0.00092407 -0.000917102 -0.000907561 -0.000900301 -0.000892571 -0.000884465 -0.000874321 -0.000865422 -0.000853235 -0.000841075 -0.000830273 -0.000821702 -0.00081405 -0.000805574 -0.000797361 -0.000790687 -0.000784288 -0.000777791 -0.000771322 -0.000765127 -0.000759299 -0.000754221 -0.00074959 -0.000745888 -0.000743291 -0.000740662 -0.000737719 -0.000734967 -0.000731458 -0.000728905 -0.000725687 -0.000722424 -0.000720223 -0.000717881 -0.000714728 -0.000711896 -0.000708836 -0.000704944 -0.000700315 -0.000696015 -0.000692683 -0.00068868 -0.000684412 -0.00068071 -0.000677417 -0.000673091 -0.000668374 -0.00066324 -0.000658756 -0.000654999 -0.000650462 -0.000645387 -0.000640988 -0.000636473 -0.000630697 -0.000626218 -0.000621402 -0.00061675 -0.000612569 -0.00060695 -0.000602238 -0.000597956 -0.000593984 -0.000589214 -0.000585075 -0.000581436 -0.000577886 -0.000574074 -0.000569541 -0.000564963 -0.000559774 -0.000554843 -0.000550108 -0.000545826 -0.000541622 -0.000538364 -0.0005348 -0.000530497 -0.000526244 -0.000520359 -0.000515351 -0.000510047 -0.000505442 -0.000501616 -0.000497855 -0.000493836 -0.000490607 -0.00048639 -0.000482279 -0.000477633 -0.000472688 -0.000469536 -0.000465216 -0.000462071 -0.000459491 -0.000456397 -0.000453218 -0.000450586 -0.000447408 -0.000444132 -0.00044079 -0.00043706 -0.000432191 -0.000428051 -0.000424385 -0.000421156 -0.000417337 -0.000413026 -0.00040938 -0.000405648 -0.000401335 -0.000397303 -0.000394473 -0.000390606 -0.000387093 -0.000384047 -0.000380798 -0.000377533 -0.000373716 -0.000370503 -0.000367495 -0.000364306 -0.000361063 -0.000356772 -0.00035365 -0.000350518 -0.000346422 -0.000342721 -0.000340249 -0.000337413 -0.000335404 -0.000332774 -0.000330096 -0.00032769 -0.000325634 -0.000322565 -0.000319109 -0.000317432 -0.000314925 -0.000312161 -0.000309767 -0.000306675 -0.000303539 -0.000299986 -0.000297277 -0.000295408 -0.000293218 -0.000290298 -0.000287409 -0.000285196 -0.000282646 -0.000279708 -0.000276439 -0.000273501 -0.000269904 -0.000267387 -0.000264877 -0.000263019 -0.000261054 -0.000258388 -0.000255977 -0.000253935 -0.000251011 -0.000248732 -0.000245962 -0.000243058 -0.000240306 -0.000237955 -0.000235646 -0.000232622 -0.000229973 -0.000227928 -0.000224423 -0.000221335 -0.000218976 -0.000215793 -0.000212501 -0.000209035 -0.000204641 -0.000201284 -0.00019632 -0.000192322 -0.000189119 -0.000185245 -0.000181646 -0.000178721 -0.00017468 -0.00016958 -0.000166191 -0.000161895 -0.000157812 -0.000154898 -0.000152526 -0.000149395 -0.000146551 -0.00014371 -0.000141474 -0.00013863 -0.000134258 -0.000130836 -0.000127458 -0.000124907 -0.000122119 -0.000119759 -0.000117134 -0.000113262 -0.000109638 -0.000106215 -0.000103222 -9.92611e-05 -9.5474e-05 -9.2649e-05 -8.94141e-05 -8.50218e-05 -8.17092e-05 -7.7392e-05 -7.23674e-05 -6.88088e-05 -6.4462e-05 -5.94774e-05 -5.51149e-05 -4.97622e-05 -4.54442e-05 -4.16267e-05 -3.85079e-05 -3.48365e-05 -3.11244e-05 -2.75348e-05 -2.48966e-05 -2.07745e-05 -1.65114e-05 -1.26431e-05 -8.83995e-06 -4.84051e-06 3.34114e-07 
-0.000303375 -0.000924224 -0.00107823 -0.00104622 -0.00106159 -0.00104795 -0.00101843 -0.000986347 -0.000961796 -0.000950012 -0.000941688 -0.000938353 -0.00093588 -0.000931908 -0.000926519 -0.000920513 -0.000911379 -0.000902539 -0.000896644 -0.000888583 -0.000880316 -0.000869148 -0.000858948 -0.000846921 -0.000837756 -0.000828193 -0.000820225 -0.000811726 -0.000801175 -0.000793867 -0.00078826 -0.000781778 -0.000775863 -0.0007704 -0.000764279 -0.000758109 -0.000752651 -0.000748304 -0.000744835 -0.00074226 -0.000739658 -0.00073685 -0.000734081 -0.000730775 -0.000728315 -0.000725166 -0.000721527 -0.00071874 -0.000716406 -0.000714243 -0.000711679 -0.000708112 -0.000703462 -0.000699096 -0.000695422 -0.000691694 -0.000688681 -0.000685085 -0.000681495 -0.000676946 -0.000672214 -0.000667968 -0.000663462 -0.000658853 -0.000654801 -0.000650119 -0.000646038 -0.000641969 -0.000636592 -0.000630054 -0.000626229 -0.00062097 -0.000615538 -0.000612066 -0.000606449 -0.000602026 -0.000597582 -0.000592557 -0.00058838 -0.000584755 -0.000581378 -0.000577536 -0.000573121 -0.000569847 -0.0005653 -0.000559177 -0.000553586 -0.000548549 -0.000545224 -0.000541599 -0.000538344 -0.00053473 -0.000530157 -0.00052578 -0.00051964 -0.00051454 -0.000509446 -0.000505364 -0.000501737 -0.000498905 -0.000494957 -0.000491553 -0.000486647 -0.000481981 -0.000478092 -0.000473737 -0.000470068 -0.000466188 -0.000463261 -0.000460567 -0.000457298 -0.000454054 -0.000451389 -0.00044834 -0.000445105 -0.000441376 -0.000437637 -0.000433779 -0.000429673 -0.000425183 -0.000421673 -0.00041833 -0.000413872 -0.00040919 -0.000405498 -0.000402364 -0.000398091 -0.000395046 -0.000391255 -0.000387594 -0.000384451 -0.000381168 -0.000377976 -0.000374477 -0.000371028 -0.000367201 -0.000364033 -0.00036068 -0.000357419 -0.000353959 -0.000350509 -0.000346776 -0.000343355 -0.00034073 -0.000338091 -0.00033583 -0.000333109 -0.000330366 -0.000327898 -0.000325723 -0.000322779 -0.000319337 -0.000317463 -0.000314931 -0.000312499 -0.000310421 -0.000306972 -0.000303562 -0.000300913 -0.000298103 -0.000295429 -0.000293087 -0.000290783 -0.000288627 -0.000286193 -0.000282797 -0.000279418 -0.000276611 -0.000274169 -0.000271053 -0.000268164 -0.000265526 -0.000263092 -0.000261004 -0.000258611 -0.000256295 -0.000254409 -0.000251887 -0.000249061 -0.00024641 -0.000243713 -0.000240841 -0.000237804 -0.000235756 -0.000233051 -0.000230298 -0.000228374 -0.000225109 -0.000221807 -0.000219398 -0.00021597 -0.000212502 -0.000209528 -0.000205763 -0.000202358 -0.000197394 -0.000192642 -0.000189308 -0.000186207 -0.000182681 -0.000178986 -0.000175819 -0.00017077 -0.000166392 -0.000162636 -0.00015834 -0.000155245 -0.000152831 -0.000149752 -0.000147066 -0.000144136 -0.000141456 -0.000138449 -0.000135248 -0.00013224 -0.000128925 -0.000125521 -0.000122597 -0.000119586 -0.000116769 -0.000113801 -0.000110698 -0.000106738 -0.000102744 -9.93815e-05 -9.59914e-05 -9.29393e-05 -8.95086e-05 -8.49114e-05 -8.12104e-05 -7.73546e-05 -7.29474e-05 -6.91142e-05 -6.49994e-05 -6.04854e-05 -5.49876e-05 -4.97311e-05 -4.6033e-05 -4.24027e-05 -3.87279e-05 -3.46815e-05 -3.13058e-05 -2.75632e-05 -2.48826e-05 -2.16253e-05 -1.74191e-05 -1.27865e-05 -8.86432e-06 -4.99395e-06 6.50971e-07 
-0.000303375 -0.00090561 -0.00106847 -0.00103655 -0.00104765 -0.00103723 -0.00100812 -0.000976463 -0.000953408 -0.000941928 -0.000935304 -0.000933624 -0.000932267 -0.000927772 -0.000921868 -0.000915672 -0.000906589 -0.000899154 -0.00089228 -0.000882773 -0.000876421 -0.00086581 -0.000854425 -0.000844207 -0.000835139 -0.000825899 -0.000815429 -0.000807051 -0.000798293 -0.000792803 -0.000785773 -0.000778796 -0.000773487 -0.000768403 -0.000762434 -0.000757039 -0.000751347 -0.000746411 -0.000743245 -0.000740922 -0.000738495 -0.000736036 -0.000733193 -0.000729491 -0.000726742 -0.000723806 -0.000720388 -0.000717974 -0.000715381 -0.000712918 -0.000710383 -0.000707514 -0.000703595 -0.00069953 -0.000695358 -0.000691475 -0.000688107 -0.000684849 -0.000681527 -0.000675963 -0.000671497 -0.000667904 -0.000663281 -0.000658804 -0.000653833 -0.000649666 -0.000645798 -0.000641815 -0.000635885 -0.000630229 -0.000626612 -0.000620888 -0.00061517 -0.00061179 -0.000606336 -0.000601645 -0.000596804 -0.000592201 -0.000588471 -0.000584408 -0.000580373 -0.000576674 -0.000573073 -0.000569815 -0.000565154 -0.000559172 -0.000554208 -0.000549608 -0.000544707 -0.000541233 -0.000537312 -0.000533716 -0.000529572 -0.000525069 -0.000519202 -0.000514813 -0.000510768 -0.000506336 -0.000502156 -0.000499312 -0.000495871 -0.000491898 -0.000487807 -0.000483005 -0.000479292 -0.000474919 -0.000470389 -0.000466702 -0.000464088 -0.000460747 -0.00045805 -0.000455613 -0.000452668 -0.000449168 -0.000446073 -0.000441756 -0.000438021 -0.000434548 -0.000430585 -0.000426946 -0.000422525 -0.000418256 -0.000414535 -0.000410054 -0.00040664 -0.000402857 -0.000398802 -0.000394926 -0.000391883 -0.000388581 -0.000385394 -0.000381659 -0.00037757 -0.000373948 -0.000371373 -0.000367592 -0.000364442 -0.000361177 -0.000357726 -0.000353925 -0.000349992 -0.000346671 -0.000343603 -0.000340788 -0.000338296 -0.000336434 -0.000334028 -0.000331903 -0.000328667 -0.000325528 -0.00032309 -0.000319959 -0.000317442 -0.000314912 -0.00031272 -0.000310494 -0.000307543 -0.000304176 -0.00030198 -0.000299196 -0.000295774 -0.000293064 -0.000290879 -0.000288587 -0.000286063 -0.000283397 -0.00028055 -0.00027736 -0.000274629 -0.000271964 -0.000269222 -0.000266725 -0.000263679 -0.000261085 -0.00025874 -0.000256411 -0.000254659 -0.000251921 -0.000249384 -0.000247103 -0.000245056 -0.000242086 -0.000238687 -0.000236383 -0.00023355 -0.000230463 -0.00022852 -0.000225533 -0.00022227 -0.000219203 -0.000215977 -0.00021339 -0.000209932 -0.00020562 -0.000202374 -0.000198229 -0.000193725 -0.000190021 -0.000186446 -0.000183597 -0.000179859 -0.000176228 -0.000171177 -0.000166114 -0.00016262 -0.000159625 -0.000156514 -0.000153408 -0.000149919 -0.000147252 -0.000144909 -0.000142393 -0.000138878 -0.000135834 -0.000132986 -0.000129899 -0.000126797 -0.000123874 -0.00011999 -0.000116747 -0.000113597 -0.000110833 -0.000107299 -0.000103108 -9.94427e-05 -9.64374e-05 -9.29329e-05 -8.89565e-05 -8.49522e-05 -8.11744e-05 -7.74923e-05 -7.39364e-05 -6.92311e-05 -6.44362e-05 -6.02143e-05 -5.44754e-05 -4.94517e-05 -4.59499e-05 -4.20129e-05 -3.8556e-05 -3.51554e-05 -3.22052e-05 -2.82954e-05 -2.45632e-05 -2.11524e-05 -1.77029e-05 -1.34469e-05 -8.829e-06 -4.65282e-06 9.7537e-07 
-0.000310911 -0.000875313 -0.00104436 -0.00102924 -0.0010424 -0.00102916 -0.0010061 -0.000976765 -0.000948649 -0.000933714 -0.000930411 -0.000928586 -0.000928057 -0.000924093 -0.000918357 -0.000911038 -0.000902133 -0.000895973 -0.00088721 -0.000878034 -0.000873248 -0.000863085 -0.000851161 -0.000840681 -0.000832015 -0.000822472 -0.000812089 -0.000805496 -0.000797389 -0.000790602 -0.000783444 -0.000777645 -0.000772038 -0.000765203 -0.000759855 -0.000754799 -0.000748996 -0.000745238 -0.000742277 -0.000739286 -0.000736744 -0.000734832 -0.000732363 -0.000729384 -0.000726159 -0.000722875 -0.000719244 -0.000716729 -0.000714281 -0.000711942 -0.000709815 -0.000706831 -0.000703199 -0.000699107 -0.000694841 -0.000691679 -0.000687739 -0.00068408 -0.000680795 -0.000675766 -0.000672054 -0.000666842 -0.00066154 -0.000657432 -0.000653622 -0.000650038 -0.000645963 -0.000641209 -0.000636048 -0.000630661 -0.000626454 -0.000621077 -0.000615484 -0.000611682 -0.000605703 -0.000600622 -0.000596349 -0.000592635 -0.000588346 -0.000583671 -0.000580006 -0.000576785 -0.000572956 -0.000568861 -0.000563969 -0.000558971 -0.000555212 -0.000549917 -0.000544725 -0.000540953 -0.000537415 -0.000533983 -0.000529781 -0.000524582 -0.000518521 -0.000514387 -0.000509831 -0.000506172 -0.000502816 -0.000499928 -0.000496359 -0.000492563 -0.000489237 -0.000484701 -0.000480085 -0.000475603 -0.000471864 -0.000468506 -0.000465043 -0.000461549 -0.00045869 -0.000456467 -0.000453264 -0.000449761 -0.000447487 -0.000443572 -0.000439963 -0.000435999 -0.000431395 -0.00042794 -0.00042334 -0.000419025 -0.000415345 -0.000411355 -0.000407341 -0.000403577 -0.000399904 -0.000396399 -0.000392766 -0.00038867 -0.000384838 -0.000381756 -0.000377619 -0.000373922 -0.000371411 -0.000367735 -0.000364634 -0.000361053 -0.00035742 -0.000354295 -0.000350456 -0.000347249 -0.000344065 -0.000341265 -0.000339054 -0.000336696 -0.000334744 -0.000332732 -0.000329851 -0.000326198 -0.000323717 -0.000320487 -0.000317526 -0.000315105 -0.00031268 -0.000310424 -0.000308083 -0.000304729 -0.000301796 -0.000299344 -0.000296346 -0.000294369 -0.000291569 -0.000288392 -0.000285997 -0.000283381 -0.000280671 -0.000277641 -0.000274736 -0.000271656 -0.000269374 -0.000267453 -0.000264451 -0.000261776 -0.000259039 -0.000256147 -0.000254184 -0.000252001 -0.000249761 -0.000247718 -0.00024519 -0.000242725 -0.000239739 -0.000237138 -0.000234 -0.000231058 -0.00022823 -0.000225271 -0.000222754 -0.000219049 -0.000215738 -0.000213204 -0.000209714 -0.0002062 -0.000202584 -0.000199173 -0.000195171 -0.000190671 -0.000186723 -0.000183829 -0.000179793 -0.000175856 -0.000171792 -0.00016723 -0.000163581 -0.000159744 -0.000156618 -0.000153914 -0.000150948 -0.000147949 -0.000145052 -0.000142855 -0.000140028 -0.000136994 -0.000133353 -0.000129523 -0.000126703 -0.000124105 -0.000120786 -0.000117847 -0.000113788 -0.000110433 -0.000107415 -0.000103398 -9.94202e-05 -9.54507e-05 -9.18202e-05 -8.87447e-05 -8.55971e-05 -8.06196e-05 -7.66934e-05 -7.30517e-05 -6.86789e-05 -6.41875e-05 -5.9977e-05 -5.47737e-05 -5.08715e-05 -4.7026e-05 -4.24004e-05 -3.92387e-05 -3.59576e-05 -3.28101e-05 -2.90034e-05 -2.46511e-05 -2.08132e-05 -1.73562e-05 -1.3701e-05 -9.33678e-06 -4.87594e-06 -8.47548e-07 
-0.000448664 -0.000884593 -0.000993164 -0.00101776 -0.00103272 -0.00102053 -0.000998325 -0.000969005 -0.000945728 -0.000931973 -0.000925217 -0.000923943 -0.000924275 -0.000920873 -0.000915442 -0.000906295 -0.000897663 -0.000890372 -0.00088153 -0.000874202 -0.000866918 -0.000856608 -0.0008479 -0.000838436 -0.000828742 -0.000818828 -0.000810212 -0.000804473 -0.000795952 -0.000787424 -0.000780418 -0.000776487 -0.00076985 -0.000763079 -0.000758606 -0.000752584 -0.000746835 -0.000743501 -0.000740645 -0.000738297 -0.000736299 -0.000733946 -0.000731122 -0.000728155 -0.000724792 -0.00072173 -0.00071855 -0.000716129 -0.000713415 -0.000710996 -0.000708191 -0.000705535 -0.000702514 -0.000698251 -0.000693944 -0.000690769 -0.000687094 -0.000683975 -0.000679773 -0.000674842 -0.000671379 -0.000665779 -0.000660451 -0.00065693 -0.000653002 -0.000648476 -0.000644678 -0.00064087 -0.000636374 -0.000630774 -0.000625561 -0.000621312 -0.000615946 -0.000611254 -0.000605814 -0.000600731 -0.000596737 -0.000592281 -0.000587435 -0.000583174 -0.000579863 -0.000576326 -0.000571904 -0.000567777 -0.000563622 -0.000559523 -0.000555419 -0.000550449 -0.000545897 -0.00054218 -0.000538367 -0.000533387 -0.000528728 -0.000524469 -0.000519691 -0.000515224 -0.000509869 -0.000506384 -0.000503618 -0.000499826 -0.000496347 -0.000492864 -0.000489588 -0.000485156 -0.000480599 -0.000476661 -0.000473616 -0.000470163 -0.000466301 -0.000463163 -0.000460123 -0.000457348 -0.000453822 -0.000450321 -0.000447994 -0.000444097 -0.000440458 -0.00043702 -0.000432572 -0.000428416 -0.000423983 -0.000419964 -0.000415852 -0.000411748 -0.000408055 -0.00040401 -0.000400644 -0.000397105 -0.000393561 -0.000389619 -0.000385792 -0.000382018 -0.000378385 -0.000374233 -0.000371401 -0.000367503 -0.000364314 -0.000361348 -0.000357992 -0.000354664 -0.000350931 -0.000347592 -0.000344748 -0.000342328 -0.000340227 -0.000337433 -0.00033485 -0.000332828 -0.000330361 -0.000327063 -0.000324129 -0.000320907 -0.000318421 -0.00031631 -0.000313534 -0.000310736 -0.000308782 -0.000305735 -0.000302546 -0.000299493 -0.000296475 -0.000294428 -0.000291952 -0.000289167 -0.000286716 -0.00028315 -0.000279863 -0.000277053 -0.000274766 -0.000272173 -0.00026973 -0.000267183 -0.000264019 -0.000261371 -0.000258823 -0.00025608 -0.000254061 -0.000252279 -0.000250594 -0.000248364 -0.000245344 -0.000242886 -0.000240055 -0.000236826 -0.000234298 -0.000231865 -0.000228584 -0.000225257 -0.000222966 -0.000219255 -0.000215477 -0.000212508 -0.000209324 -0.000206601 -0.000202606 -0.000198672 -0.000194805 -0.000190785 -0.000187454 -0.000184198 -0.000180001 -0.000175963 -0.000172839 -0.000168824 -0.000165292 -0.000160618 -0.000157203 -0.00015446 -0.000151746 -0.000148576 -0.000145019 -0.000142584 -0.00014005 -0.000137353 -0.000134116 -0.000130422 -0.000127756 -0.000124447 -0.000120574 -0.000117917 -0.00011442 -0.000110668 -0.000107476 -0.000104064 -0.000100187 -9.59125e-05 -9.16361e-05 -8.83818e-05 -8.52917e-05 -8.08956e-05 -7.68973e-05 -7.29713e-05 -6.86024e-05 -6.45502e-05 -5.96453e-05 -5.4499e-05 -5.08023e-05 -4.72737e-05 -4.38097e-05 -4.0754e-05 -3.68644e-05 -3.25558e-05 -2.89432e-05 -2.56687e-05 -2.18185e-05 -1.76376e-05 -1.42633e-05 -1.00464e-05 -4.04328e-06 1.16385e-06 
-0.000474949 -0.000869681 -0.000960534 -0.00101623 -0.00103561 -0.0010189 -0.0009892 -0.000961816 -0.000944083 -0.000928442 -0.00092133 -0.000920807 -0.000919751 -0.000916998 -0.000911436 -0.000902618 -0.000895258 -0.000887189 -0.000878707 -0.00087133 -0.00086222 -0.000852386 -0.000843771 -0.000835202 -0.000825765 -0.000817288 -0.000809086 -0.000802022 -0.00079299 -0.000785103 -0.00077852 -0.000773866 -0.000766261 -0.000760758 -0.000756003 -0.000749854 -0.000745661 -0.000742395 -0.000739384 -0.000737396 -0.000735344 -0.000732158 -0.000729671 -0.000727074 -0.000724056 -0.000721208 -0.000718151 -0.000714935 -0.00071246 -0.000710418 -0.000708135 -0.000705053 -0.00070212 -0.000697796 -0.00069314 -0.000689665 -0.000686219 -0.000683158 -0.000678794 -0.000673964 -0.000670189 -0.000665042 -0.000660959 -0.000656444 -0.000651577 -0.000647966 -0.000644434 -0.000640294 -0.000636043 -0.000631148 -0.000626085 -0.000621678 -0.000616036 -0.000610602 -0.000606045 -0.00060144 -0.00059693 -0.000591567 -0.000587311 -0.000583976 -0.000579628 -0.000575097 -0.000571737 -0.00056737 -0.000564108 -0.000560059 -0.000554937 -0.000550806 -0.000547092 -0.000542942 -0.00053841 -0.000533678 -0.000528676 -0.00052438 -0.000519728 -0.000515157 -0.000511111 -0.000506994 -0.000503527 -0.000500207 -0.00049692 -0.000493541 -0.000489562 -0.000485166 -0.000481225 -0.000477794 -0.000474667 -0.000471374 -0.000467688 -0.000464771 -0.000461087 -0.00045764 -0.000454845 -0.000451294 -0.000448499 -0.000444617 -0.000440996 -0.000437806 -0.000433793 -0.000428781 -0.000423914 -0.00042025 -0.000416266 -0.000412758 -0.000409262 -0.000404934 -0.000401039 -0.0003975 -0.000393958 -0.000390713 -0.000386406 -0.000382206 -0.000378664 -0.00037482 -0.000371574 -0.000368337 -0.000364965 -0.000361827 -0.00035816 -0.00035438 -0.000351255 -0.000348134 -0.000345156 -0.000342358 -0.00034025 -0.000338166 -0.000335893 -0.000333281 -0.000331179 -0.000328233 -0.000324575 -0.00032132 -0.00031864 -0.000316525 -0.000314281 -0.000311645 -0.000309167 -0.000306323 -0.000303581 -0.000300325 -0.000296673 -0.000294298 -0.000291747 -0.000289324 -0.000286863 -0.000283356 -0.000280115 -0.000277197 -0.000274555 -0.00027222 -0.000269851 -0.000267139 -0.000263945 -0.000261232 -0.000258827 -0.000256599 -0.000254343 -0.000252263 -0.000250461 -0.000248467 -0.000246014 -0.000243687 -0.000240569 -0.000237202 -0.000234393 -0.000231934 -0.000229118 -0.000225514 -0.000222665 -0.000219385 -0.000216045 -0.000212325 -0.00020888 -0.000205959 -0.00020265 -0.000198938 -0.000194888 -0.00019095 -0.000186886 -0.000183322 -0.00018027 -0.000176586 -0.00017256 -0.000168626 -0.000165331 -0.000162116 -0.000159 -0.000155211 -0.000151536 -0.000148887 -0.000145894 -0.000143152 -0.000140202 -0.000137079 -0.000134284 -0.000131055 -0.000128108 -0.00012455 -0.000120637 -0.000117778 -0.000114735 -0.000111491 -0.000107201 -0.000103732 -0.000100239 -9.59984e-05 -9.26059e-05 -8.82956e-05 -8.39306e-05 -8.0329e-05 -7.65403e-05 -7.19331e-05 -6.77466e-05 -6.40071e-05 -5.91175e-05 -5.52047e-05 -5.10341e-05 -4.70391e-05 -4.44059e-05 -4.12323e-05 -3.72341e-05 -3.3237e-05 -2.96354e-05 -2.59453e-05 -2.24608e-05 -1.74338e-05 -1.37979e-05 -1.05582e-05 -5.44694e-06 5.37723e-07 
-0.000427826 -0.000881979 -0.000999401 -0.0010153 -0.00102538 -0.00102058 -0.000990068 -0.000960392 -0.000944037 -0.000928187 -0.000920033 -0.000916974 -0.00091546 -0.00091286 -0.000905842 -0.000898505 -0.000891117 -0.000881252 -0.000873478 -0.00086725 -0.0008577 -0.000850665 -0.000841515 -0.000831073 -0.000823132 -0.000814782 -0.000804523 -0.000796664 -0.000789348 -0.000783363 -0.000777444 -0.000771088 -0.000764049 -0.000758986 -0.000753503 -0.000747242 -0.000744032 -0.000740584 -0.000737617 -0.000735234 -0.000733289 -0.00073078 -0.000728747 -0.000726161 -0.00072305 -0.000720236 -0.000717293 -0.000714675 -0.000712321 -0.000710033 -0.000707584 -0.000704032 -0.000700684 -0.000696809 -0.000693142 -0.00068964 -0.00068516 -0.000681503 -0.000678147 -0.000674507 -0.000669607 -0.000664454 -0.000660938 -0.000655685 -0.000650705 -0.000647946 -0.000643908 -0.000638679 -0.000634596 -0.000631089 -0.000625937 -0.000620908 -0.000616114 -0.000611332 -0.000606266 -0.000600973 -0.000596371 -0.000591756 -0.000587923 -0.000583977 -0.000579555 -0.000575029 -0.00057171 -0.000567062 -0.000562621 -0.000559089 -0.00055518 -0.000551756 -0.000548262 -0.000543377 -0.000538292 -0.000534541 -0.000529976 -0.000525488 -0.000519703 -0.000515013 -0.000512158 -0.000507221 -0.00050283 -0.000499875 -0.000496475 -0.000492791 -0.00048944 -0.000485348 -0.000482206 -0.000478906 -0.000475183 -0.000472198 -0.000469113 -0.000465844 -0.000461984 -0.000458317 -0.000455455 -0.000451604 -0.000447986 -0.000445038 -0.000441609 -0.00043757 -0.000433413 -0.000429182 -0.000425136 -0.000420498 -0.000415739 -0.000412394 -0.00040916 -0.000405312 -0.000402666 -0.000398472 -0.000394062 -0.000390973 -0.000387275 -0.00038292 -0.000379732 -0.00037583 -0.000371653 -0.000368766 -0.000365298 -0.000361757 -0.000358446 -0.000354758 -0.000351831 -0.000349102 -0.00034565 -0.000342775 -0.000340558 -0.000338405 -0.000336301 -0.000333344 -0.000330925 -0.000328408 -0.000325375 -0.000322636 -0.000319353 -0.000316839 -0.000314849 -0.000312443 -0.000309682 -0.000306733 -0.000303705 -0.00030042 -0.000297608 -0.000295125 -0.000292149 -0.000289142 -0.000286595 -0.000283324 -0.000280391 -0.000277289 -0.000274058 -0.000271709 -0.000269722 -0.000267045 -0.000264348 -0.000260997 -0.00025834 -0.000256134 -0.000254618 -0.000252986 -0.000250762 -0.000248065 -0.000246042 -0.000243434 -0.000240462 -0.000237802 -0.000234751 -0.000231733 -0.000229214 -0.000225835 -0.000222516 -0.000218935 -0.000216141 -0.000212788 -0.000209377 -0.000205787 -0.000202419 -0.00019893 -0.000194972 -0.000191474 -0.000187393 -0.000183084 -0.000180201 -0.000177154 -0.000172473 -0.000168629 -0.000165789 -0.000162895 -0.000159892 -0.000156449 -0.000152432 -0.000149444 -0.000146793 -0.000143914 -0.000140479 -0.000137015 -0.000134935 -0.000131102 -0.000127513 -0.000124714 -0.00012172 -0.000117922 -0.000114148 -0.000111436 -0.000107885 -0.000104687 -0.000100297 -9.58382e-05 -9.26903e-05 -8.81706e-05 -8.36921e-05 -8.04654e-05 -7.60248e-05 -7.13143e-05 -6.79521e-05 -6.36102e-05 -5.85489e-05 -5.54515e-05 -5.12893e-05 -4.75379e-05 -4.50398e-05 -4.1324e-05 -3.7484e-05 -3.42758e-05 -2.98454e-05 -2.52194e-05 -2.20831e-05 -1.80914e-05 -1.43608e-05 -1.12882e-05 -6.10814e-06 1.43787e-06 
-0.000310721 -0.000884341 -0.001047 -0.00102511 -0.0010295 -0.00102367 -0.000996214 -0.000962329 -0.000938671 -0.00092491 -0.000918172 -0.000914125 -0.000910864 -0.000908149 -0.000901736 -0.000895307 -0.000886986 -0.000877854 -0.000871019 -0.000862892 -0.000853525 -0.000848315 -0.000839585 -0.00082823 -0.000821823 -0.000811744 -0.000801595 -0.000795578 -0.000786454 -0.000778589 -0.000771994 -0.000765997 -0.000760404 -0.00075603 -0.000749962 -0.000744998 -0.000742128 -0.000739028 -0.000736542 -0.000733828 -0.00073206 -0.000729585 -0.000726711 -0.000724379 -0.000721674 -0.000719311 -0.000717219 -0.00071484 -0.000711926 -0.000709085 -0.000706539 -0.000703856 -0.000700094 -0.000695993 -0.000692773 -0.000688619 -0.000684731 -0.000681128 -0.000677682 -0.000673856 -0.000669262 -0.000664552 -0.000660395 -0.000654681 -0.000650408 -0.000647027 -0.000642719 -0.000638347 -0.000634475 -0.000630706 -0.000625546 -0.000619949 -0.000616053 -0.000611275 -0.000605575 -0.000600899 -0.000597066 -0.000592784 -0.000588078 -0.000583121 -0.000579281 -0.00057537 -0.000571991 -0.00056762 -0.00056256 -0.00055858 -0.000555588 -0.000551912 -0.000547978 -0.000543771 -0.00053898 -0.000535093 -0.00053005 -0.000525111 -0.000520353 -0.000515995 -0.000512345 -0.000507569 -0.000502899 -0.00049991 -0.000496161 -0.000492592 -0.000489285 -0.000485336 -0.000481841 -0.000478935 -0.000476094 -0.000473583 -0.000469921 -0.000466457 -0.000463079 -0.000459122 -0.000455871 -0.0004524 -0.0004484 -0.000444871 -0.000441978 -0.000438003 -0.000433591 -0.000429279 -0.000425713 -0.000421143 -0.000416858 -0.00041349 -0.000409997 -0.00040609 -0.000402616 -0.000399339 -0.000395266 -0.000392343 -0.000388746 -0.000384067 -0.00038005 -0.000376308 -0.000372327 -0.000368928 -0.000365386 -0.000362084 -0.000359085 -0.000355174 -0.000351703 -0.000348748 -0.000346473 -0.000343925 -0.000340946 -0.000338112 -0.000336408 -0.000334094 -0.000331713 -0.000329134 -0.000325922 -0.000323304 -0.000320524 -0.000317679 -0.000315134 -0.000312974 -0.000310398 -0.000307516 -0.000304099 -0.000300496 -0.000297608 -0.000295183 -0.00029306 -0.000290507 -0.000287361 -0.000284138 -0.000280522 -0.000277388 -0.000274563 -0.00027206 -0.000269347 -0.000266653 -0.000264576 -0.000261481 -0.000258844 -0.000256602 -0.000254992 -0.000253594 -0.000251247 -0.000248765 -0.000246158 -0.000243156 -0.000240101 -0.000237812 -0.000234891 -0.000232024 -0.00022959 -0.000226502 -0.00022317 -0.000219678 -0.00021593 -0.000212444 -0.000210021 -0.000206632 -0.000203018 -0.000199519 -0.000195141 -0.000191599 -0.00018785 -0.000183113 -0.000179307 -0.000176287 -0.000172673 -0.000169571 -0.000166065 -0.00016262 -0.000159723 -0.000157182 -0.000153262 -0.00014943 -0.000146667 -0.000143776 -0.000140726 -0.000137594 -0.00013512 -0.000131503 -0.000127998 -0.000125035 -0.000122061 -0.000118301 -0.000114338 -0.000111752 -0.000108196 -0.00010504 -0.000101247 -9.62354e-05 -9.2665e-05 -8.86264e-05 -8.39403e-05 -7.99321e-05 -7.51731e-05 -7.08971e-05 -6.7559e-05 -6.30709e-05 -5.87674e-05 -5.5539e-05 -5.19299e-05 -4.8019e-05 -4.49899e-05 -4.11617e-05 -3.75477e-05 -3.40897e-05 -2.9418e-05 -2.53256e-05 -2.21598e-05 -1.84818e-05 -1.40261e-05 -1.0846e-05 -6.41688e-06 7.50363e-07 
-0.000300452 -0.00090325 -0.00106383 -0.00102614 -0.00102936 -0.00101999 -0.000993923 -0.000964931 -0.000939221 -0.000924581 -0.000917498 -0.000912572 -0.000907795 -0.000903788 -0.000897271 -0.000891305 -0.000882471 -0.000875366 -0.000868286 -0.000859394 -0.000850947 -0.000846239 -0.000837314 -0.000827137 -0.000820929 -0.000808461 -0.000798116 -0.000791772 -0.000782548 -0.00077437 -0.000769375 -0.000764226 -0.000758444 -0.000753217 -0.000747538 -0.000744085 -0.000740726 -0.000737238 -0.000734513 -0.00073188 -0.000730141 -0.00072755 -0.000725064 -0.000723249 -0.000721158 -0.000718511 -0.000716306 -0.000714272 -0.000711576 -0.000709232 -0.00070653 -0.000703423 -0.000699716 -0.000695418 -0.000691471 -0.000687469 -0.000684655 -0.000681371 -0.000677135 -0.000672982 -0.000669007 -0.000665176 -0.000660115 -0.000654838 -0.000650033 -0.000646272 -0.000641874 -0.000638659 -0.000633657 -0.000628616 -0.000624603 -0.000620445 -0.000615915 -0.000610616 -0.000605521 -0.000601485 -0.000596885 -0.000591871 -0.000587648 -0.000583205 -0.000579512 -0.000575372 -0.000571813 -0.000567608 -0.000562855 -0.000558136 -0.000554955 -0.000551346 -0.000547262 -0.000544227 -0.000540124 -0.0005353 -0.000529673 -0.000524588 -0.000521105 -0.000516198 -0.000511705 -0.000507633 -0.000503734 -0.00050004 -0.000496143 -0.000493123 -0.000489631 -0.000485346 -0.000482436 -0.000479187 -0.000476037 -0.000473736 -0.000470764 -0.000467133 -0.000463768 -0.000459678 -0.00045577 -0.000452586 -0.000448957 -0.000445037 -0.000441397 -0.000438272 -0.000434163 -0.000429558 -0.000425127 -0.000421313 -0.00041815 -0.000414313 -0.000410325 -0.000406127 -0.000402956 -0.000399629 -0.000395816 -0.000391965 -0.000388778 -0.00038523 -0.000381075 -0.000377524 -0.000373551 -0.000369517 -0.000365788 -0.000362217 -0.000358951 -0.000355643 -0.000352541 -0.000349549 -0.000346621 -0.000344228 -0.000341447 -0.000338769 -0.000336647 -0.0003345 -0.000332112 -0.000329484 -0.000326471 -0.000323562 -0.000320997 -0.000318253 -0.00031564 -0.000313489 -0.000310614 -0.00030736 -0.000304515 -0.000301487 -0.000298335 -0.000295463 -0.000293228 -0.000290614 -0.000287666 -0.000284723 -0.000281079 -0.00027824 -0.000275717 -0.000272932 -0.000269405 -0.000266677 -0.000264281 -0.000261525 -0.000259672 -0.000257365 -0.00025536 -0.000253817 -0.000251779 -0.00024947 -0.000246478 -0.000242993 -0.000240449 -0.000237734 -0.000235128 -0.000232817 -0.000229887 -0.000226314 -0.000223173 -0.000220137 -0.00021638 -0.000212681 -0.000210268 -0.000206265 -0.000202941 -0.000199961 -0.000195353 -0.000191444 -0.000188104 -0.000183677 -0.000179365 -0.000175669 -0.000172308 -0.000169702 -0.000166259 -0.000163349 -0.000160347 -0.000157723 -0.000153851 -0.000149848 -0.000146526 -0.000143527 -0.000141067 -0.00013831 -0.000135217 -0.000131963 -0.000129171 -0.000125637 -0.000121759 -0.000118475 -0.000114981 -0.000112444 -0.000108281 -0.000104843 -0.000101308 -9.68803e-05 -9.25476e-05 -8.86863e-05 -8.38442e-05 -7.94048e-05 -7.50842e-05 -7.10875e-05 -6.75942e-05 -6.3178e-05 -5.97593e-05 -5.62168e-05 -5.19746e-05 -4.81955e-05 -4.4527e-05 -4.14276e-05 -3.76673e-05 -3.35415e-05 -2.91249e-05 -2.48416e-05 -2.09813e-05 -1.78201e-05 -1.40598e-05 -1.10187e-05 -6.26105e-06 1.30198e-06 
-0.000300452 -0.000909533 -0.00107437 -0.00103483 -0.00103487 -0.00102291 -0.000996482 -0.000967691 -0.000943493 -0.000924669 -0.000916038 -0.000911033 -0.000904609 -0.000899864 -0.000894434 -0.000887881 -0.000879835 -0.000871942 -0.000864188 -0.000857161 -0.000851328 -0.000844377 -0.00083513 -0.000825702 -0.000818152 -0.000805448 -0.000794909 -0.000788197 -0.000779136 -0.000772956 -0.000767693 -0.000760812 -0.000754528 -0.000750171 -0.000746053 -0.000742691 -0.000738435 -0.000735165 -0.00073242 -0.000730344 -0.000728392 -0.000725813 -0.00072358 -0.000722031 -0.000719712 -0.00071746 -0.000715788 -0.000713754 -0.000711054 -0.000709154 -0.000705593 -0.000701944 -0.000699007 -0.000695104 -0.000691103 -0.000687161 -0.000683984 -0.000680865 -0.000676955 -0.000673184 -0.000669071 -0.000664982 -0.000659918 -0.00065565 -0.000650828 -0.000646086 -0.000641485 -0.000638084 -0.0006325 -0.000627377 -0.000624248 -0.000619678 -0.000614533 -0.000610289 -0.000605473 -0.000601314 -0.000596101 -0.000591573 -0.000587876 -0.000583584 -0.000579838 -0.000575017 -0.000571031 -0.000566822 -0.000562849 -0.000558276 -0.000554994 -0.000550849 -0.000547135 -0.000543797 -0.000538939 -0.000534432 -0.000529992 -0.0005256 -0.000521232 -0.000516556 -0.000511417 -0.00050727 -0.000503742 -0.000499736 -0.00049641 -0.000493435 -0.000489475 -0.000485389 -0.000482745 -0.000479459 -0.000476268 -0.00047375 -0.000470779 -0.000467113 -0.000463544 -0.000459937 -0.000456073 -0.000452733 -0.000449181 -0.000445536 -0.000441231 -0.000437825 -0.000434691 -0.000430634 -0.000425992 -0.000421848 -0.000418682 -0.00041498 -0.000411155 -0.000407583 -0.000403692 -0.000400607 -0.000396725 -0.000392638 -0.000389311 -0.000386282 -0.000382003 -0.000377737 -0.000373739 -0.000369817 -0.00036676 -0.000363232 -0.000359305 -0.000356191 -0.000353345 -0.00035006 -0.000346444 -0.000343961 -0.000341634 -0.000339064 -0.000336799 -0.000334722 -0.000332218 -0.000329927 -0.000327664 -0.000324724 -0.00032164 -0.000318848 -0.000315934 -0.000313882 -0.000310871 -0.000307569 -0.000304708 -0.00030194 -0.000298766 -0.000295467 -0.00029334 -0.000290897 -0.000288164 -0.000285496 -0.000281951 -0.000278517 -0.000275546 -0.000272913 -0.000270191 -0.000267834 -0.000264778 -0.000261773 -0.000260101 -0.000258274 -0.000256188 -0.00025397 -0.00025209 -0.000249585 -0.0002462 -0.000242973 -0.0002407 -0.000237503 -0.0002348 -0.000232753 -0.000229961 -0.000227156 -0.00022347 -0.000220343 -0.000216974 -0.000213306 -0.000210564 -0.000206514 -0.000202847 -0.00020024 -0.000195782 -0.000191423 -0.000187745 -0.000183731 -0.000180048 -0.000176153 -0.00017218 -0.000169592 -0.000166663 -0.000163661 -0.000159825 -0.000156684 -0.000153299 -0.000150315 -0.000146863 -0.000143406 -0.000141079 -0.000138696 -0.000135244 -0.0001322 -0.000129254 -0.000125854 -0.000122312 -0.000119466 -0.000115604 -0.00011232 -0.000108694 -0.000104652 -0.000101379 -9.7543e-05 -9.30813e-05 -8.88506e-05 -8.43656e-05 -8.00872e-05 -7.56229e-05 -7.10148e-05 -6.73713e-05 -6.40502e-05 -6.07956e-05 -5.64156e-05 -5.1913e-05 -4.84357e-05 -4.49505e-05 -4.16822e-05 -3.7232e-05 -3.30632e-05 -2.91603e-05 -2.47312e-05 -2.02651e-05 -1.7684e-05 -1.47209e-05 -1.10539e-05 -5.41793e-06 1.52131e-06 
-0.000300452 -0.000902087 -0.00106039 -0.00104078 -0.00103775 -0.00102492 -0.000997625 -0.000963331 -0.000943234 -0.00092584 -0.000916318 -0.000909323 -0.000903566 -0.000897899 -0.00089277 -0.000886003 -0.00087952 -0.000870937 -0.000862057 -0.000856112 -0.000848699 -0.000840988 -0.000833606 -0.000825267 -0.000815106 -0.000804343 -0.000794884 -0.000785382 -0.000775877 -0.000770031 -0.00076449 -0.000757282 -0.000752411 -0.00074835 -0.000744607 -0.000740575 -0.000736805 -0.000734514 -0.000731753 -0.000728939 -0.00072648 -0.000724602 -0.0007228 -0.000720769 -0.000718138 -0.000716441 -0.000715168 -0.000712854 -0.000710377 -0.00070847 -0.000704871 -0.00070128 -0.000698482 -0.000694515 -0.000690325 -0.000687285 -0.000684373 -0.000680085 -0.000676193 -0.000673622 -0.00066979 -0.000664705 -0.000659383 -0.000655607 -0.000650545 -0.000646058 -0.000641369 -0.000637537 -0.000632287 -0.000627301 -0.000623676 -0.000618674 -0.000613652 -0.00061021 -0.000604789 -0.000599957 -0.00059536 -0.000591877 -0.000587477 -0.000582274 -0.000578692 -0.000574958 -0.000571183 -0.000566626 -0.000563 -0.000558522 -0.000554512 -0.000550897 -0.000547291 -0.000543105 -0.000537582 -0.000533558 -0.000530482 -0.000525439 -0.000520241 -0.000516053 -0.000511911 -0.000506872 -0.000502884 -0.000499521 -0.000496245 -0.000493078 -0.000489418 -0.000485714 -0.00048261 -0.000479408 -0.000476593 -0.000473435 -0.000470159 -0.000467225 -0.000463654 -0.000460452 -0.00045685 -0.000452374 -0.00044849 -0.000445904 -0.000441664 -0.000438043 -0.000434724 -0.000431603 -0.000427427 -0.000423075 -0.00041987 -0.000416405 -0.000412991 -0.000409592 -0.00040452 -0.000400099 -0.000397093 -0.000393745 -0.000389811 -0.000386063 -0.000382938 -0.000378804 -0.000374497 -0.000370249 -0.000366665 -0.000363598 -0.000360475 -0.00035735 -0.000353669 -0.000350908 -0.000347679 -0.000344776 -0.000342595 -0.000339722 -0.000336764 -0.000335083 -0.000332442 -0.000330223 -0.000328443 -0.000325233 -0.00032212 -0.000319424 -0.000316661 -0.000313937 -0.000311348 -0.000308607 -0.000305212 -0.000301694 -0.000299154 -0.000296443 -0.000294003 -0.000291819 -0.000288679 -0.000285675 -0.000282823 -0.000279545 -0.000275941 -0.000272996 -0.000270399 -0.000268085 -0.000265265 -0.000262267 -0.000260467 -0.000258602 -0.000256837 -0.000254742 -0.000251839 -0.000249051 -0.00024618 -0.000243273 -0.000241017 -0.000238003 -0.000235397 -0.000232398 -0.000229909 -0.000227425 -0.00022311 -0.000219824 -0.000216901 -0.000213644 -0.000210607 -0.000207194 -0.000202968 -0.000199506 -0.000195907 -0.000191992 -0.000187455 -0.000183036 -0.000180046 -0.00017579 -0.000171594 -0.000168937 -0.000165858 -0.000162905 -0.000159984 -0.000156956 -0.000153499 -0.000150125 -0.000146745 -0.000143666 -0.000140787 -0.000138474 -0.000136009 -0.00013326 -0.000129748 -0.000126244 -0.000122856 -0.00011945 -0.000115338 -0.000111656 -0.000108763 -0.000105436 -0.000101599 -9.81946e-05 -9.39707e-05 -8.83555e-05 -8.39756e-05 -8.00855e-05 -7.54478e-05 -7.13886e-05 -6.82354e-05 -6.44876e-05 -6.0815e-05 -5.66592e-05 -5.24837e-05 -4.87342e-05 -4.53305e-05 -4.15604e-05 -3.70187e-05 -3.3331e-05 -2.89086e-05 -2.42754e-05 -1.98067e-05 -1.72925e-05 -1.35942e-05 -1.03135e-05 -5.8592e-06 3.01321e-07 
-0.000378549 -0.000938963 -0.00103238 -0.00102236 -0.00103235 -0.00102156 -0.000991574 -0.000962348 -0.000947609 -0.000930158 -0.00091583 -0.000907387 -0.000903348 -0.000897821 -0.000890962 -0.000884302 -0.000879048 -0.000870219 -0.000863037 -0.000855034 -0.000845677 -0.000838354 -0.000832424 -0.000822459 -0.000811488 -0.000802386 -0.000793015 -0.000782927 -0.000774627 -0.000769311 -0.000762895 -0.000756332 -0.000751005 -0.000746854 -0.000742213 -0.000738066 -0.000735132 -0.000732961 -0.000729708 -0.000727102 -0.000725086 -0.000723396 -0.000721459 -0.000719291 -0.000717176 -0.000715891 -0.000714105 -0.000711709 -0.000709408 -0.000707374 -0.000704483 -0.000701204 -0.000697937 -0.000693571 -0.000689703 -0.000686985 -0.000683551 -0.000679822 -0.000676119 -0.000673399 -0.000669706 -0.00066512 -0.000659736 -0.000655577 -0.000650009 -0.000645638 -0.000641231 -0.000637135 -0.000632106 -0.000627362 -0.000621999 -0.000617271 -0.000612758 -0.000609298 -0.000604576 -0.0006003 -0.000595942 -0.000591988 -0.00058731 -0.000582268 -0.000579157 -0.000575253 -0.000570733 -0.000566044 -0.000562905 -0.00055799 -0.000553619 -0.000549707 -0.000545768 -0.000541499 -0.000536706 -0.000533101 -0.000529356 -0.000524464 -0.000519755 -0.000516083 -0.00051192 -0.000507138 -0.000503242 -0.000499746 -0.000496423 -0.00049291 -0.00049 -0.000486081 -0.000482478 -0.000478724 -0.000476061 -0.00047329 -0.000470354 -0.000467216 -0.000463489 -0.000459662 -0.000456564 -0.000453004 -0.000449083 -0.00044623 -0.000442665 -0.000438945 -0.000434994 -0.000431633 -0.000428601 -0.000425245 -0.000420746 -0.000416433 -0.000413196 -0.000410091 -0.000405485 -0.000401039 -0.000397348 -0.00039398 -0.000390041 -0.000386223 -0.000382592 -0.000378776 -0.000375138 -0.000371336 -0.000367153 -0.00036367 -0.000361164 -0.00035821 -0.000354662 -0.000351915 -0.000348126 -0.000344843 -0.000342041 -0.000339505 -0.000337052 -0.000335114 -0.000332547 -0.000330216 -0.00032839 -0.000325608 -0.000322729 -0.000320572 -0.00031765 -0.000314291 -0.000311461 -0.000308816 -0.000305496 -0.000302423 -0.00029972 -0.000296681 -0.000293848 -0.000291325 -0.000288912 -0.000286169 -0.000283324 -0.000280461 -0.000276596 -0.000273679 -0.000270274 -0.000267686 -0.000265486 -0.000263214 -0.000260887 -0.000258818 -0.000257061 -0.000255011 -0.000251754 -0.000248549 -0.000246086 -0.000243393 -0.000240684 -0.000237893 -0.000235801 -0.000232877 -0.000229965 -0.000227562 -0.000223851 -0.000220694 -0.000217599 -0.000213985 -0.000210278 -0.000207003 -0.000202758 -0.000198652 -0.000194889 -0.00019173 -0.00018775 -0.000182975 -0.000179537 -0.000176097 -0.000172764 -0.000169262 -0.000166034 -0.000162676 -0.000159708 -0.000157278 -0.000153557 -0.000149632 -0.000146372 -0.000143993 -0.000141031 -0.00013843 -0.000136255 -0.000133948 -0.000130765 -0.000127061 -0.000123056 -0.000118999 -0.000115387 -0.000111896 -0.000109065 -0.00010579 -0.000101108 -9.70854e-05 -9.36751e-05 -8.89681e-05 -8.52299e-05 -8.04097e-05 -7.53392e-05 -7.21212e-05 -6.8344e-05 -6.42508e-05 -6.08152e-05 -5.76027e-05 -5.34423e-05 -4.97995e-05 -4.49962e-05 -4.08425e-05 -3.70093e-05 -3.27659e-05 -2.78847e-05 -2.42739e-05 -2.09341e-05 -1.74438e-05 -1.32862e-05 -1.02322e-05 -6.50207e-06 -2.99219e-07 
-0.000279857 -0.000915461 -0.00103667 -0.00102287 -0.00102927 -0.001016 -0.000987291 -0.000963427 -0.000945605 -0.000927198 -0.000914774 -0.000905843 -0.000900995 -0.000895758 -0.000889745 -0.000884175 -0.000877238 -0.000868704 -0.000861939 -0.000853721 -0.000845295 -0.000838591 -0.000830886 -0.000819677 -0.000809093 -0.000799981 -0.000789245 -0.000780679 -0.000773964 -0.000767709 -0.000760651 -0.000754623 -0.000750001 -0.000743902 -0.000739254 -0.000736689 -0.000734034 -0.000730818 -0.000727552 -0.000725519 -0.000723912 -0.000721895 -0.000719995 -0.000718084 -0.000716264 -0.000714864 -0.000712592 -0.000710663 -0.000708865 -0.000706757 -0.000703933 -0.000700663 -0.000696929 -0.000693459 -0.00069047 -0.000686861 -0.000682854 -0.000679893 -0.000676442 -0.00067272 -0.00066864 -0.000665064 -0.000659641 -0.000654959 -0.000650315 -0.000646214 -0.000641736 -0.000637207 -0.000631427 -0.000626754 -0.000621313 -0.000617438 -0.000612813 -0.0006084 -0.000604125 -0.000600597 -0.000595893 -0.000591074 -0.000586982 -0.00058244 -0.000579023 -0.000574589 -0.000570841 -0.000566169 -0.000562326 -0.000558041 -0.000554377 -0.000550337 -0.000545712 -0.000541308 -0.000537183 -0.000532559 -0.000527521 -0.000523599 -0.000520187 -0.000515626 -0.000510918 -0.000506732 -0.000503375 -0.000499616 -0.00049623 -0.000493295 -0.000489975 -0.00048568 -0.000482228 -0.00047884 -0.000475941 -0.000473356 -0.000470174 -0.000466621 -0.000463414 -0.000459681 -0.000456527 -0.000453146 -0.000448774 -0.000445509 -0.000441933 -0.000439026 -0.000436085 -0.000432397 -0.000429047 -0.000426076 -0.000421989 -0.000417988 -0.000414079 -0.000410519 -0.00040658 -0.000402436 -0.000398182 -0.0003936 -0.000390257 -0.000387131 -0.000383065 -0.000378696 -0.000375208 -0.000371769 -0.000368172 -0.000365062 -0.000361989 -0.000358426 -0.000355117 -0.000351901 -0.000348354 -0.000345447 -0.000342271 -0.000339688 -0.000337175 -0.00033522 -0.000332926 -0.000330366 -0.000327874 -0.000325755 -0.000323211 -0.0003205 -0.000318035 -0.000315522 -0.000312506 -0.000309423 -0.000306106 -0.000302792 -0.000299718 -0.000296971 -0.000294174 -0.000291435 -0.000289251 -0.000286442 -0.000283241 -0.000280167 -0.000276735 -0.000274166 -0.000270869 -0.000267687 -0.000265794 -0.000263836 -0.000261506 -0.000259384 -0.00025729 -0.000254782 -0.000251837 -0.000248827 -0.000246517 -0.000243642 -0.000240666 -0.000238256 -0.000236083 -0.000233407 -0.000230275 -0.00022683 -0.000223693 -0.00022097 -0.000217673 -0.000213885 -0.000210537 -0.000207048 -0.000202527 -0.000198919 -0.000194831 -0.000190964 -0.000187572 -0.000182923 -0.000179124 -0.000175722 -0.000172665 -0.000169057 -0.000165802 -0.000162955 -0.000159924 -0.000156891 -0.000153594 -0.000150437 -0.000147087 -0.000144158 -0.000141592 -0.000138981 -0.000136137 -0.000133692 -0.000130562 -0.000126765 -0.00012349 -0.000119069 -0.000115377 -0.000111804 -0.000108395 -0.000105185 -0.000101565 -9.7516e-05 -9.40845e-05 -8.971e-05 -8.54808e-05 -8.0716e-05 -7.56819e-05 -7.24649e-05 -6.77717e-05 -6.41479e-05 -6.09517e-05 -5.69977e-05 -5.26958e-05 -4.92334e-05 -4.51589e-05 -4.15393e-05 -3.77041e-05 -3.33209e-05 -2.80487e-05 -2.40139e-05 -2.03744e-05 -1.72499e-05 -1.39466e-05 -1.05643e-05 -5.3902e-06 1.53637e-06 
-0.000337193 -0.000950546 -0.00104801 -0.00102053 -0.0010234 -0.00100805 -0.000989108 -0.0009688 -0.000943852 -0.000923222 -0.000912009 -0.000903654 -0.000898265 -0.000892659 -0.000889152 -0.000884101 -0.000876266 -0.000867804 -0.000861068 -0.000852234 -0.000845953 -0.000837022 -0.00082722 -0.00081822 -0.000810378 -0.000799367 -0.000786962 -0.000780831 -0.000773108 -0.000765114 -0.000759033 -0.000753054 -0.000747228 -0.000741248 -0.000737235 -0.000734686 -0.000731514 -0.000728017 -0.00072545 -0.000724158 -0.000722591 -0.000720548 -0.000718801 -0.000717172 -0.000715248 -0.000713437 -0.000711462 -0.000710154 -0.000708319 -0.000705573 -0.000702756 -0.000700151 -0.000696446 -0.000693616 -0.000690299 -0.000686479 -0.000682905 -0.00067973 -0.000676454 -0.000672066 -0.000667939 -0.000664534 -0.000658754 -0.000653581 -0.00064962 -0.000645173 -0.000640598 -0.000636307 -0.000631418 -0.00062776 -0.000622444 -0.000617502 -0.00061339 -0.000607978 -0.000602981 -0.000599578 -0.000595195 -0.000590514 -0.000587385 -0.000583229 -0.000578507 -0.000574368 -0.000570882 -0.000565966 -0.000561816 -0.000557735 -0.000554741 -0.000550888 -0.000544771 -0.000540237 -0.000535391 -0.000531276 -0.000527096 -0.000523852 -0.000520154 -0.000515181 -0.000510751 -0.00050699 -0.000503631 -0.000499424 -0.000495508 -0.000492637 -0.000489533 -0.000485487 -0.0004826 -0.000478975 -0.000475118 -0.000472545 -0.000469625 -0.00046637 -0.000463331 -0.000459286 -0.000455977 -0.000452786 -0.000449802 -0.000446182 -0.000442565 -0.000439096 -0.000436727 -0.000433308 -0.000429728 -0.000426179 -0.000422322 -0.00041918 -0.000414776 -0.000410252 -0.000406388 -0.000402766 -0.000398109 -0.000394273 -0.000390412 -0.000387217 -0.000383577 -0.00037942 -0.000375513 -0.000371603 -0.000368034 -0.000365677 -0.000362727 -0.000359278 -0.00035601 -0.000351829 -0.000347992 -0.000345438 -0.000342542 -0.000339956 -0.000337125 -0.000334919 -0.000332586 -0.000330743 -0.000328394 -0.000326308 -0.000323777 -0.00032037 -0.000317907 -0.000315349 -0.000312573 -0.000309883 -0.000307025 -0.000303813 -0.000300267 -0.000297022 -0.000294212 -0.000291687 -0.000289416 -0.000286771 -0.000283547 -0.000280387 -0.00027697 -0.000274493 -0.000271375 -0.000268025 -0.000265462 -0.000263401 -0.000261972 -0.000260104 -0.000257685 -0.000254552 -0.000251674 -0.000248915 -0.000246256 -0.000244173 -0.000241709 -0.000239261 -0.000236273 -0.000233203 -0.000230367 -0.000227276 -0.000223995 -0.00022105 -0.000217625 -0.000214544 -0.000211403 -0.000207243 -0.000202121 -0.000199053 -0.000194761 -0.000190476 -0.000187826 -0.000183416 -0.000179734 -0.000176189 -0.000172314 -0.000168992 -0.000165965 -0.000163126 -0.000160046 -0.000156491 -0.00015408 -0.000151081 -0.000147426 -0.000144179 -0.000141482 -0.00013963 -0.000136981 -0.000134459 -0.000131287 -0.000127201 -0.000123542 -0.000118987 -0.000115121 -0.000111435 -0.00010829 -0.000105054 -0.000102427 -9.84534e-05 -9.48373e-05 -8.98197e-05 -8.51122e-05 -8.11735e-05 -7.6771e-05 -7.27124e-05 -6.81416e-05 -6.46888e-05 -6.11418e-05 -5.66171e-05 -5.25447e-05 -4.92032e-05 -4.52438e-05 -4.16484e-05 -3.73967e-05 -3.29928e-05 -2.8885e-05 -2.48808e-05 -2.05985e-05 -1.72753e-05 -1.44473e-05 -1.10874e-05 -5.03058e-06 1.24113e-06 
-0.000283549 -0.000894749 -0.00102924 -0.00102125 -0.00101889 -0.00100473 -0.000986502 -0.000968041 -0.000942696 -0.00092171 -0.000906989 -0.000898504 -0.000893099 -0.000889973 -0.000887261 -0.0008828 -0.000876017 -0.000868788 -0.000861426 -0.000853152 -0.000845863 -0.000836051 -0.000826195 -0.000817263 -0.000808929 -0.000797702 -0.000786015 -0.000779701 -0.000771383 -0.000764199 -0.000758849 -0.000751185 -0.000744106 -0.000739015 -0.000735216 -0.000731511 -0.000728059 -0.000725319 -0.000723942 -0.000722307 -0.000720504 -0.000718653 -0.000717533 -0.000715718 -0.00071421 -0.000712147 -0.000710445 -0.000708986 -0.000707169 -0.000704663 -0.000702333 -0.000700099 -0.000697025 -0.000693367 -0.000690018 -0.000686398 -0.000682549 -0.00067839 -0.000675302 -0.000671285 -0.000666872 -0.000663657 -0.000658183 -0.000652978 -0.000649194 -0.000644223 -0.000639698 -0.000636292 -0.000632159 -0.000628405 -0.000622692 -0.000616935 -0.00061259 -0.000607821 -0.000603401 -0.000599023 -0.000595479 -0.000590879 -0.000586861 -0.000583328 -0.000578464 -0.000574438 -0.000570593 -0.000565687 -0.000561674 -0.000557443 -0.000553892 -0.000549901 -0.000545177 -0.000540937 -0.000536083 -0.000531053 -0.00052694 -0.0005227 -0.000518734 -0.000514969 -0.000511408 -0.000507069 -0.000502767 -0.000499199 -0.00049576 -0.000492681 -0.000489315 -0.000485158 -0.000481931 -0.000478648 -0.000475122 -0.00047245 -0.000469663 -0.000466757 -0.000463159 -0.00045943 -0.000456639 -0.000453658 -0.000450181 -0.000446143 -0.000442793 -0.000439186 -0.000436803 -0.000434224 -0.000430737 -0.000426327 -0.000421972 -0.000418902 -0.000415025 -0.000411089 -0.000407622 -0.000403516 -0.000398859 -0.000395224 -0.000390812 -0.000386886 -0.00038292 -0.000379004 -0.000375804 -0.000372268 -0.000368428 -0.00036558 -0.000362397 -0.000358829 -0.000356006 -0.000351993 -0.000348191 -0.000345267 -0.000342248 -0.000340271 -0.000337552 -0.000334754 -0.000332695 -0.000330859 -0.000328591 -0.000325865 -0.00032352 -0.000320593 -0.000318554 -0.000315699 -0.000312572 -0.00031004 -0.000307097 -0.000304284 -0.000301081 -0.000297342 -0.000293928 -0.000291194 -0.000289013 -0.000286741 -0.000284025 -0.000280968 -0.000276864 -0.000274045 -0.000271207 -0.000268114 -0.000265889 -0.000263474 -0.000261674 -0.000259948 -0.00025805 -0.00025535 -0.000252513 -0.000249397 -0.000246555 -0.000244191 -0.000242036 -0.00023984 -0.000236206 -0.000233128 -0.000230569 -0.000227384 -0.000224193 -0.000220583 -0.000217507 -0.000214521 -0.000211395 -0.000206799 -0.000202324 -0.000199457 -0.000194995 -0.000190558 -0.000187982 -0.000183883 -0.000180293 -0.000176494 -0.000172745 -0.000169587 -0.000166209 -0.000162755 -0.00015983 -0.000156903 -0.000154496 -0.000151415 -0.000147822 -0.00014495 -0.000142528 -0.000139615 -0.000137028 -0.000134104 -0.000131113 -0.000127369 -0.000123651 -0.000119226 -0.000115909 -0.000112896 -0.000109341 -0.000105536 -0.000102741 -9.92252e-05 -9.50777e-05 -9.09288e-05 -8.60838e-05 -8.23939e-05 -7.77357e-05 -7.25706e-05 -6.81031e-05 -6.48754e-05 -6.03818e-05 -5.64573e-05 -5.34236e-05 -4.97899e-05 -4.52203e-05 -4.16875e-05 -3.68298e-05 -3.26837e-05 -2.92293e-05 -2.5233e-05 -2.17911e-05 -1.76573e-05 -1.36824e-05 -1.05666e-05 -5.59615e-06 2.95125e-07 
-0.000320718 -0.000902091 -0.00102674 -0.0010119 -0.00101711 -0.00100664 -0.000986847 -0.000961728 -0.000936605 -0.000920005 -0.000902643 -0.000894084 -0.000891397 -0.000888986 -0.000885798 -0.000881185 -0.000875778 -0.000868523 -0.000860485 -0.000852758 -0.000846423 -0.000837471 -0.000829799 -0.000818114 -0.000806098 -0.000797226 -0.000786695 -0.00077809 -0.000769359 -0.000762952 -0.000756733 -0.000749653 -0.000742737 -0.000737543 -0.000733192 -0.000728095 -0.00072512 -0.000723727 -0.000721875 -0.000719819 -0.000718404 -0.000717337 -0.00071611 -0.000714361 -0.000713059 -0.000711029 -0.000709457 -0.000707466 -0.000705724 -0.000703968 -0.000701924 -0.000699849 -0.000696305 -0.000692843 -0.000689868 -0.000686926 -0.000682706 -0.000678192 -0.000674972 -0.000670866 -0.00066603 -0.000662767 -0.000657522 -0.000652288 -0.000647732 -0.0006431 -0.000639921 -0.000636042 -0.000631465 -0.000627988 -0.000622924 -0.000617532 -0.00061257 -0.000607373 -0.000603609 -0.000599132 -0.000594894 -0.000590258 -0.000585648 -0.00058236 -0.000579136 -0.000574927 -0.000570092 -0.000564751 -0.000560925 -0.000557331 -0.000553859 -0.000549294 -0.000544992 -0.000540946 -0.000536251 -0.000531704 -0.000527658 -0.000522264 -0.000517905 -0.000514215 -0.000510961 -0.00050707 -0.000502735 -0.000498983 -0.000495947 -0.000492415 -0.000488538 -0.000484866 -0.000481732 -0.000478651 -0.000475798 -0.000472557 -0.000469302 -0.000466536 -0.000462855 -0.000459339 -0.000456734 -0.000453477 -0.000450104 -0.000446612 -0.00044361 -0.000439839 -0.000436616 -0.000433967 -0.000431202 -0.000427345 -0.000422636 -0.000419697 -0.000415826 -0.000411568 -0.000407487 -0.000403985 -0.000399477 -0.000396209 -0.000392113 -0.000387997 -0.00038371 -0.000379206 -0.000375513 -0.000372531 -0.000369164 -0.000365996 -0.000362805 -0.000359077 -0.000355572 -0.000352038 -0.000349002 -0.000345672 -0.000342349 -0.000340522 -0.000338094 -0.000335203 -0.000332817 -0.000330942 -0.000328639 -0.000325762 -0.000323714 -0.000320873 -0.000318648 -0.000316098 -0.0003135 -0.000310755 -0.000307072 -0.000304108 -0.000301065 -0.000297281 -0.000294522 -0.000291529 -0.0002885 -0.000285897 -0.000283622 -0.000281143 -0.000277908 -0.000274691 -0.000271569 -0.000268092 -0.000265786 -0.000263505 -0.00026154 -0.000260089 -0.000258215 -0.000255612 -0.000252768 -0.000249733 -0.000247512 -0.000244714 -0.000242156 -0.00023987 -0.000236578 -0.000233929 -0.000230182 -0.000226439 -0.000223506 -0.000220659 -0.000218033 -0.000214874 -0.000211164 -0.000207056 -0.00020279 -0.000199524 -0.000195501 -0.000191283 -0.000188508 -0.000184141 -0.000180409 -0.000176918 -0.000173725 -0.000170075 -0.000166178 -0.000162968 -0.000160374 -0.000157291 -0.000154244 -0.00015106 -0.000147943 -0.000145819 -0.00014278 -0.000139668 -0.000137028 -0.000134346 -0.000131617 -0.000128236 -0.000124146 -0.000119576 -0.000116306 -0.000112758 -0.000109676 -0.000106404 -0.000103406 -9.9729e-05 -9.58081e-05 -9.23516e-05 -8.77756e-05 -8.29615e-05 -7.80877e-05 -7.37375e-05 -6.95321e-05 -6.50505e-05 -6.02903e-05 -5.63335e-05 -5.35005e-05 -4.94148e-05 -4.50429e-05 -4.23948e-05 -3.7943e-05 -3.40792e-05 -3.01422e-05 -2.55627e-05 -2.24174e-05 -1.81971e-05 -1.41827e-05 -1.06212e-05 -6.16747e-06 7.06651e-07 
-0.000330238 -0.000902512 -0.000996563 -0.00098816 -0.00101066 -0.00100806 -0.000992158 -0.00096347 -0.000933957 -0.000918038 -0.000899612 -0.000892095 -0.000889732 -0.000888097 -0.000886053 -0.000881534 -0.000875839 -0.000868083 -0.000860727 -0.000854081 -0.000846226 -0.000838564 -0.000831027 -0.000820138 -0.000806504 -0.000797757 -0.000786167 -0.000775907 -0.00076768 -0.000761101 -0.000754606 -0.000748383 -0.000740905 -0.000734448 -0.000730309 -0.000725848 -0.00072362 -0.000721448 -0.000719347 -0.000717946 -0.000717007 -0.000715766 -0.000714323 -0.000712781 -0.000711444 -0.000709573 -0.000708317 -0.000706192 -0.000704759 -0.00070295 -0.000700826 -0.000698719 -0.000695636 -0.000692662 -0.000689837 -0.000686229 -0.000682429 -0.000678448 -0.000674623 -0.00066979 -0.000665191 -0.000660781 -0.000655681 -0.000651689 -0.00064645 -0.000641994 -0.000638835 -0.000634652 -0.000631143 -0.000627441 -0.000623418 -0.000618558 -0.000612521 -0.000606879 -0.000602945 -0.000598052 -0.000593614 -0.000589907 -0.000585847 -0.000582516 -0.000578258 -0.000573781 -0.00056933 -0.000564853 -0.000560705 -0.00055634 -0.000553217 -0.000549512 -0.000545319 -0.000540369 -0.000534871 -0.000530855 -0.000527161 -0.000522473 -0.000518737 -0.000513769 -0.000509829 -0.000506569 -0.000502512 -0.00049857 -0.000494683 -0.000491118 -0.000488135 -0.000485359 -0.00048128 -0.000478026 -0.000475224 -0.000472285 -0.000469345 -0.000466551 -0.000463212 -0.000460567 -0.000457655 -0.000453748 -0.00045078 -0.000447314 -0.000444075 -0.000440511 -0.000436816 -0.000433838 -0.000431154 -0.000428103 -0.000423879 -0.000419958 -0.000416558 -0.000412661 -0.000408155 -0.000404937 -0.000400422 -0.000395931 -0.000392379 -0.000388198 -0.000383846 -0.000379886 -0.000375463 -0.000371864 -0.000369102 -0.000366108 -0.000362987 -0.000359663 -0.000355725 -0.000352012 -0.000348991 -0.000345833 -0.000343248 -0.000340526 -0.000337917 -0.000335709 -0.000333375 -0.000330873 -0.000328323 -0.000325853 -0.000324039 -0.000321174 -0.000318377 -0.000315918 -0.000313824 -0.000311003 -0.000307857 -0.000304918 -0.000301113 -0.000297272 -0.000294271 -0.000291612 -0.000288944 -0.00028646 -0.000283797 -0.000281147 -0.000278131 -0.000274686 -0.000271814 -0.000268426 -0.000265976 -0.000263605 -0.000261506 -0.00025946 -0.000257762 -0.00025568 -0.000252698 -0.000249798 -0.000247631 -0.000245106 -0.00024285 -0.00023982 -0.000236374 -0.000233921 -0.00022994 -0.000226049 -0.000223418 -0.000220558 -0.000217208 -0.000214234 -0.00021134 -0.000207745 -0.000203229 -0.000199145 -0.000195961 -0.000192099 -0.000188891 -0.000185 -0.00018117 -0.00017788 -0.000174 -0.000169921 -0.000166274 -0.000163309 -0.000160577 -0.000157151 -0.000153999 -0.000151192 -0.00014851 -0.000145886 -0.000142849 -0.000139957 -0.000137543 -0.000134806 -0.000131355 -0.000128206 -0.000125113 -0.000121559 -0.000118061 -0.000113577 -0.000110313 -0.000107564 -0.000103585 -9.9862e-05 -9.62154e-05 -9.27495e-05 -8.80298e-05 -8.31801e-05 -7.88287e-05 -7.52673e-05 -7.06939e-05 -6.54387e-05 -6.1249e-05 -5.73309e-05 -5.37401e-05 -4.9284e-05 -4.52459e-05 -4.25199e-05 -3.80822e-05 -3.40207e-05 -3.04853e-05 -2.61972e-05 -2.24408e-05 -1.82583e-05 -1.45205e-05 -1.07002e-05 -5.38601e-06 2.17687e-06 
-0.000362388 -0.000907085 -0.000991534 -0.000980757 -0.00100077 -0.00100578 -0.000996779 -0.000968717 -0.000933462 -0.000913936 -0.000898125 -0.000890302 -0.000888697 -0.000887981 -0.000885688 -0.000880437 -0.0008753 -0.000868509 -0.000861686 -0.000855344 -0.000846356 -0.000837486 -0.000829586 -0.000819664 -0.000807834 -0.000796909 -0.000784919 -0.000776457 -0.000768745 -0.000760082 -0.000751904 -0.000746828 -0.000739304 -0.000732844 -0.000728444 -0.000723907 -0.000721428 -0.00071915 -0.000717279 -0.000716298 -0.000714957 -0.00071342 -0.000712296 -0.000711197 -0.000709915 -0.000708321 -0.000706792 -0.000704558 -0.000703317 -0.000701533 -0.00069967 -0.000697748 -0.00069548 -0.00069312 -0.000689945 -0.000685467 -0.000681847 -0.000677796 -0.000672884 -0.000668941 -0.000665034 -0.000659869 -0.000654634 -0.000650858 -0.000645611 -0.000640545 -0.000636823 -0.000633087 -0.000630439 -0.000626096 -0.000621835 -0.000617214 -0.000611773 -0.000607113 -0.000602746 -0.000597537 -0.000593291 -0.000590286 -0.000586547 -0.000583152 -0.000577836 -0.000573276 -0.000568905 -0.000564786 -0.000560129 -0.000555212 -0.000552013 -0.000548587 -0.00054485 -0.000540425 -0.000535508 -0.00053187 -0.000527186 -0.000521818 -0.000518231 -0.000513819 -0.000509498 -0.000506118 -0.000502626 -0.000498849 -0.000494784 -0.000490725 -0.00048775 -0.000485181 -0.000481662 -0.000478429 -0.000475569 -0.000472577 -0.000469834 -0.000466572 -0.000463243 -0.000460679 -0.000457964 -0.000454942 -0.000452039 -0.000448113 -0.000443836 -0.000440493 -0.000437807 -0.000434802 -0.000431604 -0.000428984 -0.000425192 -0.000420299 -0.000416942 -0.00041386 -0.000409268 -0.000405719 -0.000401279 -0.000396488 -0.000393143 -0.000388035 -0.000383369 -0.000380203 -0.000375809 -0.000372201 -0.000369661 -0.000366312 -0.000362724 -0.000359798 -0.000356244 -0.0003532 -0.000349896 -0.000346768 -0.00034397 -0.000340792 -0.000337912 -0.000335565 -0.000333325 -0.00033091 -0.000328537 -0.000326094 -0.000324151 -0.000321357 -0.00031867 -0.000316291 -0.000313907 -0.000310523 -0.000307992 -0.000305025 -0.000301118 -0.000297788 -0.000294628 -0.000291857 -0.000289462 -0.000287092 -0.000283557 -0.000280943 -0.000278428 -0.000275286 -0.000272381 -0.000269155 -0.000265822 -0.000263466 -0.000261694 -0.000259854 -0.000257658 -0.000255793 -0.000252992 -0.000249809 -0.000247474 -0.000245049 -0.00024306 -0.000239989 -0.000236426 -0.000233485 -0.000229793 -0.000226694 -0.000223376 -0.000219965 -0.000217311 -0.000214548 -0.000211505 -0.00020808 -0.000204115 -0.000199921 -0.000196658 -0.000192691 -0.000188918 -0.000185732 -0.000182243 -0.000178408 -0.000173799 -0.00017011 -0.000167178 -0.000163605 -0.000160181 -0.000157599 -0.000154353 -0.000151921 -0.000149036 -0.000145449 -0.000142679 -0.000140289 -0.00013756 -0.00013468 -0.000131719 -0.00012861 -0.000125716 -0.000122356 -0.000118881 -0.000115352 -0.000111308 -0.000107888 -0.000104425 -0.000100773 -9.71123e-05 -9.28438e-05 -8.79388e-05 -8.3565e-05 -7.97189e-05 -7.57731e-05 -7.12622e-05 -6.63087e-05 -6.25344e-05 -5.77945e-05 -5.337e-05 -4.99549e-05 -4.587e-05 -4.25958e-05 -3.80764e-05 -3.41007e-05 -3.0706e-05 -2.67901e-05 -2.20943e-05 -1.7785e-05 -1.42484e-05 -1.01018e-05 -6.05352e-06 9.61633e-08 
-0.000346989 -0.000876414 -0.00098556 -0.000980608 -0.00099938 -0.00099885 -0.000992087 -0.000970827 -0.00093622 -0.000912814 -0.000898338 -0.000890645 -0.00088845 -0.000886617 -0.000884488 -0.000880396 -0.000874917 -0.000867699 -0.000859449 -0.000852726 -0.000846287 -0.000839186 -0.00082961 -0.000820854 -0.000809926 -0.000796221 -0.000783721 -0.000774259 -0.000765998 -0.000758445 -0.000750994 -0.00074525 -0.000738309 -0.000732828 -0.000727572 -0.000722377 -0.000719676 -0.000717404 -0.000715856 -0.000714351 -0.000713026 -0.000711877 -0.000711008 -0.000709976 -0.000708547 -0.000707302 -0.000705576 -0.000703509 -0.000702013 -0.000700428 -0.000699045 -0.000696926 -0.00069461 -0.000692341 -0.000689219 -0.000685601 -0.000682205 -0.000677439 -0.000672337 -0.000668039 -0.000664084 -0.000659526 -0.000654057 -0.000649648 -0.000644712 -0.000640138 -0.000635665 -0.00063163 -0.000628535 -0.000624851 -0.000620794 -0.00061589 -0.000610921 -0.000605842 -0.000601057 -0.000597258 -0.000593433 -0.000589535 -0.000585666 -0.000582275 -0.000578385 -0.000574499 -0.000569006 -0.000563458 -0.000559448 -0.000555608 -0.000551991 -0.000548072 -0.000543826 -0.000540076 -0.000535945 -0.000531842 -0.000526889 -0.000521547 -0.000517714 -0.000513675 -0.000509908 -0.000505349 -0.00050182 -0.000498542 -0.00049452 -0.000491378 -0.000487707 -0.000484202 -0.0004814 -0.000478572 -0.000475345 -0.000472451 -0.000469872 -0.000466582 -0.000463957 -0.000460892 -0.000457689 -0.00045525 -0.000452264 -0.000448386 -0.000444502 -0.000441279 -0.000438218 -0.000435603 -0.000431802 -0.000428776 -0.00042584 -0.000422024 -0.00041812 -0.000414653 -0.000410343 -0.000405382 -0.000401242 -0.000396683 -0.000393705 -0.00038879 -0.000383981 -0.000380855 -0.000376919 -0.000372758 -0.000369356 -0.000366558 -0.000363274 -0.000359744 -0.000356489 -0.000353505 -0.000350162 -0.000347115 -0.000344549 -0.000341351 -0.000338829 -0.000335948 -0.000333127 -0.000330977 -0.000328538 -0.000325705 -0.000323425 -0.000321255 -0.000318965 -0.000317024 -0.000314272 -0.00031095 -0.000308237 -0.000304826 -0.000300929 -0.0002982 -0.000294774 -0.000291615 -0.000288912 -0.000286936 -0.00028396 -0.000281456 -0.00027899 -0.00027581 -0.000272678 -0.000269712 -0.000266591 -0.000264075 -0.000261976 -0.00026005 -0.000257453 -0.000255128 -0.000252843 -0.000250438 -0.000248166 -0.000245189 -0.000242692 -0.000240301 -0.000237472 -0.000233597 -0.000229647 -0.000226956 -0.000223227 -0.000219823 -0.000217841 -0.000214774 -0.000210787 -0.000207454 -0.000204621 -0.000200369 -0.000196513 -0.000193226 -0.000189867 -0.000186133 -0.000182137 -0.000178222 -0.000174063 -0.000170633 -0.00016729 -0.000163866 -0.000160473 -0.000158244 -0.000154821 -0.000151499 -0.0001488 -0.000145671 -0.000142992 -0.000140565 -0.000137487 -0.000134482 -0.000132476 -0.00012992 -0.000127086 -0.000122952 -0.000119358 -0.000116709 -0.00011188 -0.000107593 -0.000104478 -0.000100647 -9.6589e-05 -9.29027e-05 -8.81971e-05 -8.45162e-05 -8.06043e-05 -7.57746e-05 -7.16471e-05 -6.74211e-05 -6.3041e-05 -5.80379e-05 -5.35502e-05 -5.01057e-05 -4.56313e-05 -4.14622e-05 -3.78352e-05 -3.41684e-05 -3.00053e-05 -2.58217e-05 -2.15424e-05 -1.79701e-05 -1.39373e-05 -8.79642e-06 -5.45475e-06 -1.60378e-07 
-0.000301586 -0.000840734 -0.000991353 -0.000993618 -0.00100251 -0.00100707 -0.000996353 -0.000972821 -0.000940873 -0.000910512 -0.000896838 -0.000890969 -0.000887447 -0.000885575 -0.000882695 -0.000878854 -0.000873808 -0.000865619 -0.000858207 -0.000851511 -0.00084472 -0.000837807 -0.000827355 -0.000817961 -0.000808451 -0.000796386 -0.000785822 -0.000773743 -0.000764523 -0.0007579 -0.000751115 -0.000744735 -0.000737756 -0.000731796 -0.000725768 -0.000721782 -0.000718582 -0.000715684 -0.000713817 -0.000712471 -0.000711253 -0.000710567 -0.000709461 -0.000708297 -0.000707199 -0.000706211 -0.000704415 -0.000702879 -0.000700931 -0.000699363 -0.000697822 -0.000696219 -0.000694426 -0.000691714 -0.000687939 -0.000684915 -0.000681149 -0.000676386 -0.000672335 -0.000667675 -0.000662903 -0.000658945 -0.000653876 -0.000648813 -0.000643523 -0.000639603 -0.000635146 -0.000630967 -0.000627034 -0.000623278 -0.000619548 -0.000614769 -0.000610382 -0.000605317 -0.000600025 -0.000596611 -0.0005933 -0.00058871 -0.000585116 -0.000582 -0.000578303 -0.000574396 -0.000569344 -0.000563675 -0.000559682 -0.000556203 -0.000552472 -0.000547923 -0.00054339 -0.000540728 -0.000535636 -0.000530691 -0.000526801 -0.000522657 -0.000517595 -0.000512633 -0.000509352 -0.000505567 -0.000502318 -0.000498201 -0.000494041 -0.000491298 -0.000487576 -0.000484063 -0.000481708 -0.00047846 -0.000475167 -0.000472846 -0.000469777 -0.000466312 -0.00046408 -0.000460975 -0.000458041 -0.000455782 -0.000452393 -0.000448754 -0.000445715 -0.000442041 -0.000438301 -0.000435861 -0.0004328 -0.000429487 -0.000426874 -0.000423615 -0.000418556 -0.000414129 -0.000410314 -0.000405526 -0.000401992 -0.000397481 -0.000394026 -0.000389671 -0.000384788 -0.000380818 -0.000377149 -0.000373571 -0.00036951 -0.000366678 -0.000363335 -0.000359833 -0.000356994 -0.00035384 -0.000350567 -0.000347721 -0.000344553 -0.000341425 -0.000339497 -0.000336761 -0.000333409 -0.000331516 -0.000328719 -0.000325885 -0.000324001 -0.000321316 -0.000318565 -0.000316133 -0.000313716 -0.000310798 -0.000308104 -0.00030431 -0.000300896 -0.000298315 -0.000295365 -0.000292564 -0.000289431 -0.000287666 -0.000284628 -0.000281516 -0.000279065 -0.000276241 -0.000273324 -0.000270867 -0.000268021 -0.000265046 -0.000262197 -0.000260033 -0.000257986 -0.000255289 -0.000252704 -0.000250643 -0.000248165 -0.000245701 -0.000243083 -0.000240449 -0.000237577 -0.000233894 -0.000230115 -0.000227013 -0.00022311 -0.000220198 -0.000217888 -0.000214817 -0.000211334 -0.000207978 -0.00020493 -0.000200708 -0.000196249 -0.000193518 -0.000190064 -0.000185786 -0.0001821 -0.000178768 -0.000174877 -0.000170864 -0.000166743 -0.000163819 -0.000161121 -0.000158995 -0.000155948 -0.000152126 -0.000149063 -0.000146363 -0.000143387 -0.000140385 -0.000137699 -0.00013496 -0.000132855 -0.000130147 -0.000127273 -0.000123925 -0.000120427 -0.00011725 -0.000112728 -0.000108055 -0.00010496 -0.000100943 -9.68952e-05 -9.30988e-05 -8.8465e-05 -8.42029e-05 -8.04583e-05 -7.64431e-05 -7.29195e-05 -6.77577e-05 -6.29507e-05 -5.86066e-05 -5.39511e-05 -4.99586e-05 -4.58826e-05 -4.12536e-05 -3.69955e-05 -3.38156e-05 -2.96559e-05 -2.51995e-05 -2.08244e-05 -1.7677e-05 -1.35697e-05 -9.53596e-06 -5.70741e-06 7.42089e-07 
-0.000354745 -0.000888172 -0.000981013 -0.000973418 -0.000998666 -0.00100378 -0.000989327 -0.000965616 -0.000935555 -0.000910699 -0.000897151 -0.000888926 -0.00088531 -0.000882405 -0.00087812 -0.000874267 -0.000869561 -0.000863845 -0.000858232 -0.000850201 -0.000841508 -0.000835654 -0.000827869 -0.000819091 -0.000808932 -0.000795977 -0.000786099 -0.000775064 -0.000765202 -0.000757581 -0.000750823 -0.000744426 -0.000738173 -0.000731827 -0.000725121 -0.000720591 -0.000717228 -0.000714796 -0.000712984 -0.000711073 -0.000709931 -0.000708898 -0.000707701 -0.000707156 -0.000706249 -0.000704895 -0.00070307 -0.000702061 -0.000700117 -0.00069853 -0.000696886 -0.000695385 -0.000693838 -0.000690703 -0.00068774 -0.0006843 -0.000679753 -0.000675173 -0.000671627 -0.000667002 -0.00066262 -0.000658871 -0.000654132 -0.000649192 -0.000644142 -0.000638883 -0.000634038 -0.000630872 -0.000626715 -0.000622615 -0.000618796 -0.000613601 -0.000609244 -0.000604625 -0.000599156 -0.00059504 -0.000591754 -0.000588004 -0.000585132 -0.000581414 -0.000577056 -0.00057311 -0.000569315 -0.000564262 -0.000559369 -0.000555735 -0.000552069 -0.000548231 -0.000544245 -0.000541014 -0.000536045 -0.000531176 -0.000526843 -0.000522683 -0.000517563 -0.00051252 -0.000509444 -0.000505579 -0.000502368 -0.00049873 -0.00049427 -0.000491164 -0.000487912 -0.000484379 -0.000481479 -0.000478105 -0.000475104 -0.000472663 -0.00046943 -0.000466346 -0.000463996 -0.000461279 -0.000458305 -0.000455888 -0.000452469 -0.000449137 -0.00044616 -0.000442446 -0.000439192 -0.000436659 -0.000433833 -0.000430143 -0.000427245 -0.00042375 -0.000418984 -0.000414205 -0.000410303 -0.000405831 -0.000402591 -0.000397488 -0.000393054 -0.000389651 -0.000386106 -0.000381362 -0.000377384 -0.000374359 -0.000370571 -0.000366772 -0.000363092 -0.00035955 -0.000356913 -0.000353749 -0.00035114 -0.000348296 -0.000344829 -0.000341657 -0.000339685 -0.000336845 -0.000333796 -0.000331961 -0.00032845 -0.000325653 -0.000323725 -0.000321196 -0.000318516 -0.000316317 -0.000313959 -0.000311006 -0.000307924 -0.000304306 -0.000301441 -0.000298367 -0.000295451 -0.000292979 -0.000289926 -0.000287817 -0.000284555 -0.00028169 -0.000279503 -0.000277223 -0.000273972 -0.000271188 -0.000268546 -0.00026578 -0.000263332 -0.000260724 -0.000258339 -0.000255754 -0.000252891 -0.000250231 -0.000247816 -0.000246117 -0.000243728 -0.000240445 -0.000237312 -0.000233986 -0.000230868 -0.00022734 -0.000223703 -0.000220455 -0.000217892 -0.000214848 -0.000212256 -0.000207952 -0.000203678 -0.000200338 -0.000196831 -0.000193443 -0.000189545 -0.000185764 -0.000182485 -0.000178472 -0.000174044 -0.000170492 -0.000166939 -0.000164237 -0.000161437 -0.000159257 -0.000156452 -0.000152735 -0.000149139 -0.000146364 -0.000143426 -0.000140335 -0.000138279 -0.000135788 -0.000133054 -0.000129928 -0.000126977 -0.000124605 -0.000120678 -0.00011679 -0.000113038 -0.000109117 -0.000105406 -0.000101418 -9.79582e-05 -9.39652e-05 -8.89276e-05 -8.52981e-05 -8.07402e-05 -7.60611e-05 -7.26281e-05 -6.82903e-05 -6.32952e-05 -5.906e-05 -5.42085e-05 -4.94017e-05 -4.55882e-05 -4.14001e-05 -3.66712e-05 -3.26285e-05 -2.92044e-05 -2.50221e-05 -2.04947e-05 -1.64081e-05 -1.25842e-05 -9.64684e-06 -5.74333e-06 1.87784e-06 
-0.000328249 -0.000896121 -0.000987333 -0.000969012 -0.000993523 -0.00100209 -0.000991589 -0.000962814 -0.000936352 -0.000913641 -0.000897162 -0.000887148 -0.000882482 -0.000878848 -0.000874658 -0.000871604 -0.000867241 -0.000861166 -0.000856017 -0.00084894 -0.000841629 -0.000834757 -0.000827286 -0.000818388 -0.000807843 -0.000796179 -0.000785274 -0.000775066 -0.000765826 -0.000757602 -0.000751469 -0.000744713 -0.000737638 -0.000731879 -0.000726294 -0.0007209 -0.000716377 -0.000713741 -0.000711701 -0.000709639 -0.000708289 -0.000707488 -0.000706529 -0.000705884 -0.000704746 -0.000703382 -0.000701899 -0.000700891 -0.000698996 -0.000697718 -0.000696107 -0.000694642 -0.00069276 -0.000689927 -0.000687355 -0.000683555 -0.000678687 -0.000674933 -0.000670949 -0.000666768 -0.000663253 -0.000658658 -0.000653359 -0.000648798 -0.000644315 -0.00063903 -0.000634016 -0.000630822 -0.000625703 -0.000621609 -0.000618114 -0.000612751 -0.000607948 -0.000603768 -0.000598733 -0.000594097 -0.000590309 -0.000586843 -0.000584135 -0.000580514 -0.000577175 -0.000573144 -0.00056946 -0.000564635 -0.000559535 -0.00055539 -0.000551842 -0.000548904 -0.000545318 -0.000541068 -0.000536476 -0.000532407 -0.000527086 -0.000521754 -0.000517297 -0.000513013 -0.000510039 -0.000505623 -0.000502114 -0.000498819 -0.000495055 -0.000491153 -0.000488034 -0.000484536 -0.000481238 -0.000478147 -0.000475249 -0.000472631 -0.000469378 -0.000466885 -0.000464349 -0.000461294 -0.000458421 -0.000455577 -0.00045297 -0.000449872 -0.000446501 -0.000442956 -0.000439502 -0.000436452 -0.000434286 -0.000431146 -0.000427423 -0.000423333 -0.000419382 -0.000415216 -0.000410588 -0.000405434 -0.000402554 -0.00039801 -0.000393723 -0.000390348 -0.000386901 -0.000382514 -0.000377978 -0.000374913 -0.000370851 -0.000366354 -0.000362945 -0.000359869 -0.000356801 -0.00035379 -0.000350683 -0.000347995 -0.000345288 -0.000342873 -0.000340355 -0.000337308 -0.000334252 -0.000332183 -0.000328613 -0.00032565 -0.000323591 -0.000320999 -0.000319045 -0.000316789 -0.000313586 -0.000310269 -0.000307531 -0.000304591 -0.000301934 -0.000298548 -0.000295608 -0.000293224 -0.000290545 -0.000288125 -0.000284844 -0.000281978 -0.000279505 -0.00027712 -0.000274525 -0.000272159 -0.000269485 -0.000266604 -0.000264363 -0.000261087 -0.000258125 -0.000256009 -0.000253231 -0.000250585 -0.000248011 -0.000245906 -0.000243712 -0.000240821 -0.000237794 -0.000234166 -0.000230839 -0.000227447 -0.000224653 -0.000221639 -0.000218481 -0.000215122 -0.000212265 -0.000207617 -0.000203082 -0.000200342 -0.000196501 -0.000192575 -0.000189376 -0.000185709 -0.000182269 -0.00017781 -0.000173837 -0.000170691 -0.000167428 -0.000164805 -0.000161683 -0.000159134 -0.00015639 -0.0001535 -0.00014993 -0.000147058 -0.000143512 -0.000140503 -0.000138151 -0.000135229 -0.000132704 -0.000130189 -0.000127544 -0.00012464 -0.00012094 -0.000116613 -0.000112851 -0.00010942 -0.000105499 -0.000102184 -9.90491e-05 -9.45239e-05 -8.96724e-05 -8.59837e-05 -8.13908e-05 -7.65108e-05 -7.2579e-05 -6.80287e-05 -6.31962e-05 -5.85024e-05 -5.41001e-05 -4.94589e-05 -4.54353e-05 -4.11318e-05 -3.68631e-05 -3.20456e-05 -2.817e-05 -2.48416e-05 -2.06839e-05 -1.61638e-05 -1.2231e-05 -9.66651e-06 -5.48506e-06 1.87194e-06 
-0.000318409 -0.000875788 -0.000976858 -0.00096277 -0.000999176 -0.00100535 -0.000989383 -0.000963097 -0.000932579 -0.00090944 -0.000894863 -0.000886742 -0.000881631 -0.000876512 -0.000872096 -0.000868949 -0.000864421 -0.000858049 -0.000853666 -0.000847967 -0.00084118 -0.000833896 -0.000826527 -0.000817243 -0.000808203 -0.000799347 -0.000788155 -0.00077617 -0.000766954 -0.000757997 -0.000752497 -0.000745554 -0.000738369 -0.000732342 -0.000726431 -0.000720555 -0.000715233 -0.000712073 -0.000709913 -0.000708256 -0.000707289 -0.000706403 -0.000705394 -0.000704511 -0.000703255 -0.00070229 -0.000701303 -0.000699965 -0.000698164 -0.000697142 -0.000695736 -0.000693884 -0.000691371 -0.000688934 -0.000686018 -0.000681653 -0.000677517 -0.000674502 -0.000669825 -0.00066584 -0.000662631 -0.000658236 -0.000654067 -0.0006488 -0.000644034 -0.000639212 -0.000634274 -0.000630576 -0.000625409 -0.000620952 -0.000617662 -0.000612242 -0.00060688 -0.000602464 -0.000597788 -0.000593917 -0.000590174 -0.000586131 -0.00058341 -0.000580148 -0.000576562 -0.000571706 -0.000567712 -0.000563588 -0.000559965 -0.000555889 -0.000551882 -0.000549019 -0.000545699 -0.000540709 -0.000536376 -0.00053195 -0.00052684 -0.000522075 -0.000518284 -0.000513615 -0.000509913 -0.000506221 -0.000502162 -0.000499089 -0.0004958 -0.000491818 -0.000488329 -0.000484991 -0.000481827 -0.000478501 -0.000475057 -0.000472317 -0.000469806 -0.000467439 -0.000464394 -0.000461346 -0.000458843 -0.000456186 -0.000453671 -0.000450276 -0.000446956 -0.000443998 -0.000440405 -0.0004368 -0.000434729 -0.000432001 -0.00042798 -0.00042354 -0.000419158 -0.000415372 -0.000410496 -0.000405616 -0.000401876 -0.000398287 -0.000394884 -0.000391067 -0.000386452 -0.000382859 -0.000378608 -0.000375083 -0.000370755 -0.000366885 -0.000363324 -0.000360036 -0.00035669 -0.000354144 -0.000350942 -0.000347716 -0.000345462 -0.000342686 -0.000340103 -0.000337618 -0.000334942 -0.000332114 -0.000329041 -0.000326435 -0.000323631 -0.000320723 -0.000318767 -0.000316532 -0.000313102 -0.000310336 -0.000307629 -0.000304735 -0.000302056 -0.000299279 -0.000297005 -0.000294528 -0.000291076 -0.000287954 -0.000285296 -0.000282747 -0.000279905 -0.00027662 -0.000274433 -0.000272557 -0.000269997 -0.000267235 -0.000265131 -0.000261877 -0.000258516 -0.00025633 -0.000253416 -0.000250586 -0.000248504 -0.000246463 -0.000243368 -0.000240404 -0.000238181 -0.000234842 -0.000230936 -0.000227371 -0.000224978 -0.000222043 -0.000219119 -0.000215444 -0.000212123 -0.000207861 -0.000203338 -0.000200042 -0.000196122 -0.000192339 -0.000189689 -0.000185521 -0.000181426 -0.00017742 -0.000174424 -0.000170733 -0.000166791 -0.000164392 -0.00016202 -0.00015946 -0.000156362 -0.000153808 -0.000150481 -0.000147148 -0.000143957 -0.000141117 -0.000138144 -0.000134631 -0.000132305 -0.00013053 -0.000127412 -0.000123879 -0.000120684 -0.000117157 -0.000112607 -0.000108931 -0.000105729 -0.000102578 -9.94397e-05 -9.54117e-05 -9.08432e-05 -8.65034e-05 -8.19063e-05 -7.75133e-05 -7.2696e-05 -6.74945e-05 -6.3403e-05 -5.87348e-05 -5.46764e-05 -5.04029e-05 -4.50143e-05 -4.03134e-05 -3.73186e-05 -3.23608e-05 -2.82737e-05 -2.44128e-05 -2.08397e-05 -1.64379e-05 -1.23769e-05 -9.21803e-06 -5.27025e-06 4.25515e-07 
-0.000318409 -0.000881262 -0.00100188 -0.000983265 -0.00100321 -0.00100188 -0.000982856 -0.000962112 -0.000934047 -0.000913732 -0.000895923 -0.000886474 -0.00088134 -0.000876883 -0.000872686 -0.000867304 -0.000863098 -0.00085859 -0.000853619 -0.000849016 -0.000842107 -0.000833152 -0.000827092 -0.000816981 -0.000808198 -0.000800959 -0.000788645 -0.000776814 -0.000767719 -0.000759698 -0.000752506 -0.000746398 -0.000740446 -0.000732869 -0.000725227 -0.000720162 -0.000715453 -0.000711526 -0.000709129 -0.000707167 -0.000705788 -0.000704946 -0.000704305 -0.000703356 -0.00070215 -0.000701315 -0.000700221 -0.000698773 -0.000697331 -0.000696408 -0.000694629 -0.000692774 -0.000690736 -0.000687597 -0.000684125 -0.000680446 -0.000677021 -0.000674063 -0.000669623 -0.000665914 -0.000661342 -0.00065745 -0.000653757 -0.000647456 -0.000642642 -0.000638441 -0.000634127 -0.000630173 -0.000625765 -0.000620703 -0.000616484 -0.000611868 -0.000607105 -0.000601814 -0.000596666 -0.000593538 -0.000589239 -0.000584827 -0.000582042 -0.000578479 -0.000574895 -0.000571329 -0.00056772 -0.000563691 -0.000559668 -0.000555666 -0.000551832 -0.000548066 -0.000544926 -0.00054115 -0.000537033 -0.000531835 -0.000526615 -0.000522333 -0.000518163 -0.000513541 -0.000509575 -0.00050673 -0.000503412 -0.000499693 -0.000496698 -0.000492955 -0.000488254 -0.00048484 -0.000481847 -0.000478312 -0.000475231 -0.000472774 -0.000470039 -0.000467446 -0.000464636 -0.000461889 -0.000459287 -0.000456861 -0.000454149 -0.000450721 -0.000447862 -0.000444562 -0.000440938 -0.000437222 -0.000434731 -0.000431179 -0.000427881 -0.000424157 -0.000419095 -0.000414739 -0.000410546 -0.000406663 -0.000401905 -0.000398054 -0.00039536 -0.00039118 -0.000386798 -0.000383902 -0.000379925 -0.000375098 -0.000371077 -0.000368113 -0.000364505 -0.000360366 -0.000356696 -0.000354211 -0.000351048 -0.000348405 -0.000345536 -0.000342183 -0.000339702 -0.000337738 -0.000334667 -0.00033164 -0.000328988 -0.000326427 -0.000323783 -0.000321192 -0.000319281 -0.00031675 -0.000313664 -0.000310838 -0.000308121 -0.000305014 -0.000301997 -0.000299611 -0.000297493 -0.000294794 -0.000291801 -0.000288463 -0.000285486 -0.000282712 -0.000279828 -0.00027693 -0.000274982 -0.000272507 -0.000269789 -0.000267149 -0.000265025 -0.000262455 -0.000259369 -0.000256668 -0.000253422 -0.000250591 -0.00024856 -0.000246112 -0.000243391 -0.000240416 -0.000238059 -0.000235047 -0.0002317 -0.000227964 -0.000225363 -0.000222118 -0.000219231 -0.000215858 -0.000212338 -0.000207995 -0.00020363 -0.000199026 -0.00019547 -0.000192182 -0.0001895 -0.000185914 -0.000182252 -0.000178275 -0.0001748 -0.000170957 -0.000167075 -0.000164936 -0.000162411 -0.000159306 -0.000156155 -0.000153856 -0.000150026 -0.000146377 -0.000143202 -0.000140302 -0.000137268 -0.000134243 -0.000132151 -0.000129947 -0.000126896 -0.000123622 -0.000120721 -0.000117297 -0.000113029 -0.00010946 -0.000106399 -0.000103341 -9.99167e-05 -9.68052e-05 -9.20942e-05 -8.71117e-05 -8.15103e-05 -7.7265e-05 -7.3051e-05 -6.82763e-05 -6.38066e-05 -5.89538e-05 -5.39704e-05 -5.02084e-05 -4.59753e-05 -4.13726e-05 -3.81058e-05 -3.38075e-05 -2.94038e-05 -2.45831e-05 -2.04694e-05 -1.66913e-05 -1.33305e-05 -9.11142e-06 -3.77494e-06 1.29217e-06 
-0.000318409 -0.000892339 -0.00101934 -0.000990649 -0.00101167 -0.0010076 -0.000985256 -0.000957365 -0.000932999 -0.000914154 -0.000899769 -0.000889546 -0.000882819 -0.000878206 -0.000874327 -0.000868919 -0.000864508 -0.000858912 -0.000853209 -0.000847837 -0.000841634 -0.000833717 -0.000827041 -0.000817187 -0.000807456 -0.000799775 -0.000788486 -0.000777983 -0.000770238 -0.000761158 -0.000752367 -0.000745719 -0.00073983 -0.000732094 -0.000725291 -0.000719865 -0.000714427 -0.000709942 -0.000707134 -0.000705343 -0.000704348 -0.000703463 -0.000703021 -0.000702021 -0.000701242 -0.000700163 -0.000699121 -0.000697955 -0.000696958 -0.000695467 -0.000693678 -0.000691878 -0.000689778 -0.000686263 -0.000682522 -0.000679465 -0.000676481 -0.000672716 -0.000668541 -0.000665453 -0.000661001 -0.000656753 -0.000653102 -0.000647499 -0.000643111 -0.000638658 -0.000633875 -0.000629181 -0.000625259 -0.000620267 -0.000615324 -0.000610657 -0.000606771 -0.000601981 -0.000596529 -0.000592954 -0.000589397 -0.000585857 -0.000581948 -0.000578199 -0.000574217 -0.000570729 -0.000567846 -0.000563346 -0.000558551 -0.000554554 -0.000551332 -0.000547479 -0.000543986 -0.000540554 -0.00053682 -0.000532172 -0.000527205 -0.000522578 -0.00051794 -0.000514085 -0.000510365 -0.000507504 -0.000504281 -0.000499728 -0.000496014 -0.000492964 -0.000488959 -0.000485938 -0.000482107 -0.000478153 -0.00047563 -0.000472803 -0.000469879 -0.000467525 -0.000465431 -0.000462828 -0.000460372 -0.000457077 -0.000454184 -0.000451345 -0.000448051 -0.000444376 -0.000441427 -0.000438443 -0.000435278 -0.000430766 -0.000426883 -0.000424036 -0.000419246 -0.000414467 -0.000410423 -0.000407303 -0.000402608 -0.000399162 -0.000395969 -0.000391385 -0.000387004 -0.000383666 -0.00037981 -0.000375638 -0.000371612 -0.000368362 -0.000364313 -0.000360703 -0.0003576 -0.000354029 -0.000350629 -0.000348203 -0.000345388 -0.00034248 -0.000340172 -0.000337802 -0.000334564 -0.000331549 -0.00032891 -0.000326044 -0.000323705 -0.000321558 -0.000319449 -0.000316661 -0.000313654 -0.000311156 -0.000307562 -0.00030488 -0.000302981 -0.000300622 -0.000297516 -0.000294705 -0.000292332 -0.000289307 -0.000286059 -0.000282723 -0.000279503 -0.000276759 -0.000274888 -0.000272185 -0.00026979 -0.00026765 -0.000265346 -0.000262818 -0.000259746 -0.000256507 -0.00025386 -0.000251409 -0.00024871 -0.000245851 -0.000243664 -0.000240879 -0.000237782 -0.00023457 -0.00023196 -0.000228252 -0.000225473 -0.000222743 -0.000219987 -0.000216676 -0.000212801 -0.000207663 -0.000203486 -0.00019882 -0.000196017 -0.000192745 -0.000189488 -0.000186408 -0.000183279 -0.000179065 -0.000174579 -0.000171229 -0.000167567 -0.000165101 -0.00016209 -0.000159527 -0.000156191 -0.00015328 -0.000149836 -0.000146885 -0.000143664 -0.000140275 -0.00013711 -0.000134603 -0.00013198 -0.000129035 -0.000126595 -0.000124129 -0.000120484 -0.000116514 -0.000112818 -0.000109798 -0.000106517 -0.000103652 -0.000100831 -9.70917e-05 -9.21897e-05 -8.77372e-05 -8.25628e-05 -7.79514e-05 -7.39703e-05 -6.90114e-05 -6.36779e-05 -5.93277e-05 -5.43861e-05 -5.04031e-05 -4.65387e-05 -4.15153e-05 -3.77729e-05 -3.33465e-05 -2.9658e-05 -2.58735e-05 -2.09341e-05 -1.65718e-05 -1.31299e-05 -8.92741e-06 -4.76019e-06 1.23704e-07 
-0.000310563 -0.00088454 -0.00101645 -0.000991143 -0.00101934 -0.00101866 -0.000993921 -0.000962673 -0.000932196 -0.0009152 -0.000902863 -0.000893864 -0.000887999 -0.000882269 -0.000876126 -0.000870582 -0.000865107 -0.000859886 -0.000854827 -0.000848605 -0.000842508 -0.000834556 -0.000827671 -0.000818442 -0.000807533 -0.000796774 -0.000787899 -0.00077844 -0.000768786 -0.000760475 -0.000753565 -0.000746348 -0.00073905 -0.000731648 -0.000724615 -0.000718289 -0.000712961 -0.000708818 -0.000705985 -0.000704206 -0.000703359 -0.000702502 -0.000701854 -0.000700699 -0.000700019 -0.000699144 -0.00069811 -0.000697173 -0.00069614 -0.000694478 -0.000692959 -0.000691094 -0.000688456 -0.000685039 -0.000681892 -0.000679161 -0.000675703 -0.000671773 -0.000668296 -0.000665161 -0.000661039 -0.000656489 -0.000651265 -0.000646498 -0.000642778 -0.000638001 -0.000632942 -0.000628922 -0.000624988 -0.000619817 -0.000615559 -0.00061057 -0.000605897 -0.000601865 -0.000596744 -0.000592709 -0.000589122 -0.000585776 -0.000581651 -0.000577763 -0.000574343 -0.000570702 -0.000566795 -0.000562755 -0.000558876 -0.000554689 -0.000550707 -0.000546947 -0.000543171 -0.000538934 -0.000535239 -0.000531186 -0.000526827 -0.000523044 -0.000518253 -0.000514531 -0.000510753 -0.000507327 -0.000504018 -0.000500451 -0.000496535 -0.000493444 -0.000489669 -0.000486092 -0.000482257 -0.000478226 -0.000475763 -0.00047238 -0.000469876 -0.000467818 -0.000465325 -0.000462672 -0.000460466 -0.000457803 -0.000455209 -0.000452461 -0.000449253 -0.000445138 -0.000441507 -0.00043813 -0.000435048 -0.000431471 -0.000427382 -0.000423737 -0.000419756 -0.000415061 -0.000410676 -0.000407565 -0.00040308 -0.000399126 -0.000395717 -0.000392136 -0.000388217 -0.000383518 -0.000379527 -0.00037617 -0.000372629 -0.000369148 -0.000364548 -0.000361317 -0.000358228 -0.000354135 -0.00035046 -0.000347985 -0.000344957 -0.000342846 -0.000339965 -0.000337021 -0.000334454 -0.000332305 -0.000329316 -0.000325985 -0.000324337 -0.000321928 -0.000319258 -0.000316924 -0.000314 -0.000311133 -0.00030777 -0.000305139 -0.00030326 -0.000300954 -0.000297824 -0.000294757 -0.000292434 -0.000289776 -0.000286791 -0.000283534 -0.000280589 -0.000277065 -0.000274494 -0.000271909 -0.000270106 -0.000268096 -0.000265176 -0.000262426 -0.000259974 -0.000256649 -0.000254307 -0.000251623 -0.000248752 -0.000246129 -0.000243792 -0.000241304 -0.000237808 -0.000234587 -0.000232207 -0.00022833 -0.000225097 -0.00022271 -0.000219598 -0.000216276 -0.000212638 -0.000208104 -0.000204721 -0.000200006 -0.00019619 -0.000193529 -0.000190093 -0.000186471 -0.000183486 -0.000179796 -0.000175169 -0.000172279 -0.000168622 -0.000164842 -0.000161941 -0.000159441 -0.000155908 -0.000152751 -0.000149638 -0.000147114 -0.000144127 -0.000139777 -0.000136601 -0.000133787 -0.000131544 -0.000129081 -0.000127005 -0.000124465 -0.000120463 -0.000116684 -0.000113241 -0.000110258 -0.000106552 -0.000103181 -0.000100597 -9.7295e-05 -9.25512e-05 -8.87062e-05 -8.37821e-05 -7.79422e-05 -7.38628e-05 -6.95722e-05 -6.44794e-05 -5.99918e-05 -5.45943e-05 -5.01903e-05 -4.63245e-05 -4.30354e-05 -3.88294e-05 -3.42525e-05 -2.98721e-05 -2.64884e-05 -2.15273e-05 -1.67738e-05 -1.275e-05 -9.23358e-06 -5.7036e-06 1.94432e-07 
-0.000310563 -0.000901031 -0.00103989 -0.00101035 -0.00102948 -0.00101824 -0.00099633 -0.000967568 -0.000937859 -0.000919457 -0.000903695 -0.000895653 -0.000892466 -0.000887331 -0.000880755 -0.000874635 -0.000867094 -0.00086037 -0.000855859 -0.000850083 -0.000843288 -0.000834214 -0.000826367 -0.000816648 -0.00080847 -0.000798337 -0.000789004 -0.000779109 -0.000766692 -0.000758595 -0.000751818 -0.000744561 -0.00073778 -0.000731292 -0.000724577 -0.000717513 -0.00071179 -0.000707657 -0.00070482 -0.000703027 -0.000701943 -0.000701108 -0.000700474 -0.000699643 -0.000699054 -0.000698124 -0.000696862 -0.000695817 -0.000694869 -0.000693628 -0.000692232 -0.00069007 -0.000687025 -0.000683896 -0.000681034 -0.000677999 -0.000675348 -0.000672036 -0.00066868 -0.00066453 -0.000660082 -0.000655946 -0.000651395 -0.000646577 -0.000642275 -0.000637423 -0.000633247 -0.000629525 -0.000624781 -0.000618976 -0.000615563 -0.00061059 -0.000605505 -0.0006025 -0.000597596 -0.000593564 -0.000589681 -0.000585584 -0.000581784 -0.00057796 -0.000574357 -0.000570285 -0.00056578 -0.000562617 -0.000559025 -0.000554043 -0.00054942 -0.000545254 -0.000542475 -0.000538972 -0.000535514 -0.000531707 -0.000527102 -0.000523155 -0.000518398 -0.000514334 -0.000510519 -0.000507291 -0.000503962 -0.00050125 -0.000497342 -0.000493974 -0.000489698 -0.000485846 -0.000482585 -0.000479023 -0.000475882 -0.000472696 -0.000470388 -0.000468207 -0.000465493 -0.000462927 -0.000460805 -0.000458253 -0.000455678 -0.000452662 -0.000449512 -0.000446198 -0.000442579 -0.000438574 -0.000435394 -0.000431937 -0.000427482 -0.000422795 -0.000419145 -0.000415829 -0.000411492 -0.000408079 -0.000403638 -0.000399132 -0.000395493 -0.000391849 -0.000388135 -0.000383838 -0.000379938 -0.000375849 -0.000372363 -0.000368833 -0.000365443 -0.000361795 -0.000358229 -0.000354477 -0.000351032 -0.000348207 -0.000345331 -0.000342904 -0.000339844 -0.000336884 -0.000334355 -0.000332185 -0.000329356 -0.000326195 -0.000324439 -0.000321987 -0.000319654 -0.000317513 -0.000314065 -0.00031083 -0.000308182 -0.000305519 -0.000302926 -0.000300574 -0.000298156 -0.000295938 -0.000293416 -0.000289869 -0.000286398 -0.000283522 -0.000280905 -0.000277778 -0.000274761 -0.00027207 -0.000269787 -0.000267683 -0.000265147 -0.000262644 -0.000260505 -0.000257505 -0.000254392 -0.00025176 -0.000249005 -0.000246181 -0.00024315 -0.000240875 -0.000237844 -0.0002346 -0.00023238 -0.000228679 -0.000225256 -0.000222801 -0.000219371 -0.000215995 -0.000213022 -0.000209097 -0.000205567 -0.000200744 -0.000196214 -0.000193369 -0.000190753 -0.000187562 -0.000184084 -0.000181226 -0.000176454 -0.000172654 -0.000169147 -0.000165028 -0.000161898 -0.000159208 -0.000155723 -0.000152731 -0.000149542 -0.000146575 -0.000143332 -0.000140036 -0.00013737 -0.000134518 -0.000131597 -0.000129164 -0.000126546 -0.000123825 -0.000120799 -0.000117637 -0.00011364 -0.000109637 -0.000106568 -0.000103546 -0.000100833 -9.74404e-05 -9.25252e-05 -8.83704e-05 -8.41563e-05 -7.91839e-05 -7.49177e-05 -7.09079e-05 -6.62178e-05 -6.05821e-05 -5.50812e-05 -5.12342e-05 -4.74996e-05 -4.33648e-05 -3.88161e-05 -3.47218e-05 -3.00907e-05 -2.65495e-05 -2.23957e-05 -1.76998e-05 -1.29948e-05 -9.21119e-06 -5.62791e-06 9.75452e-07 
-0.000310563 -0.000901522 -0.00105634 -0.00102325 -0.00103413 -0.00102142 -0.000993569 -0.000960521 -0.000934479 -0.000918783 -0.000905247 -0.000898476 -0.000895148 -0.000889338 -0.000882228 -0.000876992 -0.000869381 -0.000862024 -0.000856085 -0.000849166 -0.000843912 -0.000835337 -0.000825658 -0.000816645 -0.000808355 -0.00079847 -0.000786589 -0.000776928 -0.000766017 -0.000759365 -0.000751192 -0.000742748 -0.000736387 -0.000730005 -0.000723778 -0.000717786 -0.000711964 -0.000706767 -0.000703522 -0.000702056 -0.000700867 -0.000699992 -0.000699238 -0.00069841 -0.000697726 -0.000696844 -0.000695579 -0.000694684 -0.000693655 -0.00069238 -0.000690964 -0.00068917 -0.000686939 -0.000683905 -0.000680644 -0.00067749 -0.000674582 -0.000671595 -0.000668536 -0.000663489 -0.000659551 -0.00065581 -0.000651459 -0.000646784 -0.000641416 -0.000637125 -0.000633158 -0.000629215 -0.000623741 -0.000618775 -0.000615607 -0.000610765 -0.00060571 -0.000602776 -0.000598213 -0.000594118 -0.000590099 -0.000585997 -0.000582666 -0.000578222 -0.000573788 -0.000569536 -0.000565777 -0.000562144 -0.000558365 -0.000553805 -0.000549738 -0.000545985 -0.000541752 -0.000538496 -0.000534624 -0.000531213 -0.000527263 -0.000523514 -0.000518599 -0.00051515 -0.000511507 -0.000507733 -0.000503994 -0.000501353 -0.000497583 -0.000493716 -0.00049034 -0.000486463 -0.000483671 -0.000479918 -0.000475904 -0.000472704 -0.000470623 -0.000467967 -0.00046574 -0.000463855 -0.000461565 -0.000458617 -0.000456091 -0.000452578 -0.000449528 -0.000446627 -0.000443199 -0.000439834 -0.000436122 -0.000431666 -0.000427298 -0.000422841 -0.00041977 -0.000416056 -0.000411793 -0.000407578 -0.000404272 -0.000400187 -0.000395939 -0.000391725 -0.00038722 -0.000383185 -0.000380413 -0.00037639 -0.000372969 -0.00036944 -0.000365794 -0.000361732 -0.000357699 -0.000354247 -0.000351025 -0.000347969 -0.000345228 -0.000343158 -0.000340371 -0.000338098 -0.000334848 -0.000331723 -0.000329504 -0.000326786 -0.000324467 -0.000321953 -0.000319781 -0.000317343 -0.000314295 -0.000311023 -0.00030871 -0.000306054 -0.000302767 -0.000300244 -0.000298176 -0.000295842 -0.00029325 -0.000290452 -0.000287517 -0.000284128 -0.000281084 -0.000278313 -0.000275363 -0.000272831 -0.000270011 -0.000267437 -0.000265141 -0.000262766 -0.000260777 -0.000257482 -0.000254383 -0.000251921 -0.000249779 -0.000246829 -0.000243486 -0.000241153 -0.00023805 -0.000234486 -0.000232218 -0.00022874 -0.000225285 -0.000222214 -0.000219059 -0.000216607 -0.000213333 -0.000208933 -0.000205511 -0.000201383 -0.000197121 -0.00019388 -0.000190985 -0.000188452 -0.000185084 -0.000181715 -0.000176921 -0.000172279 -0.00016909 -0.000165596 -0.000162389 -0.000159069 -0.000155306 -0.00015253 -0.000149886 -0.000147114 -0.000143416 -0.000140276 -0.000137492 -0.000134684 -0.00013208 -0.000129676 -0.00012646 -0.00012351 -0.000120574 -0.000117765 -0.000114113 -0.000110058 -0.000106621 -0.000103982 -0.000100794 -9.70122e-05 -9.28458e-05 -8.87437e-05 -8.49025e-05 -8.10386e-05 -7.62175e-05 -7.16008e-05 -6.70638e-05 -6.10441e-05 -5.55548e-05 -5.1443e-05 -4.70765e-05 -4.29756e-05 -3.89701e-05 -3.54252e-05 -3.07167e-05 -2.61658e-05 -2.20491e-05 -1.82894e-05 -1.38991e-05 -9.48732e-06 -4.96007e-06 2.039e-06 
-0.000305802 -0.000880928 -0.00105215 -0.00103678 -0.00105018 -0.00103474 -0.00100474 -0.0009639 -0.000931099 -0.000914299 -0.000905193 -0.000900302 -0.000898139 -0.000893899 -0.000885994 -0.000878435 -0.000870372 -0.000864328 -0.000856787 -0.000848654 -0.000843476 -0.000835956 -0.000825718 -0.000815915 -0.000808071 -0.000798159 -0.000786005 -0.000777822 -0.000766947 -0.000759184 -0.00075124 -0.000743799 -0.000736945 -0.000729057 -0.000722601 -0.000717225 -0.000711201 -0.000706894 -0.000703544 -0.000701095 -0.000699869 -0.000699311 -0.000698521 -0.00069774 -0.000696801 -0.000695773 -0.000694531 -0.000693559 -0.000692524 -0.000691477 -0.000690235 -0.000688532 -0.000686174 -0.000683214 -0.000680231 -0.000677395 -0.000674022 -0.000670596 -0.000667699 -0.000663744 -0.00066009 -0.000655298 -0.000650435 -0.000646244 -0.000641855 -0.000638149 -0.000633731 -0.000628994 -0.000623663 -0.000618716 -0.000615139 -0.000610585 -0.000606359 -0.000603245 -0.000598261 -0.00059416 -0.000590576 -0.000586685 -0.000582696 -0.000578354 -0.000574241 -0.000569964 -0.000565912 -0.000561586 -0.000556867 -0.000553319 -0.000550511 -0.000546116 -0.000541634 -0.000538136 -0.000534764 -0.000531655 -0.000528256 -0.000523808 -0.00051875 -0.000515401 -0.000511171 -0.000507268 -0.000504113 -0.00050112 -0.000497257 -0.000493871 -0.000491055 -0.000487338 -0.000483798 -0.000480332 -0.000476945 -0.000473861 -0.000470886 -0.000468141 -0.000465941 -0.00046428 -0.000461687 -0.000458702 -0.000456781 -0.000453606 -0.000450798 -0.000447365 -0.000443742 -0.000440114 -0.000435849 -0.000431524 -0.000428113 -0.000423852 -0.000420013 -0.000415881 -0.000412353 -0.000408336 -0.000404461 -0.000399998 -0.000395057 -0.000391252 -0.000387105 -0.000383257 -0.000380462 -0.000376752 -0.00037338 -0.000369399 -0.000365361 -0.000361946 -0.000357834 -0.000354393 -0.000350908 -0.000348005 -0.000345738 -0.00034309 -0.000340763 -0.000338576 -0.000335644 -0.000332087 -0.000329856 -0.000326924 -0.000324327 -0.000321989 -0.000319569 -0.000316934 -0.00031441 -0.000310936 -0.000307986 -0.000305736 -0.0003029 -0.000301116 -0.000298544 -0.000295495 -0.000293113 -0.000290465 -0.000287631 -0.000284306 -0.000281018 -0.000277736 -0.000275267 -0.000273284 -0.000270399 -0.000267881 -0.000265261 -0.000262381 -0.000260222 -0.00025742 -0.000254695 -0.000252284 -0.00024962 -0.000247106 -0.000244212 -0.000241514 -0.000238028 -0.000234615 -0.00023134 -0.000227953 -0.000225282 -0.000221781 -0.000218676 -0.000216258 -0.000212929 -0.000209529 -0.000205758 -0.000202392 -0.000198489 -0.00019481 -0.000191089 -0.000188813 -0.000185227 -0.000181643 -0.000177823 -0.000173182 -0.00016999 -0.00016569 -0.000161712 -0.00015878 -0.000155735 -0.000152832 -0.000149751 -0.000147328 -0.000144274 -0.000141044 -0.000137409 -0.000133796 -0.000131378 -0.000129257 -0.00012649 -0.000123952 -0.000120338 -0.0001174 -0.000114318 -0.00011047 -0.000106705 -0.000102871 -9.98483e-05 -9.68863e-05 -9.37734e-05 -8.87856e-05 -8.46458e-05 -8.10059e-05 -7.69881e-05 -7.25855e-05 -6.78698e-05 -6.23797e-05 -5.75783e-05 -5.27865e-05 -4.71473e-05 -4.32687e-05 -3.92901e-05 -3.5626e-05 -3.11793e-05 -2.62168e-05 -2.18898e-05 -1.8126e-05 -1.43859e-05 -1.04343e-05 -5.22923e-06 5.89952e-07 
-0.000444017 -0.000923739 -0.00103636 -0.00104858 -0.00106397 -0.00104258 -0.00101165 -0.000969376 -0.000932257 -0.000911166 -0.000900956 -0.000898485 -0.000899817 -0.000897731 -0.000890217 -0.000880649 -0.00087129 -0.000864149 -0.000856541 -0.000849296 -0.000841784 -0.000833309 -0.000824676 -0.000815789 -0.000806655 -0.000796783 -0.00078623 -0.000779329 -0.000768103 -0.000758208 -0.000750506 -0.000744462 -0.000737658 -0.000730479 -0.000724633 -0.000716872 -0.000710835 -0.000706356 -0.000703138 -0.00070086 -0.000699658 -0.000698756 -0.000697847 -0.00069697 -0.000695905 -0.000694821 -0.000693812 -0.000692996 -0.000691843 -0.000690663 -0.000689055 -0.000687484 -0.000685172 -0.000682518 -0.000679798 -0.000676656 -0.000673404 -0.000670432 -0.000667354 -0.000663319 -0.000660103 -0.00065574 -0.00065071 -0.00064679 -0.000642477 -0.000637368 -0.00063295 -0.000628556 -0.000623713 -0.000618359 -0.000614193 -0.000610265 -0.000606408 -0.000603269 -0.000598923 -0.000594548 -0.000591267 -0.00058708 -0.000581751 -0.000577931 -0.000573683 -0.000568852 -0.000564562 -0.000560971 -0.000556722 -0.000553658 -0.000550763 -0.000546593 -0.000542604 -0.000539187 -0.000535651 -0.000531758 -0.000527772 -0.000524457 -0.000519617 -0.000515701 -0.000511254 -0.000507501 -0.00050427 -0.000500635 -0.000497242 -0.000494039 -0.000491373 -0.000487848 -0.000483932 -0.000480783 -0.000478203 -0.000474874 -0.000471459 -0.000468866 -0.000466759 -0.000464554 -0.000461772 -0.000458836 -0.000456838 -0.000454004 -0.00045111 -0.000448218 -0.000444725 -0.000440287 -0.000436071 -0.000431472 -0.000428111 -0.000423963 -0.000419633 -0.000416049 -0.000413219 -0.000408439 -0.000403933 -0.000399907 -0.000395233 -0.000391279 -0.000387686 -0.000383335 -0.000380379 -0.000376384 -0.000373211 -0.00036965 -0.000365963 -0.0003619 -0.000357715 -0.00035397 -0.000350825 -0.000348611 -0.00034637 -0.000343428 -0.000340465 -0.000338291 -0.000335723 -0.000332655 -0.000329899 -0.00032692 -0.000324708 -0.000322608 -0.000319651 -0.000316481 -0.000314306 -0.000310935 -0.000307899 -0.000305293 -0.000302566 -0.000300733 -0.000298479 -0.000295893 -0.000293577 -0.000290104 -0.000286773 -0.000283709 -0.000281023 -0.0002782 -0.000275547 -0.000272943 -0.00026993 -0.000267396 -0.000264846 -0.000262164 -0.00025975 -0.000257612 -0.000255398 -0.00025269 -0.000249478 -0.000247064 -0.000244146 -0.000240949 -0.000237992 -0.000234887 -0.000231148 -0.000227394 -0.000225022 -0.000221676 -0.000218236 -0.000215365 -0.000212341 -0.000209675 -0.000205775 -0.000201983 -0.000198673 -0.000194825 -0.000191361 -0.000189332 -0.000185851 -0.000181872 -0.000179096 -0.000174417 -0.000170424 -0.000166026 -0.000161898 -0.000158703 -0.000156056 -0.000152988 -0.000149411 -0.000146917 -0.000144079 -0.00014094 -0.000137809 -0.000134117 -0.000131769 -0.000129081 -0.000125714 -0.000123654 -0.000120337 -0.000117251 -0.000114336 -0.000111031 -0.000107174 -0.000102811 -9.92074e-05 -9.6616e-05 -9.39206e-05 -8.97112e-05 -8.57368e-05 -8.13785e-05 -7.7693e-05 -7.36013e-05 -6.83436e-05 -6.28712e-05 -5.8003e-05 -5.27641e-05 -4.8245e-05 -4.43683e-05 -3.96932e-05 -3.49366e-05 -3.09329e-05 -2.73618e-05 -2.34064e-05 -1.86003e-05 -1.50822e-05 -1.09626e-05 -4.79001e-06 1.30248e-06 
-0.000399533 -0.000926894 -0.00104306 -0.00107333 -0.00107295 -0.00105106 -0.00101236 -0.00096763 -0.000937748 -0.000907691 -0.000896379 -0.000897274 -0.000898004 -0.000896744 -0.000890984 -0.000882103 -0.000874202 -0.000865163 -0.000857354 -0.000849383 -0.000841093 -0.000830646 -0.000820714 -0.000814606 -0.000805156 -0.00079691 -0.000787191 -0.000779559 -0.000769275 -0.000759095 -0.000751591 -0.000745112 -0.000737352 -0.00073105 -0.000725672 -0.000718051 -0.000712043 -0.000707138 -0.000702966 -0.000700951 -0.000699767 -0.000698329 -0.00069734 -0.000696551 -0.000695699 -0.000694611 -0.000693338 -0.000692145 -0.000691142 -0.000690102 -0.000688686 -0.000687357 -0.000685162 -0.000682246 -0.00067927 -0.000676004 -0.000672609 -0.000670152 -0.000666885 -0.000662716 -0.000659551 -0.000655781 -0.000651109 -0.000646487 -0.000642483 -0.000638094 -0.000633112 -0.00062802 -0.000623781 -0.000618604 -0.00061453 -0.000610899 -0.000605926 -0.000602131 -0.000598952 -0.000594565 -0.000590231 -0.000586324 -0.000581807 -0.000578235 -0.000573794 -0.000568701 -0.000564779 -0.000561109 -0.000557914 -0.000554636 -0.000550745 -0.000547176 -0.000543885 -0.000539634 -0.000535852 -0.000532037 -0.000528403 -0.000524675 -0.000519671 -0.000515251 -0.000511601 -0.000507453 -0.000503911 -0.00050049 -0.000497269 -0.000494075 -0.000490697 -0.000487761 -0.000484814 -0.000481745 -0.000478556 -0.000475308 -0.000472178 -0.000469816 -0.000467 -0.000464543 -0.000462318 -0.000459418 -0.000457035 -0.000454153 -0.000450909 -0.000448008 -0.000444538 -0.000440254 -0.000436701 -0.000432275 -0.000427621 -0.000423533 -0.000420014 -0.00041643 -0.000412968 -0.000408562 -0.000404105 -0.000400294 -0.000395382 -0.000390774 -0.000387085 -0.000383158 -0.000380523 -0.000376924 -0.000373236 -0.000370033 -0.000365711 -0.000361131 -0.000357571 -0.000354117 -0.000351041 -0.000348166 -0.000345699 -0.000343746 -0.000341418 -0.000338455 -0.00033614 -0.000333358 -0.00032997 -0.000326851 -0.000324352 -0.000321875 -0.000319367 -0.000316513 -0.000313846 -0.000310599 -0.00030809 -0.000305314 -0.000302293 -0.000300325 -0.000298003 -0.000295648 -0.000293266 -0.000290167 -0.000286972 -0.00028376 -0.000280839 -0.000278224 -0.000275723 -0.000273047 -0.000269973 -0.000267247 -0.000264615 -0.000262275 -0.000259648 -0.000257186 -0.000254954 -0.000252328 -0.000249813 -0.000247621 -0.000244505 -0.000241061 -0.000237708 -0.00023437 -0.000231004 -0.000227362 -0.000224368 -0.000221385 -0.000218183 -0.000215039 -0.000211876 -0.000209227 -0.000205832 -0.000202353 -0.000199116 -0.000194838 -0.000191539 -0.000189389 -0.000185884 -0.000182086 -0.000179526 -0.000174641 -0.000169874 -0.000166476 -0.000163119 -0.000158993 -0.000155284 -0.000152664 -0.000150165 -0.000147395 -0.000143799 -0.000140453 -0.000137664 -0.000134545 -0.00013154 -0.000128577 -0.000125242 -0.000123381 -0.000120649 -0.000117674 -0.00011416 -0.000110257 -0.000106999 -0.000103133 -9.96678e-05 -9.661e-05 -9.3123e-05 -8.92703e-05 -8.63046e-05 -8.16235e-05 -7.7366e-05 -7.38751e-05 -6.89307e-05 -6.37738e-05 -5.88011e-05 -5.289e-05 -4.86061e-05 -4.43053e-05 -3.94825e-05 -3.52476e-05 -3.14205e-05 -2.78476e-05 -2.40655e-05 -1.87236e-05 -1.43857e-05 -1.08317e-05 -5.62097e-06 3.68017e-07 
-0.00026973 -0.000911108 -0.00109681 -0.00109452 -0.00108017 -0.00106189 -0.00102343 -0.000972649 -0.000939588 -0.000907131 -0.000895658 -0.000895687 -0.000897018 -0.000896774 -0.00089152 -0.000883667 -0.000875471 -0.000864809 -0.000855056 -0.000847101 -0.000838734 -0.000829741 -0.000820627 -0.000814442 -0.000804947 -0.000796466 -0.000785368 -0.000775493 -0.000768261 -0.000761212 -0.000754599 -0.000746815 -0.000738037 -0.000730425 -0.000725232 -0.000718564 -0.000713499 -0.000707651 -0.000702937 -0.000700512 -0.000699363 -0.000698206 -0.000697293 -0.000696327 -0.000695512 -0.000694417 -0.000693077 -0.000691806 -0.00069084 -0.000689804 -0.000688642 -0.000686989 -0.000684265 -0.000681439 -0.000678855 -0.000676003 -0.000672724 -0.000669327 -0.000666188 -0.000662981 -0.000659449 -0.00065584 -0.000651592 -0.000646934 -0.000643316 -0.00063898 -0.000633152 -0.000627234 -0.000622679 -0.000618073 -0.000614071 -0.00061018 -0.000605705 -0.00060215 -0.000599183 -0.000594734 -0.000589633 -0.000585868 -0.00058181 -0.000578154 -0.000573876 -0.000569327 -0.000564813 -0.000560743 -0.000557286 -0.000554869 -0.000551683 -0.000548494 -0.000544957 -0.000540063 -0.000535836 -0.000532613 -0.000528907 -0.000524929 -0.000519898 -0.000515693 -0.000512177 -0.000507371 -0.000502874 -0.000499591 -0.000497151 -0.000494227 -0.000491059 -0.000488301 -0.000485879 -0.000482421 -0.000478434 -0.000475082 -0.000472728 -0.000470189 -0.000467256 -0.00046478 -0.000462545 -0.000459498 -0.000456441 -0.000453888 -0.000451452 -0.000448319 -0.000444122 -0.000439947 -0.000436465 -0.000431748 -0.000427313 -0.000423764 -0.000420699 -0.000416551 -0.000412085 -0.00040805 -0.000403975 -0.000399924 -0.000395319 -0.000390971 -0.0003877 -0.000384077 -0.000381069 -0.000377226 -0.000372939 -0.000368951 -0.000364913 -0.000360981 -0.000358182 -0.000354816 -0.000350994 -0.000347634 -0.000345243 -0.000343535 -0.000341355 -0.000338117 -0.000335308 -0.000332998 -0.000330393 -0.000327456 -0.000324255 -0.000321396 -0.000319271 -0.000316852 -0.000313559 -0.000310001 -0.000307608 -0.000305178 -0.000302803 -0.000300542 -0.000297835 -0.000294891 -0.000292278 -0.000289818 -0.000287315 -0.000283791 -0.000280421 -0.00027776 -0.000275655 -0.000273221 -0.000270338 -0.000267082 -0.000263997 -0.000261602 -0.000259666 -0.00025736 -0.000254813 -0.000252 -0.000249711 -0.000247624 -0.000244936 -0.000241501 -0.000237705 -0.000233881 -0.000230611 -0.000227191 -0.000223535 -0.000220228 -0.000217792 -0.000215054 -0.000212114 -0.000208834 -0.000204962 -0.000201524 -0.000198573 -0.000195303 -0.000192674 -0.000189776 -0.00018589 -0.000181999 -0.0001791 -0.000174713 -0.000170151 -0.000166781 -0.000163509 -0.000159241 -0.000155388 -0.000152865 -0.000150598 -0.000147552 -0.000143768 -0.000140337 -0.00013794 -0.00013448 -0.000131132 -0.000127923 -0.000124837 -0.000122691 -0.000119988 -0.000117838 -0.00011479 -0.000110703 -0.000106843 -0.000103316 -9.99229e-05 -9.63847e-05 -9.23456e-05 -8.84135e-05 -8.56977e-05 -8.19544e-05 -7.8197e-05 -7.34704e-05 -6.76357e-05 -6.27063e-05 -5.84555e-05 -5.39313e-05 -4.961e-05 -4.45685e-05 -3.98312e-05 -3.57723e-05 -3.14752e-05 -2.7095e-05 -2.34203e-05 -1.92539e-05 -1.52435e-05 -1.14797e-05 -6.21289e-06 4.96859e-07 
-0.000337141 -0.000949254 -0.00106595 -0.00109945 -0.00107507 -0.00107016 -0.0010293 -0.000981615 -0.000940848 -0.000904985 -0.000892872 -0.000893552 -0.000895071 -0.000896966 -0.000892206 -0.000883563 -0.000874746 -0.000864221 -0.000856013 -0.000845557 -0.00083781 -0.000829206 -0.000819867 -0.000812416 -0.000802668 -0.000795661 -0.000786079 -0.00077618 -0.000768086 -0.000760871 -0.000753065 -0.000746294 -0.000738555 -0.000732048 -0.000725643 -0.000719245 -0.000713404 -0.000708104 -0.000703768 -0.00070113 -0.000699368 -0.00069818 -0.000697285 -0.000696424 -0.000695445 -0.000694279 -0.000693115 -0.000691956 -0.000690761 -0.000689736 -0.00068843 -0.00068681 -0.000684252 -0.000681458 -0.000678681 -0.000675814 -0.000672676 -0.000669356 -0.000665919 -0.000663156 -0.000659406 -0.000655717 -0.000651887 -0.000647511 -0.00064315 -0.000638409 -0.000633079 -0.000627221 -0.000622547 -0.000618227 -0.000614203 -0.000609916 -0.000605735 -0.000601818 -0.000598225 -0.000594268 -0.000589714 -0.000585906 -0.000581663 -0.00057735 -0.000573523 -0.000569357 -0.000565532 -0.000561407 -0.000558063 -0.000555134 -0.00055243 -0.000548897 -0.000545189 -0.000540561 -0.000536839 -0.000532586 -0.000529007 -0.000523928 -0.000519955 -0.000515762 -0.00051173 -0.000507094 -0.000502975 -0.000499715 -0.000497094 -0.000494352 -0.000491548 -0.000488592 -0.000485427 -0.00048258 -0.000478792 -0.000475888 -0.000472877 -0.000470346 -0.000467543 -0.000465226 -0.00046239 -0.000459527 -0.000456576 -0.000453825 -0.000451347 -0.000448 -0.000443838 -0.000440118 -0.000436002 -0.000432051 -0.000427696 -0.000424032 -0.000420463 -0.00041654 -0.000411897 -0.000408154 -0.000404084 -0.000399598 -0.000395546 -0.000391446 -0.000387788 -0.00038414 -0.000380433 -0.00037698 -0.000372923 -0.000369199 -0.000365006 -0.000361472 -0.00035751 -0.000354124 -0.000351013 -0.000348235 -0.000345768 -0.000343029 -0.000340907 -0.000338104 -0.000335627 -0.000332977 -0.00033026 -0.000327513 -0.000324298 -0.000321561 -0.000319096 -0.000316454 -0.000313278 -0.000310124 -0.000307472 -0.00030492 -0.000302578 -0.000300042 -0.0002978 -0.000295319 -0.00029257 -0.000289825 -0.000287131 -0.000284095 -0.000280913 -0.000278144 -0.000275309 -0.000272959 -0.000270217 -0.000267188 -0.000264165 -0.000261493 -0.00025949 -0.000257203 -0.000254792 -0.000252307 -0.000249893 -0.000247236 -0.000244629 -0.000241447 -0.000237778 -0.000234082 -0.000230421 -0.000227205 -0.000223491 -0.000220515 -0.000217488 -0.000214809 -0.000211634 -0.000208582 -0.000205162 -0.000201893 -0.000198502 -0.000195368 -0.000192244 -0.000189185 -0.000185855 -0.00018247 -0.000178841 -0.000174843 -0.000170972 -0.000166714 -0.000162981 -0.000159288 -0.000156069 -0.000152688 -0.000149919 -0.00014689 -0.000143676 -0.000141076 -0.0001377 -0.000134756 -0.000131357 -0.000128204 -0.000125306 -0.000122589 -0.00012026 -0.000117664 -0.000114963 -0.00011087 -0.000106648 -0.00010275 -9.91593e-05 -9.60999e-05 -9.28808e-05 -8.90414e-05 -8.53883e-05 -8.17859e-05 -7.77173e-05 -7.31365e-05 -6.79545e-05 -6.30127e-05 -5.86041e-05 -5.40334e-05 -4.94749e-05 -4.44996e-05 -4.01222e-05 -3.60119e-05 -3.16195e-05 -2.75623e-05 -2.3096e-05 -1.98887e-05 -1.54476e-05 -1.12028e-05 -6.00269e-06 6.76341e-07 
-0.000439112 -0.00114227 -0.00100305 -0.00114454 -0.00106064 -0.00107431 -0.00103662 -0.000981362 -0.000942617 -0.000896446 -0.000889459 -0.00089418 -0.000893316 -0.000898652 -0.000893392 -0.000883141 -0.000875096 -0.000862387 -0.000858706 -0.000843899 -0.000837936 -0.000829249 -0.000819152 -0.000812842 -0.000800199 -0.000795699 -0.00078784 -0.00077605 -0.000768664 -0.00075994 -0.000751972 -0.000745503 -0.000739382 -0.000732379 -0.00072598 -0.00071955 -0.000712515 -0.00070818 -0.000704052 -0.000701163 -0.000699238 -0.000697969 -0.000697297 -0.000696531 -0.000695548 -0.00069419 -0.000693038 -0.000692247 -0.000690528 -0.000689812 -0.000688599 -0.000686651 -0.000684418 -0.000681884 -0.000678785 -0.000675166 -0.000672804 -0.000669831 -0.000665558 -0.000663201 -0.000659643 -0.000655244 -0.000652372 -0.000647854 -0.000642834 -0.000638121 -0.000633169 -0.000627539 -0.000622072 -0.000618429 -0.000614293 -0.00061004 -0.000605729 -0.00060174 -0.000597458 -0.000594295 -0.000589976 -0.000585877 -0.000581767 -0.000576693 -0.000574053 -0.0005687 -0.000565705 -0.000562163 -0.000558312 -0.000554718 -0.000552924 -0.000549449 -0.000544418 -0.000540868 -0.000537759 -0.000532102 -0.000529364 -0.000522962 -0.000520434 -0.000515987 -0.0005109 -0.000507108 -0.000503232 -0.000499707 -0.000496942 -0.000494291 -0.000491978 -0.000488602 -0.000485149 -0.000482375 -0.000479074 -0.000476326 -0.000472919 -0.000469785 -0.000467858 -0.000465785 -0.000461877 -0.000459461 -0.000457033 -0.000453738 -0.000451436 -0.000447705 -0.000443434 -0.000441314 -0.000434895 -0.000432297 -0.000428394 -0.000423931 -0.000419915 -0.000416699 -0.000412071 -0.00040821 -0.000404166 -0.000399193 -0.000396061 -0.000391335 -0.000387519 -0.000384526 -0.000379945 -0.000376659 -0.000373147 -0.000369673 -0.000364938 -0.000361793 -0.000356962 -0.000353603 -0.000350922 -0.000348715 -0.000346155 -0.000342554 -0.000340594 -0.000338232 -0.000336087 -0.000333094 -0.000330005 -0.000327447 -0.000324073 -0.000322015 -0.000319126 -0.000315951 -0.00031311 -0.000310541 -0.000307445 -0.000304716 -0.000302518 -0.000299672 -0.000297786 -0.000295639 -0.000292948 -0.000290013 -0.000286428 -0.000284503 -0.000281242 -0.000278387 -0.000274789 -0.000273268 -0.000269854 -0.000267252 -0.000264536 -0.00026133 -0.000259487 -0.000256935 -0.000254719 -0.000252739 -0.000250022 -0.000246842 -0.000245076 -0.000240942 -0.000237877 -0.000234801 -0.000229796 -0.000227128 -0.00022373 -0.000220727 -0.000217234 -0.00021509 -0.000211136 -0.000208118 -0.000205965 -0.000201926 -0.000198671 -0.000195233 -0.000192029 -0.000188571 -0.000186034 -0.000183159 -0.000178601 -0.000174356 -0.000171934 -0.000166592 -0.000162209 -0.000159263 -0.000156989 -0.000152001 -0.000149908 -0.000146321 -0.000143614 -0.00014229 -0.00013654 -0.000135139 -0.000131761 -0.000127967 -0.000125495 -0.000122578 -0.000120586 -0.000117621 -0.00011495 -0.000111224 -0.000106343 -0.000102817 -9.83481e-05 -9.6013e-05 -9.35448e-05 -8.91677e-05 -8.54938e-05 -8.17922e-05 -7.73023e-05 -7.26709e-05 -6.89328e-05 -6.28871e-05 -5.89943e-05 -5.39292e-05 -4.86875e-05 -4.47072e-05 -4.07276e-05 -3.52682e-05 -3.1719e-05 -2.84424e-05 -2.24214e-05 -2.02084e-05 -1.5825e-05 -1.04833e-05 -7.01198e-06 0. 
