# Nx=250 Ny=250
-2.543e+06 -1.10067e+06 293045. -19947. -575091. -818612. -772761. -594529. -401299. -246181. -139884. -74369.2 -37140.1 -17389.6 -7558.42 -2973.33 -989.168 -212.578 44.0543 98.3591 86.3441 60.5855 38.1525 22.4887 12.663 6.89088 3.65063 1.89234 0.963285 0.482884 0.238904 0.116864 0.056608 0.0271886 0.0129631 0.00614174 0.00289428 0.00135776 0.000634559 0.000295657 0.000137418 6.37494e-05 2.95323e-05 1.36673e-05 6.32094e-06 2.92216e-06 1.35063e-06 6.24208e-07 2.88479e-07 1.33319e-07 6.16089e-08 2.84666e-08 1.31499e-08 6.07213e-09 2.8024e-09 1.29248e-09 5.9559e-10 2.74182e-10 1.26076e-10 5.78985e-11 2.65515e-11 1.21576e-11 5.55778e-12 2.53636e-12 1.15543e-12 5.25383e-13 2.38442e-13 1.08007e-13 4.88276e-14 2.20302e-14 9.91983e-15 4.45782e-15 1.99928e-15 8.94866e-16 3.99745e-16 1.7822e-16 7.93018e-17 3.52188e-17 1.56114e-17 6.90708e-18 3.05032e-18 1.34464e-18 5.91684e-19 2.59902e-19 1.13967e-19 4.989e-20 2.18034e-20 9.51312e-21 4.14407e-21 1.80238e-21 7.82705e-22 3.39385e-22 1.46941e-22 6.35275e-23 2.7426e-23 1.18238e-23 5.09048e-24 2.18865e-24 9.39777e-25 4.03007e-25 1.72605e-25 7.38339e-26 3.15451e-26 1.34614e-26 5.73779e-27 2.44287e-27 1.03889e-27 4.41328e-28 1.87277e-28 7.93869e-29 3.36172e-29 1.42211e-29 6.00993e-30 2.53734e-30 1.07022e-30 4.50976e-31 1.89859e-31 7.98573e-32 3.3559e-32 1.40903e-32 5.91096e-33 2.47757e-33 1.0376e-33 4.34188e-34 1.8154e-34 7.58442e-35 3.16616e-35 1.32072e-35 5.50504e-36 2.29292e-36 9.54333e-37 3.96918e-37 1.64966e-37 6.85155e-38 2.84372e-38 1.17948e-38 4.8889e-39 2.02511e-39 8.38317e-40 3.46812e-40 1.43387e-40 5.92465e-41 2.44654e-41 1.00969e-41 4.16453e-42 1.71671e-42 7.07264e-43 2.91222e-43 1.19847e-43 4.92941e-44 2.02643e-44 8.32603e-45 3.41916e-45 1.40339e-45 5.7573e-46 2.36071e-46 9.67503e-47 3.96326e-47 1.62272e-47 6.64097e-48 2.71654e-48 1.11071e-48 4.53932e-49 1.85433e-49 7.57162e-50 3.09031e-50 1.26075e-50 5.14128e-51 2.09571e-51 8.53909e-52 3.47788e-52 1.41593e-52 5.76229e-53 2.34411e-53 9.53216e-54 3.8747e-54 1.57442e-54 6.39496e-55 2.59654e-55 1.05389e-55 4.27596e-56 1.73428e-56 7.03155e-57 2.84991e-57 1.15468e-57 4.67671e-58 1.89354e-58 7.66414e-59 3.10105e-59 1.25433e-59 5.07195e-60 2.05022e-60 8.28488e-61 3.34686e-61 1.35162e-61 5.4568e-62 2.20237e-62 8.88613e-63 3.58432e-63 1.44535e-63 5.82657e-64 2.34816e-64 9.46063e-65 3.81057e-65 1.5344e-65 6.17687e-66 2.48588e-66 1.00017e-66 4.02301e-67 1.61776e-67 6.50373e-68 2.61396e-68 1.05032e-68 4.21927e-69 1.6945e-69 6.80361e-70 2.73104e-70 1.096e-70 4.39734e-71 1.76386e-71 7.07349e-72 2.83597e-72 1.13676e-72 4.55549e-73 1.82516e-73 7.31089e-74 2.9278e-74 1.17224e-74 4.69238e-75 1.87792e-75 7.5139e-76 3.00581e-76 1.20217e-76 4.80702e-77 1.92175e-77 7.68118e-78 3.06951e-78 1.22637e-78 4.89878e-79 1.95644e-79 7.81193e-80 3.11863e-80 1.24474e-80 4.96694e-81 1.98104e-81 7.88875e-82 3.11939e-82 1.19298e-82 3.83775e-83 0. 
-2.543e+06 -1.10067e+06 293045. -19947. -575091. -818612. -772761. -594529. -401299. -246181. -139884. -74369.2 -37140.1 -17389.6 -7558.42 -2973.33 -989.168 -212.578 44.0543 98.3591 86.3441 60.5855 38.1525 22.4887 12.663 6.89088 3.65063 1.89234 0.963285 0.482884 0.238904 0.116864 0.056608 0.0271886 0.0129631 0.00614174 0.00289428 0.00135776 0.000634559 0.000295657 0.000137418 6.37494e-05 2.95323e-05 1.36673e-05 6.32094e-06 2.92216e-06 1.35063e-06 6.24208e-07 2.88479e-07 1.33319e-07 6.16089e-08 2.84666e-08 1.31499e-08 6.07213e-09 2.8024e-09 1.29248e-09 5.9559e-10 2.74182e-10 1.26076e-10 5.78985e-11 2.65515e-11 1.21576e-11 5.55778e-12 2.53636e-12 1.15543e-12 5.25383e-13 2.38442e-13 1.08007e-13 4.88276e-14 2.20302e-14 9.91983e-15 4.45782e-15 1.99928e-15 8.94866e-16 3.99745e-16 1.7822e-16 7.93018e-17 3.52188e-17 1.56114e-17 6.90708e-18 3.05032e-18 1.34464e-18 5.91684e-19 2.59902e-19 1.13967e-19 4.989e-20 2.18034e-20 9.51312e-21 4.14407e-21 1.80238e-21 7.82705e-22 3.39385e-22 1.46941e-22 6.35275e-23 2.7426e-23 1.18238e-23 5.09048e-24 2.18865e-24 9.39777e-25 4.03007e-25 1.72605e-25 7.38339e-26 3.15451e-26 1.34614e-26 5.73779e-27 2.44287e-27 1.03889e-27 4.41328e-28 1.87277e-28 7.93869e-29 3.36172e-29 1.42211e-29 6.00993e-30 2.53734e-30 1.07022e-30 4.50976e-31 1.89859e-31 7.98573e-32 3.3559e-32 1.40903e-32 5.91096e-33 2.47757e-33 1.0376e-33 4.34188e-34 1.8154e-34 7.58442e-35 3.16616e-35 1.32072e-35 5.50504e-36 2.29292e-36 9.54333e-37 3.96918e-37 1.64966e-37 6.85155e-38 2.84372e-38 1.17948e-38 4.8889e-39 2.02511e-39 8.38317e-40 3.46812e-40 1.43387e-40 5.92465e-41 2.44654e-41 1.00969e-41 4.16453e-42 1.71671e-42 7.07264e-43 2.91222e-43 1.19847e-43 4.92941e-44 2.02643e-44 8.32603e-45 3.41916e-45 1.40339e-45 5.7573e-46 2.36071e-46 9.67503e-47 3.96326e-47 1.62272e-47 6.64097e-48 2.71654e-48 1.11071e-48 4.53932e-49 1.85433e-49 7.57162e-50 3.09031e-50 1.26075e-50 5.14128e-51 2.09571e-51 8.53909e-52 3.47788e-52 1.41593e-52 5.76229e-53 2.34411e-53 9.53216e-54 3.8747e-54 1.57442e-54 6.39496e-55 2.59654e-55 1.05389e-55 4.27596e-56 1.73428e-56 7.03155e-57 2.84991e-57 1.15468e-57 4.67671e-58 1.89354e-58 7.66414e-59 3.10105e-59 1.25433e-59 5.07195e-60 2.05022e-60 8.28488e-61 3.34686e-61 1.35162e-61 5.4568e-62 2.20237e-62 8.88613e-63 3.58432e-63 1.44535e-63 5.82657e-64 2.34816e-64 9.46063e-65 3.81057e-65 1.5344e-65 6.17687e-66 2.48588e-66 1.00017e-66 4.02301e-67 1.61776e-67 6.50373e-68 2.61396e-68 1.05032e-68 4.21927e-69 1.6945e-69 6.80361e-70 2.73104e-70 1.096e-70 4.39734e-71 1.76386e-71 7.07349e-72 2.83597e-72 1.13676e-72 4.55549e-73 1.82516e-73 7.31089e-74 2.9278e-74 1.17224e-74 4.69238e-75 1.87792e-75 7.5139e-76 3.00581e-76 1.20217e-76 4.80702e-77 1.92175e-77 7.68118e-78 3.06951e-78 1.22637e-78 4.89878e-79 1.95644e-79 7.81193e-80 3.11863e-80 1.24474e-80 4.96694e-81 1.98104e-81 7.88875e-82 3.11939e-82 1.19298e-82 3.83775e-83 0. 
-2.543e+06 -1.05204e+06 96872.6 -194292. -647797. -821298. -748516. -568397. -382185. -234691. -133899. -71645. -36089.1 -17089.1 -7542.79 -3036.99 -1055.58 -261.124 13.6013 80.9493 77.0348 55.8687 35.8729 21.4353 12.1981 6.69597 3.57397 1.86482 0.95487 0.481215 0.239231 0.11754 0.0571645 0.0275562 0.0131818 0.00626398 0.00295972 0.00139171 0.000651754 0.0003042 0.000141597 6.57683e-05 3.04974e-05 1.41248e-05 6.53626e-06 3.02296e-06 1.39761e-06 6.46041e-07 2.98601e-07 1.38005e-07 6.37771e-08 2.94697e-08 1.36141e-08 6.28712e-09 2.90205e-09 1.3387e-09 6.17056e-10 2.84158e-10 1.30715e-10 6.00564e-11 2.75555e-11 1.26247e-11 5.77496e-12 2.63728e-12 1.20228e-12 5.47105e-13 2.485e-13 1.12656e-13 5.09732e-14 2.30185e-14 1.03741e-14 4.6662e-15 2.09465e-15 9.38424e-16 4.19593e-16 1.87243e-16 8.33943e-17 3.70707e-17 1.64475e-17 7.28369e-18 3.21958e-18 1.42054e-18 6.25644e-19 2.75064e-19 1.20722e-19 5.28928e-20 2.31355e-20 1.01029e-20 4.40468e-21 1.91731e-21 8.33292e-22 3.61609e-22 1.56687e-22 6.7794e-23 2.92904e-23 1.26371e-23 5.44468e-24 2.34266e-24 1.00663e-24 4.31984e-25 1.85145e-25 7.92525e-26 3.38831e-26 1.44688e-26 6.17121e-27 2.6291e-27 1.1188e-27 4.75572e-28 2.01933e-28 8.56514e-29 3.62916e-29 1.53615e-29 6.49562e-30 2.74396e-30 1.15801e-30 4.88243e-31 2.0566e-31 8.65498e-32 3.63906e-32 1.52872e-32 6.41633e-33 2.69075e-33 1.12744e-33 4.72008e-34 1.97446e-34 8.25275e-35 3.44672e-35 1.4384e-35 5.99818e-36 2.49941e-36 1.04072e-36 4.33031e-37 1.80051e-37 7.48115e-38 3.1063e-38 1.28891e-38 5.34461e-39 2.21475e-39 9.17176e-40 3.79582e-40 1.56995e-40 6.48936e-41 2.68073e-41 1.10674e-41 4.5665e-42 1.88308e-42 7.76082e-43 3.1967e-43 1.316e-43 5.41466e-44 2.22666e-44 9.15179e-45 3.75951e-45 1.54359e-45 6.33448e-46 2.5982e-46 1.06517e-46 4.3647e-47 1.78764e-47 7.31811e-48 2.99443e-48 1.2247e-48 5.00663e-49 2.04581e-49 8.35591e-50 3.41138e-50 1.39213e-50 5.6786e-51 2.31537e-51 9.43666e-52 3.84448e-52 1.56559e-52 6.37304e-53 2.59324e-53 1.05479e-53 4.28868e-54 1.74307e-54 7.08175e-55 2.8761e-55 1.16764e-55 4.73863e-56 1.92239e-56 7.79606e-57 3.1605e-57 1.28081e-57 5.18878e-58 2.10135e-58 8.50713e-59 3.4429e-59 1.39291e-59 5.63352e-60 2.27771e-60 9.20612e-61 3.7198e-61 1.50254e-61 6.06736e-62 2.44929e-62 9.8844e-63 3.98778e-63 1.60836e-63 6.48498e-64 2.61402e-64 1.05338e-64 4.24363e-65 1.7091e-65 6.88143e-66 2.76994e-66 1.11466e-66 4.48436e-67 1.80361e-67 7.25217e-68 2.91529e-68 1.17161e-68 4.7073e-69 1.89083e-69 7.59316e-70 3.0485e-70 1.22361e-70 4.91011e-71 1.96987e-71 7.90093e-72 3.16823e-72 1.27014e-72 5.09083e-73 2.03997e-73 8.17261e-74 3.2734e-74 1.31081e-74 5.24788e-75 2.10055e-75 8.40596e-76 3.36316e-76 1.34529e-76 5.3801e-77 2.15117e-77 8.59938e-78 3.43693e-78 1.37336e-78 5.4867e-79 2.19155e-79 8.75191e-80 3.49437e-80 1.39491e-80 5.56709e-81 2.22105e-81 8.85208e-82 3.51164e-82 1.35942e-82 4.55377e-83 0. 
-2.543e+06 -1.08171e+06 51069.5 -219038. -645417. -805160. -731255. -555865. -375106. -231614. -133098. -71856. -36597.9 -17574.2 -7903.38 -3271.61 -1195. -338.287 -26.5643 61.2197 67.9085 51.93 34.3228 20.9106 12.0742 6.70637 3.61527 1.90275 0.981802 0.498216 0.249237 0.123156 0.0602068 0.02916 0.0140088 0.00668264 0.00316845 0.00149442 0.000701733 0.000328288 0.000153112 7.1234e-05 3.30766e-05 1.53359e-05 7.10266e-06 3.28699e-06 1.52038e-06 7.03019e-07 3.25009e-07 1.50234e-07 6.94374e-08 3.2089e-08 1.48262e-08 6.84806e-09 3.1617e-09 1.45891e-09 6.72712e-10 3.09926e-10 1.42643e-10 6.55766e-11 3.01088e-11 1.38048e-11 6.31997e-12 2.8887e-12 1.31813e-12 6.00411e-13 2.72991e-13 1.2389e-13 5.61169e-14 2.53694e-14 1.14466e-14 5.15449e-15 2.31652e-15 1.03903e-15 4.65117e-16 2.078e-16 9.2658e-17 4.12365e-17 1.83169e-17 8.12084e-18 3.5937e-18 1.5874e-18 6.99912e-19 3.08055e-19 1.35348e-19 5.93651e-20 2.59941e-20 1.13631e-20 4.9592e-21 2.16089e-21 9.40093e-22 4.08358e-22 1.77115e-22 7.67059e-23 3.3172e-23 1.4325e-23 6.17753e-24 2.66036e-24 1.14415e-24 4.91424e-25 2.108e-25 9.03099e-26 3.86423e-26 1.65144e-26 7.04933e-27 3.00556e-27 1.27999e-27 5.44501e-28 2.31373e-28 9.82107e-29 4.16433e-29 1.76392e-29 7.46398e-30 3.1552e-30 1.33247e-30 5.62169e-31 2.36955e-31 9.97843e-32 4.19818e-32 1.7647e-32 7.41134e-33 3.10989e-33 1.30383e-33 5.46167e-34 2.28593e-34 9.55961e-35 3.99462e-35 1.6679e-35 6.95878e-36 2.90113e-36 1.20859e-36 5.03126e-37 2.09297e-37 8.70049e-38 3.6143e-38 1.50041e-38 6.22447e-39 2.58054e-39 1.06914e-39 4.42674e-40 1.83172e-40 7.57471e-41 3.13045e-41 1.29297e-41 5.33716e-42 2.20181e-42 9.0782e-43 3.74088e-43 1.54065e-43 6.34157e-44 2.60887e-44 1.0727e-44 4.4083e-45 1.81067e-45 7.43337e-46 3.05009e-46 1.2509e-46 5.12763e-47 2.10088e-47 8.60353e-48 3.52166e-48 1.44084e-48 5.89228e-49 2.40854e-49 9.84077e-50 4.01894e-50 1.64061e-50 6.69439e-51 2.73043e-51 1.11319e-51 4.53656e-52 1.84802e-52 7.52504e-53 3.06293e-53 1.24622e-53 5.06854e-54 2.06064e-54 8.37446e-55 3.4021e-55 1.38158e-55 5.60848e-56 2.27592e-56 9.23234e-57 3.7438e-57 1.51761e-57 6.14976e-58 2.49119e-58 1.00881e-58 4.08378e-59 1.65262e-59 6.68563e-60 2.70377e-60 1.0931e-60 4.41783e-61 1.78494e-61 7.20946e-62 2.91105e-62 1.17507e-62 4.74183e-63 1.91294e-63 7.71484e-64 3.11048e-64 1.25372e-64 5.05187e-65 2.03508e-65 8.19573e-66 3.2997e-66 1.32814e-66 5.34432e-67 2.14994e-67 8.64658e-68 3.47655e-68 1.39746e-68 5.61589e-69 2.25625e-69 9.06245e-70 3.63911e-70 1.46096e-70 5.86371e-71 2.35289e-71 9.43903e-72 3.78572e-72 1.51799e-72 6.08534e-73 2.43894e-73 9.77278e-74 3.91504e-74 1.56803e-74 6.27882e-75 2.51365e-75 1.00609e-75 4.02598e-76 1.6107e-76 6.44266e-77 2.57646e-77 1.03013e-77 4.11781e-78 1.64571e-78 6.57585e-79 2.62701e-79 1.04926e-79 4.19007e-80 1.6729e-80 6.67761e-81 2.66457e-81 1.06222e-81 4.21588e-82 1.63438e-82 5.49938e-83 0. 
-2.543e+06 -1.08576e+06 48693.5 -212877. -631208. -788618. -717378. -546624. -370130. -229585. -132704. -72171.8 -37100.4 -18028.6 -8238.45 -3491.18 -1327.34 -412.92 -66.2925 41.1827 58.339 47.6267 32.5265 20.2371 11.8671 6.67305 3.63475 1.93031 1.00404 0.513204 0.258434 0.128474 0.0631558 0.030744 0.0148385 0.00710841 0.00338321 0.00160119 0.000754155 0.000353754 0.00016537 7.70881e-05 3.58538e-05 1.66459e-05 7.71774e-06 3.57467e-06 1.65452e-06 7.65414e-07 3.53982e-07 1.63671e-07 7.56637e-08 3.4973e-08 1.61617e-08 7.46655e-09 3.44815e-09 1.5916e-09 7.34183e-10 3.38405e-10 1.55836e-10 7.16867e-11 3.29375e-11 1.51137e-11 6.92509e-12 3.16821e-12 1.44709e-12 6.59831e-13 3.00332e-13 1.3645e-13 6.18774e-14 2.80066e-14 1.26517e-14 5.70408e-15 2.56667e-15 1.15265e-15 5.16623e-16 2.31098e-16 1.03175e-16 4.59737e-17 2.04462e-17 9.07599e-18 4.02125e-18 1.77839e-18 7.85056e-19 3.45936e-19 1.52168e-19 6.68189e-20 2.92909e-20 1.28186e-20 5.60055e-21 2.44298e-21 1.06395e-21 4.62643e-22 2.00867e-22 8.70805e-23 3.76961e-23 1.62947e-23 7.03371e-24 3.03194e-24 1.30518e-24 5.611e-25 2.40904e-25 1.03299e-25 4.42385e-26 1.89222e-26 8.08392e-27 3.44952e-27 1.47025e-27 6.25939e-28 2.66188e-28 1.13076e-28 4.79828e-29 2.03397e-29 8.61301e-30 3.64356e-30 1.5398e-30 6.50098e-31 2.74206e-31 1.15549e-31 4.8647e-32 2.04621e-32 8.59916e-33 3.61059e-33 1.51467e-33 6.34854e-34 2.65852e-34 1.11233e-34 4.65036e-35 1.94266e-35 8.10909e-36 3.38234e-36 1.40974e-36 5.87142e-37 2.44363e-37 1.0163e-37 4.22382e-38 1.75425e-38 7.28094e-39 3.01992e-39 1.25176e-39 5.18521e-40 2.14654e-40 8.88054e-41 3.67176e-41 1.51721e-41 6.26556e-42 2.58594e-42 1.06666e-42 4.39729e-43 1.81176e-43 7.4606e-44 3.07051e-44 1.26303e-44 5.19259e-45 2.13367e-45 8.76287e-46 3.59703e-46 1.47578e-46 6.05181e-47 2.48048e-47 1.01619e-47 4.1611e-48 1.70308e-48 6.96727e-49 2.84898e-49 1.16445e-49 4.75726e-50 1.94268e-50 7.9297e-51 3.23538e-51 1.3195e-51 5.37913e-52 2.19197e-52 8.92852e-53 3.63537e-53 1.4796e-53 6.01962e-54 2.44808e-54 9.95207e-55 4.04424e-55 1.64285e-55 6.67107e-56 2.70792e-56 1.0988e-56 4.45701e-57 1.80724e-57 7.32549e-58 2.96829e-58 1.20234e-58 4.86859e-59 1.97075e-59 7.97476e-60 3.22597e-60 1.30456e-60 5.27385e-61 2.13134e-61 8.61081e-62 3.47776e-62 1.40418e-62 5.66779e-63 2.28704e-63 9.22585e-64 3.72058e-64 1.49999e-64 6.04564e-65 2.43597e-65 9.81249e-66 3.95153e-66 1.59086e-66 6.40294e-67 2.57638e-67 1.03639e-67 4.16796e-68 1.67575e-68 6.73567e-69 2.70671e-69 1.0874e-69 4.36748e-70 1.75373e-70 7.04024e-71 2.82557e-71 1.13375e-71 4.54806e-72 1.82403e-72 7.31363e-73 2.9318e-73 1.17499e-73 4.70798e-74 1.88598e-74 7.55337e-75 3.02446e-75 1.21076e-75 4.8459e-76 1.93908e-76 7.75755e-77 3.10284e-77 1.24081e-77 4.96085e-78 1.98298e-78 7.92487e-79 3.16648e-79 1.26495e-79 5.05222e-80 2.01745e-80 8.05429e-81 3.21446e-81 1.28168e-81 5.08816e-82 1.9734e-82 6.64598e-83 0. 
-2.543e+06 -1.08147e+06 57204. -198712. -612728. -770213. -702705. -536900. -364721. -227147. -131964. -72229.5 -37430.8 -18379.3 -8516.96 -3682.91 -1447.63 -483.308 -105.171 20.7842 48.1475 42.7833 30.3489 19.3224 11.5182 6.56061 3.61192 1.93605 1.01536 0.522875 0.265107 0.132621 0.0655738 0.0320925 0.015566 0.00749076 0.00357997 0.00170067 0.000803711 0.000378129 0.00017723 8.28053e-05 3.85877e-05 1.79445e-05 8.33097e-06 3.86289e-06 1.78946e-06 8.28391e-07 3.83304e-07 1.77299e-07 8.19897e-08 3.79071e-08 1.7522e-08 8.09712e-09 3.74045e-09 1.72711e-09 7.97019e-10 3.67544e-10 1.6935e-10 7.79535e-11 3.58428e-11 1.646e-11 7.54866e-12 3.45678e-12 1.5805e-12 7.21438e-13 3.28743e-13 1.49533e-13 6.78924e-14 3.07672e-14 1.39163e-14 6.28234e-15 2.83055e-15 1.27283e-15 5.71238e-16 2.55867e-16 1.14383e-16 5.10353e-17 2.27271e-17 1.01016e-17 4.48144e-18 1.98444e-18 8.77125e-19 3.8699e-19 1.70438e-19 7.49324e-20 3.28871e-20 1.44094e-20 6.30295e-21 2.75253e-21 1.20012e-21 5.22436e-22 2.27076e-22 9.85488e-23 4.27057e-23 1.84794e-23 7.98491e-24 3.44543e-24 1.48464e-24 6.3887e-25 2.74556e-25 1.17839e-25 5.05119e-26 2.16251e-26 9.24686e-27 3.94921e-27 1.68468e-27 7.17832e-28 3.0552e-28 1.2989e-28 5.51618e-29 2.34013e-29 9.91713e-30 4.19843e-30 1.77562e-30 7.50215e-31 3.16664e-31 1.33536e-31 5.62588e-32 2.36801e-32 9.95824e-33 4.18399e-33 1.75632e-33 7.36549e-34 3.08579e-34 1.29158e-34 5.40211e-35 2.25767e-35 9.42806e-36 3.93419e-36 1.64046e-36 6.83534e-37 2.84606e-37 1.18419e-37 4.9238e-38 2.04589e-38 8.49518e-39 3.52514e-39 1.46183e-39 6.05814e-40 2.50904e-40 1.03849e-40 4.2957e-41 1.77583e-41 7.33682e-42 3.02942e-42 1.25014e-42 5.15594e-43 2.12526e-43 8.75536e-44 3.60493e-44 1.48349e-44 6.10153e-45 2.50821e-45 1.03054e-45 4.23193e-46 1.73698e-46 7.12577e-47 2.92183e-47 1.19748e-47 4.90534e-48 2.00847e-48 8.21973e-49 3.3624e-49 1.37481e-49 5.61875e-50 2.29532e-50 9.37253e-51 3.82544e-51 1.5607e-51 6.36465e-52 2.59446e-52 1.05716e-52 4.30584e-53 1.75307e-53 7.13457e-54 2.90246e-54 1.18031e-54 4.79798e-55 1.94965e-55 7.91939e-56 3.21563e-56 1.30521e-56 5.2959e-57 2.14804e-57 8.70949e-58 3.53013e-58 1.43034e-58 5.79347e-59 2.3458e-59 9.4951e-60 3.84206e-60 1.55413e-60 6.28448e-61 2.54047e-61 1.02664e-61 4.14754e-62 1.67505e-62 6.76288e-63 2.72963e-63 1.1014e-63 4.44284e-64 1.79163e-64 7.22284e-65 2.91101e-65 1.17289e-65 4.7244e-66 1.90247e-66 7.65891e-67 3.08247e-67 1.24026e-67 4.98898e-68 2.0063e-68 8.06612e-69 3.24207e-69 1.30277e-69 5.23362e-70 2.10198e-70 8.44007e-71 3.3881e-71 1.35975e-71 5.4558e-72 2.18853e-72 8.77696e-73 3.51911e-73 1.41066e-73 5.65338e-74 2.26514e-74 9.07371e-75 3.63393e-75 1.45503e-75 5.82465e-76 2.33117e-76 9.32789e-77 3.73164e-77 1.49253e-77 5.96837e-78 2.38615e-78 9.5378e-79 3.81163e-79 1.52294e-79 6.08371e-80 2.42977e-80 9.70211e-81 3.8728e-81 1.54448e-81 6.13312e-82 2.37974e-82 8.0205e-83 0. 
-2.543e+06 -1.07769e+06 64982.5 -183810. -590765. -746814. -683157. -523304. -356610. -222985. -130197. -71706.8 -37450. -18571.9 -8720. -3841.48 -1555.11 -549.899 -143.785 -0.432407 37.0278 37.2068 27.6724 18.0966 10.9863 6.34538 3.53343 1.91254 1.01172 0.525069 0.268122 0.135014 0.0671642 0.033057 0.016118 0.00779406 0.00374156 0.0017847 0.00084655 0.000399613 0.000187855 8.79989e-05 4.11009e-05 1.91502e-05 8.9052e-06 4.1347e-06 1.91747e-06 8.88428e-07 4.11368e-07 1.90384e-07 8.80792e-08 4.07373e-08 1.88363e-08 8.7072e-09 4.0236e-09 1.85853e-09 8.58027e-10 3.95872e-10 1.82506e-10 8.40639e-11 3.86809e-11 1.77779e-11 8.16038e-12 3.74056e-12 1.71205e-12 7.82358e-13 3.56922e-13 1.6255e-13 7.38961e-14 3.35318e-14 1.51871e-14 6.86538e-15 3.09753e-15 1.39483e-15 6.26872e-16 2.81183e-16 1.25879e-16 5.62436e-17 2.50817e-17 1.11637e-17 4.95953e-18 2.19917e-18 9.73361e-19 4.30029e-19 1.89645e-19 8.34865e-20 3.66889e-20 1.60957e-20 7.04945e-21 3.08235e-21 1.34556e-21 5.86453e-22 2.55202e-22 1.10884e-22 4.81058e-23 2.08394e-23 9.01459e-24 3.89394e-24 1.67968e-24 7.23558e-25 3.1127e-25 1.33731e-25 5.73809e-26 2.45898e-26 1.05246e-26 4.49912e-27 1.92103e-27 8.19281e-28 3.49008e-28 1.48508e-28 6.31228e-29 2.68012e-29 1.13674e-29 4.81632e-30 2.03857e-30 8.61991e-31 3.64126e-31 1.53667e-31 6.47886e-32 2.72904e-32 1.14848e-32 4.82872e-33 2.02825e-33 8.51026e-34 3.56633e-34 1.49277e-34 6.24522e-35 2.61076e-35 1.09059e-35 4.55231e-36 1.89885e-36 7.9148e-37 3.29675e-37 1.37225e-37 5.70799e-38 2.37271e-38 9.85638e-39 4.09174e-39 1.69753e-39 7.03805e-40 2.91618e-40 1.20756e-40 4.99728e-41 2.0668e-41 8.54286e-42 3.52901e-42 1.45697e-42 6.0117e-43 2.47913e-43 1.02178e-43 4.20897e-44 1.73284e-44 7.13026e-45 2.9324e-45 1.20535e-45 4.95196e-46 2.03339e-46 8.34535e-47 3.42336e-47 1.40361e-47 5.75214e-48 2.35616e-48 9.64662e-49 3.94769e-49 1.61477e-49 6.60206e-50 2.69807e-50 1.10214e-50 4.50015e-51 1.83667e-51 7.49287e-52 3.0555e-52 1.24548e-52 5.0747e-53 2.06685e-53 8.41457e-54 3.42439e-54 1.39304e-54 5.66469e-55 2.30262e-55 9.35629e-56 3.80034e-56 1.54306e-56 6.26299e-57 2.54112e-57 1.03065e-57 4.17877e-58 1.69368e-58 6.86224e-59 2.7794e-59 1.12536e-59 4.55497e-60 1.84305e-60 7.45499e-61 3.01451e-61 1.21856e-61 4.92428e-62 1.98931e-62 8.0339e-63 3.24353e-63 1.30912e-63 5.28215e-64 2.13066e-64 8.5919e-65 3.46369e-65 1.39593e-65 5.62427e-66 2.26541e-66 9.12233e-67 3.67237e-67 1.47798e-67 5.94665e-68 2.392e-68 9.61911e-69 3.86719e-69 1.55433e-69 6.24568e-70 2.50903e-70 1.00768e-70 4.04605e-71 1.62418e-71 6.51821e-72 2.61528e-72 1.04907e-72 4.20715e-73 1.68682e-73 6.76159e-74 2.70974e-74 1.0857e-74 4.349e-75 1.7417e-75 6.97366e-76 2.79159e-76 1.11725e-76 4.47045e-77 1.78838e-77 7.15283e-78 2.86024e-78 1.1435e-78 4.57069e-79 1.82657e-79 7.298e-80 2.91529e-80 1.16429e-80 4.64843e-81 1.85422e-81 7.36567e-82 2.85988e-82 9.6509e-83 0. 
-2.543e+06 -1.07861e+06 63995.9 -174934. -567150. -716406. -655213. -502459. -343246. -215434. -126421. -70074.2 -36891.3 -18480.5 -8791.74 -3943.77 -1641. -609.794 -181.437 -22.486 24.7926 30.7185 24.3668 16.4747 10.2198 5.99704 3.38201 1.85021 0.987905 0.517007 0.266018 0.134895 0.0675417 0.0334438 0.0163983 0.00797104 0.00384503 0.00184222 0.000877402 0.000415712 0.000196075 9.21221e-05 4.31391e-05 2.01454e-05 9.38624e-06 4.36519e-06 2.02711e-06 9.40272e-07 4.35764e-07 2.0182e-07 9.3424e-08 4.32298e-08 1.9997e-08 9.24715e-09 4.27468e-09 1.97528e-09 9.12319e-10 4.21128e-10 1.94259e-10 8.95353e-11 4.12286e-11 1.89644e-11 8.71293e-12 3.99781e-12 1.83175e-12 8.38022e-13 3.82781e-13 1.74549e-13 7.94567e-14 3.61046e-14 1.63755e-14 7.41333e-15 3.34968e-15 1.51063e-15 6.79939e-16 3.05449e-16 1.3695e-16 6.12836e-17 2.73708e-17 1.22011e-17 5.42854e-18 2.41074e-18 1.06859e-18 4.72792e-19 2.08806e-19 9.20536e-20 4.05111e-20 1.77973e-20 7.80543e-21 3.41752e-21 1.49387e-21 6.51946e-22 2.84068e-22 1.23583e-22 5.3682e-23 2.32836e-23 1.0084e-23 4.36105e-24 1.88336e-24 8.12224e-25 3.49806e-25 1.50453e-25 6.46257e-26 2.77239e-26 1.18784e-26 5.08306e-27 2.17255e-27 9.27465e-28 3.95477e-28 1.68442e-28 7.16629e-29 3.04552e-29 1.29289e-29 5.48279e-30 2.32269e-30 9.82971e-31 4.15581e-31 1.75528e-31 7.40657e-32 3.12231e-32 1.31501e-32 5.53302e-33 2.32561e-33 9.76166e-34 4.08979e-34 1.71032e-34 7.1546e-35 2.99082e-35 1.24939e-35 5.2157e-36 2.17589e-36 9.07142e-37 3.77944e-37 1.57361e-37 6.54769e-38 2.7227e-38 1.13145e-38 4.6989e-39 1.95023e-39 8.08921e-40 3.3532e-40 1.38914e-40 5.7514e-41 2.3798e-41 9.84128e-42 4.06732e-42 1.68001e-42 6.93537e-43 2.86142e-43 1.17991e-43 4.8627e-44 2.00294e-44 8.24566e-45 3.39274e-45 1.39523e-45 5.73479e-46 2.35594e-46 9.67368e-47 3.97009e-47 1.62853e-47 6.67693e-48 2.7362e-48 1.12076e-48 4.58853e-49 1.87772e-49 7.68052e-50 3.14016e-50 1.28327e-50 5.24197e-51 2.14032e-51 8.73529e-52 3.5636e-52 1.45318e-52 5.92335e-53 2.41345e-53 9.82951e-54 4.00176e-54 1.62854e-54 6.62485e-55 2.69392e-55 1.09504e-55 4.44946e-56 1.80727e-56 7.33804e-57 2.97837e-57 1.20842e-57 4.90124e-58 1.98719e-58 8.05417e-59 3.26327e-59 1.32171e-59 5.3515e-60 2.16605e-60 8.76433e-61 3.54509e-61 1.4335e-61 5.79464e-62 2.34164e-62 9.45972e-63 3.82034e-63 1.54239e-63 6.22521e-64 2.5118e-64 1.01318e-64 4.08566e-65 1.64707e-65 6.63799e-66 2.67447e-66 1.07725e-66 4.33788e-67 1.74629e-67 7.02811e-68 2.82777e-68 1.13745e-68 4.57411e-69 1.83894e-69 7.39119e-70 2.96996e-70 1.1931e-70 4.79175e-71 1.92399e-71 7.72334e-72 3.09957e-72 1.24363e-72 4.98859e-73 2.00061e-73 8.02126e-74 3.21531e-74 1.28855e-74 5.16277e-75 2.06807e-75 8.28227e-76 3.31617e-76 1.32748e-76 5.31284e-77 2.12584e-77 8.50432e-78 3.40139e-78 1.36014e-78 5.43774e-79 2.17352e-79 8.68598e-80 3.47044e-80 1.3863e-80 5.53597e-81 2.20886e-81 8.77859e-82 3.41216e-82 1.15415e-82 0. 
-2.543e+06 -1.08814e+06 40800.7 -186932. -550688. -681727. -618040. -472203. -322440. -202790. -119491. -66631.3 -35358.6 -17894.4 -8626.24 -3939.18 -1682.34 -653.146 -214.2 -43.9708 11.8485 23.37 20.3824 14.3952 9.17007 5.48312 3.13762 1.73732 0.937302 0.495056 0.25685 0.131242 0.0661772 0.0329833 0.0162714 0.00795438 0.0038573 0.00185716 0.000888511 0.000422716 0.000200127 9.4344e-05 4.43126e-05 2.07483e-05 9.68942e-06 4.51509e-06 2.10022e-06 9.7554e-07 4.52625e-07 2.09823e-07 9.72022e-08 4.50057e-08 2.08291e-08 9.63628e-09 4.45642e-09 2.06011e-09 9.51916e-10 4.39619e-10 2.029e-10 9.35765e-11 4.31201e-11 1.98504e-11 9.12814e-12 4.19246e-12 1.92301e-12 8.80791e-13 4.02815e-13 1.83926e-13 8.38402e-14 3.81511e-14 1.73294e-14 7.85709e-15 3.55573e-15 1.6061e-15 7.24074e-16 3.25804e-16 1.46316e-16 6.55823e-17 2.9339e-17 1.30999e-17 5.83801e-18 2.5968e-18 1.15292e-18 5.10927e-19 2.26007e-19 9.97937e-20 4.39857e-20 1.93535e-20 8.5008e-21 3.72755e-21 1.63179e-21 7.13169e-22 3.11189e-22 1.35572e-22 5.89713e-23 2.56125e-23 1.11075e-23 4.80999e-24 2.07993e-24 8.98133e-25 3.87288e-25 1.66778e-25 7.17242e-26 3.08055e-26 1.3214e-26 5.66107e-27 2.4223e-27 1.03522e-27 4.41904e-28 1.88416e-28 8.02443e-29 3.4137e-29 1.45065e-29 6.1579e-30 2.61123e-30 1.10614e-30 4.68092e-31 1.97889e-31 8.3577e-32 3.52641e-32 1.48649e-32 6.2597e-33 2.63279e-33 1.10522e-33 4.6238e-34 1.92668e-34 8.05245e-35 3.36388e-35 1.40455e-35 5.86154e-36 2.44487e-36 1.01921e-36 4.24648e-37 1.76827e-37 7.359e-38 3.06082e-38 1.27234e-38 5.2858e-39 2.19464e-39 9.10671e-40 3.77662e-40 1.56527e-40 6.48367e-41 2.68411e-41 1.11052e-41 4.59204e-42 1.89773e-42 7.83825e-43 3.23564e-43 1.33493e-43 5.5045e-44 2.26851e-44 9.34392e-45 3.84668e-45 1.58275e-45 6.50898e-46 2.6754e-46 1.09912e-46 4.51315e-47 1.85224e-47 7.59807e-48 3.11528e-48 1.27668e-48 5.22949e-49 2.14108e-49 8.76207e-50 3.5841e-50 1.4654e-50 5.98881e-51 2.44642e-51 9.98925e-52 4.07706e-52 1.66332e-52 6.78301e-53 2.76496e-53 1.12662e-53 4.58867e-54 1.8682e-54 7.60306e-55 3.09302e-55 1.25779e-55 5.11293e-56 2.07762e-56 8.43917e-57 3.42668e-57 1.39088e-57 5.64347e-58 2.28902e-58 9.28111e-59 3.76183e-59 1.52422e-59 6.17375e-60 2.49979e-60 1.01184e-60 4.0943e-61 1.65617e-61 6.69715e-62 2.7073e-62 1.09407e-62 4.41998e-63 1.78509e-63 7.20721e-64 2.909e-64 1.17379e-64 4.73486e-65 1.9094e-65 7.69772e-66 3.10243e-66 1.25003e-66 5.03517e-67 2.02763e-67 8.16287e-68 3.28533e-68 1.3219e-68 5.31743e-69 2.13841e-69 8.59735e-70 3.45563e-70 1.3886e-70 5.5785e-71 2.24052e-71 8.99646e-72 3.6115e-72 1.44943e-72 5.81568e-73 2.33292e-73 9.35615e-74 3.75139e-74 1.50378e-74 6.02668e-75 2.41474e-75 9.67311e-76 3.87403e-76 1.55119e-76 6.20967e-77 2.4853e-77 9.94475e-78 3.97847e-78 1.59128e-78 6.36332e-79 2.54408e-79 1.01692e-79 4.06401e-80 1.62378e-80 6.48596e-81 2.58877e-81 1.02953e-81 4.00878e-82 1.36193e-82 0. 
-2.543e+06 -1.10727e+06 -28246.9 -248716. -562713. -654823. -576898. -433938. -293853. -184182. -108562. -60742. -32432. -16560.5 -8080.89 -3751.75 -1640.65 -661.365 -233.509 -61.1466 -0.276335 15.7276 15.8947 11.8896 7.82468 4.78343 2.78355 1.56241 0.85277 0.455026 0.238256 0.122765 0.0623824 0.0313158 0.0155524 0.00765046 0.00373157 0.00180638 0.000868563 0.000415141 0.000197376 9.34062e-05 4.40247e-05 2.06774e-05 9.68265e-06 4.52266e-06 2.10804e-06 9.80865e-07 4.55754e-07 2.11526e-07 9.80867e-08 4.54515e-08 2.10492e-08 9.74347e-09 4.50818e-09 2.08498e-09 9.63844e-10 4.4534e-10 2.05648e-10 9.48998e-11 4.37592e-11 2.01598e-11 9.27834e-12 4.26549e-12 1.95855e-12 8.98095e-13 4.11234e-13 1.88017e-13 8.58243e-14 3.9111e-14 1.77925e-14 8.0798e-15 3.66246e-15 1.65706e-15 7.48319e-16 3.37295e-16 1.51741e-16 6.81334e-17 3.05341e-17 1.36577e-17 6.0974e-18 2.71699e-18 1.20841e-18 5.36456e-19 2.37714e-19 1.05144e-19 4.64234e-20 2.04607e-20 9.00216e-21 3.95393e-21 1.73372e-21 7.58939e-22 3.31686e-22 1.44728e-22 6.30512e-23 2.74261e-23 1.19118e-23 5.16586e-24 2.23704e-24 9.67353e-25 4.1772e-25 1.8013e-25 7.75713e-26 3.33611e-26 1.4329e-26 6.14661e-27 2.63338e-27 1.12683e-27 4.81594e-28 2.05585e-28 8.76594e-29 3.73347e-29 1.58834e-29 6.74992e-30 2.86542e-30 1.21513e-30 5.14761e-31 2.17846e-31 9.21001e-32 3.88995e-32 1.64135e-32 6.91821e-33 2.9117e-33 1.22176e-33 5.08931e-34 2.09567e-34 8.73719e-35 3.643e-35 1.5189e-35 6.33197e-36 2.63906e-36 1.09959e-36 4.57991e-37 1.90683e-37 7.93551e-38 3.30093e-38 1.37241e-38 5.7031e-39 2.3687e-39 9.83276e-40 4.07948e-40 1.69159e-40 7.01043e-41 2.9037e-41 1.20203e-41 4.97322e-42 2.05645e-42 8.49877e-43 3.51038e-43 1.44915e-43 5.9791e-44 2.4656e-44 1.01619e-44 4.18597e-45 1.72341e-45 7.09174e-46 2.91671e-46 1.19897e-46 4.92613e-47 2.02295e-47 8.30323e-48 3.40641e-48 1.39681e-48 5.72488e-49 2.34526e-49 9.60311e-50 3.93035e-50 1.60788e-50 6.57471e-51 2.68724e-51 1.09786e-51 4.48326e-52 1.83002e-52 7.46675e-53 3.04526e-53 1.24147e-53 5.05908e-54 2.06077e-54 8.39096e-55 3.41525e-55 1.38951e-55 5.65112e-56 2.29742e-56 9.33643e-57 3.79279e-57 1.5402e-57 6.25224e-58 2.5371e-58 1.02916e-58 4.17328e-59 1.69168e-59 6.85505e-60 2.77686e-60 1.12447e-60 4.55199e-61 1.84208e-61 7.45203e-62 3.0137e-62 1.21839e-62 4.92421e-63 1.98953e-63 8.03579e-64 3.2447e-64 1.30975e-64 5.28535e-65 2.13221e-65 8.59919e-66 3.46705e-66 1.39745e-66 5.63106e-67 2.26841e-67 9.13549e-68 3.67809e-68 1.48045e-68 5.95729e-69 2.39655e-69 9.63852e-70 3.87543e-70 1.55782e-70 6.26038e-71 2.51521e-71 1.01027e-71 4.05691e-72 1.62871e-72 6.53711e-73 2.62314e-73 1.05234e-73 4.22069e-74 1.69242e-74 6.78475e-75 2.71931e-75 1.08964e-75 4.36524e-76 1.74838e-76 7.00111e-77 2.80286e-77 1.12187e-77 4.48938e-78 1.79613e-78 7.18451e-79 2.87319e-79 1.14879e-79 4.59225e-80 1.83534e-80 7.33316e-81 2.9281e-81 1.16554e-81 4.55126e-82 1.5589e-82 0. 
-2.543e+06 -1.11324e+06 -172054. -398264. -634475. -656906. -544291. -394104. -260295. -160531. -93712.7 -52199.9 -27867.6 -14283.6 -7023.21 -3300.17 -1469.49 -609.418 -226.533 -67.7388 -8.65636 9.08547 11.44 9.16035 6.24829 3.91098 2.31642 1.31894 0.728712 0.393031 0.207801 0.108028 0.0553482 0.0279989 0.0140056 0.00693622 0.00340468 0.00165794 0.000801612 0.000385117 0.000183974 8.74447e-05 4.13791e-05 1.95048e-05 9.16291e-06 4.29206e-06 2.00552e-06 9.35159e-07 4.35308e-07 2.02346e-07 9.39488e-08 4.35795e-08 2.01996e-08 9.35682e-09 4.33187e-09 2.00449e-09 9.27083e-10 4.28559e-10 1.97998e-10 9.1419e-11 4.21797e-11 1.94455e-11 8.9565e-12 4.12111e-12 1.89409e-12 8.69468e-13 3.98592e-13 1.82467e-13 8.34037e-14 3.80626e-14 1.73417e-14 7.88758e-15 3.58121e-15 1.62306e-15 7.34242e-16 3.3154e-16 1.49423e-16 6.72163e-17 3.01792e-17 1.35243e-17 6.04923e-18 2.70062e-18 1.20341e-18 5.35244e-19 2.37623e-19 1.05301e-19 4.65794e-20 2.05674e-20 9.06571e-21 3.98907e-21 1.75227e-21 7.68424e-22 3.36421e-22 1.47049e-22 6.41719e-23 2.79607e-23 1.21642e-23 5.28399e-24 2.2919e-24 9.92653e-25 4.29318e-25 1.85418e-25 7.99697e-26 3.44441e-26 1.48159e-26 6.3647e-27 2.7307e-27 1.17012e-27 5.00784e-28 2.14067e-28 9.13983e-29 3.89783e-29 1.66041e-29 7.06517e-30 3.003e-30 1.27504e-30 5.40796e-31 2.29137e-31 9.69872e-32 4.10109e-32 1.73239e-32 7.30971e-33 3.07862e-33 1.29002e-33 5.31406e-34 2.10202e-34 8.71684e-35 3.61974e-35 1.50456e-35 6.25778e-36 2.60373e-36 1.08355e-36 4.50938e-37 1.87647e-37 7.80694e-38 3.24715e-38 1.35014e-38 5.61161e-39 2.33138e-39 9.68152e-40 4.01852e-40 1.66715e-40 6.91289e-41 2.86497e-41 1.18672e-41 4.91301e-42 2.03288e-42 8.40702e-43 3.47485e-43 1.43548e-43 5.92682e-44 2.44576e-44 1.00873e-44 4.15817e-45 1.71317e-45 7.05462e-46 2.90349e-46 1.19438e-46 4.9107e-47 2.01801e-47 8.28874e-48 3.40281e-48 1.39628e-48 5.72663e-49 2.34756e-49 9.61895e-50 3.93945e-50 1.61266e-50 6.59856e-51 2.69873e-51 1.10325e-51 4.50816e-52 1.84134e-52 7.51761e-53 3.06789e-53 1.25146e-53 5.10286e-54 2.07984e-54 8.47364e-55 3.45092e-55 1.40484e-55 5.71673e-56 2.32541e-56 9.45551e-57 3.84331e-57 1.56157e-57 6.34246e-58 2.5751e-58 1.04514e-58 4.24029e-59 1.71975e-59 6.97237e-60 2.82583e-60 1.14489e-60 4.63696e-61 1.8774e-61 7.59866e-62 3.0745e-62 1.24357e-62 5.02838e-63 2.03258e-63 8.21353e-64 3.31801e-64 1.33996e-64 5.40972e-65 2.18336e-65 8.80944e-66 3.55339e-66 1.43288e-66 5.77634e-67 2.32793e-67 9.37921e-68 3.77781e-68 1.52123e-68 6.1239e-69 2.46459e-69 9.91618e-70 3.98868e-70 1.60398e-70 6.44845e-71 2.59179e-71 1.04144e-71 4.18366e-72 1.68024e-72 6.74648e-73 2.70818e-73 1.08685e-73 4.36073e-74 1.74922e-74 7.01498e-75 2.81259e-75 1.12742e-75 4.51819e-76 1.81028e-76 7.25147e-77 2.90409e-77 1.16278e-77 4.65469e-78 1.86289e-78 7.45404e-79 2.98196e-79 1.19267e-79 4.76922e-80 1.90669e-80 7.62089e-81 3.04445e-81 1.21329e-81 4.75804e-82 1.65395e-82 0. 
-2.543e+06 -980095. -384795. -643221. -777171. -700002. -530314. -359733. -225983. -134033. -75918. -41336.9 -21709.8 -11007.3 -5380.15 -2524.49 -1127.66 -471.781 -178.583 -55.7718 -9.17433 5.47096 7.96992 6.63116 4.61763 2.93295 1.7579 1.01136 0.564067 0.306913 0.16362 0.0857342 0.0442585 0.0225514 0.0113589 0.00566285 0.00279727 0.00137037 0.000666365 0.000321868 0.000154538 7.37998e-05 3.50747e-05 1.65993e-05 7.82637e-06 3.67801e-06 1.72361e-06 8.05771e-07 3.75915e-07 1.75072e-07 8.14173e-08 3.78178e-08 1.75486e-08 8.13636e-09 3.76971e-09 1.74548e-09 8.07735e-10 3.73575e-10 1.72677e-10 7.97666e-11 3.68225e-11 1.69854e-11 7.8284e-12 3.60465e-12 1.65807e-12 7.61819e-13 3.49595e-13 1.60215e-13 7.33212e-14 3.35048e-14 1.52864e-14 6.96301e-15 3.16633e-15 1.43735e-15 6.51323e-16 2.94609e-16 1.33015e-16 5.99445e-17 2.69643e-17 1.21064e-17 5.42536e-18 2.42677e-18 1.08347e-18 4.82839e-19 2.14776e-19 9.53624e-20 4.22652e-20 1.86987e-20 8.25797e-21 3.64064e-21 1.60227e-21 7.03978e-22 3.08786e-22 1.35221e-22 5.91191e-23 2.58061e-23 1.12471e-23 4.89433e-24 2.12663e-24 9.22675e-25 3.99738e-25 1.72935e-25 7.47108e-26 3.2232e-26 1.3887e-26 5.97522e-27 2.56766e-27 1.10196e-27 4.72341e-28 2.02215e-28 8.64664e-29 3.69292e-29 1.5754e-29 6.71301e-30 2.85733e-30 1.21487e-30 5.15978e-31 2.18915e-31 9.27834e-32 3.92846e-32 1.6616e-32 7.01962e-33 2.95883e-33 1.23654e-33 4.95682e-34 1.65754e-34 6.80797e-35 2.80679e-35 1.16041e-35 4.80722e-36 1.99436e-36 8.28219e-37 3.44167e-37 1.43074e-37 5.94884e-38 2.4735e-38 1.02836e-38 4.27456e-39 1.7763e-39 7.37898e-40 3.06414e-40 1.27185e-40 5.2768e-41 2.18826e-41 9.07012e-42 3.75759e-42 1.5559e-42 6.43916e-43 2.66347e-43 1.10112e-43 4.54982e-44 1.87898e-44 7.75568e-45 3.19954e-45 1.31925e-45 5.43674e-46 2.23936e-46 9.21904e-47 3.79336e-47 1.56006e-47 6.41269e-48 2.63464e-48 1.0819e-48 4.44062e-49 1.82174e-49 7.47003e-50 3.06163e-50 1.25423e-50 5.13573e-51 2.10197e-51 8.59912e-52 3.51631e-52 1.43723e-52 5.87187e-53 2.39794e-53 9.78844e-54 3.99397e-54 1.62897e-54 6.64116e-55 2.70643e-55 1.10248e-55 4.48927e-56 1.82729e-56 7.43479e-57 3.02387e-57 1.2294e-57 4.99639e-58 2.02983e-58 8.24331e-59 3.34646e-59 1.35804e-59 5.50918e-60 2.23412e-60 9.05682e-61 3.67024e-61 1.48685e-61 6.02131e-62 2.43765e-62 9.86525e-63 3.9912e-63 1.6142e-63 6.52642e-64 2.63788e-64 1.06586e-64 4.30535e-65 1.73855e-65 7.0183e-66 2.83236e-66 1.14271e-66 4.60887e-67 1.85836e-67 7.49097e-68 3.01873e-68 1.21615e-68 4.89813e-69 1.97221e-69 7.93886e-70 3.19481e-70 1.28534e-70 5.16979e-71 2.07881e-71 8.35688e-72 3.35863e-72 1.34949e-72 5.42085e-73 2.17699e-73 8.74054e-74 3.50844e-74 1.40794e-74 5.64871e-75 2.26575e-75 9.08596e-76 3.64275e-76 1.46011e-76 5.85119e-77 2.34425e-77 9.38998e-78 3.76035e-78 1.50556e-78 6.02657e-79 2.41184e-79 9.65013e-80 3.86034e-80 1.54392e-80 6.17338e-81 2.46751e-81 9.84709e-82 3.88455e-82 1.3855e-82 0. 
-2.543e+06 -211195. -451575. -864366. -925731. -753519. -523701. -328443. -191631. -105941. -56128.5 -28694. -14202.8 -6809.86 -3154.56 -1402.39 -590.335 -228.898 -76.4429 -17.1256 2.82531 7.40813 6.78736 4.94393 3.23425 1.9836 1.16394 0.660836 0.365576 0.197973 0.105297 0.0551411 0.028485 0.0145379 0.00733974 0.0036696 0.00181851 0.000893988 0.000436297 0.000211523 0.000101936 4.88588e-05 2.33041e-05 1.10667e-05 5.2348e-06 2.4676e-06 1.15964e-06 5.43517e-07 2.54154e-07 1.18608e-07 5.52576e-08 2.57064e-08 1.19441e-08 5.54384e-09 2.57083e-09 1.19122e-09 5.51561e-10 2.55212e-10 1.1801e-10 5.45312e-11 2.51803e-11 1.16184e-11 5.35643e-12 2.46724e-12 1.13532e-12 5.2187e-13 2.39609e-13 1.09876e-13 5.03183e-14 2.30112e-14 1.05078e-14 4.79083e-15 2.18079e-15 9.91057e-16 4.49619e-16 2.03627e-16 9.20575e-17 4.15435e-17 1.87138e-17 8.41446e-18 3.77656e-18 1.69188e-18 7.56565e-19 3.37699e-19 1.50461e-19 6.69165e-20 2.97074e-20 1.31651e-20 5.82399e-21 2.57195e-21 1.13386e-21 4.99026e-22 2.19261e-22 9.618e-23 4.21217e-23 1.84176e-23 8.04048e-24 3.50478e-24 1.52539e-24 6.62908e-25 2.87668e-25 1.24654e-25 5.39392e-26 2.33079e-26 1.0058e-26 4.33448e-27 1.86549e-27 8.01846e-28 3.44223e-28 1.47587e-28 6.32019e-29 2.70329e-29 1.1549e-29 4.92829e-30 2.10066e-30 8.94407e-31 3.804e-31 1.61615e-31 6.85906e-32 2.90803e-32 1.23163e-32 5.21007e-33 2.19843e-33 9.15606e-34 3.43831e-34 2.21318e-35 9.53616e-36 3.99892e-36 1.66604e-36 6.91742e-37 2.86584e-37 1.18554e-37 4.89926e-38 2.02306e-38 8.34884e-39 3.4437e-39 1.41981e-39 5.85137e-40 2.41051e-40 9.92634e-41 4.08597e-41 1.68123e-41 6.91477e-42 2.84281e-42 1.16824e-42 4.79876e-43 1.97032e-43 8.0863e-44 3.31719e-44 1.36018e-44 5.57474e-45 2.28379e-45 9.35172e-46 3.82763e-46 1.56592e-46 6.40348e-47 2.61737e-47 1.06935e-47 4.36697e-48 1.78258e-48 7.27318e-49 2.96627e-49 1.20923e-49 4.92741e-50 2.00698e-50 8.17116e-51 3.32538e-51 1.35276e-51 5.5007e-52 2.23583e-52 9.08418e-53 3.68942e-53 1.49782e-53 6.07839e-54 2.46576e-54 9.99877e-55 4.05301e-55 1.64227e-55 6.652e-56 2.69339e-56 1.09016e-56 4.41086e-57 1.78403e-57 7.21324e-58 2.91546e-58 1.17797e-58 4.75788e-59 1.92109e-59 7.75419e-60 3.12884e-60 1.26209e-60 5.08927e-61 2.05156e-61 8.26752e-62 3.33067e-62 1.34139e-62 5.40065e-63 2.17373e-63 8.74656e-64 3.51836e-64 1.41487e-64 5.68812e-65 2.2861e-65 9.18546e-66 3.68965e-66 1.48166e-66 5.94831e-67 2.38738e-67 9.57927e-68 3.84263e-68 1.54103e-68 6.17846e-69 2.4765e-69 9.92398e-70 3.97579e-70 1.59241e-70 6.37641e-71 2.55266e-71 1.02165e-71 4.08801e-72 1.63537e-72 6.54061e-73 2.61529e-73 1.04549e-73 4.17852e-74 1.66965e-74 6.67011e-75 2.66406e-75 1.0638e-75 4.24697e-76 1.69514e-76 6.76456e-77 2.69887e-77 1.07655e-77 4.29332e-78 1.71185e-78 6.82414e-79 2.71984e-79 1.0838e-79 4.3179e-80 1.71992e-80 6.84951e-81 2.72725e-81 1.08567e-81 4.32046e-82 1.71775e-82 6.79957e-83 2.62685e-83 8.74537e-84 0. 
-2.543e+06 -236070. -43188.8 -593188. -835065. -757034. -552596. -352132. -203567. -108969. -54595.3 -25702.1 -11338.7 -4630.16 -1694.79 -506.926 -77.1398 48.7768 66.1101 52.3607 34.855 21.2143 12.2107 6.7613 3.63773 1.91384 0.988878 0.503373 0.253017 0.125804 0.0619625 0.0302655 0.0146744 0.00706826 0.00338459 0.00161217 0.000764306 0.000360828 0.000169714 7.95637e-05 3.71943e-05 1.7345e-05 8.07189e-06 3.74997e-06 1.73968e-06 8.06172e-07 3.73259e-07 1.72706e-07 7.98723e-08 3.6926e-08 1.70669e-08 7.88645e-09 3.64351e-09 1.6829e-09 7.77087e-10 3.58693e-10 1.65489e-10 7.63067e-11 3.51596e-11 1.61866e-11 7.4446e-12 3.42012e-12 1.56928e-12 7.19065e-13 3.28999e-13 1.50292e-13 6.85413e-14 3.12041e-14 1.41802e-14 6.43188e-15 2.9118e-15 1.31563e-15 5.93257e-16 2.66981e-16 1.19906e-16 5.37429e-17 2.40392e-17 1.0731e-17 4.78068e-18 2.12553e-18 9.43162e-19 4.17688e-19 1.84619e-19 8.14459e-20 3.58627e-20 1.57619e-20 6.9148e-21 3.02809e-21 1.3237e-21 5.77641e-22 2.51642e-22 1.09442e-22 4.75192e-23 2.05995e-23 8.91575e-24 3.85289e-24 1.66249e-24 7.16281e-25 3.0816e-25 1.32389e-25 5.67961e-26 2.43328e-26 1.04108e-26 4.4484e-27 1.89831e-27 8.09063e-28 3.44399e-28 1.46425e-28 6.21809e-29 2.63751e-29 1.11747e-29 4.72928e-30 1.99931e-30 8.44303e-31 3.56174e-31 1.50099e-31 6.31913e-32 2.6577e-32 1.11669e-32 4.68754e-33 1.96581e-33 8.23514e-34 3.44374e-34 1.4326e-34 5.87237e-35 2.55332e-35 1.08632e-35 4.58754e-36 1.92838e-36 8.0751e-37 3.3706e-37 1.40317e-37 5.82867e-38 2.41688e-38 1.00071e-38 4.13842e-39 1.7097e-39 7.05711e-40 2.91074e-40 1.19974e-40 4.94201e-41 2.03457e-41 8.3716e-42 3.44288e-42 1.41521e-42 5.81447e-43 2.38778e-43 9.80115e-44 4.02123e-44 1.64908e-44 6.75973e-45 2.76961e-45 1.13426e-45 4.64316e-46 1.89985e-46 7.77022e-47 3.17654e-47 1.29803e-47 5.30182e-48 2.16459e-48 8.83361e-49 3.60341e-49 1.46928e-49 5.98838e-50 2.43968e-50 9.93513e-51 4.04422e-51 1.64557e-51 6.69301e-52 2.72114e-52 1.10588e-52 4.49251e-53 1.82432e-53 7.40532e-54 3.00482e-54 1.21879e-54 4.94166e-55 2.00288e-55 8.11478e-56 3.28654e-56 1.33059e-56 5.38507e-57 2.17864e-57 8.81102e-58 3.56218e-58 1.43965e-58 5.81633e-59 2.34906e-59 9.4841e-60 3.82784e-60 1.54444e-60 6.2294e-61 2.51179e-61 1.01247e-61 4.07988e-62 1.64353e-62 6.61872e-63 2.66465e-63 1.07245e-63 4.31501e-64 1.73565e-64 6.97935e-65 2.80571e-65 1.12758e-65 4.53035e-66 1.81968e-66 7.30697e-67 2.93333e-67 1.17725e-67 4.72346e-68 1.89468e-68 7.59801e-69 3.04615e-69 1.22093e-69 4.89237e-70 1.95993e-70 7.84968e-71 3.14309e-71 1.25822e-71 5.0356e-72 2.01485e-72 8.0599e-73 3.22341e-73 1.28885e-73 5.15213e-74 2.05908e-74 8.2274e-75 3.28665e-75 1.31265e-75 5.24143e-76 2.09245e-76 8.35158e-77 3.33264e-77 1.32959e-77 5.3034e-78 2.11496e-78 8.43256e-79 3.36147e-79 1.33971e-79 5.33834e-80 2.12674e-80 8.47107e-81 3.37346e-81 1.34313e-81 5.34581e-82 2.12563e-82 8.41426e-83 3.25167e-83 1.08754e-83 0. 
-2.543e+06 -988823. -11689.5 -325846. -668520. -726128. -594776. -411905. -253943. -143180. -74921. -36632.6 -16740.3 -7092.24 -2722.04 -888.845 -193.96 28.477 74.223 64.6523 44.5033 27.4379 15.8408 8.74872 4.67845 2.44097 1.24903 0.629148 0.312826 0.153869 0.0749949 0.0362685 0.017423 0.00832165 0.00395473 0.00187123 0.000882023 0.000414367 0.0001941 9.06919e-05 4.22825e-05 1.9676e-05 9.14154e-06 4.24152e-06 1.96582e-06 9.10282e-07 4.21208e-07 1.94793e-07 9.00451e-08 4.161e-08 1.92227e-08 8.87822e-09 4.09954e-09 1.89248e-09 8.7337e-10 4.02906e-10 1.85786e-10 8.56209e-11 3.94329e-11 1.81468e-11 8.3435e-12 3.83225e-12 1.75818e-12 8.05615e-13 3.68638e-13 1.68437e-13 7.68422e-14 3.49987e-14 1.59133e-14 7.2227e-15 3.27225e-15 1.47972e-15 6.67857e-16 3.00848e-16 1.35258e-16 6.06903e-17 2.71781e-17 1.21467e-17 5.41797e-18 2.41191e-18 1.0716e-18 4.75186e-19 2.10308e-19 9.29013e-20 4.09609e-20 1.80264e-20 7.9187e-21 3.47228e-21 1.51986e-21 6.64099e-22 2.89678e-22 1.26144e-22 5.484e-23 2.38024e-23 1.03146e-23 4.46275e-24 1.92791e-24 8.31603e-25 3.58183e-25 1.54051e-25 6.61622e-26 2.8376e-26 1.21535e-26 5.19845e-27 2.22064e-27 9.47385e-28 4.03673e-28 1.71791e-28 7.3021e-29 3.10015e-29 1.31467e-29 5.56874e-30 2.35622e-30 9.95871e-31 4.20462e-31 1.77335e-31 7.47171e-32 3.1449e-32 1.32241e-32 5.55527e-33 2.33146e-33 9.77513e-34 4.09352e-34 1.71042e-34 7.11014e-35 2.98187e-35 1.25231e-35 5.26136e-36 2.20909e-36 9.26275e-37 3.87701e-37 1.61963e-37 6.753e-38 2.81048e-38 1.1677e-38 4.84409e-39 2.00676e-39 8.30318e-40 3.43175e-40 1.41696e-40 5.84541e-41 2.40947e-41 9.92443e-42 4.08502e-42 1.68037e-42 6.90808e-43 2.83832e-43 1.16555e-43 4.78379e-44 1.96243e-44 8.04639e-45 3.29761e-45 1.3508e-45 5.53074e-46 2.26348e-46 9.25916e-47 3.78594e-47 1.54733e-47 6.32124e-48 2.58126e-48 1.0536e-48 4.29866e-49 1.7531e-49 7.14656e-50 2.9121e-50 1.18614e-50 4.82934e-51 1.96545e-51 7.99577e-52 3.25151e-52 1.32171e-52 5.37054e-53 2.18137e-53 8.85672e-54 3.59459e-54 1.45835e-54 5.91438e-55 2.3977e-55 9.71676e-56 3.9363e-56 1.59404e-56 6.45285e-57 2.61127e-57 1.05633e-57 4.27164e-58 1.72679e-58 6.97812e-59 2.81897e-59 1.1384e-59 4.59577e-60 1.85472e-60 7.48272e-61 3.01787e-61 1.21675e-61 4.90422e-62 1.97607e-62 7.95976e-63 3.20528e-63 1.29033e-63 5.19287e-64 2.08923e-64 8.40306e-65 3.37881e-65 1.3582e-65 5.45813e-66 2.19281e-66 8.80722e-67 3.53636e-67 1.41957e-67 5.69693e-68 2.28564e-68 9.16774e-69 3.67623e-69 1.47378e-69 5.90676e-70 2.36677e-70 9.48104e-71 3.79706e-71 1.52031e-71 6.08571e-72 2.43549e-72 9.74445e-73 3.89786e-73 1.55881e-73 6.23246e-74 2.4913e-74 9.95623e-75 3.97801e-75 1.58906e-75 6.34626e-76 2.53397e-76 1.01156e-76 4.03725e-77 1.61097e-77 6.42689e-78 2.56343e-78 1.02224e-78 4.07563e-79 1.62461e-79 6.47464e-80 2.57986e-80 1.02775e-80 4.0935e-81 1.63007e-81 6.48891e-82 2.58059e-82 1.02177e-82 3.95143e-83 1.3257e-83 0. 
-2.543e+06 -1.10189e+06 18429.1 -228385. -602600. -715446. -620299. -449131. -287693. -167942. -90810.7 -45863.9 -21680.1 -9546.05 -3853.82 -1369.26 -376.855 -29.6242 62.8693 67.7303 50.1214 32.0433 18.8899 10.5631 5.68864 2.97775 1.52441 0.766569 0.379888 0.186001 0.0901593 0.0433365 0.0206841 0.00981412 0.00463354 0.00217856 0.00102075 0.000476881 0.000222257 0.000103379 4.80059e-05 2.22623e-05 1.03126e-05 4.77285e-06 2.20739e-06 1.02032e-06 4.71414e-07 2.17729e-07 1.00534e-07 4.64098e-08 2.14201e-08 9.88438e-09 4.56025e-09 2.10341e-09 9.6992e-10 4.47089e-10 2.05999e-10 9.48658e-11 4.36602e-11 2.00793e-11 9.22677e-12 4.23587e-12 1.94258e-12 8.89848e-13 4.07105e-13 1.85999e-13 8.48568e-14 3.86547e-14 1.75802e-14 7.98218e-15 3.61802e-15 1.63701e-15 7.39336e-16 3.33296e-16 1.49969e-16 6.73518e-17 3.01901e-17 1.35066e-17 6.031e-18 2.6878e-18 1.19555e-18 5.30776e-19 2.35195e-19 1.04022e-19 4.59213e-20 2.02348e-20 8.90003e-21 3.90752e-21 1.71253e-21 7.49233e-22 3.27225e-22 1.42672e-22 6.21022e-23 2.69876e-23 1.1709e-23 5.07215e-24 2.19376e-24 9.4738e-25 4.08518e-25 1.75898e-25 7.56289e-26 3.24715e-26 1.39225e-26 5.96135e-27 2.54915e-27 1.08864e-27 4.64319e-28 1.97792e-28 8.41527e-29 3.57608e-29 1.51788e-29 6.43525e-30 2.72524e-30 1.15282e-30 4.87137e-31 2.05625e-31 8.67063e-32 3.65242e-32 1.537e-32 6.46163e-33 2.71387e-33 1.13873e-33 4.77316e-34 1.99811e-34 8.34566e-35 3.48735e-35 1.45822e-35 6.10146e-36 2.55381e-36 1.06879e-36 4.4706e-37 1.86834e-37 7.79942e-38 3.25174e-38 1.3539e-38 5.62945e-39 2.33758e-39 9.69417e-40 4.01539e-40 1.66131e-40 6.86612e-41 2.83494e-41 1.16944e-41 4.81997e-42 1.98502e-42 8.16889e-43 3.35938e-43 1.38061e-43 5.67036e-44 2.32753e-44 9.54844e-45 3.91502e-45 1.60438e-45 6.57143e-46 2.69028e-46 1.10085e-46 4.50247e-47 1.84066e-47 7.52141e-48 3.07207e-48 1.25422e-48 5.11828e-49 2.08781e-49 8.5128e-50 3.46954e-50 1.41349e-50 5.75616e-51 2.34314e-51 9.53427e-52 3.87796e-52 1.5767e-52 6.408e-53 2.60333e-53 1.05722e-53 4.2918e-54 1.7416e-54 7.06471e-55 2.8647e-55 1.16119e-55 4.70512e-56 1.90582e-56 7.71677e-57 3.12346e-57 1.26382e-57 5.1119e-58 2.06695e-58 8.3547e-59 3.37586e-59 1.36362e-59 5.50627e-60 2.2227e-60 8.96937e-61 3.6183e-61 1.45918e-61 5.88269e-62 2.37087e-62 9.55227e-63 3.84745e-63 1.5492e-63 6.23608e-64 2.5095e-64 1.00957e-64 4.06031e-65 1.63252e-65 6.56194e-66 2.63684e-66 1.05929e-66 4.2543e-67 1.70813e-67 6.85641e-68 2.75142e-68 1.10383e-68 4.42722e-69 1.77521e-69 7.11632e-70 2.85201e-70 1.14271e-70 4.57737e-71 1.8331e-71 7.33923e-72 2.93772e-72 1.17561e-72 4.70345e-73 1.88133e-73 7.5234e-74 3.00789e-74 1.2023e-74 4.80465e-75 1.91962e-75 7.6678e-76 3.06218e-76 1.22264e-76 4.88055e-77 1.94782e-77 7.77204e-78 3.10049e-78 1.23662e-78 4.93118e-79 1.96597e-79 7.83639e-80 3.12297e-80 1.24432e-80 4.95688e-81 1.97419e-81 7.86003e-82 3.1264e-82 1.23813e-82 4.78995e-83 1.60886e-83 0. 
-2.543e+06 -1.09267e+06 53167.4 -185345. -577055. -715139. -637896. -473446. -310563. -185664. -102889. -53335.3 -25947.2 -11817.2 -4984.44 -1894.71 -602.628 -117.099 34.2843 61.6803 51.2795 34.6247 21.0887 12.0526 6.59117 3.48824 1.79959 0.909623 0.452159 0.221673 0.107429 0.051563 0.0245499 0.0116101 0.00546009 0.00255605 0.0011921 0.000554309 0.00025713 0.000119054 5.50454e-05 2.54235e-05 1.17332e-05 5.41207e-06 2.49548e-06 1.1504e-06 5.30258e-07 2.44397e-07 1.1264e-07 5.19129e-08 2.39246e-08 1.10253e-08 5.08029e-09 2.34056e-09 1.07809e-09 4.9643e-10 2.28506e-10 1.05131e-10 4.83413e-11 2.22135e-11 1.01996e-11 4.67924e-12 2.1446e-12 9.81877e-13 4.49019e-13 2.05083e-13 9.35442e-14 4.26079e-14 1.93784e-14 8.79974e-15 3.98953e-15 1.80572e-15 8.15893e-16 3.68006e-16 1.65692e-16 7.44663e-17 3.34057e-17 1.49581e-17 6.68538e-18 2.98238e-18 1.32797e-18 5.90206e-19 2.61824e-19 1.15934e-19 5.12408e-20 2.26062e-20 9.95529e-21 4.37627e-21 1.92038e-21 8.41222e-22 3.67864e-22 1.60593e-22 6.99908e-23 3.04537e-23 1.32293e-23 5.73776e-24 2.48467e-24 1.0743e-24 4.638e-25 1.99936e-25 8.60636e-26 3.69938e-26 1.58793e-26 6.8067e-27 2.91379e-27 1.24568e-27 5.31854e-28 2.26792e-28 9.6588e-29 4.10856e-29 1.74557e-29 7.40757e-30 3.1399e-30 1.32944e-30 5.62264e-31 2.37543e-31 1.0025e-31 4.22646e-32 1.78002e-32 7.48926e-33 3.14794e-33 1.32189e-33 5.5455e-34 2.32396e-34 9.72606e-35 4.06695e-35 1.69979e-35 7.10303e-36 2.968e-36 1.24006e-36 5.17998e-37 2.16294e-37 9.02639e-38 3.76411e-38 1.5683e-38 6.52787e-39 2.7143e-39 1.12738e-39 4.67746e-40 1.93854e-40 8.02562e-41 3.31921e-41 1.37139e-41 5.66085e-42 2.33459e-42 9.61995e-43 3.96082e-43 1.62955e-43 6.69937e-44 2.75235e-44 1.13003e-44 4.63665e-45 1.90134e-45 7.79231e-46 3.19178e-46 1.30668e-46 5.34666e-47 2.18664e-47 8.93844e-48 3.65208e-48 1.49148e-48 6.08831e-49 2.48418e-49 1.01316e-49 4.13036e-50 1.68311e-50 6.85579e-51 2.7914e-51 1.13608e-51 4.62194e-52 1.8796e-52 7.64073e-53 3.10482e-53 1.26116e-53 5.1208e-54 2.07846e-54 8.43303e-55 3.4203e-55 1.38671e-55 5.62018e-56 2.27697e-56 9.22169e-57 3.73344e-57 1.51097e-57 6.11298e-58 2.4723e-58 9.99541e-59 4.03974e-59 1.63216e-59 6.59215e-60 2.66164e-60 1.07431e-60 4.33484e-61 1.74855e-61 7.0509e-62 2.84234e-62 1.14544e-62 4.61464e-63 1.85854e-63 7.48297e-64 3.01195e-64 1.21198e-64 4.87544e-65 1.96069e-65 7.88276e-66 3.1683e-66 1.27307e-66 5.11397e-67 2.05374e-67 8.24543e-68 3.30952e-68 1.32801e-68 5.32749e-69 2.13664e-69 8.56697e-70 3.43409e-70 1.37622e-70 5.51382e-71 2.20856e-71 8.84424e-72 3.54083e-72 1.41725e-72 5.67128e-73 2.26889e-73 9.07497e-74 3.6289e-74 1.45079e-74 5.79878e-75 2.31723e-75 9.25775e-76 3.69781e-76 1.47669e-76 5.89575e-77 2.35339e-77 9.39199e-78 3.74739e-78 1.49489e-78 5.96209e-79 2.37738e-79 9.47787e-80 3.77776e-80 1.50547e-80 5.99817e-81 2.3893e-81 9.51432e-82 3.78506e-82 1.49926e-82 5.80179e-83 1.94974e-83 0. 
-2.543e+06 -1.07561e+06 75818.4 -164611. -565147. -715011. -647242. -487371. -324658. -197373. -111417. -58958.9 -29367.6 -13757.2 -6016.77 -2411.06 -844.746 -222.522 -7.37074 47.6 47.991 34.9268 22.193 13.0479 7.28456 3.91676 2.04592 1.0443 0.523076 0.257926 0.12552 0.0604105 0.0288038 0.0136261 0.00640374 0.00299317 0.00139283 0.000645818 0.000298608 0.000137772 6.34644e-05 2.92023e-05 1.34274e-05 6.17142e-06 2.83597e-06 1.30322e-06 5.98941e-07 2.75315e-07 1.26581e-07 5.82098e-08 2.67733e-08 1.23158e-08 5.66561e-09 2.60629e-09 1.19882e-09 5.51313e-10 2.53462e-10 1.16482e-10 5.3504e-11 2.45616e-11 1.12675e-11 5.16478e-12 2.36534e-12 1.08221e-12 4.9461e-13 2.25795e-13 1.02951e-13 4.68793e-14 2.13172e-14 9.67947e-15 4.38853e-15 1.9866e-15 8.97847e-16 4.05114e-16 1.82481e-16 8.20565e-17 3.6834e-17 1.6505e-17 7.38259e-18 3.29625e-18 1.46909e-18 6.53568e-19 2.90234e-19 1.28653e-19 5.69263e-20 2.51436e-20 1.10859e-20 4.87917e-21 2.1437e-21 9.4022e-22 4.11674e-22 1.79946e-22 7.8525e-23 3.42105e-23 1.48801e-23 6.46191e-24 2.80177e-24 1.21292e-24 5.24293e-25 2.2629e-25 9.75258e-26 4.19708e-26 1.80369e-26 7.74053e-27 3.31733e-27 1.41979e-27 6.06863e-28 2.59058e-28 1.10447e-28 4.70301e-29 2.00018e-29 8.4966e-30 3.60507e-30 1.52786e-30 6.46798e-31 2.73511e-31 1.15534e-31 4.87515e-32 2.05501e-32 8.65364e-33 3.64041e-33 1.52994e-33 6.4236e-34 2.69436e-34 1.12894e-34 4.72558e-35 1.97638e-35 8.26021e-36 3.45055e-36 1.44081e-36 6.01402e-37 2.50934e-37 1.04657e-37 4.36272e-38 1.81755e-38 7.56693e-39 3.14789e-39 1.30845e-39 5.43388e-40 2.25456e-40 9.34556e-41 3.87022e-41 1.60124e-41 6.6187e-42 2.73334e-42 1.1278e-42 4.64941e-43 1.91517e-43 7.88265e-44 3.24197e-44 1.33238e-44 5.47202e-45 2.24583e-45 9.21142e-46 3.77581e-46 1.54681e-46 6.33308e-47 2.59152e-47 1.0599e-47 4.33261e-48 1.77018e-48 7.22894e-49 2.95071e-49 1.20386e-49 4.90942e-50 2.00121e-50 8.15391e-51 3.32089e-51 1.35195e-51 5.50159e-52 2.2379e-52 9.0995e-53 3.69849e-53 1.50266e-53 6.10283e-54 2.47763e-54 1.00549e-54 4.07904e-55 1.65416e-55 6.70565e-56 2.71736e-56 1.10077e-56 4.45754e-57 1.80443e-57 7.3019e-58 2.95381e-58 1.19448e-58 4.82873e-59 1.95137e-59 7.88323e-60 3.18365e-60 1.28531e-60 5.18738e-61 2.09292e-61 8.44147e-62 3.40368e-62 1.37197e-62 5.52852e-63 2.22711e-63 8.96896e-64 3.61089e-64 1.45331e-64 5.84756e-65 2.35216e-65 9.45874e-66 3.80257e-66 1.52827e-66 6.14045e-67 2.4665e-67 9.90477e-68 3.9764e-68 1.59595e-68 6.40374e-69 2.56882e-69 1.0302e-69 4.13044e-70 1.65562e-70 6.63462e-71 2.65804e-71 1.06464e-71 4.26318e-72 1.70671e-72 6.83096e-73 2.73338e-73 1.09349e-73 4.37352e-74 1.74882e-74 6.9913e-75 2.7943e-75 1.11658e-75 4.46078e-76 1.7817e-76 7.11482e-77 2.84053e-77 1.13381e-77 4.52469e-78 1.80529e-78 7.20132e-79 2.87202e-79 1.14518e-79 4.56534e-80 1.81963e-80 7.25111e-81 2.88888e-81 1.15056e-81 4.57808e-82 1.81377e-82 7.02098e-83 2.36057e-83 0. 
-2.543e+06 -1.06811e+06 84831.4 -154463. -554654. -707958. -645720. -490508. -330183. -203218. -116370. -62611.2 -31801.3 -15252.8 -6874.66 -2873.47 -1079.57 -334.697 -57.4151 27.117 40.6235 32.8873 22.0481 13.4145 7.67709 4.20798 2.23249 1.15428 0.584399 0.290752 0.142541 0.0690127 0.033059 0.0156932 0.0073925 0.00345988 0.00161062 0.000746467 0.000344741 0.000158773 7.29722e-05 3.34882e-05 1.53532e-05 7.03486e-06 3.22262e-06 1.47628e-06 6.7642e-07 3.10027e-07 1.42151e-07 6.52032e-08 2.99192e-08 1.37332e-08 6.30518e-09 2.89527e-09 1.32955e-09 6.10506e-10 2.80287e-10 1.28644e-10 5.90211e-11 2.70648e-11 1.24033e-11 5.68022e-12 2.59921e-12 1.18831e-12 5.4274e-13 2.47623e-13 1.12848e-13 5.13656e-14 2.33503e-14 1.06006e-14 4.80568e-15 2.17545e-15 9.83305e-16 4.43766e-16 1.99954e-16 8.99499e-17 4.03973e-17 1.81123e-17 8.10696e-18 3.62239e-18 1.61577e-18 7.19463e-19 3.198e-19 1.41902e-19 6.28552e-20 2.7793e-20 1.2268e-20 5.40582e-21 2.37796e-21 1.04425e-21 4.57796e-22 2.00361e-22 8.75456e-23 3.81896e-23 1.66324e-23 7.23221e-24 3.13982e-24 1.36102e-24 5.89066e-25 2.54571e-25 1.09853e-25 4.73354e-26 2.03675e-26 8.75145e-27 3.75511e-27 1.60908e-27 6.8858e-28 2.94282e-28 1.25608e-28 5.35455e-29 2.27978e-29 9.69477e-30 4.11781e-30 1.74698e-30 7.40313e-31 3.13368e-31 1.325e-31 5.59643e-32 2.36127e-32 9.95245e-33 4.19056e-33 1.76271e-33 7.40736e-34 3.10974e-34 1.30423e-34 5.46466e-35 2.28752e-35 9.56738e-36 3.99844e-36 1.66992e-36 6.97022e-37 2.90779e-37 1.21244e-37 5.05284e-38 2.10466e-38 8.76159e-39 3.64518e-39 1.51554e-39 6.29664e-40 2.6141e-40 1.08441e-40 4.49479e-41 1.86149e-41 7.70269e-42 3.18459e-42 1.31552e-42 5.42966e-43 2.23919e-43 9.22693e-44 3.79911e-44 1.56305e-44 6.42604e-45 2.63998e-45 1.08382e-45 4.44657e-46 1.8231e-46 7.47011e-47 3.05902e-47 1.25194e-47 5.12086e-48 2.09346e-48 8.5538e-49 3.49326e-49 1.4259e-49 5.81747e-50 2.37234e-50 9.66986e-51 3.93975e-51 1.60445e-51 6.53127e-52 2.65758e-52 1.08092e-52 4.39469e-53 1.78602e-53 7.25563e-54 2.94642e-54 1.19605e-54 4.85333e-55 1.96865e-55 7.98247e-56 3.23555e-56 1.311e-56 5.31013e-57 2.15008e-57 8.70265e-58 3.52127e-58 1.4243e-58 5.75909e-59 2.32789e-59 9.40651e-60 3.79972e-60 1.53438e-60 6.19408e-61 2.49966e-61 1.00844e-61 4.06706e-62 1.63975e-62 6.60909e-63 2.66302e-63 1.07269e-63 4.31964e-64 1.73897e-64 6.99855e-65 2.81578e-65 1.13257e-65 4.55415e-66 1.83074e-66 7.35743e-67 2.956e-67 1.18731e-67 4.76767e-68 1.91395e-68 7.68141e-69 3.08202e-69 1.23628e-69 4.95777e-70 1.98767e-70 7.96694e-71 3.19249e-71 1.27897e-71 5.12251e-72 2.05116e-72 8.21127e-73 3.28638e-73 1.31499e-73 5.26045e-74 2.10389e-74 8.41246e-75 3.36297e-75 1.34408e-75 5.37068e-76 2.14554e-76 8.56936e-77 3.42188e-77 1.36612e-77 5.45277e-78 2.17598e-78 8.6816e-79 3.46301e-79 1.38108e-79 5.50674e-80 2.19524e-80 8.74942e-81 3.48643e-81 1.3888e-81 5.52713e-82 2.19035e-82 8.48223e-83 2.85385e-83 0. 
-2.543e+06 -1.07015e+06 79801.5 -153389. -542135. -690514. -630832. -481319. -326222. -202615. -117346. -64007.4 -33050.9 -16174.6 -7478.72 -3236.5 -1282.91 -441.717 -110.486 2.37329 29.8744 28.6305 20.5937 13.0603 7.69358 4.31143 2.32881 1.22236 0.626902 0.315395 0.156123 0.0762198 0.0367714 0.0175596 0.00831194 0.00390507 0.00182301 0.000846506 0.000391346 0.00018028 8.28184e-05 3.79658e-05 1.73783e-05 7.94683e-06 3.63197e-06 1.65961e-06 7.58404e-07 3.46669e-07 1.58528e-07 7.25272e-08 3.31978e-08 1.52026e-08 6.96472e-09 3.19174e-09 1.463e-09 6.7066e-10 3.07434e-10 1.40908e-10 6.45661e-11 2.95736e-11 1.3539e-11 6.19444e-12 2.83211e-12 1.2938e-12 5.90522e-13 2.69265e-13 1.2265e-13 5.58039e-14 2.53597e-14 1.15101e-14 5.21729e-15 2.36167e-15 1.06753e-15 4.81845e-16 2.17163e-16 9.77237e-17 4.3907e-17 1.9696e-17 8.82101e-18 3.9441e-18 1.76059e-18 7.84596e-19 3.49063e-19 1.55035e-19 6.87417e-20 3.04282e-20 1.34462e-20 5.93183e-21 2.61245e-21 1.14863e-21 5.04189e-22 2.20947e-22 9.66659e-23 4.22235e-23 1.84136e-23 8.0174e-24 3.48536e-24 1.51283e-24 6.55646e-25 2.83723e-25 1.22596e-25 5.28958e-26 2.27899e-26 9.80503e-27 4.2126e-27 1.80741e-27 7.74425e-28 3.31381e-28 1.41615e-28 6.04421e-29 2.57647e-29 1.09692e-29 4.66447e-30 1.98113e-30 8.40467e-31 3.56149e-31 1.5075e-31 6.37388e-32 2.69205e-32 1.13581e-32 4.78712e-33 2.01559e-33 8.47807e-34 3.56258e-34 1.49557e-34 6.27237e-35 2.62811e-35 1.10016e-35 4.60145e-36 1.923e-36 8.03044e-37 3.3512e-37 1.3976e-37 5.82511e-38 2.42646e-38 1.01016e-38 4.20299e-39 1.7477e-39 7.26281e-40 3.01622e-40 1.25177e-40 5.19139e-41 2.15142e-41 8.9092e-42 3.68655e-42 1.52427e-42 6.29744e-43 2.59971e-43 1.07237e-43 4.42005e-44 1.82044e-44 7.49205e-45 3.08109e-45 1.26618e-45 5.19974e-46 2.13389e-46 8.75133e-47 3.58672e-47 1.4691e-47 6.01369e-48 2.46024e-48 1.00593e-48 4.11072e-49 1.67895e-49 6.85378e-50 2.79644e-50 1.14043e-50 4.6486e-51 1.89398e-51 7.71314e-52 3.13975e-52 1.27753e-52 5.1959e-53 2.11238e-53 8.5843e-54 3.4871e-54 1.41597e-54 5.74745e-55 2.33201e-55 9.45853e-56 3.83491e-56 1.55428e-56 6.2972e-57 2.55041e-57 1.03258e-57 4.17909e-58 1.6908e-58 6.83844e-59 2.76488e-59 1.11751e-59 4.51524e-60 1.82377e-60 7.36412e-61 2.97257e-61 1.19952e-61 4.83888e-62 1.95141e-62 7.86716e-63 3.17071e-63 1.27751e-63 5.14565e-64 2.072e-64 8.34085e-65 3.35664e-65 1.35044e-65 5.43152e-66 2.18396e-66 8.77903e-67 3.52799e-67 1.41739e-67 5.69289e-68 2.28591e-68 9.17633e-69 3.68268e-69 1.47756e-69 5.92669e-70 2.37667e-70 9.52826e-71 3.81899e-71 1.5303e-71 6.13047e-72 2.45531e-72 9.83131e-73 3.93561e-73 1.5751e-73 6.30236e-74 2.52113e-74 1.00829e-74 4.0316e-75 1.61164e-75 6.44113e-76 2.5737e-76 1.02815e-76 4.1064e-77 1.63972e-77 6.54614e-78 2.61281e-78 1.04265e-78 4.15983e-79 1.65929e-79 6.6173e-80 2.63845e-80 1.05179e-80 4.1919e-81 1.67015e-81 6.64837e-82 2.63559e-82 1.02131e-82 3.44047e-83 0. 
-2.543e+06 -1.08218e+06 51615.4 -172648. -534529. -665304. -602737. -458980. -311764. -194688. -113689. -62695.4 -32823.8 -16342.9 -7723.82 -3441.64 -1423.8 -528.047 -159.259 -23.4282 17.0041 22.5693 17.9107 11.9585 7.28661 4.18719 2.30761 1.23181 0.640996 0.326624 0.163517 0.0806341 0.0392481 0.0188894 0.00900244 0.00425418 0.00199569 0.000930357 0.000431429 0.000199185 9.16322e-05 4.20343e-05 1.92405e-05 8.79317e-06 4.01437e-06 1.83157e-06 8.35455e-07 3.81102e-07 1.73889e-07 7.93737e-08 3.62487e-08 1.65626e-08 7.57148e-09 3.46276e-09 1.58422e-09 7.24965e-10 3.31798e-10 1.51856e-10 6.9492e-11 3.17927e-11 1.45398e-11 6.6462e-12 3.03618e-12 1.38604e-12 6.32234e-13 2.88134e-13 1.31187e-13 5.96674e-14 2.71083e-14 1.23015e-14 5.57551e-15 2.5238e-15 1.14091e-15 5.1505e-16 2.32186e-16 1.04519e-16 4.698e-17 2.10851e-17 9.44866e-18 4.22754e-18 1.88852e-18 8.42287e-19 3.75059e-19 1.66739e-19 7.40055e-20 3.27931e-20 1.45073e-20 6.4074e-21 2.8253e-21 1.24376e-21 5.46643e-22 2.39865e-22 1.05082e-22 4.59618e-23 2.00713e-23 8.75127e-24 3.8097e-24 1.65593e-24 7.18671e-25 3.11434e-25 1.34758e-25 5.82251e-26 2.5121e-26 1.08229e-26 4.65632e-27 2.00052e-27 8.58322e-28 3.67772e-28 1.57375e-28 6.72559e-29 2.87061e-29 1.2237e-29 5.21007e-30 2.21559e-30 9.41069e-31 3.99254e-31 1.69193e-31 7.16189e-32 3.02829e-32 1.27908e-32 5.39685e-33 2.27474e-33 9.57812e-34 4.02897e-34 1.69309e-34 7.10795e-35 2.98121e-35 1.2492e-35 5.22972e-36 2.18747e-36 9.14203e-37 3.81768e-37 1.59306e-37 6.64289e-38 2.76817e-38 1.15279e-38 4.79775e-39 1.99554e-39 8.29501e-40 3.44594e-40 1.43063e-40 5.93566e-41 2.46108e-41 1.01974e-41 4.22233e-42 1.74707e-42 7.22362e-43 2.98458e-43 1.23224e-43 5.08374e-44 2.09581e-44 8.63382e-45 3.55416e-45 1.46204e-45 6.00997e-46 2.46879e-46 1.01344e-46 4.15742e-47 1.70438e-47 6.98283e-48 2.8591e-48 1.16994e-48 4.78461e-49 1.95561e-49 7.98869e-50 3.26164e-50 1.33098e-50 5.42854e-51 2.213e-51 9.01715e-52 3.67243e-52 1.49499e-52 6.08319e-53 2.47419e-53 1.00589e-53 4.08775e-54 1.66051e-54 6.74256e-55 2.73676e-55 1.1104e-55 4.5036e-56 1.8259e-56 7.40002e-57 2.998e-57 1.21416e-57 4.91549e-58 1.98933e-58 8.04816e-59 3.25492e-59 1.31594e-59 5.31852e-60 2.14883e-60 8.67904e-61 3.50431e-61 1.41447e-61 5.70757e-62 2.30235e-62 9.2845e-63 3.74294e-63 1.50847e-63 6.07754e-64 2.44789e-64 9.85659e-65 3.96767e-65 1.59669e-65 6.4236e-66 2.58354e-66 1.03879e-66 4.17562e-67 1.67801e-67 6.74137e-68 2.7076e-68 1.08719e-68 4.36423e-69 1.75145e-69 7.02705e-70 2.81862e-70 1.13028e-70 4.53137e-71 1.81619e-71 7.27753e-72 2.91541e-72 1.16764e-72 4.67533e-73 1.87159e-73 7.49042e-74 2.99708e-74 1.19892e-74 4.7949e-75 1.91721e-75 7.66408e-76 3.06304e-76 1.22391e-76 4.88931e-77 1.95277e-77 7.79757e-78 3.11297e-78 1.2425e-78 4.95823e-79 1.97818e-79 7.89065e-80 3.14681e-80 1.2547e-80 5.00162e-81 1.9932e-81 7.93648e-82 3.14772e-82 1.22108e-82 4.12297e-83 0. 
-2.543e+06 -1.10359e+06 -21574.6 -239965. -552885. -644886. -567655. -425936. -287356. -179209. -104959. -58263.7 -30810.6 -15550.5 -7482.14 -3414.73 -1461.48 -572.38 -193.142 -45.2992 4.21729 15.6001 14.3192 10.1958 6.4603 3.81742 2.15037 1.16894 0.617897 0.319244 0.161816 0.0806935 0.0396767 0.0192711 0.00926025 0.00440824 0.00208137 0.000975764 0.000454648 0.000210733 9.72487e-05 4.47159e-05 2.05011e-05 9.37799e-06 4.28266e-06 1.9535e-06 8.90427e-07 4.05725e-07 1.8486e-07 8.42427e-08 3.84031e-08 1.75141e-08 7.9913e-09 3.64796e-09 1.66597e-09 7.61093e-10 3.47789e-10 1.58948e-10 7.26439e-11 3.31967e-11 1.51666e-11 6.92666e-12 3.16193e-12 1.44253e-12 6.57656e-13 2.99593e-13 1.3636e-13 6.20058e-14 2.81666e-14 1.2781e-14 5.79296e-15 2.6225e-15 1.18574e-15 5.35434e-16 2.41458e-16 1.08739e-16 4.89011e-17 2.19599e-17 9.8471e-18 4.40901e-18 1.97115e-18 8.799e-19 3.92172e-19 1.7452e-19 7.75407e-20 3.43977e-20 1.52349e-20 6.73689e-21 2.97432e-21 1.31106e-21 5.76989e-22 2.53526e-22 1.11222e-22 4.87162e-23 2.13048e-23 9.30264e-24 4.05569e-24 1.76546e-24 7.67352e-25 3.33027e-25 1.44318e-25 6.24487e-26 2.69835e-26 1.16427e-26 5.01642e-27 2.1584e-27 9.27415e-28 3.97952e-28 1.70534e-28 7.29832e-29 3.11943e-29 1.33162e-29 5.6773e-30 2.41754e-30 1.02821e-30 4.36798e-31 1.85342e-31 7.85547e-32 3.32571e-32 1.40644e-32 5.94137e-33 2.50723e-33 1.05694e-33 4.45104e-34 1.87257e-34 7.8702e-35 3.30455e-35 1.38619e-35 5.80938e-36 2.43243e-36 1.01757e-36 4.25324e-37 1.77631e-37 7.41274e-38 3.09111e-38 1.28807e-38 5.36372e-39 2.23206e-39 9.28256e-40 3.85794e-40 1.6024e-40 6.65145e-41 2.75924e-41 1.14389e-41 4.73918e-42 1.96217e-42 8.11861e-43 3.35686e-43 1.38703e-43 5.72718e-44 2.36315e-44 9.74398e-45 4.01492e-45 1.65315e-45 6.80215e-46 2.79691e-46 1.14925e-46 4.71908e-47 1.93647e-47 7.94112e-48 3.25443e-48 1.33289e-48 5.4557e-49 2.23175e-49 9.12409e-50 3.72809e-50 1.52245e-50 6.2139e-51 2.53489e-51 1.03355e-51 4.212e-52 1.71567e-52 6.98514e-53 2.8426e-53 1.15628e-53 4.70128e-54 1.91066e-54 7.76194e-55 3.15194e-55 1.27941e-55 5.19126e-56 2.10555e-56 8.5368e-57 3.45988e-57 1.40174e-57 5.67699e-58 2.29834e-58 9.30159e-59 3.76314e-59 1.52193e-59 6.15311e-60 2.48685e-60 1.00476e-60 4.05818e-61 1.63856e-61 6.61389e-62 2.66879e-62 1.07655e-62 4.34135e-63 1.75017e-63 7.05352e-64 2.84185e-64 1.14464e-64 4.60901e-65 1.85533e-65 7.46635e-66 3.00381e-66 1.20813e-66 4.85774e-67 1.95269e-67 7.84718e-68 3.15264e-68 1.26625e-68 5.08448e-69 2.04108e-69 8.19138e-70 3.28656e-70 1.3183e-70 5.28659e-71 2.11947e-71 8.49511e-72 3.4041e-72 1.36373e-72 5.46196e-73 2.18707e-73 8.75534e-74 3.50412e-74 1.40211e-74 5.609e-75 2.24329e-75 8.9699e-76 3.58583e-76 1.43316e-76 5.72666e-77 2.28777e-77 9.13751e-78 3.64879e-78 1.45672e-78 5.81445e-79 2.32033e-79 9.25765e-80 3.69284e-80 1.47275e-80 5.87224e-81 2.34073e-81 9.32338e-82 3.70025e-82 1.43796e-82 4.87658e-83 0. 
-2.543e+06 -1.11119e+06 -168288. -393283. -628850. -651193. -538951. -389452. -256488. -157589. -91556.3 -50697.3 -26870.1 -13652.3 -6642.56 -3081.94 -1351.12 -549.288 -198.502 -56.3008 -5.13058 9.25827 10.4769 8.03002 5.30191 3.223 1.85575 1.02727 0.551617 0.289018 0.148365 0.0748495 0.0371982 0.0182459 0.00884726 0.00424667 0.00202025 0.000953561 0.000446995 0.000208286 9.65573e-05 4.45673e-05 2.0496e-05 9.398e-06 4.29915e-06 1.96316e-06 8.95298e-07 4.07953e-07 1.85798e-07 8.46047e-08 3.85275e-08 1.75486e-08 7.99583e-09 3.64464e-09 1.66196e-09 7.58144e-10 3.45954e-10 1.57901e-10 7.20786e-11 3.29028e-11 1.5018e-11 6.8532e-12 3.12625e-12 1.42545e-12 6.49585e-13 2.95821e-13 1.34614e-13 6.12048e-14 2.78023e-14 1.26166e-14 5.71938e-15 2.58983e-15 1.17135e-15 5.29149e-16 2.38739e-16 1.07574e-16 4.84076e-17 2.17535e-17 9.76204e-18 4.37458e-18 1.95752e-18 8.74664e-19 3.90241e-19 1.73849e-19 7.73314e-20 3.4346e-20 1.5231e-20 6.74393e-21 2.98142e-21 1.31601e-21 5.7999e-22 2.55215e-22 1.12129e-22 4.91879e-23 2.15441e-23 9.42173e-24 4.11406e-24 1.79371e-24 7.80872e-25 3.39437e-25 1.47332e-25 6.38556e-26 2.76358e-26 1.19432e-26 5.15416e-27 2.2212e-27 9.55914e-28 4.10827e-28 1.76326e-28 7.55791e-29 3.23535e-29 1.3832e-29 5.90609e-30 2.5187e-30 1.07281e-30 4.56404e-31 1.93938e-31 8.2314e-32 3.48971e-32 1.47781e-32 6.2513e-33 2.64152e-33 1.115e-33 4.7016e-34 1.98048e-34 8.33413e-35 3.50365e-35 1.47149e-35 6.17421e-36 2.5882e-36 1.08397e-36 4.53577e-37 1.89631e-37 7.92142e-38 3.30634e-38 1.37897e-38 5.74698e-39 2.39339e-39 9.96061e-40 4.14255e-40 1.72173e-40 7.15131e-41 2.96846e-41 1.23141e-41 5.10508e-42 2.11508e-42 8.75744e-43 3.62367e-43 1.49843e-43 6.19216e-44 2.55716e-44 1.05532e-44 4.35231e-45 1.79375e-45 7.38767e-46 3.04061e-46 1.25061e-46 5.14032e-47 2.1114e-47 8.66693e-48 3.55532e-48 1.45752e-48 5.97141e-49 2.44496e-49 1.00047e-49 4.09149e-50 1.67227e-50 6.83106e-51 2.78888e-51 1.13799e-51 4.64107e-52 1.89181e-52 7.7076e-53 3.13871e-53 1.27755e-53 5.19759e-54 2.11364e-54 8.59151e-55 3.49077e-55 1.41772e-55 5.75546e-56 2.33558e-56 9.47411e-57 3.84162e-57 1.55713e-57 6.30919e-58 2.55543e-58 1.03466e-58 4.18771e-59 1.69435e-59 6.85303e-60 2.77085e-60 1.11995e-60 4.52524e-61 1.82786e-61 7.38079e-62 2.97938e-62 1.2023e-62 4.85022e-63 1.95604e-63 7.88611e-64 3.17845e-64 1.28068e-64 5.15863e-65 2.07732e-65 8.36266e-66 3.36559e-66 1.35411e-66 5.44659e-67 2.19015e-67 8.80445e-68 3.53844e-68 1.42168e-68 5.71052e-69 2.29315e-69 9.2061e-70 3.69491e-70 1.48258e-70 5.94732e-71 2.38513e-71 9.563e-72 3.83324e-72 1.53614e-72 6.15441e-73 2.46511e-73 9.87146e-74 3.95204e-74 1.58183e-74 6.32984e-75 2.53236e-75 1.01288e-75 4.0503e-76 1.61927e-76 6.47223e-77 2.58637e-77 1.03331e-77 4.12739e-78 1.64826e-78 6.58084e-79 2.6269e-79 1.04837e-79 4.18306e-80 1.66871e-80 6.65541e-81 2.6537e-81 1.05742e-81 4.20052e-82 1.637e-82 5.59712e-83 0. 
-2.543e+06 -979097. -382906. -640662. -774222. -696958. -527431. -357195. -223886. -132397. -74706.7 -40483.6 -21136.7 -10640. -5155.59 -2393.83 -1055.66 -434.563 -160.878 -48.3513 -6.76974 5.68695 7.40624 5.92285 4.00668 2.47937 1.44881 0.812561 0.44159 0.233981 0.121394 0.0618628 0.0310405 0.0153649 0.00751492 0.00363666 0.00174332 0.000828722 0.00039103 0.000183301 8.54333e-05 3.96213e-05 1.8297e-05 8.41923e-06 3.86256e-06 1.76783e-06 8.07596e-07 3.68419e-07 1.67905e-07 7.64744e-08 3.48197e-08 1.58523e-08 7.2177e-09 3.28696e-09 1.4973e-09 6.82271e-10 3.10979e-10 1.41779e-10 6.46501e-11 2.94826e-11 1.34449e-11 6.13051e-12 2.7947e-12 1.27358e-12 5.80129e-13 2.64109e-13 1.2016e-13 5.46287e-14 2.48156e-14 1.12627e-14 5.10674e-15 2.31314e-15 1.04662e-15 4.73032e-16 2.1354e-16 9.62811e-17 4.33568e-17 1.94991e-17 8.75782e-18 3.92819e-18 1.75951e-18 7.87012e-19 3.51523e-19 1.56784e-19 6.98257e-20 3.1052e-20 1.37885e-20 6.1136e-21 2.70659e-21 1.19644e-21 5.28082e-22 2.32729e-22 1.0241e-22 4.49956e-23 1.97397e-23 8.64675e-24 3.78191e-24 1.65165e-24 7.20237e-25 3.1361e-25 1.36353e-25 5.91979e-26 2.56637e-26 1.11099e-26 4.80273e-27 2.07327e-27 8.93764e-28 3.84765e-28 1.65418e-28 7.10217e-29 3.04529e-29 1.30408e-29 5.57734e-30 2.38234e-30 1.01635e-30 4.33067e-31 1.84309e-31 7.83477e-32 3.32662e-32 1.41087e-32 5.97698e-33 2.5293e-33 1.06918e-33 4.5148e-34 1.90447e-34 8.02534e-35 3.37844e-35 1.42082e-35 5.96949e-36 2.50566e-36 1.05075e-36 4.40229e-37 1.84276e-37 7.70688e-38 3.22049e-38 1.34465e-38 5.60985e-39 2.33863e-39 9.74206e-40 4.05537e-40 1.68698e-40 7.01289e-41 2.91339e-41 1.20954e-41 5.01844e-42 2.08085e-42 8.62267e-43 3.57083e-43 1.47782e-43 6.11223e-44 2.52639e-44 1.04357e-44 4.30782e-45 1.7771e-45 7.32622e-46 3.0183e-46 1.24267e-46 5.11287e-47 2.10226e-47 8.63823e-48 3.54715e-48 1.45565e-48 5.96973e-49 2.44671e-49 1.00217e-49 4.10237e-50 1.6783e-50 6.86203e-51 2.80405e-51 1.14519e-51 4.67445e-52 1.90701e-52 7.77584e-53 3.169e-53 1.29086e-53 5.25568e-54 2.13881e-54 8.69993e-55 3.53723e-55 1.43754e-55 5.83969e-56 2.37125e-56 9.62468e-57 3.90499e-57 1.58374e-57 6.42065e-58 2.60201e-58 1.05409e-58 4.26864e-59 1.728e-59 6.9927e-60 2.82875e-60 1.14392e-60 4.62435e-61 1.86879e-61 7.54967e-62 3.04898e-62 1.23095e-62 4.96811e-63 2.00449e-63 8.08508e-64 3.2601e-64 1.31415e-64 5.29579e-65 2.13347e-65 8.59242e-66 3.45954e-66 1.3925e-66 5.60335e-67 2.25412e-67 9.06539e-68 3.6448e-68 1.46502e-68 5.88698e-69 2.36496e-69 9.49819e-70 3.81365e-70 1.53083e-70 6.14328e-71 2.46468e-71 9.88576e-72 3.96414e-72 1.5892e-72 6.3694e-73 2.55218e-73 1.02239e-73 4.09468e-74 1.63952e-74 6.56308e-75 2.62662e-75 1.05096e-75 4.20408e-76 1.68134e-76 6.72269e-77 2.68739e-77 1.07404e-77 4.29156e-78 1.7144e-78 6.84724e-79 2.73416e-79 1.09154e-79 4.35674e-80 1.73857e-80 6.9363e-81 2.76666e-81 1.10297e-81 4.38662e-82 1.71687e-82 5.95766e-83 0. 
-2.543e+06 -210874. -450915. -863392. -924524. -752198. -522401. -327270. -190649. -105169. -55555.2 -28289.5 -13930.8 -6635.32 -3047.78 -1340.26 -556.15 -211.31 -68.1767 -13.7666 3.80512 7.3679 6.40357 4.5189 2.87979 1.72354 0.987268 0.547081 0.295245 0.155884 0.0807835 0.0411925 0.0207077 0.010279 0.00504487 0.00245095 0.0011799 0.000563355 0.000266998 0.000125709 5.88397e-05 2.73983e-05 1.27002e-05 5.864e-06 2.69855e-06 1.23839e-06 5.6701e-07 2.5914e-07 1.18268e-07 5.39203e-08 2.45655e-08 1.11867e-08 5.09308e-09 2.31861e-09 1.05559e-09 4.80634e-10 2.18878e-10 9.96906e-11 4.54109e-11 2.06869e-11 9.42392e-12 4.2927e-12 1.95504e-12 8.90147e-13 4.05145e-13 1.84315e-13 8.38052e-14 3.80808e-14 1.72914e-14 7.84536e-15 3.55649e-15 1.61075e-15 7.28802e-16 3.29413e-16 1.48731e-16 6.70771e-17 3.02161e-17 1.3595e-17 6.10916e-18 2.74177e-18 1.2289e-18 5.50081e-19 2.45895e-19 1.09768e-19 4.89326e-20 2.17825e-20 9.68275e-21 4.29797e-21 1.90501e-21 8.43137e-22 3.72614e-22 1.6443e-22 7.24533e-23 3.18781e-23 1.4005e-23 6.14368e-24 2.69111e-24 1.17705e-24 5.14066e-25 2.24185e-25 9.76256e-26 4.24515e-26 1.84331e-26 7.99257e-27 3.46068e-27 1.49634e-27 6.461e-28 2.78596e-28 1.19967e-28 5.15906e-29 2.21568e-29 9.50338e-30 4.07092e-30 1.74164e-30 7.44186e-31 3.17594e-31 1.35375e-31 5.76349e-32 2.4509e-32 1.04103e-32 4.41684e-33 1.87186e-33 7.92429e-34 3.35103e-34 1.41559e-34 5.97369e-35 2.51828e-35 1.06054e-35 4.46193e-36 1.8754e-36 7.87504e-37 3.30372e-37 1.3847e-37 5.79853e-38 2.42606e-38 1.01418e-38 4.23611e-39 1.76796e-39 7.37296e-40 3.07245e-40 1.27942e-40 5.32396e-41 2.21391e-41 9.20015e-42 3.82073e-42 1.58569e-42 6.57682e-43 2.72609e-43 1.12925e-43 4.67486e-44 1.93408e-44 7.99658e-45 3.30414e-45 1.36438e-45 5.63031e-46 2.32193e-46 9.56937e-47 3.94126e-47 1.6222e-47 6.67252e-48 2.7428e-48 1.12673e-48 4.62559e-49 1.89775e-49 7.78106e-50 3.18839e-50 1.30568e-50 5.34375e-51 2.18574e-51 8.93513e-52 3.65055e-52 1.49065e-52 6.08356e-53 2.48148e-53 1.01167e-53 4.12241e-54 1.67899e-54 6.83498e-55 2.78114e-55 1.13112e-55 4.59833e-56 1.86854e-56 7.58961e-57 3.08145e-57 1.25059e-57 5.07338e-58 2.05737e-58 8.33986e-59 3.37942e-59 1.36888e-59 5.5428e-60 2.24356e-60 9.0781e-61 3.67199e-61 1.48477e-61 6.00166e-62 2.42516e-62 9.79639e-63 3.95596e-63 1.59698e-63 6.44482e-64 2.60008e-64 1.04864e-64 4.22803e-65 1.70418e-65 6.86698e-66 2.76622e-66 1.11399e-66 4.48487e-67 1.80507e-67 7.26297e-68 2.92155e-68 1.17487e-68 4.72332e-69 1.89839e-69 7.62792e-70 3.06415e-70 1.23055e-70 4.9405e-71 1.98303e-71 7.9575e-72 3.19236e-72 1.28037e-72 5.13392e-73 2.05804e-73 8.24805e-74 3.30477e-74 1.32381e-74 5.30156e-75 2.12265e-75 8.49667e-76 3.4003e-76 1.36045e-76 5.4419e-77 2.17629e-77 8.70129e-78 3.47819e-78 1.39003e-78 5.55393e-79 2.21861e-79 8.86066e-80 3.538e-80 1.41239e-80 5.63716e-81 2.24939e-81 8.97235e-82 3.57329e-82 1.40684e-82 5.00935e-83 0. 
-2.543e+06 -236259. -43515.6 -593554. -835343. -757131. -552505. -351920. -203316. -108739. -54413.3 -25573.5 -11255.7 -4581.01 -1668.19 -494.073 -71.9752 50.0573 65.694 51.3931 33.866 20.4027 11.6148 6.3538 3.37299 1.74857 0.889015 0.444672 0.219327 0.10687 0.0515204 0.024603 0.0116505 0.00547578 0.00255656 0.0011866 0.0005479 0.000251845 0.000115312 5.26242e-05 2.39504e-05 1.08764e-05 4.93081e-06 2.23256e-06 1.00999e-06 4.56674e-07 2.06443e-07 9.33246e-08 4.21958e-08 1.9084e-08 8.63417e-09 3.90776e-09 1.7692e-09 8.01194e-10 3.62886e-10 1.6437e-10 7.4446e-11 3.37107e-11 1.52597e-11 6.90427e-12 3.12199e-12 1.41071e-12 6.36937e-13 2.8732e-13 1.29483e-13 5.82924e-14 2.62142e-14 1.17752e-14 5.28318e-15 2.36756e-15 1.05968e-15 4.7371e-16 2.11498e-16 9.43087e-17 4.19997e-17 1.86804e-17 8.29787e-18 3.6812e-18 1.63098e-18 7.2168e-19 3.18914e-19 1.40745e-19 6.20331e-20 2.73047e-20 1.20026e-20 5.26909e-21 2.31001e-21 1.01137e-21 4.42198e-22 1.9308e-22 8.41917e-23 3.66615e-23 1.59427e-23 6.9234e-24 3.00253e-24 1.30036e-24 5.62407e-25 2.42912e-25 1.04776e-25 4.51326e-26 1.94151e-26 8.34082e-27 3.57854e-27 1.53332e-27 6.56138e-28 2.80413e-28 1.19687e-28 5.10207e-29 2.17222e-29 9.23684e-30 3.92296e-30 1.6641e-30 7.05068e-31 2.98381e-31 1.26128e-31 5.32541e-32 2.246e-32 9.46203e-33 3.98187e-33 1.67388e-33 7.02918e-34 2.94872e-34 1.23572e-34 5.17336e-35 2.16369e-35 9.04063e-36 3.77389e-36 1.57389e-36 6.55782e-37 2.72995e-37 1.13544e-37 4.71844e-38 1.95912e-38 8.12761e-39 3.36906e-39 1.39543e-39 5.77522e-40 2.38835e-40 9.86979e-41 4.07572e-41 1.68189e-41 6.93584e-42 2.85834e-42 1.1772e-42 4.84527e-43 1.99307e-43 8.19352e-44 3.3664e-44 1.38234e-44 5.67305e-45 2.3269e-45 9.53889e-46 3.90821e-46 1.60037e-46 6.54971e-47 2.67907e-47 1.09524e-47 4.47497e-48 1.82739e-48 7.45818e-49 3.04224e-49 1.24026e-49 5.05348e-50 2.05793e-50 8.37589e-51 3.40719e-51 1.38524e-51 5.62892e-52 2.28609e-52 9.27977e-53 3.76493e-53 1.52672e-53 6.18791e-54 2.50679e-54 1.01504e-54 4.10817e-55 1.66193e-55 6.72019e-56 2.71619e-56 1.09737e-56 4.43163e-57 1.78894e-57 7.21862e-58 2.91167e-58 1.17399e-58 4.73177e-59 1.90644e-59 7.67836e-60 3.09144e-60 1.24424e-60 5.0061e-61 2.0135e-61 8.09589e-62 3.25415e-62 1.3076e-62 5.25267e-63 2.10937e-63 8.4683e-64 3.3987e-64 1.36365e-64 5.46978e-65 2.19338e-65 8.79302e-66 3.52406e-66 1.41199e-66 5.65591e-67 2.26495e-67 9.0678e-68 3.62938e-68 1.45228e-68 5.80979e-69 2.3236e-69 9.2908e-70 3.71397e-70 1.48429e-70 5.93051e-71 2.36898e-71 9.46082e-72 3.77741e-72 1.50785e-72 6.01756e-73 2.40095e-73 9.57742e-74 3.81958e-74 1.52295e-74 6.07098e-75 2.41956e-75 9.64097e-76 3.8407e-76 1.5297e-76 6.09132e-77 2.42507e-77 9.65264e-78 3.8413e-78 1.52834e-78 6.07961e-79 2.41792e-79 9.61441e-80 3.82222e-80 1.51923e-80 6.03737e-81 2.39876e-81 9.52884e-82 3.78444e-82 1.50254e-82 5.96005e-83 2.35384e-83 9.07359e-84 3.01502e-84 0. 
-2.543e+06 -989433. -12862.6 -327392. -670088. -727358. -595512. -412211. -253975. -143086. -74795.2 -36522. -16659.3 -7039.68 -2690.97 -872.033 -185.732 31.9703 75.3358 64.7056 44.176 27.0434 15.501 8.49456 4.50332 2.32687 1.17776 0.586086 0.287522 0.139349 0.0668332 0.0317644 0.014978 0.00701399 0.00326474 0.00151161 0.000696691 0.00031983 0.000146328 6.6757e-05 3.03833e-05 1.38018e-05 6.25999e-06 2.83601e-06 1.28373e-06 5.80753e-07 2.62638e-07 1.18754e-07 5.36936e-08 2.42781e-08 1.09786e-08 4.96494e-09 2.24548e-09 1.01556e-09 4.59275e-10 2.07665e-10 9.3872e-11 4.24171e-11 1.91571e-11 8.64682e-12 3.9001e-12 1.7577e-12 7.91464e-13 3.56039e-13 1.6e-13 7.18245e-14 3.2206e-14 1.44245e-14 6.4528e-15 2.8832e-15 1.28669e-15 5.73511e-16 2.55316e-16 1.13523e-16 5.04148e-17 2.23616e-17 9.90651e-18 4.38342e-18 1.93724e-18 8.55127e-19 3.77015e-19 1.66022e-19 7.30225e-20 3.20795e-20 1.4076e-20 6.16896e-21 2.70036e-21 1.18062e-21 5.1555e-22 2.24857e-22 9.79517e-23 4.26174e-23 1.85194e-23 8.03774e-24 3.4842e-24 1.50846e-24 6.52266e-25 2.81693e-25 1.21503e-25 5.23425e-26 2.25207e-26 9.67768e-27 4.15357e-27 1.78047e-27 7.62276e-28 3.25955e-28 1.39211e-28 5.93834e-29 2.53007e-29 1.07667e-29 4.57634e-30 1.94287e-30 8.23885e-31 3.48971e-31 1.47645e-31 6.23967e-32 2.63403e-32 1.11072e-32 4.67865e-33 1.96867e-33 8.27499e-34 3.47466e-34 1.45751e-34 6.10767e-35 2.55686e-35 1.06934e-35 4.46791e-36 1.86503e-36 7.77792e-37 3.24075e-37 1.34908e-37 5.61109e-38 2.33175e-38 9.68159e-39 4.01652e-39 1.66494e-39 6.896e-40 2.85402e-40 1.18028e-40 4.87737e-41 2.01405e-41 8.3109e-42 3.42709e-42 1.41224e-42 5.8158e-43 2.3935e-43 9.84433e-44 4.04646e-44 1.66229e-44 6.82476e-45 2.80039e-45 1.14843e-45 4.70708e-46 1.92823e-46 7.89458e-47 3.23045e-47 1.32119e-47 5.40045e-48 2.20629e-48 9.00871e-49 3.67645e-49 1.49956e-49 6.11314e-50 2.49077e-50 1.01431e-50 4.12837e-51 1.67941e-51 6.82822e-52 2.7748e-52 1.12702e-52 4.57518e-53 1.85638e-53 7.52849e-54 3.05165e-54 1.23638e-54 5.00682e-55 2.0266e-55 8.19923e-56 3.31576e-56 1.34029e-56 5.41536e-57 2.18711e-57 8.82941e-58 3.563e-58 1.43723e-58 5.79519e-59 2.33583e-59 9.41138e-60 3.79058e-60 1.52617e-60 6.14251e-61 2.47138e-61 9.94e-62 3.99659e-62 1.60639e-62 6.45469e-63 2.59276e-63 1.04116e-63 4.17965e-64 1.67739e-64 6.72976e-65 2.69923e-65 1.08233e-65 4.33865e-66 1.73873e-66 6.96609e-67 2.79017e-67 1.11727e-67 4.47269e-68 1.79007e-68 7.16238e-69 2.86508e-69 1.14579e-69 4.58108e-70 1.83114e-70 7.31766e-71 2.9236e-71 1.16777e-71 4.66335e-72 1.86181e-72 7.43141e-73 2.96557e-73 1.18317e-73 4.71938e-74 1.88203e-74 7.50365e-75 2.99104e-75 1.19201e-75 4.74941e-76 1.89194e-76 7.535e-77 3.00032e-77 1.19443e-77 4.75404e-78 1.89181e-78 7.52664e-79 2.99391e-79 1.19066e-79 4.73425e-80 1.88204e-80 7.48032e-81 2.97254e-81 1.181e-81 4.69113e-82 1.86278e-82 7.38974e-83 2.91853e-83 1.1254e-83 3.75677e-84 0. 
-2.543e+06 -1.10298e+06 16192.1 -231583. -606132. -718501. -622412. -450312. -288203. -168069. -90767.5 -45770.9 -21592.2 -9480.62 -3811.07 -1343.78 -362.791 -22.4078 66.2781 69.1685 50.6165 32.1311 18.8297 10.4692 5.60425 2.91438 1.48112 0.738736 0.362755 0.175803 0.0842521 0.0399923 0.0188278 0.00880134 0.0040894 0.00189021 0.000869827 0.000398774 0.000182245 8.3072e-05 3.77862e-05 1.71584e-05 7.78123e-06 3.52521e-06 1.5959e-06 7.22117e-07 3.26638e-07 1.4772e-07 6.67981e-08 3.02039e-08 1.36565e-08 6.17435e-09 2.79123e-09 1.26161e-09 5.70092e-10 2.57523e-10 1.16277e-10 5.24726e-11 2.36642e-11 1.06642e-11 4.80175e-12 2.16009e-12 9.70758e-13 4.35802e-13 1.95427e-13 8.75334e-14 3.91601e-14 1.74978e-14 7.80878e-15 3.48048e-15 1.54935e-15 6.88834e-16 3.0587e-16 1.35651e-16 6.00858e-17 2.65825e-17 1.17462e-17 5.18424e-18 2.28542e-18 1.00634e-18 4.42617e-19 1.94456e-19 8.53354e-20 3.74072e-20 1.63796e-20 7.16429e-21 3.13018e-21 1.36613e-21 5.95579e-22 2.59366e-22 1.12826e-22 4.90267e-23 2.12802e-23 9.22652e-24 3.99593e-24 1.72867e-24 7.46999e-25 3.22432e-25 1.39016e-25 5.98686e-26 2.57536e-26 1.10658e-26 4.74927e-27 2.03599e-27 8.71818e-28 3.72888e-28 1.59307e-28 6.7982e-29 2.89774e-29 1.23376e-29 5.24702e-30 2.22898e-30 9.45831e-31 4.00903e-31 1.69741e-31 7.17895e-32 3.03294e-32 1.27998e-32 5.39608e-33 2.27248e-33 9.56023e-34 4.01783e-34 1.68684e-34 7.07484e-35 2.96434e-35 1.24083e-35 5.18898e-36 2.1679e-36 9.04882e-37 3.77351e-37 1.5722e-37 6.54461e-38 2.72195e-38 1.13111e-38 4.69635e-39 1.9483e-39 8.07602e-40 3.34497e-40 1.38435e-40 5.72486e-41 2.36569e-41 9.76859e-42 4.03083e-42 1.66208e-42 6.84877e-43 2.82022e-43 1.16057e-43 4.77292e-44 1.96168e-44 8.05766e-45 3.30775e-45 1.35708e-45 5.56453e-46 2.28039e-46 9.34006e-47 3.82344e-47 1.56431e-47 6.39677e-48 2.61437e-48 1.06793e-48 4.36006e-49 1.77916e-49 7.25619e-50 2.95786e-50 1.20509e-50 4.90727e-51 1.99726e-51 8.12469e-52 3.30337e-52 1.34242e-52 5.45253e-53 2.21356e-53 8.98193e-54 3.6428e-54 1.47669e-54 5.98322e-55 2.42312e-55 9.80872e-56 3.96871e-56 1.60506e-56 6.48841e-57 2.62178e-57 1.05893e-57 4.2752e-58 1.7253e-58 6.95981e-59 2.80645e-59 1.13122e-59 4.55799e-60 1.83584e-60 7.39161e-61 2.975e-61 1.19697e-61 4.81423e-62 1.93564e-62 7.78001e-63 3.12603e-63 1.25565e-63 5.04205e-64 2.02401e-64 8.12245e-65 3.25861e-65 1.30692e-65 5.24015e-66 2.10046e-66 8.41712e-67 3.37205e-67 1.35054e-67 5.40758e-68 2.16464e-68 8.66272e-69 3.46587e-69 1.38631e-69 5.54367e-70 2.2163e-70 8.85832e-71 3.53973e-71 1.41411e-71 5.648e-72 2.25529e-72 9.00348e-73 3.5935e-73 1.43392e-73 5.7205e-74 2.28163e-74 9.0983e-75 3.62726e-75 1.44578e-75 5.76146e-76 2.29545e-76 9.14348e-77 3.64136e-77 1.44985e-77 5.77157e-78 2.29707e-78 9.14042e-79 3.63638e-79 1.44639e-79 5.75195e-80 2.28696e-80 9.0911e-81 3.61318e-81 1.43574e-81 5.70387e-82 2.26527e-82 8.98788e-83 3.55056e-83 1.3701e-83 4.58803e-84 0. 
-2.543e+06 -1.09426e+06 49635.8 -190919. -583787. -721401. -642572. -476344. -312067. -186291. -103060. -53312.8 -25868.1 -11739.8 -4926.5 -1856.77 -579.865 -104.319 41.0639 65.0884 52.8975 35.3414 21.3762 12.1491 6.61021 3.48063 1.78614 0.897638 0.443375 0.215835 0.103779 0.0493758 0.023281 0.0108927 0.00506295 0.00234015 0.00107655 0.000493308 0.000225316 0.000102641 4.66595e-05 2.11764e-05 9.59904e-06 4.34724e-06 1.96756e-06 8.90146e-07 4.0261e-07 1.82073e-07 8.23326e-08 3.72282e-08 1.68323e-08 7.60968e-09 3.43965e-09 1.55436e-09 7.02163e-10 3.17051e-10 1.4308e-10 6.45267e-11 2.90784e-11 1.30926e-11 5.88937e-12 2.64645e-12 1.18789e-12 5.32582e-13 2.38488e-13 1.0666e-13 4.76402e-14 2.12509e-14 9.46686e-15 4.21168e-15 1.87123e-15 8.30278e-16 3.67917e-16 1.62822e-16 7.19651e-17 3.17676e-17 1.4006e-17 6.1676e-18 2.71273e-18 1.19177e-18 5.22981e-19 2.29243e-19 1.00377e-19 4.39041e-20 1.91831e-20 8.37299e-21 3.65087e-21 1.59027e-21 6.92002e-22 3.00821e-22 1.3064e-22 5.66776e-23 2.45648e-23 1.06361e-23 4.60065e-24 1.98801e-24 8.58188e-25 3.70089e-25 1.59436e-25 6.86158e-26 2.94995e-26 1.26694e-26 5.43557e-27 2.3296e-27 9.97379e-28 4.26563e-28 1.82241e-28 7.77768e-29 3.31584e-29 1.41214e-29 6.00756e-30 2.55305e-30 1.08383e-30 4.59627e-31 1.94712e-31 8.23996e-32 3.48342e-32 1.47108e-32 6.20611e-33 2.61553e-33 1.10118e-33 4.63149e-34 1.94602e-34 8.16842e-35 3.42527e-35 1.43492e-35 6.00548e-36 2.51107e-36 1.04898e-36 4.37801e-37 1.82555e-37 7.60549e-38 3.16576e-38 1.3166e-38 5.47096e-39 2.27147e-39 9.42312e-40 3.90598e-40 1.61778e-40 6.69529e-41 2.76876e-41 1.14413e-41 4.72438e-42 1.9494e-42 8.03802e-43 3.31206e-43 1.36381e-43 5.61205e-44 2.30786e-44 9.48472e-45 3.89558e-45 1.59903e-45 6.55975e-46 2.68946e-46 1.10204e-46 4.51323e-47 1.84731e-47 7.5571e-48 3.08986e-48 1.26268e-48 5.15728e-49 2.10534e-49 8.59013e-50 3.50312e-50 1.42787e-50 5.81702e-51 2.36861e-51 9.63983e-52 3.92127e-52 1.5943e-52 6.47881e-53 2.63153e-53 1.06834e-53 4.33508e-54 1.75823e-54 7.12769e-55 2.88813e-55 1.16972e-55 4.73526e-56 1.91606e-56 7.74958e-57 3.13296e-57 1.26602e-57 5.11377e-58 2.0647e-58 8.33283e-59 3.36163e-59 1.3556e-59 5.46443e-60 2.20186e-60 8.86887e-61 3.57097e-61 1.43729e-61 5.78293e-62 2.32594e-62 9.35193e-63 3.75886e-63 1.51031e-63 6.06649e-64 2.43596e-64 9.77835e-65 3.92399e-65 1.5742e-65 6.31337e-66 2.53126e-66 1.01459e-66 4.06553e-67 1.62864e-67 6.5225e-68 2.61148e-68 1.0453e-68 4.18298e-69 1.67346e-69 6.69323e-70 2.67637e-70 1.06991e-70 4.27606e-71 1.70857e-71 6.82525e-72 2.72584e-72 1.08838e-72 4.34469e-73 1.73395e-73 6.91859e-74 2.75993e-74 1.10074e-74 4.38905e-75 1.7497e-75 6.97366e-76 2.77885e-76 1.10707e-76 4.40956e-77 1.75599e-77 6.99133e-78 2.78296e-78 1.10755e-78 4.40691e-79 1.75314e-79 6.97288e-80 2.77282e-80 1.10241e-80 4.3821e-81 1.74155e-81 6.91979e-82 2.74859e-82 1.09073e-82 4.30969e-83 1.6637e-83 5.57783e-84 0. 
-2.543e+06 -1.0774e+06 71285.2 -173030. -576643. -726594. -656475. -493512. -328163. -199095. -112119. -59160.2 -29364. -13692.9 -5950.67 -2361.02 -811.809 -202.631 3.92177 53.7046 51.1552 36.5043 22.9495 13.3957 7.43658 3.97887 2.06872 1.05105 0.523914 0.257003 0.124366 0.0594839 0.0281677 0.0132242 0.00616298 0.00285424 0.0013149 0.000603077 0.000275596 0.000125572 5.70822e-05 2.59018e-05 1.17376e-05 5.31392e-06 2.40423e-06 1.08734e-06 4.9166e-07 2.22292e-07 1.00501e-07 4.54379e-08 2.05425e-08 9.28657e-09 4.19748e-09 1.89676e-09 8.56797e-10 3.86843e-10 1.74555e-10 7.87083e-11 3.54608e-11 1.59614e-11 7.17706e-12 3.22358e-12 1.44615e-12 6.4795e-13 2.89936e-13 1.29562e-13 5.78164e-14 2.57641e-14 1.14647e-14 5.09439e-15 2.2605e-15 1.00162e-15 4.43195e-16 1.95834e-16 8.64159e-17 3.80822e-17 1.67604e-17 7.36713e-18 3.23426e-18 1.41817e-18 6.21115e-19 2.7172e-19 1.18738e-19 5.18306e-20 2.26009e-20 9.84508e-21 4.28426e-21 1.86254e-21 8.08935e-22 3.51001e-22 1.52158e-22 6.58991e-23 2.85143e-23 1.23268e-23 5.324e-24 2.29738e-24 9.90446e-25 4.26612e-25 1.83585e-25 7.89301e-26 3.39036e-26 1.45494e-26 6.23791e-27 2.67192e-27 1.14339e-27 4.88823e-28 2.08781e-28 8.90865e-29 3.7976e-29 1.61727e-29 6.88069e-30 2.92451e-30 1.24179e-30 5.26758e-31 2.23227e-31 9.45046e-32 3.99697e-32 1.68881e-32 7.12859e-33 3.00608e-33 1.26641e-33 5.32993e-34 2.241e-34 9.41305e-35 3.94983e-35 1.65577e-35 6.93464e-36 2.90166e-36 1.21303e-36 5.06646e-37 2.11423e-37 8.81486e-38 3.672e-38 1.52833e-38 6.35571e-39 2.64088e-39 1.09641e-39 4.5483e-40 1.88528e-40 7.80836e-41 3.23152e-41 1.33636e-41 5.52222e-42 2.28026e-42 9.40895e-43 3.87962e-43 1.59859e-43 6.58246e-44 2.70863e-44 1.11386e-44 4.57753e-45 1.88002e-45 7.71661e-46 3.16542e-46 1.29772e-46 5.3172e-47 2.1774e-47 8.91156e-48 3.64529e-48 1.49031e-48 6.08964e-49 2.48702e-49 1.01518e-49 4.14174e-50 1.68889e-50 6.88341e-51 2.80406e-51 1.14171e-51 4.64633e-52 1.88995e-52 7.68387e-53 3.12247e-53 1.26826e-53 5.14883e-54 2.08931e-54 8.47406e-55 3.43539e-55 1.39207e-55 5.63823e-56 2.28259e-56 9.2367e-57 3.73604e-57 1.51048e-57 6.10422e-58 2.4658e-58 9.9564e-59 4.01852e-59 1.62125e-59 6.53824e-60 2.63571e-60 1.0621e-60 4.27826e-61 1.72268e-61 6.93396e-62 2.78998e-62 1.12219e-62 4.5121e-63 1.8136e-63 7.28718e-64 2.92707e-64 1.17535e-64 4.71804e-65 1.89331e-65 7.59533e-66 3.04608e-66 1.22126e-66 4.89494e-67 1.96138e-67 7.85698e-68 3.1465e-68 1.25974e-68 5.0422e-69 2.01763e-69 8.07145e-70 3.22812e-70 1.29073e-70 5.15959e-71 2.06199e-71 8.23856e-72 3.29088e-72 1.31422e-72 5.24715e-73 2.09448e-73 8.35853e-74 3.33491e-74 1.33027e-74 5.30517e-75 2.11525e-75 8.43199e-76 3.3605e-76 1.33901e-76 5.33423e-77 2.12455e-77 8.46004e-78 3.36812e-78 1.34064e-78 5.33518e-79 2.12275e-79 8.44422e-80 3.35842e-80 1.33544e-80 5.30919e-81 2.11031e-81 8.38629e-82 3.3316e-82 1.32231e-82 5.2258e-83 2.01801e-83 6.77003e-84 0. 
-2.543e+06 -1.06898e+06 81327.7 -164556. -571885. -727282. -662235. -502193. -337331. -207072. -118200. -63354.4 -32029.9 -15272.9 -6829.95 -2821.98 -1039.36 -307.848 -41.0313 36.5176 45.7726 35.6036 23.4356 14.1029 8.0093 4.36391 2.30355 1.18559 0.59764 0.296049 0.144488 0.0696244 0.0331824 0.0156646 0.00733441 0.00340994 0.00157585 0.000724567 0.000331745 0.000151365 6.88718e-05 3.12691e-05 1.41736e-05 6.41703e-06 2.90295e-06 1.31259e-06 5.93341e-07 2.68184e-07 1.21216e-07 5.47899e-08 2.4766e-08 1.11945e-08 5.05953e-09 2.28629e-09 1.0328e-09 4.66347e-10 2.10451e-10 9.49048e-11 4.27625e-11 1.92498e-11 8.65625e-12 3.88805e-12 1.7442e-12 7.81427e-13 3.49611e-13 1.56194e-13 6.968e-14 3.1039e-14 1.38056e-14 6.13118e-15 2.71881e-15 1.20381e-15 5.32223e-16 2.34958e-16 1.03576e-16 4.55943e-17 2.0043e-17 8.79886e-18 3.85762e-18 1.68911e-18 7.38681e-19 3.22652e-19 1.40769e-19 6.13462e-20 2.67052e-20 1.1613e-20 5.04482e-21 2.18935e-21 9.49214e-22 4.11152e-22 1.77927e-22 7.69286e-23 3.32315e-23 1.43428e-23 6.18508e-24 2.66494e-24 1.14726e-24 4.93484e-25 2.1209e-25 9.10761e-26 3.90773e-26 1.67525e-26 7.17579e-27 3.07107e-27 1.31323e-27 5.61069e-28 2.39506e-28 1.02149e-28 4.35285e-29 1.85322e-29 7.88299e-30 3.35015e-30 1.42248e-30 6.03435e-31 2.55752e-31 1.08295e-31 4.58138e-32 1.93635e-32 8.17654e-33 3.44947e-33 1.45389e-33 6.12214e-34 2.57547e-34 1.08235e-34 4.54379e-35 1.90556e-35 7.98495e-36 3.34298e-36 1.39834e-36 5.84403e-37 2.44026e-37 1.0181e-37 4.24398e-38 1.76764e-38 7.35618e-39 3.05882e-39 1.27088e-39 5.27598e-40 2.18855e-40 9.07133e-41 3.75705e-41 1.55486e-41 6.42997e-42 2.65707e-42 1.09719e-42 4.52735e-43 1.86681e-43 7.6923e-44 3.16749e-44 1.30342e-44 5.36002e-45 2.20277e-45 9.04689e-46 3.71331e-46 1.52321e-46 6.24453e-47 2.55851e-47 1.04768e-47 4.2877e-48 1.7538e-48 7.16974e-49 2.9295e-49 1.19635e-49 4.88308e-50 1.99209e-50 8.12277e-51 3.31041e-51 1.34848e-51 5.49027e-52 2.23425e-52 9.0878e-53 3.69468e-53 1.50137e-53 6.09809e-54 2.47568e-54 1.0046e-54 4.07463e-55 1.6519e-55 6.69394e-56 2.71133e-56 1.09771e-56 4.44219e-57 1.79687e-57 7.26519e-58 2.93622e-58 1.18617e-58 4.78983e-59 1.93336e-59 7.80061e-60 3.14607e-60 1.26834e-60 5.11129e-61 2.05901e-61 8.29131e-62 3.33753e-62 1.34297e-62 5.40198e-63 2.17212e-63 8.73103e-64 3.50831e-64 1.40924e-64 5.65885e-65 2.2716e-65 9.11583e-66 3.657e-66 1.46663e-66 5.88014e-67 2.35681e-67 9.44356e-68 3.78288e-68 1.51491e-68 6.06501e-69 2.42749e-69 9.71333e-70 3.88565e-70 1.55398e-70 6.21323e-71 2.48358e-71 9.92504e-72 3.96533e-72 1.58387e-72 6.32495e-73 2.52518e-73 1.00792e-73 4.02214e-74 1.60469e-74 6.40067e-75 2.55249e-75 1.01767e-75 4.05651e-76 1.61661e-76 6.44117e-77 2.56585e-77 1.0219e-77 4.06905e-78 1.6199e-78 6.44754e-79 2.56573e-79 1.0208e-79 4.06055e-80 1.61489e-80 6.42117e-81 2.5527e-81 1.01459e-81 4.0313e-82 1.60031e-82 6.32601e-83 2.44388e-83 8.20463e-84 0. 
-2.543e+06 -1.0675e+06 83434.4 -159381. -563073. -718741. -657229. -501242. -339168. -210089. -121232. -65823.9 -33796.3 -16422.2 -7522.96 -3213.36 -1247.51 -412.222 -90.2117 14.9659 37.2004 32.6957 22.7681 14.1889 8.26442 4.59362 2.4654 1.28716 0.657042 0.329129 0.162246 0.0788835 0.0378967 0.0180176 0.00848912 0.00396841 0.00184258 0.000850579 0.000390725 0.000178751 8.15017e-05 3.70611e-05 1.68175e-05 7.61947e-06 3.44828e-06 1.55939e-06 7.04876e-07 3.18546e-07 1.43946e-07 6.50479e-08 2.93959e-08 1.32848e-08 6.00354e-09 2.71274e-09 1.22548e-09 5.53412e-10 2.49788e-10 1.12672e-10 5.07831e-11 2.28679e-11 1.02869e-11 4.62218e-12 2.07428e-12 9.29629e-13 4.16048e-13 1.85927e-13 8.29635e-14 3.69625e-14 1.6442e-14 7.3023e-15 3.23799e-15 1.43352e-15 6.33649e-16 2.79652e-16 1.23231e-16 5.42208e-17 2.38216e-17 1.04508e-17 4.57844e-18 2.00305e-18 8.75168e-19 3.81885e-19 1.66431e-19 7.24459e-20 3.14986e-20 1.36799e-20 5.93477e-21 2.57201e-21 1.11354e-21 4.81631e-22 2.08121e-22 8.98503e-23 3.87559e-23 1.67025e-23 7.19215e-24 3.0944e-24 1.33028e-24 5.71429e-25 2.45267e-25 1.05191e-25 4.50793e-26 1.93037e-26 8.25981e-27 3.53153e-27 1.50876e-27 6.44076e-28 2.74736e-28 1.17098e-28 4.987e-29 2.12217e-29 9.02341e-30 3.83359e-30 1.62736e-30 6.90241e-31 2.92519e-31 1.23863e-31 5.24033e-32 2.21516e-32 9.35573e-33 3.94798e-33 1.66453e-33 7.01162e-34 2.95075e-34 1.24044e-34 5.20799e-35 2.18397e-35 9.15357e-36 3.83331e-36 1.60399e-36 6.70617e-37 2.80152e-37 1.1694e-37 4.87735e-38 2.03262e-38 8.46411e-39 3.52179e-39 1.46421e-39 6.08278e-40 2.52501e-40 1.04735e-40 4.34097e-41 1.79785e-41 7.44037e-42 3.07691e-42 1.2715e-42 5.25055e-43 2.16662e-43 8.93423e-44 3.68155e-44 1.51603e-44 6.23873e-45 2.56565e-45 1.05443e-45 4.33076e-46 1.77762e-46 7.29205e-47 2.9895e-47 1.22488e-47 5.01577e-48 2.05275e-48 8.39637e-49 3.4325e-49 1.40248e-49 5.72732e-50 2.33766e-50 9.53647e-51 3.88843e-51 1.58468e-51 6.45501e-52 2.62808e-52 1.06947e-52 4.35003e-53 1.76851e-53 7.18654e-54 2.91896e-54 1.18504e-54 4.80883e-55 1.9505e-55 7.9078e-56 3.20457e-56 1.29804e-56 5.25552e-57 2.12692e-57 8.60393e-58 3.47901e-58 1.40614e-58 5.68089e-59 2.29416e-59 9.26084e-60 3.7368e-60 1.50721e-60 6.07681e-61 2.4491e-61 9.86662e-62 3.97343e-62 1.59955e-62 6.43683e-63 2.58933e-63 1.04123e-63 4.18557e-64 1.68194e-64 6.75647e-65 2.71322e-65 1.0892e-65 4.37107e-66 1.7536e-66 7.03299e-67 2.81978e-67 1.13022e-67 4.52875e-68 1.81413e-68 7.26502e-69 2.90859e-69 1.16415e-69 4.65816e-70 1.8634e-70 7.45218e-71 2.97953e-71 1.19097e-71 4.75933e-72 1.90144e-72 7.59474e-73 3.03276e-73 1.21077e-73 4.83259e-74 1.92841e-74 7.6934e-75 3.06859e-75 1.22367e-75 4.87854e-76 1.94456e-76 7.74925e-77 3.08748e-77 1.22986e-77 4.89798e-78 1.95024e-78 7.76368e-79 3.09e-79 1.2296e-79 4.89191e-80 1.94585e-80 7.73841e-81 3.07687e-81 1.22313e-81 4.86074e-82 1.92998e-82 7.63165e-83 2.95015e-83 9.91636e-84 0. 
-2.543e+06 -1.07185e+06 76097.2 -159229. -549687. -698953. -639214. -488856. -332439. -207367. -120739. -66284.6 -34494.2 -17041.1 -7972.39 -3503.35 -1419.4 -507.328 -139.71 -9.3133 26.0175 27.9152 20.9239 13.5932 8.14696 4.62875 2.52941 1.34113 0.693965 0.351886 0.175386 0.086131 0.0417576 0.0200184 0.00950265 0.00447216 0.00208893 0.000969382 0.000447331 0.000205442 9.39748e-05 4.28453e-05 1.94825e-05 8.8407e-06 4.00543e-06 1.81269e-06 8.19723e-07 3.70516e-07 1.67432e-07 7.56533e-08 3.41831e-08 1.54455e-08 6.979e-09 3.15323e-09 1.42446e-09 6.43319e-10 2.90419e-10 1.31035e-10 5.90809e-11 2.66162e-11 1.19792e-11 5.3856e-12 2.41835e-12 1.08452e-12 4.85683e-13 2.17187e-13 9.69739e-14 4.32309e-14 1.92415e-14 8.55018e-15 3.79315e-15 1.68e-15 7.42861e-16 3.27941e-16 1.44539e-16 6.36037e-17 2.79449e-17 1.2259e-17 5.36985e-18 2.34874e-18 1.02587e-18 4.47459e-19 1.94911e-19 8.47933e-20 3.68423e-20 1.59887e-20 6.93069e-21 3.00094e-21 1.298e-21 5.60847e-22 2.42094e-22 1.04402e-22 4.49812e-23 1.93628e-23 8.32779e-24 3.57874e-24 1.53666e-24 6.59295e-25 2.82648e-25 1.21083e-25 5.18319e-26 2.21713e-26 9.47695e-27 4.04792e-27 1.72776e-27 7.3692e-28 3.14084e-28 1.3377e-28 5.6932e-29 2.42124e-29 1.02896e-29 4.36957e-30 1.85419e-30 7.86213e-31 3.33116e-31 1.41032e-31 5.96623e-32 2.52198e-32 1.06522e-32 4.49563e-33 1.89577e-33 7.98747e-34 3.36208e-34 1.41334e-34 5.93062e-35 2.48413e-35 1.04085e-35 4.3581e-36 1.82349e-36 7.62433e-37 3.1856e-37 1.33005e-37 5.54918e-38 2.31352e-38 9.63823e-39 4.01237e-39 1.6691e-39 6.93814e-40 2.88191e-40 1.19618e-40 4.96125e-41 2.05621e-41 8.51578e-42 3.52424e-42 1.45745e-42 6.02296e-43 2.48725e-43 1.02641e-43 4.23278e-44 1.74434e-44 7.18361e-45 2.95641e-45 1.21591e-45 4.99758e-46 2.05277e-46 8.42656e-47 3.45695e-47 1.41734e-47 5.80762e-48 2.37831e-48 9.73401e-49 3.98172e-49 1.62783e-49 6.65141e-50 2.71635e-50 1.10874e-50 4.52323e-51 1.84437e-51 7.51671e-52 3.06191e-52 1.24665e-52 5.07327e-53 2.06358e-53 8.38979e-54 3.40939e-54 1.38484e-54 5.62241e-55 2.28164e-55 9.25499e-56 3.7524e-56 1.52072e-56 6.16021e-57 2.49432e-57 1.00953e-57 4.08413e-58 1.65156e-58 6.67581e-59 2.69731e-59 1.08938e-59 4.39792e-60 1.77476e-60 7.15906e-61 2.88669e-61 1.16352e-61 4.68792e-62 1.88808e-62 7.60143e-63 3.05921e-63 1.23074e-63 4.94953e-64 1.9898e-64 7.99653e-65 3.21252e-65 1.29016e-65 5.17959e-66 2.07877e-66 8.34022e-67 3.34512e-67 1.34125e-67 5.37623e-68 2.15434e-68 8.63026e-69 3.45626e-69 1.38378e-69 5.53864e-70 2.21626e-70 8.86587e-71 3.54573e-71 1.41767e-71 5.66675e-72 2.26455e-72 9.04732e-73 3.61369e-73 1.44303e-73 5.76099e-74 2.2994e-74 9.17553e-75 3.66056e-75 1.46004e-75 5.82214e-76 2.32116e-76 9.25192e-77 3.68692e-77 1.46893e-77 5.85124e-78 2.33025e-78 9.27825e-79 3.69352e-79 1.47003e-79 5.84955e-80 2.32719e-80 9.25668e-81 3.68122e-81 1.46365e-81 5.81769e-82 2.31052e-82 9.14054e-83 3.53714e-83 1.19167e-83 0. 
-2.543e+06 -1.08416e+06 47996.5 -177583. -540313. -671369. -608533. -464083. -315939. -197884. -115990. -64260.4 -33833.1 -16961.4 -8084.52 -3641.74 -1529.17 -580.419 -183.554 -33.6974 13.2723 21.6181 17.9821 12.3009 7.62088 4.43709 2.47276 1.33307 0.699912 0.35956 0.181347 0.0900296 0.0440853 0.0213291 0.0102106 0.00484252 0.00227783 0.00106374 0.000493644 0.000227839 0.000104669 4.78963e-05 2.18459e-05 9.93774e-06 4.51126e-06 2.04462e-06 9.25584e-07 4.18661e-07 1.89268e-07 8.5537e-08 3.86509e-08 1.74635e-08 7.89018e-09 3.56465e-09 1.61026e-09 7.27259e-10 3.28356e-10 1.48186e-10 6.68369e-11 3.01239e-11 1.35653e-11 6.10263e-12 2.74231e-12 1.23078e-12 5.51653e-13 2.46907e-13 1.10345e-13 4.92376e-14 2.19353e-14 9.75618e-15 4.33205e-15 1.92034e-15 8.49828e-16 3.75452e-16 1.65597e-16 7.29173e-17 3.20554e-17 1.40693e-17 6.16543e-18 2.69765e-18 1.17857e-18 5.14153e-19 2.23982e-19 9.74403e-20 4.23337e-20 1.83687e-20 7.96033e-21 3.44562e-21 1.48972e-21 6.43376e-22 2.77564e-22 1.19624e-22 5.15052e-23 2.21551e-23 9.52143e-24 4.08839e-24 1.75402e-24 7.5191e-25 3.22073e-25 1.37851e-25 5.89577e-26 2.51974e-26 1.07612e-26 4.59263e-27 1.95867e-27 8.34765e-28 3.55526e-28 1.51316e-28 6.43585e-29 2.73548e-29 1.16189e-29 4.93177e-30 2.0919e-30 8.86705e-31 3.7559e-31 1.5898e-31 6.72454e-32 2.8423e-32 1.20049e-32 5.06675e-33 2.13682e-33 9.00423e-34 3.7902e-34 1.5926e-34 6.66996e-35 2.78261e-35 1.16449e-35 4.87123e-36 2.03678e-36 8.51211e-37 3.5555e-37 1.4843e-37 6.19283e-38 2.58221e-38 1.07602e-38 4.48094e-39 1.86479e-39 7.7553e-40 3.22308e-40 1.33858e-40 5.55538e-41 2.30399e-41 9.54865e-42 3.95457e-42 1.63663e-42 6.76861e-43 2.79734e-43 1.15529e-43 4.76801e-44 1.96647e-44 8.10485e-45 3.33819e-45 1.37401e-45 5.65181e-46 2.32329e-46 9.54433e-47 3.91846e-47 1.60775e-47 6.5926e-48 2.7017e-48 1.10653e-48 4.52938e-49 1.85297e-49 7.57631e-50 3.09605e-50 1.26452e-50 5.16194e-51 2.10608e-51 8.58841e-52 3.50051e-52 1.42605e-52 5.80662e-53 2.36321e-53 9.61331e-54 3.90875e-54 1.58854e-54 6.45297e-55 2.62012e-55 1.06337e-55 4.31373e-56 1.74915e-56 7.08939e-57 2.87211e-57 1.16306e-57 4.70779e-58 1.90479e-58 7.70355e-59 3.11424e-59 1.25844e-59 5.08317e-60 2.05238e-60 8.28334e-61 3.34179e-61 1.34766e-61 5.43263e-62 2.18914e-62 8.81799e-63 3.5506e-63 1.42913e-63 5.7502e-64 2.31279e-64 9.29894e-65 3.73748e-65 1.50166e-65 6.03141e-66 2.42169e-66 9.72022e-67 3.90024e-67 1.56447e-67 6.27347e-68 2.51486e-68 1.00783e-68 4.03767e-69 1.61714e-69 6.47496e-70 2.59182e-70 1.03717e-70 4.14931e-71 1.65953e-71 6.63556e-72 2.65251e-72 1.06004e-72 4.23526e-73 1.69172e-73 6.75569e-74 2.69715e-74 1.07656e-74 4.29601e-75 1.71393e-75 6.83629e-76 2.72615e-76 1.08688e-76 4.33228e-77 1.72646e-77 6.87864e-78 2.74004e-78 1.09123e-78 4.34498e-79 1.72969e-79 6.8843e-80 2.73945e-80 1.08988e-80 4.33518e-81 1.72403e-81 6.85423e-82 2.72303e-82 1.07794e-82 4.17862e-83 1.41393e-83 0. 
-2.543e+06 -1.10511e+06 -24275.6 -243494. -556868. -648946. -571463. -429256. -290066. -181291. -106470. -59304.2 -31492. -15975.7 -7735.17 -3558.3 -1539. -612.018 -212.156 -53.6933 0.953337 14.6202 14.2401 10.3972 6.69452 4.00508 2.2799 1.25104 0.667017 0.347398 0.177412 0.0890922 0.0440915 0.0215432 0.0104077 0.00497798 0.0023599 0.00110999 0.000518479 0.000240713 0.000111164 5.11034e-05 2.34019e-05 1.06817e-05 4.86266e-06 2.20891e-06 1.00175e-06 4.53726e-07 2.0532e-07 9.28524e-08 4.19735e-08 1.8969e-08 8.57119e-09 3.87243e-09 1.74932e-09 7.90091e-10 3.56758e-10 1.61033e-10 7.26515e-11 3.27575e-11 1.47588e-11 6.64369e-12 2.98764e-12 1.34201e-12 6.02064e-13 2.6974e-13 1.20678e-13 5.39085e-14 2.4044e-14 1.07067e-14 4.75975e-15 2.11244e-15 9.35942e-16 4.13974e-16 1.82793e-16 8.05765e-17 3.54592e-17 1.55786e-17 6.83313e-18 2.99236e-18 1.30836e-18 5.71183e-19 2.48986e-19 1.08379e-19 4.71087e-20 2.04487e-20 8.86461e-21 3.83796e-21 1.65962e-21 7.1681e-22 3.09247e-22 1.33271e-22 5.7373e-23 2.46742e-23 1.06013e-23 4.55066e-24 1.95164e-24 8.36286e-25 3.58055e-25 1.53179e-25 6.54809e-26 2.79709e-26 1.19394e-26 5.09276e-27 2.17082e-27 9.24703e-28 3.93633e-28 1.67454e-28 7.119e-29 3.02456e-29 1.28418e-29 5.44893e-30 2.31056e-30 9.79136e-31 4.14655e-31 1.75488e-31 7.42201e-32 3.13694e-32 1.32495e-32 5.59233e-33 2.35872e-33 9.94044e-34 4.18398e-34 1.75609e-34 7.3184e-35 3.0155e-35 1.25831e-35 5.2518e-36 2.19208e-36 9.14905e-37 3.81787e-37 1.59276e-37 6.64255e-38 2.76914e-38 1.15387e-38 4.80567e-39 2.0004e-39 8.32214e-40 3.46016e-40 1.43777e-40 5.97052e-41 2.47773e-41 1.02757e-41 4.25874e-42 1.76384e-42 7.30042e-43 3.01955e-43 1.24809e-43 5.15529e-44 2.12799e-44 8.77802e-45 3.61855e-45 1.49068e-45 6.13695e-46 2.52487e-46 1.03812e-46 4.2656e-47 1.75163e-47 7.18848e-48 2.94827e-48 1.20848e-48 4.95057e-49 2.02684e-49 8.29347e-50 3.39164e-50 1.38625e-50 5.66293e-51 2.3121e-51 9.43508e-52 3.84822e-52 1.56874e-52 6.39185e-53 2.60308e-53 1.05958e-53 4.31097e-54 1.75311e-54 7.12586e-55 2.89511e-55 1.17569e-55 4.77227e-56 1.93625e-56 7.85243e-57 3.18314e-57 1.28978e-57 5.22383e-58 2.11483e-58 8.55808e-59 3.46174e-59 1.39968e-59 5.65699e-60 2.2854e-60 9.22914e-61 3.7255e-61 1.50326e-61 6.06337e-62 2.44468e-62 9.85285e-63 3.96949e-63 1.59862e-63 6.43562e-64 2.58986e-64 1.04185e-64 4.18964e-65 1.6842e-65 6.768e-66 2.7188e-66 1.09181e-66 4.38298e-67 1.75894e-67 7.05654e-68 2.83005e-68 1.13465e-68 4.54771e-69 1.82219e-69 7.29902e-70 2.92286e-70 1.17011e-70 4.68299e-71 1.87369e-71 7.49467e-72 2.99702e-72 1.19815e-72 4.78874e-73 1.91346e-73 7.64373e-74 3.0527e-74 1.21886e-74 4.86543e-75 1.94171e-75 7.74719e-76 3.09032e-76 1.23243e-76 4.91388e-77 1.9588e-77 7.80652e-78 3.11051e-78 1.23912e-78 4.93514e-79 1.96515e-79 7.82351e-80 3.11399e-80 1.23921e-80 4.93043e-81 1.96125e-81 7.79952e-82 3.09977e-82 1.22817e-82 4.77442e-83 1.62877e-83 0. 
-2.543e+06 -1.11215e+06 -170007. -395519. -631356. -653731. -541320. -391515. -258175. -158891. -92510. -51361.3 -27310.9 -13931.7 -6811.78 -3179.84 -1405.13 -577.581 -212.462 -62.685 -7.74393 8.38733 10.3306 8.13371 5.45552 3.35553 1.95123 1.08972 0.589971 0.311512 0.161091 0.081839 0.040942 0.0202078 0.00985569 0.00475605 0.00227351 0.00107766 0.000506994 0.000236934 0.000110077 5.08775e-05 2.34106e-05 1.07309e-05 4.90287e-06 2.23406e-06 1.01575e-06 4.6102e-07 2.08959e-07 9.46146e-08 4.28083e-08 1.93582e-08 8.7506e-09 3.95448e-09 1.78666e-09 8.07046e-10 3.64455e-10 1.64531e-10 7.42463e-11 3.34869e-11 1.50938e-11 6.79809e-12 3.05907e-12 1.37515e-12 6.17479e-13 2.7692e-13 1.24025e-13 5.54681e-14 2.47702e-14 1.10443e-14 4.91646e-15 2.18499e-15 9.69436e-16 4.29392e-16 1.89867e-16 8.38116e-17 3.69336e-17 1.62482e-17 7.13619e-18 3.12905e-18 1.3698e-18 5.98702e-19 2.61272e-19 1.13846e-19 4.95339e-20 2.15212e-20 9.33742e-21 4.0458e-21 1.75073e-21 7.56637e-22 3.26613e-22 1.40823e-22 6.06497e-23 2.60926e-23 1.12139e-23 4.81471e-24 2.06523e-24 8.85058e-25 3.78961e-25 1.62126e-25 6.93038e-26 2.96022e-26 1.26347e-26 5.38873e-27 2.29669e-27 9.78184e-28 4.16339e-28 1.77088e-28 7.52751e-29 3.1977e-29 1.35754e-29 5.75964e-30 2.44214e-30 1.03485e-30 4.38245e-31 1.85476e-31 7.84487e-32 3.31599e-32 1.40076e-32 5.9134e-33 2.49469e-33 1.05156e-33 4.42568e-34 1.85362e-34 7.63381e-35 3.0194e-35 1.25262e-35 5.20467e-36 2.16495e-36 9.01228e-37 3.75347e-37 1.56367e-37 6.51474e-38 2.71409e-38 1.13051e-38 4.70772e-39 1.95973e-39 8.1546e-40 3.39164e-40 1.40993e-40 5.85806e-41 2.43255e-41 1.00952e-41 4.187e-42 1.73548e-42 7.1889e-43 2.97595e-43 1.23113e-43 5.08981e-44 2.10287e-44 8.68237e-45 3.58244e-45 1.47719e-45 6.08709e-46 2.5067e-46 1.03161e-46 4.24281e-47 1.74388e-47 7.16326e-48 2.94061e-48 1.20642e-48 4.94654e-49 2.02697e-49 8.30117e-50 3.39769e-50 1.3899e-50 5.6825e-51 2.32199e-51 9.48301e-52 3.87082e-52 1.57919e-52 6.43933e-53 2.62439e-53 1.06906e-53 4.3527e-54 1.77136e-54 7.20522e-55 2.92943e-55 1.19047e-55 4.8356e-56 1.9633e-56 7.96758e-57 3.23201e-57 1.31047e-57 5.31119e-58 2.15163e-58 8.7128e-59 3.52665e-59 1.42687e-59 5.77064e-60 2.33283e-60 9.4268e-61 3.80775e-61 1.53744e-61 6.20514e-62 2.50342e-62 1.00959e-62 4.06996e-63 1.64009e-63 6.60662e-64 2.66029e-64 1.07082e-64 4.30869e-65 1.73307e-65 6.96841e-66 2.8009e-66 1.12541e-66 4.52038e-67 1.81507e-67 7.28562e-68 2.92346e-68 1.17271e-68 4.70266e-69 1.88522e-69 7.55521e-70 3.02692e-70 1.21234e-70 4.85426e-71 1.9431e-71 7.77582e-72 3.11082e-72 1.24419e-72 4.97484e-73 1.98864e-73 7.94734e-74 3.17523e-74 1.26829e-74 5.06469e-75 2.022e-75 8.07058e-76 3.22051e-76 1.28482e-76 5.12459e-77 2.04351e-77 8.14698e-78 3.24728e-78 1.29404e-78 5.15561e-79 2.05362e-79 8.17837e-80 3.25629e-80 1.29625e-80 5.159e-81 2.05282e-81 8.16643e-82 3.24711e-82 1.28805e-82 5.02864e-83 1.74111e-83 0. 
-2.543e+06 -979597. -383828. -641892. -775631. -698407. -528800. -358396. -224874. -133164. -75272.3 -40880.7 -21402.9 -10810.7 -5260.33 -2455.34 -1090.15 -452.971 -170.157 -52.7077 -8.61896 5.02897 7.26277 5.96885 4.09966 2.56535 1.51312 0.855782 0.468731 0.250214 0.130745 0.0670867 0.0338842 0.0168786 0.00830486 0.00404163 0.00194762 0.000930269 0.000440824 0.000207411 9.69701e-05 4.50811e-05 2.0854e-05 9.605e-06 4.40729e-06 2.01581e-06 9.195e-07 4.18485e-07 1.90114e-07 8.62415e-08 3.9077e-08 1.76906e-08 8.0034e-09 3.61895e-09 1.63573e-09 7.39077e-10 3.33828e-10 1.50731e-10 6.8031e-11 3.06905e-11 1.38373e-11 6.23455e-12 2.80683e-12 1.26251e-12 5.673e-13 2.54625e-13 1.14145e-13 5.11026e-14 2.28465e-14 1.0199e-14 4.54599e-15 2.02308e-15 8.98864e-16 3.9871e-16 1.76561e-16 7.80551e-17 3.44489e-17 1.51781e-17 6.67626e-18 2.93176e-18 1.28532e-18 5.62596e-19 2.45863e-19 1.07279e-19 4.6739e-20 2.0333e-20 8.83284e-21 3.83171e-21 1.65995e-21 7.18176e-22 3.10324e-22 1.33928e-22 5.77316e-23 2.48579e-23 1.06916e-23 4.59372e-24 1.97174e-24 8.45507e-25 3.62228e-25 1.55046e-25 6.6308e-26 2.83345e-26 1.20982e-26 5.16176e-27 2.20067e-27 9.37565e-28 3.99162e-28 1.69826e-28 7.22066e-29 3.06811e-29 1.30284e-29 5.52895e-30 2.34493e-30 9.93921e-31 4.21029e-31 1.78243e-31 7.54135e-32 3.18878e-32 1.34752e-32 5.6909e-33 2.40184e-33 1.01285e-33 4.26296e-34 1.77949e-34 7.12663e-35 2.38056e-35 9.77725e-36 4.03166e-36 1.66741e-36 6.91127e-37 2.86922e-37 1.1925e-37 4.95996e-38 2.06396e-38 8.59073e-39 3.57589e-39 1.48834e-39 6.19349e-40 2.57658e-40 1.0715e-40 4.45411e-41 1.85065e-41 7.68535e-42 3.18984e-42 1.3232e-42 5.48565e-43 2.27283e-43 9.411e-44 3.89433e-44 1.61047e-44 6.65572e-45 2.74889e-45 1.13459e-45 4.67996e-46 1.92914e-46 7.94711e-47 3.27173e-47 1.34608e-47 5.53466e-48 2.27427e-48 9.33956e-49 3.83307e-49 1.5722e-49 6.44482e-50 2.64034e-50 1.08109e-50 4.42399e-51 1.80937e-51 7.39604e-52 3.0216e-52 1.2338e-52 5.03527e-53 2.05389e-53 8.37358e-54 3.41214e-54 1.38972e-54 5.65742e-55 2.30197e-55 9.36213e-56 3.8058e-56 1.54638e-56 6.28042e-57 2.54955e-57 1.03454e-57 4.19599e-58 1.70111e-58 6.89353e-59 2.79231e-59 1.13058e-59 4.57567e-60 1.85108e-60 7.48543e-61 3.02572e-61 1.22254e-61 4.93767e-62 1.99346e-62 8.04487e-63 3.24534e-63 1.30868e-63 5.27518e-64 2.12558e-64 8.56155e-65 3.4472e-65 1.38746e-65 5.58233e-66 2.2452e-66 9.02695e-67 3.62806e-67 1.45767e-67 5.85457e-68 2.35064e-68 9.43481e-69 3.78564e-69 1.51847e-69 6.08887e-70 2.4408e-70 9.78124e-71 3.91856e-71 1.56938e-71 6.28357e-72 2.51512e-72 1.00644e-72 4.02624e-73 1.61024e-73 6.43821e-74 2.57351e-74 1.02842e-74 4.10873e-75 1.6411e-75 6.55319e-76 2.61616e-76 1.04417e-76 4.16654e-77 1.66218e-77 6.62948e-78 2.64352e-78 1.05387e-78 4.20044e-79 1.67382e-79 6.66848e-80 2.65615e-80 1.05776e-80 4.21142e-81 1.67641e-81 6.67166e-82 2.65417e-82 1.05428e-82 4.14036e-83 1.47109e-83 0. 
-2.543e+06 -211015. -451209. -863844. -925110. -752862. -523068. -327876. -191156. -105565. -55846.8 -28493.6 -14067.2 -6722.58 -3101.25 -1371.64 -573.75 -220.706 -72.9115 -15.9836 2.8725 7.04564 6.34387 4.55427 2.93679 1.77455 1.02513 0.572531 0.31129 0.165538 0.0863851 0.0443471 0.0224398 0.0112093 0.00553494 0.00270461 0.00130911 0.00062822 0.000299126 0.000141423 6.64366e-05 3.10309e-05 1.44193e-05 6.66972e-06 3.07268e-06 1.41057e-06 6.45584e-07 2.94699e-07 1.34231e-07 6.10285e-08 2.77051e-08 1.25619e-08 5.6901e-09 2.57535e-09 1.16484e-09 5.26563e-10 2.37912e-10 1.07441e-10 4.84967e-11 2.18787e-11 9.86446e-12 4.44462e-12 2.00109e-12 9.00182e-13 4.04559e-13 1.81626e-13 8.14478e-14 3.64794e-14 1.63172e-14 7.2886e-15 3.25097e-15 1.44787e-15 6.43836e-16 2.85846e-16 1.26703e-16 5.60707e-17 2.47725e-17 1.09267e-17 4.81165e-18 2.11538e-18 9.28493e-19 4.06886e-19 1.78024e-19 7.777e-20 3.39221e-20 1.47743e-20 6.42538e-21 2.79045e-21 1.21019e-21 5.24143e-22 2.26717e-22 9.79428e-23 4.22606e-23 1.82134e-23 7.84074e-24 3.37173e-24 1.44842e-24 6.21588e-25 2.66497e-25 1.14151e-25 4.88519e-26 2.08888e-26 8.92458e-27 3.80996e-27 1.62526e-27 6.92797e-28 2.95109e-28 1.2562e-28 5.34376e-29 2.27171e-29 9.65123e-30 4.09772e-30 1.73875e-30 7.37343e-31 3.12495e-31 1.32361e-31 5.60297e-32 2.3704e-32 1.00223e-32 4.23503e-33 1.78844e-33 7.5465e-34 3.1775e-34 1.32105e-34 4.95395e-35 3.15365e-36 1.35638e-36 5.67857e-37 2.36263e-37 9.7989e-38 4.05598e-38 1.67666e-38 6.92478e-39 2.85816e-39 1.1791e-39 4.86221e-40 2.00425e-40 8.2587e-41 3.40182e-41 1.4007e-41 5.7651e-42 2.37185e-42 9.75389e-43 4.00932e-43 1.64725e-43 6.76447e-44 2.77645e-44 1.13899e-44 4.67007e-45 1.91378e-45 7.83835e-46 3.20862e-46 1.31271e-46 5.3676e-47 2.19355e-47 8.95923e-48 3.65721e-48 1.49206e-48 6.08391e-49 2.47935e-49 1.00984e-49 4.11086e-50 1.67254e-50 6.80124e-51 2.7642e-51 1.12286e-51 4.55885e-52 1.84997e-52 7.50335e-53 3.0418e-53 1.23252e-53 4.99173e-54 2.0207e-54 8.17615e-55 3.30672e-55 1.33675e-55 5.40144e-56 2.18162e-56 8.80765e-57 3.55432e-57 1.43375e-57 5.78106e-58 2.33005e-58 9.38746e-59 3.78058e-59 1.52194e-59 6.12446e-60 2.4636e-60 9.90624e-61 3.98183e-61 1.59991e-61 6.4261e-62 2.58012e-62 1.03556e-62 4.15486e-63 1.66641e-63 6.68118e-64 2.67777e-64 1.07286e-64 4.29699e-65 1.72044e-65 6.88599e-66 2.75518e-66 1.10202e-66 4.40645e-67 1.76136e-67 7.03833e-68 2.8116e-68 1.1228e-68 4.4825e-69 1.78898e-69 7.13775e-70 2.84701e-70 1.13525e-70 4.52552e-71 1.80353e-71 7.18553e-72 2.86203e-72 1.13965e-72 4.53688e-73 1.80563e-73 7.18434e-74 2.85783e-74 1.13652e-74 4.51869e-75 1.79615e-75 7.13792e-76 2.83595e-76 1.12648e-76 4.47356e-77 1.77618e-77 7.05055e-78 2.79812e-78 1.11024e-78 4.40431e-79 1.74682e-79 6.92678e-80 2.74616e-80 1.08852e-80 4.31381e-81 1.70923e-81 6.7711e-82 2.68185e-82 1.06198e-82 4.20405e-83 1.66274e-83 6.54782e-84 2.51706e-84 8.34327e-85 0. 
-2.543e+06 -236034. -43112.8 -593074. -834925. -756883. -552451. -352004. -203464. -108891. -54541.2 -25667.4 -11318.4 -4619.81 -1690.62 -506.2 -78.0709 47.2624 64.5804 51.0645 33.8606 20.5011 11.7245 6.4431 3.43641 1.79013 0.914781 0.459991 0.228133 0.111794 0.0542071 0.0260387 0.0124034 0.00586404 0.00275372 0.00128533 0.00059671 0.000275692 0.000126838 5.81394e-05 2.65652e-05 1.21056e-05 5.50415e-06 2.49807e-06 1.13213e-06 5.12516e-07 2.31829e-07 1.04804e-07 4.73606e-08 2.13965e-08 9.66471e-09 4.36482e-09 1.97092e-09 8.89757e-10 4.01547e-10 1.8114e-10 8.16676e-11 3.67941e-11 1.65629e-11 7.44834e-12 3.34568e-12 1.5009e-12 6.72366e-13 3.00744e-13 1.34302e-13 5.98717e-14 2.6643e-14 1.18342e-14 5.24651e-15 2.32145e-15 1.02517e-15 4.51827e-16 1.9874e-16 8.72444e-17 3.82236e-17 1.67138e-17 7.29415e-18 3.1772e-18 1.38133e-18 5.99439e-19 2.59662e-19 1.1228e-19 4.84666e-20 2.08859e-20 8.9857e-21 3.85975e-21 1.65537e-21 7.08899e-22 3.03141e-22 1.29449e-22 5.52041e-23 2.35116e-23 1.00012e-23 4.24916e-24 1.80326e-24 7.64432e-25 3.23716e-25 1.36948e-25 5.78808e-26 2.4441e-26 1.03116e-26 4.34688e-27 1.831e-27 7.7068e-28 3.24155e-28 1.3625e-28 5.72324e-29 2.40259e-29 1.008e-29 4.22667e-30 1.77133e-30 7.41947e-31 3.10617e-31 1.29976e-31 5.43619e-32 2.27258e-32 9.49605e-33 3.96613e-33 1.65574e-33 6.90903e-34 2.8816e-34 1.20112e-34 4.99996e-35 2.07156e-35 8.46268e-36 3.66826e-36 1.5556e-36 6.54965e-37 2.74582e-37 1.14709e-37 4.77799e-38 1.98538e-38 8.23368e-39 3.40924e-39 1.40982e-39 5.8239e-40 2.40371e-40 9.91347e-41 4.08587e-41 1.68301e-41 6.92873e-42 2.85099e-42 1.17253e-42 4.81989e-43 1.98035e-43 8.13271e-44 3.33824e-44 1.36958e-44 5.61615e-45 2.30182e-45 9.4294e-46 3.86076e-46 1.57992e-46 6.46204e-47 2.64165e-47 1.07932e-47 4.4075e-48 1.79888e-48 7.33806e-49 2.99177e-49 1.21911e-49 4.96507e-50 2.02106e-50 8.22253e-51 3.34352e-51 1.35887e-51 5.51987e-52 2.24109e-52 9.09434e-53 3.68865e-53 1.49538e-53 6.05931e-54 2.45407e-54 9.93454e-55 4.01981e-55 1.62579e-55 6.57245e-56 2.65581e-56 1.07269e-56 4.33078e-57 1.74772e-57 7.05008e-58 2.84274e-58 1.14578e-58 4.61627e-59 1.85912e-59 7.48433e-60 3.01182e-60 1.21154e-60 4.87173e-61 1.95824e-61 7.86838e-62 3.16042e-62 1.26896e-62 5.09323e-63 2.04354e-63 8.19635e-64 3.28628e-64 1.31716e-64 5.27744e-65 2.11378e-65 8.46351e-66 3.38763e-66 1.35549e-66 5.42197e-67 2.16808e-67 8.66674e-68 3.46336e-68 1.38358e-68 5.52553e-69 2.20603e-69 8.80479e-70 3.51314e-70 1.40134e-70 5.58813e-71 2.22774e-71 8.87847e-72 3.53746e-72 1.40904e-72 5.611e-73 2.23378e-73 8.89047e-74 3.5375e-74 1.40721e-74 5.59642e-75 2.22513e-75 8.84492e-76 3.51502e-76 1.39656e-76 5.54742e-77 2.20304e-77 8.74695e-78 3.47211e-78 1.37796e-78 5.46745e-79 2.16891e-79 8.60217e-80 3.41102e-80 1.3523e-80 5.36012e-81 2.12418e-81 8.41631e-82 3.33401e-82 1.32044e-82 5.22794e-83 2.06789e-83 8.14339e-84 3.13138e-84 1.04271e-84 0. 
-2.543e+06 -988812. -11664.3 -325805. -668467. -726068. -594716. -411851. -253898. -143147. -74897.3 -36617.6 -16731.8 -7088.31 -2720.93 -889.278 -195.074 27.2005 73.0532 63.6983 43.7824 26.9228 15.4889 8.51693 4.53054 2.34915 1.19343 0.596204 0.293697 0.142964 0.068882 0.0328946 0.0155874 0.00733611 0.00343206 0.00159717 0.000739827 0.000341301 0.00015689 7.18972e-05 3.28605e-05 1.49849e-05 6.8204e-06 3.09946e-06 1.40673e-06 6.37812e-07 2.88955e-07 1.30828e-07 5.92053e-08 2.67827e-08 1.21117e-08 5.47547e-09 2.47455e-09 1.11791e-09 5.04805e-10 2.27827e-10 1.02755e-10 4.63089e-11 2.08514e-11 9.379e-12 4.21381e-12 1.89077e-12 8.47214e-13 3.79049e-13 1.69318e-13 7.55055e-14 3.36117e-14 1.49352e-14 6.62394e-15 2.93219e-15 1.29545e-15 5.71214e-16 2.51371e-16 1.10401e-16 4.83913e-17 2.11693e-17 9.24262e-18 4.02757e-18 1.7517e-18 7.60428e-19 3.29497e-19 1.42513e-19 6.15299e-20 2.65192e-20 1.14103e-20 4.90132e-21 2.10198e-21 9.00047e-22 3.84806e-22 1.64277e-22 7.00319e-23 2.98138e-23 1.26754e-23 5.38207e-24 2.28247e-24 9.66821e-25 4.09068e-25 1.72892e-25 7.29965e-26 3.07893e-26 1.29744e-26 5.46237e-27 2.29776e-27 9.65766e-28 4.05605e-28 1.70222e-28 7.13875e-29 2.99186e-29 1.2531e-29 5.2453e-30 2.19435e-30 9.175e-31 3.83424e-31 1.60154e-31 6.6863e-32 2.7902e-32 1.16383e-32 4.85238e-33 2.02226e-33 8.42433e-34 3.50794e-34 1.46006e-34 6.07287e-35 2.52164e-35 1.04234e-35 4.34811e-36 1.81688e-36 7.59748e-37 3.17622e-37 1.32656e-37 5.53262e-38 2.30378e-38 9.57741e-39 3.9754e-39 1.64774e-39 6.82079e-40 2.82016e-40 1.16483e-40 4.80673e-41 1.98187e-41 8.16539e-42 3.36186e-42 1.38327e-42 5.68823e-43 2.33777e-43 9.60266e-44 3.94233e-44 1.61768e-44 6.63452e-45 2.71963e-45 1.11427e-45 4.56305e-46 1.86768e-46 7.64063e-47 3.12419e-47 1.27681e-47 5.21546e-48 2.1293e-48 8.6888e-49 3.54372e-49 1.44456e-49 5.88559e-50 2.39674e-50 9.75508e-51 3.96843e-51 1.61356e-51 6.55745e-52 2.66358e-52 1.08139e-52 4.38815e-53 1.77979e-53 7.21519e-54 2.9236e-54 1.18408e-54 4.79341e-55 1.93957e-55 7.84454e-56 3.17128e-56 1.28147e-56 5.17596e-57 2.08971e-57 8.43328e-58 3.40192e-58 1.37174e-58 5.52891e-59 2.22758e-59 8.97126e-60 3.61162e-60 1.45339e-60 5.8465e-61 2.35095e-61 9.44994e-62 3.79711e-62 1.52517e-62 6.12386e-63 2.45797e-63 9.86218e-64 3.95564e-64 1.58602e-64 6.35699e-65 2.5471e-65 1.02022e-65 4.08502e-66 1.63512e-66 6.54282e-67 2.61721e-67 1.04658e-67 4.18375e-68 1.67195e-68 6.6795e-69 2.66767e-69 1.06509e-69 4.25118e-70 1.6963e-70 6.76656e-71 2.6984e-71 1.07577e-71 4.28756e-72 1.70836e-72 6.80499e-73 2.70992e-73 1.07887e-73 4.29405e-74 1.70864e-74 6.7971e-75 2.70324e-75 1.07483e-75 4.27253e-76 1.69795e-76 6.74625e-77 2.67977e-77 1.06422e-77 4.22539e-78 1.67727e-78 6.6565e-79 2.64115e-79 1.04772e-79 4.15535e-80 1.6477e-80 6.53223e-81 2.58914e-81 1.02604e-81 4.0652e-82 1.6103e-82 6.37659e-83 2.52266e-83 9.93669e-84 3.82368e-84 1.2772e-84 0. 
-2.543e+06 -1.10189e+06 18434.8 -228374. -602583. -715426. -620278. -449111. -287677. -167929. -90801.9 -45858.6 -21677.4 -9545.25 -3854.14 -1370.13 -377.917 -30.6458 61.9968 67.0416 49.6085 31.6787 18.6404 10.3981 5.58258 2.91133 1.48378 0.742237 0.365599 0.17776 0.0854843 0.0407252 0.0192462 0.00903283 0.00421425 0.00195613 0.000904002 0.000416211 0.000191017 8.743e-05 3.99269e-05 1.81992e-05 8.28258e-06 3.76471e-06 1.70944e-06 7.75575e-07 3.51651e-07 1.59357e-07 7.21847e-08 3.26855e-08 1.47949e-08 6.69438e-09 3.02789e-09 1.36891e-09 6.18558e-10 2.79332e-10 1.26051e-10 5.68349e-11 2.56019e-11 1.15204e-11 5.1779e-12 2.32423e-12 1.04184e-12 4.66311e-13 2.08383e-13 9.29669e-14 4.1404e-14 1.84067e-14 8.16789e-15 3.61762e-15 1.5992e-15 7.05562e-16 3.10682e-16 1.36534e-16 5.98835e-17 2.6213e-17 1.14518e-17 4.99328e-18 2.173e-18 9.43852e-19 4.09197e-19 1.77074e-19 7.64873e-20 3.29798e-20 1.41954e-20 6.09965e-21 2.6166e-21 1.12063e-21 4.79183e-22 2.04583e-22 8.72147e-23 3.71261e-23 1.57819e-23 6.69961e-24 2.84034e-24 1.20266e-24 5.08611e-25 2.14843e-25 9.06502e-26 3.82075e-26 1.60872e-26 6.76681e-27 2.84367e-27 1.19395e-27 5.00863e-28 2.09943e-28 8.79323e-29 3.68025e-29 1.53924e-29 6.43351e-30 2.68732e-30 1.12185e-30 4.68064e-31 1.95184e-31 8.13516e-32 3.38905e-32 1.41121e-32 5.87372e-33 2.44372e-33 1.01628e-33 4.22478e-34 1.75558e-34 7.29185e-35 3.02641e-35 1.25403e-35 5.20095e-36 2.15939e-36 8.97526e-37 3.73331e-37 1.55339e-37 6.46284e-38 2.68761e-38 1.11685e-38 4.63697e-39 1.92328e-39 7.96895e-40 3.29845e-40 1.3639e-40 5.63429e-41 2.32542e-41 9.5895e-42 3.95135e-42 1.62695e-42 6.6942e-43 2.75258e-43 1.13113e-43 4.64546e-44 1.90677e-44 7.82226e-45 3.20726e-45 1.31435e-45 5.38351e-46 2.20395e-46 9.01819e-47 3.68826e-47 1.50768e-47 6.16e-48 2.51558e-48 1.02679e-48 4.18898e-49 1.70813e-49 6.96175e-50 2.83596e-50 1.1547e-50 4.69918e-51 1.91144e-51 7.77117e-52 3.1579e-52 1.28262e-52 5.20703e-53 2.11286e-53 8.56926e-54 3.47384e-54 1.40758e-54 5.70074e-55 2.30776e-55 9.33792e-56 3.77671e-56 1.5268e-56 6.16965e-57 2.492e-57 1.00612e-57 4.06036e-58 1.63794e-58 6.60466e-59 2.66211e-59 1.07257e-59 4.31968e-60 1.73903e-60 6.9983e-61 2.81521e-61 1.13205e-61 4.55047e-62 1.82847e-62 7.34443e-63 2.94898e-63 1.18367e-63 4.74934e-64 1.90495e-64 7.63809e-65 3.06151e-65 1.2267e-65 4.91356e-66 1.96747e-66 7.87548e-67 3.1514e-67 1.26064e-67 5.04122e-68 2.01532e-68 8.05408e-69 3.21775e-69 1.28516e-69 5.13128e-70 2.04817e-70 8.17289e-71 3.2603e-71 1.30021e-71 5.18374e-72 2.06609e-72 8.23254e-73 3.27943e-73 1.306e-73 5.19961e-74 2.06958e-74 8.23531e-75 3.27615e-75 1.30298e-75 5.18086e-76 2.05948e-76 8.1848e-77 3.25202e-77 1.2918e-77 5.1302e-78 2.03692e-78 8.08565e-79 3.20892e-79 1.27323e-79 5.0508e-80 2.00318e-80 7.94309e-81 3.14897e-81 1.24812e-81 4.94604e-82 1.95957e-82 7.76102e-83 3.07091e-83 1.20988e-83 4.65743e-84 1.55746e-84 0. 
-2.543e+06 -1.09267e+06 53167.1 -185343. -577052. -715134. -637891. -473440. -310559. -185660. -102887. -53334.2 -25947. -11817.6 -4985.24 -1895.62 -603.515 -117.876 33.6512 61.1925 50.9205 34.3704 20.9145 11.9369 6.51631 3.44097 1.7704 0.891967 0.441679 0.21556 0.103922 0.0495812 0.0234458 0.0110032 0.00513059 0.00237923 0.00109824 0.000504983 0.000231453 0.000105804 4.82631e-05 2.19778e-05 9.99471e-06 4.54048e-06 2.06104e-06 9.3499e-07 4.23963e-07 1.92173e-07 8.70817e-08 3.94496e-08 1.78664e-08 8.08904e-09 3.66098e-09 1.65618e-09 7.48835e-10 3.3837e-10 1.52785e-10 6.89285e-11 3.10671e-11 1.39874e-11 6.29013e-12 2.82503e-12 1.26702e-12 5.67418e-13 2.53713e-13 1.13258e-13 5.04724e-14 2.24528e-14 9.97009e-15 4.41894e-15 1.95485e-15 8.63126e-16 3.80357e-16 1.67286e-16 7.34301e-17 3.21689e-17 1.40653e-17 6.13781e-18 2.67324e-18 1.16206e-18 5.04191e-19 2.18348e-19 9.43843e-20 4.07252e-20 1.75409e-20 7.54187e-21 3.23715e-21 1.38713e-21 5.93421e-22 2.53462e-22 1.0809e-22 4.6026e-23 1.95695e-23 8.30876e-24 3.52283e-24 1.49164e-24 6.30773e-25 2.66403e-25 1.12378e-25 4.735e-26 1.99284e-26 8.37841e-27 3.51888e-27 1.47645e-27 6.1891e-28 2.59207e-28 1.08466e-28 4.53515e-29 1.89475e-29 7.91035e-30 3.30018e-30 1.37592e-30 5.73299e-31 2.38733e-31 9.9358e-32 4.13299e-32 1.71835e-32 7.14089e-33 2.96619e-33 1.23158e-33 5.11151e-34 2.12063e-34 8.79447e-35 3.64542e-35 1.50996e-35 6.25237e-36 2.58906e-36 1.07244e-36 4.44407e-37 1.84229e-37 7.63918e-38 3.16791e-38 1.31356e-38 5.44507e-39 2.25612e-39 9.34274e-40 3.86632e-40 1.59885e-40 6.60676e-41 2.72794e-41 1.1255e-41 4.6401e-42 1.91157e-42 7.86943e-43 3.23742e-43 1.33098e-43 5.4685e-44 2.24545e-44 9.21476e-45 3.77938e-45 1.54924e-45 6.34727e-46 2.59913e-46 1.06377e-46 4.35161e-47 1.77925e-47 7.27126e-48 2.9701e-48 1.21261e-48 4.94836e-49 2.01833e-49 8.22838e-50 3.35296e-50 1.36563e-50 5.55943e-51 2.26214e-51 9.2003e-52 3.74004e-52 1.51966e-52 6.17174e-53 2.50533e-53 1.01653e-53 4.12258e-54 1.67116e-54 6.77121e-55 2.7423e-55 1.11011e-55 4.49183e-56 1.81671e-56 7.34438e-57 2.9678e-57 1.19874e-57 4.83986e-58 1.95323e-58 7.87942e-59 3.17728e-59 1.28067e-59 5.15995e-60 2.07817e-60 8.3665e-61 3.36696e-61 1.35446e-61 5.44665e-62 2.18942e-62 8.79768e-63 3.53385e-63 1.41896e-63 5.69557e-64 2.28534e-64 9.16668e-65 3.67555e-65 1.47328e-65 5.90335e-66 2.36465e-66 9.4687e-67 3.79028e-67 1.51674e-67 6.0675e-68 2.42644e-68 9.70048e-69 3.87686e-69 1.54893e-69 6.18658e-70 2.47023e-70 9.86038e-71 3.93478e-71 1.56971e-71 6.26026e-72 2.49597e-72 9.94864e-73 3.96429e-73 1.57923e-73 6.28938e-74 2.5041e-74 9.96735e-75 3.96636e-75 1.57795e-75 6.27595e-76 2.4955e-76 9.92032e-77 3.94264e-77 1.56654e-77 6.22292e-78 2.4714e-78 9.81274e-79 3.89527e-79 1.54592e-79 6.13394e-80 2.43331e-80 9.65072e-81 3.82675e-81 1.51708e-81 6.01306e-82 2.38278e-82 9.43898e-83 3.73558e-83 1.47206e-83 5.66834e-84 1.89652e-84 0. 
-2.543e+06 -1.07561e+06 75816.9 -164613. -565148. -715011. -647241. -487371. -324657. -197373. -111417. -58959.3 -29368.3 -13758. -6017.59 -2411.83 -845.428 -223.087 -7.81763 47.2614 47.7439 34.7522 22.0732 12.968 7.23251 3.88364 2.02528 1.03169 0.515517 0.25347 0.122935 0.0589332 0.0279715 0.0131633 0.00614963 0.00285526 0.0013188 0.000606484 0.000277909 0.000126976 5.78808e-05 2.63367e-05 1.19672e-05 5.43231e-06 2.46414e-06 1.1172e-06 5.06357e-07 2.29451e-07 1.03957e-07 4.70937e-08 2.13308e-08 9.6597e-09 4.37324e-09 1.97919e-09 8.95304e-10 4.04765e-10 1.82866e-10 8.25485e-11 3.72288e-11 1.67723e-11 7.54747e-12 3.39202e-12 1.52238e-12 6.82262e-13 3.05289e-13 1.36385e-13 6.08267e-14 2.70809e-14 1.20352e-14 5.33886e-15 2.36391e-15 1.04469e-15 4.60798e-16 2.02858e-16 8.91314e-17 3.9086e-17 1.71067e-17 7.47251e-18 3.25782e-18 1.4176e-18 6.15674e-19 2.66889e-19 1.15479e-19 4.98742e-20 2.15013e-20 9.25292e-21 3.97498e-21 1.70469e-21 7.29837e-22 3.11955e-22 1.33125e-22 5.67214e-23 2.41307e-23 1.02505e-23 4.34799e-24 1.84171e-24 7.79043e-25 3.29098e-25 1.38846e-25 5.85062e-26 2.46236e-26 1.03514e-26 4.34677e-27 1.82335e-27 7.64061e-28 3.19861e-28 1.33778e-28 5.59013e-29 2.33392e-29 9.73637e-30 4.05856e-30 1.69055e-30 7.03689e-31 2.92717e-31 1.21687e-31 5.05572e-32 2.09933e-32 8.71268e-33 3.61416e-33 1.49851e-33 6.21041e-34 2.57276e-34 1.06538e-34 4.4099e-35 1.82451e-35 7.5454e-36 3.11953e-36 1.28955e-36 5.33073e-37 2.20384e-37 9.11243e-38 3.76829e-38 1.55842e-38 6.445e-39 2.66509e-39 1.10182e-39 4.5538e-40 1.88133e-40 7.76881e-41 3.20639e-41 1.32261e-41 5.45238e-42 2.24634e-42 9.24898e-43 3.80577e-43 1.56503e-43 6.4319e-44 2.64178e-44 1.08443e-44 4.44897e-45 1.82421e-45 7.47579e-46 3.06202e-46 1.25353e-46 5.12908e-47 2.09762e-47 8.57434e-48 3.50319e-48 1.43059e-48 5.83932e-49 2.38233e-49 9.71487e-50 3.95975e-50 1.61323e-50 6.56933e-51 2.6739e-51 1.08784e-51 4.4237e-52 1.79806e-52 7.30505e-53 2.96648e-53 1.2041e-53 4.88519e-54 1.98109e-54 8.03027e-55 3.25357e-55 1.31763e-55 5.33379e-56 2.15816e-56 8.72855e-57 3.52867e-57 1.42591e-57 5.75953e-58 2.3254e-58 9.38482e-59 3.78594e-59 1.52666e-59 6.15369e-60 2.47944e-60 9.98618e-61 4.02045e-61 1.61801e-61 6.50909e-62 2.61755e-62 1.05222e-62 4.22823e-63 1.69844e-63 6.82002e-64 2.73757e-64 1.09848e-64 4.40621e-65 1.7668e-65 7.08212e-66 2.83786e-66 1.13677e-66 4.55209e-67 1.82224e-67 7.29223e-68 2.91726e-68 1.16668e-68 4.66433e-69 1.8642e-69 7.44838e-70 2.97507e-70 1.18796e-70 4.74216e-71 1.89244e-71 7.54986e-72 3.01113e-72 1.20059e-72 4.78563e-73 1.90704e-73 7.5973e-74 3.02579e-74 1.20476e-74 4.79565e-75 1.90844e-75 7.59266e-76 3.01994e-76 1.20086e-76 4.77393e-77 1.89737e-77 7.53913e-78 2.99493e-78 1.18945e-78 4.72286e-79 1.87484e-79 7.44084e-80 2.95245e-80 1.17124e-80 4.64533e-81 1.84201e-81 7.30252e-82 2.89436e-82 1.1468e-82 4.53956e-83 1.78932e-83 6.89223e-84 2.30713e-84 0. 
-2.543e+06 -1.06811e+06 84830.1 -154464. -554655. -707960. -645721. -490509. -330184. -203219. -116370. -62612. -31802.1 -15253.6 -6875.34 -2874.06 -1080.06 -335.094 -57.7223 26.8869 40.4563 32.7693 21.967 13.3601 7.64145 4.18513 2.21813 1.14542 0.579034 0.287556 0.140668 0.0679303 0.0324424 0.0153465 0.00720004 0.00335427 0.0015533 0.000715681 0.000328366 0.000150142 6.84616e-05 3.11498e-05 1.41498e-05 6.41987e-06 2.91032e-06 1.31863e-06 5.97266e-07 2.70485e-07 1.22487e-07 5.5466e-08 2.51162e-08 1.13724e-08 5.14859e-09 2.33036e-09 1.05441e-09 4.76856e-10 2.15529e-10 9.73431e-11 4.39269e-11 1.98028e-11 8.91744e-12 4.01073e-12 1.80149e-12 8.08022e-13 3.61876e-13 1.61812e-13 7.22339e-14 3.21907e-14 1.43203e-14 6.35903e-15 2.81857e-15 1.24696e-15 5.5062e-16 2.42673e-16 1.06747e-16 4.68648e-17 2.05352e-17 8.98075e-18 3.92002e-18 1.70778e-18 7.42588e-19 3.22288e-19 1.39613e-19 6.03681e-20 2.60552e-20 1.12254e-20 4.82765e-21 2.07259e-21 8.88277e-22 3.8006e-22 1.62346e-22 6.92354e-23 2.94802e-23 1.25332e-23 5.32036e-24 2.25519e-24 9.54562e-25 4.0348e-25 1.70315e-25 7.17987e-26 3.02294e-26 1.27118e-26 5.33913e-27 2.23994e-27 9.3869e-28 3.92958e-28 1.64334e-28 6.86566e-29 2.86569e-29 1.19505e-29 4.97933e-30 2.07301e-30 8.62367e-31 3.58478e-31 1.48911e-31 6.18165e-32 2.56453e-32 1.0633e-32 4.40612e-33 1.82486e-33 7.55416e-34 3.12565e-34 1.29271e-34 5.34413e-35 2.20835e-35 9.12174e-36 3.76639e-36 1.55468e-36 6.41593e-37 2.64741e-37 1.09234e-37 4.50699e-38 1.85962e-38 7.67301e-39 3.16594e-39 1.30622e-39 5.38871e-40 2.22269e-40 9.16585e-41 3.77868e-41 1.55725e-41 6.41512e-42 2.64158e-42 1.08722e-42 4.47262e-43 1.83901e-43 7.55755e-44 3.10419e-44 1.27434e-44 5.22871e-45 2.14424e-45 8.78877e-46 3.60047e-46 1.47424e-46 6.03339e-47 2.46797e-47 1.00903e-47 4.12346e-48 1.68427e-48 6.87632e-49 2.80606e-49 1.14456e-49 4.66636e-50 1.9016e-50 7.74572e-51 3.1536e-51 1.28338e-51 5.22045e-52 2.12258e-52 8.62633e-53 3.50423e-53 1.42287e-53 5.77488e-54 2.34276e-54 9.49992e-55 3.85052e-55 1.56001e-55 6.31752e-56 2.55726e-56 1.0347e-56 4.18473e-57 1.69174e-57 6.83622e-58 2.7613e-58 1.11489e-58 4.49952e-59 1.8152e-59 7.31988e-60 2.95059e-60 1.18889e-60 4.78851e-61 1.92792e-61 7.7591e-62 3.12153e-62 1.25533e-62 5.04646e-63 2.02794e-63 8.14636e-64 3.27126e-64 1.31314e-64 5.26932e-65 2.11371e-65 8.47592e-66 3.39765e-66 1.36152e-66 5.45411e-67 2.18413e-67 8.74365e-68 3.49917e-68 1.3999e-68 5.59877e-69 2.23847e-69 8.94691e-70 3.57488e-70 1.42797e-70 5.7022e-71 2.27634e-71 9.08454e-72 3.62444e-72 1.44562e-72 5.76422e-73 2.29776e-73 9.15686e-74 3.64811e-74 1.45301e-74 5.78565e-75 2.30313e-75 9.16579e-76 3.64676e-76 1.45054e-76 5.76825e-77 2.29323e-77 9.11467e-78 3.62183e-78 1.43883e-78 5.71461e-79 2.26914e-79 9.00809e-80 3.57524e-80 1.41866e-80 5.62801e-81 2.23221e-81 8.85151e-82 3.50912e-82 1.3907e-82 5.50639e-83 2.17107e-83 8.36648e-84 2.80263e-84 0. 
-2.543e+06 -1.07016e+06 79800.6 -153390. -542136. -690515. -630833. -481320. -326223. -202616. -117346. -64008.1 -33051.6 -16175.2 -7479.23 -3236.92 -1283.25 -441.986 -110.692 2.22014 29.7634 28.5521 20.5396 13.0239 7.66954 4.2959 2.31896 1.21623 0.623156 0.31314 0.154787 0.0754401 0.0363225 0.0173044 0.00816875 0.00382564 0.00177943 0.00082285 0.000378629 0.000173508 7.92427e-05 3.60933e-05 1.64052e-05 7.44472e-06 3.3746e-06 1.5285e-06 6.91998e-07 3.13212e-07 1.41753e-07 6.41547e-08 2.90364e-08 1.31422e-08 5.94819e-09 2.69188e-09 1.21796e-09 5.50889e-10 2.49053e-10 1.12526e-10 5.08029e-11 2.2916e-11 1.03264e-11 4.64797e-12 2.08946e-12 9.38032e-13 4.20505e-13 1.88218e-13 8.41108e-14 3.75248e-14 1.67123e-14 7.42989e-15 3.29719e-15 1.46051e-15 6.45731e-16 2.84957e-16 1.2551e-16 5.51759e-17 2.42095e-17 1.0602e-17 4.63402e-18 2.02162e-18 8.80267e-19 3.82569e-19 1.65956e-19 7.18571e-20 3.10563e-20 1.33981e-20 5.76976e-21 2.48031e-21 1.06439e-21 4.55989e-22 1.95019e-22 8.32693e-23 3.54969e-23 1.5108e-23 6.42025e-24 2.72419e-24 1.1542e-24 4.88312e-25 2.06301e-25 8.70386e-26 3.66727e-26 1.54316e-26 6.48539e-27 2.72227e-27 1.14134e-27 4.77974e-28 1.99948e-28 8.35543e-29 3.48802e-29 1.45467e-29 6.06095e-30 2.52305e-30 1.04939e-30 4.36108e-31 1.81096e-31 7.51453e-32 3.11592e-32 1.29116e-32 5.34685e-33 2.21286e-33 9.15305e-34 3.78395e-34 1.56353e-34 6.45744e-35 2.66574e-35 1.09998e-35 4.53705e-36 1.87068e-36 7.71049e-37 3.17722e-37 1.30894e-37 5.39167e-38 2.22065e-38 9.14547e-39 3.76625e-39 1.55093e-39 6.38631e-40 2.62951e-40 1.08256e-40 4.45626e-41 1.83403e-41 7.54652e-42 3.10435e-42 1.27662e-42 5.24815e-43 2.1567e-43 8.85936e-44 3.63776e-44 1.49306e-44 6.12526e-45 2.51174e-45 1.02949e-45 4.21765e-46 1.72708e-46 7.06889e-47 2.89192e-47 1.18255e-47 4.83337e-48 1.9746e-48 8.06328e-49 3.29113e-49 1.34271e-49 5.4755e-50 2.23188e-50 9.09336e-51 3.70327e-51 1.50749e-51 6.13383e-52 2.4947e-52 1.01418e-52 4.12118e-53 1.67393e-53 6.7962e-54 2.75807e-54 1.11881e-54 4.53648e-55 1.83863e-55 7.44876e-56 3.01639e-56 1.22097e-56 4.94012e-57 1.99796e-57 8.07706e-58 3.26391e-58 1.31839e-58 5.32314e-59 2.1484e-59 8.66732e-60 3.49527e-60 1.40897e-60 5.67742e-61 2.28681e-61 9.20745e-62 3.7058e-62 1.49094e-62 5.99615e-63 2.41059e-63 9.68756e-64 3.89177e-64 1.56287e-64 6.27396e-65 2.51773e-65 1.01e-65 4.0503e-66 1.62369e-66 6.50687e-67 2.60673e-67 1.04394e-67 4.17939e-68 1.67266e-68 6.69215e-69 2.67661e-69 1.07021e-69 4.27774e-70 1.70934e-70 6.82823e-71 2.72683e-71 1.08862e-71 4.34479e-72 1.73353e-72 6.91465e-73 2.7573e-73 1.09919e-73 4.38067e-74 1.74537e-74 6.95208e-75 2.76836e-75 1.10209e-75 4.38623e-76 1.74523e-76 6.94227e-77 2.76082e-77 1.09765e-77 4.36297e-78 1.73377e-78 6.88804e-79 2.73586e-79 1.0864e-79 4.31301e-80 1.71187e-80 6.79303e-81 2.69499e-81 1.06893e-81 4.23879e-82 1.6803e-82 6.65498e-83 2.62497e-83 1.01227e-83 3.3952e-84 0. 
-2.543e+06 -1.08218e+06 51614.9 -172649. -534529. -665304. -602738. -458981. -311764. -194689. -113689. -62695.9 -32824.3 -16343.3 -7724.17 -3441.92 -1424.03 -528.223 -159.393 -23.5279 16.9318 22.5181 17.8753 11.9345 7.27066 4.1768 2.30097 1.22764 0.638423 0.32506 0.162581 0.0800821 0.038927 0.018705 0.00889784 0.00419554 0.00196318 0.000912525 0.000421743 0.000193974 8.8853e-05 4.05644e-05 1.84692e-05 8.39139e-06 3.80651e-06 1.72472e-06 7.80862e-07 3.53362e-07 1.59866e-07 7.23192e-08 3.27154e-08 1.48003e-08 6.69584e-09 3.02924e-09 1.37031e-09 6.19747e-10 2.80198e-10 1.26623e-10 5.71866e-11 2.58077e-11 1.16363e-11 5.2413e-12 2.35811e-12 1.0596e-12 4.75475e-13 2.1305e-13 9.53163e-14 4.25749e-14 1.89852e-14 8.45137e-15 3.75553e-15 1.66583e-15 7.37552e-16 3.25947e-16 1.43776e-16 6.33001e-17 2.78162e-17 1.22002e-17 5.34082e-18 2.33359e-18 1.0177e-18 4.42995e-19 1.92471e-19 8.34688e-20 3.61315e-20 1.56119e-20 6.73358e-21 2.8991e-21 1.246e-21 5.34592e-22 2.28975e-22 9.79095e-23 4.17972e-23 1.78142e-23 7.58051e-24 3.22073e-24 1.36631e-24 5.78758e-25 2.44801e-25 1.03398e-25 4.36121e-26 1.83703e-26 7.72776e-27 3.24665e-27 1.36232e-27 5.7095e-28 2.39007e-28 9.99386e-29 4.17428e-29 1.74169e-29 7.25974e-30 3.02306e-30 1.25766e-30 5.22747e-31 2.17092e-31 9.00821e-32 3.73501e-32 1.54746e-32 6.40675e-33 2.65071e-33 1.096e-33 4.52889e-34 1.87037e-34 7.72016e-35 3.18496e-35 1.31332e-35 5.41302e-36 2.23008e-36 9.18397e-37 3.78081e-37 1.55597e-37 6.40182e-38 2.63335e-38 1.08302e-38 4.45352e-39 1.83114e-39 7.52834e-40 3.09486e-40 1.27218e-40 5.22896e-41 2.149e-41 8.83083e-42 3.62827e-42 1.49045e-42 6.12129e-43 2.51341e-43 1.03173e-43 4.23385e-44 1.73687e-44 7.12273e-45 2.9199e-45 1.19653e-45 4.90128e-46 2.00687e-46 8.21386e-47 3.36042e-47 1.37422e-47 5.61733e-48 2.29518e-48 9.37383e-49 3.82674e-49 1.56154e-49 6.36924e-50 2.59678e-50 1.05827e-50 4.31092e-51 1.75533e-51 7.14429e-52 2.90653e-52 1.18197e-52 4.80453e-53 1.95214e-53 7.92845e-54 3.2187e-54 1.30614e-54 5.29803e-55 2.14811e-55 8.70595e-56 3.5269e-56 1.4282e-56 5.78099e-57 2.33903e-57 9.45994e-58 3.82439e-58 1.54546e-58 6.24274e-59 2.52067e-59 1.01738e-59 4.10462e-60 1.65536e-60 6.67325e-61 2.68914e-61 1.08323e-61 4.36172e-62 1.75562e-62 7.0638e-63 2.84108e-63 1.14226e-63 4.59081e-64 1.8444e-64 7.40734e-65 2.97382e-65 1.19348e-65 4.7881e-66 1.92026e-66 7.69856e-67 3.0854e-67 1.23614e-67 4.95087e-68 1.98222e-68 7.93379e-69 3.17447e-69 1.26976e-69 5.07736e-70 2.02963e-70 8.11081e-71 3.24024e-71 1.29408e-71 5.1667e-72 2.06223e-72 8.22875e-73 3.2825e-73 1.30903e-73 5.21883e-74 2.08005e-74 8.28807e-75 3.30151e-75 1.31478e-75 5.23454e-76 2.08347e-76 8.2905e-77 3.29808e-77 1.31168e-77 5.21539e-78 2.07317e-78 8.23899e-79 3.27346e-79 1.30027e-79 5.16364e-80 2.0501e-80 8.13754e-81 3.22931e-81 1.28123e-81 5.08205e-82 2.01516e-82 7.98391e-83 3.15083e-83 1.21642e-83 4.0895e-84 0. 
-2.543e+06 -1.10359e+06 -21574.9 -239965. -552885. -644887. -567656. -425937. -287357. -179210. -104959. -58264.1 -30810.9 -15550.8 -7482.37 -3414.91 -1461.62 -572.493 -193.227 -45.3627 4.1712 15.5673 14.2964 10.1803 6.44991 3.81061 2.14598 1.16616 0.616164 0.318181 0.161174 0.0803107 0.0394517 0.0191406 0.00918546 0.00436588 0.00205765 0.000962618 0.000447436 0.000206815 9.51382e-05 4.35889e-05 1.99041e-05 9.06412e-06 4.11881e-06 1.86853e-06 8.46638e-07 3.83289e-07 1.73427e-07 7.84458e-08 3.54778e-08 1.60444e-08 7.25594e-09 3.28143e-09 1.48394e-09 6.70996e-10 3.03339e-10 1.37085e-10 6.19224e-11 2.79538e-11 1.26098e-11 5.68317e-12 2.55877e-12 1.15075e-12 5.16872e-13 2.31846e-13 1.03845e-13 4.64422e-14 2.07369e-14 9.2439e-15 4.11361e-15 1.82738e-15 8.10324e-16 3.58672e-16 1.58466e-16 6.98821e-17 3.07598e-17 1.35141e-17 5.92612e-18 2.5938e-18 1.13315e-18 4.94113e-19 2.15058e-19 9.34285e-20 4.0514e-20 1.75364e-20 7.5769e-21 3.26789e-21 1.40694e-21 6.04684e-22 2.59438e-22 1.11123e-22 4.75168e-23 2.02852e-23 8.64586e-24 3.67917e-24 1.5632e-24 6.63157e-25 2.80911e-25 1.18819e-25 5.01857e-26 2.11674e-26 8.91582e-27 3.7504e-27 1.57554e-27 6.61049e-28 2.77016e-28 1.15947e-28 4.84742e-29 2.02431e-29 8.44447e-30 3.51896e-30 1.46493e-30 6.09254e-31 2.53147e-31 1.05089e-31 4.35883e-32 1.80644e-32 7.48056e-33 3.09542e-33 1.27995e-33 5.28901e-34 2.18411e-34 9.01382e-35 3.71786e-35 1.53264e-35 6.31482e-36 2.60058e-36 1.07049e-36 4.40464e-37 1.81163e-37 7.44859e-38 3.06157e-38 1.25805e-38 5.16832e-39 2.12283e-39 8.71789e-40 3.57971e-40 1.46971e-40 6.03354e-41 2.47667e-41 1.01653e-41 4.17183e-42 1.7119e-42 7.02381e-43 2.88135e-43 1.1818e-43 4.84618e-44 1.98682e-44 8.14344e-45 3.33686e-45 1.36692e-45 5.59769e-46 2.29157e-46 9.3779e-47 3.83639e-47 1.56884e-47 6.41315e-48 2.62056e-48 1.0704e-48 4.37044e-49 1.78373e-49 7.27703e-50 2.96758e-50 1.20969e-50 4.92906e-51 2.0076e-51 8.17351e-52 3.3263e-52 1.35311e-52 5.50209e-53 2.23636e-53 9.08607e-54 3.69004e-54 1.49798e-54 6.07858e-55 2.46558e-55 9.99672e-56 4.05151e-56 1.64134e-56 6.64664e-57 2.69047e-57 1.08862e-57 4.40299e-58 1.7801e-58 7.1939e-59 2.90609e-59 1.1735e-59 4.73674e-60 1.9112e-60 7.70834e-61 3.10775e-61 1.25245e-61 5.04557e-62 2.03185e-62 8.17915e-63 3.29125e-63 1.32389e-63 5.3233e-64 2.13969e-64 8.59731e-65 3.45317e-65 1.3865e-65 5.56501e-66 2.23286e-66 8.95584e-67 3.5909e-67 1.4393e-67 5.76708e-68 2.31002e-68 9.24981e-69 3.70262e-69 1.48165e-69 5.92711e-70 2.37031e-70 9.47612e-71 3.78724e-71 1.51315e-71 6.04379e-72 2.41328e-72 9.63333e-73 3.84431e-73 1.53368e-73 6.1168e-74 2.43889e-74 9.72157e-75 3.874e-75 1.54335e-75 6.14679e-76 2.44746e-76 9.74243e-77 3.87707e-77 1.5425e-77 6.13531e-78 2.4397e-78 9.69894e-79 3.85482e-79 1.53171e-79 6.08476e-80 2.4166e-80 9.59539e-81 3.80906e-81 1.51172e-81 5.99816e-82 2.37919e-82 9.42997e-83 3.72423e-83 1.44041e-83 4.86398e-84 0. 
-2.543e+06 -1.11119e+06 -168288. -393283. -628850. -651194. -538951. -389452. -256488. -157589. -91556.5 -50697.5 -26870.3 -13652.5 -6642.7 -3082.05 -1351.21 -549.357 -198.555 -56.3399 -5.15907 9.23793 10.4626 8.02026 5.29533 3.21866 1.85292 1.02547 0.550484 0.288316 0.147937 0.0745919 0.0370454 0.0181564 0.00879547 0.00421705 0.0020035 0.000944189 0.000441804 0.000205438 9.50094e-05 4.37331e-05 2.00501e-05 9.16151e-06 4.17463e-06 1.89803e-06 8.61461e-07 3.90477e-07 1.76824e-07 8.00206e-08 3.61975e-08 1.63699e-08 7.40208e-09 3.34679e-09 1.51312e-09 6.84036e-10 3.09182e-10 1.39715e-10 6.31125e-11 2.84957e-11 1.28581e-11 5.79766e-12 2.61185e-12 1.17546e-12 5.28423e-13 2.37258e-13 1.06386e-13 4.76352e-14 2.12971e-14 9.5067e-15 4.23672e-15 1.88495e-15 8.37176e-16 3.71166e-16 1.64263e-16 7.25645e-17 3.19971e-17 1.4083e-17 6.18694e-18 2.71299e-18 1.18745e-18 5.18769e-19 2.26219e-19 9.8466e-20 4.27807e-20 1.85532e-20 8.03169e-21 3.47071e-21 1.49714e-21 6.4468e-22 2.77125e-22 1.18923e-22 5.09476e-23 2.17902e-23 9.30437e-24 3.96656e-24 1.68832e-24 7.17494e-25 3.04452e-25 1.28994e-25 5.45736e-26 2.30553e-26 9.72632e-27 4.09759e-27 1.72395e-27 7.24359e-28 3.03968e-28 1.27397e-28 5.33296e-29 2.2298e-29 9.31252e-30 3.88498e-30 1.619e-30 6.73989e-31 2.80302e-31 1.16461e-31 4.83429e-32 2.00492e-32 8.3079e-33 3.43976e-33 1.42307e-33 5.88297e-34 2.43029e-34 1.00329e-34 4.13917e-35 1.70661e-35 7.03241e-36 2.89625e-36 1.19218e-36 4.90501e-37 2.01715e-37 8.29194e-38 3.40726e-38 1.3996e-38 5.74734e-39 2.35945e-39 9.68389e-40 3.97374e-40 1.63031e-40 6.68769e-41 2.74298e-41 1.12491e-41 4.6128e-42 1.89132e-42 7.7538e-43 3.17844e-43 1.30273e-43 5.3387e-44 2.18748e-44 8.96139e-45 3.67045e-45 1.50303e-45 6.15333e-46 2.5185e-46 1.03051e-46 4.21533e-47 1.72377e-47 7.04665e-48 2.87966e-48 1.17638e-48 4.80393e-49 1.96104e-49 8.00229e-50 3.2642e-50 1.33098e-50 5.42497e-51 2.21031e-51 9.00193e-52 3.66476e-52 1.49136e-52 6.06661e-53 2.46681e-53 1.00265e-53 4.07369e-54 1.65445e-54 6.71647e-55 2.72556e-55 1.10559e-55 4.48288e-56 1.81696e-56 7.36136e-57 2.98124e-57 1.20687e-57 4.88372e-58 1.97545e-58 7.98746e-59 3.22833e-59 1.30429e-59 5.26745e-60 2.12645e-60 8.58102e-61 3.46141e-61 1.39572e-61 5.62571e-62 2.26667e-62 9.12925e-63 3.67551e-63 1.47923e-63 5.95105e-64 2.39326e-64 9.62116e-65 3.86641e-65 1.55321e-65 6.23735e-66 2.50389e-66 1.0048e-66 4.0308e-67 1.61643e-67 6.47997e-68 2.59683e-68 1.04033e-68 4.16633e-69 1.668e-69 6.67571e-70 2.67092e-70 1.06829e-70 4.27147e-71 1.70739e-71 6.82271e-72 2.72551e-72 1.08845e-72 4.34551e-73 1.73438e-73 6.92027e-74 2.76042e-74 1.10079e-74 4.38843e-75 1.74902e-75 6.9688e-76 2.77589e-76 1.10543e-76 4.40089e-77 1.7516e-77 6.96973e-78 2.77258e-78 1.10266e-78 4.38415e-79 1.7427e-79 6.92548e-80 2.75151e-80 1.09291e-80 4.34008e-81 1.72308e-81 6.83921e-82 2.71381e-82 1.07614e-82 4.25421e-83 1.65016e-83 5.61831e-84 0. 
-2.543e+06 -979097. -382906. -640662. -774223. -696958. -527431. -357195. -223886. -132397. -74706.8 -40483.7 -21136.8 -10640.1 -5155.67 -2393.9 -1055.71 -434.603 -160.908 -48.374 -6.78634 5.67504 7.39787 5.91707 4.00276 2.47676 1.4471 0.811461 0.440893 0.233546 0.121126 0.0617003 0.0309432 0.0153074 0.00748135 0.00361729 0.00173227 0.000822484 0.000387545 0.000181372 8.43759e-05 3.90466e-05 1.79873e-05 8.25362e-06 3.77467e-06 1.72151e-06 7.83348e-07 3.55804e-07 1.61381e-07 7.3119e-08 3.31029e-08 1.49783e-08 6.77474e-09 3.06344e-09 1.38498e-09 6.26041e-10 2.82933e-10 1.27839e-10 5.77444e-11 2.60725e-11 1.17661e-11 5.30654e-12 2.39147e-12 1.07681e-12 4.8438e-13 2.17648e-13 9.76789e-14 4.37805e-14 1.95956e-14 8.75785e-15 3.90814e-15 1.7412e-15 7.74486e-16 3.43908e-16 1.52448e-16 6.74585e-17 2.97974e-17 1.31383e-17 5.78245e-18 2.54035e-18 1.11399e-18 4.87615e-19 2.13049e-19 9.29158e-20 4.04494e-20 1.75772e-20 7.62448e-21 3.30139e-21 1.42697e-21 6.15708e-22 2.65205e-22 1.14037e-22 4.89524e-23 2.09786e-23 8.97561e-24 3.83394e-24 1.63505e-24 6.962e-25 2.95981e-25 1.25641e-25 5.32538e-26 2.25389e-26 9.52555e-27 4.02009e-27 1.69427e-27 7.13091e-28 2.99733e-28 1.25825e-28 5.27537e-29 2.20907e-29 9.23955e-30 3.86003e-30 1.61081e-30 6.71465e-31 2.79606e-31 1.16313e-31 4.83371e-32 2.00688e-32 8.32464e-33 3.45007e-33 1.42864e-33 5.91109e-34 2.44385e-34 1.00963e-34 4.16814e-35 1.71961e-35 7.08991e-36 2.92138e-36 1.20306e-36 4.95163e-37 2.03699e-37 8.37567e-38 3.44237e-38 1.41422e-38 5.80778e-39 2.38427e-39 9.78513e-40 4.01475e-40 1.64681e-40 6.75366e-41 2.7692e-41 1.13527e-41 4.6535e-42 1.90724e-42 7.8159e-43 3.2026e-43 1.31212e-43 5.3752e-44 2.2017e-44 9.01696e-45 3.69228e-45 1.51167e-45 6.18778e-46 2.53235e-46 1.03613e-46 4.2384e-47 1.73331e-47 7.08646e-48 2.89638e-48 1.18345e-48 4.83398e-49 1.97386e-49 8.0571e-50 3.28768e-50 1.34105e-50 5.46814e-51 2.22882e-51 9.08125e-52 3.69872e-52 1.50588e-52 6.12859e-53 2.49323e-53 1.0139e-53 4.12149e-54 1.67473e-54 6.8024e-55 2.7619e-55 1.12094e-55 4.54761e-56 1.84422e-56 7.476e-57 3.02938e-57 1.22706e-57 4.96826e-58 2.01081e-58 8.13518e-59 3.28996e-59 1.32998e-59 5.37435e-60 2.17089e-60 8.76557e-61 3.53796e-61 1.42744e-61 5.75699e-62 2.32095e-62 9.35344e-63 3.76801e-63 1.51736e-63 6.10804e-64 2.45785e-64 9.8866e-65 3.97539e-65 1.59792e-65 6.42059e-66 2.57893e-66 1.0355e-66 4.15631e-67 1.66769e-67 6.6892e-68 2.68216e-68 1.0751e-68 4.30793e-69 1.72561e-69 6.90999e-70 2.76612e-70 1.10694e-70 4.42834e-71 1.77101e-71 7.08052e-72 2.82994e-72 1.13072e-72 4.51651e-73 1.80352e-73 7.19965e-74 2.87326e-74 1.14634e-74 4.57219e-75 1.82311e-75 7.26743e-76 2.89619e-76 1.15386e-76 4.59581e-77 1.83001e-77 7.28498e-78 2.89927e-78 1.15355e-78 4.58848e-79 1.8247e-79 7.25446e-80 2.88343e-80 1.14579e-80 4.55193e-81 1.80792e-81 7.1789e-82 2.84981e-82 1.13069e-82 4.47546e-83 1.74356e-83 6.02553e-84 0. 
-2.543e+06 -210874. -450915. -863392. -924524. -752198. -522401. -327270. -190649. -105169. -55555.3 -28289.5 -13930.8 -6635.37 -3047.82 -1340.3 -556.175 -211.33 -68.1915 -13.7777 3.79701 7.36206 6.39944 4.51604 2.87784 1.72223 0.986409 0.546524 0.29489 0.15566 0.0806451 0.041108 0.0206567 0.0102486 0.00502704 0.00244059 0.00117395 0.000559969 0.000265093 0.000124647 5.82532e-05 2.70773e-05 1.25259e-05 5.7702e-06 2.64844e-06 1.2118e-06 5.53003e-07 2.51807e-07 1.14453e-07 5.19463e-08 2.35498e-08 1.06668e-08 4.82817e-09 2.18426e-09 9.87745e-10 4.46513e-10 2.01783e-10 9.11578e-11 4.11666e-11 1.85829e-11 8.38425e-12 3.78058e-12 1.70354e-12 7.67013e-13 3.45033e-13 1.55054e-13 6.96029e-14 3.1207e-14 1.39739e-14 6.24877e-15 2.79027e-15 1.24408e-15 5.5383e-16 2.46155e-16 1.09226e-16 4.83856e-17 2.13975e-17 9.44627e-18 4.16291e-18 1.83134e-18 8.04213e-19 3.52534e-19 1.54262e-19 6.73818e-20 2.93802e-20 1.27879e-20 5.55616e-21 2.40985e-21 1.0434e-21 4.5098e-22 1.9459e-22 8.38198e-23 3.60448e-23 1.54745e-23 6.63249e-24 2.83813e-24 1.21253e-24 5.17213e-25 2.20278e-25 9.36715e-26 3.97732e-26 1.68629e-26 7.13906e-27 3.01809e-27 1.27414e-27 5.37162e-28 2.26158e-28 9.50936e-29 3.99331e-29 1.67484e-29 7.01588e-30 2.93546e-30 1.22679e-30 5.12121e-31 2.13552e-31 8.89558e-32 3.70169e-32 1.53885e-32 6.3911e-33 2.65188e-33 1.09937e-33 4.55371e-34 1.88464e-34 7.79382e-35 3.22065e-35 1.32992e-35 5.48791e-36 2.26311e-36 9.3268e-37 3.84152e-37 1.58136e-37 6.50625e-38 2.67556e-38 1.09976e-38 4.51848e-39 1.85573e-39 7.61868e-40 3.12681e-40 1.2829e-40 5.26225e-41 2.15798e-41 8.84775e-42 3.62693e-42 1.48654e-42 6.09185e-43 2.49611e-43 1.02265e-43 4.18923e-44 1.71589e-44 7.02731e-45 2.8776e-45 1.17818e-45 4.82303e-46 1.97404e-46 8.0781e-47 3.30502e-47 1.35189e-47 5.52848e-48 2.26026e-48 9.23836e-49 3.77491e-49 1.54201e-49 6.29699e-50 2.57062e-50 1.04905e-50 4.27964e-51 1.74528e-51 7.11486e-52 2.89941e-52 1.18111e-52 4.80963e-53 1.95779e-53 7.9663e-54 3.24026e-54 1.31745e-54 5.35452e-55 2.17539e-55 8.83456e-56 3.58643e-56 1.45535e-56 5.90344e-57 2.3937e-57 9.70207e-58 3.93086e-58 1.59199e-58 6.44498e-59 2.60815e-59 1.05505e-59 4.26622e-60 1.72442e-60 6.96747e-61 2.81409e-61 1.13614e-61 4.5852e-62 1.84977e-62 7.45952e-63 3.00704e-63 1.21172e-63 4.88092e-64 1.96535e-64 7.9107e-65 3.18296e-65 1.28023e-65 5.14738e-66 2.06884e-66 8.31217e-67 3.33847e-67 1.34038e-67 5.37968e-68 2.15842e-68 8.65697e-69 3.47096e-69 1.39119e-69 5.57418e-70 2.23271e-70 8.94009e-71 3.57859e-71 1.432e-71 5.72845e-72 2.29085e-72 9.15841e-73 3.66025e-73 1.46241e-73 5.84117e-74 2.33238e-74 9.31047e-75 3.7155e-75 1.4823e-75 5.91199e-76 2.35726e-76 9.39635e-77 3.74447e-77 1.49177e-77 5.94152e-78 2.36578e-78 9.41753e-79 3.74787e-79 1.49114e-79 5.93119e-80 2.3586e-80 9.37682e-81 3.72691e-81 1.48093e-81 5.88321e-82 2.33658e-82 9.27626e-83 3.67695e-83 1.44106e-83 5.11117e-84 0. 
-2.543e+06 -236259. -43515.6 -593554. -835343. -757131. -552506. -351920. -203316. -108739. -54413.3 -25573.5 -11255.7 -4581.02 -1668.2 -494.083 -71.9835 50.0509 65.6892 51.3896 33.8635 20.4009 11.6136 6.35296 3.37242 1.7482 0.888776 0.44452 0.219232 0.106812 0.0514847 0.0245816 0.0116378 0.00546833 0.00255224 0.00118413 0.000546494 0.000251055 0.000114872 5.23816e-05 2.38176e-05 1.08043e-05 4.89196e-06 2.21177e-06 9.98933e-07 4.50832e-07 2.03373e-07 9.17205e-08 4.13619e-08 1.86526e-08 8.41199e-09 3.79384e-09 1.71103e-09 7.71609e-10 3.47896e-10 1.56804e-10 7.06407e-11 3.18037e-11 1.43073e-11 6.43025e-12 2.88687e-12 1.29449e-12 5.79681e-13 2.59208e-13 1.15728e-13 5.15846e-14 2.29543e-14 1.01963e-14 4.52106e-15 2.00094e-15 8.83926e-16 3.8974e-16 1.71516e-16 7.53357e-17 3.30266e-17 1.44508e-17 6.31089e-18 2.75081e-18 1.19676e-18 5.19679e-19 2.25243e-19 9.74456e-20 4.208e-20 1.81384e-20 7.80442e-21 3.35204e-21 1.43718e-21 6.15118e-22 2.6282e-22 1.12104e-22 4.77368e-23 2.0294e-23 8.61333e-24 3.64985e-24 1.54415e-24 6.52265e-25 2.75098e-25 1.15849e-25 4.87133e-26 2.04533e-26 8.57538e-27 3.59025e-27 1.50103e-27 6.26703e-28 2.61306e-28 1.08809e-28 4.52502e-29 1.87944e-29 7.79647e-30 3.23031e-30 1.33684e-30 5.52605e-31 2.28173e-31 9.41106e-32 3.87751e-32 1.59595e-32 6.56221e-33 2.69563e-33 1.10628e-33 4.53599e-34 1.85823e-34 7.6061e-35 3.11079e-35 1.27127e-35 5.19136e-36 2.11842e-36 8.63866e-37 3.52044e-37 1.43377e-37 5.83589e-38 2.37407e-38 9.6528e-39 3.92282e-39 1.59347e-39 6.46999e-40 2.62597e-40 1.06541e-40 4.32116e-41 1.75207e-41 7.10208e-42 2.87816e-42 1.16614e-42 4.72399e-43 1.91337e-43 7.74873e-44 3.13772e-44 1.27045e-44 5.1436e-45 2.08233e-45 8.42956e-46 3.41223e-46 1.38118e-46 5.59037e-47 2.2626e-47 9.15685e-48 3.70557e-48 1.49944e-48 6.06683e-49 2.45442e-49 9.92854e-50 4.01572e-50 1.62396e-50 6.56628e-51 2.65452e-51 1.07292e-51 4.33574e-52 1.75172e-52 7.07565e-53 2.85736e-53 1.1536e-53 4.65621e-54 1.87886e-54 7.57941e-55 3.05671e-55 1.23239e-55 4.9672e-56 2.00146e-56 8.06208e-57 3.24649e-57 1.3069e-57 5.25939e-58 2.11586e-58 8.50941e-59 3.42113e-59 1.37498e-59 5.52435e-60 2.21881e-60 8.90873e-61 3.57574e-61 1.43473e-61 5.75478e-62 2.3075e-62 9.24926e-63 3.70619e-63 1.48457e-63 5.94471e-64 2.37966e-64 9.52253e-65 3.80931e-65 1.52334e-65 6.0898e-66 2.4337e-66 9.72277e-67 3.88304e-67 1.55029e-67 6.18751e-68 2.46877e-68 9.84709e-69 3.92645e-69 1.56515e-69 6.23707e-70 2.48469e-70 9.89537e-71 3.9397e-71 1.56807e-71 6.23935e-72 2.48192e-72 9.8699e-73 3.92386e-73 1.55952e-73 6.19655e-74 2.46143e-74 9.77479e-75 3.8807e-75 1.54027e-75 6.1118e-76 2.42453e-76 9.61555e-77 3.81249e-77 1.51124e-77 5.98895e-78 2.37279e-78 9.39856e-79 3.72184e-79 1.4735e-79 5.83228e-80 2.30794e-80 9.13082e-81 3.61156e-81 1.42817e-81 5.64636e-82 2.23182e-82 8.81965e-83 3.4845e-83 1.3762e-83 5.43021e-84 2.13341e-84 8.18275e-85 2.70718e-85 0. 
-2.543e+06 -989433. -12862.6 -327392. -670088. -727358. -595512. -412211. -253975. -143086. -74795.2 -36522. -16659.3 -7039.69 -2690.97 -872.039 -185.736 31.9668 75.3331 64.7035 44.1745 27.0423 15.5003 8.49405 4.50298 2.32665 1.17761 0.58599 0.287461 0.139311 0.0668099 0.0317503 0.0149696 0.00700896 0.0032618 0.00150991 0.000695712 0.000319274 0.000146015 6.65823e-05 3.02866e-05 1.37488e-05 6.23112e-06 2.8204e-06 1.27535e-06 5.76282e-07 2.60266e-07 1.17504e-07 5.30375e-08 2.39357e-08 1.08007e-08 4.87298e-09 2.19814e-09 9.91295e-10 4.46884e-10 2.01364e-10 9.06792e-11 4.08054e-11 1.83465e-11 8.2406e-12 3.69724e-12 1.65676e-12 7.41409e-13 3.31305e-13 1.4782e-13 6.58478e-14 2.92834e-14 1.30003e-14 5.76121e-15 2.54852e-15 1.1253e-15 4.95951e-16 2.18172e-16 9.57955e-17 4.19831e-17 1.83649e-17 8.01844e-18 3.49448e-18 1.52009e-18 6.60022e-19 2.86059e-19 1.23756e-19 5.3444e-20 2.30389e-20 9.91432e-21 4.25902e-21 1.82647e-21 7.81945e-22 3.34205e-22 1.42603e-22 6.07485e-23 2.58368e-23 1.09711e-23 4.65131e-24 1.96891e-24 8.32164e-25 3.51184e-25 1.47983e-25 6.22658e-26 2.61611e-26 1.0976e-26 4.59851e-27 1.92393e-27 8.03842e-28 3.35404e-28 1.39764e-28 5.81644e-29 2.41751e-29 1.00355e-29 4.16078e-30 1.72303e-30 7.1269e-31 2.94449e-31 1.21516e-31 5.00932e-32 2.06282e-32 8.48576e-33 3.48723e-33 1.43166e-33 5.87199e-34 2.40617e-34 9.85087e-35 4.02942e-35 1.64681e-35 6.7249e-36 2.74402e-36 1.11882e-36 4.55848e-37 1.85601e-37 7.55182e-38 3.07079e-38 1.24793e-38 5.06852e-39 2.0575e-39 8.34797e-40 3.38544e-40 1.37232e-40 5.56056e-41 2.25224e-41 9.11927e-42 3.69119e-42 1.49364e-42 6.04248e-43 2.4439e-43 9.88247e-44 3.9955e-44 1.61514e-44 6.52824e-45 2.63836e-45 1.06619e-45 4.30825e-46 1.74077e-46 7.03328e-47 2.84155e-47 1.14798e-47 4.6376e-48 1.87342e-48 7.56754e-49 3.05669e-49 1.23459e-49 4.98613e-50 2.01358e-50 8.13085e-51 3.2829e-51 1.32535e-51 5.3499e-52 2.15924e-52 8.71344e-53 3.51566e-53 1.41823e-53 5.72011e-54 2.30661e-54 9.29939e-55 3.74833e-55 1.5105e-55 6.08557e-56 2.45117e-56 9.87042e-57 3.97359e-57 1.59924e-57 6.43468e-58 2.58832e-58 1.04084e-58 4.18431e-59 1.68165e-59 6.75647e-60 2.71376e-60 1.08966e-60 4.37398e-61 1.75521e-61 7.04115e-62 2.82372e-62 1.13205e-62 4.53699e-63 1.81774e-63 7.28047e-64 2.91506e-64 1.1668e-64 4.6688e-65 1.86757e-65 7.46806e-66 2.98539e-66 1.19304e-66 4.76622e-67 1.9035e-67 7.59971e-68 3.03323e-68 1.21026e-68 4.82742e-69 1.92495e-69 7.67345e-70 3.05795e-70 1.21826e-70 4.85198e-71 1.93184e-71 7.68942e-72 3.05978e-72 1.2172e-72 4.84072e-73 1.92458e-73 7.64959e-74 3.03963e-74 1.20749e-74 4.79545e-75 1.90396e-75 7.55736e-76 2.99894e-76 1.18974e-76 4.71872e-77 1.87105e-77 7.41712e-78 2.93952e-78 1.16469e-78 4.61358e-79 1.82709e-79 7.23397e-80 2.86345e-80 1.13319e-80 4.48344e-81 1.77346e-81 7.01343e-82 2.77295e-82 1.09611e-82 4.33171e-83 1.71124e-83 6.75365e-84 2.65371e-84 1.01829e-84 3.38491e-85 0. 
-2.543e+06 -1.10298e+06 16192.1 -231583. -606132. -718501. -622412. -450312. -288203. -168069. -90767.5 -45770.9 -21592.2 -9480.63 -3811.08 -1343.79 -362.793 -22.4097 66.2766 69.1674 50.6156 32.1305 18.8292 10.4689 5.60405 2.91425 1.48103 0.738678 0.362717 0.175779 0.0842374 0.0399832 0.0188223 0.00879804 0.00408744 0.00188906 0.000869162 0.000398392 0.000182028 8.29496e-05 3.77178e-05 1.71205e-05 7.76037e-06 3.51382e-06 1.58972e-06 7.18789e-07 3.24856e-07 1.46772e-07 6.62961e-08 2.99395e-08 1.35181e-08 6.10215e-09 2.75375e-09 1.24224e-09 5.60127e-10 2.52416e-10 1.1367e-10 5.11472e-11 2.29929e-11 1.03254e-11 4.63141e-12 2.07476e-12 9.28165e-13 4.14619e-13 1.84929e-13 8.23496e-14 3.66095e-14 1.62472e-14 7.19782e-15 3.18305e-15 1.40507e-15 6.19091e-16 2.72276e-16 1.19525e-16 5.23725e-17 2.29057e-17 9.99958e-18 4.35735e-18 1.89527e-18 8.22877e-19 3.56631e-19 1.54288e-19 6.66314e-20 2.87258e-20 1.23628e-20 5.31157e-21 2.27823e-21 9.75557e-22 4.17055e-22 1.78004e-22 7.58529e-23 3.22721e-23 1.37089e-23 5.81445e-24 2.46237e-24 1.04122e-24 4.39632e-25 1.85353e-25 7.80333e-26 3.28051e-26 1.37718e-26 5.77347e-27 2.41707e-27 1.01054e-27 4.21931e-28 1.75938e-28 7.32687e-29 3.04737e-29 1.26587e-29 5.25197e-30 2.17636e-30 9.00791e-31 3.72403e-31 1.53783e-31 6.34331e-32 2.61367e-32 1.07577e-32 4.42319e-33 1.8168e-33 7.45499e-34 3.05608e-34 1.25161e-34 5.12122e-35 2.09355e-35 8.55082e-36 3.4895e-36 1.42287e-36 5.79733e-37 2.36027e-37 9.60243e-38 3.90389e-38 1.58608e-38 6.43985e-39 2.61315e-39 1.05975e-39 4.29538e-40 1.74011e-40 7.046e-41 2.85174e-41 1.1537e-41 4.66554e-42 1.88605e-42 7.62185e-43 3.07918e-43 1.24362e-43 5.02153e-44 2.02716e-44 8.18195e-45 3.30182e-45 1.33225e-45 5.37486e-46 2.16822e-46 8.74587e-47 3.52754e-47 1.42271e-47 5.73772e-48 2.31391e-48 9.33118e-49 3.76282e-49 1.51732e-49 6.11821e-50 2.46693e-50 9.94649e-51 4.01016e-51 1.6167e-51 6.5173e-52 2.62708e-52 1.05887e-52 4.26743e-53 1.71966e-53 6.92897e-54 2.79149e-54 1.12446e-54 4.52877e-55 1.82367e-55 7.34236e-56 2.95559e-56 1.18951e-56 4.78631e-57 1.92549e-57 7.74433e-58 3.11406e-58 1.25189e-58 5.03152e-59 2.02172e-59 8.12144e-60 3.26159e-60 1.30951e-60 5.25617e-61 2.10916e-61 8.46108e-62 3.39327e-62 1.36046e-62 5.45287e-63 2.18493e-63 8.75225e-64 3.50487e-64 1.40312e-64 5.61545e-65 2.24669e-65 8.98605e-66 3.59304e-66 1.43623e-66 5.73919e-67 2.29269e-67 9.15606e-68 3.65543e-68 1.45894e-68 5.82108e-69 2.32187e-69 9.25856e-70 3.69078e-70 1.47084e-70 5.85978e-71 2.33384e-71 9.29252e-72 3.69888e-72 1.47191e-72 5.85558e-73 2.32881e-73 9.25929e-74 3.68044e-74 1.46252e-74 5.81012e-75 2.30755e-75 9.1622e-76 3.63692e-76 1.44329e-76 5.72609e-77 2.27118e-77 9.00606e-78 3.57033e-78 1.41505e-78 5.60696e-79 2.22115e-79 8.79672e-80 3.48305e-80 1.37878e-80 5.45667e-81 2.15903e-81 8.54063e-82 3.3777e-82 1.33552e-82 5.27928e-83 2.08614e-83 8.23554e-84 3.23714e-84 1.24321e-84 4.14605e-85 0. 
-2.543e+06 -1.09426e+06 49635.8 -190919. -583787. -721401. -642572. -476344. -312067. -186291. -103060. -53312.8 -25868.1 -11739.8 -4926.5 -1856.77 -579.867 -104.32 41.0631 65.0878 52.8971 35.3411 21.376 12.1489 6.61009 3.48055 1.78609 0.897603 0.443352 0.21582 0.103769 0.0493701 0.0232774 0.0108905 0.00506168 0.0023394 0.00107611 0.00049305 0.000225167 0.000102557 4.66118e-05 2.11497e-05 9.5842e-06 4.33905e-06 1.96307e-06 8.87708e-07 4.01293e-07 1.81365e-07 8.19545e-08 3.70274e-08 1.67261e-08 7.55386e-09 3.41044e-09 1.53914e-09 6.94272e-10 3.12976e-10 1.40984e-10 6.34533e-11 2.85307e-11 1.28143e-11 5.74847e-12 2.57539e-12 1.15219e-12 5.14707e-13 2.29573e-13 1.02229e-13 4.54466e-14 2.01688e-14 8.93494e-15 3.95117e-15 1.7441e-15 7.68461e-16 3.37966e-16 1.48362e-16 6.50088e-17 2.84329e-17 1.24129e-17 5.40921e-18 2.35293e-18 1.02165e-18 4.42819e-19 1.91595e-19 8.27537e-20 3.56815e-20 1.53589e-20 6.60005e-21 2.83148e-21 1.21275e-21 5.1859e-22 2.21404e-22 9.43761e-23 4.01665e-23 1.70686e-23 7.24227e-24 3.06833e-24 1.29804e-24 5.48326e-25 2.31294e-25 9.74259e-26 4.09802e-26 1.72136e-26 7.22065e-27 3.02478e-27 1.26542e-27 5.28691e-28 2.20601e-28 9.193e-29 3.82614e-29 1.59046e-29 6.60323e-30 2.7382e-30 1.13412e-30 4.69187e-31 1.93881e-31 8.00267e-32 3.29954e-32 1.35894e-32 5.59094e-33 2.29782e-33 9.43415e-34 3.86949e-34 1.58555e-34 6.49056e-35 2.6544e-35 1.08452e-35 4.42704e-36 1.80559e-36 7.35803e-37 2.99608e-37 1.219e-37 4.956e-38 2.01346e-38 8.17433e-39 3.31644e-39 1.34466e-39 5.44868e-40 2.20656e-40 8.93097e-41 3.61288e-41 1.46081e-41 5.90379e-42 2.38494e-42 9.63048e-43 3.88734e-43 1.56858e-43 6.3273e-44 2.55155e-44 1.02867e-44 4.14615e-45 1.67079e-45 6.73162e-46 2.71173e-46 1.09223e-46 4.39877e-47 1.77136e-47 7.13257e-48 2.87182e-48 1.15623e-48 4.65496e-49 1.87401e-49 7.54423e-50 3.03702e-50 1.22257e-50 4.92139e-51 1.98104e-51 7.97419e-52 3.20972e-52 1.29191e-52 5.19966e-53 2.09265e-53 8.42155e-54 3.38888e-54 1.36359e-54 5.48621e-55 2.20707e-55 8.87791e-56 3.57068e-56 1.43593e-56 5.77367e-57 2.32115e-57 9.33e-58 3.74959e-58 1.50663e-58 6.05264e-59 2.43106e-59 9.76234e-60 3.91939e-60 1.5732e-60 6.31321e-61 2.53286e-61 1.01594e-61 4.07393e-62 1.63324e-62 6.54594e-63 2.62288e-63 1.05068e-63 4.20767e-64 1.68459e-64 6.74256e-65 2.69795e-65 1.07924e-65 4.31598e-66 1.7255e-66 6.89645e-67 2.75556e-67 1.10069e-67 4.39538e-68 1.75469e-68 7.00287e-69 2.79399e-69 1.11442e-69 4.44369e-70 1.77138e-70 7.05921e-71 2.81238e-71 1.12013e-71 4.46e-72 1.77533e-72 7.06483e-73 2.81061e-73 1.11784e-73 4.44464e-74 1.76675e-74 7.02092e-75 2.7893e-75 1.10785e-75 4.39895e-76 1.74623e-76 6.93014e-77 2.7496e-77 1.09065e-77 4.32503e-78 1.71468e-78 6.79625e-79 2.69307e-79 1.06689e-79 4.22557e-80 1.6732e-80 6.62376e-81 2.62156e-81 1.03732e-81 4.10361e-82 1.623e-82 6.41742e-83 2.53658e-83 1.00166e-83 3.9385e-84 1.51334e-84 5.05353e-85 0. 
-2.543e+06 -1.0774e+06 71285.2 -173030. -576643. -726594. -656475. -493512. -328163. -199095. -112119. -59160.2 -29364. -13692.9 -5950.67 -2361.02 -811.809 -202.631 3.92134 53.7043 51.155 36.5041 22.9493 13.3956 7.43651 3.97882 2.06869 1.05102 0.5239 0.256994 0.12436 0.0594803 0.0281654 0.0132228 0.00616216 0.00285375 0.00131461 0.000602906 0.000275496 0.000125515 5.70495e-05 2.58832e-05 1.17272e-05 5.30812e-06 2.40102e-06 1.08558e-06 4.90699e-07 2.21771e-07 1.00221e-07 4.52874e-08 2.04623e-08 9.24403e-09 4.17503e-09 1.88497e-09 8.50635e-10 3.83637e-10 1.72894e-10 7.78509e-11 3.50202e-11 1.57359e-11 7.06211e-12 3.1652e-12 1.41662e-12 6.3307e-13 2.82466e-13 1.25826e-13 5.59549e-14 2.484e-14 1.10077e-14 4.86919e-15 2.14994e-15 9.47543e-16 4.1684e-16 1.83036e-16 8.02233e-17 3.50965e-17 1.53261e-17 6.68045e-18 2.90667e-18 1.26243e-18 5.47326e-19 2.36877e-19 1.0234e-19 4.41395e-20 1.90052e-20 8.16943e-21 3.50587e-21 1.50208e-21 6.42534e-22 2.74417e-22 1.17017e-22 4.98217e-23 2.11802e-23 8.99064e-24 3.81074e-24 1.61286e-24 6.81646e-25 2.87677e-25 1.21239e-25 5.10245e-26 2.14448e-26 9.00079e-27 3.77278e-27 1.57932e-27 6.60264e-28 2.75681e-28 1.14961e-28 4.78793e-29 1.99165e-29 8.27465e-30 3.43374e-30 1.42322e-30 5.89209e-31 2.43652e-31 1.00642e-31 4.15246e-32 1.71142e-32 7.04599e-33 2.89779e-33 1.19053e-33 4.8862e-34 2.00338e-34 8.20568e-35 3.35754e-35 1.37239e-35 5.60402e-36 2.2864e-36 9.32019e-37 3.79602e-37 1.54481e-37 6.28173e-38 2.5524e-38 1.03632e-38 4.20466e-39 1.70477e-39 6.90739e-40 2.79695e-40 1.13185e-40 4.57764e-41 1.85033e-41 7.4753e-42 3.01848e-42 1.21826e-42 4.91473e-43 1.98187e-43 7.98879e-44 3.21905e-44 1.29667e-44 5.2215e-45 2.10204e-45 8.46008e-46 3.40416e-46 1.36949e-46 5.50843e-47 2.21529e-47 8.90793e-48 3.58157e-48 1.43989e-48 5.78833e-49 2.32675e-49 9.35247e-50 3.75912e-50 1.5109e-50 6.07259e-51 2.44066e-51 9.80922e-52 3.94237e-52 1.58444e-52 6.36782e-53 2.55916e-53 1.02848e-53 4.13318e-54 1.66096e-54 6.67443e-55 2.68194e-55 1.07761e-55 4.32954e-56 1.73936e-56 6.98715e-57 2.80652e-57 1.12717e-57 4.52648e-58 1.81751e-58 7.29677e-59 2.92902e-59 1.17556e-59 4.71731e-60 1.89264e-60 7.5921e-61 3.0449e-61 1.22094e-61 4.89473e-62 1.96186e-62 7.86161e-63 3.1496e-63 1.26153e-63 5.05169e-64 2.02241e-64 8.09456e-65 3.23897e-65 1.29571e-65 5.18201e-66 2.07191e-66 8.28188e-67 3.30955e-67 1.32218e-67 5.28071e-68 2.10851e-68 8.41659e-69 3.35874e-69 1.33997e-69 5.34433e-70 2.13093e-70 8.49421e-71 3.38497e-71 1.34854e-71 5.37098e-72 2.13856e-72 8.51271e-73 3.38762e-73 1.34772e-73 5.36029e-74 2.13136e-74 8.47242e-75 3.36699e-75 1.3377e-75 5.31325e-76 2.10983e-76 8.37567e-77 3.32414e-77 1.31895e-77 5.23195e-78 2.07486e-78 8.22633e-79 3.26073e-79 1.29216e-79 5.1193e-80 2.02768e-80 8.02942e-81 3.17882e-81 1.25818e-81 4.97876e-82 1.96968e-82 7.79041e-83 3.08015e-83 1.21666e-83 4.78546e-84 1.83959e-84 6.14761e-85 0. 
-2.543e+06 -1.06898e+06 81327.7 -164556. -571885. -727282. -662235. -502193. -337331. -207072. -118200. -63354.4 -32029.9 -15272.9 -6829.95 -2821.98 -1039.36 -307.848 -41.0315 36.5174 45.7725 35.6035 23.4355 14.1028 8.00927 4.36389 2.30353 1.18558 0.597631 0.296043 0.144485 0.0696222 0.033181 0.0156637 0.00733388 0.00340962 0.00157566 0.000724454 0.000331679 0.000151327 6.88495e-05 3.12564e-05 1.41664e-05 6.41297e-06 2.90069e-06 1.31134e-06 5.92649e-07 2.67806e-07 1.2101e-07 5.46787e-08 2.47062e-08 1.11625e-08 5.04252e-09 2.27729e-09 1.02805e-09 4.63858e-10 2.09152e-10 9.42292e-11 4.24128e-11 1.90695e-11 8.56371e-12 3.84073e-12 1.7201e-12 7.69202e-13 3.43433e-13 1.53084e-13 6.81209e-14 3.02602e-14 1.3418e-14 5.93903e-15 2.6239e-15 1.15711e-15 5.09328e-16 2.23774e-16 9.81331e-17 4.29552e-17 1.87678e-17 8.18496e-18 3.56311e-18 1.54832e-18 6.71609e-19 2.90809e-19 1.25703e-19 5.42417e-20 2.33661e-20 1.00488e-20 4.31445e-21 1.8494e-21 7.91483e-22 3.38195e-22 1.44284e-22 6.14613e-23 2.61415e-23 1.11023e-23 4.70826e-24 1.99378e-24 8.43095e-25 3.56012e-25 1.50124e-25 6.32181e-26 2.65856e-26 1.11653e-26 4.68301e-27 1.96162e-27 8.20632e-28 3.42871e-28 1.43077e-28 5.96313e-29 2.48227e-29 1.03205e-29 4.28582e-30 1.7777e-30 7.36516e-31 3.04795e-31 1.25993e-31 5.20235e-32 2.14575e-32 8.84074e-33 3.63862e-33 1.49599e-33 6.14431e-34 2.52097e-34 1.03325e-34 4.23014e-35 1.72976e-35 7.06521e-36 2.88355e-36 1.17582e-36 4.79048e-37 1.95007e-37 7.93168e-38 3.22356e-38 1.3091e-38 5.31229e-39 2.15416e-39 8.7291e-40 3.53481e-40 1.43047e-40 5.78518e-41 2.33825e-41 9.44523e-42 3.81322e-42 1.53865e-42 6.20533e-43 2.50139e-43 1.00786e-43 4.05913e-44 1.63414e-44 6.57632e-45 2.6456e-45 1.06396e-45 4.27756e-46 1.7193e-46 6.90873e-47 2.77556e-47 1.11486e-47 4.47726e-48 1.7978e-48 7.21796e-49 2.89762e-49 1.16313e-49 4.66859e-50 1.87378e-50 7.52023e-51 3.01808e-51 1.21121e-51 4.86077e-52 1.95068e-52 7.82826e-53 3.14156e-53 1.26074e-53 5.05947e-54 2.03041e-54 8.1482e-55 3.26991e-55 1.31221e-55 5.26576e-56 2.11304e-56 8.47885e-57 3.40211e-57 1.36501e-57 5.4764e-58 2.19696e-58 8.81282e-59 3.53481e-59 1.41766e-59 5.685e-60 2.27948e-60 9.13864e-61 3.66325e-61 1.4682e-61 5.88349e-62 2.35728e-62 9.44299e-63 3.78206e-63 1.51448e-63 6.06332e-64 2.42699e-64 9.71253e-65 3.88599e-65 1.55444e-65 6.21648e-66 2.4855e-66 9.93523e-67 3.97042e-67 1.5863e-67 6.33618e-68 2.53022e-68 1.01013e-68 4.03163e-69 1.60869e-69 6.41723e-70 2.55922e-70 1.02036e-70 4.06706e-71 1.62066e-71 6.45633e-72 2.57136e-72 1.02382e-72 4.07535e-73 1.62177e-73 6.45206e-74 2.5662e-74 1.02039e-74 4.05627e-75 1.61203e-75 6.40476e-76 2.54401e-76 1.01024e-76 4.01064e-77 1.59182e-77 6.31627e-78 2.50564e-78 9.93725e-79 3.94009e-79 1.56184e-79 6.18959e-80 2.45234e-80 9.71391e-81 3.84684e-81 1.52303e-81 6.02855e-82 2.38569e-82 9.43852e-83 3.73286e-83 1.47495e-83 5.8035e-84 2.23211e-84 7.46546e-85 0. 
-2.543e+06 -1.0675e+06 83434.4 -159381. -563073. -718741. -657229. -501242. -339168. -210089. -121232. -65823.9 -33796.3 -16422.2 -7522.96 -3213.37 -1247.51 -412.222 -90.2118 14.9658 37.2003 32.6957 22.7681 14.1889 8.2644 4.59361 2.46539 1.28716 0.657037 0.329126 0.162244 0.0788822 0.0378959 0.0180171 0.00848879 0.0039682 0.00184245 0.000850506 0.000390681 0.000178725 8.14868e-05 3.70525e-05 1.68126e-05 7.61668e-06 3.4467e-06 1.55851e-06 7.04385e-07 3.18275e-07 1.43797e-07 6.49667e-08 2.93519e-08 1.3261e-08 5.99081e-09 2.70595e-09 1.22188e-09 5.51506e-10 2.48785e-10 1.12146e-10 5.05092e-11 2.27257e-11 1.02134e-11 4.58432e-12 2.05487e-12 9.19717e-13 4.11007e-13 1.83373e-13 8.16745e-14 3.63145e-14 1.61175e-14 7.14046e-15 3.15758e-15 1.39371e-15 6.14016e-16 2.70005e-16 1.18509e-16 5.19178e-17 2.27025e-17 9.90899e-18 4.31706e-18 1.8774e-18 8.14979e-19 3.53154e-19 1.52764e-19 6.59665e-20 2.84371e-20 1.22382e-20 5.25809e-21 2.25543e-21 9.65901e-22 4.12998e-22 1.76313e-22 7.51547e-23 3.19868e-23 1.35937e-23 5.76857e-24 2.4444e-24 1.03432e-24 4.37052e-25 1.84421e-25 7.77131e-26 3.27036e-26 1.37443e-26 5.76872e-27 2.41812e-27 1.01233e-27 4.23275e-28 1.7676e-28 7.37246e-29 3.07125e-29 1.27791e-29 5.31096e-30 2.20465e-30 9.14125e-31 3.78598e-31 1.56626e-31 6.47245e-32 2.67177e-32 1.10169e-32 4.53794e-33 1.86724e-33 7.6752e-34 3.15152e-34 1.2926e-34 5.29484e-35 2.16558e-35 8.84442e-36 3.61048e-36 1.47257e-36 6.0009e-37 2.4434e-37 9.94071e-38 4.04107e-38 1.64149e-38 6.66274e-39 2.70239e-39 1.09529e-39 4.43618e-40 1.79553e-40 7.26255e-41 2.93567e-41 1.18592e-41 4.78791e-42 1.9319e-42 7.79082e-43 3.14015e-43 1.26501e-43 5.09366e-44 2.05005e-44 8.24724e-45 3.31646e-45 1.33313e-45 5.35688e-46 2.15182e-46 8.64103e-47 3.46897e-47 1.39227e-47 5.58655e-48 2.24116e-48 8.98916e-49 3.60491e-49 1.44547e-49 5.79519e-50 2.32318e-50 9.3124e-51 3.7326e-51 1.49602e-51 5.9958e-52 2.40295e-52 9.63022e-53 3.85944e-53 1.54672e-53 6.1987e-54 2.48424e-54 9.95614e-55 3.99019e-55 1.59919e-55 6.4093e-56 2.56876e-56 1.02952e-56 4.12616e-57 1.65368e-57 6.62748e-58 2.65604e-58 1.0644e-58 4.26538e-59 1.70918e-59 6.8484e-60 2.74385e-60 1.09925e-60 4.40342e-61 1.76377e-61 7.0639e-62 2.82875e-62 1.13263e-62 4.53443e-63 1.81506e-63 7.26427e-64 2.90684e-64 1.16299e-64 4.6521e-65 1.86055e-65 7.43961e-66 2.9742e-66 1.18878e-66 4.75048e-67 1.89793e-67 7.58096e-68 3.02739e-68 1.20868e-68 4.8245e-69 1.92525e-69 7.68098e-70 3.06365e-70 1.22166e-70 4.8703e-71 1.94111e-71 7.73448e-72 3.08107e-72 1.22704e-72 4.88546e-73 1.94464e-73 7.73853e-74 3.07868e-74 1.2245e-74 4.86899e-75 1.93556e-75 7.6924e-76 3.05636e-76 1.21405e-76 4.8212e-77 1.9141e-77 7.59735e-78 3.01474e-78 1.196e-78 4.74352e-79 1.88089e-79 7.45626e-80 2.95509e-80 1.17089e-80 4.63827e-81 1.83693e-81 7.2732e-82 2.87909e-82 1.1394e-82 4.5076e-83 1.78167e-83 7.01349e-84 2.6995e-84 9.04038e-85 0. 
-2.543e+06 -1.07185e+06 76097.2 -159229. -549687. -698953. -639214. -488856. -332439. -207367. -120739. -66284.6 -34494.2 -17041.1 -7972.39 -3503.35 -1419.4 -507.328 -139.71 -9.31335 26.0175 27.9152 20.9239 13.5932 8.14695 4.62874 2.52941 1.34113 0.693962 0.351884 0.175385 0.0861302 0.0417571 0.020018 0.00950245 0.00447204 0.00208885 0.000969335 0.000447302 0.000205425 9.39649e-05 4.28396e-05 1.94792e-05 8.83879e-06 4.00435e-06 1.81208e-06 8.19379e-07 3.70325e-07 1.67326e-07 7.55949e-08 3.41512e-08 1.54282e-08 6.96961e-09 3.14818e-09 1.42176e-09 6.41878e-10 2.89655e-10 1.30632e-10 5.88692e-11 2.65055e-11 1.19215e-11 5.35572e-12 2.40292e-12 1.07659e-12 4.81623e-13 2.15117e-13 9.59226e-14 4.26991e-14 1.89735e-14 8.4157e-15 3.72592e-15 1.64652e-15 7.2625e-16 3.19732e-16 1.40497e-16 6.16212e-17 2.6976e-17 1.17873e-17 5.14099e-18 2.23811e-18 9.72587e-19 4.21886e-19 1.8268e-19 7.89638e-20 3.40733e-20 1.46779e-20 6.31223e-21 2.71011e-21 1.16168e-21 4.97152e-22 2.12427e-22 9.06273e-23 3.86053e-23 1.64204e-23 6.97395e-24 2.95764e-24 1.25254e-24 5.29693e-25 2.23696e-25 9.43405e-26 3.97333e-26 1.67123e-26 7.02023e-27 2.94515e-27 1.23399e-27 5.16382e-28 2.15821e-28 9.00924e-29 3.75629e-29 1.56428e-29 6.50665e-30 2.70332e-30 1.12187e-30 4.65043e-31 1.92557e-31 7.96427e-32 3.29048e-32 1.35801e-32 5.5987e-33 2.30575e-33 9.48598e-34 3.89836e-34 1.60012e-34 6.55738e-35 2.68108e-35 1.09366e-35 4.46382e-36 1.82047e-36 7.41858e-37 3.0208e-37 1.22912e-37 4.99734e-38 2.03032e-38 8.24278e-39 3.34404e-39 1.3557e-39 5.4923e-40 2.22356e-40 8.99612e-41 3.63729e-41 1.46968e-41 5.93472e-42 2.39505e-42 9.65992e-43 3.89392e-43 1.56878e-43 6.31695e-44 2.54234e-44 1.0227e-44 4.11207e-45 1.65266e-45 6.6393e-46 2.66619e-46 1.07028e-46 4.29493e-47 1.72295e-47 6.90973e-48 2.77032e-48 1.11043e-48 4.44994e-49 1.78291e-49 7.14209e-50 2.86058e-50 1.14557e-50 4.58713e-51 1.83661e-51 7.35292e-52 2.94357e-52 1.17833e-52 4.7168e-53 1.88807e-53 7.55757e-54 3.02514e-54 1.21091e-54 4.84712e-55 1.94027e-55 7.7669e-56 3.10915e-56 1.24465e-56 4.98261e-57 1.99469e-57 7.98544e-58 3.19688e-58 1.27984e-58 5.12366e-59 2.05117e-59 8.21134e-60 3.28711e-60 1.31583e-60 5.26701e-61 2.10817e-61 8.43759e-62 3.37675e-62 1.35127e-62 5.40688e-63 2.16324e-63 8.65396e-64 3.46156e-64 1.38443e-64 5.53617e-65 2.21352e-65 8.8489e-66 3.5369e-66 1.41346e-66 5.64759e-67 2.25612e-67 9.01112e-68 3.59839e-68 1.43664e-68 5.7345e-69 2.2885e-69 9.1308e-70 3.64225e-70 1.45255e-70 5.79151e-71 2.30861e-71 9.20034e-72 3.66567e-72 1.46015e-72 5.81479e-73 2.31507e-73 9.21477e-74 3.66688e-74 1.45882e-74 5.80223e-75 2.30717e-75 9.17181e-76 3.64519e-76 1.44836e-76 5.75338e-77 2.28487e-77 9.07171e-78 3.60089e-78 1.42896e-78 5.66925e-79 2.24866e-79 8.91689e-80 3.53507e-80 1.40113e-80 5.55204e-81 2.1995e-81 8.71146e-82 3.44949e-82 1.36556e-82 5.40406e-83 2.1368e-83 8.41626e-84 3.24315e-84 1.08865e-84 0. 
-2.543e+06 -1.08416e+06 47996.5 -177583. -540313. -671369. -608533. -464083. -315939. -197884. -115990. -64260.4 -33833.1 -16961.4 -8084.52 -3641.74 -1529.17 -580.419 -183.554 -33.6974 13.2723 21.6181 17.9821 12.3009 7.62088 4.43709 2.47276 1.33307 0.69991 0.359559 0.181346 0.0900291 0.0440849 0.0213289 0.0102105 0.00484244 0.00227778 0.00106371 0.000493626 0.000227828 0.000104663 4.78925e-05 2.18436e-05 9.93646e-06 4.51052e-06 2.0442e-06 9.25346e-07 4.18527e-07 1.89193e-07 8.54956e-08 3.8628e-08 1.7451e-08 7.88334e-09 3.56094e-09 1.60826e-09 7.26185e-10 3.27782e-10 1.47881e-10 6.66756e-11 3.00389e-11 1.35208e-11 6.07939e-12 2.73023e-12 1.22453e-12 5.48432e-13 2.45254e-13 1.095e-13 4.88075e-14 2.17173e-14 9.6461e-15 4.27668e-15 1.8926e-15 8.35987e-16 3.68572e-16 1.6219e-16 7.12366e-17 3.12294e-17 1.36649e-17 5.96815e-18 2.60176e-18 1.13213e-18 4.91745e-19 2.13208e-19 9.22777e-20 3.98687e-20 1.71956e-20 7.40403e-21 3.18268e-21 1.36585e-21 5.85207e-22 2.50337e-22 1.0692e-22 4.5596e-23 1.94149e-23 8.2546e-24 3.50446e-24 1.48566e-24 6.28929e-25 2.65876e-25 1.12243e-25 4.73207e-26 1.99235e-26 8.37743e-27 3.51799e-27 1.47545e-27 6.18033e-28 2.58559e-28 1.08038e-28 4.50892e-29 1.87954e-29 7.82565e-30 3.25452e-30 1.35193e-30 5.60962e-31 2.32502e-31 9.62591e-32 3.98092e-32 1.64459e-32 6.78686e-33 2.79784e-33 1.15217e-33 4.73943e-34 1.94688e-34 7.97977e-35 3.25737e-35 1.32308e-35 5.39501e-36 2.19864e-36 8.9549e-37 3.64508e-37 1.48281e-37 6.02827e-38 2.44919e-38 9.9443e-39 4.03501e-39 1.63618e-39 6.63037e-40 2.68511e-40 1.08669e-40 4.39517e-41 1.77652e-41 7.1762e-42 2.89704e-42 1.16884e-42 4.71303e-43 1.89932e-43 7.64988e-44 3.07948e-44 1.23901e-44 4.98255e-45 2.00272e-45 8.04612e-46 3.23118e-46 1.29704e-46 5.20441e-47 2.0875e-47 8.37004e-48 3.35494e-48 1.34434e-48 5.3853e-49 2.15674e-49 8.63539e-50 3.45679e-50 1.3835e-50 5.53623e-51 2.21505e-51 8.86129e-52 3.54457e-52 1.41772e-52 5.67003e-53 2.26754e-53 9.06793e-54 3.62617e-54 1.45004e-54 5.79845e-55 2.31869e-55 9.27215e-56 3.70787e-56 1.48279e-56 5.92984e-57 2.37148e-57 9.48433e-58 3.7932e-58 1.51711e-58 6.06785e-59 2.42695e-59 9.70718e-60 3.88264e-60 1.55296e-60 6.21141e-61 2.48435e-61 9.9363e-62 3.97395e-62 1.58928e-62 6.3556e-63 2.54147e-63 1.01621e-63 4.06299e-64 1.62431e-64 6.49306e-65 2.59527e-65 1.0372e-65 4.14465e-66 1.65598e-66 6.61541e-67 2.64237e-67 1.05526e-67 4.21361e-68 1.68218e-68 6.71445e-69 2.67958e-69 1.06915e-69 4.26505e-70 1.70106e-70 6.78304e-71 2.70418e-71 1.07783e-71 4.29506e-72 1.71116e-72 6.8157e-73 2.71412e-73 1.08056e-73 4.30092e-74 1.71148e-74 6.80889e-75 2.70817e-75 1.07689e-75 4.28113e-76 1.70153e-76 6.76107e-77 2.68586e-77 1.06671e-77 4.23546e-78 1.68131e-78 6.67253e-79 2.64744e-79 1.05016e-79 4.16469e-80 1.65121e-80 6.54514e-81 2.59377e-81 1.02764e-81 4.07048e-82 1.61192e-82 6.38123e-83 2.52425e-83 9.94982e-84 3.84114e-84 1.29505e-84 0. 
-2.543e+06 -1.10511e+06 -24275.6 -243494. -556868. -648946. -571463. -429256. -290066. -181291. -106470. -59304.2 -31492. -15975.7 -7735.17 -3558.3 -1539. -612.018 -212.156 -53.6933 0.953326 14.6202 14.2401 10.3972 6.69451 4.00507 2.27989 1.25103 0.667016 0.347397 0.177412 0.0890919 0.0440913 0.0215431 0.0104077 0.00497794 0.00235987 0.00110997 0.000518468 0.000240706 0.00011116 5.1101e-05 2.34004e-05 1.06809e-05 4.86217e-06 2.20863e-06 1.00159e-06 4.53634e-07 2.05268e-07 9.28235e-08 4.19574e-08 1.89601e-08 8.5663e-09 3.86975e-09 1.74786e-09 7.89304e-10 3.56335e-10 1.60806e-10 7.25308e-11 3.26935e-11 1.4725e-11 6.62594e-12 2.97835e-12 1.33717e-12 5.99555e-13 2.68445e-13 1.20012e-13 5.35674e-14 2.387e-14 1.06183e-14 4.71505e-15 2.08992e-15 9.24638e-16 4.08323e-16 1.79979e-16 7.91806e-17 3.47694e-17 1.5239e-17 6.66657e-18 2.91098e-18 1.26874e-18 5.51962e-19 2.39695e-19 1.03904e-19 4.49612e-20 1.94216e-20 8.37504e-21 3.6054e-21 1.54951e-21 6.64853e-22 2.84809e-22 1.21813e-22 5.2018e-23 2.21793e-23 9.44247e-24 4.01402e-24 1.70388e-24 7.22228e-25 3.05701e-25 1.29216e-25 5.45435e-26 2.29924e-26 9.67948e-27 4.06962e-27 1.70883e-27 7.16627e-28 3.00156e-28 1.25565e-28 5.24643e-29 2.18948e-29 9.12653e-30 3.79985e-30 1.58026e-30 6.56445e-31 2.72385e-31 1.12898e-31 4.67431e-32 1.93321e-32 7.98689e-33 3.29622e-33 1.35892e-33 5.59583e-34 2.30057e-34 9.42637e-35 3.8303e-35 1.53533e-35 6.24477e-36 2.53998e-36 1.03298e-36 4.20009e-37 1.70723e-37 6.93694e-38 2.81747e-38 1.14379e-38 4.64104e-39 1.88215e-39 7.62871e-40 3.09031e-40 1.25112e-40 5.06221e-41 2.04702e-41 8.2727e-42 3.34129e-42 1.34873e-42 5.44102e-43 2.19375e-43 8.8399e-44 3.56014e-44 1.43301e-44 5.76508e-45 2.31813e-45 9.31652e-46 3.7425e-46 1.50269e-46 6.03097e-47 2.41947e-47 9.70244e-48 3.88934e-48 1.55853e-48 6.24323e-49 2.50016e-49 1.00092e-49 4.00603e-50 1.60296e-50 6.4126e-51 2.56483e-51 1.02566e-51 4.10093e-52 1.63946e-52 6.5534e-53 2.61933e-53 1.04684e-53 4.18349e-54 1.67177e-54 6.68038e-55 2.66941e-55 1.06666e-55 4.26221e-56 1.70314e-56 6.80566e-57 2.71957e-57 1.08678e-57 4.34308e-58 1.73567e-58 6.93664e-59 2.77233e-59 1.10804e-59 4.42867e-60 1.77012e-60 7.07521e-61 2.82801e-61 1.13038e-61 4.51821e-62 1.80594e-62 7.21828e-63 2.88504e-63 1.15306e-63 4.60823e-64 1.84159e-64 7.35905e-65 2.94048e-65 1.17484e-65 4.69354e-66 1.87489e-66 7.48864e-67 2.99074e-67 1.19425e-67 4.76821e-68 1.90349e-68 7.59766e-69 3.03206e-69 1.20983e-69 4.82651e-70 1.92515e-70 7.67737e-71 3.0611e-71 1.22027e-71 4.86346e-72 1.93796e-72 7.72059e-73 3.07513e-73 1.22456e-73 4.87528e-74 1.94053e-74 7.72221e-75 3.07229e-75 1.22203e-75 4.85959e-76 1.93203e-76 7.67935e-77 3.05163e-77 1.21237e-77 4.8154e-78 1.91217e-78 7.5913e-79 3.01301e-79 1.19559e-79 4.74305e-80 1.88118e-80 7.45931e-81 2.95709e-81 1.172e-81 4.64393e-82 1.83967e-82 7.28559e-83 2.8834e-83 1.13767e-83 4.40475e-84 1.49731e-84 0. 
-2.543e+06 -1.11215e+06 -170007. -395519. -631356. -653731. -541320. -391515. -258175. -158891. -92510. -51361.3 -27310.9 -13931.7 -6811.78 -3179.84 -1405.13 -577.581 -212.462 -62.685 -7.74394 8.38732 10.3305 8.13371 5.45552 3.35553 1.95122 1.08972 0.589971 0.311512 0.161091 0.0818389 0.0409419 0.0202077 0.00985564 0.00475602 0.00227349 0.00107765 0.000506987 0.00023693 0.000110074 5.08759e-05 2.34097e-05 1.07303e-05 4.90255e-06 2.23388e-06 1.01564e-06 4.60958e-07 2.08924e-07 9.45949e-08 4.27973e-08 1.93521e-08 8.74719e-09 3.9526e-09 1.78563e-09 8.06486e-10 3.64151e-10 1.64368e-10 7.41586e-11 3.34401e-11 1.50689e-11 6.78493e-12 3.05214e-12 1.37152e-12 6.15585e-13 2.75937e-13 1.23516e-13 5.52061e-14 2.46358e-14 1.09757e-14 4.88153e-15 2.1673e-15 9.60508e-16 4.24905e-16 1.8762e-16 8.26913e-17 3.6377e-17 1.59728e-17 7.00042e-18 3.06237e-18 1.33717e-18 5.82796e-19 2.53545e-19 1.10106e-19 4.77302e-20 2.06543e-20 8.92224e-21 3.84763e-21 1.65646e-21 7.11945e-22 3.05493e-22 1.30875e-22 5.59792e-23 2.39067e-23 1.01941e-23 4.34031e-24 1.84523e-24 7.8334e-25 3.32068e-25 1.4057e-25 5.94234e-26 2.50859e-26 1.0576e-26 4.45288e-27 1.87239e-27 7.86314e-28 3.29799e-28 1.38155e-28 5.7803e-29 2.41553e-29 1.00823e-29 4.20336e-30 1.75038e-30 7.28071e-31 3.025e-31 1.25544e-31 5.20462e-32 2.15531e-32 8.91594e-33 3.68436e-33 1.52086e-33 6.27035e-34 2.58019e-34 1.056e-34 4.24282e-35 1.62911e-35 6.59131e-36 2.67007e-36 1.08253e-36 4.39131e-37 1.7819e-37 7.23143e-38 2.93462e-38 1.19073e-38 4.83024e-39 1.95876e-39 7.94013e-40 3.21725e-40 1.30297e-40 5.27433e-41 2.13389e-41 8.6286e-42 3.48713e-42 1.40849e-42 5.68583e-43 2.29397e-43 9.24996e-44 3.72777e-44 1.50148e-44 6.04444e-45 2.43199e-45 9.78012e-46 3.93104e-46 1.57928e-46 6.34167e-47 2.54538e-47 1.0212e-47 4.09531e-48 1.64169e-48 6.57854e-49 2.6352e-49 1.05524e-49 4.22428e-50 1.69054e-50 6.76368e-51 2.7054e-51 1.08189e-51 4.32557e-52 1.72912e-52 6.9109e-53 2.76174e-53 1.10351e-53 4.40887e-54 1.76132e-54 7.03592e-55 2.81047e-55 1.12259e-55 4.48385e-56 1.79092e-56 7.15316e-57 2.85709e-57 1.14118e-57 4.55822e-58 1.82074e-58 7.27298e-59 2.9053e-59 1.1606e-59 4.63652e-60 1.85231e-60 7.40028e-61 2.95661e-61 1.18127e-61 4.71968e-62 1.88573e-62 7.53441e-63 3.01035e-63 1.20276e-63 4.80546e-64 1.91989e-64 7.67013e-65 3.06414e-65 1.22403e-65 4.88928e-66 1.95284e-66 7.79922e-67 3.11455e-67 1.24364e-67 4.96533e-68 1.9822e-68 7.91209e-69 3.15774e-69 1.26008e-69 5.02751e-70 2.00557e-70 7.9993e-71 3.19e-71 1.27189e-71 5.07025e-72 2.02081e-72 8.05259e-73 3.20818e-73 1.27789e-73 5.08902e-74 2.0262e-74 8.06562e-75 3.20993e-75 1.2772e-75 5.08066e-76 2.02062e-76 8.0343e-77 3.19382e-77 1.26932e-77 5.04349e-78 2.00349e-78 7.95687e-79 3.15932e-79 1.25413e-79 4.97721e-80 1.97482e-80 7.83371e-81 3.10673e-81 1.23179e-81 4.88279e-82 1.93506e-82 7.66662e-83 3.03588e-83 1.19933e-83 4.66372e-84 1.60917e-84 0. 
-2.543e+06 -979597. -383828. -641892. -775631. -698407. -528800. -358396. -224874. -133164. -75272.3 -40880.7 -21402.9 -10810.7 -5260.33 -2455.34 -1090.15 -452.971 -170.157 -52.7077 -8.61896 5.02897 7.26277 5.96885 4.09966 2.56535 1.51312 0.855781 0.46873 0.250214 0.130745 0.0670866 0.0338842 0.0168786 0.00830483 0.00404161 0.00194761 0.000930263 0.00044082 0.000207408 9.69685e-05 4.50801e-05 2.08535e-05 9.60467e-06 4.40709e-06 2.01569e-06 9.19433e-07 4.18446e-07 1.90092e-07 8.62288e-08 3.90698e-08 1.76866e-08 8.00117e-09 3.61771e-09 1.63505e-09 7.38703e-10 3.33624e-10 1.5062e-10 6.79712e-11 3.06583e-11 1.38201e-11 6.22543e-12 2.802e-12 1.25997e-12 5.65965e-13 2.53928e-13 1.13783e-13 5.09148e-14 2.27497e-14 1.01493e-14 4.52059e-15 2.01015e-15 8.92306e-16 3.95398e-16 1.74895e-16 7.72203e-17 3.40322e-17 1.4971e-17 6.57366e-18 2.88114e-18 1.26044e-18 5.50409e-19 2.39916e-19 1.04388e-19 4.53384e-20 1.96569e-20 8.50758e-21 3.67577e-21 1.58545e-21 6.82702e-22 2.93489e-22 1.25964e-22 5.39768e-23 2.30932e-23 9.86477e-24 4.20755e-24 1.79192e-24 7.62027e-25 3.23587e-25 1.37212e-25 5.81014e-26 2.45686e-26 1.03749e-26 4.37533e-27 1.84275e-27 7.75103e-28 3.25611e-28 1.36614e-28 5.72473e-29 2.396e-29 1.00161e-29 4.18209e-30 1.74415e-30 7.26566e-31 3.02324e-31 1.25656e-31 5.21693e-32 2.16357e-32 8.96311e-33 3.70921e-33 1.53332e-33 6.3306e-34 2.60772e-34 1.06494e-34 4.16666e-35 1.34495e-35 5.39184e-36 2.16893e-36 8.74703e-37 3.53417e-37 1.42987e-37 5.79042e-38 2.34631e-38 9.51066e-39 3.85567e-39 1.56309e-39 6.33588e-40 2.5676e-40 1.04018e-40 4.2124e-41 1.70516e-41 6.89921e-42 2.7901e-42 1.12777e-42 4.55606e-43 1.83961e-43 7.42381e-44 2.99427e-44 1.20703e-44 4.86309e-45 1.95827e-45 7.88144e-46 3.17039e-46 1.27468e-46 5.12243e-47 2.05751e-47 8.26054e-48 3.31498e-48 1.32974e-48 5.3318e-49 2.13704e-49 8.56226e-50 3.42935e-50 1.37307e-50 5.4959e-51 2.19918e-51 8.79763e-52 3.51856e-52 1.40691e-52 5.62445e-53 2.2481e-53 8.9842e-54 3.5899e-54 1.43428e-54 5.72978e-55 2.28879e-55 9.14202e-56 3.65137e-56 1.45831e-56 5.82419e-57 2.32602e-57 9.28942e-58 3.70993e-58 1.48166e-58 5.91753e-59 2.36343e-59 9.43965e-60 3.77036e-60 1.506e-60 6.01561e-61 2.40297e-61 9.59907e-62 3.83461e-62 1.53187e-62 6.11972e-63 2.44481e-63 9.76698e-64 3.90188e-64 1.55878e-64 6.22709e-65 2.48757e-65 9.93686e-66 3.96921e-66 1.58539e-66 6.33197e-67 2.52878e-67 1.00983e-67 4.03224e-68 1.6099e-68 6.42698e-69 2.56545e-69 1.02392e-69 4.08608e-70 1.63038e-70 6.50436e-71 2.59449e-71 1.03473e-71 4.12602e-72 1.64497e-72 6.55697e-73 2.61317e-73 1.04123e-73 4.14801e-74 1.65213e-74 6.579e-75 2.61928e-75 1.04259e-75 4.14902e-76 1.65076e-76 6.56637e-77 2.61137e-77 1.03827e-77 4.12719e-78 1.6402e-78 6.51688e-79 2.58869e-79 1.02806e-79 4.08183e-80 1.62027e-80 6.43013e-81 2.55123e-81 1.01199e-81 4.01329e-82 1.59119e-82 6.30717e-83 2.49906e-83 9.88667e-84 3.86757e-84 1.36965e-84 0. 
-2.543e+06 -211015. -451209. -863844. -925110. -752862. -523068. -327876. -191156. -105565. -55846.8 -28493.6 -14067.2 -6722.58 -3101.25 -1371.64 -573.75 -220.706 -72.9115 -15.9836 2.87249 7.04564 6.34387 4.55427 2.93679 1.77455 1.02513 0.572531 0.31129 0.165538 0.0863851 0.0443471 0.0224398 0.0112093 0.00553493 0.0027046 0.00130911 0.000628217 0.000299124 0.000141422 6.64359e-05 3.10305e-05 1.44191e-05 6.66955e-06 3.07258e-06 1.41051e-06 6.45549e-07 2.94679e-07 1.34219e-07 6.10218e-08 2.77013e-08 1.25597e-08 5.68889e-09 2.57468e-09 1.16447e-09 5.26358e-10 2.37799e-10 1.0738e-10 4.84634e-11 2.18607e-11 9.85481e-12 4.43947e-12 1.99835e-12 8.98732e-13 4.03795e-13 1.81225e-13 8.12386e-14 3.63706e-14 1.62609e-14 7.25957e-15 3.23608e-15 1.44026e-15 6.39958e-16 2.8388e-16 1.25711e-16 5.55713e-17 2.45223e-17 1.08018e-17 4.74958e-18 2.08464e-18 9.13324e-19 3.99429e-19 1.74372e-19 7.59878e-20 3.30556e-20 1.43544e-20 6.22266e-21 2.69292e-21 1.16342e-21 5.01793e-22 2.16072e-22 9.28895e-23 3.98695e-23 1.70856e-23 7.31049e-24 3.12319e-24 1.33229e-24 5.67487e-25 2.41369e-25 1.02514e-25 4.34786e-26 1.84147e-26 7.78864e-27 3.28984e-27 1.38776e-27 5.84641e-28 2.45984e-28 1.03366e-28 4.33818e-29 1.81847e-29 7.61345e-30 3.18376e-30 1.32981e-30 5.54798e-31 2.31199e-31 9.6238e-32 4.00152e-32 1.66198e-32 6.89534e-33 2.85772e-33 1.18307e-33 4.89182e-34 2.01768e-34 8.21763e-35 3.02316e-35 1.86592e-36 7.8551e-37 3.21438e-37 1.30678e-37 5.29392e-38 2.13948e-38 8.63154e-39 3.47779e-39 1.39982e-39 5.62962e-40 2.2624e-40 9.08612e-41 3.64691e-41 1.46292e-41 5.86508e-42 2.3501e-42 9.41159e-43 3.76706e-43 1.50697e-43 6.02523e-44 2.40772e-44 9.61625e-45 3.83859e-45 1.53146e-45 6.10678e-46 2.43384e-46 9.69502e-47 3.85999e-47 1.53606e-47 6.10973e-48 2.42901e-48 9.65244e-49 3.834e-49 1.52223e-49 6.04125e-50 2.39663e-50 9.50409e-51 3.76757e-51 1.49301e-51 5.91458e-52 2.34235e-52 9.27375e-53 3.67066e-53 1.45254e-53 5.74663e-54 2.27307e-54 8.98943e-55 3.55453e-55 1.40531e-55 5.55536e-56 2.19588e-56 8.67902e-57 3.4301e-57 1.35558e-57 5.35715e-58 2.11709e-58 8.36656e-59 3.30648e-59 1.30677e-59 5.16481e-60 2.04143e-60 8.06947e-61 3.18999e-61 1.26116e-61 4.98642e-62 1.97174e-62 7.79745e-63 3.08389e-63 1.2198e-63 4.82526e-64 1.90896e-64 7.55287e-65 2.9886e-65 1.18266e-65 4.68047e-66 1.85246e-66 7.33229e-67 2.90239e-67 1.14893e-67 4.54831e-68 1.80062e-68 7.12857e-69 2.82222e-69 1.11733e-69 4.42353e-70 1.75126e-70 6.93301e-71 2.74459e-71 1.08646e-71 4.30058e-72 1.70221e-72 6.737e-73 2.66616e-73 1.05503e-73 4.17447e-74 1.65155e-74 6.53331e-75 2.58417e-75 1.02201e-75 4.04136e-76 1.59786e-76 6.31666e-77 2.49672e-77 9.86695e-78 3.89875e-78 1.54027e-78 6.08403e-79 2.40276e-79 9.48753e-80 3.74556e-80 1.47843e-80 5.83447e-81 2.30209e-81 9.08152e-82 3.58189e-82 1.41247e-82 5.56884e-83 2.19514e-83 8.65094e-84 3.40821e-84 1.34151e-84 5.25782e-85 2.01207e-85 6.64403e-86 0. 
-2.543e+06 -236034. -43112.8 -593074. -834925. -756883. -552451. -352004. -203464. -108891. -54541.2 -25667.4 -11318.4 -4619.81 -1690.62 -506.2 -78.0709 47.2624 64.5804 51.0645 33.8606 20.5011 11.7245 6.4431 3.43641 1.79013 0.914781 0.459991 0.228133 0.111794 0.0542071 0.0260387 0.0124034 0.00586403 0.00275372 0.00128533 0.000596709 0.000275692 0.000126838 5.81392e-05 2.65651e-05 1.21055e-05 5.5041e-06 2.49804e-06 1.13211e-06 5.12505e-07 2.31823e-07 1.048e-07 4.73585e-08 2.13953e-08 9.66403e-09 4.36444e-09 1.9707e-09 8.89635e-10 4.01479e-10 1.81103e-10 8.16468e-11 3.67827e-11 1.65567e-11 7.44496e-12 3.34386e-12 1.49992e-12 6.71845e-13 3.00467e-13 1.34156e-13 5.97947e-14 2.66027e-14 1.18133e-14 5.23565e-15 2.31585e-15 1.0223e-15 4.50359e-16 1.97994e-16 8.68665e-17 3.80331e-17 1.66182e-17 7.2464e-18 3.15344e-18 1.36956e-18 5.93632e-19 2.56808e-19 1.10883e-19 4.77857e-20 2.05552e-20 8.82572e-21 3.78265e-21 1.61835e-21 6.91188e-22 2.94699e-22 1.25439e-22 5.3306e-23 2.26162e-23 9.58025e-24 4.05193e-24 1.71115e-24 7.21549e-25 3.03816e-25 1.27742e-25 5.36348e-26 2.24886e-26 9.4165e-27 3.93769e-27 1.64448e-27 6.85901e-28 2.85726e-28 1.18878e-28 4.94003e-29 2.05041e-29 8.50047e-30 3.52003e-30 1.45599e-30 6.0157e-31 2.48278e-31 1.02358e-31 4.21544e-32 1.73423e-32 7.12727e-33 2.92614e-33 1.20013e-33 4.91735e-34 2.01278e-34 8.22975e-35 3.35929e-35 1.36497e-35 5.47817e-36 2.33248e-36 9.6929e-37 3.99642e-37 1.64005e-37 6.70446e-38 2.73168e-38 1.10987e-38 4.49868e-39 1.81981e-39 7.34899e-40 2.96345e-40 1.19349e-40 4.80129e-41 1.9296e-41 7.74797e-42 3.1085e-42 1.24618e-42 4.99225e-43 1.99855e-43 7.99551e-44 3.1967e-44 1.27729e-44 5.10053e-45 2.03558e-45 8.11912e-46 3.23658e-46 1.28951e-46 5.13486e-47 2.04363e-47 8.12928e-48 3.23208e-48 1.28439e-48 5.10157e-49 2.02538e-49 8.03737e-50 3.18809e-50 1.26405e-50 5.00977e-51 1.98474e-51 7.86006e-52 3.11167e-52 1.23145e-52 4.87189e-53 1.92686e-53 7.61866e-54 3.01158e-54 1.19016e-54 4.70243e-55 1.8576e-55 7.33673e-56 2.89724e-56 1.14395e-56 4.51622e-57 1.7828e-57 7.0371e-58 2.77753e-58 1.09624e-58 4.32655e-59 1.70755e-59 6.7392e-60 2.65982e-60 1.04982e-60 4.14375e-61 1.63569e-61 6.45711e-62 2.54924e-62 1.00652e-62 3.9744e-63 1.56952e-63 6.19877e-64 2.44845e-64 9.67217e-65 3.82124e-65 1.50984e-65 5.96632e-66 2.3579e-66 9.31942e-67 3.68378e-67 1.45626e-67 5.7573e-68 2.27632e-68 9.00075e-69 3.55919e-69 1.40749e-69 5.56624e-70 2.20137e-70 8.70632e-71 3.44337e-71 1.36187e-71 5.38627e-72 2.13027e-72 8.425e-73 3.3319e-73 1.31764e-73 5.21049e-74 2.06032e-74 8.14631e-75 3.22073e-75 1.27324e-75 5.03295e-76 1.98927e-76 7.86168e-77 3.10661e-77 1.22746e-77 4.84918e-78 1.91545e-78 7.56508e-79 2.98739e-79 1.17952e-79 4.65638e-80 1.83791e-80 7.25316e-81 2.86192e-81 1.12905e-81 4.45343e-82 1.7563e-82 6.92506e-83 2.73004e-83 1.07603e-83 4.23973e-84 1.66897e-84 6.54138e-85 2.50414e-85 8.30759e-86 0. 
-2.543e+06 -988812. -11664.3 -325805. -668467. -726068. -594716. -411851. -253898. -143147. -74897.3 -36617.6 -16731.8 -7088.31 -2720.93 -889.278 -195.074 27.2005 73.0532 63.6983 43.7824 26.9228 15.4889 8.51693 4.53054 2.34915 1.19343 0.596204 0.293697 0.142964 0.068882 0.0328946 0.0155874 0.00733611 0.00343206 0.00159717 0.000739827 0.0003413 0.00015689 7.18971e-05 3.28604e-05 1.49848e-05 6.82037e-06 3.09944e-06 1.40671e-06 6.37805e-07 2.88951e-07 1.30825e-07 5.92039e-08 2.67819e-08 1.21112e-08 5.4752e-09 2.47439e-09 1.11782e-09 5.04757e-10 2.278e-10 1.0274e-10 4.63006e-11 2.08468e-11 9.37652e-12 4.21247e-12 1.89004e-12 8.46823e-13 3.7884e-13 1.69207e-13 7.54466e-14 3.35806e-14 1.49189e-14 6.61546e-15 2.92778e-15 1.29318e-15 5.70044e-16 2.50773e-16 1.10096e-16 4.82367e-17 2.10912e-17 9.20338e-18 4.00792e-18 1.74191e-18 7.55568e-19 3.27095e-19 1.4133e-19 6.09498e-20 2.62359e-20 1.12724e-20 4.8345e-21 2.06972e-21 8.84524e-22 3.77364e-22 1.60723e-22 6.83403e-23 2.90114e-23 1.22961e-23 5.20341e-24 2.19858e-24 9.27563e-25 3.90755e-25 1.64375e-25 6.90484e-26 2.89646e-26 1.21336e-26 5.07609e-27 2.1208e-27 8.84938e-28 3.68788e-28 1.53498e-28 6.38117e-29 2.64959e-29 1.09887e-29 4.55214e-30 1.88361e-30 7.78542e-31 3.21438e-31 1.3257e-31 5.46172e-32 2.24782e-32 9.24155e-33 3.79566e-33 1.55738e-33 6.38372e-34 2.61413e-34 1.06941e-34 4.36975e-35 1.78205e-35 7.23734e-36 2.96416e-36 1.21504e-36 4.9813e-37 2.04082e-37 8.34996e-38 3.41045e-38 1.39028e-38 5.65647e-39 2.29699e-39 9.31081e-40 3.76779e-40 1.52234e-40 6.14218e-41 2.47495e-41 9.96075e-42 4.00443e-42 1.60823e-42 6.45272e-43 2.58676e-43 1.03611e-43 4.14684e-44 1.65845e-44 6.62792e-45 2.647e-45 1.05644e-45 4.21363e-46 1.67958e-46 6.6909e-47 2.66388e-47 1.05998e-47 4.21542e-48 1.67553e-48 6.65631e-49 2.64299e-49 1.04892e-49 4.16082e-50 1.64974e-50 6.53814e-51 2.59003e-51 1.02559e-51 4.05945e-52 1.60617e-52 6.35269e-53 2.51171e-53 9.92743e-54 3.92254e-54 1.54942e-54 6.11856e-55 2.41556e-55 9.53418e-56 3.7623e-56 1.48435e-56 5.85523e-57 2.30931e-57 9.10666e-58 3.59075e-58 1.41569e-58 5.58103e-59 2.20006e-59 8.67234e-60 3.41843e-60 1.34745e-60 5.3113e-61 2.09362e-61 8.253e-62 3.25346e-62 1.28265e-62 5.05707e-63 1.99401e-63 7.8631e-64 3.10101e-64 1.22309e-64 4.8246e-65 1.90333e-65 7.50958e-66 2.96326e-66 1.16943e-66 4.61562e-67 1.82195e-67 7.1927e-68 2.83985e-68 1.12136e-68 4.4283e-69 1.74892e-69 6.90782e-70 2.72864e-70 1.07791e-70 4.25841e-71 1.68242e-71 6.64728e-72 2.62644e-72 1.03778e-72 4.10059e-73 1.62029e-73 6.40235e-74 2.52977e-74 9.99567e-75 3.94939e-75 1.56038e-75 6.16468e-76 2.43537e-76 9.62032e-77 3.79999e-77 1.50085e-77 5.92727e-78 2.34061e-78 9.2418e-79 3.64868e-79 1.44033e-79 5.68506e-80 2.24363e-80 8.85334e-81 3.49303e-81 1.37795e-81 5.435e-82 2.14337e-82 8.45137e-83 3.33184e-83 1.31328e-83 5.1749e-84 2.03728e-84 7.98636e-85 3.05931e-85 1.01806e-85 0. 
-2.543e+06 -1.10189e+06 18434.8 -228374. -602583. -715426. -620278. -449111. -287677. -167929. -90801.9 -45858.6 -21677.4 -9545.25 -3854.14 -1370.13 -377.917 -30.6458 61.9968 67.0416 49.6085 31.6787 18.6404 10.3981 5.58258 2.91133 1.48378 0.742237 0.365599 0.17776 0.0854843 0.0407252 0.0192462 0.00903283 0.00421425 0.00195613 0.000904001 0.000416211 0.000191017 8.74299e-05 3.99268e-05 1.81992e-05 8.28256e-06 3.76469e-06 1.70943e-06 7.75571e-07 3.51648e-07 1.59356e-07 7.21838e-08 3.26849e-08 1.47945e-08 6.6942e-09 3.02778e-09 1.36885e-09 6.18525e-10 2.79313e-10 1.26041e-10 5.6829e-11 2.55986e-11 1.15186e-11 5.17692e-12 2.3237e-12 1.04155e-12 4.66156e-13 2.083e-13 9.29228e-14 4.13806e-14 1.83944e-14 8.16141e-15 3.61424e-15 1.59744e-15 7.04652e-16 3.10214e-16 1.36294e-16 5.9761e-17 2.61508e-17 1.14203e-17 4.97743e-18 2.16505e-18 9.39884e-19 4.07223e-19 1.76097e-19 7.60053e-20 3.2743e-20 1.40795e-20 6.04316e-21 2.58917e-21 1.10736e-21 4.72786e-22 2.01511e-22 8.57446e-23 3.6425e-23 1.54487e-23 6.54182e-24 2.76586e-24 1.16762e-24 4.92181e-25 2.07163e-25 8.70715e-26 3.65451e-26 1.53173e-26 6.41135e-27 2.68003e-27 1.11884e-27 4.66485e-28 1.94252e-28 8.07904e-29 3.35607e-29 1.39247e-29 5.77085e-30 2.38889e-30 9.87792e-31 4.07997e-31 1.68336e-31 6.93801e-32 2.85652e-32 1.17488e-32 4.82732e-33 1.98146e-33 8.12525e-34 3.32863e-34 1.3623e-34 5.56984e-35 2.27449e-35 9.27081e-36 3.78034e-36 1.54222e-36 6.29456e-37 2.56965e-37 1.04884e-37 4.27874e-38 1.74403e-38 7.10109e-39 2.88772e-39 1.17275e-39 4.75613e-40 1.92619e-40 7.79029e-41 3.14653e-41 1.26929e-41 5.114e-42 2.05808e-42 8.27355e-43 3.32256e-43 1.333e-43 5.34297e-44 2.1397e-44 8.56171e-45 3.4231e-45 1.36756e-45 5.4595e-46 2.17797e-46 8.68273e-47 3.45919e-47 1.37726e-47 5.48013e-48 2.17925e-48 8.66106e-49 3.44026e-49 1.36576e-49 5.41912e-50 2.14911e-50 8.51873e-51 3.37505e-51 1.33655e-51 5.29044e-52 2.09321e-52 8.27847e-53 3.27276e-53 1.29334e-53 5.10916e-54 2.0176e-54 7.96486e-55 3.14329e-55 1.24012e-55 4.89127e-56 1.92872e-56 7.6035e-57 2.99684e-57 1.18094e-57 4.65279e-58 1.83287e-58 7.21918e-59 2.8431e-59 1.11958e-59 4.40838e-60 1.73571e-60 6.83369e-61 2.69043e-61 1.05921e-61 4.1701e-62 1.64179e-62 6.46407e-63 2.54516e-63 1.00219e-63 3.94655e-64 1.55425e-64 6.12158e-65 2.4113e-65 9.49915e-66 3.74256e-66 1.4747e-66 5.81155e-67 2.29053e-67 9.02887e-68 3.55948e-68 1.40344e-68 5.53422e-69 2.18259e-69 8.60871e-70 3.39589e-70 1.33973e-70 5.28596e-71 2.0858e-71 8.23114e-72 3.2485e-72 1.28214e-72 5.06078e-73 1.99767e-73 7.88586e-74 3.11308e-74 1.22898e-74 4.85181e-75 1.91544e-75 7.56191e-76 2.98531e-76 1.17852e-76 4.65237e-77 1.83651e-77 7.24922e-78 2.86131e-78 1.1293e-78 4.4568e-79 1.75873e-79 6.93968e-80 2.73802e-80 1.08016e-80 4.26083e-81 1.68054e-81 6.62751e-82 2.61335e-82 1.03035e-82 4.06174e-83 1.60091e-83 6.30815e-84 2.48343e-84 9.73585e-85 3.73034e-85 1.24256e-85 0. 
-2.543e+06 -1.09267e+06 53167.1 -185343. -577052. -715134. -637891. -473440. -310559. -185660. -102887. -53334.2 -25947. -11817.6 -4985.24 -1895.62 -603.515 -117.876 33.6512 61.1925 50.9205 34.3704 20.9145 11.9369 6.51631 3.44097 1.7704 0.891967 0.441679 0.21556 0.103922 0.0495812 0.0234458 0.0110032 0.00513059 0.00237923 0.00109824 0.000504983 0.000231453 0.000105804 4.82631e-05 2.19778e-05 9.9947e-06 4.54047e-06 2.06103e-06 9.34988e-07 4.23961e-07 1.92172e-07 8.70811e-08 3.94493e-08 1.78662e-08 8.08892e-09 3.66091e-09 1.65614e-09 7.48812e-10 3.38358e-10 1.52777e-10 6.89244e-11 3.10648e-11 1.39861e-11 6.28943e-12 2.82465e-12 1.26681e-12 5.67305e-13 2.53652e-13 1.13225e-13 5.0455e-14 2.24436e-14 9.96521e-15 4.41637e-15 1.95351e-15 8.62427e-16 3.79995e-16 1.67099e-16 7.33342e-17 3.21199e-17 1.40403e-17 6.12517e-18 2.66686e-18 1.15886e-18 5.02589e-19 2.1755e-19 9.39886e-20 4.05296e-20 1.74446e-20 7.4947e-21 3.21412e-21 1.37593e-21 5.87989e-22 2.50839e-22 1.06828e-22 4.54209e-23 1.92804e-23 8.17111e-24 3.45751e-24 1.46075e-24 6.16212e-25 2.59562e-25 1.09174e-25 4.5854e-26 1.92322e-26 8.05532e-27 3.3694e-27 1.40751e-27 5.87199e-28 2.44663e-28 1.01815e-28 4.2318e-29 1.75678e-29 7.28448e-30 3.01702e-30 1.24815e-30 5.15788e-31 2.12912e-31 8.77938e-32 3.61633e-32 1.48806e-32 6.1169e-33 2.51191e-33 1.0305e-33 4.22347e-34 1.72931e-34 7.07386e-35 2.89069e-35 1.17985e-35 4.81176e-36 1.96137e-36 7.99268e-37 3.2565e-37 1.32657e-37 5.40241e-38 2.19922e-38 8.94753e-39 3.63771e-39 1.4777e-39 5.99697e-40 2.43124e-40 9.84585e-41 3.98283e-41 1.60931e-41 6.49523e-42 2.61858e-42 1.05454e-42 4.24226e-43 1.70485e-43 6.84449e-44 2.74524e-44 1.10007e-44 4.40424e-45 1.76179e-45 7.04172e-46 2.81229e-46 1.1223e-46 4.4755e-47 1.78346e-47 7.10214e-48 2.82635e-48 1.12404e-48 4.46757e-49 1.77459e-49 7.04482e-50 2.79509e-50 1.10837e-50 4.3928e-51 1.7401e-51 6.88954e-52 2.72645e-52 1.07845e-52 4.26393e-53 1.68512e-53 6.65686e-54 2.62867e-54 1.03761e-54 4.09426e-55 1.61497e-55 6.36812e-56 2.51028e-56 9.89248e-57 3.89735e-57 1.53505e-57 6.04465e-58 2.37972e-58 9.36689e-59 3.68626e-59 1.45047e-59 5.70649e-60 2.2448e-60 8.82958e-61 3.4727e-61 1.36573e-61 5.37087e-62 2.11208e-62 8.30557e-63 3.26611e-63 1.2844e-63 5.05107e-64 1.9865e-64 7.81302e-65 3.07313e-65 1.20887e-65 4.75576e-66 1.87113e-66 7.3627e-67 2.89748e-67 1.1404e-67 4.48902e-68 1.76726e-68 6.9584e-69 2.74016e-69 1.0792e-69 4.25094e-70 1.67466e-70 6.59817e-71 2.60002e-71 1.02466e-71 4.03865e-72 1.59199e-72 6.27608e-73 2.47445e-73 9.75682e-74 3.84745e-74 1.51729e-74 5.984e-75 2.36014e-75 9.30904e-76 3.67187e-76 1.44837e-76 5.71321e-77 2.25364e-77 8.88968e-78 3.50658e-78 1.38316e-78 5.45565e-79 2.15181e-79 8.48674e-80 3.34698e-80 1.31989e-80 5.20465e-81 2.05215e-81 8.09078e-82 3.18955e-82 1.25726e-82 4.95533e-83 1.95281e-83 7.69378e-84 3.02865e-84 1.18727e-84 4.5492e-85 1.51569e-85 0. 
-2.543e+06 -1.07561e+06 75816.9 -164613. -565148. -715011. -647241. -487371. -324657. -197373. -111417. -58959.3 -29368.3 -13758. -6017.59 -2411.83 -845.428 -223.087 -7.81763 47.2614 47.7439 34.7522 22.0732 12.968 7.23251 3.88364 2.02528 1.03169 0.515517 0.25347 0.122935 0.0589332 0.0279715 0.0131633 0.00614963 0.00285526 0.0013188 0.000606484 0.000277909 0.000126976 5.78807e-05 2.63367e-05 1.19672e-05 5.43231e-06 2.46414e-06 1.1172e-06 5.06356e-07 2.2945e-07 1.03957e-07 4.70935e-08 2.13306e-08 9.65962e-09 4.3732e-09 1.97916e-09 8.95289e-10 4.04756e-10 1.82861e-10 8.25457e-11 3.72273e-11 1.67714e-11 7.54698e-12 3.39175e-12 1.52223e-12 6.82181e-13 3.05245e-13 1.36362e-13 6.08139e-14 2.70741e-14 1.20316e-14 5.33694e-15 2.36289e-15 1.04416e-15 4.60521e-16 2.02715e-16 8.90571e-17 3.90478e-17 1.70871e-17 7.46254e-18 3.25276e-18 1.41504e-18 6.14389e-19 2.66245e-19 1.15158e-19 4.97146e-20 2.14222e-20 9.21396e-21 3.95584e-21 1.69533e-21 7.25275e-22 3.0974e-22 1.32054e-22 5.62049e-23 2.38825e-23 1.01317e-23 4.29133e-24 1.81478e-24 7.6628e-25 3.2307e-25 1.36008e-25 5.71747e-26 2.40007e-26 1.00609e-26 4.21172e-27 1.76075e-27 7.35129e-28 3.06528e-28 1.27651e-28 5.30937e-29 2.20562e-29 9.15166e-30 3.7928e-30 1.57007e-30 6.49217e-31 2.6815e-31 1.10635e-31 4.55979e-32 1.87733e-32 7.72122e-33 3.17243e-33 1.30216e-33 5.33961e-34 2.18743e-34 8.95252e-35 3.66049e-35 1.49519e-35 6.10162e-36 2.4879e-36 1.01372e-36 4.12814e-37 1.68028e-37 6.83626e-38 2.78014e-38 1.13009e-38 4.59127e-39 1.86421e-39 7.56423e-40 3.06699e-40 1.24253e-40 5.02952e-41 2.03398e-41 8.21782e-42 3.31699e-42 1.33753e-42 5.3881e-43 2.1684e-43 8.71811e-44 3.50178e-44 1.40523e-44 5.63391e-45 2.25675e-45 9.0319e-46 3.61167e-46 1.44305e-46 5.76116e-47 2.29828e-47 9.16163e-48 3.64945e-48 1.4527e-48 5.77872e-49 2.2972e-49 9.12616e-50 3.62333e-50 1.43769e-50 5.70124e-51 2.25958e-51 8.95047e-52 3.54351e-52 1.40216e-52 5.54553e-53 2.1922e-53 8.66194e-54 3.42101e-54 1.35053e-54 5.32937e-55 2.10219e-55 8.28904e-56 3.26721e-56 1.28736e-56 5.07081e-57 1.99674e-57 7.86025e-58 3.09338e-58 1.21708e-58 4.78741e-59 1.88273e-59 7.40268e-60 2.91012e-60 1.14384e-60 4.49526e-61 1.76641e-61 6.94039e-62 2.72671e-62 1.07118e-62 4.20792e-63 1.65294e-63 6.49292e-64 2.55049e-64 1.00188e-64 3.93567e-65 1.54612e-65 6.07428e-66 2.38659e-66 9.37768e-67 3.68515e-67 1.44831e-67 5.69264e-68 2.23779e-68 8.79795e-69 3.45939e-69 1.36044e-69 5.35077e-70 2.10483e-70 8.28091e-71 3.25838e-71 1.28229e-71 5.04701e-72 1.98673e-72 7.82173e-73 3.0798e-73 1.21282e-73 4.77661e-74 1.88145e-74 7.41156e-75 2.91991e-75 1.15045e-75 4.53314e-76 1.78633e-76 7.03966e-77 2.77437e-77 1.09344e-77 4.30965e-78 1.69863e-78 6.69518e-79 2.63893e-79 1.04014e-79 4.09968e-80 1.61584e-80 6.36845e-81 2.50987e-81 9.89118e-82 3.8978e-82 1.5359e-82 6.05167e-83 2.3842e-83 9.39108e-84 3.69605e-84 1.44868e-84 5.55052e-85 1.8494e-85 0. 
-2.543e+06 -1.06811e+06 84830.1 -154464. -554655. -707960. -645721. -490509. -330184. -203219. -116370. -62612. -31802.1 -15253.6 -6875.34 -2874.06 -1080.06 -335.094 -57.7223 26.8869 40.4563 32.7693 21.967 13.3601 7.64145 4.18513 2.21813 1.14542 0.579034 0.287556 0.140668 0.0679303 0.0324424 0.0153465 0.00720004 0.00335427 0.0015533 0.000715681 0.000328366 0.000150142 6.84616e-05 3.11497e-05 1.41498e-05 6.41986e-06 2.91032e-06 1.31863e-06 5.97265e-07 2.70484e-07 1.22487e-07 5.54658e-08 2.51161e-08 1.13723e-08 5.14856e-09 2.33034e-09 1.05439e-09 4.7685e-10 2.15525e-10 9.73412e-11 4.39258e-11 1.98022e-11 8.91709e-12 4.01054e-12 1.80138e-12 8.07964e-13 3.61845e-13 1.61794e-13 7.22246e-14 3.21856e-14 1.43176e-14 6.3576e-15 2.81781e-15 1.24656e-15 5.50411e-16 2.42563e-16 1.0669e-16 4.68354e-17 2.05201e-17 8.97297e-18 3.91605e-18 1.70576e-18 7.41567e-19 3.21773e-19 1.39355e-19 6.0239e-20 2.5991e-20 1.11935e-20 4.81193e-21 2.06486e-21 8.84487e-22 3.7821e-22 1.61446e-22 6.87991e-23 2.92695e-23 1.24318e-23 5.27175e-24 2.23196e-24 9.43497e-25 3.98227e-25 1.6783e-25 7.06266e-26 2.96783e-26 1.24535e-26 5.21845e-27 2.18372e-27 9.12582e-28 3.80868e-28 1.58752e-28 6.60864e-29 2.74768e-29 1.14102e-29 4.73261e-30 1.96065e-30 8.11333e-31 3.35358e-31 1.38464e-31 5.71076e-32 2.35281e-32 9.68332e-33 3.9812e-33 1.63518e-33 6.70939e-34 2.75027e-34 1.12629e-34 4.60799e-35 1.88347e-35 7.69121e-36 3.13789e-36 1.27913e-36 5.21017e-37 2.12073e-37 8.62667e-38 3.50708e-38 1.42497e-38 5.78664e-39 2.34858e-39 9.52649e-40 3.86184e-40 1.56448e-40 6.33354e-41 2.56213e-41 1.03567e-41 4.18298e-42 1.68806e-42 6.80638e-43 2.74198e-43 1.10364e-43 4.43814e-44 1.78315e-44 7.158e-45 2.87087e-45 1.15043e-45 4.6061e-46 1.84265e-46 7.36543e-47 2.94174e-47 1.174e-47 4.68168e-48 1.86557e-48 7.42854e-49 2.9559e-49 1.17537e-49 4.6706e-50 1.85475e-50 7.36076e-51 2.91939e-51 1.15719e-51 4.58417e-52 1.81499e-52 7.18205e-53 2.84049e-53 1.12283e-53 4.43628e-54 1.75192e-54 6.91526e-55 2.7284e-55 1.07602e-55 4.2418e-56 1.67151e-56 6.58417e-57 2.5926e-57 1.02051e-57 4.01569e-58 1.57967e-58 6.21219e-59 2.44233e-59 9.59957e-60 3.77221e-60 1.48199e-60 5.82113e-61 2.28608e-61 8.97643e-62 3.52415e-62 1.38341e-62 5.43e-63 2.13114e-63 8.36358e-64 3.28209e-64 1.28794e-64 5.05394e-65 1.9832e-65 7.7823e-66 3.05396e-66 1.1985e-66 4.70367e-67 1.84615e-67 7.24661e-68 2.84474e-68 1.11686e-68 4.38531e-69 1.72209e-69 6.76346e-70 2.65669e-70 1.04369e-70 4.10079e-71 1.61149e-71 6.33359e-72 2.48965e-72 9.78797e-73 3.84867e-73 1.51354e-73 5.95301e-74 2.34175e-74 9.21308e-75 3.62514e-75 1.42659e-75 5.61465e-76 2.21001e-76 8.69985e-77 3.42507e-77 1.34854e-77 5.30999e-78 2.09099e-78 8.23447e-79 3.24296e-79 1.27722e-79 5.03038e-80 1.98128e-80 7.80364e-81 3.07362e-81 1.2106e-81 4.76806e-82 1.8779e-82 7.39587e-83 2.91258e-83 1.14681e-83 4.51209e-84 1.76814e-84 6.77405e-85 2.2574e-85 0. 
-2.543e+06 -1.07016e+06 79800.6 -153390. -542136. -690515. -630833. -481320. -326223. -202616. -117346. -64008.1 -33051.6 -16175.2 -7479.23 -3236.92 -1283.25 -441.986 -110.692 2.22014 29.7634 28.5521 20.5396 13.0239 7.66954 4.2959 2.31896 1.21623 0.623156 0.31314 0.154787 0.0754401 0.0363225 0.0173044 0.00816875 0.00382564 0.00177943 0.00082285 0.000378629 0.000173508 7.92427e-05 3.60933e-05 1.64052e-05 7.44472e-06 3.3746e-06 1.5285e-06 6.91998e-07 3.13212e-07 1.41753e-07 6.41546e-08 2.90363e-08 1.31422e-08 5.94817e-09 2.69186e-09 1.21795e-09 5.50885e-10 2.4905e-10 1.12525e-10 5.08021e-11 2.29156e-11 1.03262e-11 4.64784e-12 2.08939e-12 9.37991e-13 4.20483e-13 1.88205e-13 8.4104e-14 3.75211e-14 1.67103e-14 7.42884e-15 3.29663e-15 1.46021e-15 6.45574e-16 2.84874e-16 1.25467e-16 5.51534e-17 2.41978e-17 1.0596e-17 4.63094e-18 2.02004e-18 8.79465e-19 3.82163e-19 1.65751e-19 7.1754e-20 3.10047e-20 1.33723e-20 5.75698e-21 2.47399e-21 1.06128e-21 4.5446e-22 1.94272e-22 8.2905e-23 3.532e-23 1.50225e-23 6.37901e-24 2.70438e-24 1.14472e-24 4.83787e-25 2.04149e-25 8.60185e-26 3.61907e-26 1.52046e-26 6.37878e-27 2.67237e-27 1.11805e-27 4.67137e-28 1.9492e-28 8.12285e-29 3.38073e-29 1.40531e-29 5.83454e-30 2.41948e-30 1.00213e-30 4.14602e-31 1.71335e-31 7.07258e-32 2.91634e-32 1.20125e-32 4.94281e-33 2.03173e-33 8.34294e-34 3.42247e-34 1.40261e-34 5.74266e-35 2.34897e-35 9.59915e-36 3.91911e-36 1.59865e-36 6.51545e-37 2.65328e-37 1.07966e-37 4.39015e-38 1.78393e-38 7.24431e-39 2.93999e-39 1.19243e-39 4.83342e-40 1.95799e-40 7.92675e-41 3.207e-41 1.29661e-41 5.23867e-42 2.11503e-42 8.53278e-43 3.43978e-43 1.38558e-43 5.57676e-44 2.24275e-44 9.01205e-45 3.61833e-45 1.45156e-45 5.81841e-46 2.33033e-46 9.32564e-47 3.72899e-47 1.48991e-47 5.94827e-48 2.37295e-48 9.45932e-49 3.768e-49 1.49986e-49 5.96597e-50 2.37145e-50 9.42007e-51 3.73947e-51 1.4835e-51 5.88157e-52 2.33043e-52 9.22829e-53 3.65222e-53 1.44461e-53 5.71093e-54 2.2565e-54 8.91132e-55 3.5175e-55 1.38777e-55 5.47268e-56 2.1572e-56 8.49947e-57 3.34746e-57 1.31785e-57 5.18623e-58 2.04023e-58 8.0234e-59 3.15424e-59 1.23964e-59 4.87046e-60 1.91304e-60 7.51222e-61 2.94923e-61 1.15759e-61 4.54267e-62 1.78234e-62 6.99194e-63 2.74247e-63 1.07555e-63 4.21769e-64 1.65378e-64 6.48412e-65 2.54215e-65 9.96631e-66 3.90714e-66 1.53173e-66 6.005e-67 2.35426e-67 9.2303e-68 3.61911e-68 1.41912e-68 5.56507e-69 2.18255e-69 8.56058e-70 3.35809e-70 1.31745e-70 5.16934e-71 2.02859e-71 7.96191e-72 3.12539e-72 1.22703e-72 4.8181e-73 1.89218e-73 7.4322e-74 2.91971e-74 1.14718e-74 4.50802e-75 1.77177e-75 6.96449e-76 2.738e-76 1.07656e-76 4.23346e-77 1.66497e-77 6.54891e-78 2.57619e-78 1.01351e-78 3.98767e-79 1.56908e-79 6.17452e-80 2.4299e-80 9.56309e-81 3.7638e-81 1.4814e-81 5.83079e-82 2.29504e-82 9.03349e-83 3.55559e-83 1.39931e-83 5.50325e-84 2.15596e-84 8.26028e-85 2.75423e-85 0. 
-2.543e+06 -1.08218e+06 51614.9 -172649. -534529. -665304. -602738. -458981. -311764. -194689. -113689. -62695.9 -32824.3 -16343.3 -7724.17 -3441.92 -1424.03 -528.223 -159.393 -23.5279 16.9318 22.5181 17.8753 11.9345 7.27066 4.1768 2.30097 1.22764 0.638423 0.32506 0.162581 0.0800821 0.038927 0.018705 0.00889784 0.00419554 0.00196318 0.000912525 0.000421743 0.000193974 8.88529e-05 4.05644e-05 1.84692e-05 8.39139e-06 3.80651e-06 1.72472e-06 7.80862e-07 3.53362e-07 1.59866e-07 7.23191e-08 3.27154e-08 1.48003e-08 6.69583e-09 3.02923e-09 1.3703e-09 6.19744e-10 2.80197e-10 1.26622e-10 5.71861e-11 2.58074e-11 1.16362e-11 5.24121e-12 2.35806e-12 1.05957e-12 4.75459e-13 2.13041e-13 9.53114e-14 4.25723e-14 1.89838e-14 8.4506e-15 3.75512e-15 1.66561e-15 7.37436e-16 3.25886e-16 1.43744e-16 6.32832e-17 2.78074e-17 1.21956e-17 5.33845e-18 2.33237e-18 1.01708e-18 4.42677e-19 1.9231e-19 8.33874e-20 3.60905e-20 1.55914e-20 6.72332e-21 2.894e-21 1.24347e-21 5.33345e-22 2.28362e-22 9.76092e-23 4.16506e-23 1.7743e-23 7.54598e-24 3.20406e-24 1.35829e-24 5.7491e-25 2.42961e-25 1.02521e-25 4.31959e-26 1.81733e-26 7.63482e-27 3.20293e-27 1.34182e-27 5.61365e-28 2.34539e-28 9.78619e-29 4.07803e-29 1.69722e-29 7.05477e-30 2.92886e-30 1.21449e-30 5.0301e-31 2.08094e-31 8.59905e-32 3.54942e-32 1.4635e-32 6.02781e-33 2.48011e-33 1.01937e-33 4.18557e-34 1.71689e-34 7.03567e-35 2.88037e-35 1.17809e-35 4.81398e-36 1.9653e-36 8.01615e-37 3.26682e-37 1.33021e-37 5.41211e-38 2.20029e-38 8.93875e-39 3.62884e-39 1.4722e-39 5.96872e-40 2.41835e-40 9.79221e-41 3.9625e-41 1.60244e-41 6.47609e-42 2.61553e-42 1.05564e-42 4.25766e-43 1.71602e-43 6.91131e-44 2.78151e-44 1.1186e-44 4.49513e-45 1.805e-45 7.24229e-46 2.90361e-46 1.16322e-46 4.6564e-47 1.86253e-47 7.44424e-48 2.97309e-48 1.1865e-48 4.73154e-49 1.88547e-49 7.50798e-50 2.98756e-50 1.18798e-50 4.72065e-51 1.87458e-51 7.43913e-52 2.95026e-52 1.1693e-52 4.63155e-53 1.83344e-53 7.25361e-54 2.86811e-54 1.13344e-54 4.47678e-55 1.76729e-55 6.97318e-56 2.75005e-56 1.08404e-56 4.2712e-57 1.68214e-57 6.62202e-58 2.6058e-58 1.02499e-58 4.03027e-59 1.58414e-59 6.22448e-60 2.44496e-60 9.60077e-61 3.7689e-61 1.47912e-61 5.80341e-62 2.27646e-62 8.92774e-63 3.50055e-63 1.37231e-63 5.37893e-64 2.10803e-64 8.26047e-65 3.23657e-65 1.26802e-65 4.96746e-66 1.9459e-66 7.62236e-67 2.98573e-67 1.16953e-67 4.58115e-68 1.79453e-68 7.02985e-69 2.75401e-69 1.07899e-69 4.22769e-70 1.65665e-70 6.49239e-71 2.54465e-71 9.97486e-72 3.91059e-72 1.53334e-72 6.01312e-73 2.35845e-73 9.25167e-74 3.6298e-74 1.42434e-74 5.59007e-75 2.19427e-75 8.61455e-76 3.38255e-76 1.32838e-76 5.21759e-77 2.04965e-77 8.05291e-78 3.16436e-78 1.24359e-78 4.88788e-79 1.92139e-79 7.55369e-80 2.96993e-80 1.16782e-80 4.59239e-81 1.80608e-81 7.10334e-82 2.79392e-82 1.09897e-82 4.32279e-83 1.70025e-83 6.68353e-84 2.6177e-84 1.00331e-84 3.35059e-85 0. 
-2.543e+06 -1.10359e+06 -21574.9 -239965. -552885. -644887. -567656. -425937. -287357. -179210. -104959. -58264.1 -30810.9 -15550.8 -7482.37 -3414.91 -1461.62 -572.493 -193.227 -45.3627 4.1712 15.5673 14.2964 10.1803 6.44991 3.81061 2.14598 1.16616 0.616164 0.318181 0.161174 0.0803107 0.0394517 0.0191406 0.00918546 0.00436588 0.00205765 0.000962618 0.000447436 0.000206815 9.51382e-05 4.35889e-05 1.99041e-05 9.06412e-06 4.11881e-06 1.86853e-06 8.46638e-07 3.83289e-07 1.73427e-07 7.84458e-08 3.54778e-08 1.60444e-08 7.25593e-09 3.28143e-09 1.48394e-09 6.70995e-10 3.03338e-10 1.37085e-10 6.19221e-11 2.79536e-11 1.26097e-11 5.68311e-12 2.55874e-12 1.15073e-12 5.16861e-13 2.3184e-13 1.03842e-13 4.64403e-14 2.07359e-14 9.24335e-15 4.11332e-15 1.82722e-15 8.10239e-16 3.58626e-16 1.58442e-16 6.98695e-17 3.07532e-17 1.35106e-17 5.92433e-18 2.59288e-18 1.13268e-18 4.93869e-19 2.14933e-19 9.33652e-20 4.0482e-20 1.75203e-20 7.5688e-21 3.26384e-21 1.40492e-21 6.03683e-22 2.58944e-22 1.10879e-22 4.73974e-23 2.02268e-23 8.61743e-24 3.66537e-24 1.55653e-24 6.5994e-25 2.79366e-25 1.18079e-25 4.98328e-26 2.09995e-26 8.83623e-27 3.71278e-27 1.55782e-27 6.52725e-28 2.73118e-28 1.14126e-28 4.76267e-29 1.98496e-29 8.26233e-30 3.43487e-30 1.42622e-30 5.91482e-31 2.45009e-31 1.01373e-31 4.18953e-32 1.72952e-32 7.13196e-33 2.93782e-33 1.20888e-33 4.96923e-34 2.04058e-34 8.37109e-35 3.43071e-35 1.40464e-35 5.74556e-36 2.34798e-36 9.58641e-37 3.91046e-37 1.59374e-37 6.48992e-38 2.6406e-38 1.07354e-38 4.36118e-39 1.77038e-39 7.18159e-40 2.91121e-40 1.17933e-40 4.77433e-41 1.93156e-41 7.8095e-42 3.15545e-42 1.27415e-42 5.14156e-43 2.07341e-43 8.35578e-44 3.36507e-44 1.35426e-44 5.44636e-45 2.18878e-45 8.78996e-46 3.52741e-46 1.41451e-46 5.66809e-47 2.26958e-47 9.08095e-48 3.63075e-48 1.45057e-48 5.79112e-49 2.3103e-49 9.21e-50 3.66893e-50 1.46053e-50 5.81006e-51 2.30967e-51 9.17541e-52 3.6426e-52 1.44516e-52 5.72979e-53 2.27034e-53 8.99033e-54 3.55795e-54 1.40725e-54 5.56278e-55 2.19771e-55 8.67789e-56 3.42474e-56 1.35089e-56 5.32591e-57 2.09874e-57 8.26648e-58 3.25451e-58 1.28074e-58 5.03796e-59 1.98094e-59 7.7861e-60 3.0592e-60 1.20155e-60 4.71765e-61 1.85171e-61 7.26584e-62 2.8502e-62 1.11776e-62 4.3824e-63 1.7178e-63 6.73197e-64 2.6377e-64 1.03331e-64 4.0473e-65 1.58503e-65 6.20665e-66 2.43013e-66 9.51404e-67 3.72451e-67 1.45797e-67 5.70709e-68 2.23394e-68 8.74435e-69 3.42286e-69 1.33987e-69 5.24513e-70 2.05341e-70 8.0394e-71 3.14782e-71 1.23264e-71 4.82738e-72 1.89076e-72 7.40655e-73 2.90171e-73 1.13699e-73 4.45574e-74 1.74643e-74 6.84625e-75 2.68425e-75 1.05261e-75 4.12838e-76 1.61945e-76 6.35367e-77 2.49318e-77 9.78484e-78 3.8408e-78 1.50785e-78 5.92051e-79 2.325e-79 9.1316e-80 3.58697e-80 1.40917e-80 5.5367e-81 2.17563e-81 8.54997e-82 3.36034e-82 1.3208e-82 5.19181e-83 2.04077e-83 8.01795e-84 3.1399e-84 1.20467e-84 4.03779e-85 0. 
-2.543e+06 -1.11119e+06 -168288. -393283. -628850. -651194. -538951. -389452. -256488. -157589. -91556.5 -50697.5 -26870.3 -13652.5 -6642.7 -3082.05 -1351.21 -549.357 -198.555 -56.3399 -5.15907 9.23793 10.4626 8.02026 5.29533 3.21866 1.85292 1.02547 0.550484 0.288316 0.147937 0.0745919 0.0370454 0.0181564 0.00879547 0.00421705 0.0020035 0.000944189 0.000441804 0.000205438 9.50094e-05 4.37331e-05 2.00501e-05 9.1615e-06 4.17463e-06 1.89803e-06 8.61461e-07 3.90477e-07 1.76824e-07 8.00206e-08 3.61975e-08 1.63699e-08 7.40207e-09 3.34678e-09 1.51312e-09 6.84035e-10 3.09182e-10 1.39715e-10 6.31123e-11 2.84956e-11 1.2858e-11 5.79761e-12 2.61182e-12 1.17545e-12 5.28416e-13 2.37254e-13 1.06383e-13 4.76339e-14 2.12964e-14 9.50632e-15 4.23652e-15 1.88483e-15 8.37115e-16 3.71134e-16 1.64246e-16 7.25554e-17 3.19923e-17 1.40805e-17 6.18562e-18 2.71231e-18 1.18709e-18 5.18586e-19 2.26126e-19 9.84182e-20 4.27563e-20 1.85409e-20 8.02547e-21 3.46759e-21 1.49557e-21 6.439e-22 2.76738e-22 1.18731e-22 5.08531e-23 2.17437e-23 9.28165e-24 3.95548e-24 1.68293e-24 7.14886e-25 3.03194e-25 1.28389e-25 5.42834e-26 2.29166e-26 9.66027e-27 4.06624e-27 1.70911e-27 7.17356e-28 3.00673e-28 1.25852e-28 5.26071e-29 2.19611e-29 9.1559e-30 3.81237e-30 1.58542e-30 6.5851e-31 2.73184e-31 1.13197e-31 4.68499e-32 1.93681e-32 7.99794e-33 3.29907e-33 1.35936e-33 5.59522e-34 2.30063e-34 9.45e-35 3.87775e-35 1.58964e-35 6.5102e-36 2.66364e-36 1.0888e-36 4.44653e-37 1.81427e-37 7.39603e-38 3.01245e-38 1.22596e-38 4.98519e-39 2.02555e-39 8.22376e-40 3.33639e-40 1.35261e-40 5.47978e-41 2.2185e-41 8.97565e-42 3.62901e-42 1.46632e-42 5.92091e-43 2.3893e-43 9.63544e-44 3.88321e-44 1.56396e-44 6.29469e-45 2.53182e-45 1.01764e-45 4.08754e-46 1.64069e-46 6.58094e-47 2.6378e-47 1.05655e-47 4.22887e-48 1.69141e-48 6.76024e-49 2.7e-49 1.07759e-49 4.29771e-50 1.71282e-50 6.82152e-51 2.71487e-51 1.07974e-51 4.29135e-52 1.70442e-52 6.76511e-53 2.68343e-53 1.06373e-53 4.21403e-54 1.6684e-54 6.60146e-55 2.61051e-55 1.03172e-55 4.07526e-56 1.60884e-56 6.34799e-57 2.50343e-57 9.86773e-58 3.88764e-58 1.53091e-58 6.02578e-59 2.37074e-59 9.3233e-60 3.66502e-60 1.44016e-60 5.6569e-61 2.22121e-61 8.71864e-62 3.42109e-62 1.34197e-62 5.26253e-63 2.06311e-63 8.08608e-64 3.16845e-64 1.24124e-64 4.86156e-65 1.90376e-65 7.45371e-66 2.91787e-66 1.14209e-66 4.46974e-67 1.74912e-67 6.8442e-68 2.67791e-68 1.04773e-68 4.09908e-69 1.60368e-69 6.27409e-70 2.45466e-70 9.60384e-71 3.75768e-71 1.47035e-71 5.75378e-72 2.25177e-72 8.81329e-73 3.44985e-73 1.35056e-73 5.2879e-74 2.07068e-74 8.1097e-75 3.1766e-75 1.24448e-75 4.87623e-76 1.91096e-76 7.49016e-77 2.93632e-77 1.1513e-77 4.5149e-78 1.77084e-78 6.94676e-79 2.72556e-79 1.06954e-79 4.19763e-80 1.6477e-80 6.46861e-81 2.53983e-81 9.97363e-82 3.91701e-82 1.53853e-82 6.04363e-83 2.37414e-83 9.32338e-84 3.65141e-84 1.40383e-84 4.74115e-85 0. 
-2.543e+06 -979097. -382906. -640662. -774223. -696958. -527431. -357195. -223886. -132397. -74706.8 -40483.7 -21136.8 -10640.1 -5155.67 -2393.9 -1055.71 -434.603 -160.908 -48.374 -6.78634 5.67504 7.39787 5.91707 4.00276 2.47676 1.4471 0.811461 0.440893 0.233546 0.121126 0.0617003 0.0309432 0.0153074 0.00748135 0.00361729 0.00173227 0.000822484 0.000387545 0.000181372 8.43759e-05 3.90466e-05 1.79873e-05 8.25362e-06 3.77467e-06 1.72151e-06 7.83348e-07 3.55804e-07 1.61381e-07 7.3119e-08 3.31029e-08 1.49783e-08 6.77474e-09 3.06344e-09 1.38498e-09 6.2604e-10 2.82932e-10 1.27839e-10 5.77442e-11 2.60724e-11 1.17661e-11 5.30651e-12 2.39145e-12 1.0768e-12 4.84375e-13 2.17646e-13 9.76774e-14 4.37797e-14 1.95951e-14 8.7576e-15 3.908e-15 1.74113e-15 7.74445e-16 3.43886e-16 1.52436e-16 6.74522e-17 2.97941e-17 1.31365e-17 5.78154e-18 2.53987e-18 1.11375e-18 4.87487e-19 2.12983e-19 9.28819e-20 4.04321e-20 1.75684e-20 7.62001e-21 3.29913e-21 1.42584e-21 6.15139e-22 2.64921e-22 1.13896e-22 4.88825e-23 2.09441e-23 8.95866e-24 3.82564e-24 1.631e-24 6.94228e-25 2.95025e-25 1.25179e-25 5.30315e-26 2.24322e-26 9.47453e-27 3.99576e-27 1.68271e-27 7.07612e-28 2.97145e-28 1.24606e-28 5.21814e-29 2.18228e-29 9.11449e-30 3.80181e-30 1.58378e-30 6.58957e-31 2.73832e-31 1.13654e-31 4.71165e-32 1.95098e-32 8.06931e-33 3.33374e-33 1.37577e-33 5.67139e-34 2.33545e-34 9.60719e-35 3.94799e-35 1.62075e-35 6.647e-36 2.72339e-36 1.11475e-36 4.55867e-37 1.86249e-37 7.6025e-38 3.1005e-38 1.26337e-38 5.1435e-39 2.09232e-39 8.50448e-40 3.45405e-40 1.40178e-40 5.68471e-41 2.3037e-41 9.32914e-42 3.77537e-42 1.52682e-42 6.17062e-43 2.49223e-43 1.00593e-43 4.05758e-44 1.63564e-44 6.58913e-45 2.6527e-45 1.06724e-45 4.29095e-46 1.72407e-46 6.92252e-47 2.77766e-47 1.11377e-47 4.46289e-48 1.78704e-48 7.15068e-49 2.85929e-49 1.14252e-49 4.56211e-50 1.82038e-50 7.25868e-51 2.89235e-51 1.15171e-51 4.58289e-52 1.82239e-52 7.24189e-53 2.87591e-53 1.14134e-53 4.52665e-54 1.79417e-54 7.10689e-55 2.8134e-55 1.11307e-55 4.4011e-56 1.7392e-56 6.86904e-57 2.71147e-57 1.06975e-57 4.21826e-58 1.66252e-58 6.54915e-59 2.57868e-59 1.01487e-59 3.99235e-60 1.56985e-60 6.17034e-61 2.4243e-61 9.52127e-62 3.73804e-62 1.46703e-62 5.7556e-63 2.25736e-63 8.85078e-64 3.46926e-64 1.35949e-64 5.32606e-65 2.0861e-65 8.16901e-66 3.19829e-66 1.25195e-66 4.8999e-67 1.91745e-67 7.50248e-68 2.9352e-68 1.14824e-68 4.49153e-69 1.75684e-69 6.87149e-70 2.68757e-70 1.05116e-70 4.11128e-71 1.60805e-71 6.2898e-72 2.46036e-72 9.62473e-73 3.76542e-73 1.47326e-73 5.76487e-74 2.25606e-74 8.83006e-75 3.45649e-75 1.35322e-75 5.29865e-76 2.07505e-76 8.12757e-77 3.18393e-77 1.24749e-77 4.88862e-78 1.91605e-78 7.51107e-79 2.94489e-79 1.15481e-79 4.5292e-80 1.77665e-80 6.97032e-81 2.73507e-81 1.07337e-81 4.21298e-82 1.65382e-82 6.49295e-83 2.54936e-83 1.0008e-83 3.92101e-84 1.51288e-84 5.1839e-85 0. 
-2.543e+06 -210874. -450915. -863392. -924524. -752198. -522401. -327270. -190649. -105169. -55555.3 -28289.5 -13930.8 -6635.37 -3047.82 -1340.3 -556.175 -211.33 -68.1915 -13.7777 3.79701 7.36206 6.39944 4.51604 2.87784 1.72223 0.986409 0.546524 0.29489 0.15566 0.0806451 0.041108 0.0206567 0.0102486 0.00502704 0.00244059 0.00117395 0.000559969 0.000265093 0.000124647 5.82532e-05 2.70773e-05 1.25259e-05 5.7702e-06 2.64844e-06 1.2118e-06 5.53003e-07 2.51807e-07 1.14453e-07 5.19463e-08 2.35498e-08 1.06668e-08 4.82817e-09 2.18426e-09 9.87744e-10 4.46513e-10 2.01783e-10 9.11577e-11 4.11665e-11 1.85829e-11 8.38423e-12 3.78057e-12 1.70354e-12 7.67008e-13 3.45031e-13 1.55053e-13 6.96021e-14 3.12065e-14 1.39737e-14 6.24863e-15 2.7902e-15 1.24404e-15 5.53808e-16 2.46143e-16 1.0922e-16 4.83821e-17 2.13957e-17 9.44529e-18 4.1624e-18 1.83107e-18 8.04073e-19 3.52461e-19 1.54224e-19 6.73623e-20 2.93702e-20 1.27827e-20 5.55356e-21 2.40853e-21 1.04273e-21 4.50645e-22 1.94422e-22 8.37361e-23 3.60032e-23 1.54539e-23 6.62232e-24 2.83313e-24 1.21008e-24 5.16017e-25 2.19695e-25 9.33891e-26 3.96367e-26 1.67971e-26 7.10751e-27 3.00299e-27 1.26693e-27 5.33737e-28 2.24535e-28 9.43262e-29 3.95715e-29 1.65785e-29 6.9363e-30 2.89829e-30 1.20947e-30 5.0408e-31 2.09827e-31 8.72352e-32 3.62242e-32 1.50242e-32 6.22417e-33 2.57557e-33 1.06458e-33 4.39546e-34 1.81284e-34 7.46884e-35 3.07391e-35 1.26381e-35 5.19082e-36 2.12989e-36 8.73082e-37 3.57549e-37 1.46287e-37 5.97963e-38 2.44201e-38 9.964e-39 4.062e-39 1.65454e-39 6.73365e-40 2.73825e-40 1.11263e-40 4.51747e-41 1.8328e-41 7.43048e-42 3.01031e-42 1.21872e-42 4.93064e-43 1.99348e-43 8.05446e-44 3.25221e-44 1.31232e-44 5.29205e-45 2.1327e-45 8.58924e-46 3.45701e-46 1.39048e-46 5.58912e-47 2.2451e-47 9.0124e-48 3.61538e-48 1.44935e-48 5.80625e-49 2.32446e-49 9.29928e-50 3.71773e-50 1.48527e-50 5.9297e-51 2.3657e-51 9.43169e-52 3.75769e-52 1.49609e-52 5.95252e-53 2.36676e-53 9.40415e-54 3.73423e-54 1.48184e-54 5.87663e-55 2.32907e-55 9.22505e-56 3.65169e-56 1.44464e-56 5.71184e-57 2.25707e-57 8.91398e-58 3.51855e-58 1.38811e-58 5.47347e-59 2.15716e-59 8.49749e-60 3.34575e-60 1.31673e-60 5.17972e-61 2.03671e-61 8.00522e-62 3.14517e-62 1.23523e-62 4.84944e-63 1.90319e-63 7.4667e-64 2.92844e-64 1.14818e-64 4.50053e-65 1.76359e-65 6.90915e-66 2.70613e-66 1.05969e-66 4.1488e-67 1.62401e-67 6.35596e-68 2.4872e-68 9.73162e-69 3.80725e-69 1.48935e-69 5.8257e-70 2.27863e-70 8.91215e-71 3.48561e-71 1.36324e-71 5.33171e-72 2.08531e-72 8.15627e-73 3.19032e-73 1.24797e-73 4.8821e-74 1.91007e-74 7.47368e-75 2.92461e-75 1.1446e-75 4.48019e-76 1.75388e-76 6.86695e-77 2.68902e-77 1.05316e-77 4.12535e-78 1.61622e-78 6.33301e-79 2.48195e-79 9.72857e-80 3.81397e-80 1.49547e-80 5.86473e-81 2.30032e-81 9.02396e-82 3.54056e-82 1.38935e-82 5.45267e-83 2.14022e-83 8.40037e-84 3.29337e-84 1.27742e-84 4.49081e-85 0. 
-2.543e+06 -236259. -43515.6 -593554. -835343. -757131. -552506. -351920. -203316. -108739. -54413.3 -25573.5 -11255.7 -4581.02 -1668.2 -494.083 -71.9835 50.0509 65.6892 51.3896 33.8635 20.4009 11.6136 6.35296 3.37242 1.7482 0.888776 0.44452 0.219232 0.106812 0.0514847 0.0245816 0.0116378 0.00546833 0.00255224 0.00118413 0.000546494 0.000251055 0.000114872 5.23816e-05 2.38176e-05 1.08043e-05 4.89196e-06 2.21177e-06 9.98933e-07 4.50832e-07 2.03373e-07 9.17205e-08 4.13619e-08 1.86526e-08 8.41199e-09 3.79384e-09 1.71103e-09 7.71608e-10 3.47896e-10 1.56804e-10 7.06406e-11 3.18036e-11 1.43073e-11 6.43024e-12 2.88687e-12 1.29449e-12 5.7968e-13 2.59208e-13 1.15728e-13 5.15844e-14 2.29542e-14 1.01963e-14 4.52102e-15 2.00092e-15 8.83914e-16 3.89733e-16 1.71512e-16 7.53338e-17 3.30255e-17 1.44503e-17 6.3106e-18 2.75065e-18 1.19668e-18 5.19636e-19 2.25221e-19 9.74342e-20 4.20741e-20 1.81354e-20 7.80289e-21 3.35126e-21 1.43679e-21 6.14919e-22 2.6272e-22 1.12054e-22 4.77118e-23 2.02816e-23 8.6072e-24 3.64683e-24 1.54267e-24 6.5154e-25 2.74745e-25 1.15678e-25 4.86305e-26 2.04134e-26 8.5562e-27 3.58107e-27 1.49665e-27 6.24619e-28 2.60318e-28 1.08342e-28 4.50302e-29 1.8691e-29 7.7481e-30 3.20773e-30 1.32633e-30 5.47725e-31 2.25914e-31 9.3068e-32 3.82951e-32 1.57392e-32 6.46136e-33 2.64958e-33 1.0853e-33 4.44073e-34 1.81507e-34 7.41101e-35 3.02283e-35 1.23171e-35 5.01386e-36 2.03896e-36 8.28379e-37 3.36232e-37 1.36347e-37 5.52405e-38 2.23604e-38 9.04317e-39 3.65415e-39 1.47531e-39 5.95137e-40 2.39882e-40 9.66115e-41 3.88794e-41 1.56343e-41 6.28217e-42 2.52245e-42 1.01211e-42 4.05812e-43 1.62602e-43 6.51087e-44 2.60536e-44 1.04188e-44 4.16386e-45 1.66305e-45 6.63819e-46 2.64809e-46 1.05574e-46 4.20653e-47 1.67507e-47 6.66634e-48 2.65146e-48 1.05397e-48 4.18707e-49 1.6624e-49 6.59632e-50 2.61581e-50 1.03669e-50 4.10607e-51 1.62533e-51 6.42966e-52 2.54196e-52 1.00435e-52 3.96579e-53 1.56498e-53 6.17194e-54 2.43258e-54 9.58183e-55 3.77195e-55 1.48395e-55 5.83464e-56 2.29272e-56 9.00392e-57 3.53395e-57 1.38624e-57 5.43465e-58 2.12942e-58 8.33897e-59 3.26384e-59 1.27678e-59 4.99199e-60 1.95079e-60 7.6196e-61 2.97468e-61 1.16076e-61 4.52731e-62 1.76499e-62 6.87787e-63 2.67904e-63 1.0431e-63 4.05972e-64 1.57942e-64 6.14242e-65 2.38795e-65 9.28027e-66 3.6054e-66 1.40026e-66 5.43672e-67 2.11029e-67 8.18899e-68 3.17695e-68 1.23223e-68 4.77833e-69 1.85257e-69 7.18117e-70 2.7832e-70 1.07852e-70 4.17888e-71 1.61898e-71 6.27167e-72 2.42936e-72 9.4097e-73 3.64454e-73 1.41156e-73 5.46709e-74 2.11747e-74 8.20148e-75 3.17678e-75 1.23057e-75 4.7672e-76 1.84697e-76 7.1565e-77 2.77329e-77 1.07485e-77 4.16644e-78 1.61529e-78 6.26338e-79 2.4291e-79 9.42241e-80 3.65565e-80 1.41858e-80 5.50597e-81 2.1375e-81 8.29993e-82 3.22357e-82 1.25226e-82 4.86577e-83 1.89106e-83 7.35109e-84 2.85815e-84 1.11136e-84 4.31918e-85 1.67197e-85 6.3206e-86 2.06185e-86 0. 
-2.543e+06 -989433. -12862.6 -327392. -670088. -727358. -595512. -412211. -253975. -143086. -74795.2 -36522. -16659.3 -7039.69 -2690.97 -872.039 -185.736 31.9668 75.3331 64.7035 44.1745 27.0423 15.5003 8.49405 4.50298 2.32665 1.17761 0.58599 0.287461 0.139311 0.0668099 0.0317503 0.0149696 0.00700896 0.0032618 0.00150991 0.000695712 0.000319274 0.000146015 6.65823e-05 3.02866e-05 1.37488e-05 6.23112e-06 2.8204e-06 1.27535e-06 5.76282e-07 2.60266e-07 1.17504e-07 5.30375e-08 2.39357e-08 1.08007e-08 4.87298e-09 2.19814e-09 9.91295e-10 4.46884e-10 2.01363e-10 9.06792e-11 4.08054e-11 1.83465e-11 8.2406e-12 3.69724e-12 1.65676e-12 7.41408e-13 3.31305e-13 1.4782e-13 6.58477e-14 2.92834e-14 1.30002e-14 5.76118e-15 2.54851e-15 1.12529e-15 4.95947e-16 2.1817e-16 9.57941e-17 4.19824e-17 1.83645e-17 8.01823e-18 3.49436e-18 1.52003e-18 6.59991e-19 2.86042e-19 1.23747e-19 5.34396e-20 2.30366e-20 9.91314e-21 4.25842e-21 1.82616e-21 7.81789e-22 3.34126e-22 1.42564e-22 6.07286e-23 2.58269e-23 1.09662e-23 4.64887e-24 1.96771e-24 8.31572e-25 3.50894e-25 1.47842e-25 6.2197e-26 2.61278e-26 1.09599e-26 4.59077e-27 1.92022e-27 8.02067e-28 3.34558e-28 1.39362e-28 5.79741e-29 2.40853e-29 9.9932e-30 4.14096e-30 1.71375e-30 7.08364e-31 2.92437e-31 1.20583e-31 4.96617e-32 2.04292e-32 8.39422e-33 3.44524e-33 1.41245e-33 5.78433e-34 2.36627e-34 9.66971e-35 3.94738e-35 1.60974e-35 6.55785e-36 2.66891e-36 1.08513e-36 4.40772e-37 1.78869e-37 7.25194e-38 2.9375e-38 1.18881e-38 4.80689e-39 1.94196e-39 7.83878e-40 3.1615e-40 1.27404e-40 5.13008e-41 2.06406e-41 8.2982e-42 3.33363e-42 1.33822e-42 5.36814e-43 2.15184e-43 8.61978e-44 3.45053e-44 1.38034e-44 5.51829e-45 2.20467e-45 8.80262e-46 3.51246e-46 1.40071e-46 5.58241e-47 2.22351e-47 8.85119e-48 3.52137e-48 1.40013e-48 5.56385e-49 2.20969e-49 8.77076e-50 3.47931e-50 1.37942e-50 5.46576e-51 2.16447e-51 8.56645e-52 3.38841e-52 1.33948e-52 5.29204e-53 2.08956e-53 8.24574e-54 3.25199e-54 1.28178e-54 5.04921e-55 1.98783e-55 7.82131e-56 3.07559e-56 1.20872e-56 4.74758e-57 1.86369e-57 7.31184e-58 2.86707e-58 1.12359e-58 4.4009e-59 1.72282e-59 6.74071e-60 2.636e-60 1.03029e-60 4.02488e-61 1.57156e-61 6.13332e-62 2.39251e-62 9.32842e-63 3.6355e-63 1.4162e-63 5.51442e-64 2.1463e-64 8.3503e-65 3.24744e-65 1.26245e-65 4.90597e-66 1.90582e-66 7.40095e-67 2.8731e-67 1.11501e-67 4.32588e-68 1.67783e-68 6.50584e-69 2.52202e-69 9.77445e-70 3.78739e-70 1.46723e-70 5.68297e-71 2.20079e-71 8.52148e-72 3.29908e-72 1.27708e-72 4.94313e-73 1.91315e-73 7.404e-74 2.86526e-74 1.10879e-74 4.29068e-75 1.66038e-75 6.42534e-76 2.48657e-76 9.62344e-77 3.72468e-77 1.44173e-77 5.58115e-78 2.16079e-78 8.36673e-79 3.24011e-79 1.25496e-79 4.86152e-80 1.8836e-80 7.29938e-81 2.82922e-81 1.09682e-81 4.25296e-82 1.64946e-82 6.39861e-83 2.48271e-83 9.63524e-84 3.74012e-84 1.45193e-84 5.63331e-85 2.17678e-85 8.2153e-86 2.68524e-86 0. 
-2.543e+06 -1.10298e+06 16192.1 -231583. -606132. -718501. -622412. -450312. -288203. -168069. -90767.5 -45770.9 -21592.2 -9480.63 -3811.08 -1343.79 -362.793 -22.4097 66.2766 69.1674 50.6156 32.1305 18.8292 10.4689 5.60405 2.91425 1.48103 0.738678 0.362717 0.175779 0.0842374 0.0399832 0.0188223 0.00879804 0.00408744 0.00188906 0.000869162 0.000398392 0.000182028 8.29496e-05 3.77178e-05 1.71205e-05 7.76037e-06 3.51382e-06 1.58972e-06 7.18789e-07 3.24856e-07 1.46772e-07 6.62961e-08 2.99395e-08 1.35181e-08 6.10215e-09 2.75375e-09 1.24224e-09 5.60127e-10 2.52416e-10 1.1367e-10 5.11472e-11 2.29928e-11 1.03254e-11 4.63141e-12 2.07475e-12 9.28164e-13 4.14619e-13 1.84929e-13 8.23495e-14 3.66094e-14 1.62472e-14 7.1978e-15 3.18304e-15 1.40506e-15 6.19088e-16 2.72274e-16 1.19524e-16 5.23719e-17 2.29054e-17 9.99942e-18 4.35727e-18 1.89523e-18 8.22854e-19 3.56619e-19 1.54281e-19 6.66281e-20 2.8724e-20 1.23619e-20 5.31111e-21 2.278e-21 9.75437e-22 4.16995e-22 1.77974e-22 7.58375e-23 3.22643e-23 1.3705e-23 5.81252e-24 2.46141e-24 1.04075e-24 4.394e-25 1.85239e-25 7.79776e-26 3.27779e-26 1.37586e-26 5.7671e-27 2.41399e-27 1.00906e-27 4.21224e-28 1.75601e-28 7.31081e-29 3.03976e-29 1.26227e-29 5.23498e-30 2.16837e-30 8.97049e-31 3.70654e-31 1.52968e-31 6.30545e-32 2.59612e-32 1.06766e-32 4.38583e-33 1.79963e-33 7.37627e-34 3.02009e-34 1.2352e-34 5.04655e-35 2.05966e-35 8.39744e-36 3.42023e-36 1.39167e-36 5.6571e-37 2.29739e-37 9.32112e-38 3.77832e-38 1.53016e-38 6.19133e-39 2.50294e-39 1.01098e-39 4.08006e-40 1.64524e-40 6.62878e-41 2.66863e-41 1.0735e-41 4.31495e-42 1.73309e-42 6.95568e-43 2.7896e-43 1.11797e-43 4.47729e-44 1.79184e-44 7.16624e-45 2.86415e-45 1.14398e-45 4.56628e-46 1.82153e-46 7.26179e-47 2.89326e-47 1.15205e-47 4.58461e-48 1.82339e-48 7.24777e-49 2.87927e-49 1.14318e-49 4.53627e-50 1.79904e-50 7.13077e-51 2.82481e-51 1.1184e-51 4.42552e-52 1.75019e-52 6.91772e-53 2.73273e-53 1.07891e-53 4.25723e-54 1.6789e-54 6.61723e-55 2.60665e-55 1.02623e-55 4.03794e-56 1.58793e-56 6.2411e-57 2.45159e-57 9.6248e-58 3.77656e-58 1.48102e-58 5.80485e-59 2.27398e-59 8.90325e-60 3.48402e-60 1.36266e-60 5.32681e-61 2.08126e-61 8.12771e-62 3.17245e-62 1.23769e-62 4.82636e-63 1.88116e-63 7.32878e-64 2.85393e-64 1.11088e-64 4.32217e-65 1.68096e-65 6.53486e-66 2.53948e-66 9.86482e-67 3.83065e-67 1.48697e-67 5.7701e-68 2.23832e-68 8.68007e-69 3.36507e-69 1.30419e-69 5.05326e-70 1.95745e-70 7.58062e-71 2.9351e-71 1.13619e-71 4.39737e-72 1.70161e-72 6.58355e-73 2.54682e-73 9.85103e-74 3.80995e-74 1.47339e-74 5.69751e-75 2.20307e-75 8.51834e-76 3.29362e-76 1.27347e-76 4.92393e-77 1.90391e-77 7.36211e-78 2.84698e-78 1.10103e-78 4.2585e-79 1.64725e-79 6.37257e-80 2.46563e-80 9.54127e-81 3.69278e-81 1.42946e-81 5.53442e-82 2.14315e-82 8.30082e-83 3.21571e-83 1.24602e-83 4.82897e-84 1.87163e-84 7.25011e-85 2.7972e-85 1.05442e-85 3.44917e-86 0. 
-2.543e+06 -1.09426e+06 49635.8 -190919. -583787. -721401. -642572. -476344. -312067. -186291. -103060. -53312.8 -25868.1 -11739.8 -4926.5 -1856.77 -579.867 -104.32 41.0631 65.0878 52.8971 35.3411 21.376 12.1489 6.61009 3.48055 1.78609 0.897603 0.443352 0.21582 0.103769 0.0493701 0.0232774 0.0108905 0.00506168 0.0023394 0.00107611 0.00049305 0.000225167 0.000102557 4.66118e-05 2.11497e-05 9.5842e-06 4.33905e-06 1.96307e-06 8.87708e-07 4.01293e-07 1.81365e-07 8.19545e-08 3.70274e-08 1.67261e-08 7.55386e-09 3.41044e-09 1.53914e-09 6.94272e-10 3.12976e-10 1.40984e-10 6.34533e-11 2.85307e-11 1.28143e-11 5.74847e-12 2.57538e-12 1.15219e-12 5.14707e-13 2.29573e-13 1.02229e-13 4.54466e-14 2.01687e-14 8.93492e-15 3.95116e-15 1.7441e-15 7.68459e-16 3.37965e-16 1.48362e-16 6.50084e-17 2.84327e-17 1.24128e-17 5.40915e-18 2.3529e-18 1.02164e-18 4.4281e-19 1.91591e-19 8.27513e-20 3.56802e-20 1.53582e-20 6.5997e-21 2.83131e-21 1.21266e-21 5.18544e-22 2.2138e-22 9.43642e-23 4.01605e-23 1.70656e-23 7.24077e-24 3.06758e-24 1.29766e-24 5.48141e-25 2.31203e-25 9.73812e-26 4.09583e-26 1.72029e-26 7.21545e-27 3.02226e-27 1.2642e-27 5.28106e-28 2.2032e-28 9.17959e-29 3.81974e-29 1.58742e-29 6.58883e-30 2.7314e-30 1.13092e-30 4.67683e-31 1.93177e-31 7.9698e-32 3.28424e-32 1.35184e-32 5.55805e-33 2.28263e-33 9.36422e-34 3.83738e-34 1.57083e-34 6.42333e-35 2.62376e-35 1.07059e-35 4.36386e-36 1.777e-36 7.229e-37 2.93797e-37 1.1929e-37 4.83899e-38 1.96113e-38 7.94082e-39 3.21247e-39 1.29847e-39 5.24387e-40 2.11595e-40 8.53093e-41 3.43663e-41 1.38331e-41 5.56369e-42 2.23598e-42 8.97931e-43 3.60322e-43 1.44484e-43 5.78941e-44 2.31814e-44 9.27565e-45 3.70896e-45 1.48207e-45 5.91832e-46 2.36183e-46 9.41943e-47 3.75431e-47 1.49544e-47 5.95316e-48 2.36847e-48 9.41748e-49 3.7424e-49 1.48634e-49 5.89983e-50 2.34055e-50 9.28015e-51 3.67749e-51 1.4565e-51 5.76539e-52 2.28092e-52 9.01892e-53 3.5642e-53 1.40778e-53 5.55735e-54 2.19263e-54 8.64622e-55 3.40762e-55 1.34227e-55 5.28433e-56 2.07924e-56 8.17679e-57 3.21385e-57 1.26251e-57 4.95686e-58 1.94512e-58 7.62873e-59 2.99039e-59 1.17158e-59 4.58764e-60 1.79548e-60 7.02336e-61 2.74592e-61 1.07303e-61 4.19097e-62 1.63608e-62 6.38385e-63 2.48973e-63 9.70542e-64 3.7816e-64 1.47278e-64 5.73331e-65 2.23091e-65 8.67704e-66 3.37349e-66 1.31102e-66 5.0929e-67 1.97767e-67 7.67675e-68 2.97881e-68 1.15546e-68 4.48045e-69 1.73678e-69 6.73027e-70 2.60729e-70 1.00977e-70 3.90964e-71 1.51335e-71 5.8565e-72 2.26588e-72 8.76487e-73 3.38976e-73 1.31073e-73 5.06743e-74 1.95884e-74 7.57101e-75 2.9259e-75 1.13064e-75 4.36871e-76 1.68794e-76 6.52139e-77 2.51948e-77 9.73372e-78 3.76052e-78 1.45287e-78 5.61338e-79 2.16893e-79 8.38099e-80 3.2388e-80 1.25174e-80 4.83835e-81 1.8704e-81 7.2316e-82 2.79641e-82 1.08153e-82 4.18362e-83 1.61862e-83 6.26343e-84 2.42386e-84 9.37472e-85 3.61135e-85 1.35936e-85 4.44233e-86 0. 
-2.543e+06 -1.0774e+06 71285.2 -173030. -576643. -726594. -656475. -493512. -328163. -199095. -112119. -59160.2 -29364. -13692.9 -5950.67 -2361.02 -811.809 -202.631 3.92134 53.7043 51.155 36.5041 22.9493 13.3956 7.43651 3.97882 2.06869 1.05102 0.5239 0.256994 0.12436 0.0594803 0.0281654 0.0132228 0.00616216 0.00285375 0.00131461 0.000602906 0.000275496 0.000125515 5.70495e-05 2.58832e-05 1.17272e-05 5.30812e-06 2.40102e-06 1.08558e-06 4.90699e-07 2.21771e-07 1.00221e-07 4.52874e-08 2.04623e-08 9.24403e-09 4.17503e-09 1.88497e-09 8.50635e-10 3.83637e-10 1.72894e-10 7.78509e-11 3.50202e-11 1.57359e-11 7.06211e-12 3.1652e-12 1.41662e-12 6.3307e-13 2.82466e-13 1.25826e-13 5.59548e-14 2.484e-14 1.10077e-14 4.86919e-15 2.14994e-15 9.47541e-16 4.16839e-16 1.83035e-16 8.0223e-17 3.50964e-17 1.5326e-17 6.68041e-18 2.90664e-18 1.26241e-18 5.47319e-19 2.36874e-19 1.02339e-19 4.41385e-20 1.90047e-20 8.16918e-21 3.50574e-21 1.50202e-21 6.42499e-22 2.74399e-22 1.17008e-22 4.98171e-23 2.11779e-23 8.98947e-24 3.81016e-24 1.61257e-24 6.815e-25 2.87605e-25 1.21203e-25 5.1007e-26 2.14362e-26 8.9966e-27 3.77074e-27 1.57833e-27 6.59784e-28 2.7545e-28 1.14849e-28 4.78261e-29 1.98911e-29 8.26256e-30 3.428e-30 1.4205e-30 5.87928e-31 2.43049e-31 1.00359e-31 4.13925e-32 1.70526e-32 7.01732e-33 2.88449e-33 1.18438e-33 4.85781e-34 1.99031e-34 8.14573e-35 3.3301e-35 1.35985e-35 5.54693e-36 2.26046e-36 9.2026e-37 3.74284e-37 1.52082e-37 6.17373e-38 2.50389e-38 1.01459e-38 4.10749e-39 1.66143e-39 6.71443e-40 2.71124e-40 1.09386e-40 4.40958e-41 1.77615e-41 7.14846e-42 2.87478e-42 1.15521e-42 4.63856e-43 1.86115e-43 7.46203e-44 2.98964e-44 1.19694e-44 4.78871e-45 1.91455e-45 7.64931e-46 3.05414e-46 1.21863e-46 4.85935e-47 1.93647e-47 7.71211e-48 3.06953e-48 1.22099e-48 4.85394e-49 1.92852e-49 7.65784e-50 3.03908e-50 1.20541e-50 4.77843e-51 1.89321e-51 7.49676e-52 2.96698e-52 1.1736e-52 4.63976e-53 1.83332e-53 7.24018e-54 2.85779e-54 1.12741e-54 4.4453e-55 1.75183e-55 6.90008e-56 2.71636e-56 1.06878e-56 4.20305e-57 1.65201e-57 6.48978e-58 2.54812e-58 9.99963e-59 3.92212e-59 1.53756e-59 6.02447e-60 2.35929e-60 9.23468e-61 3.61278e-61 1.41267e-61 5.52107e-62 2.1567e-62 8.42059e-63 3.28612e-63 1.28179e-63 4.99738e-64 1.94744e-64 7.58553e-65 2.95332e-65 1.14932e-65 4.47074e-66 1.73833e-66 6.75617e-67 2.62476e-67 1.01931e-67 3.95684e-68 1.53542e-68 5.95584e-69 2.30942e-69 8.9518e-70 3.46874e-70 1.34367e-70 5.20327e-71 2.01433e-71 7.79582e-72 3.0163e-72 1.16674e-72 4.512e-73 1.74447e-73 6.74319e-74 2.60604e-74 1.00697e-74 3.89029e-75 1.50273e-75 5.8039e-76 2.24134e-76 8.65472e-77 3.34165e-77 1.29015e-77 4.98075e-78 1.92281e-78 7.42282e-79 2.86551e-79 1.10622e-79 4.27066e-80 1.6488e-80 6.36606e-81 2.45814e-81 9.49258e-82 3.66614e-82 1.41607e-82 5.47044e-83 2.11359e-83 8.16731e-84 3.15611e-84 1.21892e-84 4.68884e-85 1.7625e-85 5.75228e-86 0. 
-2.543e+06 -1.06898e+06 81327.7 -164556. -571885. -727282. -662235. -502193. -337331. -207072. -118200. -63354.4 -32029.9 -15272.9 -6829.95 -2821.98 -1039.36 -307.848 -41.0315 36.5174 45.7725 35.6035 23.4355 14.1028 8.00927 4.36389 2.30353 1.18558 0.597631 0.296043 0.144485 0.0696222 0.033181 0.0156637 0.00733388 0.00340962 0.00157566 0.000724454 0.000331679 0.000151327 6.88495e-05 3.12564e-05 1.41664e-05 6.41297e-06 2.90069e-06 1.31134e-06 5.92649e-07 2.67806e-07 1.2101e-07 5.46787e-08 2.47062e-08 1.11625e-08 5.04252e-09 2.27729e-09 1.02805e-09 4.63858e-10 2.09152e-10 9.42292e-11 4.24128e-11 1.90695e-11 8.56371e-12 3.84073e-12 1.7201e-12 7.69202e-13 3.43433e-13 1.53084e-13 6.81208e-14 3.02601e-14 1.3418e-14 5.93903e-15 2.6239e-15 1.15711e-15 5.09327e-16 2.23774e-16 9.81329e-17 4.29551e-17 1.87678e-17 8.18493e-18 3.5631e-18 1.54831e-18 6.71605e-19 2.90807e-19 1.25701e-19 5.4241e-20 2.33658e-20 1.00486e-20 4.31435e-21 1.84935e-21 7.91457e-22 3.38181e-22 1.44277e-22 6.14578e-23 2.61398e-23 1.11014e-23 4.7078e-24 1.99356e-24 8.42982e-25 3.55956e-25 1.50096e-25 6.32042e-26 2.65787e-26 1.1162e-26 4.68137e-27 1.96082e-27 8.20243e-28 3.42683e-28 1.42986e-28 5.95875e-29 2.48016e-29 1.03104e-29 4.28102e-30 1.77542e-30 7.35435e-31 3.04284e-31 1.25752e-31 5.19104e-32 2.14045e-32 8.81597e-33 3.62708e-33 1.49063e-33 6.11945e-34 2.50948e-34 1.02795e-34 4.20579e-35 1.71859e-35 7.01411e-36 2.86023e-36 1.16521e-36 4.74227e-37 1.92822e-37 7.83294e-38 3.17903e-38 1.28906e-38 5.22235e-39 2.11387e-39 8.54903e-40 3.4545e-40 1.39473e-40 5.62645e-41 2.26791e-41 9.13411e-42 3.67589e-42 1.47815e-42 5.93939e-43 2.3847e-43 9.56757e-44 3.83574e-44 1.53667e-44 6.15181e-45 2.46105e-45 9.83866e-46 3.93059e-46 1.56924e-46 6.26086e-47 2.49631e-47 9.94689e-48 3.961e-48 1.57636e-48 6.26965e-49 2.49214e-49 9.90028e-50 3.93071e-50 1.55972e-50 6.18557e-51 2.45172e-51 9.71232e-52 3.84538e-52 1.52167e-52 6.01826e-53 2.37898e-53 9.399e-54 3.71146e-54 1.46481e-54 5.7782e-55 2.27813e-55 8.97718e-56 3.53572e-56 1.39185e-56 5.47627e-57 2.15355e-57 8.4645e-58 3.32527e-58 1.30566e-58 5.12405e-59 2.00991e-59 7.87985e-60 3.08774e-60 1.20933e-60 4.73404e-61 1.85226e-61 7.24363e-62 2.83137e-62 1.10618e-62 4.31956e-63 1.68596e-63 6.57725e-64 2.5647e-64 9.99601e-65 3.89417e-65 1.51637e-65 5.90199e-66 2.29614e-66 8.92915e-67 3.47084e-67 1.34857e-67 5.23764e-68 2.03339e-68 7.89102e-69 3.0611e-69 1.18702e-69 4.60129e-70 1.78298e-70 6.90656e-71 2.67444e-71 1.03529e-71 4.00644e-72 1.54998e-72 5.9947e-73 2.31788e-73 8.9599e-74 3.46265e-74 1.33787e-74 5.16803e-75 1.99595e-75 7.70713e-76 2.97551e-76 1.14859e-76 4.43308e-77 1.71078e-77 6.6014e-78 2.54706e-78 9.82674e-79 3.79101e-79 1.46246e-79 5.64159e-80 2.17629e-80 8.39528e-81 3.23866e-81 1.24943e-81 4.82042e-82 1.85989e-82 7.17678e-83 2.76958e-83 1.06891e-83 4.1254e-84 1.59124e-84 6.11349e-85 2.2955e-85 7.485e-86 0. 
-2.543e+06 -1.0675e+06 83434.4 -159381. -563073. -718741. -657229. -501242. -339168. -210089. -121232. -65823.9 -33796.3 -16422.2 -7522.96 -3213.37 -1247.51 -412.222 -90.2118 14.9658 37.2003 32.6957 22.7681 14.1889 8.2644 4.59361 2.46539 1.28716 0.657037 0.329126 0.162244 0.0788822 0.0378959 0.0180171 0.00848879 0.0039682 0.00184245 0.000850506 0.000390681 0.000178725 8.14868e-05 3.70525e-05 1.68126e-05 7.61668e-06 3.4467e-06 1.55851e-06 7.04385e-07 3.18275e-07 1.43797e-07 6.49667e-08 2.93519e-08 1.3261e-08 5.99081e-09 2.70595e-09 1.22188e-09 5.51506e-10 2.48785e-10 1.12146e-10 5.05092e-11 2.27257e-11 1.02134e-11 4.58432e-12 2.05487e-12 9.19717e-13 4.11006e-13 1.83373e-13 8.16745e-14 3.63145e-14 1.61175e-14 7.14046e-15 3.15757e-15 1.39371e-15 6.14016e-16 2.70005e-16 1.18509e-16 5.19178e-17 2.27025e-17 9.90897e-18 4.31705e-18 1.8774e-18 8.14976e-19 3.53152e-19 1.52763e-19 6.5966e-20 2.84369e-20 1.2238e-20 5.25802e-21 2.25539e-21 9.65882e-22 4.12988e-22 1.76308e-22 7.51521e-23 3.19854e-23 1.3593e-23 5.76822e-24 2.44422e-24 1.03424e-24 4.37008e-25 1.84399e-25 7.77022e-26 3.26982e-26 1.37416e-26 5.76742e-27 2.41748e-27 1.01202e-27 4.23123e-28 1.76686e-28 7.36888e-29 3.06953e-29 1.27708e-29 5.30698e-30 2.20275e-30 9.13221e-31 3.78169e-31 1.56423e-31 6.46286e-32 2.66725e-32 1.09957e-32 4.52802e-33 1.86261e-33 7.65363e-34 3.14151e-34 1.28797e-34 5.27344e-35 2.15572e-35 8.79913e-36 3.58972e-36 1.46308e-36 5.95762e-37 2.4237e-37 9.85133e-38 4.00059e-38 1.62321e-38 6.58031e-39 2.66531e-39 1.07865e-39 4.36167e-40 1.76224e-40 7.11412e-41 2.86964e-41 1.1566e-41 4.658e-42 1.87446e-42 7.53729e-43 3.02848e-43 1.21593e-43 4.87829e-44 1.95574e-44 7.83499e-45 3.13658e-45 1.25479e-45 5.0163e-46 2.00402e-46 8.00068e-47 3.19202e-47 1.27269e-47 5.07108e-48 2.01932e-48 8.03602e-49 3.19603e-49 1.27034e-49 5.04631e-50 2.00343e-50 7.94921e-51 3.1523e-51 1.24937e-51 4.94894e-52 1.95928e-52 7.75261e-53 3.06597e-53 1.21187e-53 4.78761e-54 1.89041e-54 7.46049e-55 2.94277e-55 1.16017e-55 4.57162e-56 1.80051e-56 7.08768e-57 2.78865e-57 1.09664e-57 4.31042e-58 1.69339e-58 6.64935e-59 2.60967e-59 1.02371e-59 4.01376e-60 1.57294e-60 6.16113e-61 2.4121e-61 9.43881e-62 3.69172e-62 1.44321e-62 5.63922e-63 2.20243e-63 8.59759e-64 3.35465e-64 1.30831e-64 5.10006e-65 1.98719e-65 7.73932e-66 3.01281e-66 1.17232e-66 4.55961e-67 1.77265e-67 6.88858e-68 2.67581e-68 1.03896e-68 4.03245e-69 1.56446e-69 6.06723e-70 2.35207e-70 9.11486e-71 3.53095e-71 1.36735e-71 5.29322e-72 2.04841e-72 7.92453e-73 3.06476e-73 1.18493e-73 4.57997e-74 1.76976e-74 6.83684e-75 2.64052e-75 1.01959e-75 3.93607e-76 1.5192e-76 5.8625e-77 2.26192e-77 8.72575e-78 3.36563e-78 1.298e-78 5.00537e-79 1.92999e-79 7.44116e-80 2.86879e-80 1.10596e-80 4.26347e-81 1.64355e-81 6.33585e-82 2.4425e-82 9.41629e-83 3.63033e-83 1.39969e-83 5.3964e-84 2.07931e-84 7.98107e-85 2.99494e-85 9.76587e-86 0. 
-2.543e+06 -1.07185e+06 76097.2 -159229. -549687. -698953. -639214. -488856. -332439. -207367. -120739. -66284.6 -34494.2 -17041.1 -7972.39 -3503.35 -1419.4 -507.328 -139.71 -9.31335 26.0175 27.9152 20.9239 13.5932 8.14695 4.62874 2.52941 1.34113 0.693962 0.351884 0.175385 0.0861302 0.0417571 0.020018 0.00950245 0.00447204 0.00208885 0.000969335 0.000447302 0.000205425 9.39649e-05 4.28396e-05 1.94792e-05 8.83879e-06 4.00435e-06 1.81208e-06 8.19379e-07 3.70325e-07 1.67326e-07 7.55949e-08 3.41512e-08 1.54282e-08 6.96961e-09 3.14818e-09 1.42176e-09 6.41878e-10 2.89655e-10 1.30632e-10 5.88692e-11 2.65055e-11 1.19215e-11 5.35572e-12 2.40292e-12 1.07659e-12 4.81623e-13 2.15117e-13 9.59226e-14 4.26991e-14 1.89735e-14 8.4157e-15 3.72592e-15 1.64652e-15 7.2625e-16 3.19732e-16 1.40497e-16 6.16211e-17 2.6976e-17 1.17873e-17 5.14098e-18 2.23811e-18 9.72585e-19 4.21885e-19 1.8268e-19 7.89634e-20 3.40732e-20 1.46778e-20 6.31218e-21 2.71008e-21 1.16166e-21 4.97145e-22 2.12424e-22 9.06254e-23 3.86043e-23 1.64199e-23 6.97369e-24 2.9575e-24 1.25247e-24 5.2966e-25 2.23679e-25 9.4332e-26 3.97291e-26 1.67102e-26 7.0192e-27 2.94464e-27 1.23374e-27 5.1626e-28 2.15762e-28 9.00635e-29 3.75489e-29 1.5636e-29 6.50339e-30 2.70176e-30 1.12112e-30 4.64685e-31 1.92387e-31 7.95621e-32 3.28667e-32 1.35622e-32 5.59025e-33 2.30179e-33 9.46745e-34 3.88972e-34 1.59611e-34 6.53875e-35 2.67246e-35 1.08969e-35 4.44554e-36 1.81208e-36 7.38015e-37 3.00324e-37 1.22112e-37 4.96096e-38 2.01382e-38 8.16809e-39 3.31032e-39 1.3405e-39 5.42399e-40 2.19292e-40 8.85895e-41 3.57602e-41 1.44237e-41 5.81325e-42 2.34113e-42 9.42108e-43 3.78832e-43 1.52219e-43 6.11178e-44 2.45216e-44 9.83137e-45 3.93884e-45 1.57694e-45 6.30896e-46 2.52232e-46 1.00774e-46 4.0235e-47 1.60536e-47 6.40113e-48 2.55071e-48 1.01576e-48 4.0425e-49 1.60784e-49 6.39103e-50 2.53887e-50 1.00799e-50 3.99961e-51 1.58611e-51 6.28641e-52 2.49018e-52 9.85876e-53 3.90102e-53 1.54277e-53 6.09809e-54 2.40913e-54 9.51261e-55 3.75419e-55 1.48085e-55 5.83829e-56 2.3006e-56 9.0611e-57 3.567e-57 1.40349e-57 5.51954e-58 2.16961e-58 8.5241e-59 3.34736e-59 1.31385e-59 5.15438e-60 2.02115e-60 7.92152e-61 3.1032e-61 1.21507e-61 4.75539e-62 1.86021e-62 7.2733e-63 2.84246e-63 1.11033e-63 4.33517e-64 1.69183e-64 6.59942e-65 2.57308e-65 1.00277e-65 3.9062e-66 1.52093e-66 5.91932e-67 2.30272e-67 8.95409e-68 3.48028e-68 1.35214e-68 5.25106e-69 2.03842e-69 7.90974e-70 3.06802e-70 1.18955e-70 4.61045e-71 1.78624e-71 6.91793e-72 2.67829e-72 1.03655e-72 4.01026e-73 1.55101e-73 5.99678e-74 2.31787e-74 8.95639e-75 3.45982e-75 1.33616e-75 5.1588e-76 1.99129e-76 7.68455e-77 2.96489e-77 1.1437e-77 4.41093e-78 1.70088e-78 6.55766e-79 2.5279e-79 9.74353e-80 3.75511e-80 1.44706e-80 5.5759e-81 2.1484e-81 8.27739e-82 3.18902e-82 1.22861e-82 4.73335e-83 1.82357e-83 7.02501e-84 2.70472e-84 1.03757e-84 3.89407e-85 1.27187e-85 0. 
-2.543e+06 -1.08416e+06 47996.5 -177583. -540313. -671369. -608533. -464083. -315939. -197884. -115990. -64260.4 -33833.1 -16961.4 -8084.52 -3641.74 -1529.17 -580.419 -183.554 -33.6974 13.2723 21.6181 17.9821 12.3009 7.62088 4.43709 2.47276 1.33307 0.69991 0.359559 0.181346 0.0900291 0.0440849 0.0213289 0.0102105 0.00484244 0.00227778 0.00106371 0.000493626 0.000227828 0.000104663 4.78925e-05 2.18436e-05 9.93646e-06 4.51052e-06 2.0442e-06 9.25346e-07 4.18527e-07 1.89193e-07 8.54956e-08 3.8628e-08 1.7451e-08 7.88334e-09 3.56094e-09 1.60826e-09 7.26185e-10 3.27782e-10 1.47881e-10 6.66756e-11 3.00389e-11 1.35208e-11 6.07939e-12 2.73023e-12 1.22453e-12 5.48432e-13 2.45254e-13 1.095e-13 4.88075e-14 2.17173e-14 9.6461e-15 4.27668e-15 1.8926e-15 8.35987e-16 3.68572e-16 1.6219e-16 7.12366e-17 3.12294e-17 1.36649e-17 5.96814e-18 2.60176e-18 1.13213e-18 4.91745e-19 2.13207e-19 9.22775e-20 3.98685e-20 1.71956e-20 7.404e-21 3.18266e-21 1.36584e-21 5.85202e-22 2.50334e-22 1.06919e-22 4.55952e-23 1.94145e-23 8.2544e-24 3.50436e-24 1.48561e-24 6.28904e-25 2.65863e-25 1.12236e-25 4.73175e-26 1.99219e-26 8.37662e-27 3.51759e-27 1.47526e-27 6.17936e-28 2.58512e-28 1.08015e-28 4.50779e-29 1.87899e-29 7.823e-30 3.25324e-30 1.35132e-30 5.60668e-31 2.32362e-31 9.61922e-32 3.97774e-32 1.64308e-32 6.77975e-33 2.79449e-33 1.1506e-33 4.73205e-34 1.94344e-34 7.96374e-35 3.24993e-35 1.31964e-35 5.37914e-36 2.19132e-36 8.92129e-37 3.62966e-37 1.47576e-37 5.99608e-38 2.43454e-38 9.8777e-39 4.00482e-39 1.62253e-39 6.56874e-40 2.65736e-40 1.07422e-40 4.33925e-41 1.7515e-41 7.06451e-42 2.84727e-42 1.14671e-42 4.61484e-43 1.85584e-43 7.45769e-44 2.9947e-44 1.20168e-44 4.81853e-45 1.93078e-45 7.73116e-46 3.09354e-46 1.237e-46 4.94295e-47 1.97385e-47 7.87684e-48 3.14128e-48 1.25194e-48 4.98633e-49 1.98475e-49 7.89522e-50 3.13875e-50 1.24706e-50 4.95179e-51 1.96509e-51 7.79388e-52 3.08942e-52 1.22393e-52 4.84617e-53 1.9178e-53 7.5853e-54 2.99855e-54 1.18474e-54 4.6785e-55 1.84658e-55 7.28461e-56 2.87227e-56 1.13195e-56 4.45873e-57 1.75542e-57 6.90778e-58 2.71695e-58 1.06811e-58 4.19699e-59 1.64835e-59 6.47075e-60 2.53893e-60 9.95725e-61 3.9032e-61 1.52931e-61 5.98917e-62 2.3444e-62 9.17259e-63 3.58714e-63 1.40217e-63 5.47839e-64 2.13945e-64 8.35124e-65 3.25837e-65 1.27072e-65 4.95339e-66 1.93001e-66 7.51657e-67 2.92609e-67 1.13858e-67 4.42843e-68 1.72166e-68 6.69052e-69 2.59889e-69 1.0091e-69 3.91654e-70 1.51948e-70 5.89268e-71 2.28434e-71 8.85201e-72 3.42893e-72 1.32775e-72 5.13943e-73 1.98866e-73 7.69235e-74 2.97449e-74 1.14981e-74 4.44326e-75 1.71651e-75 6.62928e-76 2.55955e-76 9.87975e-77 3.81256e-77 1.4709e-77 5.67345e-78 2.18786e-78 8.43535e-79 3.25166e-79 1.25323e-79 4.82935e-80 1.86073e-80 7.16838e-81 2.76127e-81 1.06354e-81 4.09605e-82 1.57741e-82 6.07439e-83 2.33905e-83 9.00604e-84 3.46577e-84 1.32934e-84 4.99495e-85 1.6386e-85 0. 
-2.543e+06 -1.10511e+06 -24275.6 -243494. -556868. -648946. -571463. -429256. -290066. -181291. -106470. -59304.2 -31492. -15975.7 -7735.17 -3558.3 -1539. -612.018 -212.156 -53.6933 0.953326 14.6202 14.2401 10.3972 6.69451 4.00507 2.27989 1.25103 0.667016 0.347397 0.177412 0.0890919 0.0440913 0.0215431 0.0104077 0.00497794 0.00235987 0.00110997 0.000518468 0.000240706 0.00011116 5.1101e-05 2.34004e-05 1.06809e-05 4.86217e-06 2.20863e-06 1.00159e-06 4.53634e-07 2.05268e-07 9.28235e-08 4.19574e-08 1.89601e-08 8.5663e-09 3.86975e-09 1.74786e-09 7.89304e-10 3.56335e-10 1.60806e-10 7.25308e-11 3.26935e-11 1.4725e-11 6.62594e-12 2.97835e-12 1.33717e-12 5.99555e-13 2.68445e-13 1.20012e-13 5.35674e-14 2.387e-14 1.06183e-14 4.71505e-15 2.08992e-15 9.24638e-16 4.08323e-16 1.79979e-16 7.91806e-17 3.47694e-17 1.5239e-17 6.66657e-18 2.91097e-18 1.26874e-18 5.51961e-19 2.39695e-19 1.03904e-19 4.49611e-20 1.94216e-20 8.37502e-21 3.60539e-21 1.54951e-21 6.64849e-22 2.84807e-22 1.21812e-22 5.20175e-23 2.2179e-23 9.44233e-24 4.01394e-24 1.70384e-24 7.22209e-25 3.05691e-25 1.29211e-25 5.4541e-26 2.29912e-26 9.67886e-27 4.06931e-27 1.70867e-27 7.16551e-28 3.00119e-28 1.25547e-28 5.24553e-29 2.18904e-29 9.12441e-30 3.79882e-30 1.57976e-30 6.56206e-31 2.7227e-31 1.12843e-31 4.67169e-32 1.93197e-32 7.98098e-33 3.29343e-33 1.3576e-33 5.58963e-34 2.29766e-34 9.41279e-35 3.824e-35 1.53243e-35 6.23133e-36 2.53377e-36 1.03012e-36 4.18691e-37 1.70119e-37 6.90924e-38 2.80481e-38 1.13802e-38 4.61478e-39 1.87023e-39 7.57472e-40 3.0659e-40 1.24011e-40 5.01268e-41 2.02478e-41 8.17304e-42 3.29672e-42 1.32884e-42 5.35247e-43 2.15439e-43 8.66535e-44 3.48287e-44 1.39888e-44 5.61456e-45 2.25188e-45 9.02552e-46 3.61491e-46 1.44685e-46 5.78699e-47 2.31307e-47 9.23922e-48 3.68803e-48 1.47119e-48 5.86494e-49 2.33658e-49 9.30304e-50 3.70168e-50 1.472e-50 5.84994e-51 2.32347e-51 9.22289e-52 3.65886e-52 1.45069e-52 5.74856e-53 2.27668e-53 9.01167e-54 3.56511e-54 1.40964e-54 5.57075e-55 2.20035e-55 8.68651e-56 3.42749e-56 1.35172e-56 5.32818e-57 2.09921e-57 8.26641e-58 3.25361e-58 1.27998e-58 5.03302e-59 1.97809e-59 7.77062e-60 3.05111e-60 1.19744e-60 4.69726e-61 1.84175e-61 7.21793e-62 2.82743e-62 1.10705e-62 4.33252e-63 1.69478e-63 6.6265e-64 2.58973e-64 1.01164e-64 3.95001e-65 1.5416e-65 6.01382e-66 2.34494e-66 9.13939e-67 3.56048e-67 1.38646e-67 5.39655e-68 2.09959e-68 8.16514e-69 3.174e-69 1.23329e-69 4.79006e-70 1.85967e-70 7.21694e-71 2.79959e-71 1.08558e-71 4.20786e-72 1.63039e-72 6.31477e-73 2.44491e-73 9.4626e-74 3.66104e-74 1.41595e-74 5.47449e-75 2.11592e-75 8.17551e-76 3.1579e-76 1.21941e-76 4.7074e-77 1.81673e-77 7.00951e-78 2.7038e-78 1.0427e-78 4.02016e-79 1.54966e-79 5.97233e-80 2.30128e-80 8.86589e-81 3.41512e-81 1.31531e-81 5.0652e-82 1.95037e-82 7.50918e-83 2.89089e-83 1.1128e-83 4.2816e-84 1.64283e-84 6.18847e-85 2.04814e-85 0. 
-2.543e+06 -1.11215e+06 -170007. -395519. -631356. -653731. -541320. -391515. -258175. -158891. -92510. -51361.3 -27310.9 -13931.7 -6811.78 -3179.84 -1405.13 -577.581 -212.462 -62.685 -7.74394 8.38732 10.3305 8.13371 5.45552 3.35553 1.95122 1.08972 0.589971 0.311512 0.161091 0.0818389 0.0409419 0.0202077 0.00985564 0.00475602 0.00227349 0.00107765 0.000506987 0.00023693 0.000110074 5.08759e-05 2.34097e-05 1.07303e-05 4.90255e-06 2.23388e-06 1.01564e-06 4.60958e-07 2.08924e-07 9.45949e-08 4.27973e-08 1.93521e-08 8.74719e-09 3.9526e-09 1.78563e-09 8.06486e-10 3.64151e-10 1.64368e-10 7.41586e-11 3.34401e-11 1.50689e-11 6.78493e-12 3.05214e-12 1.37152e-12 6.15585e-13 2.75937e-13 1.23516e-13 5.52061e-14 2.46358e-14 1.09757e-14 4.88153e-15 2.1673e-15 9.60508e-16 4.24905e-16 1.8762e-16 8.26912e-17 3.6377e-17 1.59728e-17 7.00042e-18 3.06237e-18 1.33717e-18 5.82795e-19 2.53545e-19 1.10106e-19 4.77301e-20 2.06543e-20 8.92223e-21 3.84762e-21 1.65645e-21 7.11942e-22 3.05492e-22 1.30875e-22 5.59788e-23 2.39065e-23 1.0194e-23 4.34026e-24 1.84521e-24 7.83325e-25 3.32061e-25 1.40566e-25 5.94215e-26 2.5085e-26 1.05755e-26 4.45264e-27 1.87227e-27 7.86256e-28 3.29771e-28 1.3814e-28 5.77961e-29 2.41519e-29 1.00806e-29 4.20256e-30 1.74999e-30 7.27882e-31 3.02409e-31 1.255e-31 5.20252e-32 2.15431e-32 8.91117e-33 3.68209e-33 1.51978e-33 6.26527e-34 2.5778e-34 1.05488e-34 4.23766e-35 1.62679e-35 6.58061e-36 2.66512e-36 1.08024e-36 4.38077e-37 1.77705e-37 7.20915e-38 2.92441e-38 1.18606e-38 4.80892e-39 1.94905e-39 7.896e-40 3.19723e-40 1.29392e-40 5.23344e-41 2.11547e-41 8.54577e-42 3.44997e-42 1.39185e-42 5.61149e-43 2.26083e-43 9.10247e-44 3.66227e-44 1.47245e-44 5.91602e-45 2.37529e-45 9.53026e-46 3.82114e-46 1.53103e-46 6.13023e-47 2.45288e-47 9.80808e-48 3.91925e-48 1.56507e-48 6.24573e-49 2.49087e-49 9.92754e-50 3.95419e-50 1.57399e-50 6.26153e-51 2.4894e-51 9.89115e-52 3.92773e-52 1.55878e-52 6.18265e-53 2.45086e-53 9.71e-54 3.84485e-54 1.5216e-54 6.01851e-55 2.37928e-55 9.40096e-56 3.71256e-56 1.46538e-56 5.78105e-57 2.27952e-57 8.98386e-58 3.5389e-58 1.39335e-58 5.48326e-59 2.15679e-59 8.47946e-60 3.33212e-60 1.30878e-60 5.13816e-61 2.01625e-61 7.90818e-62 3.10032e-62 1.21488e-62 4.75838e-63 1.86288e-63 7.28969e-64 2.85124e-64 1.11471e-64 4.35601e-65 1.70145e-65 6.64282e-66 2.59233e-66 1.01119e-66 3.94257e-67 1.5365e-67 5.98544e-68 2.33059e-68 9.07085e-69 3.52891e-69 1.37229e-69 5.33417e-70 2.07255e-70 8.04933e-71 3.1249e-71 1.21265e-71 4.7039e-72 1.82393e-72 7.06951e-73 2.73907e-73 1.06085e-73 4.10716e-74 1.58954e-74 6.14961e-75 2.37833e-75 9.19499e-76 3.55374e-76 1.37304e-76 5.30326e-77 2.04773e-77 7.90457e-78 3.05043e-78 1.17687e-78 4.53927e-79 1.7504e-79 6.74818e-80 2.60101e-80 1.00232e-80 3.86181e-81 1.48764e-81 5.72969e-82 2.20648e-82 8.49594e-83 3.2709e-83 1.25911e-83 4.84513e-84 1.86056e-84 7.03769e-85 2.36649e-85 0. 
-2.543e+06 -979597. -383828. -641892. -775631. -698407. -528800. -358396. -224874. -133164. -75272.3 -40880.7 -21402.9 -10810.7 -5260.33 -2455.34 -1090.15 -452.971 -170.157 -52.7077 -8.61896 5.02897 7.26277 5.96885 4.09966 2.56535 1.51312 0.855781 0.46873 0.250214 0.130745 0.0670866 0.0338842 0.0168786 0.00830483 0.00404161 0.00194761 0.000930263 0.00044082 0.000207408 9.69685e-05 4.50801e-05 2.08535e-05 9.60467e-06 4.40709e-06 2.01569e-06 9.19433e-07 4.18446e-07 1.90092e-07 8.62288e-08 3.90698e-08 1.76866e-08 8.00117e-09 3.61771e-09 1.63505e-09 7.38703e-10 3.33624e-10 1.5062e-10 6.79712e-11 3.06583e-11 1.38201e-11 6.22543e-12 2.802e-12 1.25997e-12 5.65965e-13 2.53928e-13 1.13783e-13 5.09148e-14 2.27497e-14 1.01493e-14 4.52059e-15 2.01015e-15 8.92306e-16 3.95398e-16 1.74895e-16 7.72203e-17 3.40322e-17 1.4971e-17 6.57366e-18 2.88114e-18 1.26044e-18 5.50409e-19 2.39916e-19 1.04388e-19 4.53383e-20 1.96569e-20 8.50756e-21 3.67577e-21 1.58545e-21 6.82701e-22 2.93488e-22 1.25964e-22 5.39766e-23 2.3093e-23 9.8647e-24 4.20751e-24 1.79191e-24 7.62017e-25 3.23582e-25 1.3721e-25 5.81001e-26 2.4568e-26 1.03746e-26 4.37517e-27 1.84266e-27 7.75061e-28 3.25591e-28 1.36604e-28 5.72423e-29 2.39575e-29 1.00148e-29 4.1815e-30 1.74386e-30 7.26426e-31 3.02256e-31 1.25623e-31 5.21535e-32 2.16281e-32 8.95949e-33 3.70748e-33 1.5325e-33 6.32671e-34 2.60588e-34 1.06408e-34 4.1628e-35 1.34345e-35 5.38493e-36 2.16575e-36 8.73231e-37 3.52738e-37 1.42675e-37 5.77604e-38 2.3397e-38 9.48037e-39 3.84181e-39 1.55676e-39 6.30703e-40 2.55448e-40 1.03423e-40 4.18544e-41 1.69298e-41 6.84427e-42 2.76539e-42 1.11667e-42 4.50632e-43 1.81737e-43 7.32456e-44 2.95007e-44 1.18739e-44 4.77593e-45 1.91968e-45 7.71091e-46 3.09518e-46 1.24157e-46 4.97692e-47 1.99369e-47 7.98108e-48 3.19284e-48 1.27645e-48 5.0997e-49 2.03612e-49 8.12421e-50 3.23953e-50 1.29095e-50 5.14118e-51 2.04621e-51 8.139e-52 3.23542e-52 1.28538e-52 5.10363e-53 2.02523e-53 8.03195e-54 3.18363e-54 1.26119e-54 4.99346e-55 1.976e-55 7.81515e-56 3.08929e-56 1.22054e-56 4.81971e-57 1.90225e-57 7.50401e-58 2.9587e-58 1.16599e-58 4.59274e-59 1.80816e-59 7.11528e-60 2.79858e-60 1.10021e-60 4.32321e-61 1.69798e-61 6.66582e-62 2.6156e-62 1.02586e-62 4.02161e-63 1.57584e-63 6.17198e-64 2.41622e-64 9.45475e-65 3.69798e-65 1.44571e-65 5.6494e-66 2.20661e-66 8.61498e-67 3.36192e-67 1.31138e-67 5.11297e-68 1.99264e-68 7.76231e-69 3.02249e-69 1.17638e-69 4.57664e-70 1.77975e-70 6.9181e-71 2.68802e-71 1.04399e-71 4.05307e-72 1.57287e-72 6.10141e-73 2.36589e-73 9.17043e-74 3.55319e-74 1.37621e-74 5.3283e-75 2.06223e-75 7.97866e-76 3.08584e-76 1.19308e-76 4.61131e-77 1.78172e-77 6.88207e-78 2.65747e-78 1.02587e-78 3.9591e-79 1.52751e-79 5.89194e-80 2.2721e-80 8.75983e-81 3.37652e-81 1.30122e-81 5.01362e-82 1.9314e-82 7.43913e-83 2.86487e-83 1.10311e-83 4.24641e-84 1.63252e-84 6.21068e-85 2.14492e-85 0. 
-2.543e+06 -211015. -451209. -863844. -925110. -752862. -523068. -327876. -191156. -105565. -55846.8 -28493.6 -14067.2 -6722.58 -3101.25 -1371.64 -573.75 -220.706 -72.9115 -15.9836 2.87249 7.04564 6.34387 4.55427 2.93679 1.77455 1.02513 0.572531 0.31129 0.165538 0.0863851 0.0443471 0.0224398 0.0112093 0.00553493 0.0027046 0.00130911 0.000628217 0.000299124 0.000141422 6.64359e-05 3.10305e-05 1.44191e-05 6.66955e-06 3.07258e-06 1.41051e-06 6.45549e-07 2.94679e-07 1.34219e-07 6.10218e-08 2.77013e-08 1.25597e-08 5.68889e-09 2.57468e-09 1.16447e-09 5.26358e-10 2.37799e-10 1.0738e-10 4.84634e-11 2.18607e-11 9.85481e-12 4.43947e-12 1.99835e-12 8.98732e-13 4.03795e-13 1.81225e-13 8.12386e-14 3.63706e-14 1.62609e-14 7.25957e-15 3.23608e-15 1.44026e-15 6.39958e-16 2.8388e-16 1.25711e-16 5.55713e-17 2.45223e-17 1.08018e-17 4.74958e-18 2.08464e-18 9.13324e-19 3.99429e-19 1.74372e-19 7.59878e-20 3.30555e-20 1.43544e-20 6.22265e-21 2.69291e-21 1.16342e-21 5.01792e-22 2.16071e-22 9.28892e-23 3.98693e-23 1.70855e-23 7.31045e-24 3.12317e-24 1.33228e-24 5.67482e-25 2.41366e-25 1.02513e-25 4.34779e-26 1.84143e-26 7.78845e-27 3.28975e-27 1.38771e-27 5.84616e-28 2.45972e-28 1.0336e-28 4.33789e-29 1.81833e-29 7.61273e-30 3.1834e-30 1.32963e-30 5.54714e-31 2.31158e-31 9.62182e-32 4.00056e-32 1.66152e-32 6.89313e-33 2.85666e-33 1.18257e-33 4.88941e-34 2.01654e-34 8.21232e-35 3.02096e-35 1.86455e-36 7.84853e-37 3.21131e-37 1.30536e-37 5.28735e-38 2.13646e-38 8.61768e-39 3.47144e-39 1.39693e-39 5.61644e-40 2.25642e-40 9.059e-41 3.63464e-41 1.45738e-41 5.84014e-42 2.33889e-42 9.36131e-43 3.74456e-43 1.49692e-43 5.98044e-44 2.3878e-44 9.52779e-45 3.7994e-45 1.51414e-45 6.03032e-46 2.40016e-46 9.54699e-47 3.79504e-47 1.50762e-47 5.98538e-48 2.37475e-48 9.41613e-49 3.73125e-49 1.47763e-49 5.84804e-50 2.31306e-50 9.14324e-51 3.61202e-51 1.42607e-51 5.62693e-52 2.21895e-52 8.74524e-53 3.44465e-53 1.35604e-53 5.33523e-54 2.09794e-54 8.24505e-55 3.2386e-55 1.27142e-55 4.98873e-56 1.95642e-56 7.66852e-57 3.00426e-57 1.17637e-57 4.60398e-58 1.80098e-58 7.04159e-59 2.75185e-59 1.0749e-59 4.19672e-60 1.63775e-60 6.38824e-61 2.49067e-61 9.7063e-62 3.78089e-62 1.47211e-62 5.72916e-63 2.22869e-63 8.66596e-64 3.36816e-64 1.30852e-64 5.08134e-65 1.97237e-65 7.65262e-66 2.96788e-66 1.15052e-66 4.4582e-67 1.72678e-67 6.68548e-68 2.58727e-68 1.00085e-68 3.87001e-69 1.4958e-69 5.779e-70 2.23177e-70 8.61523e-71 3.32433e-71 1.28222e-71 4.94356e-72 1.90521e-72 7.33951e-73 2.82629e-73 1.08791e-73 4.18596e-74 1.61e-74 6.18994e-75 2.37892e-75 9.13914e-76 3.50968e-76 1.3473e-76 5.17016e-77 1.98328e-77 7.60516e-78 2.91528e-78 1.11712e-78 4.27932e-79 1.63872e-79 6.27324e-80 2.40072e-80 9.18456e-81 3.51273e-81 1.34309e-81 5.13382e-82 1.96182e-82 7.49487e-83 2.8626e-83 1.09308e-83 4.17292e-84 1.59267e-84 6.07658e-85 2.31619e-85 8.7891e-86 3.25464e-86 1.03904e-86 0. 
-2.543e+06 -236034. -43112.8 -593074. -834925. -756883. -552451. -352004. -203464. -108891. -54541.2 -25667.4 -11318.4 -4619.81 -1690.62 -506.2 -78.0709 47.2624 64.5804 51.0645 33.8606 20.5011 11.7245 6.4431 3.43641 1.79013 0.914781 0.459991 0.228133 0.111794 0.0542071 0.0260387 0.0124034 0.00586403 0.00275372 0.00128533 0.000596709 0.000275692 0.000126838 5.81392e-05 2.65651e-05 1.21055e-05 5.5041e-06 2.49804e-06 1.13211e-06 5.12505e-07 2.31823e-07 1.048e-07 4.73585e-08 2.13953e-08 9.66403e-09 4.36444e-09 1.9707e-09 8.89635e-10 4.01479e-10 1.81103e-10 8.16468e-11 3.67827e-11 1.65567e-11 7.44496e-12 3.34386e-12 1.49992e-12 6.71845e-13 3.00467e-13 1.34156e-13 5.97947e-14 2.66027e-14 1.18133e-14 5.23565e-15 2.31585e-15 1.0223e-15 4.50359e-16 1.97994e-16 8.68665e-17 3.80331e-17 1.66182e-17 7.2464e-18 3.15344e-18 1.36956e-18 5.93632e-19 2.56808e-19 1.10883e-19 4.77857e-20 2.05552e-20 8.82572e-21 3.78265e-21 1.61835e-21 6.91188e-22 2.94699e-22 1.25439e-22 5.3306e-23 2.26162e-23 9.58024e-24 4.05192e-24 1.71114e-24 7.21547e-25 3.03815e-25 1.27741e-25 5.36345e-26 2.24884e-26 9.41642e-27 3.93765e-27 1.64446e-27 6.8589e-28 2.8572e-28 1.18875e-28 4.93989e-29 2.05034e-29 8.50015e-30 3.51987e-30 1.45591e-30 6.01533e-31 2.4826e-31 1.02349e-31 4.21501e-32 1.73403e-32 7.12627e-33 2.92567e-33 1.19991e-33 4.91626e-34 2.01227e-34 8.22732e-35 3.35814e-35 1.36443e-35 5.47575e-36 2.33131e-36 9.68738e-37 3.99382e-37 1.63884e-37 6.6988e-38 2.72906e-38 1.10866e-38 4.4931e-39 1.81725e-39 7.33727e-40 2.9581e-40 1.19105e-40 4.79022e-41 1.92458e-41 7.72528e-42 3.09826e-42 1.24157e-42 4.97154e-43 1.98926e-43 7.95395e-44 3.17814e-44 1.26902e-44 5.06376e-45 2.01925e-45 8.04681e-46 3.20461e-46 1.2754e-46 5.07273e-47 2.01632e-47 8.00943e-48 3.17959e-48 1.26144e-48 5.00144e-49 1.98177e-49 7.84772e-50 3.10576e-50 1.22837e-50 4.85544e-51 1.91809e-51 7.57268e-52 2.98796e-52 1.17828e-52 4.64376e-53 1.82912e-53 7.2006e-54 2.83303e-54 1.11402e-54 4.37821e-55 1.71974e-55 6.75145e-56 2.64911e-56 1.0389e-56 4.07216e-57 1.59534e-57 6.24682e-58 2.44483e-58 9.56361e-59 3.73924e-59 1.46128e-59 5.7079e-60 2.2285e-60 8.69654e-61 3.39217e-61 1.32254e-61 5.15398e-62 2.00761e-62 7.81668e-63 3.04209e-63 1.1834e-63 4.60148e-64 1.78845e-64 6.94811e-65 2.69818e-65 1.04734e-65 4.0637e-66 1.57605e-66 6.10992e-67 2.36765e-67 9.17105e-68 3.5509e-68 1.37428e-68 5.31661e-69 2.05595e-69 7.94716e-70 3.07066e-70 1.18597e-70 4.57867e-71 1.76696e-71 6.81615e-72 2.6283e-72 1.01306e-72 3.90322e-73 1.50327e-73 5.78733e-74 2.22715e-74 8.5674e-75 3.29443e-75 1.26632e-75 4.86565e-76 1.86884e-76 7.17533e-77 2.75391e-77 1.05657e-77 4.05218e-78 1.55354e-78 5.95396e-79 2.28106e-79 8.73615e-80 3.3447e-80 1.28012e-80 4.89787e-81 1.87338e-81 7.16327e-82 2.73821e-82 1.0464e-82 3.99765e-83 1.52684e-83 5.82996e-84 2.22544e-84 8.49168e-85 3.23675e-85 1.22796e-85 4.54538e-86 1.45428e-86 0. 
-2.543e+06 -988812. -11664.3 -325805. -668467. -726068. -594716. -411851. -253898. -143147. -74897.3 -36617.6 -16731.8 -7088.31 -2720.93 -889.278 -195.074 27.2005 73.0532 63.6983 43.7824 26.9228 15.4889 8.51693 4.53054 2.34915 1.19343 0.596204 0.293697 0.142964 0.068882 0.0328946 0.0155874 0.00733611 0.00343206 0.00159717 0.000739827 0.0003413 0.00015689 7.18971e-05 3.28604e-05 1.49848e-05 6.82037e-06 3.09944e-06 1.40671e-06 6.37805e-07 2.88951e-07 1.30825e-07 5.92039e-08 2.67819e-08 1.21112e-08 5.4752e-09 2.47439e-09 1.11782e-09 5.04757e-10 2.278e-10 1.0274e-10 4.63006e-11 2.08468e-11 9.37652e-12 4.21247e-12 1.89004e-12 8.46823e-13 3.7884e-13 1.69207e-13 7.54466e-14 3.35806e-14 1.49189e-14 6.61546e-15 2.92778e-15 1.29318e-15 5.70044e-16 2.50773e-16 1.10096e-16 4.82367e-17 2.10912e-17 9.20338e-18 4.00792e-18 1.74191e-18 7.55568e-19 3.27095e-19 1.4133e-19 6.09498e-20 2.62359e-20 1.12724e-20 4.8345e-21 2.06972e-21 8.84523e-22 3.77364e-22 1.60723e-22 6.83403e-23 2.90114e-23 1.22961e-23 5.20341e-24 2.19858e-24 9.27561e-25 3.90754e-25 1.64375e-25 6.90482e-26 2.89645e-26 1.21335e-26 5.07606e-27 2.12079e-27 8.8493e-28 3.68784e-28 1.53496e-28 6.38107e-29 2.64954e-29 1.09885e-29 4.55201e-30 1.88355e-30 7.78512e-31 3.21424e-31 1.32563e-31 5.46138e-32 2.24765e-32 9.24074e-33 3.79527e-33 1.5572e-33 6.38283e-34 2.6137e-34 1.06921e-34 4.36879e-35 1.7816e-35 7.23524e-36 2.96318e-36 1.21458e-36 4.97913e-37 2.03979e-37 8.34519e-38 3.40822e-38 1.38925e-38 5.65168e-39 2.29478e-39 9.30064e-40 3.76312e-40 1.52021e-40 6.13244e-41 2.47052e-41 9.94061e-42 3.9953e-42 1.6041e-42 6.43411e-43 2.57838e-43 1.03235e-43 4.12996e-44 1.6509e-44 6.59421e-45 2.63198e-45 1.04976e-45 4.18399e-46 1.66645e-46 6.63286e-47 2.63827e-47 1.0487e-47 4.16585e-48 1.65377e-48 6.56105e-49 2.60134e-49 1.03074e-49 4.08165e-50 1.61531e-50 6.38867e-51 2.52525e-51 9.97562e-52 3.93839e-52 1.55397e-52 6.12792e-53 2.41509e-53 9.51277e-54 3.74485e-54 1.47339e-54 5.79379e-55 2.27703e-55 8.94414e-56 3.51136e-56 1.37778e-56 5.4033e-57 2.11793e-57 8.29735e-58 3.24898e-58 1.27156e-58 4.97407e-59 1.94479e-59 7.60015e-60 2.96868e-60 1.15904e-60 4.52301e-61 1.76423e-61 6.87834e-62 2.68048e-62 1.04411e-62 4.06524e-63 1.58209e-63 6.15442e-64 2.39305e-64 9.301e-65 3.61343e-65 1.40322e-65 5.44685e-66 2.1134e-66 8.19666e-67 3.17768e-67 1.23141e-67 4.76997e-68 1.84693e-68 7.14835e-69 2.76556e-69 1.06951e-69 4.13438e-70 1.59757e-70 6.17068e-71 2.3825e-71 9.19514e-72 3.5474e-72 1.36801e-72 5.27347e-73 2.03204e-73 7.82701e-74 3.01363e-74 1.15989e-74 4.46244e-75 1.71618e-75 6.59758e-76 2.53538e-76 9.73949e-77 3.73996e-77 1.43561e-77 5.50866e-78 2.11299e-78 8.10199e-79 3.1055e-79 1.18992e-79 4.5578e-80 1.74519e-80 6.68014e-81 2.55614e-81 9.77781e-82 3.73905e-82 1.42937e-82 5.46258e-83 2.08699e-83 7.97108e-84 3.04354e-84 1.1616e-84 4.42853e-85 1.68045e-85 6.2233e-86 1.99543e-86 0. 
-2.543e+06 -1.10189e+06 18434.8 -228374. -602583. -715426. -620278. -449111. -287677. -167929. -90801.9 -45858.6 -21677.4 -9545.25 -3854.14 -1370.13 -377.917 -30.6458 61.9968 67.0416 49.6085 31.6787 18.6404 10.3981 5.58258 2.91133 1.48378 0.742237 0.365599 0.17776 0.0854843 0.0407252 0.0192462 0.00903283 0.00421425 0.00195613 0.000904001 0.000416211 0.000191017 8.74299e-05 3.99268e-05 1.81992e-05 8.28256e-06 3.76469e-06 1.70943e-06 7.75571e-07 3.51648e-07 1.59356e-07 7.21838e-08 3.26849e-08 1.47945e-08 6.6942e-09 3.02778e-09 1.36885e-09 6.18525e-10 2.79313e-10 1.26041e-10 5.6829e-11 2.55986e-11 1.15186e-11 5.17692e-12 2.3237e-12 1.04155e-12 4.66156e-13 2.083e-13 9.29228e-14 4.13806e-14 1.83944e-14 8.16141e-15 3.61424e-15 1.59744e-15 7.04652e-16 3.10214e-16 1.36294e-16 5.9761e-17 2.61508e-17 1.14203e-17 4.97743e-18 2.16505e-18 9.39883e-19 4.07223e-19 1.76097e-19 7.60053e-20 3.2743e-20 1.40795e-20 6.04316e-21 2.58917e-21 1.10736e-21 4.72786e-22 2.01511e-22 8.57445e-23 3.6425e-23 1.54487e-23 6.54182e-24 2.76586e-24 1.16762e-24 4.9218e-25 2.07162e-25 8.70713e-26 3.6545e-26 1.53173e-26 6.41133e-27 2.68002e-27 1.11883e-27 4.66482e-28 1.9425e-28 8.07896e-29 3.35603e-29 1.39246e-29 5.77075e-30 2.38884e-30 9.87769e-31 4.07985e-31 1.6833e-31 6.93774e-32 2.85639e-32 1.17481e-32 4.82701e-33 1.98131e-33 8.12452e-34 3.32828e-34 1.36213e-34 5.56906e-35 2.27412e-35 9.26906e-36 3.77951e-36 1.54183e-36 6.29274e-37 2.56879e-37 1.04844e-37 4.27686e-38 1.74316e-38 7.09702e-39 2.88584e-39 1.17188e-39 4.75211e-40 1.92435e-40 7.78181e-41 3.14265e-41 1.26752e-41 5.10595e-42 2.05443e-42 8.25698e-43 3.31507e-43 1.32962e-43 5.32777e-44 2.13288e-44 8.53112e-45 3.40942e-45 1.36145e-45 5.43228e-46 2.16587e-46 8.62905e-47 3.43542e-47 1.36675e-47 5.43377e-48 2.15883e-48 8.5713e-49 3.40088e-49 1.34851e-49 5.34371e-50 2.11621e-50 8.37536e-51 3.3127e-51 1.30948e-51 5.17311e-52 2.04243e-52 8.05913e-53 3.17816e-53 1.2526e-53 4.93401e-54 1.94242e-54 7.64262e-55 3.00539e-55 1.18119e-55 4.63986e-56 1.82161e-56 7.14785e-57 2.80328e-57 1.09883e-57 4.30499e-58 1.68574e-58 6.5977e-59 2.58094e-59 1.00913e-59 3.94372e-60 1.54048e-60 6.01446e-61 2.34711e-61 9.15519e-62 3.56944e-62 1.39103e-62 5.41842e-63 2.10968e-63 8.21044e-64 3.19393e-64 1.24192e-64 4.82698e-65 1.8753e-65 7.28251e-66 2.82688e-66 1.09686e-66 4.25416e-67 1.64929e-67 6.39146e-68 2.47586e-68 9.58682e-69 3.71062e-69 1.43563e-69 5.5522e-70 2.14641e-70 8.29446e-71 3.20398e-71 1.23714e-71 4.77505e-72 1.84232e-72 7.10531e-73 2.73924e-73 1.05562e-73 4.06649e-74 1.56589e-74 6.0275e-75 2.31924e-75 8.9205e-76 3.42979e-76 1.3182e-76 5.06448e-77 1.94502e-77 7.46713e-78 2.86566e-78 1.09935e-78 4.2159e-79 1.61618e-79 6.1935e-80 2.37263e-80 9.08602e-81 3.47832e-81 1.33112e-81 5.09242e-82 1.94755e-82 7.44582e-83 2.84577e-83 1.08731e-83 4.15299e-84 1.58554e-84 6.04662e-85 2.29517e-85 8.50331e-86 2.72896e-86 0. 
-2.543e+06 -1.09267e+06 53167.1 -185343. -577052. -715134. -637891. -473440. -310559. -185660. -102887. -53334.2 -25947. -11817.6 -4985.24 -1895.62 -603.515 -117.876 33.6512 61.1925 50.9205 34.3704 20.9145 11.9369 6.51631 3.44097 1.7704 0.891967 0.441679 0.21556 0.103922 0.0495812 0.0234458 0.0110032 0.00513059 0.00237923 0.00109824 0.000504983 0.000231453 0.000105804 4.82631e-05 2.19778e-05 9.9947e-06 4.54047e-06 2.06103e-06 9.34988e-07 4.23961e-07 1.92172e-07 8.70811e-08 3.94493e-08 1.78662e-08 8.08892e-09 3.66091e-09 1.65614e-09 7.48812e-10 3.38358e-10 1.52777e-10 6.89244e-11 3.10648e-11 1.39861e-11 6.28943e-12 2.82465e-12 1.26681e-12 5.67305e-13 2.53652e-13 1.13225e-13 5.0455e-14 2.24436e-14 9.96521e-15 4.41637e-15 1.95351e-15 8.62427e-16 3.79995e-16 1.67099e-16 7.33342e-17 3.21199e-17 1.40403e-17 6.12517e-18 2.66686e-18 1.15886e-18 5.02589e-19 2.1755e-19 9.39886e-20 4.05296e-20 1.74446e-20 7.4947e-21 3.21412e-21 1.37593e-21 5.87989e-22 2.50839e-22 1.06828e-22 4.54209e-23 1.92804e-23 8.17111e-24 3.45751e-24 1.46075e-24 6.16211e-25 2.59561e-25 1.09174e-25 4.58539e-26 1.92321e-26 8.0553e-27 3.36939e-27 1.4075e-27 5.87197e-28 2.44662e-28 1.01815e-28 4.23177e-29 1.75676e-29 7.28441e-30 3.01699e-30 1.24813e-30 5.15779e-31 2.12908e-31 8.77916e-32 3.61622e-32 1.48801e-32 6.11665e-33 2.51179e-33 1.03044e-33 4.22319e-34 1.72917e-34 7.07322e-35 2.89038e-35 1.17971e-35 4.81107e-36 1.96104e-36 7.99117e-37 3.25579e-37 1.32623e-37 5.40085e-38 2.19848e-38 8.9441e-39 3.63611e-39 1.47696e-39 5.99353e-40 2.42966e-40 9.83854e-41 3.97947e-41 1.60777e-41 6.48819e-42 2.61537e-42 1.05308e-42 4.23564e-43 1.70184e-43 6.83092e-44 2.73912e-44 1.09731e-44 4.39188e-45 1.75625e-45 7.01694e-46 2.80123e-46 1.11738e-46 4.45361e-47 1.77375e-47 7.05913e-48 2.80734e-48 1.11566e-48 4.43064e-49 1.75836e-49 6.9736e-50 2.7639e-50 1.09473e-50 4.33328e-51 1.71417e-51 6.77675e-52 2.67747e-52 1.05722e-52 4.17205e-53 1.64542e-53 6.48562e-54 2.55491e-54 1.0059e-54 3.95809e-55 1.5566e-55 6.11826e-56 2.40349e-56 9.43674e-57 3.70314e-57 1.45241e-57 5.69351e-58 2.23073e-58 8.73557e-59 3.41913e-59 1.33759e-59 5.23017e-60 2.04407e-60 7.9848e-61 3.11764e-61 1.21669e-61 4.74604e-62 1.85047e-62 7.2116e-63 2.80921e-63 1.09381e-63 4.25702e-64 1.65607e-64 6.43962e-65 2.50296e-65 9.72439e-66 3.77646e-66 1.46597e-66 5.68829e-67 2.20627e-67 8.55373e-68 3.31493e-68 1.28415e-68 4.97259e-69 1.92475e-69 7.44716e-70 2.88028e-70 1.11354e-70 4.30335e-71 1.6624e-71 6.41942e-72 2.47791e-72 9.5611e-73 3.68775e-73 1.42183e-73 5.47982e-74 2.11115e-74 8.1303e-75 3.12989e-75 1.20445e-75 4.63321e-76 1.78161e-76 6.84831e-77 2.63143e-77 1.01074e-77 3.88085e-78 1.48956e-78 5.71517e-79 2.19202e-79 8.40437e-80 3.22116e-80 1.23414e-80 4.72682e-81 1.80977e-81 6.92674e-82 2.65026e-82 1.01369e-82 3.87596e-83 1.48153e-83 5.66102e-84 2.16212e-84 8.24863e-85 3.13227e-85 1.16102e-85 3.72851e-86 0. 
-2.543e+06 -1.07561e+06 75816.9 -164613. -565148. -715011. -647241. -487371. -324657. -197373. -111417. -58959.3 -29368.3 -13758. -6017.59 -2411.83 -845.428 -223.087 -7.81763 47.2614 47.7439 34.7522 22.0732 12.968 7.23251 3.88364 2.02528 1.03169 0.515517 0.25347 0.122935 0.0589332 0.0279715 0.0131633 0.00614963 0.00285526 0.0013188 0.000606484 0.000277909 0.000126976 5.78807e-05 2.63367e-05 1.19672e-05 5.43231e-06 2.46414e-06 1.1172e-06 5.06356e-07 2.2945e-07 1.03957e-07 4.70935e-08 2.13306e-08 9.65962e-09 4.3732e-09 1.97916e-09 8.95289e-10 4.04756e-10 1.82861e-10 8.25457e-11 3.72273e-11 1.67714e-11 7.54698e-12 3.39175e-12 1.52223e-12 6.82181e-13 3.05245e-13 1.36362e-13 6.08139e-14 2.70741e-14 1.20316e-14 5.33694e-15 2.36289e-15 1.04416e-15 4.60521e-16 2.02715e-16 8.90571e-17 3.90478e-17 1.70871e-17 7.46254e-18 3.25276e-18 1.41504e-18 6.14389e-19 2.66245e-19 1.15158e-19 4.97146e-20 2.14222e-20 9.21396e-21 3.95584e-21 1.69533e-21 7.25275e-22 3.0974e-22 1.32054e-22 5.62048e-23 2.38825e-23 1.01317e-23 4.29133e-24 1.81478e-24 7.66279e-25 3.2307e-25 1.36008e-25 5.71746e-26 2.40007e-26 1.00609e-26 4.21171e-27 1.76074e-27 7.35127e-28 3.06527e-28 1.27651e-28 5.30934e-29 2.20561e-29 9.1516e-30 3.79277e-30 1.57006e-30 6.4921e-31 2.68147e-31 1.10634e-31 4.55971e-32 1.87729e-32 7.72103e-33 3.17233e-33 1.30211e-33 5.33939e-34 2.18733e-34 8.95201e-35 3.66024e-35 1.49508e-35 6.10106e-36 2.48763e-36 1.01359e-36 4.12755e-37 1.68e-37 6.83496e-38 2.77953e-38 1.1298e-38 4.58993e-39 1.86358e-39 7.56132e-40 3.06564e-40 1.24191e-40 5.02664e-41 2.03266e-41 8.21173e-42 3.3142e-42 1.33626e-42 5.38228e-43 2.16576e-43 8.70611e-44 3.49635e-44 1.40278e-44 5.62284e-45 2.25177e-45 9.00954e-46 3.60166e-46 1.43857e-46 5.74117e-47 2.28938e-47 9.12207e-48 3.6319e-48 1.44493e-48 5.74437e-49 2.28205e-49 9.05944e-50 3.594e-50 1.42482e-50 5.64488e-51 2.23494e-51 8.84293e-52 3.49665e-52 1.38178e-52 5.45703e-53 2.15383e-53 8.49586e-54 3.34924e-54 1.31957e-54 5.19599e-55 2.04483e-55 8.0427e-56 3.16158e-56 1.24213e-56 4.87749e-57 1.91422e-57 7.50852e-58 2.94367e-58 1.15345e-58 4.51734e-59 1.76827e-59 6.9182e-60 2.70534e-60 1.0574e-60 4.13087e-61 1.61301e-61 6.2954e-62 2.45587e-62 9.57603e-63 3.7322e-63 1.45394e-63 5.66148e-64 2.20353e-64 8.57269e-65 3.33368e-65 1.29581e-65 5.03469e-66 1.95532e-66 7.59068e-67 2.94551e-67 1.14251e-67 4.42975e-68 1.71681e-68 6.651e-69 2.57559e-69 9.96995e-70 3.85777e-70 1.49213e-70 5.76908e-71 2.22965e-71 8.61382e-72 3.3265e-72 1.28414e-72 4.95528e-73 1.91143e-73 7.37028e-74 2.84082e-74 1.09456e-74 4.21573e-75 1.62309e-75 6.24667e-76 2.40322e-76 9.24225e-77 3.55305e-77 1.36542e-77 5.2453e-78 2.01427e-78 7.73226e-79 2.96715e-79 1.1382e-79 4.36455e-80 1.67305e-80 6.411e-81 2.45579e-81 9.4039e-82 3.59978e-82 1.37751e-82 5.26952e-83 2.01512e-83 7.7033e-84 2.94342e-84 1.12344e-84 4.26819e-85 1.58306e-85 5.08824e-86 0. 
-2.543e+06 -1.06811e+06 84830.1 -154464. -554655. -707960. -645721. -490509. -330184. -203219. -116370. -62612. -31802.1 -15253.6 -6875.34 -2874.06 -1080.06 -335.094 -57.7223 26.8869 40.4563 32.7693 21.967 13.3601 7.64145 4.18513 2.21813 1.14542 0.579034 0.287556 0.140668 0.0679303 0.0324424 0.0153465 0.00720004 0.00335427 0.0015533 0.000715681 0.000328366 0.000150142 6.84616e-05 3.11497e-05 1.41498e-05 6.41986e-06 2.91032e-06 1.31863e-06 5.97265e-07 2.70484e-07 1.22487e-07 5.54658e-08 2.51161e-08 1.13723e-08 5.14856e-09 2.33034e-09 1.05439e-09 4.7685e-10 2.15525e-10 9.73412e-11 4.39258e-11 1.98022e-11 8.91709e-12 4.01054e-12 1.80138e-12 8.07964e-13 3.61845e-13 1.61794e-13 7.22246e-14 3.21856e-14 1.43176e-14 6.3576e-15 2.81781e-15 1.24656e-15 5.50411e-16 2.42563e-16 1.0669e-16 4.68354e-17 2.05201e-17 8.97297e-18 3.91605e-18 1.70576e-18 7.41567e-19 3.21773e-19 1.39355e-19 6.0239e-20 2.5991e-20 1.11935e-20 4.81193e-21 2.06486e-21 8.84487e-22 3.7821e-22 1.61446e-22 6.87991e-23 2.92695e-23 1.24318e-23 5.27175e-24 2.23196e-24 9.43496e-25 3.98227e-25 1.6783e-25 7.06265e-26 2.96783e-26 1.24535e-26 5.21845e-27 2.18372e-27 9.12581e-28 3.80868e-28 1.58751e-28 6.60862e-29 2.74768e-29 1.14102e-29 4.73259e-30 1.96064e-30 8.11328e-31 3.35356e-31 1.38463e-31 5.7107e-32 2.35278e-32 9.68317e-33 3.98113e-33 1.63514e-33 6.70921e-34 2.75019e-34 1.12625e-34 4.60779e-35 1.88337e-35 7.69076e-36 3.13768e-36 1.27902e-36 5.20969e-37 2.1205e-37 8.62559e-38 3.50657e-38 1.42473e-38 5.78552e-39 2.34806e-39 9.52404e-40 3.8607e-40 1.56395e-40 6.33109e-41 2.561e-41 1.03514e-41 4.18057e-42 1.68695e-42 6.80132e-43 2.73966e-43 1.10258e-43 4.43335e-44 1.78098e-44 7.14817e-45 2.86643e-45 1.14842e-45 4.5971e-46 1.83861e-46 7.34733e-47 2.93365e-47 1.17039e-47 4.66561e-48 1.85842e-48 7.39686e-49 2.94187e-49 1.16918e-49 4.64325e-50 1.84271e-50 7.30784e-51 2.89618e-51 1.14702e-51 4.53971e-52 1.79558e-52 7.0975e-53 2.80371e-53 1.10686e-53 4.36702e-54 1.72194e-54 6.78568e-55 2.67248e-55 1.05193e-55 4.13818e-56 1.627e-56 6.39329e-57 2.51086e-57 9.85566e-58 3.86647e-58 1.51605e-58 5.94134e-59 2.32718e-59 9.11071e-60 3.56496e-60 1.39424e-60 5.45014e-61 2.12943e-61 8.31588e-62 3.24597e-62 1.26641e-62 4.93856e-63 1.92497e-63 7.49979e-64 2.92062e-64 1.13686e-64 4.42328e-65 1.72024e-65 6.68722e-66 2.59845e-66 1.00924e-66 3.91826e-67 1.52058e-67 5.89851e-68 2.28716e-68 8.86488e-69 3.43457e-69 1.33014e-69 5.14929e-70 1.99262e-70 7.7078e-71 2.98034e-71 1.15195e-71 4.45071e-72 1.71894e-72 6.63625e-73 2.56106e-73 9.87991e-74 3.80997e-74 1.46868e-74 5.65938e-75 2.17996e-75 8.39398e-76 3.23092e-76 1.24315e-76 4.78148e-77 1.83841e-77 7.06584e-78 2.71474e-78 1.04264e-78 4.00301e-79 1.53632e-79 5.89419e-80 2.26054e-80 8.66657e-81 3.32147e-81 1.27252e-81 4.87355e-82 1.86586e-82 7.14112e-83 2.73215e-83 1.04494e-83 3.9946e-84 1.52542e-84 5.79892e-85 2.15267e-85 6.92829e-86 0. 
-2.543e+06 -1.07016e+06 79800.6 -153390. -542136. -690515. -630833. -481320. -326223. -202616. -117346. -64008.1 -33051.6 -16175.2 -7479.23 -3236.92 -1283.25 -441.986 -110.692 2.22014 29.7634 28.5521 20.5396 13.0239 7.66954 4.2959 2.31896 1.21623 0.623156 0.31314 0.154787 0.0754401 0.0363225 0.0173044 0.00816875 0.00382564 0.00177943 0.00082285 0.000378629 0.000173508 7.92427e-05 3.60933e-05 1.64052e-05 7.44472e-06 3.3746e-06 1.5285e-06 6.91998e-07 3.13212e-07 1.41753e-07 6.41546e-08 2.90363e-08 1.31422e-08 5.94817e-09 2.69186e-09 1.21795e-09 5.50885e-10 2.4905e-10 1.12525e-10 5.08021e-11 2.29156e-11 1.03262e-11 4.64784e-12 2.08939e-12 9.37991e-13 4.20483e-13 1.88205e-13 8.4104e-14 3.75211e-14 1.67103e-14 7.42884e-15 3.29663e-15 1.46021e-15 6.45574e-16 2.84874e-16 1.25467e-16 5.51534e-17 2.41978e-17 1.0596e-17 4.63094e-18 2.02004e-18 8.79465e-19 3.82163e-19 1.65751e-19 7.1754e-20 3.10047e-20 1.33723e-20 5.75698e-21 2.47399e-21 1.06128e-21 4.5446e-22 1.94272e-22 8.2905e-23 3.532e-23 1.50225e-23 6.37901e-24 2.70438e-24 1.14472e-24 4.83786e-25 2.04149e-25 8.60185e-26 3.61907e-26 1.52046e-26 6.37878e-27 2.67236e-27 1.11805e-27 4.67137e-28 1.9492e-28 8.12284e-29 3.38072e-29 1.40531e-29 5.83453e-30 2.41947e-30 1.00213e-30 4.146e-31 1.71334e-31 7.07253e-32 2.91631e-32 1.20124e-32 4.94275e-33 2.0317e-33 8.3428e-34 3.4224e-34 1.40257e-34 5.74251e-35 2.34889e-35 9.59879e-36 3.91894e-36 1.59856e-36 6.51506e-37 2.65309e-37 1.07957e-37 4.38974e-38 1.78373e-38 7.24338e-39 2.93956e-39 1.19222e-39 4.83246e-40 1.95755e-40 7.92468e-41 3.20603e-41 1.29617e-41 5.2366e-42 2.11408e-42 8.52842e-43 3.43778e-43 1.38466e-43 5.57258e-44 2.24084e-44 9.0034e-45 3.61441e-45 1.44978e-45 5.81039e-46 2.32672e-46 9.3094e-47 3.7217e-47 1.48665e-47 5.93368e-48 2.36644e-48 9.43035e-49 3.75513e-49 1.49415e-49 5.9407e-50 2.36028e-50 9.37082e-51 3.71778e-51 1.47397e-51 5.83975e-52 2.31211e-52 9.1482e-53 3.61726e-53 1.42938e-53 5.64467e-54 2.22772e-54 8.78653e-55 3.46347e-55 1.36442e-55 5.37191e-56 2.11377e-56 8.31265e-57 3.2672e-57 1.28342e-57 5.03879e-58 1.97718e-58 7.75412e-59 3.0394e-59 1.19074e-59 4.66252e-60 1.82474e-60 7.13776e-61 2.79065e-61 1.09052e-61 4.25941e-62 1.66286e-62 6.48863e-63 2.53072e-63 9.86581e-64 3.84432e-64 1.4973e-64 5.82906e-65 2.26827e-65 8.82261e-66 3.43012e-66 1.333e-66 5.17806e-67 2.01056e-67 7.8034e-68 3.02739e-68 1.17401e-68 4.55091e-69 1.76338e-69 6.82998e-70 2.64434e-70 1.0234e-70 3.95911e-71 1.53102e-71 5.91828e-72 2.28687e-72 8.83326e-73 3.41063e-73 1.31638e-73 5.07886e-74 1.95879e-74 7.55171e-75 2.91033e-75 1.12119e-75 4.31771e-76 1.66215e-76 6.39627e-77 2.46051e-77 9.46166e-78 3.63708e-78 1.39759e-78 5.36852e-79 2.06145e-79 7.91293e-80 3.03633e-80 1.16468e-80 4.46594e-81 1.71186e-81 6.55954e-82 2.51263e-82 9.62135e-83 3.68294e-83 1.40928e-83 5.3902e-84 2.05952e-84 7.83504e-85 2.91208e-85 9.3928e-86 0. 
-2.543e+06 -1.08218e+06 51614.9 -172649. -534529. -665304. -602738. -458981. -311764. -194689. -113689. -62695.9 -32824.3 -16343.3 -7724.17 -3441.92 -1424.03 -528.223 -159.393 -23.5279 16.9318 22.5181 17.8753 11.9345 7.27066 4.1768 2.30097 1.22764 0.638423 0.32506 0.162581 0.0800821 0.038927 0.018705 0.00889784 0.00419554 0.00196318 0.000912525 0.000421743 0.000193974 8.88529e-05 4.05644e-05 1.84692e-05 8.39139e-06 3.80651e-06 1.72472e-06 7.80862e-07 3.53362e-07 1.59866e-07 7.23191e-08 3.27154e-08 1.48003e-08 6.69583e-09 3.02923e-09 1.3703e-09 6.19744e-10 2.80197e-10 1.26622e-10 5.71861e-11 2.58074e-11 1.16362e-11 5.24121e-12 2.35806e-12 1.05957e-12 4.75459e-13 2.13041e-13 9.53114e-14 4.25723e-14 1.89838e-14 8.4506e-15 3.75512e-15 1.66561e-15 7.37436e-16 3.25886e-16 1.43744e-16 6.32832e-17 2.78074e-17 1.21956e-17 5.33845e-18 2.33237e-18 1.01708e-18 4.42677e-19 1.9231e-19 8.33874e-20 3.60905e-20 1.55914e-20 6.72332e-21 2.894e-21 1.24347e-21 5.33345e-22 2.28362e-22 9.76092e-23 4.16506e-23 1.7743e-23 7.54598e-24 3.20405e-24 1.35829e-24 5.74909e-25 2.42961e-25 1.02521e-25 4.31959e-26 1.81733e-26 7.63481e-27 3.20293e-27 1.34182e-27 5.61365e-28 2.34539e-28 9.78618e-29 4.07803e-29 1.69721e-29 7.05476e-30 2.92885e-30 1.21448e-30 5.03009e-31 2.08093e-31 8.59901e-32 3.54941e-32 1.46349e-32 6.02776e-33 2.48009e-33 1.01936e-33 4.18552e-34 1.71687e-34 7.03555e-35 2.88032e-35 1.17806e-35 4.81384e-36 1.96524e-36 8.01583e-37 3.26667e-37 1.33014e-37 5.41177e-38 2.20013e-38 8.93798e-39 3.62848e-39 1.47203e-39 5.96793e-40 2.41797e-40 9.79047e-41 3.96169e-41 1.60206e-41 6.47434e-42 2.61472e-42 1.05526e-42 4.25594e-43 1.71523e-43 6.90769e-44 2.77985e-44 1.11785e-44 4.4917e-45 1.80344e-45 7.23522e-46 2.90041e-46 1.16178e-46 4.6499e-47 1.8596e-47 7.43113e-48 2.96722e-48 1.18388e-48 4.71985e-49 1.88027e-49 7.48485e-50 2.97731e-50 1.18344e-50 4.7006e-51 1.86574e-51 7.40019e-52 2.93315e-52 1.16179e-52 4.59867e-53 1.81907e-53 7.19087e-54 2.84077e-54 1.12154e-54 4.42512e-55 1.74489e-55 6.87618e-56 2.70812e-56 1.06594e-56 4.19321e-57 1.64859e-57 6.47785e-58 2.54395e-58 9.98495e-59 3.91694e-59 1.53573e-59 6.01802e-60 2.35702e-60 9.22677e-61 3.61004e-61 1.41174e-61 5.518e-62 2.15572e-62 8.41767e-63 3.28534e-63 1.28163e-63 4.99733e-64 1.94765e-64 7.58723e-65 2.95431e-65 1.14983e-65 4.47317e-66 1.73942e-66 6.7609e-67 2.62673e-67 1.02009e-67 3.95984e-68 1.53651e-68 5.95949e-69 2.31049e-69 8.95408e-70 3.46866e-70 1.34316e-70 5.19899e-71 2.01159e-71 7.78016e-72 3.00793e-72 1.16247e-72 4.49081e-73 1.73422e-73 6.69449e-74 2.58326e-74 9.96448e-75 3.8422e-75 1.48096e-75 5.70622e-76 2.19783e-76 8.46213e-77 3.25692e-77 1.25308e-77 4.81941e-78 1.8529e-78 7.12125e-79 2.73593e-79 1.05075e-79 4.03407e-80 1.54822e-80 5.9398e-81 2.27803e-81 8.73365e-82 3.34721e-82 1.28239e-82 4.91146e-83 1.88038e-83 7.19599e-84 2.75119e-84 1.04758e-84 3.90046e-85 1.26265e-85 0. 
-2.543e+06 -1.10359e+06 -21574.9 -239965. -552885. -644887. -567656. -425937. -287357. -179210. -104959. -58264.1 -30810.9 -15550.8 -7482.37 -3414.91 -1461.62 -572.493 -193.227 -45.3627 4.1712 15.5673 14.2964 10.1803 6.44991 3.81061 2.14598 1.16616 0.616164 0.318181 0.161174 0.0803107 0.0394517 0.0191406 0.00918546 0.00436588 0.00205765 0.000962618 0.000447436 0.000206815 9.51382e-05 4.35889e-05 1.99041e-05 9.06412e-06 4.11881e-06 1.86853e-06 8.46638e-07 3.83289e-07 1.73427e-07 7.84458e-08 3.54778e-08 1.60444e-08 7.25593e-09 3.28143e-09 1.48394e-09 6.70995e-10 3.03338e-10 1.37085e-10 6.19221e-11 2.79536e-11 1.26097e-11 5.68311e-12 2.55874e-12 1.15073e-12 5.16861e-13 2.3184e-13 1.03842e-13 4.64403e-14 2.07359e-14 9.24335e-15 4.11332e-15 1.82722e-15 8.10239e-16 3.58626e-16 1.58442e-16 6.98695e-17 3.07532e-17 1.35106e-17 5.92433e-18 2.59288e-18 1.13268e-18 4.93869e-19 2.14933e-19 9.33652e-20 4.0482e-20 1.75203e-20 7.5688e-21 3.26384e-21 1.40492e-21 6.03683e-22 2.58944e-22 1.10879e-22 4.73974e-23 2.02268e-23 8.61743e-24 3.66537e-24 1.55653e-24 6.5994e-25 2.79366e-25 1.18079e-25 4.98328e-26 2.09995e-26 8.83623e-27 3.71278e-27 1.55782e-27 6.52724e-28 2.73117e-28 1.14126e-28 4.76267e-29 1.98496e-29 8.26232e-30 3.43487e-30 1.42622e-30 5.91481e-31 2.45009e-31 1.01372e-31 4.18952e-32 1.72951e-32 7.13192e-33 2.9378e-33 1.20887e-33 4.96919e-34 2.04056e-34 8.37099e-35 3.43066e-35 1.40462e-35 5.74545e-36 2.34792e-36 9.58615e-37 3.91034e-37 1.59369e-37 6.48965e-38 2.64047e-38 1.07348e-38 4.36088e-39 1.77024e-39 7.18094e-40 2.91091e-40 1.17919e-40 4.77366e-41 1.93124e-41 7.80804e-42 3.15477e-42 1.27383e-42 5.14011e-43 2.07274e-43 8.3527e-44 3.36365e-44 1.35361e-44 5.4434e-45 2.18743e-45 8.78382e-46 3.52462e-46 1.41325e-46 5.66237e-47 2.267e-47 9.06934e-48 3.62553e-48 1.44823e-48 5.78065e-49 2.30562e-49 9.18915e-50 3.65965e-50 1.45641e-50 5.79178e-51 2.30158e-51 9.13968e-52 3.62685e-52 1.43822e-52 5.69932e-53 2.25697e-53 8.93179e-54 3.53236e-54 1.39607e-54 5.5141e-55 2.17654e-55 8.58591e-56 3.38486e-56 1.33362e-56 5.25126e-57 2.06652e-57 8.12763e-58 3.19476e-58 1.25507e-58 4.92782e-59 1.93376e-59 7.58426e-60 2.97297e-60 1.16476e-60 4.56097e-61 1.78506e-61 6.98272e-62 2.73009e-62 1.06687e-62 4.1671e-63 1.62683e-63 6.34808e-64 2.47591e-64 9.65209e-65 3.76102e-65 1.46484e-65 5.70262e-66 2.21903e-66 8.63093e-67 3.35552e-67 1.30398e-67 5.0652e-68 1.96668e-68 7.63287e-69 2.96114e-69 1.14828e-69 4.45102e-70 1.72462e-70 6.67959e-71 2.58603e-71 1.00079e-71 3.87152e-72 1.4971e-72 5.78696e-73 2.23606e-73 8.63672e-74 3.33465e-74 1.28703e-74 4.96549e-75 1.91503e-75 7.38289e-76 2.84523e-76 1.0961e-76 4.2211e-77 1.62496e-77 6.25321e-78 2.40551e-78 9.25034e-79 3.55593e-79 1.36645e-79 5.24907e-80 2.01567e-80 7.73754e-81 2.96918e-81 1.13899e-81 4.36769e-82 1.67431e-82 6.4161e-83 2.45784e-83 9.41139e-84 3.60066e-84 1.37255e-84 5.1235e-85 1.66874e-85 0. 
-2.543e+06 -1.11119e+06 -168288. -393283. -628850. -651194. -538951. -389452. -256488. -157589. -91556.5 -50697.5 -26870.3 -13652.5 -6642.7 -3082.05 -1351.21 -549.357 -198.555 -56.3399 -5.15907 9.23793 10.4626 8.02026 5.29533 3.21866 1.85292 1.02547 0.550484 0.288316 0.147937 0.0745919 0.0370454 0.0181564 0.00879547 0.00421705 0.0020035 0.000944189 0.000441804 0.000205438 9.50094e-05 4.37331e-05 2.00501e-05 9.1615e-06 4.17463e-06 1.89803e-06 8.61461e-07 3.90477e-07 1.76824e-07 8.00206e-08 3.61975e-08 1.63699e-08 7.40207e-09 3.34678e-09 1.51312e-09 6.84035e-10 3.09182e-10 1.39715e-10 6.31123e-11 2.84956e-11 1.2858e-11 5.79761e-12 2.61182e-12 1.17545e-12 5.28416e-13 2.37254e-13 1.06383e-13 4.76339e-14 2.12964e-14 9.50632e-15 4.23652e-15 1.88483e-15 8.37115e-16 3.71134e-16 1.64246e-16 7.25554e-17 3.19923e-17 1.40805e-17 6.18562e-18 2.71231e-18 1.18709e-18 5.18586e-19 2.26126e-19 9.84182e-20 4.27563e-20 1.85409e-20 8.02547e-21 3.46759e-21 1.49557e-21 6.439e-22 2.76738e-22 1.18731e-22 5.08531e-23 2.17437e-23 9.28165e-24 3.95548e-24 1.68293e-24 7.14886e-25 3.03194e-25 1.28389e-25 5.42834e-26 2.29166e-26 9.66027e-27 4.06623e-27 1.70911e-27 7.17356e-28 3.00673e-28 1.25852e-28 5.26071e-29 2.19611e-29 9.15589e-30 3.81236e-30 1.58542e-30 6.58509e-31 2.73184e-31 1.13197e-31 4.68498e-32 1.9368e-32 7.99791e-33 3.29905e-33 1.35935e-33 5.59519e-34 2.30061e-34 9.44992e-35 3.87771e-35 1.58962e-35 6.51011e-36 2.6636e-36 1.08878e-36 4.44644e-37 1.81422e-37 7.39581e-38 3.01235e-38 1.22591e-38 4.98495e-39 2.02543e-39 8.22323e-40 3.33614e-40 1.35249e-40 5.47924e-41 2.21824e-41 8.97445e-42 3.62845e-42 1.46606e-42 5.91971e-43 2.38874e-43 9.63287e-44 3.88203e-44 1.56342e-44 6.2922e-45 2.53068e-45 1.01712e-45 4.08516e-46 1.63961e-46 6.57604e-47 2.63559e-47 1.05554e-47 4.22435e-48 1.68938e-48 6.7511e-49 2.6959e-49 1.07576e-49 4.28953e-50 1.70917e-50 6.80531e-51 2.70767e-51 1.07655e-51 4.27723e-52 1.69819e-52 6.73762e-53 2.67134e-53 1.05841e-53 4.19073e-54 1.65819e-54 6.55686e-55 2.59105e-55 1.02324e-55 4.03838e-56 1.59282e-56 6.27854e-57 2.47337e-57 9.73778e-58 3.83156e-58 1.50674e-58 5.92179e-59 2.32606e-59 9.13163e-60 3.5829e-60 1.40503e-60 5.50685e-61 2.1572e-61 8.44598e-62 3.3051e-62 1.2927e-62 5.05349e-63 1.97455e-63 7.71133e-64 3.01009e-64 1.17441e-64 4.57988e-65 1.78518e-65 6.95518e-66 2.70854e-66 1.0543e-66 4.10199e-67 1.59526e-67 6.20124e-68 2.40954e-68 9.35843e-69 3.63317e-69 1.40989e-69 5.4689e-70 2.12049e-70 8.2185e-71 3.18399e-71 1.23304e-71 4.77316e-72 1.84699e-72 7.14416e-73 2.76228e-73 1.06762e-73 4.12477e-74 1.593e-74 6.14991e-75 2.37333e-75 9.15555e-76 3.53061e-76 1.36099e-76 5.24448e-77 2.02018e-77 7.77896e-78 2.99431e-78 1.15217e-78 4.43179e-79 1.70408e-79 6.55006e-80 2.5168e-80 9.6672e-81 3.71194e-81 1.42479e-81 5.46702e-82 2.09701e-82 8.04085e-83 3.08213e-83 1.18094e-83 4.52156e-84 1.72591e-84 6.466e-85 2.12775e-85 0. 
-2.543e+06 -979097. -382906. -640662. -774223. -696958. -527431. -357195. -223886. -132397. -74706.8 -40483.7 -21136.8 -10640.1 -5155.67 -2393.9 -1055.71 -434.603 -160.908 -48.374 -6.78634 5.67504 7.39787 5.91707 4.00276 2.47676 1.4471 0.811461 0.440893 0.233546 0.121126 0.0617003 0.0309432 0.0153074 0.00748135 0.00361729 0.00173227 0.000822484 0.000387545 0.000181372 8.43759e-05 3.90466e-05 1.79873e-05 8.25362e-06 3.77467e-06 1.72151e-06 7.83348e-07 3.55804e-07 1.61381e-07 7.3119e-08 3.31029e-08 1.49783e-08 6.77474e-09 3.06344e-09 1.38498e-09 6.2604e-10 2.82932e-10 1.27839e-10 5.77442e-11 2.60724e-11 1.17661e-11 5.30651e-12 2.39145e-12 1.0768e-12 4.84375e-13 2.17646e-13 9.76774e-14 4.37797e-14 1.95951e-14 8.7576e-15 3.908e-15 1.74113e-15 7.74445e-16 3.43886e-16 1.52436e-16 6.74522e-17 2.97941e-17 1.31365e-17 5.78154e-18 2.53987e-18 1.11375e-18 4.87487e-19 2.12983e-19 9.28819e-20 4.04321e-20 1.75684e-20 7.62001e-21 3.29913e-21 1.42584e-21 6.15139e-22 2.64921e-22 1.13896e-22 4.88825e-23 2.09441e-23 8.95866e-24 3.82564e-24 1.631e-24 6.94228e-25 2.95025e-25 1.25179e-25 5.30315e-26 2.24322e-26 9.47453e-27 3.99576e-27 1.68271e-27 7.07612e-28 2.97145e-28 1.24606e-28 5.21814e-29 2.18228e-29 9.11448e-30 3.80181e-30 1.58378e-30 6.58956e-31 2.73832e-31 1.13654e-31 4.71164e-32 1.95098e-32 8.06929e-33 3.33373e-33 1.37577e-33 5.67137e-34 2.33544e-34 9.60714e-35 3.94796e-35 1.62074e-35 6.64694e-36 2.72337e-36 1.11474e-36 4.5586e-37 1.86246e-37 7.60234e-38 3.10042e-38 1.26333e-38 5.14332e-39 2.09224e-39 8.50408e-40 3.45386e-40 1.40169e-40 5.68429e-41 2.30351e-41 9.32822e-42 3.77494e-42 1.52662e-42 6.16969e-43 2.4918e-43 1.00573e-43 4.05665e-44 1.63521e-44 6.58716e-45 2.65179e-45 1.06683e-45 4.28905e-46 1.7232e-46 6.91857e-47 2.77587e-47 1.11296e-47 4.45921e-48 1.78538e-48 7.14321e-49 2.85593e-49 1.14101e-49 4.55536e-50 1.81737e-50 7.2452e-51 2.88635e-51 1.14904e-51 4.57105e-52 1.81715e-52 7.21871e-53 2.86568e-53 1.13683e-53 4.50681e-54 1.78546e-54 7.0687e-55 2.79669e-55 1.10577e-55 4.36925e-56 1.72533e-56 6.80873e-57 2.68529e-57 1.0584e-57 4.16915e-58 1.6413e-58 6.4576e-59 2.53924e-59 9.97903e-60 3.91947e-60 1.5386e-60 6.03647e-61 2.36704e-61 9.27674e-62 3.63375e-62 1.42261e-62 5.56667e-63 2.17712e-63 8.51038e-64 3.32506e-64 1.29848e-64 5.06829e-65 1.97732e-65 7.71058e-66 3.00533e-66 1.17083e-66 4.55929e-67 1.77461e-67 6.90418e-68 2.6849e-68 1.04364e-68 4.05496e-69 1.57483e-69 6.11359e-70 2.37233e-70 9.20175e-71 3.56768e-71 1.38269e-71 5.35654e-72 2.07429e-72 8.02937e-73 3.10686e-73 1.20169e-73 4.64612e-74 1.79566e-74 6.93728e-75 2.67911e-75 1.03425e-75 3.99117e-76 1.53962e-76 5.93697e-77 2.28853e-77 8.81841e-78 3.39677e-78 1.30793e-78 5.03441e-79 1.93712e-79 7.45094e-80 2.86492e-80 1.10118e-80 4.23112e-81 1.62518e-81 6.24014e-82 2.39518e-82 9.19036e-83 3.52514e-83 1.35163e-83 5.17938e-84 1.9801e-84 7.45527e-85 2.49531e-85 0. 
-2.543e+06 -210874. -450915. -863392. -924524. -752198. -522401. -327270. -190649. -105169. -55555.3 -28289.5 -13930.8 -6635.37 -3047.82 -1340.3 -556.175 -211.33 -68.1915 -13.7777 3.79701 7.36206 6.39944 4.51604 2.87784 1.72223 0.986409 0.546524 0.29489 0.15566 0.0806451 0.041108 0.0206567 0.0102486 0.00502704 0.00244059 0.00117395 0.000559969 0.000265093 0.000124647 5.82532e-05 2.70773e-05 1.25259e-05 5.7702e-06 2.64844e-06 1.2118e-06 5.53003e-07 2.51807e-07 1.14453e-07 5.19463e-08 2.35498e-08 1.06668e-08 4.82817e-09 2.18426e-09 9.87744e-10 4.46513e-10 2.01783e-10 9.11577e-11 4.11665e-11 1.85829e-11 8.38423e-12 3.78057e-12 1.70354e-12 7.67008e-13 3.45031e-13 1.55053e-13 6.96021e-14 3.12065e-14 1.39737e-14 6.24863e-15 2.7902e-15 1.24404e-15 5.53808e-16 2.46143e-16 1.0922e-16 4.83821e-17 2.13957e-17 9.44529e-18 4.1624e-18 1.83107e-18 8.04073e-19 3.52461e-19 1.54224e-19 6.73623e-20 2.93702e-20 1.27827e-20 5.55356e-21 2.40853e-21 1.04273e-21 4.50645e-22 1.94422e-22 8.37361e-23 3.60032e-23 1.54539e-23 6.62232e-24 2.83313e-24 1.21008e-24 5.16017e-25 2.19695e-25 9.33891e-26 3.96367e-26 1.67971e-26 7.10751e-27 3.00299e-27 1.26693e-27 5.33737e-28 2.24535e-28 9.43261e-29 3.95715e-29 1.65785e-29 6.9363e-30 2.89829e-30 1.20947e-30 5.04079e-31 2.09827e-31 8.72351e-32 3.62242e-32 1.50242e-32 6.22416e-33 2.57557e-33 1.06458e-33 4.39545e-34 1.81284e-34 7.4688e-35 3.0739e-35 1.26381e-35 5.19079e-36 2.12988e-36 8.73074e-37 3.57545e-37 1.46285e-37 5.97954e-38 2.44196e-38 9.96377e-39 4.0619e-39 1.65449e-39 6.73341e-40 2.73813e-40 1.11257e-40 4.51721e-41 1.83267e-41 7.42991e-42 3.01004e-42 1.2186e-42 4.93005e-43 1.99321e-43 8.05319e-44 3.25162e-44 1.31205e-44 5.29079e-45 2.13212e-45 8.58658e-46 3.45579e-46 1.38992e-46 5.58657e-47 2.24394e-47 9.00711e-48 3.61297e-48 1.44826e-48 5.80134e-49 2.32224e-49 9.28931e-50 3.71325e-50 1.48326e-50 5.92071e-51 2.36169e-51 9.4138e-52 3.74973e-52 1.49255e-52 5.93685e-53 2.35982e-53 9.3735e-54 3.72071e-54 1.47589e-54 5.85048e-55 2.31759e-55 9.17479e-56 3.62971e-56 1.43505e-56 5.67001e-57 2.23886e-57 8.83488e-58 3.48423e-58 1.37325e-58 5.40919e-59 2.1294e-59 8.37779e-60 3.29421e-60 1.29457e-60 5.08459e-61 1.99593e-61 7.83065e-62 3.07054e-62 1.20337e-62 4.71364e-63 1.84538e-63 7.22093e-64 2.82409e-64 1.10394e-64 4.31318e-65 1.68436e-65 6.57451e-66 2.56497e-66 1.00022e-66 3.89857e-67 1.51885e-67 5.91456e-68 2.30215e-68 8.95676e-69 3.48317e-69 1.35397e-69 5.2608e-70 2.04319e-70 7.93196e-71 3.078e-71 1.19392e-71 4.62917e-72 1.79413e-72 6.95066e-73 2.69169e-73 1.04196e-73 4.03184e-74 1.55951e-74 6.02979e-75 2.3305e-75 9.00391e-76 3.47734e-76 1.34246e-76 5.18073e-77 1.99858e-77 7.70708e-78 2.97098e-78 1.14486e-78 4.41008e-79 1.69818e-79 6.53683e-80 2.51533e-80 9.67542e-81 3.72041e-81 1.43008e-81 5.49512e-82 2.11078e-82 8.10513e-83 3.11119e-83 1.19381e-83 4.57867e-84 1.75341e-84 6.64353e-85 2.2854e-85 0. 
-2.543e+06 -236259. -43515.6 -593554. -835343. -757131. -552506. -351920. -203316. -108739. -54413.3 -25573.5 -11255.7 -4581.02 -1668.2 -494.083 -71.9835 50.0509 65.6892 51.3896 33.8635 20.4009 11.6136 6.35296 3.37242 1.7482 0.888776 0.44452 0.219232 0.106812 0.0514847 0.0245816 0.0116378 0.00546833 0.00255224 0.00118413 0.000546494 0.000251055 0.000114872 5.23816e-05 2.38176e-05 1.08043e-05 4.89196e-06 2.21177e-06 9.98933e-07 4.50832e-07 2.03373e-07 9.17205e-08 4.13619e-08 1.86526e-08 8.41199e-09 3.79384e-09 1.71103e-09 7.71608e-10 3.47896e-10 1.56804e-10 7.06406e-11 3.18036e-11 1.43073e-11 6.43024e-12 2.88687e-12 1.29449e-12 5.7968e-13 2.59208e-13 1.15728e-13 5.15844e-14 2.29542e-14 1.01963e-14 4.52102e-15 2.00092e-15 8.83914e-16 3.89733e-16 1.71512e-16 7.53338e-17 3.30255e-17 1.44503e-17 6.3106e-18 2.75065e-18 1.19668e-18 5.19636e-19 2.25221e-19 9.74342e-20 4.20741e-20 1.81354e-20 7.80289e-21 3.35126e-21 1.43679e-21 6.14919e-22 2.6272e-22 1.12054e-22 4.77118e-23 2.02816e-23 8.6072e-24 3.64683e-24 1.54267e-24 6.5154e-25 2.74745e-25 1.15678e-25 4.86305e-26 2.04134e-26 8.5562e-27 3.58107e-27 1.49665e-27 6.24619e-28 2.60318e-28 1.08342e-28 4.50302e-29 1.8691e-29 7.7481e-30 3.20773e-30 1.32633e-30 5.47725e-31 2.25914e-31 9.30679e-32 3.82951e-32 1.57392e-32 6.46135e-33 2.64958e-33 1.0853e-33 4.44072e-34 1.81507e-34 7.411e-35 3.02283e-35 1.23171e-35 5.01385e-36 2.03896e-36 8.28376e-37 3.36231e-37 1.36347e-37 5.52402e-38 2.23603e-38 9.0431e-39 3.65411e-39 1.47529e-39 5.95129e-40 2.39878e-40 9.66096e-41 3.88786e-41 1.56339e-41 6.28198e-42 2.52236e-42 1.01206e-42 4.05792e-43 1.62593e-43 6.51044e-44 2.60516e-44 1.04179e-44 4.16344e-45 1.66286e-45 6.63731e-46 2.64769e-46 1.05555e-46 4.20568e-47 1.67469e-47 6.66459e-48 2.65067e-48 1.05361e-48 4.18544e-49 1.66167e-49 6.59301e-50 2.61432e-50 1.03602e-50 4.1031e-51 1.624e-51 6.42374e-52 2.53933e-52 1.00318e-52 3.96061e-53 1.56269e-53 6.16182e-54 2.42813e-54 9.56222e-55 3.76334e-55 1.48018e-55 5.81813e-56 2.2855e-56 8.97246e-57 3.52025e-57 1.38029e-57 5.40881e-58 2.11822e-58 8.29053e-59 3.24292e-59 1.26775e-59 4.95314e-60 1.93409e-60 7.54789e-61 2.94394e-61 1.1476e-61 4.47108e-62 1.74099e-62 6.77559e-63 2.63551e-63 1.0246e-63 3.9812e-64 1.54615e-64 6.00158e-65 2.32842e-65 9.02897e-66 3.49946e-66 1.35566e-66 5.24917e-67 2.03152e-67 7.85864e-68 3.03857e-68 1.17433e-68 4.53639e-69 1.75159e-69 6.76022e-70 2.60792e-70 1.00563e-70 3.87606e-71 1.49333e-71 5.75089e-72 2.21376e-72 8.51812e-73 3.27624e-73 1.25959e-73 4.84068e-74 1.85955e-74 7.14059e-75 2.74087e-75 1.05165e-75 4.03353e-76 1.54643e-76 5.92666e-77 2.27051e-77 8.69507e-78 3.32858e-78 1.27375e-78 4.87246e-79 1.86317e-79 7.12194e-80 2.72136e-80 1.03949e-80 3.96912e-81 1.51501e-81 5.78074e-82 2.20494e-82 8.40733e-83 3.20455e-83 1.22103e-83 4.65083e-84 1.77082e-84 6.7392e-85 2.56186e-85 9.69344e-86 3.57836e-86 1.13849e-86 0. 
-2.543e+06 -989433. -12862.6 -327392. -670088. -727358. -595512. -412211. -253975. -143086. -74795.2 -36522. -16659.3 -7039.69 -2690.97 -872.039 -185.736 31.9668 75.3331 64.7035 44.1745 27.0423 15.5003 8.49405 4.50298 2.32665 1.17761 0.58599 0.287461 0.139311 0.0668099 0.0317503 0.0149696 0.00700896 0.0032618 0.00150991 0.000695712 0.000319274 0.000146015 6.65823e-05 3.02866e-05 1.37488e-05 6.23112e-06 2.8204e-06 1.27535e-06 5.76282e-07 2.60266e-07 1.17504e-07 5.30375e-08 2.39357e-08 1.08007e-08 4.87298e-09 2.19814e-09 9.91295e-10 4.46884e-10 2.01363e-10 9.06792e-11 4.08054e-11 1.83465e-11 8.2406e-12 3.69724e-12 1.65676e-12 7.41408e-13 3.31305e-13 1.4782e-13 6.58477e-14 2.92834e-14 1.30002e-14 5.76118e-15 2.54851e-15 1.12529e-15 4.95947e-16 2.1817e-16 9.57941e-17 4.19824e-17 1.83645e-17 8.01823e-18 3.49436e-18 1.52003e-18 6.59991e-19 2.86042e-19 1.23747e-19 5.34396e-20 2.30366e-20 9.91314e-21 4.25842e-21 1.82616e-21 7.81789e-22 3.34126e-22 1.42564e-22 6.07286e-23 2.58269e-23 1.09662e-23 4.64887e-24 1.96771e-24 8.31572e-25 3.50894e-25 1.47842e-25 6.2197e-26 2.61278e-26 1.09599e-26 4.59077e-27 1.92022e-27 8.02067e-28 3.34558e-28 1.39362e-28 5.79741e-29 2.40853e-29 9.9932e-30 4.14096e-30 1.71375e-30 7.08364e-31 2.92437e-31 1.20583e-31 4.96617e-32 2.04292e-32 8.39422e-33 3.44523e-33 1.41245e-33 5.78432e-34 2.36626e-34 9.6697e-35 3.94737e-35 1.60974e-35 6.55784e-36 2.66891e-36 1.08513e-36 4.40771e-37 1.78869e-37 7.25191e-38 2.93748e-38 1.1888e-38 4.80686e-39 1.94195e-39 7.83871e-40 3.16147e-40 1.27403e-40 5.13001e-41 2.06402e-41 8.29804e-42 3.33355e-42 1.33819e-42 5.36797e-43 2.15177e-43 8.61942e-44 3.45037e-44 1.38027e-44 5.51793e-45 2.20451e-45 8.80186e-46 3.51211e-46 1.40054e-46 5.58167e-47 2.22317e-47 8.84965e-48 3.52066e-48 1.39981e-48 5.5624e-49 2.20904e-49 8.76781e-50 3.47798e-50 1.37882e-50 5.46308e-51 2.16327e-51 8.56107e-52 3.38601e-52 1.33841e-52 5.28728e-53 2.08744e-53 8.23638e-54 3.24786e-54 1.27996e-54 5.04116e-55 1.98428e-55 7.80576e-56 3.06877e-56 1.20574e-56 4.73455e-57 1.858e-57 7.28709e-58 2.85631e-58 1.11892e-58 4.38066e-59 1.71406e-59 6.70288e-60 2.61968e-60 1.02326e-60 3.99466e-61 1.55858e-61 6.07768e-62 2.36868e-62 9.22656e-63 3.59201e-63 1.39767e-63 5.4355e-64 2.11275e-64 8.20787e-65 3.18706e-65 1.23688e-65 4.79786e-66 1.86016e-66 7.20842e-67 2.79201e-67 1.0809e-67 4.18257e-68 1.6177e-68 6.25385e-69 2.41655e-69 9.33352e-70 3.60327e-70 1.39044e-70 5.36311e-71 2.0677e-71 7.96837e-72 3.06947e-72 1.18187e-72 4.54878e-73 1.74999e-73 6.72971e-74 2.58689e-74 9.9399e-75 3.81778e-75 1.46577e-75 5.62531e-76 2.15803e-76 8.27557e-77 3.17228e-77 1.21556e-77 4.65605e-78 1.78277e-78 6.82351e-79 2.61072e-79 9.98508e-80 3.81754e-80 1.45901e-80 5.5741e-81 2.1288e-81 8.1272e-82 3.10164e-82 1.18329e-82 4.51268e-83 1.72039e-83 6.55642e-84 2.49772e-84 9.51048e-85 3.61701e-85 1.36897e-85 5.05417e-86 1.61219e-86 0. 
-2.543e+06 -1.10298e+06 16192.1 -231583. -606132. -718501. -622412. -450312. -288203. -168069. -90767.5 -45770.9 -21592.2 -9480.63 -3811.08 -1343.79 -362.793 -22.4097 66.2766 69.1674 50.6156 32.1305 18.8292 10.4689 5.60405 2.91425 1.48103 0.738678 0.362717 0.175779 0.0842374 0.0399832 0.0188223 0.00879804 0.00408744 0.00188906 0.000869162 0.000398392 0.000182028 8.29496e-05 3.77178e-05 1.71205e-05 7.76037e-06 3.51382e-06 1.58972e-06 7.18789e-07 3.24856e-07 1.46772e-07 6.62961e-08 2.99395e-08 1.35181e-08 6.10215e-09 2.75375e-09 1.24224e-09 5.60127e-10 2.52416e-10 1.1367e-10 5.11472e-11 2.29928e-11 1.03254e-11 4.63141e-12 2.07475e-12 9.28164e-13 4.14619e-13 1.84929e-13 8.23495e-14 3.66094e-14 1.62472e-14 7.1978e-15 3.18304e-15 1.40506e-15 6.19088e-16 2.72274e-16 1.19524e-16 5.23719e-17 2.29054e-17 9.99942e-18 4.35727e-18 1.89523e-18 8.22854e-19 3.56619e-19 1.54281e-19 6.66281e-20 2.8724e-20 1.23619e-20 5.31111e-21 2.278e-21 9.75437e-22 4.16995e-22 1.77974e-22 7.58375e-23 3.22643e-23 1.3705e-23 5.81252e-24 2.46141e-24 1.04075e-24 4.394e-25 1.85239e-25 7.79776e-26 3.27779e-26 1.37586e-26 5.7671e-27 2.41399e-27 1.00906e-27 4.21224e-28 1.75601e-28 7.31081e-29 3.03976e-29 1.26227e-29 5.23498e-30 2.16837e-30 8.97049e-31 3.70654e-31 1.52968e-31 6.30545e-32 2.59612e-32 1.06766e-32 4.38583e-33 1.79963e-33 7.37627e-34 3.02008e-34 1.2352e-34 5.04655e-35 2.05966e-35 8.39743e-36 3.42023e-36 1.39167e-36 5.65709e-37 2.29739e-37 9.3211e-38 3.77831e-38 1.53015e-38 6.19131e-39 2.50293e-39 1.01098e-39 4.08004e-40 1.64522e-40 6.62872e-41 2.66861e-41 1.07348e-41 4.31489e-42 1.73306e-42 6.95555e-43 2.78953e-43 1.11794e-43 4.47715e-44 1.79178e-44 7.16594e-45 2.86401e-45 1.14391e-45 4.56599e-46 1.8214e-46 7.26116e-47 2.89297e-47 1.15192e-47 4.584e-48 1.82311e-48 7.24652e-49 2.8787e-49 1.14292e-49 4.53511e-50 1.79851e-50 7.1284e-51 2.82375e-51 1.11793e-51 4.42338e-52 1.74924e-52 6.91345e-53 2.73082e-53 1.07806e-53 4.25347e-54 1.67723e-54 6.60987e-55 2.6034e-55 1.0248e-55 4.03165e-56 1.58517e-56 6.22899e-57 2.44629e-57 9.60164e-58 3.76646e-58 1.47662e-58 5.78573e-59 2.26567e-59 8.86726e-60 3.46845e-60 1.35593e-60 5.29778e-61 2.06876e-61 8.07392e-62 3.14935e-62 1.22778e-62 4.78393e-63 1.86301e-63 7.2513e-64 2.82089e-64 1.09681e-64 4.26234e-65 1.65555e-65 6.42712e-66 2.49385e-66 9.6718e-67 3.74912e-67 1.45257e-67 5.62517e-68 2.17733e-68 8.42377e-69 3.25749e-69 1.25909e-69 4.86441e-70 1.87847e-70 7.25072e-71 2.79745e-71 1.07883e-71 4.15861e-72 1.60234e-72 6.17128e-73 2.37579e-73 9.14236e-74 3.51662e-74 1.35211e-74 5.19659e-75 1.9964e-75 7.66659e-76 2.94295e-76 1.12925e-76 4.33137e-77 1.6607e-77 6.36488e-78 2.43849e-78 9.33872e-79 3.57511e-79 1.36813e-79 5.23366e-80 2.00135e-80 7.65034e-81 2.92335e-81 1.11667e-81 4.26394e-82 1.62758e-82 6.21043e-83 2.3689e-83 9.0327e-84 3.4429e-84 1.31164e-84 4.9911e-85 1.89015e-85 6.98472e-86 2.23385e-86 0. 
-2.543e+06 -1.09426e+06 49635.8 -190919. -583787. -721401. -642572. -476344. -312067. -186291. -103060. -53312.8 -25868.1 -11739.8 -4926.5 -1856.77 -579.867 -104.32 41.0631 65.0878 52.8971 35.3411 21.376 12.1489 6.61009 3.48055 1.78609 0.897603 0.443352 0.21582 0.103769 0.0493701 0.0232774 0.0108905 0.00506168 0.0023394 0.00107611 0.00049305 0.000225167 0.000102557 4.66118e-05 2.11497e-05 9.5842e-06 4.33905e-06 1.96307e-06 8.87708e-07 4.01293e-07 1.81365e-07 8.19545e-08 3.70274e-08 1.67261e-08 7.55386e-09 3.41044e-09 1.53914e-09 6.94272e-10 3.12976e-10 1.40984e-10 6.34533e-11 2.85307e-11 1.28143e-11 5.74847e-12 2.57538e-12 1.15219e-12 5.14707e-13 2.29573e-13 1.02229e-13 4.54466e-14 2.01687e-14 8.93492e-15 3.95116e-15 1.7441e-15 7.68459e-16 3.37965e-16 1.48362e-16 6.50084e-17 2.84327e-17 1.24128e-17 5.40915e-18 2.3529e-18 1.02164e-18 4.4281e-19 1.91591e-19 8.27513e-20 3.56802e-20 1.53582e-20 6.5997e-21 2.83131e-21 1.21266e-21 5.18544e-22 2.2138e-22 9.43642e-23 4.01605e-23 1.70656e-23 7.24077e-24 3.06758e-24 1.29766e-24 5.48141e-25 2.31203e-25 9.73812e-26 4.09583e-26 1.72029e-26 7.21545e-27 3.02226e-27 1.2642e-27 5.28106e-28 2.2032e-28 9.17959e-29 3.81974e-29 1.58742e-29 6.58883e-30 2.7314e-30 1.13092e-30 4.67683e-31 1.93177e-31 7.9698e-32 3.28424e-32 1.35184e-32 5.55805e-33 2.28263e-33 9.36421e-34 3.83738e-34 1.57083e-34 6.42333e-35 2.62376e-35 1.07059e-35 4.36386e-36 1.777e-36 7.229e-37 2.93797e-37 1.1929e-37 4.83899e-38 1.96113e-38 7.9408e-39 3.21246e-39 1.29847e-39 5.24385e-40 2.11594e-40 8.53088e-41 3.43661e-41 1.3833e-41 5.56364e-42 2.23596e-42 8.9792e-43 3.60317e-43 1.44482e-43 5.7893e-44 2.31809e-44 9.2754e-45 3.70884e-45 1.48201e-45 5.91808e-46 2.36172e-46 9.41891e-47 3.75407e-47 1.49533e-47 5.95265e-48 2.36824e-48 9.4164e-49 3.74191e-49 1.48612e-49 5.89882e-50 2.34009e-50 9.27808e-51 3.67656e-51 1.45608e-51 5.7635e-52 2.28007e-52 9.01512e-53 3.5625e-53 1.40702e-53 5.55397e-54 2.19113e-54 8.63956e-55 3.40467e-55 1.34096e-55 5.27857e-56 2.0767e-56 8.16563e-57 3.20895e-57 1.26036e-57 4.94746e-58 1.94101e-58 7.61082e-59 2.98259e-59 1.16819e-59 4.57291e-60 1.78909e-60 6.99572e-61 2.73398e-61 1.06787e-61 4.16877e-62 1.62653e-62 6.34282e-63 2.47212e-63 9.63003e-64 3.74935e-64 1.45901e-64 5.67455e-65 2.20588e-65 8.57059e-66 3.32827e-66 1.29184e-66 5.01163e-67 1.94328e-67 7.53145e-68 2.9175e-68 1.12962e-68 4.37167e-69 1.69105e-69 6.53823e-70 2.52675e-70 9.76034e-71 3.7685e-71 1.45437e-71 5.61033e-72 2.16326e-72 8.33751e-73 3.212e-73 1.23688e-73 4.76095e-74 1.83179e-74 7.04489e-75 2.70828e-75 1.04072e-75 3.99755e-76 1.5349e-76 5.89105e-77 2.26012e-77 8.66762e-78 3.32275e-78 1.27329e-78 4.87743e-79 1.86762e-79 7.14863e-80 2.73523e-80 1.04617e-80 3.99992e-81 1.52877e-81 5.84081e-82 2.23074e-82 8.51663e-83 3.25037e-83 1.24005e-83 4.72917e-84 1.80266e-84 6.86338e-85 2.60078e-85 9.61825e-86 3.08038e-86 0. 
-2.543e+06 -1.0774e+06 71285.2 -173030. -576643. -726594. -656475. -493512. -328163. -199095. -112119. -59160.2 -29364. -13692.9 -5950.67 -2361.02 -811.809 -202.631 3.92134 53.7043 51.155 36.5041 22.9493 13.3956 7.43651 3.97882 2.06869 1.05102 0.5239 0.256994 0.12436 0.0594803 0.0281654 0.0132228 0.00616216 0.00285375 0.00131461 0.000602906 0.000275496 0.000125515 5.70495e-05 2.58832e-05 1.17272e-05 5.30812e-06 2.40102e-06 1.08558e-06 4.90699e-07 2.21771e-07 1.00221e-07 4.52874e-08 2.04623e-08 9.24403e-09 4.17503e-09 1.88497e-09 8.50635e-10 3.83637e-10 1.72894e-10 7.78509e-11 3.50202e-11 1.57359e-11 7.06211e-12 3.1652e-12 1.41662e-12 6.3307e-13 2.82466e-13 1.25826e-13 5.59548e-14 2.484e-14 1.10077e-14 4.86919e-15 2.14994e-15 9.47541e-16 4.16839e-16 1.83035e-16 8.0223e-17 3.50964e-17 1.5326e-17 6.68041e-18 2.90664e-18 1.26241e-18 5.47319e-19 2.36874e-19 1.02339e-19 4.41385e-20 1.90047e-20 8.16918e-21 3.50574e-21 1.50202e-21 6.42499e-22 2.74399e-22 1.17008e-22 4.98171e-23 2.11779e-23 8.98947e-24 3.81016e-24 1.61257e-24 6.815e-25 2.87605e-25 1.21203e-25 5.1007e-26 2.14362e-26 8.9966e-27 3.77074e-27 1.57833e-27 6.59784e-28 2.7545e-28 1.14849e-28 4.78261e-29 1.98911e-29 8.26256e-30 3.428e-30 1.4205e-30 5.87928e-31 2.43049e-31 1.00359e-31 4.13925e-32 1.70526e-32 7.01732e-33 2.88449e-33 1.18438e-33 4.85781e-34 1.99031e-34 8.14573e-35 3.3301e-35 1.35985e-35 5.54693e-36 2.26046e-36 9.20259e-37 3.74284e-37 1.52082e-37 6.17372e-38 2.50389e-38 1.01459e-38 4.10748e-39 1.66142e-39 6.71442e-40 2.71123e-40 1.09386e-40 4.40956e-41 1.77614e-41 7.14843e-42 2.87476e-42 1.1552e-42 4.63852e-43 1.86113e-43 7.46194e-44 2.9896e-44 1.19692e-44 4.78861e-45 1.91451e-45 7.6491e-46 3.05404e-46 1.21859e-46 4.85914e-47 1.93637e-47 7.71168e-48 3.06933e-48 1.2209e-48 4.85352e-49 1.92833e-49 7.65697e-50 3.03868e-50 1.20523e-50 4.77762e-51 1.89284e-51 7.49511e-52 2.96623e-52 1.17327e-52 4.63826e-53 1.83265e-53 7.23717e-54 2.85644e-54 1.12681e-54 4.44264e-55 1.75065e-55 6.89485e-56 2.71404e-56 1.06776e-56 4.19856e-57 1.65003e-57 6.4811e-58 2.54432e-58 9.98297e-59 3.91484e-59 1.53438e-59 6.01064e-60 2.35328e-60 9.20857e-61 3.60146e-61 1.40777e-61 5.49989e-62 2.14756e-62 8.3812e-63 3.26918e-63 1.27451e-63 4.96613e-64 1.93405e-64 7.52826e-65 2.92885e-65 1.13888e-65 4.42626e-66 1.7194e-66 6.67576e-67 2.59064e-67 1.00485e-67 3.89564e-68 1.50955e-68 5.84664e-69 2.26338e-69 8.75794e-70 3.38721e-70 1.30942e-70 5.0596e-71 1.95413e-71 7.54385e-72 2.91096e-72 1.12276e-72 4.32857e-73 1.66806e-73 6.42523e-74 2.47389e-74 9.52105e-75 3.66274e-75 1.40846e-75 5.41381e-76 2.08009e-76 7.98886e-77 3.06698e-77 1.17696e-77 4.51483e-78 1.73121e-78 6.63571e-79 2.54248e-79 9.73777e-80 3.72818e-80 1.42682e-80 5.45858e-81 2.08751e-81 7.98025e-82 3.04962e-82 1.16497e-82 4.44867e-83 1.69819e-83 6.48004e-84 2.47146e-84 9.41531e-85 3.57015e-85 1.32142e-85 4.23713e-86 0. 
-2.543e+06 -1.06898e+06 81327.7 -164556. -571885. -727282. -662235. -502193. -337331. -207072. -118200. -63354.4 -32029.9 -15272.9 -6829.95 -2821.98 -1039.36 -307.848 -41.0315 36.5174 45.7725 35.6035 23.4355 14.1028 8.00927 4.36389 2.30353 1.18558 0.597631 0.296043 0.144485 0.0696222 0.033181 0.0156637 0.00733388 0.00340962 0.00157566 0.000724454 0.000331679 0.000151327 6.88495e-05 3.12564e-05 1.41664e-05 6.41297e-06 2.90069e-06 1.31134e-06 5.92649e-07 2.67806e-07 1.2101e-07 5.46787e-08 2.47062e-08 1.11625e-08 5.04252e-09 2.27729e-09 1.02805e-09 4.63858e-10 2.09152e-10 9.42292e-11 4.24128e-11 1.90695e-11 8.56371e-12 3.84073e-12 1.7201e-12 7.69202e-13 3.43433e-13 1.53084e-13 6.81208e-14 3.02601e-14 1.3418e-14 5.93903e-15 2.6239e-15 1.15711e-15 5.09327e-16 2.23774e-16 9.81329e-17 4.29551e-17 1.87678e-17 8.18493e-18 3.5631e-18 1.54831e-18 6.71605e-19 2.90807e-19 1.25701e-19 5.4241e-20 2.33658e-20 1.00486e-20 4.31435e-21 1.84935e-21 7.91457e-22 3.38181e-22 1.44277e-22 6.14578e-23 2.61398e-23 1.11014e-23 4.7078e-24 1.99356e-24 8.42982e-25 3.55956e-25 1.50096e-25 6.32042e-26 2.65787e-26 1.1162e-26 4.68137e-27 1.96082e-27 8.20243e-28 3.42683e-28 1.42986e-28 5.95875e-29 2.48016e-29 1.03104e-29 4.28102e-30 1.77542e-30 7.35435e-31 3.04284e-31 1.25752e-31 5.19104e-32 2.14045e-32 8.81597e-33 3.62708e-33 1.49063e-33 6.11945e-34 2.50948e-34 1.02795e-34 4.20579e-35 1.71859e-35 7.01411e-36 2.86023e-36 1.16521e-36 4.74226e-37 1.92822e-37 7.83294e-38 3.17903e-38 1.28906e-38 5.22235e-39 2.11387e-39 8.54902e-40 3.45449e-40 1.39472e-40 5.62644e-41 2.2679e-41 9.13408e-42 3.67588e-42 1.47815e-42 5.93936e-43 2.38469e-43 9.56749e-44 3.8357e-44 1.53665e-44 6.15173e-45 2.46101e-45 9.83849e-46 3.93051e-46 1.5692e-46 6.26069e-47 2.49623e-47 9.94653e-48 3.96083e-48 1.57628e-48 6.26929e-49 2.49198e-49 9.89954e-50 3.93037e-50 1.55957e-50 6.18487e-51 2.4514e-51 9.71088e-52 3.84473e-52 1.52138e-52 6.01694e-53 2.37839e-53 9.39633e-54 3.71027e-54 1.46428e-54 5.77582e-55 2.27707e-55 8.97247e-56 3.53363e-56 1.39093e-56 5.47218e-57 2.15174e-57 8.45654e-58 3.32177e-58 1.30412e-58 5.11731e-59 2.00696e-59 7.86696e-60 3.08212e-60 1.20688e-60 4.72339e-61 1.84764e-61 7.22358e-62 2.82269e-62 1.10242e-62 4.30336e-63 1.67897e-63 6.5472e-64 2.55179e-64 9.9406e-65 3.87042e-65 1.50621e-65 5.85857e-66 2.27761e-66 8.85018e-67 3.43723e-67 1.33429e-67 5.17701e-68 2.00769e-68 7.7822e-69 3.01509e-69 1.16759e-69 4.51935e-70 1.74846e-70 6.76136e-71 2.61343e-71 1.00969e-71 3.89911e-72 1.50504e-72 5.80678e-73 2.23939e-73 8.63241e-74 3.32617e-74 1.28106e-74 4.9318e-75 1.89783e-75 7.30006e-76 2.80681e-76 1.07875e-76 4.14426e-77 1.59146e-77 6.10901e-78 2.34407e-78 8.9908e-79 3.4471e-79 1.32111e-79 5.06125e-80 1.93824e-80 7.41982e-81 2.83932e-81 1.08611e-81 4.15306e-82 1.58746e-82 6.06568e-83 2.31684e-83 8.84598e-84 3.37585e-84 1.28688e-84 4.88329e-85 1.80933e-85 5.81068e-86 0. 
-2.543e+06 -1.0675e+06 83434.4 -159381. -563073. -718741. -657229. -501242. -339168. -210089. -121232. -65823.9 -33796.3 -16422.2 -7522.96 -3213.37 -1247.51 -412.222 -90.2118 14.9658 37.2003 32.6957 22.7681 14.1889 8.2644 4.59361 2.46539 1.28716 0.657037 0.329126 0.162244 0.0788822 0.0378959 0.0180171 0.00848879 0.0039682 0.00184245 0.000850506 0.000390681 0.000178725 8.14868e-05 3.70525e-05 1.68126e-05 7.61668e-06 3.4467e-06 1.55851e-06 7.04385e-07 3.18275e-07 1.43797e-07 6.49667e-08 2.93519e-08 1.3261e-08 5.99081e-09 2.70595e-09 1.22188e-09 5.51506e-10 2.48785e-10 1.12146e-10 5.05092e-11 2.27257e-11 1.02134e-11 4.58432e-12 2.05487e-12 9.19717e-13 4.11006e-13 1.83373e-13 8.16745e-14 3.63145e-14 1.61175e-14 7.14046e-15 3.15757e-15 1.39371e-15 6.14016e-16 2.70005e-16 1.18509e-16 5.19178e-17 2.27025e-17 9.90897e-18 4.31705e-18 1.8774e-18 8.14976e-19 3.53152e-19 1.52763e-19 6.5966e-20 2.84369e-20 1.2238e-20 5.25802e-21 2.25539e-21 9.65882e-22 4.12988e-22 1.76308e-22 7.51521e-23 3.19854e-23 1.3593e-23 5.76822e-24 2.44422e-24 1.03424e-24 4.37008e-25 1.84399e-25 7.77022e-26 3.26982e-26 1.37416e-26 5.76742e-27 2.41748e-27 1.01202e-27 4.23123e-28 1.76686e-28 7.36888e-29 3.06953e-29 1.27708e-29 5.30698e-30 2.20275e-30 9.13221e-31 3.78169e-31 1.56423e-31 6.46286e-32 2.66725e-32 1.09957e-32 4.52802e-33 1.86261e-33 7.65363e-34 3.14151e-34 1.28797e-34 5.27344e-35 2.15572e-35 8.79913e-36 3.58972e-36 1.46308e-36 5.95762e-37 2.4237e-37 9.85132e-38 4.00059e-38 1.6232e-38 6.58031e-39 2.66531e-39 1.07865e-39 4.36167e-40 1.76224e-40 7.11411e-41 2.86963e-41 1.1566e-41 4.65799e-42 1.87445e-42 7.53727e-43 3.02847e-43 1.21592e-43 4.87827e-44 1.95572e-44 7.83492e-45 3.13655e-45 1.25478e-45 5.01624e-46 2.00399e-46 8.00054e-47 3.19196e-47 1.27266e-47 5.07094e-48 2.01926e-48 8.03572e-49 3.1959e-49 1.27028e-49 5.04602e-50 2.0033e-50 7.9486e-51 3.15203e-51 1.24924e-51 4.94837e-52 1.95903e-52 7.75146e-53 3.06545e-53 1.21164e-53 4.78656e-54 1.88993e-54 7.45837e-55 2.94182e-55 1.15975e-55 4.56974e-56 1.79968e-56 7.08399e-57 2.78701e-57 1.09592e-57 4.30723e-58 1.69199e-58 6.64317e-59 2.60695e-59 1.02252e-59 4.00855e-60 1.57066e-60 6.15119e-61 2.40777e-61 9.41997e-62 3.68353e-62 1.43966e-62 5.62386e-63 2.19579e-63 8.56892e-64 3.34229e-64 1.303e-64 5.0772e-65 1.97737e-65 7.69726e-66 2.9948e-66 1.16462e-66 4.52677e-67 1.75864e-67 6.82898e-68 2.65047e-68 1.0282e-68 3.98683e-69 1.54514e-69 5.98553e-70 2.31756e-70 8.96927e-71 3.4696e-71 1.34154e-71 5.18471e-72 2.00285e-72 7.73351e-73 2.98476e-73 1.15146e-73 4.44012e-74 1.7114e-74 6.59351e-75 2.53919e-75 9.77436e-76 3.76094e-76 1.44651e-76 5.56115e-77 2.13711e-77 8.20942e-78 3.15224e-78 1.20991e-78 4.64204e-79 1.7803e-79 6.82507e-80 2.61548e-80 1.0019e-80 3.83649e-81 1.46851e-81 5.61894e-82 2.14916e-82 8.21718e-83 3.14061e-83 1.19988e-83 4.58196e-84 1.74785e-84 6.63827e-85 2.46297e-85 7.92872e-86 0. 
-2.543e+06 -1.07185e+06 76097.2 -159229. -549687. -698953. -639214. -488856. -332439. -207367. -120739. -66284.6 -34494.2 -17041.1 -7972.39 -3503.35 -1419.4 -507.328 -139.71 -9.31335 26.0175 27.9152 20.9239 13.5932 8.14695 4.62874 2.52941 1.34113 0.693962 0.351884 0.175385 0.0861302 0.0417571 0.020018 0.00950245 0.00447204 0.00208885 0.000969335 0.000447302 0.000205425 9.39649e-05 4.28396e-05 1.94792e-05 8.83879e-06 4.00435e-06 1.81208e-06 8.19379e-07 3.70325e-07 1.67326e-07 7.55949e-08 3.41512e-08 1.54282e-08 6.96961e-09 3.14818e-09 1.42176e-09 6.41878e-10 2.89655e-10 1.30632e-10 5.88692e-11 2.65055e-11 1.19215e-11 5.35572e-12 2.40292e-12 1.07659e-12 4.81623e-13 2.15117e-13 9.59226e-14 4.26991e-14 1.89735e-14 8.4157e-15 3.72592e-15 1.64652e-15 7.2625e-16 3.19732e-16 1.40497e-16 6.16211e-17 2.6976e-17 1.17873e-17 5.14098e-18 2.23811e-18 9.72585e-19 4.21885e-19 1.8268e-19 7.89634e-20 3.40732e-20 1.46778e-20 6.31218e-21 2.71008e-21 1.16166e-21 4.97145e-22 2.12424e-22 9.06254e-23 3.86043e-23 1.64199e-23 6.97369e-24 2.9575e-24 1.25247e-24 5.2966e-25 2.23679e-25 9.4332e-26 3.97291e-26 1.67102e-26 7.0192e-27 2.94464e-27 1.23374e-27 5.1626e-28 2.15762e-28 9.00635e-29 3.75489e-29 1.5636e-29 6.50339e-30 2.70176e-30 1.12112e-30 4.64685e-31 1.92387e-31 7.95621e-32 3.28667e-32 1.35622e-32 5.59025e-33 2.30179e-33 9.46745e-34 3.88972e-34 1.59611e-34 6.53875e-35 2.67246e-35 1.08969e-35 4.44554e-36 1.81208e-36 7.38015e-37 3.00324e-37 1.22112e-37 4.96096e-38 2.01382e-38 8.16809e-39 3.31032e-39 1.3405e-39 5.42398e-40 2.19292e-40 8.85895e-41 3.57602e-41 1.44237e-41 5.81324e-42 2.34113e-42 9.42106e-43 3.78831e-43 1.52218e-43 6.11176e-44 2.45215e-44 9.83132e-45 3.93881e-45 1.57693e-45 6.30891e-46 2.5223e-46 1.00773e-46 4.02345e-47 1.60533e-47 6.40101e-48 2.55066e-48 1.01574e-48 4.04239e-49 1.60778e-49 6.39078e-50 2.53876e-50 1.00793e-50 3.99937e-51 1.586e-51 6.28592e-52 2.48996e-52 9.85776e-53 3.90057e-53 1.54257e-53 6.09717e-54 2.40871e-54 9.51075e-55 3.75336e-55 1.48048e-55 5.83663e-56 2.29986e-56 9.05779e-57 3.56553e-57 1.40284e-57 5.51666e-58 2.16834e-58 8.51847e-59 3.34488e-59 1.31276e-59 5.14959e-60 2.01904e-60 7.91232e-61 3.09918e-61 1.21332e-61 4.74775e-62 1.85689e-62 7.25886e-63 2.8362e-63 1.10762e-63 4.32345e-64 1.68677e-64 6.57761e-65 2.56369e-65 9.98737e-66 3.88887e-66 1.5135e-66 5.88751e-67 2.28913e-67 8.89604e-68 3.45553e-68 1.3416e-68 5.20625e-69 2.01939e-69 7.82904e-70 3.03383e-70 1.17509e-70 4.54935e-71 1.76045e-71 6.80926e-72 2.63255e-72 1.01731e-72 3.92949e-73 1.51713e-73 5.85484e-74 2.25848e-74 8.70812e-75 3.35617e-75 1.29293e-75 4.97873e-76 1.91636e-76 7.37312e-77 2.83559e-77 1.09007e-77 4.18875e-78 1.60893e-78 6.17749e-79 2.37089e-79 9.09575e-80 3.48812e-80 1.33713e-80 5.12374e-81 1.9626e-81 7.51463e-82 2.8762e-82 1.10044e-82 4.2087e-83 1.60902e-83 6.14852e-84 2.3472e-84 8.92382e-85 3.31732e-85 1.07201e-85 0. 
-2.543e+06 -1.08416e+06 47996.5 -177583. -540313. -671369. -608533. -464083. -315939. -197884. -115990. -64260.4 -33833.1 -16961.4 -8084.52 -3641.74 -1529.17 -580.419 -183.554 -33.6974 13.2723 21.6181 17.9821 12.3009 7.62088 4.43709 2.47276 1.33307 0.69991 0.359559 0.181346 0.0900291 0.0440849 0.0213289 0.0102105 0.00484244 0.00227778 0.00106371 0.000493626 0.000227828 0.000104663 4.78925e-05 2.18436e-05 9.93646e-06 4.51052e-06 2.0442e-06 9.25346e-07 4.18527e-07 1.89193e-07 8.54956e-08 3.8628e-08 1.7451e-08 7.88334e-09 3.56094e-09 1.60826e-09 7.26185e-10 3.27782e-10 1.47881e-10 6.66756e-11 3.00389e-11 1.35208e-11 6.07939e-12 2.73023e-12 1.22453e-12 5.48432e-13 2.45254e-13 1.095e-13 4.88075e-14 2.17173e-14 9.6461e-15 4.27668e-15 1.8926e-15 8.35987e-16 3.68572e-16 1.6219e-16 7.12366e-17 3.12294e-17 1.36649e-17 5.96814e-18 2.60176e-18 1.13213e-18 4.91745e-19 2.13207e-19 9.22775e-20 3.98685e-20 1.71956e-20 7.404e-21 3.18266e-21 1.36584e-21 5.85202e-22 2.50334e-22 1.06919e-22 4.55952e-23 1.94145e-23 8.2544e-24 3.50436e-24 1.48561e-24 6.28904e-25 2.65863e-25 1.12236e-25 4.73175e-26 1.99219e-26 8.37662e-27 3.51759e-27 1.47526e-27 6.17936e-28 2.58512e-28 1.08015e-28 4.50779e-29 1.87899e-29 7.823e-30 3.25324e-30 1.35132e-30 5.60668e-31 2.32362e-31 9.61922e-32 3.97774e-32 1.64308e-32 6.77975e-33 2.79449e-33 1.1506e-33 4.73205e-34 1.94344e-34 7.96373e-35 3.24993e-35 1.31964e-35 5.37914e-36 2.19132e-36 8.92128e-37 3.62966e-37 1.47576e-37 5.99608e-38 2.43454e-38 9.8777e-39 4.00481e-39 1.62253e-39 6.56874e-40 2.65736e-40 1.07422e-40 4.33925e-41 1.7515e-41 7.0645e-42 2.84727e-42 1.14671e-42 4.61483e-43 1.85583e-43 7.45768e-44 2.99469e-44 1.20168e-44 4.81851e-45 1.93077e-45 7.73112e-46 3.09352e-46 1.23699e-46 4.94291e-47 1.97383e-47 7.87675e-48 3.14124e-48 1.25192e-48 4.98623e-49 1.98471e-49 7.89502e-50 3.13866e-50 1.24702e-50 4.9516e-51 1.965e-51 7.79346e-52 3.08924e-52 1.22385e-52 4.84579e-53 1.91762e-53 7.58451e-54 2.99819e-54 1.18458e-54 4.67777e-55 1.84625e-55 7.28314e-56 2.87161e-56 1.13166e-56 4.45743e-57 1.75484e-57 6.9052e-58 2.71581e-58 1.0676e-58 4.19475e-59 1.64737e-59 6.4664e-60 2.53702e-60 9.94885e-61 3.89952e-61 1.5277e-61 5.98213e-62 2.34133e-62 9.15921e-63 3.58132e-63 1.39965e-63 5.46742e-64 2.1347e-64 8.33071e-65 3.2495e-65 1.2669e-65 4.93693e-66 1.92293e-66 7.48619e-67 2.91307e-67 1.133e-67 4.40459e-68 1.71148e-68 6.64711e-69 2.58041e-69 1.00124e-69 3.88315e-70 1.50531e-70 5.83267e-71 2.25895e-71 8.74469e-72 3.38363e-72 1.30865e-72 5.05903e-73 1.95485e-73 7.55033e-74 2.9149e-74 1.12484e-74 4.33874e-75 1.67281e-75 6.44678e-76 2.48342e-76 9.56252e-77 3.68052e-77 1.416e-77 5.44546e-78 2.09327e-78 8.04335e-79 3.08937e-79 1.18612e-79 4.55208e-80 1.74629e-80 6.69658e-81 2.56695e-81 9.83587e-82 3.76738e-82 1.44244e-82 5.52066e-83 2.1121e-83 8.07681e-84 3.08587e-84 1.17468e-84 4.37857e-85 1.42395e-85 0. 
-2.543e+06 -1.10511e+06 -24275.6 -243494. -556868. -648946. -571463. -429256. -290066. -181291. -106470. -59304.2 -31492. -15975.7 -7735.17 -3558.3 -1539. -612.018 -212.156 -53.6933 0.953326 14.6202 14.2401 10.3972 6.69451 4.00507 2.27989 1.25103 0.667016 0.347397 0.177412 0.0890919 0.0440913 0.0215431 0.0104077 0.00497794 0.00235987 0.00110997 0.000518468 0.000240706 0.00011116 5.1101e-05 2.34004e-05 1.06809e-05 4.86217e-06 2.20863e-06 1.00159e-06 4.53634e-07 2.05268e-07 9.28235e-08 4.19574e-08 1.89601e-08 8.5663e-09 3.86975e-09 1.74786e-09 7.89304e-10 3.56335e-10 1.60806e-10 7.25308e-11 3.26935e-11 1.4725e-11 6.62594e-12 2.97835e-12 1.33717e-12 5.99555e-13 2.68445e-13 1.20012e-13 5.35674e-14 2.387e-14 1.06183e-14 4.71505e-15 2.08992e-15 9.24638e-16 4.08323e-16 1.79979e-16 7.91806e-17 3.47694e-17 1.5239e-17 6.66657e-18 2.91097e-18 1.26874e-18 5.51961e-19 2.39695e-19 1.03904e-19 4.49611e-20 1.94216e-20 8.37502e-21 3.60539e-21 1.54951e-21 6.64849e-22 2.84807e-22 1.21812e-22 5.20175e-23 2.2179e-23 9.44233e-24 4.01394e-24 1.70384e-24 7.22209e-25 3.05691e-25 1.29211e-25 5.4541e-26 2.29912e-26 9.67886e-27 4.06931e-27 1.70867e-27 7.16551e-28 3.00119e-28 1.25547e-28 5.24553e-29 2.18904e-29 9.12441e-30 3.79882e-30 1.57976e-30 6.56206e-31 2.7227e-31 1.12843e-31 4.67169e-32 1.93197e-32 7.98098e-33 3.29343e-33 1.3576e-33 5.58963e-34 2.29766e-34 9.41279e-35 3.824e-35 1.53243e-35 6.23133e-36 2.53377e-36 1.03012e-36 4.18691e-37 1.70119e-37 6.90924e-38 2.80481e-38 1.13802e-38 4.61478e-39 1.87023e-39 7.57472e-40 3.0659e-40 1.24011e-40 5.01268e-41 2.02478e-41 8.17304e-42 3.29672e-42 1.32884e-42 5.35246e-43 2.15439e-43 8.66534e-44 3.48287e-44 1.39888e-44 5.61455e-45 2.25188e-45 9.02549e-46 3.61489e-46 1.44684e-46 5.78696e-47 2.31306e-47 9.23915e-48 3.68799e-48 1.47118e-48 5.86486e-49 2.33655e-49 9.30288e-50 3.7016e-50 1.47196e-50 5.84978e-51 2.3234e-51 9.22255e-52 3.6587e-52 1.45062e-52 5.74823e-53 2.27653e-53 9.01099e-54 3.56481e-54 1.4095e-54 5.57013e-55 2.20007e-55 8.68525e-56 3.42692e-56 1.35147e-56 5.32705e-57 2.0987e-57 8.26416e-58 3.25261e-58 1.27953e-58 5.03105e-59 1.97722e-59 7.76677e-60 3.04941e-60 1.19669e-60 4.69397e-61 1.84031e-61 7.2116e-62 2.82466e-62 1.10584e-62 4.32724e-63 1.69248e-63 6.61649e-64 2.58539e-64 1.00976e-64 3.94185e-65 1.53808e-65 5.99858e-66 2.33837e-66 9.11112e-67 3.54833e-67 1.38124e-67 5.37418e-68 2.09001e-68 8.12418e-69 3.15651e-69 1.22583e-69 4.7583e-70 1.84616e-70 7.15956e-71 2.77525e-71 1.07527e-71 4.16421e-72 1.61194e-72 6.23691e-73 2.41208e-73 9.32435e-74 3.60289e-74 1.39152e-74 5.37199e-75 2.07295e-75 7.99566e-76 3.08269e-76 1.188e-76 4.57633e-77 1.76211e-77 6.78211e-78 2.60923e-78 1.00341e-78 3.85716e-79 1.48209e-79 5.69254e-80 2.18555e-80 8.38765e-81 3.21771e-81 1.2339e-81 4.72981e-82 1.81233e-82 6.94163e-83 2.65776e-83 1.01714e-83 3.88963e-84 1.48283e-84 5.54819e-85 1.82334e-85 0. 
-2.543e+06 -1.11215e+06 -170007. -395519. -631356. -653731. -541320. -391515. -258175. -158891. -92510. -51361.3 -27310.9 -13931.7 -6811.78 -3179.84 -1405.13 -577.581 -212.462 -62.685 -7.74394 8.38732 10.3305 8.13371 5.45552 3.35553 1.95122 1.08972 0.589971 0.311512 0.161091 0.0818389 0.0409419 0.0202077 0.00985564 0.00475602 0.00227349 0.00107765 0.000506987 0.00023693 0.000110074 5.08759e-05 2.34097e-05 1.07303e-05 4.90255e-06 2.23388e-06 1.01564e-06 4.60958e-07 2.08924e-07 9.45949e-08 4.27973e-08 1.93521e-08 8.74719e-09 3.9526e-09 1.78563e-09 8.06486e-10 3.64151e-10 1.64368e-10 7.41586e-11 3.34401e-11 1.50689e-11 6.78493e-12 3.05214e-12 1.37152e-12 6.15585e-13 2.75937e-13 1.23516e-13 5.52061e-14 2.46358e-14 1.09757e-14 4.88153e-15 2.1673e-15 9.60508e-16 4.24905e-16 1.8762e-16 8.26912e-17 3.6377e-17 1.59728e-17 7.00042e-18 3.06237e-18 1.33717e-18 5.82795e-19 2.53545e-19 1.10106e-19 4.77301e-20 2.06543e-20 8.92223e-21 3.84762e-21 1.65645e-21 7.11942e-22 3.05492e-22 1.30875e-22 5.59788e-23 2.39065e-23 1.0194e-23 4.34026e-24 1.84521e-24 7.83325e-25 3.32061e-25 1.40566e-25 5.94215e-26 2.5085e-26 1.05755e-26 4.45264e-27 1.87227e-27 7.86256e-28 3.29771e-28 1.3814e-28 5.77961e-29 2.41519e-29 1.00806e-29 4.20256e-30 1.74999e-30 7.27882e-31 3.02409e-31 1.255e-31 5.20252e-32 2.15431e-32 8.91117e-33 3.68209e-33 1.51978e-33 6.26527e-34 2.5778e-34 1.05488e-34 4.23766e-35 1.62679e-35 6.58061e-36 2.66512e-36 1.08024e-36 4.38077e-37 1.77705e-37 7.20915e-38 2.92441e-38 1.18606e-38 4.80892e-39 1.94905e-39 7.896e-40 3.19723e-40 1.29392e-40 5.23344e-41 2.11546e-41 8.54577e-42 3.44997e-42 1.39185e-42 5.61149e-43 2.26083e-43 9.10246e-44 3.66227e-44 1.47245e-44 5.91601e-45 2.37529e-45 9.53024e-46 3.82113e-46 1.53102e-46 6.1302e-47 2.45287e-47 9.80802e-48 3.91922e-48 1.56506e-48 6.24567e-49 2.49084e-49 9.92741e-50 3.95413e-50 1.57397e-50 6.2614e-51 2.48934e-51 9.89088e-52 3.92761e-52 1.55872e-52 6.1824e-53 2.45075e-53 9.70947e-54 3.8446e-54 1.52149e-54 6.01801e-55 2.37905e-55 9.39994e-56 3.7121e-56 1.46518e-56 5.78012e-57 2.27911e-57 8.98202e-58 3.53807e-58 1.39298e-58 5.48163e-59 2.15607e-59 8.47626e-60 3.3307e-60 1.30816e-60 5.1354e-61 2.01503e-61 7.90284e-62 3.09797e-62 1.21385e-62 4.75389e-63 1.86091e-63 7.28113e-64 2.84751e-64 1.11309e-64 4.34897e-65 1.6984e-65 6.62961e-66 2.58662e-66 1.00872e-66 3.93195e-67 1.53193e-67 5.96578e-68 2.32216e-68 9.03469e-69 3.51343e-69 1.36567e-69 5.30592e-70 2.0605e-70 7.99803e-71 3.10308e-71 1.20338e-71 4.66459e-72 1.80728e-72 6.99905e-73 2.70929e-73 1.04828e-73 4.05417e-74 1.56723e-74 6.05577e-75 2.33891e-75 9.02956e-76 3.48441e-76 1.34401e-76 5.18189e-77 1.99704e-77 7.69305e-78 2.96228e-78 1.14017e-78 4.38665e-79 1.687e-79 6.48508e-80 2.49195e-80 9.57161e-81 3.67498e-81 1.41043e-81 5.41096e-82 2.07503e-82 7.95436e-83 3.04799e-83 1.16745e-83 4.46875e-84 1.70649e-84 6.41774e-85 2.14564e-85 0. 
-2.543e+06 -979597. -383828. -641892. -775631. -698407. -528800. -358396. -224874. -133164. -75272.3 -40880.7 -21402.9 -10810.7 -5260.33 -2455.34 -1090.15 -452.971 -170.157 -52.7077 -8.61896 5.02897 7.26277 5.96885 4.09966 2.56535 1.51312 0.855781 0.46873 0.250214 0.130745 0.0670866 0.0338842 0.0168786 0.00830483 0.00404161 0.00194761 0.000930263 0.00044082 0.000207408 9.69685e-05 4.50801e-05 2.08535e-05 9.60467e-06 4.40709e-06 2.01569e-06 9.19433e-07 4.18446e-07 1.90092e-07 8.62288e-08 3.90698e-08 1.76866e-08 8.00117e-09 3.61771e-09 1.63505e-09 7.38703e-10 3.33624e-10 1.5062e-10 6.79712e-11 3.06583e-11 1.38201e-11 6.22543e-12 2.802e-12 1.25997e-12 5.65965e-13 2.53928e-13 1.13783e-13 5.09148e-14 2.27497e-14 1.01493e-14 4.52059e-15 2.01015e-15 8.92306e-16 3.95398e-16 1.74895e-16 7.72203e-17 3.40322e-17 1.4971e-17 6.57366e-18 2.88114e-18 1.26044e-18 5.50409e-19 2.39916e-19 1.04388e-19 4.53383e-20 1.96569e-20 8.50756e-21 3.67577e-21 1.58545e-21 6.82701e-22 2.93488e-22 1.25964e-22 5.39766e-23 2.3093e-23 9.8647e-24 4.20751e-24 1.79191e-24 7.62017e-25 3.23582e-25 1.3721e-25 5.81001e-26 2.4568e-26 1.03746e-26 4.37517e-27 1.84266e-27 7.75061e-28 3.25591e-28 1.36604e-28 5.72423e-29 2.39575e-29 1.00148e-29 4.1815e-30 1.74386e-30 7.26426e-31 3.02256e-31 1.25623e-31 5.21535e-32 2.16281e-32 8.95949e-33 3.70748e-33 1.5325e-33 6.32671e-34 2.60588e-34 1.06408e-34 4.1628e-35 1.34345e-35 5.38493e-36 2.16575e-36 8.73231e-37 3.52738e-37 1.42675e-37 5.77604e-38 2.3397e-38 9.48037e-39 3.84181e-39 1.55676e-39 6.30703e-40 2.55448e-40 1.03423e-40 4.18544e-41 1.69298e-41 6.84427e-42 2.76538e-42 1.11667e-42 4.50632e-43 1.81737e-43 7.32456e-44 2.95007e-44 1.18738e-44 4.77593e-45 1.91968e-45 7.71089e-46 3.09517e-46 1.24156e-46 4.9769e-47 1.99368e-47 7.98104e-48 3.19282e-48 1.27644e-48 5.09966e-49 2.0361e-49 8.12413e-50 3.23949e-50 1.29093e-50 5.1411e-51 2.04617e-51 8.13883e-52 3.23534e-52 1.28535e-52 5.10347e-53 2.02515e-53 8.0316e-54 3.18347e-54 1.26112e-54 4.99314e-55 1.97585e-55 7.81449e-56 3.08899e-56 1.22041e-56 4.8191e-57 1.90198e-57 7.50278e-58 2.95816e-58 1.16574e-58 4.59165e-59 1.80768e-59 7.11313e-60 2.79762e-60 1.09979e-60 4.32134e-61 1.69715e-61 6.66219e-62 2.614e-62 1.02515e-62 4.01853e-63 1.57449e-63 6.16608e-64 2.41365e-64 9.44353e-65 3.6931e-65 1.44359e-65 5.6402e-66 2.20263e-66 8.59773e-67 3.35447e-67 1.30816e-67 5.09912e-68 1.98668e-68 7.73672e-69 3.01151e-69 1.17168e-69 4.55651e-70 1.77115e-70 6.88139e-71 2.67237e-71 1.03733e-71 4.02476e-72 1.56085e-72 6.05044e-73 2.3443e-73 9.07913e-74 3.51462e-74 1.35993e-74 5.25971e-75 2.03335e-75 7.85726e-76 3.03486e-76 1.17169e-76 4.52169e-77 1.74421e-77 6.72528e-78 2.592e-78 9.98561e-79 3.8453e-79 1.48014e-79 5.69502e-80 2.19031e-80 8.42051e-81 3.23588e-81 1.243e-81 4.7728e-82 1.8319e-82 7.02842e-83 2.69551e-83 1.03335e-83 3.95937e-84 1.5147e-84 5.73311e-85 1.97028e-85 0. 
-2.543e+06 -211015. -451209. -863844. -925110. -752862. -523068. -327876. -191156. -105565. -55846.8 -28493.6 -14067.2 -6722.58 -3101.25 -1371.64 -573.75 -220.706 -72.9115 -15.9836 2.87249 7.04564 6.34387 4.55427 2.93679 1.77455 1.02513 0.572531 0.31129 0.165538 0.0863851 0.0443471 0.0224398 0.0112093 0.00553493 0.0027046 0.00130911 0.000628217 0.000299124 0.000141422 6.64359e-05 3.10305e-05 1.44191e-05 6.66955e-06 3.07258e-06 1.41051e-06 6.45549e-07 2.94679e-07 1.34219e-07 6.10218e-08 2.77013e-08 1.25597e-08 5.68889e-09 2.57468e-09 1.16447e-09 5.26358e-10 2.37799e-10 1.0738e-10 4.84634e-11 2.18607e-11 9.85481e-12 4.43947e-12 1.99835e-12 8.98732e-13 4.03795e-13 1.81225e-13 8.12386e-14 3.63706e-14 1.62609e-14 7.25957e-15 3.23608e-15 1.44026e-15 6.39958e-16 2.8388e-16 1.25711e-16 5.55713e-17 2.45223e-17 1.08018e-17 4.74958e-18 2.08464e-18 9.13324e-19 3.99429e-19 1.74372e-19 7.59878e-20 3.30555e-20 1.43544e-20 6.22265e-21 2.69291e-21 1.16342e-21 5.01792e-22 2.16071e-22 9.28892e-23 3.98693e-23 1.70855e-23 7.31045e-24 3.12317e-24 1.33228e-24 5.67482e-25 2.41366e-25 1.02513e-25 4.34779e-26 1.84143e-26 7.78845e-27 3.28975e-27 1.38771e-27 5.84616e-28 2.45972e-28 1.0336e-28 4.33789e-29 1.81833e-29 7.61273e-30 3.1834e-30 1.32963e-30 5.54714e-31 2.31158e-31 9.62182e-32 4.00056e-32 1.66152e-32 6.89313e-33 2.85665e-33 1.18257e-33 4.88941e-34 2.01654e-34 8.21232e-35 3.02096e-35 1.86455e-36 7.84853e-37 3.21131e-37 1.30536e-37 5.28735e-38 2.13646e-38 8.61768e-39 3.47144e-39 1.39693e-39 5.61644e-40 2.25642e-40 9.059e-41 3.63464e-41 1.45738e-41 5.84014e-42 2.33889e-42 9.36131e-43 3.74456e-43 1.49692e-43 5.98044e-44 2.3878e-44 9.52779e-45 3.7994e-45 1.51413e-45 6.03032e-46 2.40016e-46 9.54698e-47 3.79504e-47 1.50762e-47 5.98537e-48 2.37475e-48 9.41611e-49 3.73124e-49 1.47763e-49 5.84802e-50 2.31305e-50 9.14319e-51 3.612e-51 1.42606e-51 5.62689e-52 2.21893e-52 8.74515e-53 3.44461e-53 1.35602e-53 5.33514e-54 2.0979e-54 8.24488e-55 3.23853e-55 1.27139e-55 4.98857e-56 1.95635e-56 7.66819e-57 3.00411e-57 1.1763e-57 4.60368e-58 1.80085e-58 7.04101e-59 2.75159e-59 1.07479e-59 4.1962e-60 1.63752e-60 6.38723e-61 2.49023e-61 9.70433e-62 3.78003e-62 1.47173e-62 5.72749e-63 2.22796e-63 8.66275e-64 3.36676e-64 1.30791e-64 5.07867e-65 1.97121e-65 7.6476e-66 2.9657e-66 1.14958e-66 4.45412e-67 1.72503e-67 6.6779e-68 2.58401e-68 9.99449e-69 3.864e-69 1.49322e-69 5.76797e-70 2.22706e-70 8.59513e-71 3.31576e-71 1.27857e-71 4.92807e-72 1.89863e-72 7.31162e-73 2.81448e-73 1.08292e-73 4.16487e-74 1.60111e-74 6.15248e-75 2.36315e-75 9.0729e-76 3.48187e-76 1.33565e-76 5.12135e-77 1.96287e-77 7.51988e-78 2.87969e-78 1.10229e-78 4.21756e-79 1.61303e-79 6.16655e-80 2.35645e-80 9.00106e-81 3.43675e-81 1.31166e-81 5.00399e-82 1.90824e-82 7.27394e-83 2.7716e-83 1.05564e-83 4.01904e-84 1.52948e-84 5.81742e-85 2.21007e-85 8.35672e-86 3.0827e-86 9.80092e-87 0. 
-2.543e+06 -236034. -43112.8 -593074. -834925. -756883. -552451. -352004. -203464. -108891. -54541.2 -25667.4 -11318.4 -4619.81 -1690.62 -506.2 -78.0709 47.2624 64.5804 51.0645 33.8606 20.5011 11.7245 6.4431 3.43641 1.79013 0.914781 0.459991 0.228133 0.111794 0.0542071 0.0260387 0.0124034 0.00586403 0.00275372 0.00128533 0.000596709 0.000275692 0.000126838 5.81392e-05 2.65651e-05 1.21055e-05 5.5041e-06 2.49804e-06 1.13211e-06 5.12505e-07 2.31823e-07 1.048e-07 4.73585e-08 2.13953e-08 9.66403e-09 4.36444e-09 1.9707e-09 8.89635e-10 4.01479e-10 1.81103e-10 8.16468e-11 3.67827e-11 1.65567e-11 7.44496e-12 3.34386e-12 1.49992e-12 6.71845e-13 3.00467e-13 1.34156e-13 5.97947e-14 2.66027e-14 1.18133e-14 5.23565e-15 2.31585e-15 1.0223e-15 4.50359e-16 1.97994e-16 8.68665e-17 3.80331e-17 1.66182e-17 7.2464e-18 3.15344e-18 1.36956e-18 5.93632e-19 2.56808e-19 1.10883e-19 4.77857e-20 2.05552e-20 8.82572e-21 3.78265e-21 1.61835e-21 6.91188e-22 2.94699e-22 1.25439e-22 5.3306e-23 2.26162e-23 9.58024e-24 4.05192e-24 1.71114e-24 7.21547e-25 3.03815e-25 1.27741e-25 5.36345e-26 2.24884e-26 9.41642e-27 3.93765e-27 1.64446e-27 6.8589e-28 2.8572e-28 1.18875e-28 4.93989e-29 2.05034e-29 8.50015e-30 3.51987e-30 1.45591e-30 6.01533e-31 2.4826e-31 1.02349e-31 4.21501e-32 1.73403e-32 7.12627e-33 2.92567e-33 1.19991e-33 4.91626e-34 2.01227e-34 8.22732e-35 3.35814e-35 1.36443e-35 5.47575e-36 2.33131e-36 9.68738e-37 3.99382e-37 1.63884e-37 6.6988e-38 2.72906e-38 1.10866e-38 4.4931e-39 1.81725e-39 7.33727e-40 2.9581e-40 1.19105e-40 4.79022e-41 1.92458e-41 7.72528e-42 3.09826e-42 1.24157e-42 4.97154e-43 1.98926e-43 7.95395e-44 3.17814e-44 1.26902e-44 5.06375e-45 2.01925e-45 8.04681e-46 3.20461e-46 1.2754e-46 5.07272e-47 2.01632e-47 8.00943e-48 3.17959e-48 1.26144e-48 5.00143e-49 1.98176e-49 7.8477e-50 3.10575e-50 1.22837e-50 4.85542e-51 1.91808e-51 7.57264e-52 2.98795e-52 1.17827e-52 4.64372e-53 1.8291e-53 7.20053e-54 2.833e-54 1.11401e-54 4.37814e-55 1.71971e-55 6.75131e-56 2.64905e-56 1.03888e-56 4.07204e-57 1.59528e-57 6.24656e-58 2.44471e-58 9.56309e-59 3.739e-59 1.46118e-59 5.70744e-60 2.2283e-60 8.69562e-61 3.39176e-61 1.32236e-61 5.15318e-62 2.00726e-62 7.81514e-63 3.04141e-63 1.1831e-63 4.60018e-64 1.78788e-64 6.94562e-65 2.69709e-65 1.04687e-65 4.06164e-66 1.57516e-66 6.10605e-67 2.36598e-67 9.1638e-68 3.54777e-68 1.37294e-68 5.31081e-69 2.05346e-69 7.93646e-70 3.06608e-70 1.18401e-70 4.57028e-71 1.76338e-71 6.80088e-72 2.6218e-72 1.0103e-72 3.89148e-73 1.49829e-73 5.76625e-74 2.21823e-74 8.52972e-75 3.27853e-75 1.25962e-75 4.83745e-76 1.85699e-76 7.12556e-77 2.73303e-77 1.04782e-77 4.01559e-78 1.53825e-78 5.89012e-79 2.25444e-79 8.62527e-80 3.29857e-80 1.26095e-80 4.81829e-81 1.84038e-81 7.02657e-82 2.68165e-82 1.02302e-82 3.9011e-83 1.48702e-83 5.66586e-84 2.15789e-84 8.21395e-85 3.12275e-85 1.18139e-85 4.35958e-86 1.38996e-86 0. 
-2.543e+06 -988812. -11664.3 -325805. -668467. -726068. -594716. -411851. -253898. -143147. -74897.3 -36617.6 -16731.8 -7088.31 -2720.93 -889.278 -195.074 27.2005 73.0532 63.6983 43.7824 26.9228 15.4889 8.51693 4.53054 2.34915 1.19343 0.596204 0.293697 0.142964 0.068882 0.0328946 0.0155874 0.00733611 0.00343206 0.00159717 0.000739827 0.0003413 0.00015689 7.18971e-05 3.28604e-05 1.49848e-05 6.82037e-06 3.09944e-06 1.40671e-06 6.37805e-07 2.88951e-07 1.30825e-07 5.92039e-08 2.67819e-08 1.21112e-08 5.4752e-09 2.47439e-09 1.11782e-09 5.04757e-10 2.278e-10 1.0274e-10 4.63006e-11 2.08468e-11 9.37652e-12 4.21247e-12 1.89004e-12 8.46823e-13 3.7884e-13 1.69207e-13 7.54466e-14 3.35806e-14 1.49189e-14 6.61546e-15 2.92778e-15 1.29318e-15 5.70044e-16 2.50773e-16 1.10096e-16 4.82367e-17 2.10912e-17 9.20338e-18 4.00792e-18 1.74191e-18 7.55568e-19 3.27095e-19 1.4133e-19 6.09498e-20 2.62359e-20 1.12724e-20 4.8345e-21 2.06972e-21 8.84523e-22 3.77364e-22 1.60723e-22 6.83403e-23 2.90114e-23 1.22961e-23 5.20341e-24 2.19858e-24 9.27561e-25 3.90754e-25 1.64375e-25 6.90482e-26 2.89645e-26 1.21335e-26 5.07606e-27 2.12079e-27 8.8493e-28 3.68784e-28 1.53496e-28 6.38107e-29 2.64954e-29 1.09885e-29 4.55201e-30 1.88355e-30 7.78512e-31 3.21424e-31 1.32563e-31 5.46138e-32 2.24765e-32 9.24074e-33 3.79527e-33 1.5572e-33 6.38283e-34 2.6137e-34 1.06921e-34 4.36879e-35 1.7816e-35 7.23524e-36 2.96318e-36 1.21458e-36 4.97913e-37 2.03979e-37 8.34519e-38 3.40822e-38 1.38925e-38 5.65168e-39 2.29478e-39 9.30064e-40 3.76312e-40 1.52021e-40 6.13244e-41 2.47052e-41 9.94061e-42 3.9953e-42 1.6041e-42 6.43411e-43 2.57838e-43 1.03235e-43 4.12996e-44 1.6509e-44 6.59421e-45 2.63198e-45 1.04976e-45 4.18399e-46 1.66645e-46 6.63286e-47 2.63827e-47 1.0487e-47 4.16585e-48 1.65377e-48 6.56104e-49 2.60134e-49 1.03074e-49 4.08164e-50 1.6153e-50 6.38866e-51 2.52525e-51 9.97559e-52 3.93837e-52 1.55396e-52 6.12789e-53 2.41508e-53 9.51271e-54 3.74482e-54 1.47338e-54 5.79373e-55 2.277e-55 8.94402e-56 3.5113e-56 1.37776e-56 5.40319e-57 2.11788e-57 8.29713e-58 3.24888e-58 1.27152e-58 4.97386e-59 1.9447e-59 7.59974e-60 2.96849e-60 1.15896e-60 4.52265e-61 1.76407e-61 6.87763e-62 2.68017e-62 1.04397e-62 4.06462e-63 1.58182e-63 6.15323e-64 2.39253e-64 9.29872e-65 3.61244e-65 1.40278e-65 5.44495e-66 2.11257e-66 8.19306e-67 3.17612e-67 1.23073e-67 4.76704e-68 1.84566e-68 7.14287e-69 2.7632e-69 1.06849e-69 4.13001e-70 1.59569e-70 6.16265e-71 2.37906e-71 9.18043e-72 3.54112e-72 1.36533e-72 5.26206e-73 2.02719e-73 7.80641e-74 3.0049e-74 1.15618e-74 4.44678e-75 1.70956e-75 6.56964e-76 2.5236e-76 9.6899e-77 3.7191e-77 1.42685e-77 5.47191e-78 2.09759e-78 8.03752e-79 3.07855e-79 1.17867e-79 4.51085e-80 1.72563e-80 6.59871e-81 2.52228e-81 9.63721e-82 3.68072e-82 1.4052e-82 5.36252e-83 2.04562e-83 7.80015e-84 2.973e-84 1.13252e-84 4.30889e-85 1.63146e-85 6.02716e-86 1.92706e-86 0. 
-2.543e+06 -1.10189e+06 18434.8 -228374. -602583. -715426. -620278. -449111. -287677. -167929. -90801.9 -45858.6 -21677.4 -9545.25 -3854.14 -1370.13 -377.917 -30.6458 61.9968 67.0416 49.6085 31.6787 18.6404 10.3981 5.58258 2.91133 1.48378 0.742237 0.365599 0.17776 0.0854843 0.0407252 0.0192462 0.00903283 0.00421425 0.00195613 0.000904001 0.000416211 0.000191017 8.74299e-05 3.99268e-05 1.81992e-05 8.28256e-06 3.76469e-06 1.70943e-06 7.75571e-07 3.51648e-07 1.59356e-07 7.21838e-08 3.26849e-08 1.47945e-08 6.6942e-09 3.02778e-09 1.36885e-09 6.18525e-10 2.79313e-10 1.26041e-10 5.6829e-11 2.55986e-11 1.15186e-11 5.17692e-12 2.3237e-12 1.04155e-12 4.66156e-13 2.083e-13 9.29228e-14 4.13806e-14 1.83944e-14 8.16141e-15 3.61424e-15 1.59744e-15 7.04652e-16 3.10214e-16 1.36294e-16 5.9761e-17 2.61508e-17 1.14203e-17 4.97743e-18 2.16505e-18 9.39883e-19 4.07223e-19 1.76097e-19 7.60053e-20 3.2743e-20 1.40795e-20 6.04316e-21 2.58917e-21 1.10736e-21 4.72786e-22 2.01511e-22 8.57445e-23 3.6425e-23 1.54487e-23 6.54182e-24 2.76586e-24 1.16762e-24 4.9218e-25 2.07162e-25 8.70713e-26 3.6545e-26 1.53173e-26 6.41133e-27 2.68002e-27 1.11883e-27 4.66482e-28 1.9425e-28 8.07896e-29 3.35603e-29 1.39246e-29 5.77075e-30 2.38884e-30 9.87769e-31 4.07985e-31 1.6833e-31 6.93774e-32 2.85639e-32 1.17481e-32 4.82701e-33 1.98131e-33 8.12452e-34 3.32828e-34 1.36213e-34 5.56906e-35 2.27412e-35 9.26906e-36 3.77951e-36 1.54183e-36 6.29274e-37 2.56879e-37 1.04844e-37 4.27686e-38 1.74316e-38 7.09702e-39 2.88584e-39 1.17188e-39 4.75211e-40 1.92435e-40 7.78181e-41 3.14265e-41 1.26752e-41 5.10595e-42 2.05443e-42 8.25698e-43 3.31507e-43 1.32962e-43 5.32777e-44 2.13288e-44 8.53112e-45 3.40942e-45 1.36145e-45 5.43228e-46 2.16587e-46 8.62904e-47 3.43541e-47 1.36675e-47 5.43377e-48 2.15883e-48 8.5713e-49 3.40088e-49 1.34851e-49 5.34371e-50 2.1162e-50 8.37535e-51 3.3127e-51 1.30947e-51 5.1731e-52 2.04243e-52 8.0591e-53 3.17814e-53 1.25259e-53 4.93399e-54 1.94241e-54 7.64257e-55 3.00537e-55 1.18118e-55 4.63982e-56 1.82159e-56 7.14775e-57 2.80324e-57 1.09881e-57 4.3049e-58 1.68571e-58 6.59753e-59 2.58086e-59 1.00909e-59 3.94356e-60 1.5404e-60 6.01414e-61 2.34697e-61 9.15456e-62 3.56916e-62 1.3909e-62 5.41788e-63 2.10944e-63 8.20937e-64 3.19346e-64 1.24172e-64 4.82608e-65 1.8749e-65 7.28077e-66 2.82612e-66 1.09653e-66 4.25272e-67 1.64866e-67 6.38873e-68 2.47468e-68 9.58169e-69 3.70841e-69 1.43468e-69 5.54808e-70 2.14464e-70 8.28683e-71 3.2007e-71 1.23574e-71 4.76904e-72 1.83975e-72 7.09432e-73 2.73456e-73 1.05363e-73 4.05799e-74 1.56228e-74 6.01219e-75 2.31275e-75 8.89304e-76 3.41818e-76 1.3133e-76 5.04381e-77 1.93632e-77 7.43051e-78 2.85027e-78 1.09289e-78 4.18883e-79 1.60485e-79 6.14609e-80 2.35282e-80 9.00336e-81 3.44386e-81 1.31678e-81 5.03275e-82 1.92276e-82 7.34294e-83 2.80312e-83 1.06964e-83 4.07992e-84 1.55535e-84 5.92207e-85 2.24404e-85 8.29802e-86 2.65711e-86 0. 
-2.543e+06 -1.09267e+06 53167.1 -185343. -577052. -715134. -637891. -473440. -310559. -185660. -102887. -53334.2 -25947. -11817.6 -4985.24 -1895.62 -603.515 -117.876 33.6512 61.1925 50.9205 34.3704 20.9145 11.9369 6.51631 3.44097 1.7704 0.891967 0.441679 0.21556 0.103922 0.0495812 0.0234458 0.0110032 0.00513059 0.00237923 0.00109824 0.000504983 0.000231453 0.000105804 4.82631e-05 2.19778e-05 9.9947e-06 4.54047e-06 2.06103e-06 9.34988e-07 4.23961e-07 1.92172e-07 8.70811e-08 3.94493e-08 1.78662e-08 8.08892e-09 3.66091e-09 1.65614e-09 7.48812e-10 3.38358e-10 1.52777e-10 6.89244e-11 3.10648e-11 1.39861e-11 6.28943e-12 2.82465e-12 1.26681e-12 5.67305e-13 2.53652e-13 1.13225e-13 5.0455e-14 2.24436e-14 9.96521e-15 4.41637e-15 1.95351e-15 8.62427e-16 3.79995e-16 1.67099e-16 7.33342e-17 3.21199e-17 1.40403e-17 6.12517e-18 2.66686e-18 1.15886e-18 5.02589e-19 2.1755e-19 9.39886e-20 4.05296e-20 1.74446e-20 7.4947e-21 3.21412e-21 1.37593e-21 5.87989e-22 2.50839e-22 1.06828e-22 4.54209e-23 1.92804e-23 8.17111e-24 3.45751e-24 1.46075e-24 6.16211e-25 2.59561e-25 1.09174e-25 4.58539e-26 1.92321e-26 8.0553e-27 3.36939e-27 1.4075e-27 5.87197e-28 2.44662e-28 1.01815e-28 4.23177e-29 1.75676e-29 7.28441e-30 3.01699e-30 1.24813e-30 5.15779e-31 2.12908e-31 8.77916e-32 3.61622e-32 1.48801e-32 6.11665e-33 2.51179e-33 1.03044e-33 4.22319e-34 1.72917e-34 7.07322e-35 2.89038e-35 1.17971e-35 4.81107e-36 1.96104e-36 7.99117e-37 3.25579e-37 1.32623e-37 5.40085e-38 2.19848e-38 8.9441e-39 3.63611e-39 1.47696e-39 5.99353e-40 2.42966e-40 9.83854e-41 3.97947e-41 1.60777e-41 6.48819e-42 2.61537e-42 1.05308e-42 4.23564e-43 1.70184e-43 6.83092e-44 2.73912e-44 1.09731e-44 4.39188e-45 1.75625e-45 7.01694e-46 2.80123e-46 1.11738e-46 4.45361e-47 1.77375e-47 7.05913e-48 2.80734e-48 1.11566e-48 4.43064e-49 1.75835e-49 6.97359e-50 2.7639e-50 1.09473e-50 4.33327e-51 1.71417e-51 6.77674e-52 2.67747e-52 1.05722e-52 4.17204e-53 1.64542e-53 6.4856e-54 2.5549e-54 1.00589e-54 3.95808e-55 1.55659e-55 6.11822e-56 2.40347e-56 9.43666e-57 3.7031e-57 1.45239e-57 5.69343e-58 2.23069e-58 8.73542e-59 3.41906e-59 1.33756e-59 5.23003e-60 2.044e-60 7.98453e-61 3.11751e-61 1.21664e-61 4.7458e-62 1.85036e-62 7.21112e-63 2.809e-63 1.09371e-63 4.2566e-64 1.65588e-64 6.4388e-65 2.5026e-65 9.7228e-66 3.77577e-66 1.46566e-66 5.68696e-67 2.20569e-67 8.55121e-68 3.31383e-68 1.28368e-68 4.97052e-69 1.92385e-69 7.44329e-70 2.87861e-70 1.11282e-70 4.30025e-71 1.66107e-71 6.4137e-72 2.47546e-72 9.55058e-73 3.68325e-73 1.41991e-73 5.47162e-74 2.10766e-74 8.11544e-75 3.12357e-75 1.20176e-75 4.62184e-76 1.7768e-76 6.82796e-77 2.62283e-77 1.00711e-77 3.86558e-78 1.48313e-78 5.68816e-79 2.18068e-79 8.35681e-80 3.20124e-80 1.22581e-80 4.69199e-81 1.79523e-81 6.86611e-82 2.62501e-82 1.00318e-82 3.83229e-83 1.4634e-83 5.58582e-84 2.13097e-84 8.11981e-85 3.07925e-85 1.13968e-85 3.6536e-86 0. 
-2.543e+06 -1.07561e+06 75816.9 -164613. -565148. -715011. -647241. -487371. -324657. -197373. -111417. -58959.3 -29368.3 -13758. -6017.59 -2411.83 -845.428 -223.087 -7.81763 47.2614 47.7439 34.7522 22.0732 12.968 7.23251 3.88364 2.02528 1.03169 0.515517 0.25347 0.122935 0.0589332 0.0279715 0.0131633 0.00614963 0.00285526 0.0013188 0.000606484 0.000277909 0.000126976 5.78807e-05 2.63367e-05 1.19672e-05 5.43231e-06 2.46414e-06 1.1172e-06 5.06356e-07 2.2945e-07 1.03957e-07 4.70935e-08 2.13306e-08 9.65962e-09 4.3732e-09 1.97916e-09 8.95289e-10 4.04756e-10 1.82861e-10 8.25457e-11 3.72273e-11 1.67714e-11 7.54698e-12 3.39175e-12 1.52223e-12 6.82181e-13 3.05245e-13 1.36362e-13 6.08139e-14 2.70741e-14 1.20316e-14 5.33694e-15 2.36289e-15 1.04416e-15 4.60521e-16 2.02715e-16 8.90571e-17 3.90478e-17 1.70871e-17 7.46254e-18 3.25276e-18 1.41504e-18 6.14389e-19 2.66245e-19 1.15158e-19 4.97146e-20 2.14222e-20 9.21396e-21 3.95584e-21 1.69533e-21 7.25275e-22 3.0974e-22 1.32054e-22 5.62048e-23 2.38825e-23 1.01317e-23 4.29133e-24 1.81478e-24 7.66279e-25 3.2307e-25 1.36008e-25 5.71746e-26 2.40007e-26 1.00609e-26 4.21171e-27 1.76074e-27 7.35127e-28 3.06527e-28 1.27651e-28 5.30934e-29 2.20561e-29 9.1516e-30 3.79277e-30 1.57006e-30 6.4921e-31 2.68147e-31 1.10634e-31 4.55971e-32 1.87729e-32 7.72103e-33 3.17233e-33 1.30211e-33 5.33939e-34 2.18733e-34 8.95201e-35 3.66024e-35 1.49508e-35 6.10106e-36 2.48763e-36 1.01359e-36 4.12755e-37 1.68e-37 6.83496e-38 2.77953e-38 1.1298e-38 4.58993e-39 1.86358e-39 7.56132e-40 3.06564e-40 1.24191e-40 5.02664e-41 2.03266e-41 8.21173e-42 3.3142e-42 1.33626e-42 5.38228e-43 2.16576e-43 8.70611e-44 3.49635e-44 1.40278e-44 5.62284e-45 2.25177e-45 9.00954e-46 3.60165e-46 1.43857e-46 5.74117e-47 2.28938e-47 9.12207e-48 3.6319e-48 1.44493e-48 5.74437e-49 2.28205e-49 9.05944e-50 3.594e-50 1.42482e-50 5.64488e-51 2.23494e-51 8.84292e-52 3.49665e-52 1.38177e-52 5.45702e-53 2.15383e-53 8.49585e-54 3.34924e-54 1.31957e-54 5.19598e-55 2.04482e-55 8.04267e-56 3.16157e-56 1.24213e-56 4.87746e-57 1.9142e-57 7.50845e-58 2.94364e-58 1.15343e-58 4.51729e-59 1.76824e-59 6.91808e-60 2.70529e-60 1.05737e-60 4.13076e-61 1.61296e-61 6.29518e-62 2.45578e-62 9.5756e-63 3.73201e-63 1.45385e-63 5.6611e-64 2.20337e-64 8.57195e-65 3.33336e-65 1.29567e-65 5.03406e-66 1.95505e-66 7.58947e-67 2.94498e-67 1.14228e-67 4.42874e-68 1.71637e-68 6.64909e-69 2.57476e-69 9.96635e-70 3.85621e-70 1.49146e-70 5.76616e-71 2.22839e-71 8.60841e-72 3.32417e-72 1.28314e-72 4.95099e-73 1.90959e-73 7.36242e-74 2.83746e-74 1.09313e-74 4.20962e-75 1.62049e-75 6.23562e-76 2.39853e-76 9.22235e-77 3.54462e-77 1.36185e-77 5.23024e-78 2.00791e-78 7.70549e-79 2.95588e-79 1.13346e-79 4.34465e-80 1.6647e-80 6.37602e-81 2.44115e-81 9.34269e-82 3.57421e-82 1.36685e-82 5.22509e-83 1.99662e-83 7.62641e-84 2.91149e-84 1.1102e-84 4.21357e-85 1.56102e-85 5.01066e-86 0. 
-2.543e+06 -1.06811e+06 84830.1 -154464. -554655. -707960. -645721. -490509. -330184. -203219. -116370. -62612. -31802.1 -15253.6 -6875.34 -2874.06 -1080.06 -335.094 -57.7223 26.8869 40.4563 32.7693 21.967 13.3601 7.64145 4.18513 2.21813 1.14542 0.579034 0.287556 0.140668 0.0679303 0.0324424 0.0153465 0.00720004 0.00335427 0.0015533 0.000715681 0.000328366 0.000150142 6.84616e-05 3.11497e-05 1.41498e-05 6.41986e-06 2.91032e-06 1.31863e-06 5.97265e-07 2.70484e-07 1.22487e-07 5.54658e-08 2.51161e-08 1.13723e-08 5.14856e-09 2.33034e-09 1.05439e-09 4.7685e-10 2.15525e-10 9.73412e-11 4.39258e-11 1.98022e-11 8.91709e-12 4.01054e-12 1.80138e-12 8.07964e-13 3.61845e-13 1.61794e-13 7.22246e-14 3.21856e-14 1.43176e-14 6.3576e-15 2.81781e-15 1.24656e-15 5.50411e-16 2.42563e-16 1.0669e-16 4.68354e-17 2.05201e-17 8.97297e-18 3.91605e-18 1.70576e-18 7.41567e-19 3.21773e-19 1.39355e-19 6.0239e-20 2.5991e-20 1.11935e-20 4.81193e-21 2.06486e-21 8.84487e-22 3.7821e-22 1.61446e-22 6.87991e-23 2.92695e-23 1.24318e-23 5.27175e-24 2.23196e-24 9.43496e-25 3.98227e-25 1.6783e-25 7.06265e-26 2.96783e-26 1.24535e-26 5.21845e-27 2.18372e-27 9.12581e-28 3.80868e-28 1.58751e-28 6.60862e-29 2.74768e-29 1.14102e-29 4.73259e-30 1.96064e-30 8.11328e-31 3.35356e-31 1.38463e-31 5.7107e-32 2.35278e-32 9.68317e-33 3.98113e-33 1.63514e-33 6.70921e-34 2.75019e-34 1.12625e-34 4.60779e-35 1.88337e-35 7.69076e-36 3.13768e-36 1.27902e-36 5.20969e-37 2.1205e-37 8.62559e-38 3.50657e-38 1.42473e-38 5.78552e-39 2.34806e-39 9.52404e-40 3.8607e-40 1.56395e-40 6.33109e-41 2.561e-41 1.03514e-41 4.18057e-42 1.68695e-42 6.80132e-43 2.73966e-43 1.10258e-43 4.43335e-44 1.78098e-44 7.14817e-45 2.86643e-45 1.14842e-45 4.59709e-46 1.83861e-46 7.34733e-47 2.93365e-47 1.17039e-47 4.66561e-48 1.85842e-48 7.39686e-49 2.94187e-49 1.16918e-49 4.64325e-50 1.84271e-50 7.30784e-51 2.89618e-51 1.14702e-51 4.53971e-52 1.79558e-52 7.09749e-53 2.8037e-53 1.10685e-53 4.36701e-54 1.72194e-54 6.78567e-55 2.67248e-55 1.05192e-55 4.13816e-56 1.62699e-56 6.39327e-57 2.51085e-57 9.8556e-58 3.86645e-58 1.51604e-58 5.94129e-59 2.32716e-59 9.11061e-60 3.56491e-60 1.39422e-60 5.45005e-61 2.12939e-61 8.31569e-62 3.24589e-62 1.26637e-62 4.93839e-63 1.9249e-63 7.49945e-64 2.92048e-64 1.13679e-64 4.42299e-65 1.72011e-65 6.68666e-66 2.5982e-66 1.00913e-66 3.91778e-67 1.52037e-67 5.89759e-68 2.28676e-68 8.86313e-69 3.43381e-69 1.32981e-69 5.14784e-70 1.99199e-70 7.70508e-71 2.97916e-71 1.15144e-71 4.44852e-72 1.71799e-72 6.63219e-73 2.55932e-73 9.87242e-74 3.80676e-74 1.4673e-74 5.65351e-75 2.17746e-75 8.3833e-76 3.22637e-76 1.24122e-76 4.77328e-77 1.83493e-77 7.0511e-78 2.7085e-78 1.04001e-78 3.99188e-79 1.53163e-79 5.87444e-80 2.25223e-80 8.63167e-81 3.30683e-81 1.26638e-81 4.84785e-82 1.85511e-82 7.09621e-83 2.71341e-83 1.03712e-83 3.96208e-84 1.51191e-84 5.74301e-85 2.13005e-85 6.84848e-86 0. 
-2.543e+06 -1.07016e+06 79800.6 -153390. -542136. -690515. -630833. -481320. -326223. -202616. -117346. -64008.1 -33051.6 -16175.2 -7479.23 -3236.92 -1283.25 -441.986 -110.692 2.22014 29.7634 28.5521 20.5396 13.0239 7.66954 4.2959 2.31896 1.21623 0.623156 0.31314 0.154787 0.0754401 0.0363225 0.0173044 0.00816875 0.00382564 0.00177943 0.00082285 0.000378629 0.000173508 7.92427e-05 3.60933e-05 1.64052e-05 7.44472e-06 3.3746e-06 1.5285e-06 6.91998e-07 3.13212e-07 1.41753e-07 6.41546e-08 2.90363e-08 1.31422e-08 5.94817e-09 2.69186e-09 1.21795e-09 5.50885e-10 2.4905e-10 1.12525e-10 5.08021e-11 2.29156e-11 1.03262e-11 4.64784e-12 2.08939e-12 9.37991e-13 4.20483e-13 1.88205e-13 8.4104e-14 3.75211e-14 1.67103e-14 7.42884e-15 3.29663e-15 1.46021e-15 6.45574e-16 2.84874e-16 1.25467e-16 5.51534e-17 2.41978e-17 1.0596e-17 4.63094e-18 2.02004e-18 8.79465e-19 3.82163e-19 1.65751e-19 7.1754e-20 3.10047e-20 1.33723e-20 5.75698e-21 2.47399e-21 1.06128e-21 4.5446e-22 1.94272e-22 8.2905e-23 3.532e-23 1.50225e-23 6.37901e-24 2.70438e-24 1.14472e-24 4.83786e-25 2.04149e-25 8.60185e-26 3.61907e-26 1.52046e-26 6.37878e-27 2.67236e-27 1.11805e-27 4.67137e-28 1.9492e-28 8.12284e-29 3.38072e-29 1.40531e-29 5.83453e-30 2.41947e-30 1.00213e-30 4.146e-31 1.71334e-31 7.07253e-32 2.91631e-32 1.20124e-32 4.94275e-33 2.0317e-33 8.3428e-34 3.4224e-34 1.40257e-34 5.74251e-35 2.34889e-35 9.59879e-36 3.91894e-36 1.59856e-36 6.51506e-37 2.65309e-37 1.07957e-37 4.38974e-38 1.78373e-38 7.24338e-39 2.93956e-39 1.19222e-39 4.83246e-40 1.95755e-40 7.92468e-41 3.20603e-41 1.29617e-41 5.2366e-42 2.11408e-42 8.52842e-43 3.43778e-43 1.38466e-43 5.57258e-44 2.24084e-44 9.0034e-45 3.61441e-45 1.44978e-45 5.81039e-46 2.32672e-46 9.3094e-47 3.7217e-47 1.48665e-47 5.93368e-48 2.36644e-48 9.43035e-49 3.75513e-49 1.49415e-49 5.9407e-50 2.36028e-50 9.37082e-51 3.71778e-51 1.47397e-51 5.83975e-52 2.31211e-52 9.1482e-53 3.61726e-53 1.42937e-53 5.64467e-54 2.22772e-54 8.78652e-55 3.46347e-55 1.36442e-55 5.3719e-56 2.11377e-56 8.31263e-57 3.26719e-57 1.28342e-57 5.03877e-58 1.97717e-58 7.75408e-59 3.03939e-59 1.19073e-59 4.66248e-60 1.82472e-60 7.13768e-61 2.79062e-61 1.0905e-61 4.25934e-62 1.66283e-62 6.48848e-63 2.53066e-63 9.86552e-64 3.84419e-64 1.49724e-64 5.8288e-65 2.26815e-65 8.8221e-66 3.42989e-66 1.33291e-66 5.17763e-67 2.01037e-67 7.80256e-68 3.02702e-68 1.17385e-68 4.55021e-69 1.76308e-69 6.82865e-70 2.64376e-70 1.02314e-70 3.95801e-71 1.53055e-71 5.91623e-72 2.28598e-72 8.82943e-73 3.40898e-73 1.31567e-73 5.07581e-74 1.95748e-74 7.54611e-75 2.90793e-75 1.12016e-75 4.31333e-76 1.66028e-76 6.38833e-77 2.45714e-77 9.44732e-78 3.63099e-78 1.39502e-78 5.35761e-79 2.05684e-79 7.89346e-80 3.02812e-80 1.16122e-80 4.45139e-81 1.70575e-81 6.53387e-82 2.50187e-82 9.57628e-83 3.66408e-83 1.4014e-83 5.35732e-84 2.04582e-84 7.77822e-85 2.88904e-85 9.31125e-86 0. 
-2.543e+06 -1.08218e+06 51614.9 -172649. -534529. -665304. -602738. -458981. -311764. -194689. -113689. -62695.9 -32824.3 -16343.3 -7724.17 -3441.92 -1424.03 -528.223 -159.393 -23.5279 16.9318 22.5181 17.8753 11.9345 7.27066 4.1768 2.30097 1.22764 0.638423 0.32506 0.162581 0.0800821 0.038927 0.018705 0.00889784 0.00419554 0.00196318 0.000912525 0.000421743 0.000193974 8.88529e-05 4.05644e-05 1.84692e-05 8.39139e-06 3.80651e-06 1.72472e-06 7.80862e-07 3.53362e-07 1.59866e-07 7.23191e-08 3.27154e-08 1.48003e-08 6.69583e-09 3.02923e-09 1.3703e-09 6.19744e-10 2.80197e-10 1.26622e-10 5.71861e-11 2.58074e-11 1.16362e-11 5.24121e-12 2.35806e-12 1.05957e-12 4.75459e-13 2.13041e-13 9.53114e-14 4.25723e-14 1.89838e-14 8.4506e-15 3.75512e-15 1.66561e-15 7.37436e-16 3.25886e-16 1.43744e-16 6.32832e-17 2.78074e-17 1.21956e-17 5.33845e-18 2.33237e-18 1.01708e-18 4.42677e-19 1.9231e-19 8.33874e-20 3.60905e-20 1.55914e-20 6.72332e-21 2.894e-21 1.24347e-21 5.33345e-22 2.28362e-22 9.76092e-23 4.16506e-23 1.7743e-23 7.54598e-24 3.20405e-24 1.35829e-24 5.74909e-25 2.42961e-25 1.02521e-25 4.31959e-26 1.81733e-26 7.63481e-27 3.20293e-27 1.34182e-27 5.61365e-28 2.34539e-28 9.78618e-29 4.07803e-29 1.69721e-29 7.05476e-30 2.92885e-30 1.21448e-30 5.03009e-31 2.08093e-31 8.59901e-32 3.54941e-32 1.46349e-32 6.02776e-33 2.48009e-33 1.01936e-33 4.18552e-34 1.71687e-34 7.03555e-35 2.88032e-35 1.17806e-35 4.81384e-36 1.96524e-36 8.01583e-37 3.26667e-37 1.33014e-37 5.41177e-38 2.20013e-38 8.93798e-39 3.62848e-39 1.47203e-39 5.96793e-40 2.41797e-40 9.79047e-41 3.96169e-41 1.60206e-41 6.47434e-42 2.61472e-42 1.05526e-42 4.25594e-43 1.71523e-43 6.90769e-44 2.77985e-44 1.11785e-44 4.4917e-45 1.80344e-45 7.23522e-46 2.90041e-46 1.16178e-46 4.6499e-47 1.8596e-47 7.43113e-48 2.96722e-48 1.18388e-48 4.71985e-49 1.88027e-49 7.48485e-50 2.97731e-50 1.18344e-50 4.7006e-51 1.86574e-51 7.40019e-52 2.93315e-52 1.16179e-52 4.59867e-53 1.81906e-53 7.19086e-54 2.84077e-54 1.12154e-54 4.42511e-55 1.74489e-55 6.87617e-56 2.70812e-56 1.06594e-56 4.1932e-57 1.64858e-57 6.47783e-58 2.54394e-58 9.98491e-59 3.91693e-59 1.53573e-59 6.01799e-60 2.35701e-60 9.2267e-61 3.61001e-61 1.41173e-61 5.51794e-62 2.15569e-62 8.41754e-63 3.28529e-63 1.2816e-63 4.99722e-64 1.9476e-64 7.587e-65 2.95421e-65 1.14978e-65 4.47297e-66 1.73934e-66 6.76051e-67 2.62656e-67 1.02002e-67 3.95951e-68 1.53636e-68 5.95885e-69 2.31021e-69 8.95286e-70 3.46812e-70 1.34293e-70 5.19798e-71 2.01115e-71 7.77826e-72 3.00711e-72 1.16211e-72 4.48927e-73 1.73355e-73 6.69162e-74 2.58202e-74 9.95918e-75 3.83993e-75 1.47999e-75 5.70205e-76 2.19604e-76 8.45451e-77 3.25368e-77 1.2517e-77 4.81352e-78 1.8504e-78 7.11065e-79 2.73144e-79 1.04885e-79 4.02603e-80 1.54483e-80 5.92547e-81 2.27199e-81 8.70824e-82 3.33653e-82 1.27791e-82 4.89265e-83 1.8725e-83 7.16302e-84 2.73742e-84 1.04185e-84 3.87717e-85 1.25438e-85 0. 
-2.543e+06 -1.10359e+06 -21574.9 -239965. -552885. -644887. -567656. -425937. -287357. -179210. -104959. -58264.1 -30810.9 -15550.8 -7482.37 -3414.91 -1461.62 -572.493 -193.227 -45.3627 4.1712 15.5673 14.2964 10.1803 6.44991 3.81061 2.14598 1.16616 0.616164 0.318181 0.161174 0.0803107 0.0394517 0.0191406 0.00918546 0.00436588 0.00205765 0.000962618 0.000447436 0.000206815 9.51382e-05 4.35889e-05 1.99041e-05 9.06412e-06 4.11881e-06 1.86853e-06 8.46638e-07 3.83289e-07 1.73427e-07 7.84458e-08 3.54778e-08 1.60444e-08 7.25593e-09 3.28143e-09 1.48394e-09 6.70995e-10 3.03338e-10 1.37085e-10 6.19221e-11 2.79536e-11 1.26097e-11 5.68311e-12 2.55874e-12 1.15073e-12 5.16861e-13 2.3184e-13 1.03842e-13 4.64403e-14 2.07359e-14 9.24335e-15 4.11332e-15 1.82722e-15 8.10239e-16 3.58626e-16 1.58442e-16 6.98695e-17 3.07532e-17 1.35106e-17 5.92433e-18 2.59288e-18 1.13268e-18 4.93869e-19 2.14933e-19 9.33652e-20 4.0482e-20 1.75203e-20 7.5688e-21 3.26384e-21 1.40492e-21 6.03683e-22 2.58944e-22 1.10879e-22 4.73974e-23 2.02268e-23 8.61743e-24 3.66537e-24 1.55653e-24 6.5994e-25 2.79366e-25 1.18079e-25 4.98328e-26 2.09995e-26 8.83623e-27 3.71278e-27 1.55782e-27 6.52724e-28 2.73117e-28 1.14126e-28 4.76267e-29 1.98496e-29 8.26232e-30 3.43487e-30 1.42622e-30 5.91481e-31 2.45009e-31 1.01372e-31 4.18952e-32 1.72951e-32 7.13192e-33 2.9378e-33 1.20887e-33 4.96919e-34 2.04056e-34 8.37099e-35 3.43066e-35 1.40462e-35 5.74545e-36 2.34792e-36 9.58615e-37 3.91034e-37 1.59369e-37 6.48965e-38 2.64047e-38 1.07348e-38 4.36088e-39 1.77024e-39 7.18094e-40 2.91091e-40 1.17919e-40 4.77366e-41 1.93124e-41 7.80804e-42 3.15477e-42 1.27383e-42 5.14011e-43 2.07274e-43 8.3527e-44 3.36365e-44 1.35361e-44 5.4434e-45 2.18743e-45 8.78382e-46 3.52462e-46 1.41325e-46 5.66237e-47 2.267e-47 9.06934e-48 3.62553e-48 1.44823e-48 5.78064e-49 2.30562e-49 9.18915e-50 3.65965e-50 1.45641e-50 5.79178e-51 2.30158e-51 9.13968e-52 3.62685e-52 1.43822e-52 5.69931e-53 2.25697e-53 8.93178e-54 3.53236e-54 1.39607e-54 5.51409e-55 2.17653e-55 8.58591e-56 3.38486e-56 1.33362e-56 5.25126e-57 2.06652e-57 8.12761e-58 3.19476e-58 1.25507e-58 4.9278e-59 1.93375e-59 7.58423e-60 2.97296e-60 1.16476e-60 4.56095e-61 1.78505e-61 6.98267e-62 2.73007e-62 1.06686e-62 4.16705e-63 1.62681e-63 6.34798e-64 2.47586e-64 9.65189e-65 3.76093e-65 1.4648e-65 5.70244e-66 2.21895e-66 8.63059e-67 3.35537e-67 1.30392e-67 5.06491e-68 1.96655e-68 7.6323e-69 2.96089e-69 1.14817e-69 4.45054e-70 1.72441e-70 6.67867e-71 2.58563e-71 1.00062e-71 3.87076e-72 1.49677e-72 5.78553e-73 2.23544e-73 8.63406e-74 3.3335e-74 1.28653e-74 4.96336e-75 1.91411e-75 7.37896e-76 2.84355e-76 1.09538e-76 4.21801e-77 1.62364e-77 6.2476e-78 2.40312e-78 9.24016e-79 3.5516e-79 1.36462e-79 5.24129e-80 2.01237e-80 7.72361e-81 2.96329e-81 1.1365e-81 4.35723e-82 1.6699e-82 6.39757e-83 2.45006e-83 9.37875e-84 3.58699e-84 1.36686e-84 5.10025e-85 1.66045e-85 0. 
-2.543e+06 -1.11119e+06 -168288. -393283. -628850. -651194. -538951. -389452. -256488. -157589. -91556.5 -50697.5 -26870.3 -13652.5 -6642.7 -3082.05 -1351.21 -549.357 -198.555 -56.3399 -5.15907 9.23793 10.4626 8.02026 5.29533 3.21866 1.85292 1.02547 0.550484 0.288316 0.147937 0.0745919 0.0370454 0.0181564 0.00879547 0.00421705 0.0020035 0.000944189 0.000441804 0.000205438 9.50094e-05 4.37331e-05 2.00501e-05 9.1615e-06 4.17463e-06 1.89803e-06 8.61461e-07 3.90477e-07 1.76824e-07 8.00206e-08 3.61975e-08 1.63699e-08 7.40207e-09 3.34678e-09 1.51312e-09 6.84035e-10 3.09182e-10 1.39715e-10 6.31123e-11 2.84956e-11 1.2858e-11 5.79761e-12 2.61182e-12 1.17545e-12 5.28416e-13 2.37254e-13 1.06383e-13 4.76339e-14 2.12964e-14 9.50632e-15 4.23652e-15 1.88483e-15 8.37115e-16 3.71134e-16 1.64246e-16 7.25554e-17 3.19923e-17 1.40805e-17 6.18562e-18 2.71231e-18 1.18709e-18 5.18586e-19 2.26126e-19 9.84182e-20 4.27563e-20 1.85409e-20 8.02547e-21 3.46759e-21 1.49557e-21 6.439e-22 2.76738e-22 1.18731e-22 5.08531e-23 2.17437e-23 9.28165e-24 3.95548e-24 1.68293e-24 7.14886e-25 3.03194e-25 1.28389e-25 5.42834e-26 2.29166e-26 9.66027e-27 4.06623e-27 1.70911e-27 7.17356e-28 3.00673e-28 1.25852e-28 5.26071e-29 2.19611e-29 9.15589e-30 3.81236e-30 1.58542e-30 6.58509e-31 2.73184e-31 1.13197e-31 4.68498e-32 1.9368e-32 7.99791e-33 3.29905e-33 1.35935e-33 5.59519e-34 2.30061e-34 9.44992e-35 3.87771e-35 1.58962e-35 6.51011e-36 2.6636e-36 1.08878e-36 4.44644e-37 1.81422e-37 7.39581e-38 3.01235e-38 1.22591e-38 4.98495e-39 2.02543e-39 8.22323e-40 3.33614e-40 1.35249e-40 5.47924e-41 2.21824e-41 8.97445e-42 3.62845e-42 1.46606e-42 5.91971e-43 2.38874e-43 9.63287e-44 3.88203e-44 1.56342e-44 6.2922e-45 2.53068e-45 1.01712e-45 4.08516e-46 1.63961e-46 6.57604e-47 2.63559e-47 1.05554e-47 4.22435e-48 1.68938e-48 6.7511e-49 2.6959e-49 1.07576e-49 4.28953e-50 1.70917e-50 6.8053e-51 2.70767e-51 1.07655e-51 4.27723e-52 1.69819e-52 6.73762e-53 2.67134e-53 1.05841e-53 4.19072e-54 1.65819e-54 6.55686e-55 2.59105e-55 1.02324e-55 4.03838e-56 1.59282e-56 6.27854e-57 2.47337e-57 9.73777e-58 3.83155e-58 1.50674e-58 5.92178e-59 2.32606e-59 9.1316e-60 3.58289e-60 1.40503e-60 5.50683e-61 2.15719e-61 8.44594e-62 3.30508e-62 1.29269e-62 5.05344e-63 1.97453e-63 7.71125e-64 3.01005e-64 1.17439e-64 4.5798e-65 1.78515e-65 6.95503e-66 2.70847e-66 1.05427e-66 4.10185e-67 1.5952e-67 6.20098e-68 2.40943e-68 9.35793e-69 3.63295e-69 1.40979e-69 5.46847e-70 2.1203e-70 8.21768e-71 3.18363e-71 1.23288e-71 4.77248e-72 1.84669e-72 7.14287e-73 2.76172e-73 1.06738e-73 4.12372e-74 1.59255e-74 6.14795e-75 2.37249e-75 9.15193e-76 3.52906e-76 1.36032e-76 5.24161e-77 2.01896e-77 7.77372e-78 2.99207e-78 1.15121e-78 4.42772e-79 1.70235e-79 6.54271e-80 2.51368e-80 9.65397e-81 3.70634e-81 1.42242e-81 5.45701e-82 2.09279e-82 8.02305e-83 3.07464e-83 1.17779e-83 4.50833e-84 1.72038e-84 6.44334e-85 2.11961e-85 0. 
-2.543e+06 -979097. -382906. -640662. -774223. -696958. -527431. -357195. -223886. -132397. -74706.8 -40483.7 -21136.8 -10640.1 -5155.67 -2393.9 -1055.71 -434.603 -160.908 -48.374 -6.78634 5.67504 7.39787 5.91707 4.00276 2.47676 1.4471 0.811461 0.440893 0.233546 0.121126 0.0617003 0.0309432 0.0153074 0.00748135 0.00361729 0.00173227 0.000822484 0.000387545 0.000181372 8.43759e-05 3.90466e-05 1.79873e-05 8.25362e-06 3.77467e-06 1.72151e-06 7.83348e-07 3.55804e-07 1.61381e-07 7.3119e-08 3.31029e-08 1.49783e-08 6.77474e-09 3.06344e-09 1.38498e-09 6.2604e-10 2.82932e-10 1.27839e-10 5.77442e-11 2.60724e-11 1.17661e-11 5.30651e-12 2.39145e-12 1.0768e-12 4.84375e-13 2.17646e-13 9.76774e-14 4.37797e-14 1.95951e-14 8.7576e-15 3.908e-15 1.74113e-15 7.74445e-16 3.43886e-16 1.52436e-16 6.74522e-17 2.97941e-17 1.31365e-17 5.78154e-18 2.53987e-18 1.11375e-18 4.87487e-19 2.12983e-19 9.28819e-20 4.04321e-20 1.75684e-20 7.62001e-21 3.29913e-21 1.42584e-21 6.15139e-22 2.64921e-22 1.13896e-22 4.88825e-23 2.09441e-23 8.95866e-24 3.82564e-24 1.631e-24 6.94228e-25 2.95025e-25 1.25179e-25 5.30315e-26 2.24322e-26 9.47453e-27 3.99576e-27 1.68271e-27 7.07612e-28 2.97145e-28 1.24606e-28 5.21814e-29 2.18228e-29 9.11448e-30 3.80181e-30 1.58378e-30 6.58956e-31 2.73832e-31 1.13654e-31 4.71164e-32 1.95098e-32 8.06929e-33 3.33373e-33 1.37577e-33 5.67137e-34 2.33544e-34 9.60714e-35 3.94796e-35 1.62074e-35 6.64694e-36 2.72337e-36 1.11474e-36 4.5586e-37 1.86246e-37 7.60234e-38 3.10042e-38 1.26333e-38 5.14332e-39 2.09224e-39 8.50408e-40 3.45386e-40 1.40169e-40 5.68429e-41 2.30351e-41 9.32822e-42 3.77494e-42 1.52662e-42 6.16969e-43 2.4918e-43 1.00573e-43 4.05665e-44 1.63521e-44 6.58716e-45 2.65179e-45 1.06683e-45 4.28905e-46 1.7232e-46 6.91857e-47 2.77587e-47 1.11296e-47 4.45921e-48 1.78538e-48 7.14321e-49 2.85593e-49 1.14101e-49 4.55536e-50 1.81737e-50 7.2452e-51 2.88634e-51 1.14904e-51 4.57105e-52 1.81715e-52 7.2187e-53 2.86568e-53 1.13683e-53 4.50681e-54 1.78546e-54 7.0687e-55 2.79669e-55 1.10577e-55 4.36925e-56 1.72533e-56 6.80873e-57 2.68529e-57 1.0584e-57 4.16915e-58 1.64129e-58 6.45759e-59 2.53924e-59 9.97901e-60 3.91946e-60 1.53859e-60 6.03645e-61 2.36703e-61 9.2767e-62 3.63373e-62 1.42261e-62 5.56663e-63 2.1771e-63 8.51031e-64 3.32503e-64 1.29847e-64 5.06823e-65 1.97729e-65 7.71045e-66 3.00527e-66 1.17081e-66 4.55918e-67 1.77456e-67 6.90396e-68 2.6848e-68 1.0436e-68 4.05478e-69 1.57475e-69 6.11323e-70 2.37217e-70 9.20106e-71 3.56738e-71 1.38255e-71 5.35596e-72 2.07404e-72 8.02828e-73 3.10638e-73 1.20148e-73 4.64523e-74 1.79527e-74 6.9356e-75 2.67838e-75 1.03394e-75 3.98982e-76 1.53904e-76 5.93447e-77 2.28746e-77 8.81382e-78 3.39481e-78 1.30709e-78 5.03083e-79 1.93559e-79 7.44443e-80 2.86214e-80 1.10001e-80 4.22612e-81 1.62306e-81 6.23116e-82 2.39138e-82 9.17432e-83 3.51837e-83 1.34878e-83 5.16738e-84 1.97507e-84 7.43454e-85 2.48776e-85 0. 
-2.543e+06 -210874. -450915. -863392. -924524. -752198. -522401. -327270. -190649. -105169. -55555.3 -28289.5 -13930.8 -6635.37 -3047.82 -1340.3 -556.175 -211.33 -68.1915 -13.7777 3.79701 7.36206 6.39944 4.51604 2.87784 1.72223 0.986409 0.546524 0.29489 0.15566 0.0806451 0.041108 0.0206567 0.0102486 0.00502704 0.00244059 0.00117395 0.000559969 0.000265093 0.000124647 5.82532e-05 2.70773e-05 1.25259e-05 5.7702e-06 2.64844e-06 1.2118e-06 5.53003e-07 2.51807e-07 1.14453e-07 5.19463e-08 2.35498e-08 1.06668e-08 4.82817e-09 2.18426e-09 9.87744e-10 4.46513e-10 2.01783e-10 9.11577e-11 4.11665e-11 1.85829e-11 8.38423e-12 3.78057e-12 1.70354e-12 7.67008e-13 3.45031e-13 1.55053e-13 6.96021e-14 3.12065e-14 1.39737e-14 6.24863e-15 2.7902e-15 1.24404e-15 5.53808e-16 2.46143e-16 1.0922e-16 4.83821e-17 2.13957e-17 9.44529e-18 4.1624e-18 1.83107e-18 8.04073e-19 3.52461e-19 1.54224e-19 6.73623e-20 2.93702e-20 1.27827e-20 5.55356e-21 2.40853e-21 1.04273e-21 4.50645e-22 1.94422e-22 8.37361e-23 3.60032e-23 1.54539e-23 6.62232e-24 2.83313e-24 1.21008e-24 5.16017e-25 2.19695e-25 9.33891e-26 3.96367e-26 1.67971e-26 7.10751e-27 3.00299e-27 1.26693e-27 5.33737e-28 2.24535e-28 9.43261e-29 3.95715e-29 1.65785e-29 6.9363e-30 2.89829e-30 1.20947e-30 5.04079e-31 2.09827e-31 8.72351e-32 3.62242e-32 1.50242e-32 6.22416e-33 2.57557e-33 1.06458e-33 4.39545e-34 1.81284e-34 7.4688e-35 3.0739e-35 1.26381e-35 5.19079e-36 2.12988e-36 8.73074e-37 3.57545e-37 1.46285e-37 5.97954e-38 2.44196e-38 9.96377e-39 4.0619e-39 1.65449e-39 6.73341e-40 2.73813e-40 1.11257e-40 4.51721e-41 1.83267e-41 7.42991e-42 3.01004e-42 1.2186e-42 4.93005e-43 1.99321e-43 8.05319e-44 3.25162e-44 1.31205e-44 5.29079e-45 2.13212e-45 8.58658e-46 3.45579e-46 1.38992e-46 5.58657e-47 2.24394e-47 9.00711e-48 3.61297e-48 1.44826e-48 5.80134e-49 2.32224e-49 9.28931e-50 3.71325e-50 1.48326e-50 5.92071e-51 2.36169e-51 9.4138e-52 3.74973e-52 1.49255e-52 5.93685e-53 2.35982e-53 9.3735e-54 3.72071e-54 1.47589e-54 5.85047e-55 2.31759e-55 9.17479e-56 3.6297e-56 1.43505e-56 5.67001e-57 2.23886e-57 8.83487e-58 3.48423e-58 1.37325e-58 5.40918e-59 2.1294e-59 8.37778e-60 3.2942e-60 1.29457e-60 5.08458e-61 1.99593e-61 7.83063e-62 3.07053e-62 1.20337e-62 4.71362e-63 1.84537e-63 7.22089e-64 2.82407e-64 1.10393e-64 4.31314e-65 1.68435e-65 6.57443e-66 2.56494e-66 1.00021e-66 3.8985e-67 1.51881e-67 5.91442e-68 2.30209e-68 8.95648e-69 3.48305e-69 1.35391e-69 5.26055e-70 2.04308e-70 7.93149e-71 3.0778e-71 1.19383e-71 4.62878e-72 1.79395e-72 6.94991e-73 2.69136e-73 1.04181e-73 4.03122e-74 1.55924e-74 6.02862e-75 2.33e-75 9.00172e-76 3.4764e-76 1.34205e-76 5.17898e-77 1.99782e-77 7.70383e-78 2.96959e-78 1.14426e-78 4.40753e-79 1.69709e-79 6.53218e-80 2.51335e-80 9.66697e-81 3.71682e-81 1.42855e-81 5.48865e-82 2.10804e-82 8.09353e-83 3.10628e-83 1.19174e-83 4.56993e-84 1.74973e-84 6.62827e-85 2.2797e-85 0. 
-2.543e+06 -236259. -43515.6 -593554. -835343. -757131. -552506. -351920. -203316. -108739. -54413.3 -25573.5 -11255.7 -4581.02 -1668.2 -494.083 -71.9835 50.0509 65.6892 51.3896 33.8635 20.4009 11.6136 6.35296 3.37242 1.7482 0.888776 0.44452 0.219232 0.106812 0.0514847 0.0245816 0.0116378 0.00546833 0.00255224 0.00118413 0.000546494 0.000251055 0.000114872 5.23816e-05 2.38176e-05 1.08043e-05 4.89196e-06 2.21177e-06 9.98933e-07 4.50832e-07 2.03373e-07 9.17205e-08 4.13619e-08 1.86526e-08 8.41199e-09 3.79384e-09 1.71103e-09 7.71608e-10 3.47896e-10 1.56804e-10 7.06406e-11 3.18036e-11 1.43073e-11 6.43024e-12 2.88687e-12 1.29449e-12 5.7968e-13 2.59208e-13 1.15728e-13 5.15844e-14 2.29542e-14 1.01963e-14 4.52102e-15 2.00092e-15 8.83914e-16 3.89733e-16 1.71512e-16 7.53338e-17 3.30255e-17 1.44503e-17 6.3106e-18 2.75065e-18 1.19668e-18 5.19636e-19 2.25221e-19 9.74342e-20 4.20741e-20 1.81354e-20 7.80289e-21 3.35126e-21 1.43679e-21 6.14919e-22 2.6272e-22 1.12054e-22 4.77118e-23 2.02816e-23 8.6072e-24 3.64683e-24 1.54267e-24 6.5154e-25 2.74745e-25 1.15678e-25 4.86305e-26 2.04134e-26 8.5562e-27 3.58107e-27 1.49665e-27 6.24619e-28 2.60318e-28 1.08342e-28 4.50302e-29 1.8691e-29 7.7481e-30 3.20773e-30 1.32633e-30 5.47725e-31 2.25914e-31 9.30679e-32 3.82951e-32 1.57392e-32 6.46135e-33 2.64958e-33 1.0853e-33 4.44072e-34 1.81507e-34 7.411e-35 3.02283e-35 1.23171e-35 5.01385e-36 2.03896e-36 8.28376e-37 3.36231e-37 1.36347e-37 5.52402e-38 2.23603e-38 9.0431e-39 3.65411e-39 1.47529e-39 5.95129e-40 2.39878e-40 9.66096e-41 3.88786e-41 1.56339e-41 6.28198e-42 2.52236e-42 1.01206e-42 4.05792e-43 1.62593e-43 6.51044e-44 2.60516e-44 1.04179e-44 4.16344e-45 1.66286e-45 6.63731e-46 2.64769e-46 1.05555e-46 4.20568e-47 1.67469e-47 6.66459e-48 2.65067e-48 1.05361e-48 4.18544e-49 1.66167e-49 6.59301e-50 2.61432e-50 1.03602e-50 4.1031e-51 1.624e-51 6.42374e-52 2.53933e-52 1.00318e-52 3.96061e-53 1.56269e-53 6.16182e-54 2.42813e-54 9.56222e-55 3.76334e-55 1.48018e-55 5.81813e-56 2.2855e-56 8.97246e-57 3.52025e-57 1.38029e-57 5.4088e-58 2.11822e-58 8.29053e-59 3.24292e-59 1.26775e-59 4.95314e-60 1.93409e-60 7.54789e-61 2.94394e-61 1.1476e-61 4.47108e-62 1.74099e-62 6.77558e-63 2.63551e-63 1.0246e-63 3.9812e-64 1.54614e-64 6.00157e-65 2.32841e-65 9.02894e-66 3.49945e-66 1.35565e-66 5.24914e-67 2.03151e-67 7.85859e-68 3.03855e-68 1.17432e-68 4.53634e-69 1.75157e-69 6.76013e-70 2.60788e-70 1.00561e-70 3.87598e-71 1.4933e-71 5.75075e-72 2.2137e-72 8.51784e-73 3.27612e-73 1.25954e-73 4.84045e-74 1.85945e-74 7.14016e-75 2.74068e-75 1.05157e-75 4.03318e-76 1.54628e-76 5.92602e-77 2.27023e-77 8.69388e-78 3.32807e-78 1.27353e-78 4.87152e-79 1.86277e-79 7.12023e-80 2.72064e-80 1.03918e-80 3.96781e-81 1.51445e-81 5.77836e-82 2.20394e-82 8.40308e-83 3.20276e-83 1.22027e-83 4.64764e-84 1.76948e-84 6.73354e-85 2.55949e-85 9.68352e-86 3.57432e-86 1.13707e-86 0. 
-2.543e+06 -989433. -12862.6 -327392. -670088. -727358. -595512. -412211. -253975. -143086. -74795.2 -36522. -16659.3 -7039.69 -2690.97 -872.039 -185.736 31.9668 75.3331 64.7035 44.1745 27.0423 15.5003 8.49405 4.50298 2.32665 1.17761 0.58599 0.287461 0.139311 0.0668099 0.0317503 0.0149696 0.00700896 0.0032618 0.00150991 0.000695712 0.000319274 0.000146015 6.65823e-05 3.02866e-05 1.37488e-05 6.23112e-06 2.8204e-06 1.27535e-06 5.76282e-07 2.60266e-07 1.17504e-07 5.30375e-08 2.39357e-08 1.08007e-08 4.87298e-09 2.19814e-09 9.91295e-10 4.46884e-10 2.01363e-10 9.06792e-11 4.08054e-11 1.83465e-11 8.2406e-12 3.69724e-12 1.65676e-12 7.41408e-13 3.31305e-13 1.4782e-13 6.58477e-14 2.92834e-14 1.30002e-14 5.76118e-15 2.54851e-15 1.12529e-15 4.95947e-16 2.1817e-16 9.57941e-17 4.19824e-17 1.83645e-17 8.01823e-18 3.49436e-18 1.52003e-18 6.59991e-19 2.86042e-19 1.23747e-19 5.34396e-20 2.30366e-20 9.91314e-21 4.25842e-21 1.82616e-21 7.81789e-22 3.34126e-22 1.42564e-22 6.07286e-23 2.58269e-23 1.09662e-23 4.64887e-24 1.96771e-24 8.31572e-25 3.50894e-25 1.47842e-25 6.2197e-26 2.61278e-26 1.09599e-26 4.59077e-27 1.92022e-27 8.02067e-28 3.34558e-28 1.39362e-28 5.79741e-29 2.40853e-29 9.9932e-30 4.14096e-30 1.71375e-30 7.08364e-31 2.92437e-31 1.20583e-31 4.96617e-32 2.04292e-32 8.39422e-33 3.44523e-33 1.41245e-33 5.78432e-34 2.36626e-34 9.6697e-35 3.94737e-35 1.60974e-35 6.55784e-36 2.66891e-36 1.08513e-36 4.40771e-37 1.78869e-37 7.25191e-38 2.93748e-38 1.1888e-38 4.80686e-39 1.94195e-39 7.83871e-40 3.16147e-40 1.27403e-40 5.13001e-41 2.06402e-41 8.29804e-42 3.33355e-42 1.33819e-42 5.36797e-43 2.15177e-43 8.61942e-44 3.45037e-44 1.38027e-44 5.51793e-45 2.20451e-45 8.80186e-46 3.51211e-46 1.40054e-46 5.58167e-47 2.22317e-47 8.84965e-48 3.52066e-48 1.39981e-48 5.5624e-49 2.20904e-49 8.76781e-50 3.47798e-50 1.37882e-50 5.46308e-51 2.16327e-51 8.56107e-52 3.38601e-52 1.33841e-52 5.28728e-53 2.08744e-53 8.23638e-54 3.24786e-54 1.27996e-54 5.04116e-55 1.98428e-55 7.80576e-56 3.06877e-56 1.20574e-56 4.73455e-57 1.858e-57 7.28709e-58 2.85631e-58 1.11892e-58 4.38066e-59 1.71406e-59 6.70288e-60 2.61968e-60 1.02326e-60 3.99465e-61 1.55858e-61 6.07768e-62 2.36868e-62 9.22656e-63 3.59201e-63 1.39767e-63 5.4355e-64 2.11275e-64 8.20785e-65 3.18705e-65 1.23688e-65 4.79785e-66 1.86016e-66 7.2084e-67 2.792e-67 1.08089e-67 4.18255e-68 1.61769e-68 6.25381e-69 2.41653e-69 9.33344e-70 3.60324e-70 1.39043e-70 5.36304e-71 2.06767e-71 7.96824e-72 3.06941e-72 1.18185e-72 4.54867e-73 1.74994e-73 6.7295e-74 2.5868e-74 9.9395e-75 3.8176e-75 1.46569e-75 5.62498e-76 2.15789e-76 8.27497e-77 3.17201e-77 1.21545e-77 4.65556e-78 1.78256e-78 6.82261e-79 2.61033e-79 9.98343e-80 3.81684e-80 1.45871e-80 5.57282e-81 2.12826e-81 8.12488e-82 3.10066e-82 1.18287e-82 4.51091e-83 1.71964e-83 6.55325e-84 2.49638e-84 9.50485e-85 3.61464e-85 1.36798e-85 5.05011e-86 1.61075e-86 0. 
-2.543e+06 -1.10298e+06 16192.1 -231583. -606132. -718501. -622412. -450312. -288203. -168069. -90767.5 -45770.9 -21592.2 -9480.63 -3811.08 -1343.79 -362.793 -22.4097 66.2766 69.1674 50.6156 32.1305 18.8292 10.4689 5.60405 2.91425 1.48103 0.738678 0.362717 0.175779 0.0842374 0.0399832 0.0188223 0.00879804 0.00408744 0.00188906 0.000869162 0.000398392 0.000182028 8.29496e-05 3.77178e-05 1.71205e-05 7.76037e-06 3.51382e-06 1.58972e-06 7.18789e-07 3.24856e-07 1.46772e-07 6.62961e-08 2.99395e-08 1.35181e-08 6.10215e-09 2.75375e-09 1.24224e-09 5.60127e-10 2.52416e-10 1.1367e-10 5.11472e-11 2.29928e-11 1.03254e-11 4.63141e-12 2.07475e-12 9.28164e-13 4.14619e-13 1.84929e-13 8.23495e-14 3.66094e-14 1.62472e-14 7.1978e-15 3.18304e-15 1.40506e-15 6.19088e-16 2.72274e-16 1.19524e-16 5.23719e-17 2.29054e-17 9.99942e-18 4.35727e-18 1.89523e-18 8.22854e-19 3.56619e-19 1.54281e-19 6.66281e-20 2.8724e-20 1.23619e-20 5.31111e-21 2.278e-21 9.75437e-22 4.16995e-22 1.77974e-22 7.58375e-23 3.22643e-23 1.3705e-23 5.81252e-24 2.46141e-24 1.04075e-24 4.394e-25 1.85239e-25 7.79776e-26 3.27779e-26 1.37586e-26 5.7671e-27 2.41399e-27 1.00906e-27 4.21224e-28 1.75601e-28 7.31081e-29 3.03976e-29 1.26227e-29 5.23498e-30 2.16837e-30 8.97049e-31 3.70654e-31 1.52968e-31 6.30545e-32 2.59612e-32 1.06766e-32 4.38583e-33 1.79963e-33 7.37627e-34 3.02008e-34 1.2352e-34 5.04655e-35 2.05966e-35 8.39743e-36 3.42023e-36 1.39167e-36 5.65709e-37 2.29739e-37 9.3211e-38 3.77831e-38 1.53015e-38 6.19131e-39 2.50293e-39 1.01098e-39 4.08004e-40 1.64522e-40 6.62872e-41 2.66861e-41 1.07348e-41 4.31489e-42 1.73306e-42 6.95555e-43 2.78953e-43 1.11794e-43 4.47715e-44 1.79178e-44 7.16594e-45 2.86401e-45 1.14391e-45 4.56599e-46 1.8214e-46 7.26116e-47 2.89297e-47 1.15192e-47 4.584e-48 1.82311e-48 7.24652e-49 2.8787e-49 1.14292e-49 4.53511e-50 1.79851e-50 7.1284e-51 2.82375e-51 1.11793e-51 4.42338e-52 1.74924e-52 6.91345e-53 2.73082e-53 1.07806e-53 4.25347e-54 1.67723e-54 6.60987e-55 2.6034e-55 1.0248e-55 4.03165e-56 1.58517e-56 6.22899e-57 2.44629e-57 9.60164e-58 3.76645e-58 1.47662e-58 5.78573e-59 2.26567e-59 8.86726e-60 3.46845e-60 1.35593e-60 5.29778e-61 2.06875e-61 8.07391e-62 3.14935e-62 1.22778e-62 4.78393e-63 1.86301e-63 7.2513e-64 2.82089e-64 1.09681e-64 4.26233e-65 1.65555e-65 6.42711e-66 2.49385e-66 9.67178e-67 3.74911e-67 1.45257e-67 5.62515e-68 2.17732e-68 8.42373e-69 3.25748e-69 1.25908e-69 4.86438e-70 1.87846e-70 7.25066e-71 2.79743e-71 1.07881e-71 4.15856e-72 1.60232e-72 6.17118e-73 2.37575e-73 9.14217e-74 3.51653e-74 1.35207e-74 5.19643e-75 1.99634e-75 7.6663e-76 2.94282e-76 1.12919e-76 4.33113e-77 1.6606e-77 6.36442e-78 2.4383e-78 9.33788e-79 3.57475e-79 1.36798e-79 5.233e-80 2.00107e-80 7.64913e-81 2.92283e-81 1.11645e-81 4.263e-82 1.62718e-82 6.20873e-83 2.36818e-83 9.02964e-84 3.44161e-84 1.31109e-84 4.98879e-85 1.88918e-85 6.98073e-86 2.23243e-86 0. 
-2.543e+06 -1.09426e+06 49635.8 -190919. -583787. -721401. -642572. -476344. -312067. -186291. -103060. -53312.8 -25868.1 -11739.8 -4926.5 -1856.77 -579.867 -104.32 41.0631 65.0878 52.8971 35.3411 21.376 12.1489 6.61009 3.48055 1.78609 0.897603 0.443352 0.21582 0.103769 0.0493701 0.0232774 0.0108905 0.00506168 0.0023394 0.00107611 0.00049305 0.000225167 0.000102557 4.66118e-05 2.11497e-05 9.5842e-06 4.33905e-06 1.96307e-06 8.87708e-07 4.01293e-07 1.81365e-07 8.19545e-08 3.70274e-08 1.67261e-08 7.55386e-09 3.41044e-09 1.53914e-09 6.94272e-10 3.12976e-10 1.40984e-10 6.34533e-11 2.85307e-11 1.28143e-11 5.74847e-12 2.57538e-12 1.15219e-12 5.14707e-13 2.29573e-13 1.02229e-13 4.54466e-14 2.01687e-14 8.93492e-15 3.95116e-15 1.7441e-15 7.68459e-16 3.37965e-16 1.48362e-16 6.50084e-17 2.84327e-17 1.24128e-17 5.40915e-18 2.3529e-18 1.02164e-18 4.4281e-19 1.91591e-19 8.27513e-20 3.56802e-20 1.53582e-20 6.5997e-21 2.83131e-21 1.21266e-21 5.18544e-22 2.2138e-22 9.43642e-23 4.01605e-23 1.70656e-23 7.24077e-24 3.06758e-24 1.29766e-24 5.48141e-25 2.31203e-25 9.73812e-26 4.09583e-26 1.72029e-26 7.21545e-27 3.02226e-27 1.2642e-27 5.28106e-28 2.2032e-28 9.17959e-29 3.81974e-29 1.58742e-29 6.58883e-30 2.7314e-30 1.13092e-30 4.67683e-31 1.93177e-31 7.9698e-32 3.28424e-32 1.35184e-32 5.55805e-33 2.28263e-33 9.36421e-34 3.83738e-34 1.57083e-34 6.42333e-35 2.62376e-35 1.07059e-35 4.36386e-36 1.777e-36 7.229e-37 2.93797e-37 1.1929e-37 4.83899e-38 1.96113e-38 7.9408e-39 3.21246e-39 1.29847e-39 5.24385e-40 2.11594e-40 8.53088e-41 3.43661e-41 1.3833e-41 5.56364e-42 2.23596e-42 8.9792e-43 3.60317e-43 1.44482e-43 5.7893e-44 2.31809e-44 9.2754e-45 3.70884e-45 1.48201e-45 5.91808e-46 2.36172e-46 9.41891e-47 3.75407e-47 1.49533e-47 5.95265e-48 2.36824e-48 9.4164e-49 3.74191e-49 1.48612e-49 5.89882e-50 2.34009e-50 9.27808e-51 3.67656e-51 1.45608e-51 5.7635e-52 2.28007e-52 9.01512e-53 3.5625e-53 1.40702e-53 5.55397e-54 2.19113e-54 8.63956e-55 3.40467e-55 1.34096e-55 5.27857e-56 2.0767e-56 8.16563e-57 3.20895e-57 1.26036e-57 4.94746e-58 1.94101e-58 7.61081e-59 2.98259e-59 1.16819e-59 4.57291e-60 1.78909e-60 6.99572e-61 2.73397e-61 1.06787e-61 4.16877e-62 1.62653e-62 6.34281e-63 2.47212e-63 9.63003e-64 3.74935e-64 1.459e-64 5.67455e-65 2.20588e-65 8.57058e-66 3.32827e-66 1.29183e-66 5.01162e-67 1.94328e-67 7.53144e-68 2.91749e-68 1.12962e-68 4.37165e-69 1.69104e-69 6.5382e-70 2.52674e-70 9.76028e-71 3.76848e-71 1.45436e-71 5.61028e-72 2.16324e-72 8.33742e-73 3.21196e-73 1.23686e-73 4.76087e-74 1.83175e-74 7.04475e-75 2.70821e-75 1.04069e-75 3.99744e-76 1.53485e-76 5.89082e-77 2.26002e-77 8.6672e-78 3.32257e-78 1.27321e-78 4.8771e-79 1.86748e-79 7.148e-80 2.73496e-80 1.04606e-80 3.99943e-81 1.52856e-81 5.83992e-82 2.23036e-82 8.51501e-83 3.24967e-83 1.23976e-83 4.72792e-84 1.80213e-84 6.86114e-85 2.59984e-85 9.61438e-86 3.07898e-86 0. 
-2.543e+06 -1.0774e+06 71285.2 -173030. -576643. -726594. -656475. -493512. -328163. -199095. -112119. -59160.2 -29364. -13692.9 -5950.67 -2361.02 -811.809 -202.631 3.92134 53.7043 51.155 36.5041 22.9493 13.3956 7.43651 3.97882 2.06869 1.05102 0.5239 0.256994 0.12436 0.0594803 0.0281654 0.0132228 0.00616216 0.00285375 0.00131461 0.000602906 0.000275496 0.000125515 5.70495e-05 2.58832e-05 1.17272e-05 5.30812e-06 2.40102e-06 1.08558e-06 4.90699e-07 2.21771e-07 1.00221e-07 4.52874e-08 2.04623e-08 9.24403e-09 4.17503e-09 1.88497e-09 8.50635e-10 3.83637e-10 1.72894e-10 7.78509e-11 3.50202e-11 1.57359e-11 7.06211e-12 3.1652e-12 1.41662e-12 6.3307e-13 2.82466e-13 1.25826e-13 5.59548e-14 2.484e-14 1.10077e-14 4.86919e-15 2.14994e-15 9.47541e-16 4.16839e-16 1.83035e-16 8.0223e-17 3.50964e-17 1.5326e-17 6.68041e-18 2.90664e-18 1.26241e-18 5.47319e-19 2.36874e-19 1.02339e-19 4.41385e-20 1.90047e-20 8.16918e-21 3.50574e-21 1.50202e-21 6.42499e-22 2.74399e-22 1.17008e-22 4.98171e-23 2.11779e-23 8.98947e-24 3.81016e-24 1.61257e-24 6.815e-25 2.87605e-25 1.21203e-25 5.1007e-26 2.14362e-26 8.9966e-27 3.77074e-27 1.57833e-27 6.59784e-28 2.7545e-28 1.14849e-28 4.78261e-29 1.98911e-29 8.26256e-30 3.428e-30 1.4205e-30 5.87928e-31 2.43049e-31 1.00359e-31 4.13925e-32 1.70526e-32 7.01732e-33 2.88449e-33 1.18438e-33 4.85781e-34 1.99031e-34 8.14573e-35 3.3301e-35 1.35985e-35 5.54693e-36 2.26046e-36 9.20259e-37 3.74284e-37 1.52082e-37 6.17372e-38 2.50389e-38 1.01459e-38 4.10748e-39 1.66142e-39 6.71442e-40 2.71123e-40 1.09386e-40 4.40956e-41 1.77614e-41 7.14843e-42 2.87476e-42 1.1552e-42 4.63852e-43 1.86113e-43 7.46194e-44 2.9896e-44 1.19692e-44 4.78861e-45 1.91451e-45 7.6491e-46 3.05404e-46 1.21859e-46 4.85914e-47 1.93637e-47 7.71168e-48 3.06933e-48 1.2209e-48 4.85352e-49 1.92833e-49 7.65697e-50 3.03868e-50 1.20523e-50 4.77762e-51 1.89284e-51 7.49511e-52 2.96623e-52 1.17327e-52 4.63826e-53 1.83265e-53 7.23717e-54 2.85644e-54 1.12681e-54 4.44264e-55 1.75065e-55 6.89485e-56 2.71404e-56 1.06776e-56 4.19856e-57 1.65003e-57 6.4811e-58 2.54432e-58 9.98297e-59 3.91484e-59 1.53438e-59 6.01064e-60 2.35328e-60 9.20857e-61 3.60146e-61 1.40777e-61 5.49989e-62 2.14756e-62 8.3812e-63 3.26917e-63 1.27451e-63 4.96613e-64 1.93405e-64 7.52826e-65 2.92885e-65 1.13888e-65 4.42626e-66 1.7194e-66 6.67575e-67 2.59064e-67 1.00485e-67 3.89564e-68 1.50955e-68 5.84663e-69 2.26337e-69 8.75791e-70 3.3872e-70 1.30942e-70 5.05958e-71 1.95412e-71 7.54381e-72 2.91095e-72 1.12275e-72 4.32853e-73 1.66804e-73 6.42517e-74 2.47386e-74 9.52092e-75 3.66268e-75 1.40844e-75 5.41371e-76 2.08005e-76 7.98865e-77 3.06689e-77 1.17692e-77 4.51467e-78 1.73114e-78 6.6354e-79 2.54234e-79 9.73719e-80 3.72793e-80 1.42671e-80 5.45812e-81 2.08731e-81 7.9794e-82 3.04926e-82 1.16482e-82 4.44801e-83 1.69791e-83 6.47885e-84 2.47095e-84 9.41316e-85 3.56924e-85 1.32105e-85 4.23578e-86 0. 
-2.543e+06 -1.06898e+06 81327.7 -164556. -571885. -727282. -662235. -502193. -337331. -207072. -118200. -63354.4 -32029.9 -15272.9 -6829.95 -2821.98 -1039.36 -307.848 -41.0315 36.5174 45.7725 35.6035 23.4355 14.1028 8.00927 4.36389 2.30353 1.18558 0.597631 0.296043 0.144485 0.0696222 0.033181 0.0156637 0.00733388 0.00340962 0.00157566 0.000724454 0.000331679 0.000151327 6.88495e-05 3.12564e-05 1.41664e-05 6.41297e-06 2.90069e-06 1.31134e-06 5.92649e-07 2.67806e-07 1.2101e-07 5.46787e-08 2.47062e-08 1.11625e-08 5.04252e-09 2.27729e-09 1.02805e-09 4.63858e-10 2.09152e-10 9.42292e-11 4.24128e-11 1.90695e-11 8.56371e-12 3.84073e-12 1.7201e-12 7.69202e-13 3.43433e-13 1.53084e-13 6.81208e-14 3.02601e-14 1.3418e-14 5.93903e-15 2.6239e-15 1.15711e-15 5.09327e-16 2.23774e-16 9.81329e-17 4.29551e-17 1.87678e-17 8.18493e-18 3.5631e-18 1.54831e-18 6.71605e-19 2.90807e-19 1.25701e-19 5.4241e-20 2.33658e-20 1.00486e-20 4.31435e-21 1.84935e-21 7.91457e-22 3.38181e-22 1.44277e-22 6.14578e-23 2.61398e-23 1.11014e-23 4.7078e-24 1.99356e-24 8.42982e-25 3.55956e-25 1.50096e-25 6.32042e-26 2.65787e-26 1.1162e-26 4.68137e-27 1.96082e-27 8.20243e-28 3.42683e-28 1.42986e-28 5.95875e-29 2.48016e-29 1.03104e-29 4.28102e-30 1.77542e-30 7.35435e-31 3.04284e-31 1.25752e-31 5.19104e-32 2.14045e-32 8.81597e-33 3.62708e-33 1.49063e-33 6.11945e-34 2.50948e-34 1.02795e-34 4.20579e-35 1.71859e-35 7.01411e-36 2.86023e-36 1.16521e-36 4.74226e-37 1.92822e-37 7.83294e-38 3.17903e-38 1.28906e-38 5.22235e-39 2.11387e-39 8.54902e-40 3.45449e-40 1.39472e-40 5.62644e-41 2.2679e-41 9.13408e-42 3.67588e-42 1.47815e-42 5.93936e-43 2.38469e-43 9.56749e-44 3.8357e-44 1.53665e-44 6.15173e-45 2.46101e-45 9.83849e-46 3.93051e-46 1.5692e-46 6.26069e-47 2.49623e-47 9.94653e-48 3.96083e-48 1.57628e-48 6.26929e-49 2.49198e-49 9.89954e-50 3.93037e-50 1.55957e-50 6.18487e-51 2.4514e-51 9.71088e-52 3.84473e-52 1.52138e-52 6.01694e-53 2.37839e-53 9.39633e-54 3.71027e-54 1.46428e-54 5.77582e-55 2.27707e-55 8.97247e-56 3.53363e-56 1.39093e-56 5.47218e-57 2.15174e-57 8.45654e-58 3.32177e-58 1.30412e-58 5.11731e-59 2.00696e-59 7.86696e-60 3.08212e-60 1.20688e-60 4.72339e-61 1.84763e-61 7.22358e-62 2.82269e-62 1.10242e-62 4.30336e-63 1.67897e-63 6.5472e-64 2.55179e-64 9.94059e-65 3.87042e-65 1.50621e-65 5.85856e-66 2.27761e-66 8.85017e-67 3.43722e-67 1.33429e-67 5.177e-68 2.00768e-68 7.78219e-69 3.01509e-69 1.16759e-69 4.51934e-70 1.74846e-70 6.76134e-71 2.61342e-71 1.00968e-71 3.8991e-72 1.50503e-72 5.80675e-73 2.23937e-73 8.63235e-74 3.32614e-74 1.28105e-74 4.93175e-75 1.89781e-75 7.29997e-76 2.80677e-76 1.07873e-76 4.14418e-77 1.59143e-77 6.10886e-78 2.34401e-78 8.99051e-79 3.44698e-79 1.32106e-79 5.06102e-80 1.93814e-80 7.41939e-81 2.83913e-81 1.08603e-81 4.15272e-82 1.58732e-82 6.06506e-83 2.31658e-83 8.84485e-84 3.37536e-84 1.28668e-84 4.88242e-85 1.80897e-85 5.80938e-86 0. 
-2.543e+06 -1.0675e+06 83434.4 -159381. -563073. -718741. -657229. -501242. -339168. -210089. -121232. -65823.9 -33796.3 -16422.2 -7522.96 -3213.37 -1247.51 -412.222 -90.2118 14.9658 37.2003 32.6957 22.7681 14.1889 8.2644 4.59361 2.46539 1.28716 0.657037 0.329126 0.162244 0.0788822 0.0378959 0.0180171 0.00848879 0.0039682 0.00184245 0.000850506 0.000390681 0.000178725 8.14868e-05 3.70525e-05 1.68126e-05 7.61668e-06 3.4467e-06 1.55851e-06 7.04385e-07 3.18275e-07 1.43797e-07 6.49667e-08 2.93519e-08 1.3261e-08 5.99081e-09 2.70595e-09 1.22188e-09 5.51506e-10 2.48785e-10 1.12146e-10 5.05092e-11 2.27257e-11 1.02134e-11 4.58432e-12 2.05487e-12 9.19717e-13 4.11006e-13 1.83373e-13 8.16745e-14 3.63145e-14 1.61175e-14 7.14046e-15 3.15757e-15 1.39371e-15 6.14016e-16 2.70005e-16 1.18509e-16 5.19178e-17 2.27025e-17 9.90897e-18 4.31705e-18 1.8774e-18 8.14976e-19 3.53152e-19 1.52763e-19 6.5966e-20 2.84369e-20 1.2238e-20 5.25802e-21 2.25539e-21 9.65882e-22 4.12988e-22 1.76308e-22 7.51521e-23 3.19854e-23 1.3593e-23 5.76822e-24 2.44422e-24 1.03424e-24 4.37008e-25 1.84399e-25 7.77022e-26 3.26982e-26 1.37416e-26 5.76742e-27 2.41748e-27 1.01202e-27 4.23123e-28 1.76686e-28 7.36888e-29 3.06953e-29 1.27708e-29 5.30698e-30 2.20275e-30 9.13221e-31 3.78169e-31 1.56423e-31 6.46286e-32 2.66725e-32 1.09957e-32 4.52802e-33 1.86261e-33 7.65363e-34 3.14151e-34 1.28797e-34 5.27344e-35 2.15572e-35 8.79913e-36 3.58972e-36 1.46308e-36 5.95762e-37 2.4237e-37 9.85132e-38 4.00059e-38 1.6232e-38 6.58031e-39 2.66531e-39 1.07865e-39 4.36167e-40 1.76224e-40 7.11411e-41 2.86963e-41 1.1566e-41 4.65799e-42 1.87445e-42 7.53727e-43 3.02847e-43 1.21592e-43 4.87827e-44 1.95572e-44 7.83492e-45 3.13655e-45 1.25478e-45 5.01624e-46 2.00399e-46 8.00054e-47 3.19196e-47 1.27266e-47 5.07094e-48 2.01926e-48 8.03572e-49 3.1959e-49 1.27028e-49 5.04602e-50 2.0033e-50 7.9486e-51 3.15203e-51 1.24924e-51 4.94837e-52 1.95903e-52 7.75146e-53 3.06545e-53 1.21164e-53 4.78656e-54 1.88993e-54 7.45837e-55 2.94182e-55 1.15975e-55 4.56974e-56 1.79968e-56 7.08399e-57 2.78701e-57 1.09592e-57 4.30723e-58 1.69199e-58 6.64317e-59 2.60695e-59 1.02252e-59 4.00855e-60 1.57066e-60 6.15119e-61 2.40777e-61 9.41997e-62 3.68353e-62 1.43966e-62 5.62386e-63 2.19579e-63 8.56892e-64 3.34229e-64 1.30299e-64 5.0772e-65 1.97737e-65 7.69726e-66 2.9948e-66 1.16462e-66 4.52676e-67 1.75864e-67 6.82898e-68 2.65047e-68 1.0282e-68 3.98682e-69 1.54514e-69 5.98552e-70 2.31756e-70 8.96925e-71 3.4696e-71 1.34153e-71 5.1847e-72 2.00285e-72 7.73348e-73 2.98475e-73 1.15145e-73 4.44009e-74 1.71138e-74 6.59347e-75 2.53917e-75 9.77428e-76 3.7609e-76 1.44649e-76 5.56108e-77 2.13708e-77 8.20928e-78 3.15218e-78 1.20988e-78 4.64193e-79 1.78025e-79 6.82486e-80 2.61538e-80 1.00186e-80 3.83632e-81 1.46844e-81 5.61863e-82 2.14903e-82 8.21659e-83 3.14036e-83 1.19977e-83 4.5815e-84 1.74766e-84 6.63744e-85 2.46262e-85 7.92747e-86 0. 
-2.543e+06 -1.07185e+06 76097.2 -159229. -549687. -698953. -639214. -488856. -332439. -207367. -120739. -66284.6 -34494.2 -17041.1 -7972.39 -3503.35 -1419.4 -507.328 -139.71 -9.31335 26.0175 27.9152 20.9239 13.5932 8.14695 4.62874 2.52941 1.34113 0.693962 0.351884 0.175385 0.0861302 0.0417571 0.020018 0.00950245 0.00447204 0.00208885 0.000969335 0.000447302 0.000205425 9.39649e-05 4.28396e-05 1.94792e-05 8.83879e-06 4.00435e-06 1.81208e-06 8.19379e-07 3.70325e-07 1.67326e-07 7.55949e-08 3.41512e-08 1.54282e-08 6.96961e-09 3.14818e-09 1.42176e-09 6.41878e-10 2.89655e-10 1.30632e-10 5.88692e-11 2.65055e-11 1.19215e-11 5.35572e-12 2.40292e-12 1.07659e-12 4.81623e-13 2.15117e-13 9.59226e-14 4.26991e-14 1.89735e-14 8.4157e-15 3.72592e-15 1.64652e-15 7.2625e-16 3.19732e-16 1.40497e-16 6.16211e-17 2.6976e-17 1.17873e-17 5.14098e-18 2.23811e-18 9.72585e-19 4.21885e-19 1.8268e-19 7.89634e-20 3.40732e-20 1.46778e-20 6.31218e-21 2.71008e-21 1.16166e-21 4.97145e-22 2.12424e-22 9.06254e-23 3.86043e-23 1.64199e-23 6.97369e-24 2.9575e-24 1.25247e-24 5.2966e-25 2.23679e-25 9.4332e-26 3.97291e-26 1.67102e-26 7.0192e-27 2.94464e-27 1.23374e-27 5.1626e-28 2.15762e-28 9.00635e-29 3.75489e-29 1.5636e-29 6.50339e-30 2.70176e-30 1.12112e-30 4.64685e-31 1.92387e-31 7.95621e-32 3.28667e-32 1.35622e-32 5.59025e-33 2.30179e-33 9.46745e-34 3.88972e-34 1.59611e-34 6.53875e-35 2.67246e-35 1.08969e-35 4.44554e-36 1.81208e-36 7.38015e-37 3.00324e-37 1.22112e-37 4.96096e-38 2.01382e-38 8.16809e-39 3.31032e-39 1.3405e-39 5.42398e-40 2.19292e-40 8.85895e-41 3.57602e-41 1.44237e-41 5.81324e-42 2.34113e-42 9.42106e-43 3.78831e-43 1.52218e-43 6.11176e-44 2.45215e-44 9.83132e-45 3.93881e-45 1.57693e-45 6.30891e-46 2.5223e-46 1.00773e-46 4.02345e-47 1.60533e-47 6.40101e-48 2.55066e-48 1.01574e-48 4.04239e-49 1.60778e-49 6.39078e-50 2.53876e-50 1.00793e-50 3.99937e-51 1.586e-51 6.28592e-52 2.48996e-52 9.85776e-53 3.90057e-53 1.54257e-53 6.09717e-54 2.40871e-54 9.51075e-55 3.75336e-55 1.48048e-55 5.83663e-56 2.29986e-56 9.05779e-57 3.56553e-57 1.40284e-57 5.51665e-58 2.16834e-58 8.51847e-59 3.34488e-59 1.31276e-59 5.14959e-60 2.01904e-60 7.91232e-61 3.09918e-61 1.21332e-61 4.74774e-62 1.85689e-62 7.25886e-63 2.8362e-63 1.10762e-63 4.32345e-64 1.68677e-64 6.57761e-65 2.56369e-65 9.98737e-66 3.88887e-66 1.5135e-66 5.88751e-67 2.28912e-67 8.89604e-68 3.45553e-68 1.3416e-68 5.20625e-69 2.01939e-69 7.82903e-70 3.03383e-70 1.17509e-70 4.54934e-71 1.76045e-71 6.80925e-72 2.63254e-72 1.01731e-72 3.92948e-73 1.51713e-73 5.85482e-74 2.25847e-74 8.70808e-75 3.35615e-75 1.29292e-75 4.97869e-76 1.91634e-76 7.37305e-77 2.83556e-77 1.09005e-77 4.18869e-78 1.6089e-78 6.17739e-79 2.37085e-79 9.09555e-80 3.48804e-80 1.3371e-80 5.12358e-81 1.96253e-81 7.51434e-82 2.87607e-82 1.10038e-82 4.20847e-83 1.60892e-83 6.14809e-84 2.34702e-84 8.92304e-85 3.317e-85 1.07189e-85 0. 
-2.543e+06 -1.08416e+06 47996.5 -177583. -540313. -671369. -608533. -464083. -315939. -197884. -115990. -64260.4 -33833.1 -16961.4 -8084.52 -3641.74 -1529.17 -580.419 -183.554 -33.6974 13.2723 21.6181 17.9821 12.3009 7.62088 4.43709 2.47276 1.33307 0.69991 0.359559 0.181346 0.0900291 0.0440849 0.0213289 0.0102105 0.00484244 0.00227778 0.00106371 0.000493626 0.000227828 0.000104663 4.78925e-05 2.18436e-05 9.93646e-06 4.51052e-06 2.0442e-06 9.25346e-07 4.18527e-07 1.89193e-07 8.54956e-08 3.8628e-08 1.7451e-08 7.88334e-09 3.56094e-09 1.60826e-09 7.26185e-10 3.27782e-10 1.47881e-10 6.66756e-11 3.00389e-11 1.35208e-11 6.07939e-12 2.73023e-12 1.22453e-12 5.48432e-13 2.45254e-13 1.095e-13 4.88075e-14 2.17173e-14 9.6461e-15 4.27668e-15 1.8926e-15 8.35987e-16 3.68572e-16 1.6219e-16 7.12366e-17 3.12294e-17 1.36649e-17 5.96814e-18 2.60176e-18 1.13213e-18 4.91745e-19 2.13207e-19 9.22775e-20 3.98685e-20 1.71956e-20 7.404e-21 3.18266e-21 1.36584e-21 5.85202e-22 2.50334e-22 1.06919e-22 4.55952e-23 1.94145e-23 8.2544e-24 3.50436e-24 1.48561e-24 6.28904e-25 2.65863e-25 1.12236e-25 4.73175e-26 1.99219e-26 8.37662e-27 3.51759e-27 1.47526e-27 6.17936e-28 2.58512e-28 1.08015e-28 4.50779e-29 1.87899e-29 7.823e-30 3.25324e-30 1.35132e-30 5.60668e-31 2.32362e-31 9.61922e-32 3.97774e-32 1.64308e-32 6.77975e-33 2.79449e-33 1.1506e-33 4.73205e-34 1.94344e-34 7.96373e-35 3.24993e-35 1.31964e-35 5.37914e-36 2.19132e-36 8.92128e-37 3.62966e-37 1.47576e-37 5.99608e-38 2.43454e-38 9.8777e-39 4.00481e-39 1.62253e-39 6.56874e-40 2.65736e-40 1.07422e-40 4.33925e-41 1.7515e-41 7.0645e-42 2.84727e-42 1.14671e-42 4.61483e-43 1.85583e-43 7.45768e-44 2.99469e-44 1.20168e-44 4.81851e-45 1.93077e-45 7.73112e-46 3.09352e-46 1.23699e-46 4.94291e-47 1.97383e-47 7.87675e-48 3.14124e-48 1.25192e-48 4.98623e-49 1.98471e-49 7.89502e-50 3.13866e-50 1.24702e-50 4.9516e-51 1.965e-51 7.79346e-52 3.08924e-52 1.22385e-52 4.84579e-53 1.91762e-53 7.58451e-54 2.99819e-54 1.18458e-54 4.67777e-55 1.84625e-55 7.28314e-56 2.87161e-56 1.13166e-56 4.45743e-57 1.75484e-57 6.9052e-58 2.71581e-58 1.0676e-58 4.19475e-59 1.64737e-59 6.4664e-60 2.53702e-60 9.94885e-61 3.89952e-61 1.5277e-61 5.98213e-62 2.34133e-62 9.15921e-63 3.58132e-63 1.39965e-63 5.46742e-64 2.1347e-64 8.33071e-65 3.2495e-65 1.2669e-65 4.93693e-66 1.92293e-66 7.48619e-67 2.91306e-67 1.133e-67 4.40459e-68 1.71148e-68 6.64711e-69 2.5804e-69 1.00124e-69 3.88315e-70 1.50531e-70 5.83266e-71 2.25894e-71 8.74468e-72 3.38363e-72 1.30865e-72 5.05902e-73 1.95485e-73 7.55031e-74 2.91489e-74 1.12483e-74 4.33872e-75 1.67281e-75 6.44675e-76 2.48341e-76 9.56247e-77 3.6805e-77 1.41599e-77 5.44541e-78 2.09325e-78 8.04326e-79 3.08933e-79 1.1861e-79 4.552e-80 1.74626e-80 6.69644e-81 2.56689e-81 9.8356e-82 3.76726e-82 1.44239e-82 5.52045e-83 2.11201e-83 8.07641e-84 3.0857e-84 1.1746e-84 4.37826e-85 1.42384e-85 0. 
-2.543e+06 -1.10511e+06 -24275.6 -243494. -556868. -648946. -571463. -429256. -290066. -181291. -106470. -59304.2 -31492. -15975.7 -7735.17 -3558.3 -1539. -612.018 -212.156 -53.6933 0.953326 14.6202 14.2401 10.3972 6.69451 4.00507 2.27989 1.25103 0.667016 0.347397 0.177412 0.0890919 0.0440913 0.0215431 0.0104077 0.00497794 0.00235987 0.00110997 0.000518468 0.000240706 0.00011116 5.1101e-05 2.34004e-05 1.06809e-05 4.86217e-06 2.20863e-06 1.00159e-06 4.53634e-07 2.05268e-07 9.28235e-08 4.19574e-08 1.89601e-08 8.5663e-09 3.86975e-09 1.74786e-09 7.89304e-10 3.56335e-10 1.60806e-10 7.25308e-11 3.26935e-11 1.4725e-11 6.62594e-12 2.97835e-12 1.33717e-12 5.99555e-13 2.68445e-13 1.20012e-13 5.35674e-14 2.387e-14 1.06183e-14 4.71505e-15 2.08992e-15 9.24638e-16 4.08323e-16 1.79979e-16 7.91806e-17 3.47694e-17 1.5239e-17 6.66657e-18 2.91097e-18 1.26874e-18 5.51961e-19 2.39695e-19 1.03904e-19 4.49611e-20 1.94216e-20 8.37502e-21 3.60539e-21 1.54951e-21 6.64849e-22 2.84807e-22 1.21812e-22 5.20175e-23 2.2179e-23 9.44233e-24 4.01394e-24 1.70384e-24 7.22209e-25 3.05691e-25 1.29211e-25 5.4541e-26 2.29912e-26 9.67886e-27 4.06931e-27 1.70867e-27 7.16551e-28 3.00119e-28 1.25547e-28 5.24553e-29 2.18904e-29 9.12441e-30 3.79882e-30 1.57976e-30 6.56206e-31 2.7227e-31 1.12843e-31 4.67169e-32 1.93197e-32 7.98098e-33 3.29343e-33 1.3576e-33 5.58963e-34 2.29766e-34 9.41279e-35 3.824e-35 1.53243e-35 6.23133e-36 2.53377e-36 1.03012e-36 4.18691e-37 1.70119e-37 6.90924e-38 2.80481e-38 1.13802e-38 4.61478e-39 1.87023e-39 7.57472e-40 3.0659e-40 1.24011e-40 5.01268e-41 2.02478e-41 8.17304e-42 3.29672e-42 1.32884e-42 5.35246e-43 2.15439e-43 8.66534e-44 3.48287e-44 1.39888e-44 5.61455e-45 2.25188e-45 9.02549e-46 3.61489e-46 1.44684e-46 5.78696e-47 2.31306e-47 9.23915e-48 3.68799e-48 1.47118e-48 5.86486e-49 2.33655e-49 9.30288e-50 3.7016e-50 1.47196e-50 5.84978e-51 2.3234e-51 9.22255e-52 3.6587e-52 1.45062e-52 5.74823e-53 2.27653e-53 9.01099e-54 3.56481e-54 1.4095e-54 5.57013e-55 2.20007e-55 8.68525e-56 3.42692e-56 1.35147e-56 5.32705e-57 2.0987e-57 8.26416e-58 3.25261e-58 1.27953e-58 5.03105e-59 1.97722e-59 7.76677e-60 3.04941e-60 1.19669e-60 4.69397e-61 1.84031e-61 7.2116e-62 2.82466e-62 1.10584e-62 4.32724e-63 1.69248e-63 6.61649e-64 2.58539e-64 1.00976e-64 3.94185e-65 1.53808e-65 5.99858e-66 2.33837e-66 9.11112e-67 3.54833e-67 1.38124e-67 5.37418e-68 2.09001e-68 8.12418e-69 3.15651e-69 1.22583e-69 4.7583e-70 1.84616e-70 7.15956e-71 2.77525e-71 1.07527e-71 4.16421e-72 1.61194e-72 6.2369e-73 2.41208e-73 9.32434e-74 3.60288e-74 1.39152e-74 5.37198e-75 2.07295e-75 7.99563e-76 3.08267e-76 1.188e-76 4.57631e-77 1.7621e-77 6.78206e-78 2.60922e-78 1.00341e-78 3.85712e-79 1.48208e-79 5.69247e-80 2.18552e-80 8.38752e-81 3.21765e-81 1.23388e-81 4.7297e-82 1.81228e-82 6.94144e-83 2.65768e-83 1.0171e-83 3.88947e-84 1.48277e-84 5.5479e-85 1.82324e-85 0. 
-2.543e+06 -1.11215e+06 -170007. -395519. -631356. -653731. -541320. -391515. -258175. -158891. -92510. -51361.3 -27310.9 -13931.7 -6811.78 -3179.84 -1405.13 -577.581 -212.462 -62.685 -7.74394 8.38732 10.3305 8.13371 5.45552 3.35553 1.95122 1.08972 0.589971 0.311512 0.161091 0.0818389 0.0409419 0.0202077 0.00985564 0.00475602 0.00227349 0.00107765 0.000506987 0.00023693 0.000110074 5.08759e-05 2.34097e-05 1.07303e-05 4.90255e-06 2.23388e-06 1.01564e-06 4.60958e-07 2.08924e-07 9.45949e-08 4.27973e-08 1.93521e-08 8.74719e-09 3.9526e-09 1.78563e-09 8.06486e-10 3.64151e-10 1.64368e-10 7.41586e-11 3.34401e-11 1.50689e-11 6.78493e-12 3.05214e-12 1.37152e-12 6.15585e-13 2.75937e-13 1.23516e-13 5.52061e-14 2.46358e-14 1.09757e-14 4.88153e-15 2.1673e-15 9.60508e-16 4.24905e-16 1.8762e-16 8.26912e-17 3.6377e-17 1.59728e-17 7.00042e-18 3.06237e-18 1.33717e-18 5.82795e-19 2.53545e-19 1.10106e-19 4.77301e-20 2.06543e-20 8.92223e-21 3.84762e-21 1.65645e-21 7.11942e-22 3.05492e-22 1.30875e-22 5.59788e-23 2.39065e-23 1.0194e-23 4.34026e-24 1.84521e-24 7.83325e-25 3.32061e-25 1.40566e-25 5.94215e-26 2.5085e-26 1.05755e-26 4.45264e-27 1.87227e-27 7.86256e-28 3.29771e-28 1.3814e-28 5.77961e-29 2.41519e-29 1.00806e-29 4.20256e-30 1.74999e-30 7.27882e-31 3.02409e-31 1.255e-31 5.20252e-32 2.15431e-32 8.91117e-33 3.68209e-33 1.51978e-33 6.26527e-34 2.5778e-34 1.05488e-34 4.23766e-35 1.62679e-35 6.58061e-36 2.66512e-36 1.08024e-36 4.38077e-37 1.77705e-37 7.20915e-38 2.92441e-38 1.18606e-38 4.80892e-39 1.94905e-39 7.896e-40 3.19723e-40 1.29392e-40 5.23344e-41 2.11546e-41 8.54577e-42 3.44997e-42 1.39185e-42 5.61149e-43 2.26083e-43 9.10246e-44 3.66227e-44 1.47245e-44 5.91601e-45 2.37529e-45 9.53024e-46 3.82113e-46 1.53102e-46 6.1302e-47 2.45287e-47 9.80802e-48 3.91922e-48 1.56506e-48 6.24567e-49 2.49084e-49 9.92741e-50 3.95413e-50 1.57397e-50 6.2614e-51 2.48934e-51 9.89088e-52 3.92761e-52 1.55872e-52 6.1824e-53 2.45075e-53 9.70947e-54 3.8446e-54 1.52149e-54 6.01801e-55 2.37905e-55 9.39994e-56 3.7121e-56 1.46518e-56 5.78012e-57 2.27911e-57 8.98202e-58 3.53807e-58 1.39298e-58 5.48163e-59 2.15607e-59 8.47626e-60 3.3307e-60 1.30816e-60 5.1354e-61 2.01503e-61 7.90284e-62 3.09797e-62 1.21385e-62 4.75389e-63 1.86091e-63 7.28113e-64 2.84751e-64 1.11308e-64 4.34897e-65 1.6984e-65 6.62961e-66 2.58662e-66 1.00872e-66 3.93194e-67 1.53193e-67 5.96578e-68 2.32216e-68 9.03468e-69 3.51343e-69 1.36567e-69 5.30592e-70 2.0605e-70 7.99803e-71 3.10308e-71 1.20338e-71 4.66459e-72 1.80728e-72 6.99905e-73 2.70929e-73 1.04828e-73 4.05416e-74 1.56722e-74 6.05575e-75 2.33891e-75 9.02954e-76 3.4844e-76 1.34401e-76 5.18187e-77 1.99703e-77 7.69301e-78 2.96226e-78 1.14017e-78 4.38662e-79 1.68698e-79 6.48503e-80 2.49192e-80 9.5715e-81 3.67494e-81 1.41041e-81 5.41087e-82 2.07499e-82 7.95419e-83 3.04792e-83 1.16742e-83 4.46861e-84 1.70644e-84 6.41749e-85 2.14555e-85 0. 
-2.543e+06 -979597. -383828. -641892. -775631. -698407. -528800. -358396. -224874. -133164. -75272.3 -40880.7 -21402.9 -10810.7 -5260.33 -2455.34 -1090.15 -452.971 -170.157 -52.7077 -8.61896 5.02897 7.26277 5.96885 4.09966 2.56535 1.51312 0.855781 0.46873 0.250214 0.130745 0.0670866 0.0338842 0.0168786 0.00830483 0.00404161 0.00194761 0.000930263 0.00044082 0.000207408 9.69685e-05 4.50801e-05 2.08535e-05 9.60467e-06 4.40709e-06 2.01569e-06 9.19433e-07 4.18446e-07 1.90092e-07 8.62288e-08 3.90698e-08 1.76866e-08 8.00117e-09 3.61771e-09 1.63505e-09 7.38703e-10 3.33624e-10 1.5062e-10 6.79712e-11 3.06583e-11 1.38201e-11 6.22543e-12 2.802e-12 1.25997e-12 5.65965e-13 2.53928e-13 1.13783e-13 5.09148e-14 2.27497e-14 1.01493e-14 4.52059e-15 2.01015e-15 8.92306e-16 3.95398e-16 1.74895e-16 7.72203e-17 3.40322e-17 1.4971e-17 6.57366e-18 2.88114e-18 1.26044e-18 5.50409e-19 2.39916e-19 1.04388e-19 4.53383e-20 1.96569e-20 8.50756e-21 3.67577e-21 1.58545e-21 6.82701e-22 2.93488e-22 1.25964e-22 5.39766e-23 2.3093e-23 9.8647e-24 4.20751e-24 1.79191e-24 7.62017e-25 3.23582e-25 1.3721e-25 5.81001e-26 2.4568e-26 1.03746e-26 4.37517e-27 1.84266e-27 7.75061e-28 3.25591e-28 1.36604e-28 5.72423e-29 2.39575e-29 1.00148e-29 4.1815e-30 1.74386e-30 7.26426e-31 3.02256e-31 1.25623e-31 5.21535e-32 2.16281e-32 8.95949e-33 3.70748e-33 1.5325e-33 6.32671e-34 2.60588e-34 1.06408e-34 4.1628e-35 1.34345e-35 5.38493e-36 2.16575e-36 8.73231e-37 3.52738e-37 1.42675e-37 5.77604e-38 2.3397e-38 9.48037e-39 3.84181e-39 1.55676e-39 6.30703e-40 2.55448e-40 1.03423e-40 4.18544e-41 1.69298e-41 6.84427e-42 2.76538e-42 1.11667e-42 4.50632e-43 1.81737e-43 7.32456e-44 2.95007e-44 1.18738e-44 4.77593e-45 1.91968e-45 7.71089e-46 3.09517e-46 1.24156e-46 4.9769e-47 1.99368e-47 7.98104e-48 3.19282e-48 1.27644e-48 5.09966e-49 2.0361e-49 8.12413e-50 3.23949e-50 1.29093e-50 5.1411e-51 2.04617e-51 8.13883e-52 3.23534e-52 1.28535e-52 5.10347e-53 2.02515e-53 8.0316e-54 3.18347e-54 1.26112e-54 4.99314e-55 1.97585e-55 7.81449e-56 3.08899e-56 1.22041e-56 4.8191e-57 1.90198e-57 7.50278e-58 2.95816e-58 1.16574e-58 4.59165e-59 1.80768e-59 7.11313e-60 2.79762e-60 1.09979e-60 4.32134e-61 1.69715e-61 6.66219e-62 2.614e-62 1.02515e-62 4.01853e-63 1.57449e-63 6.16608e-64 2.41365e-64 9.44353e-65 3.6931e-65 1.44359e-65 5.6402e-66 2.20263e-66 8.59773e-67 3.35447e-67 1.30816e-67 5.09912e-68 1.98668e-68 7.73672e-69 3.01151e-69 1.17168e-69 4.55651e-70 1.77115e-70 6.88139e-71 2.67237e-71 1.03733e-71 4.02476e-72 1.56085e-72 6.05044e-73 2.3443e-73 9.07912e-74 3.51462e-74 1.35993e-74 5.2597e-75 2.03335e-75 7.85725e-76 3.03485e-76 1.17169e-76 4.52168e-77 1.74421e-77 6.72525e-78 2.59199e-78 9.98556e-79 3.84528e-79 1.48013e-79 5.69498e-80 2.1903e-80 8.42043e-81 3.23585e-81 1.24298e-81 4.77274e-82 1.83187e-82 7.0283e-83 2.69546e-83 1.03333e-83 3.95927e-84 1.51466e-84 5.73294e-85 1.97022e-85 0. 
-2.543e+06 -211015. -451209. -863844. -925110. -752862. -523068. -327876. -191156. -105565. -55846.8 -28493.6 -14067.2 -6722.58 -3101.25 -1371.64 -573.75 -220.706 -72.9115 -15.9836 2.87249 7.04564 6.34387 4.55427 2.93679 1.77455 1.02513 0.572531 0.31129 0.165538 0.0863851 0.0443471 0.0224398 0.0112093 0.00553493 0.0027046 0.00130911 0.000628217 0.000299124 0.000141422 6.64359e-05 3.10305e-05 1.44191e-05 6.66955e-06 3.07258e-06 1.41051e-06 6.45549e-07 2.94679e-07 1.34219e-07 6.10218e-08 2.77013e-08 1.25597e-08 5.68889e-09 2.57468e-09 1.16447e-09 5.26358e-10 2.37799e-10 1.0738e-10 4.84634e-11 2.18607e-11 9.85481e-12 4.43947e-12 1.99835e-12 8.98732e-13 4.03795e-13 1.81225e-13 8.12386e-14 3.63706e-14 1.62609e-14 7.25957e-15 3.23608e-15 1.44026e-15 6.39958e-16 2.8388e-16 1.25711e-16 5.55713e-17 2.45223e-17 1.08018e-17 4.74958e-18 2.08464e-18 9.13324e-19 3.99429e-19 1.74372e-19 7.59878e-20 3.30555e-20 1.43544e-20 6.22265e-21 2.69291e-21 1.16342e-21 5.01792e-22 2.16071e-22 9.28892e-23 3.98693e-23 1.70855e-23 7.31045e-24 3.12317e-24 1.33228e-24 5.67482e-25 2.41366e-25 1.02513e-25 4.34779e-26 1.84143e-26 7.78845e-27 3.28975e-27 1.38771e-27 5.84616e-28 2.45972e-28 1.0336e-28 4.33789e-29 1.81833e-29 7.61273e-30 3.1834e-30 1.32963e-30 5.54714e-31 2.31158e-31 9.62182e-32 4.00056e-32 1.66152e-32 6.89313e-33 2.85665e-33 1.18257e-33 4.88941e-34 2.01654e-34 8.21232e-35 3.02096e-35 1.86455e-36 7.84853e-37 3.21131e-37 1.30536e-37 5.28735e-38 2.13646e-38 8.61768e-39 3.47144e-39 1.39693e-39 5.61644e-40 2.25642e-40 9.059e-41 3.63464e-41 1.45738e-41 5.84014e-42 2.33889e-42 9.36131e-43 3.74456e-43 1.49692e-43 5.98044e-44 2.3878e-44 9.52779e-45 3.7994e-45 1.51413e-45 6.03032e-46 2.40016e-46 9.54698e-47 3.79504e-47 1.50762e-47 5.98537e-48 2.37475e-48 9.41611e-49 3.73124e-49 1.47763e-49 5.84802e-50 2.31305e-50 9.14319e-51 3.612e-51 1.42606e-51 5.62689e-52 2.21893e-52 8.74515e-53 3.44461e-53 1.35602e-53 5.33514e-54 2.0979e-54 8.24488e-55 3.23853e-55 1.27139e-55 4.98857e-56 1.95635e-56 7.66819e-57 3.00411e-57 1.1763e-57 4.60368e-58 1.80085e-58 7.04101e-59 2.75159e-59 1.07479e-59 4.1962e-60 1.63752e-60 6.38723e-61 2.49023e-61 9.70433e-62 3.78003e-62 1.47173e-62 5.72749e-63 2.22796e-63 8.66275e-64 3.36676e-64 1.30791e-64 5.07867e-65 1.97121e-65 7.6476e-66 2.9657e-66 1.14958e-66 4.45412e-67 1.72503e-67 6.6779e-68 2.58401e-68 9.99449e-69 3.864e-69 1.49322e-69 5.76797e-70 2.22706e-70 8.59513e-71 3.31576e-71 1.27857e-71 4.92807e-72 1.89863e-72 7.31162e-73 2.81448e-73 1.08292e-73 4.16487e-74 1.60111e-74 6.15248e-75 2.36315e-75 9.0729e-76 3.48187e-76 1.33565e-76 5.12135e-77 1.96286e-77 7.51987e-78 2.87969e-78 1.10229e-78 4.21755e-79 1.61303e-79 6.16654e-80 2.35645e-80 9.00105e-81 3.43674e-81 1.31166e-81 5.00397e-82 1.90823e-82 7.27392e-83 2.77159e-83 1.05563e-83 4.01902e-84 1.52947e-84 5.81738e-85 2.21006e-85 8.35665e-86 3.08268e-86 9.80082e-87 0. 
-2.543e+06 -236034. -43112.8 -593074. -834925. -756883. -552451. -352004. -203464. -108891. -54541.2 -25667.4 -11318.4 -4619.81 -1690.62 -506.2 -78.0709 47.2624 64.5804 51.0645 33.8606 20.5011 11.7245 6.4431 3.43641 1.79013 0.914781 0.459991 0.228133 0.111794 0.0542071 0.0260387 0.0124034 0.00586403 0.00275372 0.00128533 0.000596709 0.000275692 0.000126838 5.81392e-05 2.65651e-05 1.21055e-05 5.5041e-06 2.49804e-06 1.13211e-06 5.12505e-07 2.31823e-07 1.048e-07 4.73585e-08 2.13953e-08 9.66403e-09 4.36444e-09 1.9707e-09 8.89635e-10 4.01479e-10 1.81103e-10 8.16468e-11 3.67827e-11 1.65567e-11 7.44496e-12 3.34386e-12 1.49992e-12 6.71845e-13 3.00467e-13 1.34156e-13 5.97947e-14 2.66027e-14 1.18133e-14 5.23565e-15 2.31585e-15 1.0223e-15 4.50359e-16 1.97994e-16 8.68665e-17 3.80331e-17 1.66182e-17 7.2464e-18 3.15344e-18 1.36956e-18 5.93632e-19 2.56808e-19 1.10883e-19 4.77857e-20 2.05552e-20 8.82572e-21 3.78265e-21 1.61835e-21 6.91188e-22 2.94699e-22 1.25439e-22 5.3306e-23 2.26162e-23 9.58024e-24 4.05192e-24 1.71114e-24 7.21547e-25 3.03815e-25 1.27741e-25 5.36345e-26 2.24884e-26 9.41642e-27 3.93765e-27 1.64446e-27 6.8589e-28 2.8572e-28 1.18875e-28 4.93989e-29 2.05034e-29 8.50015e-30 3.51987e-30 1.45591e-30 6.01533e-31 2.4826e-31 1.02349e-31 4.21501e-32 1.73403e-32 7.12627e-33 2.92567e-33 1.19991e-33 4.91626e-34 2.01227e-34 8.22732e-35 3.35814e-35 1.36443e-35 5.47575e-36 2.33131e-36 9.68738e-37 3.99382e-37 1.63884e-37 6.6988e-38 2.72906e-38 1.10866e-38 4.4931e-39 1.81725e-39 7.33727e-40 2.9581e-40 1.19105e-40 4.79022e-41 1.92458e-41 7.72528e-42 3.09826e-42 1.24157e-42 4.97154e-43 1.98926e-43 7.95395e-44 3.17814e-44 1.26902e-44 5.06375e-45 2.01925e-45 8.04681e-46 3.20461e-46 1.2754e-46 5.07272e-47 2.01632e-47 8.00943e-48 3.17959e-48 1.26144e-48 5.00143e-49 1.98176e-49 7.8477e-50 3.10575e-50 1.22837e-50 4.85542e-51 1.91808e-51 7.57264e-52 2.98795e-52 1.17827e-52 4.64372e-53 1.8291e-53 7.20053e-54 2.833e-54 1.11401e-54 4.37814e-55 1.71971e-55 6.75131e-56 2.64905e-56 1.03888e-56 4.07204e-57 1.59528e-57 6.24656e-58 2.44471e-58 9.56309e-59 3.739e-59 1.46118e-59 5.70744e-60 2.2283e-60 8.69562e-61 3.39176e-61 1.32236e-61 5.15318e-62 2.00726e-62 7.81514e-63 3.04141e-63 1.1831e-63 4.60018e-64 1.78788e-64 6.94562e-65 2.69709e-65 1.04687e-65 4.06164e-66 1.57516e-66 6.10605e-67 2.36598e-67 9.1638e-68 3.54777e-68 1.37294e-68 5.31081e-69 2.05346e-69 7.93646e-70 3.06608e-70 1.18401e-70 4.57028e-71 1.76338e-71 6.80088e-72 2.6218e-72 1.0103e-72 3.89148e-73 1.49829e-73 5.76625e-74 2.21823e-74 8.52972e-75 3.27853e-75 1.25962e-75 4.83745e-76 1.85699e-76 7.12556e-77 2.73303e-77 1.04782e-77 4.01559e-78 1.53825e-78 5.89011e-79 2.25444e-79 8.62527e-80 3.29857e-80 1.26095e-80 4.81828e-81 1.84038e-81 7.02656e-82 2.68164e-82 1.02301e-82 3.90109e-83 1.48701e-83 5.66585e-84 2.15788e-84 8.21392e-85 3.12274e-85 1.18139e-85 4.35955e-86 1.38995e-86 0. 
-2.543e+06 -988812. -11664.3 -325805. -668467. -726068. -594716. -411851. -253898. -143147. -74897.3 -36617.6 -16731.8 -7088.31 -2720.93 -889.278 -195.074 27.2005 73.0532 63.6983 43.7824 26.9228 15.4889 8.51693 4.53054 2.34915 1.19343 0.596204 0.293697 0.142964 0.068882 0.0328946 0.0155874 0.00733611 0.00343206 0.00159717 0.000739827 0.0003413 0.00015689 7.18971e-05 3.28604e-05 1.49848e-05 6.82037e-06 3.09944e-06 1.40671e-06 6.37805e-07 2.88951e-07 1.30825e-07 5.92039e-08 2.67819e-08 1.21112e-08 5.4752e-09 2.47439e-09 1.11782e-09 5.04757e-10 2.278e-10 1.0274e-10 4.63006e-11 2.08468e-11 9.37652e-12 4.21247e-12 1.89004e-12 8.46823e-13 3.7884e-13 1.69207e-13 7.54466e-14 3.35806e-14 1.49189e-14 6.61546e-15 2.92778e-15 1.29318e-15 5.70044e-16 2.50773e-16 1.10096e-16 4.82367e-17 2.10912e-17 9.20338e-18 4.00792e-18 1.74191e-18 7.55568e-19 3.27095e-19 1.4133e-19 6.09498e-20 2.62359e-20 1.12724e-20 4.8345e-21 2.06972e-21 8.84523e-22 3.77364e-22 1.60723e-22 6.83403e-23 2.90114e-23 1.22961e-23 5.20341e-24 2.19858e-24 9.27561e-25 3.90754e-25 1.64375e-25 6.90482e-26 2.89645e-26 1.21335e-26 5.07606e-27 2.12079e-27 8.8493e-28 3.68784e-28 1.53496e-28 6.38107e-29 2.64954e-29 1.09885e-29 4.55201e-30 1.88355e-30 7.78512e-31 3.21424e-31 1.32563e-31 5.46138e-32 2.24765e-32 9.24074e-33 3.79527e-33 1.5572e-33 6.38283e-34 2.6137e-34 1.06921e-34 4.36879e-35 1.7816e-35 7.23524e-36 2.96318e-36 1.21458e-36 4.97913e-37 2.03979e-37 8.34519e-38 3.40822e-38 1.38925e-38 5.65168e-39 2.29478e-39 9.30064e-40 3.76312e-40 1.52021e-40 6.13244e-41 2.47052e-41 9.94061e-42 3.9953e-42 1.6041e-42 6.43411e-43 2.57838e-43 1.03235e-43 4.12996e-44 1.6509e-44 6.59421e-45 2.63198e-45 1.04976e-45 4.18399e-46 1.66645e-46 6.63286e-47 2.63827e-47 1.0487e-47 4.16585e-48 1.65377e-48 6.56104e-49 2.60134e-49 1.03074e-49 4.08164e-50 1.6153e-50 6.38866e-51 2.52525e-51 9.97559e-52 3.93837e-52 1.55396e-52 6.12789e-53 2.41508e-53 9.51271e-54 3.74482e-54 1.47338e-54 5.79373e-55 2.277e-55 8.94402e-56 3.5113e-56 1.37776e-56 5.40319e-57 2.11788e-57 8.29713e-58 3.24888e-58 1.27152e-58 4.97386e-59 1.9447e-59 7.59974e-60 2.96849e-60 1.15896e-60 4.52265e-61 1.76407e-61 6.87763e-62 2.68017e-62 1.04397e-62 4.06462e-63 1.58182e-63 6.15323e-64 2.39253e-64 9.29872e-65 3.61244e-65 1.40278e-65 5.44495e-66 2.11257e-66 8.19306e-67 3.17612e-67 1.23073e-67 4.76704e-68 1.84566e-68 7.14287e-69 2.7632e-69 1.06849e-69 4.13001e-70 1.59569e-70 6.16265e-71 2.37906e-71 9.18043e-72 3.54112e-72 1.36533e-72 5.26206e-73 2.02719e-73 7.80641e-74 3.0049e-74 1.15618e-74 4.44678e-75 1.70956e-75 6.56964e-76 2.5236e-76 9.6899e-77 3.7191e-77 1.42685e-77 5.4719e-78 2.09759e-78 8.03752e-79 3.07855e-79 1.17867e-79 4.51084e-80 1.72563e-80 6.5987e-81 2.52228e-81 9.6372e-82 3.68072e-82 1.4052e-82 5.36251e-83 2.04561e-83 7.80013e-84 2.973e-84 1.13252e-84 4.30888e-85 1.63145e-85 6.02713e-86 1.92705e-86 0. 
-2.543e+06 -1.10189e+06 18434.8 -228374. -602583. -715426. -620278. -449111. -287677. -167929. -90801.9 -45858.6 -21677.4 -9545.25 -3854.14 -1370.13 -377.917 -30.6458 61.9968 67.0416 49.6085 31.6787 18.6404 10.3981 5.58258 2.91133 1.48378 0.742237 0.365599 0.17776 0.0854843 0.0407252 0.0192462 0.00903283 0.00421425 0.00195613 0.000904001 0.000416211 0.000191017 8.74299e-05 3.99268e-05 1.81992e-05 8.28256e-06 3.76469e-06 1.70943e-06 7.75571e-07 3.51648e-07 1.59356e-07 7.21838e-08 3.26849e-08 1.47945e-08 6.6942e-09 3.02778e-09 1.36885e-09 6.18525e-10 2.79313e-10 1.26041e-10 5.6829e-11 2.55986e-11 1.15186e-11 5.17692e-12 2.3237e-12 1.04155e-12 4.66156e-13 2.083e-13 9.29228e-14 4.13806e-14 1.83944e-14 8.16141e-15 3.61424e-15 1.59744e-15 7.04652e-16 3.10214e-16 1.36294e-16 5.9761e-17 2.61508e-17 1.14203e-17 4.97743e-18 2.16505e-18 9.39883e-19 4.07223e-19 1.76097e-19 7.60053e-20 3.2743e-20 1.40795e-20 6.04316e-21 2.58917e-21 1.10736e-21 4.72786e-22 2.01511e-22 8.57445e-23 3.6425e-23 1.54487e-23 6.54182e-24 2.76586e-24 1.16762e-24 4.9218e-25 2.07162e-25 8.70713e-26 3.6545e-26 1.53173e-26 6.41133e-27 2.68002e-27 1.11883e-27 4.66482e-28 1.9425e-28 8.07896e-29 3.35603e-29 1.39246e-29 5.77075e-30 2.38884e-30 9.87769e-31 4.07985e-31 1.6833e-31 6.93774e-32 2.85639e-32 1.17481e-32 4.82701e-33 1.98131e-33 8.12452e-34 3.32828e-34 1.36213e-34 5.56906e-35 2.27412e-35 9.26906e-36 3.77951e-36 1.54183e-36 6.29274e-37 2.56879e-37 1.04844e-37 4.27686e-38 1.74316e-38 7.09702e-39 2.88584e-39 1.17188e-39 4.75211e-40 1.92435e-40 7.78181e-41 3.14265e-41 1.26752e-41 5.10595e-42 2.05443e-42 8.25698e-43 3.31507e-43 1.32962e-43 5.32777e-44 2.13288e-44 8.53112e-45 3.40942e-45 1.36145e-45 5.43228e-46 2.16587e-46 8.62904e-47 3.43541e-47 1.36675e-47 5.43377e-48 2.15883e-48 8.5713e-49 3.40088e-49 1.34851e-49 5.34371e-50 2.1162e-50 8.37535e-51 3.3127e-51 1.30947e-51 5.1731e-52 2.04243e-52 8.0591e-53 3.17814e-53 1.25259e-53 4.93399e-54 1.94241e-54 7.64257e-55 3.00537e-55 1.18118e-55 4.63982e-56 1.82159e-56 7.14775e-57 2.80324e-57 1.09881e-57 4.3049e-58 1.68571e-58 6.59753e-59 2.58086e-59 1.00909e-59 3.94356e-60 1.5404e-60 6.01414e-61 2.34697e-61 9.15456e-62 3.56916e-62 1.3909e-62 5.41788e-63 2.10944e-63 8.20937e-64 3.19346e-64 1.24172e-64 4.82608e-65 1.8749e-65 7.28077e-66 2.82612e-66 1.09653e-66 4.25272e-67 1.64866e-67 6.38873e-68 2.47468e-68 9.58169e-69 3.70841e-69 1.43468e-69 5.54808e-70 2.14464e-70 8.28683e-71 3.2007e-71 1.23574e-71 4.76904e-72 1.83975e-72 7.09432e-73 2.73456e-73 1.05363e-73 4.05799e-74 1.56228e-74 6.01218e-75 2.31275e-75 8.89304e-76 3.41818e-76 1.3133e-76 5.04381e-77 1.93632e-77 7.43051e-78 2.85027e-78 1.09289e-78 4.18883e-79 1.60484e-79 6.14608e-80 2.35282e-80 9.00336e-81 3.44386e-81 1.31678e-81 5.03275e-82 1.92276e-82 7.34293e-83 2.80312e-83 1.06964e-83 4.07992e-84 1.55534e-84 5.92206e-85 2.24403e-85 8.298e-86 2.6571e-86 0. 
-2.543e+06 -1.09267e+06 53167.1 -185343. -577052. -715134. -637891. -473440. -310559. -185660. -102887. -53334.2 -25947. -11817.6 -4985.24 -1895.62 -603.515 -117.876 33.6512 61.1925 50.9205 34.3704 20.9145 11.9369 6.51631 3.44097 1.7704 0.891967 0.441679 0.21556 0.103922 0.0495812 0.0234458 0.0110032 0.00513059 0.00237923 0.00109824 0.000504983 0.000231453 0.000105804 4.82631e-05 2.19778e-05 9.9947e-06 4.54047e-06 2.06103e-06 9.34988e-07 4.23961e-07 1.92172e-07 8.70811e-08 3.94493e-08 1.78662e-08 8.08892e-09 3.66091e-09 1.65614e-09 7.48812e-10 3.38358e-10 1.52777e-10 6.89244e-11 3.10648e-11 1.39861e-11 6.28943e-12 2.82465e-12 1.26681e-12 5.67305e-13 2.53652e-13 1.13225e-13 5.0455e-14 2.24436e-14 9.96521e-15 4.41637e-15 1.95351e-15 8.62427e-16 3.79995e-16 1.67099e-16 7.33342e-17 3.21199e-17 1.40403e-17 6.12517e-18 2.66686e-18 1.15886e-18 5.02589e-19 2.1755e-19 9.39886e-20 4.05296e-20 1.74446e-20 7.4947e-21 3.21412e-21 1.37593e-21 5.87989e-22 2.50839e-22 1.06828e-22 4.54209e-23 1.92804e-23 8.17111e-24 3.45751e-24 1.46075e-24 6.16211e-25 2.59561e-25 1.09174e-25 4.58539e-26 1.92321e-26 8.0553e-27 3.36939e-27 1.4075e-27 5.87197e-28 2.44662e-28 1.01815e-28 4.23177e-29 1.75676e-29 7.28441e-30 3.01699e-30 1.24813e-30 5.15779e-31 2.12908e-31 8.77916e-32 3.61622e-32 1.48801e-32 6.11665e-33 2.51179e-33 1.03044e-33 4.22319e-34 1.72917e-34 7.07322e-35 2.89038e-35 1.17971e-35 4.81107e-36 1.96104e-36 7.99117e-37 3.25579e-37 1.32623e-37 5.40085e-38 2.19848e-38 8.9441e-39 3.63611e-39 1.47696e-39 5.99353e-40 2.42966e-40 9.83854e-41 3.97947e-41 1.60777e-41 6.48819e-42 2.61537e-42 1.05308e-42 4.23564e-43 1.70184e-43 6.83092e-44 2.73912e-44 1.09731e-44 4.39188e-45 1.75625e-45 7.01694e-46 2.80123e-46 1.11738e-46 4.45361e-47 1.77375e-47 7.05913e-48 2.80734e-48 1.11566e-48 4.43064e-49 1.75835e-49 6.97359e-50 2.7639e-50 1.09473e-50 4.33327e-51 1.71417e-51 6.77674e-52 2.67747e-52 1.05722e-52 4.17204e-53 1.64542e-53 6.4856e-54 2.5549e-54 1.00589e-54 3.95808e-55 1.55659e-55 6.11822e-56 2.40347e-56 9.43666e-57 3.7031e-57 1.45239e-57 5.69343e-58 2.23069e-58 8.73542e-59 3.41906e-59 1.33756e-59 5.23003e-60 2.044e-60 7.98453e-61 3.11751e-61 1.21664e-61 4.7458e-62 1.85036e-62 7.21112e-63 2.809e-63 1.09371e-63 4.2566e-64 1.65588e-64 6.4388e-65 2.5026e-65 9.7228e-66 3.77577e-66 1.46566e-66 5.68696e-67 2.20569e-67 8.55121e-68 3.31383e-68 1.28368e-68 4.97052e-69 1.92385e-69 7.44329e-70 2.87861e-70 1.11282e-70 4.30025e-71 1.66107e-71 6.4137e-72 2.47546e-72 9.55058e-73 3.68325e-73 1.41991e-73 5.47162e-74 2.10766e-74 8.11544e-75 3.12357e-75 1.20176e-75 4.62184e-76 1.7768e-76 6.82796e-77 2.62283e-77 1.00711e-77 3.86558e-78 1.48313e-78 5.68815e-79 2.18068e-79 8.35681e-80 3.20124e-80 1.22581e-80 4.69199e-81 1.79523e-81 6.86611e-82 2.62501e-82 1.00318e-82 3.83228e-83 1.4634e-83 5.58582e-84 2.13096e-84 8.1198e-85 3.07924e-85 1.13967e-85 3.65359e-86 0. 
-2.543e+06 -1.07561e+06 75816.9 -164613. -565148. -715011. -647241. -487371. -324657. -197373. -111417. -58959.3 -29368.3 -13758. -6017.59 -2411.83 -845.428 -223.087 -7.81763 47.2614 47.7439 34.7522 22.0732 12.968 7.23251 3.88364 2.02528 1.03169 0.515517 0.25347 0.122935 0.0589332 0.0279715 0.0131633 0.00614963 0.00285526 0.0013188 0.000606484 0.000277909 0.000126976 5.78807e-05 2.63367e-05 1.19672e-05 5.43231e-06 2.46414e-06 1.1172e-06 5.06356e-07 2.2945e-07 1.03957e-07 4.70935e-08 2.13306e-08 9.65962e-09 4.3732e-09 1.97916e-09 8.95289e-10 4.04756e-10 1.82861e-10 8.25457e-11 3.72273e-11 1.67714e-11 7.54698e-12 3.39175e-12 1.52223e-12 6.82181e-13 3.05245e-13 1.36362e-13 6.08139e-14 2.70741e-14 1.20316e-14 5.33694e-15 2.36289e-15 1.04416e-15 4.60521e-16 2.02715e-16 8.90571e-17 3.90478e-17 1.70871e-17 7.46254e-18 3.25276e-18 1.41504e-18 6.14389e-19 2.66245e-19 1.15158e-19 4.97146e-20 2.14222e-20 9.21396e-21 3.95584e-21 1.69533e-21 7.25275e-22 3.0974e-22 1.32054e-22 5.62048e-23 2.38825e-23 1.01317e-23 4.29133e-24 1.81478e-24 7.66279e-25 3.2307e-25 1.36008e-25 5.71746e-26 2.40007e-26 1.00609e-26 4.21171e-27 1.76074e-27 7.35127e-28 3.06527e-28 1.27651e-28 5.30934e-29 2.20561e-29 9.1516e-30 3.79277e-30 1.57006e-30 6.4921e-31 2.68147e-31 1.10634e-31 4.55971e-32 1.87729e-32 7.72103e-33 3.17233e-33 1.30211e-33 5.33939e-34 2.18733e-34 8.95201e-35 3.66024e-35 1.49508e-35 6.10106e-36 2.48763e-36 1.01359e-36 4.12755e-37 1.68e-37 6.83496e-38 2.77953e-38 1.1298e-38 4.58993e-39 1.86358e-39 7.56132e-40 3.06564e-40 1.24191e-40 5.02664e-41 2.03266e-41 8.21173e-42 3.3142e-42 1.33626e-42 5.38228e-43 2.16576e-43 8.70611e-44 3.49635e-44 1.40278e-44 5.62284e-45 2.25177e-45 9.00954e-46 3.60165e-46 1.43857e-46 5.74117e-47 2.28938e-47 9.12207e-48 3.6319e-48 1.44493e-48 5.74437e-49 2.28205e-49 9.05944e-50 3.594e-50 1.42482e-50 5.64488e-51 2.23494e-51 8.84292e-52 3.49665e-52 1.38177e-52 5.45702e-53 2.15383e-53 8.49585e-54 3.34924e-54 1.31957e-54 5.19598e-55 2.04482e-55 8.04267e-56 3.16157e-56 1.24213e-56 4.87746e-57 1.9142e-57 7.50845e-58 2.94364e-58 1.15343e-58 4.51729e-59 1.76824e-59 6.91808e-60 2.70529e-60 1.05737e-60 4.13076e-61 1.61296e-61 6.29518e-62 2.45578e-62 9.5756e-63 3.73201e-63 1.45385e-63 5.6611e-64 2.20337e-64 8.57195e-65 3.33336e-65 1.29567e-65 5.03406e-66 1.95505e-66 7.58947e-67 2.94498e-67 1.14228e-67 4.42874e-68 1.71637e-68 6.64909e-69 2.57476e-69 9.96635e-70 3.85621e-70 1.49146e-70 5.76616e-71 2.22839e-71 8.60841e-72 3.32417e-72 1.28314e-72 4.95099e-73 1.90959e-73 7.36242e-74 2.83746e-74 1.09313e-74 4.20962e-75 1.62049e-75 6.23562e-76 2.39853e-76 9.22235e-77 3.54462e-77 1.36185e-77 5.23024e-78 2.00791e-78 7.70549e-79 2.95588e-79 1.13346e-79 4.34465e-80 1.6647e-80 6.37602e-81 2.44115e-81 9.34268e-82 3.57421e-82 1.36685e-82 5.22508e-83 1.99662e-83 7.62641e-84 2.91149e-84 1.1102e-84 4.21356e-85 1.56102e-85 5.01066e-86 0. 
-2.543e+06 -1.06811e+06 84830.1 -154464. -554655. -707960. -645721. -490509. -330184. -203219. -116370. -62612. -31802.1 -15253.6 -6875.34 -2874.06 -1080.06 -335.094 -57.7223 26.8869 40.4563 32.7693 21.967 13.3601 7.64145 4.18513 2.21813 1.14542 0.579034 0.287556 0.140668 0.0679303 0.0324424 0.0153465 0.00720004 0.00335427 0.0015533 0.000715681 0.000328366 0.000150142 6.84616e-05 3.11497e-05 1.41498e-05 6.41986e-06 2.91032e-06 1.31863e-06 5.97265e-07 2.70484e-07 1.22487e-07 5.54658e-08 2.51161e-08 1.13723e-08 5.14856e-09 2.33034e-09 1.05439e-09 4.7685e-10 2.15525e-10 9.73412e-11 4.39258e-11 1.98022e-11 8.91709e-12 4.01054e-12 1.80138e-12 8.07964e-13 3.61845e-13 1.61794e-13 7.22246e-14 3.21856e-14 1.43176e-14 6.3576e-15 2.81781e-15 1.24656e-15 5.50411e-16 2.42563e-16 1.0669e-16 4.68354e-17 2.05201e-17 8.97297e-18 3.91605e-18 1.70576e-18 7.41567e-19 3.21773e-19 1.39355e-19 6.0239e-20 2.5991e-20 1.11935e-20 4.81193e-21 2.06486e-21 8.84487e-22 3.7821e-22 1.61446e-22 6.87991e-23 2.92695e-23 1.24318e-23 5.27175e-24 2.23196e-24 9.43496e-25 3.98227e-25 1.6783e-25 7.06265e-26 2.96783e-26 1.24535e-26 5.21845e-27 2.18372e-27 9.12581e-28 3.80868e-28 1.58751e-28 6.60862e-29 2.74768e-29 1.14102e-29 4.73259e-30 1.96064e-30 8.11328e-31 3.35356e-31 1.38463e-31 5.7107e-32 2.35278e-32 9.68317e-33 3.98113e-33 1.63514e-33 6.70921e-34 2.75019e-34 1.12625e-34 4.60779e-35 1.88337e-35 7.69076e-36 3.13768e-36 1.27902e-36 5.20969e-37 2.1205e-37 8.62559e-38 3.50657e-38 1.42473e-38 5.78552e-39 2.34806e-39 9.52404e-40 3.8607e-40 1.56395e-40 6.33109e-41 2.561e-41 1.03514e-41 4.18057e-42 1.68695e-42 6.80132e-43 2.73966e-43 1.10258e-43 4.43335e-44 1.78098e-44 7.14817e-45 2.86643e-45 1.14842e-45 4.59709e-46 1.83861e-46 7.34733e-47 2.93365e-47 1.17039e-47 4.66561e-48 1.85842e-48 7.39686e-49 2.94187e-49 1.16918e-49 4.64325e-50 1.84271e-50 7.30784e-51 2.89618e-51 1.14702e-51 4.53971e-52 1.79558e-52 7.09749e-53 2.8037e-53 1.10685e-53 4.36701e-54 1.72194e-54 6.78567e-55 2.67248e-55 1.05192e-55 4.13816e-56 1.62699e-56 6.39327e-57 2.51085e-57 9.8556e-58 3.86645e-58 1.51604e-58 5.94129e-59 2.32716e-59 9.11061e-60 3.56491e-60 1.39422e-60 5.45005e-61 2.12939e-61 8.31569e-62 3.24589e-62 1.26637e-62 4.93839e-63 1.9249e-63 7.49945e-64 2.92048e-64 1.13679e-64 4.42299e-65 1.72011e-65 6.68666e-66 2.5982e-66 1.00913e-66 3.91778e-67 1.52037e-67 5.89759e-68 2.28676e-68 8.86313e-69 3.43381e-69 1.32981e-69 5.14784e-70 1.99199e-70 7.70508e-71 2.97916e-71 1.15144e-71 4.44852e-72 1.71799e-72 6.63219e-73 2.55932e-73 9.87242e-74 3.80676e-74 1.4673e-74 5.65351e-75 2.17746e-75 8.3833e-76 3.22637e-76 1.24122e-76 4.77328e-77 1.83493e-77 7.0511e-78 2.7085e-78 1.04001e-78 3.99188e-79 1.53163e-79 5.87444e-80 2.25223e-80 8.63167e-81 3.30682e-81 1.26638e-81 4.84785e-82 1.85511e-82 7.09621e-83 2.71341e-83 1.03712e-83 3.96208e-84 1.51191e-84 5.743e-85 2.13005e-85 6.84847e-86 0. 
-2.543e+06 -1.07016e+06 79800.6 -153390. -542136. -690515. -630833. -481320. -326223. -202616. -117346. -64008.1 -33051.6 -16175.2 -7479.23 -3236.92 -1283.25 -441.986 -110.692 2.22014 29.7634 28.5521 20.5396 13.0239 7.66954 4.2959 2.31896 1.21623 0.623156 0.31314 0.154787 0.0754401 0.0363225 0.0173044 0.00816875 0.00382564 0.00177943 0.00082285 0.000378629 0.000173508 7.92427e-05 3.60933e-05 1.64052e-05 7.44472e-06 3.3746e-06 1.5285e-06 6.91998e-07 3.13212e-07 1.41753e-07 6.41546e-08 2.90363e-08 1.31422e-08 5.94817e-09 2.69186e-09 1.21795e-09 5.50885e-10 2.4905e-10 1.12525e-10 5.08021e-11 2.29156e-11 1.03262e-11 4.64784e-12 2.08939e-12 9.37991e-13 4.20483e-13 1.88205e-13 8.4104e-14 3.75211e-14 1.67103e-14 7.42884e-15 3.29663e-15 1.46021e-15 6.45574e-16 2.84874e-16 1.25467e-16 5.51534e-17 2.41978e-17 1.0596e-17 4.63094e-18 2.02004e-18 8.79465e-19 3.82163e-19 1.65751e-19 7.1754e-20 3.10047e-20 1.33723e-20 5.75698e-21 2.47399e-21 1.06128e-21 4.5446e-22 1.94272e-22 8.2905e-23 3.532e-23 1.50225e-23 6.37901e-24 2.70438e-24 1.14472e-24 4.83786e-25 2.04149e-25 8.60185e-26 3.61907e-26 1.52046e-26 6.37878e-27 2.67236e-27 1.11805e-27 4.67137e-28 1.9492e-28 8.12284e-29 3.38072e-29 1.40531e-29 5.83453e-30 2.41947e-30 1.00213e-30 4.146e-31 1.71334e-31 7.07253e-32 2.91631e-32 1.20124e-32 4.94275e-33 2.0317e-33 8.3428e-34 3.4224e-34 1.40257e-34 5.74251e-35 2.34889e-35 9.59879e-36 3.91894e-36 1.59856e-36 6.51506e-37 2.65309e-37 1.07957e-37 4.38974e-38 1.78373e-38 7.24338e-39 2.93956e-39 1.19222e-39 4.83246e-40 1.95755e-40 7.92468e-41 3.20603e-41 1.29617e-41 5.2366e-42 2.11408e-42 8.52842e-43 3.43778e-43 1.38466e-43 5.57258e-44 2.24084e-44 9.0034e-45 3.61441e-45 1.44978e-45 5.81039e-46 2.32672e-46 9.3094e-47 3.7217e-47 1.48665e-47 5.93368e-48 2.36644e-48 9.43035e-49 3.75513e-49 1.49415e-49 5.9407e-50 2.36028e-50 9.37082e-51 3.71778e-51 1.47397e-51 5.83975e-52 2.31211e-52 9.1482e-53 3.61726e-53 1.42937e-53 5.64467e-54 2.22772e-54 8.78652e-55 3.46347e-55 1.36442e-55 5.3719e-56 2.11377e-56 8.31263e-57 3.26719e-57 1.28342e-57 5.03877e-58 1.97717e-58 7.75408e-59 3.03939e-59 1.19073e-59 4.66248e-60 1.82472e-60 7.13768e-61 2.79062e-61 1.0905e-61 4.25934e-62 1.66283e-62 6.48848e-63 2.53066e-63 9.86552e-64 3.84419e-64 1.49724e-64 5.8288e-65 2.26815e-65 8.8221e-66 3.42989e-66 1.33291e-66 5.17763e-67 2.01037e-67 7.80256e-68 3.02702e-68 1.17385e-68 4.55021e-69 1.76308e-69 6.82865e-70 2.64376e-70 1.02314e-70 3.95801e-71 1.53055e-71 5.91623e-72 2.28598e-72 8.82943e-73 3.40898e-73 1.31567e-73 5.07581e-74 1.95748e-74 7.54611e-75 2.90793e-75 1.12016e-75 4.31333e-76 1.66028e-76 6.38833e-77 2.45714e-77 9.44732e-78 3.63099e-78 1.39502e-78 5.35761e-79 2.05684e-79 7.89346e-80 3.02812e-80 1.16122e-80 4.45139e-81 1.70575e-81 6.53387e-82 2.50187e-82 9.57628e-83 3.66408e-83 1.4014e-83 5.35732e-84 2.04582e-84 7.77821e-85 2.88903e-85 9.31124e-86 0. 
-2.543e+06 -1.08218e+06 51614.9 -172649. -534529. -665304. -602738. -458981. -311764. -194689. -113689. -62695.9 -32824.3 -16343.3 -7724.17 -3441.92 -1424.03 -528.223 -159.393 -23.5279 16.9318 22.5181 17.8753 11.9345 7.27066 4.1768 2.30097 1.22764 0.638423 0.32506 0.162581 0.0800821 0.038927 0.018705 0.00889784 0.00419554 0.00196318 0.000912525 0.000421743 0.000193974 8.88529e-05 4.05644e-05 1.84692e-05 8.39139e-06 3.80651e-06 1.72472e-06 7.80862e-07 3.53362e-07 1.59866e-07 7.23191e-08 3.27154e-08 1.48003e-08 6.69583e-09 3.02923e-09 1.3703e-09 6.19744e-10 2.80197e-10 1.26622e-10 5.71861e-11 2.58074e-11 1.16362e-11 5.24121e-12 2.35806e-12 1.05957e-12 4.75459e-13 2.13041e-13 9.53114e-14 4.25723e-14 1.89838e-14 8.4506e-15 3.75512e-15 1.66561e-15 7.37436e-16 3.25886e-16 1.43744e-16 6.32832e-17 2.78074e-17 1.21956e-17 5.33845e-18 2.33237e-18 1.01708e-18 4.42677e-19 1.9231e-19 8.33874e-20 3.60905e-20 1.55914e-20 6.72332e-21 2.894e-21 1.24347e-21 5.33345e-22 2.28362e-22 9.76092e-23 4.16506e-23 1.7743e-23 7.54598e-24 3.20405e-24 1.35829e-24 5.74909e-25 2.42961e-25 1.02521e-25 4.31959e-26 1.81733e-26 7.63481e-27 3.20293e-27 1.34182e-27 5.61365e-28 2.34539e-28 9.78618e-29 4.07803e-29 1.69721e-29 7.05476e-30 2.92885e-30 1.21448e-30 5.03009e-31 2.08093e-31 8.59901e-32 3.54941e-32 1.46349e-32 6.02776e-33 2.48009e-33 1.01936e-33 4.18552e-34 1.71687e-34 7.03555e-35 2.88032e-35 1.17806e-35 4.81384e-36 1.96524e-36 8.01583e-37 3.26667e-37 1.33014e-37 5.41177e-38 2.20013e-38 8.93798e-39 3.62848e-39 1.47203e-39 5.96793e-40 2.41797e-40 9.79047e-41 3.96169e-41 1.60206e-41 6.47434e-42 2.61472e-42 1.05526e-42 4.25594e-43 1.71523e-43 6.90769e-44 2.77985e-44 1.11785e-44 4.4917e-45 1.80344e-45 7.23522e-46 2.90041e-46 1.16178e-46 4.6499e-47 1.8596e-47 7.43113e-48 2.96722e-48 1.18388e-48 4.71985e-49 1.88027e-49 7.48485e-50 2.97731e-50 1.18344e-50 4.7006e-51 1.86574e-51 7.40019e-52 2.93315e-52 1.16179e-52 4.59867e-53 1.81906e-53 7.19086e-54 2.84077e-54 1.12154e-54 4.42511e-55 1.74489e-55 6.87617e-56 2.70812e-56 1.06594e-56 4.1932e-57 1.64858e-57 6.47783e-58 2.54394e-58 9.98491e-59 3.91693e-59 1.53573e-59 6.01799e-60 2.35701e-60 9.2267e-61 3.61001e-61 1.41173e-61 5.51794e-62 2.15569e-62 8.41754e-63 3.28529e-63 1.2816e-63 4.99722e-64 1.9476e-64 7.587e-65 2.95421e-65 1.14978e-65 4.47297e-66 1.73934e-66 6.76051e-67 2.62656e-67 1.02002e-67 3.95951e-68 1.53636e-68 5.95885e-69 2.31021e-69 8.95286e-70 3.46812e-70 1.34293e-70 5.19798e-71 2.01115e-71 7.77826e-72 3.00711e-72 1.16211e-72 4.48927e-73 1.73355e-73 6.69162e-74 2.58202e-74 9.95918e-75 3.83993e-75 1.47999e-75 5.70205e-76 2.19604e-76 8.45451e-77 3.25368e-77 1.2517e-77 4.81352e-78 1.8504e-78 7.11064e-79 2.73144e-79 1.04885e-79 4.02603e-80 1.54483e-80 5.92547e-81 2.27199e-81 8.70824e-82 3.33653e-82 1.27791e-82 4.89265e-83 1.8725e-83 7.16302e-84 2.73742e-84 1.04185e-84 3.87716e-85 1.25438e-85 0. 
-2.543e+06 -1.10359e+06 -21574.9 -239965. -552885. -644887. -567656. -425937. -287357. -179210. -104959. -58264.1 -30810.9 -15550.8 -7482.37 -3414.91 -1461.62 -572.493 -193.227 -45.3627 4.1712 15.5673 14.2964 10.1803 6.44991 3.81061 2.14598 1.16616 0.616164 0.318181 0.161174 0.0803107 0.0394517 0.0191406 0.00918546 0.00436588 0.00205765 0.000962618 0.000447436 0.000206815 9.51382e-05 4.35889e-05 1.99041e-05 9.06412e-06 4.11881e-06 1.86853e-06 8.46638e-07 3.83289e-07 1.73427e-07 7.84458e-08 3.54778e-08 1.60444e-08 7.25593e-09 3.28143e-09 1.48394e-09 6.70995e-10 3.03338e-10 1.37085e-10 6.19221e-11 2.79536e-11 1.26097e-11 5.68311e-12 2.55874e-12 1.15073e-12 5.16861e-13 2.3184e-13 1.03842e-13 4.64403e-14 2.07359e-14 9.24335e-15 4.11332e-15 1.82722e-15 8.10239e-16 3.58626e-16 1.58442e-16 6.98695e-17 3.07532e-17 1.35106e-17 5.92433e-18 2.59288e-18 1.13268e-18 4.93869e-19 2.14933e-19 9.33652e-20 4.0482e-20 1.75203e-20 7.5688e-21 3.26384e-21 1.40492e-21 6.03683e-22 2.58944e-22 1.10879e-22 4.73974e-23 2.02268e-23 8.61743e-24 3.66537e-24 1.55653e-24 6.5994e-25 2.79366e-25 1.18079e-25 4.98328e-26 2.09995e-26 8.83623e-27 3.71278e-27 1.55782e-27 6.52724e-28 2.73117e-28 1.14126e-28 4.76267e-29 1.98496e-29 8.26232e-30 3.43487e-30 1.42622e-30 5.91481e-31 2.45009e-31 1.01372e-31 4.18952e-32 1.72951e-32 7.13192e-33 2.9378e-33 1.20887e-33 4.96919e-34 2.04056e-34 8.37099e-35 3.43066e-35 1.40462e-35 5.74545e-36 2.34792e-36 9.58615e-37 3.91034e-37 1.59369e-37 6.48965e-38 2.64047e-38 1.07348e-38 4.36088e-39 1.77024e-39 7.18094e-40 2.91091e-40 1.17919e-40 4.77366e-41 1.93124e-41 7.80804e-42 3.15477e-42 1.27383e-42 5.14011e-43 2.07274e-43 8.3527e-44 3.36365e-44 1.35361e-44 5.4434e-45 2.18743e-45 8.78382e-46 3.52462e-46 1.41325e-46 5.66237e-47 2.267e-47 9.06934e-48 3.62553e-48 1.44823e-48 5.78064e-49 2.30562e-49 9.18915e-50 3.65965e-50 1.45641e-50 5.79178e-51 2.30158e-51 9.13968e-52 3.62685e-52 1.43822e-52 5.69931e-53 2.25697e-53 8.93178e-54 3.53236e-54 1.39607e-54 5.51409e-55 2.17653e-55 8.58591e-56 3.38486e-56 1.33362e-56 5.25126e-57 2.06652e-57 8.12761e-58 3.19476e-58 1.25507e-58 4.9278e-59 1.93375e-59 7.58423e-60 2.97296e-60 1.16476e-60 4.56095e-61 1.78505e-61 6.98267e-62 2.73007e-62 1.06686e-62 4.16705e-63 1.62681e-63 6.34798e-64 2.47586e-64 9.65189e-65 3.76093e-65 1.4648e-65 5.70244e-66 2.21895e-66 8.63059e-67 3.35537e-67 1.30392e-67 5.06491e-68 1.96655e-68 7.6323e-69 2.96089e-69 1.14817e-69 4.45054e-70 1.72441e-70 6.67867e-71 2.58563e-71 1.00062e-71 3.87076e-72 1.49677e-72 5.78553e-73 2.23544e-73 8.63406e-74 3.3335e-74 1.28653e-74 4.96336e-75 1.91411e-75 7.37896e-76 2.84355e-76 1.09538e-76 4.21801e-77 1.62364e-77 6.2476e-78 2.40312e-78 9.24016e-79 3.5516e-79 1.36462e-79 5.24129e-80 2.01237e-80 7.7236e-81 2.96329e-81 1.1365e-81 4.35723e-82 1.6699e-82 6.39757e-83 2.45006e-83 9.37875e-84 3.58699e-84 1.36686e-84 5.10025e-85 1.66045e-85 0. 
-2.543e+06 -1.11119e+06 -168288. -393283. -628850. -651194. -538951. -389452. -256488. -157589. -91556.5 -50697.5 -26870.3 -13652.5 -6642.7 -3082.05 -1351.21 -549.357 -198.555 -56.3399 -5.15907 9.23793 10.4626 8.02026 5.29533 3.21866 1.85292 1.02547 0.550484 0.288316 0.147937 0.0745919 0.0370454 0.0181564 0.00879547 0.00421705 0.0020035 0.000944189 0.000441804 0.000205438 9.50094e-05 4.37331e-05 2.00501e-05 9.1615e-06 4.17463e-06 1.89803e-06 8.61461e-07 3.90477e-07 1.76824e-07 8.00206e-08 3.61975e-08 1.63699e-08 7.40207e-09 3.34678e-09 1.51312e-09 6.84035e-10 3.09182e-10 1.39715e-10 6.31123e-11 2.84956e-11 1.2858e-11 5.79761e-12 2.61182e-12 1.17545e-12 5.28416e-13 2.37254e-13 1.06383e-13 4.76339e-14 2.12964e-14 9.50632e-15 4.23652e-15 1.88483e-15 8.37115e-16 3.71134e-16 1.64246e-16 7.25554e-17 3.19923e-17 1.40805e-17 6.18562e-18 2.71231e-18 1.18709e-18 5.18586e-19 2.26126e-19 9.84182e-20 4.27563e-20 1.85409e-20 8.02547e-21 3.46759e-21 1.49557e-21 6.439e-22 2.76738e-22 1.18731e-22 5.08531e-23 2.17437e-23 9.28165e-24 3.95548e-24 1.68293e-24 7.14886e-25 3.03194e-25 1.28389e-25 5.42834e-26 2.29166e-26 9.66027e-27 4.06623e-27 1.70911e-27 7.17356e-28 3.00673e-28 1.25852e-28 5.26071e-29 2.19611e-29 9.15589e-30 3.81236e-30 1.58542e-30 6.58509e-31 2.73184e-31 1.13197e-31 4.68498e-32 1.9368e-32 7.99791e-33 3.29905e-33 1.35935e-33 5.59519e-34 2.30061e-34 9.44992e-35 3.87771e-35 1.58962e-35 6.51011e-36 2.6636e-36 1.08878e-36 4.44644e-37 1.81422e-37 7.39581e-38 3.01235e-38 1.22591e-38 4.98495e-39 2.02543e-39 8.22323e-40 3.33614e-40 1.35249e-40 5.47924e-41 2.21824e-41 8.97445e-42 3.62845e-42 1.46606e-42 5.91971e-43 2.38874e-43 9.63287e-44 3.88203e-44 1.56342e-44 6.2922e-45 2.53068e-45 1.01712e-45 4.08516e-46 1.63961e-46 6.57604e-47 2.63559e-47 1.05554e-47 4.22435e-48 1.68938e-48 6.7511e-49 2.6959e-49 1.07576e-49 4.28953e-50 1.70917e-50 6.8053e-51 2.70767e-51 1.07655e-51 4.27723e-52 1.69819e-52 6.73762e-53 2.67134e-53 1.05841e-53 4.19072e-54 1.65819e-54 6.55686e-55 2.59105e-55 1.02324e-55 4.03838e-56 1.59282e-56 6.27854e-57 2.47337e-57 9.73777e-58 3.83155e-58 1.50674e-58 5.92178e-59 2.32606e-59 9.1316e-60 3.58289e-60 1.40503e-60 5.50683e-61 2.15719e-61 8.44594e-62 3.30508e-62 1.29269e-62 5.05344e-63 1.97453e-63 7.71125e-64 3.01005e-64 1.17439e-64 4.5798e-65 1.78515e-65 6.95503e-66 2.70847e-66 1.05427e-66 4.10185e-67 1.5952e-67 6.20098e-68 2.40943e-68 9.35793e-69 3.63295e-69 1.40979e-69 5.46847e-70 2.1203e-70 8.21768e-71 3.18363e-71 1.23288e-71 4.77248e-72 1.84669e-72 7.14287e-73 2.76172e-73 1.06738e-73 4.12372e-74 1.59255e-74 6.14795e-75 2.37249e-75 9.15193e-76 3.52906e-76 1.36032e-76 5.24161e-77 2.01896e-77 7.77372e-78 2.99207e-78 1.15121e-78 4.42772e-79 1.70235e-79 6.54271e-80 2.51368e-80 9.65397e-81 3.70634e-81 1.42242e-81 5.45701e-82 2.09279e-82 8.02305e-83 3.07464e-83 1.17779e-83 4.50833e-84 1.72038e-84 6.44334e-85 2.11961e-85 0. 
-2.543e+06 -979097. -382906. -640662. -774223. -696958. -527431. -357195. -223886. -132397. -74706.8 -40483.7 -21136.8 -10640.1 -5155.67 -2393.9 -1055.71 -434.603 -160.908 -48.374 -6.78634 5.67504 7.39787 5.91707 4.00276 2.47676 1.4471 0.811461 0.440893 0.233546 0.121126 0.0617003 0.0309432 0.0153074 0.00748135 0.00361729 0.00173227 0.000822484 0.000387545 0.000181372 8.43759e-05 3.90466e-05 1.79873e-05 8.25362e-06 3.77467e-06 1.72151e-06 7.83348e-07 3.55804e-07 1.61381e-07 7.3119e-08 3.31029e-08 1.49783e-08 6.77474e-09 3.06344e-09 1.38498e-09 6.2604e-10 2.82932e-10 1.27839e-10 5.77442e-11 2.60724e-11 1.17661e-11 5.30651e-12 2.39145e-12 1.0768e-12 4.84375e-13 2.17646e-13 9.76774e-14 4.37797e-14 1.95951e-14 8.7576e-15 3.908e-15 1.74113e-15 7.74445e-16 3.43886e-16 1.52436e-16 6.74522e-17 2.97941e-17 1.31365e-17 5.78154e-18 2.53987e-18 1.11375e-18 4.87487e-19 2.12983e-19 9.28819e-20 4.04321e-20 1.75684e-20 7.62001e-21 3.29913e-21 1.42584e-21 6.15139e-22 2.64921e-22 1.13896e-22 4.88825e-23 2.09441e-23 8.95866e-24 3.82564e-24 1.631e-24 6.94228e-25 2.95025e-25 1.25179e-25 5.30315e-26 2.24322e-26 9.47453e-27 3.99576e-27 1.68271e-27 7.07612e-28 2.97145e-28 1.24606e-28 5.21814e-29 2.18228e-29 9.11448e-30 3.80181e-30 1.58378e-30 6.58956e-31 2.73832e-31 1.13654e-31 4.71164e-32 1.95098e-32 8.06929e-33 3.33373e-33 1.37577e-33 5.67137e-34 2.33544e-34 9.60714e-35 3.94796e-35 1.62074e-35 6.64694e-36 2.72337e-36 1.11474e-36 4.5586e-37 1.86246e-37 7.60234e-38 3.10042e-38 1.26333e-38 5.14332e-39 2.09224e-39 8.50408e-40 3.45386e-40 1.40169e-40 5.68429e-41 2.30351e-41 9.32822e-42 3.77494e-42 1.52662e-42 6.16969e-43 2.4918e-43 1.00573e-43 4.05665e-44 1.63521e-44 6.58716e-45 2.65179e-45 1.06683e-45 4.28905e-46 1.7232e-46 6.91857e-47 2.77587e-47 1.11296e-47 4.45921e-48 1.78538e-48 7.14321e-49 2.85593e-49 1.14101e-49 4.55536e-50 1.81737e-50 7.2452e-51 2.88634e-51 1.14904e-51 4.57105e-52 1.81715e-52 7.2187e-53 2.86568e-53 1.13683e-53 4.50681e-54 1.78546e-54 7.0687e-55 2.79669e-55 1.10577e-55 4.36925e-56 1.72533e-56 6.80873e-57 2.68529e-57 1.0584e-57 4.16915e-58 1.64129e-58 6.45759e-59 2.53924e-59 9.97901e-60 3.91946e-60 1.53859e-60 6.03645e-61 2.36703e-61 9.2767e-62 3.63373e-62 1.42261e-62 5.56663e-63 2.1771e-63 8.51031e-64 3.32503e-64 1.29847e-64 5.06823e-65 1.97729e-65 7.71045e-66 3.00527e-66 1.17081e-66 4.55918e-67 1.77456e-67 6.90396e-68 2.6848e-68 1.0436e-68 4.05478e-69 1.57475e-69 6.11323e-70 2.37217e-70 9.20106e-71 3.56738e-71 1.38255e-71 5.35596e-72 2.07404e-72 8.02828e-73 3.10638e-73 1.20148e-73 4.64523e-74 1.79527e-74 6.9356e-75 2.67838e-75 1.03394e-75 3.98982e-76 1.53904e-76 5.93447e-77 2.28746e-77 8.81382e-78 3.39481e-78 1.30709e-78 5.03083e-79 1.93559e-79 7.44443e-80 2.86214e-80 1.10001e-80 4.22612e-81 1.62306e-81 6.23116e-82 2.39138e-82 9.17432e-83 3.51837e-83 1.34878e-83 5.16738e-84 1.97507e-84 7.43454e-85 2.48776e-85 0. 
-2.543e+06 -210874. -450915. -863392. -924524. -752198. -522401. -327270. -190649. -105169. -55555.3 -28289.5 -13930.8 -6635.37 -3047.82 -1340.3 -556.175 -211.33 -68.1915 -13.7777 3.79701 7.36206 6.39944 4.51604 2.87784 1.72223 0.986409 0.546524 0.29489 0.15566 0.0806451 0.041108 0.0206567 0.0102486 0.00502704 0.00244059 0.00117395 0.000559969 0.000265093 0.000124647 5.82532e-05 2.70773e-05 1.25259e-05 5.7702e-06 2.64844e-06 1.2118e-06 5.53003e-07 2.51807e-07 1.14453e-07 5.19463e-08 2.35498e-08 1.06668e-08 4.82817e-09 2.18426e-09 9.87744e-10 4.46513e-10 2.01783e-10 9.11577e-11 4.11665e-11 1.85829e-11 8.38423e-12 3.78057e-12 1.70354e-12 7.67008e-13 3.45031e-13 1.55053e-13 6.96021e-14 3.12065e-14 1.39737e-14 6.24863e-15 2.7902e-15 1.24404e-15 5.53808e-16 2.46143e-16 1.0922e-16 4.83821e-17 2.13957e-17 9.44529e-18 4.1624e-18 1.83107e-18 8.04073e-19 3.52461e-19 1.54224e-19 6.73623e-20 2.93702e-20 1.27827e-20 5.55356e-21 2.40853e-21 1.04273e-21 4.50645e-22 1.94422e-22 8.37361e-23 3.60032e-23 1.54539e-23 6.62232e-24 2.83313e-24 1.21008e-24 5.16017e-25 2.19695e-25 9.33891e-26 3.96367e-26 1.67971e-26 7.10751e-27 3.00299e-27 1.26693e-27 5.33737e-28 2.24535e-28 9.43261e-29 3.95715e-29 1.65785e-29 6.9363e-30 2.89829e-30 1.20947e-30 5.04079e-31 2.09827e-31 8.72351e-32 3.62242e-32 1.50242e-32 6.22416e-33 2.57557e-33 1.06458e-33 4.39545e-34 1.81284e-34 7.4688e-35 3.0739e-35 1.26381e-35 5.19079e-36 2.12988e-36 8.73074e-37 3.57545e-37 1.46285e-37 5.97954e-38 2.44196e-38 9.96377e-39 4.0619e-39 1.65449e-39 6.73341e-40 2.73813e-40 1.11257e-40 4.51721e-41 1.83267e-41 7.42991e-42 3.01004e-42 1.2186e-42 4.93005e-43 1.99321e-43 8.05319e-44 3.25162e-44 1.31205e-44 5.29079e-45 2.13212e-45 8.58658e-46 3.45579e-46 1.38992e-46 5.58657e-47 2.24394e-47 9.00711e-48 3.61297e-48 1.44826e-48 5.80134e-49 2.32224e-49 9.28931e-50 3.71325e-50 1.48326e-50 5.92071e-51 2.36169e-51 9.4138e-52 3.74973e-52 1.49255e-52 5.93685e-53 2.35982e-53 9.3735e-54 3.72071e-54 1.47589e-54 5.85047e-55 2.31759e-55 9.17479e-56 3.6297e-56 1.43505e-56 5.67001e-57 2.23886e-57 8.83487e-58 3.48423e-58 1.37325e-58 5.40918e-59 2.1294e-59 8.37778e-60 3.2942e-60 1.29457e-60 5.08458e-61 1.99593e-61 7.83063e-62 3.07053e-62 1.20337e-62 4.71362e-63 1.84537e-63 7.22089e-64 2.82407e-64 1.10393e-64 4.31314e-65 1.68435e-65 6.57443e-66 2.56494e-66 1.00021e-66 3.8985e-67 1.51881e-67 5.91442e-68 2.30209e-68 8.95648e-69 3.48305e-69 1.35391e-69 5.26055e-70 2.04308e-70 7.93149e-71 3.0778e-71 1.19383e-71 4.62878e-72 1.79395e-72 6.94991e-73 2.69136e-73 1.04181e-73 4.03122e-74 1.55924e-74 6.02862e-75 2.33e-75 9.00172e-76 3.4764e-76 1.34205e-76 5.17898e-77 1.99782e-77 7.70383e-78 2.96959e-78 1.14426e-78 4.40753e-79 1.69709e-79 6.53218e-80 2.51335e-80 9.66697e-81 3.71682e-81 1.42855e-81 5.48865e-82 2.10804e-82 8.09353e-83 3.10628e-83 1.19174e-83 4.56993e-84 1.74973e-84 6.62827e-85 2.2797e-85 0. 
-2.543e+06 -236259. -43515.6 -593554. -835343. -757131. -552506. -351920. -203316. -108739. -54413.3 -25573.5 -11255.7 -4581.02 -1668.2 -494.083 -71.9835 50.0509 65.6892 51.3896 33.8635 20.4009 11.6136 6.35296 3.37242 1.7482 0.888776 0.44452 0.219232 0.106812 0.0514847 0.0245816 0.0116378 0.00546833 0.00255224 0.00118413 0.000546494 0.000251055 0.000114872 5.23816e-05 2.38176e-05 1.08043e-05 4.89196e-06 2.21177e-06 9.98933e-07 4.50832e-07 2.03373e-07 9.17205e-08 4.13619e-08 1.86526e-08 8.41199e-09 3.79384e-09 1.71103e-09 7.71608e-10 3.47896e-10 1.56804e-10 7.06406e-11 3.18036e-11 1.43073e-11 6.43024e-12 2.88687e-12 1.29449e-12 5.7968e-13 2.59208e-13 1.15728e-13 5.15844e-14 2.29542e-14 1.01963e-14 4.52102e-15 2.00092e-15 8.83914e-16 3.89733e-16 1.71512e-16 7.53338e-17 3.30255e-17 1.44503e-17 6.3106e-18 2.75065e-18 1.19668e-18 5.19636e-19 2.25221e-19 9.74342e-20 4.20741e-20 1.81354e-20 7.80289e-21 3.35126e-21 1.43679e-21 6.14919e-22 2.6272e-22 1.12054e-22 4.77118e-23 2.02816e-23 8.6072e-24 3.64683e-24 1.54267e-24 6.5154e-25 2.74745e-25 1.15678e-25 4.86305e-26 2.04134e-26 8.5562e-27 3.58107e-27 1.49665e-27 6.24619e-28 2.60318e-28 1.08342e-28 4.50302e-29 1.8691e-29 7.7481e-30 3.20773e-30 1.32633e-30 5.47725e-31 2.25914e-31 9.30679e-32 3.82951e-32 1.57392e-32 6.46135e-33 2.64958e-33 1.0853e-33 4.44072e-34 1.81507e-34 7.411e-35 3.02283e-35 1.23171e-35 5.01385e-36 2.03896e-36 8.28376e-37 3.36231e-37 1.36347e-37 5.52402e-38 2.23603e-38 9.0431e-39 3.65411e-39 1.47529e-39 5.95129e-40 2.39878e-40 9.66096e-41 3.88786e-41 1.56339e-41 6.28198e-42 2.52236e-42 1.01206e-42 4.05792e-43 1.62593e-43 6.51044e-44 2.60516e-44 1.04179e-44 4.16344e-45 1.66286e-45 6.63731e-46 2.64769e-46 1.05555e-46 4.20568e-47 1.67469e-47 6.66459e-48 2.65067e-48 1.05361e-48 4.18544e-49 1.66167e-49 6.59301e-50 2.61432e-50 1.03602e-50 4.1031e-51 1.624e-51 6.42374e-52 2.53933e-52 1.00318e-52 3.96061e-53 1.56269e-53 6.16182e-54 2.42813e-54 9.56222e-55 3.76334e-55 1.48018e-55 5.81813e-56 2.2855e-56 8.97246e-57 3.52025e-57 1.38029e-57 5.4088e-58 2.11822e-58 8.29053e-59 3.24292e-59 1.26775e-59 4.95314e-60 1.93409e-60 7.54789e-61 2.94394e-61 1.1476e-61 4.47108e-62 1.74099e-62 6.77558e-63 2.63551e-63 1.0246e-63 3.9812e-64 1.54614e-64 6.00157e-65 2.32841e-65 9.02894e-66 3.49945e-66 1.35565e-66 5.24914e-67 2.03151e-67 7.85859e-68 3.03855e-68 1.17432e-68 4.53634e-69 1.75157e-69 6.76013e-70 2.60788e-70 1.00561e-70 3.87598e-71 1.4933e-71 5.75075e-72 2.2137e-72 8.51784e-73 3.27612e-73 1.25954e-73 4.84045e-74 1.85945e-74 7.14016e-75 2.74068e-75 1.05157e-75 4.03318e-76 1.54628e-76 5.92602e-77 2.27023e-77 8.69388e-78 3.32807e-78 1.27353e-78 4.87152e-79 1.86277e-79 7.12023e-80 2.72064e-80 1.03918e-80 3.96781e-81 1.51445e-81 5.77836e-82 2.20394e-82 8.40308e-83 3.20276e-83 1.22027e-83 4.64764e-84 1.76948e-84 6.73354e-85 2.55949e-85 9.68352e-86 3.57432e-86 1.13707e-86 0. 
-2.543e+06 -989433. -12862.6 -327392. -670088. -727358. -595512. -412211. -253975. -143086. -74795.2 -36522. -16659.3 -7039.69 -2690.97 -872.039 -185.736 31.9668 75.3331 64.7035 44.1745 27.0423 15.5003 8.49405 4.50298 2.32665 1.17761 0.58599 0.287461 0.139311 0.0668099 0.0317503 0.0149696 0.00700896 0.0032618 0.00150991 0.000695712 0.000319274 0.000146015 6.65823e-05 3.02866e-05 1.37488e-05 6.23112e-06 2.8204e-06 1.27535e-06 5.76282e-07 2.60266e-07 1.17504e-07 5.30375e-08 2.39357e-08 1.08007e-08 4.87298e-09 2.19814e-09 9.91295e-10 4.46884e-10 2.01363e-10 9.06792e-11 4.08054e-11 1.83465e-11 8.2406e-12 3.69724e-12 1.65676e-12 7.41408e-13 3.31305e-13 1.4782e-13 6.58477e-14 2.92834e-14 1.30002e-14 5.76118e-15 2.54851e-15 1.12529e-15 4.95947e-16 2.1817e-16 9.57941e-17 4.19824e-17 1.83645e-17 8.01823e-18 3.49436e-18 1.52003e-18 6.59991e-19 2.86042e-19 1.23747e-19 5.34396e-20 2.30366e-20 9.91314e-21 4.25842e-21 1.82616e-21 7.81789e-22 3.34126e-22 1.42564e-22 6.07286e-23 2.58269e-23 1.09662e-23 4.64887e-24 1.96771e-24 8.31572e-25 3.50894e-25 1.47842e-25 6.2197e-26 2.61278e-26 1.09599e-26 4.59077e-27 1.92022e-27 8.02067e-28 3.34558e-28 1.39362e-28 5.79741e-29 2.40853e-29 9.9932e-30 4.14096e-30 1.71375e-30 7.08364e-31 2.92437e-31 1.20583e-31 4.96617e-32 2.04292e-32 8.39422e-33 3.44523e-33 1.41245e-33 5.78432e-34 2.36626e-34 9.6697e-35 3.94737e-35 1.60974e-35 6.55784e-36 2.66891e-36 1.08513e-36 4.40771e-37 1.78869e-37 7.25191e-38 2.93748e-38 1.1888e-38 4.80686e-39 1.94195e-39 7.83871e-40 3.16147e-40 1.27403e-40 5.13001e-41 2.06402e-41 8.29804e-42 3.33355e-42 1.33819e-42 5.36797e-43 2.15177e-43 8.61942e-44 3.45037e-44 1.38027e-44 5.51793e-45 2.20451e-45 8.80186e-46 3.51211e-46 1.40054e-46 5.58167e-47 2.22317e-47 8.84965e-48 3.52066e-48 1.39981e-48 5.5624e-49 2.20904e-49 8.76781e-50 3.47798e-50 1.37882e-50 5.46308e-51 2.16327e-51 8.56107e-52 3.38601e-52 1.33841e-52 5.28728e-53 2.08744e-53 8.23638e-54 3.24786e-54 1.27996e-54 5.04116e-55 1.98428e-55 7.80576e-56 3.06877e-56 1.20574e-56 4.73455e-57 1.858e-57 7.28709e-58 2.85631e-58 1.11892e-58 4.38066e-59 1.71406e-59 6.70288e-60 2.61968e-60 1.02326e-60 3.99465e-61 1.55858e-61 6.07768e-62 2.36868e-62 9.22656e-63 3.59201e-63 1.39767e-63 5.4355e-64 2.11275e-64 8.20785e-65 3.18705e-65 1.23688e-65 4.79785e-66 1.86016e-66 7.2084e-67 2.792e-67 1.08089e-67 4.18255e-68 1.61769e-68 6.25381e-69 2.41653e-69 9.33344e-70 3.60324e-70 1.39043e-70 5.36304e-71 2.06767e-71 7.96824e-72 3.06941e-72 1.18185e-72 4.54867e-73 1.74994e-73 6.7295e-74 2.5868e-74 9.9395e-75 3.8176e-75 1.46569e-75 5.62498e-76 2.15789e-76 8.27497e-77 3.17201e-77 1.21545e-77 4.65556e-78 1.78256e-78 6.82261e-79 2.61033e-79 9.98343e-80 3.81684e-80 1.45871e-80 5.57282e-81 2.12826e-81 8.12488e-82 3.10066e-82 1.18287e-82 4.51091e-83 1.71964e-83 6.55325e-84 2.49638e-84 9.50485e-85 3.61464e-85 1.36798e-85 5.05011e-86 1.61075e-86 0. 
-2.543e+06 -1.10298e+06 16192.1 -231583. -606132. -718501. -622412. -450312. -288203. -168069. -90767.5 -45770.9 -21592.2 -9480.63 -3811.08 -1343.79 -362.793 -22.4097 66.2766 69.1674 50.6156 32.1305 18.8292 10.4689 5.60405 2.91425 1.48103 0.738678 0.362717 0.175779 0.0842374 0.0399832 0.0188223 0.00879804 0.00408744 0.00188906 0.000869162 0.000398392 0.000182028 8.29496e-05 3.77178e-05 1.71205e-05 7.76037e-06 3.51382e-06 1.58972e-06 7.18789e-07 3.24856e-07 1.46772e-07 6.62961e-08 2.99395e-08 1.35181e-08 6.10215e-09 2.75375e-09 1.24224e-09 5.60127e-10 2.52416e-10 1.1367e-10 5.11472e-11 2.29928e-11 1.03254e-11 4.63141e-12 2.07475e-12 9.28164e-13 4.14619e-13 1.84929e-13 8.23495e-14 3.66094e-14 1.62472e-14 7.1978e-15 3.18304e-15 1.40506e-15 6.19088e-16 2.72274e-16 1.19524e-16 5.23719e-17 2.29054e-17 9.99942e-18 4.35727e-18 1.89523e-18 8.22854e-19 3.56619e-19 1.54281e-19 6.66281e-20 2.8724e-20 1.23619e-20 5.31111e-21 2.278e-21 9.75437e-22 4.16995e-22 1.77974e-22 7.58375e-23 3.22643e-23 1.3705e-23 5.81252e-24 2.46141e-24 1.04075e-24 4.394e-25 1.85239e-25 7.79776e-26 3.27779e-26 1.37586e-26 5.7671e-27 2.41399e-27 1.00906e-27 4.21224e-28 1.75601e-28 7.31081e-29 3.03976e-29 1.26227e-29 5.23498e-30 2.16837e-30 8.97049e-31 3.70654e-31 1.52968e-31 6.30545e-32 2.59612e-32 1.06766e-32 4.38583e-33 1.79963e-33 7.37627e-34 3.02008e-34 1.2352e-34 5.04655e-35 2.05966e-35 8.39743e-36 3.42023e-36 1.39167e-36 5.65709e-37 2.29739e-37 9.3211e-38 3.77831e-38 1.53015e-38 6.19131e-39 2.50293e-39 1.01098e-39 4.08004e-40 1.64522e-40 6.62872e-41 2.66861e-41 1.07348e-41 4.31489e-42 1.73306e-42 6.95555e-43 2.78953e-43 1.11794e-43 4.47715e-44 1.79178e-44 7.16594e-45 2.86401e-45 1.14391e-45 4.56599e-46 1.8214e-46 7.26116e-47 2.89297e-47 1.15192e-47 4.584e-48 1.82311e-48 7.24652e-49 2.8787e-49 1.14292e-49 4.53511e-50 1.79851e-50 7.1284e-51 2.82375e-51 1.11793e-51 4.42338e-52 1.74924e-52 6.91345e-53 2.73082e-53 1.07806e-53 4.25347e-54 1.67723e-54 6.60987e-55 2.6034e-55 1.0248e-55 4.03165e-56 1.58517e-56 6.22899e-57 2.44629e-57 9.60164e-58 3.76645e-58 1.47662e-58 5.78573e-59 2.26567e-59 8.86726e-60 3.46845e-60 1.35593e-60 5.29778e-61 2.06875e-61 8.07391e-62 3.14935e-62 1.22778e-62 4.78393e-63 1.86301e-63 7.2513e-64 2.82089e-64 1.09681e-64 4.26233e-65 1.65555e-65 6.42711e-66 2.49385e-66 9.67178e-67 3.74911e-67 1.45257e-67 5.62515e-68 2.17732e-68 8.42373e-69 3.25748e-69 1.25908e-69 4.86438e-70 1.87846e-70 7.25066e-71 2.79743e-71 1.07881e-71 4.15856e-72 1.60232e-72 6.17118e-73 2.37575e-73 9.14217e-74 3.51653e-74 1.35207e-74 5.19643e-75 1.99634e-75 7.6663e-76 2.94282e-76 1.12919e-76 4.33113e-77 1.6606e-77 6.36442e-78 2.4383e-78 9.33788e-79 3.57475e-79 1.36798e-79 5.233e-80 2.00107e-80 7.64913e-81 2.92283e-81 1.11645e-81 4.263e-82 1.62718e-82 6.20873e-83 2.36818e-83 9.02964e-84 3.44161e-84 1.31109e-84 4.98879e-85 1.88918e-85 6.98073e-86 2.23243e-86 0. 
-2.543e+06 -1.09426e+06 49635.8 -190919. -583787. -721401. -642572. -476344. -312067. -186291. -103060. -53312.8 -25868.1 -11739.8 -4926.5 -1856.77 -579.867 -104.32 41.0631 65.0878 52.8971 35.3411 21.376 12.1489 6.61009 3.48055 1.78609 0.897603 0.443352 0.21582 0.103769 0.0493701 0.0232774 0.0108905 0.00506168 0.0023394 0.00107611 0.00049305 0.000225167 0.000102557 4.66118e-05 2.11497e-05 9.5842e-06 4.33905e-06 1.96307e-06 8.87708e-07 4.01293e-07 1.81365e-07 8.19545e-08 3.70274e-08 1.67261e-08 7.55386e-09 3.41044e-09 1.53914e-09 6.94272e-10 3.12976e-10 1.40984e-10 6.34533e-11 2.85307e-11 1.28143e-11 5.74847e-12 2.57538e-12 1.15219e-12 5.14707e-13 2.29573e-13 1.02229e-13 4.54466e-14 2.01687e-14 8.93492e-15 3.95116e-15 1.7441e-15 7.68459e-16 3.37965e-16 1.48362e-16 6.50084e-17 2.84327e-17 1.24128e-17 5.40915e-18 2.3529e-18 1.02164e-18 4.4281e-19 1.91591e-19 8.27513e-20 3.56802e-20 1.53582e-20 6.5997e-21 2.83131e-21 1.21266e-21 5.18544e-22 2.2138e-22 9.43642e-23 4.01605e-23 1.70656e-23 7.24077e-24 3.06758e-24 1.29766e-24 5.48141e-25 2.31203e-25 9.73812e-26 4.09583e-26 1.72029e-26 7.21545e-27 3.02226e-27 1.2642e-27 5.28106e-28 2.2032e-28 9.17959e-29 3.81974e-29 1.58742e-29 6.58883e-30 2.7314e-30 1.13092e-30 4.67683e-31 1.93177e-31 7.9698e-32 3.28424e-32 1.35184e-32 5.55805e-33 2.28263e-33 9.36421e-34 3.83738e-34 1.57083e-34 6.42333e-35 2.62376e-35 1.07059e-35 4.36386e-36 1.777e-36 7.229e-37 2.93797e-37 1.1929e-37 4.83899e-38 1.96113e-38 7.9408e-39 3.21246e-39 1.29847e-39 5.24385e-40 2.11594e-40 8.53088e-41 3.43661e-41 1.3833e-41 5.56364e-42 2.23596e-42 8.9792e-43 3.60317e-43 1.44482e-43 5.7893e-44 2.31809e-44 9.2754e-45 3.70884e-45 1.48201e-45 5.91808e-46 2.36172e-46 9.41891e-47 3.75407e-47 1.49533e-47 5.95265e-48 2.36824e-48 9.4164e-49 3.74191e-49 1.48612e-49 5.89882e-50 2.34009e-50 9.27808e-51 3.67656e-51 1.45608e-51 5.7635e-52 2.28007e-52 9.01512e-53 3.5625e-53 1.40702e-53 5.55397e-54 2.19113e-54 8.63956e-55 3.40467e-55 1.34096e-55 5.27857e-56 2.0767e-56 8.16563e-57 3.20895e-57 1.26036e-57 4.94746e-58 1.94101e-58 7.61081e-59 2.98259e-59 1.16819e-59 4.57291e-60 1.78909e-60 6.99572e-61 2.73397e-61 1.06787e-61 4.16877e-62 1.62653e-62 6.34281e-63 2.47212e-63 9.63003e-64 3.74935e-64 1.459e-64 5.67455e-65 2.20588e-65 8.57058e-66 3.32827e-66 1.29183e-66 5.01162e-67 1.94328e-67 7.53144e-68 2.91749e-68 1.12962e-68 4.37165e-69 1.69104e-69 6.5382e-70 2.52674e-70 9.76028e-71 3.76848e-71 1.45436e-71 5.61028e-72 2.16324e-72 8.33742e-73 3.21196e-73 1.23686e-73 4.76087e-74 1.83175e-74 7.04475e-75 2.70821e-75 1.04069e-75 3.99744e-76 1.53485e-76 5.89082e-77 2.26002e-77 8.6672e-78 3.32257e-78 1.27321e-78 4.8771e-79 1.86748e-79 7.148e-80 2.73496e-80 1.04606e-80 3.99943e-81 1.52856e-81 5.83992e-82 2.23036e-82 8.51501e-83 3.24967e-83 1.23976e-83 4.72792e-84 1.80213e-84 6.86114e-85 2.59984e-85 9.61438e-86 3.07898e-86 0. 
-2.543e+06 -1.0774e+06 71285.2 -173030. -576643. -726594. -656475. -493512. -328163. -199095. -112119. -59160.2 -29364. -13692.9 -5950.67 -2361.02 -811.809 -202.631 3.92134 53.7043 51.155 36.5041 22.9493 13.3956 7.43651 3.97882 2.06869 1.05102 0.5239 0.256994 0.12436 0.0594803 0.0281654 0.0132228 0.00616216 0.00285375 0.00131461 0.000602906 0.000275496 0.000125515 5.70495e-05 2.58832e-05 1.17272e-05 5.30812e-06 2.40102e-06 1.08558e-06 4.90699e-07 2.21771e-07 1.00221e-07 4.52874e-08 2.04623e-08 9.24403e-09 4.17503e-09 1.88497e-09 8.50635e-10 3.83637e-10 1.72894e-10 7.78509e-11 3.50202e-11 1.57359e-11 7.06211e-12 3.1652e-12 1.41662e-12 6.3307e-13 2.82466e-13 1.25826e-13 5.59548e-14 2.484e-14 1.10077e-14 4.86919e-15 2.14994e-15 9.47541e-16 4.16839e-16 1.83035e-16 8.0223e-17 3.50964e-17 1.5326e-17 6.68041e-18 2.90664e-18 1.26241e-18 5.47319e-19 2.36874e-19 1.02339e-19 4.41385e-20 1.90047e-20 8.16918e-21 3.50574e-21 1.50202e-21 6.42499e-22 2.74399e-22 1.17008e-22 4.98171e-23 2.11779e-23 8.98947e-24 3.81016e-24 1.61257e-24 6.815e-25 2.87605e-25 1.21203e-25 5.1007e-26 2.14362e-26 8.9966e-27 3.77074e-27 1.57833e-27 6.59784e-28 2.7545e-28 1.14849e-28 4.78261e-29 1.98911e-29 8.26256e-30 3.428e-30 1.4205e-30 5.87928e-31 2.43049e-31 1.00359e-31 4.13925e-32 1.70526e-32 7.01732e-33 2.88449e-33 1.18438e-33 4.85781e-34 1.99031e-34 8.14573e-35 3.3301e-35 1.35985e-35 5.54693e-36 2.26046e-36 9.20259e-37 3.74284e-37 1.52082e-37 6.17372e-38 2.50389e-38 1.01459e-38 4.10748e-39 1.66142e-39 6.71442e-40 2.71123e-40 1.09386e-40 4.40956e-41 1.77614e-41 7.14843e-42 2.87476e-42 1.1552e-42 4.63852e-43 1.86113e-43 7.46194e-44 2.9896e-44 1.19692e-44 4.78861e-45 1.91451e-45 7.6491e-46 3.05404e-46 1.21859e-46 4.85914e-47 1.93637e-47 7.71168e-48 3.06933e-48 1.2209e-48 4.85352e-49 1.92833e-49 7.65697e-50 3.03868e-50 1.20523e-50 4.77762e-51 1.89284e-51 7.49511e-52 2.96623e-52 1.17327e-52 4.63826e-53 1.83265e-53 7.23717e-54 2.85644e-54 1.12681e-54 4.44264e-55 1.75065e-55 6.89485e-56 2.71404e-56 1.06776e-56 4.19856e-57 1.65003e-57 6.4811e-58 2.54432e-58 9.98297e-59 3.91484e-59 1.53438e-59 6.01064e-60 2.35328e-60 9.20857e-61 3.60146e-61 1.40777e-61 5.49989e-62 2.14756e-62 8.3812e-63 3.26917e-63 1.27451e-63 4.96613e-64 1.93405e-64 7.52826e-65 2.92885e-65 1.13888e-65 4.42626e-66 1.7194e-66 6.67575e-67 2.59064e-67 1.00485e-67 3.89564e-68 1.50955e-68 5.84663e-69 2.26337e-69 8.75791e-70 3.3872e-70 1.30942e-70 5.05958e-71 1.95412e-71 7.54381e-72 2.91095e-72 1.12275e-72 4.32853e-73 1.66804e-73 6.42517e-74 2.47386e-74 9.52092e-75 3.66268e-75 1.40844e-75 5.41371e-76 2.08005e-76 7.98865e-77 3.06689e-77 1.17692e-77 4.51467e-78 1.73114e-78 6.6354e-79 2.54234e-79 9.73719e-80 3.72793e-80 1.42671e-80 5.45812e-81 2.08731e-81 7.9794e-82 3.04926e-82 1.16482e-82 4.44801e-83 1.69791e-83 6.47885e-84 2.47095e-84 9.41316e-85 3.56924e-85 1.32105e-85 4.23578e-86 0. 
-2.543e+06 -1.06898e+06 81327.7 -164556. -571885. -727282. -662235. -502193. -337331. -207072. -118200. -63354.4 -32029.9 -15272.9 -6829.95 -2821.98 -1039.36 -307.848 -41.0315 36.5174 45.7725 35.6035 23.4355 14.1028 8.00927 4.36389 2.30353 1.18558 0.597631 0.296043 0.144485 0.0696222 0.033181 0.0156637 0.00733388 0.00340962 0.00157566 0.000724454 0.000331679 0.000151327 6.88495e-05 3.12564e-05 1.41664e-05 6.41297e-06 2.90069e-06 1.31134e-06 5.92649e-07 2.67806e-07 1.2101e-07 5.46787e-08 2.47062e-08 1.11625e-08 5.04252e-09 2.27729e-09 1.02805e-09 4.63858e-10 2.09152e-10 9.42292e-11 4.24128e-11 1.90695e-11 8.56371e-12 3.84073e-12 1.7201e-12 7.69202e-13 3.43433e-13 1.53084e-13 6.81208e-14 3.02601e-14 1.3418e-14 5.93903e-15 2.6239e-15 1.15711e-15 5.09327e-16 2.23774e-16 9.81329e-17 4.29551e-17 1.87678e-17 8.18493e-18 3.5631e-18 1.54831e-18 6.71605e-19 2.90807e-19 1.25701e-19 5.4241e-20 2.33658e-20 1.00486e-20 4.31435e-21 1.84935e-21 7.91457e-22 3.38181e-22 1.44277e-22 6.14578e-23 2.61398e-23 1.11014e-23 4.7078e-24 1.99356e-24 8.42982e-25 3.55956e-25 1.50096e-25 6.32042e-26 2.65787e-26 1.1162e-26 4.68137e-27 1.96082e-27 8.20243e-28 3.42683e-28 1.42986e-28 5.95875e-29 2.48016e-29 1.03104e-29 4.28102e-30 1.77542e-30 7.35435e-31 3.04284e-31 1.25752e-31 5.19104e-32 2.14045e-32 8.81597e-33 3.62708e-33 1.49063e-33 6.11945e-34 2.50948e-34 1.02795e-34 4.20579e-35 1.71859e-35 7.01411e-36 2.86023e-36 1.16521e-36 4.74226e-37 1.92822e-37 7.83294e-38 3.17903e-38 1.28906e-38 5.22235e-39 2.11387e-39 8.54902e-40 3.45449e-40 1.39472e-40 5.62644e-41 2.2679e-41 9.13408e-42 3.67588e-42 1.47815e-42 5.93936e-43 2.38469e-43 9.56749e-44 3.8357e-44 1.53665e-44 6.15173e-45 2.46101e-45 9.83849e-46 3.93051e-46 1.5692e-46 6.26069e-47 2.49623e-47 9.94653e-48 3.96083e-48 1.57628e-48 6.26929e-49 2.49198e-49 9.89954e-50 3.93037e-50 1.55957e-50 6.18487e-51 2.4514e-51 9.71088e-52 3.84473e-52 1.52138e-52 6.01694e-53 2.37839e-53 9.39633e-54 3.71027e-54 1.46428e-54 5.77582e-55 2.27707e-55 8.97247e-56 3.53363e-56 1.39093e-56 5.47218e-57 2.15174e-57 8.45654e-58 3.32177e-58 1.30412e-58 5.11731e-59 2.00696e-59 7.86696e-60 3.08212e-60 1.20688e-60 4.72339e-61 1.84763e-61 7.22358e-62 2.82269e-62 1.10242e-62 4.30336e-63 1.67897e-63 6.5472e-64 2.55179e-64 9.94059e-65 3.87042e-65 1.50621e-65 5.85856e-66 2.27761e-66 8.85017e-67 3.43722e-67 1.33429e-67 5.177e-68 2.00768e-68 7.78219e-69 3.01509e-69 1.16759e-69 4.51934e-70 1.74846e-70 6.76134e-71 2.61342e-71 1.00968e-71 3.8991e-72 1.50503e-72 5.80675e-73 2.23937e-73 8.63235e-74 3.32614e-74 1.28105e-74 4.93175e-75 1.89781e-75 7.29997e-76 2.80677e-76 1.07873e-76 4.14418e-77 1.59143e-77 6.10886e-78 2.34401e-78 8.99051e-79 3.44698e-79 1.32106e-79 5.06102e-80 1.93814e-80 7.41939e-81 2.83913e-81 1.08603e-81 4.15272e-82 1.58732e-82 6.06506e-83 2.31658e-83 8.84485e-84 3.37536e-84 1.28668e-84 4.88242e-85 1.80897e-85 5.80938e-86 0. 
-2.543e+06 -1.0675e+06 83434.4 -159381. -563073. -718741. -657229. -501242. -339168. -210089. -121232. -65823.9 -33796.3 -16422.2 -7522.96 -3213.37 -1247.51 -412.222 -90.2118 14.9658 37.2003 32.6957 22.7681 14.1889 8.2644 4.59361 2.46539 1.28716 0.657037 0.329126 0.162244 0.0788822 0.0378959 0.0180171 0.00848879 0.0039682 0.00184245 0.000850506 0.000390681 0.000178725 8.14868e-05 3.70525e-05 1.68126e-05 7.61668e-06 3.4467e-06 1.55851e-06 7.04385e-07 3.18275e-07 1.43797e-07 6.49667e-08 2.93519e-08 1.3261e-08 5.99081e-09 2.70595e-09 1.22188e-09 5.51506e-10 2.48785e-10 1.12146e-10 5.05092e-11 2.27257e-11 1.02134e-11 4.58432e-12 2.05487e-12 9.19717e-13 4.11006e-13 1.83373e-13 8.16745e-14 3.63145e-14 1.61175e-14 7.14046e-15 3.15757e-15 1.39371e-15 6.14016e-16 2.70005e-16 1.18509e-16 5.19178e-17 2.27025e-17 9.90897e-18 4.31705e-18 1.8774e-18 8.14976e-19 3.53152e-19 1.52763e-19 6.5966e-20 2.84369e-20 1.2238e-20 5.25802e-21 2.25539e-21 9.65882e-22 4.12988e-22 1.76308e-22 7.51521e-23 3.19854e-23 1.3593e-23 5.76822e-24 2.44422e-24 1.03424e-24 4.37008e-25 1.84399e-25 7.77022e-26 3.26982e-26 1.37416e-26 5.76742e-27 2.41748e-27 1.01202e-27 4.23123e-28 1.76686e-28 7.36888e-29 3.06953e-29 1.27708e-29 5.30698e-30 2.20275e-30 9.13221e-31 3.78169e-31 1.56423e-31 6.46286e-32 2.66725e-32 1.09957e-32 4.52802e-33 1.86261e-33 7.65363e-34 3.14151e-34 1.28797e-34 5.27344e-35 2.15572e-35 8.79913e-36 3.58972e-36 1.46308e-36 5.95762e-37 2.4237e-37 9.85132e-38 4.00059e-38 1.6232e-38 6.58031e-39 2.66531e-39 1.07865e-39 4.36167e-40 1.76224e-40 7.11411e-41 2.86963e-41 1.1566e-41 4.65799e-42 1.87445e-42 7.53727e-43 3.02847e-43 1.21592e-43 4.87827e-44 1.95572e-44 7.83492e-45 3.13655e-45 1.25478e-45 5.01624e-46 2.00399e-46 8.00054e-47 3.19196e-47 1.27266e-47 5.07094e-48 2.01926e-48 8.03572e-49 3.1959e-49 1.27028e-49 5.04602e-50 2.0033e-50 7.9486e-51 3.15203e-51 1.24924e-51 4.94837e-52 1.95903e-52 7.75146e-53 3.06545e-53 1.21164e-53 4.78656e-54 1.88993e-54 7.45837e-55 2.94182e-55 1.15975e-55 4.56974e-56 1.79968e-56 7.08399e-57 2.78701e-57 1.09592e-57 4.30723e-58 1.69199e-58 6.64317e-59 2.60695e-59 1.02252e-59 4.00855e-60 1.57066e-60 6.15119e-61 2.40777e-61 9.41997e-62 3.68353e-62 1.43966e-62 5.62386e-63 2.19579e-63 8.56892e-64 3.34229e-64 1.30299e-64 5.0772e-65 1.97737e-65 7.69726e-66 2.9948e-66 1.16462e-66 4.52676e-67 1.75864e-67 6.82898e-68 2.65047e-68 1.0282e-68 3.98682e-69 1.54514e-69 5.98552e-70 2.31756e-70 8.96925e-71 3.4696e-71 1.34153e-71 5.1847e-72 2.00285e-72 7.73348e-73 2.98475e-73 1.15145e-73 4.44009e-74 1.71138e-74 6.59347e-75 2.53917e-75 9.77428e-76 3.7609e-76 1.44649e-76 5.56108e-77 2.13708e-77 8.20928e-78 3.15218e-78 1.20988e-78 4.64193e-79 1.78025e-79 6.82486e-80 2.61538e-80 1.00186e-80 3.83632e-81 1.46844e-81 5.61863e-82 2.14903e-82 8.21659e-83 3.14036e-83 1.19977e-83 4.5815e-84 1.74766e-84 6.63744e-85 2.46262e-85 7.92747e-86 0. 
-2.543e+06 -1.07185e+06 76097.2 -159229. -549687. -698953. -639214. -488856. -332439. -207367. -120739. -66284.6 -34494.2 -17041.1 -7972.39 -3503.35 -1419.4 -507.328 -139.71 -9.31335 26.0175 27.9152 20.9239 13.5932 8.14695 4.62874 2.52941 1.34113 0.693962 0.351884 0.175385 0.0861302 0.0417571 0.020018 0.00950245 0.00447204 0.00208885 0.000969335 0.000447302 0.000205425 9.39649e-05 4.28396e-05 1.94792e-05 8.83879e-06 4.00435e-06 1.81208e-06 8.19379e-07 3.70325e-07 1.67326e-07 7.55949e-08 3.41512e-08 1.54282e-08 6.96961e-09 3.14818e-09 1.42176e-09 6.41878e-10 2.89655e-10 1.30632e-10 5.88692e-11 2.65055e-11 1.19215e-11 5.35572e-12 2.40292e-12 1.07659e-12 4.81623e-13 2.15117e-13 9.59226e-14 4.26991e-14 1.89735e-14 8.4157e-15 3.72592e-15 1.64652e-15 7.2625e-16 3.19732e-16 1.40497e-16 6.16211e-17 2.6976e-17 1.17873e-17 5.14098e-18 2.23811e-18 9.72585e-19 4.21885e-19 1.8268e-19 7.89634e-20 3.40732e-20 1.46778e-20 6.31218e-21 2.71008e-21 1.16166e-21 4.97145e-22 2.12424e-22 9.06254e-23 3.86043e-23 1.64199e-23 6.97369e-24 2.9575e-24 1.25247e-24 5.2966e-25 2.23679e-25 9.4332e-26 3.97291e-26 1.67102e-26 7.0192e-27 2.94464e-27 1.23374e-27 5.1626e-28 2.15762e-28 9.00635e-29 3.75489e-29 1.5636e-29 6.50339e-30 2.70176e-30 1.12112e-30 4.64685e-31 1.92387e-31 7.95621e-32 3.28667e-32 1.35622e-32 5.59025e-33 2.30179e-33 9.46745e-34 3.88972e-34 1.59611e-34 6.53875e-35 2.67246e-35 1.08969e-35 4.44554e-36 1.81208e-36 7.38015e-37 3.00324e-37 1.22112e-37 4.96096e-38 2.01382e-38 8.16809e-39 3.31032e-39 1.3405e-39 5.42398e-40 2.19292e-40 8.85895e-41 3.57602e-41 1.44237e-41 5.81324e-42 2.34113e-42 9.42106e-43 3.78831e-43 1.52218e-43 6.11176e-44 2.45215e-44 9.83132e-45 3.93881e-45 1.57693e-45 6.30891e-46 2.5223e-46 1.00773e-46 4.02345e-47 1.60533e-47 6.40101e-48 2.55066e-48 1.01574e-48 4.04239e-49 1.60778e-49 6.39078e-50 2.53876e-50 1.00793e-50 3.99937e-51 1.586e-51 6.28592e-52 2.48996e-52 9.85776e-53 3.90057e-53 1.54257e-53 6.09717e-54 2.40871e-54 9.51075e-55 3.75336e-55 1.48048e-55 5.83663e-56 2.29986e-56 9.05779e-57 3.56553e-57 1.40284e-57 5.51665e-58 2.16834e-58 8.51847e-59 3.34488e-59 1.31276e-59 5.14959e-60 2.01904e-60 7.91232e-61 3.09918e-61 1.21332e-61 4.74774e-62 1.85689e-62 7.25886e-63 2.8362e-63 1.10762e-63 4.32345e-64 1.68677e-64 6.57761e-65 2.56369e-65 9.98737e-66 3.88887e-66 1.5135e-66 5.88751e-67 2.28912e-67 8.89604e-68 3.45553e-68 1.3416e-68 5.20625e-69 2.01939e-69 7.82903e-70 3.03383e-70 1.17509e-70 4.54934e-71 1.76045e-71 6.80925e-72 2.63254e-72 1.01731e-72 3.92948e-73 1.51713e-73 5.85482e-74 2.25847e-74 8.70808e-75 3.35615e-75 1.29292e-75 4.97869e-76 1.91634e-76 7.37305e-77 2.83556e-77 1.09005e-77 4.18869e-78 1.6089e-78 6.17739e-79 2.37085e-79 9.09555e-80 3.48804e-80 1.3371e-80 5.12358e-81 1.96253e-81 7.51434e-82 2.87607e-82 1.10038e-82 4.20847e-83 1.60892e-83 6.14809e-84 2.34702e-84 8.92304e-85 3.317e-85 1.07189e-85 0. 
-2.543e+06 -1.08416e+06 47996.5 -177583. -540313. -671369. -608533. -464083. -315939. -197884. -115990. -64260.4 -33833.1 -16961.4 -8084.52 -3641.74 -1529.17 -580.419 -183.554 -33.6974 13.2723 21.6181 17.9821 12.3009 7.62088 4.43709 2.47276 1.33307 0.69991 0.359559 0.181346 0.0900291 0.0440849 0.0213289 0.0102105 0.00484244 0.00227778 0.00106371 0.000493626 0.000227828 0.000104663 4.78925e-05 2.18436e-05 9.93646e-06 4.51052e-06 2.0442e-06 9.25346e-07 4.18527e-07 1.89193e-07 8.54956e-08 3.8628e-08 1.7451e-08 7.88334e-09 3.56094e-09 1.60826e-09 7.26185e-10 3.27782e-10 1.47881e-10 6.66756e-11 3.00389e-11 1.35208e-11 6.07939e-12 2.73023e-12 1.22453e-12 5.48432e-13 2.45254e-13 1.095e-13 4.88075e-14 2.17173e-14 9.6461e-15 4.27668e-15 1.8926e-15 8.35987e-16 3.68572e-16 1.6219e-16 7.12366e-17 3.12294e-17 1.36649e-17 5.96814e-18 2.60176e-18 1.13213e-18 4.91745e-19 2.13207e-19 9.22775e-20 3.98685e-20 1.71956e-20 7.404e-21 3.18266e-21 1.36584e-21 5.85202e-22 2.50334e-22 1.06919e-22 4.55952e-23 1.94145e-23 8.2544e-24 3.50436e-24 1.48561e-24 6.28904e-25 2.65863e-25 1.12236e-25 4.73175e-26 1.99219e-26 8.37662e-27 3.51759e-27 1.47526e-27 6.17936e-28 2.58512e-28 1.08015e-28 4.50779e-29 1.87899e-29 7.823e-30 3.25324e-30 1.35132e-30 5.60668e-31 2.32362e-31 9.61922e-32 3.97774e-32 1.64308e-32 6.77975e-33 2.79449e-33 1.1506e-33 4.73205e-34 1.94344e-34 7.96373e-35 3.24993e-35 1.31964e-35 5.37914e-36 2.19132e-36 8.92128e-37 3.62966e-37 1.47576e-37 5.99608e-38 2.43454e-38 9.8777e-39 4.00481e-39 1.62253e-39 6.56874e-40 2.65736e-40 1.07422e-40 4.33925e-41 1.7515e-41 7.0645e-42 2.84727e-42 1.14671e-42 4.61483e-43 1.85583e-43 7.45768e-44 2.99469e-44 1.20168e-44 4.81851e-45 1.93077e-45 7.73112e-46 3.09352e-46 1.23699e-46 4.94291e-47 1.97383e-47 7.87675e-48 3.14124e-48 1.25192e-48 4.98623e-49 1.98471e-49 7.89502e-50 3.13866e-50 1.24702e-50 4.9516e-51 1.965e-51 7.79346e-52 3.08924e-52 1.22385e-52 4.84579e-53 1.91762e-53 7.58451e-54 2.99819e-54 1.18458e-54 4.67777e-55 1.84625e-55 7.28314e-56 2.87161e-56 1.13166e-56 4.45743e-57 1.75484e-57 6.9052e-58 2.71581e-58 1.0676e-58 4.19475e-59 1.64737e-59 6.4664e-60 2.53702e-60 9.94885e-61 3.89952e-61 1.5277e-61 5.98213e-62 2.34133e-62 9.15921e-63 3.58132e-63 1.39965e-63 5.46742e-64 2.1347e-64 8.33071e-65 3.2495e-65 1.2669e-65 4.93693e-66 1.92293e-66 7.48619e-67 2.91306e-67 1.133e-67 4.40459e-68 1.71148e-68 6.64711e-69 2.5804e-69 1.00124e-69 3.88315e-70 1.50531e-70 5.83266e-71 2.25894e-71 8.74468e-72 3.38363e-72 1.30865e-72 5.05902e-73 1.95485e-73 7.55031e-74 2.91489e-74 1.12483e-74 4.33872e-75 1.67281e-75 6.44675e-76 2.48341e-76 9.56247e-77 3.6805e-77 1.41599e-77 5.44541e-78 2.09325e-78 8.04326e-79 3.08933e-79 1.1861e-79 4.552e-80 1.74626e-80 6.69644e-81 2.56689e-81 9.8356e-82 3.76726e-82 1.44239e-82 5.52045e-83 2.11201e-83 8.07641e-84 3.0857e-84 1.1746e-84 4.37826e-85 1.42384e-85 0. 
-2.543e+06 -1.10511e+06 -24275.6 -243494. -556868. -648946. -571463. -429256. -290066. -181291. -106470. -59304.2 -31492. -15975.7 -7735.17 -3558.3 -1539. -612.018 -212.156 -53.6933 0.953326 14.6202 14.2401 10.3972 6.69451 4.00507 2.27989 1.25103 0.667016 0.347397 0.177412 0.0890919 0.0440913 0.0215431 0.0104077 0.00497794 0.00235987 0.00110997 0.000518468 0.000240706 0.00011116 5.1101e-05 2.34004e-05 1.06809e-05 4.86217e-06 2.20863e-06 1.00159e-06 4.53634e-07 2.05268e-07 9.28235e-08 4.19574e-08 1.89601e-08 8.5663e-09 3.86975e-09 1.74786e-09 7.89304e-10 3.56335e-10 1.60806e-10 7.25308e-11 3.26935e-11 1.4725e-11 6.62594e-12 2.97835e-12 1.33717e-12 5.99555e-13 2.68445e-13 1.20012e-13 5.35674e-14 2.387e-14 1.06183e-14 4.71505e-15 2.08992e-15 9.24638e-16 4.08323e-16 1.79979e-16 7.91806e-17 3.47694e-17 1.5239e-17 6.66657e-18 2.91097e-18 1.26874e-18 5.51961e-19 2.39695e-19 1.03904e-19 4.49611e-20 1.94216e-20 8.37502e-21 3.60539e-21 1.54951e-21 6.64849e-22 2.84807e-22 1.21812e-22 5.20175e-23 2.2179e-23 9.44233e-24 4.01394e-24 1.70384e-24 7.22209e-25 3.05691e-25 1.29211e-25 5.4541e-26 2.29912e-26 9.67886e-27 4.06931e-27 1.70867e-27 7.16551e-28 3.00119e-28 1.25547e-28 5.24553e-29 2.18904e-29 9.12441e-30 3.79882e-30 1.57976e-30 6.56206e-31 2.7227e-31 1.12843e-31 4.67169e-32 1.93197e-32 7.98098e-33 3.29343e-33 1.3576e-33 5.58963e-34 2.29766e-34 9.41279e-35 3.824e-35 1.53243e-35 6.23133e-36 2.53377e-36 1.03012e-36 4.18691e-37 1.70119e-37 6.90924e-38 2.80481e-38 1.13802e-38 4.61478e-39 1.87023e-39 7.57472e-40 3.0659e-40 1.24011e-40 5.01268e-41 2.02478e-41 8.17304e-42 3.29672e-42 1.32884e-42 5.35246e-43 2.15439e-43 8.66534e-44 3.48287e-44 1.39888e-44 5.61455e-45 2.25188e-45 9.02549e-46 3.61489e-46 1.44684e-46 5.78696e-47 2.31306e-47 9.23915e-48 3.68799e-48 1.47118e-48 5.86486e-49 2.33655e-49 9.30288e-50 3.7016e-50 1.47196e-50 5.84978e-51 2.3234e-51 9.22255e-52 3.6587e-52 1.45062e-52 5.74823e-53 2.27653e-53 9.01099e-54 3.56481e-54 1.4095e-54 5.57013e-55 2.20007e-55 8.68525e-56 3.42692e-56 1.35147e-56 5.32705e-57 2.0987e-57 8.26416e-58 3.25261e-58 1.27953e-58 5.03105e-59 1.97722e-59 7.76677e-60 3.04941e-60 1.19669e-60 4.69397e-61 1.84031e-61 7.2116e-62 2.82466e-62 1.10584e-62 4.32724e-63 1.69248e-63 6.61649e-64 2.58539e-64 1.00976e-64 3.94185e-65 1.53808e-65 5.99858e-66 2.33837e-66 9.11112e-67 3.54833e-67 1.38124e-67 5.37418e-68 2.09001e-68 8.12418e-69 3.15651e-69 1.22583e-69 4.7583e-70 1.84616e-70 7.15956e-71 2.77525e-71 1.07527e-71 4.16421e-72 1.61194e-72 6.2369e-73 2.41208e-73 9.32434e-74 3.60288e-74 1.39152e-74 5.37198e-75 2.07295e-75 7.99563e-76 3.08267e-76 1.188e-76 4.57631e-77 1.7621e-77 6.78206e-78 2.60922e-78 1.00341e-78 3.85712e-79 1.48208e-79 5.69247e-80 2.18552e-80 8.38752e-81 3.21765e-81 1.23388e-81 4.7297e-82 1.81228e-82 6.94144e-83 2.65768e-83 1.0171e-83 3.88947e-84 1.48277e-84 5.5479e-85 1.82324e-85 0. 
-2.543e+06 -1.11215e+06 -170007. -395519. -631356. -653731. -541320. -391515. -258175. -158891. -92510. -51361.3 -27310.9 -13931.7 -6811.78 -3179.84 -1405.13 -577.581 -212.462 -62.685 -7.74394 8.38732 10.3305 8.13371 5.45552 3.35553 1.95122 1.08972 0.589971 0.311512 0.161091 0.0818389 0.0409419 0.0202077 0.00985564 0.00475602 0.00227349 0.00107765 0.000506987 0.00023693 0.000110074 5.08759e-05 2.34097e-05 1.07303e-05 4.90255e-06 2.23388e-06 1.01564e-06 4.60958e-07 2.08924e-07 9.45949e-08 4.27973e-08 1.93521e-08 8.74719e-09 3.9526e-09 1.78563e-09 8.06486e-10 3.64151e-10 1.64368e-10 7.41586e-11 3.34401e-11 1.50689e-11 6.78493e-12 3.05214e-12 1.37152e-12 6.15585e-13 2.75937e-13 1.23516e-13 5.52061e-14 2.46358e-14 1.09757e-14 4.88153e-15 2.1673e-15 9.60508e-16 4.24905e-16 1.8762e-16 8.26912e-17 3.6377e-17 1.59728e-17 7.00042e-18 3.06237e-18 1.33717e-18 5.82795e-19 2.53545e-19 1.10106e-19 4.77301e-20 2.06543e-20 8.92223e-21 3.84762e-21 1.65645e-21 7.11942e-22 3.05492e-22 1.30875e-22 5.59788e-23 2.39065e-23 1.0194e-23 4.34026e-24 1.84521e-24 7.83325e-25 3.32061e-25 1.40566e-25 5.94215e-26 2.5085e-26 1.05755e-26 4.45264e-27 1.87227e-27 7.86256e-28 3.29771e-28 1.3814e-28 5.77961e-29 2.41519e-29 1.00806e-29 4.20256e-30 1.74999e-30 7.27882e-31 3.02409e-31 1.255e-31 5.20252e-32 2.15431e-32 8.91117e-33 3.68209e-33 1.51978e-33 6.26527e-34 2.5778e-34 1.05488e-34 4.23766e-35 1.62679e-35 6.58061e-36 2.66512e-36 1.08024e-36 4.38077e-37 1.77705e-37 7.20915e-38 2.92441e-38 1.18606e-38 4.80892e-39 1.94905e-39 7.896e-40 3.19723e-40 1.29392e-40 5.23344e-41 2.11546e-41 8.54577e-42 3.44997e-42 1.39185e-42 5.61149e-43 2.26083e-43 9.10246e-44 3.66227e-44 1.47245e-44 5.91601e-45 2.37529e-45 9.53024e-46 3.82113e-46 1.53102e-46 6.1302e-47 2.45287e-47 9.80802e-48 3.91922e-48 1.56506e-48 6.24567e-49 2.49084e-49 9.92741e-50 3.95413e-50 1.57397e-50 6.2614e-51 2.48934e-51 9.89088e-52 3.92761e-52 1.55872e-52 6.1824e-53 2.45075e-53 9.70947e-54 3.8446e-54 1.52149e-54 6.01801e-55 2.37905e-55 9.39994e-56 3.7121e-56 1.46518e-56 5.78012e-57 2.27911e-57 8.98202e-58 3.53807e-58 1.39298e-58 5.48163e-59 2.15607e-59 8.47626e-60 3.3307e-60 1.30816e-60 5.1354e-61 2.01503e-61 7.90284e-62 3.09797e-62 1.21385e-62 4.75389e-63 1.86091e-63 7.28113e-64 2.84751e-64 1.11308e-64 4.34897e-65 1.6984e-65 6.62961e-66 2.58662e-66 1.00872e-66 3.93194e-67 1.53193e-67 5.96578e-68 2.32216e-68 9.03468e-69 3.51343e-69 1.36567e-69 5.30592e-70 2.0605e-70 7.99803e-71 3.10308e-71 1.20338e-71 4.66459e-72 1.80728e-72 6.99905e-73 2.70929e-73 1.04828e-73 4.05416e-74 1.56722e-74 6.05575e-75 2.33891e-75 9.02954e-76 3.4844e-76 1.34401e-76 5.18187e-77 1.99703e-77 7.69301e-78 2.96226e-78 1.14017e-78 4.38662e-79 1.68698e-79 6.48503e-80 2.49192e-80 9.5715e-81 3.67494e-81 1.41041e-81 5.41087e-82 2.07499e-82 7.95419e-83 3.04792e-83 1.16742e-83 4.46861e-84 1.70644e-84 6.41749e-85 2.14555e-85 0. 
-2.543e+06 -979597. -383828. -641892. -775631. -698407. -528800. -358396. -224874. -133164. -75272.3 -40880.7 -21402.9 -10810.7 -5260.33 -2455.34 -1090.15 -452.971 -170.157 -52.7077 -8.61896 5.02897 7.26277 5.96885 4.09966 2.56535 1.51312 0.855781 0.46873 0.250214 0.130745 0.0670866 0.0338842 0.0168786 0.00830483 0.00404161 0.00194761 0.000930263 0.00044082 0.000207408 9.69685e-05 4.50801e-05 2.08535e-05 9.60467e-06 4.40709e-06 2.01569e-06 9.19433e-07 4.18446e-07 1.90092e-07 8.62288e-08 3.90698e-08 1.76866e-08 8.00117e-09 3.61771e-09 1.63505e-09 7.38703e-10 3.33624e-10 1.5062e-10 6.79712e-11 3.06583e-11 1.38201e-11 6.22543e-12 2.802e-12 1.25997e-12 5.65965e-13 2.53928e-13 1.13783e-13 5.09148e-14 2.27497e-14 1.01493e-14 4.52059e-15 2.01015e-15 8.92306e-16 3.95398e-16 1.74895e-16 7.72203e-17 3.40322e-17 1.4971e-17 6.57366e-18 2.88114e-18 1.26044e-18 5.50409e-19 2.39916e-19 1.04388e-19 4.53383e-20 1.96569e-20 8.50756e-21 3.67577e-21 1.58545e-21 6.82701e-22 2.93488e-22 1.25964e-22 5.39766e-23 2.3093e-23 9.8647e-24 4.20751e-24 1.79191e-24 7.62017e-25 3.23582e-25 1.3721e-25 5.81001e-26 2.4568e-26 1.03746e-26 4.37517e-27 1.84266e-27 7.75061e-28 3.25591e-28 1.36604e-28 5.72423e-29 2.39575e-29 1.00148e-29 4.1815e-30 1.74386e-30 7.26426e-31 3.02256e-31 1.25623e-31 5.21535e-32 2.16281e-32 8.95949e-33 3.70748e-33 1.5325e-33 6.32671e-34 2.60588e-34 1.06408e-34 4.1628e-35 1.34345e-35 5.38493e-36 2.16575e-36 8.73231e-37 3.52738e-37 1.42675e-37 5.77604e-38 2.3397e-38 9.48037e-39 3.84181e-39 1.55676e-39 6.30703e-40 2.55448e-40 1.03423e-40 4.18544e-41 1.69298e-41 6.84427e-42 2.76538e-42 1.11667e-42 4.50632e-43 1.81737e-43 7.32456e-44 2.95007e-44 1.18738e-44 4.77593e-45 1.91968e-45 7.71089e-46 3.09517e-46 1.24156e-46 4.9769e-47 1.99368e-47 7.98104e-48 3.19282e-48 1.27644e-48 5.09966e-49 2.0361e-49 8.12413e-50 3.23949e-50 1.29093e-50 5.1411e-51 2.04617e-51 8.13883e-52 3.23534e-52 1.28535e-52 5.10347e-53 2.02515e-53 8.0316e-54 3.18347e-54 1.26112e-54 4.99314e-55 1.97585e-55 7.81449e-56 3.08899e-56 1.22041e-56 4.8191e-57 1.90198e-57 7.50278e-58 2.95816e-58 1.16574e-58 4.59165e-59 1.80768e-59 7.11313e-60 2.79762e-60 1.09979e-60 4.32134e-61 1.69715e-61 6.66219e-62 2.614e-62 1.02515e-62 4.01853e-63 1.57449e-63 6.16608e-64 2.41365e-64 9.44353e-65 3.6931e-65 1.44359e-65 5.6402e-66 2.20263e-66 8.59773e-67 3.35447e-67 1.30816e-67 5.09912e-68 1.98668e-68 7.73672e-69 3.01151e-69 1.17168e-69 4.55651e-70 1.77115e-70 6.88139e-71 2.67237e-71 1.03733e-71 4.02476e-72 1.56085e-72 6.05044e-73 2.3443e-73 9.07912e-74 3.51462e-74 1.35993e-74 5.2597e-75 2.03335e-75 7.85725e-76 3.03485e-76 1.17169e-76 4.52168e-77 1.74421e-77 6.72525e-78 2.59199e-78 9.98556e-79 3.84528e-79 1.48013e-79 5.69498e-80 2.1903e-80 8.42043e-81 3.23585e-81 1.24298e-81 4.77274e-82 1.83187e-82 7.0283e-83 2.69546e-83 1.03333e-83 3.95927e-84 1.51466e-84 5.73294e-85 1.97022e-85 0. 
-2.543e+06 -211015. -451209. -863844. -925110. -752862. -523068. -327876. -191156. -105565. -55846.8 -28493.6 -14067.2 -6722.58 -3101.25 -1371.64 -573.75 -220.706 -72.9115 -15.9836 2.87249 7.04564 6.34387 4.55427 2.93679 1.77455 1.02513 0.572531 0.31129 0.165538 0.0863851 0.0443471 0.0224398 0.0112093 0.00553493 0.0027046 0.00130911 0.000628217 0.000299124 0.000141422 6.64359e-05 3.10305e-05 1.44191e-05 6.66955e-06 3.07258e-06 1.41051e-06 6.45549e-07 2.94679e-07 1.34219e-07 6.10218e-08 2.77013e-08 1.25597e-08 5.68889e-09 2.57468e-09 1.16447e-09 5.26358e-10 2.37799e-10 1.0738e-10 4.84634e-11 2.18607e-11 9.85481e-12 4.43947e-12 1.99835e-12 8.98732e-13 4.03795e-13 1.81225e-13 8.12386e-14 3.63706e-14 1.62609e-14 7.25957e-15 3.23608e-15 1.44026e-15 6.39958e-16 2.8388e-16 1.25711e-16 5.55713e-17 2.45223e-17 1.08018e-17 4.74958e-18 2.08464e-18 9.13324e-19 3.99429e-19 1.74372e-19 7.59878e-20 3.30555e-20 1.43544e-20 6.22265e-21 2.69291e-21 1.16342e-21 5.01792e-22 2.16071e-22 9.28892e-23 3.98693e-23 1.70855e-23 7.31045e-24 3.12317e-24 1.33228e-24 5.67482e-25 2.41366e-25 1.02513e-25 4.34779e-26 1.84143e-26 7.78845e-27 3.28975e-27 1.38771e-27 5.84616e-28 2.45972e-28 1.0336e-28 4.33789e-29 1.81833e-29 7.61273e-30 3.1834e-30 1.32963e-30 5.54714e-31 2.31158e-31 9.62182e-32 4.00056e-32 1.66152e-32 6.89313e-33 2.85665e-33 1.18257e-33 4.88941e-34 2.01654e-34 8.21232e-35 3.02096e-35 1.86455e-36 7.84853e-37 3.21131e-37 1.30536e-37 5.28735e-38 2.13646e-38 8.61768e-39 3.47144e-39 1.39693e-39 5.61644e-40 2.25642e-40 9.059e-41 3.63464e-41 1.45738e-41 5.84014e-42 2.33889e-42 9.36131e-43 3.74456e-43 1.49692e-43 5.98044e-44 2.3878e-44 9.52779e-45 3.7994e-45 1.51413e-45 6.03032e-46 2.40016e-46 9.54698e-47 3.79504e-47 1.50762e-47 5.98537e-48 2.37475e-48 9.41611e-49 3.73124e-49 1.47763e-49 5.84802e-50 2.31305e-50 9.14319e-51 3.612e-51 1.42606e-51 5.62689e-52 2.21893e-52 8.74515e-53 3.44461e-53 1.35602e-53 5.33514e-54 2.0979e-54 8.24488e-55 3.23853e-55 1.27139e-55 4.98857e-56 1.95635e-56 7.66819e-57 3.00411e-57 1.1763e-57 4.60368e-58 1.80085e-58 7.04101e-59 2.75159e-59 1.07479e-59 4.1962e-60 1.63752e-60 6.38723e-61 2.49023e-61 9.70433e-62 3.78003e-62 1.47173e-62 5.72749e-63 2.22796e-63 8.66275e-64 3.36676e-64 1.30791e-64 5.07867e-65 1.97121e-65 7.6476e-66 2.9657e-66 1.14958e-66 4.45412e-67 1.72503e-67 6.6779e-68 2.58401e-68 9.99449e-69 3.864e-69 1.49322e-69 5.76797e-70 2.22706e-70 8.59513e-71 3.31576e-71 1.27857e-71 4.92807e-72 1.89863e-72 7.31162e-73 2.81448e-73 1.08292e-73 4.16487e-74 1.60111e-74 6.15248e-75 2.36315e-75 9.0729e-76 3.48187e-76 1.33565e-76 5.12135e-77 1.96286e-77 7.51987e-78 2.87969e-78 1.10229e-78 4.21755e-79 1.61303e-79 6.16654e-80 2.35645e-80 9.00105e-81 3.43674e-81 1.31166e-81 5.00397e-82 1.90823e-82 7.27392e-83 2.77159e-83 1.05563e-83 4.01902e-84 1.52947e-84 5.81738e-85 2.21006e-85 8.35665e-86 3.08268e-86 9.80082e-87 0. 
-2.543e+06 -236034. -43112.8 -593074. -834925. -756883. -552451. -352004. -203464. -108891. -54541.2 -25667.4 -11318.4 -4619.81 -1690.62 -506.2 -78.0709 47.2624 64.5804 51.0645 33.8606 20.5011 11.7245 6.4431 3.43641 1.79013 0.914781 0.459991 0.228133 0.111794 0.0542071 0.0260387 0.0124034 0.00586403 0.00275372 0.00128533 0.000596709 0.000275692 0.000126838 5.81392e-05 2.65651e-05 1.21055e-05 5.5041e-06 2.49804e-06 1.13211e-06 5.12505e-07 2.31823e-07 1.048e-07 4.73585e-08 2.13953e-08 9.66403e-09 4.36444e-09 1.9707e-09 8.89635e-10 4.01479e-10 1.81103e-10 8.16468e-11 3.67827e-11 1.65567e-11 7.44496e-12 3.34386e-12 1.49992e-12 6.71845e-13 3.00467e-13 1.34156e-13 5.97947e-14 2.66027e-14 1.18133e-14 5.23565e-15 2.31585e-15 1.0223e-15 4.50359e-16 1.97994e-16 8.68665e-17 3.80331e-17 1.66182e-17 7.2464e-18 3.15344e-18 1.36956e-18 5.93632e-19 2.56808e-19 1.10883e-19 4.77857e-20 2.05552e-20 8.82572e-21 3.78265e-21 1.61835e-21 6.91188e-22 2.94699e-22 1.25439e-22 5.3306e-23 2.26162e-23 9.58024e-24 4.05192e-24 1.71114e-24 7.21547e-25 3.03815e-25 1.27741e-25 5.36345e-26 2.24884e-26 9.41642e-27 3.93765e-27 1.64446e-27 6.8589e-28 2.8572e-28 1.18875e-28 4.93989e-29 2.05034e-29 8.50015e-30 3.51987e-30 1.45591e-30 6.01533e-31 2.4826e-31 1.02349e-31 4.21501e-32 1.73403e-32 7.12627e-33 2.92567e-33 1.19991e-33 4.91626e-34 2.01227e-34 8.22732e-35 3.35814e-35 1.36443e-35 5.47575e-36 2.33131e-36 9.68738e-37 3.99382e-37 1.63884e-37 6.6988e-38 2.72906e-38 1.10866e-38 4.4931e-39 1.81725e-39 7.33727e-40 2.9581e-40 1.19105e-40 4.79022e-41 1.92458e-41 7.72528e-42 3.09826e-42 1.24157e-42 4.97154e-43 1.98926e-43 7.95395e-44 3.17814e-44 1.26902e-44 5.06375e-45 2.01925e-45 8.04681e-46 3.20461e-46 1.2754e-46 5.07272e-47 2.01632e-47 8.00943e-48 3.17959e-48 1.26144e-48 5.00143e-49 1.98176e-49 7.8477e-50 3.10575e-50 1.22837e-50 4.85542e-51 1.91808e-51 7.57264e-52 2.98795e-52 1.17827e-52 4.64372e-53 1.8291e-53 7.20053e-54 2.833e-54 1.11401e-54 4.37814e-55 1.71971e-55 6.75131e-56 2.64905e-56 1.03888e-56 4.07204e-57 1.59528e-57 6.24656e-58 2.44471e-58 9.56309e-59 3.739e-59 1.46118e-59 5.70744e-60 2.2283e-60 8.69562e-61 3.39176e-61 1.32236e-61 5.15318e-62 2.00726e-62 7.81514e-63 3.04141e-63 1.1831e-63 4.60018e-64 1.78788e-64 6.94562e-65 2.69709e-65 1.04687e-65 4.06164e-66 1.57516e-66 6.10605e-67 2.36598e-67 9.1638e-68 3.54777e-68 1.37294e-68 5.31081e-69 2.05346e-69 7.93646e-70 3.06608e-70 1.18401e-70 4.57028e-71 1.76338e-71 6.80088e-72 2.6218e-72 1.0103e-72 3.89148e-73 1.49829e-73 5.76625e-74 2.21823e-74 8.52972e-75 3.27853e-75 1.25962e-75 4.83745e-76 1.85699e-76 7.12556e-77 2.73303e-77 1.04782e-77 4.01559e-78 1.53825e-78 5.89011e-79 2.25444e-79 8.62527e-80 3.29857e-80 1.26095e-80 4.81828e-81 1.84038e-81 7.02656e-82 2.68164e-82 1.02301e-82 3.90109e-83 1.48701e-83 5.66585e-84 2.15788e-84 8.21392e-85 3.12274e-85 1.18139e-85 4.35955e-86 1.38995e-86 0. 
-2.543e+06 -988812. -11664.3 -325805. -668467. -726068. -594716. -411851. -253898. -143147. -74897.3 -36617.6 -16731.8 -7088.31 -2720.93 -889.278 -195.074 27.2005 73.0532 63.6983 43.7824 26.9228 15.4889 8.51693 4.53054 2.34915 1.19343 0.596204 0.293697 0.142964 0.068882 0.0328946 0.0155874 0.00733611 0.00343206 0.00159717 0.000739827 0.0003413 0.00015689 7.18971e-05 3.28604e-05 1.49848e-05 6.82037e-06 3.09944e-06 1.40671e-06 6.37805e-07 2.88951e-07 1.30825e-07 5.92039e-08 2.67819e-08 1.21112e-08 5.4752e-09 2.47439e-09 1.11782e-09 5.04757e-10 2.278e-10 1.0274e-10 4.63006e-11 2.08468e-11 9.37652e-12 4.21247e-12 1.89004e-12 8.46823e-13 3.7884e-13 1.69207e-13 7.54466e-14 3.35806e-14 1.49189e-14 6.61546e-15 2.92778e-15 1.29318e-15 5.70044e-16 2.50773e-16 1.10096e-16 4.82367e-17 2.10912e-17 9.20338e-18 4.00792e-18 1.74191e-18 7.55568e-19 3.27095e-19 1.4133e-19 6.09498e-20 2.62359e-20 1.12724e-20 4.8345e-21 2.06972e-21 8.84523e-22 3.77364e-22 1.60723e-22 6.83403e-23 2.90114e-23 1.22961e-23 5.20341e-24 2.19858e-24 9.27561e-25 3.90754e-25 1.64375e-25 6.90482e-26 2.89645e-26 1.21335e-26 5.07606e-27 2.12079e-27 8.8493e-28 3.68784e-28 1.53496e-28 6.38107e-29 2.64954e-29 1.09885e-29 4.55201e-30 1.88355e-30 7.78512e-31 3.21424e-31 1.32563e-31 5.46138e-32 2.24765e-32 9.24074e-33 3.79527e-33 1.5572e-33 6.38283e-34 2.6137e-34 1.06921e-34 4.36879e-35 1.7816e-35 7.23524e-36 2.96318e-36 1.21458e-36 4.97913e-37 2.03979e-37 8.34519e-38 3.40822e-38 1.38925e-38 5.65168e-39 2.29478e-39 9.30064e-40 3.76312e-40 1.52021e-40 6.13244e-41 2.47052e-41 9.94061e-42 3.9953e-42 1.6041e-42 6.43411e-43 2.57838e-43 1.03235e-43 4.12996e-44 1.6509e-44 6.59421e-45 2.63198e-45 1.04976e-45 4.18399e-46 1.66645e-46 6.63286e-47 2.63827e-47 1.0487e-47 4.16585e-48 1.65377e-48 6.56104e-49 2.60134e-49 1.03074e-49 4.08164e-50 1.6153e-50 6.38866e-51 2.52525e-51 9.97559e-52 3.93837e-52 1.55396e-52 6.12789e-53 2.41508e-53 9.51271e-54 3.74482e-54 1.47338e-54 5.79373e-55 2.277e-55 8.94402e-56 3.5113e-56 1.37776e-56 5.40319e-57 2.11788e-57 8.29713e-58 3.24888e-58 1.27152e-58 4.97386e-59 1.9447e-59 7.59974e-60 2.96849e-60 1.15896e-60 4.52265e-61 1.76407e-61 6.87763e-62 2.68017e-62 1.04397e-62 4.06462e-63 1.58182e-63 6.15323e-64 2.39253e-64 9.29872e-65 3.61244e-65 1.40278e-65 5.44495e-66 2.11257e-66 8.19306e-67 3.17612e-67 1.23073e-67 4.76704e-68 1.84566e-68 7.14287e-69 2.7632e-69 1.06849e-69 4.13001e-70 1.59569e-70 6.16265e-71 2.37906e-71 9.18043e-72 3.54112e-72 1.36533e-72 5.26206e-73 2.02719e-73 7.80641e-74 3.0049e-74 1.15618e-74 4.44678e-75 1.70956e-75 6.56964e-76 2.5236e-76 9.6899e-77 3.7191e-77 1.42685e-77 5.4719e-78 2.09759e-78 8.03752e-79 3.07855e-79 1.17867e-79 4.51084e-80 1.72563e-80 6.5987e-81 2.52228e-81 9.6372e-82 3.68072e-82 1.4052e-82 5.36251e-83 2.04561e-83 7.80013e-84 2.973e-84 1.13252e-84 4.30888e-85 1.63145e-85 6.02713e-86 1.92705e-86 0. 
-2.543e+06 -1.10189e+06 18434.8 -228374. -602583. -715426. -620278. -449111. -287677. -167929. -90801.9 -45858.6 -21677.4 -9545.25 -3854.14 -1370.13 -377.917 -30.6458 61.9968 67.0416 49.6085 31.6787 18.6404 10.3981 5.58258 2.91133 1.48378 0.742237 0.365599 0.17776 0.0854843 0.0407252 0.0192462 0.00903283 0.00421425 0.00195613 0.000904001 0.000416211 0.000191017 8.74299e-05 3.99268e-05 1.81992e-05 8.28256e-06 3.76469e-06 1.70943e-06 7.75571e-07 3.51648e-07 1.59356e-07 7.21838e-08 3.26849e-08 1.47945e-08 6.6942e-09 3.02778e-09 1.36885e-09 6.18525e-10 2.79313e-10 1.26041e-10 5.6829e-11 2.55986e-11 1.15186e-11 5.17692e-12 2.3237e-12 1.04155e-12 4.66156e-13 2.083e-13 9.29228e-14 4.13806e-14 1.83944e-14 8.16141e-15 3.61424e-15 1.59744e-15 7.04652e-16 3.10214e-16 1.36294e-16 5.9761e-17 2.61508e-17 1.14203e-17 4.97743e-18 2.16505e-18 9.39883e-19 4.07223e-19 1.76097e-19 7.60053e-20 3.2743e-20 1.40795e-20 6.04316e-21 2.58917e-21 1.10736e-21 4.72786e-22 2.01511e-22 8.57445e-23 3.6425e-23 1.54487e-23 6.54182e-24 2.76586e-24 1.16762e-24 4.9218e-25 2.07162e-25 8.70713e-26 3.6545e-26 1.53173e-26 6.41133e-27 2.68002e-27 1.11883e-27 4.66482e-28 1.9425e-28 8.07896e-29 3.35603e-29 1.39246e-29 5.77075e-30 2.38884e-30 9.87769e-31 4.07985e-31 1.6833e-31 6.93774e-32 2.85639e-32 1.17481e-32 4.82701e-33 1.98131e-33 8.12452e-34 3.32828e-34 1.36213e-34 5.56906e-35 2.27412e-35 9.26906e-36 3.77951e-36 1.54183e-36 6.29274e-37 2.56879e-37 1.04844e-37 4.27686e-38 1.74316e-38 7.09702e-39 2.88584e-39 1.17188e-39 4.75211e-40 1.92435e-40 7.78181e-41 3.14265e-41 1.26752e-41 5.10595e-42 2.05443e-42 8.25698e-43 3.31507e-43 1.32962e-43 5.32777e-44 2.13288e-44 8.53112e-45 3.40942e-45 1.36145e-45 5.43228e-46 2.16587e-46 8.62904e-47 3.43541e-47 1.36675e-47 5.43377e-48 2.15883e-48 8.5713e-49 3.40088e-49 1.34851e-49 5.34371e-50 2.1162e-50 8.37535e-51 3.3127e-51 1.30947e-51 5.1731e-52 2.04243e-52 8.0591e-53 3.17814e-53 1.25259e-53 4.93399e-54 1.94241e-54 7.64257e-55 3.00537e-55 1.18118e-55 4.63982e-56 1.82159e-56 7.14775e-57 2.80324e-57 1.09881e-57 4.3049e-58 1.68571e-58 6.59753e-59 2.58086e-59 1.00909e-59 3.94356e-60 1.5404e-60 6.01414e-61 2.34697e-61 9.15456e-62 3.56916e-62 1.3909e-62 5.41788e-63 2.10944e-63 8.20937e-64 3.19346e-64 1.24172e-64 4.82608e-65 1.8749e-65 7.28077e-66 2.82612e-66 1.09653e-66 4.25272e-67 1.64866e-67 6.38873e-68 2.47468e-68 9.58169e-69 3.70841e-69 1.43468e-69 5.54808e-70 2.14464e-70 8.28683e-71 3.2007e-71 1.23574e-71 4.76904e-72 1.83975e-72 7.09432e-73 2.73456e-73 1.05363e-73 4.05799e-74 1.56228e-74 6.01218e-75 2.31275e-75 8.89304e-76 3.41818e-76 1.3133e-76 5.04381e-77 1.93632e-77 7.43051e-78 2.85027e-78 1.09289e-78 4.18883e-79 1.60484e-79 6.14608e-80 2.35282e-80 9.00336e-81 3.44386e-81 1.31678e-81 5.03275e-82 1.92276e-82 7.34293e-83 2.80312e-83 1.06964e-83 4.07992e-84 1.55534e-84 5.92206e-85 2.24403e-85 8.298e-86 2.6571e-86 0. 
-2.543e+06 -1.09267e+06 53167.1 -185343. -577052. -715134. -637891. -473440. -310559. -185660. -102887. -53334.2 -25947. -11817.6 -4985.24 -1895.62 -603.515 -117.876 33.6512 61.1925 50.9205 34.3704 20.9145 11.9369 6.51631 3.44097 1.7704 0.891967 0.441679 0.21556 0.103922 0.0495812 0.0234458 0.0110032 0.00513059 0.00237923 0.00109824 0.000504983 0.000231453 0.000105804 4.82631e-05 2.19778e-05 9.9947e-06 4.54047e-06 2.06103e-06 9.34988e-07 4.23961e-07 1.92172e-07 8.70811e-08 3.94493e-08 1.78662e-08 8.08892e-09 3.66091e-09 1.65614e-09 7.48812e-10 3.38358e-10 1.52777e-10 6.89244e-11 3.10648e-11 1.39861e-11 6.28943e-12 2.82465e-12 1.26681e-12 5.67305e-13 2.53652e-13 1.13225e-13 5.0455e-14 2.24436e-14 9.96521e-15 4.41637e-15 1.95351e-15 8.62427e-16 3.79995e-16 1.67099e-16 7.33342e-17 3.21199e-17 1.40403e-17 6.12517e-18 2.66686e-18 1.15886e-18 5.02589e-19 2.1755e-19 9.39886e-20 4.05296e-20 1.74446e-20 7.4947e-21 3.21412e-21 1.37593e-21 5.87989e-22 2.50839e-22 1.06828e-22 4.54209e-23 1.92804e-23 8.17111e-24 3.45751e-24 1.46075e-24 6.16211e-25 2.59561e-25 1.09174e-25 4.58539e-26 1.92321e-26 8.0553e-27 3.36939e-27 1.4075e-27 5.87197e-28 2.44662e-28 1.01815e-28 4.23177e-29 1.75676e-29 7.28441e-30 3.01699e-30 1.24813e-30 5.15779e-31 2.12908e-31 8.77916e-32 3.61622e-32 1.48801e-32 6.11665e-33 2.51179e-33 1.03044e-33 4.22319e-34 1.72917e-34 7.07322e-35 2.89038e-35 1.17971e-35 4.81107e-36 1.96104e-36 7.99117e-37 3.25579e-37 1.32623e-37 5.40085e-38 2.19848e-38 8.9441e-39 3.63611e-39 1.47696e-39 5.99353e-40 2.42966e-40 9.83854e-41 3.97947e-41 1.60777e-41 6.48819e-42 2.61537e-42 1.05308e-42 4.23564e-43 1.70184e-43 6.83092e-44 2.73912e-44 1.09731e-44 4.39188e-45 1.75625e-45 7.01694e-46 2.80123e-46 1.11738e-46 4.45361e-47 1.77375e-47 7.05913e-48 2.80734e-48 1.11566e-48 4.43064e-49 1.75835e-49 6.97359e-50 2.7639e-50 1.09473e-50 4.33327e-51 1.71417e-51 6.77674e-52 2.67747e-52 1.05722e-52 4.17204e-53 1.64542e-53 6.4856e-54 2.5549e-54 1.00589e-54 3.95808e-55 1.55659e-55 6.11822e-56 2.40347e-56 9.43666e-57 3.7031e-57 1.45239e-57 5.69343e-58 2.23069e-58 8.73542e-59 3.41906e-59 1.33756e-59 5.23003e-60 2.044e-60 7.98453e-61 3.11751e-61 1.21664e-61 4.7458e-62 1.85036e-62 7.21112e-63 2.809e-63 1.09371e-63 4.2566e-64 1.65588e-64 6.4388e-65 2.5026e-65 9.7228e-66 3.77577e-66 1.46566e-66 5.68696e-67 2.20569e-67 8.55121e-68 3.31383e-68 1.28368e-68 4.97052e-69 1.92385e-69 7.44329e-70 2.87861e-70 1.11282e-70 4.30025e-71 1.66107e-71 6.4137e-72 2.47546e-72 9.55058e-73 3.68325e-73 1.41991e-73 5.47162e-74 2.10766e-74 8.11544e-75 3.12357e-75 1.20176e-75 4.62184e-76 1.7768e-76 6.82796e-77 2.62283e-77 1.00711e-77 3.86558e-78 1.48313e-78 5.68815e-79 2.18068e-79 8.35681e-80 3.20124e-80 1.22581e-80 4.69199e-81 1.79523e-81 6.86611e-82 2.62501e-82 1.00318e-82 3.83228e-83 1.4634e-83 5.58582e-84 2.13096e-84 8.1198e-85 3.07924e-85 1.13967e-85 3.65359e-86 0. 
-2.543e+06 -1.07561e+06 75816.9 -164613. -565148. -715011. -647241. -487371. -324657. -197373. -111417. -58959.3 -29368.3 -13758. -6017.59 -2411.83 -845.428 -223.087 -7.81763 47.2614 47.7439 34.7522 22.0732 12.968 7.23251 3.88364 2.02528 1.03169 0.515517 0.25347 0.122935 0.0589332 0.0279715 0.0131633 0.00614963 0.00285526 0.0013188 0.000606484 0.000277909 0.000126976 5.78807e-05 2.63367e-05 1.19672e-05 5.43231e-06 2.46414e-06 1.1172e-06 5.06356e-07 2.2945e-07 1.03957e-07 4.70935e-08 2.13306e-08 9.65962e-09 4.3732e-09 1.97916e-09 8.95289e-10 4.04756e-10 1.82861e-10 8.25457e-11 3.72273e-11 1.67714e-11 7.54698e-12 3.39175e-12 1.52223e-12 6.82181e-13 3.05245e-13 1.36362e-13 6.08139e-14 2.70741e-14 1.20316e-14 5.33694e-15 2.36289e-15 1.04416e-15 4.60521e-16 2.02715e-16 8.90571e-17 3.90478e-17 1.70871e-17 7.46254e-18 3.25276e-18 1.41504e-18 6.14389e-19 2.66245e-19 1.15158e-19 4.97146e-20 2.14222e-20 9.21396e-21 3.95584e-21 1.69533e-21 7.25275e-22 3.0974e-22 1.32054e-22 5.62048e-23 2.38825e-23 1.01317e-23 4.29133e-24 1.81478e-24 7.66279e-25 3.2307e-25 1.36008e-25 5.71746e-26 2.40007e-26 1.00609e-26 4.21171e-27 1.76074e-27 7.35127e-28 3.06527e-28 1.27651e-28 5.30934e-29 2.20561e-29 9.1516e-30 3.79277e-30 1.57006e-30 6.4921e-31 2.68147e-31 1.10634e-31 4.55971e-32 1.87729e-32 7.72103e-33 3.17233e-33 1.30211e-33 5.33939e-34 2.18733e-34 8.95201e-35 3.66024e-35 1.49508e-35 6.10106e-36 2.48763e-36 1.01359e-36 4.12755e-37 1.68e-37 6.83496e-38 2.77953e-38 1.1298e-38 4.58993e-39 1.86358e-39 7.56132e-40 3.06564e-40 1.24191e-40 5.02664e-41 2.03266e-41 8.21173e-42 3.3142e-42 1.33626e-42 5.38228e-43 2.16576e-43 8.70611e-44 3.49635e-44 1.40278e-44 5.62284e-45 2.25177e-45 9.00954e-46 3.60165e-46 1.43857e-46 5.74117e-47 2.28938e-47 9.12207e-48 3.6319e-48 1.44493e-48 5.74437e-49 2.28205e-49 9.05944e-50 3.594e-50 1.42482e-50 5.64488e-51 2.23494e-51 8.84292e-52 3.49665e-52 1.38177e-52 5.45702e-53 2.15383e-53 8.49585e-54 3.34924e-54 1.31957e-54 5.19598e-55 2.04482e-55 8.04267e-56 3.16157e-56 1.24213e-56 4.87746e-57 1.9142e-57 7.50845e-58 2.94364e-58 1.15343e-58 4.51729e-59 1.76824e-59 6.91808e-60 2.70529e-60 1.05737e-60 4.13076e-61 1.61296e-61 6.29518e-62 2.45578e-62 9.5756e-63 3.73201e-63 1.45385e-63 5.6611e-64 2.20337e-64 8.57195e-65 3.33336e-65 1.29567e-65 5.03406e-66 1.95505e-66 7.58947e-67 2.94498e-67 1.14228e-67 4.42874e-68 1.71637e-68 6.64909e-69 2.57476e-69 9.96635e-70 3.85621e-70 1.49146e-70 5.76616e-71 2.22839e-71 8.60841e-72 3.32417e-72 1.28314e-72 4.95099e-73 1.90959e-73 7.36242e-74 2.83746e-74 1.09313e-74 4.20962e-75 1.62049e-75 6.23562e-76 2.39853e-76 9.22235e-77 3.54462e-77 1.36185e-77 5.23024e-78 2.00791e-78 7.70549e-79 2.95588e-79 1.13346e-79 4.34465e-80 1.6647e-80 6.37602e-81 2.44115e-81 9.34268e-82 3.57421e-82 1.36685e-82 5.22508e-83 1.99662e-83 7.62641e-84 2.91149e-84 1.1102e-84 4.21356e-85 1.56102e-85 5.01066e-86 0. 
-2.543e+06 -1.06811e+06 84830.1 -154464. -554655. -707960. -645721. -490509. -330184. -203219. -116370. -62612. -31802.1 -15253.6 -6875.34 -2874.06 -1080.06 -335.094 -57.7223 26.8869 40.4563 32.7693 21.967 13.3601 7.64145 4.18513 2.21813 1.14542 0.579034 0.287556 0.140668 0.0679303 0.0324424 0.0153465 0.00720004 0.00335427 0.0015533 0.000715681 0.000328366 0.000150142 6.84616e-05 3.11497e-05 1.41498e-05 6.41986e-06 2.91032e-06 1.31863e-06 5.97265e-07 2.70484e-07 1.22487e-07 5.54658e-08 2.51161e-08 1.13723e-08 5.14856e-09 2.33034e-09 1.05439e-09 4.7685e-10 2.15525e-10 9.73412e-11 4.39258e-11 1.98022e-11 8.91709e-12 4.01054e-12 1.80138e-12 8.07964e-13 3.61845e-13 1.61794e-13 7.22246e-14 3.21856e-14 1.43176e-14 6.3576e-15 2.81781e-15 1.24656e-15 5.50411e-16 2.42563e-16 1.0669e-16 4.68354e-17 2.05201e-17 8.97297e-18 3.91605e-18 1.70576e-18 7.41567e-19 3.21773e-19 1.39355e-19 6.0239e-20 2.5991e-20 1.11935e-20 4.81193e-21 2.06486e-21 8.84487e-22 3.7821e-22 1.61446e-22 6.87991e-23 2.92695e-23 1.24318e-23 5.27175e-24 2.23196e-24 9.43496e-25 3.98227e-25 1.6783e-25 7.06265e-26 2.96783e-26 1.24535e-26 5.21845e-27 2.18372e-27 9.12581e-28 3.80868e-28 1.58751e-28 6.60862e-29 2.74768e-29 1.14102e-29 4.73259e-30 1.96064e-30 8.11328e-31 3.35356e-31 1.38463e-31 5.7107e-32 2.35278e-32 9.68317e-33 3.98113e-33 1.63514e-33 6.70921e-34 2.75019e-34 1.12625e-34 4.60779e-35 1.88337e-35 7.69076e-36 3.13768e-36 1.27902e-36 5.20969e-37 2.1205e-37 8.62559e-38 3.50657e-38 1.42473e-38 5.78552e-39 2.34806e-39 9.52404e-40 3.8607e-40 1.56395e-40 6.33109e-41 2.561e-41 1.03514e-41 4.18057e-42 1.68695e-42 6.80132e-43 2.73966e-43 1.10258e-43 4.43335e-44 1.78098e-44 7.14817e-45 2.86643e-45 1.14842e-45 4.59709e-46 1.83861e-46 7.34733e-47 2.93365e-47 1.17039e-47 4.66561e-48 1.85842e-48 7.39686e-49 2.94187e-49 1.16918e-49 4.64325e-50 1.84271e-50 7.30784e-51 2.89618e-51 1.14702e-51 4.53971e-52 1.79558e-52 7.09749e-53 2.8037e-53 1.10685e-53 4.36701e-54 1.72194e-54 6.78567e-55 2.67248e-55 1.05192e-55 4.13816e-56 1.62699e-56 6.39327e-57 2.51085e-57 9.8556e-58 3.86645e-58 1.51604e-58 5.94129e-59 2.32716e-59 9.11061e-60 3.56491e-60 1.39422e-60 5.45005e-61 2.12939e-61 8.31569e-62 3.24589e-62 1.26637e-62 4.93839e-63 1.9249e-63 7.49945e-64 2.92048e-64 1.13679e-64 4.42299e-65 1.72011e-65 6.68666e-66 2.5982e-66 1.00913e-66 3.91778e-67 1.52037e-67 5.89759e-68 2.28676e-68 8.86313e-69 3.43381e-69 1.32981e-69 5.14784e-70 1.99199e-70 7.70508e-71 2.97916e-71 1.15144e-71 4.44852e-72 1.71799e-72 6.63219e-73 2.55932e-73 9.87242e-74 3.80676e-74 1.4673e-74 5.65351e-75 2.17746e-75 8.3833e-76 3.22637e-76 1.24122e-76 4.77328e-77 1.83493e-77 7.0511e-78 2.7085e-78 1.04001e-78 3.99188e-79 1.53163e-79 5.87444e-80 2.25223e-80 8.63167e-81 3.30682e-81 1.26638e-81 4.84785e-82 1.85511e-82 7.09621e-83 2.71341e-83 1.03712e-83 3.96208e-84 1.51191e-84 5.743e-85 2.13005e-85 6.84847e-86 0. 
-2.543e+06 -1.07016e+06 79800.6 -153390. -542136. -690515. -630833. -481320. -326223. -202616. -117346. -64008.1 -33051.6 -16175.2 -7479.23 -3236.92 -1283.25 -441.986 -110.692 2.22014 29.7634 28.5521 20.5396 13.0239 7.66954 4.2959 2.31896 1.21623 0.623156 0.31314 0.154787 0.0754401 0.0363225 0.0173044 0.00816875 0.00382564 0.00177943 0.00082285 0.000378629 0.000173508 7.92427e-05 3.60933e-05 1.64052e-05 7.44472e-06 3.3746e-06 1.5285e-06 6.91998e-07 3.13212e-07 1.41753e-07 6.41546e-08 2.90363e-08 1.31422e-08 5.94817e-09 2.69186e-09 1.21795e-09 5.50885e-10 2.4905e-10 1.12525e-10 5.08021e-11 2.29156e-11 1.03262e-11 4.64784e-12 2.08939e-12 9.37991e-13 4.20483e-13 1.88205e-13 8.4104e-14 3.75211e-14 1.67103e-14 7.42884e-15 3.29663e-15 1.46021e-15 6.45574e-16 2.84874e-16 1.25467e-16 5.51534e-17 2.41978e-17 1.0596e-17 4.63094e-18 2.02004e-18 8.79465e-19 3.82163e-19 1.65751e-19 7.1754e-20 3.10047e-20 1.33723e-20 5.75698e-21 2.47399e-21 1.06128e-21 4.5446e-22 1.94272e-22 8.2905e-23 3.532e-23 1.50225e-23 6.37901e-24 2.70438e-24 1.14472e-24 4.83786e-25 2.04149e-25 8.60185e-26 3.61907e-26 1.52046e-26 6.37878e-27 2.67236e-27 1.11805e-27 4.67137e-28 1.9492e-28 8.12284e-29 3.38072e-29 1.40531e-29 5.83453e-30 2.41947e-30 1.00213e-30 4.146e-31 1.71334e-31 7.07253e-32 2.91631e-32 1.20124e-32 4.94275e-33 2.0317e-33 8.3428e-34 3.4224e-34 1.40257e-34 5.74251e-35 2.34889e-35 9.59879e-36 3.91894e-36 1.59856e-36 6.51506e-37 2.65309e-37 1.07957e-37 4.38974e-38 1.78373e-38 7.24338e-39 2.93956e-39 1.19222e-39 4.83246e-40 1.95755e-40 7.92468e-41 3.20603e-41 1.29617e-41 5.2366e-42 2.11408e-42 8.52842e-43 3.43778e-43 1.38466e-43 5.57258e-44 2.24084e-44 9.0034e-45 3.61441e-45 1.44978e-45 5.81039e-46 2.32672e-46 9.3094e-47 3.7217e-47 1.48665e-47 5.93368e-48 2.36644e-48 9.43035e-49 3.75513e-49 1.49415e-49 5.9407e-50 2.36028e-50 9.37082e-51 3.71778e-51 1.47397e-51 5.83975e-52 2.31211e-52 9.1482e-53 3.61726e-53 1.42937e-53 5.64467e-54 2.22772e-54 8.78652e-55 3.46347e-55 1.36442e-55 5.3719e-56 2.11377e-56 8.31263e-57 3.26719e-57 1.28342e-57 5.03877e-58 1.97717e-58 7.75408e-59 3.03939e-59 1.19073e-59 4.66248e-60 1.82472e-60 7.13768e-61 2.79062e-61 1.0905e-61 4.25934e-62 1.66283e-62 6.48848e-63 2.53066e-63 9.86552e-64 3.84419e-64 1.49724e-64 5.8288e-65 2.26815e-65 8.8221e-66 3.42989e-66 1.33291e-66 5.17763e-67 2.01037e-67 7.80256e-68 3.02702e-68 1.17385e-68 4.55021e-69 1.76308e-69 6.82865e-70 2.64376e-70 1.02314e-70 3.95801e-71 1.53055e-71 5.91623e-72 2.28598e-72 8.82943e-73 3.40898e-73 1.31567e-73 5.07581e-74 1.95748e-74 7.54611e-75 2.90793e-75 1.12016e-75 4.31333e-76 1.66028e-76 6.38833e-77 2.45714e-77 9.44732e-78 3.63099e-78 1.39502e-78 5.35761e-79 2.05684e-79 7.89346e-80 3.02812e-80 1.16122e-80 4.45139e-81 1.70575e-81 6.53387e-82 2.50187e-82 9.57628e-83 3.66408e-83 1.4014e-83 5.35732e-84 2.04582e-84 7.77821e-85 2.88903e-85 9.31124e-86 0. 
-2.543e+06 -1.08218e+06 51614.9 -172649. -534529. -665304. -602738. -458981. -311764. -194689. -113689. -62695.9 -32824.3 -16343.3 -7724.17 -3441.92 -1424.03 -528.223 -159.393 -23.5279 16.9318 22.5181 17.8753 11.9345 7.27066 4.1768 2.30097 1.22764 0.638423 0.32506 0.162581 0.0800821 0.038927 0.018705 0.00889784 0.00419554 0.00196318 0.000912525 0.000421743 0.000193974 8.88529e-05 4.05644e-05 1.84692e-05 8.39139e-06 3.80651e-06 1.72472e-06 7.80862e-07 3.53362e-07 1.59866e-07 7.23191e-08 3.27154e-08 1.48003e-08 6.69583e-09 3.02923e-09 1.3703e-09 6.19744e-10 2.80197e-10 1.26622e-10 5.71861e-11 2.58074e-11 1.16362e-11 5.24121e-12 2.35806e-12 1.05957e-12 4.75459e-13 2.13041e-13 9.53114e-14 4.25723e-14 1.89838e-14 8.4506e-15 3.75512e-15 1.66561e-15 7.37436e-16 3.25886e-16 1.43744e-16 6.32832e-17 2.78074e-17 1.21956e-17 5.33845e-18 2.33237e-18 1.01708e-18 4.42677e-19 1.9231e-19 8.33874e-20 3.60905e-20 1.55914e-20 6.72332e-21 2.894e-21 1.24347e-21 5.33345e-22 2.28362e-22 9.76092e-23 4.16506e-23 1.7743e-23 7.54598e-24 3.20405e-24 1.35829e-24 5.74909e-25 2.42961e-25 1.02521e-25 4.31959e-26 1.81733e-26 7.63481e-27 3.20293e-27 1.34182e-27 5.61365e-28 2.34539e-28 9.78618e-29 4.07803e-29 1.69721e-29 7.05476e-30 2.92885e-30 1.21448e-30 5.03009e-31 2.08093e-31 8.59901e-32 3.54941e-32 1.46349e-32 6.02776e-33 2.48009e-33 1.01936e-33 4.18552e-34 1.71687e-34 7.03555e-35 2.88032e-35 1.17806e-35 4.81384e-36 1.96524e-36 8.01583e-37 3.26667e-37 1.33014e-37 5.41177e-38 2.20013e-38 8.93798e-39 3.62848e-39 1.47203e-39 5.96793e-40 2.41797e-40 9.79047e-41 3.96169e-41 1.60206e-41 6.47434e-42 2.61472e-42 1.05526e-42 4.25594e-43 1.71523e-43 6.90769e-44 2.77985e-44 1.11785e-44 4.4917e-45 1.80344e-45 7.23522e-46 2.90041e-46 1.16178e-46 4.6499e-47 1.8596e-47 7.43113e-48 2.96722e-48 1.18388e-48 4.71985e-49 1.88027e-49 7.48485e-50 2.97731e-50 1.18344e-50 4.7006e-51 1.86574e-51 7.40019e-52 2.93315e-52 1.16179e-52 4.59867e-53 1.81906e-53 7.19086e-54 2.84077e-54 1.12154e-54 4.42511e-55 1.74489e-55 6.87617e-56 2.70812e-56 1.06594e-56 4.1932e-57 1.64858e-57 6.47783e-58 2.54394e-58 9.98491e-59 3.91693e-59 1.53573e-59 6.01799e-60 2.35701e-60 9.2267e-61 3.61001e-61 1.41173e-61 5.51794e-62 2.15569e-62 8.41754e-63 3.28529e-63 1.2816e-63 4.99722e-64 1.9476e-64 7.587e-65 2.95421e-65 1.14978e-65 4.47297e-66 1.73934e-66 6.76051e-67 2.62656e-67 1.02002e-67 3.95951e-68 1.53636e-68 5.95885e-69 2.31021e-69 8.95286e-70 3.46812e-70 1.34293e-70 5.19798e-71 2.01115e-71 7.77826e-72 3.00711e-72 1.16211e-72 4.48927e-73 1.73355e-73 6.69162e-74 2.58202e-74 9.95918e-75 3.83993e-75 1.47999e-75 5.70205e-76 2.19604e-76 8.45451e-77 3.25368e-77 1.2517e-77 4.81352e-78 1.8504e-78 7.11064e-79 2.73144e-79 1.04885e-79 4.02603e-80 1.54483e-80 5.92547e-81 2.27199e-81 8.70824e-82 3.33653e-82 1.27791e-82 4.89265e-83 1.8725e-83 7.16302e-84 2.73742e-84 1.04185e-84 3.87716e-85 1.25438e-85 0. 
-2.543e+06 -1.10359e+06 -21574.9 -239965. -552885. -644887. -567656. -425937. -287357. -179210. -104959. -58264.1 -30810.9 -15550.8 -7482.37 -3414.91 -1461.62 -572.493 -193.227 -45.3627 4.1712 15.5673 14.2964 10.1803 6.44991 3.81061 2.14598 1.16616 0.616164 0.318181 0.161174 0.0803107 0.0394517 0.0191406 0.00918546 0.00436588 0.00205765 0.000962618 0.000447436 0.000206815 9.51382e-05 4.35889e-05 1.99041e-05 9.06412e-06 4.11881e-06 1.86853e-06 8.46638e-07 3.83289e-07 1.73427e-07 7.84458e-08 3.54778e-08 1.60444e-08 7.25593e-09 3.28143e-09 1.48394e-09 6.70995e-10 3.03338e-10 1.37085e-10 6.19221e-11 2.79536e-11 1.26097e-11 5.68311e-12 2.55874e-12 1.15073e-12 5.16861e-13 2.3184e-13 1.03842e-13 4.64403e-14 2.07359e-14 9.24335e-15 4.11332e-15 1.82722e-15 8.10239e-16 3.58626e-16 1.58442e-16 6.98695e-17 3.07532e-17 1.35106e-17 5.92433e-18 2.59288e-18 1.13268e-18 4.93869e-19 2.14933e-19 9.33652e-20 4.0482e-20 1.75203e-20 7.5688e-21 3.26384e-21 1.40492e-21 6.03683e-22 2.58944e-22 1.10879e-22 4.73974e-23 2.02268e-23 8.61743e-24 3.66537e-24 1.55653e-24 6.5994e-25 2.79366e-25 1.18079e-25 4.98328e-26 2.09995e-26 8.83623e-27 3.71278e-27 1.55782e-27 6.52724e-28 2.73117e-28 1.14126e-28 4.76267e-29 1.98496e-29 8.26232e-30 3.43487e-30 1.42622e-30 5.91481e-31 2.45009e-31 1.01372e-31 4.18952e-32 1.72951e-32 7.13192e-33 2.9378e-33 1.20887e-33 4.96919e-34 2.04056e-34 8.37099e-35 3.43066e-35 1.40462e-35 5.74545e-36 2.34792e-36 9.58615e-37 3.91034e-37 1.59369e-37 6.48965e-38 2.64047e-38 1.07348e-38 4.36088e-39 1.77024e-39 7.18094e-40 2.91091e-40 1.17919e-40 4.77366e-41 1.93124e-41 7.80804e-42 3.15477e-42 1.27383e-42 5.14011e-43 2.07274e-43 8.3527e-44 3.36365e-44 1.35361e-44 5.4434e-45 2.18743e-45 8.78382e-46 3.52462e-46 1.41325e-46 5.66237e-47 2.267e-47 9.06934e-48 3.62553e-48 1.44823e-48 5.78064e-49 2.30562e-49 9.18915e-50 3.65965e-50 1.45641e-50 5.79178e-51 2.30158e-51 9.13968e-52 3.62685e-52 1.43822e-52 5.69931e-53 2.25697e-53 8.93178e-54 3.53236e-54 1.39607e-54 5.51409e-55 2.17653e-55 8.58591e-56 3.38486e-56 1.33362e-56 5.25126e-57 2.06652e-57 8.12761e-58 3.19476e-58 1.25507e-58 4.9278e-59 1.93375e-59 7.58423e-60 2.97296e-60 1.16476e-60 4.56095e-61 1.78505e-61 6.98267e-62 2.73007e-62 1.06686e-62 4.16705e-63 1.62681e-63 6.34798e-64 2.47586e-64 9.65189e-65 3.76093e-65 1.4648e-65 5.70244e-66 2.21895e-66 8.63059e-67 3.35537e-67 1.30392e-67 5.06491e-68 1.96655e-68 7.6323e-69 2.96089e-69 1.14817e-69 4.45054e-70 1.72441e-70 6.67867e-71 2.58563e-71 1.00062e-71 3.87076e-72 1.49677e-72 5.78553e-73 2.23544e-73 8.63406e-74 3.3335e-74 1.28653e-74 4.96336e-75 1.91411e-75 7.37896e-76 2.84355e-76 1.09538e-76 4.21801e-77 1.62364e-77 6.2476e-78 2.40312e-78 9.24016e-79 3.5516e-79 1.36462e-79 5.24129e-80 2.01237e-80 7.7236e-81 2.96329e-81 1.1365e-81 4.35723e-82 1.6699e-82 6.39757e-83 2.45006e-83 9.37875e-84 3.58699e-84 1.36686e-84 5.10025e-85 1.66045e-85 0. 
-2.543e+06 -1.11119e+06 -168288. -393283. -628850. -651194. -538951. -389452. -256488. -157589. -91556.5 -50697.5 -26870.3 -13652.5 -6642.7 -3082.05 -1351.21 -549.357 -198.555 -56.3399 -5.15907 9.23793 10.4626 8.02026 5.29533 3.21866 1.85292 1.02547 0.550484 0.288316 0.147937 0.0745919 0.0370454 0.0181564 0.00879547 0.00421705 0.0020035 0.000944189 0.000441804 0.000205438 9.50094e-05 4.37331e-05 2.00501e-05 9.1615e-06 4.17463e-06 1.89803e-06 8.61461e-07 3.90477e-07 1.76824e-07 8.00206e-08 3.61975e-08 1.63699e-08 7.40207e-09 3.34678e-09 1.51312e-09 6.84035e-10 3.09182e-10 1.39715e-10 6.31123e-11 2.84956e-11 1.2858e-11 5.79761e-12 2.61182e-12 1.17545e-12 5.28416e-13 2.37254e-13 1.06383e-13 4.76339e-14 2.12964e-14 9.50632e-15 4.23652e-15 1.88483e-15 8.37115e-16 3.71134e-16 1.64246e-16 7.25554e-17 3.19923e-17 1.40805e-17 6.18562e-18 2.71231e-18 1.18709e-18 5.18586e-19 2.26126e-19 9.84182e-20 4.27563e-20 1.85409e-20 8.02547e-21 3.46759e-21 1.49557e-21 6.439e-22 2.76738e-22 1.18731e-22 5.08531e-23 2.17437e-23 9.28165e-24 3.95548e-24 1.68293e-24 7.14886e-25 3.03194e-25 1.28389e-25 5.42834e-26 2.29166e-26 9.66027e-27 4.06623e-27 1.70911e-27 7.17356e-28 3.00673e-28 1.25852e-28 5.26071e-29 2.19611e-29 9.15589e-30 3.81236e-30 1.58542e-30 6.58509e-31 2.73184e-31 1.13197e-31 4.68498e-32 1.9368e-32 7.99791e-33 3.29905e-33 1.35935e-33 5.59519e-34 2.30061e-34 9.44992e-35 3.87771e-35 1.58962e-35 6.51011e-36 2.6636e-36 1.08878e-36 4.44644e-37 1.81422e-37 7.39581e-38 3.01235e-38 1.22591e-38 4.98495e-39 2.02543e-39 8.22323e-40 3.33614e-40 1.35249e-40 5.47924e-41 2.21824e-41 8.97445e-42 3.62845e-42 1.46606e-42 5.91971e-43 2.38874e-43 9.63287e-44 3.88203e-44 1.56342e-44 6.2922e-45 2.53068e-45 1.01712e-45 4.08516e-46 1.63961e-46 6.57604e-47 2.63559e-47 1.05554e-47 4.22435e-48 1.68938e-48 6.7511e-49 2.6959e-49 1.07576e-49 4.28953e-50 1.70917e-50 6.8053e-51 2.70767e-51 1.07655e-51 4.27723e-52 1.69819e-52 6.73762e-53 2.67134e-53 1.05841e-53 4.19072e-54 1.65819e-54 6.55686e-55 2.59105e-55 1.02324e-55 4.03838e-56 1.59282e-56 6.27854e-57 2.47337e-57 9.73777e-58 3.83155e-58 1.50674e-58 5.92178e-59 2.32606e-59 9.1316e-60 3.58289e-60 1.40503e-60 5.50683e-61 2.15719e-61 8.44594e-62 3.30508e-62 1.29269e-62 5.05344e-63 1.97453e-63 7.71125e-64 3.01005e-64 1.17439e-64 4.5798e-65 1.78515e-65 6.95503e-66 2.70847e-66 1.05427e-66 4.10185e-67 1.5952e-67 6.20098e-68 2.40943e-68 9.35793e-69 3.63295e-69 1.40979e-69 5.46847e-70 2.1203e-70 8.21768e-71 3.18363e-71 1.23288e-71 4.77248e-72 1.84669e-72 7.14287e-73 2.76172e-73 1.06738e-73 4.12372e-74 1.59255e-74 6.14795e-75 2.37249e-75 9.15193e-76 3.52906e-76 1.36032e-76 5.24161e-77 2.01896e-77 7.77372e-78 2.99207e-78 1.15121e-78 4.42772e-79 1.70235e-79 6.54271e-80 2.51368e-80 9.65397e-81 3.70634e-81 1.42242e-81 5.45701e-82 2.09279e-82 8.02305e-83 3.07464e-83 1.17779e-83 4.50833e-84 1.72038e-84 6.44334e-85 2.11961e-85 0. 
-2.543e+06 -979097. -382906. -640662. -774223. -696958. -527431. -357195. -223886. -132397. -74706.8 -40483.7 -21136.8 -10640.1 -5155.67 -2393.9 -1055.71 -434.603 -160.908 -48.374 -6.78634 5.67504 7.39787 5.91707 4.00276 2.47676 1.4471 0.811461 0.440893 0.233546 0.121126 0.0617003 0.0309432 0.0153074 0.00748135 0.00361729 0.00173227 0.000822484 0.000387545 0.000181372 8.43759e-05 3.90466e-05 1.79873e-05 8.25362e-06 3.77467e-06 1.72151e-06 7.83348e-07 3.55804e-07 1.61381e-07 7.3119e-08 3.31029e-08 1.49783e-08 6.77474e-09 3.06344e-09 1.38498e-09 6.2604e-10 2.82932e-10 1.27839e-10 5.77442e-11 2.60724e-11 1.17661e-11 5.30651e-12 2.39145e-12 1.0768e-12 4.84375e-13 2.17646e-13 9.76774e-14 4.37797e-14 1.95951e-14 8.7576e-15 3.908e-15 1.74113e-15 7.74445e-16 3.43886e-16 1.52436e-16 6.74522e-17 2.97941e-17 1.31365e-17 5.78154e-18 2.53987e-18 1.11375e-18 4.87487e-19 2.12983e-19 9.28819e-20 4.04321e-20 1.75684e-20 7.62001e-21 3.29913e-21 1.42584e-21 6.15139e-22 2.64921e-22 1.13896e-22 4.88825e-23 2.09441e-23 8.95866e-24 3.82564e-24 1.631e-24 6.94228e-25 2.95025e-25 1.25179e-25 5.30315e-26 2.24322e-26 9.47453e-27 3.99576e-27 1.68271e-27 7.07612e-28 2.97145e-28 1.24606e-28 5.21814e-29 2.18228e-29 9.11448e-30 3.80181e-30 1.58378e-30 6.58956e-31 2.73832e-31 1.13654e-31 4.71164e-32 1.95098e-32 8.06929e-33 3.33373e-33 1.37577e-33 5.67137e-34 2.33544e-34 9.60714e-35 3.94796e-35 1.62074e-35 6.64694e-36 2.72337e-36 1.11474e-36 4.5586e-37 1.86246e-37 7.60234e-38 3.10042e-38 1.26333e-38 5.14332e-39 2.09224e-39 8.50408e-40 3.45386e-40 1.40169e-40 5.68429e-41 2.30351e-41 9.32822e-42 3.77494e-42 1.52662e-42 6.16969e-43 2.4918e-43 1.00573e-43 4.05665e-44 1.63521e-44 6.58716e-45 2.65179e-45 1.06683e-45 4.28905e-46 1.7232e-46 6.91857e-47 2.77587e-47 1.11296e-47 4.45921e-48 1.78538e-48 7.14321e-49 2.85593e-49 1.14101e-49 4.55536e-50 1.81737e-50 7.2452e-51 2.88634e-51 1.14904e-51 4.57105e-52 1.81715e-52 7.2187e-53 2.86568e-53 1.13683e-53 4.50681e-54 1.78546e-54 7.0687e-55 2.79669e-55 1.10577e-55 4.36925e-56 1.72533e-56 6.80873e-57 2.68529e-57 1.0584e-57 4.16915e-58 1.64129e-58 6.45759e-59 2.53924e-59 9.97901e-60 3.91946e-60 1.53859e-60 6.03645e-61 2.36703e-61 9.2767e-62 3.63373e-62 1.42261e-62 5.56663e-63 2.1771e-63 8.51031e-64 3.32503e-64 1.29847e-64 5.06823e-65 1.97729e-65 7.71045e-66 3.00527e-66 1.17081e-66 4.55918e-67 1.77456e-67 6.90396e-68 2.6848e-68 1.0436e-68 4.05478e-69 1.57475e-69 6.11323e-70 2.37217e-70 9.20106e-71 3.56738e-71 1.38255e-71 5.35596e-72 2.07404e-72 8.02828e-73 3.10638e-73 1.20148e-73 4.64523e-74 1.79527e-74 6.9356e-75 2.67838e-75 1.03394e-75 3.98982e-76 1.53904e-76 5.93447e-77 2.28746e-77 8.81382e-78 3.39481e-78 1.30709e-78 5.03083e-79 1.93559e-79 7.44443e-80 2.86214e-80 1.10001e-80 4.22612e-81 1.62306e-81 6.23116e-82 2.39138e-82 9.17432e-83 3.51837e-83 1.34878e-83 5.16738e-84 1.97507e-84 7.43454e-85 2.48776e-85 0. 
-2.543e+06 -210874. -450915. -863392. -924524. -752198. -522401. -327270. -190649. -105169. -55555.3 -28289.5 -13930.8 -6635.37 -3047.82 -1340.3 -556.175 -211.33 -68.1915 -13.7777 3.79701 7.36206 6.39944 4.51604 2.87784 1.72223 0.986409 0.546524 0.29489 0.15566 0.0806451 0.041108 0.0206567 0.0102486 0.00502704 0.00244059 0.00117395 0.000559969 0.000265093 0.000124647 5.82532e-05 2.70773e-05 1.25259e-05 5.7702e-06 2.64844e-06 1.2118e-06 5.53003e-07 2.51807e-07 1.14453e-07 5.19463e-08 2.35498e-08 1.06668e-08 4.82817e-09 2.18426e-09 9.87744e-10 4.46513e-10 2.01783e-10 9.11577e-11 4.11665e-11 1.85829e-11 8.38423e-12 3.78057e-12 1.70354e-12 7.67008e-13 3.45031e-13 1.55053e-13 6.96021e-14 3.12065e-14 1.39737e-14 6.24863e-15 2.7902e-15 1.24404e-15 5.53808e-16 2.46143e-16 1.0922e-16 4.83821e-17 2.13957e-17 9.44529e-18 4.1624e-18 1.83107e-18 8.04073e-19 3.52461e-19 1.54224e-19 6.73623e-20 2.93702e-20 1.27827e-20 5.55356e-21 2.40853e-21 1.04273e-21 4.50645e-22 1.94422e-22 8.37361e-23 3.60032e-23 1.54539e-23 6.62232e-24 2.83313e-24 1.21008e-24 5.16017e-25 2.19695e-25 9.33891e-26 3.96367e-26 1.67971e-26 7.10751e-27 3.00299e-27 1.26693e-27 5.33737e-28 2.24535e-28 9.43261e-29 3.95715e-29 1.65785e-29 6.9363e-30 2.89829e-30 1.20947e-30 5.04079e-31 2.09827e-31 8.72351e-32 3.62242e-32 1.50242e-32 6.22416e-33 2.57557e-33 1.06458e-33 4.39545e-34 1.81284e-34 7.4688e-35 3.0739e-35 1.26381e-35 5.19079e-36 2.12988e-36 8.73074e-37 3.57545e-37 1.46285e-37 5.97954e-38 2.44196e-38 9.96377e-39 4.0619e-39 1.65449e-39 6.73341e-40 2.73813e-40 1.11257e-40 4.51721e-41 1.83267e-41 7.42991e-42 3.01004e-42 1.2186e-42 4.93005e-43 1.99321e-43 8.05319e-44 3.25162e-44 1.31205e-44 5.29079e-45 2.13212e-45 8.58658e-46 3.45579e-46 1.38992e-46 5.58657e-47 2.24394e-47 9.00711e-48 3.61297e-48 1.44826e-48 5.80134e-49 2.32224e-49 9.28931e-50 3.71325e-50 1.48326e-50 5.92071e-51 2.36169e-51 9.4138e-52 3.74973e-52 1.49255e-52 5.93685e-53 2.35982e-53 9.3735e-54 3.72071e-54 1.47589e-54 5.85047e-55 2.31759e-55 9.17479e-56 3.6297e-56 1.43505e-56 5.67001e-57 2.23886e-57 8.83487e-58 3.48423e-58 1.37325e-58 5.40918e-59 2.1294e-59 8.37778e-60 3.2942e-60 1.29457e-60 5.08458e-61 1.99593e-61 7.83063e-62 3.07053e-62 1.20337e-62 4.71362e-63 1.84537e-63 7.22089e-64 2.82407e-64 1.10393e-64 4.31314e-65 1.68435e-65 6.57443e-66 2.56494e-66 1.00021e-66 3.8985e-67 1.51881e-67 5.91442e-68 2.30209e-68 8.95648e-69 3.48305e-69 1.35391e-69 5.26055e-70 2.04308e-70 7.93149e-71 3.0778e-71 1.19383e-71 4.62878e-72 1.79395e-72 6.94991e-73 2.69136e-73 1.04181e-73 4.03122e-74 1.55924e-74 6.02862e-75 2.33e-75 9.00172e-76 3.4764e-76 1.34205e-76 5.17898e-77 1.99782e-77 7.70383e-78 2.96959e-78 1.14426e-78 4.40753e-79 1.69709e-79 6.53218e-80 2.51335e-80 9.66697e-81 3.71682e-81 1.42855e-81 5.48865e-82 2.10804e-82 8.09353e-83 3.10628e-83 1.19174e-83 4.56993e-84 1.74973e-84 6.62827e-85 2.2797e-85 0. 
-2.543e+06 -236259. -43515.6 -593554. -835343. -757131. -552506. -351920. -203316. -108739. -54413.3 -25573.5 -11255.7 -4581.02 -1668.2 -494.083 -71.9835 50.0509 65.6892 51.3896 33.8635 20.4009 11.6136 6.35296 3.37242 1.7482 0.888776 0.44452 0.219232 0.106812 0.0514847 0.0245816 0.0116378 0.00546833 0.00255224 0.00118413 0.000546494 0.000251055 0.000114872 5.23816e-05 2.38176e-05 1.08043e-05 4.89196e-06 2.21177e-06 9.98933e-07 4.50832e-07 2.03373e-07 9.17205e-08 4.13619e-08 1.86526e-08 8.41199e-09 3.79384e-09 1.71103e-09 7.71608e-10 3.47896e-10 1.56804e-10 7.06406e-11 3.18036e-11 1.43073e-11 6.43024e-12 2.88687e-12 1.29449e-12 5.7968e-13 2.59208e-13 1.15728e-13 5.15844e-14 2.29542e-14 1.01963e-14 4.52102e-15 2.00092e-15 8.83914e-16 3.89733e-16 1.71512e-16 7.53338e-17 3.30255e-17 1.44503e-17 6.3106e-18 2.75065e-18 1.19668e-18 5.19636e-19 2.25221e-19 9.74342e-20 4.20741e-20 1.81354e-20 7.80289e-21 3.35126e-21 1.43679e-21 6.14919e-22 2.6272e-22 1.12054e-22 4.77118e-23 2.02816e-23 8.6072e-24 3.64683e-24 1.54267e-24 6.5154e-25 2.74745e-25 1.15678e-25 4.86305e-26 2.04134e-26 8.5562e-27 3.58107e-27 1.49665e-27 6.24619e-28 2.60318e-28 1.08342e-28 4.50302e-29 1.8691e-29 7.7481e-30 3.20773e-30 1.32633e-30 5.47725e-31 2.25914e-31 9.30679e-32 3.82951e-32 1.57392e-32 6.46135e-33 2.64958e-33 1.0853e-33 4.44072e-34 1.81507e-34 7.411e-35 3.02283e-35 1.23171e-35 5.01385e-36 2.03896e-36 8.28376e-37 3.36231e-37 1.36347e-37 5.52402e-38 2.23603e-38 9.0431e-39 3.65411e-39 1.47529e-39 5.95129e-40 2.39878e-40 9.66096e-41 3.88786e-41 1.56339e-41 6.28198e-42 2.52236e-42 1.01206e-42 4.05792e-43 1.62593e-43 6.51044e-44 2.60516e-44 1.04179e-44 4.16344e-45 1.66286e-45 6.63731e-46 2.64769e-46 1.05555e-46 4.20568e-47 1.67469e-47 6.66459e-48 2.65067e-48 1.05361e-48 4.18544e-49 1.66167e-49 6.59301e-50 2.61432e-50 1.03602e-50 4.1031e-51 1.624e-51 6.42374e-52 2.53933e-52 1.00318e-52 3.96061e-53 1.56269e-53 6.16182e-54 2.42813e-54 9.56222e-55 3.76334e-55 1.48018e-55 5.81813e-56 2.2855e-56 8.97246e-57 3.52025e-57 1.38029e-57 5.4088e-58 2.11822e-58 8.29053e-59 3.24292e-59 1.26775e-59 4.95314e-60 1.93409e-60 7.54789e-61 2.94394e-61 1.1476e-61 4.47108e-62 1.74099e-62 6.77558e-63 2.63551e-63 1.0246e-63 3.9812e-64 1.54614e-64 6.00157e-65 2.32841e-65 9.02894e-66 3.49945e-66 1.35565e-66 5.24914e-67 2.03151e-67 7.85859e-68 3.03855e-68 1.17432e-68 4.53634e-69 1.75157e-69 6.76013e-70 2.60788e-70 1.00561e-70 3.87598e-71 1.4933e-71 5.75075e-72 2.2137e-72 8.51784e-73 3.27612e-73 1.25954e-73 4.84045e-74 1.85945e-74 7.14016e-75 2.74068e-75 1.05157e-75 4.03318e-76 1.54628e-76 5.92602e-77 2.27023e-77 8.69388e-78 3.32807e-78 1.27353e-78 4.87152e-79 1.86277e-79 7.12023e-80 2.72064e-80 1.03918e-80 3.96781e-81 1.51445e-81 5.77836e-82 2.20394e-82 8.40308e-83 3.20276e-83 1.22027e-83 4.64764e-84 1.76948e-84 6.73354e-85 2.55949e-85 9.68352e-86 3.57432e-86 1.13707e-86 0. 
-2.543e+06 -989433. -12862.6 -327392. -670088. -727358. -595512. -412211. -253975. -143086. -74795.2 -36522. -16659.3 -7039.69 -2690.97 -872.039 -185.736 31.9668 75.3331 64.7035 44.1745 27.0423 15.5003 8.49405 4.50298 2.32665 1.17761 0.58599 0.287461 0.139311 0.0668099 0.0317503 0.0149696 0.00700896 0.0032618 0.00150991 0.000695712 0.000319274 0.000146015 6.65823e-05 3.02866e-05 1.37488e-05 6.23112e-06 2.8204e-06 1.27535e-06 5.76282e-07 2.60266e-07 1.17504e-07 5.30375e-08 2.39357e-08 1.08007e-08 4.87298e-09 2.19814e-09 9.91295e-10 4.46884e-10 2.01363e-10 9.06792e-11 4.08054e-11 1.83465e-11 8.2406e-12 3.69724e-12 1.65676e-12 7.41408e-13 3.31305e-13 1.4782e-13 6.58477e-14 2.92834e-14 1.30002e-14 5.76118e-15 2.54851e-15 1.12529e-15 4.95947e-16 2.1817e-16 9.57941e-17 4.19824e-17 1.83645e-17 8.01823e-18 3.49436e-18 1.52003e-18 6.59991e-19 2.86042e-19 1.23747e-19 5.34396e-20 2.30366e-20 9.91314e-21 4.25842e-21 1.82616e-21 7.81789e-22 3.34126e-22 1.42564e-22 6.07286e-23 2.58269e-23 1.09662e-23 4.64887e-24 1.96771e-24 8.31572e-25 3.50894e-25 1.47842e-25 6.2197e-26 2.61278e-26 1.09599e-26 4.59077e-27 1.92022e-27 8.02067e-28 3.34558e-28 1.39362e-28 5.79741e-29 2.40853e-29 9.9932e-30 4.14096e-30 1.71375e-30 7.08364e-31 2.92437e-31 1.20583e-31 4.96617e-32 2.04292e-32 8.39422e-33 3.44523e-33 1.41245e-33 5.78432e-34 2.36626e-34 9.6697e-35 3.94737e-35 1.60974e-35 6.55784e-36 2.66891e-36 1.08513e-36 4.40771e-37 1.78869e-37 7.25191e-38 2.93748e-38 1.1888e-38 4.80686e-39 1.94195e-39 7.83871e-40 3.16147e-40 1.27403e-40 5.13001e-41 2.06402e-41 8.29804e-42 3.33355e-42 1.33819e-42 5.36797e-43 2.15177e-43 8.61942e-44 3.45037e-44 1.38027e-44 5.51793e-45 2.20451e-45 8.80186e-46 3.51211e-46 1.40054e-46 5.58167e-47 2.22317e-47 8.84965e-48 3.52066e-48 1.39981e-48 5.5624e-49 2.20904e-49 8.76781e-50 3.47798e-50 1.37882e-50 5.46308e-51 2.16327e-51 8.56107e-52 3.38601e-52 1.33841e-52 5.28728e-53 2.08744e-53 8.23638e-54 3.24786e-54 1.27996e-54 5.04116e-55 1.98428e-55 7.80576e-56 3.06877e-56 1.20574e-56 4.73455e-57 1.858e-57 7.28709e-58 2.85631e-58 1.11892e-58 4.38066e-59 1.71406e-59 6.70288e-60 2.61968e-60 1.02326e-60 3.99465e-61 1.55858e-61 6.07768e-62 2.36868e-62 9.22656e-63 3.59201e-63 1.39767e-63 5.4355e-64 2.11275e-64 8.20785e-65 3.18705e-65 1.23688e-65 4.79785e-66 1.86016e-66 7.2084e-67 2.792e-67 1.08089e-67 4.18255e-68 1.61769e-68 6.25381e-69 2.41653e-69 9.33344e-70 3.60324e-70 1.39043e-70 5.36304e-71 2.06767e-71 7.96824e-72 3.06941e-72 1.18185e-72 4.54867e-73 1.74994e-73 6.7295e-74 2.5868e-74 9.9395e-75 3.8176e-75 1.46569e-75 5.62498e-76 2.15789e-76 8.27497e-77 3.17201e-77 1.21545e-77 4.65556e-78 1.78256e-78 6.82261e-79 2.61033e-79 9.98343e-80 3.81684e-80 1.45871e-80 5.57282e-81 2.12826e-81 8.12488e-82 3.10066e-82 1.18287e-82 4.51091e-83 1.71964e-83 6.55325e-84 2.49638e-84 9.50485e-85 3.61464e-85 1.36798e-85 5.05011e-86 1.61075e-86 0. 
-2.543e+06 -1.10298e+06 16192.1 -231583. -606132. -718501. -622412. -450312. -288203. -168069. -90767.5 -45770.9 -21592.2 -9480.63 -3811.08 -1343.79 -362.793 -22.4097 66.2766 69.1674 50.6156 32.1305 18.8292 10.4689 5.60405 2.91425 1.48103 0.738678 0.362717 0.175779 0.0842374 0.0399832 0.0188223 0.00879804 0.00408744 0.00188906 0.000869162 0.000398392 0.000182028 8.29496e-05 3.77178e-05 1.71205e-05 7.76037e-06 3.51382e-06 1.58972e-06 7.18789e-07 3.24856e-07 1.46772e-07 6.62961e-08 2.99395e-08 1.35181e-08 6.10215e-09 2.75375e-09 1.24224e-09 5.60127e-10 2.52416e-10 1.1367e-10 5.11472e-11 2.29928e-11 1.03254e-11 4.63141e-12 2.07475e-12 9.28164e-13 4.14619e-13 1.84929e-13 8.23495e-14 3.66094e-14 1.62472e-14 7.1978e-15 3.18304e-15 1.40506e-15 6.19088e-16 2.72274e-16 1.19524e-16 5.23719e-17 2.29054e-17 9.99942e-18 4.35727e-18 1.89523e-18 8.22854e-19 3.56619e-19 1.54281e-19 6.66281e-20 2.8724e-20 1.23619e-20 5.31111e-21 2.278e-21 9.75437e-22 4.16995e-22 1.77974e-22 7.58375e-23 3.22643e-23 1.3705e-23 5.81252e-24 2.46141e-24 1.04075e-24 4.394e-25 1.85239e-25 7.79776e-26 3.27779e-26 1.37586e-26 5.7671e-27 2.41399e-27 1.00906e-27 4.21224e-28 1.75601e-28 7.31081e-29 3.03976e-29 1.26227e-29 5.23498e-30 2.16837e-30 8.97049e-31 3.70654e-31 1.52968e-31 6.30545e-32 2.59612e-32 1.06766e-32 4.38583e-33 1.79963e-33 7.37627e-34 3.02008e-34 1.2352e-34 5.04655e-35 2.05966e-35 8.39743e-36 3.42023e-36 1.39167e-36 5.65709e-37 2.29739e-37 9.3211e-38 3.77831e-38 1.53015e-38 6.19131e-39 2.50293e-39 1.01098e-39 4.08004e-40 1.64522e-40 6.62872e-41 2.66861e-41 1.07348e-41 4.31489e-42 1.73306e-42 6.95555e-43 2.78953e-43 1.11794e-43 4.47715e-44 1.79178e-44 7.16594e-45 2.86401e-45 1.14391e-45 4.56599e-46 1.8214e-46 7.26116e-47 2.89297e-47 1.15192e-47 4.584e-48 1.82311e-48 7.24652e-49 2.8787e-49 1.14292e-49 4.53511e-50 1.79851e-50 7.1284e-51 2.82375e-51 1.11793e-51 4.42338e-52 1.74924e-52 6.91345e-53 2.73082e-53 1.07806e-53 4.25347e-54 1.67723e-54 6.60987e-55 2.6034e-55 1.0248e-55 4.03165e-56 1.58517e-56 6.22899e-57 2.44629e-57 9.60164e-58 3.76645e-58 1.47662e-58 5.78573e-59 2.26567e-59 8.86726e-60 3.46845e-60 1.35593e-60 5.29778e-61 2.06875e-61 8.07391e-62 3.14935e-62 1.22778e-62 4.78393e-63 1.86301e-63 7.2513e-64 2.82089e-64 1.09681e-64 4.26233e-65 1.65555e-65 6.42711e-66 2.49385e-66 9.67178e-67 3.74911e-67 1.45257e-67 5.62515e-68 2.17732e-68 8.42373e-69 3.25748e-69 1.25908e-69 4.86438e-70 1.87846e-70 7.25066e-71 2.79743e-71 1.07881e-71 4.15856e-72 1.60232e-72 6.17118e-73 2.37575e-73 9.14217e-74 3.51653e-74 1.35207e-74 5.19643e-75 1.99634e-75 7.6663e-76 2.94282e-76 1.12919e-76 4.33113e-77 1.6606e-77 6.36442e-78 2.4383e-78 9.33788e-79 3.57475e-79 1.36798e-79 5.233e-80 2.00107e-80 7.64913e-81 2.92283e-81 1.11645e-81 4.263e-82 1.62718e-82 6.20873e-83 2.36818e-83 9.02964e-84 3.44161e-84 1.31109e-84 4.98879e-85 1.88918e-85 6.98073e-86 2.23243e-86 0. 
-2.543e+06 -1.09426e+06 49635.8 -190919. -583787. -721401. -642572. -476344. -312067. -186291. -103060. -53312.8 -25868.1 -11739.8 -4926.5 -1856.77 -579.867 -104.32 41.0631 65.0878 52.8971 35.3411 21.376 12.1489 6.61009 3.48055 1.78609 0.897603 0.443352 0.21582 0.103769 0.0493701 0.0232774 0.0108905 0.00506168 0.0023394 0.00107611 0.00049305 0.000225167 0.000102557 4.66118e-05 2.11497e-05 9.5842e-06 4.33905e-06 1.96307e-06 8.87708e-07 4.01293e-07 1.81365e-07 8.19545e-08 3.70274e-08 1.67261e-08 7.55386e-09 3.41044e-09 1.53914e-09 6.94272e-10 3.12976e-10 1.40984e-10 6.34533e-11 2.85307e-11 1.28143e-11 5.74847e-12 2.57538e-12 1.15219e-12 5.14707e-13 2.29573e-13 1.02229e-13 4.54466e-14 2.01687e-14 8.93492e-15 3.95116e-15 1.7441e-15 7.68459e-16 3.37965e-16 1.48362e-16 6.50084e-17 2.84327e-17 1.24128e-17 5.40915e-18 2.3529e-18 1.02164e-18 4.4281e-19 1.91591e-19 8.27513e-20 3.56802e-20 1.53582e-20 6.5997e-21 2.83131e-21 1.21266e-21 5.18544e-22 2.2138e-22 9.43642e-23 4.01605e-23 1.70656e-23 7.24077e-24 3.06758e-24 1.29766e-24 5.48141e-25 2.31203e-25 9.73812e-26 4.09583e-26 1.72029e-26 7.21545e-27 3.02226e-27 1.2642e-27 5.28106e-28 2.2032e-28 9.17959e-29 3.81974e-29 1.58742e-29 6.58883e-30 2.7314e-30 1.13092e-30 4.67683e-31 1.93177e-31 7.9698e-32 3.28424e-32 1.35184e-32 5.55805e-33 2.28263e-33 9.36421e-34 3.83738e-34 1.57083e-34 6.42333e-35 2.62376e-35 1.07059e-35 4.36386e-36 1.777e-36 7.229e-37 2.93797e-37 1.1929e-37 4.83899e-38 1.96113e-38 7.9408e-39 3.21246e-39 1.29847e-39 5.24385e-40 2.11594e-40 8.53088e-41 3.43661e-41 1.3833e-41 5.56364e-42 2.23596e-42 8.9792e-43 3.60317e-43 1.44482e-43 5.7893e-44 2.31809e-44 9.2754e-45 3.70884e-45 1.48201e-45 5.91808e-46 2.36172e-46 9.41891e-47 3.75407e-47 1.49533e-47 5.95265e-48 2.36824e-48 9.4164e-49 3.74191e-49 1.48612e-49 5.89882e-50 2.34009e-50 9.27808e-51 3.67656e-51 1.45608e-51 5.7635e-52 2.28007e-52 9.01512e-53 3.5625e-53 1.40702e-53 5.55397e-54 2.19113e-54 8.63956e-55 3.40467e-55 1.34096e-55 5.27857e-56 2.0767e-56 8.16563e-57 3.20895e-57 1.26036e-57 4.94746e-58 1.94101e-58 7.61081e-59 2.98259e-59 1.16819e-59 4.57291e-60 1.78909e-60 6.99572e-61 2.73397e-61 1.06787e-61 4.16877e-62 1.62653e-62 6.34281e-63 2.47212e-63 9.63003e-64 3.74935e-64 1.459e-64 5.67455e-65 2.20588e-65 8.57058e-66 3.32827e-66 1.29183e-66 5.01162e-67 1.94328e-67 7.53144e-68 2.91749e-68 1.12962e-68 4.37165e-69 1.69104e-69 6.5382e-70 2.52674e-70 9.76028e-71 3.76848e-71 1.45436e-71 5.61028e-72 2.16324e-72 8.33742e-73 3.21196e-73 1.23686e-73 4.76087e-74 1.83175e-74 7.04475e-75 2.70821e-75 1.04069e-75 3.99744e-76 1.53485e-76 5.89082e-77 2.26002e-77 8.6672e-78 3.32257e-78 1.27321e-78 4.8771e-79 1.86748e-79 7.148e-80 2.73496e-80 1.04606e-80 3.99943e-81 1.52856e-81 5.83992e-82 2.23036e-82 8.51501e-83 3.24967e-83 1.23976e-83 4.72792e-84 1.80213e-84 6.86114e-85 2.59984e-85 9.61438e-86 3.07898e-86 0. 
-2.543e+06 -1.0774e+06 71285.2 -173030. -576643. -726594. -656475. -493512. -328163. -199095. -112119. -59160.2 -29364. -13692.9 -5950.67 -2361.02 -811.809 -202.631 3.92134 53.7043 51.155 36.5041 22.9493 13.3956 7.43651 3.97882 2.06869 1.05102 0.5239 0.256994 0.12436 0.0594803 0.0281654 0.0132228 0.00616216 0.00285375 0.00131461 0.000602906 0.000275496 0.000125515 5.70495e-05 2.58832e-05 1.17272e-05 5.30812e-06 2.40102e-06 1.08558e-06 4.90699e-07 2.21771e-07 1.00221e-07 4.52874e-08 2.04623e-08 9.24403e-09 4.17503e-09 1.88497e-09 8.50635e-10 3.83637e-10 1.72894e-10 7.78509e-11 3.50202e-11 1.57359e-11 7.06211e-12 3.1652e-12 1.41662e-12 6.3307e-13 2.82466e-13 1.25826e-13 5.59548e-14 2.484e-14 1.10077e-14 4.86919e-15 2.14994e-15 9.47541e-16 4.16839e-16 1.83035e-16 8.0223e-17 3.50964e-17 1.5326e-17 6.68041e-18 2.90664e-18 1.26241e-18 5.47319e-19 2.36874e-19 1.02339e-19 4.41385e-20 1.90047e-20 8.16918e-21 3.50574e-21 1.50202e-21 6.42499e-22 2.74399e-22 1.17008e-22 4.98171e-23 2.11779e-23 8.98947e-24 3.81016e-24 1.61257e-24 6.815e-25 2.87605e-25 1.21203e-25 5.1007e-26 2.14362e-26 8.9966e-27 3.77074e-27 1.57833e-27 6.59784e-28 2.7545e-28 1.14849e-28 4.78261e-29 1.98911e-29 8.26256e-30 3.428e-30 1.4205e-30 5.87928e-31 2.43049e-31 1.00359e-31 4.13925e-32 1.70526e-32 7.01732e-33 2.88449e-33 1.18438e-33 4.85781e-34 1.99031e-34 8.14573e-35 3.3301e-35 1.35985e-35 5.54693e-36 2.26046e-36 9.20259e-37 3.74284e-37 1.52082e-37 6.17372e-38 2.50389e-38 1.01459e-38 4.10748e-39 1.66142e-39 6.71442e-40 2.71123e-40 1.09386e-40 4.40956e-41 1.77614e-41 7.14843e-42 2.87476e-42 1.1552e-42 4.63852e-43 1.86113e-43 7.46194e-44 2.9896e-44 1.19692e-44 4.78861e-45 1.91451e-45 7.6491e-46 3.05404e-46 1.21859e-46 4.85914e-47 1.93637e-47 7.71168e-48 3.06933e-48 1.2209e-48 4.85352e-49 1.92833e-49 7.65697e-50 3.03868e-50 1.20523e-50 4.77762e-51 1.89284e-51 7.49511e-52 2.96623e-52 1.17327e-52 4.63826e-53 1.83265e-53 7.23717e-54 2.85644e-54 1.12681e-54 4.44264e-55 1.75065e-55 6.89485e-56 2.71404e-56 1.06776e-56 4.19856e-57 1.65003e-57 6.4811e-58 2.54432e-58 9.98297e-59 3.91484e-59 1.53438e-59 6.01064e-60 2.35328e-60 9.20857e-61 3.60146e-61 1.40777e-61 5.49989e-62 2.14756e-62 8.3812e-63 3.26917e-63 1.27451e-63 4.96613e-64 1.93405e-64 7.52826e-65 2.92885e-65 1.13888e-65 4.42626e-66 1.7194e-66 6.67575e-67 2.59064e-67 1.00485e-67 3.89564e-68 1.50955e-68 5.84663e-69 2.26337e-69 8.75791e-70 3.3872e-70 1.30942e-70 5.05958e-71 1.95412e-71 7.54381e-72 2.91095e-72 1.12275e-72 4.32853e-73 1.66804e-73 6.42517e-74 2.47386e-74 9.52092e-75 3.66268e-75 1.40844e-75 5.41371e-76 2.08005e-76 7.98865e-77 3.06689e-77 1.17692e-77 4.51467e-78 1.73114e-78 6.6354e-79 2.54234e-79 9.73719e-80 3.72793e-80 1.42671e-80 5.45812e-81 2.08731e-81 7.9794e-82 3.04926e-82 1.16482e-82 4.44801e-83 1.69791e-83 6.47885e-84 2.47095e-84 9.41316e-85 3.56924e-85 1.32105e-85 4.23578e-86 0. 
-2.543e+06 -1.06898e+06 81327.7 -164556. -571885. -727282. -662235. -502193. -337331. -207072. -118200. -63354.4 -32029.9 -15272.9 -6829.95 -2821.98 -1039.36 -307.848 -41.0315 36.5174 45.7725 35.6035 23.4355 14.1028 8.00927 4.36389 2.30353 1.18558 0.597631 0.296043 0.144485 0.0696222 0.033181 0.0156637 0.00733388 0.00340962 0.00157566 0.000724454 0.000331679 0.000151327 6.88495e-05 3.12564e-05 1.41664e-05 6.41297e-06 2.90069e-06 1.31134e-06 5.92649e-07 2.67806e-07 1.2101e-07 5.46787e-08 2.47062e-08 1.11625e-08 5.04252e-09 2.27729e-09 1.02805e-09 4.63858e-10 2.09152e-10 9.42292e-11 4.24128e-11 1.90695e-11 8.56371e-12 3.84073e-12 1.7201e-12 7.69202e-13 3.43433e-13 1.53084e-13 6.81208e-14 3.02601e-14 1.3418e-14 5.93903e-15 2.6239e-15 1.15711e-15 5.09327e-16 2.23774e-16 9.81329e-17 4.29551e-17 1.87678e-17 8.18493e-18 3.5631e-18 1.54831e-18 6.71605e-19 2.90807e-19 1.25701e-19 5.4241e-20 2.33658e-20 1.00486e-20 4.31435e-21 1.84935e-21 7.91457e-22 3.38181e-22 1.44277e-22 6.14578e-23 2.61398e-23 1.11014e-23 4.7078e-24 1.99356e-24 8.42982e-25 3.55956e-25 1.50096e-25 6.32042e-26 2.65787e-26 1.1162e-26 4.68137e-27 1.96082e-27 8.20243e-28 3.42683e-28 1.42986e-28 5.95875e-29 2.48016e-29 1.03104e-29 4.28102e-30 1.77542e-30 7.35435e-31 3.04284e-31 1.25752e-31 5.19104e-32 2.14045e-32 8.81597e-33 3.62708e-33 1.49063e-33 6.11945e-34 2.50948e-34 1.02795e-34 4.20579e-35 1.71859e-35 7.01411e-36 2.86023e-36 1.16521e-36 4.74226e-37 1.92822e-37 7.83294e-38 3.17903e-38 1.28906e-38 5.22235e-39 2.11387e-39 8.54902e-40 3.45449e-40 1.39472e-40 5.62644e-41 2.2679e-41 9.13408e-42 3.67588e-42 1.47815e-42 5.93936e-43 2.38469e-43 9.56749e-44 3.8357e-44 1.53665e-44 6.15173e-45 2.46101e-45 9.83849e-46 3.93051e-46 1.5692e-46 6.26069e-47 2.49623e-47 9.94653e-48 3.96083e-48 1.57628e-48 6.26929e-49 2.49198e-49 9.89954e-50 3.93037e-50 1.55957e-50 6.18487e-51 2.4514e-51 9.71088e-52 3.84473e-52 1.52138e-52 6.01694e-53 2.37839e-53 9.39633e-54 3.71027e-54 1.46428e-54 5.77582e-55 2.27707e-55 8.97247e-56 3.53363e-56 1.39093e-56 5.47218e-57 2.15174e-57 8.45654e-58 3.32177e-58 1.30412e-58 5.11731e-59 2.00696e-59 7.86696e-60 3.08212e-60 1.20688e-60 4.72339e-61 1.84763e-61 7.22358e-62 2.82269e-62 1.10242e-62 4.30336e-63 1.67897e-63 6.5472e-64 2.55179e-64 9.94059e-65 3.87042e-65 1.50621e-65 5.85856e-66 2.27761e-66 8.85017e-67 3.43722e-67 1.33429e-67 5.177e-68 2.00768e-68 7.78219e-69 3.01509e-69 1.16759e-69 4.51934e-70 1.74846e-70 6.76134e-71 2.61342e-71 1.00968e-71 3.8991e-72 1.50503e-72 5.80675e-73 2.23937e-73 8.63235e-74 3.32614e-74 1.28105e-74 4.93175e-75 1.89781e-75 7.29997e-76 2.80677e-76 1.07873e-76 4.14418e-77 1.59143e-77 6.10886e-78 2.34401e-78 8.99051e-79 3.44698e-79 1.32106e-79 5.06102e-80 1.93814e-80 7.41939e-81 2.83913e-81 1.08603e-81 4.15272e-82 1.58732e-82 6.06506e-83 2.31658e-83 8.84485e-84 3.37536e-84 1.28668e-84 4.88242e-85 1.80897e-85 5.80938e-86 0. 
-2.543e+06 -1.0675e+06 83434.4 -159381. -563073. -718741. -657229. -501242. -339168. -210089. -121232. -65823.9 -33796.3 -16422.2 -7522.96 -3213.37 -1247.51 -412.222 -90.2118 14.9658 37.2003 32.6957 22.7681 14.1889 8.2644 4.59361 2.46539 1.28716 0.657037 0.329126 0.162244 0.0788822 0.0378959 0.0180171 0.00848879 0.0039682 0.00184245 0.000850506 0.000390681 0.000178725 8.14868e-05 3.70525e-05 1.68126e-05 7.61668e-06 3.4467e-06 1.55851e-06 7.04385e-07 3.18275e-07 1.43797e-07 6.49667e-08 2.93519e-08 1.3261e-08 5.99081e-09 2.70595e-09 1.22188e-09 5.51506e-10 2.48785e-10 1.12146e-10 5.05092e-11 2.27257e-11 1.02134e-11 4.58432e-12 2.05487e-12 9.19717e-13 4.11006e-13 1.83373e-13 8.16745e-14 3.63145e-14 1.61175e-14 7.14046e-15 3.15757e-15 1.39371e-15 6.14016e-16 2.70005e-16 1.18509e-16 5.19178e-17 2.27025e-17 9.90897e-18 4.31705e-18 1.8774e-18 8.14976e-19 3.53152e-19 1.52763e-19 6.5966e-20 2.84369e-20 1.2238e-20 5.25802e-21 2.25539e-21 9.65882e-22 4.12988e-22 1.76308e-22 7.51521e-23 3.19854e-23 1.3593e-23 5.76822e-24 2.44422e-24 1.03424e-24 4.37008e-25 1.84399e-25 7.77022e-26 3.26982e-26 1.37416e-26 5.76742e-27 2.41748e-27 1.01202e-27 4.23123e-28 1.76686e-28 7.36888e-29 3.06953e-29 1.27708e-29 5.30698e-30 2.20275e-30 9.13221e-31 3.78169e-31 1.56423e-31 6.46286e-32 2.66725e-32 1.09957e-32 4.52802e-33 1.86261e-33 7.65363e-34 3.14151e-34 1.28797e-34 5.27344e-35 2.15572e-35 8.79913e-36 3.58972e-36 1.46308e-36 5.95762e-37 2.4237e-37 9.85132e-38 4.00059e-38 1.6232e-38 6.58031e-39 2.66531e-39 1.07865e-39 4.36167e-40 1.76224e-40 7.11411e-41 2.86963e-41 1.1566e-41 4.65799e-42 1.87445e-42 7.53727e-43 3.02847e-43 1.21592e-43 4.87827e-44 1.95572e-44 7.83492e-45 3.13655e-45 1.25478e-45 5.01624e-46 2.00399e-46 8.00054e-47 3.19196e-47 1.27266e-47 5.07094e-48 2.01926e-48 8.03572e-49 3.1959e-49 1.27028e-49 5.04602e-50 2.0033e-50 7.9486e-51 3.15203e-51 1.24924e-51 4.94837e-52 1.95903e-52 7.75146e-53 3.06545e-53 1.21164e-53 4.78656e-54 1.88993e-54 7.45837e-55 2.94182e-55 1.15975e-55 4.56974e-56 1.79968e-56 7.08399e-57 2.78701e-57 1.09592e-57 4.30723e-58 1.69199e-58 6.64317e-59 2.60695e-59 1.02252e-59 4.00855e-60 1.57066e-60 6.15119e-61 2.40777e-61 9.41997e-62 3.68353e-62 1.43966e-62 5.62386e-63 2.19579e-63 8.56892e-64 3.34229e-64 1.30299e-64 5.0772e-65 1.97737e-65 7.69726e-66 2.9948e-66 1.16462e-66 4.52676e-67 1.75864e-67 6.82898e-68 2.65047e-68 1.0282e-68 3.98682e-69 1.54514e-69 5.98552e-70 2.31756e-70 8.96925e-71 3.4696e-71 1.34153e-71 5.1847e-72 2.00285e-72 7.73348e-73 2.98475e-73 1.15145e-73 4.44009e-74 1.71138e-74 6.59347e-75 2.53917e-75 9.77428e-76 3.7609e-76 1.44649e-76 5.56108e-77 2.13708e-77 8.20928e-78 3.15218e-78 1.20988e-78 4.64193e-79 1.78025e-79 6.82486e-80 2.61538e-80 1.00186e-80 3.83632e-81 1.46844e-81 5.61863e-82 2.14903e-82 8.21659e-83 3.14036e-83 1.19977e-83 4.5815e-84 1.74766e-84 6.63744e-85 2.46262e-85 7.92747e-86 0. 
-2.543e+06 -1.07185e+06 76097.2 -159229. -549687. -698953. -639214. -488856. -332439. -207367. -120739. -66284.6 -34494.2 -17041.1 -7972.39 -3503.35 -1419.4 -507.328 -139.71 -9.31335 26.0175 27.9152 20.9239 13.5932 8.14695 4.62874 2.52941 1.34113 0.693962 0.351884 0.175385 0.0861302 0.0417571 0.020018 0.00950245 0.00447204 0.00208885 0.000969335 0.000447302 0.000205425 9.39649e-05 4.28396e-05 1.94792e-05 8.83879e-06 4.00435e-06 1.81208e-06 8.19379e-07 3.70325e-07 1.67326e-07 7.55949e-08 3.41512e-08 1.54282e-08 6.96961e-09 3.14818e-09 1.42176e-09 6.41878e-10 2.89655e-10 1.30632e-10 5.88692e-11 2.65055e-11 1.19215e-11 5.35572e-12 2.40292e-12 1.07659e-12 4.81623e-13 2.15117e-13 9.59226e-14 4.26991e-14 1.89735e-14 8.4157e-15 3.72592e-15 1.64652e-15 7.2625e-16 3.19732e-16 1.40497e-16 6.16211e-17 2.6976e-17 1.17873e-17 5.14098e-18 2.23811e-18 9.72585e-19 4.21885e-19 1.8268e-19 7.89634e-20 3.40732e-20 1.46778e-20 6.31218e-21 2.71008e-21 1.16166e-21 4.97145e-22 2.12424e-22 9.06254e-23 3.86043e-23 1.64199e-23 6.97369e-24 2.9575e-24 1.25247e-24 5.2966e-25 2.23679e-25 9.4332e-26 3.97291e-26 1.67102e-26 7.0192e-27 2.94464e-27 1.23374e-27 5.1626e-28 2.15762e-28 9.00635e-29 3.75489e-29 1.5636e-29 6.50339e-30 2.70176e-30 1.12112e-30 4.64685e-31 1.92387e-31 7.95621e-32 3.28667e-32 1.35622e-32 5.59025e-33 2.30179e-33 9.46745e-34 3.88972e-34 1.59611e-34 6.53875e-35 2.67246e-35 1.08969e-35 4.44554e-36 1.81208e-36 7.38015e-37 3.00324e-37 1.22112e-37 4.96096e-38 2.01382e-38 8.16809e-39 3.31032e-39 1.3405e-39 5.42398e-40 2.19292e-40 8.85895e-41 3.57602e-41 1.44237e-41 5.81324e-42 2.34113e-42 9.42106e-43 3.78831e-43 1.52218e-43 6.11176e-44 2.45215e-44 9.83132e-45 3.93881e-45 1.57693e-45 6.30891e-46 2.5223e-46 1.00773e-46 4.02345e-47 1.60533e-47 6.40101e-48 2.55066e-48 1.01574e-48 4.04239e-49 1.60778e-49 6.39078e-50 2.53876e-50 1.00793e-50 3.99937e-51 1.586e-51 6.28592e-52 2.48996e-52 9.85776e-53 3.90057e-53 1.54257e-53 6.09717e-54 2.40871e-54 9.51075e-55 3.75336e-55 1.48048e-55 5.83663e-56 2.29986e-56 9.05779e-57 3.56553e-57 1.40284e-57 5.51665e-58 2.16834e-58 8.51847e-59 3.34488e-59 1.31276e-59 5.14959e-60 2.01904e-60 7.91232e-61 3.09918e-61 1.21332e-61 4.74774e-62 1.85689e-62 7.25886e-63 2.8362e-63 1.10762e-63 4.32345e-64 1.68677e-64 6.57761e-65 2.56369e-65 9.98737e-66 3.88887e-66 1.5135e-66 5.88751e-67 2.28912e-67 8.89604e-68 3.45553e-68 1.3416e-68 5.20625e-69 2.01939e-69 7.82903e-70 3.03383e-70 1.17509e-70 4.54934e-71 1.76045e-71 6.80925e-72 2.63254e-72 1.01731e-72 3.92948e-73 1.51713e-73 5.85482e-74 2.25847e-74 8.70808e-75 3.35615e-75 1.29292e-75 4.97869e-76 1.91634e-76 7.37305e-77 2.83556e-77 1.09005e-77 4.18869e-78 1.6089e-78 6.17739e-79 2.37085e-79 9.09555e-80 3.48804e-80 1.3371e-80 5.12358e-81 1.96253e-81 7.51434e-82 2.87607e-82 1.10038e-82 4.20847e-83 1.60892e-83 6.14809e-84 2.34702e-84 8.92304e-85 3.317e-85 1.07189e-85 0. 
-2.543e+06 -1.08416e+06 47996.5 -177583. -540313. -671369. -608533. -464083. -315939. -197884. -115990. -64260.4 -33833.1 -16961.4 -8084.52 -3641.74 -1529.17 -580.419 -183.554 -33.6974 13.2723 21.6181 17.9821 12.3009 7.62088 4.43709 2.47276 1.33307 0.69991 0.359559 0.181346 0.0900291 0.0440849 0.0213289 0.0102105 0.00484244 0.00227778 0.00106371 0.000493626 0.000227828 0.000104663 4.78925e-05 2.18436e-05 9.93646e-06 4.51052e-06 2.0442e-06 9.25346e-07 4.18527e-07 1.89193e-07 8.54956e-08 3.8628e-08 1.7451e-08 7.88334e-09 3.56094e-09 1.60826e-09 7.26185e-10 3.27782e-10 1.47881e-10 6.66756e-11 3.00389e-11 1.35208e-11 6.07939e-12 2.73023e-12 1.22453e-12 5.48432e-13 2.45254e-13 1.095e-13 4.88075e-14 2.17173e-14 9.6461e-15 4.27668e-15 1.8926e-15 8.35987e-16 3.68572e-16 1.6219e-16 7.12366e-17 3.12294e-17 1.36649e-17 5.96814e-18 2.60176e-18 1.13213e-18 4.91745e-19 2.13207e-19 9.22775e-20 3.98685e-20 1.71956e-20 7.404e-21 3.18266e-21 1.36584e-21 5.85202e-22 2.50334e-22 1.06919e-22 4.55952e-23 1.94145e-23 8.2544e-24 3.50436e-24 1.48561e-24 6.28904e-25 2.65863e-25 1.12236e-25 4.73175e-26 1.99219e-26 8.37662e-27 3.51759e-27 1.47526e-27 6.17936e-28 2.58512e-28 1.08015e-28 4.50779e-29 1.87899e-29 7.823e-30 3.25324e-30 1.35132e-30 5.60668e-31 2.32362e-31 9.61922e-32 3.97774e-32 1.64308e-32 6.77975e-33 2.79449e-33 1.1506e-33 4.73205e-34 1.94344e-34 7.96373e-35 3.24993e-35 1.31964e-35 5.37914e-36 2.19132e-36 8.92128e-37 3.62966e-37 1.47576e-37 5.99608e-38 2.43454e-38 9.8777e-39 4.00481e-39 1.62253e-39 6.56874e-40 2.65736e-40 1.07422e-40 4.33925e-41 1.7515e-41 7.0645e-42 2.84727e-42 1.14671e-42 4.61483e-43 1.85583e-43 7.45768e-44 2.99469e-44 1.20168e-44 4.81851e-45 1.93077e-45 7.73112e-46 3.09352e-46 1.23699e-46 4.94291e-47 1.97383e-47 7.87675e-48 3.14124e-48 1.25192e-48 4.98623e-49 1.98471e-49 7.89502e-50 3.13866e-50 1.24702e-50 4.9516e-51 1.965e-51 7.79346e-52 3.08924e-52 1.22385e-52 4.84579e-53 1.91762e-53 7.58451e-54 2.99819e-54 1.18458e-54 4.67777e-55 1.84625e-55 7.28314e-56 2.87161e-56 1.13166e-56 4.45743e-57 1.75484e-57 6.9052e-58 2.71581e-58 1.0676e-58 4.19475e-59 1.64737e-59 6.4664e-60 2.53702e-60 9.94885e-61 3.89952e-61 1.5277e-61 5.98213e-62 2.34133e-62 9.15921e-63 3.58132e-63 1.39965e-63 5.46742e-64 2.1347e-64 8.33071e-65 3.2495e-65 1.2669e-65 4.93693e-66 1.92293e-66 7.48619e-67 2.91306e-67 1.133e-67 4.40459e-68 1.71148e-68 6.64711e-69 2.5804e-69 1.00124e-69 3.88315e-70 1.50531e-70 5.83266e-71 2.25894e-71 8.74468e-72 3.38363e-72 1.30865e-72 5.05902e-73 1.95485e-73 7.55031e-74 2.91489e-74 1.12483e-74 4.33872e-75 1.67281e-75 6.44675e-76 2.48341e-76 9.56247e-77 3.6805e-77 1.41599e-77 5.44541e-78 2.09325e-78 8.04326e-79 3.08933e-79 1.1861e-79 4.552e-80 1.74626e-80 6.69644e-81 2.56689e-81 9.8356e-82 3.76726e-82 1.44239e-82 5.52045e-83 2.11201e-83 8.07641e-84 3.0857e-84 1.1746e-84 4.37826e-85 1.42384e-85 0. 
-2.543e+06 -1.10511e+06 -24275.6 -243494. -556868. -648946. -571463. -429256. -290066. -181291. -106470. -59304.2 -31492. -15975.7 -7735.17 -3558.3 -1539. -612.018 -212.156 -53.6933 0.953326 14.6202 14.2401 10.3972 6.69451 4.00507 2.27989 1.25103 0.667016 0.347397 0.177412 0.0890919 0.0440913 0.0215431 0.0104077 0.00497794 0.00235987 0.00110997 0.000518468 0.000240706 0.00011116 5.1101e-05 2.34004e-05 1.06809e-05 4.86217e-06 2.20863e-06 1.00159e-06 4.53634e-07 2.05268e-07 9.28235e-08 4.19574e-08 1.89601e-08 8.5663e-09 3.86975e-09 1.74786e-09 7.89304e-10 3.56335e-10 1.60806e-10 7.25308e-11 3.26935e-11 1.4725e-11 6.62594e-12 2.97835e-12 1.33717e-12 5.99555e-13 2.68445e-13 1.20012e-13 5.35674e-14 2.387e-14 1.06183e-14 4.71505e-15 2.08992e-15 9.24638e-16 4.08323e-16 1.79979e-16 7.91806e-17 3.47694e-17 1.5239e-17 6.66657e-18 2.91097e-18 1.26874e-18 5.51961e-19 2.39695e-19 1.03904e-19 4.49611e-20 1.94216e-20 8.37502e-21 3.60539e-21 1.54951e-21 6.64849e-22 2.84807e-22 1.21812e-22 5.20175e-23 2.2179e-23 9.44233e-24 4.01394e-24 1.70384e-24 7.22209e-25 3.05691e-25 1.29211e-25 5.4541e-26 2.29912e-26 9.67886e-27 4.06931e-27 1.70867e-27 7.16551e-28 3.00119e-28 1.25547e-28 5.24553e-29 2.18904e-29 9.12441e-30 3.79882e-30 1.57976e-30 6.56206e-31 2.7227e-31 1.12843e-31 4.67169e-32 1.93197e-32 7.98098e-33 3.29343e-33 1.3576e-33 5.58963e-34 2.29766e-34 9.41279e-35 3.824e-35 1.53243e-35 6.23133e-36 2.53377e-36 1.03012e-36 4.18691e-37 1.70119e-37 6.90924e-38 2.80481e-38 1.13802e-38 4.61478e-39 1.87023e-39 7.57472e-40 3.0659e-40 1.24011e-40 5.01268e-41 2.02478e-41 8.17304e-42 3.29672e-42 1.32884e-42 5.35246e-43 2.15439e-43 8.66534e-44 3.48287e-44 1.39888e-44 5.61455e-45 2.25188e-45 9.02549e-46 3.61489e-46 1.44684e-46 5.78696e-47 2.31306e-47 9.23915e-48 3.68799e-48 1.47118e-48 5.86486e-49 2.33655e-49 9.30288e-50 3.7016e-50 1.47196e-50 5.84978e-51 2.3234e-51 9.22255e-52 3.6587e-52 1.45062e-52 5.74823e-53 2.27653e-53 9.01099e-54 3.56481e-54 1.4095e-54 5.57013e-55 2.20007e-55 8.68525e-56 3.42692e-56 1.35147e-56 5.32705e-57 2.0987e-57 8.26416e-58 3.25261e-58 1.27953e-58 5.03105e-59 1.97722e-59 7.76677e-60 3.04941e-60 1.19669e-60 4.69397e-61 1.84031e-61 7.2116e-62 2.82466e-62 1.10584e-62 4.32724e-63 1.69248e-63 6.61649e-64 2.58539e-64 1.00976e-64 3.94185e-65 1.53808e-65 5.99858e-66 2.33837e-66 9.11112e-67 3.54833e-67 1.38124e-67 5.37418e-68 2.09001e-68 8.12418e-69 3.15651e-69 1.22583e-69 4.7583e-70 1.84616e-70 7.15956e-71 2.77525e-71 1.07527e-71 4.16421e-72 1.61194e-72 6.2369e-73 2.41208e-73 9.32434e-74 3.60288e-74 1.39152e-74 5.37198e-75 2.07295e-75 7.99563e-76 3.08267e-76 1.188e-76 4.57631e-77 1.7621e-77 6.78206e-78 2.60922e-78 1.00341e-78 3.85712e-79 1.48208e-79 5.69247e-80 2.18552e-80 8.38752e-81 3.21765e-81 1.23388e-81 4.7297e-82 1.81228e-82 6.94144e-83 2.65768e-83 1.0171e-83 3.88947e-84 1.48277e-84 5.5479e-85 1.82324e-85 0. 
-2.543e+06 -1.11215e+06 -170007. -395519. -631356. -653731. -541320. -391515. -258175. -158891. -92510. -51361.3 -27310.9 -13931.7 -6811.78 -3179.84 -1405.13 -577.581 -212.462 -62.685 -7.74394 8.38732 10.3305 8.13371 5.45552 3.35553 1.95122 1.08972 0.589971 0.311512 0.161091 0.0818389 0.0409419 0.0202077 0.00985564 0.00475602 0.00227349 0.00107765 0.000506987 0.00023693 0.000110074 5.08759e-05 2.34097e-05 1.07303e-05 4.90255e-06 2.23388e-06 1.01564e-06 4.60958e-07 2.08924e-07 9.45949e-08 4.27973e-08 1.93521e-08 8.74719e-09 3.9526e-09 1.78563e-09 8.06486e-10 3.64151e-10 1.64368e-10 7.41586e-11 3.34401e-11 1.50689e-11 6.78493e-12 3.05214e-12 1.37152e-12 6.15585e-13 2.75937e-13 1.23516e-13 5.52061e-14 2.46358e-14 1.09757e-14 4.88153e-15 2.1673e-15 9.60508e-16 4.24905e-16 1.8762e-16 8.26912e-17 3.6377e-17 1.59728e-17 7.00042e-18 3.06237e-18 1.33717e-18 5.82795e-19 2.53545e-19 1.10106e-19 4.77301e-20 2.06543e-20 8.92223e-21 3.84762e-21 1.65645e-21 7.11942e-22 3.05492e-22 1.30875e-22 5.59788e-23 2.39065e-23 1.0194e-23 4.34026e-24 1.84521e-24 7.83325e-25 3.32061e-25 1.40566e-25 5.94215e-26 2.5085e-26 1.05755e-26 4.45264e-27 1.87227e-27 7.86256e-28 3.29771e-28 1.3814e-28 5.77961e-29 2.41519e-29 1.00806e-29 4.20256e-30 1.74999e-30 7.27882e-31 3.02409e-31 1.255e-31 5.20252e-32 2.15431e-32 8.91117e-33 3.68209e-33 1.51978e-33 6.26527e-34 2.5778e-34 1.05488e-34 4.23766e-35 1.62679e-35 6.58061e-36 2.66512e-36 1.08024e-36 4.38077e-37 1.77705e-37 7.20915e-38 2.92441e-38 1.18606e-38 4.80892e-39 1.94905e-39 7.896e-40 3.19723e-40 1.29392e-40 5.23344e-41 2.11546e-41 8.54577e-42 3.44997e-42 1.39185e-42 5.61149e-43 2.26083e-43 9.10246e-44 3.66227e-44 1.47245e-44 5.91601e-45 2.37529e-45 9.53024e-46 3.82113e-46 1.53102e-46 6.1302e-47 2.45287e-47 9.80802e-48 3.91922e-48 1.56506e-48 6.24567e-49 2.49084e-49 9.92741e-50 3.95413e-50 1.57397e-50 6.2614e-51 2.48934e-51 9.89088e-52 3.92761e-52 1.55872e-52 6.1824e-53 2.45075e-53 9.70947e-54 3.8446e-54 1.52149e-54 6.01801e-55 2.37905e-55 9.39994e-56 3.7121e-56 1.46518e-56 5.78012e-57 2.27911e-57 8.98202e-58 3.53807e-58 1.39298e-58 5.48163e-59 2.15607e-59 8.47626e-60 3.3307e-60 1.30816e-60 5.1354e-61 2.01503e-61 7.90284e-62 3.09797e-62 1.21385e-62 4.75389e-63 1.86091e-63 7.28113e-64 2.84751e-64 1.11308e-64 4.34897e-65 1.6984e-65 6.62961e-66 2.58662e-66 1.00872e-66 3.93194e-67 1.53193e-67 5.96578e-68 2.32216e-68 9.03468e-69 3.51343e-69 1.36567e-69 5.30592e-70 2.0605e-70 7.99803e-71 3.10308e-71 1.20338e-71 4.66459e-72 1.80728e-72 6.99905e-73 2.70929e-73 1.04828e-73 4.05416e-74 1.56722e-74 6.05575e-75 2.33891e-75 9.02954e-76 3.4844e-76 1.34401e-76 5.18187e-77 1.99703e-77 7.69301e-78 2.96226e-78 1.14017e-78 4.38662e-79 1.68698e-79 6.48503e-80 2.49192e-80 9.5715e-81 3.67494e-81 1.41041e-81 5.41087e-82 2.07499e-82 7.95419e-83 3.04792e-83 1.16742e-83 4.46861e-84 1.70644e-84 6.41749e-85 2.14555e-85 0. 
-2.543e+06 -979597. -383828. -641892. -775631. -698407. -528800. -358396. -224874. -133164. -75272.3 -40880.7 -21402.9 -10810.7 -5260.33 -2455.34 -1090.15 -452.971 -170.157 -52.7077 -8.61896 5.02897 7.26277 5.96885 4.09966 2.56535 1.51312 0.855781 0.46873 0.250214 0.130745 0.0670866 0.0338842 0.0168786 0.00830483 0.00404161 0.00194761 0.000930263 0.00044082 0.000207408 9.69685e-05 4.50801e-05 2.08535e-05 9.60467e-06 4.40709e-06 2.01569e-06 9.19433e-07 4.18446e-07 1.90092e-07 8.62288e-08 3.90698e-08 1.76866e-08 8.00117e-09 3.61771e-09 1.63505e-09 7.38703e-10 3.33624e-10 1.5062e-10 6.79712e-11 3.06583e-11 1.38201e-11 6.22543e-12 2.802e-12 1.25997e-12 5.65965e-13 2.53928e-13 1.13783e-13 5.09148e-14 2.27497e-14 1.01493e-14 4.52059e-15 2.01015e-15 8.92306e-16 3.95398e-16 1.74895e-16 7.72203e-17 3.40322e-17 1.4971e-17 6.57366e-18 2.88114e-18 1.26044e-18 5.50409e-19 2.39916e-19 1.04388e-19 4.53383e-20 1.96569e-20 8.50756e-21 3.67577e-21 1.58545e-21 6.82701e-22 2.93488e-22 1.25964e-22 5.39766e-23 2.3093e-23 9.8647e-24 4.20751e-24 1.79191e-24 7.62017e-25 3.23582e-25 1.3721e-25 5.81001e-26 2.4568e-26 1.03746e-26 4.37517e-27 1.84266e-27 7.75061e-28 3.25591e-28 1.36604e-28 5.72423e-29 2.39575e-29 1.00148e-29 4.1815e-30 1.74386e-30 7.26426e-31 3.02256e-31 1.25623e-31 5.21535e-32 2.16281e-32 8.95949e-33 3.70748e-33 1.5325e-33 6.32671e-34 2.60588e-34 1.06408e-34 4.1628e-35 1.34345e-35 5.38493e-36 2.16575e-36 8.73231e-37 3.52738e-37 1.42675e-37 5.77604e-38 2.3397e-38 9.48037e-39 3.84181e-39 1.55676e-39 6.30703e-40 2.55448e-40 1.03423e-40 4.18544e-41 1.69298e-41 6.84427e-42 2.76538e-42 1.11667e-42 4.50632e-43 1.81737e-43 7.32456e-44 2.95007e-44 1.18738e-44 4.77593e-45 1.91968e-45 7.71089e-46 3.09517e-46 1.24156e-46 4.9769e-47 1.99368e-47 7.98104e-48 3.19282e-48 1.27644e-48 5.09966e-49 2.0361e-49 8.12413e-50 3.23949e-50 1.29093e-50 5.1411e-51 2.04617e-51 8.13883e-52 3.23534e-52 1.28535e-52 5.10347e-53 2.02515e-53 8.0316e-54 3.18347e-54 1.26112e-54 4.99314e-55 1.97585e-55 7.81449e-56 3.08899e-56 1.22041e-56 4.8191e-57 1.90198e-57 7.50278e-58 2.95816e-58 1.16574e-58 4.59165e-59 1.80768e-59 7.11313e-60 2.79762e-60 1.09979e-60 4.32134e-61 1.69715e-61 6.66219e-62 2.614e-62 1.02515e-62 4.01853e-63 1.57449e-63 6.16608e-64 2.41365e-64 9.44353e-65 3.6931e-65 1.44359e-65 5.6402e-66 2.20263e-66 8.59773e-67 3.35447e-67 1.30816e-67 5.09912e-68 1.98668e-68 7.73672e-69 3.01151e-69 1.17168e-69 4.55651e-70 1.77115e-70 6.88139e-71 2.67237e-71 1.03733e-71 4.02476e-72 1.56085e-72 6.05044e-73 2.3443e-73 9.07912e-74 3.51462e-74 1.35993e-74 5.2597e-75 2.03335e-75 7.85725e-76 3.03485e-76 1.17169e-76 4.52168e-77 1.74421e-77 6.72525e-78 2.59199e-78 9.98556e-79 3.84528e-79 1.48013e-79 5.69498e-80 2.1903e-80 8.42043e-81 3.23585e-81 1.24298e-81 4.77274e-82 1.83187e-82 7.0283e-83 2.69546e-83 1.03333e-83 3.95927e-84 1.51466e-84 5.73294e-85 1.97022e-85 0. 
-2.543e+06 -211015. -451209. -863844. -925110. -752862. -523068. -327876. -191156. -105565. -55846.8 -28493.6 -14067.2 -6722.58 -3101.25 -1371.64 -573.75 -220.706 -72.9115 -15.9836 2.87249 7.04564 6.34387 4.55427 2.93679 1.77455 1.02513 0.572531 0.31129 0.165538 0.0863851 0.0443471 0.0224398 0.0112093 0.00553493 0.0027046 0.00130911 0.000628217 0.000299124 0.000141422 6.64359e-05 3.10305e-05 1.44191e-05 6.66955e-06 3.07258e-06 1.41051e-06 6.45549e-07 2.94679e-07 1.34219e-07 6.10218e-08 2.77013e-08 1.25597e-08 5.68889e-09 2.57468e-09 1.16447e-09 5.26358e-10 2.37799e-10 1.0738e-10 4.84634e-11 2.18607e-11 9.85481e-12 4.43947e-12 1.99835e-12 8.98732e-13 4.03795e-13 1.81225e-13 8.12386e-14 3.63706e-14 1.62609e-14 7.25957e-15 3.23608e-15 1.44026e-15 6.39958e-16 2.8388e-16 1.25711e-16 5.55713e-17 2.45223e-17 1.08018e-17 4.74958e-18 2.08464e-18 9.13324e-19 3.99429e-19 1.74372e-19 7.59878e-20 3.30555e-20 1.43544e-20 6.22265e-21 2.69291e-21 1.16342e-21 5.01792e-22 2.16071e-22 9.28892e-23 3.98693e-23 1.70855e-23 7.31045e-24 3.12317e-24 1.33228e-24 5.67482e-25 2.41366e-25 1.02513e-25 4.34779e-26 1.84143e-26 7.78845e-27 3.28975e-27 1.38771e-27 5.84616e-28 2.45972e-28 1.0336e-28 4.33789e-29 1.81833e-29 7.61273e-30 3.1834e-30 1.32963e-30 5.54714e-31 2.31158e-31 9.62182e-32 4.00056e-32 1.66152e-32 6.89313e-33 2.85665e-33 1.18257e-33 4.88941e-34 2.01654e-34 8.21232e-35 3.02096e-35 1.86455e-36 7.84853e-37 3.21131e-37 1.30536e-37 5.28735e-38 2.13646e-38 8.61768e-39 3.47144e-39 1.39693e-39 5.61644e-40 2.25642e-40 9.059e-41 3.63464e-41 1.45738e-41 5.84014e-42 2.33889e-42 9.36131e-43 3.74456e-43 1.49692e-43 5.98044e-44 2.3878e-44 9.52779e-45 3.7994e-45 1.51413e-45 6.03032e-46 2.40016e-46 9.54698e-47 3.79504e-47 1.50762e-47 5.98537e-48 2.37475e-48 9.41611e-49 3.73124e-49 1.47763e-49 5.84802e-50 2.31305e-50 9.14319e-51 3.612e-51 1.42606e-51 5.62689e-52 2.21893e-52 8.74515e-53 3.44461e-53 1.35602e-53 5.33514e-54 2.0979e-54 8.24488e-55 3.23853e-55 1.27139e-55 4.98857e-56 1.95635e-56 7.66819e-57 3.00411e-57 1.1763e-57 4.60368e-58 1.80085e-58 7.04101e-59 2.75159e-59 1.07479e-59 4.1962e-60 1.63752e-60 6.38723e-61 2.49023e-61 9.70433e-62 3.78003e-62 1.47173e-62 5.72749e-63 2.22796e-63 8.66275e-64 3.36676e-64 1.30791e-64 5.07867e-65 1.97121e-65 7.6476e-66 2.9657e-66 1.14958e-66 4.45412e-67 1.72503e-67 6.6779e-68 2.58401e-68 9.99449e-69 3.864e-69 1.49322e-69 5.76797e-70 2.22706e-70 8.59513e-71 3.31576e-71 1.27857e-71 4.92807e-72 1.89863e-72 7.31162e-73 2.81448e-73 1.08292e-73 4.16487e-74 1.60111e-74 6.15248e-75 2.36315e-75 9.0729e-76 3.48187e-76 1.33565e-76 5.12135e-77 1.96286e-77 7.51987e-78 2.87969e-78 1.10229e-78 4.21755e-79 1.61303e-79 6.16654e-80 2.35645e-80 9.00105e-81 3.43674e-81 1.31166e-81 5.00397e-82 1.90823e-82 7.27392e-83 2.77159e-83 1.05563e-83 4.01902e-84 1.52947e-84 5.81738e-85 2.21006e-85 8.35665e-86 3.08268e-86 9.80082e-87 0. 
-2.543e+06 -236034. -43112.8 -593074. -834925. -756883. -552451. -352004. -203464. -108891. -54541.2 -25667.4 -11318.4 -4619.81 -1690.62 -506.2 -78.0709 47.2624 64.5804 51.0645 33.8606 20.5011 11.7245 6.4431 3.43641 1.79013 0.914781 0.459991 0.228133 0.111794 0.0542071 0.0260387 0.0124034 0.00586403 0.00275372 0.00128533 0.000596709 0.000275692 0.000126838 5.81392e-05 2.65651e-05 1.21055e-05 5.5041e-06 2.49804e-06 1.13211e-06 5.12505e-07 2.31823e-07 1.048e-07 4.73585e-08 2.13953e-08 9.66403e-09 4.36444e-09 1.9707e-09 8.89635e-10 4.01479e-10 1.81103e-10 8.16468e-11 3.67827e-11 1.65567e-11 7.44496e-12 3.34386e-12 1.49992e-12 6.71845e-13 3.00467e-13 1.34156e-13 5.97947e-14 2.66027e-14 1.18133e-14 5.23565e-15 2.31585e-15 1.0223e-15 4.50359e-16 1.97994e-16 8.68665e-17 3.80331e-17 1.66182e-17 7.2464e-18 3.15344e-18 1.36956e-18 5.93632e-19 2.56808e-19 1.10883e-19 4.77857e-20 2.05552e-20 8.82572e-21 3.78265e-21 1.61835e-21 6.91188e-22 2.94699e-22 1.25439e-22 5.3306e-23 2.26162e-23 9.58024e-24 4.05192e-24 1.71114e-24 7.21547e-25 3.03815e-25 1.27741e-25 5.36345e-26 2.24884e-26 9.41642e-27 3.93765e-27 1.64446e-27 6.8589e-28 2.8572e-28 1.18875e-28 4.93989e-29 2.05034e-29 8.50015e-30 3.51987e-30 1.45591e-30 6.01533e-31 2.4826e-31 1.02349e-31 4.21501e-32 1.73403e-32 7.12627e-33 2.92567e-33 1.19991e-33 4.91626e-34 2.01227e-34 8.22732e-35 3.35814e-35 1.36443e-35 5.47575e-36 2.33131e-36 9.68738e-37 3.99382e-37 1.63884e-37 6.6988e-38 2.72906e-38 1.10866e-38 4.4931e-39 1.81725e-39 7.33727e-40 2.9581e-40 1.19105e-40 4.79022e-41 1.92458e-41 7.72528e-42 3.09826e-42 1.24157e-42 4.97154e-43 1.98926e-43 7.95395e-44 3.17814e-44 1.26902e-44 5.06375e-45 2.01925e-45 8.04681e-46 3.20461e-46 1.2754e-46 5.07272e-47 2.01632e-47 8.00943e-48 3.17959e-48 1.26144e-48 5.00143e-49 1.98176e-49 7.8477e-50 3.10575e-50 1.22837e-50 4.85542e-51 1.91808e-51 7.57264e-52 2.98795e-52 1.17827e-52 4.64372e-53 1.8291e-53 7.20053e-54 2.833e-54 1.11401e-54 4.37814e-55 1.71971e-55 6.75131e-56 2.64905e-56 1.03888e-56 4.07204e-57 1.59528e-57 6.24656e-58 2.44471e-58 9.56309e-59 3.739e-59 1.46118e-59 5.70744e-60 2.2283e-60 8.69562e-61 3.39176e-61 1.32236e-61 5.15318e-62 2.00726e-62 7.81514e-63 3.04141e-63 1.1831e-63 4.60018e-64 1.78788e-64 6.94562e-65 2.69709e-65 1.04687e-65 4.06164e-66 1.57516e-66 6.10605e-67 2.36598e-67 9.1638e-68 3.54777e-68 1.37294e-68 5.31081e-69 2.05346e-69 7.93646e-70 3.06608e-70 1.18401e-70 4.57028e-71 1.76338e-71 6.80088e-72 2.6218e-72 1.0103e-72 3.89148e-73 1.49829e-73 5.76625e-74 2.21823e-74 8.52972e-75 3.27853e-75 1.25962e-75 4.83745e-76 1.85699e-76 7.12556e-77 2.73303e-77 1.04782e-77 4.01559e-78 1.53825e-78 5.89011e-79 2.25444e-79 8.62527e-80 3.29857e-80 1.26095e-80 4.81828e-81 1.84038e-81 7.02656e-82 2.68164e-82 1.02301e-82 3.90109e-83 1.48701e-83 5.66585e-84 2.15788e-84 8.21392e-85 3.12274e-85 1.18139e-85 4.35955e-86 1.38995e-86 0. 
-2.543e+06 -988812. -11664.3 -325805. -668467. -726068. -594716. -411851. -253898. -143147. -74897.3 -36617.6 -16731.8 -7088.31 -2720.93 -889.278 -195.074 27.2005 73.0532 63.6983 43.7824 26.9228 15.4889 8.51693 4.53054 2.34915 1.19343 0.596204 0.293697 0.142964 0.068882 0.0328946 0.0155874 0.00733611 0.00343206 0.00159717 0.000739827 0.0003413 0.00015689 7.18971e-05 3.28604e-05 1.49848e-05 6.82037e-06 3.09944e-06 1.40671e-06 6.37805e-07 2.88951e-07 1.30825e-07 5.92039e-08 2.67819e-08 1.21112e-08 5.4752e-09 2.47439e-09 1.11782e-09 5.04757e-10 2.278e-10 1.0274e-10 4.63006e-11 2.08468e-11 9.37652e-12 4.21247e-12 1.89004e-12 8.46823e-13 3.7884e-13 1.69207e-13 7.54466e-14 3.35806e-14 1.49189e-14 6.61546e-15 2.92778e-15 1.29318e-15 5.70044e-16 2.50773e-16 1.10096e-16 4.82367e-17 2.10912e-17 9.20338e-18 4.00792e-18 1.74191e-18 7.55568e-19 3.27095e-19 1.4133e-19 6.09498e-20 2.62359e-20 1.12724e-20 4.8345e-21 2.06972e-21 8.84523e-22 3.77364e-22 1.60723e-22 6.83403e-23 2.90114e-23 1.22961e-23 5.20341e-24 2.19858e-24 9.27561e-25 3.90754e-25 1.64375e-25 6.90482e-26 2.89645e-26 1.21335e-26 5.07606e-27 2.12079e-27 8.8493e-28 3.68784e-28 1.53496e-28 6.38107e-29 2.64954e-29 1.09885e-29 4.55201e-30 1.88355e-30 7.78512e-31 3.21424e-31 1.32563e-31 5.46138e-32 2.24765e-32 9.24074e-33 3.79527e-33 1.5572e-33 6.38283e-34 2.6137e-34 1.06921e-34 4.36879e-35 1.7816e-35 7.23524e-36 2.96318e-36 1.21458e-36 4.97913e-37 2.03979e-37 8.34519e-38 3.40822e-38 1.38925e-38 5.65168e-39 2.29478e-39 9.30064e-40 3.76312e-40 1.52021e-40 6.13244e-41 2.47052e-41 9.94061e-42 3.9953e-42 1.6041e-42 6.43411e-43 2.57838e-43 1.03235e-43 4.12996e-44 1.6509e-44 6.59421e-45 2.63198e-45 1.04976e-45 4.18399e-46 1.66645e-46 6.63286e-47 2.63827e-47 1.0487e-47 4.16585e-48 1.65377e-48 6.56104e-49 2.60134e-49 1.03074e-49 4.08164e-50 1.6153e-50 6.38866e-51 2.52525e-51 9.97559e-52 3.93837e-52 1.55396e-52 6.12789e-53 2.41508e-53 9.51271e-54 3.74482e-54 1.47338e-54 5.79373e-55 2.277e-55 8.94402e-56 3.5113e-56 1.37776e-56 5.40319e-57 2.11788e-57 8.29713e-58 3.24888e-58 1.27152e-58 4.97386e-59 1.9447e-59 7.59974e-60 2.96849e-60 1.15896e-60 4.52265e-61 1.76407e-61 6.87763e-62 2.68017e-62 1.04397e-62 4.06462e-63 1.58182e-63 6.15323e-64 2.39253e-64 9.29872e-65 3.61244e-65 1.40278e-65 5.44495e-66 2.11257e-66 8.19306e-67 3.17612e-67 1.23073e-67 4.76704e-68 1.84566e-68 7.14287e-69 2.7632e-69 1.06849e-69 4.13001e-70 1.59569e-70 6.16265e-71 2.37906e-71 9.18043e-72 3.54112e-72 1.36533e-72 5.26206e-73 2.02719e-73 7.80641e-74 3.0049e-74 1.15618e-74 4.44678e-75 1.70956e-75 6.56964e-76 2.5236e-76 9.6899e-77 3.7191e-77 1.42685e-77 5.4719e-78 2.09759e-78 8.03752e-79 3.07855e-79 1.17867e-79 4.51084e-80 1.72563e-80 6.5987e-81 2.52228e-81 9.6372e-82 3.68072e-82 1.4052e-82 5.36251e-83 2.04561e-83 7.80013e-84 2.973e-84 1.13252e-84 4.30888e-85 1.63145e-85 6.02713e-86 1.92705e-86 0. 
-2.543e+06 -1.10189e+06 18434.8 -228374. -602583. -715426. -620278. -449111. -287677. -167929. -90801.9 -45858.6 -21677.4 -9545.25 -3854.14 -1370.13 -377.917 -30.6458 61.9968 67.0416 49.6085 31.6787 18.6404 10.3981 5.58258 2.91133 1.48378 0.742237 0.365599 0.17776 0.0854843 0.0407252 0.0192462 0.00903283 0.00421425 0.00195613 0.000904001 0.000416211 0.000191017 8.74299e-05 3.99268e-05 1.81992e-05 8.28256e-06 3.76469e-06 1.70943e-06 7.75571e-07 3.51648e-07 1.59356e-07 7.21838e-08 3.26849e-08 1.47945e-08 6.6942e-09 3.02778e-09 1.36885e-09 6.18525e-10 2.79313e-10 1.26041e-10 5.6829e-11 2.55986e-11 1.15186e-11 5.17692e-12 2.3237e-12 1.04155e-12 4.66156e-13 2.083e-13 9.29228e-14 4.13806e-14 1.83944e-14 8.16141e-15 3.61424e-15 1.59744e-15 7.04652e-16 3.10214e-16 1.36294e-16 5.9761e-17 2.61508e-17 1.14203e-17 4.97743e-18 2.16505e-18 9.39883e-19 4.07223e-19 1.76097e-19 7.60053e-20 3.2743e-20 1.40795e-20 6.04316e-21 2.58917e-21 1.10736e-21 4.72786e-22 2.01511e-22 8.57445e-23 3.6425e-23 1.54487e-23 6.54182e-24 2.76586e-24 1.16762e-24 4.9218e-25 2.07162e-25 8.70713e-26 3.6545e-26 1.53173e-26 6.41133e-27 2.68002e-27 1.11883e-27 4.66482e-28 1.9425e-28 8.07896e-29 3.35603e-29 1.39246e-29 5.77075e-30 2.38884e-30 9.87769e-31 4.07985e-31 1.6833e-31 6.93774e-32 2.85639e-32 1.17481e-32 4.82701e-33 1.98131e-33 8.12452e-34 3.32828e-34 1.36213e-34 5.56906e-35 2.27412e-35 9.26906e-36 3.77951e-36 1.54183e-36 6.29274e-37 2.56879e-37 1.04844e-37 4.27686e-38 1.74316e-38 7.09702e-39 2.88584e-39 1.17188e-39 4.75211e-40 1.92435e-40 7.78181e-41 3.14265e-41 1.26752e-41 5.10595e-42 2.05443e-42 8.25698e-43 3.31507e-43 1.32962e-43 5.32777e-44 2.13288e-44 8.53112e-45 3.40942e-45 1.36145e-45 5.43228e-46 2.16587e-46 8.62904e-47 3.43541e-47 1.36675e-47 5.43377e-48 2.15883e-48 8.5713e-49 3.40088e-49 1.34851e-49 5.34371e-50 2.1162e-50 8.37535e-51 3.3127e-51 1.30947e-51 5.1731e-52 2.04243e-52 8.0591e-53 3.17814e-53 1.25259e-53 4.93399e-54 1.94241e-54 7.64257e-55 3.00537e-55 1.18118e-55 4.63982e-56 1.82159e-56 7.14775e-57 2.80324e-57 1.09881e-57 4.3049e-58 1.68571e-58 6.59753e-59 2.58086e-59 1.00909e-59 3.94356e-60 1.5404e-60 6.01414e-61 2.34697e-61 9.15456e-62 3.56916e-62 1.3909e-62 5.41788e-63 2.10944e-63 8.20937e-64 3.19346e-64 1.24172e-64 4.82608e-65 1.8749e-65 7.28077e-66 2.82612e-66 1.09653e-66 4.25272e-67 1.64866e-67 6.38873e-68 2.47468e-68 9.58169e-69 3.70841e-69 1.43468e-69 5.54808e-70 2.14464e-70 8.28683e-71 3.2007e-71 1.23574e-71 4.76904e-72 1.83975e-72 7.09432e-73 2.73456e-73 1.05363e-73 4.05799e-74 1.56228e-74 6.01218e-75 2.31275e-75 8.89304e-76 3.41818e-76 1.3133e-76 5.04381e-77 1.93632e-77 7.43051e-78 2.85027e-78 1.09289e-78 4.18883e-79 1.60484e-79 6.14608e-80 2.35282e-80 9.00336e-81 3.44386e-81 1.31678e-81 5.03275e-82 1.92276e-82 7.34293e-83 2.80312e-83 1.06964e-83 4.07992e-84 1.55534e-84 5.92206e-85 2.24403e-85 8.298e-86 2.6571e-86 0. 
-2.543e+06 -1.09267e+06 53167.1 -185343. -577052. -715134. -637891. -473440. -310559. -185660. -102887. -53334.2 -25947. -11817.6 -4985.24 -1895.62 -603.515 -117.876 33.6512 61.1925 50.9205 34.3704 20.9145 11.9369 6.51631 3.44097 1.7704 0.891967 0.441679 0.21556 0.103922 0.0495812 0.0234458 0.0110032 0.00513059 0.00237923 0.00109824 0.000504983 0.000231453 0.000105804 4.82631e-05 2.19778e-05 9.9947e-06 4.54047e-06 2.06103e-06 9.34988e-07 4.23961e-07 1.92172e-07 8.70811e-08 3.94493e-08 1.78662e-08 8.08892e-09 3.66091e-09 1.65614e-09 7.48812e-10 3.38358e-10 1.52777e-10 6.89244e-11 3.10648e-11 1.39861e-11 6.28943e-12 2.82465e-12 1.26681e-12 5.67305e-13 2.53652e-13 1.13225e-13 5.0455e-14 2.24436e-14 9.96521e-15 4.41637e-15 1.95351e-15 8.62427e-16 3.79995e-16 1.67099e-16 7.33342e-17 3.21199e-17 1.40403e-17 6.12517e-18 2.66686e-18 1.15886e-18 5.02589e-19 2.1755e-19 9.39886e-20 4.05296e-20 1.74446e-20 7.4947e-21 3.21412e-21 1.37593e-21 5.87989e-22 2.50839e-22 1.06828e-22 4.54209e-23 1.92804e-23 8.17111e-24 3.45751e-24 1.46075e-24 6.16211e-25 2.59561e-25 1.09174e-25 4.58539e-26 1.92321e-26 8.0553e-27 3.36939e-27 1.4075e-27 5.87197e-28 2.44662e-28 1.01815e-28 4.23177e-29 1.75676e-29 7.28441e-30 3.01699e-30 1.24813e-30 5.15779e-31 2.12908e-31 8.77916e-32 3.61622e-32 1.48801e-32 6.11665e-33 2.51179e-33 1.03044e-33 4.22319e-34 1.72917e-34 7.07322e-35 2.89038e-35 1.17971e-35 4.81107e-36 1.96104e-36 7.99117e-37 3.25579e-37 1.32623e-37 5.40085e-38 2.19848e-38 8.9441e-39 3.63611e-39 1.47696e-39 5.99353e-40 2.42966e-40 9.83854e-41 3.97947e-41 1.60777e-41 6.48819e-42 2.61537e-42 1.05308e-42 4.23564e-43 1.70184e-43 6.83092e-44 2.73912e-44 1.09731e-44 4.39188e-45 1.75625e-45 7.01694e-46 2.80123e-46 1.11738e-46 4.45361e-47 1.77375e-47 7.05913e-48 2.80734e-48 1.11566e-48 4.43064e-49 1.75835e-49 6.97359e-50 2.7639e-50 1.09473e-50 4.33327e-51 1.71417e-51 6.77674e-52 2.67747e-52 1.05722e-52 4.17204e-53 1.64542e-53 6.4856e-54 2.5549e-54 1.00589e-54 3.95808e-55 1.55659e-55 6.11822e-56 2.40347e-56 9.43666e-57 3.7031e-57 1.45239e-57 5.69343e-58 2.23069e-58 8.73542e-59 3.41906e-59 1.33756e-59 5.23003e-60 2.044e-60 7.98453e-61 3.11751e-61 1.21664e-61 4.7458e-62 1.85036e-62 7.21112e-63 2.809e-63 1.09371e-63 4.2566e-64 1.65588e-64 6.4388e-65 2.5026e-65 9.7228e-66 3.77577e-66 1.46566e-66 5.68696e-67 2.20569e-67 8.55121e-68 3.31383e-68 1.28368e-68 4.97052e-69 1.92385e-69 7.44329e-70 2.87861e-70 1.11282e-70 4.30025e-71 1.66107e-71 6.4137e-72 2.47546e-72 9.55058e-73 3.68325e-73 1.41991e-73 5.47162e-74 2.10766e-74 8.11544e-75 3.12357e-75 1.20176e-75 4.62184e-76 1.7768e-76 6.82796e-77 2.62283e-77 1.00711e-77 3.86558e-78 1.48313e-78 5.68815e-79 2.18068e-79 8.35681e-80 3.20124e-80 1.22581e-80 4.69199e-81 1.79523e-81 6.86611e-82 2.62501e-82 1.00318e-82 3.83228e-83 1.4634e-83 5.58582e-84 2.13096e-84 8.1198e-85 3.07924e-85 1.13967e-85 3.65359e-86 0. 
-2.543e+06 -1.07561e+06 75816.9 -164613. -565148. -715011. -647241. -487371. -324657. -197373. -111417. -58959.3 -29368.3 -13758. -6017.59 -2411.83 -845.428 -223.087 -7.81763 47.2614 47.7439 34.7522 22.0732 12.968 7.23251 3.88364 2.02528 1.03169 0.515517 0.25347 0.122935 0.0589332 0.0279715 0.0131633 0.00614963 0.00285526 0.0013188 0.000606484 0.000277909 0.000126976 5.78807e-05 2.63367e-05 1.19672e-05 5.43231e-06 2.46414e-06 1.1172e-06 5.06356e-07 2.2945e-07 1.03957e-07 4.70935e-08 2.13306e-08 9.65962e-09 4.3732e-09 1.97916e-09 8.95289e-10 4.04756e-10 1.82861e-10 8.25457e-11 3.72273e-11 1.67714e-11 7.54698e-12 3.39175e-12 1.52223e-12 6.82181e-13 3.05245e-13 1.36362e-13 6.08139e-14 2.70741e-14 1.20316e-14 5.33694e-15 2.36289e-15 1.04416e-15 4.60521e-16 2.02715e-16 8.90571e-17 3.90478e-17 1.70871e-17 7.46254e-18 3.25276e-18 1.41504e-18 6.14389e-19 2.66245e-19 1.15158e-19 4.97146e-20 2.14222e-20 9.21396e-21 3.95584e-21 1.69533e-21 7.25275e-22 3.0974e-22 1.32054e-22 5.62048e-23 2.38825e-23 1.01317e-23 4.29133e-24 1.81478e-24 7.66279e-25 3.2307e-25 1.36008e-25 5.71746e-26 2.40007e-26 1.00609e-26 4.21171e-27 1.76074e-27 7.35127e-28 3.06527e-28 1.27651e-28 5.30934e-29 2.20561e-29 9.1516e-30 3.79277e-30 1.57006e-30 6.4921e-31 2.68147e-31 1.10634e-31 4.55971e-32 1.87729e-32 7.72103e-33 3.17233e-33 1.30211e-33 5.33939e-34 2.18733e-34 8.95201e-35 3.66024e-35 1.49508e-35 6.10106e-36 2.48763e-36 1.01359e-36 4.12755e-37 1.68e-37 6.83496e-38 2.77953e-38 1.1298e-38 4.58993e-39 1.86358e-39 7.56132e-40 3.06564e-40 1.24191e-40 5.02664e-41 2.03266e-41 8.21173e-42 3.3142e-42 1.33626e-42 5.38228e-43 2.16576e-43 8.70611e-44 3.49635e-44 1.40278e-44 5.62284e-45 2.25177e-45 9.00954e-46 3.60165e-46 1.43857e-46 5.74117e-47 2.28938e-47 9.12207e-48 3.6319e-48 1.44493e-48 5.74437e-49 2.28205e-49 9.05944e-50 3.594e-50 1.42482e-50 5.64488e-51 2.23494e-51 8.84292e-52 3.49665e-52 1.38177e-52 5.45702e-53 2.15383e-53 8.49585e-54 3.34924e-54 1.31957e-54 5.19598e-55 2.04482e-55 8.04267e-56 3.16157e-56 1.24213e-56 4.87746e-57 1.9142e-57 7.50845e-58 2.94364e-58 1.15343e-58 4.51729e-59 1.76824e-59 6.91808e-60 2.70529e-60 1.05737e-60 4.13076e-61 1.61296e-61 6.29518e-62 2.45578e-62 9.5756e-63 3.73201e-63 1.45385e-63 5.6611e-64 2.20337e-64 8.57195e-65 3.33336e-65 1.29567e-65 5.03406e-66 1.95505e-66 7.58947e-67 2.94498e-67 1.14228e-67 4.42874e-68 1.71637e-68 6.64909e-69 2.57476e-69 9.96635e-70 3.85621e-70 1.49146e-70 5.76616e-71 2.22839e-71 8.60841e-72 3.32417e-72 1.28314e-72 4.95099e-73 1.90959e-73 7.36242e-74 2.83746e-74 1.09313e-74 4.20962e-75 1.62049e-75 6.23562e-76 2.39853e-76 9.22235e-77 3.54462e-77 1.36185e-77 5.23024e-78 2.00791e-78 7.70549e-79 2.95588e-79 1.13346e-79 4.34465e-80 1.6647e-80 6.37602e-81 2.44115e-81 9.34268e-82 3.57421e-82 1.36685e-82 5.22508e-83 1.99662e-83 7.62641e-84 2.91149e-84 1.1102e-84 4.21356e-85 1.56102e-85 5.01066e-86 0. 
-2.543e+06 -1.06811e+06 84830.1 -154464. -554655. -707960. -645721. -490509. -330184. -203219. -116370. -62612. -31802.1 -15253.6 -6875.34 -2874.06 -1080.06 -335.094 -57.7223 26.8869 40.4563 32.7693 21.967 13.3601 7.64145 4.18513 2.21813 1.14542 0.579034 0.287556 0.140668 0.0679303 0.0324424 0.0153465 0.00720004 0.00335427 0.0015533 0.000715681 0.000328366 0.000150142 6.84616e-05 3.11497e-05 1.41498e-05 6.41986e-06 2.91032e-06 1.31863e-06 5.97265e-07 2.70484e-07 1.22487e-07 5.54658e-08 2.51161e-08 1.13723e-08 5.14856e-09 2.33034e-09 1.05439e-09 4.7685e-10 2.15525e-10 9.73412e-11 4.39258e-11 1.98022e-11 8.91709e-12 4.01054e-12 1.80138e-12 8.07964e-13 3.61845e-13 1.61794e-13 7.22246e-14 3.21856e-14 1.43176e-14 6.3576e-15 2.81781e-15 1.24656e-15 5.50411e-16 2.42563e-16 1.0669e-16 4.68354e-17 2.05201e-17 8.97297e-18 3.91605e-18 1.70576e-18 7.41567e-19 3.21773e-19 1.39355e-19 6.0239e-20 2.5991e-20 1.11935e-20 4.81193e-21 2.06486e-21 8.84487e-22 3.7821e-22 1.61446e-22 6.87991e-23 2.92695e-23 1.24318e-23 5.27175e-24 2.23196e-24 9.43496e-25 3.98227e-25 1.6783e-25 7.06265e-26 2.96783e-26 1.24535e-26 5.21845e-27 2.18372e-27 9.12581e-28 3.80868e-28 1.58751e-28 6.60862e-29 2.74768e-29 1.14102e-29 4.73259e-30 1.96064e-30 8.11328e-31 3.35356e-31 1.38463e-31 5.7107e-32 2.35278e-32 9.68317e-33 3.98113e-33 1.63514e-33 6.70921e-34 2.75019e-34 1.12625e-34 4.60779e-35 1.88337e-35 7.69076e-36 3.13768e-36 1.27902e-36 5.20969e-37 2.1205e-37 8.62559e-38 3.50657e-38 1.42473e-38 5.78552e-39 2.34806e-39 9.52404e-40 3.8607e-40 1.56395e-40 6.33109e-41 2.561e-41 1.03514e-41 4.18057e-42 1.68695e-42 6.80132e-43 2.73966e-43 1.10258e-43 4.43335e-44 1.78098e-44 7.14817e-45 2.86643e-45 1.14842e-45 4.59709e-46 1.83861e-46 7.34733e-47 2.93365e-47 1.17039e-47 4.66561e-48 1.85842e-48 7.39686e-49 2.94187e-49 1.16918e-49 4.64325e-50 1.84271e-50 7.30784e-51 2.89618e-51 1.14702e-51 4.53971e-52 1.79558e-52 7.09749e-53 2.8037e-53 1.10685e-53 4.36701e-54 1.72194e-54 6.78567e-55 2.67248e-55 1.05192e-55 4.13816e-56 1.62699e-56 6.39327e-57 2.51085e-57 9.8556e-58 3.86645e-58 1.51604e-58 5.94129e-59 2.32716e-59 9.11061e-60 3.56491e-60 1.39422e-60 5.45005e-61 2.12939e-61 8.31569e-62 3.24589e-62 1.26637e-62 4.93839e-63 1.9249e-63 7.49945e-64 2.92048e-64 1.13679e-64 4.42299e-65 1.72011e-65 6.68666e-66 2.5982e-66 1.00913e-66 3.91778e-67 1.52037e-67 5.89759e-68 2.28676e-68 8.86313e-69 3.43381e-69 1.32981e-69 5.14784e-70 1.99199e-70 7.70508e-71 2.97916e-71 1.15144e-71 4.44852e-72 1.71799e-72 6.63219e-73 2.55932e-73 9.87242e-74 3.80676e-74 1.4673e-74 5.65351e-75 2.17746e-75 8.3833e-76 3.22637e-76 1.24122e-76 4.77328e-77 1.83493e-77 7.0511e-78 2.7085e-78 1.04001e-78 3.99188e-79 1.53163e-79 5.87444e-80 2.25223e-80 8.63167e-81 3.30682e-81 1.26638e-81 4.84785e-82 1.85511e-82 7.09621e-83 2.71341e-83 1.03712e-83 3.96208e-84 1.51191e-84 5.743e-85 2.13005e-85 6.84847e-86 0. 
-2.543e+06 -1.07016e+06 79800.6 -153390. -542136. -690515. -630833. -481320. -326223. -202616. -117346. -64008.1 -33051.6 -16175.2 -7479.23 -3236.92 -1283.25 -441.986 -110.692 2.22014 29.7634 28.5521 20.5396 13.0239 7.66954 4.2959 2.31896 1.21623 0.623156 0.31314 0.154787 0.0754401 0.0363225 0.0173044 0.00816875 0.00382564 0.00177943 0.00082285 0.000378629 0.000173508 7.92427e-05 3.60933e-05 1.64052e-05 7.44472e-06 3.3746e-06 1.5285e-06 6.91998e-07 3.13212e-07 1.41753e-07 6.41546e-08 2.90363e-08 1.31422e-08 5.94817e-09 2.69186e-09 1.21795e-09 5.50885e-10 2.4905e-10 1.12525e-10 5.08021e-11 2.29156e-11 1.03262e-11 4.64784e-12 2.08939e-12 9.37991e-13 4.20483e-13 1.88205e-13 8.4104e-14 3.75211e-14 1.67103e-14 7.42884e-15 3.29663e-15 1.46021e-15 6.45574e-16 2.84874e-16 1.25467e-16 5.51534e-17 2.41978e-17 1.0596e-17 4.63094e-18 2.02004e-18 8.79465e-19 3.82163e-19 1.65751e-19 7.1754e-20 3.10047e-20 1.33723e-20 5.75698e-21 2.47399e-21 1.06128e-21 4.5446e-22 1.94272e-22 8.2905e-23 3.532e-23 1.50225e-23 6.37901e-24 2.70438e-24 1.14472e-24 4.83786e-25 2.04149e-25 8.60185e-26 3.61907e-26 1.52046e-26 6.37878e-27 2.67236e-27 1.11805e-27 4.67137e-28 1.9492e-28 8.12284e-29 3.38072e-29 1.40531e-29 5.83453e-30 2.41947e-30 1.00213e-30 4.146e-31 1.71334e-31 7.07253e-32 2.91631e-32 1.20124e-32 4.94275e-33 2.0317e-33 8.3428e-34 3.4224e-34 1.40257e-34 5.74251e-35 2.34889e-35 9.59879e-36 3.91894e-36 1.59856e-36 6.51506e-37 2.65309e-37 1.07957e-37 4.38974e-38 1.78373e-38 7.24338e-39 2.93956e-39 1.19222e-39 4.83246e-40 1.95755e-40 7.92468e-41 3.20603e-41 1.29617e-41 5.2366e-42 2.11408e-42 8.52842e-43 3.43778e-43 1.38466e-43 5.57258e-44 2.24084e-44 9.0034e-45 3.61441e-45 1.44978e-45 5.81039e-46 2.32672e-46 9.3094e-47 3.7217e-47 1.48665e-47 5.93368e-48 2.36644e-48 9.43035e-49 3.75513e-49 1.49415e-49 5.9407e-50 2.36028e-50 9.37082e-51 3.71778e-51 1.47397e-51 5.83975e-52 2.31211e-52 9.1482e-53 3.61726e-53 1.42937e-53 5.64467e-54 2.22772e-54 8.78652e-55 3.46347e-55 1.36442e-55 5.3719e-56 2.11377e-56 8.31263e-57 3.26719e-57 1.28342e-57 5.03877e-58 1.97717e-58 7.75408e-59 3.03939e-59 1.19073e-59 4.66248e-60 1.82472e-60 7.13768e-61 2.79062e-61 1.0905e-61 4.25934e-62 1.66283e-62 6.48848e-63 2.53066e-63 9.86552e-64 3.84419e-64 1.49724e-64 5.8288e-65 2.26815e-65 8.8221e-66 3.42989e-66 1.33291e-66 5.17763e-67 2.01037e-67 7.80256e-68 3.02702e-68 1.17385e-68 4.55021e-69 1.76308e-69 6.82865e-70 2.64376e-70 1.02314e-70 3.95801e-71 1.53055e-71 5.91623e-72 2.28598e-72 8.82943e-73 3.40898e-73 1.31567e-73 5.07581e-74 1.95748e-74 7.54611e-75 2.90793e-75 1.12016e-75 4.31333e-76 1.66028e-76 6.38833e-77 2.45714e-77 9.44732e-78 3.63099e-78 1.39502e-78 5.35761e-79 2.05684e-79 7.89346e-80 3.02812e-80 1.16122e-80 4.45139e-81 1.70575e-81 6.53387e-82 2.50187e-82 9.57628e-83 3.66408e-83 1.4014e-83 5.35732e-84 2.04582e-84 7.77821e-85 2.88903e-85 9.31124e-86 0. 
-2.543e+06 -1.08218e+06 51614.9 -172649. -534529. -665304. -602738. -458981. -311764. -194689. -113689. -62695.9 -32824.3 -16343.3 -7724.17 -3441.92 -1424.03 -528.223 -159.393 -23.5279 16.9318 22.5181 17.8753 11.9345 7.27066 4.1768 2.30097 1.22764 0.638423 0.32506 0.162581 0.0800821 0.038927 0.018705 0.00889784 0.00419554 0.00196318 0.000912525 0.000421743 0.000193974 8.88529e-05 4.05644e-05 1.84692e-05 8.39139e-06 3.80651e-06 1.72472e-06 7.80862e-07 3.53362e-07 1.59866e-07 7.23191e-08 3.27154e-08 1.48003e-08 6.69583e-09 3.02923e-09 1.3703e-09 6.19744e-10 2.80197e-10 1.26622e-10 5.71861e-11 2.58074e-11 1.16362e-11 5.24121e-12 2.35806e-12 1.05957e-12 4.75459e-13 2.13041e-13 9.53114e-14 4.25723e-14 1.89838e-14 8.4506e-15 3.75512e-15 1.66561e-15 7.37436e-16 3.25886e-16 1.43744e-16 6.32832e-17 2.78074e-17 1.21956e-17 5.33845e-18 2.33237e-18 1.01708e-18 4.42677e-19 1.9231e-19 8.33874e-20 3.60905e-20 1.55914e-20 6.72332e-21 2.894e-21 1.24347e-21 5.33345e-22 2.28362e-22 9.76092e-23 4.16506e-23 1.7743e-23 7.54598e-24 3.20405e-24 1.35829e-24 5.74909e-25 2.42961e-25 1.02521e-25 4.31959e-26 1.81733e-26 7.63481e-27 3.20293e-27 1.34182e-27 5.61365e-28 2.34539e-28 9.78618e-29 4.07803e-29 1.69721e-29 7.05476e-30 2.92885e-30 1.21448e-30 5.03009e-31 2.08093e-31 8.59901e-32 3.54941e-32 1.46349e-32 6.02776e-33 2.48009e-33 1.01936e-33 4.18552e-34 1.71687e-34 7.03555e-35 2.88032e-35 1.17806e-35 4.81384e-36 1.96524e-36 8.01583e-37 3.26667e-37 1.33014e-37 5.41177e-38 2.20013e-38 8.93798e-39 3.62848e-39 1.47203e-39 5.96793e-40 2.41797e-40 9.79047e-41 3.96169e-41 1.60206e-41 6.47434e-42 2.61472e-42 1.05526e-42 4.25594e-43 1.71523e-43 6.90769e-44 2.77985e-44 1.11785e-44 4.4917e-45 1.80344e-45 7.23522e-46 2.90041e-46 1.16178e-46 4.6499e-47 1.8596e-47 7.43113e-48 2.96722e-48 1.18388e-48 4.71985e-49 1.88027e-49 7.48485e-50 2.97731e-50 1.18344e-50 4.7006e-51 1.86574e-51 7.40019e-52 2.93315e-52 1.16179e-52 4.59867e-53 1.81906e-53 7.19086e-54 2.84077e-54 1.12154e-54 4.42511e-55 1.74489e-55 6.87617e-56 2.70812e-56 1.06594e-56 4.1932e-57 1.64858e-57 6.47783e-58 2.54394e-58 9.98491e-59 3.91693e-59 1.53573e-59 6.01799e-60 2.35701e-60 9.2267e-61 3.61001e-61 1.41173e-61 5.51794e-62 2.15569e-62 8.41754e-63 3.28529e-63 1.2816e-63 4.99722e-64 1.9476e-64 7.587e-65 2.95421e-65 1.14978e-65 4.47297e-66 1.73934e-66 6.76051e-67 2.62656e-67 1.02002e-67 3.95951e-68 1.53636e-68 5.95885e-69 2.31021e-69 8.95286e-70 3.46812e-70 1.34293e-70 5.19798e-71 2.01115e-71 7.77826e-72 3.00711e-72 1.16211e-72 4.48927e-73 1.73355e-73 6.69162e-74 2.58202e-74 9.95918e-75 3.83993e-75 1.47999e-75 5.70205e-76 2.19604e-76 8.45451e-77 3.25368e-77 1.2517e-77 4.81352e-78 1.8504e-78 7.11064e-79 2.73144e-79 1.04885e-79 4.02603e-80 1.54483e-80 5.92547e-81 2.27199e-81 8.70824e-82 3.33653e-82 1.27791e-82 4.89265e-83 1.8725e-83 7.16302e-84 2.73742e-84 1.04185e-84 3.87716e-85 1.25438e-85 0. 
-2.543e+06 -1.10359e+06 -21574.9 -239965. -552885. -644887. -567656. -425937. -287357. -179210. -104959. -58264.1 -30810.9 -15550.8 -7482.37 -3414.91 -1461.62 -572.493 -193.227 -45.3627 4.1712 15.5673 14.2964 10.1803 6.44991 3.81061 2.14598 1.16616 0.616164 0.318181 0.161174 0.0803107 0.0394517 0.0191406 0.00918546 0.00436588 0.00205765 0.000962618 0.000447436 0.000206815 9.51382e-05 4.35889e-05 1.99041e-05 9.06412e-06 4.11881e-06 1.86853e-06 8.46638e-07 3.83289e-07 1.73427e-07 7.84458e-08 3.54778e-08 1.60444e-08 7.25593e-09 3.28143e-09 1.48394e-09 6.70995e-10 3.03338e-10 1.37085e-10 6.19221e-11 2.79536e-11 1.26097e-11 5.68311e-12 2.55874e-12 1.15073e-12 5.16861e-13 2.3184e-13 1.03842e-13 4.64403e-14 2.07359e-14 9.24335e-15 4.11332e-15 1.82722e-15 8.10239e-16 3.58626e-16 1.58442e-16 6.98695e-17 3.07532e-17 1.35106e-17 5.92433e-18 2.59288e-18 1.13268e-18 4.93869e-19 2.14933e-19 9.33652e-20 4.0482e-20 1.75203e-20 7.5688e-21 3.26384e-21 1.40492e-21 6.03683e-22 2.58944e-22 1.10879e-22 4.73974e-23 2.02268e-23 8.61743e-24 3.66537e-24 1.55653e-24 6.5994e-25 2.79366e-25 1.18079e-25 4.98328e-26 2.09995e-26 8.83623e-27 3.71278e-27 1.55782e-27 6.52724e-28 2.73117e-28 1.14126e-28 4.76267e-29 1.98496e-29 8.26232e-30 3.43487e-30 1.42622e-30 5.91481e-31 2.45009e-31 1.01372e-31 4.18952e-32 1.72951e-32 7.13192e-33 2.9378e-33 1.20887e-33 4.96919e-34 2.04056e-34 8.37099e-35 3.43066e-35 1.40462e-35 5.74545e-36 2.34792e-36 9.58615e-37 3.91034e-37 1.59369e-37 6.48965e-38 2.64047e-38 1.07348e-38 4.36088e-39 1.77024e-39 7.18094e-40 2.91091e-40 1.17919e-40 4.77366e-41 1.93124e-41 7.80804e-42 3.15477e-42 1.27383e-42 5.14011e-43 2.07274e-43 8.3527e-44 3.36365e-44 1.35361e-44 5.4434e-45 2.18743e-45 8.78382e-46 3.52462e-46 1.41325e-46 5.66237e-47 2.267e-47 9.06934e-48 3.62553e-48 1.44823e-48 5.78064e-49 2.30562e-49 9.18915e-50 3.65965e-50 1.45641e-50 5.79178e-51 2.30158e-51 9.13968e-52 3.62685e-52 1.43822e-52 5.69931e-53 2.25697e-53 8.93178e-54 3.53236e-54 1.39607e-54 5.51409e-55 2.17653e-55 8.58591e-56 3.38486e-56 1.33362e-56 5.25126e-57 2.06652e-57 8.12761e-58 3.19476e-58 1.25507e-58 4.9278e-59 1.93375e-59 7.58423e-60 2.97296e-60 1.16476e-60 4.56095e-61 1.78505e-61 6.98267e-62 2.73007e-62 1.06686e-62 4.16705e-63 1.62681e-63 6.34798e-64 2.47586e-64 9.65189e-65 3.76093e-65 1.4648e-65 5.70244e-66 2.21895e-66 8.63059e-67 3.35537e-67 1.30392e-67 5.06491e-68 1.96655e-68 7.6323e-69 2.96089e-69 1.14817e-69 4.45054e-70 1.72441e-70 6.67867e-71 2.58563e-71 1.00062e-71 3.87076e-72 1.49677e-72 5.78553e-73 2.23544e-73 8.63406e-74 3.3335e-74 1.28653e-74 4.96336e-75 1.91411e-75 7.37896e-76 2.84355e-76 1.09538e-76 4.21801e-77 1.62364e-77 6.2476e-78 2.40312e-78 9.24016e-79 3.5516e-79 1.36462e-79 5.24129e-80 2.01237e-80 7.7236e-81 2.96329e-81 1.1365e-81 4.35723e-82 1.6699e-82 6.39757e-83 2.45006e-83 9.37875e-84 3.58699e-84 1.36686e-84 5.10025e-85 1.66045e-85 0. 
-2.543e+06 -1.11119e+06 -168288. -393283. -628850. -651194. -538951. -389452. -256488. -157589. -91556.5 -50697.5 -26870.3 -13652.5 -6642.7 -3082.05 -1351.21 -549.357 -198.555 -56.3399 -5.15907 9.23793 10.4626 8.02026 5.29533 3.21866 1.85292 1.02547 0.550484 0.288316 0.147937 0.0745919 0.0370454 0.0181564 0.00879547 0.00421705 0.0020035 0.000944189 0.000441804 0.000205438 9.50094e-05 4.37331e-05 2.00501e-05 9.1615e-06 4.17463e-06 1.89803e-06 8.61461e-07 3.90477e-07 1.76824e-07 8.00206e-08 3.61975e-08 1.63699e-08 7.40207e-09 3.34678e-09 1.51312e-09 6.84035e-10 3.09182e-10 1.39715e-10 6.31123e-11 2.84956e-11 1.2858e-11 5.79761e-12 2.61182e-12 1.17545e-12 5.28416e-13 2.37254e-13 1.06383e-13 4.76339e-14 2.12964e-14 9.50632e-15 4.23652e-15 1.88483e-15 8.37115e-16 3.71134e-16 1.64246e-16 7.25554e-17 3.19923e-17 1.40805e-17 6.18562e-18 2.71231e-18 1.18709e-18 5.18586e-19 2.26126e-19 9.84182e-20 4.27563e-20 1.85409e-20 8.02547e-21 3.46759e-21 1.49557e-21 6.439e-22 2.76738e-22 1.18731e-22 5.08531e-23 2.17437e-23 9.28165e-24 3.95548e-24 1.68293e-24 7.14886e-25 3.03194e-25 1.28389e-25 5.42834e-26 2.29166e-26 9.66027e-27 4.06623e-27 1.70911e-27 7.17356e-28 3.00673e-28 1.25852e-28 5.26071e-29 2.19611e-29 9.15589e-30 3.81236e-30 1.58542e-30 6.58509e-31 2.73184e-31 1.13197e-31 4.68498e-32 1.9368e-32 7.99791e-33 3.29905e-33 1.35935e-33 5.59519e-34 2.30061e-34 9.44992e-35 3.87771e-35 1.58962e-35 6.51011e-36 2.6636e-36 1.08878e-36 4.44644e-37 1.81422e-37 7.39581e-38 3.01235e-38 1.22591e-38 4.98495e-39 2.02543e-39 8.22323e-40 3.33614e-40 1.35249e-40 5.47924e-41 2.21824e-41 8.97445e-42 3.62845e-42 1.46606e-42 5.91971e-43 2.38874e-43 9.63287e-44 3.88203e-44 1.56342e-44 6.2922e-45 2.53068e-45 1.01712e-45 4.08516e-46 1.63961e-46 6.57604e-47 2.63559e-47 1.05554e-47 4.22435e-48 1.68938e-48 6.7511e-49 2.6959e-49 1.07576e-49 4.28953e-50 1.70917e-50 6.8053e-51 2.70767e-51 1.07655e-51 4.27723e-52 1.69819e-52 6.73762e-53 2.67134e-53 1.05841e-53 4.19072e-54 1.65819e-54 6.55686e-55 2.59105e-55 1.02324e-55 4.03838e-56 1.59282e-56 6.27854e-57 2.47337e-57 9.73777e-58 3.83155e-58 1.50674e-58 5.92178e-59 2.32606e-59 9.1316e-60 3.58289e-60 1.40503e-60 5.50683e-61 2.15719e-61 8.44594e-62 3.30508e-62 1.29269e-62 5.05344e-63 1.97453e-63 7.71125e-64 3.01005e-64 1.17439e-64 4.5798e-65 1.78515e-65 6.95503e-66 2.70847e-66 1.05427e-66 4.10185e-67 1.5952e-67 6.20098e-68 2.40943e-68 9.35793e-69 3.63295e-69 1.40979e-69 5.46847e-70 2.1203e-70 8.21768e-71 3.18363e-71 1.23288e-71 4.77248e-72 1.84669e-72 7.14287e-73 2.76172e-73 1.06738e-73 4.12372e-74 1.59255e-74 6.14795e-75 2.37249e-75 9.15193e-76 3.52906e-76 1.36032e-76 5.24161e-77 2.01896e-77 7.77372e-78 2.99207e-78 1.15121e-78 4.42772e-79 1.70235e-79 6.54271e-80 2.51368e-80 9.65397e-81 3.70634e-81 1.42242e-81 5.45701e-82 2.09279e-82 8.02305e-83 3.07464e-83 1.17779e-83 4.50833e-84 1.72038e-84 6.44334e-85 2.11961e-85 0. 
-2.543e+06 -979097. -382906. -640662. -774223. -696958. -527431. -357195. -223886. -132397. -74706.8 -40483.7 -21136.8 -10640.1 -5155.67 -2393.9 -1055.71 -434.603 -160.908 -48.374 -6.78634 5.67504 7.39787 5.91707 4.00276 2.47676 1.4471 0.811461 0.440893 0.233546 0.121126 0.0617003 0.0309432 0.0153074 0.00748135 0.00361729 0.00173227 0.000822484 0.000387545 0.000181372 8.43759e-05 3.90466e-05 1.79873e-05 8.25362e-06 3.77467e-06 1.72151e-06 7.83348e-07 3.55804e-07 1.61381e-07 7.3119e-08 3.31029e-08 1.49783e-08 6.77474e-09 3.06344e-09 1.38498e-09 6.2604e-10 2.82932e-10 1.27839e-10 5.77442e-11 2.60724e-11 1.17661e-11 5.30651e-12 2.39145e-12 1.0768e-12 4.84375e-13 2.17646e-13 9.76774e-14 4.37797e-14 1.95951e-14 8.7576e-15 3.908e-15 1.74113e-15 7.74445e-16 3.43886e-16 1.52436e-16 6.74522e-17 2.97941e-17 1.31365e-17 5.78154e-18 2.53987e-18 1.11375e-18 4.87487e-19 2.12983e-19 9.28819e-20 4.04321e-20 1.75684e-20 7.62001e-21 3.29913e-21 1.42584e-21 6.15139e-22 2.64921e-22 1.13896e-22 4.88825e-23 2.09441e-23 8.95866e-24 3.82564e-24 1.631e-24 6.94228e-25 2.95025e-25 1.25179e-25 5.30315e-26 2.24322e-26 9.47453e-27 3.99576e-27 1.68271e-27 7.07612e-28 2.97145e-28 1.24606e-28 5.21814e-29 2.18228e-29 9.11448e-30 3.80181e-30 1.58378e-30 6.58956e-31 2.73832e-31 1.13654e-31 4.71164e-32 1.95098e-32 8.06929e-33 3.33373e-33 1.37577e-33 5.67137e-34 2.33544e-34 9.60714e-35 3.94796e-35 1.62074e-35 6.64694e-36 2.72337e-36 1.11474e-36 4.5586e-37 1.86246e-37 7.60234e-38 3.10042e-38 1.26333e-38 5.14332e-39 2.09224e-39 8.50408e-40 3.45386e-40 1.40169e-40 5.68429e-41 2.30351e-41 9.32822e-42 3.77494e-42 1.52662e-42 6.16969e-43 2.4918e-43 1.00573e-43 4.05665e-44 1.63521e-44 6.58716e-45 2.65179e-45 1.06683e-45 4.28905e-46 1.7232e-46 6.91857e-47 2.77587e-47 1.11296e-47 4.45921e-48 1.78538e-48 7.14321e-49 2.85593e-49 1.14101e-49 4.55536e-50 1.81737e-50 7.2452e-51 2.88634e-51 1.14904e-51 4.57105e-52 1.81715e-52 7.2187e-53 2.86568e-53 1.13683e-53 4.50681e-54 1.78546e-54 7.0687e-55 2.79669e-55 1.10577e-55 4.36925e-56 1.72533e-56 6.80873e-57 2.68529e-57 1.0584e-57 4.16915e-58 1.64129e-58 6.45759e-59 2.53924e-59 9.97901e-60 3.91946e-60 1.53859e-60 6.03645e-61 2.36703e-61 9.2767e-62 3.63373e-62 1.42261e-62 5.56663e-63 2.1771e-63 8.51031e-64 3.32503e-64 1.29847e-64 5.06823e-65 1.97729e-65 7.71045e-66 3.00527e-66 1.17081e-66 4.55918e-67 1.77456e-67 6.90396e-68 2.6848e-68 1.0436e-68 4.05478e-69 1.57475e-69 6.11323e-70 2.37217e-70 9.20106e-71 3.56738e-71 1.38255e-71 5.35596e-72 2.07404e-72 8.02828e-73 3.10638e-73 1.20148e-73 4.64523e-74 1.79527e-74 6.9356e-75 2.67838e-75 1.03394e-75 3.98982e-76 1.53904e-76 5.93447e-77 2.28746e-77 8.81382e-78 3.39481e-78 1.30709e-78 5.03083e-79 1.93559e-79 7.44443e-80 2.86214e-80 1.10001e-80 4.22612e-81 1.62306e-81 6.23116e-82 2.39138e-82 9.17432e-83 3.51837e-83 1.34878e-83 5.16738e-84 1.97507e-84 7.43454e-85 2.48776e-85 0. 
-2.543e+06 -210874. -450915. -863392. -924524. -752198. -522401. -327270. -190649. -105169. -55555.3 -28289.5 -13930.8 -6635.37 -3047.82 -1340.3 -556.175 -211.33 -68.1915 -13.7777 3.79701 7.36206 6.39944 4.51604 2.87784 1.72223 0.986409 0.546524 0.29489 0.15566 0.0806451 0.041108 0.0206567 0.0102486 0.00502704 0.00244059 0.00117395 0.000559969 0.000265093 0.000124647 5.82532e-05 2.70773e-05 1.25259e-05 5.7702e-06 2.64844e-06 1.2118e-06 5.53003e-07 2.51807e-07 1.14453e-07 5.19463e-08 2.35498e-08 1.06668e-08 4.82817e-09 2.18426e-09 9.87744e-10 4.46513e-10 2.01783e-10 9.11577e-11 4.11665e-11 1.85829e-11 8.38423e-12 3.78057e-12 1.70354e-12 7.67008e-13 3.45031e-13 1.55053e-13 6.96021e-14 3.12065e-14 1.39737e-14 6.24863e-15 2.7902e-15 1.24404e-15 5.53808e-16 2.46143e-16 1.0922e-16 4.83821e-17 2.13957e-17 9.44529e-18 4.1624e-18 1.83107e-18 8.04073e-19 3.52461e-19 1.54224e-19 6.73623e-20 2.93702e-20 1.27827e-20 5.55356e-21 2.40853e-21 1.04273e-21 4.50645e-22 1.94422e-22 8.37361e-23 3.60032e-23 1.54539e-23 6.62232e-24 2.83313e-24 1.21008e-24 5.16017e-25 2.19695e-25 9.33891e-26 3.96367e-26 1.67971e-26 7.10751e-27 3.00299e-27 1.26693e-27 5.33737e-28 2.24535e-28 9.43261e-29 3.95715e-29 1.65785e-29 6.9363e-30 2.89829e-30 1.20947e-30 5.04079e-31 2.09827e-31 8.72351e-32 3.62242e-32 1.50242e-32 6.22416e-33 2.57557e-33 1.06458e-33 4.39545e-34 1.81284e-34 7.4688e-35 3.0739e-35 1.26381e-35 5.19079e-36 2.12988e-36 8.73074e-37 3.57545e-37 1.46285e-37 5.97954e-38 2.44196e-38 9.96377e-39 4.0619e-39 1.65449e-39 6.73341e-40 2.73813e-40 1.11257e-40 4.51721e-41 1.83267e-41 7.42991e-42 3.01004e-42 1.2186e-42 4.93005e-43 1.99321e-43 8.05319e-44 3.25162e-44 1.31205e-44 5.29079e-45 2.13212e-45 8.58658e-46 3.45579e-46 1.38992e-46 5.58657e-47 2.24394e-47 9.00711e-48 3.61297e-48 1.44826e-48 5.80134e-49 2.32224e-49 9.28931e-50 3.71325e-50 1.48326e-50 5.92071e-51 2.36169e-51 9.4138e-52 3.74973e-52 1.49255e-52 5.93685e-53 2.35982e-53 9.3735e-54 3.72071e-54 1.47589e-54 5.85047e-55 2.31759e-55 9.17479e-56 3.6297e-56 1.43505e-56 5.67001e-57 2.23886e-57 8.83487e-58 3.48423e-58 1.37325e-58 5.40918e-59 2.1294e-59 8.37778e-60 3.2942e-60 1.29457e-60 5.08458e-61 1.99593e-61 7.83063e-62 3.07053e-62 1.20337e-62 4.71362e-63 1.84537e-63 7.22089e-64 2.82407e-64 1.10393e-64 4.31314e-65 1.68435e-65 6.57443e-66 2.56494e-66 1.00021e-66 3.8985e-67 1.51881e-67 5.91442e-68 2.30209e-68 8.95648e-69 3.48305e-69 1.35391e-69 5.26055e-70 2.04308e-70 7.93149e-71 3.0778e-71 1.19383e-71 4.62878e-72 1.79395e-72 6.94991e-73 2.69136e-73 1.04181e-73 4.03122e-74 1.55924e-74 6.02862e-75 2.33e-75 9.00172e-76 3.4764e-76 1.34205e-76 5.17898e-77 1.99782e-77 7.70383e-78 2.96959e-78 1.14426e-78 4.40753e-79 1.69709e-79 6.53218e-80 2.51335e-80 9.66697e-81 3.71682e-81 1.42855e-81 5.48865e-82 2.10804e-82 8.09353e-83 3.10628e-83 1.19174e-83 4.56993e-84 1.74973e-84 6.62827e-85 2.2797e-85 0. 
-2.543e+06 -236259. -43515.6 -593554. -835343. -757131. -552506. -351920. -203316. -108739. -54413.3 -25573.5 -11255.7 -4581.02 -1668.2 -494.083 -71.9835 50.0509 65.6892 51.3896 33.8635 20.4009 11.6136 6.35296 3.37242 1.7482 0.888776 0.44452 0.219232 0.106812 0.0514847 0.0245816 0.0116378 0.00546833 0.00255224 0.00118413 0.000546494 0.000251055 0.000114872 5.23816e-05 2.38176e-05 1.08043e-05 4.89196e-06 2.21177e-06 9.98933e-07 4.50832e-07 2.03373e-07 9.17205e-08 4.13619e-08 1.86526e-08 8.41199e-09 3.79384e-09 1.71103e-09 7.71608e-10 3.47896e-10 1.56804e-10 7.06406e-11 3.18036e-11 1.43073e-11 6.43024e-12 2.88687e-12 1.29449e-12 5.7968e-13 2.59208e-13 1.15728e-13 5.15844e-14 2.29542e-14 1.01963e-14 4.52102e-15 2.00092e-15 8.83914e-16 3.89733e-16 1.71512e-16 7.53338e-17 3.30255e-17 1.44503e-17 6.3106e-18 2.75065e-18 1.19668e-18 5.19636e-19 2.25221e-19 9.74342e-20 4.20741e-20 1.81354e-20 7.80289e-21 3.35126e-21 1.43679e-21 6.14919e-22 2.6272e-22 1.12054e-22 4.77118e-23 2.02816e-23 8.6072e-24 3.64683e-24 1.54267e-24 6.5154e-25 2.74745e-25 1.15678e-25 4.86305e-26 2.04134e-26 8.5562e-27 3.58107e-27 1.49665e-27 6.24619e-28 2.60318e-28 1.08342e-28 4.50302e-29 1.8691e-29 7.7481e-30 3.20773e-30 1.32633e-30 5.47725e-31 2.25914e-31 9.30679e-32 3.82951e-32 1.57392e-32 6.46135e-33 2.64958e-33 1.0853e-33 4.44072e-34 1.81507e-34 7.411e-35 3.02283e-35 1.23171e-35 5.01385e-36 2.03896e-36 8.28376e-37 3.36231e-37 1.36347e-37 5.52402e-38 2.23603e-38 9.0431e-39 3.65411e-39 1.47529e-39 5.95129e-40 2.39878e-40 9.66096e-41 3.88786e-41 1.56339e-41 6.28198e-42 2.52236e-42 1.01206e-42 4.05792e-43 1.62593e-43 6.51044e-44 2.60516e-44 1.04179e-44 4.16344e-45 1.66286e-45 6.63731e-46 2.64769e-46 1.05555e-46 4.20568e-47 1.67469e-47 6.66459e-48 2.65067e-48 1.05361e-48 4.18544e-49 1.66167e-49 6.59301e-50 2.61432e-50 1.03602e-50 4.1031e-51 1.624e-51 6.42374e-52 2.53933e-52 1.00318e-52 3.96061e-53 1.56269e-53 6.16182e-54 2.42813e-54 9.56222e-55 3.76334e-55 1.48018e-55 5.81813e-56 2.2855e-56 8.97246e-57 3.52025e-57 1.38029e-57 5.4088e-58 2.11822e-58 8.29053e-59 3.24292e-59 1.26775e-59 4.95314e-60 1.93409e-60 7.54789e-61 2.94394e-61 1.1476e-61 4.47108e-62 1.74099e-62 6.77558e-63 2.63551e-63 1.0246e-63 3.9812e-64 1.54614e-64 6.00157e-65 2.32841e-65 9.02894e-66 3.49945e-66 1.35565e-66 5.24914e-67 2.03151e-67 7.85859e-68 3.03855e-68 1.17432e-68 4.53634e-69 1.75157e-69 6.76013e-70 2.60788e-70 1.00561e-70 3.87598e-71 1.4933e-71 5.75075e-72 2.2137e-72 8.51784e-73 3.27612e-73 1.25954e-73 4.84045e-74 1.85945e-74 7.14016e-75 2.74068e-75 1.05157e-75 4.03318e-76 1.54628e-76 5.92602e-77 2.27023e-77 8.69388e-78 3.32807e-78 1.27353e-78 4.87152e-79 1.86277e-79 7.12023e-80 2.72064e-80 1.03918e-80 3.96781e-81 1.51445e-81 5.77836e-82 2.20394e-82 8.40308e-83 3.20276e-83 1.22027e-83 4.64764e-84 1.76948e-84 6.73354e-85 2.55949e-85 9.68352e-86 3.57432e-86 1.13707e-86 0. 
-2.543e+06 -989433. -12862.6 -327392. -670088. -727358. -595512. -412211. -253975. -143086. -74795.2 -36522. -16659.3 -7039.69 -2690.97 -872.039 -185.736 31.9668 75.3331 64.7035 44.1745 27.0423 15.5003 8.49405 4.50298 2.32665 1.17761 0.58599 0.287461 0.139311 0.0668099 0.0317503 0.0149696 0.00700896 0.0032618 0.00150991 0.000695712 0.000319274 0.000146015 6.65823e-05 3.02866e-05 1.37488e-05 6.23112e-06 2.8204e-06 1.27535e-06 5.76282e-07 2.60266e-07 1.17504e-07 5.30375e-08 2.39357e-08 1.08007e-08 4.87298e-09 2.19814e-09 9.91295e-10 4.46884e-10 2.01363e-10 9.06792e-11 4.08054e-11 1.83465e-11 8.2406e-12 3.69724e-12 1.65676e-12 7.41408e-13 3.31305e-13 1.4782e-13 6.58477e-14 2.92834e-14 1.30002e-14 5.76118e-15 2.54851e-15 1.12529e-15 4.95947e-16 2.1817e-16 9.57941e-17 4.19824e-17 1.83645e-17 8.01823e-18 3.49436e-18 1.52003e-18 6.59991e-19 2.86042e-19 1.23747e-19 5.34396e-20 2.30366e-20 9.91314e-21 4.25842e-21 1.82616e-21 7.81789e-22 3.34126e-22 1.42564e-22 6.07286e-23 2.58269e-23 1.09662e-23 4.64887e-24 1.96771e-24 8.31572e-25 3.50894e-25 1.47842e-25 6.2197e-26 2.61278e-26 1.09599e-26 4.59077e-27 1.92022e-27 8.02067e-28 3.34558e-28 1.39362e-28 5.79741e-29 2.40853e-29 9.9932e-30 4.14096e-30 1.71375e-30 7.08364e-31 2.92437e-31 1.20583e-31 4.96617e-32 2.04292e-32 8.39422e-33 3.44523e-33 1.41245e-33 5.78432e-34 2.36626e-34 9.6697e-35 3.94737e-35 1.60974e-35 6.55784e-36 2.66891e-36 1.08513e-36 4.40771e-37 1.78869e-37 7.25191e-38 2.93748e-38 1.1888e-38 4.80686e-39 1.94195e-39 7.83871e-40 3.16147e-40 1.27403e-40 5.13001e-41 2.06402e-41 8.29804e-42 3.33355e-42 1.33819e-42 5.36797e-43 2.15177e-43 8.61942e-44 3.45037e-44 1.38027e-44 5.51793e-45 2.20451e-45 8.80186e-46 3.51211e-46 1.40054e-46 5.58167e-47 2.22317e-47 8.84965e-48 3.52066e-48 1.39981e-48 5.5624e-49 2.20904e-49 8.76781e-50 3.47798e-50 1.37882e-50 5.46308e-51 2.16327e-51 8.56107e-52 3.38601e-52 1.33841e-52 5.28728e-53 2.08744e-53 8.23638e-54 3.24786e-54 1.27996e-54 5.04116e-55 1.98428e-55 7.80576e-56 3.06877e-56 1.20574e-56 4.73455e-57 1.858e-57 7.28709e-58 2.85631e-58 1.11892e-58 4.38066e-59 1.71406e-59 6.70288e-60 2.61968e-60 1.02326e-60 3.99465e-61 1.55858e-61 6.07768e-62 2.36868e-62 9.22656e-63 3.59201e-63 1.39767e-63 5.4355e-64 2.11275e-64 8.20785e-65 3.18705e-65 1.23688e-65 4.79785e-66 1.86016e-66 7.2084e-67 2.792e-67 1.08089e-67 4.18255e-68 1.61769e-68 6.25381e-69 2.41653e-69 9.33344e-70 3.60324e-70 1.39043e-70 5.36304e-71 2.06767e-71 7.96824e-72 3.06941e-72 1.18185e-72 4.54867e-73 1.74994e-73 6.7295e-74 2.5868e-74 9.9395e-75 3.8176e-75 1.46569e-75 5.62498e-76 2.15789e-76 8.27497e-77 3.17201e-77 1.21545e-77 4.65556e-78 1.78256e-78 6.82261e-79 2.61033e-79 9.98343e-80 3.81684e-80 1.45871e-80 5.57282e-81 2.12826e-81 8.12488e-82 3.10066e-82 1.18287e-82 4.51091e-83 1.71964e-83 6.55325e-84 2.49638e-84 9.50485e-85 3.61464e-85 1.36798e-85 5.05011e-86 1.61075e-86 0. 
-2.543e+06 -1.10298e+06 16192.1 -231583. -606132. -718501. -622412. -450312. -288203. -168069. -90767.5 -45770.9 -21592.2 -9480.63 -3811.08 -1343.79 -362.793 -22.4097 66.2766 69.1674 50.6156 32.1305 18.8292 10.4689 5.60405 2.91425 1.48103 0.738678 0.362717 0.175779 0.0842374 0.0399832 0.0188223 0.00879804 0.00408744 0.00188906 0.000869162 0.000398392 0.000182028 8.29496e-05 3.77178e-05 1.71205e-05 7.76037e-06 3.51382e-06 1.58972e-06 7.18789e-07 3.24856e-07 1.46772e-07 6.62961e-08 2.99395e-08 1.35181e-08 6.10215e-09 2.75375e-09 1.24224e-09 5.60127e-10 2.52416e-10 1.1367e-10 5.11472e-11 2.29928e-11 1.03254e-11 4.63141e-12 2.07475e-12 9.28164e-13 4.14619e-13 1.84929e-13 8.23495e-14 3.66094e-14 1.62472e-14 7.1978e-15 3.18304e-15 1.40506e-15 6.19088e-16 2.72274e-16 1.19524e-16 5.23719e-17 2.29054e-17 9.99942e-18 4.35727e-18 1.89523e-18 8.22854e-19 3.56619e-19 1.54281e-19 6.66281e-20 2.8724e-20 1.23619e-20 5.31111e-21 2.278e-21 9.75437e-22 4.16995e-22 1.77974e-22 7.58375e-23 3.22643e-23 1.3705e-23 5.81252e-24 2.46141e-24 1.04075e-24 4.394e-25 1.85239e-25 7.79776e-26 3.27779e-26 1.37586e-26 5.7671e-27 2.41399e-27 1.00906e-27 4.21224e-28 1.75601e-28 7.31081e-29 3.03976e-29 1.26227e-29 5.23498e-30 2.16837e-30 8.97049e-31 3.70654e-31 1.52968e-31 6.30545e-32 2.59612e-32 1.06766e-32 4.38583e-33 1.79963e-33 7.37627e-34 3.02008e-34 1.2352e-34 5.04655e-35 2.05966e-35 8.39743e-36 3.42023e-36 1.39167e-36 5.65709e-37 2.29739e-37 9.3211e-38 3.77831e-38 1.53015e-38 6.19131e-39 2.50293e-39 1.01098e-39 4.08004e-40 1.64522e-40 6.62872e-41 2.66861e-41 1.07348e-41 4.31489e-42 1.73306e-42 6.95555e-43 2.78953e-43 1.11794e-43 4.47715e-44 1.79178e-44 7.16594e-45 2.86401e-45 1.14391e-45 4.56599e-46 1.8214e-46 7.26116e-47 2.89297e-47 1.15192e-47 4.584e-48 1.82311e-48 7.24652e-49 2.8787e-49 1.14292e-49 4.53511e-50 1.79851e-50 7.1284e-51 2.82375e-51 1.11793e-51 4.42338e-52 1.74924e-52 6.91345e-53 2.73082e-53 1.07806e-53 4.25347e-54 1.67723e-54 6.60987e-55 2.6034e-55 1.0248e-55 4.03165e-56 1.58517e-56 6.22899e-57 2.44629e-57 9.60164e-58 3.76645e-58 1.47662e-58 5.78573e-59 2.26567e-59 8.86726e-60 3.46845e-60 1.35593e-60 5.29778e-61 2.06875e-61 8.07391e-62 3.14935e-62 1.22778e-62 4.78393e-63 1.86301e-63 7.2513e-64 2.82089e-64 1.09681e-64 4.26233e-65 1.65555e-65 6.42711e-66 2.49385e-66 9.67178e-67 3.74911e-67 1.45257e-67 5.62515e-68 2.17732e-68 8.42373e-69 3.25748e-69 1.25908e-69 4.86438e-70 1.87846e-70 7.25066e-71 2.79743e-71 1.07881e-71 4.15856e-72 1.60232e-72 6.17118e-73 2.37575e-73 9.14217e-74 3.51653e-74 1.35207e-74 5.19643e-75 1.99634e-75 7.6663e-76 2.94282e-76 1.12919e-76 4.33113e-77 1.6606e-77 6.36442e-78 2.4383e-78 9.33788e-79 3.57475e-79 1.36798e-79 5.233e-80 2.00107e-80 7.64913e-81 2.92283e-81 1.11645e-81 4.263e-82 1.62718e-82 6.20873e-83 2.36818e-83 9.02964e-84 3.44161e-84 1.31109e-84 4.98879e-85 1.88918e-85 6.98073e-86 2.23243e-86 0. 
-2.543e+06 -1.09426e+06 49635.8 -190919. -583787. -721401. -642572. -476344. -312067. -186291. -103060. -53312.8 -25868.1 -11739.8 -4926.5 -1856.77 -579.867 -104.32 41.0631 65.0878 52.8971 35.3411 21.376 12.1489 6.61009 3.48055 1.78609 0.897603 0.443352 0.21582 0.103769 0.0493701 0.0232774 0.0108905 0.00506168 0.0023394 0.00107611 0.00049305 0.000225167 0.000102557 4.66118e-05 2.11497e-05 9.5842e-06 4.33905e-06 1.96307e-06 8.87708e-07 4.01293e-07 1.81365e-07 8.19545e-08 3.70274e-08 1.67261e-08 7.55386e-09 3.41044e-09 1.53914e-09 6.94272e-10 3.12976e-10 1.40984e-10 6.34533e-11 2.85307e-11 1.28143e-11 5.74847e-12 2.57538e-12 1.15219e-12 5.14707e-13 2.29573e-13 1.02229e-13 4.54466e-14 2.01687e-14 8.93492e-15 3.95116e-15 1.7441e-15 7.68459e-16 3.37965e-16 1.48362e-16 6.50084e-17 2.84327e-17 1.24128e-17 5.40915e-18 2.3529e-18 1.02164e-18 4.4281e-19 1.91591e-19 8.27513e-20 3.56802e-20 1.53582e-20 6.5997e-21 2.83131e-21 1.21266e-21 5.18544e-22 2.2138e-22 9.43642e-23 4.01605e-23 1.70656e-23 7.24077e-24 3.06758e-24 1.29766e-24 5.48141e-25 2.31203e-25 9.73812e-26 4.09583e-26 1.72029e-26 7.21545e-27 3.02226e-27 1.2642e-27 5.28106e-28 2.2032e-28 9.17959e-29 3.81974e-29 1.58742e-29 6.58883e-30 2.7314e-30 1.13092e-30 4.67683e-31 1.93177e-31 7.9698e-32 3.28424e-32 1.35184e-32 5.55805e-33 2.28263e-33 9.36421e-34 3.83738e-34 1.57083e-34 6.42333e-35 2.62376e-35 1.07059e-35 4.36386e-36 1.777e-36 7.229e-37 2.93797e-37 1.1929e-37 4.83899e-38 1.96113e-38 7.9408e-39 3.21246e-39 1.29847e-39 5.24385e-40 2.11594e-40 8.53088e-41 3.43661e-41 1.3833e-41 5.56364e-42 2.23596e-42 8.9792e-43 3.60317e-43 1.44482e-43 5.7893e-44 2.31809e-44 9.2754e-45 3.70884e-45 1.48201e-45 5.91808e-46 2.36172e-46 9.41891e-47 3.75407e-47 1.49533e-47 5.95265e-48 2.36824e-48 9.4164e-49 3.74191e-49 1.48612e-49 5.89882e-50 2.34009e-50 9.27808e-51 3.67656e-51 1.45608e-51 5.7635e-52 2.28007e-52 9.01512e-53 3.5625e-53 1.40702e-53 5.55397e-54 2.19113e-54 8.63956e-55 3.40467e-55 1.34096e-55 5.27857e-56 2.0767e-56 8.16563e-57 3.20895e-57 1.26036e-57 4.94746e-58 1.94101e-58 7.61081e-59 2.98259e-59 1.16819e-59 4.57291e-60 1.78909e-60 6.99572e-61 2.73397e-61 1.06787e-61 4.16877e-62 1.62653e-62 6.34281e-63 2.47212e-63 9.63003e-64 3.74935e-64 1.459e-64 5.67455e-65 2.20588e-65 8.57058e-66 3.32827e-66 1.29183e-66 5.01162e-67 1.94328e-67 7.53144e-68 2.91749e-68 1.12962e-68 4.37165e-69 1.69104e-69 6.5382e-70 2.52674e-70 9.76028e-71 3.76848e-71 1.45436e-71 5.61028e-72 2.16324e-72 8.33742e-73 3.21196e-73 1.23686e-73 4.76087e-74 1.83175e-74 7.04475e-75 2.70821e-75 1.04069e-75 3.99744e-76 1.53485e-76 5.89082e-77 2.26002e-77 8.6672e-78 3.32257e-78 1.27321e-78 4.8771e-79 1.86748e-79 7.148e-80 2.73496e-80 1.04606e-80 3.99943e-81 1.52856e-81 5.83992e-82 2.23036e-82 8.51501e-83 3.24967e-83 1.23976e-83 4.72792e-84 1.80213e-84 6.86114e-85 2.59984e-85 9.61438e-86 3.07898e-86 0. 
-2.543e+06 -1.0774e+06 71285.2 -173030. -576643. -726594. -656475. -493512. -328163. -199095. -112119. -59160.2 -29364. -13692.9 -5950.67 -2361.02 -811.809 -202.631 3.92134 53.7043 51.155 36.5041 22.9493 13.3956 7.43651 3.97882 2.06869 1.05102 0.5239 0.256994 0.12436 0.0594803 0.0281654 0.0132228 0.00616216 0.00285375 0.00131461 0.000602906 0.000275496 0.000125515 5.70495e-05 2.58832e-05 1.17272e-05 5.30812e-06 2.40102e-06 1.08558e-06 4.90699e-07 2.21771e-07 1.00221e-07 4.52874e-08 2.04623e-08 9.24403e-09 4.17503e-09 1.88497e-09 8.50635e-10 3.83637e-10 1.72894e-10 7.78509e-11 3.50202e-11 1.57359e-11 7.06211e-12 3.1652e-12 1.41662e-12 6.3307e-13 2.82466e-13 1.25826e-13 5.59548e-14 2.484e-14 1.10077e-14 4.86919e-15 2.14994e-15 9.47541e-16 4.16839e-16 1.83035e-16 8.0223e-17 3.50964e-17 1.5326e-17 6.68041e-18 2.90664e-18 1.26241e-18 5.47319e-19 2.36874e-19 1.02339e-19 4.41385e-20 1.90047e-20 8.16918e-21 3.50574e-21 1.50202e-21 6.42499e-22 2.74399e-22 1.17008e-22 4.98171e-23 2.11779e-23 8.98947e-24 3.81016e-24 1.61257e-24 6.815e-25 2.87605e-25 1.21203e-25 5.1007e-26 2.14362e-26 8.9966e-27 3.77074e-27 1.57833e-27 6.59784e-28 2.7545e-28 1.14849e-28 4.78261e-29 1.98911e-29 8.26256e-30 3.428e-30 1.4205e-30 5.87928e-31 2.43049e-31 1.00359e-31 4.13925e-32 1.70526e-32 7.01732e-33 2.88449e-33 1.18438e-33 4.85781e-34 1.99031e-34 8.14573e-35 3.3301e-35 1.35985e-35 5.54693e-36 2.26046e-36 9.20259e-37 3.74284e-37 1.52082e-37 6.17372e-38 2.50389e-38 1.01459e-38 4.10748e-39 1.66142e-39 6.71442e-40 2.71123e-40 1.09386e-40 4.40956e-41 1.77614e-41 7.14843e-42 2.87476e-42 1.1552e-42 4.63852e-43 1.86113e-43 7.46194e-44 2.9896e-44 1.19692e-44 4.78861e-45 1.91451e-45 7.6491e-46 3.05404e-46 1.21859e-46 4.85914e-47 1.93637e-47 7.71168e-48 3.06933e-48 1.2209e-48 4.85352e-49 1.92833e-49 7.65697e-50 3.03868e-50 1.20523e-50 4.77762e-51 1.89284e-51 7.49511e-52 2.96623e-52 1.17327e-52 4.63826e-53 1.83265e-53 7.23717e-54 2.85644e-54 1.12681e-54 4.44264e-55 1.75065e-55 6.89485e-56 2.71404e-56 1.06776e-56 4.19856e-57 1.65003e-57 6.4811e-58 2.54432e-58 9.98297e-59 3.91484e-59 1.53438e-59 6.01064e-60 2.35328e-60 9.20857e-61 3.60146e-61 1.40777e-61 5.49989e-62 2.14756e-62 8.3812e-63 3.26917e-63 1.27451e-63 4.96613e-64 1.93405e-64 7.52826e-65 2.92885e-65 1.13888e-65 4.42626e-66 1.7194e-66 6.67575e-67 2.59064e-67 1.00485e-67 3.89564e-68 1.50955e-68 5.84663e-69 2.26337e-69 8.75791e-70 3.3872e-70 1.30942e-70 5.05958e-71 1.95412e-71 7.54381e-72 2.91095e-72 1.12275e-72 4.32853e-73 1.66804e-73 6.42517e-74 2.47386e-74 9.52092e-75 3.66268e-75 1.40844e-75 5.41371e-76 2.08005e-76 7.98865e-77 3.06689e-77 1.17692e-77 4.51467e-78 1.73114e-78 6.6354e-79 2.54234e-79 9.73719e-80 3.72793e-80 1.42671e-80 5.45812e-81 2.08731e-81 7.9794e-82 3.04926e-82 1.16482e-82 4.44801e-83 1.69791e-83 6.47885e-84 2.47095e-84 9.41316e-85 3.56924e-85 1.32105e-85 4.23578e-86 0. 
-2.543e+06 -1.06898e+06 81327.7 -164556. -571885. -727282. -662235. -502193. -337331. -207072. -118200. -63354.4 -32029.9 -15272.9 -6829.95 -2821.98 -1039.36 -307.848 -41.0315 36.5174 45.7725 35.6035 23.4355 14.1028 8.00927 4.36389 2.30353 1.18558 0.597631 0.296043 0.144485 0.0696222 0.033181 0.0156637 0.00733388 0.00340962 0.00157566 0.000724454 0.000331679 0.000151327 6.88495e-05 3.12564e-05 1.41664e-05 6.41297e-06 2.90069e-06 1.31134e-06 5.92649e-07 2.67806e-07 1.2101e-07 5.46787e-08 2.47062e-08 1.11625e-08 5.04252e-09 2.27729e-09 1.02805e-09 4.63858e-10 2.09152e-10 9.42292e-11 4.24128e-11 1.90695e-11 8.56371e-12 3.84073e-12 1.7201e-12 7.69202e-13 3.43433e-13 1.53084e-13 6.81208e-14 3.02601e-14 1.3418e-14 5.93903e-15 2.6239e-15 1.15711e-15 5.09327e-16 2.23774e-16 9.81329e-17 4.29551e-17 1.87678e-17 8.18493e-18 3.5631e-18 1.54831e-18 6.71605e-19 2.90807e-19 1.25701e-19 5.4241e-20 2.33658e-20 1.00486e-20 4.31435e-21 1.84935e-21 7.91457e-22 3.38181e-22 1.44277e-22 6.14578e-23 2.61398e-23 1.11014e-23 4.7078e-24 1.99356e-24 8.42982e-25 3.55956e-25 1.50096e-25 6.32042e-26 2.65787e-26 1.1162e-26 4.68137e-27 1.96082e-27 8.20243e-28 3.42683e-28 1.42986e-28 5.95875e-29 2.48016e-29 1.03104e-29 4.28102e-30 1.77542e-30 7.35435e-31 3.04284e-31 1.25752e-31 5.19104e-32 2.14045e-32 8.81597e-33 3.62708e-33 1.49063e-33 6.11945e-34 2.50948e-34 1.02795e-34 4.20579e-35 1.71859e-35 7.01411e-36 2.86023e-36 1.16521e-36 4.74226e-37 1.92822e-37 7.83294e-38 3.17903e-38 1.28906e-38 5.22235e-39 2.11387e-39 8.54902e-40 3.45449e-40 1.39472e-40 5.62644e-41 2.2679e-41 9.13408e-42 3.67588e-42 1.47815e-42 5.93936e-43 2.38469e-43 9.56749e-44 3.8357e-44 1.53665e-44 6.15173e-45 2.46101e-45 9.83849e-46 3.93051e-46 1.5692e-46 6.26069e-47 2.49623e-47 9.94653e-48 3.96083e-48 1.57628e-48 6.26929e-49 2.49198e-49 9.89954e-50 3.93037e-50 1.55957e-50 6.18487e-51 2.4514e-51 9.71088e-52 3.84473e-52 1.52138e-52 6.01694e-53 2.37839e-53 9.39633e-54 3.71027e-54 1.46428e-54 5.77582e-55 2.27707e-55 8.97247e-56 3.53363e-56 1.39093e-56 5.47218e-57 2.15174e-57 8.45654e-58 3.32177e-58 1.30412e-58 5.11731e-59 2.00696e-59 7.86696e-60 3.08212e-60 1.20688e-60 4.72339e-61 1.84763e-61 7.22358e-62 2.82269e-62 1.10242e-62 4.30336e-63 1.67897e-63 6.5472e-64 2.55179e-64 9.94059e-65 3.87042e-65 1.50621e-65 5.85856e-66 2.27761e-66 8.85017e-67 3.43722e-67 1.33429e-67 5.177e-68 2.00768e-68 7.78219e-69 3.01509e-69 1.16759e-69 4.51934e-70 1.74846e-70 6.76134e-71 2.61342e-71 1.00968e-71 3.8991e-72 1.50503e-72 5.80675e-73 2.23937e-73 8.63235e-74 3.32614e-74 1.28105e-74 4.93175e-75 1.89781e-75 7.29997e-76 2.80677e-76 1.07873e-76 4.14418e-77 1.59143e-77 6.10886e-78 2.34401e-78 8.99051e-79 3.44698e-79 1.32106e-79 5.06102e-80 1.93814e-80 7.41939e-81 2.83913e-81 1.08603e-81 4.15272e-82 1.58732e-82 6.06506e-83 2.31658e-83 8.84485e-84 3.37536e-84 1.28668e-84 4.88242e-85 1.80897e-85 5.80938e-86 0. 
-2.543e+06 -1.0675e+06 83434.4 -159381. -563073. -718741. -657229. -501242. -339168. -210089. -121232. -65823.9 -33796.3 -16422.2 -7522.96 -3213.37 -1247.51 -412.222 -90.2118 14.9658 37.2003 32.6957 22.7681 14.1889 8.2644 4.59361 2.46539 1.28716 0.657037 0.329126 0.162244 0.0788822 0.0378959 0.0180171 0.00848879 0.0039682 0.00184245 0.000850506 0.000390681 0.000178725 8.14868e-05 3.70525e-05 1.68126e-05 7.61668e-06 3.4467e-06 1.55851e-06 7.04385e-07 3.18275e-07 1.43797e-07 6.49667e-08 2.93519e-08 1.3261e-08 5.99081e-09 2.70595e-09 1.22188e-09 5.51506e-10 2.48785e-10 1.12146e-10 5.05092e-11 2.27257e-11 1.02134e-11 4.58432e-12 2.05487e-12 9.19717e-13 4.11006e-13 1.83373e-13 8.16745e-14 3.63145e-14 1.61175e-14 7.14046e-15 3.15757e-15 1.39371e-15 6.14016e-16 2.70005e-16 1.18509e-16 5.19178e-17 2.27025e-17 9.90897e-18 4.31705e-18 1.8774e-18 8.14976e-19 3.53152e-19 1.52763e-19 6.5966e-20 2.84369e-20 1.2238e-20 5.25802e-21 2.25539e-21 9.65882e-22 4.12988e-22 1.76308e-22 7.51521e-23 3.19854e-23 1.3593e-23 5.76822e-24 2.44422e-24 1.03424e-24 4.37008e-25 1.84399e-25 7.77022e-26 3.26982e-26 1.37416e-26 5.76742e-27 2.41748e-27 1.01202e-27 4.23123e-28 1.76686e-28 7.36888e-29 3.06953e-29 1.27708e-29 5.30698e-30 2.20275e-30 9.13221e-31 3.78169e-31 1.56423e-31 6.46286e-32 2.66725e-32 1.09957e-32 4.52802e-33 1.86261e-33 7.65363e-34 3.14151e-34 1.28797e-34 5.27344e-35 2.15572e-35 8.79913e-36 3.58972e-36 1.46308e-36 5.95762e-37 2.4237e-37 9.85132e-38 4.00059e-38 1.6232e-38 6.58031e-39 2.66531e-39 1.07865e-39 4.36167e-40 1.76224e-40 7.11411e-41 2.86963e-41 1.1566e-41 4.65799e-42 1.87445e-42 7.53727e-43 3.02847e-43 1.21592e-43 4.87827e-44 1.95572e-44 7.83492e-45 3.13655e-45 1.25478e-45 5.01624e-46 2.00399e-46 8.00054e-47 3.19196e-47 1.27266e-47 5.07094e-48 2.01926e-48 8.03572e-49 3.1959e-49 1.27028e-49 5.04602e-50 2.0033e-50 7.9486e-51 3.15203e-51 1.24924e-51 4.94837e-52 1.95903e-52 7.75146e-53 3.06545e-53 1.21164e-53 4.78656e-54 1.88993e-54 7.45837e-55 2.94182e-55 1.15975e-55 4.56974e-56 1.79968e-56 7.08399e-57 2.78701e-57 1.09592e-57 4.30723e-58 1.69199e-58 6.64317e-59 2.60695e-59 1.02252e-59 4.00855e-60 1.57066e-60 6.15119e-61 2.40777e-61 9.41997e-62 3.68353e-62 1.43966e-62 5.62386e-63 2.19579e-63 8.56892e-64 3.34229e-64 1.30299e-64 5.0772e-65 1.97737e-65 7.69726e-66 2.9948e-66 1.16462e-66 4.52676e-67 1.75864e-67 6.82898e-68 2.65047e-68 1.0282e-68 3.98682e-69 1.54514e-69 5.98552e-70 2.31756e-70 8.96925e-71 3.4696e-71 1.34153e-71 5.1847e-72 2.00285e-72 7.73348e-73 2.98475e-73 1.15145e-73 4.44009e-74 1.71138e-74 6.59347e-75 2.53917e-75 9.77428e-76 3.7609e-76 1.44649e-76 5.56108e-77 2.13708e-77 8.20928e-78 3.15218e-78 1.20988e-78 4.64193e-79 1.78025e-79 6.82486e-80 2.61538e-80 1.00186e-80 3.83632e-81 1.46844e-81 5.61863e-82 2.14903e-82 8.21659e-83 3.14036e-83 1.19977e-83 4.5815e-84 1.74766e-84 6.63744e-85 2.46262e-85 7.92747e-86 0. 
-2.543e+06 -1.07185e+06 76097.2 -159229. -549687. -698953. -639214. -488856. -332439. -207367. -120739. -66284.6 -34494.2 -17041.1 -7972.39 -3503.35 -1419.4 -507.328 -139.71 -9.31335 26.0175 27.9152 20.9239 13.5932 8.14695 4.62874 2.52941 1.34113 0.693962 0.351884 0.175385 0.0861302 0.0417571 0.020018 0.00950245 0.00447204 0.00208885 0.000969335 0.000447302 0.000205425 9.39649e-05 4.28396e-05 1.94792e-05 8.83879e-06 4.00435e-06 1.81208e-06 8.19379e-07 3.70325e-07 1.67326e-07 7.55949e-08 3.41512e-08 1.54282e-08 6.96961e-09 3.14818e-09 1.42176e-09 6.41878e-10 2.89655e-10 1.30632e-10 5.88692e-11 2.65055e-11 1.19215e-11 5.35572e-12 2.40292e-12 1.07659e-12 4.81623e-13 2.15117e-13 9.59226e-14 4.26991e-14 1.89735e-14 8.4157e-15 3.72592e-15 1.64652e-15 7.2625e-16 3.19732e-16 1.40497e-16 6.16211e-17 2.6976e-17 1.17873e-17 5.14098e-18 2.23811e-18 9.72585e-19 4.21885e-19 1.8268e-19 7.89634e-20 3.40732e-20 1.46778e-20 6.31218e-21 2.71008e-21 1.16166e-21 4.97145e-22 2.12424e-22 9.06254e-23 3.86043e-23 1.64199e-23 6.97369e-24 2.9575e-24 1.25247e-24 5.2966e-25 2.23679e-25 9.4332e-26 3.97291e-26 1.67102e-26 7.0192e-27 2.94464e-27 1.23374e-27 5.1626e-28 2.15762e-28 9.00635e-29 3.75489e-29 1.5636e-29 6.50339e-30 2.70176e-30 1.12112e-30 4.64685e-31 1.92387e-31 7.95621e-32 3.28667e-32 1.35622e-32 5.59025e-33 2.30179e-33 9.46745e-34 3.88972e-34 1.59611e-34 6.53875e-35 2.67246e-35 1.08969e-35 4.44554e-36 1.81208e-36 7.38015e-37 3.00324e-37 1.22112e-37 4.96096e-38 2.01382e-38 8.16809e-39 3.31032e-39 1.3405e-39 5.42398e-40 2.19292e-40 8.85895e-41 3.57602e-41 1.44237e-41 5.81324e-42 2.34113e-42 9.42106e-43 3.78831e-43 1.52218e-43 6.11176e-44 2.45215e-44 9.83132e-45 3.93881e-45 1.57693e-45 6.30891e-46 2.5223e-46 1.00773e-46 4.02345e-47 1.60533e-47 6.40101e-48 2.55066e-48 1.01574e-48 4.04239e-49 1.60778e-49 6.39078e-50 2.53876e-50 1.00793e-50 3.99937e-51 1.586e-51 6.28592e-52 2.48996e-52 9.85776e-53 3.90057e-53 1.54257e-53 6.09717e-54 2.40871e-54 9.51075e-55 3.75336e-55 1.48048e-55 5.83663e-56 2.29986e-56 9.05779e-57 3.56553e-57 1.40284e-57 5.51665e-58 2.16834e-58 8.51847e-59 3.34488e-59 1.31276e-59 5.14959e-60 2.01904e-60 7.91232e-61 3.09918e-61 1.21332e-61 4.74774e-62 1.85689e-62 7.25886e-63 2.8362e-63 1.10762e-63 4.32345e-64 1.68677e-64 6.57761e-65 2.56369e-65 9.98737e-66 3.88887e-66 1.5135e-66 5.88751e-67 2.28912e-67 8.89604e-68 3.45553e-68 1.3416e-68 5.20625e-69 2.01939e-69 7.82903e-70 3.03383e-70 1.17509e-70 4.54934e-71 1.76045e-71 6.80925e-72 2.63254e-72 1.01731e-72 3.92948e-73 1.51713e-73 5.85482e-74 2.25847e-74 8.70808e-75 3.35615e-75 1.29292e-75 4.97869e-76 1.91634e-76 7.37305e-77 2.83556e-77 1.09005e-77 4.18869e-78 1.6089e-78 6.17739e-79 2.37085e-79 9.09555e-80 3.48804e-80 1.3371e-80 5.12358e-81 1.96253e-81 7.51434e-82 2.87607e-82 1.10038e-82 4.20847e-83 1.60892e-83 6.14809e-84 2.34702e-84 8.92304e-85 3.317e-85 1.07189e-85 0. 
-2.543e+06 -1.08416e+06 47996.5 -177583. -540313. -671369. -608533. -464083. -315939. -197884. -115990. -64260.4 -33833.1 -16961.4 -8084.52 -3641.74 -1529.17 -580.419 -183.554 -33.6974 13.2723 21.6181 17.9821 12.3009 7.62088 4.43709 2.47276 1.33307 0.69991 0.359559 0.181346 0.0900291 0.0440849 0.0213289 0.0102105 0.00484244 0.00227778 0.00106371 0.000493626 0.000227828 0.000104663 4.78925e-05 2.18436e-05 9.93646e-06 4.51052e-06 2.0442e-06 9.25346e-07 4.18527e-07 1.89193e-07 8.54956e-08 3.8628e-08 1.7451e-08 7.88334e-09 3.56094e-09 1.60826e-09 7.26185e-10 3.27782e-10 1.47881e-10 6.66756e-11 3.00389e-11 1.35208e-11 6.07939e-12 2.73023e-12 1.22453e-12 5.48432e-13 2.45254e-13 1.095e-13 4.88075e-14 2.17173e-14 9.6461e-15 4.27668e-15 1.8926e-15 8.35987e-16 3.68572e-16 1.6219e-16 7.12366e-17 3.12294e-17 1.36649e-17 5.96814e-18 2.60176e-18 1.13213e-18 4.91745e-19 2.13207e-19 9.22775e-20 3.98685e-20 1.71956e-20 7.404e-21 3.18266e-21 1.36584e-21 5.85202e-22 2.50334e-22 1.06919e-22 4.55952e-23 1.94145e-23 8.2544e-24 3.50436e-24 1.48561e-24 6.28904e-25 2.65863e-25 1.12236e-25 4.73175e-26 1.99219e-26 8.37662e-27 3.51759e-27 1.47526e-27 6.17936e-28 2.58512e-28 1.08015e-28 4.50779e-29 1.87899e-29 7.823e-30 3.25324e-30 1.35132e-30 5.60668e-31 2.32362e-31 9.61922e-32 3.97774e-32 1.64308e-32 6.77975e-33 2.79449e-33 1.1506e-33 4.73205e-34 1.94344e-34 7.96373e-35 3.24993e-35 1.31964e-35 5.37914e-36 2.19132e-36 8.92128e-37 3.62966e-37 1.47576e-37 5.99608e-38 2.43454e-38 9.8777e-39 4.00481e-39 1.62253e-39 6.56874e-40 2.65736e-40 1.07422e-40 4.33925e-41 1.7515e-41 7.0645e-42 2.84727e-42 1.14671e-42 4.61483e-43 1.85583e-43 7.45768e-44 2.99469e-44 1.20168e-44 4.81851e-45 1.93077e-45 7.73112e-46 3.09352e-46 1.23699e-46 4.94291e-47 1.97383e-47 7.87675e-48 3.14124e-48 1.25192e-48 4.98623e-49 1.98471e-49 7.89502e-50 3.13866e-50 1.24702e-50 4.9516e-51 1.965e-51 7.79346e-52 3.08924e-52 1.22385e-52 4.84579e-53 1.91762e-53 7.58451e-54 2.99819e-54 1.18458e-54 4.67777e-55 1.84625e-55 7.28314e-56 2.87161e-56 1.13166e-56 4.45743e-57 1.75484e-57 6.9052e-58 2.71581e-58 1.0676e-58 4.19475e-59 1.64737e-59 6.4664e-60 2.53702e-60 9.94885e-61 3.89952e-61 1.5277e-61 5.98213e-62 2.34133e-62 9.15921e-63 3.58132e-63 1.39965e-63 5.46742e-64 2.1347e-64 8.33071e-65 3.2495e-65 1.2669e-65 4.93693e-66 1.92293e-66 7.48619e-67 2.91306e-67 1.133e-67 4.40459e-68 1.71148e-68 6.64711e-69 2.5804e-69 1.00124e-69 3.88315e-70 1.50531e-70 5.83266e-71 2.25894e-71 8.74468e-72 3.38363e-72 1.30865e-72 5.05902e-73 1.95485e-73 7.55031e-74 2.91489e-74 1.12483e-74 4.33872e-75 1.67281e-75 6.44675e-76 2.48341e-76 9.56247e-77 3.6805e-77 1.41599e-77 5.44541e-78 2.09325e-78 8.04326e-79 3.08933e-79 1.1861e-79 4.552e-80 1.74626e-80 6.69644e-81 2.56689e-81 9.8356e-82 3.76726e-82 1.44239e-82 5.52045e-83 2.11201e-83 8.07641e-84 3.0857e-84 1.1746e-84 4.37826e-85 1.42384e-85 0. 
-2.543e+06 -1.10511e+06 -24275.6 -243494. -556868. -648946. -571463. -429256. -290066. -181291. -106470. -59304.2 -31492. -15975.7 -7735.17 -3558.3 -1539. -612.018 -212.156 -53.6933 0.953326 14.6202 14.2401 10.3972 6.69451 4.00507 2.27989 1.25103 0.667016 0.347397 0.177412 0.0890919 0.0440913 0.0215431 0.0104077 0.00497794 0.00235987 0.00110997 0.000518468 0.000240706 0.00011116 5.1101e-05 2.34004e-05 1.06809e-05 4.86217e-06 2.20863e-06 1.00159e-06 4.53634e-07 2.05268e-07 9.28235e-08 4.19574e-08 1.89601e-08 8.5663e-09 3.86975e-09 1.74786e-09 7.89304e-10 3.56335e-10 1.60806e-10 7.25308e-11 3.26935e-11 1.4725e-11 6.62594e-12 2.97835e-12 1.33717e-12 5.99555e-13 2.68445e-13 1.20012e-13 5.35674e-14 2.387e-14 1.06183e-14 4.71505e-15 2.08992e-15 9.24638e-16 4.08323e-16 1.79979e-16 7.91806e-17 3.47694e-17 1.5239e-17 6.66657e-18 2.91097e-18 1.26874e-18 5.51961e-19 2.39695e-19 1.03904e-19 4.49611e-20 1.94216e-20 8.37502e-21 3.60539e-21 1.54951e-21 6.64849e-22 2.84807e-22 1.21812e-22 5.20175e-23 2.2179e-23 9.44233e-24 4.01394e-24 1.70384e-24 7.22209e-25 3.05691e-25 1.29211e-25 5.4541e-26 2.29912e-26 9.67886e-27 4.06931e-27 1.70867e-27 7.16551e-28 3.00119e-28 1.25547e-28 5.24553e-29 2.18904e-29 9.12441e-30 3.79882e-30 1.57976e-30 6.56206e-31 2.7227e-31 1.12843e-31 4.67169e-32 1.93197e-32 7.98098e-33 3.29343e-33 1.3576e-33 5.58963e-34 2.29766e-34 9.41279e-35 3.824e-35 1.53243e-35 6.23133e-36 2.53377e-36 1.03012e-36 4.18691e-37 1.70119e-37 6.90924e-38 2.80481e-38 1.13802e-38 4.61478e-39 1.87023e-39 7.57472e-40 3.0659e-40 1.24011e-40 5.01268e-41 2.02478e-41 8.17304e-42 3.29672e-42 1.32884e-42 5.35246e-43 2.15439e-43 8.66534e-44 3.48287e-44 1.39888e-44 5.61455e-45 2.25188e-45 9.02549e-46 3.61489e-46 1.44684e-46 5.78696e-47 2.31306e-47 9.23915e-48 3.68799e-48 1.47118e-48 5.86486e-49 2.33655e-49 9.30288e-50 3.7016e-50 1.47196e-50 5.84978e-51 2.3234e-51 9.22255e-52 3.6587e-52 1.45062e-52 5.74823e-53 2.27653e-53 9.01099e-54 3.56481e-54 1.4095e-54 5.57013e-55 2.20007e-55 8.68525e-56 3.42692e-56 1.35147e-56 5.32705e-57 2.0987e-57 8.26416e-58 3.25261e-58 1.27953e-58 5.03105e-59 1.97722e-59 7.76677e-60 3.04941e-60 1.19669e-60 4.69397e-61 1.84031e-61 7.2116e-62 2.82466e-62 1.10584e-62 4.32724e-63 1.69248e-63 6.61649e-64 2.58539e-64 1.00976e-64 3.94185e-65 1.53808e-65 5.99858e-66 2.33837e-66 9.11112e-67 3.54833e-67 1.38124e-67 5.37418e-68 2.09001e-68 8.12418e-69 3.15651e-69 1.22583e-69 4.7583e-70 1.84616e-70 7.15956e-71 2.77525e-71 1.07527e-71 4.16421e-72 1.61194e-72 6.2369e-73 2.41208e-73 9.32434e-74 3.60288e-74 1.39152e-74 5.37198e-75 2.07295e-75 7.99563e-76 3.08267e-76 1.188e-76 4.57631e-77 1.7621e-77 6.78206e-78 2.60922e-78 1.00341e-78 3.85712e-79 1.48208e-79 5.69247e-80 2.18552e-80 8.38752e-81 3.21765e-81 1.23388e-81 4.7297e-82 1.81228e-82 6.94144e-83 2.65768e-83 1.0171e-83 3.88947e-84 1.48277e-84 5.5479e-85 1.82324e-85 0. 
-2.543e+06 -1.11215e+06 -170007. -395519. -631356. -653731. -541320. -391515. -258175. -158891. -92510. -51361.3 -27310.9 -13931.7 -6811.78 -3179.84 -1405.13 -577.581 -212.462 -62.685 -7.74394 8.38732 10.3305 8.13371 5.45552 3.35553 1.95122 1.08972 0.589971 0.311512 0.161091 0.0818389 0.0409419 0.0202077 0.00985564 0.00475602 0.00227349 0.00107765 0.000506987 0.00023693 0.000110074 5.08759e-05 2.34097e-05 1.07303e-05 4.90255e-06 2.23388e-06 1.01564e-06 4.60958e-07 2.08924e-07 9.45949e-08 4.27973e-08 1.93521e-08 8.74719e-09 3.9526e-09 1.78563e-09 8.06486e-10 3.64151e-10 1.64368e-10 7.41586e-11 3.34401e-11 1.50689e-11 6.78493e-12 3.05214e-12 1.37152e-12 6.15585e-13 2.75937e-13 1.23516e-13 5.52061e-14 2.46358e-14 1.09757e-14 4.88153e-15 2.1673e-15 9.60508e-16 4.24905e-16 1.8762e-16 8.26912e-17 3.6377e-17 1.59728e-17 7.00042e-18 3.06237e-18 1.33717e-18 5.82795e-19 2.53545e-19 1.10106e-19 4.77301e-20 2.06543e-20 8.92223e-21 3.84762e-21 1.65645e-21 7.11942e-22 3.05492e-22 1.30875e-22 5.59788e-23 2.39065e-23 1.0194e-23 4.34026e-24 1.84521e-24 7.83325e-25 3.32061e-25 1.40566e-25 5.94215e-26 2.5085e-26 1.05755e-26 4.45264e-27 1.87227e-27 7.86256e-28 3.29771e-28 1.3814e-28 5.77961e-29 2.41519e-29 1.00806e-29 4.20256e-30 1.74999e-30 7.27882e-31 3.02409e-31 1.255e-31 5.20252e-32 2.15431e-32 8.91117e-33 3.68209e-33 1.51978e-33 6.26527e-34 2.5778e-34 1.05488e-34 4.23766e-35 1.62679e-35 6.58061e-36 2.66512e-36 1.08024e-36 4.38077e-37 1.77705e-37 7.20915e-38 2.92441e-38 1.18606e-38 4.80892e-39 1.94905e-39 7.896e-40 3.19723e-40 1.29392e-40 5.23344e-41 2.11546e-41 8.54577e-42 3.44997e-42 1.39185e-42 5.61149e-43 2.26083e-43 9.10246e-44 3.66227e-44 1.47245e-44 5.91601e-45 2.37529e-45 9.53024e-46 3.82113e-46 1.53102e-46 6.1302e-47 2.45287e-47 9.80802e-48 3.91922e-48 1.56506e-48 6.24567e-49 2.49084e-49 9.92741e-50 3.95413e-50 1.57397e-50 6.2614e-51 2.48934e-51 9.89088e-52 3.92761e-52 1.55872e-52 6.1824e-53 2.45075e-53 9.70947e-54 3.8446e-54 1.52149e-54 6.01801e-55 2.37905e-55 9.39994e-56 3.7121e-56 1.46518e-56 5.78012e-57 2.27911e-57 8.98202e-58 3.53807e-58 1.39298e-58 5.48163e-59 2.15607e-59 8.47626e-60 3.3307e-60 1.30816e-60 5.1354e-61 2.01503e-61 7.90284e-62 3.09797e-62 1.21385e-62 4.75389e-63 1.86091e-63 7.28113e-64 2.84751e-64 1.11308e-64 4.34897e-65 1.6984e-65 6.62961e-66 2.58662e-66 1.00872e-66 3.93194e-67 1.53193e-67 5.96578e-68 2.32216e-68 9.03468e-69 3.51343e-69 1.36567e-69 5.30592e-70 2.0605e-70 7.99803e-71 3.10308e-71 1.20338e-71 4.66459e-72 1.80728e-72 6.99905e-73 2.70929e-73 1.04828e-73 4.05416e-74 1.56722e-74 6.05575e-75 2.33891e-75 9.02954e-76 3.4844e-76 1.34401e-76 5.18187e-77 1.99703e-77 7.69301e-78 2.96226e-78 1.14017e-78 4.38662e-79 1.68698e-79 6.48503e-80 2.49192e-80 9.5715e-81 3.67494e-81 1.41041e-81 5.41087e-82 2.07499e-82 7.95419e-83 3.04792e-83 1.16742e-83 4.46861e-84 1.70644e-84 6.41749e-85 2.14555e-85 0. 
-2.543e+06 -979597. -383828. -641892. -775631. -698407. -528800. -358396. -224874. -133164. -75272.3 -40880.7 -21402.9 -10810.7 -5260.33 -2455.34 -1090.15 -452.971 -170.157 -52.7077 -8.61896 5.02897 7.26277 5.96885 4.09966 2.56535 1.51312 0.855781 0.46873 0.250214 0.130745 0.0670866 0.0338842 0.0168786 0.00830483 0.00404161 0.00194761 0.000930263 0.00044082 0.000207408 9.69685e-05 4.50801e-05 2.08535e-05 9.60467e-06 4.40709e-06 2.01569e-06 9.19433e-07 4.18446e-07 1.90092e-07 8.62288e-08 3.90698e-08 1.76866e-08 8.00117e-09 3.61771e-09 1.63505e-09 7.38703e-10 3.33624e-10 1.5062e-10 6.79712e-11 3.06583e-11 1.38201e-11 6.22543e-12 2.802e-12 1.25997e-12 5.65965e-13 2.53928e-13 1.13783e-13 5.09148e-14 2.27497e-14 1.01493e-14 4.52059e-15 2.01015e-15 8.92306e-16 3.95398e-16 1.74895e-16 7.72203e-17 3.40322e-17 1.4971e-17 6.57366e-18 2.88114e-18 1.26044e-18 5.50409e-19 2.39916e-19 1.04388e-19 4.53383e-20 1.96569e-20 8.50756e-21 3.67577e-21 1.58545e-21 6.82701e-22 2.93488e-22 1.25964e-22 5.39766e-23 2.3093e-23 9.8647e-24 4.20751e-24 1.79191e-24 7.62017e-25 3.23582e-25 1.3721e-25 5.81001e-26 2.4568e-26 1.03746e-26 4.37517e-27 1.84266e-27 7.75061e-28 3.25591e-28 1.36604e-28 5.72423e-29 2.39575e-29 1.00148e-29 4.1815e-30 1.74386e-30 7.26426e-31 3.02256e-31 1.25623e-31 5.21535e-32 2.16281e-32 8.95949e-33 3.70748e-33 1.5325e-33 6.32671e-34 2.60588e-34 1.06408e-34 4.1628e-35 1.34345e-35 5.38493e-36 2.16575e-36 8.73231e-37 3.52738e-37 1.42675e-37 5.77604e-38 2.3397e-38 9.48037e-39 3.84181e-39 1.55676e-39 6.30703e-40 2.55448e-40 1.03423e-40 4.18544e-41 1.69298e-41 6.84427e-42 2.76538e-42 1.11667e-42 4.50632e-43 1.81737e-43 7.32456e-44 2.95007e-44 1.18738e-44 4.77593e-45 1.91968e-45 7.71089e-46 3.09517e-46 1.24156e-46 4.9769e-47 1.99368e-47 7.98104e-48 3.19282e-48 1.27644e-48 5.09966e-49 2.0361e-49 8.12413e-50 3.23949e-50 1.29093e-50 5.1411e-51 2.04617e-51 8.13883e-52 3.23534e-52 1.28535e-52 5.10347e-53 2.02515e-53 8.0316e-54 3.18347e-54 1.26112e-54 4.99314e-55 1.97585e-55 7.81449e-56 3.08899e-56 1.22041e-56 4.8191e-57 1.90198e-57 7.50278e-58 2.95816e-58 1.16574e-58 4.59165e-59 1.80768e-59 7.11313e-60 2.79762e-60 1.09979e-60 4.32134e-61 1.69715e-61 6.66219e-62 2.614e-62 1.02515e-62 4.01853e-63 1.57449e-63 6.16608e-64 2.41365e-64 9.44353e-65 3.6931e-65 1.44359e-65 5.6402e-66 2.20263e-66 8.59773e-67 3.35447e-67 1.30816e-67 5.09912e-68 1.98668e-68 7.73672e-69 3.01151e-69 1.17168e-69 4.55651e-70 1.77115e-70 6.88139e-71 2.67237e-71 1.03733e-71 4.02476e-72 1.56085e-72 6.05044e-73 2.3443e-73 9.07912e-74 3.51462e-74 1.35993e-74 5.2597e-75 2.03335e-75 7.85725e-76 3.03485e-76 1.17169e-76 4.52168e-77 1.74421e-77 6.72525e-78 2.59199e-78 9.98556e-79 3.84528e-79 1.48013e-79 5.69498e-80 2.1903e-80 8.42043e-81 3.23585e-81 1.24298e-81 4.77274e-82 1.83187e-82 7.0283e-83 2.69546e-83 1.03333e-83 3.95927e-84 1.51466e-84 5.73294e-85 1.97022e-85 0. 
-2.543e+06 -211015. -451209. -863844. -925110. -752862. -523068. -327876. -191156. -105565. -55846.8 -28493.6 -14067.2 -6722.58 -3101.25 -1371.64 -573.75 -220.706 -72.9115 -15.9836 2.87249 7.04564 6.34387 4.55427 2.93679 1.77455 1.02513 0.572531 0.31129 0.165538 0.0863851 0.0443471 0.0224398 0.0112093 0.00553493 0.0027046 0.00130911 0.000628217 0.000299124 0.000141422 6.64359e-05 3.10305e-05 1.44191e-05 6.66955e-06 3.07258e-06 1.41051e-06 6.45549e-07 2.94679e-07 1.34219e-07 6.10218e-08 2.77013e-08 1.25597e-08 5.68889e-09 2.57468e-09 1.16447e-09 5.26358e-10 2.37799e-10 1.0738e-10 4.84634e-11 2.18607e-11 9.85481e-12 4.43947e-12 1.99835e-12 8.98732e-13 4.03795e-13 1.81225e-13 8.12386e-14 3.63706e-14 1.62609e-14 7.25957e-15 3.23608e-15 1.44026e-15 6.39958e-16 2.8388e-16 1.25711e-16 5.55713e-17 2.45223e-17 1.08018e-17 4.74958e-18 2.08464e-18 9.13324e-19 3.99429e-19 1.74372e-19 7.59878e-20 3.30555e-20 1.43544e-20 6.22265e-21 2.69291e-21 1.16342e-21 5.01792e-22 2.16071e-22 9.28892e-23 3.98693e-23 1.70855e-23 7.31045e-24 3.12317e-24 1.33228e-24 5.67482e-25 2.41366e-25 1.02513e-25 4.34779e-26 1.84143e-26 7.78845e-27 3.28975e-27 1.38771e-27 5.84616e-28 2.45972e-28 1.0336e-28 4.33789e-29 1.81833e-29 7.61273e-30 3.1834e-30 1.32963e-30 5.54714e-31 2.31158e-31 9.62182e-32 4.00056e-32 1.66152e-32 6.89313e-33 2.85665e-33 1.18257e-33 4.88941e-34 2.01654e-34 8.21232e-35 3.02096e-35 1.86455e-36 7.84853e-37 3.21131e-37 1.30536e-37 5.28735e-38 2.13646e-38 8.61768e-39 3.47144e-39 1.39693e-39 5.61644e-40 2.25642e-40 9.059e-41 3.63464e-41 1.45738e-41 5.84014e-42 2.33889e-42 9.36131e-43 3.74456e-43 1.49692e-43 5.98044e-44 2.3878e-44 9.52779e-45 3.7994e-45 1.51413e-45 6.03032e-46 2.40016e-46 9.54698e-47 3.79504e-47 1.50762e-47 5.98537e-48 2.37475e-48 9.41611e-49 3.73124e-49 1.47763e-49 5.84802e-50 2.31305e-50 9.14319e-51 3.612e-51 1.42606e-51 5.62689e-52 2.21893e-52 8.74515e-53 3.44461e-53 1.35602e-53 5.33514e-54 2.0979e-54 8.24488e-55 3.23853e-55 1.27139e-55 4.98857e-56 1.95635e-56 7.66819e-57 3.00411e-57 1.1763e-57 4.60368e-58 1.80085e-58 7.04101e-59 2.75159e-59 1.07479e-59 4.1962e-60 1.63752e-60 6.38723e-61 2.49023e-61 9.70433e-62 3.78003e-62 1.47173e-62 5.72749e-63 2.22796e-63 8.66275e-64 3.36676e-64 1.30791e-64 5.07867e-65 1.97121e-65 7.6476e-66 2.9657e-66 1.14958e-66 4.45412e-67 1.72503e-67 6.6779e-68 2.58401e-68 9.99449e-69 3.864e-69 1.49322e-69 5.76797e-70 2.22706e-70 8.59513e-71 3.31576e-71 1.27857e-71 4.92807e-72 1.89863e-72 7.31162e-73 2.81448e-73 1.08292e-73 4.16487e-74 1.60111e-74 6.15248e-75 2.36315e-75 9.0729e-76 3.48187e-76 1.33565e-76 5.12135e-77 1.96286e-77 7.51987e-78 2.87969e-78 1.10229e-78 4.21755e-79 1.61303e-79 6.16654e-80 2.35645e-80 9.00105e-81 3.43674e-81 1.31166e-81 5.00397e-82 1.90823e-82 7.27392e-83 2.77159e-83 1.05563e-83 4.01902e-84 1.52947e-84 5.81738e-85 2.21006e-85 8.35665e-86 3.08268e-86 9.80082e-87 0. 
-2.543e+06 -236034. -43112.8 -593074. -834925. -756883. -552451. -352004. -203464. -108891. -54541.2 -25667.4 -11318.4 -4619.81 -1690.62 -506.2 -78.0709 47.2624 64.5804 51.0645 33.8606 20.5011 11.7245 6.4431 3.43641 1.79013 0.914781 0.459991 0.228133 0.111794 0.0542071 0.0260387 0.0124034 0.00586403 0.00275372 0.00128533 0.000596709 0.000275692 0.000126838 5.81392e-05 2.65651e-05 1.21055e-05 5.5041e-06 2.49804e-06 1.13211e-06 5.12505e-07 2.31823e-07 1.048e-07 4.73585e-08 2.13953e-08 9.66403e-09 4.36444e-09 1.9707e-09 8.89635e-10 4.01479e-10 1.81103e-10 8.16468e-11 3.67827e-11 1.65567e-11 7.44496e-12 3.34386e-12 1.49992e-12 6.71845e-13 3.00467e-13 1.34156e-13 5.97947e-14 2.66027e-14 1.18133e-14 5.23565e-15 2.31585e-15 1.0223e-15 4.50359e-16 1.97994e-16 8.68665e-17 3.80331e-17 1.66182e-17 7.2464e-18 3.15344e-18 1.36956e-18 5.93632e-19 2.56808e-19 1.10883e-19 4.77857e-20 2.05552e-20 8.82572e-21 3.78265e-21 1.61835e-21 6.91188e-22 2.94699e-22 1.25439e-22 5.3306e-23 2.26162e-23 9.58024e-24 4.05192e-24 1.71114e-24 7.21547e-25 3.03815e-25 1.27741e-25 5.36345e-26 2.24884e-26 9.41642e-27 3.93765e-27 1.64446e-27 6.8589e-28 2.8572e-28 1.18875e-28 4.93989e-29 2.05034e-29 8.50015e-30 3.51987e-30 1.45591e-30 6.01533e-31 2.4826e-31 1.02349e-31 4.21501e-32 1.73403e-32 7.12627e-33 2.92567e-33 1.19991e-33 4.91626e-34 2.01227e-34 8.22732e-35 3.35814e-35 1.36443e-35 5.47575e-36 2.33131e-36 9.68738e-37 3.99382e-37 1.63884e-37 6.6988e-38 2.72906e-38 1.10866e-38 4.4931e-39 1.81725e-39 7.33727e-40 2.9581e-40 1.19105e-40 4.79022e-41 1.92458e-41 7.72528e-42 3.09826e-42 1.24157e-42 4.97154e-43 1.98926e-43 7.95395e-44 3.17814e-44 1.26902e-44 5.06375e-45 2.01925e-45 8.04681e-46 3.20461e-46 1.2754e-46 5.07272e-47 2.01632e-47 8.00943e-48 3.17959e-48 1.26144e-48 5.00143e-49 1.98176e-49 7.8477e-50 3.10575e-50 1.22837e-50 4.85542e-51 1.91808e-51 7.57264e-52 2.98795e-52 1.17827e-52 4.64372e-53 1.8291e-53 7.20053e-54 2.833e-54 1.11401e-54 4.37814e-55 1.71971e-55 6.75131e-56 2.64905e-56 1.03888e-56 4.07204e-57 1.59528e-57 6.24656e-58 2.44471e-58 9.56309e-59 3.739e-59 1.46118e-59 5.70744e-60 2.2283e-60 8.69562e-61 3.39176e-61 1.32236e-61 5.15318e-62 2.00726e-62 7.81514e-63 3.04141e-63 1.1831e-63 4.60018e-64 1.78788e-64 6.94562e-65 2.69709e-65 1.04687e-65 4.06164e-66 1.57516e-66 6.10605e-67 2.36598e-67 9.1638e-68 3.54777e-68 1.37294e-68 5.31081e-69 2.05346e-69 7.93646e-70 3.06608e-70 1.18401e-70 4.57028e-71 1.76338e-71 6.80088e-72 2.6218e-72 1.0103e-72 3.89148e-73 1.49829e-73 5.76625e-74 2.21823e-74 8.52972e-75 3.27853e-75 1.25962e-75 4.83745e-76 1.85699e-76 7.12556e-77 2.73303e-77 1.04782e-77 4.01559e-78 1.53825e-78 5.89011e-79 2.25444e-79 8.62527e-80 3.29857e-80 1.26095e-80 4.81828e-81 1.84038e-81 7.02656e-82 2.68164e-82 1.02301e-82 3.90109e-83 1.48701e-83 5.66585e-84 2.15788e-84 8.21392e-85 3.12274e-85 1.18139e-85 4.35955e-86 1.38995e-86 0. 
-2.543e+06 -988812. -11664.3 -325805. -668467. -726068. -594716. -411851. -253898. -143147. -74897.3 -36617.6 -16731.8 -7088.31 -2720.93 -889.278 -195.074 27.2005 73.0532 63.6983 43.7824 26.9228 15.4889 8.51693 4.53054 2.34915 1.19343 0.596204 0.293697 0.142964 0.068882 0.0328946 0.0155874 0.00733611 0.00343206 0.00159717 0.000739827 0.0003413 0.00015689 7.18971e-05 3.28604e-05 1.49848e-05 6.82037e-06 3.09944e-06 1.40671e-06 6.37805e-07 2.88951e-07 1.30825e-07 5.92039e-08 2.67819e-08 1.21112e-08 5.4752e-09 2.47439e-09 1.11782e-09 5.04757e-10 2.278e-10 1.0274e-10 4.63006e-11 2.08468e-11 9.37652e-12 4.21247e-12 1.89004e-12 8.46823e-13 3.7884e-13 1.69207e-13 7.54466e-14 3.35806e-14 1.49189e-14 6.61546e-15 2.92778e-15 1.29318e-15 5.70044e-16 2.50773e-16 1.10096e-16 4.82367e-17 2.10912e-17 9.20338e-18 4.00792e-18 1.74191e-18 7.55568e-19 3.27095e-19 1.4133e-19 6.09498e-20 2.62359e-20 1.12724e-20 4.8345e-21 2.06972e-21 8.84523e-22 3.77364e-22 1.60723e-22 6.83403e-23 2.90114e-23 1.22961e-23 5.20341e-24 2.19858e-24 9.27561e-25 3.90754e-25 1.64375e-25 6.90482e-26 2.89645e-26 1.21335e-26 5.07606e-27 2.12079e-27 8.8493e-28 3.68784e-28 1.53496e-28 6.38107e-29 2.64954e-29 1.09885e-29 4.55201e-30 1.88355e-30 7.78512e-31 3.21424e-31 1.32563e-31 5.46138e-32 2.24765e-32 9.24074e-33 3.79527e-33 1.5572e-33 6.38283e-34 2.6137e-34 1.06921e-34 4.36879e-35 1.7816e-35 7.23524e-36 2.96318e-36 1.21458e-36 4.97913e-37 2.03979e-37 8.34519e-38 3.40822e-38 1.38925e-38 5.65168e-39 2.29478e-39 9.30064e-40 3.76312e-40 1.52021e-40 6.13244e-41 2.47052e-41 9.94061e-42 3.9953e-42 1.6041e-42 6.43411e-43 2.57838e-43 1.03235e-43 4.12996e-44 1.6509e-44 6.59421e-45 2.63198e-45 1.04976e-45 4.18399e-46 1.66645e-46 6.63286e-47 2.63827e-47 1.0487e-47 4.16585e-48 1.65377e-48 6.56104e-49 2.60134e-49 1.03074e-49 4.08164e-50 1.6153e-50 6.38866e-51 2.52525e-51 9.97559e-52 3.93837e-52 1.55396e-52 6.12789e-53 2.41508e-53 9.51271e-54 3.74482e-54 1.47338e-54 5.79373e-55 2.277e-55 8.94402e-56 3.5113e-56 1.37776e-56 5.40319e-57 2.11788e-57 8.29713e-58 3.24888e-58 1.27152e-58 4.97386e-59 1.9447e-59 7.59974e-60 2.96849e-60 1.15896e-60 4.52265e-61 1.76407e-61 6.87763e-62 2.68017e-62 1.04397e-62 4.06462e-63 1.58182e-63 6.15323e-64 2.39253e-64 9.29872e-65 3.61244e-65 1.40278e-65 5.44495e-66 2.11257e-66 8.19306e-67 3.17612e-67 1.23073e-67 4.76704e-68 1.84566e-68 7.14287e-69 2.7632e-69 1.06849e-69 4.13001e-70 1.59569e-70 6.16265e-71 2.37906e-71 9.18043e-72 3.54112e-72 1.36533e-72 5.26206e-73 2.02719e-73 7.80641e-74 3.0049e-74 1.15618e-74 4.44678e-75 1.70956e-75 6.56964e-76 2.5236e-76 9.6899e-77 3.7191e-77 1.42685e-77 5.4719e-78 2.09759e-78 8.03752e-79 3.07855e-79 1.17867e-79 4.51084e-80 1.72563e-80 6.5987e-81 2.52228e-81 9.6372e-82 3.68072e-82 1.4052e-82 5.36251e-83 2.04561e-83 7.80013e-84 2.973e-84 1.13252e-84 4.30888e-85 1.63145e-85 6.02713e-86 1.92705e-86 0. 
-2.543e+06 -1.10189e+06 18434.8 -228374. -602583. -715426. -620278. -449111. -287677. -167929. -90801.9 -45858.6 -21677.4 -9545.25 -3854.14 -1370.13 -377.917 -30.6458 61.9968 67.0416 49.6085 31.6787 18.6404 10.3981 5.58258 2.91133 1.48378 0.742237 0.365599 0.17776 0.0854843 0.0407252 0.0192462 0.00903283 0.00421425 0.00195613 0.000904001 0.000416211 0.000191017 8.74299e-05 3.99268e-05 1.81992e-05 8.28256e-06 3.76469e-06 1.70943e-06 7.75571e-07 3.51648e-07 1.59356e-07 7.21838e-08 3.26849e-08 1.47945e-08 6.6942e-09 3.02778e-09 1.36885e-09 6.18525e-10 2.79313e-10 1.26041e-10 5.6829e-11 2.55986e-11 1.15186e-11 5.17692e-12 2.3237e-12 1.04155e-12 4.66156e-13 2.083e-13 9.29228e-14 4.13806e-14 1.83944e-14 8.16141e-15 3.61424e-15 1.59744e-15 7.04652e-16 3.10214e-16 1.36294e-16 5.9761e-17 2.61508e-17 1.14203e-17 4.97743e-18 2.16505e-18 9.39883e-19 4.07223e-19 1.76097e-19 7.60053e-20 3.2743e-20 1.40795e-20 6.04316e-21 2.58917e-21 1.10736e-21 4.72786e-22 2.01511e-22 8.57445e-23 3.6425e-23 1.54487e-23 6.54182e-24 2.76586e-24 1.16762e-24 4.9218e-25 2.07162e-25 8.70713e-26 3.6545e-26 1.53173e-26 6.41133e-27 2.68002e-27 1.11883e-27 4.66482e-28 1.9425e-28 8.07896e-29 3.35603e-29 1.39246e-29 5.77075e-30 2.38884e-30 9.87769e-31 4.07985e-31 1.6833e-31 6.93774e-32 2.85639e-32 1.17481e-32 4.82701e-33 1.98131e-33 8.12452e-34 3.32828e-34 1.36213e-34 5.56906e-35 2.27412e-35 9.26906e-36 3.77951e-36 1.54183e-36 6.29274e-37 2.56879e-37 1.04844e-37 4.27686e-38 1.74316e-38 7.09702e-39 2.88584e-39 1.17188e-39 4.75211e-40 1.92435e-40 7.78181e-41 3.14265e-41 1.26752e-41 5.10595e-42 2.05443e-42 8.25698e-43 3.31507e-43 1.32962e-43 5.32777e-44 2.13288e-44 8.53112e-45 3.40942e-45 1.36145e-45 5.43228e-46 2.16587e-46 8.62904e-47 3.43541e-47 1.36675e-47 5.43377e-48 2.15883e-48 8.5713e-49 3.40088e-49 1.34851e-49 5.34371e-50 2.1162e-50 8.37535e-51 3.3127e-51 1.30947e-51 5.1731e-52 2.04243e-52 8.0591e-53 3.17814e-53 1.25259e-53 4.93399e-54 1.94241e-54 7.64257e-55 3.00537e-55 1.18118e-55 4.63982e-56 1.82159e-56 7.14775e-57 2.80324e-57 1.09881e-57 4.3049e-58 1.68571e-58 6.59753e-59 2.58086e-59 1.00909e-59 3.94356e-60 1.5404e-60 6.01414e-61 2.34697e-61 9.15456e-62 3.56916e-62 1.3909e-62 5.41788e-63 2.10944e-63 8.20937e-64 3.19346e-64 1.24172e-64 4.82608e-65 1.8749e-65 7.28077e-66 2.82612e-66 1.09653e-66 4.25272e-67 1.64866e-67 6.38873e-68 2.47468e-68 9.58169e-69 3.70841e-69 1.43468e-69 5.54808e-70 2.14464e-70 8.28683e-71 3.2007e-71 1.23574e-71 4.76904e-72 1.83975e-72 7.09432e-73 2.73456e-73 1.05363e-73 4.05799e-74 1.56228e-74 6.01218e-75 2.31275e-75 8.89304e-76 3.41818e-76 1.3133e-76 5.04381e-77 1.93632e-77 7.43051e-78 2.85027e-78 1.09289e-78 4.18883e-79 1.60484e-79 6.14608e-80 2.35282e-80 9.00336e-81 3.44386e-81 1.31678e-81 5.03275e-82 1.92276e-82 7.34293e-83 2.80312e-83 1.06964e-83 4.07992e-84 1.55534e-84 5.92206e-85 2.24403e-85 8.298e-86 2.6571e-86 0. 
-2.543e+06 -1.09267e+06 53167.1 -185343. -577052. -715134. -637891. -473440. -310559. -185660. -102887. -53334.2 -25947. -11817.6 -4985.24 -1895.62 -603.515 -117.876 33.6512 61.1925 50.9205 34.3704 20.9145 11.9369 6.51631 3.44097 1.7704 0.891967 0.441679 0.21556 0.103922 0.0495812 0.0234458 0.0110032 0.00513059 0.00237923 0.00109824 0.000504983 0.000231453 0.000105804 4.82631e-05 2.19778e-05 9.9947e-06 4.54047e-06 2.06103e-06 9.34988e-07 4.23961e-07 1.92172e-07 8.70811e-08 3.94493e-08 1.78662e-08 8.08892e-09 3.66091e-09 1.65614e-09 7.48812e-10 3.38358e-10 1.52777e-10 6.89244e-11 3.10648e-11 1.39861e-11 6.28943e-12 2.82465e-12 1.26681e-12 5.67305e-13 2.53652e-13 1.13225e-13 5.0455e-14 2.24436e-14 9.96521e-15 4.41637e-15 1.95351e-15 8.62427e-16 3.79995e-16 1.67099e-16 7.33342e-17 3.21199e-17 1.40403e-17 6.12517e-18 2.66686e-18 1.15886e-18 5.02589e-19 2.1755e-19 9.39886e-20 4.05296e-20 1.74446e-20 7.4947e-21 3.21412e-21 1.37593e-21 5.87989e-22 2.50839e-22 1.06828e-22 4.54209e-23 1.92804e-23 8.17111e-24 3.45751e-24 1.46075e-24 6.16211e-25 2.59561e-25 1.09174e-25 4.58539e-26 1.92321e-26 8.0553e-27 3.36939e-27 1.4075e-27 5.87197e-28 2.44662e-28 1.01815e-28 4.23177e-29 1.75676e-29 7.28441e-30 3.01699e-30 1.24813e-30 5.15779e-31 2.12908e-31 8.77916e-32 3.61622e-32 1.48801e-32 6.11665e-33 2.51179e-33 1.03044e-33 4.22319e-34 1.72917e-34 7.07322e-35 2.89038e-35 1.17971e-35 4.81107e-36 1.96104e-36 7.99117e-37 3.25579e-37 1.32623e-37 5.40085e-38 2.19848e-38 8.9441e-39 3.63611e-39 1.47696e-39 5.99353e-40 2.42966e-40 9.83854e-41 3.97947e-41 1.60777e-41 6.48819e-42 2.61537e-42 1.05308e-42 4.23564e-43 1.70184e-43 6.83092e-44 2.73912e-44 1.09731e-44 4.39188e-45 1.75625e-45 7.01694e-46 2.80123e-46 1.11738e-46 4.45361e-47 1.77375e-47 7.05913e-48 2.80734e-48 1.11566e-48 4.43064e-49 1.75835e-49 6.97359e-50 2.7639e-50 1.09473e-50 4.33327e-51 1.71417e-51 6.77674e-52 2.67747e-52 1.05722e-52 4.17204e-53 1.64542e-53 6.4856e-54 2.5549e-54 1.00589e-54 3.95808e-55 1.55659e-55 6.11822e-56 2.40347e-56 9.43666e-57 3.7031e-57 1.45239e-57 5.69343e-58 2.23069e-58 8.73542e-59 3.41906e-59 1.33756e-59 5.23003e-60 2.044e-60 7.98453e-61 3.11751e-61 1.21664e-61 4.7458e-62 1.85036e-62 7.21112e-63 2.809e-63 1.09371e-63 4.2566e-64 1.65588e-64 6.4388e-65 2.5026e-65 9.7228e-66 3.77577e-66 1.46566e-66 5.68696e-67 2.20569e-67 8.55121e-68 3.31383e-68 1.28368e-68 4.97052e-69 1.92385e-69 7.44329e-70 2.87861e-70 1.11282e-70 4.30025e-71 1.66107e-71 6.4137e-72 2.47546e-72 9.55058e-73 3.68325e-73 1.41991e-73 5.47162e-74 2.10766e-74 8.11544e-75 3.12357e-75 1.20176e-75 4.62184e-76 1.7768e-76 6.82796e-77 2.62283e-77 1.00711e-77 3.86558e-78 1.48313e-78 5.68815e-79 2.18068e-79 8.35681e-80 3.20124e-80 1.22581e-80 4.69199e-81 1.79523e-81 6.86611e-82 2.62501e-82 1.00318e-82 3.83228e-83 1.4634e-83 5.58582e-84 2.13096e-84 8.1198e-85 3.07924e-85 1.13967e-85 3.65359e-86 0. 
-2.543e+06 -1.07561e+06 75816.9 -164613. -565148. -715011. -647241. -487371. -324657. -197373. -111417. -58959.3 -29368.3 -13758. -6017.59 -2411.83 -845.428 -223.087 -7.81763 47.2614 47.7439 34.7522 22.0732 12.968 7.23251 3.88364 2.02528 1.03169 0.515517 0.25347 0.122935 0.0589332 0.0279715 0.0131633 0.00614963 0.00285526 0.0013188 0.000606484 0.000277909 0.000126976 5.78807e-05 2.63367e-05 1.19672e-05 5.43231e-06 2.46414e-06 1.1172e-06 5.06356e-07 2.2945e-07 1.03957e-07 4.70935e-08 2.13306e-08 9.65962e-09 4.3732e-09 1.97916e-09 8.95289e-10 4.04756e-10 1.82861e-10 8.25457e-11 3.72273e-11 1.67714e-11 7.54698e-12 3.39175e-12 1.52223e-12 6.82181e-13 3.05245e-13 1.36362e-13 6.08139e-14 2.70741e-14 1.20316e-14 5.33694e-15 2.36289e-15 1.04416e-15 4.60521e-16 2.02715e-16 8.90571e-17 3.90478e-17 1.70871e-17 7.46254e-18 3.25276e-18 1.41504e-18 6.14389e-19 2.66245e-19 1.15158e-19 4.97146e-20 2.14222e-20 9.21396e-21 3.95584e-21 1.69533e-21 7.25275e-22 3.0974e-22 1.32054e-22 5.62048e-23 2.38825e-23 1.01317e-23 4.29133e-24 1.81478e-24 7.66279e-25 3.2307e-25 1.36008e-25 5.71746e-26 2.40007e-26 1.00609e-26 4.21171e-27 1.76074e-27 7.35127e-28 3.06527e-28 1.27651e-28 5.30934e-29 2.20561e-29 9.1516e-30 3.79277e-30 1.57006e-30 6.4921e-31 2.68147e-31 1.10634e-31 4.55971e-32 1.87729e-32 7.72103e-33 3.17233e-33 1.30211e-33 5.33939e-34 2.18733e-34 8.95201e-35 3.66024e-35 1.49508e-35 6.10106e-36 2.48763e-36 1.01359e-36 4.12755e-37 1.68e-37 6.83496e-38 2.77953e-38 1.1298e-38 4.58993e-39 1.86358e-39 7.56132e-40 3.06564e-40 1.24191e-40 5.02664e-41 2.03266e-41 8.21173e-42 3.3142e-42 1.33626e-42 5.38228e-43 2.16576e-43 8.70611e-44 3.49635e-44 1.40278e-44 5.62284e-45 2.25177e-45 9.00954e-46 3.60165e-46 1.43857e-46 5.74117e-47 2.28938e-47 9.12207e-48 3.6319e-48 1.44493e-48 5.74437e-49 2.28205e-49 9.05944e-50 3.594e-50 1.42482e-50 5.64488e-51 2.23494e-51 8.84292e-52 3.49665e-52 1.38177e-52 5.45702e-53 2.15383e-53 8.49585e-54 3.34924e-54 1.31957e-54 5.19598e-55 2.04482e-55 8.04267e-56 3.16157e-56 1.24213e-56 4.87746e-57 1.9142e-57 7.50845e-58 2.94364e-58 1.15343e-58 4.51729e-59 1.76824e-59 6.91808e-60 2.70529e-60 1.05737e-60 4.13076e-61 1.61296e-61 6.29518e-62 2.45578e-62 9.5756e-63 3.73201e-63 1.45385e-63 5.6611e-64 2.20337e-64 8.57195e-65 3.33336e-65 1.29567e-65 5.03406e-66 1.95505e-66 7.58947e-67 2.94498e-67 1.14228e-67 4.42874e-68 1.71637e-68 6.64909e-69 2.57476e-69 9.96635e-70 3.85621e-70 1.49146e-70 5.76616e-71 2.22839e-71 8.60841e-72 3.32417e-72 1.28314e-72 4.95099e-73 1.90959e-73 7.36242e-74 2.83746e-74 1.09313e-74 4.20962e-75 1.62049e-75 6.23562e-76 2.39853e-76 9.22235e-77 3.54462e-77 1.36185e-77 5.23024e-78 2.00791e-78 7.70549e-79 2.95588e-79 1.13346e-79 4.34465e-80 1.6647e-80 6.37602e-81 2.44115e-81 9.34268e-82 3.57421e-82 1.36685e-82 5.22508e-83 1.99662e-83 7.62641e-84 2.91149e-84 1.1102e-84 4.21356e-85 1.56102e-85 5.01066e-86 0. 
-2.543e+06 -1.06811e+06 84830.1 -154464. -554655. -707960. -645721. -490509. -330184. -203219. -116370. -62612. -31802.1 -15253.6 -6875.34 -2874.06 -1080.06 -335.094 -57.7223 26.8869 40.4563 32.7693 21.967 13.3601 7.64145 4.18513 2.21813 1.14542 0.579034 0.287556 0.140668 0.0679303 0.0324424 0.0153465 0.00720004 0.00335427 0.0015533 0.000715681 0.000328366 0.000150142 6.84616e-05 3.11497e-05 1.41498e-05 6.41986e-06 2.91032e-06 1.31863e-06 5.97265e-07 2.70484e-07 1.22487e-07 5.54658e-08 2.51161e-08 1.13723e-08 5.14856e-09 2.33034e-09 1.05439e-09 4.7685e-10 2.15525e-10 9.73412e-11 4.39258e-11 1.98022e-11 8.91709e-12 4.01054e-12 1.80138e-12 8.07964e-13 3.61845e-13 1.61794e-13 7.22246e-14 3.21856e-14 1.43176e-14 6.3576e-15 2.81781e-15 1.24656e-15 5.50411e-16 2.42563e-16 1.0669e-16 4.68354e-17 2.05201e-17 8.97297e-18 3.91605e-18 1.70576e-18 7.41567e-19 3.21773e-19 1.39355e-19 6.0239e-20 2.5991e-20 1.11935e-20 4.81193e-21 2.06486e-21 8.84487e-22 3.7821e-22 1.61446e-22 6.87991e-23 2.92695e-23 1.24318e-23 5.27175e-24 2.23196e-24 9.43496e-25 3.98227e-25 1.6783e-25 7.06265e-26 2.96783e-26 1.24535e-26 5.21845e-27 2.18372e-27 9.12581e-28 3.80868e-28 1.58751e-28 6.60862e-29 2.74768e-29 1.14102e-29 4.73259e-30 1.96064e-30 8.11328e-31 3.35356e-31 1.38463e-31 5.7107e-32 2.35278e-32 9.68317e-33 3.98113e-33 1.63514e-33 6.70921e-34 2.75019e-34 1.12625e-34 4.60779e-35 1.88337e-35 7.69076e-36 3.13768e-36 1.27902e-36 5.20969e-37 2.1205e-37 8.62559e-38 3.50657e-38 1.42473e-38 5.78552e-39 2.34806e-39 9.52404e-40 3.8607e-40 1.56395e-40 6.33109e-41 2.561e-41 1.03514e-41 4.18057e-42 1.68695e-42 6.80132e-43 2.73966e-43 1.10258e-43 4.43335e-44 1.78098e-44 7.14817e-45 2.86643e-45 1.14842e-45 4.59709e-46 1.83861e-46 7.34733e-47 2.93365e-47 1.17039e-47 4.66561e-48 1.85842e-48 7.39686e-49 2.94187e-49 1.16918e-49 4.64325e-50 1.84271e-50 7.30784e-51 2.89618e-51 1.14702e-51 4.53971e-52 1.79558e-52 7.09749e-53 2.8037e-53 1.10685e-53 4.36701e-54 1.72194e-54 6.78567e-55 2.67248e-55 1.05192e-55 4.13816e-56 1.62699e-56 6.39327e-57 2.51085e-57 9.8556e-58 3.86645e-58 1.51604e-58 5.94129e-59 2.32716e-59 9.11061e-60 3.56491e-60 1.39422e-60 5.45005e-61 2.12939e-61 8.31569e-62 3.24589e-62 1.26637e-62 4.93839e-63 1.9249e-63 7.49945e-64 2.92048e-64 1.13679e-64 4.42299e-65 1.72011e-65 6.68666e-66 2.5982e-66 1.00913e-66 3.91778e-67 1.52037e-67 5.89759e-68 2.28676e-68 8.86313e-69 3.43381e-69 1.32981e-69 5.14784e-70 1.99199e-70 7.70508e-71 2.97916e-71 1.15144e-71 4.44852e-72 1.71799e-72 6.63219e-73 2.55932e-73 9.87242e-74 3.80676e-74 1.4673e-74 5.65351e-75 2.17746e-75 8.3833e-76 3.22637e-76 1.24122e-76 4.77328e-77 1.83493e-77 7.0511e-78 2.7085e-78 1.04001e-78 3.99188e-79 1.53163e-79 5.87444e-80 2.25223e-80 8.63167e-81 3.30682e-81 1.26638e-81 4.84785e-82 1.85511e-82 7.09621e-83 2.71341e-83 1.03712e-83 3.96208e-84 1.51191e-84 5.743e-85 2.13005e-85 6.84847e-86 0. 
-2.543e+06 -1.07016e+06 79800.6 -153390. -542136. -690515. -630833. -481320. -326223. -202616. -117346. -64008.1 -33051.6 -16175.2 -7479.23 -3236.92 -1283.25 -441.986 -110.692 2.22014 29.7634 28.5521 20.5396 13.0239 7.66954 4.2959 2.31896 1.21623 0.623156 0.31314 0.154787 0.0754401 0.0363225 0.0173044 0.00816875 0.00382564 0.00177943 0.00082285 0.000378629 0.000173508 7.92427e-05 3.60933e-05 1.64052e-05 7.44472e-06 3.3746e-06 1.5285e-06 6.91998e-07 3.13212e-07 1.41753e-07 6.41546e-08 2.90363e-08 1.31422e-08 5.94817e-09 2.69186e-09 1.21795e-09 5.50885e-10 2.4905e-10 1.12525e-10 5.08021e-11 2.29156e-11 1.03262e-11 4.64784e-12 2.08939e-12 9.37991e-13 4.20483e-13 1.88205e-13 8.4104e-14 3.75211e-14 1.67103e-14 7.42884e-15 3.29663e-15 1.46021e-15 6.45574e-16 2.84874e-16 1.25467e-16 5.51534e-17 2.41978e-17 1.0596e-17 4.63094e-18 2.02004e-18 8.79465e-19 3.82163e-19 1.65751e-19 7.1754e-20 3.10047e-20 1.33723e-20 5.75698e-21 2.47399e-21 1.06128e-21 4.5446e-22 1.94272e-22 8.2905e-23 3.532e-23 1.50225e-23 6.37901e-24 2.70438e-24 1.14472e-24 4.83786e-25 2.04149e-25 8.60185e-26 3.61907e-26 1.52046e-26 6.37878e-27 2.67236e-27 1.11805e-27 4.67137e-28 1.9492e-28 8.12284e-29 3.38072e-29 1.40531e-29 5.83453e-30 2.41947e-30 1.00213e-30 4.146e-31 1.71334e-31 7.07253e-32 2.91631e-32 1.20124e-32 4.94275e-33 2.0317e-33 8.3428e-34 3.4224e-34 1.40257e-34 5.74251e-35 2.34889e-35 9.59879e-36 3.91894e-36 1.59856e-36 6.51506e-37 2.65309e-37 1.07957e-37 4.38974e-38 1.78373e-38 7.24338e-39 2.93956e-39 1.19222e-39 4.83246e-40 1.95755e-40 7.92468e-41 3.20603e-41 1.29617e-41 5.2366e-42 2.11408e-42 8.52842e-43 3.43778e-43 1.38466e-43 5.57258e-44 2.24084e-44 9.0034e-45 3.61441e-45 1.44978e-45 5.81039e-46 2.32672e-46 9.3094e-47 3.7217e-47 1.48665e-47 5.93368e-48 2.36644e-48 9.43035e-49 3.75513e-49 1.49415e-49 5.9407e-50 2.36028e-50 9.37082e-51 3.71778e-51 1.47397e-51 5.83975e-52 2.31211e-52 9.1482e-53 3.61726e-53 1.42937e-53 5.64467e-54 2.22772e-54 8.78652e-55 3.46347e-55 1.36442e-55 5.3719e-56 2.11377e-56 8.31263e-57 3.26719e-57 1.28342e-57 5.03877e-58 1.97717e-58 7.75408e-59 3.03939e-59 1.19073e-59 4.66248e-60 1.82472e-60 7.13768e-61 2.79062e-61 1.0905e-61 4.25934e-62 1.66283e-62 6.48848e-63 2.53066e-63 9.86552e-64 3.84419e-64 1.49724e-64 5.8288e-65 2.26815e-65 8.8221e-66 3.42989e-66 1.33291e-66 5.17763e-67 2.01037e-67 7.80256e-68 3.02702e-68 1.17385e-68 4.55021e-69 1.76308e-69 6.82865e-70 2.64376e-70 1.02314e-70 3.95801e-71 1.53055e-71 5.91623e-72 2.28598e-72 8.82943e-73 3.40898e-73 1.31567e-73 5.07581e-74 1.95748e-74 7.54611e-75 2.90793e-75 1.12016e-75 4.31333e-76 1.66028e-76 6.38833e-77 2.45714e-77 9.44732e-78 3.63099e-78 1.39502e-78 5.35761e-79 2.05684e-79 7.89346e-80 3.02812e-80 1.16122e-80 4.45139e-81 1.70575e-81 6.53387e-82 2.50187e-82 9.57628e-83 3.66408e-83 1.4014e-83 5.35732e-84 2.04582e-84 7.77821e-85 2.88903e-85 9.31124e-86 0. 
-2.543e+06 -1.08218e+06 51614.9 -172649. -534529. -665304. -602738. -458981. -311764. -194689. -113689. -62695.9 -32824.3 -16343.3 -7724.17 -3441.92 -1424.03 -528.223 -159.393 -23.5279 16.9318 22.5181 17.8753 11.9345 7.27066 4.1768 2.30097 1.22764 0.638423 0.32506 0.162581 0.0800821 0.038927 0.018705 0.00889784 0.00419554 0.00196318 0.000912525 0.000421743 0.000193974 8.88529e-05 4.05644e-05 1.84692e-05 8.39139e-06 3.80651e-06 1.72472e-06 7.80862e-07 3.53362e-07 1.59866e-07 7.23191e-08 3.27154e-08 1.48003e-08 6.69583e-09 3.02923e-09 1.3703e-09 6.19744e-10 2.80197e-10 1.26622e-10 5.71861e-11 2.58074e-11 1.16362e-11 5.24121e-12 2.35806e-12 1.05957e-12 4.75459e-13 2.13041e-13 9.53114e-14 4.25723e-14 1.89838e-14 8.4506e-15 3.75512e-15 1.66561e-15 7.37436e-16 3.25886e-16 1.43744e-16 6.32832e-17 2.78074e-17 1.21956e-17 5.33845e-18 2.33237e-18 1.01708e-18 4.42677e-19 1.9231e-19 8.33874e-20 3.60905e-20 1.55914e-20 6.72332e-21 2.894e-21 1.24347e-21 5.33345e-22 2.28362e-22 9.76092e-23 4.16506e-23 1.7743e-23 7.54598e-24 3.20405e-24 1.35829e-24 5.74909e-25 2.42961e-25 1.02521e-25 4.31959e-26 1.81733e-26 7.63481e-27 3.20293e-27 1.34182e-27 5.61365e-28 2.34539e-28 9.78618e-29 4.07803e-29 1.69721e-29 7.05476e-30 2.92885e-30 1.21448e-30 5.03009e-31 2.08093e-31 8.59901e-32 3.54941e-32 1.46349e-32 6.02776e-33 2.48009e-33 1.01936e-33 4.18552e-34 1.71687e-34 7.03555e-35 2.88032e-35 1.17806e-35 4.81384e-36 1.96524e-36 8.01583e-37 3.26667e-37 1.33014e-37 5.41177e-38 2.20013e-38 8.93798e-39 3.62848e-39 1.47203e-39 5.96793e-40 2.41797e-40 9.79047e-41 3.96169e-41 1.60206e-41 6.47434e-42 2.61472e-42 1.05526e-42 4.25594e-43 1.71523e-43 6.90769e-44 2.77985e-44 1.11785e-44 4.4917e-45 1.80344e-45 7.23522e-46 2.90041e-46 1.16178e-46 4.6499e-47 1.8596e-47 7.43113e-48 2.96722e-48 1.18388e-48 4.71985e-49 1.88027e-49 7.48485e-50 2.97731e-50 1.18344e-50 4.7006e-51 1.86574e-51 7.40019e-52 2.93315e-52 1.16179e-52 4.59867e-53 1.81906e-53 7.19086e-54 2.84077e-54 1.12154e-54 4.42511e-55 1.74489e-55 6.87617e-56 2.70812e-56 1.06594e-56 4.1932e-57 1.64858e-57 6.47783e-58 2.54394e-58 9.98491e-59 3.91693e-59 1.53573e-59 6.01799e-60 2.35701e-60 9.2267e-61 3.61001e-61 1.41173e-61 5.51794e-62 2.15569e-62 8.41754e-63 3.28529e-63 1.2816e-63 4.99722e-64 1.9476e-64 7.587e-65 2.95421e-65 1.14978e-65 4.47297e-66 1.73934e-66 6.76051e-67 2.62656e-67 1.02002e-67 3.95951e-68 1.53636e-68 5.95885e-69 2.31021e-69 8.95286e-70 3.46812e-70 1.34293e-70 5.19798e-71 2.01115e-71 7.77826e-72 3.00711e-72 1.16211e-72 4.48927e-73 1.73355e-73 6.69162e-74 2.58202e-74 9.95918e-75 3.83993e-75 1.47999e-75 5.70205e-76 2.19604e-76 8.45451e-77 3.25368e-77 1.2517e-77 4.81352e-78 1.8504e-78 7.11064e-79 2.73144e-79 1.04885e-79 4.02603e-80 1.54483e-80 5.92547e-81 2.27199e-81 8.70824e-82 3.33653e-82 1.27791e-82 4.89265e-83 1.8725e-83 7.16302e-84 2.73742e-84 1.04185e-84 3.87716e-85 1.25438e-85 0. 
-2.543e+06 -1.10359e+06 -21574.9 -239965. -552885. -644887. -567656. -425937. -287357. -179210. -104959. -58264.1 -30810.9 -15550.8 -7482.37 -3414.91 -1461.62 -572.493 -193.227 -45.3627 4.1712 15.5673 14.2964 10.1803 6.44991 3.81061 2.14598 1.16616 0.616164 0.318181 0.161174 0.0803107 0.0394517 0.0191406 0.00918546 0.00436588 0.00205765 0.000962618 0.000447436 0.000206815 9.51382e-05 4.35889e-05 1.99041e-05 9.06412e-06 4.11881e-06 1.86853e-06 8.46638e-07 3.83289e-07 1.73427e-07 7.84458e-08 3.54778e-08 1.60444e-08 7.25593e-09 3.28143e-09 1.48394e-09 6.70995e-10 3.03338e-10 1.37085e-10 6.19221e-11 2.79536e-11 1.26097e-11 5.68311e-12 2.55874e-12 1.15073e-12 5.16861e-13 2.3184e-13 1.03842e-13 4.64403e-14 2.07359e-14 9.24335e-15 4.11332e-15 1.82722e-15 8.10239e-16 3.58626e-16 1.58442e-16 6.98695e-17 3.07532e-17 1.35106e-17 5.92433e-18 2.59288e-18 1.13268e-18 4.93869e-19 2.14933e-19 9.33652e-20 4.0482e-20 1.75203e-20 7.5688e-21 3.26384e-21 1.40492e-21 6.03683e-22 2.58944e-22 1.10879e-22 4.73974e-23 2.02268e-23 8.61743e-24 3.66537e-24 1.55653e-24 6.5994e-25 2.79366e-25 1.18079e-25 4.98328e-26 2.09995e-26 8.83623e-27 3.71278e-27 1.55782e-27 6.52724e-28 2.73117e-28 1.14126e-28 4.76267e-29 1.98496e-29 8.26232e-30 3.43487e-30 1.42622e-30 5.91481e-31 2.45009e-31 1.01372e-31 4.18952e-32 1.72951e-32 7.13192e-33 2.9378e-33 1.20887e-33 4.96919e-34 2.04056e-34 8.37099e-35 3.43066e-35 1.40462e-35 5.74545e-36 2.34792e-36 9.58615e-37 3.91034e-37 1.59369e-37 6.48965e-38 2.64047e-38 1.07348e-38 4.36088e-39 1.77024e-39 7.18094e-40 2.91091e-40 1.17919e-40 4.77366e-41 1.93124e-41 7.80804e-42 3.15477e-42 1.27383e-42 5.14011e-43 2.07274e-43 8.3527e-44 3.36365e-44 1.35361e-44 5.4434e-45 2.18743e-45 8.78382e-46 3.52462e-46 1.41325e-46 5.66237e-47 2.267e-47 9.06934e-48 3.62553e-48 1.44823e-48 5.78064e-49 2.30562e-49 9.18915e-50 3.65965e-50 1.45641e-50 5.79178e-51 2.30158e-51 9.13968e-52 3.62685e-52 1.43822e-52 5.69931e-53 2.25697e-53 8.93178e-54 3.53236e-54 1.39607e-54 5.51409e-55 2.17653e-55 8.58591e-56 3.38486e-56 1.33362e-56 5.25126e-57 2.06652e-57 8.12761e-58 3.19476e-58 1.25507e-58 4.9278e-59 1.93375e-59 7.58423e-60 2.97296e-60 1.16476e-60 4.56095e-61 1.78505e-61 6.98267e-62 2.73007e-62 1.06686e-62 4.16705e-63 1.62681e-63 6.34798e-64 2.47586e-64 9.65189e-65 3.76093e-65 1.4648e-65 5.70244e-66 2.21895e-66 8.63059e-67 3.35537e-67 1.30392e-67 5.06491e-68 1.96655e-68 7.6323e-69 2.96089e-69 1.14817e-69 4.45054e-70 1.72441e-70 6.67867e-71 2.58563e-71 1.00062e-71 3.87076e-72 1.49677e-72 5.78553e-73 2.23544e-73 8.63406e-74 3.3335e-74 1.28653e-74 4.96336e-75 1.91411e-75 7.37896e-76 2.84355e-76 1.09538e-76 4.21801e-77 1.62364e-77 6.2476e-78 2.40312e-78 9.24016e-79 3.5516e-79 1.36462e-79 5.24129e-80 2.01237e-80 7.7236e-81 2.96329e-81 1.1365e-81 4.35723e-82 1.6699e-82 6.39757e-83 2.45006e-83 9.37875e-84 3.58699e-84 1.36686e-84 5.10025e-85 1.66045e-85 0. 
-2.543e+06 -1.11119e+06 -168288. -393283. -628850. -651194. -538951. -389452. -256488. -157589. -91556.5 -50697.5 -26870.3 -13652.5 -6642.7 -3082.05 -1351.21 -549.357 -198.555 -56.3399 -5.15907 9.23793 10.4626 8.02026 5.29533 3.21866 1.85292 1.02547 0.550484 0.288316 0.147937 0.0745919 0.0370454 0.0181564 0.00879547 0.00421705 0.0020035 0.000944189 0.000441804 0.000205438 9.50094e-05 4.37331e-05 2.00501e-05 9.1615e-06 4.17463e-06 1.89803e-06 8.61461e-07 3.90477e-07 1.76824e-07 8.00206e-08 3.61975e-08 1.63699e-08 7.40207e-09 3.34678e-09 1.51312e-09 6.84035e-10 3.09182e-10 1.39715e-10 6.31123e-11 2.84956e-11 1.2858e-11 5.79761e-12 2.61182e-12 1.17545e-12 5.28416e-13 2.37254e-13 1.06383e-13 4.76339e-14 2.12964e-14 9.50632e-15 4.23652e-15 1.88483e-15 8.37115e-16 3.71134e-16 1.64246e-16 7.25554e-17 3.19923e-17 1.40805e-17 6.18562e-18 2.71231e-18 1.18709e-18 5.18586e-19 2.26126e-19 9.84182e-20 4.27563e-20 1.85409e-20 8.02547e-21 3.46759e-21 1.49557e-21 6.439e-22 2.76738e-22 1.18731e-22 5.08531e-23 2.17437e-23 9.28165e-24 3.95548e-24 1.68293e-24 7.14886e-25 3.03194e-25 1.28389e-25 5.42834e-26 2.29166e-26 9.66027e-27 4.06623e-27 1.70911e-27 7.17356e-28 3.00673e-28 1.25852e-28 5.26071e-29 2.19611e-29 9.15589e-30 3.81236e-30 1.58542e-30 6.58509e-31 2.73184e-31 1.13197e-31 4.68498e-32 1.9368e-32 7.99791e-33 3.29905e-33 1.35935e-33 5.59519e-34 2.30061e-34 9.44992e-35 3.87771e-35 1.58962e-35 6.51011e-36 2.6636e-36 1.08878e-36 4.44644e-37 1.81422e-37 7.39581e-38 3.01235e-38 1.22591e-38 4.98495e-39 2.02543e-39 8.22323e-40 3.33614e-40 1.35249e-40 5.47924e-41 2.21824e-41 8.97445e-42 3.62845e-42 1.46606e-42 5.91971e-43 2.38874e-43 9.63287e-44 3.88203e-44 1.56342e-44 6.2922e-45 2.53068e-45 1.01712e-45 4.08516e-46 1.63961e-46 6.57604e-47 2.63559e-47 1.05554e-47 4.22435e-48 1.68938e-48 6.7511e-49 2.6959e-49 1.07576e-49 4.28953e-50 1.70917e-50 6.8053e-51 2.70767e-51 1.07655e-51 4.27723e-52 1.69819e-52 6.73762e-53 2.67134e-53 1.05841e-53 4.19072e-54 1.65819e-54 6.55686e-55 2.59105e-55 1.02324e-55 4.03838e-56 1.59282e-56 6.27854e-57 2.47337e-57 9.73777e-58 3.83155e-58 1.50674e-58 5.92178e-59 2.32606e-59 9.1316e-60 3.58289e-60 1.40503e-60 5.50683e-61 2.15719e-61 8.44594e-62 3.30508e-62 1.29269e-62 5.05344e-63 1.97453e-63 7.71125e-64 3.01005e-64 1.17439e-64 4.5798e-65 1.78515e-65 6.95503e-66 2.70847e-66 1.05427e-66 4.10185e-67 1.5952e-67 6.20098e-68 2.40943e-68 9.35793e-69 3.63295e-69 1.40979e-69 5.46847e-70 2.1203e-70 8.21768e-71 3.18363e-71 1.23288e-71 4.77248e-72 1.84669e-72 7.14287e-73 2.76172e-73 1.06738e-73 4.12372e-74 1.59255e-74 6.14795e-75 2.37249e-75 9.15193e-76 3.52906e-76 1.36032e-76 5.24161e-77 2.01896e-77 7.77372e-78 2.99207e-78 1.15121e-78 4.42772e-79 1.70235e-79 6.54271e-80 2.51368e-80 9.65397e-81 3.70634e-81 1.42242e-81 5.45701e-82 2.09279e-82 8.02305e-83 3.07464e-83 1.17779e-83 4.50833e-84 1.72038e-84 6.44334e-85 2.11961e-85 0. 
-2.543e+06 -979097. -382906. -640662. -774223. -696958. -527431. -357195. -223886. -132397. -74706.8 -40483.7 -21136.8 -10640.1 -5155.67 -2393.9 -1055.71 -434.603 -160.908 -48.374 -6.78634 5.67504 7.39787 5.91707 4.00276 2.47676 1.4471 0.811461 0.440893 0.233546 0.121126 0.0617003 0.0309432 0.0153074 0.00748135 0.00361729 0.00173227 0.000822484 0.000387545 0.000181372 8.43759e-05 3.90466e-05 1.79873e-05 8.25362e-06 3.77467e-06 1.72151e-06 7.83348e-07 3.55804e-07 1.61381e-07 7.3119e-08 3.31029e-08 1.49783e-08 6.77474e-09 3.06344e-09 1.38498e-09 6.2604e-10 2.82932e-10 1.27839e-10 5.77442e-11 2.60724e-11 1.17661e-11 5.30651e-12 2.39145e-12 1.0768e-12 4.84375e-13 2.17646e-13 9.76774e-14 4.37797e-14 1.95951e-14 8.7576e-15 3.908e-15 1.74113e-15 7.74445e-16 3.43886e-16 1.52436e-16 6.74522e-17 2.97941e-17 1.31365e-17 5.78154e-18 2.53987e-18 1.11375e-18 4.87487e-19 2.12983e-19 9.28819e-20 4.04321e-20 1.75684e-20 7.62001e-21 3.29913e-21 1.42584e-21 6.15139e-22 2.64921e-22 1.13896e-22 4.88825e-23 2.09441e-23 8.95866e-24 3.82564e-24 1.631e-24 6.94228e-25 2.95025e-25 1.25179e-25 5.30315e-26 2.24322e-26 9.47453e-27 3.99576e-27 1.68271e-27 7.07612e-28 2.97145e-28 1.24606e-28 5.21814e-29 2.18228e-29 9.11448e-30 3.80181e-30 1.58378e-30 6.58956e-31 2.73832e-31 1.13654e-31 4.71164e-32 1.95098e-32 8.06929e-33 3.33373e-33 1.37577e-33 5.67137e-34 2.33544e-34 9.60714e-35 3.94796e-35 1.62074e-35 6.64694e-36 2.72337e-36 1.11474e-36 4.5586e-37 1.86246e-37 7.60234e-38 3.10042e-38 1.26333e-38 5.14332e-39 2.09224e-39 8.50408e-40 3.45386e-40 1.40169e-40 5.68429e-41 2.30351e-41 9.32822e-42 3.77494e-42 1.52662e-42 6.16969e-43 2.4918e-43 1.00573e-43 4.05665e-44 1.63521e-44 6.58716e-45 2.65179e-45 1.06683e-45 4.28905e-46 1.7232e-46 6.91857e-47 2.77587e-47 1.11296e-47 4.45921e-48 1.78538e-48 7.14321e-49 2.85593e-49 1.14101e-49 4.55536e-50 1.81737e-50 7.2452e-51 2.88634e-51 1.14904e-51 4.57105e-52 1.81715e-52 7.2187e-53 2.86568e-53 1.13683e-53 4.50681e-54 1.78546e-54 7.0687e-55 2.79669e-55 1.10577e-55 4.36925e-56 1.72533e-56 6.80873e-57 2.68529e-57 1.0584e-57 4.16915e-58 1.64129e-58 6.45759e-59 2.53924e-59 9.97901e-60 3.91946e-60 1.53859e-60 6.03645e-61 2.36703e-61 9.2767e-62 3.63373e-62 1.42261e-62 5.56663e-63 2.1771e-63 8.51031e-64 3.32503e-64 1.29847e-64 5.06823e-65 1.97729e-65 7.71045e-66 3.00527e-66 1.17081e-66 4.55918e-67 1.77456e-67 6.90396e-68 2.6848e-68 1.0436e-68 4.05478e-69 1.57475e-69 6.11323e-70 2.37217e-70 9.20106e-71 3.56738e-71 1.38255e-71 5.35596e-72 2.07404e-72 8.02828e-73 3.10638e-73 1.20148e-73 4.64523e-74 1.79527e-74 6.9356e-75 2.67838e-75 1.03394e-75 3.98982e-76 1.53904e-76 5.93447e-77 2.28746e-77 8.81382e-78 3.39481e-78 1.30709e-78 5.03083e-79 1.93559e-79 7.44443e-80 2.86214e-80 1.10001e-80 4.22612e-81 1.62306e-81 6.23116e-82 2.39138e-82 9.17432e-83 3.51837e-83 1.34878e-83 5.16738e-84 1.97507e-84 7.43454e-85 2.48776e-85 0. 
-2.543e+06 -210874. -450915. -863392. -924524. -752198. -522401. -327270. -190649. -105169. -55555.3 -28289.5 -13930.8 -6635.37 -3047.82 -1340.3 -556.175 -211.33 -68.1914 -13.7777 3.79701 7.36206 6.39944 4.51604 2.87784 1.72223 0.986409 0.546524 0.29489 0.15566 0.0806451 0.041108 0.0206567 0.0102486 0.00502704 0.00244059 0.00117395 0.000559969 0.000265093 0.000124647 5.82532e-05 2.70773e-05 1.25259e-05 5.7702e-06 2.64844e-06 1.2118e-06 5.53003e-07 2.51807e-07 1.14453e-07 5.19463e-08 2.35498e-08 1.06668e-08 4.82817e-09 2.18426e-09 9.87744e-10 4.46513e-10 2.01783e-10 9.11577e-11 4.11665e-11 1.85829e-11 8.38423e-12 3.78057e-12 1.70354e-12 7.67008e-13 3.45031e-13 1.55053e-13 6.96021e-14 3.12065e-14 1.39737e-14 6.24863e-15 2.7902e-15 1.24404e-15 5.53808e-16 2.46143e-16 1.0922e-16 4.83821e-17 2.13957e-17 9.44529e-18 4.1624e-18 1.83107e-18 8.04073e-19 3.52461e-19 1.54224e-19 6.73623e-20 2.93702e-20 1.27827e-20 5.55356e-21 2.40853e-21 1.04273e-21 4.50645e-22 1.94422e-22 8.37361e-23 3.60032e-23 1.54539e-23 6.62232e-24 2.83313e-24 1.21008e-24 5.16017e-25 2.19695e-25 9.33891e-26 3.96367e-26 1.67971e-26 7.10751e-27 3.00299e-27 1.26693e-27 5.33737e-28 2.24535e-28 9.43261e-29 3.95715e-29 1.65785e-29 6.9363e-30 2.89829e-30 1.20947e-30 5.04079e-31 2.09827e-31 8.72351e-32 3.62242e-32 1.50242e-32 6.22416e-33 2.57557e-33 1.06458e-33 4.39545e-34 1.81284e-34 7.4688e-35 3.0739e-35 1.26381e-35 5.19079e-36 2.12988e-36 8.73074e-37 3.57545e-37 1.46285e-37 5.97954e-38 2.44196e-38 9.96377e-39 4.0619e-39 1.65449e-39 6.73341e-40 2.73813e-40 1.11257e-40 4.51721e-41 1.83267e-41 7.42991e-42 3.01004e-42 1.2186e-42 4.93005e-43 1.99321e-43 8.05319e-44 3.25162e-44 1.31205e-44 5.29079e-45 2.13212e-45 8.58658e-46 3.45579e-46 1.38992e-46 5.58657e-47 2.24394e-47 9.00711e-48 3.61297e-48 1.44826e-48 5.80134e-49 2.32224e-49 9.28931e-50 3.71325e-50 1.48326e-50 5.92071e-51 2.36169e-51 9.4138e-52 3.74973e-52 1.49255e-52 5.93685e-53 2.35982e-53 9.3735e-54 3.72071e-54 1.47589e-54 5.85047e-55 2.31759e-55 9.17479e-56 3.6297e-56 1.43505e-56 5.67001e-57 2.23886e-57 8.83487e-58 3.48423e-58 1.37325e-58 5.40918e-59 2.1294e-59 8.37778e-60 3.2942e-60 1.29457e-60 5.08458e-61 1.99593e-61 7.83063e-62 3.07053e-62 1.20337e-62 4.71362e-63 1.84537e-63 7.22089e-64 2.82407e-64 1.10393e-64 4.31314e-65 1.68435e-65 6.57443e-66 2.56494e-66 1.00021e-66 3.8985e-67 1.51881e-67 5.91442e-68 2.30209e-68 8.95648e-69 3.48305e-69 1.35391e-69 5.26055e-70 2.04308e-70 7.93149e-71 3.0778e-71 1.19383e-71 4.62878e-72 1.79395e-72 6.94991e-73 2.69136e-73 1.04181e-73 4.03122e-74 1.55924e-74 6.02862e-75 2.33e-75 9.00172e-76 3.4764e-76 1.34205e-76 5.17898e-77 1.99782e-77 7.70383e-78 2.96959e-78 1.14426e-78 4.40753e-79 1.69709e-79 6.53218e-80 2.51335e-80 9.66697e-81 3.71682e-81 1.42855e-81 5.48865e-82 2.10804e-82 8.09353e-83 3.10628e-83 1.19174e-83 4.56993e-84 1.74973e-84 6.62827e-85 2.2797e-85 0. 
-2.543e+06 -236259. -43515.5 -593554. -835343. -757131. -552505. -351920. -203316. -108739. -54413.3 -25573.5 -11255.7 -4581.02 -1668.2 -494.083 -71.9834 50.051 65.6893 51.3896 33.8635 20.4009 11.6136 6.35296 3.37242 1.7482 0.888776 0.44452 0.219232 0.106812 0.0514847 0.0245816 0.0116378 0.00546833 0.00255224 0.00118413 0.000546494 0.000251055 0.000114872 5.23816e-05 2.38176e-05 1.08043e-05 4.89196e-06 2.21177e-06 9.98933e-07 4.50832e-07 2.03373e-07 9.17205e-08 4.13619e-08 1.86526e-08 8.41199e-09 3.79384e-09 1.71103e-09 7.71608e-10 3.47896e-10 1.56804e-10 7.06407e-11 3.18036e-11 1.43073e-11 6.43024e-12 2.88687e-12 1.29449e-12 5.7968e-13 2.59208e-13 1.15728e-13 5.15844e-14 2.29542e-14 1.01963e-14 4.52102e-15 2.00092e-15 8.83914e-16 3.89733e-16 1.71512e-16 7.53338e-17 3.30255e-17 1.44503e-17 6.3106e-18 2.75065e-18 1.19668e-18 5.19636e-19 2.25221e-19 9.74342e-20 4.20741e-20 1.81354e-20 7.80289e-21 3.35126e-21 1.43679e-21 6.14919e-22 2.6272e-22 1.12054e-22 4.77118e-23 2.02816e-23 8.6072e-24 3.64683e-24 1.54267e-24 6.5154e-25 2.74745e-25 1.15678e-25 4.86305e-26 2.04134e-26 8.5562e-27 3.58107e-27 1.49665e-27 6.24619e-28 2.60318e-28 1.08342e-28 4.50302e-29 1.8691e-29 7.7481e-30 3.20773e-30 1.32633e-30 5.47725e-31 2.25914e-31 9.30679e-32 3.82951e-32 1.57392e-32 6.46135e-33 2.64958e-33 1.0853e-33 4.44072e-34 1.81507e-34 7.411e-35 3.02283e-35 1.23171e-35 5.01385e-36 2.03896e-36 8.28376e-37 3.36231e-37 1.36347e-37 5.52402e-38 2.23603e-38 9.0431e-39 3.65411e-39 1.47529e-39 5.95129e-40 2.39878e-40 9.66096e-41 3.88786e-41 1.56339e-41 6.28198e-42 2.52236e-42 1.01206e-42 4.05792e-43 1.62593e-43 6.51044e-44 2.60516e-44 1.04179e-44 4.16344e-45 1.66286e-45 6.63731e-46 2.64769e-46 1.05555e-46 4.20568e-47 1.67469e-47 6.66459e-48 2.65067e-48 1.05361e-48 4.18544e-49 1.66167e-49 6.59301e-50 2.61432e-50 1.03602e-50 4.1031e-51 1.624e-51 6.42374e-52 2.53933e-52 1.00318e-52 3.96061e-53 1.56269e-53 6.16182e-54 2.42813e-54 9.56222e-55 3.76334e-55 1.48018e-55 5.81813e-56 2.2855e-56 8.97246e-57 3.52025e-57 1.38029e-57 5.4088e-58 2.11822e-58 8.29053e-59 3.24292e-59 1.26775e-59 4.95314e-60 1.93409e-60 7.54789e-61 2.94394e-61 1.1476e-61 4.47108e-62 1.74099e-62 6.77558e-63 2.63551e-63 1.0246e-63 3.9812e-64 1.54614e-64 6.00157e-65 2.32841e-65 9.02894e-66 3.49945e-66 1.35565e-66 5.24914e-67 2.03151e-67 7.85859e-68 3.03855e-68 1.17432e-68 4.53634e-69 1.75157e-69 6.76013e-70 2.60788e-70 1.00561e-70 3.87598e-71 1.4933e-71 5.75075e-72 2.2137e-72 8.51784e-73 3.27612e-73 1.25954e-73 4.84045e-74 1.85945e-74 7.14016e-75 2.74068e-75 1.05157e-75 4.03318e-76 1.54628e-76 5.92602e-77 2.27023e-77 8.69388e-78 3.32807e-78 1.27353e-78 4.87152e-79 1.86277e-79 7.12023e-80 2.72064e-80 1.03918e-80 3.96781e-81 1.51445e-81 5.77836e-82 2.20394e-82 8.40308e-83 3.20276e-83 1.22027e-83 4.64764e-84 1.76948e-84 6.73354e-85 2.55949e-85 9.68352e-86 3.57432e-86 1.13707e-86 0. 
-2.543e+06 -989433. -12862.5 -327392. -670088. -727358. -595512. -412211. -253975. -143086. -74795.2 -36522. -16659.3 -7039.68 -2690.97 -872.038 -185.736 31.9669 75.3332 64.7036 44.1746 27.0423 15.5003 8.49405 4.50298 2.32665 1.17761 0.585991 0.287461 0.139311 0.06681 0.0317503 0.0149696 0.00700897 0.0032618 0.00150991 0.000695712 0.000319274 0.000146015 6.65823e-05 3.02866e-05 1.37488e-05 6.23113e-06 2.8204e-06 1.27535e-06 5.76282e-07 2.60267e-07 1.17504e-07 5.30376e-08 2.39357e-08 1.08007e-08 4.87298e-09 2.19814e-09 9.91296e-10 4.46884e-10 2.01364e-10 9.06792e-11 4.08054e-11 1.83465e-11 8.2406e-12 3.69724e-12 1.65676e-12 7.41408e-13 3.31305e-13 1.4782e-13 6.58477e-14 2.92834e-14 1.30002e-14 5.76118e-15 2.54851e-15 1.12529e-15 4.95947e-16 2.1817e-16 9.57941e-17 4.19824e-17 1.83645e-17 8.01823e-18 3.49436e-18 1.52003e-18 6.59991e-19 2.86042e-19 1.23747e-19 5.34396e-20 2.30366e-20 9.91314e-21 4.25842e-21 1.82616e-21 7.81789e-22 3.34126e-22 1.42564e-22 6.07286e-23 2.58269e-23 1.09662e-23 4.64887e-24 1.96771e-24 8.31572e-25 3.50894e-25 1.47842e-25 6.2197e-26 2.61278e-26 1.09599e-26 4.59077e-27 1.92022e-27 8.02067e-28 3.34558e-28 1.39362e-28 5.79741e-29 2.40853e-29 9.9932e-30 4.14096e-30 1.71375e-30 7.08364e-31 2.92437e-31 1.20583e-31 4.96617e-32 2.04292e-32 8.39422e-33 3.44523e-33 1.41245e-33 5.78432e-34 2.36626e-34 9.6697e-35 3.94737e-35 1.60974e-35 6.55784e-36 2.66891e-36 1.08513e-36 4.40771e-37 1.78869e-37 7.25191e-38 2.93748e-38 1.1888e-38 4.80686e-39 1.94195e-39 7.83871e-40 3.16147e-40 1.27403e-40 5.13001e-41 2.06402e-41 8.29804e-42 3.33355e-42 1.33819e-42 5.36797e-43 2.15177e-43 8.61942e-44 3.45037e-44 1.38027e-44 5.51793e-45 2.20451e-45 8.80186e-46 3.51211e-46 1.40054e-46 5.58167e-47 2.22317e-47 8.84965e-48 3.52066e-48 1.39981e-48 5.5624e-49 2.20904e-49 8.76781e-50 3.47798e-50 1.37882e-50 5.46308e-51 2.16327e-51 8.56107e-52 3.38601e-52 1.33841e-52 5.28728e-53 2.08744e-53 8.23638e-54 3.24786e-54 1.27996e-54 5.04116e-55 1.98428e-55 7.80576e-56 3.06877e-56 1.20574e-56 4.73455e-57 1.858e-57 7.28709e-58 2.85631e-58 1.11892e-58 4.38066e-59 1.71406e-59 6.70288e-60 2.61968e-60 1.02326e-60 3.99465e-61 1.55858e-61 6.07768e-62 2.36868e-62 9.22656e-63 3.59201e-63 1.39767e-63 5.4355e-64 2.11275e-64 8.20785e-65 3.18705e-65 1.23688e-65 4.79785e-66 1.86016e-66 7.2084e-67 2.792e-67 1.08089e-67 4.18255e-68 1.61769e-68 6.25381e-69 2.41653e-69 9.33344e-70 3.60324e-70 1.39043e-70 5.36304e-71 2.06767e-71 7.96824e-72 3.06941e-72 1.18185e-72 4.54867e-73 1.74994e-73 6.7295e-74 2.5868e-74 9.9395e-75 3.8176e-75 1.46569e-75 5.62498e-76 2.15789e-76 8.27497e-77 3.17201e-77 1.21545e-77 4.65556e-78 1.78256e-78 6.82261e-79 2.61033e-79 9.98343e-80 3.81684e-80 1.45871e-80 5.57282e-81 2.12826e-81 8.12488e-82 3.10066e-82 1.18287e-82 4.51091e-83 1.71964e-83 6.55325e-84 2.49638e-84 9.50485e-85 3.61464e-85 1.36798e-85 5.05011e-86 1.61075e-86 0. 
-2.543e+06 -1.10298e+06 16192.2 -231583. -606132. -718501. -622412. -450312. -288203. -168069. -90767.5 -45770.9 -21592.2 -9480.63 -3811.08 -1343.78 -362.793 -22.4095 66.2767 69.1674 50.6157 32.1305 18.8292 10.4689 5.60405 2.91425 1.48103 0.738678 0.362718 0.175779 0.0842375 0.0399832 0.0188223 0.00879805 0.00408745 0.00188906 0.000869163 0.000398392 0.000182028 8.29496e-05 3.77179e-05 1.71205e-05 7.76037e-06 3.51382e-06 1.58973e-06 7.1879e-07 3.24856e-07 1.46772e-07 6.62961e-08 2.99396e-08 1.35181e-08 6.10215e-09 2.75376e-09 1.24224e-09 5.60127e-10 2.52416e-10 1.1367e-10 5.11473e-11 2.29929e-11 1.03254e-11 4.63141e-12 2.07475e-12 9.28165e-13 4.14619e-13 1.84929e-13 8.23495e-14 3.66094e-14 1.62472e-14 7.1978e-15 3.18304e-15 1.40506e-15 6.19088e-16 2.72274e-16 1.19524e-16 5.23719e-17 2.29054e-17 9.99942e-18 4.35727e-18 1.89523e-18 8.22854e-19 3.56619e-19 1.54281e-19 6.66281e-20 2.8724e-20 1.23619e-20 5.31111e-21 2.278e-21 9.75437e-22 4.16995e-22 1.77974e-22 7.58375e-23 3.22643e-23 1.3705e-23 5.81252e-24 2.46141e-24 1.04075e-24 4.394e-25 1.85239e-25 7.79776e-26 3.27779e-26 1.37586e-26 5.7671e-27 2.41399e-27 1.00906e-27 4.21224e-28 1.75601e-28 7.31081e-29 3.03976e-29 1.26227e-29 5.23498e-30 2.16837e-30 8.97049e-31 3.70654e-31 1.52968e-31 6.30545e-32 2.59612e-32 1.06766e-32 4.38583e-33 1.79963e-33 7.37627e-34 3.02008e-34 1.2352e-34 5.04655e-35 2.05966e-35 8.39743e-36 3.42023e-36 1.39167e-36 5.65709e-37 2.29739e-37 9.3211e-38 3.77831e-38 1.53015e-38 6.19131e-39 2.50293e-39 1.01098e-39 4.08004e-40 1.64522e-40 6.62872e-41 2.66861e-41 1.07348e-41 4.31489e-42 1.73306e-42 6.95555e-43 2.78953e-43 1.11794e-43 4.47715e-44 1.79178e-44 7.16594e-45 2.86401e-45 1.14391e-45 4.56599e-46 1.8214e-46 7.26116e-47 2.89297e-47 1.15192e-47 4.584e-48 1.82311e-48 7.24652e-49 2.8787e-49 1.14292e-49 4.53511e-50 1.79851e-50 7.1284e-51 2.82375e-51 1.11793e-51 4.42338e-52 1.74924e-52 6.91345e-53 2.73082e-53 1.07806e-53 4.25347e-54 1.67723e-54 6.60987e-55 2.6034e-55 1.0248e-55 4.03165e-56 1.58517e-56 6.22899e-57 2.44629e-57 9.60164e-58 3.76645e-58 1.47662e-58 5.78573e-59 2.26567e-59 8.86726e-60 3.46845e-60 1.35593e-60 5.29778e-61 2.06875e-61 8.07391e-62 3.14935e-62 1.22778e-62 4.78393e-63 1.86301e-63 7.2513e-64 2.82089e-64 1.09681e-64 4.26233e-65 1.65555e-65 6.42711e-66 2.49385e-66 9.67178e-67 3.74911e-67 1.45257e-67 5.62515e-68 2.17732e-68 8.42373e-69 3.25748e-69 1.25908e-69 4.86438e-70 1.87846e-70 7.25066e-71 2.79743e-71 1.07881e-71 4.15856e-72 1.60232e-72 6.17118e-73 2.37575e-73 9.14217e-74 3.51653e-74 1.35207e-74 5.19643e-75 1.99634e-75 7.6663e-76 2.94282e-76 1.12919e-76 4.33113e-77 1.6606e-77 6.36442e-78 2.4383e-78 9.33788e-79 3.57475e-79 1.36798e-79 5.233e-80 2.00107e-80 7.64913e-81 2.92283e-81 1.11645e-81 4.263e-82 1.62718e-82 6.20873e-83 2.36818e-83 9.02964e-84 3.44161e-84 1.31109e-84 4.98879e-85 1.88918e-85 6.98073e-86 2.23243e-86 0. 
-2.543e+06 -1.09426e+06 49636. -190919. -583787. -721401. -642572. -476344. -312067. -186291. -103060. -53312.8 -25868.1 -11739.8 -4926.5 -1856.77 -579.866 -104.32 41.0634 65.088 52.8972 35.3411 21.376 12.149 6.6101 3.48056 1.78609 0.897604 0.443352 0.21582 0.103769 0.0493701 0.0232775 0.0108905 0.00506169 0.0023394 0.00107611 0.000493051 0.000225168 0.000102557 4.66119e-05 2.11497e-05 9.58421e-06 4.33906e-06 1.96308e-06 8.87709e-07 4.01293e-07 1.81366e-07 8.19546e-08 3.70274e-08 1.67262e-08 7.55387e-09 3.41044e-09 1.53915e-09 6.94272e-10 3.12976e-10 1.40984e-10 6.34534e-11 2.85307e-11 1.28143e-11 5.74847e-12 2.57539e-12 1.15219e-12 5.14707e-13 2.29573e-13 1.02229e-13 4.54466e-14 2.01687e-14 8.93492e-15 3.95116e-15 1.7441e-15 7.68459e-16 3.37965e-16 1.48362e-16 6.50084e-17 2.84327e-17 1.24128e-17 5.40915e-18 2.3529e-18 1.02164e-18 4.4281e-19 1.91591e-19 8.27513e-20 3.56802e-20 1.53582e-20 6.59971e-21 2.83131e-21 1.21266e-21 5.18544e-22 2.2138e-22 9.43642e-23 4.01605e-23 1.70656e-23 7.24077e-24 3.06758e-24 1.29766e-24 5.48141e-25 2.31203e-25 9.73812e-26 4.09583e-26 1.72029e-26 7.21545e-27 3.02226e-27 1.2642e-27 5.28106e-28 2.2032e-28 9.17959e-29 3.81974e-29 1.58742e-29 6.58883e-30 2.7314e-30 1.13092e-30 4.67683e-31 1.93177e-31 7.9698e-32 3.28424e-32 1.35184e-32 5.55805e-33 2.28263e-33 9.36421e-34 3.83738e-34 1.57083e-34 6.42333e-35 2.62376e-35 1.07059e-35 4.36386e-36 1.777e-36 7.229e-37 2.93797e-37 1.1929e-37 4.83899e-38 1.96113e-38 7.9408e-39 3.21246e-39 1.29847e-39 5.24385e-40 2.11594e-40 8.53088e-41 3.43661e-41 1.3833e-41 5.56364e-42 2.23596e-42 8.9792e-43 3.60317e-43 1.44482e-43 5.7893e-44 2.31809e-44 9.2754e-45 3.70884e-45 1.48201e-45 5.91808e-46 2.36172e-46 9.41891e-47 3.75407e-47 1.49533e-47 5.95265e-48 2.36824e-48 9.4164e-49 3.74191e-49 1.48612e-49 5.89882e-50 2.34009e-50 9.27808e-51 3.67656e-51 1.45608e-51 5.7635e-52 2.28007e-52 9.01512e-53 3.5625e-53 1.40702e-53 5.55397e-54 2.19113e-54 8.63956e-55 3.40467e-55 1.34096e-55 5.27857e-56 2.0767e-56 8.16563e-57 3.20895e-57 1.26036e-57 4.94746e-58 1.94101e-58 7.61081e-59 2.98259e-59 1.16819e-59 4.57291e-60 1.78909e-60 6.99572e-61 2.73397e-61 1.06787e-61 4.16877e-62 1.62653e-62 6.34281e-63 2.47212e-63 9.63003e-64 3.74935e-64 1.459e-64 5.67455e-65 2.20588e-65 8.57058e-66 3.32827e-66 1.29183e-66 5.01162e-67 1.94328e-67 7.53144e-68 2.91749e-68 1.12962e-68 4.37165e-69 1.69104e-69 6.5382e-70 2.52674e-70 9.76028e-71 3.76848e-71 1.45436e-71 5.61028e-72 2.16324e-72 8.33742e-73 3.21196e-73 1.23686e-73 4.76087e-74 1.83175e-74 7.04475e-75 2.70821e-75 1.04069e-75 3.99744e-76 1.53485e-76 5.89082e-77 2.26002e-77 8.6672e-78 3.32257e-78 1.27321e-78 4.8771e-79 1.86748e-79 7.148e-80 2.73496e-80 1.04606e-80 3.99943e-81 1.52856e-81 5.83992e-82 2.23036e-82 8.51501e-83 3.24967e-83 1.23976e-83 4.72792e-84 1.80213e-84 6.86114e-85 2.59984e-85 9.61438e-86 3.07898e-86 0. 
-2.543e+06 -1.0774e+06 71285.6 -173029. -576643. -726594. -656474. -493512. -328163. -199094. -112119. -59160.2 -29364. -13692.8 -5950.67 -2361.02 -811.808 -202.63 3.92185 53.7046 51.1551 36.5042 22.9494 13.3956 7.43653 3.97883 2.0687 1.05103 0.523901 0.256995 0.12436 0.0594805 0.0281655 0.0132229 0.00616217 0.00285376 0.00131461 0.000602907 0.000275497 0.000125515 5.70496e-05 2.58833e-05 1.17272e-05 5.30813e-06 2.40102e-06 1.08558e-06 4.907e-07 2.21771e-07 1.00221e-07 4.52875e-08 2.04623e-08 9.24404e-09 4.17504e-09 1.88497e-09 8.50636e-10 3.83637e-10 1.72894e-10 7.7851e-11 3.50202e-11 1.57359e-11 7.06211e-12 3.16521e-12 1.41662e-12 6.3307e-13 2.82466e-13 1.25826e-13 5.59549e-14 2.484e-14 1.10077e-14 4.86919e-15 2.14994e-15 9.47542e-16 4.16839e-16 1.83035e-16 8.0223e-17 3.50964e-17 1.5326e-17 6.68041e-18 2.90664e-18 1.26241e-18 5.47319e-19 2.36874e-19 1.02339e-19 4.41386e-20 1.90047e-20 8.16918e-21 3.50574e-21 1.50202e-21 6.42499e-22 2.74399e-22 1.17008e-22 4.98171e-23 2.11779e-23 8.98947e-24 3.81016e-24 1.61257e-24 6.815e-25 2.87605e-25 1.21203e-25 5.1007e-26 2.14362e-26 8.9966e-27 3.77074e-27 1.57833e-27 6.59784e-28 2.7545e-28 1.14849e-28 4.78261e-29 1.98911e-29 8.26256e-30 3.428e-30 1.4205e-30 5.87928e-31 2.43049e-31 1.00359e-31 4.13925e-32 1.70526e-32 7.01732e-33 2.88449e-33 1.18438e-33 4.85781e-34 1.99031e-34 8.14573e-35 3.3301e-35 1.35985e-35 5.54693e-36 2.26046e-36 9.20259e-37 3.74284e-37 1.52082e-37 6.17372e-38 2.50389e-38 1.01459e-38 4.10748e-39 1.66142e-39 6.71442e-40 2.71123e-40 1.09386e-40 4.40956e-41 1.77614e-41 7.14843e-42 2.87476e-42 1.1552e-42 4.63852e-43 1.86113e-43 7.46194e-44 2.9896e-44 1.19692e-44 4.78861e-45 1.91451e-45 7.6491e-46 3.05404e-46 1.21859e-46 4.85914e-47 1.93637e-47 7.71168e-48 3.06933e-48 1.2209e-48 4.85352e-49 1.92833e-49 7.65697e-50 3.03868e-50 1.20523e-50 4.77762e-51 1.89284e-51 7.49511e-52 2.96623e-52 1.17327e-52 4.63826e-53 1.83265e-53 7.23717e-54 2.85644e-54 1.12681e-54 4.44264e-55 1.75065e-55 6.89485e-56 2.71404e-56 1.06776e-56 4.19856e-57 1.65003e-57 6.4811e-58 2.54432e-58 9.98297e-59 3.91484e-59 1.53438e-59 6.01064e-60 2.35328e-60 9.20857e-61 3.60146e-61 1.40777e-61 5.49989e-62 2.14756e-62 8.3812e-63 3.26917e-63 1.27451e-63 4.96613e-64 1.93405e-64 7.52826e-65 2.92885e-65 1.13888e-65 4.42626e-66 1.7194e-66 6.67575e-67 2.59064e-67 1.00485e-67 3.89564e-68 1.50955e-68 5.84663e-69 2.26337e-69 8.75791e-70 3.3872e-70 1.30942e-70 5.05958e-71 1.95412e-71 7.54381e-72 2.91095e-72 1.12275e-72 4.32853e-73 1.66804e-73 6.42517e-74 2.47386e-74 9.52092e-75 3.66268e-75 1.40844e-75 5.41371e-76 2.08005e-76 7.98865e-77 3.06689e-77 1.17692e-77 4.51467e-78 1.73114e-78 6.6354e-79 2.54234e-79 9.73719e-80 3.72793e-80 1.42671e-80 5.45812e-81 2.08731e-81 7.9794e-82 3.04926e-82 1.16482e-82 4.44801e-83 1.69791e-83 6.47885e-84 2.47095e-84 9.41316e-85 3.56924e-85 1.32105e-85 4.23578e-86 0. 
-2.543e+06 -1.06898e+06 81328.3 -164555. -571884. -727281. -662235. -502193. -337330. -207071. -118200. -63354.4 -32029.9 -15272.8 -6829.94 -2821.97 -1039.36 -307.846 -41.0305 36.518 45.7728 35.6037 23.4356 14.1029 8.00929 4.3639 2.30354 1.18558 0.597633 0.296044 0.144486 0.0696225 0.0331811 0.0156638 0.00733391 0.00340964 0.00157567 0.000724457 0.00033168 0.000151327 6.88498e-05 3.12565e-05 1.41665e-05 6.413e-06 2.9007e-06 1.31134e-06 5.92652e-07 2.67807e-07 1.2101e-07 5.46789e-08 2.47063e-08 1.11625e-08 5.04253e-09 2.27729e-09 1.02806e-09 4.63859e-10 2.09152e-10 9.42294e-11 4.24129e-11 1.90696e-11 8.56372e-12 3.84074e-12 1.7201e-12 7.69203e-13 3.43434e-13 1.53084e-13 6.81209e-14 3.02602e-14 1.3418e-14 5.93903e-15 2.6239e-15 1.15711e-15 5.09327e-16 2.23774e-16 9.8133e-17 4.29551e-17 1.87678e-17 8.18493e-18 3.5631e-18 1.54831e-18 6.71605e-19 2.90807e-19 1.25701e-19 5.4241e-20 2.33658e-20 1.00486e-20 4.31435e-21 1.84935e-21 7.91457e-22 3.38181e-22 1.44277e-22 6.14578e-23 2.61398e-23 1.11014e-23 4.7078e-24 1.99356e-24 8.42982e-25 3.55956e-25 1.50096e-25 6.32042e-26 2.65787e-26 1.1162e-26 4.68137e-27 1.96082e-27 8.20243e-28 3.42683e-28 1.42986e-28 5.95875e-29 2.48016e-29 1.03104e-29 4.28102e-30 1.77542e-30 7.35435e-31 3.04284e-31 1.25752e-31 5.19104e-32 2.14045e-32 8.81597e-33 3.62708e-33 1.49063e-33 6.11945e-34 2.50948e-34 1.02795e-34 4.20579e-35 1.71859e-35 7.01411e-36 2.86023e-36 1.16521e-36 4.74226e-37 1.92822e-37 7.83294e-38 3.17903e-38 1.28906e-38 5.22235e-39 2.11387e-39 8.54902e-40 3.45449e-40 1.39472e-40 5.62644e-41 2.2679e-41 9.13408e-42 3.67588e-42 1.47815e-42 5.93936e-43 2.38469e-43 9.56749e-44 3.8357e-44 1.53665e-44 6.15173e-45 2.46101e-45 9.83849e-46 3.93051e-46 1.5692e-46 6.26069e-47 2.49623e-47 9.94653e-48 3.96083e-48 1.57628e-48 6.26929e-49 2.49198e-49 9.89954e-50 3.93037e-50 1.55957e-50 6.18487e-51 2.4514e-51 9.71088e-52 3.84473e-52 1.52138e-52 6.01694e-53 2.37839e-53 9.39633e-54 3.71027e-54 1.46428e-54 5.77582e-55 2.27707e-55 8.97247e-56 3.53363e-56 1.39093e-56 5.47218e-57 2.15174e-57 8.45654e-58 3.32177e-58 1.30412e-58 5.11731e-59 2.00696e-59 7.86696e-60 3.08212e-60 1.20688e-60 4.72339e-61 1.84763e-61 7.22358e-62 2.82269e-62 1.10242e-62 4.30336e-63 1.67897e-63 6.5472e-64 2.55179e-64 9.94059e-65 3.87042e-65 1.50621e-65 5.85856e-66 2.27761e-66 8.85017e-67 3.43722e-67 1.33429e-67 5.177e-68 2.00768e-68 7.78219e-69 3.01509e-69 1.16759e-69 4.51934e-70 1.74846e-70 6.76134e-71 2.61342e-71 1.00968e-71 3.8991e-72 1.50503e-72 5.80675e-73 2.23937e-73 8.63235e-74 3.32614e-74 1.28105e-74 4.93175e-75 1.89781e-75 7.29997e-76 2.80677e-76 1.07873e-76 4.14418e-77 1.59143e-77 6.10886e-78 2.34401e-78 8.99051e-79 3.44698e-79 1.32106e-79 5.06102e-80 1.93814e-80 7.41939e-81 2.83913e-81 1.08603e-81 4.15272e-82 1.58732e-82 6.06506e-83 2.31658e-83 8.84485e-84 3.37536e-84 1.28668e-84 4.88242e-85 1.80897e-85 5.80938e-86 0. 
-2.543e+06 -1.0675e+06 83435.4 -159380. -563071. -718739. -657228. -501241. -339167. -210088. -121231. -65823.7 -33796.2 -16422.1 -7522.94 -3213.35 -1247.5 -412.218 -90.2097 14.967 37.2009 32.696 22.7683 14.189 8.26445 4.59364 2.46541 1.28716 0.657041 0.329128 0.162245 0.0788827 0.0378961 0.0180172 0.00848885 0.00396823 0.00184247 0.000850512 0.000390684 0.000178726 8.14874e-05 3.70528e-05 1.68127e-05 7.61673e-06 3.44672e-06 1.55852e-06 7.0439e-07 3.18277e-07 1.43798e-07 6.49671e-08 2.93521e-08 1.32611e-08 5.99084e-09 2.70596e-09 1.22188e-09 5.51508e-10 2.48786e-10 1.12147e-10 5.05093e-11 2.27258e-11 1.02134e-11 4.58433e-12 2.05487e-12 9.19719e-13 4.11007e-13 1.83373e-13 8.16747e-14 3.63146e-14 1.61175e-14 7.14047e-15 3.15758e-15 1.39371e-15 6.14017e-16 2.70005e-16 1.18509e-16 5.19178e-17 2.27025e-17 9.90898e-18 4.31705e-18 1.8774e-18 8.14976e-19 3.53152e-19 1.52763e-19 6.5966e-20 2.84369e-20 1.22381e-20 5.25802e-21 2.2554e-21 9.65882e-22 4.12988e-22 1.76308e-22 7.51521e-23 3.19854e-23 1.3593e-23 5.76823e-24 2.44422e-24 1.03424e-24 4.37008e-25 1.84399e-25 7.77023e-26 3.26982e-26 1.37416e-26 5.76742e-27 2.41748e-27 1.01202e-27 4.23123e-28 1.76686e-28 7.36888e-29 3.06953e-29 1.27708e-29 5.30698e-30 2.20275e-30 9.13221e-31 3.78169e-31 1.56423e-31 6.46286e-32 2.66725e-32 1.09957e-32 4.52802e-33 1.86261e-33 7.65363e-34 3.14151e-34 1.28797e-34 5.27344e-35 2.15572e-35 8.79913e-36 3.58972e-36 1.46308e-36 5.95762e-37 2.4237e-37 9.85132e-38 4.00059e-38 1.6232e-38 6.58031e-39 2.66531e-39 1.07865e-39 4.36167e-40 1.76224e-40 7.11411e-41 2.86963e-41 1.1566e-41 4.65799e-42 1.87445e-42 7.53727e-43 3.02847e-43 1.21592e-43 4.87827e-44 1.95572e-44 7.83492e-45 3.13655e-45 1.25478e-45 5.01624e-46 2.00399e-46 8.00054e-47 3.19196e-47 1.27266e-47 5.07094e-48 2.01926e-48 8.03572e-49 3.1959e-49 1.27028e-49 5.04602e-50 2.0033e-50 7.9486e-51 3.15203e-51 1.24924e-51 4.94837e-52 1.95903e-52 7.75146e-53 3.06545e-53 1.21164e-53 4.78656e-54 1.88993e-54 7.45837e-55 2.94182e-55 1.15975e-55 4.56974e-56 1.79968e-56 7.08399e-57 2.78701e-57 1.09592e-57 4.30723e-58 1.69199e-58 6.64317e-59 2.60695e-59 1.02252e-59 4.00855e-60 1.57066e-60 6.15119e-61 2.40777e-61 9.41997e-62 3.68353e-62 1.43966e-62 5.62386e-63 2.19579e-63 8.56892e-64 3.34229e-64 1.30299e-64 5.0772e-65 1.97737e-65 7.69726e-66 2.9948e-66 1.16462e-66 4.52676e-67 1.75864e-67 6.82898e-68 2.65047e-68 1.0282e-68 3.98682e-69 1.54514e-69 5.98552e-70 2.31756e-70 8.96925e-71 3.4696e-71 1.34153e-71 5.1847e-72 2.00285e-72 7.73348e-73 2.98475e-73 1.15145e-73 4.44009e-74 1.71138e-74 6.59347e-75 2.53917e-75 9.77428e-76 3.7609e-76 1.44649e-76 5.56108e-77 2.13708e-77 8.20928e-78 3.15218e-78 1.20988e-78 4.64193e-79 1.78025e-79 6.82486e-80 2.61538e-80 1.00186e-80 3.83632e-81 1.46844e-81 5.61863e-82 2.14903e-82 8.21659e-83 3.14036e-83 1.19977e-83 4.5815e-84 1.74766e-84 6.63744e-85 2.46262e-85 7.92747e-86 0. 
-2.543e+06 -1.07185e+06 76098.7 -159226. -549683. -698949. -639211. -488854. -332438. -207366. -120738. -66284.2 -34493.9 -17041. -7972.33 -3503.32 -1419.38 -507.319 -139.706 -9.31101 26.0187 27.9158 20.9243 13.5934 8.14705 4.6288 2.52943 1.34114 0.69397 0.351888 0.175387 0.0861311 0.0417575 0.0200183 0.00950256 0.00447209 0.00208887 0.000969347 0.000447308 0.000205428 9.39661e-05 4.28401e-05 1.94794e-05 8.8389e-06 4.0044e-06 1.8121e-06 8.19389e-07 3.70329e-07 1.67328e-07 7.55957e-08 3.41515e-08 1.54283e-08 6.96967e-09 3.1482e-09 1.42177e-09 6.41882e-10 2.89657e-10 1.30632e-10 5.88695e-11 2.65057e-11 1.19216e-11 5.35574e-12 2.40293e-12 1.07659e-12 4.81625e-13 2.15118e-13 9.59229e-14 4.26992e-14 1.89736e-14 8.41572e-15 3.72593e-15 1.64652e-15 7.26251e-16 3.19733e-16 1.40497e-16 6.16212e-17 2.6976e-17 1.17873e-17 5.14099e-18 2.23811e-18 9.72586e-19 4.21885e-19 1.8268e-19 7.89635e-20 3.40732e-20 1.46778e-20 6.31219e-21 2.71008e-21 1.16166e-21 4.97145e-22 2.12424e-22 9.06254e-23 3.86043e-23 1.64199e-23 6.97369e-24 2.9575e-24 1.25247e-24 5.2966e-25 2.23679e-25 9.43321e-26 3.97291e-26 1.67102e-26 7.0192e-27 2.94464e-27 1.23374e-27 5.1626e-28 2.15762e-28 9.00635e-29 3.75489e-29 1.5636e-29 6.50339e-30 2.70176e-30 1.12112e-30 4.64685e-31 1.92387e-31 7.95621e-32 3.28667e-32 1.35622e-32 5.59025e-33 2.30179e-33 9.46745e-34 3.88972e-34 1.59611e-34 6.53875e-35 2.67246e-35 1.08969e-35 4.44554e-36 1.81208e-36 7.38015e-37 3.00324e-37 1.22112e-37 4.96096e-38 2.01382e-38 8.16809e-39 3.31032e-39 1.3405e-39 5.42398e-40 2.19292e-40 8.85895e-41 3.57602e-41 1.44237e-41 5.81324e-42 2.34113e-42 9.42106e-43 3.78831e-43 1.52218e-43 6.11176e-44 2.45215e-44 9.83132e-45 3.93881e-45 1.57693e-45 6.30891e-46 2.5223e-46 1.00773e-46 4.02345e-47 1.60533e-47 6.40101e-48 2.55066e-48 1.01574e-48 4.04239e-49 1.60778e-49 6.39078e-50 2.53876e-50 1.00793e-50 3.99937e-51 1.586e-51 6.28592e-52 2.48996e-52 9.85776e-53 3.90057e-53 1.54257e-53 6.09717e-54 2.40871e-54 9.51075e-55 3.75336e-55 1.48048e-55 5.83663e-56 2.29986e-56 9.05779e-57 3.56553e-57 1.40284e-57 5.51665e-58 2.16834e-58 8.51847e-59 3.34488e-59 1.31276e-59 5.14959e-60 2.01904e-60 7.91232e-61 3.09918e-61 1.21332e-61 4.74774e-62 1.85689e-62 7.25886e-63 2.8362e-63 1.10762e-63 4.32345e-64 1.68677e-64 6.57761e-65 2.56369e-65 9.98737e-66 3.88887e-66 1.5135e-66 5.88751e-67 2.28912e-67 8.89604e-68 3.45553e-68 1.3416e-68 5.20625e-69 2.01939e-69 7.82903e-70 3.03383e-70 1.17509e-70 4.54934e-71 1.76045e-71 6.80925e-72 2.63254e-72 1.01731e-72 3.92948e-73 1.51713e-73 5.85482e-74 2.25847e-74 8.70808e-75 3.35615e-75 1.29292e-75 4.97869e-76 1.91634e-76 7.37305e-77 2.83556e-77 1.09005e-77 4.18869e-78 1.6089e-78 6.17739e-79 2.37085e-79 9.09555e-80 3.48804e-80 1.3371e-80 5.12358e-81 1.96253e-81 7.51434e-82 2.87607e-82 1.10038e-82 4.20847e-83 1.60892e-83 6.14809e-84 2.34702e-84 8.92304e-85 3.317e-85 1.07189e-85 0. 
-2.543e+06 -1.08416e+06 47998. -177579. -540306. -671362. -608526. -464078. -315935. -197882. -115988. -64259.5 -33832.6 -16961.1 -8084.38 -3641.67 -1529.13 -580.4 -183.544 -33.6926 13.2748 21.6194 17.9828 12.3013 7.62107 4.43719 2.47281 1.33309 0.699924 0.359566 0.18135 0.0900309 0.0440858 0.0213293 0.0102107 0.00484254 0.00227782 0.00106373 0.000493637 0.000227833 0.000104665 4.78935e-05 2.18441e-05 9.93667e-06 4.51061e-06 2.04424e-06 9.25364e-07 4.18535e-07 1.89197e-07 8.54971e-08 3.86287e-08 1.74513e-08 7.88347e-09 3.56099e-09 1.60828e-09 7.26195e-10 3.27786e-10 1.47883e-10 6.66763e-11 3.00392e-11 1.35209e-11 6.07944e-12 2.73025e-12 1.22454e-12 5.48436e-13 2.45256e-13 1.09501e-13 4.88078e-14 2.17174e-14 9.64614e-15 4.2767e-15 1.89261e-15 8.3599e-16 3.68573e-16 1.6219e-16 7.12368e-17 3.12294e-17 1.36649e-17 5.96815e-18 2.60176e-18 1.13214e-18 4.91745e-19 2.13208e-19 9.22776e-20 3.98686e-20 1.71956e-20 7.404e-21 3.18266e-21 1.36584e-21 5.85202e-22 2.50334e-22 1.06919e-22 4.55952e-23 1.94145e-23 8.25441e-24 3.50436e-24 1.48561e-24 6.28904e-25 2.65863e-25 1.12236e-25 4.73175e-26 1.99219e-26 8.37663e-27 3.51759e-27 1.47526e-27 6.17936e-28 2.58512e-28 1.08015e-28 4.5078e-29 1.87899e-29 7.82301e-30 3.25324e-30 1.35132e-30 5.60668e-31 2.32362e-31 9.61922e-32 3.97774e-32 1.64308e-32 6.77975e-33 2.79449e-33 1.1506e-33 4.73205e-34 1.94344e-34 7.96374e-35 3.24993e-35 1.31964e-35 5.37914e-36 2.19132e-36 8.92129e-37 3.62966e-37 1.47576e-37 5.99608e-38 2.43454e-38 9.8777e-39 4.00481e-39 1.62253e-39 6.56874e-40 2.65736e-40 1.07422e-40 4.33925e-41 1.7515e-41 7.0645e-42 2.84727e-42 1.14671e-42 4.61483e-43 1.85583e-43 7.45768e-44 2.99469e-44 1.20168e-44 4.81851e-45 1.93077e-45 7.73112e-46 3.09352e-46 1.23699e-46 4.94291e-47 1.97383e-47 7.87675e-48 3.14124e-48 1.25192e-48 4.98623e-49 1.98471e-49 7.89502e-50 3.13866e-50 1.24702e-50 4.9516e-51 1.965e-51 7.79346e-52 3.08924e-52 1.22385e-52 4.84579e-53 1.91762e-53 7.58451e-54 2.99819e-54 1.18458e-54 4.67777e-55 1.84625e-55 7.28314e-56 2.87161e-56 1.13166e-56 4.45743e-57 1.75484e-57 6.9052e-58 2.71581e-58 1.0676e-58 4.19475e-59 1.64737e-59 6.4664e-60 2.53702e-60 9.94885e-61 3.89952e-61 1.5277e-61 5.98213e-62 2.34133e-62 9.15921e-63 3.58132e-63 1.39965e-63 5.46742e-64 2.1347e-64 8.33071e-65 3.2495e-65 1.2669e-65 4.93693e-66 1.92293e-66 7.48619e-67 2.91306e-67 1.133e-67 4.40459e-68 1.71148e-68 6.64711e-69 2.5804e-69 1.00124e-69 3.88315e-70 1.50531e-70 5.83266e-71 2.25894e-71 8.74468e-72 3.38363e-72 1.30865e-72 5.05902e-73 1.95485e-73 7.55031e-74 2.91489e-74 1.12483e-74 4.33872e-75 1.67281e-75 6.44675e-76 2.48341e-76 9.56247e-77 3.6805e-77 1.41599e-77 5.44541e-78 2.09325e-78 8.04326e-79 3.08933e-79 1.1861e-79 4.552e-80 1.74626e-80 6.69644e-81 2.56689e-81 9.8356e-82 3.76726e-82 1.44239e-82 5.52045e-83 2.11201e-83 8.07641e-84 3.0857e-84 1.1746e-84 4.37826e-85 1.42384e-85 0. 
-2.543e+06 -1.10511e+06 -24276.1 -243489. -556858. -648933. -571451. -429245. -290058. -181285. -106466. -59302.2 -31490.8 -15975.1 -7734.86 -3558.14 -1538.92 -611.978 -212.136 -53.6831 0.958471 14.6228 14.2415 10.3979 6.69488 4.00526 2.27999 1.25108 0.667041 0.34741 0.177419 0.0890951 0.0440929 0.0215438 0.010408 0.00497812 0.00235996 0.00111001 0.000518487 0.000240715 0.000111164 5.11029e-05 2.34013e-05 1.06812e-05 4.86234e-06 2.20871e-06 1.00162e-06 4.53649e-07 2.05275e-07 9.28265e-08 4.19587e-08 1.89607e-08 8.56654e-09 3.86986e-09 1.74791e-09 7.89323e-10 3.56343e-10 1.60809e-10 7.25323e-11 3.26941e-11 1.47253e-11 6.62604e-12 2.9784e-12 1.33719e-12 5.99563e-13 2.68448e-13 1.20013e-13 5.35679e-14 2.38702e-14 1.06184e-14 4.71508e-15 2.08993e-15 9.24644e-16 4.08326e-16 1.7998e-16 7.9181e-17 3.47695e-17 1.52391e-17 6.66659e-18 2.91098e-18 1.26874e-18 5.51963e-19 2.39696e-19 1.03904e-19 4.49612e-20 1.94216e-20 8.37503e-21 3.60539e-21 1.54951e-21 6.6485e-22 2.84808e-22 1.21812e-22 5.20175e-23 2.2179e-23 9.44234e-24 4.01395e-24 1.70384e-24 7.22209e-25 3.05692e-25 1.29211e-25 5.4541e-26 2.29912e-26 9.67887e-27 4.06931e-27 1.70867e-27 7.16552e-28 3.00119e-28 1.25547e-28 5.24554e-29 2.18904e-29 9.12441e-30 3.79882e-30 1.57976e-30 6.56206e-31 2.7227e-31 1.12843e-31 4.67169e-32 1.93197e-32 7.98098e-33 3.29343e-33 1.3576e-33 5.58963e-34 2.29766e-34 9.41279e-35 3.824e-35 1.53243e-35 6.23133e-36 2.53377e-36 1.03012e-36 4.18691e-37 1.70119e-37 6.90924e-38 2.80481e-38 1.13802e-38 4.61478e-39 1.87023e-39 7.57472e-40 3.0659e-40 1.24011e-40 5.01268e-41 2.02478e-41 8.17304e-42 3.29672e-42 1.32884e-42 5.35246e-43 2.15439e-43 8.66534e-44 3.48287e-44 1.39888e-44 5.61455e-45 2.25188e-45 9.02549e-46 3.61489e-46 1.44684e-46 5.78696e-47 2.31306e-47 9.23915e-48 3.68799e-48 1.47118e-48 5.86486e-49 2.33655e-49 9.30288e-50 3.7016e-50 1.47196e-50 5.84978e-51 2.3234e-51 9.22255e-52 3.6587e-52 1.45062e-52 5.74823e-53 2.27653e-53 9.01099e-54 3.56481e-54 1.4095e-54 5.57013e-55 2.20007e-55 8.68525e-56 3.42692e-56 1.35147e-56 5.32705e-57 2.0987e-57 8.26416e-58 3.25261e-58 1.27953e-58 5.03105e-59 1.97722e-59 7.76677e-60 3.04941e-60 1.19669e-60 4.69397e-61 1.84031e-61 7.2116e-62 2.82466e-62 1.10584e-62 4.32724e-63 1.69248e-63 6.61649e-64 2.58539e-64 1.00976e-64 3.94185e-65 1.53808e-65 5.99858e-66 2.33837e-66 9.11112e-67 3.54833e-67 1.38124e-67 5.37418e-68 2.09001e-68 8.12418e-69 3.15651e-69 1.22583e-69 4.7583e-70 1.84616e-70 7.15956e-71 2.77525e-71 1.07527e-71 4.16421e-72 1.61194e-72 6.2369e-73 2.41208e-73 9.32434e-74 3.60288e-74 1.39152e-74 5.37198e-75 2.07295e-75 7.99563e-76 3.08267e-76 1.188e-76 4.57631e-77 1.7621e-77 6.78206e-78 2.60922e-78 1.00341e-78 3.85712e-79 1.48208e-79 5.69247e-80 2.18552e-80 8.38752e-81 3.21765e-81 1.23388e-81 4.7297e-82 1.81228e-82 6.94144e-83 2.65768e-83 1.0171e-83 3.88947e-84 1.48277e-84 5.5479e-85 1.82324e-85 0. 
-2.543e+06 -1.11216e+06 -170016. -395519. -631344. -653710. -541297. -391494. -258159. -158880. -92502.8 -51357. -27308.5 -13930.4 -6811.09 -3179.49 -1404.95 -577.492 -212.419 -62.6634 -7.73323 8.39266 10.3332 8.13506 5.45621 3.35588 1.9514 1.08981 0.590017 0.311535 0.161103 0.0818447 0.0409448 0.0202092 0.00985633 0.00475635 0.00227365 0.00107772 0.000507023 0.000236946 0.000110082 5.08794e-05 2.34113e-05 1.07311e-05 4.90288e-06 2.23403e-06 1.01571e-06 4.60988e-07 2.08937e-07 9.46006e-08 4.27998e-08 1.93532e-08 8.74767e-09 3.95281e-09 1.78572e-09 8.06523e-10 3.64167e-10 1.64374e-10 7.41614e-11 3.34413e-11 1.50694e-11 6.78514e-12 3.05223e-12 1.37156e-12 6.156e-13 2.75943e-13 1.23518e-13 5.52071e-14 2.46362e-14 1.09759e-14 4.8816e-15 2.16732e-15 9.6052e-16 4.24909e-16 1.87622e-16 8.2692e-17 3.63774e-17 1.5973e-17 7.00047e-18 3.06239e-18 1.33718e-18 5.82799e-19 2.53546e-19 1.10107e-19 4.77304e-20 2.06544e-20 8.92226e-21 3.84764e-21 1.65646e-21 7.11944e-22 3.05493e-22 1.30875e-22 5.5979e-23 2.39065e-23 1.0194e-23 4.34026e-24 1.84521e-24 7.83327e-25 3.32061e-25 1.40567e-25 5.94216e-26 2.5085e-26 1.05756e-26 4.45265e-27 1.87227e-27 7.86257e-28 3.29771e-28 1.38141e-28 5.77961e-29 2.41519e-29 1.00806e-29 4.20256e-30 1.74999e-30 7.27883e-31 3.0241e-31 1.255e-31 5.20252e-32 2.15431e-32 8.91117e-33 3.68209e-33 1.51978e-33 6.26527e-34 2.5778e-34 1.05488e-34 4.23766e-35 1.62679e-35 6.58061e-36 2.66512e-36 1.08024e-36 4.38077e-37 1.77705e-37 7.20915e-38 2.92441e-38 1.18606e-38 4.80892e-39 1.94905e-39 7.896e-40 3.19723e-40 1.29392e-40 5.23344e-41 2.11546e-41 8.54577e-42 3.44997e-42 1.39185e-42 5.61149e-43 2.26083e-43 9.10246e-44 3.66227e-44 1.47245e-44 5.91601e-45 2.37529e-45 9.53024e-46 3.82113e-46 1.53102e-46 6.1302e-47 2.45287e-47 9.80802e-48 3.91922e-48 1.56506e-48 6.24567e-49 2.49084e-49 9.92741e-50 3.95413e-50 1.57397e-50 6.2614e-51 2.48934e-51 9.89088e-52 3.92761e-52 1.55872e-52 6.1824e-53 2.45075e-53 9.70947e-54 3.8446e-54 1.52149e-54 6.01801e-55 2.37905e-55 9.39994e-56 3.7121e-56 1.46518e-56 5.78012e-57 2.27911e-57 8.98202e-58 3.53807e-58 1.39298e-58 5.48163e-59 2.15607e-59 8.47626e-60 3.3307e-60 1.30816e-60 5.1354e-61 2.01503e-61 7.90284e-62 3.09797e-62 1.21385e-62 4.75389e-63 1.86091e-63 7.28113e-64 2.84751e-64 1.11308e-64 4.34897e-65 1.6984e-65 6.62961e-66 2.58662e-66 1.00872e-66 3.93194e-67 1.53193e-67 5.96578e-68 2.32216e-68 9.03468e-69 3.51343e-69 1.36567e-69 5.30592e-70 2.0605e-70 7.99803e-71 3.10308e-71 1.20338e-71 4.66459e-72 1.80728e-72 6.99905e-73 2.70929e-73 1.04828e-73 4.05416e-74 1.56722e-74 6.05575e-75 2.33891e-75 9.02954e-76 3.4844e-76 1.34401e-76 5.18187e-77 1.99703e-77 7.69301e-78 2.96226e-78 1.14017e-78 4.38662e-79 1.68698e-79 6.48503e-80 2.49192e-80 9.5715e-81 3.67494e-81 1.41041e-81 5.41087e-82 2.07499e-82 7.95419e-83 3.04792e-83 1.16742e-83 4.46861e-84 1.70644e-84 6.41749e-85 2.14555e-85 0. 
-2.543e+06 -979626. -383865. -641914. -775627. -698380. -528761. -358357. -224843. -133142. -75257.5 -40871.7 -21397.7 -10807.8 -5258.81 -2454.56 -1089.76 -452.776 -170.061 -52.6614 -8.59641 5.03998 7.26817 5.97152 4.10098 2.56601 1.51346 0.855948 0.468814 0.250256 0.130766 0.067097 0.0338893 0.0168811 0.00830605 0.0040422 0.00194789 0.000930398 0.000440884 0.000207438 9.69824e-05 4.50866e-05 2.08564e-05 9.60602e-06 4.4077e-06 2.01597e-06 9.19556e-07 4.18501e-07 1.90117e-07 8.62396e-08 3.90746e-08 1.76887e-08 8.00206e-09 3.61809e-09 1.63521e-09 7.38774e-10 3.33654e-10 1.50633e-10 6.79767e-11 3.06607e-11 1.38211e-11 6.22584e-12 2.80217e-12 1.26004e-12 5.65995e-13 2.5394e-13 1.13788e-13 5.0917e-14 2.27506e-14 1.01496e-14 4.52074e-15 2.01021e-15 8.9233e-16 3.95408e-16 1.74899e-16 7.72219e-17 3.40329e-17 1.49712e-17 6.57377e-18 2.88118e-18 1.26046e-18 5.50416e-19 2.39919e-19 1.04389e-19 4.53388e-20 1.96571e-20 8.50764e-21 3.6758e-21 1.58546e-21 6.82705e-22 2.9349e-22 1.25964e-22 5.39769e-23 2.30932e-23 9.86475e-24 4.20753e-24 1.79191e-24 7.6202e-25 3.23584e-25 1.3721e-25 5.81003e-26 2.4568e-26 1.03746e-26 4.37518e-27 1.84267e-27 7.75063e-28 3.25592e-28 1.36604e-28 5.72424e-29 2.39575e-29 1.00149e-29 4.18151e-30 1.74386e-30 7.26427e-31 3.02257e-31 1.25624e-31 5.21536e-32 2.16282e-32 8.95949e-33 3.70748e-33 1.5325e-33 6.32671e-34 2.60588e-34 1.06408e-34 4.16281e-35 1.34345e-35 5.38493e-36 2.16575e-36 8.73232e-37 3.52738e-37 1.42675e-37 5.77604e-38 2.3397e-38 9.48038e-39 3.84181e-39 1.55676e-39 6.30703e-40 2.55448e-40 1.03423e-40 4.18544e-41 1.69298e-41 6.84427e-42 2.76539e-42 1.11667e-42 4.50632e-43 1.81737e-43 7.32456e-44 2.95007e-44 1.18738e-44 4.77593e-45 1.91968e-45 7.71089e-46 3.09517e-46 1.24156e-46 4.9769e-47 1.99368e-47 7.98105e-48 3.19282e-48 1.27644e-48 5.09966e-49 2.0361e-49 8.12413e-50 3.23949e-50 1.29093e-50 5.1411e-51 2.04617e-51 8.13883e-52 3.23534e-52 1.28535e-52 5.10347e-53 2.02515e-53 8.0316e-54 3.18347e-54 1.26112e-54 4.99314e-55 1.97585e-55 7.81449e-56 3.08899e-56 1.22041e-56 4.8191e-57 1.90198e-57 7.50278e-58 2.95816e-58 1.16574e-58 4.59165e-59 1.80768e-59 7.11313e-60 2.79762e-60 1.09979e-60 4.32134e-61 1.69715e-61 6.66219e-62 2.614e-62 1.02515e-62 4.01853e-63 1.57449e-63 6.16608e-64 2.41365e-64 9.44353e-65 3.6931e-65 1.44359e-65 5.6402e-66 2.20263e-66 8.59773e-67 3.35447e-67 1.30816e-67 5.09912e-68 1.98668e-68 7.73671e-69 3.01151e-69 1.17168e-69 4.55651e-70 1.77115e-70 6.88139e-71 2.67237e-71 1.03733e-71 4.02476e-72 1.56085e-72 6.05044e-73 2.3443e-73 9.07912e-74 3.51462e-74 1.35993e-74 5.2597e-75 2.03335e-75 7.85725e-76 3.03485e-76 1.17169e-76 4.52168e-77 1.74421e-77 6.72525e-78 2.59199e-78 9.98556e-79 3.84528e-79 1.48013e-79 5.69498e-80 2.1903e-80 8.42043e-81 3.23585e-81 1.24298e-81 4.77274e-82 1.83187e-82 7.0283e-83 2.69546e-83 1.03333e-83 3.95927e-84 1.51466e-84 5.73294e-85 1.97022e-85 0. 
-2.543e+06 -211090. -451320. -863937. -925149. -752844. -523013. -327811. -191099. -105521. -55817.5 -28475.3 -14056.5 -6716.58 -3098.03 -1369.97 -572.904 -220.286 -72.7064 -15.8844 2.92023 7.06857 6.3549 4.55961 2.93939 1.77582 1.02575 0.572838 0.311442 0.165613 0.0864222 0.0443654 0.0224488 0.0112137 0.00553707 0.00270563 0.0013096 0.000628454 0.000299236 0.000141474 6.64605e-05 3.10419e-05 1.44243e-05 6.67196e-06 3.07368e-06 1.41101e-06 6.45772e-07 2.94779e-07 1.34264e-07 6.10415e-08 2.771e-08 1.25635e-08 5.69056e-09 2.5754e-09 1.16478e-09 5.26492e-10 2.37857e-10 1.07405e-10 4.84739e-11 2.18652e-11 9.85669e-12 4.44026e-12 1.99869e-12 8.98871e-13 4.03853e-13 1.8125e-13 8.12487e-14 3.63748e-14 1.62626e-14 7.26029e-15 3.23637e-15 1.44038e-15 6.40008e-16 2.839e-16 1.25719e-16 5.55747e-17 2.45237e-17 1.08024e-17 4.74981e-18 2.08473e-18 9.13361e-19 3.99444e-19 1.74378e-19 7.59903e-20 3.30565e-20 1.43548e-20 6.22282e-21 2.69298e-21 1.16344e-21 5.01803e-22 2.16075e-22 9.28909e-23 3.987e-23 1.70858e-23 7.31055e-24 3.12322e-24 1.3323e-24 5.67489e-25 2.41369e-25 1.02514e-25 4.34783e-26 1.84145e-26 7.78852e-27 3.28977e-27 1.38772e-27 5.8462e-28 2.45974e-28 1.03361e-28 4.33791e-29 1.81834e-29 7.61277e-30 3.18342e-30 1.32964e-30 5.54716e-31 2.31159e-31 9.62185e-32 4.00057e-32 1.66152e-32 6.89315e-33 2.85666e-33 1.18257e-33 4.88942e-34 2.01654e-34 8.21234e-35 3.02097e-35 1.86467e-36 7.84904e-37 3.21152e-37 1.30544e-37 5.28768e-38 2.13659e-38 8.6182e-39 3.47165e-39 1.39701e-39 5.61676e-40 2.25654e-40 9.05948e-41 3.63483e-41 1.45746e-41 5.84042e-42 2.33901e-42 9.36175e-43 3.74472e-43 1.49699e-43 5.98069e-44 2.3879e-44 9.52817e-45 3.79955e-45 1.51419e-45 6.03054e-46 2.40025e-46 9.54731e-47 3.79516e-47 1.50767e-47 5.98556e-48 2.37482e-48 9.41639e-49 3.73135e-49 1.47767e-49 5.84818e-50 2.31312e-50 9.14343e-51 3.61209e-51 1.42609e-51 5.62702e-52 2.21898e-52 8.74534e-53 3.44468e-53 1.35605e-53 5.33525e-54 2.09794e-54 8.24504e-55 3.23859e-55 1.27141e-55 4.98866e-56 1.95638e-56 7.66831e-57 3.00416e-57 1.17632e-57 4.60375e-58 1.80087e-58 7.0411e-59 2.75162e-59 1.0748e-59 4.19625e-60 1.63754e-60 6.3873e-61 2.49025e-61 9.70443e-62 3.78006e-62 1.47174e-62 5.72753e-63 2.22797e-63 8.66281e-64 3.36678e-64 1.30792e-64 5.0787e-65 1.97122e-65 7.64764e-66 2.96571e-66 1.14959e-66 4.45414e-67 1.72503e-67 6.67792e-68 2.58402e-68 9.99452e-69 3.86401e-69 1.49323e-69 5.76798e-70 2.22707e-70 8.59514e-71 3.31576e-71 1.27857e-71 4.92807e-72 1.89863e-72 7.31162e-73 2.81448e-73 1.08291e-73 4.16487e-74 1.6011e-74 6.15247e-75 2.36315e-75 9.07288e-76 3.48186e-76 1.33564e-76 5.12133e-77 1.96286e-77 7.51985e-78 2.87968e-78 1.10228e-78 4.21754e-79 1.61302e-79 6.16652e-80 2.35644e-80 9.00101e-81 3.43673e-81 1.31165e-81 5.00395e-82 1.90822e-82 7.27388e-83 2.77158e-83 1.05563e-83 4.019e-84 1.52946e-84 5.81735e-85 2.21005e-85 8.35661e-86 3.08266e-86 9.80079e-87 0. 
-2.543e+06 -236338. -43645.3 -593707. -835505. -757293. -552660. -352058. -203431. -108828. -54478.3 -25618.1 -11284.4 -4598.32 -1677.87 -498.999 -74.1617 49.3174 65.6327 51.5919 34.1203 20.6273 11.7852 6.47202 3.45013 1.79663 0.917854 0.461445 0.228823 0.112122 0.0543634 0.0261134 0.0124391 0.00588114 0.00276192 0.00128925 0.000598582 0.000276584 0.000127261 5.83397e-05 2.66595e-05 1.21499e-05 5.52478e-06 2.50764e-06 1.13655e-06 5.14545e-07 2.32755e-07 1.05225e-07 4.75507e-08 2.14819e-08 9.70283e-09 4.38175e-09 1.97839e-09 8.93033e-10 4.02975e-10 1.81758e-10 8.1933e-11 3.69072e-11 1.66106e-11 7.46824e-12 3.35387e-12 1.50422e-12 6.73679e-13 3.01249e-13 1.34488e-13 5.99354e-14 2.66622e-14 1.18383e-14 5.24619e-15 2.32027e-15 1.02415e-15 4.51132e-16 1.98316e-16 8.70006e-17 3.80888e-17 1.66413e-17 7.25596e-18 3.15739e-18 1.37119e-18 5.94304e-19 2.57084e-19 1.10996e-19 4.78323e-20 2.05743e-20 8.83354e-21 3.78585e-21 1.61966e-21 6.9172e-22 2.94915e-22 1.25527e-22 5.33418e-23 2.26307e-23 9.58613e-24 4.05431e-24 1.71211e-24 7.21937e-25 3.03972e-25 1.27805e-25 5.366e-26 2.24987e-26 9.42054e-27 3.93931e-27 1.64512e-27 6.86156e-28 2.85827e-28 1.18918e-28 4.94159e-29 2.05102e-29 8.50284e-30 3.52094e-30 1.45634e-30 6.01702e-31 2.48327e-31 1.02376e-31 4.21606e-32 1.73444e-32 7.12792e-33 2.92631e-33 1.20016e-33 4.91727e-34 2.01266e-34 8.22888e-35 3.35876e-35 1.36468e-35 5.47671e-36 2.33172e-36 9.68901e-37 3.99448e-37 1.63909e-37 6.69982e-38 2.72946e-38 1.10882e-38 4.49372e-39 1.81749e-39 7.33823e-40 2.95847e-40 1.1912e-40 4.7908e-41 1.92481e-41 7.72616e-42 3.0986e-42 1.2417e-42 4.97206e-43 1.98946e-43 7.95473e-44 3.17844e-44 1.26914e-44 5.06421e-45 2.01943e-45 8.04749e-46 3.20487e-46 1.2755e-46 5.07312e-47 2.01647e-47 8.01001e-48 3.17981e-48 1.26153e-48 5.00177e-49 1.98189e-49 7.8482e-50 3.10595e-50 1.22844e-50 4.85571e-51 1.91819e-51 7.57306e-52 2.98811e-52 1.17833e-52 4.64396e-53 1.82919e-53 7.20087e-54 2.83313e-54 1.11406e-54 4.37833e-55 1.71978e-55 6.75158e-56 2.64915e-56 1.03891e-56 4.07218e-57 1.59533e-57 6.24677e-58 2.44479e-58 9.56338e-59 3.73912e-59 1.46122e-59 5.70759e-60 2.22836e-60 8.69584e-61 3.39184e-61 1.32239e-61 5.1533e-62 2.0073e-62 7.81529e-63 3.04147e-63 1.18312e-63 4.60025e-64 1.78791e-64 6.94573e-65 2.69713e-65 1.04688e-65 4.06169e-66 1.57518e-66 6.10611e-67 2.366e-67 9.16388e-68 3.5478e-68 1.37295e-68 5.31084e-69 2.05347e-69 7.9365e-70 3.06609e-70 1.18401e-70 4.57029e-71 1.76338e-71 6.80089e-72 2.6218e-72 1.0103e-72 3.89148e-73 1.49829e-73 5.76624e-74 2.21822e-74 8.5297e-75 3.27852e-75 1.25962e-75 4.83743e-76 1.85698e-76 7.12552e-77 2.73302e-77 1.04782e-77 4.01556e-78 1.53824e-78 5.89007e-79 2.25442e-79 8.6252e-80 3.29854e-80 1.26094e-80 4.81824e-81 1.84036e-81 7.02649e-82 2.68162e-82 1.023e-82 3.90105e-83 1.48699e-83 5.66578e-84 2.15786e-84 8.21382e-85 3.1227e-85 1.18138e-85 4.35952e-86 1.38994e-86 0. 
-2.543e+06 -989490. -12919.9 -327402. -670049. -727298. -595456. -412168. -253947. -143071. -74788.9 -36520.5 -16659.8 -7040.59 -2691.63 -872.286 -185.651 32.2406 75.6706 65.0248 44.4413 27.2448 15.6442 8.59107 4.56568 2.36573 1.20122 0.599867 0.29542 0.143776 0.0692654 0.0330762 0.0156736 0.00737713 0.00345161 0.00160649 0.000744267 0.000343414 0.000157894 7.23727e-05 3.30849e-05 1.50904e-05 6.86981e-06 3.12249e-06 1.41741e-06 6.42742e-07 2.91219e-07 1.31862e-07 5.96755e-08 2.69954e-08 1.22074e-08 5.51831e-09 2.49363e-09 1.12637e-09 5.08536e-10 2.29464e-10 1.0347e-10 4.66193e-11 2.09855e-11 9.43663e-12 4.23843e-12 1.90122e-12 8.51619e-13 3.80892e-13 1.70082e-13 7.58186e-14 3.37384e-14 1.49856e-14 6.64362e-15 2.93964e-15 1.29816e-15 5.7213e-16 2.51645e-16 1.1046e-16 4.83883e-17 2.11543e-17 9.22955e-18 4.01877e-18 1.7464e-18 7.57421e-19 3.27859e-19 1.41645e-19 6.10793e-20 2.62891e-20 1.12942e-20 4.84344e-21 2.07337e-21 8.86018e-22 3.77974e-22 1.60972e-22 6.84415e-23 2.90526e-23 1.23128e-23 5.21019e-24 2.20133e-24 9.28673e-25 3.91203e-25 1.64556e-25 6.91214e-26 2.89939e-26 1.21454e-26 5.08083e-27 2.1227e-27 8.85698e-28 3.69092e-28 1.53619e-28 6.38599e-29 2.65151e-29 1.09963e-29 4.55514e-30 1.88479e-30 7.79007e-31 3.2162e-31 1.32641e-31 5.46447e-32 2.24888e-32 9.24559e-33 3.79719e-33 1.55795e-33 6.38582e-34 2.61488e-34 1.06967e-34 4.37062e-35 1.78232e-35 7.23807e-36 2.9643e-36 1.21502e-36 4.98087e-37 2.04048e-37 8.34789e-38 3.40928e-38 1.38967e-38 5.65332e-39 2.29542e-39 9.30316e-40 3.76411e-40 1.5206e-40 6.13395e-41 2.47111e-41 9.94291e-42 3.9962e-42 1.60445e-42 6.43547e-43 2.5789e-43 1.03255e-43 4.13076e-44 1.65121e-44 6.59541e-45 2.63245e-45 1.04994e-45 4.18469e-46 1.66672e-46 6.63391e-47 2.63868e-47 1.04886e-47 4.16645e-48 1.65401e-48 6.56195e-49 2.60169e-49 1.03088e-49 4.08216e-50 1.6155e-50 6.38943e-51 2.52554e-51 9.97673e-52 3.93881e-52 1.55413e-52 6.12853e-53 2.41532e-53 9.51364e-54 3.74518e-54 1.47352e-54 5.79425e-55 2.2772e-55 8.94477e-56 3.51159e-56 1.37787e-56 5.40359e-57 2.11803e-57 8.29771e-58 3.2491e-58 1.2716e-58 4.97418e-59 1.94481e-59 7.60018e-60 2.96866e-60 1.15902e-60 4.52288e-61 1.76416e-61 6.87795e-62 2.68029e-62 1.04402e-62 4.06479e-63 1.58188e-63 6.15346e-64 2.39262e-64 9.29902e-65 3.61255e-65 1.40282e-65 5.44509e-66 2.11263e-66 8.19325e-67 3.17619e-67 1.23076e-67 4.76713e-68 1.84569e-68 7.14298e-69 2.76324e-69 1.06851e-69 4.13006e-70 1.59571e-70 6.1627e-71 2.37908e-71 9.18048e-72 3.54113e-72 1.36534e-72 5.26207e-73 2.02719e-73 7.80641e-74 3.00489e-74 1.15618e-74 4.44676e-75 1.70955e-75 6.56961e-76 2.52358e-76 9.68982e-77 3.71907e-77 1.42684e-77 5.47185e-78 2.09756e-78 8.03742e-79 3.07851e-79 1.17865e-79 4.51078e-80 1.7256e-80 6.5986e-81 2.52224e-81 9.63703e-82 3.68065e-82 1.40517e-82 5.36241e-83 2.04557e-83 7.79997e-84 2.97293e-84 1.1325e-84 4.30879e-85 1.63142e-85 6.02704e-86 1.92703e-86 0. 
-2.543e+06 -1.10311e+06 16054.5 -231606. -606017. -718305. -622195. -450111. -288040. -167948. -90684.2 -45717.6 -21560. -9462.04 -3800.71 -1338.11 -359.686 -20.6837 67.2633 69.7508 50.9711 32.3511 18.9672 10.5549 5.65709 2.94647 1.50027 0.749951 0.369203 0.179444 0.0862724 0.0410947 0.0194199 0.00911471 0.00425293 0.00197443 0.000912668 0.000420316 0.000192961 8.83486e-05 4.03601e-05 1.8403e-05 8.37813e-06 3.80933e-06 1.7302e-06 7.85188e-07 3.56083e-07 1.61391e-07 7.31135e-08 3.31076e-08 1.49858e-08 6.78035e-09 3.06641e-09 1.38609e-09 6.26187e-10 2.82704e-10 1.27535e-10 5.74848e-11 2.58854e-11 1.16435e-11 5.23113e-12 2.34715e-12 1.05166e-12 4.70499e-13 2.10161e-13 9.37174e-14 4.1719e-14 1.85382e-14 8.22232e-15 3.63998e-15 1.60829e-15 7.09219e-16 3.12131e-16 1.37097e-16 6.00968e-17 2.62909e-17 1.14787e-17 5.00171e-18 2.17513e-18 9.44062e-19 4.08952e-19 1.76812e-19 7.63001e-20 3.28645e-20 1.41295e-20 6.0637e-21 2.5976e-21 1.11082e-21 4.742e-22 2.02089e-22 8.59804e-23 3.65212e-23 1.54879e-23 6.55775e-24 2.77233e-24 1.17024e-24 4.93244e-25 2.07593e-25 8.72454e-26 3.66153e-26 1.53456e-26 6.42276e-27 2.68462e-27 1.12068e-27 4.67224e-28 1.94548e-28 8.09089e-29 3.3608e-29 1.39436e-29 5.77838e-30 2.39188e-30 9.88982e-31 4.08468e-31 1.68523e-31 6.94537e-32 2.85942e-32 1.17601e-32 4.83177e-33 1.9832e-33 8.13198e-34 3.33123e-34 1.3633e-34 5.57365e-35 2.27593e-35 9.27619e-36 3.78232e-36 1.54294e-36 6.29709e-37 2.5705e-37 1.04911e-37 4.27951e-38 1.7442e-38 7.10109e-39 2.88744e-39 1.1725e-39 4.75456e-40 1.92531e-40 7.78556e-41 3.14412e-41 1.26809e-41 5.10819e-42 2.0553e-42 8.26038e-43 3.3164e-43 1.33014e-43 5.32978e-44 2.13366e-44 8.53416e-45 3.4106e-45 1.36191e-45 5.43407e-46 2.16656e-46 8.63172e-47 3.43645e-47 1.36716e-47 5.43533e-48 2.15943e-48 8.57363e-49 3.40178e-49 1.34886e-49 5.34505e-50 2.11672e-50 8.37735e-51 3.31347e-51 1.30977e-51 5.17424e-52 2.04286e-52 8.06078e-53 3.17879e-53 1.25284e-53 4.93493e-54 1.94277e-54 7.64395e-55 3.00589e-55 1.18138e-55 4.64058e-56 1.82188e-56 7.14885e-57 2.80365e-57 1.09897e-57 4.3055e-58 1.68593e-58 6.59838e-59 2.58118e-59 1.00922e-59 3.94401e-60 1.54058e-60 6.01478e-61 2.34721e-61 9.15546e-62 3.5695e-62 1.39103e-62 5.41834e-63 2.10961e-63 8.21001e-64 3.19369e-64 1.2418e-64 4.8264e-65 1.87502e-65 7.2812e-66 2.82628e-66 1.09659e-66 4.25293e-67 1.64874e-67 6.38901e-68 2.47477e-68 9.58204e-69 3.70853e-69 1.43472e-69 5.54824e-70 2.14469e-70 8.28701e-71 3.20077e-71 1.23576e-71 4.76911e-72 1.83977e-72 7.09439e-73 2.73458e-73 1.05363e-73 4.05801e-74 1.56228e-74 6.01218e-75 2.31275e-75 8.89299e-76 3.41816e-76 1.31329e-76 5.04375e-77 1.93629e-77 7.4304e-78 2.85022e-78 1.09287e-78 4.18874e-79 1.60481e-79 6.14594e-80 2.35276e-80 9.00312e-81 3.44376e-81 1.31674e-81 5.03259e-82 1.92269e-82 7.34268e-83 2.80302e-83 1.0696e-83 4.07976e-84 1.55528e-84 5.92184e-85 2.24396e-85 8.2978e-86 2.65706e-86 0. 
-2.543e+06 -1.09463e+06 49118.8 -191271. -583852. -721252. -642301. -476031. -311771. -186047. -102879. -53188.7 -25788.8 -11692. -4898.98 -1841.52 -571.664 -100.001 43.3097 66.2528 53.5048 35.6624 21.549 12.2439 6.66304 3.51042 1.80302 0.907205 0.448771 0.218855 0.105452 0.050292 0.0237766 0.0111575 0.0052027 0.00241301 0.0011141 0.000512437 0.000234958 0.000107453 4.90381e-05 2.23415e-05 1.0165e-05 4.62003e-06 2.09807e-06 9.52174e-07 4.31905e-07 1.95828e-07 8.87572e-08 4.02142e-08 1.82138e-08 8.24618e-09 3.73174e-09 1.6879e-09 7.62998e-10 3.44666e-10 1.55571e-10 7.01568e-11 3.16064e-11 1.42232e-11 6.39285e-12 2.8696e-12 1.28629e-12 5.75714e-13 2.57272e-13 1.14779e-13 5.112e-14 2.27274e-14 1.0086e-14 4.46767e-15 1.97524e-15 8.71609e-16 3.83866e-16 1.68728e-16 7.40183e-17 3.24066e-17 1.41603e-17 6.17526e-18 2.68774e-18 1.16755e-18 5.06199e-19 2.19047e-19 9.46087e-20 4.07861e-20 1.75505e-20 7.53837e-21 3.2321e-21 1.38332e-21 5.91025e-22 2.52084e-22 1.07338e-22 4.56295e-23 1.93656e-23 8.20588e-24 3.47167e-24 1.46651e-24 6.18555e-25 2.60513e-25 1.0956e-25 4.60102e-26 1.92953e-26 8.08084e-27 3.3797e-27 1.41166e-27 5.8887e-28 2.45335e-28 1.02085e-28 4.24262e-29 1.76112e-29 7.30183e-30 3.02396e-30 1.25092e-30 5.16891e-31 2.13351e-31 8.79683e-32 3.62326e-32 1.49081e-32 6.12776e-33 2.5162e-33 1.03219e-33 4.23012e-34 1.73191e-34 7.08407e-35 2.89467e-35 1.1814e-35 4.81775e-36 1.96368e-36 8.00155e-37 3.25987e-37 1.32784e-37 5.40717e-38 2.20097e-38 8.95387e-39 3.63995e-39 1.47847e-39 5.99944e-40 2.43197e-40 9.8476e-41 3.98302e-41 1.60915e-41 6.49362e-42 2.61749e-42 1.05391e-42 4.23887e-43 1.70311e-43 6.83584e-44 2.74104e-44 1.09806e-44 4.39479e-45 1.75738e-45 7.02135e-46 2.80295e-46 1.11805e-46 4.4562e-47 1.77476e-47 7.06303e-48 2.80885e-48 1.11624e-48 4.43291e-49 1.75923e-49 6.977e-50 2.76521e-50 1.09524e-50 4.33523e-51 1.71492e-51 6.77966e-52 2.67859e-52 1.05765e-52 4.1737e-53 1.64605e-53 6.48804e-54 2.55584e-54 1.00625e-54 3.95944e-55 1.55711e-55 6.12021e-56 2.40423e-56 9.43955e-57 3.7042e-57 1.45281e-57 5.69501e-58 2.23129e-58 8.73768e-59 3.41992e-59 1.33788e-59 5.23125e-60 2.04446e-60 7.98626e-61 3.11816e-61 1.21688e-61 4.74671e-62 1.8507e-62 7.21239e-63 2.80947e-63 1.09389e-63 4.25726e-64 1.65613e-64 6.43971e-65 2.50294e-65 9.72404e-66 3.77622e-66 1.46583e-66 5.68757e-67 2.20591e-67 8.55202e-68 3.31413e-68 1.28378e-68 4.97091e-69 1.92399e-69 7.4438e-70 2.87879e-70 1.11289e-70 4.30047e-71 1.66115e-71 6.41397e-72 2.47555e-72 9.55089e-73 3.68335e-73 1.41994e-73 5.47173e-74 2.10769e-74 8.11553e-75 3.12359e-75 1.20177e-75 4.62184e-76 1.77679e-76 6.8279e-77 2.6228e-77 1.0071e-77 3.86551e-78 1.4831e-78 5.68801e-79 2.18062e-79 8.35654e-80 3.20112e-80 1.22576e-80 4.69179e-81 1.79515e-81 6.86577e-82 2.62487e-82 1.00313e-82 3.83206e-83 1.46331e-83 5.58547e-84 2.13083e-84 8.11931e-85 3.07909e-85 1.13964e-85 3.65353e-86 0. 
-2.543e+06 -1.07836e+06 69747.8 -174437. -577538. -727007. -656504. -493286. -327818. -198743. -111823. -58940.5 -29215.1 -13598.9 -5894.7 -2329.2 -794.421 -193.434 8.65768 56.0927 52.3413 37.0881 23.2361 13.537 7.50697 4.01443 2.08699 1.06058 0.528961 0.2597 0.125814 0.0602623 0.0285849 0.0134467 0.00628077 0.00291607 0.00134705 0.000619637 0.000284043 0.00012984 5.92183e-05 2.69614e-05 1.22587e-05 5.56815e-06 2.52731e-06 1.14651e-06 5.19914e-07 2.35701e-07 1.06829e-07 4.84081e-08 2.193e-08 9.93178e-09 4.49629e-09 2.03461e-09 9.20161e-10 4.15869e-10 1.87807e-10 8.47382e-11 3.81955e-11 1.71975e-11 7.73377e-12 3.47336e-12 1.55776e-12 6.97606e-13 3.11919e-13 1.39241e-13 6.20523e-14 2.76053e-14 1.22589e-14 5.43391e-15 2.40417e-15 1.06169e-15 4.67948e-16 2.05855e-16 9.03819e-17 3.96056e-17 1.73215e-17 7.56086e-18 3.29392e-18 1.43225e-18 6.21568e-19 2.69236e-19 1.16401e-19 5.0231e-20 2.16363e-20 9.3026e-21 3.99248e-21 1.71045e-21 7.3151e-22 3.12307e-22 1.33109e-22 5.66379e-23 2.40601e-23 1.02044e-23 4.32106e-24 1.82691e-24 7.7123e-25 3.25087e-25 1.36828e-25 5.75079e-26 2.4136e-26 1.01158e-26 4.23391e-27 1.76972e-27 7.38753e-28 3.07989e-28 1.2824e-28 5.33307e-29 2.21515e-29 9.18991e-30 3.80814e-30 1.57622e-30 6.51677e-31 2.69133e-31 1.11028e-31 4.57544e-32 1.88356e-32 7.74602e-33 3.18228e-33 1.30607e-33 5.3551e-34 2.19357e-34 8.97675e-35 3.67005e-35 1.49896e-35 6.11642e-36 2.4937e-36 1.01599e-36 4.13702e-37 1.68374e-37 6.84968e-38 2.78533e-38 1.13209e-38 4.59891e-39 1.86711e-39 7.57521e-40 3.07109e-40 1.24405e-40 5.03503e-41 2.03595e-41 8.22462e-42 3.31925e-42 1.33823e-42 5.39001e-43 2.16878e-43 8.71793e-44 3.50097e-44 1.40458e-44 5.62988e-45 2.25452e-45 9.02026e-46 3.60583e-46 1.4402e-46 5.74752e-47 2.29185e-47 9.13167e-48 3.63563e-48 1.44638e-48 5.75e-49 2.28423e-49 9.0679e-50 3.59728e-50 1.42609e-50 5.64979e-51 2.23683e-51 8.85025e-52 3.49947e-52 1.38286e-52 5.46121e-53 2.15544e-53 8.50204e-54 3.35161e-54 1.32048e-54 5.19947e-55 2.04616e-55 8.04778e-56 3.16352e-56 1.24287e-56 4.8803e-57 1.91528e-57 7.51257e-58 2.9452e-58 1.15403e-58 4.51954e-59 1.76909e-59 6.92131e-60 2.70651e-60 1.05783e-60 4.1325e-61 1.61361e-61 6.29764e-62 2.4567e-62 9.57906e-63 3.7333e-63 1.45434e-63 5.66291e-64 2.20404e-64 8.57447e-65 3.33429e-65 1.29602e-65 5.03535e-66 1.95552e-66 7.59123e-67 2.94563e-67 1.14252e-67 4.42962e-68 1.71669e-68 6.65026e-69 2.57519e-69 9.96789e-70 3.85676e-70 1.49166e-70 5.76688e-71 2.22865e-71 8.60932e-72 3.32449e-72 1.28325e-72 4.95138e-73 1.90973e-73 7.36288e-74 2.83762e-74 1.09318e-74 4.20978e-75 1.62054e-75 6.23576e-76 2.39857e-76 9.22243e-77 3.54463e-77 1.36184e-77 5.23018e-78 2.00787e-78 7.70528e-79 2.95578e-79 1.13341e-79 4.34445e-80 1.66461e-80 6.37565e-81 2.44099e-81 9.34203e-82 3.57394e-82 1.36674e-82 5.22463e-83 1.99644e-83 7.62566e-84 2.9112e-84 1.1101e-84 4.21325e-85 1.56097e-85 5.01067e-86 0. 
-2.543e+06 -1.07116e+06 77467.2 -168572. -575107. -729563. -663558. -502700. -337294. -206773. -117840. -63038.2 -31793.4 -15113.4 -6730.21 -2763.14 -1006.26 -289.95 -31.673 41.2724 48.1302 36.7489 23.9828 14.3612 8.13033 4.42049 2.33008 1.19814 0.603659 0.298983 0.145945 0.0703591 0.033558 0.0158585 0.00743506 0.00346225 0.001603 0.000738591 0.000338948 0.000155038 7.07303e-05 3.2202e-05 1.4638e-05 6.64636e-06 3.01532e-06 1.36724e-06 6.19726e-07 2.8084e-07 1.27248e-07 5.76489e-08 2.61137e-08 1.18266e-08 5.3547e-09 2.42354e-09 1.09637e-09 4.95687e-10 2.23947e-10 1.01092e-10 4.55904e-11 2.05383e-11 9.24147e-12 4.153e-12 1.86374e-12 8.3517e-13 3.73678e-13 1.66926e-13 7.44435e-14 3.31424e-14 1.47291e-14 6.53408e-15 2.89332e-15 1.27879e-15 5.64136e-16 2.48395e-16 1.09162e-16 4.78816e-17 2.09619e-17 9.15917e-18 3.99438e-18 1.73865e-18 7.55354e-19 3.27542e-19 1.41765e-19 6.12443e-20 2.64096e-20 1.13676e-20 4.88417e-21 2.09481e-21 8.96881e-22 3.83332e-22 1.6356e-22 6.96704e-23 2.96281e-23 1.25792e-23 5.33223e-24 2.25674e-24 9.53643e-25 4.02375e-25 1.69523e-25 7.1317e-26 2.99594e-26 1.25679e-26 5.26491e-27 2.20257e-27 9.20219e-28 3.83959e-28 1.60001e-28 6.65909e-29 2.76803e-29 1.14922e-29 4.7656e-30 1.97391e-30 8.16659e-31 3.37494e-31 1.3932e-31 5.74501e-32 2.3665e-32 9.73801e-33 4.00302e-33 1.64387e-33 6.74401e-34 2.76405e-34 1.13176e-34 4.6297e-35 1.89207e-35 7.72527e-36 3.15136e-36 1.28444e-36 5.23114e-37 2.12899e-37 8.65914e-38 3.51982e-38 1.42996e-38 5.80615e-39 2.35619e-39 9.55608e-40 3.87331e-40 1.56892e-40 6.3506e-41 2.56867e-41 1.03816e-41 4.1924e-42 1.6916e-42 6.81953e-43 2.7468e-43 1.10538e-43 4.44431e-44 1.78527e-44 7.16496e-45 2.873e-45 1.15099e-45 4.60713e-46 1.84254e-46 7.36264e-47 2.93962e-47 1.17272e-47 4.67468e-48 1.86196e-48 7.41061e-49 2.94722e-49 1.17125e-49 4.65132e-50 1.84584e-50 7.31997e-51 2.90087e-51 1.14883e-51 4.54673e-52 1.79829e-52 7.10796e-53 2.80774e-53 1.10841e-53 4.37299e-54 1.72424e-54 6.7945e-55 2.67587e-55 1.05322e-55 4.14314e-56 1.6289e-56 6.40053e-57 2.51363e-57 9.86618e-58 3.87048e-58 1.51757e-58 5.94712e-59 2.32937e-59 9.11901e-60 3.5681e-60 1.39543e-60 5.45461e-61 2.13111e-61 8.32219e-62 3.24834e-62 1.2673e-62 4.94186e-63 1.9262e-63 7.50434e-64 2.92231e-64 1.13748e-64 4.42555e-65 1.72107e-65 6.69022e-66 2.59952e-66 1.00963e-66 3.91961e-67 1.52104e-67 5.90009e-68 2.28768e-68 8.86652e-69 3.43505e-69 1.33026e-69 5.14951e-70 1.9926e-70 7.7073e-71 2.97997e-71 1.15173e-71 4.44956e-72 1.71836e-72 6.63352e-73 2.55979e-73 9.87408e-74 3.80734e-74 1.46751e-74 5.6542e-75 2.17769e-75 8.38408e-76 3.22663e-76 1.2413e-76 4.77351e-77 1.835e-77 7.05126e-78 2.70853e-78 1.04e-78 3.99182e-79 1.53159e-79 5.8742e-80 2.25211e-80 8.6311e-81 3.30657e-81 1.26626e-81 4.84736e-82 1.85491e-82 7.09534e-83 2.71305e-83 1.03697e-83 3.96149e-84 1.51169e-84 5.74243e-85 2.13004e-85 6.84912e-86 0. 
-2.543e+06 -1.07187e+06 74863.5 -168909. -571604. -725691. -662142. -504108. -340444. -210387. -121062. -65509.3 -33496.5 -16192.7 -7367.5 -3116.34 -1190.55 -380.359 -73.0884 23.861 41.6871 34.9012 23.8278 14.688 8.49541 4.69901 2.51295 1.30845 0.66655 0.333386 0.164167 0.079762 0.0383058 0.0182121 0.00858343 0.004015 0.00186593 0.000862395 0.000396734 0.000181811 8.30568e-05 3.78481e-05 1.72135e-05 7.81736e-06 3.54646e-06 1.60774e-06 7.28509e-07 3.30014e-07 1.49473e-07 6.76941e-08 3.06552e-08 1.38806e-08 6.28403e-09 2.84414e-09 1.28677e-09 5.81881e-10 2.62963e-10 1.18749e-10 5.35769e-11 2.41485e-11 1.08721e-11 4.88881e-12 2.19541e-12 9.84489e-13 4.40814e-13 1.97069e-13 8.79571e-14 3.91914e-14 1.74325e-14 7.74026e-15 3.43058e-15 1.51769e-15 6.70181e-16 2.95385e-16 1.29947e-16 5.70586e-17 2.50065e-17 1.09385e-17 4.77576e-18 2.08115e-18 9.05206e-19 3.92986e-19 1.70294e-19 7.36577e-20 3.18011e-20 1.3705e-20 5.89568e-21 2.53174e-21 1.08528e-21 4.64424e-22 1.98401e-22 8.46139e-23 3.60262e-23 1.53139e-23 6.49908e-24 2.75379e-24 1.16502e-24 4.92118e-25 2.07564e-25 8.74158e-26 3.67618e-26 1.54377e-26 6.47383e-27 2.71107e-27 1.13379e-27 4.73529e-28 1.97513e-28 8.22793e-29 3.42326e-29 1.42251e-29 5.90397e-30 2.44748e-30 1.01342e-30 4.19143e-31 1.7316e-31 7.1459e-32 2.94576e-32 1.21304e-32 4.99002e-33 2.05062e-33 8.4184e-34 3.4526e-34 1.41462e-34 5.79054e-35 2.36803e-35 9.67493e-36 3.94922e-36 1.6106e-36 6.56282e-37 2.67204e-37 1.08708e-37 4.41949e-38 1.79551e-38 7.28997e-39 2.95798e-39 1.1995e-39 4.86119e-40 1.96888e-40 7.96938e-41 3.22365e-41 1.30311e-41 5.26393e-42 2.12484e-42 8.5707e-43 3.45441e-43 1.39119e-43 5.59824e-44 2.25092e-44 9.04293e-45 3.62992e-45 1.45586e-45 5.83421e-46 2.33605e-46 9.34591e-47 3.73598e-47 1.49223e-47 5.95548e-48 2.37495e-48 9.46354e-49 3.76807e-49 1.49919e-49 5.96031e-50 2.36791e-50 9.40043e-51 3.72927e-51 1.47842e-51 5.85702e-52 2.3188e-52 9.17405e-53 3.62725e-53 1.43323e-53 5.65953e-54 2.23345e-54 8.80856e-55 3.47194e-55 1.36767e-55 5.3844e-56 2.11856e-56 8.33099e-57 3.27422e-57 1.28611e-57 5.04903e-58 1.98108e-58 7.769e-59 3.04507e-59 1.19289e-59 4.6707e-60 1.82784e-60 7.14952e-61 2.7951e-61 1.0922e-61 4.26576e-62 1.66525e-62 6.49764e-63 2.53411e-63 9.87852e-64 3.84908e-64 1.49908e-64 5.8357e-65 2.27074e-65 8.83179e-66 3.43351e-66 1.33426e-66 5.18267e-67 2.01225e-67 7.80955e-68 3.02962e-68 1.17481e-68 4.55377e-69 1.76439e-69 6.83349e-70 2.64555e-70 1.0238e-70 3.96041e-71 1.53142e-71 5.91942e-72 2.28715e-72 8.83364e-73 3.4105e-73 1.31622e-73 5.07777e-74 1.95817e-74 7.54857e-75 2.9088e-75 1.12046e-75 4.31438e-76 1.66064e-76 6.38953e-77 2.45753e-77 9.4486e-78 3.63139e-78 1.39514e-78 5.35793e-79 2.05691e-79 7.89355e-80 3.02808e-80 1.16118e-80 4.45113e-81 1.70561e-81 6.53319e-82 2.50155e-82 9.57485e-83 3.66345e-83 1.40113e-83 5.35622e-84 2.04542e-84 7.77733e-85 2.88934e-85 9.31491e-86 0. 
-2.543e+06 -1.07945e+06 59032.2 -178682. -568381. -715548. -652100. -497403. -337236. -209573. -121462. -66310.1 -34274.7 -16792. -7772.01 -3365.13 -1332.58 -456.278 -111.174 5.99793 33.9538 31.9076 22.8798 14.5288 8.5849 4.82973 2.62 1.3813 0.711529 0.359476 0.178639 0.0875191 0.0423505 0.0202735 0.00961397 0.00452174 0.00211156 0.000979994 0.000452431 0.000207944 9.52209e-05 4.34713e-05 1.97981e-05 8.99969e-06 4.08526e-06 1.85255e-06 8.39494e-07 3.80251e-07 1.7219e-07 7.79611e-08 3.52945e-08 1.59771e-08 7.23162e-09 3.27258e-09 1.48054e-09 6.69537e-10 3.02622e-10 1.36692e-10 6.16936e-11 2.78189e-11 1.2531e-11 5.63807e-12 2.53353e-12 1.13692e-12 5.09458e-13 2.27942e-13 1.01824e-13 4.54106e-14 2.02176e-14 8.98555e-15 3.98648e-15 1.76543e-15 7.80402e-16 3.44338e-16 1.5165e-16 6.6664e-17 2.925e-17 1.28099e-17 5.59952e-18 2.44311e-18 1.06396e-18 4.6249e-19 2.00667e-19 8.69068e-20 3.75699e-20 1.62122e-20 6.98344e-21 3.0028e-21 1.28891e-21 5.5229e-22 2.36248e-22 1.00887e-22 4.30112e-23 1.83068e-23 7.77929e-24 3.30046e-24 1.39806e-24 5.91299e-25 2.49705e-25 1.05292e-25 4.43329e-26 1.86392e-26 7.82548e-27 3.28086e-27 1.37363e-27 5.74334e-28 2.3982e-28 1.00009e-28 4.16526e-29 1.7326e-29 7.19818e-30 2.98691e-30 1.23796e-30 5.12491e-31 2.11919e-31 8.75321e-32 3.61149e-32 1.48846e-32 6.12811e-33 2.52037e-33 1.03552e-33 4.25025e-34 1.74278e-34 7.1392e-35 2.92173e-35 1.1946e-35 4.87981e-36 1.99153e-36 8.12056e-37 3.30835e-37 1.34671e-37 5.47763e-38 2.22628e-38 9.04173e-39 3.66962e-39 1.48833e-39 6.03247e-40 2.44352e-40 9.89149e-41 4.00162e-41 1.61784e-41 6.53663e-42 2.6393e-42 1.06496e-42 4.29418e-43 1.7303e-43 6.96705e-44 2.80322e-44 1.12704e-44 4.52787e-45 1.81766e-45 7.29108e-46 2.92235e-46 1.17039e-46 4.68366e-47 1.87283e-47 7.48293e-48 2.98749e-48 1.1918e-48 4.75082e-49 1.89236e-49 7.53201e-50 2.99569e-50 1.19059e-50 4.72843e-51 1.87656e-51 7.44219e-52 2.94944e-52 1.16811e-52 4.62313e-53 1.82853e-53 7.22743e-54 2.85489e-54 1.12699e-54 4.4461e-55 1.75297e-55 6.90727e-56 2.72007e-56 1.07053e-56 4.21081e-57 1.65533e-57 6.50367e-58 2.55382e-58 1.00227e-58 3.93135e-59 1.54123e-59 6.03897e-60 2.365e-60 9.25709e-61 3.62157e-61 1.41612e-61 5.53459e-62 2.16201e-62 8.44145e-63 3.29433e-63 1.28502e-63 5.01013e-64 1.95247e-64 7.60535e-65 2.96112e-65 1.15238e-65 4.48273e-66 1.74299e-66 6.77423e-67 2.63169e-67 1.02193e-67 3.96668e-68 1.53903e-68 5.96879e-69 2.31391e-69 8.96658e-70 3.47321e-70 1.34481e-70 5.20494e-71 2.01371e-71 7.78769e-72 3.01057e-72 1.16338e-72 4.4939e-73 1.73524e-73 6.69776e-74 2.58425e-74 9.9672e-75 3.84281e-75 1.48102e-75 5.70572e-76 2.19734e-76 8.45907e-77 3.25527e-77 1.25225e-77 4.8154e-78 1.85103e-78 7.11272e-79 2.73211e-79 1.04906e-79 4.02663e-80 1.54499e-80 5.92581e-81 2.27202e-81 8.70796e-82 3.33627e-82 1.27775e-82 4.89185e-83 1.87212e-83 7.16133e-84 2.7368e-84 1.04177e-84 3.87879e-85 1.25597e-85 0. 
-2.543e+06 -1.09437e+06 17839.5 -211100. -574473. -704179. -635915. -483681. -328091. -204444. -119025. -65383. -34065.9 -16859.5 -7906. -3484.47 -1416.91 -508.797 -141.105 -9.86716 26.0891 28.2707 21.3312 13.9419 8.40554 4.80394 2.64072 1.40846 0.733123 0.373933 0.187464 0.092593 0.0451448 0.0217622 0.0103863 0.00491362 0.00230675 0.00107567 0.000498685 0.00023004 0.000105666 4.83651e-05 2.20732e-05 1.00505e-05 4.5679e-06 2.07323e-06 9.40027e-07 4.2592e-07 1.92892e-07 8.73312e-08 3.95316e-08 1.7892e-08 8.09691e-09 3.66359e-09 1.65726e-09 7.49433e-10 3.38752e-10 1.53033e-10 6.90855e-11 3.11624e-11 1.4043e-11 6.32159e-12 2.84236e-12 1.27636e-12 5.72356e-13 2.56287e-13 1.14583e-13 5.11467e-14 2.27928e-14 1.01401e-14 4.50328e-15 1.99641e-15 8.83464e-16 3.90247e-16 1.72066e-16 7.57273e-17 3.32664e-17 1.45866e-17 6.38409e-18 2.78894e-18 1.21612e-18 5.29318e-19 2.29965e-19 9.97275e-20 4.31701e-20 1.8654e-20 8.04614e-21 3.46447e-21 1.48911e-21 6.38953e-22 2.73695e-22 1.17039e-22 4.99656e-23 2.12959e-23 9.06178e-24 3.84978e-24 1.63294e-24 6.91561e-25 2.92431e-25 1.2347e-25 5.20539e-26 2.19134e-26 9.21175e-27 3.86687e-27 1.62096e-27 6.78569e-28 2.83681e-28 1.18439e-28 4.93851e-29 2.05658e-29 8.55362e-30 3.55322e-30 1.47425e-30 6.10951e-31 2.52893e-31 1.04562e-31 4.31838e-32 1.78153e-32 7.34167e-33 3.0223e-33 1.24287e-33 5.10591e-34 2.09547e-34 8.59139e-35 3.51903e-35 1.44002e-35 5.88715e-36 2.40459e-36 9.81259e-37 4.00074e-37 1.62975e-37 6.63341e-38 2.69773e-38 1.09627e-38 4.45154e-39 1.80628e-39 7.32407e-40 2.96773e-40 1.20173e-40 4.86303e-41 1.96666e-41 7.94832e-42 3.2103e-42 1.2958e-42 5.22701e-43 2.10709e-43 8.4884e-44 3.41724e-44 1.37476e-44 5.52683e-45 2.22032e-45 8.9134e-46 3.57564e-46 1.43332e-46 5.74131e-47 2.29802e-47 9.19112e-48 3.6733e-48 1.46696e-48 5.85399e-49 2.33432e-49 9.30136e-50 3.70349e-50 1.47352e-50 5.85848e-51 2.32757e-51 9.2408e-52 3.66616e-52 1.45349e-52 5.75858e-53 2.27995e-53 9.0208e-54 3.5668e-54 1.40939e-54 5.56554e-55 2.19639e-55 8.66247e-56 3.41435e-56 1.34497e-56 5.29491e-57 2.08329e-57 8.192e-58 3.21945e-58 1.26453e-58 4.96404e-59 1.94761e-59 7.63722e-60 2.9932e-60 1.17248e-60 4.59039e-61 1.79626e-61 7.02535e-62 2.7463e-62 1.07303e-62 4.19046e-63 1.63569e-63 6.38162e-64 2.4886e-64 9.70005e-65 3.77913e-65 1.47167e-65 5.72835e-66 2.22871e-66 8.66733e-67 3.36918e-67 1.30911e-67 5.08437e-68 1.97385e-68 7.6596e-69 2.97109e-69 1.15198e-69 4.46475e-70 1.7297e-70 6.69835e-71 2.59293e-71 1.00332e-71 3.88079e-72 1.50047e-72 5.79919e-73 2.24046e-73 8.65251e-74 3.34026e-74 1.289e-74 4.97236e-75 1.91738e-75 7.39081e-76 2.84783e-76 1.09692e-76 4.22351e-77 1.6256e-77 6.25451e-78 2.40555e-78 9.24862e-79 3.55452e-79 1.36561e-79 5.24462e-80 2.01347e-80 7.72711e-81 2.96437e-81 1.13682e-81 4.35804e-82 1.67007e-82 6.39764e-83 2.44988e-83 9.37741e-84 3.58646e-84 1.36701e-84 5.10641e-85 1.66668e-85 0. 
-2.543e+06 -1.10923e+06 -68868.6 -287334. -605258. -701299. -619169. -465888. -314425. -195604. -113960. -62763.7 -32843.3 -16355. -7734.32 -3448.88 -1427.01 -527.975 -157.275 -20.75 19.5924 24.6982 19.4915 13.049 7.99713 4.62922 2.57217 1.38499 0.727161 0.37387 0.18884 0.0939309 0.0461014 0.0223622 0.0107351 0.00510642 0.00240938 0.00112874 0.000525494 0.000243323 0.000112142 5.14785e-05 2.35525e-05 1.07463e-05 4.89236e-06 2.22343e-06 1.00914e-06 4.57561e-07 2.07319e-07 9.38895e-08 4.25057e-08 1.92386e-08 8.70594e-09 3.93888e-09 1.78167e-09 8.05662e-10 3.64172e-10 1.64529e-10 7.42863e-11 3.3516e-11 1.51084e-11 6.80385e-12 3.06064e-12 1.37514e-12 6.17036e-13 2.76484e-13 1.23706e-13 5.52635e-14 2.46486e-14 1.09756e-14 4.87897e-15 2.16509e-15 9.59091e-16 4.24101e-16 1.87196e-16 8.24777e-17 3.62731e-17 1.59235e-17 6.97745e-18 3.05183e-18 1.33239e-18 5.80645e-19 2.52581e-19 1.09675e-19 4.75374e-20 2.05678e-20 8.88325e-21 3.82996e-21 1.64839e-21 7.08237e-22 3.03778e-22 1.30077e-22 5.5606e-23 2.37316e-23 1.01117e-23 4.30154e-24 1.82698e-24 7.7476e-25 3.28042e-25 1.38686e-25 5.85444e-26 2.46773e-26 1.03868e-26 4.3656e-27 1.8323e-27 7.67981e-28 3.2145e-28 1.34368e-28 5.60933e-29 2.33864e-29 9.73794e-30 4.04977e-30 1.68214e-30 6.97865e-31 2.8918e-31 1.19692e-31 4.94839e-32 2.04352e-32 8.42982e-33 3.47368e-33 1.42989e-33 5.87979e-34 2.41534e-34 9.91197e-35 4.06362e-35 1.66436e-35 6.81029e-36 2.78406e-36 1.13708e-36 4.63992e-37 1.89167e-37 7.70556e-38 3.13614e-38 1.27535e-38 5.18221e-39 2.1041e-39 8.5367e-40 3.46098e-40 1.40218e-40 5.67687e-41 2.29681e-41 9.28663e-42 3.75243e-42 1.51527e-42 6.11494e-43 2.46615e-43 9.93967e-44 4.00355e-44 1.61153e-44 6.48254e-45 2.60594e-45 1.04686e-45 4.20259e-46 1.68595e-46 6.75873e-47 2.70756e-47 1.08388e-47 4.33579e-48 1.73317e-48 6.92304e-49 2.76335e-49 1.10219e-49 4.39302e-50 1.74966e-50 6.96352e-51 2.76944e-51 1.10064e-51 4.37112e-52 1.73474e-52 6.8798e-53 2.72658e-53 1.07986e-53 4.27392e-54 1.69043e-54 6.68168e-55 2.63933e-55 1.0419e-55 4.11044e-56 1.62062e-56 6.38572e-57 2.51465e-57 9.89665e-58 3.89265e-58 1.53021e-58 6.01189e-59 2.36063e-59 9.26408e-60 3.63363e-60 1.42444e-60 5.58106e-61 2.18555e-61 8.5542e-62 3.34637e-62 1.30843e-62 5.11337e-63 1.99733e-63 7.79793e-64 3.04298e-64 1.18689e-64 4.62719e-65 1.8031e-65 7.02299e-66 2.73417e-66 1.06398e-66 4.13852e-67 1.60903e-67 6.25308e-68 2.42904e-68 9.43166e-69 3.66064e-69 1.42018e-69 5.50743e-70 2.13488e-70 8.27221e-71 3.204e-71 1.24048e-71 4.80078e-72 1.85722e-72 7.18196e-73 2.77622e-73 1.07275e-73 4.14355e-74 1.59986e-74 6.17488e-75 2.38238e-75 9.18818e-76 3.54231e-76 1.36516e-76 5.25917e-77 2.02532e-77 7.79667e-78 3.00032e-78 1.15416e-78 4.43822e-79 1.70606e-79 6.55573e-80 2.51821e-80 9.66958e-81 3.71165e-81 1.4242e-81 5.46282e-82 2.09464e-82 8.02869e-83 3.07626e-83 1.17822e-83 4.50969e-84 1.72161e-84 6.4632e-85 2.14266e-85 0. 
-2.543e+06 -1.07241e+06 -209192. -418019. -668941. -713273. -606497. -447068. -298030. -183995. -106701. -58617.2 -30646. -15268.5 -7233.97 -3236.88 -1346.96 -503.388 -153.398 -23.0982 16.3607 22.1498 17.8198 12.0558 7.44433 4.33609 2.42265 1.31118 0.69176 0.357334 0.181304 0.0905781 0.0446446 0.0217443 0.0104796 0.00500365 0.00236933 0.00111371 0.000520127 0.000241536 0.000111613 5.13575e-05 2.35467e-05 1.07634e-05 4.90784e-06 2.23339e-06 1.01474e-06 4.60487e-07 2.08779e-07 9.45942e-08 4.28383e-08 1.9393e-08 8.77678e-09 3.97113e-09 1.79629e-09 8.12277e-10 3.67167e-10 1.65888e-10 7.49053e-11 3.37992e-11 1.52386e-11 6.86405e-12 3.08859e-12 1.38816e-12 6.23128e-13 2.79339e-13 1.25045e-13 5.58926e-14 2.4944e-14 1.11142e-14 4.94389e-15 2.19545e-15 9.73261e-16 4.30699e-16 1.9026e-16 8.38969e-17 3.69285e-17 1.62254e-17 7.11607e-18 3.1153e-18 1.36136e-18 5.93832e-19 2.58567e-19 1.12384e-19 4.87595e-20 2.11177e-20 9.13e-21 3.94036e-21 1.69766e-21 7.30161e-22 3.13509e-22 1.34385e-22 5.75079e-23 2.45692e-23 1.04797e-23 4.4628e-24 1.89748e-24 8.05505e-25 3.41419e-25 1.44493e-25 6.10595e-26 2.57643e-26 1.08555e-26 4.56729e-27 1.91891e-27 8.05095e-28 3.37323e-28 1.41143e-28 5.89794e-29 2.46137e-29 1.02588e-29 4.27044e-30 1.77547e-30 7.37267e-31 3.05788e-31 1.2668e-31 5.24198e-32 2.16667e-32 8.94558e-33 3.68936e-33 1.51995e-33 6.25533e-34 2.57172e-34 1.05622e-34 4.33366e-35 1.77635e-35 7.27419e-36 2.97597e-36 1.21638e-36 4.96721e-37 2.02659e-37 8.26105e-38 3.36458e-38 1.36918e-38 5.56713e-39 2.2618e-39 9.18209e-40 3.72477e-40 1.50987e-40 6.11606e-41 2.47573e-41 1.00148e-41 4.04852e-42 1.63557e-42 6.60334e-43 2.66431e-43 1.07432e-43 4.32921e-44 1.74345e-44 7.01673e-45 2.82216e-45 1.13435e-45 4.55645e-46 1.82901e-46 7.33693e-47 2.94114e-47 1.17819e-47 4.71645e-48 1.88672e-48 7.54212e-49 3.01279e-49 1.20264e-49 4.7972e-50 1.91219e-50 7.61664e-51 3.0317e-51 1.20587e-51 4.79299e-52 1.90375e-52 7.5563e-53 2.99716e-53 1.18799e-53 4.70571e-54 1.86271e-54 7.36851e-55 2.91293e-55 1.1508e-55 4.54357e-56 1.79275e-56 7.06927e-57 2.78589e-57 1.09721e-57 4.31878e-58 1.69894e-58 6.67946e-59 2.62457e-59 1.03069e-59 4.0454e-60 1.58692e-60 6.22174e-61 2.43802e-61 9.54849e-62 3.73771e-62 1.46235e-62 5.71845e-63 2.23504e-63 8.73129e-64 3.40924e-64 1.33054e-64 5.19023e-65 2.02368e-65 7.88664e-66 3.07214e-66 1.19617e-66 4.65528e-67 1.81094e-67 7.04157e-68 2.73681e-68 1.06324e-68 4.12886e-69 1.60267e-69 6.21834e-70 2.4117e-70 9.34961e-71 3.62314e-71 1.40346e-71 5.43426e-72 2.10333e-72 8.1377e-73 3.14721e-73 1.21669e-73 4.70184e-74 1.8163e-74 7.01363e-75 2.70728e-75 1.04462e-75 4.02925e-76 1.55355e-76 5.98781e-77 2.30701e-77 8.8853e-78 3.42087e-78 1.31656e-78 5.06513e-79 1.94797e-79 7.48889e-80 2.87804e-80 1.10566e-80 4.24608e-81 1.63005e-81 6.25546e-82 2.39973e-82 9.20261e-83 3.5278e-83 1.35187e-83 5.17788e-84 1.9801e-84 7.49037e-85 2.57041e-85 0. 
-2.543e+06 -767974. -293260. -547435. -741331. -731623. -596143. -427754. -279859. -170370. -97701.4 -53169.6 -27563.5 -13621. -6398.21 -2834.21 -1163.44 -425.143 -122.961 -12.9606 18.6436 21.8385 16.9378 11.2651 6.88664 3.98456 2.2156 1.19479 0.628581 0.323966 0.164072 0.0818448 0.0402893 0.0196024 0.00943903 0.00450348 0.00213118 0.00100126 0.000467413 0.000216983 0.000100239 4.61143e-05 2.11393e-05 9.66171e-06 4.4051e-06 2.00448e-06 9.10694e-07 4.13259e-07 1.87362e-07 8.4889e-08 3.84425e-08 1.74026e-08 7.87574e-09 3.56331e-09 1.61174e-09 7.28778e-10 3.294e-10 1.48812e-10 6.71883e-11 3.03138e-11 1.36656e-11 6.15474e-12 2.76906e-12 1.24438e-12 5.58503e-13 2.50331e-13 1.12043e-13 5.00732e-14 2.23434e-14 9.95386e-15 4.42706e-15 1.96563e-15 8.71246e-16 3.85495e-16 1.70266e-16 7.50689e-17 3.30379e-17 1.45138e-17 6.36455e-18 2.78591e-18 1.21726e-18 5.30905e-19 2.31137e-19 1.00449e-19 4.35765e-20 1.88708e-20 8.15764e-21 3.52032e-21 1.51653e-21 6.52192e-22 2.80004e-22 1.20011e-22 5.13524e-23 2.19374e-23 9.35632e-24 3.98408e-24 1.69381e-24 7.18987e-25 3.04725e-25 1.28954e-25 5.44895e-26 2.29905e-26 9.68617e-27 4.07506e-27 1.712e-27 7.18241e-28 3.00915e-28 1.25903e-28 5.2608e-29 2.19536e-29 9.14964e-30 3.80854e-30 1.58335e-30 6.57461e-31 2.72676e-31 1.12957e-31 4.67395e-32 1.93181e-32 7.97558e-33 3.28918e-33 1.35503e-33 5.57641e-34 2.29251e-34 9.41519e-35 3.8629e-35 1.58334e-35 6.48358e-36 2.65244e-36 1.08411e-36 4.42693e-37 1.8061e-37 7.36207e-38 2.99835e-38 1.22011e-38 4.96086e-39 2.01543e-39 8.18165e-40 3.31883e-40 1.34528e-40 5.44915e-41 2.2057e-41 8.92218e-42 3.6067e-42 1.45703e-42 5.88234e-43 2.37333e-43 9.56961e-44 3.85619e-44 1.55292e-44 6.24978e-45 2.51364e-45 1.01032e-45 4.05821e-46 1.62899e-46 6.53452e-47 2.61946e-47 1.04933e-47 4.20057e-48 1.68035e-48 6.71717e-49 2.68326e-49 1.0711e-49 4.27254e-50 1.70307e-50 6.7837e-51 2.70018e-51 1.07401e-51 4.26895e-52 1.69561e-52 6.73025e-53 2.66954e-53 1.05814e-53 4.19141e-54 1.65915e-54 6.56331e-55 2.59464e-55 1.02507e-55 4.04718e-56 1.5969e-56 6.29705e-57 2.48159e-57 9.77375e-58 3.84711e-58 1.5134e-58 5.95006e-59 2.33798e-59 9.18156e-60 3.60372e-60 1.41367e-60 5.54252e-61 2.17188e-61 8.50621e-62 3.32973e-62 1.30274e-62 5.09434e-63 1.99112e-63 7.77845e-64 3.03721e-64 1.18535e-64 4.62391e-65 1.80288e-65 7.02618e-66 2.73698e-66 1.06567e-66 4.14743e-67 1.61339e-67 6.27348e-68 2.43829e-68 9.4727e-69 3.67854e-69 1.42788e-69 5.54019e-70 2.1487e-70 8.33006e-71 3.22806e-71 1.25043e-71 4.84174e-72 1.874e-72 7.25049e-73 2.8041e-73 1.08405e-73 4.18929e-74 1.61831e-74 6.24914e-75 2.4122e-75 9.30769e-76 3.59012e-76 1.38425e-76 5.33529e-77 2.05562e-77 7.91714e-78 3.04814e-78 1.17312e-78 4.51332e-79 1.73576e-79 6.67312e-80 2.56455e-80 9.85233e-81 3.78365e-81 1.45254e-81 5.57428e-82 2.13844e-82 8.20067e-83 3.14375e-83 1.20474e-83 4.61505e-84 1.76713e-84 6.75939e-85 2.57041e-85 0. 
