# Nx=250 Ny=250
100. 99.5934 99.1869 98.7803 98.3738 97.9673 97.5607 97.1542 96.7477 96.3411 95.9347 95.5282 95.1217 94.7152 94.3087 93.9023 93.4959 93.0894 92.683 92.2767 91.8703 91.4639 91.0576 90.6513 90.2451 89.8388 89.4326 89.0264 88.6202 88.2141 87.808 87.4019 86.9959 86.5899 86.1839 85.7779 85.372 84.9662 84.5604 84.1546 83.7489 83.3433 82.9376 82.532 82.1265 81.721 81.3156 80.9102 80.5049 80.0996 79.6945 79.2893 78.8843 78.4793 78.0744 77.6695 77.2647 76.8601 76.4554 76.0509 75.6464 75.2419 74.8375 74.4331 74.0288 73.6245 73.2203 72.8161 72.412 72.008 71.6039 71.1999 70.7959 70.392 69.9881 69.5842 69.1803 68.7764 68.3725 67.9687 67.5648 67.161 66.7572 66.3534 65.9496 65.5458 65.1421 64.7384 64.3347 63.931 63.5273 63.1237 62.7202 62.3166 61.9131 61.5096 61.1061 60.7027 60.2993 59.8959 59.4926 59.0894 58.6862 58.283 57.8799 57.4769 57.0739 56.6709 56.268 55.8652 55.4624 55.0596 54.6569 54.2543 53.8517 53.4492 53.0467 52.6444 52.242 51.8397 51.4375 51.0353 50.6332 50.2312 49.8292 49.4273 49.0255 48.6237 48.222 47.8203 47.4187 47.0171 46.6157 46.2142 45.8129 45.4116 45.0104 44.6093 44.2082 43.8072 43.4063 43.0054 42.6046 42.2038 41.8031 41.4025 41.002 40.6015 40.2011 39.8008 39.4005 39.0003 38.6002 38.2002 37.8002 37.4003 37.0005 36.6008 36.2011 35.8014 35.4019 35.0024 34.6029 34.2036 33.8043 33.4051 33.006 32.6069 32.2079 31.8089 31.41 31.0112 30.6124 30.2136 29.8149 29.4163 29.0177 28.6191 28.2207 27.8222 27.4239 27.0256 26.6273 26.2291 25.831 25.4329 25.0349 24.637 24.2391 23.8412 23.4434 23.0456 22.6479 22.2502 21.8526 21.455 21.0575 20.6599 20.2625 19.865 19.4676 19.0703 18.6729 18.2756 17.8783 17.481 17.0837 16.6864 16.2891 15.8918 15.4945 15.0972 14.6999 14.3027 13.9054 13.5081 13.1108 12.7135 12.3162 11.9189 11.5216 11.1243 10.727 10.3297 9.93236 9.53503 9.1377 8.74038 8.34306 7.94576 7.54846 7.15116 6.75386 6.35656 5.95925 5.56194 5.16464 4.76735 4.37005 3.97277 3.57548 3.1782 2.78091 2.38363 1.98635 1.58907 1.19179 0.794525 0.397262 0. 
100. 99.5934 99.1869 98.7803 98.3738 97.9673 97.5607 97.1542 96.7477 96.3411 95.9347 95.5282 95.1217 94.7152 94.3087 93.9023 93.4959 93.0894 92.683 92.2767 91.8703 91.4639 91.0576 90.6513 90.2451 89.8388 89.4326 89.0264 88.6202 88.2141 87.808 87.4019 86.9959 86.5899 86.1839 85.7779 85.372 84.9662 84.5604 84.1546 83.7489 83.3433 82.9376 82.532 82.1265 81.721 81.3156 80.9102 80.5049 80.0996 79.6945 79.2893 78.8843 78.4793 78.0744 77.6695 77.2647 76.8601 76.4554 76.0509 75.6464 75.2419 74.8375 74.4331 74.0288 73.6245 73.2203 72.8161 72.412 72.008 71.6039 71.1999 70.7959 70.392 69.9881 69.5842 69.1803 68.7764 68.3725 67.9687 67.5648 67.161 66.7572 66.3534 65.9496 65.5458 65.1421 64.7384 64.3347 63.931 63.5273 63.1237 62.7202 62.3166 61.9131 61.5096 61.1061 60.7027 60.2993 59.8959 59.4926 59.0894 58.6862 58.283 57.8799 57.4769 57.0739 56.6709 56.268 55.8652 55.4624 55.0596 54.6569 54.2543 53.8517 53.4492 53.0467 52.6444 52.242 51.8397 51.4375 51.0353 50.6332 50.2312 49.8292 49.4273 49.0255 48.6237 48.222 47.8203 47.4187 47.0171 46.6157 46.2142 45.8129 45.4116 45.0104 44.6093 44.2082 43.8072 43.4063 43.0054 42.6046 42.2038 41.8031 41.4025 41.002 40.6015 40.2011 39.8008 39.4005 39.0003 38.6002 38.2002 37.8002 37.4003 37.0005 36.6008 36.2011 35.8014 35.4019 35.0024 34.6029 34.2036 33.8043 33.4051 33.006 32.6069 32.2079 31.8089 31.41 31.0112 30.6124 30.2136 29.8149 29.4163 29.0177 28.6191 28.2207 27.8222 27.4239 27.0256 26.6273 26.2291 25.831 25.4329 25.0349 24.637 24.2391 23.8412 23.4434 23.0456 22.6479 22.2502 21.8526 21.455 21.0575 20.6599 20.2625 19.865 19.4676 19.0703 18.6729 18.2756 17.8783 17.481 17.0837 16.6864 16.2891 15.8918 15.4945 15.0972 14.6999 14.3027 13.9054 13.5081 13.1108 12.7135 12.3162 11.9189 11.5216 11.1243 10.727 10.3297 9.93236 9.53503 9.1377 8.74038 8.34306 7.94576 7.54846 7.15116 6.75386 6.35656 5.95925 5.56194 5.16464 4.76735 4.37005 3.97277 3.57548 3.1782 2.78091 2.38363 1.98635 1.58907 1.19179 0.794525 0.397262 0. 
100. 99.5934 99.1869 98.7803 98.3738 97.9673 97.5607 97.1542 96.7477 96.3411 95.9346 95.5282 95.1217 94.7152 94.3087 93.9023 93.4958 93.0894 92.683 92.2766 91.8703 91.4639 91.0576 90.6513 90.2451 89.8388 89.4326 89.0264 88.6202 88.2141 87.808 87.4019 86.9959 86.5899 86.1839 85.7779 85.372 84.9661 84.5603 84.1546 83.7489 83.3432 82.9376 82.532 82.1265 81.721 81.3155 80.9102 80.5049 80.0996 79.6944 79.2893 78.8843 78.4793 78.0743 77.6695 77.2647 76.86 76.4554 76.0508 75.6463 75.2419 74.8375 74.4331 74.0288 73.6245 73.2203 72.8161 72.412 72.0079 71.6039 71.1999 70.7959 70.392 69.9881 69.5842 69.1803 68.7764 68.3725 67.9687 67.5648 67.161 66.7572 66.3534 65.9496 65.5458 65.1421 64.7384 64.3347 63.931 63.5273 63.1237 62.7201 62.3166 61.913 61.5096 61.1061 60.7027 60.2993 59.8959 59.4926 59.0894 58.6862 58.283 57.8799 57.4768 57.0738 56.6709 56.268 55.8651 55.4623 55.0596 54.6569 54.2543 53.8517 53.4492 53.0467 52.6443 52.242 51.8397 51.4375 51.0353 50.6332 50.2312 49.8292 49.4273 49.0255 48.6237 48.222 47.8203 47.4187 47.0171 46.6156 46.2142 45.8129 45.4116 45.0104 44.6093 44.2082 43.8072 43.4062 43.0053 42.6045 42.2038 41.8031 41.4025 41.002 40.6015 40.2011 39.8008 39.4005 39.0003 38.6002 38.2002 37.8002 37.4003 37.0005 36.6008 36.2011 35.8014 35.4019 35.0024 34.6029 34.2036 33.8043 33.4051 33.0059 32.6069 32.2078 31.8089 31.41 31.0111 30.6123 30.2136 29.8149 29.4162 29.0176 28.6191 28.2206 27.8222 27.4238 27.0255 26.6273 26.2291 25.831 25.4329 25.0349 24.637 24.239 23.8412 23.4434 23.0456 22.6479 22.2502 21.8526 21.455 21.0574 20.6599 20.2625 19.865 19.4676 19.0703 18.6729 18.2756 17.8783 17.481 17.0837 16.6864 16.2891 15.8918 15.4945 15.0972 14.7 14.3027 13.9054 13.5081 13.1108 12.7135 12.3162 11.9189 11.5216 11.1243 10.727 10.3297 9.93236 9.53503 9.1377 8.74037 8.34306 7.94576 7.54846 7.15116 6.75386 6.35655 5.95925 5.56194 5.16464 4.76734 4.37005 3.97277 3.57548 3.1782 2.78091 2.38363 1.98634 1.58906 1.19179 0.794525 0.397261 0. 
100. 99.5934 99.1869 98.7803 98.3738 97.9672 97.5607 97.1542 96.7477 96.3411 95.9346 95.5281 95.1217 94.7152 94.3087 93.9023 93.4958 93.0894 92.683 92.2766 91.8703 91.4639 91.0576 90.6513 90.245 89.8388 89.4326 89.0264 88.6202 88.2141 87.808 87.4019 86.9959 86.5898 86.1838 85.7779 85.372 84.9661 84.5603 84.1546 83.7489 83.3432 82.9376 82.532 82.1264 81.7209 81.3155 80.9101 80.5048 80.0996 79.6944 79.2893 78.8842 78.4792 78.0743 77.6695 77.2647 76.86 76.4554 76.0508 75.6463 75.2419 74.8375 74.4331 74.0288 73.6245 73.2203 72.8161 72.412 72.0079 71.6039 71.1999 70.7959 70.392 69.9881 69.5842 69.1803 68.7764 68.3725 67.9686 67.5648 67.161 66.7571 66.3533 65.9496 65.5458 65.1421 64.7384 64.3347 63.931 63.5273 63.1237 62.7201 62.3166 61.913 61.5095 61.1061 60.7027 60.2993 59.8959 59.4926 59.0894 58.6862 58.283 57.8799 57.4768 57.0738 56.6709 56.268 55.8651 55.4623 55.0596 54.6569 54.2542 53.8517 53.4491 53.0467 52.6443 52.242 51.8397 51.4375 51.0353 50.6332 50.2312 49.8292 49.4273 49.0255 48.6237 48.2219 47.8203 47.4186 47.0171 46.6156 46.2142 45.8129 45.4116 45.0104 44.6093 44.2082 43.8071 43.4062 43.0053 42.6045 42.2038 41.8031 41.4025 41.002 40.6015 40.2011 39.8007 39.4005 39.0003 38.6002 38.2001 37.8002 37.4003 37.0005 36.6007 36.201 35.8014 35.4018 35.0023 34.6029 34.2035 33.8043 33.4051 33.0059 32.6069 32.2078 31.8089 31.41 31.0111 30.6123 30.2136 29.8149 29.4162 29.0176 28.6191 28.2206 27.8222 27.4238 27.0255 26.6273 26.2291 25.831 25.4329 25.0349 24.6369 24.239 23.8412 23.4433 23.0456 22.6479 22.2502 21.8526 21.455 21.0574 20.6599 20.2624 19.865 19.4676 19.0703 18.6729 18.2756 17.8783 17.481 17.0837 16.6864 16.2891 15.8918 15.4945 15.0972 14.7 14.3027 13.9054 13.5081 13.1108 12.7135 12.3162 11.9189 11.5216 11.1243 10.727 10.3297 9.93236 9.53502 9.13769 8.74037 8.34306 7.94576 7.54846 7.15116 6.75386 6.35655 5.95924 5.56194 5.16464 4.76734 4.37006 3.97277 3.57548 3.1782 2.78091 2.38362 1.98634 1.58906 1.19179 0.794522 0.397259 0. 
100. 99.5934 99.1869 98.7803 98.3738 97.9672 97.5607 97.1542 96.7477 96.3411 95.9346 95.5281 95.1217 94.7152 94.3087 93.9023 93.4958 93.0894 92.683 92.2766 91.8703 91.4639 91.0576 90.6513 90.245 89.8388 89.4326 89.0264 88.6202 88.2141 87.808 87.4019 86.9959 86.5898 86.1838 85.7779 85.372 84.9661 84.5603 84.1546 83.7489 83.3432 82.9376 82.532 82.1264 81.7209 81.3155 80.9101 80.5048 80.0996 79.6944 79.2893 78.8842 78.4792 78.0743 77.6695 77.2647 76.86 76.4554 76.0508 75.6463 75.2419 74.8374 74.4331 74.0288 73.6245 73.2203 72.8161 72.412 72.0079 71.6039 71.1999 70.7959 70.392 69.9881 69.5841 69.1803 68.7764 68.3725 67.9686 67.5648 67.161 66.7571 66.3533 65.9496 65.5458 65.1421 64.7383 64.3346 63.931 63.5273 63.1237 62.7201 62.3166 61.913 61.5095 61.1061 60.7026 60.2992 59.8959 59.4926 59.0894 58.6861 58.283 57.8799 57.4768 57.0738 56.6709 56.268 55.8651 55.4623 55.0596 54.6569 54.2542 53.8516 53.4491 53.0467 52.6443 52.242 51.8397 51.4374 51.0353 50.6332 50.2312 49.8292 49.4273 49.0255 48.6237 48.2219 47.8202 47.4186 47.0171 46.6156 46.2142 45.8129 45.4116 45.0104 44.6093 44.2082 43.8071 43.4062 43.0053 42.6045 42.2037 41.8031 41.4025 41.0019 40.6015 40.2011 39.8007 39.4004 39.0003 38.6001 38.2001 37.8002 37.4003 37.0005 36.6007 36.201 35.8014 35.4018 35.0023 34.6029 34.2035 33.8042 33.405 33.0059 32.6068 32.2078 31.8089 31.41 31.0111 30.6123 30.2135 29.8148 29.4162 29.0176 28.6191 28.2206 27.8222 27.4238 27.0255 26.6273 26.2291 25.831 25.4329 25.0349 24.6369 24.239 23.8411 23.4433 23.0456 22.6479 22.2502 21.8526 21.455 21.0574 20.6599 20.2624 19.865 19.4676 19.0703 18.6729 18.2756 17.8783 17.481 17.0837 16.6864 16.2891 15.8918 15.4945 15.0972 14.7 14.3027 13.9054 13.5081 13.1108 12.7135 12.3162 11.9189 11.5216 11.1243 10.727 10.3297 9.93235 9.53502 9.13769 8.74037 8.34306 7.94576 7.54846 7.15116 6.75385 6.35655 5.95924 5.56194 5.16464 4.76735 4.37006 3.97277 3.57549 3.1782 2.78091 2.38362 1.98634 1.58906 1.19178 0.794517 0.397255 0. 
100. 99.5934 99.1869 98.7803 98.3738 97.9672 97.5607 97.1542 96.7477 96.3411 95.9346 95.5281 95.1217 94.7152 94.3087 93.9023 93.4958 93.0894 92.683 92.2766 91.8703 91.4639 91.0576 90.6513 90.245 89.8388 89.4326 89.0264 88.6202 88.2141 87.808 87.4019 86.9958 86.5898 86.1838 85.7778 85.3719 84.9661 84.5603 84.1546 83.7489 83.3432 82.9376 82.532 82.1264 81.7209 81.3155 80.9101 80.5048 80.0996 79.6944 79.2893 78.8842 78.4792 78.0743 77.6694 77.2647 76.86 76.4554 76.0508 75.6463 75.2418 74.8374 74.4331 74.0288 73.6245 73.2203 72.8161 72.412 72.0079 71.6039 71.1999 70.7959 70.392 69.9881 69.5841 69.1802 68.7764 68.3725 67.9686 67.5648 67.161 66.7571 66.3533 65.9496 65.5458 65.1421 64.7383 64.3346 63.931 63.5273 63.1237 62.7201 62.3165 61.913 61.5095 61.106 60.7026 60.2992 59.8959 59.4926 59.0893 58.6861 58.283 57.8798 57.4768 57.0738 56.6708 56.2679 55.8651 55.4623 55.0595 54.6568 54.2542 53.8516 53.4491 53.0467 52.6443 52.2419 51.8396 51.4374 51.0353 50.6332 50.2311 49.8292 49.4273 49.0254 48.6236 48.2219 47.8202 47.4186 47.017 46.6155 46.2142 45.8128 45.4116 45.0104 44.6092 44.2081 43.8071 43.4061 43.0053 42.6044 42.2037 41.803 41.4024 41.0019 40.6014 40.201 39.8007 39.4004 39.0002 38.6001 38.2001 37.8001 37.4003 37.0004 36.6007 36.201 35.8014 35.4018 35.0023 34.6029 34.2035 33.8042 33.405 33.0059 32.6068 32.2078 31.8088 31.4099 31.0111 30.6123 30.2135 29.8148 29.4162 29.0176 28.6191 28.2206 27.8221 27.4238 27.0255 26.6273 26.2291 25.831 25.4329 25.0349 24.6369 24.239 23.8411 23.4433 23.0456 22.6478 22.2502 21.8525 21.455 21.0574 20.6599 20.2624 19.865 19.4676 19.0703 18.6729 18.2756 17.8783 17.481 17.0837 16.6864 16.2891 15.8918 15.4945 15.0972 14.6999 14.3027 13.9054 13.5081 13.1108 12.7135 12.3162 11.9189 11.5216 11.1243 10.727 10.3297 9.93235 9.53502 9.13769 8.74037 8.34306 7.94576 7.54846 7.15116 6.75385 6.35654 5.95923 5.56193 5.16464 4.76735 4.37006 3.97277 3.57549 3.1782 2.78091 2.38362 1.98633 1.58905 1.19178 0.794511 0.397252 0. 
100. 99.5934 99.1869 98.7803 98.3738 97.9672 97.5607 97.1542 96.7477 96.3411 95.9346 95.5281 95.1216 94.7152 94.3087 93.9023 93.4958 93.0894 92.683 92.2766 91.8702 91.4639 91.0576 90.6513 90.245 89.8388 89.4325 89.0263 88.6202 88.2141 87.808 87.4019 86.9958 86.5898 86.1838 85.7778 85.3719 84.9661 84.5603 84.1546 83.7489 83.3432 82.9375 82.5319 82.1264 81.7209 81.3155 80.9101 80.5048 80.0996 79.6944 79.2892 78.8842 78.4792 78.0742 77.6694 77.2646 76.86 76.4554 76.0508 75.6463 75.2418 74.8374 74.4331 74.0287 73.6245 73.2202 72.8161 72.412 72.0079 71.6039 71.1999 70.7959 70.392 69.988 69.5841 69.1802 68.7764 68.3725 67.9686 67.5648 67.161 66.7571 66.3533 65.9496 65.5458 65.1421 64.7383 64.3346 63.9309 63.5273 63.1237 62.7201 62.3165 61.913 61.5095 61.106 60.7026 60.2992 59.8959 59.4926 59.0893 58.6861 58.2829 57.8798 57.4768 57.0738 56.6708 56.2679 55.8651 55.4623 55.0595 54.6568 54.2542 53.8516 53.4491 53.0467 52.6443 52.2419 51.8396 51.4374 51.0352 50.6331 50.2311 49.8292 49.4273 49.0254 48.6236 48.2219 47.8202 47.4185 47.017 46.6155 46.2141 45.8128 45.4116 45.0104 44.6092 44.2081 43.8071 43.4061 43.0052 42.6044 42.2037 41.803 41.4024 41.0019 40.6014 40.201 39.8007 39.4004 39.0002 38.6001 38.2001 37.8001 37.4002 37.0004 36.6007 36.201 35.8013 35.4018 35.0023 34.6028 34.2035 33.8042 33.405 33.0059 32.6068 32.2078 31.8088 31.4099 31.0111 30.6123 30.2135 29.8148 29.4162 29.0176 28.619 28.2206 27.8221 27.4238 27.0255 26.6272 26.2291 25.8309 25.4329 25.0349 24.6369 24.239 23.8411 23.4433 23.0455 22.6478 22.2502 21.8525 21.4549 21.0574 20.6599 20.2624 19.865 19.4676 19.0702 18.6729 18.2756 17.8783 17.481 17.0837 16.6864 16.2891 15.8918 15.4945 15.0972 14.6999 14.3026 13.9053 13.508 13.1108 12.7135 12.3162 11.9189 11.5216 11.1243 10.727 10.3297 9.93236 9.53502 9.1377 8.74037 8.34306 7.94576 7.54846 7.15115 6.75385 6.35654 5.95923 5.56193 5.16463 4.76735 4.37006 3.97278 3.57549 3.1782 2.78091 2.38362 1.98633 1.58905 1.19177 0.794504 0.397249 0. 
100. 99.5934 99.1869 98.7803 98.3738 97.9672 97.5607 97.1542 96.7476 96.3411 95.9346 95.5281 95.1216 94.7152 94.3087 93.9022 93.4958 93.0894 92.683 92.2766 91.8702 91.4639 91.0576 90.6513 90.245 89.8388 89.4325 89.0263 88.6202 88.2141 87.808 87.4019 86.9958 86.5898 86.1838 85.7778 85.3719 84.9661 84.5603 84.1545 83.7488 83.3432 82.9375 82.5319 82.1264 81.7209 81.3154 80.9101 80.5048 80.0995 79.6943 79.2892 78.8841 78.4791 78.0742 77.6694 77.2646 76.86 76.4553 76.0508 75.6463 75.2418 74.8374 74.433 74.0287 73.6244 73.2202 72.8161 72.412 72.0079 71.6039 71.1999 70.7959 70.392 69.988 69.5841 69.1802 68.7763 68.3725 67.9686 67.5648 67.1609 66.7571 66.3533 65.9495 65.5458 65.142 64.7383 64.3346 63.9309 63.5273 63.1237 62.7201 62.3165 61.913 61.5095 61.106 60.7026 60.2992 59.8959 59.4925 59.0893 58.6861 58.2829 57.8798 57.4768 57.0738 56.6708 56.2679 55.865 55.4622 55.0595 54.6568 54.2542 53.8516 53.4491 53.0466 52.6442 52.2419 51.8396 51.4374 51.0352 50.6331 50.2311 49.8291 49.4273 49.0254 48.6236 48.2218 47.8202 47.4186 47.017 46.6155 46.2141 45.8128 45.4115 45.0103 44.6092 44.2081 43.8071 43.4061 43.0052 42.6044 42.2037 41.803 41.4024 41.0018 40.6014 40.201 39.8006 39.4004 39.0002 38.6001 38.2001 37.8001 37.4002 37.0004 36.6006 36.2009 35.8013 35.4017 35.0022 34.6028 34.2035 33.8042 33.405 33.0058 32.6068 32.2078 31.8088 31.4099 31.011 30.6122 30.2135 29.8148 29.4161 29.0175 28.619 28.2205 27.8221 27.4237 27.0254 26.6272 26.229 25.8309 25.4329 25.0348 24.6369 24.239 23.8411 23.4433 23.0455 22.6478 22.2501 21.8525 21.4549 21.0574 20.6599 20.2624 19.865 19.4676 19.0702 18.6729 18.2756 17.8783 17.4809 17.0836 16.6864 16.2891 15.8918 15.4945 15.0972 14.6999 14.3026 13.9053 13.508 13.1108 12.7135 12.3162 11.9189 11.5216 11.1243 10.727 10.3297 9.93236 9.53502 9.1377 8.74037 8.34306 7.94576 7.54846 7.15115 6.75384 6.35653 5.95922 5.56192 5.16463 4.76735 4.37006 3.97278 3.5755 3.17821 2.78091 2.38362 1.98632 1.58904 1.19176 0.794497 0.397245 0. 
100. 99.5934 99.1869 98.7803 98.3738 97.9672 97.5607 97.1542 96.7476 96.3411 95.9346 95.5281 95.1216 94.7152 94.3087 93.9022 93.4958 93.0894 92.683 92.2766 91.8702 91.4639 91.0575 90.6513 90.245 89.8387 89.4325 89.0263 88.6202 88.214 87.8079 87.4018 86.9958 86.5897 86.1837 85.7778 85.3719 84.966 84.5603 84.1545 83.7488 83.3431 82.9375 82.5319 82.1263 81.7208 81.3154 80.91 80.5047 80.0995 79.6943 79.2892 78.8841 78.4791 78.0742 77.6694 77.2646 76.8599 76.4553 76.0508 75.6462 75.2418 74.8374 74.433 74.0287 73.6244 73.2202 72.816 72.4119 72.0079 71.6039 71.1999 70.7959 70.392 69.988 69.5841 69.1802 68.7763 68.3725 67.9686 67.5648 67.1609 66.7571 66.3533 65.9495 65.5458 65.142 64.7383 64.3346 63.9309 63.5273 63.1237 62.7201 62.3165 61.913 61.5094 61.106 60.7026 60.2992 59.8958 59.4925 59.0893 58.6861 58.2829 57.8798 57.4767 57.0737 56.6708 56.2679 55.865 55.4622 55.0595 54.6568 54.2541 53.8516 53.4491 53.0466 52.6442 52.2419 51.8396 51.4373 51.0352 50.6331 50.2311 49.8291 49.4272 49.0253 48.6235 48.2218 47.8201 47.4185 47.017 46.6155 46.2141 45.8128 45.4115 45.0103 44.6091 44.208 43.807 43.4061 43.0052 42.6044 42.2036 41.803 41.4024 41.0018 40.6013 40.2009 39.8006 39.4003 39.0001 38.6 38.2 37.8001 37.4002 37.0004 36.6006 36.2009 35.8013 35.4017 35.0022 34.6028 34.2034 33.8041 33.4049 33.0058 32.6067 32.2077 31.8088 31.4099 31.011 30.6122 30.2135 29.8148 29.4161 29.0175 28.619 28.2205 27.8221 27.4237 27.0254 26.6272 26.229 25.8309 25.4328 25.0348 24.6368 24.2389 23.8411 23.4432 23.0455 22.6478 22.2501 21.8525 21.4549 21.0574 20.6599 20.2624 19.865 19.4676 19.0702 18.6729 18.2756 17.8782 17.4809 17.0836 16.6864 16.2891 15.8918 15.4945 15.0972 14.6999 14.3026 13.9053 13.508 13.1108 12.7135 12.3162 11.9189 11.5216 11.1243 10.727 10.3297 9.93236 9.53502 9.13769 8.74037 8.34306 7.94576 7.54845 7.15115 6.75384 6.35652 5.95922 5.56192 5.16463 4.76734 4.37006 3.97278 3.5755 3.17821 2.78092 2.38362 1.98632 1.58903 1.19175 0.79449 0.397241 0. 
100. 99.5934 99.1869 98.7803 98.3738 97.9672 97.5607 97.1542 96.7476 96.3411 95.9346 95.5281 95.1216 94.7152 94.3087 93.9022 93.4958 93.0894 92.683 92.2766 91.8702 91.4639 91.0575 90.6512 90.245 89.8387 89.4325 89.0263 88.6202 88.214 87.8079 87.4018 86.9958 86.5897 86.1837 85.7778 85.3719 84.966 84.5602 84.1545 83.7488 83.3431 82.9375 82.5319 82.1263 81.7208 81.3154 80.91 80.5047 80.0995 79.6943 79.2891 78.8841 78.4791 78.0742 77.6693 77.2646 76.8599 76.4553 76.0507 75.6462 75.2418 74.8374 74.433 74.0287 73.6244 73.2202 72.816 72.4119 72.0079 71.6038 71.1998 70.7959 70.392 69.988 69.5841 69.1802 68.7763 68.3725 67.9686 67.5648 67.1609 66.7571 66.3533 65.9495 65.5458 65.142 64.7383 64.3346 63.9309 63.5273 63.1236 62.72 62.3165 61.9129 61.5094 61.106 60.7026 60.2992 59.8958 59.4925 59.0892 58.686 58.2829 57.8797 57.4767 57.0737 56.6708 56.2679 55.865 55.4622 55.0594 54.6567 54.2541 53.8515 53.449 53.0466 52.6442 52.2418 51.8395 51.4373 51.0351 50.6331 50.231 49.8291 49.4272 49.0254 48.6235 48.2217 47.8201 47.4185 47.0169 46.6155 46.2141 45.8128 45.4115 45.0103 44.6091 44.208 43.807 43.406 43.0051 42.6043 42.2036 41.8029 41.4023 41.0018 40.6013 40.2009 39.8005 39.4003 39.0001 38.6 38.2 37.8 37.4002 37.0003 36.6006 36.2009 35.8012 35.4017 35.0021 34.6027 34.2034 33.8041 33.4049 33.0058 32.6067 32.2077 31.8088 31.4098 31.011 30.6122 30.2134 29.8147 29.4161 29.0175 28.6189 28.2205 27.822 27.4237 27.0254 26.6272 26.229 25.8309 25.4328 25.0348 24.6368 24.2389 23.841 23.4432 23.0455 22.6478 22.2501 21.8525 21.4549 21.0573 20.6598 20.2624 19.865 19.4676 19.0702 18.6729 18.2756 17.8782 17.4809 17.0836 16.6864 16.2891 15.8918 15.4945 15.0972 14.6999 14.3026 13.9053 13.508 13.1108 12.7135 12.3162 11.9189 11.5216 11.1243 10.727 10.3297 9.93236 9.53502 9.1377 8.74037 8.34306 7.94575 7.54845 7.15114 6.75383 6.35652 5.95921 5.56191 5.16462 4.76734 4.37006 3.97279 3.57551 3.17822 2.78092 2.38362 1.98632 1.58902 1.19174 0.794484 0.397238 0. 
100. 99.5934 99.1869 98.7803 98.3738 97.9672 97.5607 97.1542 96.7476 96.3411 95.9346 95.5281 95.1216 94.7151 94.3087 93.9022 93.4958 93.0894 92.683 92.2766 91.8702 91.4638 91.0575 90.6512 90.245 89.8387 89.4325 89.0263 88.6201 88.214 87.8079 87.4018 86.9957 86.5897 86.1837 85.7777 85.3718 84.966 84.5602 84.1545 83.7488 83.3431 82.9374 82.5318 82.1263 81.7208 81.3154 80.91 80.5047 80.0994 79.6942 79.2891 78.884 78.479 78.0741 77.6693 77.2645 76.8599 76.4553 76.0507 75.6462 75.2418 74.8373 74.433 74.0286 73.6244 73.2202 72.816 72.4119 72.0078 71.6038 71.1998 70.7959 70.3919 69.988 69.5841 69.1802 68.7763 68.3725 67.9686 67.5647 67.1609 66.7571 66.3533 65.9495 65.5457 65.142 64.7383 64.3346 63.9309 63.5272 63.1236 62.72 62.3164 61.9129 61.5094 61.1059 60.7025 60.2991 59.8958 59.4925 59.0892 58.686 58.2828 57.8797 57.4767 57.0737 56.6707 56.2678 55.865 55.4622 55.0594 54.6567 54.2541 53.8515 53.449 53.0465 52.6441 52.2418 51.8395 51.4373 51.0351 50.633 50.231 49.8291 49.4272 49.0253 48.6234 48.2217 47.82 47.4184 47.0169 46.6154 46.214 45.8127 45.4115 45.0102 44.6091 44.208 43.8069 43.406 43.0051 42.6043 42.2036 41.8029 41.4023 41.0018 40.6013 40.2008 39.8005 39.4002 39. 38.5999 38.1999 37.8 37.4001 37.0003 36.6005 36.2008 35.8012 35.4016 35.0021 34.6027 34.2033 33.8041 33.4049 33.0057 32.6067 32.2077 31.8087 31.4098 31.011 30.6121 30.2134 29.8147 29.416 29.0175 28.6189 28.2204 27.822 27.4237 27.0254 26.6271 26.229 25.8308 25.4328 25.0348 24.6368 24.2389 23.841 23.4432 23.0454 22.6477 22.2501 21.8524 21.4549 21.0573 20.6598 20.2624 19.865 19.4676 19.0702 18.6729 18.2755 17.8782 17.4809 17.0836 16.6864 16.2891 15.8918 15.4945 15.0972 14.6999 14.3026 13.9053 13.508 13.1107 12.7135 12.3162 11.9189 11.5216 11.1243 10.727 10.3297 9.93235 9.53502 9.1377 8.74038 8.34306 7.94575 7.54845 7.15114 6.75383 6.35651 5.95921 5.56191 5.16462 4.76734 4.37006 3.97279 3.57551 3.17822 2.78092 2.38362 1.98631 1.58901 1.19174 0.794478 0.397235 0. 
100. 99.5934 99.1869 98.7803 98.3738 97.9672 97.5607 97.1542 96.7476 96.3411 95.9346 95.5281 95.1216 94.7151 94.3087 93.9022 93.4958 93.0893 92.6829 92.2766 91.8702 91.4638 91.0575 90.6512 90.2449 89.8387 89.4325 89.0263 88.6201 88.214 87.8079 87.4018 86.9957 86.5897 86.1837 85.7777 85.3718 84.966 84.5602 84.1544 83.7487 83.3431 82.9374 82.5318 82.1262 81.7207 81.3153 80.9099 80.5046 80.0994 79.6942 79.2891 78.884 78.479 78.0741 77.6693 77.2645 76.8598 76.4552 76.0507 75.6462 75.2417 74.8373 74.4329 74.0286 73.6243 73.2201 72.816 72.4119 72.0078 71.6038 71.1998 70.7959 70.3919 69.988 69.5841 69.1802 68.7763 68.3724 67.9686 67.5647 67.1609 66.7571 66.3533 65.9495 65.5457 65.142 64.7383 64.3346 63.9309 63.5272 63.1236 62.72 62.3164 61.9129 61.5094 61.1059 60.7025 60.2991 59.8958 59.4925 59.0892 58.686 58.2828 57.8797 57.4766 57.0736 56.6707 56.2678 55.8649 55.4621 55.0594 54.6567 54.2541 53.8515 53.449 53.0465 52.6441 52.2417 51.8394 51.4372 51.0351 50.633 50.231 49.829 49.4271 49.0253 48.6234 48.2217 47.82 47.4184 47.0168 46.6154 46.214 45.8127 45.4114 45.0102 44.609 44.2079 43.8069 43.4059 43.0051 42.6043 42.2035 41.8029 41.4023 41.0017 40.6012 40.2008 39.8005 39.4002 39. 38.5999 38.1999 37.7999 37.4001 37.0003 36.6005 36.2008 35.8012 35.4016 35.0021 34.6026 34.2033 33.804 33.4048 33.0057 32.6066 32.2076 31.8087 31.4098 31.0109 30.6121 30.2134 29.8147 29.416 29.0174 28.6189 28.2204 27.822 27.4236 27.0253 26.6271 26.2289 25.8308 25.4328 25.0347 24.6368 24.2388 23.841 23.4432 23.0454 22.6477 22.25 21.8524 21.4548 21.0573 20.6598 20.2624 19.8649 19.4676 19.0702 18.6729 18.2755 17.8782 17.4809 17.0836 16.6864 16.2891 15.8918 15.4945 15.0972 14.6999 14.3026 13.9053 13.508 13.1107 12.7135 12.3162 11.9189 11.5216 11.1243 10.727 10.3297 9.93235 9.53502 9.1377 8.74037 8.34306 7.94575 7.54845 7.15114 6.75382 6.35651 5.9592 5.5619 5.16461 4.76734 4.37007 3.9728 3.57552 3.17823 2.78093 2.38361 1.9863 1.58901 1.19173 0.794471 0.397231 0. 
100. 99.5934 99.1869 98.7803 98.3738 97.9672 97.5607 97.1542 96.7476 96.3411 95.9346 95.5281 95.1216 94.7151 94.3087 93.9022 93.4958 93.0893 92.6829 92.2765 91.8702 91.4638 91.0575 90.6512 90.2449 89.8387 89.4324 89.0263 88.6201 88.214 87.8078 87.4017 86.9957 86.5896 86.1836 85.7777 85.3718 84.966 84.5602 84.1544 83.7487 83.343 82.9374 82.5318 82.1262 81.7207 81.3153 80.9099 80.5046 80.0994 79.6942 79.289 78.884 78.479 78.074 77.6692 77.2645 76.8598 76.4552 76.0507 75.6462 75.2417 74.8373 74.4329 74.0286 73.6243 73.2201 72.816 72.4119 72.0078 71.6038 71.1998 70.7959 70.3919 69.988 69.5841 69.1802 68.7763 68.3724 67.9686 67.5647 67.1609 66.7571 66.3533 65.9495 65.5457 65.142 64.7382 64.3345 63.9309 63.5272 63.1236 62.72 62.3164 61.9129 61.5094 61.1059 60.7025 60.2991 59.8957 59.4924 59.0892 58.686 58.2828 57.8797 57.4766 57.0736 56.6707 56.2677 55.8649 55.4621 55.0593 54.6566 54.254 53.8515 53.4489 53.0465 52.6441 52.2417 51.8394 51.4372 51.035 50.633 50.231 49.829 49.4272 49.0252 48.6234 48.2217 47.82 47.4184 47.0168 46.6154 46.214 45.8127 45.4114 45.0102 44.609 44.2079 43.8069 43.4059 43.005 42.6043 42.2035 41.8029 41.4022 41.0017 40.6012 40.2008 39.8004 39.4002 39. 38.5999 38.1999 37.7999 37.4001 37.0002 36.6005 36.2008 35.8011 35.4015 35.002 34.6026 34.2033 33.804 33.4048 33.0057 32.6066 32.2076 31.8087 31.4098 31.0109 30.6121 30.2133 29.8146 29.416 29.0174 28.6189 28.2204 27.822 27.4236 27.0253 26.6271 26.2289 25.8308 25.4327 25.0347 24.6367 24.2388 23.841 23.4432 23.0454 22.6477 22.25 21.8524 21.4548 21.0573 20.6598 20.2623 19.8649 19.4675 19.0702 18.6729 18.2755 17.8782 17.4809 17.0836 16.6864 16.2891 15.8918 15.4945 15.0972 14.6999 14.3026 13.9053 13.508 13.1108 12.7135 12.3162 11.9189 11.5216 11.1243 10.727 10.3297 9.93235 9.53502 9.1377 8.74038 8.34306 7.94575 7.54844 7.15113 6.75382 6.3565 5.95919 5.56189 5.16461 4.76733 4.37006 3.9728 3.57552 3.17823 2.78093 2.38362 1.98631 1.58901 1.19173 0.794469 0.397229 0. 
100. 99.5934 99.1869 98.7803 98.3738 97.9672 97.5607 97.1541 96.7476 96.3411 95.9346 95.5281 95.1216 94.7151 94.3086 93.9022 93.4958 93.0893 92.6829 92.2765 91.8701 91.4638 91.0575 90.6512 90.2449 89.8387 89.4324 89.0262 88.6201 88.2139 87.8078 87.4017 86.9957 86.5896 86.1836 85.7777 85.3718 84.9659 84.5601 84.1544 83.7487 83.343 82.9373 82.5317 82.1262 81.7207 81.3153 80.9099 80.5046 80.0993 79.6941 79.289 78.8839 78.4789 78.074 77.6692 77.2645 76.8598 76.4552 76.0506 75.6461 75.2417 74.8373 74.4329 74.0286 73.6243 73.2201 72.8159 72.4118 72.0078 71.6038 71.1998 70.7958 70.3919 69.988 69.5841 69.1802 68.7763 68.3724 67.9686 67.5647 67.1609 66.757 66.3532 65.9495 65.5457 65.142 64.7382 64.3345 63.9308 63.5272 63.1236 62.72 62.3164 61.9128 61.5093 61.1059 60.7025 60.2991 59.8957 59.4924 59.0891 58.6859 58.2828 57.8796 57.4766 57.0736 56.6706 56.2677 55.8649 55.4621 55.0593 54.6566 54.254 53.8514 53.4489 53.0464 52.644 52.2417 51.8394 51.4372 51.035 50.633 50.2309 49.829 49.427 49.0252 48.6234 48.2217 47.82 47.4184 47.0168 46.6154 46.214 45.8126 45.4114 45.0102 44.609 44.2079 43.8069 43.4059 43.0051 42.6042 42.2035 41.8028 41.4022 41.0017 40.6012 40.2007 39.8004 39.4002 39. 38.5999 38.1999 37.7999 37.4 37.0002 36.6005 36.2008 35.8011 35.4015 35.002 34.6026 34.2033 33.804 33.4048 33.0057 32.6066 32.2076 31.8087 31.4097 31.0109 30.6121 30.2133 29.8146 29.416 29.0174 28.6188 28.2204 27.8219 27.4236 27.0253 26.6271 26.2289 25.8308 25.4327 25.0347 24.6367 24.2388 23.841 23.4432 23.0454 22.6477 22.25 21.8524 21.4548 21.0573 20.6598 20.2623 19.8649 19.4675 19.0702 18.6728 18.2755 17.8782 17.4809 17.0836 16.6864 16.2891 15.8918 15.4945 15.0972 14.6999 14.3026 13.9053 13.508 13.1108 12.7135 12.3162 11.9189 11.5216 11.1243 10.727 10.3297 9.93235 9.53502 9.1377 8.74038 8.34306 7.94575 7.54844 7.15113 6.75381 6.3565 5.95919 5.56189 5.16461 4.76733 4.37006 3.97279 3.57552 3.17823 2.78093 2.38362 1.98631 1.58901 1.19173 0.79447 0.397231 0. 
100. 99.5934 99.1869 98.7803 98.3738 97.9672 97.5607 97.1541 96.7476 96.3411 95.9346 95.5281 95.1216 94.7151 94.3086 93.9022 93.4958 93.0893 92.6829 92.2765 91.8701 91.4638 91.0575 90.6512 90.2449 89.8386 89.4324 89.0262 88.6201 88.2139 87.8078 87.4017 86.9957 86.5896 86.1836 85.7777 85.3718 84.9659 84.5601 84.1544 83.7487 83.343 82.9373 82.5317 82.1262 81.7207 81.3153 80.9099 80.5046 80.0993 79.6941 79.289 78.8839 78.4789 78.074 77.6692 77.2645 76.8598 76.4552 76.0506 75.6461 75.2417 74.8373 74.4329 74.0286 73.6243 73.2201 72.8159 72.4118 72.0078 71.6038 71.1998 70.7959 70.3919 69.988 69.5841 69.1802 68.7763 68.3724 67.9685 67.5647 67.1609 66.7571 66.3532 65.9495 65.5457 65.1419 64.7382 64.3345 63.9308 63.5272 63.1235 62.7199 62.3164 61.9128 61.5093 61.1059 60.7025 60.2991 59.8957 59.4924 59.0891 58.6859 58.2827 57.8796 57.4766 57.0736 56.6706 56.2677 55.8649 55.462 55.0593 54.6566 54.254 53.8514 53.4489 53.0464 52.644 52.2417 51.8394 51.4372 51.0351 50.633 50.2309 49.829 49.4271 49.0252 48.6234 48.2216 47.82 47.4183 47.0168 46.6154 46.214 45.8126 45.4114 45.0101 44.609 44.2079 43.8069 43.4059 43.005 42.6042 42.2035 41.8028 41.4022 41.0017 40.6012 40.2007 39.8004 39.4001 39. 38.5999 38.1999 37.7999 37.4 37.0002 36.6005 36.2008 35.8011 35.4015 35.002 34.6026 34.2032 33.804 33.4048 33.0057 32.6066 32.2076 31.8086 31.4097 31.0109 30.6121 30.2133 29.8146 29.416 29.0174 28.6188 28.2204 27.8219 27.4236 27.0253 26.6271 26.2289 25.8308 25.4327 25.0347 24.6367 24.2388 23.841 23.4432 23.0454 22.6477 22.25 21.8524 21.4548 21.0573 20.6598 20.2623 19.8649 19.4675 19.0702 18.6728 18.2755 17.8782 17.4809 17.0836 16.6864 16.2891 15.8918 15.4945 15.0972 14.6999 14.3026 13.9053 13.508 13.1108 12.7135 12.3162 11.9189 11.5216 11.1243 10.727 10.3297 9.93235 9.53502 9.1377 8.74038 8.34307 7.94575 7.54844 7.15112 6.75381 6.35649 5.95919 5.56189 5.16461 4.76733 4.37006 3.97279 3.57552 3.17823 2.78093 2.38362 1.9863 1.58901 1.19173 0.794472 0.397232 0. 
100. 99.5934 99.1869 98.7803 98.3738 97.9672 97.5607 97.1541 96.7476 96.3411 95.9346 95.5281 95.1216 94.7151 94.3086 93.9022 93.4957 93.0893 92.6829 92.2765 91.8701 91.4638 91.0575 90.6512 90.2449 89.8386 89.4324 89.0262 88.6201 88.2139 87.8078 87.4017 86.9956 86.5896 86.1836 85.7777 85.3718 84.9659 84.5601 84.1544 83.7487 83.343 82.9373 82.5317 82.1262 81.7207 81.3152 80.9099 80.5046 80.0993 79.6941 79.289 78.8839 78.4789 78.074 77.6692 77.2645 76.8598 76.4552 76.0506 75.6461 75.2417 74.8373 74.4329 74.0286 73.6243 73.2201 72.8159 72.4119 72.0078 71.6038 71.1998 70.7958 70.3919 69.988 69.5841 69.1802 68.7763 68.3724 67.9686 67.5647 67.1609 66.757 66.3532 65.9494 65.5457 65.1419 64.7382 64.3345 63.9308 63.5272 63.1235 62.7199 62.3164 61.9128 61.5093 61.1059 60.7024 60.299 59.8957 59.4924 59.0891 58.6859 58.2828 57.8796 57.4766 57.0736 56.6706 56.2677 55.8648 55.462 55.0593 54.6566 54.254 53.8514 53.4489 53.0464 52.644 52.2417 51.8394 51.4372 51.0351 50.6329 50.2309 49.829 49.427 49.0252 48.6234 48.2216 47.8199 47.4183 47.0168 46.6154 46.214 45.8126 45.4113 45.0101 44.609 44.2079 43.8068 43.4059 43.005 42.6042 42.2035 41.8028 41.4022 41.0016 40.6011 40.2007 39.8004 39.4001 38.9999 38.5999 38.1998 37.7999 37.4 37.0002 36.6004 36.2007 35.8011 35.4015 35.002 34.6026 34.2032 33.804 33.4048 33.0057 32.6066 32.2076 31.8086 31.4097 31.0109 30.6121 30.2133 29.8146 29.416 29.0174 28.6188 28.2203 27.8219 27.4236 27.0253 26.6271 26.2289 25.8308 25.4327 25.0347 24.6367 24.2388 23.841 23.4431 23.0454 22.6477 22.25 21.8524 21.4548 21.0573 20.6598 20.2623 19.8649 19.4675 19.0702 18.6728 18.2755 17.8782 17.4809 17.0836 16.6864 16.2891 15.8918 15.4945 15.0972 14.6999 14.3026 13.9053 13.508 13.1108 12.7135 12.3162 11.9189 11.5216 11.1243 10.727 10.3297 9.93235 9.53502 9.1377 8.74038 8.34306 7.94575 7.54843 7.15112 6.7538 6.35649 5.95918 5.56189 5.1646 4.76733 4.37006 3.9728 3.57552 3.17823 2.78092 2.38361 1.9863 1.58901 1.19173 0.794474 0.397232 0. 
100. 99.5934 99.1869 98.7803 98.3738 97.9672 97.5607 97.1541 96.7476 96.3411 95.9346 95.5281 95.1216 94.7151 94.3086 93.9022 93.4957 93.0893 92.6829 92.2765 91.8701 91.4638 91.0575 90.6512 90.2449 89.8386 89.4324 89.0262 88.62 88.2139 87.8078 87.4017 86.9956 86.5896 86.1836 85.7776 85.3718 84.9659 84.5601 84.1544 83.7486 83.343 82.9373 82.5317 82.1262 81.7207 81.3152 80.9099 80.5046 80.0993 79.6941 79.289 78.8839 78.4789 78.074 77.6692 77.2645 76.8598 76.4552 76.0506 75.6461 75.2417 74.8372 74.4329 74.0286 73.6243 73.2201 72.8159 72.4118 72.0078 71.6038 71.1998 70.7958 70.3919 69.988 69.5841 69.1802 68.7763 68.3724 67.9685 67.5647 67.1608 66.757 66.3532 65.9494 65.5457 65.1419 64.7382 64.3345 63.9308 63.5271 63.1235 62.7199 62.3163 61.9128 61.5093 61.1058 60.7024 60.299 59.8957 59.4924 59.0891 58.6859 58.2827 57.8796 57.4765 57.0735 56.6706 56.2677 55.8648 55.462 55.0593 54.6566 54.254 53.8514 53.4489 53.0464 52.644 52.2416 51.8394 51.4372 51.035 50.6329 50.2309 49.8289 49.427 49.0252 48.6234 48.2216 47.8199 47.4183 47.0168 46.6153 46.2139 45.8126 45.4113 45.0101 44.609 44.2079 43.8068 43.4059 43.005 42.6042 42.2035 41.8028 41.4022 41.0016 40.6011 40.2007 39.8004 39.4001 38.9999 38.5998 38.1998 37.7999 37.4 37.0002 36.6004 36.2007 35.8011 35.4015 35.002 34.6026 34.2032 33.8039 33.4048 33.0056 32.6066 32.2076 31.8086 31.4097 31.0109 30.612 30.2133 29.8146 29.4159 29.0173 28.6188 28.2203 27.8219 27.4236 27.0253 26.6271 26.2289 25.8308 25.4327 25.0347 24.6367 24.2388 23.8409 23.4431 23.0454 22.6477 22.25 21.8524 21.4548 21.0573 20.6598 20.2623 19.8649 19.4675 19.0702 18.6728 18.2755 17.8782 17.4809 17.0836 16.6864 16.2891 15.8918 15.4945 15.0972 14.6999 14.3026 13.9053 13.508 13.1108 12.7135 12.3162 11.9189 11.5216 11.1243 10.727 10.3297 9.93235 9.53503 9.1377 8.74038 8.34306 7.94575 7.54843 7.15112 6.7538 6.35648 5.95918 5.56188 5.1646 4.76733 4.37006 3.97279 3.57551 3.17822 2.78092 2.38361 1.98631 1.58901 1.19173 0.794474 0.397232 0. 
100. 99.5934 99.1869 98.7803 98.3738 97.9672 97.5607 97.1541 96.7476 96.3411 95.9346 95.5281 95.1216 94.7151 94.3086 93.9022 93.4957 93.0893 92.6829 92.2765 91.8701 91.4638 91.0574 90.6511 90.2449 89.8386 89.4324 89.0262 88.62 88.2139 87.8078 87.4017 86.9956 86.5896 86.1836 85.7776 85.3717 84.9659 84.5601 84.1543 83.7486 83.3429 82.9373 82.5317 82.1262 81.7206 81.3152 80.9098 80.5045 80.0993 79.6941 79.289 78.8839 78.4789 78.074 77.6692 77.2645 76.8598 76.4552 76.0506 75.6461 75.2416 74.8372 74.4329 74.0285 73.6243 73.2201 72.8159 72.4118 72.0078 71.6038 71.1998 70.7958 70.3919 69.988 69.5841 69.1802 68.7763 68.3724 67.9685 67.5647 67.1608 66.757 66.3532 65.9494 65.5457 65.1419 64.7382 64.3345 63.9308 63.5271 63.1235 62.7199 62.3163 61.9128 61.5093 61.1058 60.7024 60.299 59.8957 59.4923 59.0891 58.6859 58.2827 57.8796 57.4765 57.0735 56.6706 56.2677 55.8648 55.462 55.0593 54.6566 54.254 53.8514 53.4489 53.0464 52.644 52.2416 51.8393 51.4372 51.035 50.633 50.2309 49.829 49.427 49.0252 48.6234 48.2216 47.8199 47.4183 47.0168 46.6153 46.2139 45.8126 45.4113 45.0101 44.6089 44.2078 43.8068 43.4059 43.005 42.6042 42.2034 41.8028 41.4021 41.0016 40.6011 40.2007 39.8004 39.4001 38.9999 38.5998 38.1998 37.7999 37.4 37.0002 36.6004 36.2007 35.801 35.4015 35.002 34.6025 34.2032 33.8039 33.4047 33.0056 32.6066 32.2075 31.8086 31.4097 31.0108 30.612 30.2133 29.8146 29.4159 29.0173 28.6188 28.2203 27.8219 27.4236 27.0253 26.627 26.2289 25.8307 25.4327 25.0347 24.6367 24.2388 23.8409 23.4431 23.0454 22.6477 22.25 21.8524 21.4548 21.0573 20.6598 20.2623 19.8649 19.4675 19.0702 18.6728 18.2755 17.8782 17.4809 17.0836 16.6864 16.2891 15.8918 15.4945 15.0972 14.6999 14.3026 13.9053 13.508 13.1108 12.7135 12.3162 11.9189 11.5216 11.1243 10.727 10.3297 9.93234 9.53503 9.1377 8.74038 8.34306 7.94575 7.54843 7.15111 6.75379 6.35648 5.95917 5.56188 5.1646 4.76733 4.37006 3.97279 3.57551 3.17822 2.78092 2.38361 1.9863 1.58901 1.19173 0.794475 0.397233 0. 
100. 99.5934 99.1869 98.7803 98.3738 97.9672 97.5607 97.1541 96.7476 96.3411 95.9346 95.5281 95.1216 94.7151 94.3086 93.9022 93.4957 93.0893 92.6829 92.2765 91.8701 91.4638 91.0574 90.6511 90.2449 89.8386 89.4324 89.0262 88.62 88.2139 87.8078 87.4017 86.9956 86.5896 86.1836 85.7776 85.3717 84.9659 84.5601 84.1543 83.7486 83.3429 82.9373 82.5317 82.1261 81.7206 81.3152 80.9098 80.5045 80.0993 79.6941 79.2889 78.8839 78.4789 78.074 77.6692 77.2644 76.8598 76.4552 76.0506 75.6461 75.2416 74.8372 74.4329 74.0285 73.6243 73.2201 72.8159 72.4118 72.0078 71.6038 71.1998 70.7958 70.3919 69.988 69.584 69.1801 68.7763 68.3724 67.9685 67.5647 67.1608 66.757 66.3532 65.9494 65.5456 65.1419 64.7382 64.3345 63.9308 63.5271 63.1235 62.7199 62.3163 61.9128 61.5093 61.1058 60.7024 60.299 59.8956 59.4923 59.0891 58.6859 58.2827 57.8796 57.4765 57.0735 56.6705 56.2676 55.8648 55.462 55.0592 54.6566 54.2539 53.8514 53.4488 53.0464 52.644 52.2416 51.8394 51.4371 51.035 50.6329 50.2309 49.8289 49.427 49.0251 48.6233 48.2216 47.8199 47.4183 47.0168 46.6153 46.2139 45.8126 45.4113 45.0101 44.6089 44.2078 43.8068 43.4058 43.005 42.6042 42.2034 41.8027 41.4021 41.0016 40.6011 40.2007 39.8003 39.4001 38.9999 38.5998 38.1998 37.7998 37.4 37.0001 36.6004 36.2007 35.801 35.4014 35.0019 34.6025 34.2032 33.8039 33.4047 33.0056 32.6065 32.2075 31.8086 31.4097 31.0108 30.612 30.2132 29.8145 29.4159 29.0173 28.6188 28.2203 27.8219 27.4235 27.0252 26.627 26.2288 25.8307 25.4327 25.0347 24.6367 24.2388 23.8409 23.4431 23.0454 22.6476 22.25 21.8524 21.4548 21.0573 20.6598 20.2623 19.8649 19.4675 19.0702 18.6728 18.2755 17.8782 17.4809 17.0836 16.6864 16.2891 15.8918 15.4945 15.0972 14.6999 14.3026 13.9053 13.508 13.1108 12.7135 12.3162 11.9189 11.5216 11.1243 10.727 10.3297 9.93234 9.53502 9.1377 8.74038 8.34306 7.94575 7.54843 7.15111 6.75379 6.35647 5.95916 5.56187 5.1646 4.76733 4.37006 3.97279 3.57551 3.17822 2.78092 2.38361 1.9863 1.58901 1.19173 0.794476 0.397233 0. 
100. 99.5934 99.1869 98.7803 98.3738 97.9672 97.5607 97.1541 96.7476 96.3411 95.9346 95.5281 95.1216 94.7151 94.3086 93.9021 93.4957 93.0893 92.6829 92.2765 91.8701 91.4638 91.0574 90.6511 90.2449 89.8386 89.4324 89.0262 88.62 88.2139 87.8077 87.4016 86.9956 86.5896 86.1836 85.7776 85.3717 84.9659 84.56 84.1543 83.7486 83.3429 82.9373 82.5317 82.1261 81.7206 81.3152 80.9098 80.5045 80.0992 79.694 79.2889 78.8839 78.4789 78.074 77.6692 77.2644 76.8598 76.4551 76.0506 75.6461 75.2416 74.8372 74.4328 74.0285 73.6243 73.2201 72.8159 72.4118 72.0078 71.6038 71.1998 70.7958 70.3919 69.988 69.584 69.1801 68.7762 68.3724 67.9685 67.5647 67.1608 66.757 66.3532 65.9494 65.5456 65.1419 64.7382 64.3344 63.9308 63.5271 63.1235 62.7199 62.3163 61.9128 61.5093 61.1058 60.7024 60.299 59.8956 59.4923 59.0891 58.6858 58.2827 57.8796 57.4765 57.0735 56.6705 56.2676 55.8648 55.462 55.0592 54.6565 54.2539 53.8513 53.4488 53.0464 52.644 52.2416 51.8393 51.4371 51.035 50.6329 50.2309 49.8289 49.427 49.0251 48.6233 48.2216 47.8199 47.4183 47.0168 46.6153 46.2139 45.8125 45.4113 45.01 44.6089 44.2078 43.8068 43.4058 43.005 42.6042 42.2034 41.8027 41.4021 41.0015 40.601 40.2006 39.8003 39.4 38.9999 38.5998 38.1998 37.7998 37.3999 37.0001 36.6003 36.2006 35.801 35.4014 35.0019 34.6025 34.2031 33.8039 33.4047 33.0056 32.6065 32.2075 31.8085 31.4096 31.0108 30.612 30.2132 29.8145 29.4159 29.0173 28.6187 28.2203 27.8219 27.4235 27.0252 26.627 26.2288 25.8307 25.4326 25.0346 24.6367 24.2388 23.8409 23.4431 23.0453 22.6476 22.25 21.8524 21.4548 21.0573 20.6598 20.2623 19.8649 19.4675 19.0702 18.6728 18.2755 17.8782 17.4809 17.0836 16.6863 16.2891 15.8918 15.4945 15.0972 14.6999 14.3026 13.9053 13.5081 13.1108 12.7135 12.3162 11.9189 11.5216 11.1243 10.727 10.3297 9.93234 9.53502 9.1377 8.74038 8.34306 7.94574 7.54843 7.1511 6.75378 6.35646 5.95916 5.56187 5.16459 4.76733 4.37006 3.97279 3.57551 3.17822 2.78091 2.3836 1.9863 1.58901 1.19174 0.794478 0.397234 0. 
100. 99.5934 99.1869 98.7803 98.3738 97.9672 97.5607 97.1541 96.7476 96.3411 95.9346 95.528 95.1216 94.7151 94.3086 93.9021 93.4957 93.0893 92.6829 92.2765 91.8701 91.4637 91.0574 90.6511 90.2448 89.8386 89.4323 89.0261 88.62 88.2138 87.8077 87.4016 86.9956 86.5895 86.1835 85.7776 85.3717 84.9658 84.56 84.1543 83.7486 83.3429 82.9372 82.5316 82.1261 81.7206 81.3152 80.9098 80.5045 80.0992 79.694 79.2889 78.8838 78.4789 78.074 77.6691 77.2644 76.8597 76.4551 76.0506 75.6461 75.2416 74.8372 74.4328 74.0285 73.6243 73.2201 72.8159 72.4118 72.0078 71.6038 71.1998 70.7958 70.3919 69.9879 69.584 69.1801 68.7762 68.3724 67.9685 67.5646 67.1608 66.757 66.3532 65.9494 65.5456 65.1419 64.7381 64.3344 63.9307 63.5271 63.1234 62.7199 62.3163 61.9127 61.5092 61.1058 60.7023 60.2989 59.8956 59.4923 59.089 58.6858 58.2827 57.8795 57.4765 57.0735 56.6705 56.2676 55.8648 55.462 55.0592 54.6565 54.2539 53.8513 53.4488 53.0463 52.6439 52.2416 51.8393 51.4371 51.0349 50.6329 50.2308 49.8289 49.4269 49.0251 48.6233 48.2215 47.8199 47.4183 47.0167 46.6153 46.2139 45.8125 45.4112 45.01 44.6089 44.2078 43.8067 43.4058 43.0049 42.6041 42.2034 41.8027 41.4021 41.0015 40.601 40.2006 39.8003 39.4 38.9998 38.5998 38.1997 37.7998 37.3999 37.0001 36.6003 36.2006 35.8009 35.4014 35.0019 34.6024 34.2031 33.8038 33.4047 33.0055 32.6065 32.2075 31.8085 31.4096 31.0108 30.6119 30.2132 29.8145 29.4158 29.0172 28.6187 28.2203 27.8218 27.4235 27.0252 26.627 26.2288 25.8307 25.4326 25.0346 24.6367 24.2388 23.8409 23.4431 23.0453 22.6476 22.25 21.8523 21.4548 21.0572 20.6598 20.2623 19.8649 19.4675 19.0702 18.6728 18.2755 17.8782 17.4809 17.0836 16.6863 16.2891 15.8918 15.4945 15.0972 14.6999 14.3026 13.9053 13.5081 13.1108 12.7135 12.3162 11.9189 11.5216 11.1243 10.727 10.3296 9.93234 9.53502 9.1377 8.74038 8.34306 7.94575 7.54842 7.1511 6.75378 6.35646 5.95915 5.56186 5.16459 4.76732 4.37006 3.97279 3.57551 3.17822 2.78091 2.3836 1.9863 1.58901 1.19174 0.794479 0.397235 0. 
100. 99.5934 99.1869 98.7803 98.3738 97.9672 97.5607 97.1541 96.7476 96.3411 95.9345 95.528 95.1216 94.7151 94.3086 93.9021 93.4957 93.0893 92.6829 92.2765 91.8701 91.4637 91.0574 90.6511 90.2448 89.8386 89.4323 89.0261 88.62 88.2138 87.8077 87.4016 86.9955 86.5895 86.1835 85.7776 85.3717 84.9658 84.56 84.1543 83.7485 83.3429 82.9372 82.5316 82.1261 81.7206 81.3151 80.9098 80.5045 80.0992 79.694 79.2889 78.8838 78.4789 78.074 77.6691 77.2644 76.8597 76.4551 76.0505 75.646 75.2416 74.8372 74.4328 74.0285 73.6242 73.22 72.8159 72.4118 72.0078 71.6037 71.1998 70.7958 70.3919 69.9879 69.584 69.1801 68.7762 68.3724 67.9685 67.5646 67.1608 66.757 66.3532 65.9494 65.5456 65.1418 64.7381 64.3344 63.9307 63.5271 63.1234 62.7198 62.3163 61.9127 61.5092 61.1057 60.7023 60.2989 59.8956 59.4923 59.089 58.6858 58.2826 57.8795 57.4764 57.0734 56.6705 56.2676 55.8647 55.4619 55.0592 54.6565 54.2538 53.8513 53.4487 53.0463 52.6439 52.2416 51.8393 51.4371 51.0349 50.6328 50.2308 49.8288 49.4269 49.0251 48.6233 48.2215 47.8198 47.4182 47.0167 46.6152 46.2138 45.8125 45.4112 45.01 44.6088 44.2077 43.8067 43.4058 43.0049 42.6041 42.2033 41.8027 41.402 41.0015 40.601 40.2006 39.8002 39.4 38.9998 38.5997 38.1997 37.7998 37.3999 37. 36.6003 36.2005 35.8009 35.4013 35.0018 34.6024 34.2031 33.8038 33.4046 33.0055 32.6064 32.2074 31.8085 31.4096 31.0107 30.6119 30.2131 29.8144 29.4158 29.0172 28.6187 28.2202 27.8218 27.4235 27.0252 26.6269 26.2288 25.8306 25.4326 25.0346 24.6366 24.2387 23.8409 23.4431 23.0453 22.6476 22.2499 21.8523 21.4548 21.0572 20.6597 20.2623 19.8649 19.4675 19.0701 18.6728 18.2755 17.8782 17.4809 17.0836 16.6863 16.2891 15.8918 15.4945 15.0972 14.6999 14.3026 13.9053 13.5081 13.1108 12.7135 12.3162 11.9189 11.5216 11.1243 10.727 10.3296 9.93233 9.53502 9.1377 8.74039 8.34307 7.94575 7.54842 7.1511 6.75377 6.35645 5.95914 5.56186 5.16458 4.76732 4.37006 3.97279 3.57551 3.17821 2.78091 2.3836 1.9863 1.58901 1.19174 0.794478 0.397235 0. 
100. 99.5934 99.1869 98.7803 98.3738 97.9672 97.5607 97.1541 96.7476 96.3411 95.9345 95.528 95.1215 94.7151 94.3086 93.9021 93.4957 93.0892 92.6828 92.2764 91.8701 91.4637 91.0574 90.6511 90.2448 89.8385 89.4323 89.0261 88.6199 88.2138 87.8077 87.4016 86.9955 86.5895 86.1835 85.7775 85.3716 84.9658 84.56 84.1542 83.7485 83.3428 82.9372 82.5316 82.126 81.7205 81.3151 80.9097 80.5044 80.0992 79.694 79.2889 78.8838 78.4788 78.0739 77.6691 77.2644 76.8597 76.4551 76.0505 75.646 75.2416 74.8372 74.4328 74.0285 73.6242 73.22 72.8159 72.4118 72.0077 71.6037 71.1997 70.7958 70.3918 69.9879 69.584 69.1801 68.7762 68.3723 67.9685 67.5646 67.1608 66.757 66.3531 65.9494 65.5456 65.1418 64.7381 64.3344 63.9307 63.527 63.1234 62.7198 62.3162 61.9127 61.5092 61.1057 60.7023 60.2989 59.8956 59.4923 59.089 58.6858 58.2826 57.8795 57.4764 57.0734 56.6705 56.2676 55.8647 55.4619 55.0592 54.6565 54.2538 53.8512 53.4487 53.0463 52.6439 52.2416 51.8393 51.4371 51.0349 50.6328 50.2308 49.8288 49.4269 49.025 48.6232 48.2215 47.8198 47.4182 47.0167 46.6152 46.2138 45.8124 45.4112 45.0099 44.6088 44.2077 43.8067 43.4057 43.0049 42.604 42.2033 41.8026 41.402 41.0014 40.6009 40.2005 39.8002 39.3999 38.9998 38.5997 38.1997 37.7997 37.3998 37. 36.6002 36.2005 35.8008 35.4013 35.0018 34.6024 34.203 33.8038 33.4046 33.0055 32.6064 32.2074 31.8085 31.4096 31.0107 30.6119 30.2131 29.8144 29.4158 29.0172 28.6187 28.2202 27.8218 27.4234 27.0251 26.6269 26.2287 25.8306 25.4326 25.0346 24.6366 24.2387 23.8409 23.443 23.0453 22.6476 22.2499 21.8523 21.4547 21.0572 20.6597 20.2623 19.8649 19.4675 19.0701 18.6728 18.2755 17.8782 17.4809 17.0836 16.6863 16.2891 15.8918 15.4945 15.0972 14.6999 14.3026 13.9053 13.5081 13.1108 12.7135 12.3162 11.9189 11.5216 11.1242 10.7269 10.3296 9.93233 9.53502 9.1377 8.74039 8.34307 7.94574 7.54842 7.15109 6.75376 6.35644 5.95914 5.56185 5.16458 4.76732 4.37006 3.97279 3.57551 3.17821 2.7809 2.38359 1.98629 1.589 1.19173 0.794475 0.397234 0. 
100. 99.5934 99.1869 98.7803 98.3737 97.9672 97.5606 97.1541 96.7476 96.341 95.9345 95.528 95.1215 94.715 94.3086 93.9021 93.4957 93.0892 92.6828 92.2764 91.87 91.4637 91.0574 90.6511 90.2448 89.8385 89.4323 89.0261 88.6199 88.2138 87.8077 87.4016 86.9955 86.5895 86.1835 85.7775 85.3716 84.9657 84.56 84.1542 83.7485 83.3428 82.9372 82.5316 82.126 81.7205 81.3151 80.9097 80.5044 80.0991 79.694 79.2888 78.8838 78.4788 78.0739 77.6691 77.2643 76.8597 76.4551 76.0505 75.646 75.2415 74.8371 74.4328 74.0285 73.6242 73.22 72.8159 72.4118 72.0077 71.6037 71.1997 70.7958 70.3918 69.9879 69.584 69.1801 68.7762 68.3723 67.9685 67.5646 67.1608 66.7569 66.3531 65.9493 65.5456 65.1418 64.7381 64.3344 63.9307 63.527 63.1234 62.7198 62.3162 61.9127 61.5092 61.1057 60.7023 60.2989 59.8955 59.4922 59.089 58.6857 58.2826 57.8794 57.4764 57.0734 56.6704 56.2675 55.8647 55.4619 55.0591 54.6565 54.2538 53.8512 53.4487 53.0462 52.6438 52.2415 51.8392 51.437 51.0349 50.6328 50.2307 49.8288 49.4269 49.025 48.6232 48.2215 47.8198 47.4182 47.0166 46.6152 46.2138 45.8124 45.4111 45.0099 44.6088 44.2077 43.8066 43.4057 43.0048 42.604 42.2033 41.8026 41.402 41.0014 40.6009 40.2005 39.8001 39.3999 38.9997 38.5996 38.1996 37.7997 37.3998 36.9999 36.6002 36.2005 35.8008 35.4012 35.0017 34.6023 34.203 33.8037 33.4046 33.0054 32.6064 32.2074 31.8084 31.4095 31.0106 30.6118 30.2131 29.8144 29.4157 29.0172 28.6186 28.2202 27.8218 27.4234 27.0251 26.6269 26.2287 25.8306 25.4325 25.0345 24.6366 24.2387 23.8408 23.443 23.0453 22.6476 22.2499 21.8523 21.4547 21.0572 20.6597 20.2623 19.8649 19.4675 19.0701 18.6728 18.2755 17.8782 17.4809 17.0836 16.6863 16.2891 15.8918 15.4945 15.0972 14.6999 14.3026 13.9054 13.5081 13.1108 12.7135 12.3162 11.9189 11.5215 11.1242 10.7269 10.3296 9.93232 9.53502 9.1377 8.74039 8.34307 7.94574 7.54842 7.15109 6.75376 6.35643 5.95913 5.56184 5.16457 4.76731 4.37006 3.97279 3.57551 3.17821 2.7809 2.38359 1.98629 1.589 1.19173 0.794474 0.397234 0. 
100. 99.5934 99.1869 98.7803 98.3737 97.9672 97.5606 97.1541 96.7476 96.341 95.9345 95.528 95.1215 94.715 94.3086 93.9021 93.4956 93.0892 92.6828 92.2764 91.87 91.4637 91.0573 90.651 90.2448 89.8385 89.4323 89.0261 88.6199 88.2138 87.8076 87.4015 86.9955 86.5894 86.1834 85.7775 85.3716 84.9657 84.5599 84.1542 83.7485 83.3428 82.9371 82.5315 82.126 81.7205 81.315 80.9097 80.5044 80.0991 79.6939 79.2888 78.8838 78.4788 78.0739 77.669 77.2643 76.8596 76.455 76.0505 75.646 75.2415 74.8371 74.4328 74.0284 73.6242 73.22 72.8159 72.4118 72.0077 71.6037 71.1997 70.7958 70.3918 69.9879 69.584 69.1801 68.7762 68.3723 67.9684 67.5646 67.1608 66.7569 66.3531 65.9493 65.5455 65.1418 64.738 64.3343 63.9306 63.527 63.1234 62.7198 62.3162 61.9126 61.5091 61.1056 60.7022 60.2988 59.8955 59.4922 59.0889 58.6857 58.2825 57.8794 57.4763 57.0733 56.6704 56.2675 55.8646 55.4618 55.0591 54.6564 54.2538 53.8512 53.4487 53.0462 52.6438 52.2415 51.8392 51.437 51.0348 50.6327 50.2307 49.8287 49.4268 49.025 48.6232 48.2214 47.8197 47.4181 47.0166 46.6151 46.2137 45.8124 45.4111 45.0099 44.6087 44.2076 43.8066 43.4056 43.0048 42.604 42.2032 41.8025 41.4019 41.0014 40.6009 40.2004 39.8001 39.3999 38.9997 38.5996 38.1996 37.7996 37.3997 36.9999 36.6001 36.2004 35.8008 35.4012 35.0017 34.6023 34.2029 33.8037 33.4045 33.0054 32.6063 32.2073 31.8084 31.4095 31.0106 30.6118 30.213 29.8143 29.4157 29.0171 28.6186 28.2201 27.8217 27.4234 27.0251 26.6268 26.2287 25.8306 25.4325 25.0345 24.6366 24.2387 23.8408 23.443 23.0452 22.6475 22.2499 21.8523 21.4547 21.0572 20.6597 20.2623 19.8648 19.4675 19.0701 18.6728 18.2755 17.8782 17.4809 17.0836 16.6863 16.2891 15.8918 15.4945 15.0972 14.6999 14.3026 13.9054 13.5081 13.1108 12.7134 12.3161 11.9188 11.5215 11.1242 10.7269 10.3296 9.93232 9.53501 9.1377 8.74039 8.34307 7.94575 7.54842 7.15108 6.75375 6.35642 5.95912 5.56183 5.16457 4.76731 4.37006 3.97279 3.57551 3.17821 2.7809 2.38359 1.98628 1.58899 1.19172 0.794471 0.397233 0. 
100. 99.5934 99.1869 98.7803 98.3737 97.9672 97.5606 97.1541 96.7476 96.341 95.9345 95.528 95.1215 94.715 94.3086 93.9021 93.4956 93.0892 92.6828 92.2764 91.87 91.4637 91.0573 90.651 90.2447 89.8385 89.4322 89.026 88.6199 88.2137 87.8076 87.4015 86.9955 86.5894 86.1834 85.7775 85.3716 84.9657 84.5599 84.1542 83.7485 83.3428 82.9371 82.5315 82.126 81.7205 81.315 80.9097 80.5043 80.0991 79.6939 79.2888 78.8837 78.4788 78.0739 77.669 77.2643 76.8596 76.455 76.0505 75.646 75.2415 74.8371 74.4328 74.0284 73.6242 73.22 72.8159 72.4118 72.0077 71.6037 71.1997 70.7958 70.3918 69.9879 69.584 69.1801 68.7762 68.3723 67.9684 67.5646 67.1607 66.7569 66.3531 65.9493 65.5455 65.1418 64.738 64.3343 63.9306 63.527 63.1233 62.7197 62.3162 61.9126 61.5091 61.1056 60.7022 60.2988 59.8955 59.4922 59.0889 58.6857 58.2825 57.8794 57.4763 57.0733 56.6704 56.2675 55.8646 55.4618 55.0591 54.6564 54.2537 53.8511 53.4486 53.0462 52.6438 52.2415 51.8392 51.437 51.0348 50.6327 50.2307 49.8287 49.4268 49.0249 48.6231 48.2214 47.8197 47.4181 47.0166 46.6151 46.2137 45.8124 45.4111 45.0099 44.6087 44.2076 43.8066 43.4056 43.0047 42.6039 42.2032 41.8025 41.4019 41.0013 40.6008 40.2004 39.8001 39.3998 38.9997 38.5996 38.1996 37.7996 37.3997 36.9999 36.6001 36.2004 35.8007 35.4012 35.0017 34.6023 34.2029 33.8037 33.4045 33.0054 32.6063 32.2073 31.8084 31.4094 31.0106 30.6118 30.213 29.8143 29.4157 29.0171 28.6186 28.2201 27.8217 27.4233 27.025 26.6268 26.2286 25.8305 25.4325 25.0345 24.6366 24.2387 23.8408 23.443 23.0452 22.6475 22.2499 21.8523 21.4547 21.0572 20.6597 20.2622 19.8648 19.4675 19.0701 18.6728 18.2755 17.8782 17.4809 17.0836 16.6863 16.289 15.8918 15.4945 15.0972 14.6999 14.3026 13.9054 13.5081 13.1108 12.7134 12.3161 11.9188 11.5215 11.1242 10.7269 10.3296 9.93231 9.53501 9.1377 8.74039 8.34307 7.94575 7.54842 7.15108 6.75375 6.35642 5.95911 5.56183 5.16456 4.76731 4.37005 3.97279 3.57551 3.17821 2.7809 2.38359 1.98628 1.58899 1.19172 0.794467 0.39723 0. 
100. 99.5934 99.1869 98.7803 98.3737 97.9672 97.5606 97.1541 96.7476 96.341 95.9345 95.528 95.1215 94.715 94.3085 93.9021 93.4956 93.0892 92.6828 92.2764 91.87 91.4637 91.0573 90.651 90.2447 89.8385 89.4322 89.026 88.6199 88.2137 87.8076 87.4015 86.9955 86.5894 86.1834 85.7775 85.3716 84.9657 84.5599 84.1542 83.7484 83.3427 82.9371 82.5315 82.1259 81.7205 81.315 80.9097 80.5044 80.0991 79.6939 79.2888 78.8837 78.4788 78.0739 77.669 77.2643 76.8596 76.455 76.0505 75.646 75.2415 74.8371 74.4328 74.0284 73.6242 73.22 72.8159 72.4118 72.0077 71.6037 71.1997 70.7958 70.3918 69.9879 69.584 69.18 68.7762 68.3723 67.9684 67.5646 67.1607 66.7569 66.3531 65.9493 65.5455 65.1418 64.738 64.3343 63.9306 63.527 63.1233 62.7197 62.3162 61.9126 61.5091 61.1056 60.7022 60.2988 59.8955 59.4922 59.0889 58.6857 58.2825 57.8794 57.4763 57.0733 56.6704 56.2675 55.8646 55.4618 55.059 54.6564 54.2537 53.8512 53.4487 53.0462 52.6438 52.2415 51.8392 51.437 51.0348 50.6327 50.2307 49.8287 49.4268 49.0249 48.6231 48.2214 47.8197 47.4181 47.0166 46.6151 46.2137 45.8123 45.411 45.0098 44.6087 44.2076 43.8066 43.4056 43.0048 42.6039 42.2032 41.8025 41.4019 41.0013 40.6008 40.2004 39.8001 39.3998 38.9997 38.5996 38.1996 37.7996 37.3997 36.9999 36.6001 36.2004 35.8007 35.4011 35.0017 34.6022 34.2029 33.8037 33.4045 33.0054 32.6063 32.2073 31.8083 31.4094 31.0106 30.6117 30.213 29.8143 29.4157 29.0171 28.6186 28.2201 27.8217 27.4233 27.025 26.6268 26.2286 25.8305 25.4325 25.0345 24.6365 24.2386 23.8408 23.443 23.0452 22.6475 22.2499 21.8523 21.4547 21.0572 20.6597 20.2622 19.8648 19.4675 19.0701 18.6728 18.2755 17.8782 17.4809 17.0836 16.6863 16.289 15.8918 15.4945 15.0972 14.6999 14.3026 13.9053 13.508 13.1107 12.7134 12.3161 11.9188 11.5215 11.1242 10.7269 10.3296 9.9323 9.535 9.13769 8.74038 8.34307 7.94574 7.54841 7.15108 6.75374 6.35642 5.95911 5.56183 5.16456 4.7673 4.37004 3.97278 3.5755 3.1782 2.7809 2.38359 1.98629 1.589 1.19172 0.794471 0.397232 0. 
100. 99.5934 99.1869 98.7803 98.3737 97.9672 97.5606 97.1541 96.7476 96.341 95.9345 95.528 95.1215 94.715 94.3085 93.9021 93.4956 93.0892 92.6828 92.2764 91.87 91.4637 91.0573 90.651 90.2447 89.8385 89.4322 89.026 88.6199 88.2137 87.8076 87.4015 86.9954 86.5894 86.1834 85.7775 85.3715 84.9657 84.5599 84.1541 83.7484 83.3427 82.9371 82.5315 82.1259 81.7204 81.315 80.9097 80.5044 80.0991 79.6939 79.2888 78.8837 78.4788 78.0739 77.6691 77.2643 76.8596 76.455 76.0505 75.646 75.2415 74.8371 74.4328 74.0284 73.6242 73.22 72.8159 72.4118 72.0077 71.6037 71.1997 70.7957 70.3918 69.9879 69.5839 69.18 68.7762 68.3723 67.9684 67.5646 67.1607 66.7569 66.3531 65.9493 65.5455 65.1417 64.738 64.3343 63.9306 63.527 63.1233 62.7197 62.3161 61.9126 61.5091 61.1056 60.7022 60.2988 59.8955 59.4922 59.0889 58.6857 58.2825 57.8794 57.4763 57.0733 56.6704 56.2675 55.8646 55.4618 55.059 54.6564 54.2537 53.8512 53.4486 53.0462 52.6438 52.2415 51.8392 51.4369 51.0348 50.6327 50.2307 49.8287 49.4268 49.0249 48.6231 48.2214 47.8197 47.4181 47.0166 46.6151 46.2137 45.8123 45.411 45.0098 44.6087 44.2076 43.8066 43.4056 43.0047 42.6039 42.2032 41.8025 41.4019 41.0013 40.6008 40.2004 39.8001 39.3998 38.9996 38.5996 38.1995 37.7996 37.3997 36.9998 36.6001 36.2003 35.8007 35.4011 35.0016 34.6022 34.2029 33.8036 33.4045 33.0053 32.6063 32.2073 31.8083 31.4094 31.0105 30.6117 30.213 29.8143 29.4157 29.0171 28.6186 28.2201 27.8217 27.4233 27.025 26.6268 26.2286 25.8305 25.4325 25.0345 24.6365 24.2386 23.8408 23.443 23.0452 22.6475 22.2499 21.8523 21.4547 21.0572 20.6597 20.2622 19.8648 19.4675 19.0701 18.6728 18.2755 17.8782 17.4809 17.0836 16.6863 16.289 15.8918 15.4945 15.0972 14.6999 14.3026 13.9053 13.508 13.1107 12.7134 12.3161 11.9188 11.5215 11.1242 10.7269 10.3296 9.9323 9.53499 9.13769 8.74038 8.34306 7.94574 7.54841 7.15107 6.75374 6.35642 5.95911 5.56183 5.16456 4.7673 4.37004 3.97277 3.57549 3.1782 2.7809 2.38359 1.98629 1.589 1.19173 0.794474 0.397234 0. 
100. 99.5934 99.1869 98.7803 98.3737 97.9672 97.5606 97.1541 96.7476 96.341 95.9345 95.528 95.1215 94.715 94.3085 93.9021 93.4956 93.0892 92.6828 92.2764 91.87 91.4636 91.0573 90.651 90.2447 89.8385 89.4322 89.026 88.6198 88.2137 87.8076 87.4015 86.9954 86.5894 86.1834 85.7774 85.3715 84.9657 84.5599 84.1541 83.7484 83.3427 82.9371 82.5315 82.1259 81.7204 81.315 80.9096 80.5043 80.0991 79.6939 79.2888 78.8838 78.4788 78.0739 77.6691 77.2643 76.8596 76.455 76.0505 75.646 75.2415 74.8371 74.4328 74.0285 73.6242 73.22 72.8159 72.4118 72.0077 71.6037 71.1997 70.7957 70.3918 69.9879 69.5839 69.18 68.7761 68.3723 67.9684 67.5645 67.1607 66.7569 66.3531 65.9493 65.5455 65.1417 64.738 64.3343 63.9306 63.5269 63.1233 62.7197 62.3161 61.9126 61.5091 61.1056 60.7022 60.2988 59.8955 59.4921 59.0889 58.6857 58.2825 57.8794 57.4763 57.0733 56.6703 56.2675 55.8646 55.4618 55.059 54.6563 54.2537 53.8511 53.4486 53.0462 52.6438 52.2414 51.8392 51.4369 51.0348 50.6327 50.2306 49.8287 49.4268 49.0249 48.6231 48.2214 47.8197 47.4181 47.0166 46.6151 46.2137 45.8123 45.4111 45.0098 44.6087 44.2076 43.8065 43.4056 43.0047 42.6039 42.2032 41.8025 41.4018 41.0013 40.6008 40.2004 39.8 39.3998 38.9996 38.5995 38.1995 37.7996 37.3997 36.9998 36.6 36.2003 35.8007 35.4011 35.0016 34.6022 34.2029 33.8036 33.4045 33.0053 32.6063 32.2073 31.8083 31.4094 31.0105 30.6117 30.213 29.8143 29.4156 29.0171 28.6185 28.2201 27.8217 27.4233 27.025 26.6268 26.2286 25.8305 25.4325 25.0345 24.6365 24.2386 23.8408 23.443 23.0452 22.6475 22.2499 21.8523 21.4547 21.0572 20.6597 20.2622 19.8648 19.4675 19.0701 18.6728 18.2755 17.8782 17.4809 17.0836 16.6863 16.289 15.8918 15.4945 15.0972 14.6999 14.3026 13.9053 13.508 13.1107 12.7134 12.3161 11.9188 11.5215 11.1242 10.7269 10.3296 9.93229 9.53499 9.13768 8.74038 8.34306 7.94574 7.54841 7.15107 6.75374 6.35642 5.95911 5.56182 5.16455 4.76729 4.37003 3.97276 3.57549 3.1782 2.7809 2.38359 1.98629 1.589 1.19173 0.794476 0.397235 0. 
100. 99.5934 99.1869 98.7803 98.3737 97.9672 97.5606 97.1541 96.7476 96.341 95.9345 95.528 95.1215 94.715 94.3085 93.9021 93.4956 93.0892 92.6828 92.2764 91.87 91.4636 91.0573 90.651 90.2447 89.8384 89.4322 89.026 88.6198 88.2137 87.8076 87.4015 86.9954 86.5894 86.1834 85.7774 85.3715 84.9657 84.5599 84.1541 83.7484 83.3427 82.9371 82.5315 82.1259 81.7204 81.315 80.9096 80.5043 80.0991 79.6939 79.2888 78.8837 78.4788 78.0739 77.669 77.2643 76.8596 76.455 76.0505 75.646 75.2415 74.8371 74.4328 74.0284 73.6242 73.22 72.8159 72.4118 72.0077 71.6037 71.1997 70.7957 70.3918 69.9879 69.5839 69.18 68.7761 68.3723 67.9684 67.5645 67.1607 66.7569 66.3531 65.9493 65.5455 65.1417 64.738 64.3343 63.9306 63.5269 63.1233 62.7197 62.3161 61.9126 61.5091 61.1056 60.7022 60.2988 59.8954 59.4921 59.0889 58.6856 58.2825 57.8794 57.4763 57.0733 56.6703 56.2674 55.8646 55.4618 55.059 54.6563 54.2537 53.8511 53.4486 53.0462 52.6438 52.2414 51.8391 51.4369 51.0347 50.6327 50.2306 49.8287 49.4268 49.0249 48.6231 48.2214 47.8197 47.4181 47.0165 46.6151 46.2137 45.8123 45.411 45.0098 44.6087 44.2076 43.8065 43.4056 43.0047 42.6039 42.2031 41.8025 41.4018 41.0013 40.6008 40.2004 39.8 39.3998 38.9996 38.5995 38.1995 37.7995 37.3996 36.9998 36.6 36.2003 35.8007 35.4011 35.0016 34.6022 34.2029 33.8036 33.4044 33.0053 32.6063 32.2072 31.8083 31.4094 31.0105 30.6117 30.2129 29.8142 29.4156 29.017 28.6185 28.2201 27.8216 27.4233 27.025 26.6268 26.2286 25.8305 25.4325 25.0345 24.6365 24.2386 23.8408 23.443 23.0452 22.6475 22.2499 21.8523 21.4547 21.0572 20.6597 20.2622 19.8648 19.4674 19.0701 18.6728 18.2755 17.8782 17.4809 17.0836 16.6863 16.289 15.8918 15.4945 15.0972 14.6999 14.3026 13.9053 13.508 13.1107 12.7134 12.3161 11.9188 11.5215 11.1242 10.7269 10.3296 9.93228 9.53498 9.13768 8.74037 8.34305 7.94573 7.5484 7.15107 6.75374 6.35641 5.95911 5.56182 5.16455 4.76728 4.37002 3.97275 3.57548 3.17819 2.7809 2.3836 1.9863 1.58901 1.19173 0.794476 0.397234 0. 
100. 99.5934 99.1869 98.7803 98.3737 97.9672 97.5606 97.1541 96.7476 96.341 95.9345 95.528 95.1215 94.715 94.3085 93.9021 93.4956 93.0892 92.6828 92.2764 91.87 91.4636 91.0573 90.651 90.2447 89.8384 89.4322 89.026 88.6198 88.2137 87.8076 87.4015 86.9954 86.5894 86.1834 85.7774 85.3715 84.9657 84.5598 84.1541 83.7484 83.3427 82.9371 82.5315 82.1259 81.7204 81.315 80.9096 80.5043 80.0991 79.6939 79.2888 78.8837 78.4788 78.0739 77.669 77.2643 76.8596 76.455 76.0505 75.646 75.2415 74.8371 74.4328 74.0284 73.6242 73.22 72.8159 72.4118 72.0077 71.6037 71.1997 70.7957 70.3918 69.9878 69.5839 69.18 68.7761 68.3723 67.9684 67.5645 67.1607 66.7569 66.353 65.9492 65.5455 65.1417 64.738 64.3343 63.9306 63.5269 63.1233 62.7197 62.3161 61.9125 61.509 61.1056 60.7021 60.2988 59.8954 59.4921 59.0889 58.6856 58.2825 57.8794 57.4763 57.0733 56.6703 56.2674 55.8645 55.4617 55.059 54.6563 54.2537 53.8511 53.4486 53.0462 52.6438 52.2414 51.8391 51.4369 51.0347 50.6326 50.2306 49.8287 49.4268 49.0249 48.6231 48.2214 47.8197 47.4181 47.0165 46.615 46.2136 45.8123 45.411 45.0098 44.6086 44.2076 43.8065 43.4056 43.0047 42.6039 42.2031 41.8024 41.4018 41.0012 40.6008 40.2004 39.8 39.3998 38.9996 38.5995 38.1995 37.7995 37.3996 36.9998 36.6 36.2003 35.8006 35.4011 35.0016 34.6022 34.2028 33.8036 33.4044 33.0053 32.6062 32.2072 31.8083 31.4093 31.0105 30.6117 30.2129 29.8142 29.4156 29.017 28.6185 28.22 27.8216 27.4233 27.025 26.6268 26.2286 25.8305 25.4324 25.0345 24.6365 24.2386 23.8408 23.443 23.0452 22.6475 22.2499 21.8523 21.4547 21.0572 20.6597 20.2622 19.8648 19.4674 19.0701 18.6728 18.2755 17.8782 17.4809 17.0836 16.6863 16.289 15.8918 15.4945 15.0972 14.6999 14.3026 13.9053 13.508 13.1107 12.7134 12.3161 11.9188 11.5215 11.1242 10.7269 10.3296 9.93228 9.53498 9.13767 8.74036 8.34304 7.94572 7.5484 7.15106 6.75373 6.35641 5.95911 5.56182 5.16454 4.76728 4.37001 3.97275 3.57547 3.17819 2.7809 2.3836 1.9863 1.58901 1.19173 0.794478 0.397235 0. 
100. 99.5934 99.1869 98.7803 98.3737 97.9672 97.5606 97.1541 96.7475 96.341 95.9345 95.528 95.1215 94.715 94.3085 93.902 93.4956 93.0892 92.6827 92.2763 91.87 91.4636 91.0573 90.651 90.2447 89.8384 89.4322 89.026 88.6198 88.2137 87.8075 87.4014 86.9954 86.5893 86.1834 85.7774 85.3715 84.9656 84.5598 84.1541 83.7484 83.3427 82.937 82.5314 82.1259 81.7204 81.315 80.9096 80.5043 80.0991 79.6939 79.2888 78.8837 78.4788 78.0739 77.669 77.2643 76.8596 76.455 76.0505 75.646 75.2415 74.8371 74.4328 74.0284 73.6242 73.22 72.8159 72.4118 72.0077 71.6037 71.1997 70.7957 70.3918 69.9878 69.5839 69.18 68.7761 68.3722 67.9684 67.5645 67.1607 66.7568 66.353 65.9492 65.5454 65.1417 64.738 64.3342 63.9305 63.5269 63.1232 62.7196 62.3161 61.9125 61.509 61.1056 60.7021 60.2987 59.8954 59.4921 59.0888 58.6856 58.2824 57.8793 57.4762 57.0732 56.6703 56.2674 55.8645 55.4617 55.059 54.6563 54.2537 53.8511 53.4486 53.0461 52.6437 52.2414 51.8391 51.4369 51.0347 50.6326 50.2306 49.8286 49.4267 49.0249 48.6231 48.2213 47.8197 47.418 47.0165 46.615 46.2136 45.8123 45.411 45.0098 44.6086 44.2075 43.8065 43.4055 43.0047 42.6038 42.2031 41.8024 41.4018 41.0012 40.6007 40.2003 39.8 39.3997 38.9996 38.5995 38.1994 37.7995 37.3996 36.9997 36.6 36.2002 35.8006 35.401 35.0015 34.6021 34.2028 33.8036 33.4044 33.0053 32.6062 32.2072 31.8082 31.4093 31.0104 30.6116 30.2129 29.8142 29.4156 29.017 28.6185 28.22 27.8216 27.4233 27.025 26.6268 26.2286 25.8305 25.4324 25.0344 24.6365 24.2386 23.8407 23.4429 23.0452 22.6475 22.2499 21.8523 21.4547 21.0572 20.6597 20.2622 19.8648 19.4674 19.0701 18.6728 18.2755 17.8782 17.4809 17.0836 16.6863 16.289 15.8918 15.4945 15.0972 14.6999 14.3026 13.9053 13.508 13.1107 12.7134 12.3161 11.9188 11.5215 11.1242 10.7269 10.3296 9.93228 9.53497 9.13767 8.74035 8.34304 7.94571 7.54839 7.15106 6.75373 6.35641 5.9591 5.56181 5.16453 4.76727 4.37 3.97274 3.57547 3.17819 2.7809 2.3836 1.9863 1.58901 1.19174 0.794479 0.397235 0. 
100. 99.5934 99.1869 98.7803 98.3737 97.9672 97.5606 97.1541 96.7475 96.341 95.9345 95.528 95.1215 94.715 94.3085 93.902 93.4956 93.0891 92.6827 92.2763 91.87 91.4636 91.0573 90.651 90.2447 89.8384 89.4322 89.0259 88.6198 88.2136 87.8075 87.4014 86.9954 86.5893 86.1833 85.7774 85.3715 84.9656 84.5598 84.1541 83.7483 83.3427 82.937 82.5314 82.1259 81.7204 81.315 80.9096 80.5043 80.0991 79.6939 79.2888 78.8837 78.4787 78.0738 77.669 77.2643 76.8596 76.455 76.0505 75.646 75.2415 74.8371 74.4327 74.0284 73.6242 73.22 72.8158 72.4117 72.0077 71.6037 71.1997 70.7957 70.3918 69.9878 69.5839 69.18 68.7761 68.3722 67.9684 67.5645 67.1607 66.7568 66.353 65.9492 65.5454 65.1417 64.7379 64.3342 63.9305 63.5269 63.1232 62.7196 62.3161 61.9125 61.509 61.1055 60.7021 60.2987 59.8954 59.4921 59.0888 58.6856 58.2824 57.8793 57.4762 57.0732 56.6703 56.2674 55.8645 55.4617 55.059 54.6563 54.2536 53.8511 53.4486 53.0461 52.6437 52.2414 51.8391 51.4369 51.0347 50.6326 50.2306 49.8286 49.4267 49.0249 48.6231 48.2213 47.8196 47.418 47.0165 46.615 46.2136 45.8122 45.411 45.0097 44.6086 44.2075 43.8065 43.4055 43.0046 42.6038 42.2031 41.8024 41.4017 41.0012 40.6007 40.2003 39.8 39.3997 38.9995 38.5994 38.1994 37.7994 37.3995 36.9997 36.5999 36.2002 35.8006 35.401 35.0015 34.6021 34.2028 33.8035 33.4044 33.0052 32.6062 32.2072 31.8082 31.4093 31.0104 30.6116 30.2128 29.8142 29.4155 29.017 28.6185 28.22 27.8216 27.4232 27.025 26.6267 26.2286 25.8305 25.4324 25.0344 24.6365 24.2386 23.8407 23.4429 23.0452 22.6475 22.2499 21.8522 21.4547 21.0572 20.6597 20.2622 19.8648 19.4674 19.0701 18.6728 18.2755 17.8782 17.4809 17.0836 16.6863 16.289 15.8918 15.4945 15.0972 14.6999 14.3026 13.9053 13.508 13.1107 12.7134 12.3161 11.9188 11.5215 11.1242 10.7269 10.3296 9.93227 9.53497 9.13766 8.74034 8.34302 7.9457 7.54838 7.15106 6.75373 6.35641 5.9591 5.56181 5.16453 4.76726 4.37 3.97273 3.57546 3.17818 2.78089 2.38359 1.9863 1.58901 1.19174 0.794479 0.397235 0. 
100. 99.5934 99.1869 98.7803 98.3737 97.9672 97.5606 97.1541 96.7475 96.341 95.9345 95.528 95.1215 94.715 94.3085 93.902 93.4956 93.0891 92.6827 92.2763 91.8699 91.4636 91.0572 90.6509 90.2446 89.8384 89.4321 89.0259 88.6198 88.2136 87.8075 87.4014 86.9954 86.5893 86.1833 85.7774 85.3714 84.9656 84.5598 84.154 83.7483 83.3427 82.937 82.5314 82.1259 81.7204 81.315 80.9096 80.5043 80.099 79.6939 79.2887 78.8837 78.4787 78.0738 77.669 77.2643 76.8596 76.455 76.0504 75.6459 75.2415 74.8371 74.4327 74.0284 73.6242 73.22 72.8158 72.4117 72.0077 71.6037 71.1997 70.7957 70.3917 69.9878 69.5839 69.18 68.7761 68.3722 67.9683 67.5645 67.1606 66.7568 66.353 65.9492 65.5454 65.1417 64.7379 64.3342 63.9305 63.5268 63.1232 62.7196 62.316 61.9125 61.509 61.1055 60.7021 60.2987 59.8953 59.492 59.0888 58.6856 58.2824 57.8793 57.4762 57.0732 56.6702 56.2673 55.8645 55.4617 55.0589 54.6563 54.2536 53.8511 53.4486 53.0461 52.6437 52.2414 51.8391 51.4368 51.0347 50.6326 50.2305 49.8286 49.4267 49.0248 48.623 48.2213 47.8196 47.418 47.0164 46.615 46.2136 45.8122 45.4109 45.0097 44.6086 44.2075 43.8064 43.4055 43.0046 42.6038 42.203 41.8023 41.4017 41.0012 40.6007 40.2003 39.7999 39.3997 38.9995 38.5994 38.1994 37.7994 37.3995 36.9997 36.5999 36.2002 35.8005 35.401 35.0015 34.6021 34.2027 33.8035 33.4043 33.0052 32.6061 32.2071 31.8082 31.4092 31.0104 30.6116 30.2128 29.8141 29.4155 29.0169 28.6184 28.22 27.8216 27.4232 27.0249 26.6267 26.2285 25.8304 25.4324 25.0344 24.6364 24.2385 23.8407 23.4429 23.0452 22.6475 22.2498 21.8522 21.4547 21.0571 20.6597 20.2622 19.8648 19.4674 19.0701 18.6728 18.2755 17.8782 17.4809 17.0836 16.6863 16.289 15.8918 15.4945 15.0972 14.6999 14.3026 13.9053 13.508 13.1107 12.7134 12.3161 11.9188 11.5215 11.1242 10.7269 10.3296 9.93227 9.53496 9.13765 8.74033 8.34301 7.9457 7.54838 7.15105 6.75373 6.35641 5.9591 5.5618 5.16452 4.76725 4.36999 3.97273 3.57546 3.17818 2.78089 2.38359 1.9863 1.58901 1.19174 0.794479 0.397235 0. 
100. 99.5934 99.1869 98.7803 98.3737 97.9672 97.5606 97.1541 96.7475 96.341 95.9345 95.5279 95.1214 94.715 94.3085 93.902 93.4956 93.0891 92.6827 92.2763 91.8699 91.4636 91.0572 90.6509 90.2446 89.8384 89.4321 89.0259 88.6197 88.2136 87.8075 87.4014 86.9953 86.5893 86.1833 85.7773 85.3714 84.9656 84.5598 84.154 83.7483 83.3426 82.937 82.5314 82.1258 81.7204 81.3149 80.9096 80.5043 80.099 79.6939 79.2887 78.8837 78.4787 78.0738 77.669 77.2643 76.8596 76.455 76.0504 75.6459 75.2415 74.8371 74.4327 74.0284 73.6242 73.22 72.8158 72.4117 72.0077 71.6036 71.1996 70.7957 70.3917 69.9878 69.5839 69.18 68.7761 68.3722 67.9683 67.5645 67.1606 66.7568 66.353 65.9492 65.5454 65.1416 64.7379 64.3342 63.9305 63.5268 63.1232 62.7196 62.316 61.9125 61.509 61.1055 60.7021 60.2987 59.8953 59.492 59.0887 58.6855 58.2824 57.8792 57.4762 57.0732 56.6702 56.2673 55.8645 55.4617 55.0589 54.6562 54.2536 53.851 53.4485 53.0461 52.6437 52.2413 51.839 51.4368 51.0346 50.6325 50.2305 49.8285 49.4266 49.0248 48.623 48.2213 47.8196 47.418 47.0164 46.6149 46.2135 45.8122 45.4109 45.0097 44.6085 44.2074 43.8064 43.4054 43.0046 42.6038 42.203 41.8023 41.4017 41.0011 40.6006 40.2002 39.7999 39.3996 38.9995 38.5994 38.1993 37.7994 37.3995 36.9996 36.5999 36.2001 35.8005 35.4009 35.0014 34.602 34.2027 33.8035 33.4043 33.0052 32.6061 32.2071 31.8081 31.4092 31.0103 30.6115 30.2128 29.8141 29.4155 29.0169 28.6184 28.2199 27.8215 27.4232 27.0249 26.6267 26.2285 25.8304 25.4324 25.0344 24.6364 24.2385 23.8407 23.4429 23.0452 22.6475 22.2498 21.8522 21.4547 21.0571 20.6596 20.2622 19.8648 19.4674 19.0701 18.6728 18.2755 17.8782 17.4809 17.0836 16.6863 16.289 15.8917 15.4945 15.0972 14.6999 14.3026 13.9053 13.508 13.1107 12.7134 12.3161 11.9188 11.5215 11.1242 10.7269 10.3296 9.93227 9.53496 9.13764 8.74033 8.34301 7.94569 7.54837 7.15105 6.75372 6.3564 5.95909 5.56179 5.16451 4.76724 4.36998 3.97272 3.57545 3.17818 2.78089 2.38359 1.9863 1.58901 1.19174 0.794481 0.397235 0. 
100. 99.5934 99.1869 98.7803 98.3737 97.9672 97.5606 97.1541 96.7475 96.341 95.9345 95.5279 95.1214 94.7149 94.3085 93.902 93.4955 93.0891 92.6827 92.2763 91.8699 91.4635 91.0572 90.6509 90.2446 89.8383 89.4321 89.0259 88.6197 88.2136 87.8075 87.4014 86.9953 86.5893 86.1833 85.7773 85.3714 84.9656 84.5598 84.154 83.7483 83.3426 82.937 82.5314 82.1258 81.7203 81.3149 80.9096 80.5043 80.099 79.6938 79.2887 78.8837 78.4787 78.0738 77.669 77.2642 76.8596 76.455 76.0504 75.6459 75.2415 74.8371 74.4327 74.0284 73.6241 73.2199 72.8158 72.4117 72.0076 71.6036 71.1996 70.7957 70.3917 69.9878 69.5839 69.1799 68.776 68.3722 67.9683 67.5645 67.1606 66.7568 66.3529 65.9492 65.5454 65.1416 64.7379 64.3341 63.9304 63.5268 63.1232 62.7196 62.316 61.9124 61.5089 61.1055 60.702 60.2986 59.8953 59.492 59.0887 58.6855 58.2823 57.8792 57.4762 57.0731 56.6702 56.2673 55.8644 55.4616 55.0589 54.6562 54.2536 53.851 53.4485 53.046 52.6436 52.2413 51.839 51.4368 51.0346 50.6325 50.2305 49.8285 49.4266 49.0248 48.623 48.2212 47.8195 47.4179 47.0164 46.6149 46.2135 45.8122 45.4109 45.0097 44.6085 44.2074 43.8064 43.4054 43.0045 42.6037 42.203 41.8023 41.4017 41.0011 40.6006 40.2002 39.7998 39.3996 38.9994 38.5993 38.1993 37.7993 37.3994 36.9996 36.5998 36.2001 35.8004 35.4009 35.0014 34.602 34.2027 33.8034 33.4042 33.0051 32.6061 32.207 31.8081 31.4092 31.0103 30.6115 30.2127 29.8141 29.4154 29.0169 28.6184 28.2199 27.8215 27.4232 27.0249 26.6267 26.2285 25.8304 25.4323 25.0343 24.6364 24.2385 23.8407 23.4429 23.0452 22.6475 22.2498 21.8522 21.4546 21.0571 20.6596 20.2622 19.8648 19.4674 19.0701 18.6728 18.2754 17.8781 17.4809 17.0836 16.6863 16.289 15.8917 15.4945 15.0972 14.6999 14.3026 13.9053 13.508 13.1107 12.7134 12.3161 11.9188 11.5215 11.1242 10.7269 10.3296 9.93226 9.53495 9.13764 8.74032 8.343 7.94568 7.54836 7.15104 6.75372 6.3564 5.95908 5.56178 5.1645 4.76723 4.36997 3.97272 3.57545 3.17817 2.78088 2.38359 1.98629 1.58901 1.19174 0.794481 0.397236 0. 
100. 99.5934 99.1869 98.7803 98.3737 97.9672 97.5606 97.1541 96.7475 96.341 95.9344 95.5279 95.1214 94.7149 94.3084 93.902 93.4955 93.0891 92.6827 92.2763 91.8699 91.4635 91.0572 90.6509 90.2446 89.8383 89.4321 89.0259 88.6197 88.2136 87.8074 87.4014 86.9953 86.5892 86.1832 85.7773 85.3714 84.9655 84.5597 84.154 83.7483 83.3426 82.937 82.5314 82.1258 81.7203 81.3149 80.9095 80.5042 80.099 79.6938 79.2887 78.8836 78.4787 78.0738 77.6689 77.2642 76.8596 76.455 76.0504 75.6459 75.2414 74.837 74.4327 74.0284 73.6241 73.2199 72.8158 72.4117 72.0076 71.6036 71.1996 70.7957 70.3917 69.9878 69.5838 69.1799 68.776 68.3722 67.9683 67.5644 67.1606 66.7568 66.3529 65.9491 65.5454 65.1416 64.7378 64.3341 63.9304 63.5268 63.1231 62.7195 62.3159 61.9124 61.5089 61.1054 60.702 60.2986 59.8953 59.492 59.0887 58.6855 58.2823 57.8792 57.4761 57.0731 56.6702 56.2672 55.8644 55.4616 55.0589 54.6562 54.2536 53.851 53.4485 53.046 52.6436 52.2412 51.8389 51.4367 51.0346 50.6325 50.2304 49.8285 49.4266 49.0247 48.6229 48.2212 47.8195 47.4179 47.0163 46.6149 46.2135 45.8121 45.4108 45.0096 44.6085 44.2074 43.8063 43.4054 43.0045 42.6037 42.2029 41.8022 41.4016 41.0011 40.6006 40.2001 39.7998 39.3995 38.9994 38.5993 38.1992 37.7993 37.3994 36.9996 36.5998 36.2 35.8004 35.4008 35.0013 34.6019 34.2026 33.8034 33.4042 33.0051 32.606 32.207 31.808 31.4091 31.0103 30.6114 30.2127 29.814 29.4154 29.0168 28.6183 28.2199 27.8215 27.4231 27.0249 26.6266 26.2285 25.8304 25.4323 25.0343 24.6364 24.2385 23.8406 23.4429 23.0451 22.6474 22.2498 21.8522 21.4546 21.0571 20.6596 20.2622 19.8648 19.4674 19.0701 18.6728 18.2754 17.8781 17.4808 17.0836 16.6863 16.289 15.8917 15.4945 15.0972 14.6999 14.3026 13.9053 13.508 13.1107 12.7134 12.3161 11.9188 11.5215 11.1242 10.7269 10.3296 9.93226 9.53495 9.13763 8.74031 8.34299 7.94567 7.54836 7.15104 6.75372 6.35639 5.95907 5.56177 5.16449 4.76723 4.36997 3.97271 3.57545 3.17817 2.78088 2.38358 1.98629 1.58901 1.19174 0.794481 0.397237 0. 
100. 99.5934 99.1869 98.7803 98.3737 97.9672 97.5606 97.154 96.7475 96.341 95.9344 95.5279 95.1214 94.7149 94.3084 93.902 93.4955 93.0891 92.6827 92.2762 91.8699 91.4635 91.0572 90.6509 90.2446 89.8383 89.4321 89.0259 88.6197 88.2135 87.8074 87.4013 86.9952 86.5892 86.1832 85.7772 85.3713 84.9655 84.5597 84.154 83.7483 83.3426 82.9369 82.5313 82.1258 81.7203 81.3149 80.9095 80.5042 80.099 79.6938 79.2887 78.8836 78.4786 78.0737 77.6689 77.2642 76.8595 76.4549 76.0504 75.6459 75.2414 74.837 74.4327 74.0284 73.6241 73.2199 72.8158 72.4117 72.0076 71.6036 71.1996 70.7956 70.3917 69.9878 69.5838 69.1799 68.776 68.3721 67.9683 67.5644 67.1606 66.7567 66.3529 65.9491 65.5453 65.1416 64.7378 64.3341 63.9304 63.5267 63.1231 62.7195 62.3159 61.9124 61.5089 61.1054 60.702 60.2986 59.8952 59.4919 59.0887 58.6855 58.2823 57.8792 57.4761 57.0731 56.6701 56.2672 55.8644 55.4616 55.0588 54.6561 54.2535 53.8509 53.4484 53.046 52.6436 52.2412 51.8389 51.4367 51.0345 50.6324 50.2305 49.8285 49.4265 49.0247 48.6229 48.2212 47.8195 47.4179 47.0163 46.6149 46.2134 45.8121 45.4108 45.0096 44.6084 44.2073 43.8063 43.4053 43.0045 42.6037 42.2029 41.8022 41.4016 41.001 40.6006 40.2001 39.7998 39.3995 38.9993 38.5992 38.1992 37.7993 37.3994 36.9995 36.5997 36.2 35.8004 35.4008 35.0013 34.6019 34.2026 33.8034 33.4042 33.0051 32.606 32.207 31.808 31.4091 31.0102 30.6114 30.2127 29.814 29.4154 29.0168 28.6183 28.2199 27.8215 27.4231 27.0248 26.6266 26.2284 25.8303 25.4323 25.0343 24.6364 24.2385 23.8406 23.4429 23.0451 22.6474 22.2498 21.8522 21.4546 21.0571 20.6596 20.2622 19.8648 19.4674 19.0701 18.6728 18.2754 17.8781 17.4808 17.0835 16.6863 16.289 15.8917 15.4945 15.0972 14.6999 14.3026 13.9053 13.508 13.1107 12.7134 12.3161 11.9188 11.5215 11.1242 10.7269 10.3296 9.93225 9.53494 9.13762 8.7403 8.34298 7.94567 7.54835 7.15104 6.75371 6.35639 5.95907 5.56177 5.16449 4.76722 4.36996 3.9727 3.57544 3.17817 2.78088 2.38358 1.98629 1.58901 1.19174 0.794483 0.397237 0. 
100. 99.5934 99.1869 98.7803 98.3737 97.9672 97.5606 97.154 96.7475 96.341 95.9344 95.5279 95.1214 94.7149 94.3084 93.902 93.4955 93.0891 92.6827 92.2763 91.8699 91.4635 91.0572 90.6508 90.2446 89.8383 89.432 89.0258 88.6196 88.2135 87.8074 87.4013 86.9952 86.5892 86.1832 85.7772 85.3713 84.9655 84.5597 84.1539 83.7482 83.3425 82.9369 82.5313 82.1258 81.7203 81.3149 80.9095 80.5042 80.099 79.6938 79.2887 78.8836 78.4786 78.0737 77.6689 77.2642 76.8595 76.4549 76.0504 75.6459 75.2414 74.837 74.4327 74.0283 73.6241 73.2199 72.8158 72.4117 72.0076 71.6036 71.1996 70.7956 70.3917 69.9877 69.5838 69.1799 68.776 68.3721 67.9683 67.5644 67.1605 66.7567 66.3529 65.9491 65.5453 65.1415 64.7378 64.3341 63.9304 63.5267 63.1231 62.7195 62.3159 61.9124 61.5088 61.1054 60.702 60.2986 59.8952 59.4919 59.0887 58.6854 58.2823 57.8791 57.4761 57.0731 56.6701 56.2672 55.8643 55.4615 55.0588 54.6561 54.2535 53.8509 53.4484 53.046 52.6436 52.2412 51.8389 51.4367 51.0345 50.6324 50.2304 49.8284 49.4265 49.0247 48.6229 48.2212 47.8195 47.4179 47.0163 46.6148 46.2134 45.8121 45.4108 45.0096 44.6084 44.2073 43.8063 43.4054 43.0045 42.6036 42.2029 41.8022 41.4016 41.001 40.6005 40.2001 39.7998 39.3995 38.9993 38.5992 38.1992 37.7993 37.3994 36.9995 36.5997 36.2 35.8004 35.4008 35.0013 34.6019 34.2026 33.8033 33.4042 33.005 32.606 32.207 31.808 31.4091 31.0102 30.6114 30.2127 29.814 29.4154 29.0168 28.6183 28.2199 27.8215 27.4231 27.0248 26.6266 26.2284 25.8303 25.4323 25.0343 24.6364 24.2385 23.8406 23.4429 23.0451 22.6474 22.2498 21.8522 21.4546 21.0571 20.6596 20.2622 19.8648 19.4674 19.0701 18.6728 18.2754 17.8781 17.4808 17.0835 16.6863 16.289 15.8917 15.4945 15.0972 14.6999 14.3026 13.9053 13.508 13.1107 12.7134 12.3161 11.9188 11.5215 11.1242 10.7269 10.3296 9.93224 9.53493 9.13761 8.7403 8.34298 7.94566 7.54835 7.15103 6.7537 6.35638 5.95907 5.56177 5.16449 4.76722 4.36996 3.9727 3.57543 3.17816 2.78087 2.38358 1.98629 1.58901 1.19174 0.794488 0.397242 0. 
100. 99.5934 99.1869 98.7803 98.3737 97.9672 97.5606 97.154 96.7475 96.341 95.9344 95.5279 95.1214 94.7149 94.3084 93.902 93.4955 93.0891 92.6826 92.2762 91.8699 91.4635 91.0571 90.6508 90.2445 89.8383 89.432 89.0258 88.6196 88.2135 87.8074 87.4013 86.9952 86.5892 86.1832 85.7772 85.3713 84.9655 84.5597 84.1539 83.7482 83.3426 82.9369 82.5313 82.1258 81.7203 81.3149 80.9095 80.5042 80.099 79.6938 79.2887 78.8836 78.4786 78.0737 77.6689 77.2642 76.8595 76.4549 76.0504 75.6459 75.2414 74.837 74.4327 74.0284 73.6241 73.2199 72.8158 72.4117 72.0076 71.6036 71.1996 70.7956 70.3917 69.9877 69.5838 69.1799 68.776 68.3721 67.9682 67.5644 67.1605 66.7567 66.3529 65.9491 65.5453 65.1415 64.7378 64.3341 63.9304 63.5267 63.1231 62.7195 62.3159 61.9124 61.5088 61.1054 60.7019 60.2986 59.8952 59.4919 59.0886 58.6854 58.2822 57.8791 57.4761 57.0731 56.6701 56.2672 55.8643 55.4615 55.0588 54.6561 54.2535 53.8509 53.4484 53.046 52.6436 52.2412 51.8389 51.4367 51.0345 50.6324 50.2304 49.8284 49.4266 49.0247 48.6229 48.2212 47.8195 47.4179 47.0163 46.6148 46.2134 45.8121 45.4108 45.0096 44.6084 44.2073 43.8063 43.4053 43.0044 42.6036 42.2029 41.8022 41.4016 41.001 40.6005 40.2001 39.7998 39.3995 38.9993 38.5992 38.1992 37.7992 37.3993 36.9995 36.5997 36.2 35.8003 35.4008 35.0013 34.6019 34.2026 33.8033 33.4041 33.005 32.606 32.2069 31.808 31.4091 31.0102 30.6114 30.2126 29.814 29.4153 29.0168 28.6183 28.2198 27.8214 27.4231 27.0248 26.6266 26.2284 25.8303 25.4323 25.0343 24.6364 24.2385 23.8406 23.4429 23.0451 22.6474 22.2498 21.8522 21.4546 21.0571 20.6596 20.2622 19.8648 19.4674 19.0701 18.6728 18.2754 17.8781 17.4808 17.0835 16.6863 16.289 15.8917 15.4945 15.0972 14.6999 14.3026 13.9053 13.508 13.1107 12.7134 12.3161 11.9188 11.5215 11.1242 10.7269 10.3295 9.93223 9.53492 9.13761 8.74029 8.34298 7.94566 7.54834 7.15102 6.7537 6.35638 5.95907 5.56177 5.16448 4.76721 4.36995 3.97269 3.57543 3.17815 2.78087 2.38358 1.98629 1.58902 1.19175 0.794492 0.397244 0. 
100. 99.5934 99.1869 98.7803 98.3737 97.9672 97.5606 97.154 96.7475 96.3409 95.9344 95.5279 95.1214 94.7149 94.3084 93.9019 93.4955 93.089 92.6826 92.2762 91.8698 91.4635 91.0571 90.6508 90.2445 89.8383 89.432 89.0258 88.6196 88.2135 87.8074 87.4013 86.9952 86.5892 86.1832 85.7772 85.3713 84.9655 84.5597 84.1539 83.7482 83.3426 82.9369 82.5313 82.1258 81.7203 81.3149 80.9095 80.5042 80.099 79.6938 79.2887 78.8836 78.4787 78.0738 77.6689 77.2642 76.8595 76.4549 76.0504 75.6459 75.2414 74.837 74.4327 74.0284 73.6241 73.2199 72.8158 72.4117 72.0076 71.6036 71.1996 70.7956 70.3917 69.9877 69.5838 69.1799 68.776 68.3721 67.9682 67.5644 67.1605 66.7567 66.3529 65.9491 65.5453 65.1415 64.7378 64.334 63.9303 63.5267 63.1231 62.7195 62.3159 61.9123 61.5088 61.1054 60.7019 60.2985 59.8952 59.4919 59.0886 58.6854 58.2823 57.8791 57.4761 57.073 56.6701 56.2672 55.8643 55.4615 55.0588 54.6561 54.2535 53.8509 53.4484 53.0459 52.6435 52.2412 51.8389 51.4367 51.0345 50.6324 50.2304 49.8285 49.4265 49.0247 48.6229 48.2211 47.8195 47.4179 47.0163 46.6148 46.2134 45.8121 45.4108 45.0096 44.6084 44.2073 43.8063 43.4053 43.0044 42.6036 42.2029 41.8022 41.4016 41.001 40.6005 40.2001 39.7997 39.3995 38.9993 38.5992 38.1992 37.7992 37.3993 36.9995 36.5997 36.2 35.8003 35.4008 35.0013 34.6019 34.2026 33.8033 33.4041 33.005 32.6059 32.2069 31.808 31.409 31.0102 30.6114 30.2126 29.8139 29.4153 29.0168 28.6183 28.2198 27.8214 27.4231 27.0248 26.6266 26.2284 25.8303 25.4323 25.0343 24.6364 24.2385 23.8406 23.4429 23.0451 22.6474 22.2498 21.8522 21.4546 21.0571 20.6596 20.2622 19.8648 19.4674 19.0701 18.6727 18.2754 17.8781 17.4808 17.0835 16.6863 16.289 15.8917 15.4945 15.0972 14.6999 14.3026 13.9053 13.508 13.1107 12.7134 12.3161 11.9188 11.5215 11.1242 10.7268 10.3295 9.93223 9.53491 9.1376 8.74028 8.34297 7.94565 7.54833 7.15102 6.75369 6.35637 5.95906 5.56176 5.16448 4.76721 4.36995 3.97269 3.57542 3.17815 2.78086 2.38358 1.98629 1.58902 1.19175 0.794493 0.397245 0. 
100. 99.5934 99.1868 98.7803 98.3737 97.9671 97.5606 97.154 96.7475 96.3409 95.9344 95.5279 95.1214 94.7149 94.3084 93.9019 93.4955 93.089 92.6826 92.2762 91.8698 91.4635 91.0571 90.6508 90.2445 89.8382 89.432 89.0258 88.6196 88.2135 87.8074 87.4013 86.9952 86.5892 86.1832 85.7772 85.3713 84.9655 84.5597 84.1539 83.7482 83.3425 82.9369 82.5313 82.1258 81.7203 81.3149 80.9095 80.5042 80.099 79.6938 79.2887 78.8836 78.4787 78.0738 77.6689 77.2642 76.8595 76.4549 76.0504 75.6459 75.2414 74.837 74.4327 74.0284 73.6241 73.2199 72.8158 72.4117 72.0076 71.6036 71.1996 70.7956 70.3916 69.9877 69.5838 69.1799 68.776 68.3721 67.9682 67.5643 67.1605 66.7567 66.3529 65.9491 65.5453 65.1415 64.7378 64.334 63.9303 63.5267 63.123 62.7194 62.3158 61.9123 61.5088 61.1053 60.7019 60.2985 59.8952 59.4919 59.0886 58.6854 58.2822 57.8791 57.476 57.073 56.6701 56.2672 55.8643 55.4615 55.0588 54.6561 54.2535 53.8509 53.4484 53.0459 52.6435 52.2412 51.8389 51.4366 51.0345 50.6324 50.2304 49.8284 49.4265 49.0247 48.6229 48.2211 47.8195 47.4179 47.0163 46.6148 46.2134 45.8121 45.4108 45.0096 44.6084 44.2073 43.8063 43.4053 43.0044 42.6036 42.2029 41.8022 41.4016 41.001 40.6005 40.2001 39.7997 39.3995 38.9993 38.5992 38.1992 37.7992 37.3993 36.9995 36.5997 36.2 35.8003 35.4007 35.0013 34.6019 34.2025 33.8033 33.4041 33.005 32.6059 32.2069 31.8079 31.409 31.0102 30.6113 30.2126 29.8139 29.4153 29.0168 28.6183 28.2198 27.8214 27.4231 27.0248 26.6266 26.2284 25.8303 25.4323 25.0343 24.6364 24.2385 23.8406 23.4429 23.0451 22.6474 22.2498 21.8522 21.4546 21.0571 20.6596 20.2622 19.8648 19.4674 19.0701 18.6727 18.2754 17.8781 17.4808 17.0835 16.6863 16.289 15.8917 15.4945 15.0972 14.6999 14.3026 13.9053 13.508 13.1107 12.7134 12.316 11.9187 11.5214 11.1241 10.7268 10.3295 9.93222 9.53491 9.13759 8.74028 8.34296 7.94564 7.54833 7.15101 6.75369 6.35637 5.95906 5.56176 5.16448 4.76721 4.36994 3.97268 3.57541 3.17814 2.78086 2.38358 1.98629 1.58902 1.19175 0.794495 0.397247 0. 
100. 99.5934 99.1869 98.7803 98.3737 97.9672 97.5606 97.154 96.7475 96.3409 95.9344 95.5279 95.1214 94.7149 94.3084 93.9019 93.4955 93.089 92.6826 92.2762 91.8698 91.4635 91.0571 90.6508 90.2445 89.8382 89.432 89.0258 88.6196 88.2135 87.8074 87.4013 86.9952 86.5892 86.1832 85.7772 85.3713 84.9655 84.5597 84.1539 83.7482 83.3425 82.9369 82.5313 82.1258 81.7203 81.3149 80.9095 80.5042 80.099 79.6938 79.2887 78.8836 78.4787 78.0738 77.6689 77.2642 76.8596 76.4549 76.0504 75.6459 75.2414 74.837 74.4327 74.0284 73.6241 73.2199 72.8158 72.4117 72.0076 71.6036 71.1996 70.7956 70.3916 69.9877 69.5838 69.1798 68.7759 68.3721 67.9682 67.5643 67.1605 66.7567 66.3528 65.949 65.5452 65.1415 64.7377 64.334 63.9303 63.5266 63.123 62.7194 62.3158 61.9123 61.5088 61.1053 60.7019 60.2985 59.8952 59.4919 59.0886 58.6854 58.2822 57.8791 57.476 57.073 56.6701 56.2672 55.8643 55.4615 55.0588 54.6561 54.2535 53.8509 53.4484 53.0459 52.6435 52.2412 51.8389 51.4366 51.0345 50.6324 50.2304 49.8284 49.4265 49.0247 48.6229 48.2211 47.8194 47.4178 47.0163 46.6148 46.2134 45.812 45.4108 45.0095 44.6084 44.2073 43.8062 43.4053 43.0044 42.6036 42.2028 41.8022 41.4015 41.001 40.6005 40.2001 39.7997 39.3994 38.9993 38.5992 38.1991 37.7992 37.3993 36.9994 36.5996 36.1999 35.8003 35.4007 35.0012 34.6018 34.2025 33.8033 33.4041 33.005 32.6059 32.2069 31.8079 31.409 31.0101 30.6113 30.2126 29.8139 29.4153 29.0167 28.6182 28.2198 27.8214 27.4231 27.0248 26.6266 26.2284 25.8303 25.4323 25.0343 24.6363 24.2385 23.8406 23.4429 23.0451 22.6474 22.2498 21.8522 21.4546 21.0571 20.6596 20.2622 19.8648 19.4674 19.0701 18.6727 18.2754 17.8781 17.4808 17.0835 16.6863 16.289 15.8917 15.4945 15.0972 14.6999 14.3026 13.9053 13.508 13.1107 12.7134 12.316 11.9187 11.5214 11.1241 10.7268 10.3295 9.93221 9.5349 9.13758 8.74027 8.34295 7.94564 7.54832 7.151 6.75368 6.35636 5.95905 5.56176 5.16447 4.7672 4.36993 3.97267 3.57541 3.17813 2.78086 2.38357 1.98629 1.58901 1.19175 0.794497 0.397249 0. 
100. 99.5934 99.1868 98.7803 98.3737 97.9671 97.5606 97.154 96.7475 96.3409 95.9344 95.5279 95.1214 94.7149 94.3084 93.9019 93.4955 93.089 92.6826 92.2762 91.8698 91.4634 91.0571 90.6508 90.2445 89.8382 89.432 89.0258 88.6196 88.2135 87.8073 87.4012 86.9952 86.5891 86.1832 85.7772 85.3713 84.9655 84.5597 84.1539 83.7482 83.3425 82.9369 82.5313 82.1258 81.7203 81.3149 80.9095 80.5042 80.099 79.6938 79.2887 78.8836 78.4787 78.0738 77.6689 77.2642 76.8596 76.4549 76.0504 75.6459 75.2414 74.837 74.4327 74.0284 73.6241 73.2199 72.8158 72.4117 72.0076 71.6036 71.1996 70.7956 70.3916 69.9877 69.5838 69.1798 68.7759 68.3721 67.9682 67.5643 67.1605 66.7566 66.3528 65.949 65.5452 65.1414 64.7377 64.334 63.9303 63.5266 63.123 62.7194 62.3158 61.9123 61.5088 61.1053 60.7019 60.2985 59.8951 59.4918 59.0886 58.6854 58.2822 57.8791 57.476 57.073 56.67 56.2671 55.8643 55.4615 55.0587 54.6561 54.2534 53.8509 53.4484 53.0459 52.6435 52.2412 51.8389 51.4366 51.0345 50.6324 50.2303 49.8284 49.4265 49.0246 48.6228 48.2211 47.8194 47.4178 47.0163 46.6148 46.2134 45.812 45.4107 45.0095 44.6083 44.2072 43.8062 43.4053 43.0044 42.6036 42.2028 41.8021 41.4015 41.001 40.6005 40.2 39.7997 39.3994 38.9992 38.5991 38.1991 37.7991 37.3992 36.9994 36.5996 36.1999 35.8003 35.4007 35.0012 34.6018 34.2025 33.8032 33.404 33.0049 32.6059 32.2068 31.8079 31.409 31.0101 30.6113 30.2126 29.8139 29.4153 29.0167 28.6182 28.2198 27.8214 27.4231 27.0248 26.6266 26.2284 25.8303 25.4323 25.0343 24.6363 24.2385 23.8406 23.4428 23.0451 22.6474 22.2498 21.8522 21.4546 21.0571 20.6596 20.2622 19.8648 19.4674 19.0701 18.6727 18.2754 17.8781 17.4808 17.0835 16.6863 16.289 15.8917 15.4945 15.0972 14.6999 14.3026 13.9053 13.508 13.1107 12.7133 12.316 11.9187 11.5214 11.1241 10.7268 10.3295 9.9322 9.53489 9.13757 8.74026 8.34295 7.94563 7.54832 7.151 6.75368 6.35636 5.95905 5.56175 5.16447 4.76719 4.36993 3.97266 3.5754 3.17813 2.78085 2.38357 1.98629 1.58901 1.19175 0.794498 0.397249 0. 
100. 99.5934 99.1868 98.7803 98.3737 97.9671 97.5606 97.154 96.7475 96.3409 95.9344 95.5279 95.1214 94.7149 94.3084 93.9019 93.4954 93.089 92.6826 92.2762 91.8698 91.4634 91.0571 90.6508 90.2445 89.8382 89.432 89.0257 88.6196 88.2134 87.8073 87.4012 86.9952 86.5891 86.1831 85.7772 85.3713 84.9654 84.5596 84.1539 83.7482 83.3425 82.9369 82.5313 82.1257 81.7203 81.3148 80.9095 80.5042 80.099 79.6938 79.2887 78.8836 78.4787 78.0738 77.6689 77.2642 76.8595 76.4549 76.0504 75.6459 75.2414 74.837 74.4327 74.0283 73.6241 73.2199 72.8157 72.4116 72.0076 71.6035 71.1995 70.7956 70.3916 69.9877 69.5837 69.1798 68.7759 68.372 67.9682 67.5643 67.1605 66.7566 66.3528 65.949 65.5452 65.1414 64.7377 64.334 63.9303 63.5266 63.123 62.7194 62.3158 61.9123 61.5088 61.1053 60.7019 60.2985 59.8951 59.4918 59.0886 58.6853 58.2822 57.879 57.476 57.073 56.67 56.2671 55.8643 55.4615 55.0587 54.656 54.2534 53.8509 53.4483 53.0459 52.6435 52.2411 51.8388 51.4366 51.0344 50.6324 50.2303 49.8284 49.4265 49.0246 48.6228 48.2211 47.8194 47.4178 47.0163 46.6148 46.2134 45.812 45.4107 45.0095 44.6083 44.2072 43.8062 43.4052 43.0044 42.6036 42.2028 41.8021 41.4015 41.0009 40.6004 40.2 39.7997 39.3994 38.9992 38.5991 38.1991 37.7991 37.3992 36.9994 36.5996 36.1999 35.8002 35.4007 35.0012 34.6018 34.2024 33.8032 33.404 33.0049 32.6058 32.2068 31.8079 31.4089 31.0101 30.6113 30.2125 29.8138 29.4152 29.0167 28.6182 28.2197 27.8214 27.423 27.0248 26.6265 26.2284 25.8303 25.4322 25.0343 24.6363 24.2384 23.8406 23.4428 23.0451 22.6474 22.2498 21.8522 21.4546 21.0571 20.6596 20.2622 19.8648 19.4674 19.0701 18.6727 18.2754 17.8781 17.4808 17.0835 16.6863 16.289 15.8917 15.4945 15.0972 14.6999 14.3026 13.9053 13.508 13.1107 12.7133 12.316 11.9187 11.5214 11.1241 10.7268 10.3295 9.93219 9.53488 9.13756 8.74025 8.34294 7.94562 7.54831 7.15099 6.75367 6.35635 5.95904 5.56175 5.16446 4.76719 4.36992 3.97266 3.57539 3.17812 2.78085 2.38357 1.98629 1.58901 1.19175 0.794497 0.397248 0. 
100. 99.5934 99.1868 98.7803 98.3737 97.9671 97.5606 97.154 96.7475 96.3409 95.9344 95.5279 95.1214 94.7149 94.3084 93.9019 93.4954 93.089 92.6826 92.2762 91.8698 91.4634 91.0571 90.6508 90.2445 89.8382 89.432 89.0257 88.6196 88.2134 87.8073 87.4012 86.9952 86.5891 86.1831 85.7772 85.3713 84.9654 84.5596 84.1539 83.7482 83.3425 82.9369 82.5313 82.1257 81.7202 81.3148 80.9095 80.5042 80.0989 79.6938 79.2886 78.8836 78.4786 78.0737 77.6689 77.2642 76.8595 76.4549 76.0504 75.6459 75.2414 74.837 74.4326 74.0283 73.6241 73.2199 72.8157 72.4116 72.0076 71.6035 71.1995 70.7956 70.3916 69.9877 69.5837 69.1798 68.7759 68.372 67.9681 67.5643 67.1605 66.7566 66.3528 65.949 65.5452 65.1414 64.7377 64.3339 63.9302 63.5266 63.123 62.7194 62.3158 61.9122 61.5087 61.1053 60.7018 60.2984 59.8951 59.4918 59.0885 58.6853 58.2821 57.879 57.476 57.073 56.67 56.2671 55.8642 55.4614 55.0587 54.656 54.2534 53.8508 53.4483 53.0459 52.6435 52.2411 51.8388 51.4366 51.0344 50.6323 50.2303 49.8283 49.4264 49.0246 48.6228 48.2211 47.8194 47.4178 47.0162 46.6148 46.2133 45.812 45.4107 45.0095 44.6083 44.2072 43.8062 43.4052 43.0043 42.6035 42.2028 41.8021 41.4015 41.0009 40.6004 40.2 39.7996 39.3994 38.9992 38.5991 38.199 37.7991 37.3992 36.9993 36.5996 36.1998 35.8002 35.4006 35.0011 34.6017 34.2024 33.8031 33.404 33.0049 32.6058 32.2068 31.8078 31.4089 31.0101 30.6112 30.2125 29.8138 29.4152 29.0166 28.6182 28.2197 27.8213 27.423 27.0247 26.6265 26.2284 25.8303 25.4322 25.0342 24.6363 24.2384 23.8406 23.4428 23.0451 22.6474 22.2498 21.8522 21.4546 21.0571 20.6596 20.2622 19.8648 19.4674 19.0701 18.6727 18.2754 17.8781 17.4808 17.0835 16.6863 16.289 15.8917 15.4945 15.0972 14.6999 14.3026 13.9053 13.508 13.1107 12.7133 12.316 11.9187 11.5214 11.1241 10.7268 10.3295 9.93218 9.53487 9.13756 8.74024 8.34293 7.94562 7.54831 7.15099 6.75367 6.35635 5.95904 5.56174 5.16446 4.76718 4.36991 3.97265 3.57538 3.17812 2.78084 2.38356 1.98628 1.58901 1.19175 0.794497 0.397248 0. 
100. 99.5934 99.1868 98.7803 98.3737 97.9671 97.5606 97.154 96.7474 96.3409 95.9344 95.5279 95.1214 94.7149 94.3084 93.9019 93.4954 93.089 92.6826 92.2761 91.8698 91.4634 91.0571 90.6507 90.2445 89.8382 89.432 89.0257 88.6196 88.2134 87.8073 87.4012 86.9951 86.5891 86.1831 85.7772 85.3713 84.9654 84.5596 84.1539 83.7482 83.3425 82.9369 82.5313 82.1257 81.7202 81.3148 80.9095 80.5042 80.0989 79.6937 79.2886 78.8836 78.4786 78.0737 77.6689 77.2642 76.8595 76.4549 76.0504 75.6459 75.2414 74.837 74.4326 74.0283 73.6241 73.2199 72.8157 72.4116 72.0076 71.6035 71.1995 70.7955 70.3916 69.9876 69.5837 69.1798 68.7759 68.372 67.9681 67.5643 67.1604 66.7566 66.3528 65.949 65.5452 65.1414 64.7377 64.3339 63.9302 63.5266 63.1229 62.7193 62.3158 61.9122 61.5087 61.1052 60.7018 60.2984 59.8951 59.4918 59.0885 58.6853 58.2821 57.879 57.4759 57.0729 56.67 56.2671 55.8642 55.4614 55.0587 54.656 54.2534 53.8508 53.4483 53.0458 52.6434 52.2411 51.8388 51.4366 51.0344 50.6323 50.2303 49.8283 49.4264 49.0246 48.6228 48.221 47.8194 47.4178 47.0162 46.6147 46.2133 45.812 45.4107 45.0094 44.6083 44.2072 43.8061 43.4052 43.0043 42.6035 42.2027 41.8021 41.4014 41.0009 40.6004 40.1999 39.7996 39.3993 38.9991 38.599 38.199 37.799 37.3991 36.9993 36.5995 36.1998 35.8002 35.4006 35.0011 34.6017 34.2024 33.8031 33.4039 33.0048 32.6058 32.2067 31.8078 31.4089 31.01 30.6112 30.2125 29.8138 29.4152 29.0166 28.6181 28.2197 27.8213 27.423 27.0247 26.6265 26.2283 25.8303 25.4322 25.0342 24.6363 24.2384 23.8406 23.4428 23.0451 22.6474 22.2498 21.8522 21.4546 21.0571 20.6596 20.2622 19.8648 19.4674 19.0701 18.6727 18.2754 17.8781 17.4808 17.0835 16.6863 16.289 15.8917 15.4945 15.0972 14.6999 14.3026 13.9053 13.508 13.1106 12.7133 12.316 11.9187 11.5214 11.1241 10.7268 10.3295 9.93217 9.53486 9.13755 8.74023 8.34292 7.94562 7.5483 7.15098 6.75366 6.35634 5.95903 5.56173 5.16445 4.76717 4.36991 3.97264 3.57538 3.17811 2.78084 2.38356 1.98628 1.58901 1.19175 0.794495 0.397247 0. 
100. 99.5934 99.1868 98.7803 98.3737 97.9671 97.5606 97.154 96.7475 96.3409 95.9344 95.5279 95.1213 94.7148 94.3083 93.9019 93.4954 93.089 92.6826 92.2762 91.8698 91.4634 91.0571 90.6507 90.2444 89.8382 89.4319 89.0257 88.6195 88.2134 87.8073 87.4012 86.9951 86.5891 86.1831 85.7771 85.3712 84.9654 84.5596 84.1538 83.7481 83.3425 82.9368 82.5312 82.1257 81.7202 81.3148 80.9094 80.5042 80.0989 79.6937 79.2886 78.8836 78.4786 78.0737 77.6689 77.2642 76.8595 76.4549 76.0504 75.6458 75.2414 74.837 74.4326 74.0283 73.6241 73.2198 72.8157 72.4116 72.0075 71.6035 71.1995 70.7955 70.3916 69.9876 69.5837 69.1798 68.7759 68.372 67.9681 67.5643 67.1604 66.7566 66.3527 65.9489 65.5452 65.1414 64.7376 64.3339 63.9302 63.5265 63.1229 62.7193 62.3157 61.9122 61.5087 61.1052 60.7018 60.2984 59.8951 59.4918 59.0885 58.6853 58.2821 57.879 57.4759 57.0729 56.6699 56.267 55.8642 55.4614 55.0586 54.656 54.2533 53.8508 53.4483 53.0458 52.6434 52.2411 51.8388 51.4365 51.0344 50.6323 50.2302 49.8283 49.4264 49.0245 48.6227 48.221 47.8193 47.4177 47.0162 46.6147 46.2133 45.8119 45.4106 45.0094 44.6082 44.2071 43.8061 43.4051 43.0043 42.6035 42.2027 41.802 41.4014 41.0008 40.6003 40.1999 39.7995 39.3993 38.9991 38.599 38.1989 37.799 37.3991 36.9993 36.5995 36.1998 35.8001 35.4005 35.0011 34.6016 34.2023 33.8031 33.4039 33.0048 32.6057 32.2067 31.8078 31.4088 31.01 30.6112 30.2124 29.8137 29.4151 29.0166 28.6181 28.2197 27.8213 27.423 27.0247 26.6265 26.2283 25.8302 25.4322 25.0342 24.6363 24.2384 23.8406 23.4428 23.0451 22.6474 22.2498 21.8522 21.4546 21.0571 20.6596 20.2622 19.8648 19.4674 19.07 18.6727 18.2754 17.8781 17.4808 17.0835 16.6863 16.289 15.8917 15.4944 15.0972 14.6999 14.3026 13.9053 13.508 13.1106 12.7133 12.316 11.9187 11.5214 11.1241 10.7268 10.3295 9.93216 9.53485 9.13754 8.74023 8.34292 7.94561 7.5483 7.15098 6.75366 6.35633 5.95902 5.56172 5.16444 4.76717 4.3699 3.97264 3.57538 3.17811 2.78083 2.38356 1.98628 1.58901 1.19174 0.794492 0.397245 0. 
100. 99.5934 99.1868 98.7803 98.3737 97.9671 97.5606 97.154 96.7475 96.3409 95.9344 95.5278 95.1213 94.7148 94.3083 93.9019 93.4954 93.089 92.6826 92.2762 91.8698 91.4634 91.057 90.6507 90.2444 89.8381 89.4319 89.0257 88.6195 88.2134 87.8073 87.4012 86.9951 86.5891 86.1831 85.7771 85.3712 84.9654 84.5596 84.1538 83.7481 83.3425 82.9368 82.5312 82.1257 81.7202 81.3148 80.9094 80.5041 80.0989 79.6937 79.2886 78.8836 78.4786 78.0737 77.6689 77.2642 76.8595 76.4549 76.0503 75.6458 75.2414 74.837 74.4326 74.0283 73.624 73.2198 72.8157 72.4116 72.0075 71.6035 71.1995 70.7955 70.3916 69.9876 69.5837 69.1797 68.7759 68.372 67.9681 67.5642 67.1604 66.7566 66.3527 65.9489 65.5451 65.1414 64.7376 64.3339 63.9302 63.5265 63.1229 62.7193 62.3157 61.9122 61.5087 61.1052 60.7018 60.2984 59.895 59.4917 59.0885 58.6853 58.2821 57.8789 57.4759 57.0729 56.6699 56.267 55.8642 55.4614 55.0586 54.656 54.2533 53.8508 53.4482 53.0458 52.6434 52.241 51.8387 51.4365 51.0343 50.6322 50.2302 49.8283 49.4264 49.0245 48.6227 48.221 47.8193 47.4177 47.0161 46.6147 46.2132 45.8119 45.4106 45.0094 44.6082 44.2071 43.8061 43.4051 43.0042 42.6034 42.2027 41.802 41.4014 41.0008 40.6003 40.1999 39.7995 39.3992 38.999 38.5989 38.1989 37.799 37.3991 36.9992 36.5995 36.1997 35.8001 35.4005 35.001 34.6016 34.2023 33.803 33.4038 33.0047 32.6057 32.2067 31.8077 31.4088 31.0099 30.6111 30.2124 29.8137 29.4151 29.0165 28.6181 28.2196 27.8212 27.4229 27.0247 26.6264 26.2283 25.8302 25.4322 25.0342 24.6363 24.2384 23.8405 23.4428 23.045 22.6474 22.2498 21.8522 21.4546 21.0571 20.6596 20.2622 19.8648 19.4674 19.07 18.6727 18.2754 17.8781 17.4808 17.0835 16.6863 16.289 15.8917 15.4944 15.0972 14.6999 14.3026 13.9053 13.5079 13.1106 12.7133 12.316 11.9187 11.5214 11.1241 10.7268 10.3295 9.93215 9.53484 9.13753 8.74022 8.34291 7.9456 7.54829 7.15097 6.75365 6.35632 5.95901 5.56171 5.16443 4.76716 4.3699 3.97264 3.57537 3.1781 2.78083 2.38355 1.98627 1.589 1.19174 0.794489 0.397242 0. 
100. 99.5934 99.1868 98.7803 98.3737 97.9671 97.5605 97.154 96.7474 96.3409 95.9344 95.5278 95.1213 94.7148 94.3083 93.9019 93.4954 93.0889 92.6825 92.2761 91.8697 91.4634 91.057 90.6507 90.2444 89.8381 89.4319 89.0257 88.6195 88.2134 87.8072 87.4011 86.9951 86.5891 86.1831 85.7771 85.3712 84.9653 84.5596 84.1538 83.7481 83.3424 82.9368 82.5312 82.1257 81.7202 81.3148 80.9094 80.5041 80.0989 79.6937 79.2886 78.8835 78.4786 78.0737 77.6689 77.2641 76.8595 76.4549 76.0503 75.6458 75.2414 74.837 74.4326 74.0283 73.624 73.2198 72.8157 72.4116 72.0075 71.6035 71.1995 70.7955 70.3915 69.9876 69.5836 69.1797 68.7758 68.372 67.9681 67.5642 67.1604 66.7565 66.3527 65.9489 65.5451 65.1413 64.7376 64.3338 63.9302 63.5265 63.1229 62.7193 62.3157 61.9121 61.5086 61.1051 60.7017 60.2983 59.895 59.4917 59.0884 58.6852 58.282 57.8789 57.4759 57.0728 56.6699 56.267 55.8641 55.4613 55.0586 54.6559 54.2533 53.8507 53.4482 53.0458 52.6434 52.241 51.8387 51.4365 51.0343 50.6322 50.2302 49.8282 49.4263 49.0245 48.6227 48.2209 47.8193 47.4177 47.0161 46.6146 46.2132 45.8119 45.4106 45.0093 44.6081 44.207 43.806 43.4051 43.0042 42.6034 42.2026 41.802 41.4013 41.0008 40.6003 40.1998 39.7995 39.3992 38.999 38.5989 38.1989 37.7989 37.399 36.9992 36.5994 36.1997 35.8 35.4005 35.001 34.6015 34.2022 33.803 33.4038 33.0047 32.6056 32.2066 31.8077 31.4088 31.0099 30.6111 30.2123 29.8137 29.4151 29.0165 28.618 28.2196 27.8212 27.4229 27.0246 26.6264 26.2283 25.8302 25.4321 25.0342 24.6362 24.2383 23.8405 23.4427 23.045 22.6474 22.2497 21.8522 21.4546 21.0571 20.6596 20.2622 19.8648 19.4674 19.07 18.6727 18.2754 17.8781 17.4808 17.0835 16.6863 16.289 15.8917 15.4944 15.0972 14.6999 14.3026 13.9053 13.5079 13.1106 12.7133 12.316 11.9187 11.5214 11.1241 10.7268 10.3295 9.93214 9.53483 9.13752 8.74021 8.34291 7.9456 7.54829 7.15097 6.75364 6.35632 5.959 5.5617 5.16442 4.76715 4.36989 3.97263 3.57537 3.1781 2.78083 2.38355 1.98627 1.589 1.19174 0.794485 0.39724 0. 
100. 99.5934 99.1868 98.7803 98.3737 97.9671 97.5606 97.154 96.7474 96.3409 95.9344 95.5278 95.1213 94.7148 94.3083 93.9018 93.4954 93.0889 92.6825 92.2761 91.8697 91.4634 91.057 90.6507 90.2444 89.8381 89.4319 89.0257 88.6195 88.2133 87.8072 87.4011 86.9951 86.589 86.183 85.7771 85.3712 84.9653 84.5596 84.1538 83.7481 83.3424 82.9368 82.5312 82.1257 81.7202 81.3148 80.9094 80.5041 80.0989 79.6937 79.2886 78.8835 78.4786 78.0737 77.6689 77.2641 76.8595 76.4549 76.0503 75.6458 75.2414 74.8369 74.4326 74.0283 73.624 73.2198 72.8157 72.4116 72.0075 71.6035 71.1995 70.7955 70.3915 69.9876 69.5836 69.1797 68.7758 68.3719 67.9681 67.5642 67.1603 66.7565 66.3527 65.9489 65.5451 65.1413 64.7376 64.3338 63.9301 63.5265 63.1228 62.7192 62.3157 61.9121 61.5086 61.1051 60.7017 60.2983 59.895 59.4917 59.0884 58.6852 58.282 57.8789 57.4758 57.0728 56.6699 56.267 55.8641 55.4613 55.0586 54.6559 54.2533 53.8507 53.4482 53.0457 52.6433 52.241 51.8387 51.4365 51.0343 50.6322 50.2302 49.8282 49.4263 49.0244 48.6227 48.2209 47.8192 47.4176 47.0161 46.6146 46.2132 45.8118 45.4105 45.0093 44.6081 44.207 43.806 43.405 43.0042 42.6034 42.2026 41.8019 41.4013 41.0007 40.6002 40.1998 39.7994 39.3992 38.999 38.5989 38.1988 37.7989 37.399 36.9992 36.5994 36.1997 35.8 35.4004 35.0009 34.6015 34.2022 33.8029 33.4038 33.0046 32.6056 32.2066 31.8076 31.4087 31.0099 30.6111 30.2123 29.8136 29.415 29.0165 28.618 28.2196 27.8212 27.4229 27.0246 26.6264 26.2283 25.8302 25.4321 25.0342 24.6362 24.2383 23.8405 23.4427 23.045 22.6474 22.2497 21.8522 21.4546 21.0571 20.6596 20.2622 19.8648 19.4674 19.07 18.6727 18.2754 17.8781 17.4808 17.0835 16.6863 16.289 15.8917 15.4944 15.0971 14.6999 14.3026 13.9052 13.5079 13.1106 12.7133 12.316 11.9187 11.5214 11.1241 10.7268 10.3294 9.93213 9.53482 9.13751 8.7402 8.3429 7.94559 7.54828 7.15096 6.75364 6.35631 5.95899 5.56169 5.16441 4.76715 4.36989 3.97263 3.57537 3.1781 2.78083 2.38355 1.98627 1.58899 1.19173 0.794483 0.397238 0. 
100. 99.5934 99.1868 98.7803 98.3737 97.9671 97.5605 97.154 96.7474 96.3409 95.9344 95.5278 95.1213 94.7148 94.3083 93.9018 93.4954 93.0889 92.6825 92.2761 91.8697 91.4634 91.057 90.6507 90.2444 89.8381 89.4319 89.0257 88.6195 88.2133 87.8072 87.4011 86.9951 86.589 86.183 85.7771 85.3712 84.9653 84.5596 84.1538 83.7481 83.3424 82.9368 82.5312 82.1257 81.7202 81.3148 80.9094 80.5041 80.0989 79.6937 79.2886 78.8836 78.4786 78.0737 77.6689 77.2642 76.8595 76.4549 76.0503 75.6458 75.2414 74.8369 74.4326 74.0283 73.624 73.2198 72.8157 72.4116 72.0075 71.6035 71.1995 70.7955 70.3915 69.9876 69.5836 69.1797 68.7758 68.3719 67.968 67.5642 67.1603 66.7565 66.3527 65.9489 65.5451 65.1413 64.7375 64.3338 63.9301 63.5264 63.1228 62.7192 62.3157 61.9121 61.5086 61.1051 60.7017 60.2983 59.895 59.4917 59.0884 58.6852 58.282 57.8789 57.4758 57.0728 56.6699 56.267 55.8641 55.4613 55.0586 54.6559 54.2532 53.8507 53.4482 53.0458 52.6434 52.241 51.8387 51.4365 51.0343 50.6322 50.2302 49.8282 49.4263 49.0244 48.6226 48.2209 47.8192 47.4176 47.0161 46.6146 46.2132 45.8118 45.4105 45.0093 44.6081 44.207 43.806 43.405 43.0042 42.6034 42.2026 41.8019 41.4013 41.0007 40.6002 40.1998 39.7994 39.3991 38.999 38.5989 38.1988 37.7989 37.399 36.9991 36.5994 36.1996 35.8 35.4004 35.0009 34.6015 34.2022 33.8029 33.4037 33.0046 32.6056 32.2066 31.8076 31.4087 31.0099 30.6111 30.2123 29.8136 29.415 29.0165 28.618 28.2196 27.8212 27.4229 27.0246 26.6264 26.2283 25.8302 25.4321 25.0342 24.6362 24.2383 23.8405 23.4427 23.045 22.6474 22.2497 21.8522 21.4546 21.0571 20.6596 20.2622 19.8648 19.4674 19.07 18.6727 18.2754 17.8781 17.4808 17.0835 16.6863 16.289 15.8917 15.4944 15.0971 14.6998 14.3025 13.9052 13.5079 13.1106 12.7133 12.316 11.9187 11.5214 11.1241 10.7268 10.3294 9.93212 9.53481 9.13751 8.7402 8.34289 7.94558 7.54827 7.15095 6.75363 6.35631 5.95899 5.56169 5.16441 4.76714 4.36988 3.97263 3.57536 3.1781 2.78082 2.38354 1.98626 1.589 1.19174 0.794482 0.397237 0. 
100. 99.5934 99.1868 98.7803 98.3737 97.9671 97.5605 97.154 96.7474 96.3409 95.9343 95.5278 95.1213 94.7148 94.3083 93.9018 93.4954 93.0889 92.6825 92.2761 91.8697 91.4633 91.057 90.6507 90.2444 89.8381 89.4319 89.0256 88.6195 88.2133 87.8072 87.4011 86.9951 86.589 86.183 85.7771 85.3712 84.9653 84.5596 84.1538 83.7481 83.3424 82.9368 82.5312 82.1257 81.7202 81.3148 80.9094 80.5041 80.0989 79.6937 79.2886 78.8836 78.4786 78.0737 77.6689 77.2642 76.8595 76.4549 76.0503 75.6458 75.2414 74.837 74.4326 74.0283 73.624 73.2198 72.8157 72.4116 72.0075 71.6034 71.1994 70.7955 70.3915 69.9875 69.5836 69.1797 68.7758 68.3719 67.968 67.5642 67.1603 66.7565 66.3527 65.9488 65.5451 65.1413 64.7375 64.3338 63.9301 63.5264 63.1228 62.7192 62.3156 61.9121 61.5086 61.1051 60.7017 60.2983 59.895 59.4917 59.0884 58.6852 58.282 57.8789 57.4758 57.0728 56.6699 56.2669 55.8641 55.4613 55.0586 54.6559 54.2532 53.8507 53.4482 53.0457 52.6433 52.241 51.8387 51.4364 51.0343 50.6322 50.2301 49.8282 49.4263 49.0244 48.6226 48.2209 47.8192 47.4176 47.0161 46.6146 46.2132 45.8118 45.4105 45.0093 44.6081 44.207 43.806 43.405 43.0041 42.6033 42.2026 41.8019 41.4013 41.0007 40.6002 40.1998 39.7994 39.3991 38.9989 38.5988 38.1988 37.7989 37.399 36.9991 36.5993 36.1996 35.8 35.4004 35.0009 34.6015 34.2022 33.8029 33.4037 33.0046 32.6056 32.2066 31.8076 31.4087 31.0098 30.611 30.2123 29.8136 29.415 29.0165 28.618 28.2195 27.8212 27.4228 27.0246 26.6264 26.2283 25.8302 25.4321 25.0342 24.6362 24.2383 23.8405 23.4427 23.045 22.6474 22.2498 21.8522 21.4546 21.0571 20.6596 20.2622 19.8648 19.4674 19.07 18.6727 18.2754 17.8781 17.4808 17.0835 16.6863 16.289 15.8917 15.4944 15.0971 14.6998 14.3025 13.9052 13.5079 13.1106 12.7133 12.316 11.9187 11.5214 11.1241 10.7267 10.3294 9.93211 9.53481 9.1375 8.74019 8.34288 7.94557 7.54826 7.15094 6.75362 6.3563 5.95898 5.56168 5.1644 4.76714 4.36988 3.97262 3.57536 3.17809 2.78082 2.38354 1.98626 1.58899 1.19173 0.794479 0.397236 0. 
100. 99.5934 99.1868 98.7803 98.3737 97.9671 97.5605 97.154 96.7474 96.3409 95.9343 95.5278 95.1213 94.7148 94.3083 93.9018 93.4954 93.0889 92.6825 92.2761 91.8697 91.4633 91.057 90.6507 90.2444 89.8381 89.4319 89.0256 88.6195 88.2133 87.8072 87.4011 86.9951 86.589 86.183 85.7771 85.3712 84.9653 84.5595 84.1538 83.7481 83.3424 82.9368 82.5312 82.1257 81.7202 81.3148 80.9094 80.5041 80.0989 79.6937 79.2886 78.8836 78.4786 78.0737 77.6689 77.2642 76.8595 76.4549 76.0503 75.6458 75.2414 74.837 74.4326 74.0283 73.624 73.2198 72.8156 72.4115 72.0075 71.6034 71.1994 70.7955 70.3915 69.9875 69.5836 69.1797 68.7758 68.3719 67.968 67.5641 67.1603 66.7565 66.3526 65.9488 65.5451 65.1413 64.7375 64.3338 63.9301 63.5264 63.1228 62.7192 62.3156 61.9121 61.5086 61.1051 60.7017 60.2983 59.895 59.4916 59.0884 58.6852 58.282 57.8789 57.4758 57.0728 56.6698 56.2669 55.8641 55.4613 55.0585 54.6559 54.2532 53.8507 53.4482 53.0457 52.6433 52.241 51.8387 51.4364 51.0343 50.6322 50.2301 49.8282 49.4263 49.0244 48.6226 48.2209 47.8192 47.4176 47.0161 46.6146 46.2132 45.8118 45.4105 45.0093 44.6081 44.207 43.806 43.405 43.0041 42.6033 42.2026 41.8019 41.4013 41.0007 40.6002 40.1998 39.7994 39.3991 38.9989 38.5988 38.1988 37.7988 37.3989 36.9991 36.5993 36.1996 35.8 35.4004 35.0009 34.6015 34.2021 33.8029 33.4037 33.0046 32.6055 32.2065 31.8076 31.4087 31.0098 30.611 30.2123 29.8136 29.415 29.0164 28.618 28.2195 27.8212 27.4228 27.0246 26.6264 26.2282 25.8302 25.4321 25.0342 24.6362 24.2383 23.8405 23.4428 23.045 22.6474 22.2497 21.8522 21.4546 21.0571 20.6596 20.2622 19.8648 19.4674 19.07 18.6727 18.2754 17.8781 17.4808 17.0835 16.6863 16.289 15.8917 15.4944 15.0971 14.6998 14.3025 13.9052 13.5079 13.1106 12.7133 12.316 11.9187 11.5214 11.1241 10.7267 10.3294 9.93211 9.5348 9.13749 8.74018 8.34288 7.94557 7.54825 7.15094 6.75361 6.35629 5.95898 5.56168 5.1644 4.76713 4.36987 3.97262 3.57536 3.17809 2.78081 2.38354 1.98626 1.58899 1.19173 0.794477 0.397235 0. 
100. 99.5934 99.1868 98.7803 98.3737 97.9671 97.5605 97.154 96.7474 96.3409 95.9343 95.5278 95.1213 94.7148 94.3083 93.9018 93.4954 93.0889 92.6825 92.2761 91.8697 91.4633 91.057 90.6507 90.2444 89.8381 89.4318 89.0256 88.6195 88.2133 87.8072 87.4011 86.9951 86.589 86.183 85.7771 85.3712 84.9653 84.5595 84.1538 83.7481 83.3424 82.9368 82.5312 82.1257 81.7202 81.3148 80.9094 80.5041 80.0989 79.6937 79.2886 78.8836 78.4786 78.0737 77.6689 77.2642 76.8595 76.4549 76.0503 75.6458 75.2414 74.837 74.4326 74.0283 73.624 73.2198 72.8156 72.4115 72.0075 71.6034 71.1994 70.7954 70.3915 69.9875 69.5836 69.1797 68.7758 68.3719 67.968 67.5641 67.1603 66.7565 66.3526 65.9488 65.545 65.1413 64.7375 64.3338 63.9301 63.5264 63.1228 62.7192 62.3156 61.9121 61.5086 61.1051 60.7017 60.2983 59.8949 59.4916 59.0884 58.6852 58.282 57.8789 57.4758 57.0728 56.6698 56.2669 55.8641 55.4613 55.0585 54.6558 54.2532 53.8507 53.4482 53.0457 52.6433 52.241 51.8387 51.4364 51.0343 50.6322 50.2301 49.8282 49.4262 49.0244 48.6226 48.2209 47.8192 47.4176 47.0161 46.6146 46.2132 45.8118 45.4105 45.0093 44.6081 44.207 43.806 43.405 43.0041 42.6033 42.2026 41.8019 41.4013 41.0007 40.6002 40.1997 39.7994 39.3991 38.9989 38.5988 38.1988 37.7988 37.3989 36.9991 36.5993 36.1996 35.7999 35.4004 35.0009 34.6014 34.2021 33.8029 33.4037 33.0046 32.6055 32.2065 31.8075 31.4086 31.0098 30.611 30.2123 29.8136 29.415 29.0164 28.6179 28.2195 27.8211 27.4228 27.0246 26.6264 26.2282 25.8302 25.4321 25.0341 24.6362 24.2383 23.8405 23.4428 23.045 22.6474 22.2498 21.8522 21.4546 21.0571 20.6596 20.2622 19.8648 19.4674 19.07 18.6727 18.2754 17.8781 17.4808 17.0835 16.6863 16.289 15.8917 15.4944 15.0971 14.6998 14.3025 13.9052 13.5079 13.1106 12.7133 12.316 11.9187 11.5214 11.1241 10.7267 10.3294 9.9321 9.53479 9.13748 8.74018 8.34287 7.94556 7.54824 7.15092 6.7536 6.35628 5.95897 5.56168 5.16439 4.76713 4.36987 3.97261 3.57536 3.17809 2.78081 2.38353 1.98626 1.58899 1.19173 0.794474 0.397234 0. 
100. 99.5934 99.1868 98.7803 98.3737 97.9671 97.5605 97.154 96.7474 96.3409 95.9343 95.5278 95.1213 94.7148 94.3083 93.9018 93.4954 93.0889 92.6825 92.2761 91.8697 91.4633 91.057 90.6506 90.2443 89.8381 89.4318 89.0256 88.6194 88.2133 87.8072 87.4011 86.9951 86.589 86.183 85.7771 85.3712 84.9653 84.5595 84.1538 83.7481 83.3424 82.9368 82.5312 82.1257 81.7202 81.3148 80.9094 80.5041 80.0989 79.6937 79.2886 78.8836 78.4786 78.0737 77.6689 77.2642 76.8595 76.4549 76.0503 75.6458 75.2414 74.837 74.4326 74.0283 73.624 73.2198 72.8156 72.4115 72.0075 71.6034 71.1994 70.7954 70.3915 69.9875 69.5836 69.1796 68.7757 68.3719 67.968 67.5641 67.1603 66.7564 66.3526 65.9488 65.545 65.1412 64.7375 64.3338 63.9301 63.5264 63.1228 62.7192 62.3156 61.912 61.5085 61.1051 60.7016 60.2982 59.8949 59.4916 59.0884 58.6851 58.282 57.8789 57.4758 57.0728 56.6698 56.2669 55.864 55.4613 55.0585 54.6558 54.2532 53.8506 53.4481 53.0457 52.6433 52.2409 51.8386 51.4364 51.0342 50.6322 50.2301 49.8281 49.4262 49.0244 48.6226 48.2209 47.8192 47.4176 47.016 46.6145 46.2131 45.8118 45.4105 45.0092 44.6081 44.207 43.8059 43.405 43.0041 42.6033 42.2025 41.8019 41.4012 41.0007 40.6002 40.1997 39.7994 39.3991 38.9989 38.5988 38.1987 37.7988 37.3989 36.9991 36.5993 36.1996 35.7999 35.4003 35.0008 34.6014 34.2021 33.8028 33.4036 33.0045 32.6055 32.2065 31.8075 31.4086 31.0098 30.611 30.2122 29.8136 29.415 29.0164 28.6179 28.2195 27.8211 27.4228 27.0246 26.6264 26.2282 25.8301 25.4321 25.0341 24.6362 24.2383 23.8405 23.4428 23.045 22.6474 22.2497 21.8522 21.4546 21.0571 20.6596 20.2622 19.8648 19.4674 19.07 18.6727 18.2754 17.8781 17.4808 17.0835 16.6862 16.289 15.8917 15.4944 15.0971 14.6998 14.3025 13.9052 13.5079 13.1106 12.7133 12.316 11.9187 11.5214 11.124 10.7267 10.3294 9.93209 9.53478 9.13748 8.74017 8.34286 7.94555 7.54823 7.15092 6.7536 6.35628 5.95897 5.56167 5.16439 4.76712 4.36986 3.97261 3.57535 3.17809 2.78081 2.38353 1.98625 1.58898 1.19172 0.794473 0.397233 0. 
100. 99.5934 99.1868 98.7802 98.3737 97.9671 97.5605 97.154 96.7474 96.3409 95.9343 95.5278 95.1213 94.7148 94.3083 93.9018 93.4954 93.0889 92.6825 92.2761 91.8697 91.4633 91.057 90.6506 90.2443 89.8381 89.4318 89.0256 88.6194 88.2133 87.8072 87.4011 86.995 86.589 86.183 85.7771 85.3712 84.9653 84.5595 84.1538 83.7481 83.3424 82.9368 82.5312 82.1257 81.7202 81.3148 80.9094 80.5041 80.0989 79.6937 79.2886 78.8836 78.4786 78.0737 77.6689 77.2642 76.8595 76.4549 76.0503 75.6458 75.2414 74.8369 74.4326 74.0283 73.624 73.2198 72.8156 72.4115 72.0074 71.6034 71.1994 70.7954 70.3915 69.9875 69.5836 69.1796 68.7757 68.3718 67.968 67.5641 67.1603 66.7564 66.3526 65.9488 65.545 65.1412 64.7375 64.3337 63.93 63.5264 63.1227 62.7191 62.3156 61.912 61.5085 61.1051 60.7016 60.2982 59.8949 59.4916 59.0883 58.6851 58.2819 57.8788 57.4758 57.0728 56.6698 56.2669 55.864 55.4612 55.0585 54.6558 54.2532 53.8506 53.4481 53.0457 52.6433 52.2409 51.8386 51.4364 51.0342 50.6321 50.2301 49.8281 49.4262 49.0244 48.6226 48.2209 47.8192 47.4176 47.016 46.6145 46.2131 45.8118 45.4105 45.0092 44.6081 44.2069 43.8059 43.405 43.0041 42.6033 42.2025 41.8018 41.4012 41.0006 40.6001 40.1997 39.7993 39.3991 38.9989 38.5988 38.1987 37.7988 37.3989 36.999 36.5992 36.1995 35.7999 35.4003 35.0008 34.6014 34.2021 33.8028 33.4036 33.0045 32.6054 32.2064 31.8075 31.4086 31.0097 30.6109 30.2122 29.8135 29.4149 29.0164 28.6179 28.2195 27.8211 27.4228 27.0245 26.6263 26.2282 25.8301 25.4321 25.0341 24.6362 24.2383 23.8405 23.4427 23.045 22.6474 22.2497 21.8522 21.4546 21.0571 20.6596 20.2622 19.8648 19.4674 19.07 18.6727 18.2754 17.8781 17.4808 17.0835 16.6862 16.289 15.8917 15.4944 15.0971 14.6998 14.3025 13.9052 13.5079 13.1106 12.7133 12.316 11.9187 11.5214 11.124 10.7267 10.3294 9.93208 9.53478 9.13747 8.74016 8.34285 7.94554 7.54823 7.15091 6.75359 6.35627 5.95896 5.56166 5.16438 4.76712 4.36986 3.97261 3.57535 3.17808 2.78081 2.38353 1.98625 1.58898 1.19172 0.79447 0.397232 0. 
100. 99.5934 99.1868 98.7802 98.3737 97.9671 97.5605 97.154 96.7474 96.3409 95.9343 95.5278 95.1213 94.7148 94.3083 93.9018 93.4953 93.0889 92.6825 92.2761 91.8697 91.4633 91.057 90.6506 90.2443 89.8381 89.4318 89.0256 88.6194 88.2133 87.8072 87.4011 86.995 86.589 86.183 85.7771 85.3712 84.9653 84.5595 84.1538 83.7481 83.3424 82.9368 82.5312 82.1256 81.7202 81.3148 80.9094 80.5041 80.0989 79.6937 79.2886 78.8836 78.4786 78.0737 77.6689 77.2642 76.8595 76.4549 76.0503 75.6458 75.2414 74.8369 74.4326 74.0282 73.624 73.2198 72.8156 72.4115 72.0074 71.6034 71.1994 70.7954 70.3914 69.9875 69.5835 69.1796 68.7757 68.3718 67.9679 67.5641 67.1602 66.7564 66.3526 65.9488 65.545 65.1412 64.7374 64.3337 63.93 63.5263 63.1227 62.7191 62.3156 61.912 61.5085 61.105 60.7016 60.2982 59.8949 59.4916 59.0883 58.6851 58.2819 57.8788 57.4758 57.0727 56.6698 56.2669 55.864 55.4612 55.0585 54.6558 54.2532 53.8506 53.4481 53.0457 52.6433 52.2409 51.8386 51.4364 51.0342 50.6321 50.2301 49.8281 49.4262 49.0243 48.6226 48.2208 47.8191 47.4175 47.016 46.6145 46.2131 45.8117 45.4104 45.0092 44.608 44.2069 43.8059 43.4049 43.004 42.6032 42.2025 41.8018 41.4012 41.0006 40.6001 40.1997 39.7993 39.399 38.9988 38.5987 38.1987 37.7987 37.3988 36.999 36.5992 36.1995 35.7998 35.4003 35.0008 34.6014 34.202 33.8028 33.4036 33.0045 32.6054 32.2064 31.8075 31.4086 31.0097 30.6109 30.2122 29.8135 29.4149 29.0164 28.6179 28.2194 27.8211 27.4228 27.0245 26.6263 26.2282 25.8301 25.4321 25.0341 24.6362 24.2383 23.8405 23.4427 23.045 22.6474 22.2497 21.8522 21.4546 21.0571 20.6596 20.2622 19.8648 19.4674 19.07 18.6727 18.2754 17.8781 17.4808 17.0835 16.6862 16.289 15.8917 15.4944 15.0971 14.6998 14.3025 13.9052 13.5079 13.1106 12.7133 12.316 11.9187 11.5213 11.124 10.7267 10.3294 9.93208 9.53477 9.13746 8.74015 8.34284 7.94553 7.54822 7.1509 6.75358 6.35626 5.95895 5.56166 5.16438 4.76711 4.36986 3.9726 3.57535 3.17808 2.7808 2.38352 1.98624 1.58897 1.19171 0.794466 0.397231 0. 
100. 99.5934 99.1868 98.7803 98.3737 97.9671 97.5605 97.154 96.7474 96.3409 95.9343 95.5278 95.1213 94.7148 94.3083 93.9018 93.4953 93.0889 92.6825 92.2761 91.8697 91.4633 91.0569 90.6506 90.2443 89.838 89.4318 89.0256 88.6194 88.2133 87.8072 87.4011 86.995 86.589 86.183 85.777 85.3711 84.9653 84.5595 84.1538 83.748 83.3424 82.9368 82.5312 82.1256 81.7202 81.3148 80.9094 80.5041 80.0989 79.6937 79.2886 78.8836 78.4786 78.0737 77.6689 77.2641 76.8595 76.4549 76.0503 75.6458 75.2413 74.8369 74.4325 74.0282 73.624 73.2198 72.8156 72.4115 72.0074 71.6034 71.1994 70.7954 70.3914 69.9875 69.5835 69.1796 68.7757 68.3718 67.9679 67.5641 67.1602 66.7564 66.3526 65.9487 65.545 65.1412 64.7374 64.3337 63.93 63.5263 63.1227 62.7191 62.3155 61.912 61.5085 61.105 60.7016 60.2982 59.8949 59.4916 59.0883 58.6851 58.2819 57.8788 57.4757 57.0727 56.6698 56.2668 55.864 55.4612 55.0584 54.6558 54.2531 53.8506 53.4481 53.0456 52.6432 52.2409 51.8386 51.4364 51.0342 50.6321 50.23 49.8281 49.4262 49.0243 48.6225 48.2208 47.8191 47.4175 47.016 46.6145 46.2131 45.8117 45.4104 45.0092 44.608 44.2069 43.8059 43.4049 43.004 42.6032 42.2025 41.8018 41.4011 41.0006 40.6001 40.1996 39.7993 39.399 38.9988 38.5987 38.1987 37.7987 37.3988 36.999 36.5992 36.1995 35.7998 35.4002 35.0007 34.6013 34.202 33.8027 33.4035 33.0044 32.6054 32.2064 31.8074 31.4085 31.0097 30.6109 30.2121 29.8135 29.4149 29.0163 28.6178 28.2194 27.8211 27.4227 27.0245 26.6263 26.2282 25.8301 25.4321 25.0341 24.6362 24.2383 23.8405 23.4427 23.045 22.6474 22.2497 21.8521 21.4546 21.0571 20.6596 20.2622 19.8648 19.4674 19.07 18.6727 18.2754 17.8781 17.4808 17.0835 16.6862 16.2889 15.8917 15.4944 15.0971 14.6998 14.3025 13.9052 13.5079 13.1106 12.7133 12.316 11.9186 11.5213 11.124 10.7267 10.3294 9.93207 9.53476 9.13745 8.74014 8.34284 7.94552 7.54821 7.15089 6.75357 6.35625 5.95895 5.56165 5.16437 4.76711 4.36985 3.9726 3.57535 3.17808 2.7808 2.38352 1.98624 1.58897 1.19171 0.794463 0.397229 0. 
100. 99.5934 99.1868 98.7803 98.3737 97.9671 97.5605 97.154 96.7474 96.3408 95.9343 95.5278 95.1213 94.7148 94.3083 93.9018 93.4953 93.0889 92.6825 92.276 91.8696 91.4633 91.0569 90.6506 90.2443 89.838 89.4318 89.0256 88.6194 88.2133 87.8072 87.4011 86.995 86.589 86.183 85.777 85.3711 84.9653 84.5595 84.1537 83.748 83.3424 82.9368 82.5312 82.1256 81.7202 81.3147 80.9094 80.5041 80.0989 79.6937 79.2886 78.8835 78.4786 78.0737 77.6689 77.2641 76.8595 76.4549 76.0503 75.6458 75.2413 74.8369 74.4325 74.0282 73.624 73.2197 72.8156 72.4115 72.0074 71.6034 71.1994 70.7954 70.3914 69.9874 69.5835 69.1796 68.7757 68.3718 67.9679 67.564 67.1602 66.7564 66.3525 65.9487 65.5449 65.1412 64.7374 64.3337 63.93 63.5263 63.1227 62.7191 62.3155 61.912 61.5085 61.105 60.7016 60.2982 59.8948 59.4915 59.0883 58.685 58.2819 57.8788 57.4757 57.0727 56.6697 56.2668 55.864 55.4612 55.0584 54.6557 54.2531 53.8505 53.448 53.0456 52.6432 52.2409 51.8386 51.4363 51.0342 50.632 50.23 49.828 49.4261 49.0243 48.6225 48.2208 47.8191 47.4175 47.0159 46.6144 46.213 45.8117 45.4104 45.0092 44.608 44.2069 43.8058 43.4049 43.004 42.6032 42.2024 41.8017 41.4011 41.0005 40.6 40.1996 39.7992 39.399 38.9988 38.5987 38.1986 37.7987 37.3988 36.9989 36.5991 36.1994 35.7998 35.4002 35.0007 34.6013 34.2019 33.8027 33.4035 33.0044 32.6053 32.2063 31.8074 31.4085 31.0096 30.6109 30.2121 29.8135 29.4148 29.0163 28.6178 28.2194 27.821 27.4227 27.0245 26.6263 26.2281 25.8301 25.4321 25.0341 24.6362 24.2383 23.8405 23.4427 23.045 22.6473 22.2497 21.8521 21.4546 21.0571 20.6596 20.2622 19.8648 19.4674 19.07 18.6727 18.2754 17.8781 17.4808 17.0835 16.6862 16.2889 15.8917 15.4944 15.0971 14.6998 14.3025 13.9052 13.5079 13.1106 12.7133 12.316 11.9186 11.5213 11.124 10.7267 10.3294 9.93207 9.53475 9.13744 8.74014 8.34283 7.94551 7.5482 7.15088 6.75356 6.35624 5.95894 5.56164 5.16437 4.7671 4.36985 3.9726 3.57534 3.17808 2.7808 2.38351 1.98623 1.58896 1.1917 0.794461 0.397228 0. 
100. 99.5934 99.1868 98.7802 98.3737 97.9671 97.5605 97.154 96.7474 96.3408 95.9343 95.5278 95.1213 94.7147 94.3083 93.9018 93.4953 93.0889 92.6824 92.276 91.8696 91.4633 91.0569 90.6506 90.2443 89.838 89.4318 89.0256 88.6194 88.2132 87.8071 87.401 86.995 86.589 86.183 85.777 85.3711 84.9653 84.5595 84.1537 83.748 83.3424 82.9367 82.5311 82.1256 81.7201 81.3147 80.9094 80.5041 80.0989 79.6937 79.2886 78.8835 78.4786 78.0737 77.6688 77.2641 76.8595 76.4548 76.0503 75.6458 75.2413 74.8369 74.4325 74.0282 73.6239 73.2197 72.8156 72.4115 72.0074 71.6033 71.1993 70.7954 70.3914 69.9874 69.5835 69.1795 68.7756 68.3718 67.9679 67.564 67.1602 66.7563 66.3525 65.9487 65.5449 65.1411 64.7374 64.3336 63.9299 63.5263 63.1227 62.719 62.3155 61.9119 61.5084 61.105 60.7015 60.2981 59.8948 59.4915 59.0882 58.685 58.2819 57.8787 57.4757 57.0727 56.6697 56.2668 55.8639 55.4611 55.0584 54.6557 54.2531 53.8505 53.448 53.0456 52.6432 52.2408 51.8385 51.4363 51.0341 50.632 50.23 49.828 49.4261 49.0243 48.6224 48.2207 47.819 47.4174 47.0159 46.6144 46.213 45.8117 45.4104 45.0091 44.608 44.2068 43.8058 43.4048 43.004 42.6031 42.2024 41.8017 41.4011 41.0005 40.6 40.1996 39.7992 39.3989 38.9987 38.5986 38.1986 37.7986 37.3987 36.9989 36.5991 36.1994 35.7997 35.4001 35.0007 34.6012 34.2019 33.8026 33.4035 33.0043 32.6053 32.2063 31.8073 31.4084 31.0096 30.6108 30.2121 29.8134 29.4148 29.0163 28.6178 28.2194 27.821 27.4227 27.0244 26.6262 26.2281 25.8301 25.432 25.0341 24.6362 24.2383 23.8405 23.4427 23.045 22.6473 22.2497 21.8521 21.4546 21.0571 20.6596 20.2622 19.8648 19.4674 19.07 18.6727 18.2754 17.8781 17.4808 17.0835 16.6862 16.2889 15.8917 15.4944 15.0971 14.6998 14.3025 13.9052 13.5079 13.1106 12.7133 12.3159 11.9186 11.5213 11.124 10.7267 10.3294 9.93206 9.53475 9.13744 8.74013 8.34282 7.94551 7.54819 7.15087 6.75355 6.35623 5.95893 5.56164 5.16436 4.7671 4.36985 3.9726 3.57534 3.17807 2.78079 2.38351 1.98623 1.58895 1.1917 0.794457 0.397226 0. 
100. 99.5934 99.1868 98.7802 98.3737 97.9671 97.5605 97.154 96.7474 96.3408 95.9343 95.5277 95.1212 94.7147 94.3082 93.9018 93.4953 93.0889 92.6825 92.276 91.8696 91.4633 91.0569 90.6506 90.2443 89.838 89.4317 89.0255 88.6194 88.2132 87.8071 87.401 86.995 86.589 86.183 85.777 85.3711 84.9652 84.5595 84.1537 83.748 83.3423 82.9367 82.5311 82.1256 81.7201 81.3147 80.9094 80.5041 80.0988 79.6937 79.2885 78.8835 78.4785 78.0736 77.6688 77.2641 76.8594 76.4548 76.0503 75.6458 75.2413 74.8369 74.4325 74.0282 73.6239 73.2197 72.8155 72.4114 72.0074 71.6033 71.1993 70.7953 70.3914 69.9874 69.5834 69.1795 68.7756 68.3717 67.9679 67.564 67.1602 66.7563 66.3525 65.9487 65.5449 65.1411 64.7374 64.3336 63.9299 63.5263 63.1226 62.719 62.3154 61.9119 61.5084 61.1049 60.7015 60.2981 59.8948 59.4915 59.0882 58.685 58.2818 57.8787 57.4756 57.0726 56.6697 56.2668 55.8639 55.4611 55.0584 54.6557 54.2531 53.8505 53.448 53.0455 52.6431 52.2408 51.8385 51.4363 51.0341 50.632 50.2299 49.828 49.4261 49.0241 48.6224 48.2207 47.819 47.4174 47.0159 46.6144 46.213 45.8116 45.4103 45.0091 44.6079 44.2068 43.8058 43.4048 43.0039 42.6031 42.2023 41.8017 41.401 41.0005 40.6 40.1995 39.7992 39.3989 38.9987 38.5986 38.1985 37.7986 37.3987 36.9988 36.599 36.1993 35.7997 35.4001 35.0006 34.6012 34.2019 33.8026 33.4034 33.0043 32.6052 32.2062 31.8073 31.4084 31.0096 30.6108 30.212 29.8134 29.4148 29.0162 28.6177 28.2193 27.821 27.4227 27.0244 26.6262 26.2281 25.83 25.432 25.0341 24.6361 24.2383 23.8405 23.4427 23.045 22.6473 22.2497 21.8521 21.4546 21.0571 20.6596 20.2621 19.8647 19.4674 19.07 18.6727 18.2754 17.8781 17.4808 17.0835 16.6862 16.2889 15.8917 15.4944 15.0971 14.6998 14.3025 13.9052 13.5079 13.1106 12.7133 12.3159 11.9186 11.5213 11.124 10.7267 10.3294 9.93206 9.53474 9.13743 8.74012 8.34281 7.9455 7.54818 7.15086 6.75354 6.35622 5.95892 5.56163 5.16436 4.7671 4.36985 3.9726 3.57534 3.17807 2.78079 2.3835 1.98622 1.58895 1.19169 0.794452 0.397223 0. 
100. 99.5934 99.1868 98.7802 98.3737 97.9671 97.5605 97.1539 96.7474 96.3408 95.9343 95.5278 95.1212 94.7147 94.3082 93.9018 93.4953 93.0889 92.6824 92.276 91.8696 91.4632 91.0569 90.6506 90.2443 89.838 89.4317 89.0255 88.6194 88.2132 87.8071 87.401 86.995 86.5889 86.1829 85.777 85.3711 84.9652 84.5594 84.1537 83.748 83.3423 82.9367 82.5311 82.1256 81.7201 81.3147 80.9093 80.504 80.0988 79.6936 79.2885 78.8835 78.4785 78.0736 77.6688 77.2641 76.8594 76.4548 76.0503 75.6457 75.2413 74.8369 74.4325 74.0282 73.6239 73.2197 72.8155 72.4114 72.0073 71.6033 71.1993 70.7953 70.3914 69.9874 69.5834 69.1795 68.7756 68.3717 67.9678 67.564 67.1601 66.7563 66.3525 65.9487 65.5449 65.1411 64.7373 64.3336 63.9299 63.5262 63.1226 62.719 62.3154 61.9119 61.5084 61.1049 60.7015 60.2981 59.8947 59.4914 59.0882 58.685 58.2818 57.8787 57.4756 57.0726 56.6697 56.2667 55.8639 55.4611 55.0583 54.6556 54.253 53.8505 53.448 53.0455 52.6431 52.2408 51.8385 51.4362 51.034 50.632 50.23 49.828 49.426 49.0242 48.6224 48.2207 47.819 47.4174 47.0158 46.6144 46.213 45.8116 45.4103 45.0091 44.6079 44.2068 43.8057 43.4048 43.0039 42.6031 42.2023 41.8016 41.401 41.0004 40.5999 40.1995 39.7991 39.3989 38.9987 38.5986 38.1985 37.7985 37.3986 36.9988 36.599 36.1993 35.7996 35.4001 35.0006 34.6012 34.2018 33.8026 33.4034 33.0043 32.6052 32.2062 31.8073 31.4084 31.0095 30.6108 30.212 29.8134 29.4148 29.0162 28.6177 28.2193 27.8209 27.4226 27.0244 26.6262 26.2281 25.83 25.432 25.034 24.6361 24.2383 23.8405 23.4427 23.045 22.6473 22.2497 21.8521 21.4546 21.0571 20.6596 20.2622 19.8647 19.4674 19.07 18.6727 18.2754 17.8781 17.4808 17.0835 16.6862 16.2889 15.8916 15.4944 15.0971 14.6998 14.3025 13.9052 13.5079 13.1106 12.7132 12.3159 11.9186 11.5213 11.124 10.7267 10.3294 9.93205 9.53473 9.13742 8.74011 8.3428 7.94549 7.54817 7.15086 6.75353 6.35622 5.95891 5.56162 5.16435 4.76709 4.36984 3.97259 3.57534 3.17807 2.78079 2.3835 1.98622 1.58895 1.19169 0.794451 0.397222 0. 
100. 99.5934 99.1868 98.7802 98.3737 97.9671 97.5605 97.1539 96.7474 96.3408 95.9343 95.5278 95.1212 94.7147 94.3082 93.9017 93.4953 93.0888 92.6824 92.276 91.8696 91.4632 91.0569 90.6506 90.2443 89.838 89.4317 89.0255 88.6193 88.2132 87.8071 87.401 86.9949 86.5889 86.1829 85.777 85.3711 84.9652 84.5594 84.1537 83.748 83.3423 82.9367 82.5311 82.1256 81.7201 81.3147 80.9093 80.504 80.0988 79.6936 79.2885 78.8835 78.4785 78.0736 77.6688 77.2641 76.8594 76.4548 76.0502 75.6457 75.2413 74.8368 74.4325 74.0281 73.6239 73.2197 72.8155 72.4114 72.0073 71.6033 71.1993 70.7953 70.3913 69.9874 69.5834 69.1795 68.7756 68.3717 67.9678 67.564 67.1601 66.7563 66.3524 65.9486 65.5448 65.1411 64.7373 64.3336 63.9299 63.5262 63.1226 62.719 62.3154 61.9119 61.5084 61.1049 60.7015 60.2981 59.8947 59.4914 59.0882 58.685 58.2818 57.8787 57.4756 57.0726 56.6696 56.2667 55.8639 55.4611 55.0583 54.6556 54.253 53.8504 53.4479 53.0455 52.6431 52.2408 51.8385 51.4362 51.034 50.632 50.23 49.8279 49.426 49.0242 48.6224 48.2206 47.819 47.4174 47.0158 46.6144 46.2129 45.8116 45.4103 45.0091 44.6079 44.2068 43.8057 43.4048 43.0039 42.6031 42.2023 41.8016 41.401 41.0004 40.5999 40.1995 39.7991 39.3989 38.9987 38.5985 38.1985 37.7985 37.3986 36.9988 36.599 36.1993 35.7996 35.4001 35.0006 34.6012 34.2018 33.8026 33.4034 33.0043 32.6052 32.2062 31.8073 31.4084 31.0095 30.6107 30.212 29.8133 29.4147 29.0162 28.6177 28.2193 27.8209 27.4226 27.0244 26.6262 26.2281 25.83 25.432 25.0341 24.6361 24.2383 23.8405 23.4427 23.045 22.6473 22.2497 21.8521 21.4546 21.0571 20.6596 20.2622 19.8648 19.4674 19.07 18.6727 18.2754 17.8781 17.4808 17.0835 16.6862 16.2889 15.8916 15.4944 15.0971 14.6998 14.3025 13.9052 13.5079 13.1105 12.7132 12.3159 11.9186 11.5213 11.124 10.7267 10.3294 9.93204 9.53473 9.13741 8.7401 8.34279 7.94548 7.54816 7.15085 6.75353 6.35621 5.95891 5.56162 5.16435 4.76709 4.36984 3.97259 3.57533 3.17806 2.78078 2.3835 1.98622 1.58895 1.19169 0.794451 0.397222 0. 
100. 99.5934 99.1868 98.7802 98.3737 97.9671 97.5605 97.1539 96.7474 96.3408 95.9343 95.5278 95.1212 94.7147 94.3082 93.9017 93.4953 93.0888 92.6824 92.276 91.8696 91.4632 91.0569 90.6506 90.2443 89.838 89.4317 89.0255 88.6193 88.2132 87.8071 87.401 86.9949 86.5889 86.1829 85.777 85.3711 84.9652 84.5594 84.1537 83.748 83.3423 82.9367 82.5311 82.1256 81.7201 81.3147 80.9093 80.5041 80.0988 79.6936 79.2885 78.8835 78.4785 78.0736 77.6688 77.2641 76.8594 76.4548 76.0503 75.6457 75.2413 74.8368 74.4325 74.0281 73.6239 73.2197 72.8155 72.4114 72.0073 71.6033 71.1993 70.7953 70.3913 69.9874 69.5834 69.1795 68.7756 68.3717 67.9678 67.5639 67.1601 66.7563 66.3525 65.9486 65.5448 65.1411 64.7373 64.3336 63.9299 63.5262 63.1226 62.719 62.3154 61.9119 61.5084 61.1049 60.7015 60.2981 59.8947 59.4914 59.0882 58.6849 58.2818 57.8787 57.4756 57.0726 56.6696 56.2667 55.8639 55.4611 55.0583 54.6556 54.253 53.8504 53.4479 53.0455 52.6431 52.2408 51.8385 51.4362 51.034 50.632 50.2299 49.8279 49.4261 49.0242 48.6224 48.2206 47.819 47.4174 47.0158 46.6144 46.2129 45.8116 45.4103 45.0091 44.6079 44.2068 43.8057 43.4048 43.0039 42.6031 42.2023 41.8016 41.401 41.0004 40.5999 40.1995 39.7991 39.3988 38.9987 38.5985 38.1985 37.7985 37.3986 36.9988 36.599 36.1993 35.7996 35.4 35.0006 34.6011 34.2018 33.8025 33.4034 33.0042 32.6052 32.2062 31.8072 31.4083 31.0095 30.6107 30.212 29.8133 29.4147 29.0162 28.6177 28.2193 27.8209 27.4226 27.0244 26.6262 26.2281 25.83 25.432 25.0341 24.6361 24.2383 23.8405 23.4427 23.045 22.6473 22.2497 21.8521 21.4546 21.0571 20.6596 20.2622 19.8648 19.4674 19.07 18.6727 18.2754 17.8781 17.4808 17.0835 16.6862 16.2889 15.8916 15.4944 15.0971 14.6998 14.3025 13.9052 13.5079 13.1105 12.7132 12.3159 11.9186 11.5213 11.124 10.7267 10.3294 9.93204 9.53472 9.13741 8.74009 8.34278 7.94547 7.54816 7.15084 6.75352 6.35621 5.95891 5.56162 5.16435 4.7671 4.36984 3.97259 3.57532 3.17805 2.78077 2.38349 1.98621 1.58894 1.19169 0.79445 0.397222 0. 
100. 99.5934 99.1868 98.7803 98.3737 97.9671 97.5605 97.1539 96.7474 96.3408 95.9343 95.5277 95.1212 94.7147 94.3082 93.9018 93.4953 93.0888 92.6824 92.276 91.8696 91.4632 91.0569 90.6505 90.2443 89.838 89.4317 89.0255 88.6193 88.2132 87.8071 87.401 86.9949 86.5889 86.1829 85.777 85.3711 84.9652 84.5594 84.1537 83.748 83.3423 82.9367 82.5311 82.1256 81.7201 81.3147 80.9093 80.5041 80.0988 79.6936 79.2885 78.8835 78.4785 78.0736 77.6688 77.2641 76.8594 76.4548 76.0502 75.6457 75.2413 74.8368 74.4325 74.0281 73.6239 73.2197 72.8155 72.4114 72.0073 71.6033 71.1993 70.7953 70.3913 69.9873 69.5834 69.1795 68.7756 68.3717 67.9678 67.5639 67.1601 66.7563 66.3524 65.9486 65.5448 65.141 64.7373 64.3336 63.9299 63.5262 63.1226 62.719 62.3154 61.9118 61.5083 61.1049 60.7014 60.2981 59.8947 59.4914 59.0882 58.6849 58.2818 57.8787 57.4756 57.0726 56.6696 56.2667 55.8638 55.461 55.0583 54.6556 54.253 53.8504 53.4479 53.0455 52.6431 52.2407 51.8384 51.4362 51.034 50.632 50.2299 49.828 49.426 49.0242 48.6224 48.2206 47.819 47.4174 47.0158 46.6143 46.2129 45.8116 45.4103 45.0091 44.6079 44.2068 43.8057 43.4048 43.0039 42.603 42.2023 41.8016 41.401 41.0004 40.5999 40.1995 39.7991 39.3988 38.9986 38.5985 38.1985 37.7985 37.3986 36.9988 36.599 36.1993 35.7996 35.4 35.0005 34.6011 34.2018 33.8025 33.4033 33.0042 32.6052 32.2062 31.8072 31.4083 31.0095 30.6107 30.212 29.8133 29.4147 29.0162 28.6177 28.2193 27.8209 27.4226 27.0244 26.6262 26.2281 25.83 25.432 25.0341 24.6361 24.2383 23.8405 23.4427 23.045 22.6473 22.2497 21.8521 21.4546 21.0571 20.6596 20.2622 19.8648 19.4674 19.07 18.6727 18.2754 17.8781 17.4808 17.0835 16.6862 16.2889 15.8916 15.4944 15.0971 14.6998 14.3025 13.9052 13.5079 13.1105 12.7132 12.3159 11.9186 11.5213 11.124 10.7267 10.3293 9.93203 9.53471 9.1374 8.74008 8.34277 7.94546 7.54815 7.15083 6.75351 6.3562 5.9589 5.56162 5.16435 4.7671 4.36984 3.97258 3.57532 3.17805 2.78077 2.38349 1.98621 1.58894 1.19169 0.79445 0.397222 0. 
100. 99.5934 99.1868 98.7802 98.3737 97.9671 97.5605 97.1539 96.7474 96.3408 95.9343 95.5277 95.1212 94.7147 94.3082 93.9017 93.4953 93.0888 92.6824 92.276 91.8696 91.4632 91.0569 90.6505 90.2442 89.838 89.4317 89.0255 88.6193 88.2132 87.8071 87.401 86.9949 86.5889 86.1829 85.777 85.3711 84.9652 84.5594 84.1537 83.748 83.3423 82.9367 82.5311 82.1256 81.7201 81.3147 80.9093 80.5041 80.0988 79.6936 79.2885 78.8835 78.4785 78.0736 77.6688 77.2641 76.8594 76.4548 76.0502 75.6457 75.2413 74.8368 74.4325 74.0281 73.6239 73.2196 72.8155 72.4114 72.0073 71.6033 71.1992 70.7953 70.3913 69.9873 69.5834 69.1795 68.7755 68.3716 67.9678 67.5639 67.1601 66.7562 66.3524 65.9486 65.5448 65.141 64.7373 64.3336 63.9298 63.5262 63.1225 62.7189 62.3154 61.9118 61.5083 61.1049 60.7014 60.2981 59.8947 59.4914 59.0881 58.6849 58.2818 57.8786 57.4756 57.0726 56.6696 56.2667 55.8638 55.461 55.0583 54.6556 54.253 53.8504 53.4479 53.0455 52.6431 52.2407 51.8384 51.4362 51.034 50.632 50.2299 49.8279 49.426 49.0242 48.6224 48.2206 47.8189 47.4173 47.0158 46.6143 46.2129 45.8116 45.4103 45.009 44.6079 44.2068 43.8057 43.4047 43.0039 42.603 42.2023 41.8016 41.401 41.0004 40.5999 40.1995 39.7991 39.3988 38.9986 38.5985 38.1985 37.7985 37.3986 36.9987 36.599 36.1992 35.7996 35.4 35.0005 34.6011 34.2018 33.8025 33.4033 33.0042 32.6051 32.2061 31.8072 31.4083 31.0095 30.6107 30.212 29.8133 29.4147 29.0162 28.6177 28.2193 27.8209 27.4226 27.0244 26.6262 26.2281 25.83 25.432 25.0341 24.6361 24.2383 23.8405 23.4427 23.045 22.6473 22.2497 21.8521 21.4546 21.0571 20.6596 20.2622 19.8648 19.4674 19.07 18.6727 18.2754 17.8781 17.4808 17.0835 16.6862 16.2889 15.8916 15.4943 15.0971 14.6998 14.3025 13.9052 13.5078 13.1105 12.7132 12.3159 11.9186 11.5213 11.124 10.7266 10.3293 9.93202 9.53471 9.13739 8.74008 8.34276 7.94545 7.54814 7.15082 6.75351 6.3562 5.9589 5.56162 5.16435 4.76709 4.36984 3.97258 3.57532 3.17804 2.78077 2.38348 1.98621 1.58894 1.19169 0.79445 0.397222 0. 
100. 99.5934 99.1868 98.7802 98.3737 97.9671 97.5605 97.154 96.7474 96.3408 95.9343 95.5277 95.1212 94.7147 94.3082 93.9017 93.4953 93.0888 92.6824 92.276 91.8696 91.4632 91.0569 90.6505 90.2442 89.838 89.4317 89.0255 88.6193 88.2132 87.8071 87.401 86.9949 86.5889 86.1829 85.777 85.3711 84.9652 84.5594 84.1537 83.748 83.3423 82.9367 82.5311 82.1256 81.7201 81.3147 80.9093 80.5041 80.0988 79.6936 79.2885 78.8835 78.4785 78.0736 77.6688 77.2641 76.8594 76.4548 76.0502 75.6457 75.2413 74.8368 74.4325 74.0281 73.6239 73.2196 72.8155 72.4114 72.0073 71.6033 71.1992 70.7952 70.3913 69.9873 69.5834 69.1794 68.7755 68.3716 67.9678 67.5639 67.16 66.7562 66.3524 65.9486 65.5448 65.141 64.7373 64.3335 63.9298 63.5262 63.1225 62.7189 62.3153 61.9118 61.5083 61.1048 60.7014 60.298 59.8947 59.4914 59.0881 58.6849 58.2817 57.8786 57.4756 57.0726 56.6696 56.2667 55.8638 55.461 55.0583 54.6556 54.253 53.8504 53.4479 53.0454 52.6431 52.2407 51.8384 51.4362 51.034 50.6319 50.2299 49.8279 49.426 49.0242 48.6223 48.2206 47.8189 47.4173 47.0158 46.6143 46.2129 45.8115 45.4103 45.009 44.6079 44.2067 43.8057 43.4047 43.0038 42.603 42.2023 41.8016 41.4009 41.0004 40.5999 40.1994 39.7991 39.3988 38.9986 38.5985 38.1984 37.7985 37.3986 36.9987 36.5989 36.1992 35.7995 35.4 35.0005 34.6011 34.2017 33.8025 33.4033 33.0042 32.6051 32.2061 31.8072 31.4083 31.0094 30.6107 30.2119 29.8133 29.4147 29.0161 28.6177 28.2193 27.8209 27.4226 27.0244 26.6262 26.2281 25.83 25.432 25.034 24.6361 24.2383 23.8405 23.4427 23.045 22.6473 22.2497 21.8521 21.4546 21.0571 20.6596 20.2622 19.8648 19.4674 19.07 18.6727 18.2754 17.8781 17.4808 17.0835 16.6862 16.2889 15.8916 15.4943 15.0971 14.6998 14.3025 13.9052 13.5078 13.1105 12.7132 12.3159 11.9186 11.5213 11.124 10.7266 10.3293 9.93201 9.5347 9.13739 8.74007 8.34275 7.94544 7.54813 7.15082 6.7535 6.35619 5.9589 5.56162 5.16435 4.76709 4.36983 3.97258 3.57531 3.17804 2.78076 2.38348 1.98621 1.58894 1.19169 0.79445 0.397222 0. 
100. 99.5934 99.1868 98.7802 98.3737 97.9671 97.5605 97.1539 96.7474 96.3408 95.9343 95.5277 95.1212 94.7147 94.3082 93.9017 93.4953 93.0888 92.6824 92.276 91.8696 91.4632 91.0569 90.6505 90.2442 89.838 89.4317 89.0255 88.6193 88.2132 87.8071 87.401 86.9949 86.5889 86.1829 85.777 85.3711 84.9652 84.5594 84.1537 83.748 83.3423 82.9367 82.5311 82.1256 81.7201 81.3147 80.9093 80.504 80.0988 79.6936 79.2885 78.8835 78.4785 78.0736 77.6688 77.2641 76.8594 76.4548 76.0502 75.6457 75.2412 74.8368 74.4324 74.0281 73.6238 73.2196 72.8155 72.4114 72.0073 71.6032 71.1992 70.7952 70.3913 69.9873 69.5834 69.1794 68.7755 68.3716 67.9677 67.5639 67.16 66.7562 66.3524 65.9486 65.5448 65.141 64.7372 64.3335 63.9298 63.5262 63.1225 62.7189 62.3153 61.9118 61.5083 61.1048 60.7014 60.298 59.8947 59.4914 59.0881 58.6849 58.2817 57.8786 57.4755 57.0725 56.6696 56.2667 55.8638 55.461 55.0583 54.6556 54.253 53.8504 53.4479 53.0454 52.643 52.2407 51.8384 51.4362 51.034 50.6319 50.2299 49.8279 49.426 49.0241 48.6223 48.2206 47.8189 47.4173 47.0158 46.6143 46.2129 45.8115 45.4102 45.009 44.6078 44.2067 43.8057 43.4047 43.0038 42.603 42.2022 41.8015 41.4009 41.0003 40.5998 40.1994 39.7991 39.3988 38.9986 38.5985 38.1984 37.7984 37.3985 36.9987 36.5989 36.1992 35.7995 35.3999 35.0005 34.601 34.2017 33.8025 33.4033 33.0042 32.6051 32.2061 31.8071 31.4083 31.0094 30.6106 30.2119 29.8133 29.4147 29.0161 28.6177 28.2192 27.8209 27.4226 27.0243 26.6262 26.2281 25.83 25.432 25.034 24.6361 24.2383 23.8405 23.4427 23.045 22.6473 22.2497 21.8521 21.4546 21.0571 20.6596 20.2622 19.8648 19.4674 19.07 18.6727 18.2754 17.8781 17.4808 17.0835 16.6862 16.2889 15.8916 15.4943 15.097 14.6998 14.3025 13.9051 13.5078 13.1105 12.7132 12.3159 11.9186 11.5213 11.1239 10.7266 10.3293 9.93201 9.53469 9.13738 8.74006 8.34274 7.94543 7.54812 7.15081 6.7535 6.35619 5.95889 5.56161 5.16434 4.76708 4.36983 3.97257 3.57531 3.17804 2.78076 2.38348 1.9862 1.58894 1.19169 0.794448 0.397221 0. 
100. 99.5934 99.1868 98.7802 98.3737 97.9671 97.5605 97.1539 96.7474 96.3408 95.9343 95.5277 95.1212 94.7147 94.3082 93.9017 93.4952 93.0888 92.6824 92.276 91.8696 91.4632 91.0569 90.6505 90.2442 89.838 89.4317 89.0255 88.6193 88.2132 87.807 87.401 86.9949 86.5889 86.1829 85.7769 85.3711 84.9652 84.5594 84.1537 83.748 83.3423 82.9367 82.5311 82.1255 81.7201 81.3147 80.9093 80.504 80.0988 79.6936 79.2885 78.8835 78.4785 78.0736 77.6688 77.2641 76.8594 76.4548 76.0502 75.6457 75.2412 74.8368 74.4324 74.0281 73.6238 73.2196 72.8155 72.4113 72.0073 71.6032 71.1992 70.7952 70.3912 69.9873 69.5833 69.1794 68.7755 68.3716 67.9677 67.5639 67.16 66.7562 66.3524 65.9485 65.5448 65.141 64.7372 64.3335 63.9298 63.5261 63.1225 62.7189 62.3153 61.9118 61.5083 61.1048 60.7014 60.298 59.8947 59.4914 59.0881 58.6849 58.2817 57.8786 57.4755 57.0725 56.6696 56.2666 55.8638 55.461 55.0582 54.6556 54.2529 53.8504 53.4479 53.0454 52.643 52.2407 51.8384 51.4361 51.034 50.6319 50.2299 49.8279 49.426 49.0241 48.6223 48.2206 47.8189 47.4173 47.0157 46.6143 46.2129 45.8115 45.4102 45.009 44.6078 44.2067 43.8057 43.4047 43.0038 42.603 42.2022 41.8015 41.4009 41.0003 40.5998 40.1994 39.799 39.3988 38.9986 38.5984 38.1984 37.7984 37.3985 36.9987 36.5989 36.1991 35.7995 35.3999 35.0004 34.601 34.2017 33.8024 33.4032 33.0041 32.6051 32.2061 31.8071 31.4082 31.0094 30.6106 30.2119 29.8132 29.4146 29.0161 28.6176 28.2192 27.8209 27.4226 27.0243 26.6262 26.228 25.83 25.432 25.034 24.6361 24.2383 23.8405 23.4427 23.045 22.6473 22.2497 21.8521 21.4546 21.0571 20.6596 20.2622 19.8648 19.4674 19.07 18.6727 18.2754 17.8781 17.4808 17.0835 16.6862 16.2889 15.8916 15.4943 15.097 14.6997 14.3024 13.9051 13.5078 13.1105 12.7132 12.3159 11.9186 11.5213 11.1239 10.7266 10.3293 9.932 9.53468 9.13737 8.74005 8.34274 7.94543 7.54811 7.1508 6.75349 6.35618 5.95889 5.56161 5.16434 4.76708 4.36982 3.97257 3.57531 3.17803 2.78076 2.38348 1.9862 1.58894 1.19169 0.794447 0.39722 0. 
100. 99.5934 99.1868 98.7802 98.3737 97.9671 97.5605 97.1539 96.7474 96.3408 95.9343 95.5277 95.1212 94.7147 94.3082 93.9017 93.4953 93.0888 92.6824 92.276 91.8696 91.4632 91.0568 90.6505 90.2442 89.8379 89.4317 89.0255 88.6193 88.2132 87.807 87.401 86.9949 86.5889 86.1829 85.7769 85.371 84.9652 84.5594 84.1536 83.7479 83.3423 82.9367 82.5311 82.1255 81.7201 81.3147 80.9093 80.504 80.0988 79.6936 79.2885 78.8835 78.4785 78.0736 77.6688 77.264 76.8594 76.4548 76.0502 75.6457 75.2412 74.8368 74.4324 74.0281 73.6238 73.2196 72.8154 72.4113 72.0072 71.6032 71.1992 70.7952 70.3912 69.9873 69.5833 69.1794 68.7755 68.3716 67.9677 67.5638 67.16 66.7562 66.3523 65.9485 65.5447 65.141 64.7372 64.3335 63.9298 63.5261 63.1225 62.7189 62.3153 61.9118 61.5083 61.1048 60.7014 60.298 59.8946 59.4913 59.0881 58.6849 58.2817 57.8786 57.4755 57.0725 56.6695 56.2666 55.8638 55.461 55.0582 54.6555 54.2529 53.8504 53.4478 53.0454 52.643 52.2407 51.8384 51.4362 51.034 50.6319 50.2298 49.8279 49.4259 49.0241 48.6223 48.2205 47.8189 47.4173 47.0157 46.6142 46.2128 45.8115 45.4102 45.009 44.6078 44.2067 43.8056 43.4047 43.0038 42.6029 42.2022 41.8015 41.4009 41.0003 40.5998 40.1994 39.799 39.3987 38.9985 38.5984 38.1984 37.7984 37.3985 36.9986 36.5988 36.1991 35.7995 35.3999 35.0004 34.601 34.2016 33.8024 33.4032 33.0041 32.605 32.206 31.8071 31.4082 31.0094 30.6106 30.2119 29.8132 29.4146 29.0161 28.6176 28.2192 27.8208 27.4225 27.0243 26.6261 26.228 25.83 25.432 25.034 24.6361 24.2383 23.8404 23.4427 23.045 22.6473 22.2497 21.8521 21.4546 21.0571 20.6596 20.2622 19.8648 19.4674 19.07 18.6727 18.2754 17.8781 17.4808 17.0835 16.6862 16.2889 15.8916 15.4943 15.097 14.6997 14.3024 13.9051 13.5078 13.1105 12.7132 12.3159 11.9186 11.5212 11.1239 10.7266 10.3293 9.93199 9.53468 9.13736 8.74005 8.34273 7.94542 7.54811 7.1508 6.75349 6.35618 5.95888 5.5616 5.16433 4.76707 4.36982 3.97256 3.5753 3.17803 2.78075 2.38347 1.9862 1.58893 1.19168 0.794447 0.39722 0. 
100. 99.5934 99.1868 98.7802 98.3737 97.9671 97.5605 97.1539 96.7474 96.3408 95.9343 95.5277 95.1212 94.7147 94.3082 93.9017 93.4953 93.0888 92.6824 92.276 91.8696 91.4632 91.0568 90.6505 90.2442 89.8379 89.4317 89.0255 88.6193 88.2132 87.807 87.4009 86.9949 86.5889 86.1829 85.7769 85.371 84.9652 84.5594 84.1536 83.7479 83.3423 82.9366 82.5311 82.1255 81.7201 81.3146 80.9093 80.504 80.0988 79.6936 79.2885 78.8834 78.4785 78.0736 77.6688 77.264 76.8594 76.4548 76.0502 75.6457 75.2412 74.8368 74.4324 74.0281 73.6238 73.2196 72.8154 72.4113 72.0072 71.6032 71.1992 70.7952 70.3912 69.9872 69.5833 69.1794 68.7755 68.3716 67.9677 67.5638 67.16 66.7561 66.3523 65.9485 65.5447 65.1409 64.7372 64.3335 63.9298 63.5261 63.1225 62.7188 62.3153 61.9117 61.5082 61.1048 60.7013 60.2979 59.8946 59.4913 59.088 58.6848 58.2817 57.8786 57.4755 57.0725 56.6695 56.2666 55.8637 55.4609 55.0582 54.6555 54.2529 53.8503 53.4478 53.0454 52.643 52.2406 51.8384 51.4361 51.034 50.6318 50.2298 49.8278 49.4259 49.0241 48.6223 48.2205 47.8188 47.4172 47.0157 46.6142 46.2128 45.8115 45.4102 45.0089 44.6078 44.2066 43.8056 43.4046 43.0037 42.6029 42.2021 41.8015 41.4008 41.0003 40.5998 40.1993 39.799 39.3987 38.9985 38.5984 38.1983 37.7984 37.3984 36.9986 36.5988 36.1991 35.7994 35.3998 35.0003 34.6009 34.2016 33.8024 33.4032 33.0041 32.605 32.206 31.8071 31.4082 31.0093 30.6105 30.2118 29.8132 29.4146 29.016 28.6176 28.2192 27.8208 27.4225 27.0243 26.6261 26.228 25.8299 25.4319 25.034 24.6361 24.2382 23.8404 23.4427 23.045 22.6473 22.2497 21.8521 21.4546 21.0571 20.6596 20.2622 19.8647 19.4674 19.07 18.6727 18.2754 17.878 17.4807 17.0835 16.6862 16.2889 15.8916 15.4943 15.097 14.6997 14.3024 13.9051 13.5078 13.1105 12.7132 12.3159 11.9186 11.5212 11.1239 10.7266 10.3293 9.93198 9.53467 9.13735 8.74004 8.34272 7.94541 7.5481 7.15079 6.75348 6.35618 5.95888 5.5616 5.16433 4.76707 4.36981 3.97256 3.5753 3.17803 2.78075 2.38347 1.9862 1.58893 1.19168 0.794445 0.39722 0. 
100. 99.5934 99.1868 98.7802 98.3737 97.9671 97.5605 97.1539 96.7474 96.3408 95.9343 95.5277 95.1212 94.7147 94.3082 93.9017 93.4952 93.0888 92.6824 92.276 91.8696 91.4632 91.0568 90.6505 90.2442 89.8379 89.4317 89.0255 88.6193 88.2131 87.807 87.4009 86.9949 86.5889 86.1829 85.7769 85.371 84.9652 84.5594 84.1536 83.7479 83.3423 82.9366 82.531 82.1255 81.72 81.3146 80.9093 80.504 80.0988 79.6936 79.2885 78.8834 78.4785 78.0736 77.6687 77.264 76.8593 76.4547 76.0502 75.6457 75.2412 74.8368 74.4324 74.0281 73.6238 73.2196 72.8154 72.4113 72.0072 71.6032 71.1991 70.7952 70.3912 69.9872 69.5833 69.1794 68.7754 68.3715 67.9677 67.5638 67.1599 66.7561 66.3523 65.9485 65.5447 65.1409 64.7372 64.3334 63.9297 63.5261 63.1224 62.7188 62.3152 61.9117 61.5082 61.1047 60.7013 60.2979 59.8946 59.4913 59.088 58.6848 58.2816 57.8785 57.4755 57.0724 56.6695 56.2666 55.8637 55.4609 55.0582 54.6555 54.2529 53.8503 53.4478 53.0453 52.6429 52.2406 51.8383 51.4361 51.0339 50.6318 50.2298 49.8278 49.4259 49.024 48.6222 48.2205 47.8188 47.4172 47.0157 46.6142 46.2128 45.8114 45.4101 45.0089 44.6077 44.2066 43.8056 43.4046 43.0037 42.6029 42.2021 41.8014 41.4008 41.0002 40.5997 40.1993 39.7989 39.3986 38.9984 38.5983 38.1983 37.7983 37.3984 36.9986 36.5988 36.199 35.7994 35.3998 35.0003 34.6009 34.2016 33.8023 33.4031 33.004 32.605 32.206 31.807 31.4081 31.0093 30.6105 30.2118 29.8131 29.4145 29.016 28.6175 28.2191 27.8208 27.4225 27.0243 26.6261 26.228 25.8299 25.4319 25.034 24.6361 24.2382 23.8404 23.4427 23.045 22.6473 22.2497 21.8521 21.4546 21.0571 20.6596 20.2621 19.8647 19.4674 19.07 18.6727 18.2754 17.878 17.4807 17.0834 16.6862 16.2889 15.8916 15.4943 15.097 14.6997 14.3024 13.9051 13.5078 13.1105 12.7132 12.3159 11.9185 11.5212 11.1239 10.7266 10.3293 9.93197 9.53466 9.13734 8.74003 8.34272 7.94541 7.5481 7.15079 6.75348 6.35617 5.95887 5.56159 5.16432 4.76706 4.36981 3.97256 3.5753 3.17803 2.78075 2.38347 1.98619 1.58893 1.19168 0.794443 0.397219 0. 
100. 99.5934 99.1868 98.7802 98.3737 97.9671 97.5605 97.1539 96.7474 96.3408 95.9343 95.5277 95.1212 94.7147 94.3082 93.9017 93.4952 93.0888 92.6824 92.276 91.8696 91.4632 91.0568 90.6505 90.2442 89.8379 89.4316 89.0254 88.6193 88.2131 87.807 87.4009 86.9949 86.5888 86.1828 85.7769 85.371 84.9651 84.5593 84.1536 83.7479 83.3422 82.9366 82.531 82.1255 81.72 81.3146 80.9093 80.504 80.0987 79.6936 79.2884 78.8834 78.4784 78.0735 77.6687 77.264 76.8593 76.4547 76.0501 75.6456 75.2412 74.8367 74.4324 74.028 73.6237 73.2195 72.8154 72.4113 72.0072 71.6031 71.1991 70.7951 70.3912 69.9872 69.5833 69.1793 68.7754 68.3715 67.9676 67.5638 67.1599 66.7561 66.3523 65.9485 65.5447 65.1409 64.7372 64.3334 63.9297 63.526 63.1224 62.7188 62.3152 61.9117 61.5082 61.1047 60.7013 60.2979 59.8946 59.4913 59.088 58.6848 58.2816 57.8785 57.4754 57.0724 56.6695 56.2666 55.8637 55.4609 55.0582 54.6555 54.2529 53.8503 53.4478 53.0453 52.6429 52.2406 51.8383 51.436 51.0339 50.6318 50.2298 49.8278 49.4259 49.024 48.6222 48.2205 47.8188 47.4172 47.0156 46.6142 46.2127 45.8114 45.4101 45.0089 44.6077 44.2066 43.8055 43.4046 43.0037 42.6028 42.2021 41.8014 41.4008 41.0002 40.5997 40.1992 39.7989 39.3986 38.9984 38.5983 38.1983 37.7983 37.3984 36.9985 36.5987 36.199 35.7993 35.3998 35.0003 34.6008 34.2015 33.8023 33.4031 33.004 32.6049 32.2059 31.807 31.4081 31.0093 30.6105 30.2118 29.8131 29.4145 29.016 28.6175 28.2191 27.8208 27.4225 27.0242 26.6261 26.228 25.8299 25.4319 25.034 24.6361 24.2382 23.8404 23.4426 23.0449 22.6473 22.2497 21.8521 21.4545 21.057 20.6596 20.2621 19.8647 19.4674 19.07 18.6727 18.2754 17.878 17.4807 17.0834 16.6862 16.2889 15.8916 15.4943 15.097 14.6997 14.3024 13.9051 13.5078 13.1105 12.7132 12.3158 11.9185 11.5212 11.1239 10.7266 10.3293 9.93196 9.53465 9.13733 8.74002 8.34271 7.9454 7.54809 7.15078 6.75347 6.35616 5.95886 5.56158 5.16431 4.76706 4.36981 3.97256 3.5753 3.17803 2.78075 2.38347 1.98619 1.58893 1.19168 0.794442 0.397218 0. 
100. 99.5934 99.1868 98.7802 98.3737 97.9671 97.5605 97.1539 96.7473 96.3408 95.9342 95.5277 95.1212 94.7147 94.3082 93.9017 93.4952 93.0888 92.6823 92.2759 91.8695 91.4632 91.0568 90.6505 90.2442 89.8379 89.4316 89.0254 88.6192 88.2131 87.807 87.4009 86.9948 86.5888 86.1828 85.7769 85.371 84.9651 84.5593 84.1536 83.7479 83.3422 82.9366 82.531 82.1255 81.72 81.3146 80.9092 80.5039 80.0987 79.6935 79.2884 78.8834 78.4784 78.0735 77.6687 77.264 76.8593 76.4547 76.0501 75.6456 75.2411 74.8367 74.4323 74.028 73.6237 73.2195 72.8153 72.4112 72.0072 71.6031 71.1991 70.7951 70.3911 69.9872 69.5832 69.1793 68.7754 68.3715 67.9676 67.5638 67.1599 66.7561 66.3522 65.9484 65.5446 65.1409 64.7371 64.3334 63.9297 63.526 63.1224 62.7188 62.3152 61.9117 61.5081 61.1047 60.7012 60.2979 59.8945 59.4912 59.088 58.6848 58.2816 57.8785 57.4754 57.0724 56.6694 56.2665 55.8637 55.4609 55.0581 54.6554 54.2528 53.8502 53.4477 53.0453 52.6429 52.2405 51.8383 51.436 51.0338 50.6317 50.2297 49.8278 49.4258 49.024 48.6222 48.2204 47.8187 47.4171 47.0156 46.6141 46.2127 45.8114 45.4101 45.0088 44.6077 44.2065 43.8055 43.4045 43.0036 42.6028 42.202 41.8014 41.4007 41.0002 40.5996 40.1992 39.7988 39.3986 38.9984 38.5983 38.1982 37.7982 37.3983 36.9985 36.5987 36.1989 35.7993 35.3997 35.0002 34.6008 34.2015 33.8022 33.403 33.0039 32.6049 32.2059 31.807 31.4081 31.0092 30.6104 30.2117 29.8131 29.4145 29.016 28.6175 28.2191 27.8207 27.4224 27.0242 26.626 26.2279 25.8299 25.4319 25.0339 24.636 24.2382 23.8404 23.4426 23.0449 22.6473 22.2496 21.8521 21.4545 21.057 20.6596 20.2621 19.8647 19.4673 19.07 18.6727 18.2753 17.878 17.4807 17.0834 16.6862 16.2889 15.8916 15.4943 15.097 14.6997 14.3024 13.9051 13.5078 13.1105 12.7132 12.3158 11.9185 11.5212 11.1239 10.7266 10.3293 9.93195 9.53464 9.13733 8.74001 8.3427 7.9454 7.54809 7.15078 6.75346 6.35615 5.95885 5.56157 5.1643 4.76705 4.3698 3.97255 3.5753 3.17803 2.78075 2.38347 1.98619 1.58893 1.19168 0.79444 0.397218 0. 
100. 99.5934 99.1868 98.7802 98.3736 97.9671 97.5605 97.1539 96.7474 96.3408 95.9343 95.5277 95.1212 94.7147 94.3082 93.9017 93.4952 93.0888 92.6823 92.2759 91.8695 91.4632 91.0568 90.6505 90.2442 89.8379 89.4316 89.0254 88.6192 88.2131 87.807 87.4009 86.9948 86.5888 86.1828 85.7769 85.371 84.9651 84.5593 84.1536 83.7479 83.3422 82.9366 82.531 82.1255 81.72 81.3146 80.9092 80.5039 80.0987 79.6935 79.2884 78.8834 78.4784 78.0735 77.6687 77.264 76.8593 76.4547 76.0501 75.6456 75.2411 74.8367 74.4323 74.028 73.6237 73.2195 72.8153 72.4112 72.0071 71.6031 71.1991 70.7951 70.3911 69.9872 69.5832 69.1793 68.7754 68.3715 67.9676 67.5637 67.1599 66.756 66.3522 65.9484 65.5446 65.1409 64.7371 64.3334 63.9297 63.526 63.1224 62.7188 62.3152 61.9116 61.5081 61.1047 60.7013 60.2979 59.8945 59.4912 59.088 58.6847 58.2816 57.8785 57.4754 57.0724 56.6694 56.2665 55.8637 55.4609 55.0581 54.6554 54.2528 53.8502 53.4477 53.0453 52.6429 52.2405 51.8382 51.436 51.0338 50.6317 50.2297 49.8277 49.4258 49.024 48.6222 48.2204 47.8187 47.4171 47.0156 46.6141 46.2127 45.8113 45.41 45.0088 44.6076 44.2065 43.8055 43.4045 43.0036 42.6028 42.202 41.8013 41.4007 41.0001 40.5996 40.1992 39.7988 39.3985 38.9983 38.5982 38.1982 37.7982 37.3983 36.9984 36.5987 36.1989 35.7993 35.3997 35.0002 34.6008 34.2014 33.8022 33.403 33.0039 32.6049 32.2059 31.8069 31.408 31.0092 30.6104 30.2117 29.813 29.4145 29.0159 28.6175 28.2191 27.8207 27.4224 27.0242 26.626 26.2279 25.8299 25.4319 25.0339 24.636 24.2382 23.8404 23.4426 23.0449 22.6473 22.2496 21.8521 21.4545 21.057 20.6595 20.2621 19.8647 19.4673 19.07 18.6727 18.2753 17.878 17.4807 17.0834 16.6861 16.2889 15.8916 15.4943 15.097 14.6997 14.3024 13.9051 13.5078 13.1105 12.7131 12.3158 11.9185 11.5212 11.1239 10.7266 10.3293 9.93195 9.53463 9.13732 8.74 8.3427 7.94539 7.54808 7.15077 6.75346 6.35615 5.95885 5.56157 5.1643 4.76704 4.3698 3.97255 3.57529 3.17803 2.78075 2.38347 1.98619 1.58893 1.19168 0.794439 0.397216 0. 
100. 99.5934 99.1868 98.7802 98.3736 97.9671 97.5605 97.1539 96.7473 96.3408 95.9342 95.5277 95.1212 94.7147 94.3082 93.9017 93.4952 93.0888 92.6823 92.2759 91.8695 91.4632 91.0568 90.6505 90.2442 89.8379 89.4316 89.0254 88.6192 88.2131 87.807 87.4009 86.9948 86.5888 86.1828 85.7769 85.371 84.9651 84.5593 84.1536 83.7479 83.3422 82.9366 82.531 82.1255 81.72 81.3146 80.9092 80.5039 80.0987 79.6935 79.2884 78.8834 78.4784 78.0735 77.6687 77.264 76.8593 76.4547 76.0501 75.6456 75.2411 74.8367 74.4323 74.028 73.6237 73.2195 72.8153 72.4112 72.0071 71.6031 71.1991 70.7951 70.3911 69.9872 69.5832 69.1793 68.7754 68.3715 67.9676 67.5637 67.1599 66.756 66.3522 65.9484 65.5446 65.1408 64.7371 64.3334 63.9297 63.526 63.1224 62.7187 62.3152 61.9116 61.5081 61.1047 60.7012 60.2979 59.8945 59.4912 59.088 58.6847 58.2816 57.8785 57.4754 57.0724 56.6694 56.2665 55.8637 55.4608 55.0581 54.6554 54.2528 53.8502 53.4477 53.0453 52.6429 52.2405 51.8382 51.436 51.0338 50.6317 50.2297 49.8277 49.4258 49.024 48.6222 48.2204 47.8187 47.4171 47.0156 46.6141 46.2127 45.8113 45.41 45.0088 44.6076 44.2065 43.8055 43.4045 43.0036 42.6028 42.202 41.8013 41.4007 41.0001 40.5996 40.1992 39.7988 39.3985 38.9983 38.5982 38.1982 37.7982 37.3983 36.9984 36.5986 36.1989 35.7993 35.3997 35.0002 34.6008 34.2014 33.8022 33.403 33.0039 32.6048 32.2059 31.8069 31.408 31.0092 30.6104 30.2117 29.813 29.4144 29.0159 28.6175 28.2191 27.8207 27.4224 27.0242 26.626 26.2279 25.8299 25.4319 25.0339 24.636 24.2382 23.8404 23.4426 23.0449 22.6473 22.2497 21.8521 21.4545 21.057 20.6596 20.2621 19.8647 19.4673 19.07 18.6727 18.2753 17.878 17.4807 17.0834 16.6861 16.2889 15.8916 15.4943 15.097 14.6997 14.3024 13.9051 13.5078 13.1105 12.7131 12.3158 11.9185 11.5212 11.1239 10.7266 10.3293 9.93194 9.53462 9.13731 8.74 8.34269 7.94539 7.54808 7.15077 6.75345 6.35615 5.95885 5.56156 5.1643 4.76704 4.36979 3.97254 3.57529 3.17802 2.78075 2.38347 1.9862 1.58893 1.19168 0.794443 0.397218 0. 
100. 99.5934 99.1868 98.7802 98.3736 97.9671 97.5605 97.1539 96.7473 96.3408 95.9342 95.5277 95.1212 94.7147 94.3082 93.9017 93.4952 93.0888 92.6823 92.2759 91.8695 91.4632 91.0568 90.6505 90.2442 89.8379 89.4316 89.0254 88.6192 88.2131 87.807 87.4009 86.9948 86.5888 86.1828 85.7769 85.371 84.9651 84.5593 84.1536 83.7479 83.3422 82.9366 82.531 82.1255 81.72 81.3146 80.9092 80.5039 80.0987 79.6935 79.2884 78.8834 78.4784 78.0735 77.6687 77.264 76.8593 76.4547 76.0501 75.6456 75.2411 74.8367 74.4323 74.028 73.6237 73.2195 72.8153 72.4112 72.0071 71.6031 71.1991 70.7951 70.3911 69.9871 69.5832 69.1793 68.7754 68.3715 67.9676 67.5637 67.1599 66.756 66.3522 65.9484 65.5446 65.1408 64.7371 64.3334 63.9297 63.526 63.1224 62.7187 62.3152 61.9116 61.5081 61.1046 60.7012 60.2978 59.8945 59.4912 59.0879 58.6847 58.2816 57.8784 57.4754 57.0724 56.6694 56.2665 55.8637 55.4608 55.0581 54.6554 54.2528 53.8502 53.4477 53.0453 52.6429 52.2405 51.8382 51.436 51.0338 50.6317 50.2297 49.8277 49.4258 49.024 48.6222 48.2204 47.8187 47.4171 47.0156 46.6141 46.2127 45.8113 45.41 45.0088 44.6076 44.2065 43.8055 43.4045 43.0036 42.6028 42.202 41.8013 41.4007 41.0001 40.5996 40.1992 39.7988 39.3985 38.9983 38.5982 38.1982 37.7982 37.3983 36.9984 36.5986 36.1989 35.7992 35.3997 35.0002 34.6008 34.2014 33.8022 33.403 33.0039 32.6048 32.2058 31.8069 31.408 31.0092 30.6104 30.2117 29.813 29.4144 29.0159 28.6175 28.2191 27.8207 27.4224 27.0242 26.626 26.2279 25.8299 25.4319 25.0339 24.636 24.2382 23.8404 23.4426 23.0449 22.6473 22.2497 21.8521 21.4545 21.057 20.6596 20.2621 19.8647 19.4673 19.07 18.6727 18.2753 17.878 17.4807 17.0834 16.6861 16.2888 15.8916 15.4943 15.097 14.6997 14.3024 13.9051 13.5078 13.1104 12.7131 12.3158 11.9185 11.5212 11.1239 10.7266 10.3293 9.93193 9.53462 9.1373 8.73999 8.34269 7.94538 7.54807 7.15076 6.75345 6.35614 5.95884 5.56156 5.16429 4.76704 4.36979 3.97254 3.57528 3.17802 2.78075 2.38347 1.9862 1.58893 1.19168 0.794447 0.397221 0. 
100. 99.5934 99.1868 98.7802 98.3737 97.9671 97.5605 97.1539 96.7473 96.3408 95.9342 95.5277 95.1212 94.7147 94.3082 93.9017 93.4952 93.0888 92.6823 92.2759 91.8695 91.4632 91.0568 90.6505 90.2442 89.8379 89.4316 89.0254 88.6192 88.2131 87.807 87.4009 86.9948 86.5888 86.1828 85.7769 85.371 84.9651 84.5593 84.1536 83.7479 83.3422 82.9366 82.531 82.1255 81.72 81.3146 80.9092 80.5039 80.0987 79.6935 79.2884 78.8834 78.4784 78.0735 77.6687 77.264 76.8593 76.4547 76.0501 75.6456 75.2411 74.8367 74.4323 74.028 73.6237 73.2195 72.8153 72.4112 72.0071 71.6031 71.1991 70.7951 70.3911 69.9871 69.5832 69.1793 68.7753 68.3714 67.9676 67.5637 67.1598 66.756 66.3522 65.9484 65.5446 65.1408 64.7371 64.3333 63.9296 63.526 63.1223 62.7187 62.3152 61.9116 61.5081 61.1046 60.7012 60.2978 59.8945 59.4912 59.0879 58.6847 58.2816 57.8784 57.4754 57.0724 56.6694 56.2665 55.8636 55.4608 55.0581 54.6554 54.2528 53.8502 53.4477 53.0452 52.6428 52.2405 51.8382 51.436 51.0338 50.6317 50.2297 49.8277 49.4258 49.0239 48.6221 48.2204 47.8187 47.4171 47.0156 46.6141 46.2127 45.8113 45.41 45.0088 44.6076 44.2065 43.8054 43.4045 43.0036 42.6028 42.202 41.8013 41.4007 41.0001 40.5996 40.1991 39.7988 39.3985 38.9983 38.5982 38.1981 37.7982 37.3983 36.9984 36.5986 36.1989 35.7992 35.3996 35.0001 34.6007 34.2014 33.8022 33.403 33.0039 32.6048 32.2058 31.8069 31.408 31.0092 30.6104 30.2117 29.813 29.4144 29.0159 28.6175 28.219 27.8207 27.4224 27.0242 26.626 26.2279 25.8299 25.4319 25.0339 24.636 24.2382 23.8404 23.4426 23.0449 22.6473 22.2497 21.8521 21.4545 21.057 20.6596 20.2621 19.8647 19.4673 19.07 18.6727 18.2753 17.878 17.4807 17.0834 16.6861 16.2888 15.8916 15.4943 15.097 14.6997 14.3024 13.9051 13.5078 13.1104 12.7131 12.3158 11.9185 11.5212 11.1239 10.7266 10.3292 9.93192 9.53461 9.1373 8.73999 8.34268 7.94537 7.54807 7.15076 6.75345 6.35614 5.95884 5.56156 5.16429 4.76703 4.36978 3.97253 3.57528 3.17802 2.78074 2.38347 1.9862 1.58894 1.19169 0.794449 0.397222 0. 
100. 99.5934 99.1868 98.7802 98.3736 97.9671 97.5605 97.1539 96.7474 96.3408 95.9342 95.5277 95.1212 94.7147 94.3082 93.9017 93.4952 93.0888 92.6823 92.2759 91.8695 91.4631 91.0568 90.6505 90.2442 89.8379 89.4316 89.0254 88.6192 88.2131 87.807 87.4009 86.9948 86.5888 86.1828 85.7769 85.371 84.9651 84.5593 84.1536 83.7479 83.3422 82.9366 82.531 82.1254 81.72 81.3146 80.9092 80.5039 80.0987 79.6935 79.2884 78.8834 78.4784 78.0735 77.6687 77.264 76.8593 76.4547 76.0501 75.6456 75.2411 74.8367 74.4323 74.028 73.6237 73.2195 72.8153 72.4112 72.0071 71.6031 71.199 70.7951 70.3911 69.9871 69.5832 69.1792 68.7753 68.3714 67.9675 67.5637 67.1598 66.756 66.3522 65.9484 65.5446 65.1408 64.7371 64.3333 63.9296 63.526 63.1223 62.7187 62.3151 61.9116 61.5081 61.1046 60.7012 60.2978 59.8945 59.4912 59.0879 58.6847 58.2815 57.8784 57.4754 57.0723 56.6694 56.2665 55.8636 55.4608 55.0581 54.6554 54.2528 53.8502 53.4477 53.0452 52.6428 52.2405 51.8382 51.436 51.0338 50.6317 50.2297 49.8277 49.4258 49.0239 48.6221 48.2204 47.8187 47.4171 47.0156 46.6141 46.2126 45.8113 45.41 45.0088 44.6076 44.2065 43.8054 43.4045 43.0036 42.6027 42.202 41.8013 41.4007 41.0001 40.5996 40.1991 39.7988 39.3985 38.9983 38.5982 38.1981 37.7981 37.3982 36.9984 36.5986 36.1989 35.7992 35.3996 35.0001 34.6007 34.2014 33.8021 33.403 33.0038 32.6048 32.2058 31.8069 31.408 31.0091 30.6104 30.2116 29.813 29.4144 29.0159 28.6174 28.219 27.8207 27.4224 27.0242 26.626 26.2279 25.8299 25.4319 25.0339 24.636 24.2382 23.8404 23.4426 23.0449 22.6473 22.2497 21.8521 21.4545 21.057 20.6596 20.2621 19.8647 19.4673 19.07 18.6726 18.2753 17.878 17.4807 17.0834 16.6861 16.2888 15.8915 15.4943 15.097 14.6997 14.3024 13.9051 13.5077 13.1104 12.7131 12.3158 11.9185 11.5212 11.1239 10.7265 10.3292 9.93192 9.53461 9.13729 8.73998 8.34267 7.94537 7.54806 7.15075 6.75344 6.35613 5.95884 5.56155 5.16428 4.76703 4.36978 3.97253 3.57527 3.17801 2.78074 2.38347 1.9862 1.58894 1.19169 0.79445 0.397223 0. 
100. 99.5934 99.1868 98.7802 98.3736 97.9671 97.5605 97.1539 96.7474 96.3408 95.9342 95.5277 95.1212 94.7147 94.3081 93.9017 93.4952 93.0887 92.6823 92.2759 91.8695 91.4631 91.0568 90.6505 90.2442 89.8379 89.4316 89.0254 88.6192 88.2131 87.807 87.4009 86.9948 86.5888 86.1828 85.7768 85.3709 84.9651 84.5593 84.1536 83.7478 83.3422 82.9366 82.531 82.1254 81.72 81.3146 80.9092 80.5039 80.0987 79.6935 79.2884 78.8834 78.4784 78.0735 77.6687 77.2639 76.8593 76.4547 76.0501 75.6456 75.2411 74.8367 74.4323 74.028 73.6237 73.2195 72.8153 72.4112 72.0071 71.603 71.199 70.795 70.3911 69.9871 69.5832 69.1792 68.7753 68.3714 67.9675 67.5637 67.1598 66.756 66.3521 65.9483 65.5446 65.1408 64.737 64.3333 63.9296 63.5259 63.1223 62.7187 62.3151 61.9116 61.5081 61.1046 60.7012 60.2978 59.8945 59.4912 59.0879 58.6847 58.2815 57.8784 57.4753 57.0723 56.6694 56.2665 55.8636 55.4608 55.0581 54.6554 54.2527 53.8502 53.4477 53.0452 52.6428 52.2405 51.8382 51.436 51.0338 50.6317 50.2297 49.8277 49.4258 49.0239 48.6221 48.2204 47.8187 47.4171 47.0155 46.614 46.2126 45.8113 45.41 45.0087 44.6076 44.2065 43.8054 43.4045 43.0036 42.6027 42.202 41.8013 41.4006 41.0001 40.5995 40.1991 39.7988 39.3985 38.9983 38.5982 38.1981 37.7981 37.3982 36.9984 36.5986 36.1988 35.7992 35.3996 35.0001 34.6007 34.2014 33.8021 33.4029 33.0038 32.6048 32.2058 31.8068 31.408 31.0091 30.6103 30.2116 29.813 29.4144 29.0159 28.6174 28.219 27.8207 27.4224 27.0242 26.626 26.2279 25.8298 25.4319 25.0339 24.636 24.2382 23.8404 23.4426 23.0449 22.6473 22.2497 21.8521 21.4545 21.057 20.6596 20.2621 19.8647 19.4673 19.07 18.6726 18.2753 17.878 17.4807 17.0834 16.6861 16.2888 15.8915 15.4942 15.097 14.6997 14.3024 13.905 13.5077 13.1104 12.7131 12.3158 11.9185 11.5212 11.1239 10.7265 10.3292 9.93191 9.5346 9.13729 8.73998 8.34267 7.94536 7.54806 7.15075 6.75344 6.35613 5.95883 5.56155 5.16428 4.76702 4.36977 3.97252 3.57527 3.17801 2.78074 2.38347 1.9862 1.58894 1.19169 0.794451 0.397223 0. 
100. 99.5934 99.1868 98.7802 98.3736 97.9671 97.5605 97.1539 96.7473 96.3408 95.9342 95.5277 95.1212 94.7146 94.3081 93.9017 93.4952 93.0888 92.6823 92.2759 91.8695 91.4631 91.0568 90.6504 90.2441 89.8379 89.4316 89.0254 88.6192 88.2131 87.8069 87.4009 86.9948 86.5888 86.1828 85.7768 85.3709 84.9651 84.5593 84.1535 83.7478 83.3422 82.9365 82.531 82.1254 81.7199 81.3145 80.9092 80.5039 80.0987 79.6935 79.2884 78.8834 78.4784 78.0735 77.6687 77.2639 76.8593 76.4546 76.0501 75.6456 75.2411 74.8367 74.4323 74.028 73.6237 73.2195 72.8153 72.4112 72.0071 71.603 71.199 70.795 70.391 69.9871 69.5831 69.1792 68.7753 68.3714 67.9675 67.5636 67.1598 66.756 66.3521 65.9483 65.5445 65.1408 64.737 64.3333 63.9296 63.5259 63.1223 62.7187 62.3151 61.9116 61.5081 61.1046 60.7012 60.2978 59.8944 59.4911 59.0879 58.6847 58.2815 57.8784 57.4753 57.0723 56.6694 56.2664 55.8636 55.4608 55.058 54.6554 54.2527 53.8502 53.4477 53.0452 52.6428 52.2405 51.8382 51.4359 51.0338 50.6317 50.2296 49.8277 49.4258 49.0239 48.6221 48.2204 47.8187 47.4171 47.0155 46.614 46.2126 45.8113 45.41 45.0087 44.6076 44.2064 43.8054 43.4044 43.0035 42.6027 42.2019 41.8012 41.4006 41. 40.5995 40.1991 39.7987 39.3984 38.9982 38.5981 38.1981 37.7981 37.3982 36.9983 36.5985 36.1988 35.7992 35.3996 35.0001 34.6007 34.2013 33.8021 33.4029 33.0038 32.6047 32.2058 31.8068 31.4079 31.0091 30.6103 30.2116 29.813 29.4144 29.0159 28.6174 28.219 27.8207 27.4224 27.0242 26.626 26.2279 25.8298 25.4318 25.0339 24.636 24.2382 23.8404 23.4426 23.0449 22.6473 22.2496 21.8521 21.4545 21.057 20.6595 20.2621 19.8647 19.4673 19.07 18.6726 18.2753 17.878 17.4807 17.0834 16.6861 16.2888 15.8915 15.4942 15.0969 14.6996 14.3023 13.905 13.5077 13.1104 12.7131 12.3158 11.9185 11.5212 11.1239 10.7265 10.3292 9.93191 9.53459 9.13728 8.73997 8.34267 7.94536 7.54805 7.15074 6.75343 6.35612 5.95883 5.56154 5.16427 4.76702 4.36977 3.97252 3.57527 3.17801 2.78074 2.38347 1.9862 1.58894 1.19169 0.794452 0.397224 0. 
100. 99.5934 99.1868 98.7802 98.3736 97.9671 97.5605 97.1539 96.7473 96.3408 95.9342 95.5277 95.1212 94.7147 94.3082 93.9017 93.4952 93.0887 92.6823 92.2759 91.8695 91.4631 91.0568 90.6504 90.2441 89.8379 89.4316 89.0254 88.6192 88.2131 87.8069 87.4008 86.9948 86.5888 86.1828 85.7768 85.3709 84.9651 84.5593 84.1535 83.7478 83.3422 82.9365 82.5309 82.1254 81.7199 81.3145 80.9092 80.5039 80.0987 79.6935 79.2884 78.8833 78.4784 78.0735 77.6687 77.2639 76.8592 76.4546 76.0501 75.6456 75.2411 74.8367 74.4323 74.0279 73.6237 73.2194 72.8153 72.4111 72.0071 71.603 71.199 70.795 70.391 69.9871 69.5831 69.1792 68.7753 68.3714 67.9675 67.5636 67.1598 66.7559 66.3521 65.9483 65.5445 65.1407 64.737 64.3333 63.9296 63.5259 63.1223 62.7187 62.3151 61.9115 61.508 61.1046 60.7011 60.2978 59.8944 59.4911 59.0879 58.6847 58.2815 57.8784 57.4753 57.0723 56.6693 56.2664 55.8636 55.4608 55.058 54.6553 54.2527 53.8501 53.4476 53.0452 52.6428 52.2404 51.8381 51.4359 51.0337 50.6317 50.2296 49.8276 49.4257 49.0239 48.6221 48.2203 47.8187 47.417 47.0155 46.614 46.2126 45.8112 45.4099 45.0087 44.6075 44.2064 43.8054 43.4044 43.0035 42.6027 42.2019 41.8012 41.4006 41. 40.5995 40.1991 39.7987 39.3984 38.9982 38.5981 38.198 37.7981 37.3982 36.9983 36.5985 36.1988 35.7991 35.3995 35.0001 34.6006 34.2013 33.8021 33.4029 33.0038 32.6047 32.2057 31.8068 31.4079 31.0091 30.6103 30.2116 29.8129 29.4144 29.0158 28.6174 28.219 27.8206 27.4224 27.0241 26.626 26.2279 25.8298 25.4318 25.0339 24.636 24.2382 23.8404 23.4426 23.0449 22.6473 22.2496 21.8521 21.4545 21.057 20.6595 20.2621 19.8647 19.4673 19.07 18.6726 18.2753 17.878 17.4807 17.0834 16.6861 16.2888 15.8915 15.4942 15.0969 14.6996 14.3023 13.905 13.5077 13.1104 12.7131 12.3158 11.9185 11.5212 11.1238 10.7265 10.3292 9.9319 9.53459 9.13728 8.73997 8.34266 7.94535 7.54805 7.15074 6.75343 6.35612 5.95882 5.56154 5.16427 4.76701 4.36976 3.97252 3.57527 3.17801 2.78074 2.38347 1.9862 1.58894 1.19169 0.794451 0.397224 0. 
100. 99.5934 99.1868 98.7802 98.3736 97.9671 97.5605 97.1539 96.7473 96.3408 95.9342 95.5277 95.1212 94.7146 94.3081 93.9017 93.4952 93.0887 92.6823 92.2759 91.8695 91.4631 91.0568 90.6504 90.2441 89.8378 89.4316 89.0254 88.6192 88.213 87.8069 87.4008 86.9948 86.5887 86.1828 85.7768 85.3709 84.9651 84.5593 84.1535 83.7478 83.3421 82.9365 82.5309 82.1254 81.7199 81.3145 80.9092 80.5039 80.0986 79.6935 79.2884 78.8833 78.4784 78.0735 77.6686 77.2639 76.8592 76.4546 76.0501 75.6455 75.2411 74.8366 74.4323 74.0279 73.6236 73.2194 72.8153 72.4111 72.007 71.603 71.199 70.795 70.391 69.987 69.5831 69.1792 68.7752 68.3713 67.9675 67.5636 67.1598 66.7559 66.3521 65.9483 65.5445 65.1407 64.737 64.3333 63.9296 63.5259 63.1223 62.7186 62.3151 61.9115 61.508 61.1046 60.7011 60.2977 59.8944 59.4911 59.0878 58.6846 58.2815 57.8783 57.4753 57.0723 56.6693 56.2664 55.8636 55.4607 55.058 54.6553 54.2527 53.8501 53.4476 53.0452 52.6428 52.2404 51.8381 51.4359 51.0337 50.6316 50.2296 49.8276 49.4257 49.0238 48.622 48.2203 47.8186 47.417 47.0155 46.614 46.2126 45.8112 45.4099 45.0087 44.6075 44.2064 43.8054 43.4044 43.0035 42.6027 42.2019 41.8012 41.4006 41. 40.5995 40.199 39.7987 39.3984 38.9982 38.5981 38.198 37.798 37.3981 36.9983 36.5985 36.1988 35.7991 35.3995 35. 34.6006 34.2013 33.802 33.4028 33.0037 32.6047 32.2057 31.8068 31.4079 31.009 30.6103 30.2116 29.8129 29.4143 29.0158 28.6174 28.219 27.8206 27.4223 27.0241 26.626 26.2278 25.8298 25.4318 25.0339 24.636 24.2381 23.8403 23.4426 23.0449 22.6472 22.2496 21.8521 21.4545 21.057 20.6595 20.2621 19.8647 19.4673 19.07 18.6726 18.2753 17.878 17.4807 17.0834 16.6861 16.2888 15.8915 15.4942 15.0969 14.6996 14.3023 13.905 13.5077 13.1104 12.7131 12.3158 11.9185 11.5212 11.1238 10.7265 10.3292 9.93189 9.53458 9.13727 8.73996 8.34265 7.94535 7.54804 7.15073 6.75342 6.35611 5.95881 5.56153 5.16426 4.76701 4.36976 3.97252 3.57527 3.17801 2.78074 2.38347 1.9862 1.58894 1.19169 0.794451 0.397223 0. 
100. 99.5934 99.1868 98.7802 98.3736 97.9671 97.5605 97.1539 96.7473 96.3408 95.9342 95.5277 95.1211 94.7146 94.3081 93.9017 93.4952 93.0887 92.6823 92.2759 91.8695 91.4631 91.0567 90.6504 90.2441 89.8378 89.4316 89.0254 88.6192 88.213 87.8069 87.4008 86.9948 86.5887 86.1827 85.7768 85.3709 84.965 84.5592 84.1535 83.7478 83.3421 82.9365 82.5309 82.1254 81.7199 81.3145 80.9091 80.5039 80.0986 79.6934 79.2883 78.8833 78.4783 78.0734 77.6686 77.2639 76.8592 76.4546 76.05 75.6455 75.241 74.8366 74.4322 74.0279 73.6236 73.2194 72.8152 72.4111 72.007 71.603 71.199 70.795 70.391 69.987 69.5831 69.1791 68.7752 68.3713 67.9675 67.5636 67.1597 66.7559 66.3521 65.9483 65.5445 65.1407 64.737 64.3332 63.9295 63.5259 63.1222 62.7186 62.3151 61.9115 61.508 61.1045 60.7011 60.2977 59.8944 59.4911 59.0878 58.6846 58.2814 57.8783 57.4753 57.0723 56.6693 56.2664 55.8635 55.4607 55.058 54.6553 54.2527 53.8501 53.4476 53.0451 52.6427 52.2404 51.8381 51.4359 51.0337 50.6316 50.2296 49.8276 49.4257 49.0238 48.622 48.2203 47.8186 47.417 47.0154 46.6139 46.2125 45.8112 45.4099 45.0086 44.6075 44.2064 43.8053 43.4044 43.0035 42.6026 42.2019 41.8012 41.4005 40.9999 40.5994 40.199 39.7986 39.3983 38.9981 38.598 38.198 37.798 37.3981 36.9982 36.5985 36.1987 35.7991 35.3995 35. 34.6006 34.2012 33.802 33.4028 33.0037 32.6047 32.2057 31.8067 31.4079 31.009 30.6102 30.2115 29.8129 29.4143 29.0158 28.6173 28.2189 27.8206 27.4223 27.0241 26.6259 26.2278 25.8298 25.4318 25.0339 24.636 24.2381 23.8403 23.4426 23.0449 22.6472 22.2496 21.852 21.4545 21.057 20.6595 20.2621 19.8647 19.4673 19.07 18.6726 18.2753 17.878 17.4807 17.0834 16.6861 16.2888 15.8915 15.4942 15.0969 14.6996 14.3023 13.905 13.5077 13.1104 12.7131 12.3158 11.9185 11.5211 11.1238 10.7265 10.3292 9.93189 9.53458 9.13727 8.73996 8.34265 7.94534 7.54804 7.15073 6.75341 6.35611 5.95881 5.56153 5.16426 4.767 4.36976 3.97251 3.57526 3.17801 2.78074 2.38347 1.9862 1.58893 1.19169 0.79445 0.397223 0. 
100. 99.5934 99.1868 98.7802 98.3736 97.9671 97.5605 97.1539 96.7473 96.3408 95.9342 95.5277 95.1212 94.7146 94.3081 93.9016 93.4952 93.0887 92.6823 92.2759 91.8695 91.4631 91.0567 90.6504 90.2441 89.8378 89.4316 89.0253 88.6192 88.213 87.8069 87.4008 86.9947 86.5887 86.1827 85.7768 85.3709 84.965 84.5592 84.1535 83.7478 83.3421 82.9365 82.5309 82.1253 81.7199 81.3145 80.9091 80.5038 80.0986 79.6934 79.2883 78.8833 78.4783 78.0734 77.6686 77.2639 76.8592 76.4546 76.05 75.6455 75.241 74.8366 74.4322 74.0279 73.6236 73.2194 72.8152 72.4111 72.007 71.603 71.1989 70.7949 70.391 69.987 69.5831 69.1791 68.7752 68.3713 67.9674 67.5636 67.1597 66.7559 66.352 65.9482 65.5445 65.1407 64.7369 64.3332 63.9295 63.5258 63.1222 62.7186 62.315 61.9115 61.508 61.1045 60.7011 60.2977 59.8943 59.4911 59.0878 58.6846 58.2814 57.8783 57.4752 57.0722 56.6693 56.2664 55.8635 55.4607 55.058 54.6553 54.2526 53.8501 53.4476 53.0451 52.6427 52.2404 51.8381 51.4358 51.0337 50.6316 50.2295 49.8276 49.4257 49.0238 48.622 48.2202 47.8186 47.4169 47.0154 46.6139 46.2125 45.8111 45.4099 45.0086 44.6074 44.2063 43.8053 43.4043 43.0034 42.6026 42.2018 41.8011 41.4005 40.9999 40.5994 40.199 39.7986 39.3983 38.9981 38.598 38.1979 37.798 37.3981 36.9982 36.5984 36.1987 35.799 35.3994 34.9999 34.6005 34.2012 33.802 33.4028 33.0037 32.6046 32.2056 31.8067 31.4078 31.009 30.6102 30.2115 29.8129 29.4143 29.0158 28.6173 28.2189 27.8206 27.4223 27.0241 26.6259 26.2278 25.8298 25.4318 25.0338 24.636 24.2381 23.8403 23.4426 23.0449 22.6472 22.2496 21.852 21.4545 21.057 20.6595 20.2621 19.8647 19.4673 19.0699 18.6726 18.2753 17.878 17.4807 17.0834 16.6861 16.2888 15.8915 15.4942 15.0969 14.6996 14.3023 13.905 13.5077 13.1104 12.7131 12.3158 11.9184 11.5211 11.1238 10.7265 10.3292 9.93188 9.53457 9.13726 8.73995 8.34265 7.94534 7.54803 7.15072 6.75341 6.3561 5.9588 5.56152 5.16425 4.767 4.36976 3.97251 3.57526 3.17801 2.78074 2.38346 1.98619 1.58893 1.19168 0.794448 0.397222 0. 
100. 99.5934 99.1868 98.7802 98.3736 97.967 97.5605 97.1539 96.7473 96.3408 95.9342 95.5277 95.1211 94.7146 94.3081 93.9016 93.4952 93.0887 92.6823 92.2759 91.8695 91.4631 91.0567 90.6504 90.2441 89.8378 89.4315 89.0253 88.6191 88.213 87.8069 87.4008 86.9947 86.5887 86.1827 85.7767 85.3708 84.965 84.5592 84.1535 83.7478 83.3421 82.9365 82.5309 82.1253 81.7198 81.3144 80.9091 80.5038 80.0986 79.6934 79.2883 78.8833 78.4783 78.0734 77.6686 77.2638 76.8592 76.4545 76.05 75.6455 75.241 74.8366 74.4322 74.0279 73.6236 73.2194 72.8152 72.4111 72.007 71.6029 71.1989 70.7949 70.3909 69.987 69.583 69.1791 68.7752 68.3713 67.9674 67.5635 67.1597 66.7558 66.352 65.9482 65.5444 65.1407 64.7369 64.3332 63.9295 63.5258 63.1222 62.7186 62.315 61.9115 61.5079 61.1045 60.7011 60.2977 59.8943 59.491 59.0878 58.6846 58.2814 57.8783 57.4752 57.0722 56.6692 56.2663 55.8635 55.4607 55.0579 54.6552 54.2526 53.85 53.4475 53.0451 52.6427 52.2403 51.838 51.4358 51.0336 50.6315 50.2295 49.8276 49.4256 49.0237 48.6219 48.2202 47.8185 47.4169 47.0154 46.6139 46.2125 45.8111 45.4098 45.0086 44.6074 44.2063 43.8053 43.4043 43.0034 42.6026 42.2018 41.8011 41.4005 40.9999 40.5994 40.1989 39.7985 39.3983 38.9981 38.5979 38.1979 37.7979 37.398 36.9982 36.5984 36.1986 35.799 35.3994 34.9999 34.6005 34.2012 33.8019 33.4027 33.0036 32.6046 32.2056 31.8067 31.4078 31.0089 30.6102 30.2115 29.8128 29.4142 29.0157 28.6173 28.2189 27.8205 27.4223 27.0241 26.6259 26.2278 25.8297 25.4318 25.0338 24.6359 24.2381 23.8403 23.4425 23.0448 22.6472 22.2496 21.852 21.4545 21.057 20.6595 20.2621 19.8647 19.4673 19.0699 18.6726 18.2753 17.878 17.4807 17.0834 16.6861 16.2888 15.8915 15.4942 15.0969 14.6996 14.3023 13.905 13.5077 13.1104 12.7131 12.3157 11.9184 11.5211 11.1238 10.7265 10.3292 9.93187 9.53456 9.13726 8.73995 8.34264 7.94533 7.54803 7.15072 6.7534 6.35609 5.95879 5.56151 5.16425 4.767 4.36975 3.97251 3.57526 3.178 2.78073 2.38346 1.98619 1.58893 1.19168 0.794444 0.39722 0. 
100. 99.5934 99.1868 98.7802 98.3736 97.967 97.5605 97.1539 96.7473 96.3408 95.9342 95.5277 95.1211 94.7146 94.3081 93.9016 93.4952 93.0887 92.6823 92.2759 91.8694 91.4631 91.0567 90.6504 90.2441 89.8378 89.4315 89.0253 88.6191 88.213 87.8069 87.4008 86.9947 86.5887 86.1827 85.7767 85.3708 84.965 84.5592 84.1534 83.7477 83.3421 82.9364 82.5308 82.1253 81.7198 81.3144 80.9091 80.5038 80.0985 79.6934 79.2883 78.8832 78.4782 78.0733 77.6685 77.2638 76.8591 76.4545 76.05 75.6454 75.241 74.8366 74.4322 74.0278 73.6235 73.2193 72.8151 72.411 72.0069 71.6029 71.1989 70.7949 70.3909 69.987 69.583 69.1791 68.7752 68.3713 67.9674 67.5635 67.1597 66.7558 66.352 65.9482 65.5444 65.1407 64.7369 64.3332 63.9295 63.5258 63.1222 62.7186 62.315 61.9114 61.5079 61.1045 60.701 60.2976 59.8943 59.491 59.0877 58.6845 58.2814 57.8783 57.4752 57.0722 56.6692 56.2663 55.8634 55.4606 55.0579 54.6552 54.2526 53.85 53.4475 53.0451 52.6427 52.2403 51.838 51.4358 51.0336 50.6315 50.2295 49.8275 49.4256 49.0237 48.622 48.2202 47.8185 47.4169 47.0153 46.6139 46.2124 45.8111 45.4098 45.0086 44.6074 44.2063 43.8052 43.4043 43.0034 42.6025 42.2018 41.8011 41.4004 40.9999 40.5993 40.1989 39.7985 39.3982 38.998 38.5979 38.1979 37.7979 37.398 36.9982 36.5984 36.1986 35.799 35.3994 34.9999 34.6005 34.2011 33.8019 33.4027 33.0036 32.6046 32.2056 31.8067 31.4078 31.0089 30.6102 30.2115 29.8128 29.4142 29.0157 28.6173 28.2189 27.8205 27.4223 27.024 26.6259 26.2278 25.8297 25.4318 25.0338 24.6359 24.2381 23.8403 23.4425 23.0448 22.6472 22.2496 21.852 21.4545 21.057 20.6595 20.2621 19.8647 19.4673 19.0699 18.6726 18.2753 17.878 17.4807 17.0834 16.6861 16.2888 15.8915 15.4942 15.0969 14.6996 14.3023 13.905 13.5077 13.1104 12.7131 12.3157 11.9184 11.5211 11.1238 10.7265 10.3292 9.93187 9.53456 9.13725 8.73994 8.34263 7.94533 7.54802 7.15071 6.7534 6.35609 5.95879 5.56151 5.16424 4.76699 4.36975 3.97251 3.57526 3.178 2.78073 2.38346 1.98619 1.58893 1.19168 0.794444 0.397219 0. 
100. 99.5934 99.1868 98.7802 98.3736 97.967 97.5605 97.1539 96.7473 96.3408 95.9342 95.5277 95.1211 94.7146 94.3081 93.9016 93.4952 93.0887 92.6823 92.2758 91.8694 91.463 91.0567 90.6504 90.2441 89.8378 89.4315 89.0253 88.6191 88.213 87.8069 87.4008 86.9947 86.5887 86.1827 85.7767 85.3708 84.965 84.5592 84.1534 83.7477 83.3421 82.9364 82.5308 82.1253 81.7198 81.3144 80.909 80.5038 80.0985 79.6934 79.2882 78.8832 78.4782 78.0733 77.6685 77.2638 76.8591 76.4545 76.0499 75.6454 75.241 74.8365 74.4322 74.0278 73.6235 73.2193 72.8151 72.411 72.0069 71.6029 71.1989 70.7949 70.3909 69.9869 69.583 69.1791 68.7752 68.3713 67.9674 67.5635 67.1596 66.7558 66.352 65.9482 65.5444 65.1406 64.7369 64.3331 63.9295 63.5258 63.1222 62.7185 62.315 61.9114 61.5079 61.1044 60.701 60.2976 59.8943 59.491 59.0877 58.6845 58.2813 57.8782 57.4752 57.0721 56.6692 56.2663 55.8634 55.4606 55.0579 54.6552 54.2526 53.85 53.4475 53.045 52.6426 52.2403 51.838 51.4358 51.0336 50.6315 50.2295 49.8275 49.4255 49.0237 48.6219 48.2202 47.8185 47.4169 47.0153 46.6139 46.2124 45.8111 45.4098 45.0086 44.6074 44.2063 43.8052 43.4043 43.0034 42.6025 42.2018 41.8011 41.4004 40.9999 40.5993 40.1989 39.7985 39.3982 38.998 38.5979 38.1979 37.7979 37.398 36.9981 36.5983 36.1986 35.799 35.3994 34.9999 34.6005 34.2011 33.8019 33.4027 33.0036 32.6046 32.2056 31.8066 31.4078 31.0089 30.6102 30.2114 29.8128 29.4142 29.0157 28.6173 28.2189 27.8205 27.4223 27.024 26.6259 26.2278 25.8297 25.4318 25.0338 24.6359 24.2381 23.8403 23.4425 23.0448 22.6472 22.2496 21.852 21.4545 21.057 20.6595 20.2621 19.8646 19.4673 19.0699 18.6726 18.2753 17.878 17.4806 17.0834 16.6861 16.2888 15.8915 15.4942 15.0969 14.6996 14.3023 13.905 13.5077 13.1104 12.713 12.3157 11.9184 11.5211 11.1238 10.7265 10.3292 9.93186 9.53455 9.13725 8.73994 8.34263 7.94533 7.54802 7.15071 6.7534 6.35609 5.95879 5.56151 5.16424 4.76699 4.36975 3.97251 3.57526 3.178 2.78073 2.38346 1.98619 1.58893 1.19168 0.794444 0.397219 0. 
100. 99.5934 99.1868 98.7802 98.3736 97.967 97.5605 97.1539 96.7473 96.3408 95.9342 95.5277 95.1211 94.7146 94.3081 93.9016 93.4952 93.0887 92.6823 92.2758 91.8694 91.4631 91.0567 90.6504 90.2441 89.8378 89.4315 89.0253 88.6191 88.213 87.8069 87.4008 86.9947 86.5887 86.1827 85.7767 85.3708 84.965 84.5592 84.1534 83.7477 83.342 82.9364 82.5308 82.1253 81.7198 81.3144 80.909 80.5038 80.0985 79.6934 79.2882 78.8832 78.4782 78.0733 77.6685 77.2638 76.8591 76.4545 76.0499 75.6454 75.241 74.8365 74.4321 74.0278 73.6235 73.2193 72.8151 72.411 72.0069 71.6029 71.1989 70.7949 70.3909 69.9869 69.583 69.1791 68.7751 68.3712 67.9674 67.5635 67.1596 66.7558 66.352 65.9482 65.5444 65.1406 64.7369 64.3331 63.9294 63.5258 63.1221 62.7185 62.315 61.9114 61.5079 61.1044 60.701 60.2976 59.8943 59.491 59.0877 58.6845 58.2813 57.8782 57.4752 57.0721 56.6692 56.2663 55.8634 55.4606 55.0579 54.6552 54.2526 53.85 53.4475 53.045 52.6426 52.2403 51.838 51.4358 51.0336 50.6315 50.2294 49.8275 49.4256 49.0237 48.6219 48.2202 47.8185 47.4169 47.0153 46.6139 46.2124 45.8111 45.4098 45.0086 44.6074 44.2063 43.8052 43.4043 43.0034 42.6025 42.2018 41.8011 41.4004 40.9998 40.5993 40.1989 39.7985 39.3982 38.998 38.5979 38.1979 37.7979 37.398 36.9981 36.5983 36.1986 35.7989 35.3994 34.9999 34.6005 34.2011 33.8019 33.4027 33.0036 32.6046 32.2056 31.8066 31.4077 31.0089 30.6101 30.2114 29.8128 29.4142 29.0157 28.6173 28.2189 27.8205 27.4223 27.024 26.6259 26.2278 25.8297 25.4318 25.0338 24.6359 24.2381 23.8403 23.4425 23.0448 22.6472 22.2496 21.852 21.4545 21.057 20.6595 20.2621 19.8646 19.4673 19.0699 18.6726 18.2753 17.8779 17.4806 17.0833 16.6861 16.2888 15.8915 15.4942 15.0969 14.6996 14.3023 13.905 13.5077 13.1103 12.713 12.3157 11.9184 11.5211 11.1238 10.7265 10.3292 9.93186 9.53455 9.13724 8.73994 8.34263 7.94532 7.54801 7.1507 6.75339 6.35609 5.95879 5.56151 5.16425 4.76699 4.36975 3.9725 3.57525 3.17799 2.78073 2.38345 1.98619 1.58893 1.19168 0.794444 0.39722 0. 
100. 99.5934 99.1868 98.7802 98.3736 97.967 97.5605 97.1539 96.7473 96.3408 95.9342 95.5277 95.1211 94.7146 94.3081 93.9016 93.4952 93.0887 92.6823 92.2759 91.8694 91.4631 91.0567 90.6504 90.2441 89.8378 89.4315 89.0253 88.6191 88.213 87.8069 87.4008 86.9947 86.5887 86.1827 85.7767 85.3708 84.965 84.5592 84.1534 83.7477 83.342 82.9364 82.5308 82.1253 81.7198 81.3144 80.9091 80.5038 80.0985 79.6934 79.2882 78.8832 78.4782 78.0733 77.6685 77.2638 76.8591 76.4545 76.0499 75.6454 75.2409 74.8365 74.4321 74.0278 73.6235 73.2193 72.8151 72.411 72.0069 71.6029 71.1988 70.7949 70.3909 69.9869 69.583 69.179 68.7751 68.3712 67.9674 67.5635 67.1596 66.7558 66.352 65.9482 65.5444 65.1406 64.7368 64.3331 63.9294 63.5258 63.1221 62.7185 62.315 61.9114 61.5079 61.1044 60.701 60.2976 59.8943 59.491 59.0877 58.6845 58.2813 57.8782 57.4752 57.0721 56.6692 56.2663 55.8634 55.4606 55.0579 54.6552 54.2525 53.85 53.4475 53.045 52.6426 52.2403 51.838 51.4357 51.0336 50.6315 50.2295 49.8275 49.4256 49.0237 48.6219 48.2202 47.8185 47.4169 47.0153 46.6139 46.2124 45.8111 45.4098 45.0085 44.6074 44.2063 43.8052 43.4042 43.0033 42.6025 42.2018 41.8011 41.4004 40.9998 40.5993 40.1989 39.7985 39.3982 38.998 38.5979 38.1979 37.7979 37.398 36.9981 36.5983 36.1986 35.7989 35.3994 34.9999 34.6004 34.2011 33.8019 33.4027 33.0036 32.6045 32.2056 31.8066 31.4077 31.0089 30.6101 30.2114 29.8128 29.4142 29.0157 28.6173 28.2189 27.8205 27.4223 27.024 26.6259 26.2278 25.8297 25.4317 25.0338 24.6359 24.2381 23.8403 23.4425 23.0448 22.6472 22.2496 21.852 21.4545 21.057 20.6595 20.262 19.8646 19.4673 19.0699 18.6726 18.2752 17.8779 17.4806 17.0833 16.6861 16.2888 15.8915 15.4942 15.0969 14.6996 14.3023 13.905 13.5077 13.1103 12.713 12.3157 11.9184 11.5211 11.1238 10.7265 10.3292 9.93185 9.53455 9.13724 8.73993 8.34262 7.94532 7.54801 7.1507 6.75339 6.35608 5.95879 5.56151 5.16425 4.76699 4.36975 3.9725 3.57525 3.17799 2.78072 2.38345 1.98619 1.58893 1.19168 0.794444 0.39722 0. 
100. 99.5934 99.1868 98.7802 98.3736 97.967 97.5605 97.1539 96.7473 96.3408 95.9342 95.5277 95.1211 94.7146 94.3081 93.9016 93.4951 93.0887 92.6823 92.2758 91.8694 91.463 91.0567 90.6504 90.2441 89.8378 89.4315 89.0253 88.6191 88.213 87.8068 87.4007 86.9947 86.5886 86.1826 85.7767 85.3708 84.965 84.5592 84.1534 83.7477 83.342 82.9364 82.5308 82.1253 81.7198 81.3144 80.909 80.5038 80.0985 79.6933 79.2882 78.8832 78.4782 78.0733 77.6685 77.2638 76.8591 76.4545 76.0499 75.6454 75.2409 74.8365 74.4321 74.0278 73.6235 73.2193 72.8151 72.411 72.0069 71.6029 71.1988 70.7948 70.3909 69.9869 69.583 69.179 68.7751 68.3712 67.9673 67.5635 67.1596 66.7558 66.3519 65.9481 65.5443 65.1406 64.7368 64.3331 63.9294 63.5258 63.1221 62.7185 62.3149 61.9114 61.5079 61.1044 60.701 60.2976 59.8943 59.491 59.0877 58.6845 58.2813 57.8782 57.4751 57.0721 56.6692 56.2663 55.8634 55.4606 55.0578 54.6552 54.2525 53.85 53.4475 53.045 52.6426 52.2403 51.838 51.4357 51.0336 50.6315 50.2295 49.8275 49.4256 49.0237 48.6219 48.2202 47.8185 47.4169 47.0153 46.6138 46.2124 45.8111 45.4098 45.0085 44.6074 44.2062 43.8052 43.4042 43.0033 42.6025 42.2017 41.801 41.4004 40.9998 40.5993 40.1989 39.7985 39.3982 38.998 38.5979 38.1978 37.7979 37.398 36.9981 36.5983 36.1986 35.7989 35.3993 34.9998 34.6004 34.2011 33.8019 33.4027 33.0036 32.6045 32.2055 31.8066 31.4077 31.0089 30.6101 30.2114 29.8128 29.4142 29.0157 28.6172 28.2189 27.8205 27.4222 27.024 26.6259 26.2278 25.8297 25.4317 25.0338 24.6359 24.2381 23.8403 23.4425 23.0448 22.6472 22.2496 21.852 21.4545 21.057 20.6595 20.2621 19.8646 19.4673 19.0699 18.6726 18.2752 17.8779 17.4806 17.0833 16.686 16.2888 15.8915 15.4942 15.0969 14.6996 14.3023 13.905 13.5076 13.1103 12.713 12.3157 11.9184 11.5211 11.1238 10.7265 10.3292 9.93185 9.53454 9.13724 8.73993 8.34262 7.94531 7.54801 7.1507 6.75339 6.35608 5.95879 5.56151 5.16424 4.76699 4.36974 3.9725 3.57525 3.17799 2.78072 2.38345 1.98619 1.58893 1.19168 0.794445 0.39722 0. 
100. 99.5934 99.1868 98.7802 98.3736 97.967 97.5605 97.1539 96.7473 96.3408 95.9342 95.5277 95.1211 94.7146 94.3081 93.9016 93.4951 93.0887 92.6823 92.2758 91.8694 91.463 91.0567 90.6504 90.244 89.8378 89.4315 89.0253 88.6191 88.213 87.8068 87.4007 86.9947 86.5886 86.1826 85.7767 85.3708 84.9649 84.5591 84.1534 83.7477 83.342 82.9364 82.5308 82.1253 81.7198 81.3144 80.909 80.5037 80.0985 79.6933 79.2882 78.8832 78.4782 78.0733 77.6685 77.2638 76.8591 76.4545 76.0499 75.6454 75.2409 74.8365 74.4321 74.0278 73.6235 73.2193 72.8151 72.411 72.0069 71.6028 71.1988 70.7948 70.3909 69.9869 69.5829 69.179 68.7751 68.3712 67.9673 67.5634 67.1596 66.7558 66.3519 65.9481 65.5443 65.1406 64.7368 64.3331 63.9294 63.5257 63.1221 62.7185 62.3149 61.9114 61.5079 61.1044 60.701 60.2976 59.8942 59.4909 59.0877 58.6845 58.2813 57.8782 57.4751 57.0721 56.6692 56.2663 55.8634 55.4606 55.0578 54.6552 54.2525 53.85 53.4474 53.045 52.6426 52.2403 51.838 51.4357 51.0336 50.6315 50.2295 49.8275 49.4256 49.0237 48.6219 48.2201 47.8185 47.4169 47.0153 46.6138 46.2124 45.811 45.4098 45.0085 44.6073 44.2062 43.8052 43.4042 43.0033 42.6025 42.2017 41.801 41.4004 40.9998 40.5993 40.1988 39.7985 39.3982 38.998 38.5979 38.1978 37.7978 37.3979 36.9981 36.5983 36.1986 35.7989 35.3993 34.9998 34.6004 34.2011 33.8018 33.4027 33.0036 32.6045 32.2055 31.8066 31.4077 31.0089 30.6101 30.2114 29.8128 29.4142 29.0157 28.6172 28.2188 27.8205 27.4222 27.024 26.6259 26.2278 25.8297 25.4317 25.0338 24.6359 24.2381 23.8403 23.4425 23.0448 22.6472 22.2496 21.852 21.4545 21.057 20.6595 20.262 19.8646 19.4673 19.0699 18.6726 18.2752 17.8779 17.4806 17.0833 16.686 16.2887 15.8915 15.4942 15.0969 14.6996 14.3023 13.905 13.5076 13.1103 12.713 12.3157 11.9184 11.5211 11.1238 10.7265 10.3292 9.93185 9.53454 9.13723 8.73992 8.34262 7.94531 7.548 7.15069 6.75338 6.35608 5.95879 5.56151 5.16424 4.76699 4.36974 3.97249 3.57524 3.17798 2.78072 2.38345 1.98618 1.58893 1.19168 0.794445 0.39722 0. 
100. 99.5934 99.1868 98.7802 98.3736 97.967 97.5605 97.1539 96.7473 96.3408 95.9342 95.5277 95.1211 94.7146 94.3081 93.9016 93.4951 93.0887 92.6823 92.2758 91.8694 91.463 91.0567 90.6503 90.244 89.8378 89.4315 89.0253 88.6191 88.213 87.8068 87.4007 86.9947 86.5886 86.1826 85.7767 85.3708 84.9649 84.5591 84.1534 83.7477 83.342 82.9364 82.5308 82.1253 81.7198 81.3144 80.909 80.5037 80.0985 79.6933 79.2882 78.8832 78.4782 78.0733 77.6685 77.2638 76.8591 76.4545 76.0499 75.6454 75.2409 74.8365 74.4321 74.0278 73.6235 73.2193 72.8151 72.411 72.0069 71.6028 71.1988 70.7948 70.3908 69.9869 69.5829 69.179 68.7751 68.3712 67.9673 67.5634 67.1596 66.7557 66.3519 65.9481 65.5443 65.1405 64.7368 64.3331 63.9294 63.5257 63.1221 62.7185 62.3149 61.9114 61.5078 61.1044 60.701 60.2976 59.8942 59.4909 59.0877 58.6845 58.2813 57.8782 57.4751 57.0721 56.6691 56.2662 55.8634 55.4606 55.0578 54.6551 54.2525 53.8499 53.4474 53.045 52.6426 52.2402 51.8379 51.4357 51.0335 50.6315 50.2294 49.8275 49.4255 49.0237 48.6219 48.2201 47.8185 47.4168 47.0153 46.6138 46.2124 45.811 45.4097 45.0085 44.6073 44.2062 43.8052 43.4042 43.0033 42.6025 42.2017 41.801 41.4004 40.9998 40.5993 40.1988 39.7985 39.3982 38.998 38.5978 38.1978 37.7978 37.3979 36.9981 36.5983 36.1985 35.7989 35.3993 34.9998 34.6004 34.2011 33.8018 33.4026 33.0035 32.6045 32.2055 31.8066 31.4077 31.0089 30.6101 30.2114 29.8128 29.4142 29.0157 28.6172 28.2188 27.8205 27.4222 27.024 26.6259 26.2278 25.8297 25.4317 25.0338 24.6359 24.2381 23.8403 23.4425 23.0448 22.6472 22.2496 21.852 21.4545 21.057 20.6595 20.262 19.8646 19.4672 19.0699 18.6726 18.2752 17.8779 17.4806 17.0833 16.686 16.2887 15.8915 15.4942 15.0969 14.6996 14.3023 13.9049 13.5076 13.1103 12.713 12.3157 11.9184 11.5211 11.1238 10.7265 10.3291 9.93184 9.53453 9.13723 8.73992 8.34261 7.94531 7.548 7.15069 6.75338 6.35608 5.95878 5.5615 5.16424 4.76699 4.36974 3.97249 3.57524 3.17798 2.78072 2.38345 1.98618 1.58892 1.19168 0.794444 0.39722 0. 
100. 99.5934 99.1868 98.7802 98.3736 97.967 97.5605 97.1539 96.7473 96.3407 95.9342 95.5277 95.1211 94.7146 94.3081 93.9016 93.4951 93.0887 92.6822 92.2758 91.8694 91.463 91.0567 90.6503 90.244 89.8378 89.4315 89.0253 88.6191 88.2129 87.8068 87.4007 86.9947 86.5886 86.1826 85.7767 85.3708 84.9649 84.5591 84.1534 83.7477 83.342 82.9364 82.5308 82.1252 81.7198 81.3144 80.909 80.5037 80.0985 79.6933 79.2882 78.8832 78.4782 78.0733 77.6685 77.2637 76.8591 76.4545 76.0499 75.6454 75.2409 74.8365 74.4321 74.0278 73.6235 73.2193 72.8151 72.411 72.0069 71.6028 71.1988 70.7948 70.3908 69.9869 69.5829 69.179 68.7751 68.3712 67.9673 67.5634 67.1596 66.7557 66.3519 65.9481 65.5443 65.1405 64.7368 64.3331 63.9294 63.5257 63.1221 62.7185 62.3149 61.9113 61.5078 61.1044 60.7009 60.2975 59.8942 59.4909 59.0877 58.6844 58.2813 57.8781 57.4751 57.0721 56.6691 56.2662 55.8634 55.4606 55.0578 54.6551 54.2525 53.8499 53.4474 53.045 52.6426 52.2402 51.8379 51.4357 51.0335 50.6314 50.2294 49.8274 49.4255 49.0237 48.6219 48.2201 47.8184 47.4168 47.0153 46.6138 46.2124 45.811 45.4097 45.0085 44.6073 44.2062 43.8051 43.4042 43.0033 42.6025 42.2017 41.801 41.4003 40.9998 40.5992 40.1988 39.7984 39.3981 38.9979 38.5978 38.1978 37.7978 37.3979 36.998 36.5982 36.1985 35.7989 35.3993 34.9998 34.6004 34.201 33.8018 33.4026 33.0035 32.6045 32.2055 31.8065 31.4077 31.0088 30.6101 30.2114 29.8127 29.4142 29.0157 28.6172 28.2188 27.8205 27.4222 27.024 26.6258 26.2277 25.8297 25.4317 25.0338 24.6359 24.238 23.8403 23.4425 23.0448 22.6472 22.2496 21.852 21.4544 21.0569 20.6595 20.262 19.8646 19.4672 19.0699 18.6725 18.2752 17.8779 17.4806 17.0833 16.686 16.2887 15.8914 15.4942 15.0969 14.6996 14.3023 13.9049 13.5076 13.1103 12.713 12.3157 11.9184 11.5211 11.1238 10.7264 10.3291 9.93183 9.53453 9.13722 8.73991 8.34261 7.9453 7.548 7.15069 6.75338 6.35607 5.95878 5.5615 5.16424 4.76698 4.36974 3.97249 3.57524 3.17798 2.78072 2.38345 1.98618 1.58892 1.19168 0.794443 0.397219 0. 
100. 99.5934 99.1868 98.7802 98.3736 97.967 97.5605 97.1539 96.7473 96.3407 95.9342 95.5276 95.1211 94.7146 94.3081 93.9016 93.4951 93.0887 92.6822 92.2758 91.8694 91.463 91.0567 90.6503 90.244 89.8377 89.4315 89.0253 88.6191 88.2129 87.8068 87.4007 86.9946 86.5886 86.1826 85.7767 85.3708 84.9649 84.5591 84.1534 83.7477 83.342 82.9364 82.5308 82.1252 81.7197 81.3143 80.909 80.5037 80.0985 79.6933 79.2882 78.8831 78.4782 78.0733 77.6685 77.2637 76.859 76.4544 76.0499 75.6454 75.2409 74.8365 74.4321 74.0277 73.6235 73.2192 72.8151 72.4109 72.0068 71.6028 71.1988 70.7948 70.3908 69.9868 69.5829 69.179 68.775 68.3711 67.9673 67.5634 67.1596 66.7557 66.3519 65.9481 65.5443 65.1405 64.7368 64.333 63.9293 63.5257 63.122 62.7184 62.3149 61.9113 61.5078 61.1043 60.7009 60.2975 59.8942 59.4909 59.0876 58.6844 58.2812 57.8781 57.4751 57.0721 56.6691 56.2662 55.8633 55.4605 55.0578 54.6551 54.2525 53.8499 53.4474 53.0449 52.6426 52.2402 51.8379 51.4357 51.0335 50.6314 50.2294 49.8274 49.4255 49.0236 48.6218 48.2201 47.8184 47.4168 47.0152 46.6138 46.2123 45.811 45.4097 45.0085 44.6073 44.2062 43.8051 43.4041 43.0033 42.6024 42.2017 41.801 41.4003 40.9997 40.5992 40.1988 39.7984 39.3981 38.9979 38.5978 38.1977 37.7978 37.3979 36.998 36.5982 36.1985 35.7988 35.3993 34.9998 34.6004 34.201 33.8018 33.4026 33.0035 32.6044 32.2055 31.8065 31.4077 31.0088 30.6101 30.2114 29.8127 29.4141 29.0156 28.6172 28.2188 27.8205 27.4222 27.024 26.6258 26.2277 25.8297 25.4317 25.0338 24.6359 24.238 23.8402 23.4425 23.0448 22.6472 22.2495 21.852 21.4544 21.0569 20.6595 20.262 19.8646 19.4672 19.0699 18.6725 18.2752 17.8779 17.4806 17.0833 16.686 16.2887 15.8914 15.4941 15.0969 14.6996 14.3022 13.9049 13.5076 13.1103 12.713 12.3157 11.9184 11.5211 11.1238 10.7264 10.3291 9.93183 9.53452 9.13722 8.73991 8.3426 7.9453 7.54799 7.15068 6.75338 6.35607 5.95878 5.5615 5.16423 4.76698 4.36973 3.97249 3.57524 3.17798 2.78071 2.38345 1.98618 1.58892 1.19168 0.794443 0.397219 0. 
100. 99.5934 99.1868 98.7802 98.3736 97.967 97.5605 97.1539 96.7473 96.3407 95.9342 95.5276 95.1211 94.7146 94.3081 93.9016 93.4951 93.0887 92.6822 92.2758 91.8694 91.463 91.0566 90.6503 90.244 89.8377 89.4315 89.0253 88.6191 88.2129 87.8068 87.4007 86.9946 86.5886 86.1826 85.7766 85.3707 84.9649 84.5591 84.1533 83.7476 83.342 82.9363 82.5307 82.1252 81.7197 81.3143 80.909 80.5037 80.0984 79.6933 79.2882 78.8831 78.4782 78.0733 77.6684 77.2637 76.859 76.4544 76.0499 75.6453 75.2409 74.8364 74.4321 74.0277 73.6234 73.2192 72.8151 72.4109 72.0068 71.6028 71.1988 70.7948 70.3908 69.9868 69.5829 69.1789 68.775 68.3711 67.9673 67.5634 67.1595 66.7557 66.3519 65.9481 65.5443 65.1405 64.7367 64.333 63.9293 63.5257 63.122 62.7184 62.3149 61.9113 61.5078 61.1043 60.7009 60.2975 59.8941 59.4908 59.0876 58.6844 58.2812 57.8781 57.475 57.072 56.6691 56.2662 55.8633 55.4605 55.0578 54.6551 54.2525 53.8499 53.4474 53.0449 52.6425 52.2402 51.8379 51.4357 51.0335 50.6314 50.2294 49.8274 49.4255 49.0236 48.6218 48.2201 47.8184 47.4168 47.0152 46.6137 46.2123 45.811 45.4097 45.0084 44.6073 44.2061 43.8051 43.4041 43.0032 42.6024 42.2016 41.8009 41.4003 40.9997 40.5992 40.1987 39.7984 39.3981 38.9979 38.5978 38.1977 37.7977 37.3978 36.998 36.5982 36.1985 35.7988 35.3992 34.9997 34.6003 34.201 33.8017 33.4026 33.0035 32.6044 32.2054 31.8065 31.4076 31.0088 30.61 30.2113 29.8127 29.4141 29.0156 28.6172 28.2188 27.8204 27.4222 27.024 26.6258 26.2277 25.8297 25.4317 25.0338 24.6359 24.238 23.8402 23.4425 23.0448 22.6471 22.2495 21.852 21.4544 21.0569 20.6595 20.262 19.8646 19.4672 19.0699 18.6725 18.2752 17.8779 17.4806 17.0833 16.686 16.2887 15.8914 15.4941 15.0968 14.6995 14.3022 13.9049 13.5076 13.1103 12.713 12.3157 11.9184 11.5211 11.1237 10.7264 10.3291 9.93182 9.53452 9.13721 8.7399 8.3426 7.94529 7.54799 7.15068 6.75337 6.35607 5.95877 5.56149 5.16423 4.76698 4.36973 3.97249 3.57524 3.17798 2.78071 2.38344 1.98618 1.58892 1.19167 0.794441 0.397218 0. 
100. 99.5934 99.1868 98.7802 98.3736 97.967 97.5604 97.1539 96.7473 96.3407 95.9342 95.5276 95.1211 94.7146 94.3081 93.9016 93.4951 93.0887 92.6822 92.2758 91.8694 91.463 91.0566 90.6503 90.244 89.8377 89.4315 89.0252 88.6191 88.2129 87.8068 87.4007 86.9946 86.5886 86.1826 85.7766 85.3707 84.9649 84.5591 84.1533 83.7476 83.342 82.9363 82.5307 82.1252 81.7197 81.3143 80.9089 80.5037 80.0984 79.6933 79.2882 78.8831 78.4781 78.0732 77.6684 77.2637 76.859 76.4544 76.0498 75.6453 75.2408 74.8364 74.432 74.0277 73.6234 73.2192 72.815 72.4109 72.0068 71.6028 71.1987 70.7947 70.3908 69.9868 69.5829 69.1789 68.775 68.3711 67.9672 67.5634 67.1595 66.7557 66.3518 65.948 65.5442 65.1405 64.7367 64.333 63.9293 63.5256 63.122 62.7184 62.3148 61.9113 61.5078 61.1043 60.7009 60.2975 59.8941 59.4908 59.0876 58.6844 58.2812 57.8781 57.475 57.072 56.6691 56.2662 55.8633 55.4605 55.0577 54.6551 54.2524 53.8499 53.4473 53.0449 52.6425 52.2401 51.8379 51.4356 51.0335 50.6314 50.2293 49.8274 49.4254 49.0236 48.6218 48.22 47.8184 47.4167 47.0152 46.6137 46.2123 45.8109 45.4096 45.0084 44.6072 44.2061 43.8051 43.4041 43.0032 42.6024 42.2016 41.8009 41.4003 40.9997 40.5992 40.1987 39.7983 39.398 38.9978 38.5977 38.1977 37.7977 37.3978 36.9979 36.5982 36.1984 35.7988 35.3992 34.9997 34.6003 34.201 33.8017 33.4025 33.0034 32.6044 32.2054 31.8065 31.4076 31.0088 30.61 30.2113 29.8127 29.4141 29.0156 28.6171 28.2187 27.8204 27.4221 27.0239 26.6258 26.2277 25.8296 25.4317 25.0337 24.6358 24.238 23.8402 23.4425 23.0448 22.6471 22.2495 21.8519 21.4544 21.0569 20.6594 20.262 19.8646 19.4672 19.0699 18.6725 18.2752 17.8779 17.4806 17.0833 16.686 16.2887 15.8914 15.4941 15.0968 14.6995 14.3022 13.9049 13.5076 13.1103 12.713 12.3157 11.9184 11.5211 11.1237 10.7264 10.3291 9.93182 9.53451 9.1372 8.7399 8.34259 7.94529 7.54799 7.15068 6.75337 6.35606 5.95877 5.56149 5.16422 4.76697 4.36973 3.97249 3.57524 3.17798 2.78071 2.38344 1.98617 1.58892 1.19167 0.794439 0.397217 0. 
100. 99.5934 99.1868 98.7802 98.3736 97.967 97.5604 97.1539 96.7473 96.3407 95.9342 95.5276 95.1211 94.7146 94.3081 93.9016 93.4951 93.0886 92.6822 92.2758 91.8694 91.463 91.0566 90.6503 90.244 89.8377 89.4314 89.0252 88.619 88.2129 87.8068 87.4007 86.9946 86.5886 86.1826 85.7766 85.3707 84.9648 84.5591 84.1533 83.7476 83.3419 82.9363 82.5307 82.1252 81.7197 81.3143 80.9089 80.5036 80.0984 79.6932 79.2881 78.8831 78.4781 78.0732 77.6684 77.2636 76.859 76.4544 76.0498 75.6453 75.2408 74.8364 74.432 74.0277 73.6234 73.2192 72.815 72.4109 72.0068 71.6027 71.1987 70.7947 70.3908 69.9868 69.5828 69.1789 68.775 68.3711 67.9672 67.5633 67.1595 66.7557 66.3518 65.948 65.5442 65.1405 64.7367 64.333 63.9293 63.5256 63.122 62.7184 62.3148 61.9113 61.5078 61.1043 60.7009 60.2975 59.8941 59.4908 59.0876 58.6843 58.2812 57.878 57.475 57.072 56.669 56.2661 55.8633 55.4605 55.0577 54.655 54.2524 53.8498 53.4473 53.0449 52.6425 52.2401 51.8378 51.4356 51.0334 50.6313 50.2293 49.8273 49.4254 49.0236 48.6218 48.22 47.8183 47.4167 47.0152 46.6137 46.2123 45.8109 45.4096 45.0084 44.6072 44.2061 43.805 43.4041 43.0032 42.6023 42.2016 41.8009 41.4002 40.9997 40.5991 40.1987 39.7983 39.398 38.9978 38.5977 38.1976 37.7977 37.3978 36.9979 36.5981 36.1984 35.7987 35.3992 34.9997 34.6003 34.2009 33.8017 33.4025 33.0034 32.6044 32.2054 31.8064 31.4076 31.0087 30.61 30.2113 29.8126 29.4141 29.0156 28.6171 28.2187 27.8204 27.4221 27.0239 26.6257 26.2277 25.8296 25.4316 25.0337 24.6358 24.238 23.8402 23.4424 23.0448 22.6471 22.2495 21.8519 21.4544 21.0569 20.6594 20.262 19.8646 19.4672 19.0698 18.6725 18.2752 17.8779 17.4806 17.0833 16.686 16.2887 15.8914 15.4941 15.0968 14.6995 14.3022 13.9049 13.5076 13.1103 12.713 12.3157 11.9184 11.521 11.1237 10.7264 10.3291 9.93181 9.53451 9.1372 8.73989 8.34259 7.94529 7.54798 7.15068 6.75337 6.35606 5.95876 5.56148 5.16422 4.76697 4.36973 3.97249 3.57524 3.17798 2.78071 2.38344 1.98617 1.58891 1.19167 0.794437 0.397216 0. 
100. 99.5934 99.1868 98.7802 98.3736 97.967 97.5604 97.1539 96.7473 96.3407 95.9342 95.5276 95.1211 94.7146 94.3081 93.9016 93.4951 93.0886 92.6822 92.2758 91.8694 91.463 91.0566 90.6503 90.244 89.8377 89.4314 89.0252 88.619 88.2129 87.8067 87.4006 86.9946 86.5885 86.1825 85.7766 85.3707 84.9648 84.559 84.1533 83.7476 83.3419 82.9363 82.5307 82.1251 81.7196 81.3142 80.9089 80.5036 80.0984 79.6932 79.2881 78.883 78.4781 78.0732 77.6684 77.2636 76.8589 76.4543 76.0498 75.6453 75.2408 74.8364 74.432 74.0276 73.6234 73.2191 72.815 72.4109 72.0068 71.6027 71.1987 70.7947 70.3907 69.9868 69.5828 69.1789 68.775 68.3711 67.9672 67.5633 67.1595 66.7556 66.3518 65.948 65.5442 65.1404 64.7367 64.3329 63.9292 63.5256 63.122 62.7184 62.3148 61.9112 61.5077 61.1042 60.7008 60.2974 59.8941 59.4908 59.0875 58.6843 58.2811 57.878 57.475 57.0719 56.669 56.2661 55.8632 55.4604 55.0577 54.655 54.2524 53.8498 53.4473 53.0448 52.6424 52.2401 51.8378 51.4356 51.0334 50.6313 50.2293 49.8273 49.4254 49.0235 48.6217 48.22 47.8183 47.4167 47.0151 46.6136 46.2122 45.8109 45.4096 45.0083 44.6071 44.206 43.805 43.404 43.0031 42.6023 42.2015 41.8008 41.4002 40.9996 40.5991 40.1986 39.7983 39.398 38.9978 38.5977 38.1976 37.7976 37.3977 36.9979 36.5981 36.1984 35.7987 35.3991 34.9996 34.6002 34.2009 33.8016 33.4025 33.0034 32.6043 32.2053 31.8064 31.4075 31.0087 30.6099 30.2112 29.8126 29.414 29.0155 28.6171 28.2187 27.8204 27.4221 27.0239 26.6257 26.2276 25.8296 25.4316 25.0337 24.6358 24.238 23.8402 23.4424 23.0447 22.6471 22.2495 21.8519 21.4544 21.0569 20.6594 20.262 19.8646 19.4672 19.0698 18.6725 18.2752 17.8779 17.4806 17.0833 16.686 16.2887 15.8914 15.4941 15.0968 14.6995 14.3022 13.9049 13.5076 13.1103 12.713 12.3157 11.9183 11.521 11.1237 10.7264 10.3291 9.93181 9.5345 9.13719 8.73989 8.34259 7.94529 7.54798 7.15067 6.75336 6.35605 5.95876 5.56148 5.16421 4.76697 4.36973 3.97249 3.57524 3.17798 2.78071 2.38344 1.98617 1.58891 1.19167 0.794435 0.397215 0. 
100. 99.5934 99.1868 98.7802 98.3736 97.967 97.5604 97.1539 96.7473 96.3407 95.9342 95.5276 95.1211 94.7146 94.3081 93.9016 93.4951 93.0886 92.6822 92.2758 91.8693 91.463 91.0566 90.6503 90.244 89.8377 89.4314 89.0252 88.619 88.2129 87.8067 87.4006 86.9946 86.5885 86.1825 85.7766 85.3707 84.9648 84.559 84.1533 83.7476 83.3419 82.9363 82.5307 82.1251 81.7196 81.3142 80.9089 80.5036 80.0984 79.6932 79.2881 78.883 78.4781 78.0732 77.6684 77.2636 76.859 76.4543 76.0498 75.6453 75.2408 74.8364 74.432 74.0276 73.6234 73.2191 72.815 72.4108 72.0068 71.6027 71.1987 70.7947 70.3907 69.9868 69.5828 69.1789 68.775 68.3711 67.9672 67.5633 67.1595 66.7556 66.3518 65.948 65.5442 65.1404 64.7367 64.3329 63.9292 63.5256 63.1219 62.7183 62.3148 61.9112 61.5077 61.1042 60.7008 60.2974 59.8941 59.4908 59.0875 58.6843 58.2811 57.878 57.4749 57.0719 56.669 56.2661 55.8632 55.4604 55.0577 54.655 54.2523 53.8498 53.4473 53.0448 52.6424 52.2401 51.8378 51.4355 51.0334 50.6313 50.2292 49.8273 49.4254 49.0235 48.6217 48.22 47.8183 47.4167 47.0151 46.6136 46.2122 45.8109 45.4096 45.0083 44.6071 44.206 43.805 43.404 43.0031 42.6023 42.2015 41.8008 41.4002 40.9996 40.5991 40.1986 39.7982 39.398 38.9977 38.5976 38.1976 37.7976 37.3977 36.9979 36.5981 36.1983 35.7987 35.3991 34.9996 34.6002 34.2009 33.8016 33.4024 33.0033 32.6043 32.2053 31.8064 31.4075 31.0087 30.6099 30.2112 29.8126 29.414 29.0155 28.6171 28.2187 27.8203 27.4221 27.0239 26.6257 26.2276 25.8296 25.4316 25.0337 24.6358 24.238 23.8402 23.4424 23.0447 22.6471 22.2495 21.8519 21.4544 21.0569 20.6594 20.262 19.8646 19.4672 19.0698 18.6725 18.2752 17.8779 17.4806 17.0833 16.686 16.2887 15.8914 15.4941 15.0968 14.6995 14.3022 13.9049 13.5076 13.1103 12.713 12.3157 11.9183 11.521 11.1237 10.7264 10.3291 9.9318 9.53449 9.13719 8.73988 8.34258 7.94528 7.54798 7.15067 6.75336 6.35605 5.95876 5.56148 5.16421 4.76696 4.36972 3.97248 3.57524 3.17798 2.78071 2.38344 1.98617 1.58891 1.19166 0.794433 0.397213 0. 
100. 99.5934 99.1868 98.7802 98.3736 97.967 97.5604 97.1539 96.7473 96.3407 95.9342 95.5276 95.1211 94.7146 94.3081 93.9016 93.4951 93.0886 92.6822 92.2758 91.8694 91.463 91.0566 90.6503 90.244 89.8377 89.4314 89.0252 88.619 88.2129 87.8067 87.4006 86.9946 86.5885 86.1825 85.7766 85.3706 84.9648 84.559 84.1533 83.7476 83.3419 82.9363 82.5307 82.1251 81.7196 81.3142 80.9089 80.5036 80.0984 79.6932 79.2881 78.883 78.4781 78.0732 77.6684 77.2636 76.8589 76.4543 76.0498 75.6453 75.2408 74.8363 74.432 74.0276 73.6234 73.2191 72.815 72.4108 72.0068 71.6027 71.1987 70.7947 70.3907 69.9867 69.5828 69.1789 68.775 68.3711 67.9672 67.5633 67.1595 66.7556 66.3518 65.948 65.5442 65.1404 64.7366 64.3329 63.9292 63.5256 63.1219 62.7183 62.3148 61.9112 61.5077 61.1042 60.7008 60.2974 59.8941 59.4908 59.0875 58.6843 58.2811 57.878 57.4749 57.0719 56.669 56.2661 55.8632 55.4604 55.0577 54.655 54.2523 53.8498 53.4473 53.0448 52.6424 52.2401 51.8378 51.4355 51.0334 50.6313 50.2292 49.8273 49.4254 49.0235 48.6217 48.22 47.8183 47.4167 47.0151 46.6136 46.2122 45.8108 45.4095 45.0083 44.6071 44.206 43.805 43.404 43.0031 42.6023 42.2015 41.8008 41.4002 40.9996 40.5991 40.1986 39.7982 39.398 38.9978 38.5976 38.1976 37.7976 37.3977 36.9979 36.5981 36.1983 35.7987 35.3991 34.9996 34.6002 34.2009 33.8016 33.4024 33.0033 32.6043 32.2053 31.8064 31.4075 31.0087 30.6099 30.2112 29.8126 29.414 29.0155 28.6171 28.2187 27.8203 27.4221 27.0239 26.6257 26.2276 25.8296 25.4316 25.0337 24.6358 24.238 23.8402 23.4424 23.0447 22.6471 22.2495 21.8519 21.4544 21.0569 20.6594 20.262 19.8646 19.4672 19.0698 18.6725 18.2752 17.8778 17.4805 17.0833 16.686 16.2887 15.8914 15.4941 15.0968 14.6995 14.3022 13.9049 13.5076 13.1103 12.713 12.3156 11.9183 11.521 11.1237 10.7264 10.3291 9.9318 9.53449 9.13718 8.73988 8.34258 7.94528 7.54797 7.15067 6.75336 6.35605 5.95876 5.56148 5.16421 4.76696 4.36972 3.97248 3.57523 3.17797 2.78071 2.38344 1.98617 1.58891 1.19167 0.794436 0.397215 0. 
100. 99.5934 99.1868 98.7802 98.3736 97.967 97.5604 97.1539 96.7473 96.3407 95.9342 95.5276 95.1211 94.7146 94.3081 93.9016 93.4951 93.0886 92.6822 92.2758 91.8694 91.463 91.0566 90.6503 90.244 89.8377 89.4314 89.0252 88.619 88.2129 87.8067 87.4006 86.9946 86.5885 86.1825 85.7766 85.3707 84.9648 84.559 84.1533 83.7476 83.3419 82.9362 82.5307 82.1251 81.7196 81.3142 80.9089 80.5036 80.0983 79.6932 79.2881 78.883 78.4781 78.0732 77.6683 77.2636 76.8589 76.4543 76.0498 75.6452 75.2408 74.8363 74.432 74.0276 73.6233 73.2191 72.815 72.4108 72.0068 71.6027 71.1987 70.7947 70.3907 69.9867 69.5828 69.1788 68.7749 68.371 67.9672 67.5633 67.1594 66.7556 66.3518 65.948 65.5442 65.1404 64.7366 64.3329 63.9292 63.5256 63.1219 62.7183 62.3147 61.9112 61.5077 61.1042 60.7008 60.2974 59.894 59.4907 59.0875 58.6843 58.2811 57.878 57.4749 57.0719 56.669 56.2661 55.8632 55.4604 55.0577 54.655 54.2523 53.8498 53.4473 53.0448 52.6424 52.2401 51.8378 51.4355 51.0334 50.6313 50.2292 49.8273 49.4254 49.0235 48.6217 48.2199 47.8183 47.4166 47.0151 46.6136 46.2122 45.8108 45.4095 45.0083 44.6071 44.206 43.805 43.404 43.0031 42.6023 42.2015 41.8008 41.4002 40.9996 40.5991 40.1986 39.7982 39.3979 38.9977 38.5976 38.1976 37.7976 37.3977 36.9978 36.5981 36.1983 35.7987 35.3991 34.9996 34.6002 34.2009 33.8016 33.4024 33.0033 32.6043 32.2053 31.8064 31.4075 31.0087 30.6099 30.2112 29.8126 29.414 29.0155 28.6171 28.2187 27.8203 27.4221 27.0239 26.6257 26.2276 25.8296 25.4316 25.0337 24.6358 24.2379 23.8402 23.4424 23.0447 22.6471 22.2495 21.8519 21.4543 21.0568 20.6594 20.262 19.8646 19.4672 19.0698 18.6725 18.2752 17.8778 17.4805 17.0832 16.686 16.2887 15.8914 15.4941 15.0968 14.6995 14.3022 13.9049 13.5076 13.1103 12.713 12.3156 11.9183 11.521 11.1237 10.7264 10.3291 9.93179 9.53449 9.13718 8.73988 8.34258 7.94527 7.54797 7.15066 6.75336 6.35605 5.95876 5.56148 5.16421 4.76696 4.36972 3.97248 3.57523 3.17797 2.78071 2.38344 1.98617 1.58891 1.19167 0.794438 0.397216 0. 
100. 99.5934 99.1868 98.7802 98.3736 97.967 97.5604 97.1539 96.7473 96.3407 95.9342 95.5276 95.1211 94.7146 94.3081 93.9016 93.4951 93.0886 92.6822 92.2758 91.8694 91.463 91.0566 90.6503 90.244 89.8377 89.4314 89.0252 88.619 88.2129 87.8067 87.4006 86.9946 86.5885 86.1825 85.7766 85.3707 84.9648 84.559 84.1533 83.7476 83.3419 82.9362 82.5307 82.1251 81.7196 81.3142 80.9089 80.5036 80.0984 79.6932 79.2881 78.883 78.4781 78.0732 77.6683 77.2636 76.8589 76.4543 76.0498 75.6452 75.2408 74.8363 74.432 74.0276 73.6233 73.2191 72.8149 72.4108 72.0067 71.6027 71.1987 70.7947 70.3907 69.9867 69.5828 69.1788 68.7749 68.371 67.9671 67.5633 67.1594 66.7556 66.3518 65.948 65.5442 65.1404 64.7366 64.3329 63.9292 63.5255 63.1219 62.7183 62.3147 61.9112 61.5077 61.1042 60.7008 60.2974 59.894 59.4907 59.0875 58.6843 58.2811 57.878 57.4749 57.0719 56.669 56.266 55.8632 55.4604 55.0576 54.6549 54.2523 53.8497 53.4472 53.0448 52.6424 52.24 51.8378 51.4355 51.0334 50.6313 50.2292 49.8273 49.4253 49.0235 48.6217 48.2199 47.8183 47.4166 47.0151 46.6136 46.2122 45.8108 45.4095 45.0083 44.6071 44.206 43.8049 43.404 43.0031 42.6022 42.2015 41.8008 41.4001 40.9996 40.599 40.1986 39.7982 39.3979 38.9977 38.5976 38.1976 37.7976 37.3977 36.9978 36.598 36.1983 35.7987 35.3991 34.9996 34.6002 34.2009 33.8016 33.4024 33.0033 32.6043 32.2053 31.8064 31.4075 31.0087 30.6099 30.2112 29.8126 29.414 29.0155 28.6171 28.2187 27.8203 27.4221 27.0239 26.6257 26.2276 25.8296 25.4316 25.0337 24.6358 24.2379 23.8401 23.4424 23.0447 22.6471 22.2495 21.8519 21.4543 21.0568 20.6594 20.2619 19.8645 19.4672 19.0698 18.6725 18.2752 17.8778 17.4805 17.0832 16.686 16.2887 15.8914 15.4941 15.0968 14.6995 14.3022 13.9049 13.5076 13.1103 12.7129 12.3156 11.9183 11.521 11.1237 10.7264 10.3291 9.93179 9.53448 9.13718 8.73988 8.34257 7.94527 7.54797 7.15066 6.75336 6.35605 5.95876 5.56148 5.16421 4.76696 4.36972 3.97248 3.57523 3.17797 2.7807 2.38344 1.98617 1.58891 1.19167 0.794439 0.397217 0. 
100. 99.5934 99.1868 98.7802 98.3736 97.967 97.5604 97.1539 96.7473 96.3407 95.9342 95.5276 95.1211 94.7146 94.3081 93.9016 93.4951 93.0886 92.6822 92.2758 91.8693 91.463 91.0566 90.6503 90.244 89.8377 89.4314 89.0252 88.619 88.2129 87.8067 87.4006 86.9945 86.5885 86.1825 85.7765 85.3706 84.9648 84.559 84.1532 83.7475 83.3419 82.9362 82.5306 82.1251 81.7196 81.3142 80.9089 80.5036 80.0983 79.6932 79.2881 78.883 78.4781 78.0732 77.6683 77.2636 76.8589 76.4543 76.0498 75.6452 75.2408 74.8363 74.4319 74.0276 73.6233 73.2191 72.8149 72.4108 72.0067 71.6027 71.1987 70.7947 70.3907 69.9867 69.5828 69.1788 68.7749 68.371 67.9671 67.5633 67.1594 66.7556 66.3517 65.9479 65.5441 65.1404 64.7366 64.3329 63.9292 63.5255 63.1219 62.7183 62.3147 61.9112 61.5077 61.1042 60.7008 60.2974 59.894 59.4907 59.0875 58.6843 58.2811 57.878 57.4749 57.0719 56.6689 56.266 55.8632 55.4604 55.0576 54.6549 54.2523 53.8497 53.4472 53.0448 52.6424 52.24 51.8377 51.4355 51.0333 50.6312 50.2292 49.8272 49.4253 49.0235 48.6217 48.2199 47.8182 47.4166 47.0151 46.6136 46.2122 45.8108 45.4095 45.0083 44.6071 44.206 43.8049 43.404 43.0031 42.6022 42.2015 41.8008 41.4001 40.9995 40.599 40.1986 39.7982 39.3979 38.9977 38.5976 38.1976 37.7976 37.3977 36.9978 36.598 36.1983 35.7987 35.3991 34.9996 34.6002 34.2009 33.8016 33.4024 33.0033 32.6043 32.2053 31.8064 31.4075 31.0087 30.6099 30.2112 29.8126 29.414 29.0155 28.617 28.2187 27.8203 27.4221 27.0238 26.6257 26.2276 25.8296 25.4316 25.0337 24.6358 24.2379 23.8401 23.4424 23.0447 22.6471 22.2494 21.8519 21.4543 21.0568 20.6594 20.2619 19.8645 19.4672 19.0698 18.6725 18.2751 17.8778 17.4805 17.0832 16.6859 16.2887 15.8914 15.4941 15.0968 14.6995 14.3022 13.9049 13.5076 13.1103 12.7129 12.3156 11.9183 11.521 11.1237 10.7264 10.3291 9.93178 9.53448 9.13718 8.73987 8.34257 7.94527 7.54796 7.15066 6.75335 6.35605 5.95876 5.56148 5.16421 4.76696 4.36972 3.97247 3.57522 3.17797 2.7807 2.38344 1.98617 1.58892 1.19167 0.794439 0.397217 0. 
100. 99.5934 99.1868 98.7802 98.3736 97.967 97.5604 97.1539 96.7473 96.3407 95.9342 95.5276 95.1211 94.7146 94.3081 93.9016 93.4951 93.0886 92.6822 92.2758 91.8693 91.463 91.0566 90.6503 90.244 89.8377 89.4314 89.0252 88.619 88.2129 87.8067 87.4006 86.9945 86.5885 86.1825 85.7765 85.3706 84.9648 84.559 84.1532 83.7475 83.3419 82.9362 82.5306 82.1251 81.7196 81.3142 80.9088 80.5036 80.0983 79.6932 79.288 78.883 78.478 78.0731 77.6683 77.2636 76.8589 76.4543 76.0497 75.6452 75.2407 74.8363 74.4319 74.0276 73.6233 73.2191 72.8149 72.4108 72.0067 71.6027 71.1986 70.7946 70.3907 69.9867 69.5828 69.1788 68.7749 68.371 67.9671 67.5632 67.1594 66.7556 66.3517 65.9479 65.5441 65.1404 64.7366 64.3329 63.9292 63.5255 63.1219 62.7183 62.3147 61.9112 61.5076 61.1042 60.7008 60.2974 59.894 59.4907 59.0875 58.6842 58.2811 57.878 57.4749 57.0719 56.6689 56.266 55.8632 55.4604 55.0576 54.6549 54.2523 53.8497 53.4472 53.0448 52.6424 52.24 51.8377 51.4355 51.0333 50.6312 50.2292 49.8272 49.4253 49.0234 48.6216 48.2199 47.8182 47.4166 47.0151 46.6136 46.2121 45.8108 45.4095 45.0083 44.6071 44.206 43.8049 43.4039 43.003 42.6022 42.2015 41.8007 41.4001 40.9995 40.599 40.1986 39.7982 39.3979 38.9977 38.5976 38.1975 37.7976 37.3977 36.9978 36.598 36.1983 35.7986 35.3991 34.9996 34.6002 34.2008 33.8016 33.4024 33.0033 32.6043 32.2053 31.8064 31.4075 31.0087 30.6099 30.2112 29.8126 29.414 29.0155 28.617 28.2186 27.8203 27.422 27.0238 26.6257 26.2276 25.8295 25.4316 25.0336 24.6358 24.2379 23.8401 23.4424 23.0447 22.647 22.2494 21.8519 21.4543 21.0568 20.6594 20.2619 19.8645 19.4672 19.0698 18.6725 18.2751 17.8778 17.4805 17.0832 16.6859 16.2886 15.8914 15.4941 15.0968 14.6995 14.3022 13.9049 13.5076 13.1103 12.7129 12.3156 11.9183 11.521 11.1237 10.7264 10.3291 9.93178 9.53448 9.13717 8.73987 8.34257 7.94526 7.54796 7.15066 6.75335 6.35605 5.95876 5.56148 5.16421 4.76696 4.36972 3.97247 3.57522 3.17797 2.7807 2.38344 1.98617 1.58892 1.19167 0.794439 0.397217 0. 
100. 99.5934 99.1868 98.7802 98.3736 97.967 97.5604 97.1538 96.7473 96.3407 95.9342 95.5276 95.1211 94.7146 94.3081 93.9016 93.4951 93.0886 92.6822 92.2758 91.8693 91.463 91.0566 90.6503 90.2439 89.8377 89.4314 89.0252 88.619 88.2128 87.8067 87.4006 86.9945 86.5885 86.1825 85.7765 85.3706 84.9648 84.559 84.1532 83.7475 83.3418 82.9362 82.5306 82.1251 81.7196 81.3142 80.9088 80.5035 80.0983 79.6931 79.288 78.883 78.478 78.0731 77.6683 77.2636 76.8589 76.4543 76.0497 75.6452 75.2407 74.8363 74.4319 74.0276 73.6233 73.2191 72.8149 72.4108 72.0067 71.6026 71.1986 70.7946 70.3906 69.9867 69.5827 69.1788 68.7749 68.371 67.9671 67.5632 67.1594 66.7555 66.3517 65.9479 65.5441 65.1403 64.7366 64.3329 63.9292 63.5255 63.1219 62.7183 62.3147 61.9111 61.5076 61.1042 60.7007 60.2973 59.894 59.4907 59.0874 58.6842 58.281 57.8779 57.4749 57.0719 56.6689 56.266 55.8631 55.4603 55.0576 54.6549 54.2523 53.8497 53.4472 53.0447 52.6423 52.24 51.8377 51.4355 51.0333 50.6312 50.2292 49.8272 49.4253 49.0234 48.6216 48.2199 47.8182 47.4166 47.015 46.6135 46.2121 45.8108 45.4095 45.0082 44.607 44.2059 43.8049 43.4039 43.003 42.6022 42.2014 41.8007 41.4001 40.9995 40.599 40.1986 39.7982 39.3979 38.9977 38.5976 38.1975 37.7975 37.3976 36.9978 36.598 36.1983 35.7986 35.3991 34.9996 34.6002 34.2008 33.8016 33.4024 33.0033 32.6043 32.2053 31.8063 31.4075 31.0086 30.6099 30.2112 29.8125 29.414 29.0155 28.617 28.2186 27.8203 27.422 27.0238 26.6257 26.2276 25.8295 25.4316 25.0336 24.6357 24.2379 23.8401 23.4424 23.0447 22.647 22.2494 21.8519 21.4543 21.0568 20.6594 20.2619 19.8645 19.4671 19.0698 18.6725 18.2751 17.8778 17.4805 17.0832 16.6859 16.2886 15.8914 15.4941 15.0968 14.6995 14.3022 13.9049 13.5076 13.1103 12.7129 12.3156 11.9183 11.521 11.1237 10.7264 10.3291 9.93178 9.53447 9.13717 8.73987 8.34256 7.94526 7.54796 7.15065 6.75335 6.35605 5.95875 5.56147 5.16421 4.76696 4.36971 3.97247 3.57522 3.17797 2.7807 2.38344 1.98617 1.58891 1.19167 0.794439 0.397217 0. 
100. 99.5934 99.1868 98.7802 98.3736 97.967 97.5604 97.1538 96.7473 96.3407 95.9342 95.5276 95.1211 94.7146 94.3081 93.9016 93.4951 93.0886 92.6822 92.2757 91.8693 91.4629 91.0566 90.6502 90.2439 89.8376 89.4314 89.0252 88.619 88.2128 87.8067 87.4006 86.9945 86.5885 86.1825 85.7765 85.3706 84.9648 84.559 84.1532 83.7475 83.3418 82.9362 82.5306 82.1251 81.7196 81.3142 80.9088 80.5035 80.0983 79.6931 79.288 78.883 78.478 78.0731 77.6683 77.2636 76.8589 76.4543 76.0497 75.6452 75.2407 74.8363 74.4319 74.0276 73.6233 73.2191 72.8149 72.4108 72.0067 71.6026 71.1986 70.7946 70.3906 69.9867 69.5827 69.1788 68.7749 68.371 67.9671 67.5632 67.1594 66.7555 66.3517 65.9479 65.5441 65.1403 64.7366 64.3329 63.9292 63.5255 63.1219 62.7182 62.3147 61.9111 61.5076 61.1041 60.7007 60.2973 59.894 59.4907 59.0874 58.6842 58.281 57.8779 57.4749 57.0718 56.6689 56.266 55.8631 55.4603 55.0576 54.6549 54.2523 53.8497 53.4472 53.0447 52.6423 52.24 51.8377 51.4354 51.0333 50.6312 50.2291 49.8272 49.4253 49.0234 48.6216 48.2199 47.8182 47.4166 47.015 46.6135 46.2121 45.8107 45.4095 45.0082 44.607 44.2059 43.8049 43.4039 43.003 42.6022 42.2014 41.8007 41.4001 40.9995 40.599 40.1985 39.7982 39.3979 38.9977 38.5975 38.1975 37.7975 37.3976 36.9978 36.598 36.1983 35.7986 35.399 34.9995 34.6001 34.2008 33.8016 33.4024 33.0033 32.6042 32.2053 31.8063 31.4075 31.0086 30.6099 30.2112 29.8125 29.414 29.0155 28.617 28.2186 27.8203 27.422 27.0238 26.6257 26.2276 25.8295 25.4315 25.0336 24.6357 24.2379 23.8401 23.4424 23.0447 22.647 22.2494 21.8518 21.4543 21.0568 20.6593 20.2619 19.8645 19.4671 19.0698 18.6724 18.2751 17.8778 17.4805 17.0832 16.6859 16.2886 15.8913 15.4941 15.0968 14.6995 14.3022 13.9049 13.5076 13.1102 12.7129 12.3156 11.9183 11.521 11.1237 10.7264 10.3291 9.93177 9.53447 9.13717 8.73986 8.34256 7.94526 7.54796 7.15065 6.75335 6.35604 5.95875 5.56147 5.16421 4.76696 4.36971 3.97247 3.57522 3.17796 2.7807 2.38343 1.98617 1.58891 1.19167 0.794438 0.397217 0. 
100. 99.5934 99.1868 98.7802 98.3736 97.967 97.5604 97.1539 96.7473 96.3407 95.9342 95.5276 95.1211 94.7146 94.308 93.9016 93.4951 93.0886 92.6822 92.2757 91.8693 91.4629 91.0566 90.6502 90.2439 89.8376 89.4314 89.0252 88.619 88.2128 87.8067 87.4006 86.9945 86.5885 86.1825 85.7765 85.3706 84.9647 84.5589 84.1532 83.7475 83.3418 82.9362 82.5306 82.1251 81.7196 81.3142 80.9088 80.5035 80.0983 79.6931 79.288 78.883 78.478 78.0731 77.6683 77.2635 76.8589 76.4543 76.0497 75.6452 75.2407 74.8363 74.4319 74.0276 73.6233 73.219 72.8149 72.4108 72.0067 71.6026 71.1986 70.7946 70.3906 69.9867 69.5827 69.1788 68.7748 68.3709 67.9671 67.5632 67.1594 66.7555 66.3517 65.9479 65.5441 65.1403 64.7366 64.3328 63.9291 63.5255 63.1218 62.7182 62.3146 61.9111 61.5076 61.1041 60.7007 60.2973 59.894 59.4907 59.0874 58.6842 58.281 57.8779 57.4748 57.0718 56.6689 56.266 55.8631 55.4603 55.0575 54.6549 54.2522 53.8497 53.4472 53.0447 52.6423 52.2399 51.8377 51.4354 51.0333 50.6312 50.2291 49.8271 49.4252 49.0234 48.6216 48.2198 47.8181 47.4165 47.015 46.6135 46.2121 45.8107 45.4094 45.0082 44.607 44.2059 43.8048 43.4039 43.003 42.6021 42.2014 41.8007 41.4 40.9995 40.599 40.1985 39.7981 39.3979 38.9976 38.5975 38.1975 37.7975 37.3976 36.9977 36.598 36.1982 35.7986 35.399 34.9995 34.6001 34.2008 33.8015 33.4024 33.0033 32.6042 32.2052 31.8063 31.4074 31.0086 30.6098 30.2111 29.8125 29.4139 29.0154 28.617 28.2186 27.8203 27.422 27.0238 26.6256 26.2275 25.8295 25.4315 25.0336 24.6357 24.2379 23.8401 23.4423 23.0447 22.647 22.2494 21.8518 21.4543 21.0568 20.6593 20.2619 19.8645 19.4671 19.0698 18.6724 18.2751 17.8778 17.4805 17.0832 16.6859 16.2886 15.8913 15.4941 15.0968 14.6995 14.3022 13.9049 13.5076 13.1102 12.7129 12.3156 11.9183 11.521 11.1237 10.7264 10.3291 9.93177 9.53447 9.13716 8.73986 8.34256 7.94526 7.54795 7.15065 6.75334 6.35604 5.95875 5.56147 5.16421 4.76695 4.36971 3.97247 3.57522 3.17796 2.7807 2.38343 1.98617 1.58891 1.19167 0.794437 0.397216 0. 
100. 99.5934 99.1868 98.7802 98.3736 97.967 97.5604 97.1539 96.7473 96.3407 95.9342 95.5276 95.1211 94.7146 94.308 93.9015 93.4951 93.0886 92.6822 92.2757 91.8693 91.4629 91.0566 90.6502 90.2439 89.8376 89.4314 89.0251 88.619 88.2128 87.8067 87.4006 86.9945 86.5885 86.1825 85.7765 85.3706 84.9647 84.5589 84.1532 83.7475 83.3418 82.9362 82.5306 82.125 81.7196 81.3141 80.9088 80.5035 80.0983 79.6931 79.288 78.8829 78.478 78.0731 77.6682 77.2635 76.8588 76.4542 76.0497 75.6452 75.2407 74.8363 74.4319 74.0275 73.6233 73.219 72.8149 72.4107 72.0066 71.6026 71.1986 70.7946 70.3906 69.9866 69.5827 69.1787 68.7748 68.3709 67.9671 67.5632 67.1593 66.7555 66.3517 65.9479 65.5441 65.1403 64.7365 64.3328 63.9291 63.5254 63.1218 62.7182 62.3146 61.9111 61.5076 61.1041 60.7007 60.2973 59.8939 59.4906 59.0874 58.6842 58.281 57.8779 57.4748 57.0718 56.6688 56.2659 55.8631 55.4603 55.0575 54.6548 54.2522 53.8496 53.4471 53.0447 52.6423 52.2399 51.8376 51.4354 51.0332 50.6311 50.2291 49.8271 49.4252 49.0234 48.6216 48.2198 47.8181 47.4165 47.0149 46.6135 46.212 45.8107 45.4094 45.0081 44.607 44.2059 43.8048 43.4038 43.0029 42.6021 42.2014 41.8007 41.4 40.9994 40.5989 40.1985 39.7981 39.3978 38.9976 38.5975 38.1975 37.7975 37.3976 36.9977 36.5979 36.1982 35.7986 35.399 34.9995 34.6001 34.2008 33.8015 33.4023 33.0032 32.6042 32.2052 31.8063 31.4074 31.0086 30.6098 30.2111 29.8125 29.4139 29.0154 28.617 28.2186 27.8202 27.422 27.0238 26.6256 26.2275 25.8295 25.4315 25.0336 24.6357 24.2378 23.8401 23.4423 23.0446 22.647 22.2494 21.8518 21.4543 21.0568 20.6593 20.2619 19.8645 19.4671 19.0698 18.6724 18.2751 17.8778 17.4805 17.0832 16.6859 16.2886 15.8913 15.494 15.0968 14.6995 14.3022 13.9049 13.5076 13.1102 12.7129 12.3156 11.9183 11.521 11.1237 10.7264 10.3291 9.93177 9.53446 9.13716 8.73986 8.34256 7.94525 7.54795 7.15065 6.75334 6.35604 5.95874 5.56147 5.1642 4.76695 4.36971 3.97247 3.57522 3.17796 2.7807 2.38343 1.98617 1.58891 1.19167 0.794435 0.397215 0. 
100. 99.5934 99.1868 98.7802 98.3736 97.967 97.5604 97.1539 96.7473 96.3407 95.9342 95.5276 95.1211 94.7146 94.308 93.9015 93.4951 93.0886 92.6822 92.2757 91.8693 91.4629 91.0566 90.6502 90.2439 89.8376 89.4314 89.0251 88.6189 88.2128 87.8067 87.4006 86.9945 86.5884 86.1824 85.7765 85.3706 84.9647 84.5589 84.1531 83.7474 83.3418 82.9361 82.5305 82.125 81.7195 81.3141 80.9088 80.5035 80.0982 79.6931 79.288 78.8829 78.4779 78.073 77.6682 77.2635 76.8588 76.4542 76.0496 75.6451 75.2407 74.8362 74.4319 74.0275 73.6232 73.219 72.8148 72.4107 72.0066 71.6026 71.1986 70.7946 70.3906 69.9866 69.5827 69.1787 68.7748 68.3709 67.967 67.5632 67.1593 66.7555 66.3516 65.9478 65.544 65.1403 64.7365 64.3328 63.9291 63.5254 63.1218 62.7182 62.3146 61.9111 61.5075 61.1041 60.7006 60.2973 59.8939 59.4906 59.0873 58.6841 58.281 57.8778 57.4748 57.0718 56.6688 56.2659 55.863 55.4602 55.0575 54.6548 54.2522 53.8496 53.4471 53.0446 52.6422 52.2399 51.8376 51.4354 51.0332 50.6311 50.2291 49.8271 49.4252 49.0233 48.6215 48.2198 47.8181 47.4165 47.0149 46.6134 46.212 45.8107 45.4094 45.0081 44.6069 44.2058 43.8048 43.4038 43.0029 42.6021 42.2013 41.8006 41.4 40.9994 40.5989 40.1984 39.7981 39.3978 38.9976 38.5975 38.1974 37.7974 37.3975 36.9977 36.5979 36.1982 35.7985 35.399 34.9995 34.6001 34.2007 33.8015 33.4023 33.0032 32.6042 32.2052 31.8063 31.4074 31.0086 30.6098 30.2111 29.8125 29.4139 29.0154 28.6169 28.2186 27.8202 27.422 27.0237 26.6256 26.2275 25.8295 25.4315 25.0335 24.6357 24.2378 23.84 23.4423 23.0446 22.647 22.2494 21.8518 21.4543 21.0568 20.6593 20.2619 19.8645 19.4671 19.0697 18.6724 18.2751 17.8778 17.4805 17.0832 16.6859 16.2886 15.8913 15.494 15.0968 14.6995 14.3022 13.9049 13.5075 13.1102 12.7129 12.3156 11.9183 11.521 11.1237 10.7264 10.3291 9.93177 9.53446 9.13716 8.73985 8.34255 7.94525 7.54795 7.15065 6.75334 6.35603 5.95874 5.56146 5.1642 4.76695 4.36971 3.97247 3.57522 3.17796 2.7807 2.38343 1.98616 1.58891 1.19166 0.794433 0.397214 0. 
100. 99.5934 99.1868 98.7802 98.3736 97.967 97.5604 97.1538 96.7473 96.3407 95.9341 95.5276 95.1211 94.7145 94.308 93.9015 93.495 93.0886 92.6821 92.2757 91.8693 91.4629 91.0565 90.6502 90.2439 89.8376 89.4313 89.0251 88.6189 88.2128 87.8066 87.4005 86.9945 86.5884 86.1824 85.7764 85.3705 84.9647 84.5589 84.1531 83.7474 83.3418 82.9361 82.5305 82.125 81.7195 81.3141 80.9087 80.5034 80.0982 79.693 79.2879 78.8829 78.4779 78.073 77.6682 77.2635 76.8588 76.4542 76.0496 75.6451 75.2406 74.8362 74.4318 74.0275 73.6232 73.219 72.8148 72.4107 72.0066 71.6026 71.1985 70.7946 70.3906 69.9866 69.5827 69.1787 68.7748 68.3709 67.967 67.5631 67.1593 66.7555 66.3516 65.9478 65.544 65.1403 64.7365 64.3328 63.9291 63.5254 63.1218 62.7182 62.3146 61.911 61.5075 61.1041 60.7006 60.2972 59.8939 59.4906 59.0873 58.6841 58.2809 57.8778 57.4747 57.0717 56.6688 56.2659 55.863 55.4602 55.0575 54.6548 54.2521 53.8496 53.4471 53.0446 52.6422 52.2399 51.8376 51.4353 51.0331 50.631 50.229 49.827 49.4251 49.0233 48.6215 48.2197 47.8181 47.4164 47.0149 46.6134 46.212 45.8106 45.4093 45.0081 44.6069 44.2058 43.8047 43.4038 43.0029 42.602 42.2013 41.8006 41.4 40.9994 40.5989 40.1984 39.798 39.3978 38.9976 38.5974 38.1974 37.7974 37.3975 36.9977 36.5979 36.1981 35.7985 35.3989 34.9994 34.6 34.2007 33.8015 33.4023 33.0032 32.6041 32.2052 31.8062 31.4074 31.0085 30.6098 30.2111 29.8124 29.4139 29.0154 28.6169 28.2185 27.8202 27.4219 27.0237 26.6256 26.2275 25.8294 25.4315 25.0335 24.6356 24.2378 23.84 23.4423 23.0446 22.6469 22.2493 21.8518 21.4542 21.0567 20.6593 20.2618 19.8644 19.4671 19.0697 18.6724 18.2751 17.8778 17.4805 17.0832 16.6859 16.2886 15.8913 15.494 15.0968 14.6995 14.3022 13.9049 13.5075 13.1102 12.7129 12.3156 11.9183 11.521 11.1237 10.7264 10.3291 9.93176 9.53446 9.13715 8.73985 8.34255 7.94525 7.54795 7.15064 6.75334 6.35603 5.95874 5.56146 5.1642 4.76695 4.36971 3.97247 3.57522 3.17797 2.7807 2.38343 1.98616 1.5889 1.19166 0.794429 0.397212 0. 
100. 99.5934 99.1868 98.7802 98.3736 97.967 97.5604 97.1538 96.7473 96.3407 95.9341 95.5276 95.1211 94.7145 94.308 93.9015 93.495 93.0886 92.6821 92.2757 91.8693 91.4629 91.0565 90.6502 90.2439 89.8376 89.4313 89.0251 88.6189 88.2128 87.8066 87.4005 86.9945 86.5884 86.1824 85.7764 85.3705 84.9647 84.5589 84.1531 83.7474 83.3417 82.9361 82.5305 82.125 81.7195 81.3141 80.9087 80.5034 80.0982 79.693 79.2879 78.8828 78.4779 78.073 77.6682 77.2634 76.8588 76.4542 76.0496 75.6451 75.2406 74.8362 74.4318 74.0275 73.6232 73.2189 72.8148 72.4107 72.0066 71.6025 71.1985 70.7945 70.3906 69.9866 69.5826 69.1787 68.7748 68.3709 67.967 67.5631 67.1593 66.7555 66.3516 65.9478 65.544 65.1402 64.7365 64.3328 63.9291 63.5254 63.1218 62.7181 62.3146 61.911 61.5075 61.104 60.7006 60.2972 59.8939 59.4906 59.0873 58.6841 58.2809 57.8778 57.4747 57.0717 56.6687 56.2658 55.863 55.4602 55.0574 54.6547 54.2521 53.8495 53.447 53.0446 52.6422 52.2398 51.8375 51.4353 51.0331 50.631 50.229 49.827 49.4252 49.0233 48.6215 48.2197 47.818 47.4164 47.0149 46.6134 46.212 45.8106 45.4093 45.0081 44.6069 44.2058 43.8047 43.4037 43.0029 42.602 42.2013 41.8006 41.3999 40.9994 40.5988 40.1984 39.798 39.3977 38.9975 38.5974 38.1974 37.7974 37.3975 36.9976 36.5979 36.1981 35.7985 35.3989 34.9994 34.6 34.2007 33.8014 33.4023 33.0032 32.6041 32.2052 31.8062 31.4073 31.0085 30.6098 30.2111 29.8124 29.4139 29.0153 28.6169 28.2185 27.8202 27.4219 27.0237 26.6255 26.2274 25.8294 25.4314 25.0335 24.6356 24.2378 23.84 23.4423 23.0446 22.6469 22.2493 21.8518 21.4542 21.0567 20.6593 20.2618 19.8644 19.4671 19.0697 18.6724 18.2751 17.8778 17.4805 17.0832 16.6859 16.2886 15.8913 15.494 15.0967 14.6995 14.3022 13.9048 13.5075 13.1102 12.7129 12.3156 11.9183 11.521 11.1237 10.7264 10.3291 9.93176 9.53446 9.13715 8.73985 8.34255 7.94525 7.54795 7.15064 6.75334 6.35603 5.95874 5.56146 5.16419 4.76695 4.36971 3.97247 3.57522 3.17797 2.7807 2.38343 1.98616 1.5889 1.19166 0.794429 0.397211 0. 
100. 99.5934 99.1868 98.7802 98.3736 97.967 97.5604 97.1538 96.7473 96.3407 95.9341 95.5276 95.1211 94.7145 94.308 93.9015 93.495 93.0886 92.6821 92.2757 91.8693 91.4629 91.0565 90.6502 90.2439 89.8376 89.4313 89.0251 88.6189 88.2127 87.8066 87.4005 86.9944 86.5884 86.1824 85.7764 85.3705 84.9646 84.5588 84.1531 83.7474 83.3417 82.9361 82.5305 82.1249 81.7195 81.314 80.9087 80.5034 80.0982 79.693 79.2879 78.8828 78.4778 78.073 77.6681 77.2634 76.8587 76.4541 76.0496 75.6451 75.2406 74.8362 74.4318 74.0274 73.6232 73.2189 72.8148 72.4107 72.0066 71.6025 71.1985 70.7945 70.3905 69.9866 69.5826 69.1787 68.7748 68.3709 67.967 67.5631 67.1593 66.7554 66.3516 65.9478 65.544 65.1402 64.7365 64.3327 63.929 63.5254 63.1217 62.7181 62.3145 61.911 61.5075 61.104 60.7006 60.2972 59.8938 59.4905 59.0873 58.6841 58.2809 57.8778 57.4747 57.0717 56.6687 56.2658 55.863 55.4602 55.0574 54.6547 54.2521 53.8495 53.447 53.0446 52.6422 52.2398 51.8375 51.4353 51.0331 50.631 50.229 49.827 49.4251 49.0232 48.6214 48.2197 47.818 47.4164 47.0149 46.6134 46.212 45.8106 45.4093 45.0081 44.6069 44.2058 43.8047 43.4038 43.0029 42.602 42.2013 41.8006 41.3999 40.9994 40.5988 40.1984 39.798 39.3977 38.9975 38.5974 38.1974 37.7974 37.3975 36.9976 36.5979 36.1981 35.7985 35.3989 34.9994 34.6 34.2007 33.8014 33.4023 33.0032 32.6041 32.2052 31.8062 31.4073 31.0085 30.6098 30.2111 29.8124 29.4138 29.0153 28.6169 28.2185 27.8202 27.4219 27.0237 26.6255 26.2274 25.8294 25.4314 25.0335 24.6356 24.2378 23.84 23.4423 23.0446 22.6469 22.2493 21.8518 21.4542 21.0567 20.6593 20.2618 19.8644 19.4671 19.0697 18.6724 18.2751 17.8778 17.4805 17.0832 16.6859 16.2886 15.8913 15.494 15.0967 14.6994 14.3021 13.9048 13.5075 13.1102 12.7129 12.3156 11.9183 11.521 11.1237 10.7264 10.3291 9.93176 9.53445 9.13715 8.73985 8.34255 7.94525 7.54795 7.15064 6.75333 6.35603 5.95874 5.56146 5.1642 4.76695 4.36971 3.97247 3.57522 3.17796 2.78069 2.38343 1.98616 1.5889 1.19166 0.79443 0.397212 0. 
100. 99.5934 99.1868 98.7802 98.3736 97.967 97.5604 97.1538 96.7473 96.3407 95.9341 95.5276 95.1211 94.7145 94.308 93.9015 93.495 93.0886 92.6821 92.2757 91.8693 91.4629 91.0565 90.6502 90.2439 89.8376 89.4313 89.0251 88.6189 88.2127 87.8066 87.4005 86.9944 86.5884 86.1824 85.7764 85.3705 84.9646 84.5588 84.1531 83.7474 83.3417 82.9361 82.5305 82.1249 81.7195 81.314 80.9087 80.5034 80.0982 79.693 79.2879 78.8828 78.4778 78.073 77.6681 77.2634 76.8587 76.4541 76.0496 75.6451 75.2406 74.8362 74.4318 74.0274 73.6232 73.2189 72.8148 72.4107 72.0066 71.6025 71.1985 70.7945 70.3905 69.9866 69.5826 69.1787 68.7748 68.3709 67.967 67.5631 67.1593 66.7554 66.3516 65.9478 65.544 65.1402 64.7365 64.3327 63.929 63.5254 63.1217 62.7181 62.3145 61.911 61.5075 61.104 60.7006 60.2972 59.8938 59.4905 59.0873 58.684 58.2809 57.8778 57.4747 57.0717 56.6687 56.2658 55.863 55.4601 55.0574 54.6547 54.2521 53.8495 53.447 53.0445 52.6422 52.2398 51.8375 51.4353 51.0331 50.631 50.229 49.827 49.4251 49.0233 48.6214 48.2197 47.818 47.4164 47.0149 46.6134 46.212 45.8106 45.4093 45.0081 44.6069 44.2058 43.8047 43.4037 43.0028 42.602 42.2013 41.8006 41.3999 40.9994 40.5988 40.1984 39.798 39.3977 38.9975 38.5974 38.1974 37.7974 37.3975 36.9976 36.5979 36.1981 35.7985 35.3989 34.9994 34.6 34.2007 33.8014 33.4023 33.0032 32.6041 32.2051 31.8062 31.4073 31.0085 30.6098 30.2111 29.8124 29.4138 29.0153 28.6169 28.2185 27.8202 27.4219 27.0237 26.6255 26.2274 25.8294 25.4314 25.0335 24.6356 24.2378 23.84 23.4422 23.0446 22.6469 22.2493 21.8517 21.4542 21.0567 20.6592 20.2618 19.8644 19.4671 19.0697 18.6724 18.2751 17.8778 17.4805 17.0832 16.6859 16.2886 15.8913 15.494 15.0967 14.6994 14.3021 13.9048 13.5075 13.1102 12.7129 12.3156 11.9183 11.521 11.1237 10.7264 10.3291 9.93176 9.53445 9.13715 8.73985 8.34255 7.94525 7.54794 7.15064 6.75333 6.35603 5.95874 5.56146 5.1642 4.76695 4.36971 3.97247 3.57522 3.17796 2.78069 2.38342 1.98616 1.5889 1.19166 0.794431 0.397212 0. 
100. 99.5934 99.1868 98.7802 98.3736 97.967 97.5604 97.1538 96.7473 96.3407 95.9341 95.5276 95.121 94.7145 94.308 93.9015 93.495 93.0886 92.6821 92.2757 91.8693 91.4629 91.0565 90.6502 90.2439 89.8376 89.4313 89.0251 88.6189 88.2127 87.8066 87.4005 86.9944 86.5884 86.1824 85.7764 85.3705 84.9647 84.5589 84.1531 83.7474 83.3417 82.9361 82.5305 82.1249 81.7195 81.314 80.9087 80.5034 80.0982 79.693 79.2879 78.8828 78.4779 78.073 77.6681 77.2634 76.8587 76.4541 76.0496 75.6451 75.2406 74.8362 74.4318 74.0274 73.6232 73.2189 72.8148 72.4106 72.0066 71.6025 71.1985 70.7945 70.3905 69.9866 69.5826 69.1787 68.7748 68.3709 67.967 67.5631 67.1593 66.7554 66.3516 65.9478 65.544 65.1402 64.7364 64.3327 63.929 63.5253 63.1217 62.7181 62.3145 61.911 61.5075 61.104 60.7006 60.2972 59.8938 59.4905 59.0873 58.684 58.2809 57.8777 57.4747 57.0717 56.6687 56.2658 55.8629 55.4601 55.0574 54.6547 54.2521 53.8495 53.447 53.0445 52.6421 52.2398 51.8375 51.4353 51.0331 50.631 50.2289 49.827 49.4251 49.0232 48.6214 48.2197 47.818 47.4164 47.0148 46.6134 46.2119 45.8106 45.4093 45.008 44.6069 44.2058 43.8047 43.4037 43.0028 42.602 42.2012 41.8006 41.3999 40.9993 40.5988 40.1984 39.798 39.3977 38.9975 38.5974 38.1974 37.7974 37.3975 36.9976 36.5979 36.1981 35.7985 35.3989 34.9994 34.6 34.2007 33.8015 33.4023 33.0032 32.6041 32.2051 31.8062 31.4073 31.0085 30.6098 30.211 29.8124 29.4138 29.0153 28.6169 28.2185 27.8202 27.4219 27.0237 26.6255 26.2274 25.8294 25.4314 25.0335 24.6356 24.2378 23.84 23.4422 23.0446 22.6469 22.2493 21.8517 21.4542 21.0567 20.6592 20.2618 19.8644 19.467 19.0697 18.6724 18.2751 17.8777 17.4805 17.0832 16.6859 16.2886 15.8913 15.494 15.0967 14.6994 14.3021 13.9048 13.5075 13.1102 12.7129 12.3156 11.9183 11.521 11.1237 10.7264 10.3291 9.93176 9.53445 9.13715 8.73985 8.34254 7.94524 7.54794 7.15064 6.75333 6.35603 5.95874 5.56146 5.1642 4.76695 4.36971 3.97246 3.57521 3.17796 2.78069 2.38342 1.98616 1.5889 1.19166 0.794431 0.397213 0. 
100. 99.5934 99.1868 98.7802 98.3736 97.967 97.5604 97.1538 96.7473 96.3407 95.9341 95.5276 95.1211 94.7145 94.308 93.9015 93.495 93.0886 92.6821 92.2757 91.8693 91.4629 91.0565 90.6502 90.2439 89.8376 89.4313 89.0251 88.6189 88.2127 87.8066 87.4005 86.9944 86.5884 86.1824 85.7764 85.3705 84.9646 84.5588 84.1531 83.7474 83.3417 82.9361 82.5305 82.1249 81.7195 81.314 80.9087 80.5034 80.0982 79.693 79.2879 78.8828 78.4779 78.073 77.6681 77.2634 76.8587 76.4541 76.0496 75.645 75.2406 74.8361 74.4318 74.0274 73.6231 73.2189 72.8147 72.4106 72.0066 71.6025 71.1985 70.7945 70.3905 69.9865 69.5826 69.1787 68.7747 68.3708 67.967 67.5631 67.1592 66.7554 66.3516 65.9478 65.544 65.1402 64.7364 64.3327 63.929 63.5253 63.1217 62.7181 62.3145 61.911 61.5075 61.104 60.7006 60.2972 59.8938 59.4905 59.0872 58.684 58.2809 57.8777 57.4747 57.0717 56.6687 56.2658 55.8629 55.4601 55.0574 54.6547 54.2521 53.8495 53.447 53.0445 52.6421 52.2398 51.8375 51.4352 51.0331 50.631 50.2289 49.827 49.4251 49.0232 48.6214 48.2197 47.818 47.4164 47.0148 46.6133 46.2119 45.8106 45.4093 45.008 44.6069 44.2057 43.8047 43.4037 43.0028 42.602 42.2012 41.8005 41.3999 40.9993 40.5988 40.1984 39.798 39.3977 38.9975 38.5974 38.1974 37.7974 37.3975 36.9976 36.5979 36.1981 35.7985 35.3989 34.9994 34.6 34.2007 33.8014 33.4023 33.0032 32.6041 32.2051 31.8062 31.4073 31.0085 30.6097 30.211 29.8124 29.4138 29.0153 28.6169 28.2185 27.8202 27.4219 27.0237 26.6255 26.2274 25.8294 25.4314 25.0335 24.6356 24.2378 23.84 23.4422 23.0445 22.6469 22.2493 21.8517 21.4542 21.0567 20.6592 20.2618 19.8644 19.467 19.0697 18.6724 18.275 17.8777 17.4804 17.0832 16.6859 16.2886 15.8913 15.494 15.0967 14.6994 14.3021 13.9048 13.5075 13.1102 12.7129 12.3156 11.9183 11.521 11.1237 10.7264 10.3291 9.93176 9.53445 9.13715 8.73985 8.34254 7.94524 7.54794 7.15063 6.75333 6.35603 5.95874 5.56146 5.1642 4.76695 4.36971 3.97246 3.57521 3.17796 2.78069 2.38342 1.98616 1.5889 1.19166 0.794432 0.397213 0. 
100. 99.5934 99.1868 98.7802 98.3736 97.967 97.5604 97.1538 96.7473 96.3407 95.9341 95.5276 95.1211 94.7145 94.308 93.9015 93.495 93.0886 92.6821 92.2757 91.8693 91.4629 91.0565 90.6502 90.2439 89.8376 89.4313 89.0251 88.6189 88.2127 87.8066 87.4005 86.9944 86.5884 86.1824 85.7764 85.3705 84.9646 84.5588 84.1531 83.7474 83.3417 82.936 82.5305 82.1249 81.7194 81.314 80.9087 80.5034 80.0981 79.693 79.2879 78.8828 78.4778 78.0729 77.6681 77.2634 76.8587 76.4541 76.0495 75.645 75.2406 74.8361 74.4318 74.0274 73.6231 73.2189 72.8147 72.4106 72.0065 71.6025 71.1985 70.7945 70.3905 69.9865 69.5826 69.1787 68.7747 68.3708 67.9669 67.5631 67.1592 66.7554 66.3516 65.9478 65.544 65.1402 64.7364 64.3327 63.929 63.5253 63.1217 62.7181 62.3145 61.911 61.5074 61.104 60.7006 60.2972 59.8938 59.4905 59.0872 58.684 58.2808 57.8777 57.4746 57.0716 56.6687 56.2658 55.8629 55.4601 55.0574 54.6547 54.252 53.8495 53.447 53.0445 52.6421 52.2398 51.8375 51.4352 51.0331 50.631 50.2289 49.827 49.4251 49.0232 48.6214 48.2196 47.818 47.4164 47.0148 46.6133 46.2119 45.8105 45.4093 45.008 44.6068 44.2057 43.8047 43.4037 43.0028 42.602 42.2012 41.8005 41.3999 40.9993 40.5988 40.1984 39.798 39.3977 38.9975 38.5974 38.1974 37.7974 37.3975 36.9976 36.5978 36.1981 35.7985 35.3989 34.9994 34.6 34.2007 33.8014 33.4023 33.0032 32.6041 32.2051 31.8062 31.4073 31.0085 30.6097 30.211 29.8124 29.4138 29.0153 28.6169 28.2185 27.8201 27.4219 27.0237 26.6255 26.2274 25.8294 25.4314 25.0335 24.6356 24.2377 23.84 23.4422 23.0445 22.6469 22.2493 21.8517 21.4542 21.0567 20.6592 20.2618 19.8644 19.467 19.0697 18.6724 18.275 17.8777 17.4804 17.0831 16.6859 16.2886 15.8913 15.494 15.0967 14.6994 14.3021 13.9048 13.5075 13.1102 12.7129 12.3156 11.9183 11.521 11.1237 10.7264 10.3291 9.93176 9.53445 9.13715 8.73984 8.34254 7.94524 7.54794 7.15063 6.75333 6.35603 5.95874 5.56146 5.1642 4.76695 4.36971 3.97246 3.57521 3.17795 2.78069 2.38342 1.98616 1.5889 1.19166 0.794432 0.397213 0. 
100. 99.5934 99.1868 98.7802 98.3736 97.967 97.5604 97.1538 96.7473 96.3407 95.9341 95.5276 95.1211 94.7145 94.308 93.9015 93.495 93.0886 92.6821 92.2757 91.8693 91.4629 91.0565 90.6502 90.2439 89.8376 89.4313 89.0251 88.6189 88.2127 87.8066 87.4005 86.9944 86.5884 86.1824 85.7764 85.3705 84.9646 84.5588 84.1531 83.7473 83.3417 82.936 82.5305 82.1249 81.7194 81.314 80.9087 80.5034 80.0981 79.693 79.2878 78.8828 78.4778 78.0729 77.6681 77.2634 76.8587 76.4541 76.0495 75.645 75.2405 74.8361 74.4317 74.0274 73.6231 73.2189 72.8147 72.4106 72.0065 71.6025 71.1985 70.7945 70.3905 69.9865 69.5826 69.1786 68.7747 68.3708 67.9669 67.5631 67.1592 66.7554 66.3515 65.9477 65.5439 65.1402 64.7364 64.3327 63.929 63.5253 63.1217 62.7181 62.3145 61.9109 61.5074 61.104 60.7005 60.2971 59.8938 59.4905 59.0872 58.684 58.2808 57.8777 57.4746 57.0716 56.6687 56.2658 55.8629 55.4601 55.0573 54.6546 54.252 53.8494 53.4469 53.0445 52.6421 52.2397 51.8374 51.4352 51.0331 50.631 50.2289 49.8269 49.425 49.0232 48.6214 48.2196 47.8179 47.4163 47.0148 46.6133 46.2119 45.8105 45.4092 45.008 44.6068 44.2057 43.8047 43.4037 43.0028 42.602 42.2012 41.8005 41.3999 40.9993 40.5988 40.1983 39.798 39.3977 38.9975 38.5974 38.1973 37.7974 37.3975 36.9976 36.5978 36.1981 35.7985 35.3989 34.9994 34.6 34.2007 33.8014 33.4022 33.0031 32.6041 32.2051 31.8062 31.4073 31.0085 30.6097 30.211 29.8124 29.4138 29.0153 28.6168 28.2185 27.8201 27.4219 27.0237 26.6255 26.2274 25.8294 25.4314 25.0335 24.6356 24.2377 23.8399 23.4422 23.0445 22.6469 22.2493 21.8517 21.4542 21.0567 20.6592 20.2618 19.8644 19.467 19.0697 18.6723 18.275 17.8777 17.4804 17.0831 16.6859 16.2886 15.8913 15.494 15.0967 14.6994 14.3021 13.9048 13.5075 13.1102 12.7129 12.3156 11.9183 11.521 11.1237 10.7264 10.3291 9.93175 9.53445 9.13715 8.73984 8.34254 7.94524 7.54794 7.15063 6.75333 6.35603 5.95874 5.56146 5.1642 4.76695 4.36971 3.97246 3.57521 3.17795 2.78069 2.38342 1.98616 1.5889 1.19166 0.794433 0.397214 0. 
100. 99.5934 99.1868 98.7802 98.3736 97.967 97.5604 97.1538 96.7473 96.3407 95.9341 95.5276 95.121 94.7145 94.308 93.9015 93.495 93.0886 92.6821 92.2757 91.8693 91.4629 91.0565 90.6502 90.2439 89.8376 89.4313 89.0251 88.6189 88.2127 87.8066 87.4005 86.9944 86.5884 86.1824 85.7764 85.3705 84.9646 84.5588 84.1531 83.7473 83.3417 82.936 82.5304 82.1249 81.7194 81.314 80.9086 80.5034 80.0981 79.6929 79.2878 78.8828 78.4778 78.0729 77.6681 77.2634 76.8587 76.4541 76.0495 75.645 75.2405 74.8361 74.4317 74.0274 73.6231 73.2189 72.8147 72.4106 72.0065 71.6025 71.1984 70.7944 70.3905 69.9865 69.5826 69.1786 68.7747 68.3708 67.9669 67.5631 67.1592 66.7554 66.3515 65.9477 65.5439 65.1402 64.7364 64.3327 63.929 63.5253 63.1217 62.7181 62.3145 61.9109 61.5074 61.1039 60.7005 60.2971 59.8938 59.4905 59.0872 58.684 58.2808 57.8777 57.4746 57.0716 56.6686 56.2657 55.8629 55.4601 55.0573 54.6546 54.252 53.8494 53.4469 53.0445 52.6421 52.2397 51.8374 51.4352 51.033 50.6309 50.2289 49.8269 49.425 49.0231 48.6213 48.2196 47.8179 47.4163 47.0148 46.6133 46.2119 45.8105 45.4092 45.008 44.6068 44.2057 43.8046 43.4037 43.0028 42.6019 42.2012 41.8005 41.3999 40.9993 40.5988 40.1983 39.798 39.3977 38.9975 38.5974 38.1973 37.7974 37.3974 36.9976 36.5978 36.1981 35.7984 35.3989 34.9994 34.6 34.2007 33.8014 33.4022 33.0031 32.6041 32.2051 31.8062 31.4073 31.0085 30.6097 30.211 29.8124 29.4138 29.0153 28.6168 28.2184 27.8201 27.4218 27.0236 26.6255 26.2274 25.8293 25.4314 25.0334 24.6356 24.2377 23.8399 23.4422 23.0445 22.6469 22.2493 21.8517 21.4542 21.0567 20.6592 20.2618 19.8644 19.467 19.0697 18.6723 18.275 17.8777 17.4804 17.0831 16.6858 16.2886 15.8913 15.494 15.0967 14.6994 14.3021 13.9048 13.5075 13.1102 12.7129 12.3156 11.9183 11.521 11.1237 10.7264 10.3291 9.93175 9.53445 9.13715 8.73984 8.34254 7.94524 7.54793 7.15063 6.75333 6.35603 5.95874 5.56146 5.1642 4.76695 4.3697 3.97246 3.57521 3.17795 2.78069 2.38342 1.98616 1.58891 1.19166 0.794433 0.397214 0. 
100. 99.5934 99.1868 98.7802 98.3736 97.967 97.5604 97.1538 96.7473 96.3407 95.9341 95.5276 95.121 94.7145 94.308 93.9015 93.495 93.0886 92.6821 92.2757 91.8693 91.4629 91.0565 90.6502 90.2438 89.8375 89.4313 89.0251 88.6189 88.2127 87.8066 87.4005 86.9944 86.5883 86.1823 85.7764 85.3705 84.9646 84.5588 84.153 83.7473 83.3416 82.936 82.5304 82.1249 81.7194 81.314 80.9086 80.5033 80.0981 79.6929 79.2878 78.8828 78.4778 78.0729 77.6681 77.2633 76.8587 76.4541 76.0495 75.645 75.2405 74.8361 74.4317 74.0274 73.6231 73.2189 72.8147 72.4106 72.0065 71.6024 71.1984 70.7944 70.3905 69.9865 69.5825 69.1786 68.7747 68.3708 67.9669 67.563 67.1592 66.7553 66.3515 65.9477 65.5439 65.1401 64.7364 64.3327 63.929 63.5253 63.1216 62.718 62.3145 61.9109 61.5074 61.1039 60.7005 60.2971 59.8937 59.4904 59.0872 58.684 58.2808 57.8777 57.4746 57.0716 56.6686 56.2657 55.8628 55.46 55.0573 54.6546 54.252 53.8494 53.4469 53.0445 52.642 52.2397 51.8374 51.4352 51.033 50.6309 50.2289 49.8269 49.425 49.0231 48.6213 48.2196 47.8179 47.4163 47.0147 46.6132 46.2118 45.8105 45.4092 45.008 44.6068 44.2057 43.8046 43.4036 43.0028 42.6019 42.2012 41.8005 41.3998 40.9993 40.5988 40.1983 39.798 39.3977 38.9975 38.5973 38.1973 37.7973 37.3974 36.9976 36.5978 36.1981 35.7984 35.3989 34.9994 34.6 34.2006 33.8014 33.4022 33.0031 32.6041 32.2051 31.8062 31.4073 31.0085 30.6097 30.211 29.8123 29.4138 29.0153 28.6168 28.2184 27.8201 27.4218 27.0236 26.6255 26.2274 25.8293 25.4313 25.0334 24.6355 24.2377 23.8399 23.4422 23.0445 22.6468 22.2492 21.8517 21.4541 21.0566 20.6592 20.2618 19.8644 19.467 19.0696 18.6723 18.275 17.8777 17.4804 17.0831 16.6858 16.2886 15.8913 15.494 15.0967 14.6994 14.3021 13.9048 13.5075 13.1102 12.7129 12.3156 11.9183 11.521 11.1237 10.7264 10.3291 9.93175 9.53445 9.13714 8.73984 8.34254 7.94524 7.54793 7.15063 6.75333 6.35603 5.95873 5.56146 5.1642 4.76695 4.3697 3.97246 3.57521 3.17795 2.78069 2.38342 1.98616 1.5889 1.19166 0.794433 0.397214 0. 
100. 99.5934 99.1868 98.7802 98.3736 97.967 97.5604 97.1538 96.7473 96.3407 95.9341 95.5276 95.121 94.7145 94.308 93.9015 93.495 93.0885 92.6821 92.2757 91.8693 91.4629 91.0565 90.6502 90.2438 89.8375 89.4313 89.0251 88.6189 88.2127 87.8066 87.4005 86.9944 86.5883 86.1823 85.7764 85.3704 84.9646 84.5588 84.153 83.7473 83.3416 82.936 82.5304 82.1249 81.7194 81.314 80.9086 80.5033 80.0981 79.6929 79.2878 78.8827 78.4778 78.0729 77.6681 77.2633 76.8587 76.454 76.0495 75.645 75.2405 74.8361 74.4317 74.0274 73.6231 73.2189 72.8147 72.4106 72.0065 71.6024 71.1984 70.7944 70.3904 69.9865 69.5825 69.1786 68.7747 68.3708 67.9669 67.563 67.1592 66.7553 66.3515 65.9477 65.5439 65.1401 64.7364 64.3326 63.9289 63.5253 63.1216 62.718 62.3144 61.9109 61.5074 61.1039 60.7005 60.2971 59.8937 59.4904 59.0872 58.6839 58.2808 57.8776 57.4746 57.0716 56.6686 56.2657 55.8628 55.46 55.0573 54.6546 54.2519 53.8494 53.4469 53.0444 52.642 52.2397 51.8374 51.4351 51.033 50.6309 50.2288 49.8269 49.4249 49.0231 48.6213 48.2195 47.8179 47.4162 47.0147 46.6132 46.2118 45.8104 45.4092 45.0079 44.6067 44.2056 43.8046 43.4036 43.0027 42.6019 42.2011 41.8004 41.3998 40.9992 40.5987 40.1983 39.7979 39.3976 38.9974 38.5973 38.1973 37.7973 37.3974 36.9976 36.5978 36.1981 35.7984 35.3988 34.9993 34.5999 34.2006 33.8014 33.4022 33.0031 32.6041 32.2051 31.8061 31.4073 31.0084 30.6097 30.211 29.8123 29.4138 29.0152 28.6168 28.2184 27.8201 27.4218 27.0236 26.6254 26.2273 25.8293 25.4313 25.0334 24.6355 24.2377 23.8399 23.4422 23.0445 22.6468 22.2492 21.8517 21.4541 21.0566 20.6592 20.2617 19.8643 19.467 19.0696 18.6723 18.275 17.8777 17.4804 17.0831 16.6858 16.2886 15.8913 15.494 15.0967 14.6994 14.3021 13.9048 13.5075 13.1102 12.7129 12.3156 11.9183 11.521 11.1237 10.7264 10.3291 9.93175 9.53445 9.13714 8.73984 8.34254 7.94524 7.54793 7.15063 6.75333 6.35602 5.95873 5.56145 5.16419 4.76694 4.3697 3.97246 3.57521 3.17796 2.78069 2.38342 1.98616 1.5889 1.19166 0.794432 0.397213 0. 
100. 99.5934 99.1868 98.7802 98.3736 97.967 97.5604 97.1538 96.7473 96.3407 95.9341 95.5276 95.121 94.7145 94.308 93.9015 93.495 93.0885 92.6821 92.2757 91.8693 91.4629 91.0565 90.6502 90.2438 89.8375 89.4313 89.025 88.6188 88.2127 87.8065 87.4004 86.9944 86.5883 86.1823 85.7763 85.3704 84.9646 84.5588 84.153 83.7473 83.3416 82.936 82.5304 82.1248 81.7194 81.3139 80.9086 80.5033 80.0981 79.6929 79.2878 78.8827 78.4778 78.0729 77.668 77.2633 76.8586 76.454 76.0495 75.6449 75.2405 74.8361 74.4317 74.0273 73.6231 73.2188 72.8147 72.4105 72.0065 71.6024 71.1984 70.7944 70.3904 69.9865 69.5825 69.1786 68.7747 68.3708 67.9669 67.563 67.1592 66.7553 66.3515 65.9477 65.5439 65.1401 64.7364 64.3326 63.9289 63.5252 63.1216 62.718 62.3144 61.9109 61.5074 61.1039 60.7004 60.2971 59.8937 59.4904 59.0871 58.6839 58.2807 57.8776 57.4746 57.0715 56.6686 56.2657 55.8628 55.46 55.0572 54.6546 54.2519 53.8493 53.4468 53.0444 52.642 52.2396 51.8373 51.4351 51.0329 50.6308 50.2288 49.8268 49.4249 49.0231 48.6213 48.2195 47.8178 47.4162 47.0147 46.6132 46.2118 45.8104 45.4091 45.0079 44.6067 44.2056 43.8046 43.4036 43.0027 42.6019 42.2011 41.8004 41.3998 40.9992 40.5987 40.1983 39.7979 39.3976 38.9974 38.5973 38.1973 37.7973 37.3974 36.9975 36.5978 36.198 35.7984 35.3988 34.9993 34.5999 34.2006 33.8013 33.4022 33.0031 32.604 32.2051 31.8061 31.4072 31.0084 30.6096 30.2109 29.8123 29.4137 29.0152 28.6168 28.2184 27.82 27.4218 27.0236 26.6254 26.2273 25.8293 25.4313 25.0334 24.6355 24.2377 23.8399 23.4421 23.0444 22.6468 22.2492 21.8516 21.4541 21.0566 20.6592 20.2617 19.8643 19.467 19.0696 18.6723 18.275 17.8777 17.4804 17.0831 16.6858 16.2885 15.8913 15.494 15.0967 14.6994 14.3021 13.9048 13.5075 13.1102 12.7129 12.3156 11.9183 11.521 11.1237 10.7264 10.3291 9.93175 9.53444 9.13714 8.73984 8.34254 7.94523 7.54793 7.15063 6.75332 6.35602 5.95873 5.56145 5.16419 4.76694 4.3697 3.97246 3.57521 3.17796 2.78069 2.38342 1.98616 1.5889 1.19166 0.794431 0.397213 0. 
100. 99.5934 99.1868 98.7802 98.3736 97.967 97.5604 97.1538 96.7472 96.3407 95.9341 95.5276 95.121 94.7145 94.308 93.9015 93.495 93.0885 92.6821 92.2757 91.8692 91.4628 91.0565 90.6501 90.2438 89.8375 89.4313 89.025 88.6188 88.2127 87.8065 87.4004 86.9944 86.5883 86.1823 85.7763 85.3704 84.9646 84.5587 84.153 83.7473 83.3416 82.936 82.5304 82.1248 81.7193 81.3139 80.9086 80.5033 80.098 79.6929 79.2877 78.8827 78.4777 78.0728 77.668 77.2633 76.8586 76.454 76.0494 75.6449 75.2405 74.836 74.4316 74.0273 73.623 73.2188 72.8146 72.4105 72.0064 71.6024 71.1984 70.7944 70.3904 69.9865 69.5825 69.1786 68.7746 68.3707 67.9669 67.563 67.1591 66.7553 66.3515 65.9477 65.5439 65.1401 64.7363 64.3326 63.9289 63.5252 63.1216 62.718 62.3144 61.9109 61.5073 61.1039 60.7004 60.297 59.8937 59.4904 59.0871 58.6839 58.2807 57.8776 57.4745 57.0715 56.6685 56.2656 55.8628 55.46 55.0572 54.6545 54.2519 53.8493 53.4468 53.0444 52.642 52.2396 51.8373 51.4351 51.0329 50.6308 50.2288 49.8268 49.4249 49.023 48.6212 48.2195 47.8178 47.4162 47.0146 46.6132 46.2117 45.8104 45.4091 45.0079 44.6067 44.2056 43.8045 43.4036 43.0027 42.6018 42.2011 41.8004 41.3998 40.9992 40.5987 40.1982 39.7979 39.3976 38.9974 38.5973 38.1972 37.7973 37.3974 36.9975 36.5977 36.198 35.7984 35.3988 34.9993 34.5999 34.2006 33.8013 33.4021 33.003 32.604 32.205 31.8061 31.4072 31.0084 30.6096 30.2109 29.8123 29.4137 29.0152 28.6167 28.2184 27.82 27.4218 27.0235 26.6254 26.2273 25.8293 25.4313 25.0333 24.6355 24.2376 23.8398 23.4421 23.0444 22.6468 22.2492 21.8516 21.4541 21.0566 20.6591 20.2617 19.8643 19.467 19.0696 18.6723 18.275 17.8777 17.4804 17.0831 16.6858 16.2885 15.8913 15.494 15.0967 14.6994 14.3021 13.9048 13.5075 13.1102 12.7129 12.3156 11.9183 11.521 11.1237 10.7264 10.3291 9.93175 9.53444 9.13714 8.73984 8.34253 7.94523 7.54793 7.15063 6.75332 6.35602 5.95872 5.56145 5.16419 4.76694 4.3697 3.97246 3.57522 3.17796 2.78069 2.38342 1.98616 1.5889 1.19166 0.79443 0.397212 0. 
100. 99.5934 99.1868 98.7802 98.3736 97.967 97.5604 97.1538 96.7473 96.3407 95.9341 95.5276 95.121 94.7145 94.308 93.9015 93.495 93.0885 92.6821 92.2756 91.8692 91.4629 91.0565 90.6501 90.2438 89.8375 89.4312 89.025 88.6188 88.2127 87.8065 87.4004 86.9943 86.5883 86.1823 85.7763 85.3704 84.9645 84.5587 84.153 83.7472 83.3416 82.9359 82.5303 82.1248 81.7193 81.3139 80.9085 80.5032 80.098 79.6928 79.2877 78.8826 78.4777 78.0728 77.668 77.2632 76.8586 76.454 76.0494 75.6449 75.2404 74.836 74.4316 74.0273 73.623 73.2188 72.8146 72.4105 72.0064 71.6024 71.1984 70.7944 70.3904 69.9864 69.5825 69.1785 68.7746 68.3707 67.9669 67.563 67.1591 66.7553 66.3515 65.9476 65.5438 65.1401 64.7363 64.3326 63.9289 63.5252 63.1216 62.718 62.3144 61.9108 61.5073 61.1038 60.7004 60.297 59.8936 59.4903 59.0871 58.6839 58.2807 57.8776 57.4745 57.0715 56.6685 56.2656 55.8627 55.4599 55.0572 54.6545 54.2518 53.8493 53.4468 53.0443 52.6419 52.2396 51.8373 51.435 51.0329 50.6308 50.2287 49.8268 49.4249 49.023 48.6212 48.2194 47.8178 47.4161 47.0146 46.6131 46.2117 45.8103 45.4091 45.0078 44.6066 44.2055 43.8045 43.4035 43.0026 42.6018 42.201 41.8004 41.3997 40.9991 40.5986 40.1982 39.7978 39.3976 38.9974 38.5972 38.1972 37.7972 37.3973 36.9975 36.5977 36.198 35.7983 35.3987 34.9993 34.5998 34.2005 33.8013 33.4021 33.003 32.604 32.205 31.8061 31.4072 31.0084 30.6096 30.2109 29.8122 29.4137 29.0152 28.6167 28.2183 27.82 27.4217 27.0235 26.6254 26.2273 25.8292 25.4312 25.0333 24.6354 24.2376 23.8398 23.4421 23.0444 22.6467 22.2491 21.8516 21.4541 21.0566 20.6591 20.2617 19.8643 19.4669 19.0696 18.6723 18.275 17.8777 17.4804 17.0831 16.6858 16.2885 15.8913 15.494 15.0967 14.6994 14.3021 13.9048 13.5075 13.1102 12.7129 12.3156 11.9183 11.521 11.1237 10.7264 10.3291 9.93175 9.53444 9.13714 8.73983 8.34253 7.94523 7.54793 7.15063 6.75332 6.35601 5.95872 5.56144 5.16418 4.76694 4.3697 3.97246 3.57522 3.17796 2.78069 2.38342 1.98616 1.5889 1.19166 0.794429 0.397212 0. 
100. 99.5934 99.1868 98.7802 98.3736 97.967 97.5604 97.1538 96.7472 96.3407 95.9341 95.5276 95.121 94.7145 94.308 93.9015 93.495 93.0885 92.6821 92.2756 91.8692 91.4628 91.0565 90.6501 90.2438 89.8375 89.4312 89.025 88.6188 88.2126 87.8065 87.4004 86.9943 86.5883 86.1823 85.7763 85.3704 84.9645 84.5587 84.153 83.7472 83.3416 82.9359 82.5303 82.1248 81.7193 81.3139 80.9085 80.5032 80.098 79.6928 79.2877 78.8827 78.4777 78.0728 77.668 77.2632 76.8586 76.454 76.0494 75.6449 75.2404 74.836 74.4316 74.0273 73.623 73.2188 72.8146 72.4105 72.0064 71.6024 71.1983 70.7944 70.3904 69.9864 69.5825 69.1785 68.7746 68.3707 67.9669 67.563 67.1591 66.7553 66.3514 65.9476 65.5438 65.1401 64.7363 64.3326 63.9289 63.5252 63.1216 62.7179 62.3144 61.9108 61.5073 61.1038 60.7004 60.297 59.8936 59.4903 59.0871 58.6838 58.2807 57.8775 57.4745 57.0715 56.6685 56.2656 55.8627 55.4599 55.0572 54.6545 54.2518 53.8493 53.4467 53.0443 52.6419 52.2395 51.8373 51.435 51.0328 50.6307 50.2287 49.8267 49.4248 49.023 48.6212 48.2194 47.8177 47.4161 47.0146 46.6131 46.2117 45.8103 45.409 45.0078 44.6066 44.2055 43.8045 43.4035 43.0026 42.6018 42.201 41.8003 41.3997 40.9991 40.5986 40.1982 39.7978 39.3975 38.9973 38.5972 38.1972 37.7972 37.3973 36.9975 36.5977 36.198 35.7983 35.3987 34.9992 34.5998 34.2005 33.8013 33.4021 33.003 32.604 32.205 31.8061 31.4072 31.0084 30.6096 30.2109 29.8122 29.4137 29.0151 28.6167 28.2183 27.82 27.4217 27.0235 26.6253 26.2272 25.8292 25.4312 25.0333 24.6354 24.2376 23.8398 23.4421 23.0444 22.6467 22.2491 21.8516 21.454 21.0566 20.6591 20.2617 19.8643 19.4669 19.0696 18.6723 18.275 17.8777 17.4804 17.0831 16.6858 16.2885 15.8913 15.494 15.0967 14.6994 14.3021 13.9048 13.5075 13.1102 12.7129 12.3156 11.9183 11.521 11.1237 10.7264 10.3291 9.93175 9.53444 9.13714 8.73983 8.34253 7.94523 7.54793 7.15063 6.75332 6.35601 5.95872 5.56144 5.16418 4.76694 4.3697 3.97246 3.57522 3.17796 2.78069 2.38342 1.98616 1.5889 1.19166 0.794428 0.397211 0. 
100. 99.5934 99.1868 98.7802 98.3736 97.967 97.5604 97.1538 96.7472 96.3407 95.9341 95.5276 95.121 94.7145 94.308 93.9015 93.495 93.0885 92.6821 92.2757 91.8692 91.4628 91.0565 90.6501 90.2438 89.8375 89.4312 89.025 88.6188 88.2126 87.8065 87.4004 86.9943 86.5883 86.1823 85.7763 85.3704 84.9645 84.5587 84.153 83.7472 83.3416 82.9359 82.5303 82.1248 81.7193 81.3139 80.9085 80.5032 80.098 79.6928 79.2877 78.8826 78.4777 78.0728 77.668 77.2632 76.8586 76.454 76.0494 75.6449 75.2404 74.836 74.4316 74.0273 73.623 73.2188 72.8146 72.4105 72.0064 71.6024 71.1983 70.7944 70.3904 69.9864 69.5825 69.1785 68.7746 68.3707 67.9668 67.563 67.1591 66.7553 66.3514 65.9476 65.5438 65.14 64.7363 64.3326 63.9289 63.5252 63.1215 62.7179 62.3144 61.9108 61.5073 61.1038 60.7004 60.297 59.8936 59.4903 59.0871 58.6838 58.2807 57.8775 57.4745 57.0714 56.6685 56.2656 55.8627 55.4599 55.0571 54.6545 54.2518 53.8493 53.4467 53.0443 52.6419 52.2395 51.8372 51.435 51.0328 50.6307 50.2287 49.8267 49.4248 49.023 48.6212 48.2194 47.8177 47.4161 47.0146 46.6131 46.2117 45.8103 45.409 45.0078 44.6066 44.2055 43.8045 43.4035 43.0026 42.6018 42.201 41.8003 41.3997 40.9991 40.5986 40.1982 39.7978 39.3975 38.9974 38.5972 38.1972 37.7972 37.3973 36.9975 36.5977 36.198 35.7983 35.3987 34.9993 34.5998 34.2005 33.8013 33.4021 33.003 32.604 32.205 31.8061 31.4072 31.0084 30.6096 30.2109 29.8122 29.4137 29.0151 28.6167 28.2183 27.82 27.4217 27.0235 26.6253 26.2272 25.8292 25.4312 25.0333 24.6354 24.2376 23.8398 23.4421 23.0444 22.6467 22.2491 21.8516 21.454 21.0565 20.6591 20.2617 19.8643 19.4669 19.0696 18.6723 18.2749 17.8776 17.4804 17.0831 16.6858 16.2885 15.8912 15.494 15.0967 14.6994 14.3021 13.9048 13.5075 13.1102 12.7129 12.3156 11.9183 11.521 11.1237 10.7264 10.3291 9.93175 9.53444 9.13713 8.73983 8.34253 7.94523 7.54793 7.15062 6.75332 6.35601 5.95872 5.56144 5.16418 4.76694 4.3697 3.97246 3.57521 3.17796 2.78069 2.38342 1.98616 1.5889 1.19166 0.794431 0.397212 0. 
100. 99.5934 99.1868 98.7802 98.3736 97.967 97.5604 97.1538 96.7472 96.3407 95.9341 95.5276 95.121 94.7145 94.308 93.9015 93.495 93.0885 92.6821 92.2757 91.8692 91.4628 91.0565 90.6501 90.2438 89.8375 89.4312 89.025 88.6188 88.2126 87.8065 87.4004 86.9943 86.5883 86.1823 85.7763 85.3704 84.9645 84.5587 84.153 83.7472 83.3416 82.9359 82.5303 82.1248 81.7193 81.3139 80.9085 80.5032 80.098 79.6928 79.2877 78.8826 78.4777 78.0728 77.668 77.2632 76.8586 76.4539 76.0494 75.6449 75.2404 74.836 74.4316 74.0273 73.623 73.2188 72.8146 72.4105 72.0064 71.6024 71.1983 70.7943 70.3904 69.9864 69.5824 69.1785 68.7746 68.3707 67.9668 67.563 67.1591 66.7553 66.3514 65.9476 65.5438 65.14 64.7363 64.3326 63.9289 63.5252 63.1215 62.7179 62.3143 61.9108 61.5073 61.1038 60.7004 60.297 59.8936 59.4903 59.087 58.6838 58.2807 57.8775 57.4745 57.0714 56.6685 56.2656 55.8627 55.4599 55.0571 54.6545 54.2518 53.8492 53.4467 53.0443 52.6419 52.2395 51.8372 51.435 51.0328 50.6307 50.2287 49.8267 49.4248 49.023 48.6212 48.2194 47.8177 47.4161 47.0146 46.6131 46.2117 45.8103 45.409 45.0078 44.6066 44.2055 43.8045 43.4035 43.0026 42.6018 42.201 41.8003 41.3997 40.9991 40.5986 40.1982 39.7978 39.3975 38.9974 38.5972 38.1972 37.7972 37.3973 36.9975 36.5977 36.198 35.7983 35.3987 34.9993 34.5998 34.2005 33.8013 33.4021 33.003 32.604 32.205 31.8061 31.4072 31.0084 30.6096 30.2109 29.8122 29.4137 29.0151 28.6167 28.2183 27.82 27.4217 27.0235 26.6253 26.2272 25.8292 25.4312 25.0333 24.6354 24.2376 23.8398 23.442 23.0444 22.6467 22.2491 21.8516 21.454 21.0565 20.6591 20.2617 19.8643 19.4669 19.0696 18.6722 18.2749 17.8776 17.4804 17.0831 16.6858 16.2885 15.8912 15.494 15.0967 14.6994 14.3021 13.9048 13.5075 13.1102 12.7129 12.3156 11.9183 11.521 11.1237 10.7264 10.3291 9.93174 9.53444 9.13713 8.73983 8.34253 7.94523 7.54793 7.15062 6.75332 6.35602 5.95872 5.56145 5.16419 4.76694 4.3697 3.97246 3.57521 3.17796 2.78069 2.38342 1.98616 1.5889 1.19166 0.794433 0.397214 0. 
100. 99.5934 99.1868 98.7802 98.3736 97.967 97.5604 97.1538 96.7472 96.3407 95.9341 95.5276 95.121 94.7145 94.308 93.9015 93.495 93.0885 92.6821 92.2757 91.8692 91.4628 91.0565 90.6501 90.2438 89.8375 89.4312 89.025 88.6188 88.2126 87.8065 87.4004 86.9943 86.5883 86.1823 85.7763 85.3704 84.9645 84.5587 84.153 83.7472 83.3416 82.9359 82.5303 82.1248 81.7193 81.3139 80.9085 80.5032 80.098 79.6928 79.2877 78.8826 78.4777 78.0728 77.668 77.2632 76.8586 76.4539 76.0494 75.6449 75.2404 74.836 74.4316 74.0273 73.623 73.2188 72.8146 72.4105 72.0064 71.6024 71.1983 70.7943 70.3904 69.9864 69.5824 69.1785 68.7746 68.3707 67.9668 67.5629 67.1591 66.7553 66.3514 65.9476 65.5438 65.14 64.7363 64.3325 63.9288 63.5252 63.1215 62.7179 62.3143 61.9108 61.5073 61.1038 60.7004 60.297 59.8936 59.4903 59.087 58.6838 58.2807 57.8775 57.4744 57.0714 56.6685 56.2656 55.8627 55.4599 55.0571 54.6544 54.2518 53.8492 53.4467 53.0443 52.6419 52.2395 51.8372 51.435 51.0328 50.6307 50.2287 49.8267 49.4248 49.0229 48.6211 48.2194 47.8177 47.4161 47.0146 46.6131 46.2116 45.8103 45.409 45.0078 44.6066 44.2055 43.8044 43.4035 43.0026 42.6018 42.201 41.8003 41.3997 40.9991 40.5986 40.1982 39.7978 39.3975 38.9974 38.5972 38.1972 37.7972 37.3973 36.9975 36.5977 36.198 35.7983 35.3987 34.9993 34.5998 34.2005 33.8013 33.4021 33.003 32.604 32.205 31.806 31.4072 31.0083 30.6096 30.2109 29.8122 29.4137 29.0151 28.6167 28.2183 27.82 27.4217 27.0235 26.6253 26.2272 25.8292 25.4312 25.0333 24.6354 24.2376 23.8398 23.442 23.0444 22.6467 22.2491 21.8515 21.454 21.0565 20.6591 20.2617 19.8643 19.4669 19.0696 18.6722 18.2749 17.8776 17.4803 17.0831 16.6858 16.2885 15.8912 15.494 15.0967 14.6994 14.3021 13.9048 13.5075 13.1102 12.7129 12.3156 11.9183 11.521 11.1237 10.7264 10.3291 9.93174 9.53444 9.13714 8.73983 8.34253 7.94523 7.54792 7.15062 6.75332 6.35602 5.95873 5.56145 5.16419 4.76694 4.3697 3.97246 3.57521 3.17795 2.78069 2.38342 1.98616 1.58891 1.19166 0.794434 0.397215 0. 
100. 99.5934 99.1868 98.7802 98.3736 97.967 97.5604 97.1538 96.7472 96.3407 95.9341 95.5276 95.121 94.7145 94.308 93.9015 93.495 93.0885 92.6821 92.2756 91.8692 91.4628 91.0565 90.6501 90.2438 89.8375 89.4312 89.025 88.6188 88.2126 87.8065 87.4004 86.9943 86.5883 86.1822 85.7763 85.3704 84.9645 84.5587 84.1529 83.7472 83.3415 82.9359 82.5303 82.1248 81.7193 81.3139 80.9085 80.5032 80.098 79.6928 79.2877 78.8826 78.4777 78.0728 77.668 77.2632 76.8585 76.4539 76.0494 75.6449 75.2404 74.836 74.4316 74.0272 73.623 73.2188 72.8146 72.4105 72.0064 71.6023 71.1983 70.7943 70.3903 69.9864 69.5824 69.1785 68.7746 68.3707 67.9668 67.5629 67.1591 66.7552 66.3514 65.9476 65.5438 65.14 64.7363 64.3325 63.9288 63.5252 63.1215 62.7179 62.3143 61.9108 61.5073 61.1038 60.7003 60.297 59.8936 59.4903 59.087 58.6838 58.2806 57.8775 57.4744 57.0714 56.6685 56.2655 55.8627 55.4599 55.0571 54.6544 54.2518 53.8492 53.4467 53.0443 52.6418 52.2395 51.8372 51.435 51.0328 50.6307 50.2287 49.8267 49.4248 49.0229 48.6211 48.2194 47.8177 47.4161 47.0145 46.6131 46.2116 45.8103 45.409 45.0078 44.6066 44.2055 43.8044 43.4035 43.0026 42.6018 42.201 41.8003 41.3997 40.9991 40.5986 40.1982 39.7978 39.3975 38.9973 38.5972 38.1972 37.7972 37.3973 36.9975 36.5977 36.198 35.7983 35.3987 34.9993 34.5998 34.2005 33.8013 33.4021 33.003 32.604 32.205 31.806 31.4072 31.0083 30.6096 30.2109 29.8122 29.4136 29.0151 28.6167 28.2183 27.82 27.4217 27.0235 26.6253 26.2272 25.8292 25.4312 25.0333 24.6354 24.2375 23.8398 23.442 23.0443 22.6467 22.2491 21.8515 21.454 21.0565 20.6591 20.2616 19.8643 19.4669 19.0696 18.6722 18.2749 17.8776 17.4803 17.0831 16.6858 16.2885 15.8912 15.494 15.0967 14.6994 14.3021 13.9048 13.5075 13.1102 12.7129 12.3156 11.9183 11.521 11.1237 10.7264 10.329 9.93174 9.53444 9.13713 8.73983 8.34253 7.94523 7.54792 7.15062 6.75332 6.35602 5.95873 5.56145 5.16419 4.76694 4.3697 3.97246 3.57521 3.17795 2.78069 2.38342 1.98616 1.58891 1.19167 0.794435 0.397215 0. 
100. 99.5934 99.1868 98.7802 98.3736 97.967 97.5604 97.1538 96.7472 96.3407 95.9341 95.5276 95.121 94.7145 94.308 93.9015 93.495 93.0885 92.6821 92.2756 91.8692 91.4628 91.0565 90.6501 90.2438 89.8375 89.4312 89.025 88.6188 88.2126 87.8065 87.4004 86.9943 86.5883 86.1822 85.7763 85.3704 84.9645 84.5587 84.1529 83.7472 83.3415 82.9359 82.5303 82.1248 81.7193 81.3138 80.9085 80.5032 80.098 79.6928 79.2877 78.8826 78.4777 78.0728 77.6679 77.2632 76.8585 76.4539 76.0494 75.6448 75.2404 74.836 74.4316 74.0272 73.623 73.2187 72.8146 72.4105 72.0064 71.6023 71.1983 70.7943 70.3903 69.9864 69.5824 69.1785 68.7746 68.3707 67.9668 67.5629 67.1591 66.7552 66.3514 65.9476 65.5438 65.14 64.7363 64.3325 63.9288 63.5251 63.1215 62.7179 62.3143 61.9108 61.5072 61.1038 60.7003 60.2969 59.8936 59.4903 59.087 58.6838 58.2806 57.8775 57.4744 57.0714 56.6684 56.2655 55.8627 55.4598 55.0571 54.6544 54.2518 53.8492 53.4467 53.0442 52.6418 52.2395 51.8372 51.435 51.0328 50.6307 50.2286 49.8267 49.4248 49.0229 48.6211 48.2194 47.8177 47.4161 47.0145 46.613 46.2116 45.8103 45.409 45.0077 44.6066 44.2055 43.8044 43.4035 43.0026 42.6017 42.201 41.8003 41.3997 40.9991 40.5986 40.1982 39.7978 39.3975 38.9973 38.5972 38.1972 37.7972 37.3973 36.9975 36.5977 36.198 35.7983 35.3987 34.9992 34.5998 34.2005 33.8013 33.4021 33.003 32.604 32.205 31.806 31.4072 31.0083 30.6096 30.2109 29.8122 29.4136 29.0151 28.6167 28.2183 27.8199 27.4217 27.0234 26.6253 26.2272 25.8292 25.4312 25.0333 24.6354 24.2375 23.8397 23.442 23.0443 22.6467 22.2491 21.8515 21.454 21.0565 20.6591 20.2616 19.8642 19.4669 19.0695 18.6722 18.2749 17.8776 17.4803 17.083 16.6858 16.2885 15.8912 15.4939 15.0967 14.6994 14.3021 13.9048 13.5075 13.1102 12.7129 12.3156 11.9183 11.521 11.1237 10.7264 10.329 9.93174 9.53444 9.13713 8.73983 8.34253 7.94523 7.54792 7.15062 6.75332 6.35602 5.95873 5.56145 5.16419 4.76694 4.3697 3.97245 3.57521 3.17795 2.78069 2.38342 1.98616 1.58891 1.19167 0.794436 0.397215 0. 
100. 99.5934 99.1868 98.7802 98.3736 97.967 97.5604 97.1538 96.7472 96.3407 95.9341 95.5275 95.121 94.7145 94.308 93.9015 93.495 93.0885 92.6821 92.2756 91.8692 91.4628 91.0565 90.6501 90.2438 89.8375 89.4312 89.025 88.6188 88.2126 87.8065 87.4004 86.9943 86.5882 86.1822 85.7763 85.3704 84.9645 84.5587 84.1529 83.7472 83.3415 82.9359 82.5303 82.1247 81.7193 81.3138 80.9085 80.5032 80.0979 79.6928 79.2877 78.8826 78.4776 78.0727 77.6679 77.2632 76.8585 76.4539 76.0493 75.6448 75.2404 74.8359 74.4316 74.0272 73.623 73.2187 72.8146 72.4104 72.0064 71.6023 71.1983 70.7943 70.3903 69.9864 69.5824 69.1785 68.7746 68.3707 67.9668 67.5629 67.1591 66.7552 66.3514 65.9476 65.5438 65.14 64.7362 64.3325 63.9288 63.5251 63.1215 62.7179 62.3143 61.9107 61.5072 61.1038 60.7003 60.2969 59.8936 59.4903 59.087 58.6838 58.2806 57.8775 57.4744 57.0714 56.6684 56.2655 55.8626 55.4598 55.0571 54.6544 54.2518 53.8492 53.4467 53.0442 52.6418 52.2395 51.8372 51.4349 51.0328 50.6307 50.2286 49.8266 49.4247 49.0229 48.6211 48.2193 47.8177 47.416 47.0145 46.613 46.2116 45.8102 45.409 45.0077 44.6065 44.2054 43.8044 43.4034 43.0025 42.6017 42.201 41.8003 41.3996 40.9991 40.5986 40.1981 39.7978 39.3975 38.9973 38.5972 38.1972 37.7972 37.3973 36.9975 36.5977 36.1979 35.7983 35.3987 34.9992 34.5998 34.2005 33.8013 33.4021 33.003 32.6039 32.2049 31.806 31.4071 31.0083 30.6095 30.2108 29.8122 29.4136 29.0151 28.6167 28.2183 27.8199 27.4217 27.0234 26.6253 26.2272 25.8291 25.4312 25.0332 24.6354 24.2375 23.8397 23.442 23.0443 22.6467 22.2491 21.8515 21.454 21.0565 20.659 20.2616 19.8642 19.4669 19.0695 18.6722 18.2749 17.8776 17.4803 17.083 16.6858 16.2885 15.8912 15.4939 15.0967 14.6994 14.3021 13.9048 13.5075 13.1102 12.7129 12.3156 11.9183 11.521 11.1237 10.7264 10.329 9.93174 9.53444 9.13713 8.73983 8.34253 7.94522 7.54792 7.15062 6.75332 6.35602 5.95873 5.56145 5.16419 4.76694 4.3697 3.97245 3.57521 3.17795 2.78069 2.38342 1.98616 1.58891 1.19167 0.794436 0.397215 0. 
100. 99.5934 99.1868 98.7802 98.3736 97.967 97.5604 97.1538 96.7472 96.3407 95.9341 95.5275 95.121 94.7145 94.308 93.9015 93.495 93.0885 92.6821 92.2756 91.8692 91.4628 91.0564 90.6501 90.2438 89.8375 89.4312 89.025 88.6188 88.2126 87.8065 87.4004 86.9943 86.5882 86.1822 85.7763 85.3703 84.9645 84.5587 84.1529 83.7472 83.3415 82.9359 82.5303 82.1247 81.7192 81.3138 80.9085 80.5032 80.0979 79.6928 79.2876 78.8826 78.4776 78.0727 77.6679 77.2632 76.8585 76.4539 76.0493 75.6448 75.2403 74.8359 74.4315 74.0272 73.6229 73.2187 72.8146 72.4104 72.0063 71.6023 71.1983 70.7943 70.3903 69.9863 69.5824 69.1785 68.7746 68.3707 67.9668 67.5629 67.159 66.7552 66.3514 65.9475 65.5438 65.14 64.7362 64.3325 63.9288 63.5251 63.1215 62.7179 62.3143 61.9107 61.5072 61.1037 60.7003 60.2969 59.8936 59.4902 59.087 58.6838 58.2806 57.8775 57.4744 57.0714 56.6684 56.2655 55.8626 55.4598 55.0571 54.6544 54.2517 53.8492 53.4466 53.0442 52.6418 52.2394 51.8371 51.4349 51.0327 50.6306 50.2286 49.8266 49.4247 49.0229 48.621 48.2193 47.8176 47.416 47.0145 46.613 46.2116 45.8102 45.4089 45.0077 44.6065 44.2054 43.8044 43.4034 43.0025 42.6017 42.201 41.8003 41.3996 40.9991 40.5986 40.1981 39.7978 39.3975 38.9973 38.5972 38.1971 37.7972 37.3973 36.9974 36.5977 36.1979 35.7983 35.3987 34.9992 34.5998 34.2005 33.8012 33.4021 33.003 32.6039 32.2049 31.806 31.4071 31.0083 30.6095 30.2108 29.8122 29.4136 29.0151 28.6166 28.2182 27.8199 27.4216 27.0234 26.6253 26.2272 25.8291 25.4311 25.0332 24.6353 24.2375 23.8397 23.442 23.0443 22.6466 22.249 21.8515 21.454 21.0565 20.659 20.2616 19.8642 19.4669 19.0695 18.6722 18.2749 17.8776 17.4803 17.083 16.6858 16.2885 15.8912 15.4939 15.0967 14.6994 14.3021 13.9048 13.5075 13.1102 12.7129 12.3156 11.9183 11.521 11.1237 10.7264 10.329 9.93174 9.53444 9.13713 8.73983 8.34252 7.94522 7.54792 7.15062 6.75332 6.35602 5.95873 5.56145 5.16419 4.76694 4.3697 3.97245 3.57521 3.17795 2.78069 2.38342 1.98616 1.58891 1.19167 0.794435 0.397215 0. 
100. 99.5934 99.1868 98.7802 98.3736 97.967 97.5604 97.1538 96.7472 96.3407 95.9341 95.5275 95.121 94.7145 94.308 93.9015 93.495 93.0885 92.6821 92.2756 91.8692 91.4628 91.0564 90.6501 90.2438 89.8375 89.4312 89.025 88.6188 88.2126 87.8065 87.4004 86.9943 86.5882 86.1822 85.7762 85.3703 84.9645 84.5587 84.1529 83.7472 83.3415 82.9359 82.5303 82.1247 81.7192 81.3138 80.9085 80.5032 80.0979 79.6927 79.2876 78.8826 78.4776 78.0727 77.6679 77.2632 76.8585 76.4539 76.0493 75.6448 75.2403 74.8359 74.4315 74.0272 73.6229 73.2187 72.8145 72.4104 72.0063 71.6023 71.1983 70.7943 70.3903 69.9863 69.5824 69.1785 68.7745 68.3706 67.9668 67.5629 67.159 66.7552 66.3514 65.9475 65.5437 65.14 64.7362 64.3325 63.9288 63.5251 63.1215 62.7178 62.3143 61.9107 61.5072 61.1037 60.7003 60.2969 59.8935 59.4902 59.087 58.6837 58.2806 57.8774 57.4744 57.0713 56.6684 56.2655 55.8626 55.4598 55.057 54.6543 54.2517 53.8491 53.4466 53.0442 52.6418 52.2394 51.8371 51.4349 51.0327 50.6306 50.2286 49.8266 49.4247 49.0228 48.621 48.2193 47.8176 47.416 47.0144 46.613 46.2115 45.8102 45.4089 45.0077 44.6065 44.2054 43.8044 43.4034 43.0025 42.6017 42.2009 41.8002 41.3996 40.999 40.5985 40.1981 39.7977 39.3975 38.9973 38.5972 38.1971 37.7972 37.3973 36.9974 36.5976 36.1979 35.7983 35.3987 34.9992 34.5998 34.2005 33.8012 33.4021 33.0029 32.6039 32.2049 31.806 31.4071 31.0083 30.6095 30.2108 29.8122 29.4136 29.0151 28.6166 28.2182 27.8199 27.4216 27.0234 26.6252 26.2271 25.8291 25.4311 25.0332 24.6353 24.2375 23.8397 23.442 23.0443 22.6466 22.249 21.8515 21.4539 21.0565 20.659 20.2616 19.8642 19.4668 19.0695 18.6722 18.2749 17.8776 17.4803 17.083 16.6858 16.2885 15.8912 15.4939 15.0967 14.6994 14.3021 13.9048 13.5075 13.1102 12.7129 12.3156 11.9183 11.521 11.1237 10.7264 10.329 9.93174 9.53443 9.13713 8.73983 8.34252 7.94522 7.54792 7.15062 6.75331 6.35602 5.95873 5.56145 5.16419 4.76694 4.36969 3.97245 3.57521 3.17795 2.78069 2.38342 1.98616 1.58891 1.19166 0.794435 0.397215 0. 
100. 99.5934 99.1868 98.7802 98.3736 97.967 97.5604 97.1538 96.7472 96.3407 95.9341 95.5275 95.121 94.7145 94.308 93.9015 93.495 93.0885 92.6821 92.2756 91.8692 91.4628 91.0564 90.6501 90.2438 89.8375 89.4312 89.025 88.6188 88.2126 87.8065 87.4003 86.9943 86.5882 86.1822 85.7762 85.3703 84.9644 84.5586 84.1529 83.7472 83.3415 82.9358 82.5302 82.1247 81.7192 81.3138 80.9084 80.5031 80.0979 79.6927 79.2876 78.8825 78.4776 78.0727 77.6679 77.2631 76.8585 76.4538 76.0493 75.6448 75.2403 74.8359 74.4315 74.0272 73.6229 73.2187 72.8145 72.4104 72.0063 71.6023 71.1983 70.7943 70.3903 69.9863 69.5824 69.1784 68.7745 68.3706 67.9667 67.5629 67.159 66.7552 66.3513 65.9475 65.5437 65.14 64.7362 64.3325 63.9288 63.5251 63.1214 62.7178 62.3142 61.9107 61.5072 61.1037 60.7003 60.2969 59.8935 59.4902 59.0869 58.6837 58.2805 57.8774 57.4743 57.0713 56.6683 56.2654 55.8626 55.4598 55.057 54.6543 54.2517 53.8491 53.4466 53.0441 52.6417 52.2394 51.8371 51.4348 51.0327 50.6306 50.2285 49.8266 49.4247 49.0228 48.621 48.2193 47.8176 47.416 47.0144 46.6129 46.2115 45.8102 45.4089 45.0076 44.6065 44.2054 43.8043 43.4034 43.0025 42.6017 42.2009 41.8002 41.3996 40.999 40.5985 40.1981 39.7977 39.3974 38.9972 38.5971 38.1971 37.7971 37.3972 36.9974 36.5976 36.1979 35.7982 35.3987 34.9992 34.5998 34.2004 33.8012 33.402 33.0029 32.6039 32.2049 31.806 31.4071 31.0083 30.6095 30.2108 29.8121 29.4136 29.015 28.6166 28.2182 27.8199 27.4216 27.0234 26.6252 26.2271 25.8291 25.4311 25.0332 24.6353 24.2375 23.8397 23.4419 23.0442 22.6466 22.249 21.8515 21.4539 21.0564 20.659 20.2616 19.8642 19.4668 19.0695 18.6722 18.2749 17.8776 17.4803 17.083 16.6857 16.2885 15.8912 15.4939 15.0966 14.6994 14.3021 13.9048 13.5075 13.1102 12.7129 12.3156 11.9183 11.521 11.1237 10.7263 10.329 9.93174 9.53443 9.13713 8.73982 8.34252 7.94522 7.54792 7.15062 6.75331 6.35601 5.95872 5.56145 5.16418 4.76694 4.36969 3.97245 3.57521 3.17795 2.78069 2.38342 1.98616 1.5889 1.19166 0.794434 0.397214 0. 
100. 99.5934 99.1868 98.7802 98.3736 97.967 97.5604 97.1538 96.7472 96.3407 95.9341 95.5275 95.121 94.7145 94.308 93.9014 93.495 93.0885 92.6821 92.2756 91.8692 91.4628 91.0564 90.6501 90.2438 89.8375 89.4312 89.0249 88.6187 88.2126 87.8064 87.4003 86.9942 86.5882 86.1822 85.7762 85.3703 84.9644 84.5586 84.1529 83.7471 83.3415 82.9358 82.5302 82.1247 81.7192 81.3138 80.9084 80.5031 80.0979 79.6927 79.2876 78.8825 78.4776 78.0727 77.6678 77.2631 76.8584 76.4538 76.0493 75.6447 75.2403 74.8359 74.4315 74.0271 73.6229 73.2187 72.8145 72.4104 72.0063 71.6022 71.1982 70.7942 70.3903 69.9863 69.5824 69.1784 68.7745 68.3706 67.9667 67.5629 67.159 66.7552 66.3513 65.9475 65.5437 65.1399 64.7362 64.3324 63.9287 63.5251 63.1214 62.7178 62.3142 61.9107 61.5071 61.1037 60.7002 60.2968 59.8935 59.4902 59.0869 58.6837 58.2805 57.8774 57.4743 57.0713 56.6683 56.2654 55.8625 55.4597 55.057 54.6543 54.2516 53.8491 53.4466 53.0441 52.6417 52.2394 51.8371 51.4348 51.0326 50.6305 50.2285 49.8265 49.4246 49.0228 48.621 48.2192 47.8175 47.4159 47.0144 46.6129 46.2115 45.8101 45.4089 45.0076 44.6064 44.2053 43.8043 43.4033 43.0024 42.6016 42.2009 41.8002 41.3996 40.999 40.5985 40.198 39.7977 39.3974 38.9972 38.5971 38.1971 37.7971 37.3972 36.9974 36.5976 36.1979 35.7982 35.3986 34.9992 34.5997 34.2004 33.8012 33.402 33.0029 32.6039 32.2049 31.8059 31.4071 31.0082 30.6095 30.2107 29.8121 29.4135 29.015 28.6166 28.2182 27.8198 27.4216 27.0233 26.6252 26.2271 25.8291 25.4311 25.0331 24.6353 24.2374 23.8396 23.4419 23.0442 22.6466 22.249 21.8514 21.4539 21.0564 20.659 20.2616 19.8642 19.4668 19.0695 18.6722 18.2749 17.8776 17.4803 17.083 16.6857 16.2885 15.8912 15.4939 15.0966 14.6994 14.3021 13.9048 13.5075 13.1102 12.7129 12.3156 11.9183 11.521 11.1237 10.7263 10.329 9.93174 9.53443 9.13713 8.73982 8.34252 7.94522 7.54792 7.15062 6.75331 6.35601 5.95872 5.56144 5.16418 4.76693 4.36969 3.97245 3.57521 3.17795 2.78069 2.38342 1.98616 1.5889 1.19166 0.794432 0.397213 0. 
100. 99.5934 99.1868 98.7802 98.3736 97.967 97.5604 97.1538 96.7472 96.3406 95.9341 95.5275 95.121 94.7145 94.3079 93.9014 93.495 93.0885 92.682 92.2756 91.8692 91.4628 91.0564 90.6501 90.2437 89.8374 89.4312 89.0249 88.6187 88.2126 87.8064 87.4003 86.9942 86.5882 86.1822 85.7762 85.3703 84.9644 84.5586 84.1529 83.7471 83.3414 82.9358 82.5302 82.1246 81.7191 81.3137 80.9084 80.5031 80.0978 79.6927 79.2876 78.8825 78.4775 78.0726 77.6678 77.2631 76.8584 76.4538 76.0492 75.6447 75.2403 74.8358 74.4315 74.0271 73.6228 73.2186 72.8145 72.4103 72.0063 71.6022 71.1982 70.7942 70.3903 69.9863 69.5823 69.1784 68.7745 68.3706 67.9667 67.5628 67.159 66.7551 66.3513 65.9475 65.5437 65.1399 64.7362 64.3324 63.9287 63.525 63.1214 62.7178 62.3142 61.9106 61.5071 61.1036 60.7002 60.2968 59.8935 59.4902 59.0869 58.6837 58.2805 57.8773 57.4743 57.0713 56.6683 56.2654 55.8625 55.4597 55.0569 54.6542 54.2516 53.849 53.4465 53.0441 52.6417 52.2393 51.837 51.4348 51.0326 50.6305 50.2285 49.8265 49.4246 49.0227 48.6209 48.2192 47.8175 47.4159 47.0143 46.6129 46.2114 45.8101 45.4088 45.0076 44.6064 44.2053 43.8043 43.4033 43.0024 42.6016 42.2008 41.8002 41.3995 40.999 40.5985 40.198 39.7977 39.3974 38.9972 38.5971 38.197 37.7971 37.3972 36.9973 36.5976 36.1978 35.7982 35.3986 34.9991 34.5997 34.2004 33.8011 33.402 33.0029 32.6038 32.2049 31.8059 31.407 31.0082 30.6094 30.2107 29.8121 29.4135 29.015 28.6165 28.2181 27.8198 27.4215 27.0233 26.6252 26.2271 25.829 25.431 25.0331 24.6352 24.2374 23.8396 23.4419 23.0442 22.6466 22.249 21.8514 21.4539 21.0564 20.659 20.2615 19.8642 19.4668 19.0695 18.6722 18.2749 17.8776 17.4803 17.083 16.6857 16.2885 15.8912 15.4939 15.0966 14.6994 14.3021 13.9048 13.5075 13.1102 12.7129 12.3156 11.9183 11.521 11.1237 10.7263 10.329 9.93174 9.53443 9.13712 8.73982 8.34252 7.94522 7.54792 7.15062 6.75331 6.35601 5.95872 5.56144 5.16418 4.76693 4.36969 3.97246 3.57521 3.17795 2.78069 2.38342 1.98615 1.5889 1.19166 0.794429 0.397212 0. 
100. 99.5934 99.1868 98.7802 98.3736 97.967 97.5604 97.1538 96.7472 96.3407 95.9341 95.5275 95.121 94.7145 94.3079 93.9014 93.495 93.0885 92.682 92.2756 91.8692 91.4628 91.0564 90.6501 90.2437 89.8374 89.4312 89.0249 88.6187 88.2126 87.8064 87.4003 86.9942 86.5882 86.1821 85.7762 85.3703 84.9644 84.5586 84.1528 83.7471 83.3414 82.9358 82.5302 82.1246 81.7191 81.3137 80.9083 80.5031 80.0978 79.6926 79.2875 78.8825 78.4775 78.0726 77.6678 77.263 76.8584 76.4538 76.0492 75.6447 75.2402 74.8358 74.4314 74.0271 73.6228 73.2186 72.8144 72.4103 72.0063 71.6022 71.1982 70.7942 70.3902 69.9863 69.5823 69.1784 68.7745 68.3706 67.9667 67.5628 67.159 66.7551 66.3513 65.9475 65.5437 65.1399 64.7362 64.3324 63.9287 63.525 63.1214 62.7178 62.3142 61.9106 61.5071 61.1036 60.7002 60.2968 59.8934 59.4901 59.0869 58.6836 58.2805 57.8773 57.4743 57.0712 56.6683 56.2653 55.8625 55.4597 55.0569 54.6542 54.2516 53.849 53.4465 53.044 52.6416 52.2393 51.837 51.4347 51.0326 50.6305 50.2284 49.8265 49.4246 49.0227 48.6209 48.2192 47.8175 47.4159 47.0143 46.6128 46.2114 45.8101 45.4088 45.0076 44.6064 44.2053 43.8042 43.4033 43.0024 42.6016 42.2008 41.8001 41.3995 40.9989 40.5984 40.198 39.7976 39.3974 38.9972 38.5971 38.197 37.7971 37.3972 36.9973 36.5976 36.1978 35.7982 35.3986 34.9991 34.5997 34.2004 33.8011 33.402 33.0029 32.6038 32.2048 31.8059 31.407 31.0082 30.6094 30.2107 29.8121 29.4135 29.015 28.6165 28.2181 27.8198 27.4215 27.0233 26.6251 26.227 25.829 25.431 25.0331 24.6352 24.2374 23.8396 23.4419 23.0442 22.6465 22.249 21.8514 21.4539 21.0564 20.6589 20.2615 19.8641 19.4668 19.0695 18.6721 18.2748 17.8776 17.4803 17.083 16.6857 16.2885 15.8912 15.4939 15.0966 14.6994 14.3021 13.9048 13.5075 13.1102 12.7129 12.3156 11.9183 11.521 11.1237 10.7263 10.329 9.93173 9.53443 9.13712 8.73982 8.34252 7.94522 7.54792 7.15062 6.75331 6.35601 5.95872 5.56144 5.16418 4.76693 4.36969 3.97245 3.57521 3.17795 2.78069 2.38342 1.98615 1.5889 1.19166 0.794428 0.397211 0. 
100. 99.5934 99.1868 98.7802 98.3736 97.967 97.5604 97.1538 96.7472 96.3406 95.9341 95.5275 95.121 94.7145 94.3079 93.9014 93.495 93.0885 92.682 92.2756 91.8692 91.4628 91.0564 90.65 90.2437 89.8374 89.4311 89.0249 88.6187 88.2125 87.8064 87.4003 86.9942 86.5881 86.1821 85.7761 85.3702 84.9644 84.5586 84.1528 83.7471 83.3414 82.9358 82.5302 82.1246 81.7191 81.3137 80.9083 80.503 80.0978 79.6926 79.2875 78.8824 78.4775 78.0726 77.6678 77.263 76.8584 76.4537 76.0492 75.6447 75.2402 74.8358 74.4314 74.0271 73.6228 73.2186 72.8144 72.4103 72.0062 71.6022 71.1982 70.7942 70.3902 69.9863 69.5823 69.1784 68.7745 68.3706 67.9667 67.5628 67.159 66.7551 66.3513 65.9475 65.5437 65.1399 64.7361 64.3324 63.9287 63.525 63.1214 62.7177 62.3142 61.9106 61.5071 61.1036 60.7002 60.2968 59.8934 59.4901 59.0868 58.6836 58.2804 57.8773 57.4742 57.0712 56.6682 56.2653 55.8625 55.4596 55.0569 54.6542 54.2515 53.849 53.4465 53.044 52.6416 52.2393 51.837 51.4347 51.0326 50.6304 50.2284 49.8265 49.4245 49.0227 48.6209 48.2191 47.8175 47.4159 47.0143 46.6128 46.2114 45.8101 45.4088 45.0076 44.6064 44.2053 43.8043 43.4033 43.0024 42.6016 42.2008 41.8001 41.3995 40.9989 40.5984 40.198 39.7977 39.3974 38.9972 38.5971 38.197 37.7971 37.3972 36.9973 36.5976 36.1978 35.7982 35.3986 34.9991 34.5997 34.2004 33.8012 33.402 33.0029 32.6038 32.2048 31.8059 31.407 31.0082 30.6094 30.2107 29.8121 29.4135 29.015 28.6165 28.2181 27.8198 27.4215 27.0233 26.6251 26.227 25.829 25.431 25.0331 24.6352 24.2374 23.8396 23.4419 23.0442 22.6465 22.2489 21.8514 21.4539 21.0564 20.6589 20.2615 19.8641 19.4668 19.0695 18.6721 18.2748 17.8775 17.4803 17.083 16.6857 16.2884 15.8912 15.4939 15.0966 14.6993 14.3021 13.9048 13.5075 13.1102 12.7129 12.3156 11.9183 11.521 11.1236 10.7263 10.329 9.93173 9.53443 9.13712 8.73982 8.34252 7.94522 7.54792 7.15062 6.75331 6.35601 5.95872 5.56144 5.16418 4.76693 4.36969 3.97245 3.57521 3.17795 2.78069 2.38342 1.98615 1.5889 1.19166 0.79443 0.397212 0. 
100. 99.5934 99.1868 98.7802 98.3736 97.967 97.5604 97.1538 96.7472 96.3407 95.9341 95.5275 95.121 94.7145 94.3079 93.9014 93.495 93.0885 92.682 92.2756 91.8692 91.4628 91.0564 90.6501 90.2437 89.8374 89.4312 89.0249 88.6187 88.2125 87.8064 87.4003 86.9942 86.5881 86.1821 85.7762 85.3702 84.9644 84.5586 84.1528 83.7471 83.3414 82.9358 82.5302 82.1246 81.7191 81.3137 80.9083 80.503 80.0978 79.6926 79.2875 78.8824 78.4775 78.0726 77.6678 77.263 76.8584 76.4537 76.0492 75.6447 75.2402 74.8358 74.4314 74.0271 73.6228 73.2186 72.8144 72.4103 72.0062 71.6022 71.1982 70.7942 70.3902 69.9863 69.5823 69.1784 68.7745 68.3706 67.9667 67.5628 67.159 66.7551 66.3513 65.9475 65.5437 65.1399 64.7361 64.3324 63.9287 63.525 63.1214 62.7177 62.3142 61.9106 61.5071 61.1036 60.7002 60.2968 59.8934 59.4901 59.0868 58.6836 58.2804 57.8773 57.4742 57.0712 56.6682 56.2653 55.8624 55.4596 55.0569 54.6542 54.2515 53.849 53.4465 53.044 52.6416 52.2393 51.837 51.4347 51.0326 50.6305 50.2284 49.8265 49.4246 49.0227 48.6209 48.2191 47.8175 47.4159 47.0143 46.6128 46.2114 45.8101 45.4088 45.0076 44.6064 44.2053 43.8042 43.4033 43.0024 42.6016 42.2008 41.8001 41.3995 40.9989 40.5984 40.198 39.7977 39.3974 38.9972 38.5971 38.197 37.7971 37.3972 36.9973 36.5976 36.1978 35.7982 35.3986 34.9991 34.5997 34.2004 33.8012 33.402 33.0029 32.6038 32.2048 31.8059 31.407 31.0082 30.6094 30.2107 29.8121 29.4135 29.015 28.6165 28.2181 27.8198 27.4215 27.0233 26.6251 26.227 25.829 25.431 25.0331 24.6352 24.2374 23.8396 23.4419 23.0442 22.6465 22.2489 21.8514 21.4539 21.0564 20.6589 20.2615 19.8641 19.4668 19.0694 18.6721 18.2748 17.8775 17.4803 17.083 16.6857 16.2884 15.8912 15.4939 15.0966 14.6993 14.3021 13.9048 13.5075 13.1102 12.7129 12.3156 11.9183 11.521 11.1236 10.7263 10.329 9.93173 9.53443 9.13712 8.73982 8.34252 7.94522 7.54792 7.15061 6.75331 6.35601 5.95872 5.56144 5.16418 4.76693 4.36969 3.97245 3.5752 3.17795 2.78068 2.38342 1.98615 1.5889 1.19166 0.794431 0.397213 0. 
100. 99.5934 99.1868 98.7802 98.3736 97.967 97.5604 97.1538 96.7472 96.3406 95.9341 95.5275 95.121 94.7145 94.3079 93.9014 93.4949 93.0885 92.682 92.2756 91.8692 91.4628 91.0564 90.6501 90.2437 89.8374 89.4311 89.0249 88.6187 88.2125 87.8064 87.4003 86.9942 86.5882 86.1821 85.7762 85.3702 84.9644 84.5586 84.1528 83.7471 83.3414 82.9358 82.5302 82.1246 81.7191 81.3137 80.9083 80.503 80.0978 79.6926 79.2875 78.8824 78.4775 78.0726 77.6678 77.263 76.8583 76.4537 76.0492 75.6447 75.2402 74.8358 74.4314 74.0271 73.6228 73.2186 72.8144 72.4103 72.0062 71.6022 71.1982 70.7942 70.3902 69.9862 69.5823 69.1784 68.7745 68.3706 67.9667 67.5628 67.1589 66.7551 66.3513 65.9475 65.5437 65.1399 64.7361 64.3324 63.9287 63.525 63.1214 62.7177 62.3142 61.9106 61.5071 61.1036 60.7002 60.2968 59.8934 59.4901 59.0868 58.6836 58.2804 57.8773 57.4742 57.0712 56.6682 56.2653 55.8624 55.4596 55.0569 54.6542 54.2515 53.849 53.4465 53.044 52.6416 52.2392 51.8369 51.4347 51.0325 50.6304 50.2284 49.8265 49.4245 49.0227 48.6209 48.2191 47.8175 47.4158 47.0143 46.6128 46.2114 45.8101 45.4088 45.0076 44.6064 44.2053 43.8042 43.4033 43.0024 42.6016 42.2008 41.8001 41.3995 40.9989 40.5984 40.198 39.7977 39.3974 38.9972 38.5971 38.197 37.7971 37.3972 36.9973 36.5976 36.1978 35.7982 35.3986 34.9991 34.5997 34.2004 33.8012 33.402 33.0029 32.6038 32.2048 31.8059 31.407 31.0082 30.6094 30.2107 29.8121 29.4135 29.015 28.6165 28.2181 27.8198 27.4215 27.0233 26.6251 26.227 25.829 25.431 25.0331 24.6352 24.2374 23.8396 23.4419 23.0442 22.6465 22.2489 21.8514 21.4539 21.0564 20.6589 20.2615 19.8641 19.4668 19.0694 18.6721 18.2748 17.8775 17.4802 17.083 16.6857 16.2884 15.8912 15.4939 15.0966 14.6993 14.3021 13.9048 13.5075 13.1102 12.7129 12.3156 11.9183 11.5209 11.1236 10.7263 10.329 9.93173 9.53443 9.13712 8.73982 8.34252 7.94522 7.54792 7.15061 6.75331 6.35601 5.95872 5.56144 5.16418 4.76693 4.36969 3.97245 3.5752 3.17795 2.78068 2.38342 1.98616 1.5889 1.19166 0.794432 0.397213 0. 
100. 99.5934 99.1868 98.7802 98.3736 97.967 97.5604 97.1538 96.7472 96.3406 95.9341 95.5275 95.121 94.7145 94.3079 93.9014 93.4949 93.0885 92.682 92.2756 91.8692 91.4628 91.0564 90.65 90.2437 89.8374 89.4311 89.0249 88.6187 88.2125 87.8064 87.4003 86.9942 86.5881 86.1821 85.7762 85.3702 84.9644 84.5586 84.1528 83.7471 83.3414 82.9357 82.5301 82.1246 81.7191 81.3137 80.9083 80.503 80.0978 79.6926 79.2875 78.8824 78.4775 78.0726 77.6678 77.263 76.8583 76.4537 76.0492 75.6447 75.2402 74.8358 74.4314 74.0271 73.6228 73.2186 72.8144 72.4103 72.0062 71.6022 71.1982 70.7942 70.3902 69.9862 69.5823 69.1784 68.7744 68.3705 67.9667 67.5628 67.1589 66.7551 66.3513 65.9474 65.5436 65.1399 64.7361 64.3324 63.9287 63.525 63.1213 62.7177 62.3141 61.9106 61.5071 61.1036 60.7001 60.2967 59.8934 59.4901 59.0868 58.6836 58.2804 57.8773 57.4742 57.0712 56.6682 56.2653 55.8624 55.4596 55.0569 54.6542 54.2515 53.849 53.4464 53.044 52.6416 52.2392 51.8369 51.4347 51.0325 50.6304 50.2284 49.8264 49.4245 49.0227 48.6209 48.2191 47.8174 47.4158 47.0143 46.6128 46.2114 45.8101 45.4088 45.0075 44.6064 44.2053 43.8042 43.4033 43.0024 42.6016 42.2008 41.8001 41.3995 40.9989 40.5984 40.198 39.7976 39.3974 38.9972 38.5971 38.197 37.7971 37.3972 36.9973 36.5975 36.1978 35.7982 35.3986 34.9991 34.5997 34.2004 33.8011 33.402 33.0029 32.6038 32.2048 31.8059 31.407 31.0082 30.6094 30.2107 29.8121 29.4135 29.015 28.6165 28.2181 27.8198 27.4215 27.0233 26.6251 26.227 25.829 25.431 25.0331 24.6352 24.2374 23.8396 23.4418 23.0442 22.6465 22.2489 21.8514 21.4538 21.0564 20.6589 20.2615 19.8641 19.4668 19.0694 18.6721 18.2748 17.8775 17.4802 17.083 16.6857 16.2884 15.8912 15.4939 15.0966 14.6993 14.302 13.9048 13.5075 13.1102 12.7128 12.3155 11.9182 11.5209 11.1236 10.7263 10.329 9.93173 9.53442 9.13712 8.73982 8.34252 7.94522 7.54792 7.15061 6.75331 6.35601 5.95872 5.56144 5.16418 4.76693 4.36969 3.97245 3.5752 3.17794 2.78068 2.38342 1.98616 1.5889 1.19166 0.794433 0.397214 0. 
100. 99.5934 99.1868 98.7802 98.3736 97.967 97.5604 97.1538 96.7472 96.3406 95.9341 95.5275 95.121 94.7145 94.3079 93.9014 93.4949 93.0885 92.682 92.2756 91.8692 91.4628 91.0564 90.65 90.2437 89.8374 89.4311 89.0249 88.6187 88.2125 87.8064 87.4003 86.9942 86.5881 86.1821 85.7761 85.3702 84.9644 84.5586 84.1528 83.7471 83.3414 82.9357 82.5301 82.1246 81.7191 81.3137 80.9083 80.503 80.0978 79.6926 79.2875 78.8824 78.4775 78.0726 77.6677 77.263 76.8583 76.4537 76.0492 75.6446 75.2402 74.8358 74.4314 74.0271 73.6228 73.2186 72.8144 72.4103 72.0062 71.6022 71.1981 70.7942 70.3902 69.9862 69.5823 69.1783 68.7744 68.3705 67.9666 67.5628 67.1589 66.7551 66.3512 65.9474 65.5436 65.1399 64.7361 64.3324 63.9286 63.525 63.1213 62.7177 62.3141 61.9106 61.507 61.1036 60.7001 60.2967 59.8934 59.4901 59.0868 58.6836 58.2804 57.8773 57.4742 57.0712 56.6682 56.2653 55.8624 55.4596 55.0568 54.6541 54.2515 53.8489 53.4464 53.044 52.6416 52.2392 51.8369 51.4347 51.0325 50.6304 50.2284 49.8264 49.4245 49.0227 48.6209 48.2191 47.8174 47.4158 47.0143 46.6128 46.2114 45.81 45.4088 45.0075 44.6064 44.2053 43.8042 43.4033 43.0024 42.6015 42.2008 41.8001 41.3995 40.9989 40.5984 40.198 39.7976 39.3974 38.9972 38.5971 38.197 37.7971 37.3972 36.9973 36.5975 36.1978 35.7982 35.3986 34.9991 34.5997 34.2004 33.8011 33.402 33.0029 32.6038 32.2048 31.8059 31.407 31.0082 30.6094 30.2107 29.8121 29.4135 29.015 28.6165 28.2181 27.8198 27.4215 27.0233 26.6251 26.227 25.829 25.431 25.0331 24.6352 24.2373 23.8396 23.4418 23.0441 22.6465 22.2489 21.8514 21.4538 21.0563 20.6589 20.2615 19.8641 19.4667 19.0694 18.6721 18.2748 17.8775 17.4802 17.083 16.6857 16.2884 15.8912 15.4939 15.0966 14.6993 14.302 13.9047 13.5074 13.1101 12.7128 12.3155 11.9182 11.5209 11.1236 10.7263 10.329 9.93173 9.53442 9.13712 8.73982 8.34252 7.94522 7.54792 7.15061 6.75331 6.35601 5.95872 5.56144 5.16418 4.76693 4.36969 3.97245 3.5752 3.17794 2.78068 2.38342 1.98616 1.5889 1.19166 0.794434 0.397214 0. 
100. 99.5934 99.1868 98.7802 98.3736 97.967 97.5604 97.1538 96.7472 96.3406 95.9341 95.5275 95.121 94.7145 94.3079 93.9014 93.4949 93.0885 92.682 92.2756 91.8692 91.4628 91.0564 90.65 90.2437 89.8374 89.4311 89.0249 88.6187 88.2125 87.8064 87.4003 86.9942 86.5881 86.1821 85.7761 85.3702 84.9644 84.5585 84.1528 83.7471 83.3414 82.9357 82.5301 82.1246 81.7191 81.3137 80.9083 80.503 80.0978 79.6926 79.2875 78.8824 78.4774 78.0725 77.6677 77.263 76.8583 76.4537 76.0491 75.6446 75.2402 74.8357 74.4314 74.027 73.6228 73.2186 72.8144 72.4103 72.0062 71.6021 71.1981 70.7941 70.3902 69.9862 69.5823 69.1783 68.7744 68.3705 67.9666 67.5628 67.1589 66.7551 66.3512 65.9474 65.5436 65.1398 64.7361 64.3323 63.9286 63.525 63.1213 62.7177 62.3141 61.9106 61.507 61.1036 60.7001 60.2967 59.8934 59.49 59.0868 58.6836 58.2804 57.8772 57.4742 57.0712 56.6682 56.2653 55.8624 55.4596 55.0568 54.6541 54.2515 53.8489 53.4464 53.044 52.6416 52.2392 51.8369 51.4347 51.0325 50.6304 50.2284 49.8264 49.4245 49.0226 48.6208 48.2191 47.8174 47.4158 47.0143 46.6128 46.2114 45.81 45.4087 45.0075 44.6063 44.2052 43.8042 43.4032 43.0023 42.6015 42.2008 41.8001 41.3995 40.9989 40.5984 40.198 39.7976 39.3974 38.9972 38.597 38.197 37.797 37.3971 36.9973 36.5975 36.1978 35.7982 35.3986 34.9991 34.5997 34.2004 33.8011 33.402 33.0028 32.6038 32.2048 31.8059 31.407 31.0082 30.6094 30.2107 29.812 29.4135 29.0149 28.6165 28.2181 27.8198 27.4215 27.0233 26.6251 26.227 25.829 25.431 25.0331 24.6352 24.2373 23.8396 23.4418 23.0441 22.6465 22.2489 21.8513 21.4538 21.0563 20.6589 20.2615 19.8641 19.4667 19.0694 18.6721 18.2748 17.8775 17.4802 17.083 16.6857 16.2884 15.8911 15.4939 15.0966 14.6993 14.302 13.9047 13.5074 13.1101 12.7128 12.3155 11.9182 11.5209 11.1236 10.7263 10.329 9.93172 9.53442 9.13712 8.73982 8.34252 7.94522 7.54791 7.15061 6.75331 6.35601 5.95872 5.56144 5.16418 4.76693 4.36969 3.97245 3.5752 3.17794 2.78068 2.38342 1.98616 1.5889 1.19166 0.794434 0.397215 0. 
100. 99.5934 99.1868 98.7802 98.3736 97.967 97.5604 97.1538 96.7472 96.3406 95.9341 95.5275 95.121 94.7144 94.3079 93.9014 93.4949 93.0885 92.682 92.2756 91.8692 91.4628 91.0564 90.65 90.2437 89.8374 89.4311 89.0249 88.6187 88.2125 87.8064 87.4003 86.9942 86.5881 86.1821 85.7761 85.3702 84.9643 84.5585 84.1528 83.747 83.3414 82.9357 82.5301 82.1246 81.7191 81.3136 80.9083 80.503 80.0977 79.6926 79.2875 78.8824 78.4774 78.0725 77.6677 77.263 76.8583 76.4537 76.0491 75.6446 75.2401 74.8357 74.4314 74.027 73.6228 73.2185 72.8144 72.4103 72.0062 71.6021 71.1981 70.7941 70.3902 69.9862 69.5823 69.1783 68.7744 68.3705 67.9666 67.5628 67.1589 66.7551 66.3512 65.9474 65.5436 65.1398 64.7361 64.3323 63.9286 63.5249 63.1213 62.7177 62.3141 61.9105 61.507 61.1035 60.7001 60.2967 59.8933 59.49 59.0868 58.6835 58.2804 57.8772 57.4742 57.0711 56.6682 56.2652 55.8624 55.4596 55.0568 54.6541 54.2515 53.8489 53.4464 53.0439 52.6415 52.2392 51.8369 51.4346 51.0325 50.6304 50.2284 49.8264 49.4245 49.0226 48.6208 48.2191 47.8174 47.4158 47.0142 46.6128 46.2114 45.81 45.4087 45.0075 44.6063 44.2052 43.8042 43.4032 43.0023 42.6015 42.2008 41.8001 41.3995 40.9989 40.5984 40.198 39.7976 39.3973 38.9971 38.597 38.197 37.797 37.3971 36.9973 36.5975 36.1978 35.7981 35.3986 34.9991 34.5997 34.2004 33.8011 33.4019 33.0028 32.6038 32.2048 31.8059 31.407 31.0081 30.6094 30.2107 29.812 29.4134 29.0149 28.6165 28.2181 27.8197 27.4215 27.0233 26.6251 26.227 25.829 25.431 25.033 24.6352 24.2373 23.8395 23.4418 23.0441 22.6465 22.2489 21.8513 21.4538 21.0563 20.6589 20.2615 19.8641 19.4667 19.0694 18.6721 18.2748 17.8775 17.4802 17.0829 16.6857 16.2884 15.8911 15.4939 15.0966 14.6993 14.302 13.9047 13.5074 13.1101 12.7128 12.3155 11.9182 11.5209 11.1236 10.7263 10.329 9.93172 9.53442 9.13712 8.73982 8.34252 7.94522 7.54791 7.15061 6.75331 6.35601 5.95872 5.56144 5.16418 4.76693 4.36969 3.97244 3.5752 3.17794 2.78068 2.38342 1.98616 1.5889 1.19166 0.794434 0.397215 0. 
100. 99.5934 99.1868 98.7802 98.3736 97.967 97.5604 97.1538 96.7472 96.3406 95.9341 95.5275 95.121 94.7144 94.3079 93.9014 93.4949 93.0885 92.682 92.2756 91.8691 91.4627 91.0564 90.65 90.2437 89.8374 89.4311 89.0249 88.6187 88.2125 87.8064 87.4002 86.9942 86.5881 86.1821 85.7761 85.3702 84.9643 84.5585 84.1527 83.747 83.3413 82.9357 82.5301 82.1245 81.7191 81.3136 80.9083 80.503 80.0977 79.6925 79.2874 78.8824 78.4774 78.0725 77.6677 77.263 76.8583 76.4537 76.0491 75.6446 75.2401 74.8357 74.4313 74.027 73.6227 73.2185 72.8144 72.4102 72.0062 71.6021 71.1981 70.7941 70.3901 69.9862 69.5822 69.1783 68.7744 68.3705 67.9666 67.5627 67.1589 66.755 66.3512 65.9474 65.5436 65.1398 64.7361 64.3323 63.9286 63.5249 63.1213 62.7177 62.3141 61.9105 61.507 61.1035 60.7001 60.2967 59.8933 59.49 59.0867 58.6835 58.2803 57.8772 57.4741 57.0711 56.6681 56.2652 55.8624 55.4595 55.0568 54.6541 54.2515 53.8489 53.4464 53.0439 52.6415 52.2392 51.8369 51.4346 51.0325 50.6304 50.2283 49.8264 49.4244 49.0226 48.6208 48.2191 47.8174 47.4158 47.0142 46.6127 46.2113 45.81 45.4087 45.0075 44.6063 44.2052 43.8042 43.4032 43.0023 42.6015 42.2007 41.8001 41.3994 40.9989 40.5984 40.1979 39.7976 39.3973 38.9971 38.597 38.197 37.797 37.3971 36.9973 36.5975 36.1978 35.7981 35.3986 34.9991 34.5997 34.2003 33.8011 33.4019 33.0028 32.6038 32.2048 31.8058 31.407 31.0081 30.6094 30.2106 29.812 29.4134 29.0149 28.6165 28.2181 27.8197 27.4215 27.0232 26.6251 26.227 25.8289 25.431 25.033 24.6351 24.2373 23.8395 23.4418 23.0441 22.6465 22.2489 21.8513 21.4538 21.0563 20.6589 20.2614 19.8641 19.4667 19.0694 18.6721 18.2748 17.8775 17.4802 17.0829 16.6857 16.2884 15.8911 15.4939 15.0966 14.6993 14.302 13.9047 13.5074 13.1101 12.7128 12.3155 11.9182 11.5209 11.1236 10.7263 10.329 9.93172 9.53442 9.13712 8.73982 8.34252 7.94522 7.54791 7.15061 6.75331 6.35601 5.95872 5.56144 5.16418 4.76693 4.36968 3.97244 3.5752 3.17794 2.78068 2.38342 1.98616 1.5889 1.19166 0.794434 0.397215 0. 
100. 99.5934 99.1868 98.7802 98.3736 97.967 97.5604 97.1538 96.7472 96.3406 95.9341 95.5275 95.121 94.7144 94.3079 93.9014 93.4949 93.0885 92.682 92.2756 91.8691 91.4627 91.0564 90.65 90.2437 89.8374 89.4311 89.0249 88.6187 88.2125 87.8063 87.4002 86.9941 86.5881 86.1821 85.7761 85.3702 84.9643 84.5585 84.1527 83.747 83.3413 82.9357 82.5301 82.1245 81.719 81.3136 80.9083 80.5029 80.0977 79.6925 79.2874 78.8824 78.4774 78.0725 77.6677 77.2629 76.8583 76.4537 76.0491 75.6446 75.2401 74.8357 74.4313 74.027 73.6227 73.2185 72.8143 72.4102 72.0062 71.6021 71.1981 70.7941 70.3901 69.9862 69.5822 69.1783 68.7744 68.3705 67.9666 67.5627 67.1589 66.755 66.3512 65.9474 65.5436 65.1398 64.736 64.3323 63.9286 63.5249 63.1213 62.7176 62.3141 61.9105 61.507 61.1035 60.7001 60.2967 59.8933 59.49 59.0867 58.6835 58.2803 57.8772 57.4741 57.0711 56.6681 56.2652 55.8623 55.4595 55.0568 54.6541 54.2514 53.8489 53.4463 53.0439 52.6415 52.2391 51.8368 51.4346 51.0324 50.6303 50.2283 49.8263 49.4244 49.0226 48.6208 48.219 47.8173 47.4157 47.0142 46.6127 46.2113 45.81 45.4087 45.0074 44.6063 44.2052 43.8041 43.4032 43.0023 42.6015 42.2007 41.8 41.3994 40.9988 40.5983 40.1979 39.7976 39.3973 38.9971 38.597 38.197 37.797 37.3971 36.9972 36.5975 36.1978 35.7981 35.3985 34.999 34.5996 34.2003 33.8011 33.4019 33.0028 32.6037 32.2048 31.8058 31.4069 31.0081 30.6093 30.2106 29.812 29.4134 29.0149 28.6164 28.218 27.8197 27.4214 27.0232 26.6251 26.227 25.8289 25.4309 25.033 24.6351 24.2373 23.8395 23.4418 23.0441 22.6464 22.2489 21.8513 21.4538 21.0563 20.6588 20.2614 19.8641 19.4667 19.0694 18.6721 18.2748 17.8775 17.4802 17.0829 16.6857 16.2884 15.8911 15.4939 15.0966 14.6993 14.302 13.9047 13.5074 13.1101 12.7128 12.3155 11.9182 11.5209 11.1236 10.7263 10.329 9.93172 9.53442 9.13711 8.73981 8.34251 7.94521 7.54791 7.15061 6.75331 6.35601 5.95871 5.56144 5.16417 4.76692 4.36968 3.97244 3.5752 3.17794 2.78068 2.38342 1.98616 1.5889 1.19166 0.794434 0.397214 0. 
100. 99.5934 99.1868 98.7802 98.3736 97.967 97.5604 97.1538 96.7472 96.3406 95.9341 95.5275 95.121 94.7144 94.3079 93.9014 93.4949 93.0885 92.682 92.2756 91.8691 91.4627 91.0564 90.65 90.2437 89.8374 89.4311 89.0249 88.6187 88.2125 87.8063 87.4002 86.9941 86.5881 86.1821 85.7761 85.3702 84.9643 84.5585 84.1527 83.747 83.3413 82.9357 82.5301 82.1245 81.719 81.3136 80.9082 80.5029 80.0977 79.6925 79.2874 78.8823 78.4774 78.0725 77.6677 77.2629 76.8582 76.4536 76.0491 75.6446 75.2401 74.8357 74.4313 74.027 73.6227 73.2185 72.8143 72.4102 72.0061 71.6021 71.1981 70.7941 70.3901 69.9862 69.5822 69.1783 68.7744 68.3705 67.9666 67.5627 67.1589 66.755 66.3512 65.9474 65.5436 65.1398 64.736 64.3323 63.9286 63.5249 63.1212 62.7176 62.314 61.9105 61.507 61.1035 60.7 60.2966 59.8933 59.49 59.0867 58.6835 58.2803 57.8772 57.4741 57.0711 56.6681 56.2652 55.8623 55.4595 55.0567 54.654 54.2514 53.8488 53.4463 53.0439 52.6415 52.2391 51.8368 51.4346 51.0324 50.6303 50.2283 49.8263 49.4244 49.0225 48.6207 48.219 47.8173 47.4157 47.0142 46.6127 46.2113 45.8099 45.4086 45.0074 44.6062 44.2051 43.8041 43.4031 43.0023 42.6014 42.2007 41.8 41.3994 40.9988 40.5983 40.1979 39.7975 39.3973 38.9971 38.597 38.1969 37.797 37.3971 36.9972 36.5974 36.1977 35.7981 35.3985 34.999 34.5996 34.2003 33.801 33.4019 33.0028 32.6037 32.2047 31.8058 31.4069 31.0081 30.6093 30.2106 29.812 29.4134 29.0149 28.6164 28.218 27.8197 27.4214 27.0232 26.625 26.2269 25.8289 25.4309 25.033 24.6351 24.2373 23.8395 23.4417 23.0441 22.6464 22.2488 21.8513 21.4538 21.0563 20.6588 20.2614 19.864 19.4667 19.0694 18.672 18.2747 17.8775 17.4802 17.0829 16.6856 16.2884 15.8911 15.4939 15.0966 14.6993 14.302 13.9047 13.5074 13.1101 12.7128 12.3155 11.9182 11.5209 11.1236 10.7263 10.329 9.93171 9.53441 9.13711 8.73981 8.34251 7.94521 7.54791 7.15061 6.7533 6.356 5.95871 5.56143 5.16417 4.76692 4.36968 3.97244 3.5752 3.17794 2.78068 2.38342 1.98616 1.5889 1.19166 0.794433 0.397214 0. 
100. 99.5934 99.1868 98.7802 98.3736 97.967 97.5604 97.1538 96.7472 96.3406 95.9341 95.5275 95.121 94.7144 94.3079 93.9014 93.4949 93.0884 92.682 92.2755 91.8691 91.4627 91.0563 90.65 90.2437 89.8374 89.4311 89.0248 88.6186 88.2125 87.8063 87.4002 86.9941 86.5881 86.182 85.7761 85.3701 84.9643 84.5585 84.1527 83.747 83.3413 82.9356 82.53 82.1245 81.719 81.3136 80.9082 80.5029 80.0977 79.6925 79.2874 78.8823 78.4773 78.0724 77.6676 77.2629 76.8582 76.4536 76.049 75.6445 75.2401 74.8357 74.4313 74.0269 73.6227 73.2184 72.8143 72.4102 72.0061 71.6021 71.1981 70.7941 70.3901 69.9861 69.5822 69.1783 68.7743 68.3704 67.9666 67.5627 67.1588 66.755 66.3512 65.9473 65.5436 65.1398 64.736 64.3323 63.9285 63.5249 63.1212 62.7176 62.314 61.9105 61.5069 61.1035 60.7 60.2966 59.8933 59.49 59.0867 58.6835 58.2803 57.8771 57.474 57.071 56.6681 56.2651 55.8623 55.4595 55.0567 54.654 54.2514 53.8488 53.4463 53.0438 52.6414 52.2391 51.8368 51.4345 51.0324 50.6303 50.2282 49.8263 49.4244 49.0225 48.6207 48.219 47.8173 47.4157 47.0141 46.6127 46.2113 45.8099 45.4086 45.0074 44.6062 44.2051 43.8041 43.4031 43.0022 42.6014 42.2007 41.8 41.3994 40.9988 40.5983 40.1979 39.7975 39.3972 38.997 38.5969 38.1969 37.7969 37.397 36.9972 36.5974 36.1977 35.798 35.3985 34.999 34.5996 34.2003 33.801 33.4018 33.0027 32.6037 32.2047 31.8058 31.4069 31.0081 30.6093 30.2106 29.8119 29.4134 29.0148 28.6164 28.218 27.8197 27.4214 27.0232 26.625 26.2269 25.8289 25.4309 25.033 24.6351 24.2372 23.8395 23.4417 23.044 22.6464 22.2488 21.8513 21.4537 21.0563 20.6588 20.2614 19.864 19.4667 19.0693 18.672 18.2747 17.8774 17.4802 17.0829 16.6856 16.2884 15.8911 15.4939 15.0966 14.6993 14.302 13.9047 13.5074 13.1101 12.7128 12.3155 11.9182 11.5209 11.1236 10.7263 10.329 9.93171 9.53441 9.13711 8.73981 8.34251 7.94521 7.54791 7.15061 6.7533 6.356 5.95871 5.56143 5.16417 4.76692 4.36968 3.97244 3.5752 3.17794 2.78068 2.38342 1.98615 1.5889 1.19166 0.794431 0.397213 0. 
100. 99.5934 99.1868 98.7802 98.3736 97.967 97.5604 97.1538 96.7472 96.3406 95.9341 95.5275 95.121 94.7144 94.3079 93.9014 93.4949 93.0884 92.682 92.2755 91.8691 91.4627 91.0564 90.65 90.2437 89.8373 89.4311 89.0248 88.6186 88.2125 87.8063 87.4002 86.9941 86.588 86.182 85.776 85.3701 84.9643 84.5584 84.1527 83.7469 83.3413 82.9356 82.53 82.1244 81.7189 81.3135 80.9082 80.5029 80.0976 79.6924 79.2873 78.8823 78.4773 78.0724 77.6676 77.2628 76.8582 76.4536 76.049 75.6445 75.24 74.8356 74.4312 74.0269 73.6226 73.2184 72.8143 72.4102 72.0061 71.6021 71.198 70.7941 70.3901 69.9861 69.5822 69.1782 68.7743 68.3704 67.9666 67.5627 67.1588 66.755 66.3511 65.9473 65.5435 65.1397 64.736 64.3322 63.9285 63.5248 63.1212 62.7176 62.314 61.9104 61.5069 61.1034 60.7 60.2966 59.8932 59.4899 59.0866 58.6834 58.2802 57.8771 57.474 57.071 56.668 56.2651 55.8622 55.4594 55.0567 54.654 54.2513 53.8488 53.4463 53.0438 52.6414 52.2391 51.8368 51.4345 51.0323 50.6302 50.2282 49.8262 49.4243 49.0225 48.6207 48.2189 47.8173 47.4157 47.0141 46.6126 46.2112 45.8099 45.4086 45.0074 44.6062 44.2051 43.804 43.4031 43.0022 42.6014 42.2006 41.7999 41.3993 40.9988 40.5983 40.1978 39.7975 39.3972 38.997 38.5969 38.1969 37.7969 37.397 36.9972 36.5974 36.1977 35.798 35.3984 34.9989 34.5995 34.2002 33.801 33.4018 33.0027 32.6037 32.2047 31.8058 31.4069 31.008 30.6093 30.2105 29.8119 29.4133 29.0148 28.6164 28.218 27.8196 27.4213 27.0231 26.625 26.2269 25.8288 25.4309 25.0329 24.635 24.2372 23.8394 23.4417 23.044 22.6464 22.2488 21.8512 21.4537 21.0562 20.6588 20.2614 19.864 19.4667 19.0693 18.672 18.2747 17.8774 17.4802 17.0829 16.6856 16.2884 15.8911 15.4938 15.0966 14.6993 14.302 13.9047 13.5074 13.1101 12.7128 12.3155 11.9182 11.5209 11.1236 10.7263 10.329 9.93171 9.53441 9.1371 8.73981 8.34251 7.94521 7.54791 7.15061 6.7533 6.356 5.9587 5.56142 5.16416 4.76691 4.36968 3.97244 3.5752 3.17794 2.78068 2.38341 1.98615 1.5889 1.19166 0.794429 0.397212 0. 
100. 99.5934 99.1868 98.7802 98.3736 97.967 97.5604 97.1538 96.7472 96.3406 95.9341 95.5275 95.121 94.7144 94.3079 93.9014 93.4949 93.0884 92.682 92.2755 91.8691 91.4627 91.0563 90.65 90.2437 89.8373 89.4311 89.0248 88.6186 88.2125 87.8063 87.4002 86.9941 86.588 86.182 85.776 85.3701 84.9642 84.5584 84.1527 83.747 83.3413 82.9356 82.53 82.1244 81.7189 81.3135 80.9082 80.5029 80.0976 79.6924 79.2873 78.8823 78.4773 78.0724 77.6676 77.2628 76.8582 76.4536 76.049 75.6445 75.24 74.8356 74.4312 74.0269 73.6226 73.2184 72.8143 72.4102 72.0061 71.602 71.198 70.794 70.3901 69.9861 69.5822 69.1782 68.7743 68.3704 67.9665 67.5627 67.1588 66.755 66.3511 65.9473 65.5435 65.1397 64.736 64.3322 63.9285 63.5248 63.1212 62.7176 62.314 61.9104 61.5069 61.1034 60.7 60.2966 59.8932 59.4899 59.0866 58.6834 58.2802 57.8771 57.474 57.071 56.668 56.2651 55.8622 55.4594 55.0567 54.654 54.2513 53.8487 53.4462 53.0438 52.6414 52.239 51.8367 51.4345 51.0323 50.6302 50.2282 49.8262 49.4243 49.0225 48.6207 48.2189 47.8172 47.4156 47.0141 46.6126 46.2112 45.8099 45.4086 45.0073 44.6062 44.2051 43.804 43.4031 43.0022 42.6014 42.2006 41.7999 41.3993 40.9987 40.5982 40.1978 39.7974 39.3972 38.997 38.5969 38.1968 37.7969 37.397 36.9971 36.5974 36.1976 35.798 35.3984 34.9989 34.5995 34.2002 33.801 33.4018 33.0027 32.6037 32.2047 31.8057 31.4069 31.008 30.6092 30.2105 29.8119 29.4133 29.0148 28.6163 28.2179 27.8196 27.4213 27.0231 26.625 26.2269 25.8288 25.4308 25.0329 24.635 24.2372 23.8394 23.4417 23.044 22.6464 22.2488 21.8512 21.4537 21.0562 20.6588 20.2614 19.864 19.4666 19.0693 18.672 18.2747 17.8774 17.4802 17.0829 16.6856 16.2884 15.8911 15.4938 15.0966 14.6993 14.302 13.9047 13.5074 13.1101 12.7128 12.3155 11.9182 11.5209 11.1236 10.7263 10.329 9.93171 9.5344 9.1371 8.7398 8.34251 7.94521 7.54791 7.15061 6.7533 6.356 5.9587 5.56142 5.16416 4.76691 4.36967 3.97244 3.5752 3.17794 2.78068 2.38342 1.98615 1.5889 1.19166 0.794429 0.397211 0. 
100. 99.5934 99.1868 98.7802 98.3736 97.967 97.5604 97.1538 96.7472 96.3406 95.9341 95.5275 95.121 94.7144 94.3079 93.9014 93.4949 93.0884 92.682 92.2755 91.8691 91.4627 91.0563 90.65 90.2437 89.8373 89.4311 89.0248 88.6186 88.2124 87.8063 87.4002 86.9941 86.588 86.182 85.776 85.3701 84.9642 84.5584 84.1527 83.7469 83.3412 82.9356 82.53 82.1244 81.7189 81.3135 80.9082 80.5029 80.0976 79.6924 79.2873 78.8823 78.4773 78.0724 77.6676 77.2628 76.8582 76.4536 76.049 75.6445 75.24 74.8356 74.4312 74.0269 73.6226 73.2184 72.8143 72.4101 72.0061 71.602 71.198 70.794 70.3901 69.9861 69.5822 69.1782 68.7743 68.3704 67.9665 67.5627 67.1588 66.755 66.3511 65.9473 65.5435 65.1397 64.736 64.3322 63.9285 63.5248 63.1212 62.7176 62.314 61.9104 61.5069 61.1034 60.7 60.2966 59.8932 59.4899 59.0866 58.6834 58.2802 57.8771 57.474 57.071 56.668 56.2651 55.8622 55.4594 55.0567 54.654 54.2513 53.8488 53.4462 53.0438 52.6414 52.239 51.8367 51.4345 51.0323 50.6302 50.2282 49.8262 49.4243 49.0225 48.6207 48.2189 47.8172 47.4156 47.0141 46.6126 46.2112 45.8099 45.4086 45.0073 44.6062 44.2051 43.804 43.4031 43.0022 42.6014 42.2006 41.7999 41.3993 40.9987 40.5982 40.1978 39.7975 39.3972 38.997 38.5969 38.1969 37.7969 37.397 36.9972 36.5974 36.1976 35.798 35.3984 34.9989 34.5995 34.2002 33.801 33.4018 33.0027 32.6037 32.2047 31.8057 31.4069 31.008 30.6092 30.2105 29.8119 29.4133 29.0148 28.6163 28.2179 27.8196 27.4213 27.0231 26.625 26.2269 25.8288 25.4308 25.0329 24.635 24.2372 23.8394 23.4417 23.044 22.6464 22.2488 21.8512 21.4537 21.0562 20.6588 20.2614 19.864 19.4666 19.0693 18.672 18.2747 17.8774 17.4801 17.0829 16.6856 16.2884 15.8911 15.4938 15.0966 14.6993 14.302 13.9047 13.5074 13.1101 12.7128 12.3155 11.9182 11.5209 11.1236 10.7263 10.329 9.9317 9.5344 9.1371 8.7398 8.34251 7.94521 7.54791 7.15061 6.7533 6.35599 5.9587 5.56142 5.16416 4.76691 4.36967 3.97244 3.57519 3.17794 2.78068 2.38342 1.98615 1.5889 1.19166 0.794431 0.397212 0. 
100. 99.5934 99.1868 98.7802 98.3736 97.967 97.5604 97.1538 96.7472 96.3406 95.9341 95.5275 95.121 94.7144 94.3079 93.9014 93.4949 93.0884 92.682 92.2755 91.8691 91.4627 91.0563 90.65 90.2437 89.8373 89.4311 89.0248 88.6186 88.2124 87.8063 87.4002 86.9941 86.588 86.182 85.776 85.3701 84.9643 84.5584 84.1527 83.7469 83.3412 82.9356 82.53 82.1244 81.7189 81.3135 80.9082 80.5029 80.0976 79.6924 79.2873 78.8823 78.4773 78.0724 77.6676 77.2628 76.8582 76.4536 76.049 75.6445 75.24 74.8356 74.4312 74.0269 73.6226 73.2184 72.8142 72.4101 72.0061 71.602 71.198 70.794 70.39 69.9861 69.5821 69.1782 68.7743 68.3704 67.9665 67.5626 67.1588 66.7549 66.3511 65.9473 65.5435 65.1397 64.736 64.3322 63.9285 63.5248 63.1212 62.7176 62.314 61.9104 61.5069 61.1034 60.7 60.2966 59.8932 59.4899 59.0866 58.6834 58.2802 57.8771 57.474 57.071 56.668 56.2651 55.8622 55.4594 55.0567 54.654 54.2513 53.8487 53.4462 53.0438 52.6414 52.239 51.8367 51.4345 51.0323 50.6302 50.2282 49.8262 49.4243 49.0225 48.6207 48.2189 47.8172 47.4156 47.0141 46.6126 46.2112 45.8098 45.4086 45.0073 44.6062 44.2051 43.804 43.4031 43.0022 42.6014 42.2006 41.7999 41.3993 40.9987 40.5982 40.1978 39.7975 39.3972 38.997 38.5969 38.1968 37.7969 37.397 36.9972 36.5974 36.1976 35.798 35.3984 34.9989 34.5995 34.2002 33.801 33.4018 33.0027 32.6036 32.2047 31.8057 31.4068 31.008 30.6092 30.2105 29.8119 29.4133 29.0148 28.6163 28.2179 27.8196 27.4213 27.0231 26.625 26.2269 25.8288 25.4308 25.0329 24.635 24.2372 23.8394 23.4417 23.044 22.6464 22.2488 21.8512 21.4537 21.0562 20.6588 20.2614 19.864 19.4666 19.0693 18.672 18.2747 17.8774 17.4801 17.0829 16.6856 16.2883 15.8911 15.4938 15.0966 14.6993 14.302 13.9047 13.5074 13.1101 12.7128 12.3155 11.9182 11.5209 11.1236 10.7263 10.329 9.9317 9.5344 9.1371 8.7398 8.34251 7.94521 7.54791 7.1506 6.7533 6.35599 5.9587 5.56142 5.16416 4.76691 4.36967 3.97243 3.57519 3.17794 2.78068 2.38342 1.98616 1.5889 1.19166 0.794432 0.397213 0. 
100. 99.5934 99.1868 98.7802 98.3736 97.967 97.5604 97.1538 96.7472 96.3406 95.9341 95.5275 95.121 94.7144 94.3079 93.9014 93.4949 93.0884 92.682 92.2755 91.8691 91.4627 91.0563 90.65 90.2437 89.8373 89.4311 89.0248 88.6186 88.2124 87.8063 87.4002 86.9941 86.588 86.182 85.776 85.3701 84.9643 84.5584 84.1527 83.7469 83.3412 82.9356 82.53 82.1244 81.7189 81.3135 80.9082 80.5029 80.0976 79.6924 79.2873 78.8823 78.4773 78.0724 77.6676 77.2628 76.8582 76.4536 76.049 75.6445 75.24 74.8356 74.4312 74.0269 73.6226 73.2184 72.8142 72.4101 72.0061 71.602 71.198 70.794 70.39 69.9861 69.5821 69.1782 68.7743 68.3704 67.9665 67.5626 67.1588 66.7549 66.3511 65.9473 65.5435 65.1397 64.7359 64.3322 63.9285 63.5248 63.1212 62.7175 62.314 61.9104 61.5069 61.1034 60.7 60.2966 59.8932 59.4899 59.0866 58.6834 58.2802 57.8771 57.474 57.071 56.668 56.2651 55.8622 55.4594 55.0566 54.6539 54.2513 53.8487 53.4462 53.0438 52.6414 52.239 51.8367 51.4345 51.0323 50.6302 50.2282 49.8262 49.4243 49.0224 48.6206 48.2189 47.8172 47.4156 47.0141 46.6126 46.2112 45.8098 45.4086 45.0073 44.6062 44.205 43.804 43.403 43.0022 42.6014 42.2006 41.7999 41.3993 40.9987 40.5982 40.1978 39.7974 39.3972 38.997 38.5969 38.1968 37.7969 37.397 36.9971 36.5974 36.1976 35.798 35.3984 34.9989 34.5995 34.2002 33.801 33.4018 33.0027 32.6036 32.2047 31.8057 31.4068 31.008 30.6092 30.2105 29.8119 29.4133 29.0148 28.6163 28.2179 27.8196 27.4213 27.0231 26.625 26.2269 25.8288 25.4308 25.0329 24.635 24.2372 23.8394 23.4417 23.044 22.6464 22.2488 21.8512 21.4537 21.0562 20.6588 20.2614 19.864 19.4666 19.0693 18.672 18.2747 17.8774 17.4801 17.0829 16.6856 16.2883 15.8911 15.4938 15.0965 14.6993 14.302 13.9047 13.5074 13.1101 12.7128 12.3155 11.9182 11.5209 11.1236 10.7263 10.329 9.9317 9.5344 9.1371 8.7398 8.34251 7.94521 7.54791 7.1506 6.75329 6.35599 5.9587 5.56142 5.16416 4.76691 4.36967 3.97243 3.57519 3.17794 2.78068 2.38342 1.98616 1.5889 1.19166 0.794433 0.397213 0. 
100. 99.5934 99.1868 98.7802 98.3736 97.967 97.5604 97.1538 96.7472 96.3406 95.9341 95.5275 95.121 94.7144 94.3079 93.9014 93.4949 93.0884 92.682 92.2755 91.8691 91.4627 91.0563 90.65 90.2436 89.8373 89.4311 89.0248 88.6186 88.2124 87.8063 87.4002 86.9941 86.588 86.182 85.776 85.3701 84.9642 84.5584 84.1526 83.7469 83.3412 82.9356 82.53 82.1244 81.7189 81.3135 80.9081 80.5028 80.0976 79.6924 79.2873 78.8823 78.4773 78.0724 77.6676 77.2628 76.8582 76.4535 76.049 75.6445 75.24 74.8356 74.4312 74.0269 73.6226 73.2184 72.8142 72.4101 72.0061 71.602 71.198 70.794 70.39 69.9861 69.5821 69.1782 68.7743 68.3704 67.9665 67.5626 67.1588 66.7549 66.3511 65.9473 65.5435 65.1397 64.7359 64.3322 63.9285 63.5248 63.1211 62.7175 62.3139 61.9104 61.5069 61.1034 60.6999 60.2965 59.8932 59.4899 59.0866 58.6834 58.2802 57.8771 57.474 57.071 56.668 56.2651 55.8622 55.4594 55.0566 54.6539 54.2513 53.8487 53.4462 53.0438 52.6414 52.239 51.8367 51.4345 51.0323 50.6302 50.2282 49.8262 49.4243 49.0224 48.6206 48.2189 47.8172 47.4156 47.0141 46.6126 46.2112 45.8098 45.4085 45.0073 44.6061 44.205 43.804 43.403 43.0022 42.6013 42.2006 41.7999 41.3993 40.9987 40.5982 40.1978 39.7974 39.3972 38.997 38.5969 38.1968 37.7969 37.397 36.9971 36.5974 36.1976 35.798 35.3984 34.9989 34.5995 34.2002 33.8009 33.4018 33.0027 32.6036 32.2046 31.8057 31.4068 31.008 30.6092 30.2105 29.8119 29.4133 29.0148 28.6163 28.2179 27.8196 27.4213 27.0231 26.6249 26.2268 25.8288 25.4308 25.0329 24.635 24.2372 23.8394 23.4417 23.044 22.6463 22.2488 21.8512 21.4537 21.0562 20.6588 20.2613 19.864 19.4666 19.0693 18.672 18.2747 17.8774 17.4801 17.0829 16.6856 16.2883 15.8911 15.4938 15.0965 14.6993 14.302 13.9047 13.5074 13.1101 12.7128 12.3155 11.9182 11.5209 11.1236 10.7263 10.329 9.93169 9.53439 9.1371 8.7398 8.3425 7.94521 7.5479 7.1506 6.75329 6.35599 5.9587 5.56142 5.16416 4.76691 4.36967 3.97243 3.57519 3.17794 2.78068 2.38342 1.98616 1.5889 1.19166 0.794433 0.397213 0. 
100. 99.5934 99.1868 98.7802 98.3736 97.967 97.5604 97.1538 96.7472 96.3406 95.9341 95.5275 95.121 94.7144 94.3079 93.9014 93.4949 93.0884 92.682 92.2755 91.8691 91.4627 91.0563 90.65 90.2436 89.8373 89.4311 89.0248 88.6186 88.2124 87.8063 87.4002 86.9941 86.588 86.182 85.776 85.3701 84.9642 84.5584 84.1526 83.7469 83.3412 82.9356 82.53 82.1244 81.7189 81.3135 80.9081 80.5028 80.0976 79.6924 79.2873 78.8822 78.4773 78.0724 77.6675 77.2628 76.8581 76.4535 76.049 75.6445 75.24 74.8356 74.4312 74.0269 73.6226 73.2184 72.8142 72.4101 72.006 71.602 71.198 70.794 70.39 69.9861 69.5821 69.1782 68.7743 68.3704 67.9665 67.5626 67.1588 66.7549 66.3511 65.9473 65.5435 65.1397 64.7359 64.3322 63.9285 63.5248 63.1211 62.7175 62.3139 61.9104 61.5069 61.1034 60.6999 60.2965 59.8932 59.4899 59.0866 58.6834 58.2802 57.877 57.474 57.0709 56.668 56.2651 55.8622 55.4594 55.0566 54.6539 54.2513 53.8487 53.4462 53.0437 52.6413 52.239 51.8367 51.4345 51.0323 50.6302 50.2282 49.8262 49.4243 49.0224 48.6206 48.2189 47.8172 47.4156 47.0141 46.6126 46.2112 45.8098 45.4085 45.0073 44.6061 44.205 43.804 43.403 43.0021 42.6013 42.2006 41.7999 41.3993 40.9987 40.5982 40.1978 39.7974 39.3971 38.997 38.5968 38.1968 37.7969 37.397 36.9971 36.5973 36.1976 35.798 35.3984 34.9989 34.5995 34.2002 33.8009 33.4018 33.0027 32.6036 32.2046 31.8057 31.4068 31.008 30.6092 30.2105 29.8119 29.4133 29.0148 28.6163 28.2179 27.8196 27.4213 27.0231 26.6249 26.2268 25.8288 25.4308 25.0329 24.635 24.2372 23.8394 23.4417 23.044 22.6463 22.2487 21.8512 21.4537 21.0562 20.6587 20.2613 19.864 19.4666 19.0693 18.672 18.2747 17.8774 17.4801 17.0828 16.6856 16.2883 15.8911 15.4938 15.0965 14.6993 14.302 13.9047 13.5074 13.1101 12.7128 12.3155 11.9182 11.5209 11.1236 10.7263 10.329 9.93169 9.53439 9.13709 8.7398 8.3425 7.9452 7.5479 7.1506 6.75329 6.35599 5.9587 5.56142 5.16416 4.76691 4.36967 3.97243 3.57519 3.17794 2.78068 2.38342 1.98616 1.5889 1.19166 0.794432 0.397213 0. 
100. 99.5934 99.1868 98.7802 98.3736 97.967 97.5604 97.1538 96.7472 96.3406 95.9341 95.5275 95.1209 94.7144 94.3079 93.9014 93.4949 93.0884 92.682 92.2755 91.8691 91.4627 91.0563 90.65 90.2436 89.8373 89.431 89.0248 88.6186 88.2124 87.8063 87.4002 86.9941 86.588 86.182 85.776 85.3701 84.9642 84.5584 84.1526 83.7469 83.3412 82.9356 82.53 82.1244 81.7189 81.3135 80.9081 80.5028 80.0976 79.6924 79.2873 78.8822 78.4773 78.0724 77.6675 77.2628 76.8581 76.4535 76.049 75.6444 75.24 74.8356 74.4312 74.0269 73.6226 73.2184 72.8142 72.4101 72.006 71.602 71.198 70.794 70.39 69.986 69.5821 69.1782 68.7742 68.3703 67.9665 67.5626 67.1587 66.7549 66.3511 65.9472 65.5434 65.1397 64.7359 64.3322 63.9285 63.5248 63.1211 62.7175 62.3139 61.9104 61.5068 61.1034 60.6999 60.2965 59.8932 59.4898 59.0866 58.6833 58.2802 57.877 57.4739 57.0709 56.668 56.265 55.8622 55.4594 55.0566 54.6539 54.2513 53.8487 53.4462 53.0437 52.6413 52.239 51.8367 51.4344 51.0323 50.6302 50.2281 49.8262 49.4243 49.0224 48.6206 48.2189 47.8172 47.4156 47.014 46.6126 46.2112 45.8098 45.4085 45.0073 44.6061 44.205 43.804 43.403 43.0021 42.6013 42.2006 41.7999 41.3993 40.9987 40.5982 40.1978 39.7974 39.3971 38.9969 38.5968 38.1968 37.7968 37.3969 36.9971 36.5973 36.1976 35.798 35.3984 34.9989 34.5995 34.2002 33.8009 33.4017 33.0026 32.6036 32.2046 31.8057 31.4068 31.008 30.6092 30.2105 29.8118 29.4133 29.0148 28.6163 28.2179 27.8196 27.4213 27.0231 26.6249 26.2268 25.8288 25.4308 25.0329 24.635 24.2372 23.8394 23.4416 23.044 22.6463 22.2487 21.8512 21.4537 21.0562 20.6587 20.2613 19.8639 19.4666 19.0693 18.672 18.2747 17.8774 17.4801 17.0828 16.6856 16.2883 15.891 15.4938 15.0965 14.6992 14.302 13.9047 13.5074 13.1101 12.7128 12.3155 11.9182 11.5209 11.1236 10.7263 10.329 9.93169 9.53439 9.13709 8.7398 8.3425 7.9452 7.5479 7.15059 6.75329 6.35599 5.9587 5.56142 5.16416 4.76691 4.36967 3.97243 3.57519 3.17794 2.78068 2.38342 1.98616 1.5889 1.19166 0.79443 0.397212 0. 
100. 99.5934 99.1868 98.7802 98.3736 97.967 97.5604 97.1538 96.7472 96.3406 95.9341 95.5275 95.1209 94.7144 94.3079 93.9014 93.4949 93.0884 92.682 92.2755 91.8691 91.4627 91.0563 90.65 90.2436 89.8373 89.431 89.0248 88.6186 88.2124 87.8063 87.4001 86.9941 86.588 86.182 85.776 85.3701 84.9642 84.5584 84.1526 83.7469 83.3412 82.9356 82.5299 82.1244 81.7189 81.3135 80.9081 80.5028 80.0976 79.6924 79.2873 78.8822 78.4772 78.0723 77.6675 77.2628 76.8581 76.4535 76.0489 75.6444 75.24 74.8355 74.4312 74.0268 73.6226 73.2184 72.8142 72.4101 72.006 71.602 71.1979 70.794 70.39 69.986 69.5821 69.1781 68.7742 68.3703 67.9664 67.5626 67.1587 66.7549 66.351 65.9472 65.5434 65.1396 64.7359 64.3321 63.9284 63.5247 63.1211 62.7175 62.3139 61.9103 61.5068 61.1033 60.6999 60.2965 59.8931 59.4898 59.0865 58.6833 58.2801 57.877 57.4739 57.0709 56.6679 56.265 55.8622 55.4593 55.0566 54.6539 54.2513 53.8487 53.4462 53.0437 52.6413 52.239 51.8367 51.4344 51.0323 50.6302 50.2281 49.8262 49.4242 49.0224 48.6206 48.2189 47.8172 47.4156 47.014 46.6125 46.2111 45.8098 45.4085 45.0073 44.6061 44.205 43.804 43.403 43.0021 42.6013 42.2005 41.7999 41.3992 40.9987 40.5982 40.1977 39.7974 39.3971 38.9969 38.5968 38.1968 37.7968 37.3969 36.9971 36.5973 36.1976 35.7979 35.3984 34.9989 34.5995 34.2001 33.8009 33.4017 33.0026 32.6036 32.2046 31.8057 31.4068 31.008 30.6092 30.2105 29.8118 29.4133 29.0147 28.6163 28.2179 27.8196 27.4213 27.0231 26.6249 26.2268 25.8288 25.4308 25.0329 24.635 24.2371 23.8394 23.4416 23.0439 22.6463 22.2487 21.8512 21.4537 21.0562 20.6587 20.2613 19.8639 19.4666 19.0693 18.672 18.2747 17.8774 17.4801 17.0828 16.6856 16.2883 15.891 15.4938 15.0965 14.6992 14.302 13.9047 13.5074 13.1101 12.7128 12.3155 11.9182 11.5209 11.1236 10.7263 10.329 9.93168 9.53439 9.13709 8.73979 8.3425 7.9452 7.5479 7.15059 6.75329 6.35598 5.95869 5.56142 5.16416 4.76691 4.36967 3.97243 3.57519 3.17794 2.78068 2.38342 1.98615 1.5889 1.19166 0.794428 0.397211 0. 
100. 99.5934 99.1868 98.7802 98.3736 97.967 97.5604 97.1538 96.7472 96.3406 95.9341 95.5275 95.1209 94.7144 94.3079 93.9014 93.4949 93.0884 92.682 92.2755 91.8691 91.4627 91.0563 90.6499 90.2436 89.8373 89.431 89.0248 88.6186 88.2124 87.8063 87.4001 86.994 86.588 86.182 85.776 85.3701 84.9642 84.5584 84.1526 83.7469 83.3412 82.9355 82.5299 82.1244 81.7189 81.3135 80.9081 80.5028 80.0975 79.6924 79.2872 78.8822 78.4772 78.0723 77.6675 77.2628 76.8581 76.4535 76.0489 75.6444 75.2399 74.8355 74.4311 74.0268 73.6226 73.2183 72.8142 72.4101 72.006 71.6019 71.1979 70.7939 70.39 69.986 69.5821 69.1781 68.7742 68.3703 67.9664 67.5626 67.1587 66.7549 66.351 65.9472 65.5434 65.1396 64.7359 64.3321 63.9284 63.5247 63.1211 62.7175 62.3139 61.9103 61.5068 61.1033 60.6999 60.2965 59.8931 59.4898 59.0865 58.6833 58.2801 57.877 57.4739 57.0709 56.6679 56.265 55.8621 55.4593 55.0566 54.6539 54.2512 53.8487 53.4462 53.0437 52.6413 52.2389 51.8366 51.4344 51.0322 50.6301 50.2281 49.8261 49.4242 49.0224 48.6206 48.2188 47.8171 47.4155 47.014 46.6125 46.2111 45.8098 45.4085 45.0072 44.6061 44.205 43.8039 43.403 43.0021 42.6013 42.2005 41.7998 41.3992 40.9986 40.5981 40.1977 39.7974 39.3971 38.9969 38.5968 38.1968 37.7968 37.3969 36.9971 36.5973 36.1976 35.7979 35.3983 34.9988 34.5994 34.2001 33.8009 33.4017 33.0026 32.6036 32.2046 31.8056 31.4068 31.0079 30.6092 30.2105 29.8118 29.4132 29.0147 28.6163 28.2179 27.8195 27.4213 27.023 26.6249 26.2268 25.8287 25.4308 25.0328 24.635 24.2371 23.8393 23.4416 23.0439 22.6463 22.2487 21.8512 21.4536 21.0562 20.6587 20.2613 19.8639 19.4666 19.0692 18.6719 18.2746 17.8774 17.4801 17.0828 16.6856 16.2883 15.891 15.4938 15.0965 14.6992 14.3019 13.9047 13.5074 13.1101 12.7128 12.3155 11.9182 11.5209 11.1236 10.7263 10.329 9.93168 9.53438 9.13709 8.73979 8.34249 7.9452 7.54789 7.15059 6.75328 6.35598 5.95869 5.56141 5.16415 4.76691 4.36967 3.97243 3.57519 3.17794 2.78068 2.38341 1.98615 1.5889 1.19165 0.794425 0.397209 0. 
100. 99.5934 99.1868 98.7802 98.3736 97.967 97.5604 97.1538 96.7472 96.3406 95.9341 95.5275 95.1209 94.7144 94.3079 93.9014 93.4949 93.0884 92.682 92.2755 91.8691 91.4627 91.0563 90.6499 90.2436 89.8373 89.431 89.0248 88.6186 88.2124 87.8062 87.4001 86.994 86.588 86.182 85.776 85.37 84.9642 84.5583 84.1526 83.7468 83.3412 82.9355 82.5299 82.1244 81.7189 81.3134 80.9081 80.5028 80.0975 79.6923 79.2872 78.8822 78.4772 78.0723 77.6675 77.2627 76.8581 76.4535 76.0489 75.6444 75.2399 74.8355 74.4311 74.0268 73.6225 73.2183 72.8142 72.41 72.006 71.6019 71.1979 70.7939 70.39 69.986 69.5821 69.1781 68.7742 68.3703 67.9664 67.5626 67.1587 66.7549 66.351 65.9472 65.5434 65.1396 64.7359 64.3321 63.9284 63.5247 63.1211 62.7175 62.3139 61.9103 61.5068 61.1033 60.6999 60.2965 59.8931 59.4898 59.0865 58.6833 58.2801 57.877 57.4739 57.0709 56.6679 56.265 55.8621 55.4593 55.0565 54.6539 54.2512 53.8486 53.4461 53.0437 52.6413 52.2389 51.8366 51.4344 51.0322 50.6301 50.2281 49.8261 49.4242 49.0223 48.6205 48.2188 47.8171 47.4155 47.014 46.6125 46.2111 45.8097 45.4084 45.0072 44.606 44.2049 43.8039 43.4029 43.0021 42.6012 42.2005 41.7998 41.3992 40.9986 40.5981 40.1977 39.7973 39.3971 38.9969 38.5968 38.1967 37.7968 37.3969 36.997 36.5973 36.1975 35.7979 35.3983 34.9988 34.5994 34.2001 33.8009 33.4017 33.0026 32.6035 32.2046 31.8056 31.4067 31.0079 30.6091 30.2104 29.8118 29.4132 29.0147 28.6162 28.2179 27.8195 27.4212 27.023 26.6249 26.2268 25.8287 25.4307 25.0328 24.6349 24.2371 23.8393 23.4416 23.0439 22.6463 22.2487 21.8511 21.4536 21.0561 20.6587 20.2613 19.8639 19.4666 19.0692 18.6719 18.2746 17.8774 17.4801 17.0828 16.6855 16.2883 15.891 15.4938 15.0965 14.6992 14.3019 13.9046 13.5074 13.1101 12.7128 12.3155 11.9182 11.5209 11.1236 10.7263 10.329 9.93168 9.53438 9.13708 8.73979 8.34249 7.94519 7.54789 7.15059 6.75328 6.35598 5.95869 5.56141 5.16415 4.76691 4.36967 3.97243 3.57519 3.17794 2.78068 2.38341 1.98615 1.58889 1.19165 0.794423 0.397208 0. 
100. 99.5934 99.1868 98.7802 98.3736 97.967 97.5604 97.1538 96.7472 96.3406 95.934 95.5275 95.1209 94.7144 94.3079 93.9014 93.4949 93.0884 92.6819 92.2755 91.8691 91.4627 91.0563 90.6499 90.2436 89.8373 89.431 89.0248 88.6186 88.2124 87.8062 87.4001 86.994 86.588 86.1819 85.7759 85.37 84.9641 84.5583 84.1526 83.7468 83.3411 82.9355 82.5299 82.1243 81.7188 81.3134 80.908 80.5027 80.0975 79.6923 79.2872 78.8821 78.4772 78.0723 77.6674 77.2627 76.858 76.4534 76.0489 75.6444 75.2399 74.8355 74.4311 74.0268 73.6225 73.2183 72.8141 72.41 72.0059 71.6019 71.1979 70.7939 70.3899 69.986 69.582 69.1781 68.7742 68.3703 67.9664 67.5625 67.1587 66.7548 66.351 65.9472 65.5434 65.1396 64.7358 64.3321 63.9284 63.5247 63.121 62.7174 62.3138 61.9103 61.5068 61.1033 60.6998 60.2964 59.8931 59.4898 59.0865 58.6833 58.2801 57.8769 57.4739 57.0708 56.6679 56.265 55.8621 55.4593 55.0565 54.6538 54.2512 53.8486 53.4461 53.0436 52.6412 52.2389 51.8366 51.4344 51.0322 50.6301 50.228 49.8261 49.4242 49.0223 48.6205 48.2188 47.8171 47.4155 47.0139 46.6125 46.2111 45.8097 45.4084 45.0072 44.606 44.2049 43.8039 43.4029 43.002 42.6012 42.2005 41.7998 41.3992 40.9986 40.5981 40.1977 39.7973 39.397 38.9968 38.5967 38.1967 37.7967 37.3968 36.997 36.5972 36.1975 35.7979 35.3983 34.9988 34.5994 34.2001 33.8008 33.4017 33.0025 32.6035 32.2045 31.8056 31.4067 31.0079 30.6091 30.2104 29.8118 29.4132 29.0147 28.6162 28.2178 27.8195 27.4212 27.023 26.6248 26.2267 25.8287 25.4307 25.0328 24.6349 24.2371 23.8393 23.4416 23.0439 22.6463 22.2487 21.8511 21.4536 21.0561 20.6587 20.2613 19.8639 19.4665 19.0692 18.6719 18.2746 17.8773 17.4801 17.0828 16.6855 16.2883 15.891 15.4938 15.0965 14.6992 14.3019 13.9046 13.5073 13.1101 12.7128 12.3155 11.9182 11.5209 11.1236 10.7263 10.329 9.93167 9.53438 9.13708 8.73979 8.34249 7.94519 7.54789 7.15058 6.75328 6.35597 5.95868 5.56141 5.16415 4.76691 4.36967 3.97244 3.5752 3.17794 2.78068 2.38341 1.98614 1.58889 1.19165 0.794419 0.397206 0. 
100. 99.5934 99.1868 98.7802 98.3736 97.967 97.5604 97.1538 96.7472 96.3406 95.934 95.5275 95.1209 94.7144 94.3079 93.9014 93.4949 93.0884 92.6819 92.2755 91.8691 91.4627 91.0563 90.6499 90.2436 89.8373 89.431 89.0247 88.6185 88.2124 87.8062 87.4001 86.994 86.5879 86.1819 85.7759 85.37 84.9641 84.5583 84.1525 83.7468 83.3411 82.9355 82.5299 82.1243 81.7188 81.3134 80.908 80.5027 80.0975 79.6923 79.2872 78.8821 78.4771 78.0722 77.6674 77.2627 76.858 76.4534 76.0488 75.6443 75.2399 74.8355 74.4311 74.0268 73.6225 73.2183 72.8141 72.41 72.0059 71.6019 71.1979 70.7939 70.3899 69.986 69.582 69.1781 68.7742 68.3703 67.9664 67.5625 67.1587 66.7548 66.351 65.9472 65.5434 65.1396 64.7358 64.3321 63.9284 63.5247 63.121 62.7174 62.3138 61.9103 61.5067 61.1033 60.6998 60.2964 59.893 59.4897 59.0865 58.6832 58.28 57.8769 57.4738 57.0708 56.6679 56.2649 55.8621 55.4593 55.0565 54.6538 54.2512 53.8486 53.4461 53.0436 52.6412 52.2389 51.8366 51.4343 51.0322 50.63 50.228 49.826 49.4241 49.0223 48.6205 48.2187 47.8171 47.4155 47.0139 46.6124 46.211 45.8097 45.4084 45.0072 44.606 44.2049 43.8038 43.4029 43.002 42.6012 42.2004 41.7998 41.3991 40.9986 40.5981 40.1976 39.7973 39.397 38.9968 38.5967 38.1967 37.7967 37.3968 36.997 36.5972 36.1975 35.7978 35.3982 34.9988 34.5993 34.2 33.8008 33.4016 33.0025 32.6035 32.2045 31.8056 31.4067 31.0078 30.6091 30.2104 29.8117 29.4132 29.0146 28.6162 28.2178 27.8195 27.4212 27.023 26.6248 26.2267 25.8287 25.4307 25.0328 24.6349 24.2371 23.8393 23.4416 23.0439 22.6462 22.2487 21.8511 21.4536 21.0561 20.6587 20.2613 19.8639 19.4665 19.0692 18.6719 18.2746 17.8773 17.4801 17.0828 16.6855 16.2883 15.891 15.4937 15.0965 14.6992 14.3019 13.9046 13.5073 13.11 12.7127 12.3154 11.9182 11.5209 11.1236 10.7263 10.329 9.93167 9.53437 9.13708 8.73978 8.34249 7.94519 7.54789 7.15058 6.75327 6.35597 5.95868 5.5614 5.16415 4.76691 4.36967 3.97244 3.5752 3.17794 2.78068 2.38341 1.98614 1.58888 1.19164 0.794416 0.397205 0. 
100. 99.5934 99.1868 98.7802 98.3736 97.967 97.5604 97.1538 96.7472 96.3406 95.934 95.5275 95.1209 94.7144 94.3079 93.9013 93.4949 93.0884 92.6819 92.2755 91.8691 91.4627 91.0563 90.6499 90.2436 89.8373 89.431 89.0247 88.6185 88.2124 87.8062 87.4001 86.994 86.5879 86.1819 85.7759 85.37 84.9641 84.5583 84.1525 83.7468 83.3411 82.9354 82.5298 82.1243 81.7188 81.3134 80.908 80.5027 80.0974 79.6923 79.2871 78.8821 78.4771 78.0722 77.6674 77.2626 76.858 76.4534 76.0488 75.6443 75.2399 74.8354 74.4311 74.0267 73.6224 73.2182 72.8141 72.41 72.0059 71.6019 71.1979 70.7939 70.3899 69.9859 69.582 69.1781 68.7742 68.3703 67.9664 67.5625 67.1586 66.7548 66.351 65.9472 65.5434 65.1396 64.7358 64.3321 63.9283 63.5247 63.121 62.7174 62.3138 61.9102 61.5067 61.1032 60.6998 60.2964 59.893 59.4897 59.0864 58.6832 58.28 57.8769 57.4738 57.0708 56.6678 56.2649 55.862 55.4592 55.0565 54.6538 54.2511 53.8486 53.4461 53.0436 52.6412 52.2388 51.8365 51.4343 51.0321 50.63 50.228 49.826 49.4241 49.0223 48.6205 48.2187 47.8171 47.4154 47.0139 46.6124 46.211 45.8097 45.4084 45.0071 44.606 44.2049 43.8038 43.4029 43.002 42.6012 42.2004 41.7997 41.3991 40.9985 40.598 40.1976 39.7972 39.397 38.9968 38.5967 38.1966 37.7967 37.3968 36.997 36.5972 36.1975 35.7978 35.3982 34.9987 34.5993 34.2 33.8008 33.4016 33.0025 32.6035 32.2045 31.8056 31.4067 31.0078 30.6091 30.2104 29.8117 29.4131 29.0146 28.6162 28.2178 27.8195 27.4212 27.023 26.6248 26.2267 25.8287 25.4307 25.0328 24.6349 24.2371 23.8393 23.4415 23.0439 22.6462 22.2486 21.8511 21.4536 21.0561 20.6587 20.2612 19.8639 19.4665 19.0692 18.6719 18.2746 17.8773 17.48 17.0828 16.6855 16.2883 15.891 15.4937 15.0965 14.6992 14.3019 13.9046 13.5073 13.11 12.7127 12.3154 11.9181 11.5208 11.1236 10.7263 10.329 9.93166 9.53437 9.13707 8.73978 8.34248 7.94518 7.54788 7.15058 6.75327 6.35597 5.95868 5.5614 5.16414 4.7669 4.36967 3.97244 3.5752 3.17794 2.78068 2.38341 1.98614 1.58888 1.19164 0.794415 0.397203 0. 
100. 99.5934 99.1868 98.7802 98.3736 97.967 97.5604 97.1538 96.7472 96.3406 95.934 95.5275 95.1209 94.7144 94.3079 93.9013 93.4949 93.0884 92.6819 92.2755 91.869 91.4626 91.0563 90.6499 90.2436 89.8372 89.431 89.0247 88.6185 88.2123 87.8062 87.4001 86.994 86.5879 86.1819 85.7759 85.37 84.9641 84.5583 84.1525 83.7468 83.3411 82.9354 82.5298 82.1243 81.7188 81.3133 80.908 80.5027 80.0974 79.6922 79.2871 78.8821 78.4771 78.0722 77.6674 77.2626 76.858 76.4534 76.0488 75.6443 75.2398 74.8354 74.431 74.0267 73.6224 73.2182 72.8141 72.41 72.0059 71.6018 71.1978 70.7938 70.3899 69.9859 69.582 69.1781 68.7741 68.3702 67.9664 67.5625 67.1586 66.7548 66.3509 65.9471 65.5433 65.1395 64.7358 64.332 63.9283 63.5246 63.121 62.7174 62.3138 61.9102 61.5067 61.1032 60.6998 60.2964 59.893 59.4897 59.0864 58.6832 58.28 57.8769 57.4738 57.0708 56.6678 56.2649 55.862 55.4592 55.0565 54.6538 54.2511 53.8485 53.446 53.0436 52.6412 52.2388 51.8365 51.4343 51.0321 50.63 50.228 49.826 49.4241 49.0223 48.6205 48.2187 47.817 47.4154 47.0139 46.6124 46.211 45.8097 45.4084 45.0072 44.606 44.2049 43.8038 43.4029 43.002 42.6012 42.2004 41.7997 41.3991 40.9985 40.598 40.1976 39.7973 39.397 38.9968 38.5967 38.1966 37.7967 37.3968 36.9969 36.5972 36.1974 35.7978 35.3982 34.9987 34.5993 34.2 33.8008 33.4016 33.0025 32.6035 32.2045 31.8055 31.4067 31.0078 30.6091 30.2104 29.8117 29.4131 29.0146 28.6162 28.2178 27.8195 27.4212 27.023 26.6248 26.2267 25.8287 25.4307 25.0328 24.6349 24.2371 23.8393 23.4416 23.0439 22.6462 22.2486 21.8511 21.4536 21.0561 20.6587 20.2612 19.8639 19.4665 19.0692 18.6719 18.2746 17.8773 17.48 17.0828 16.6855 16.2883 15.891 15.4937 15.0965 14.6992 14.3019 13.9046 13.5073 13.11 12.7127 12.3154 11.9181 11.5208 11.1235 10.7263 10.329 9.93166 9.53436 9.13707 8.73977 8.34248 7.94518 7.54788 7.15057 6.75327 6.35597 5.95868 5.5614 5.16415 4.76691 4.36967 3.97244 3.57519 3.17794 2.78068 2.38341 1.98614 1.58888 1.19164 0.794417 0.397205 0. 
100. 99.5934 99.1868 98.7802 98.3736 97.967 97.5604 97.1538 96.7472 96.3406 95.934 95.5275 95.1209 94.7144 94.3079 93.9013 93.4949 93.0884 92.6819 92.2755 91.8691 91.4627 91.0563 90.6499 90.2436 89.8373 89.431 89.0247 88.6185 88.2123 87.8062 87.4001 86.994 86.5879 86.1819 85.7759 85.37 84.9641 84.5583 84.1525 83.7468 83.3411 82.9354 82.5298 82.1243 81.7188 81.3133 80.908 80.5027 80.0974 79.6922 79.2871 78.8821 78.4771 78.0722 77.6674 77.2626 76.858 76.4534 76.0488 75.6443 75.2398 74.8354 74.431 74.0267 73.6224 73.2182 72.8141 72.41 72.0059 71.6019 71.1978 70.7938 70.3899 69.9859 69.582 69.178 68.7741 68.3702 67.9663 67.5625 67.1586 66.7548 66.3509 65.9471 65.5433 65.1395 64.7358 64.332 63.9283 63.5246 63.121 62.7174 62.3138 61.9102 61.5067 61.1032 60.6998 60.2964 59.893 59.4897 59.0864 58.6832 58.28 57.8769 57.4738 57.0708 56.6678 56.2649 55.862 55.4592 55.0565 54.6538 54.2511 53.8486 53.446 53.0436 52.6412 52.2388 51.8365 51.4343 51.0321 50.63 50.228 49.826 49.4241 49.0223 48.6205 48.2187 47.8171 47.4154 47.0139 46.6124 46.211 45.8097 45.4084 45.0071 44.606 44.2049 43.8038 43.4029 43.002 42.6012 42.2004 41.7997 41.3991 40.9985 40.598 40.1976 39.7972 39.397 38.9968 38.5967 38.1966 37.7967 37.3968 36.9969 36.5972 36.1974 35.7978 35.3982 34.9987 34.5993 34.2 33.8008 33.4016 33.0025 32.6035 32.2045 31.8055 31.4067 31.0078 30.6091 30.2104 29.8117 29.4131 29.0146 28.6162 28.2178 27.8195 27.4212 27.023 26.6248 26.2267 25.8287 25.4307 25.0328 24.6349 24.2371 23.8393 23.4416 23.0439 22.6462 22.2486 21.8511 21.4536 21.0561 20.6587 20.2612 19.8639 19.4665 19.0692 18.6719 18.2746 17.8773 17.48 17.0828 16.6855 16.2882 15.891 15.4937 15.0965 14.6992 14.3019 13.9046 13.5073 13.11 12.7127 12.3154 11.9181 11.5208 11.1235 10.7262 10.329 9.93165 9.53436 9.13706 8.73977 8.34247 7.94517 7.54787 7.15057 6.75326 6.35597 5.95868 5.56141 5.16415 4.76691 4.36967 3.97244 3.57519 3.17794 2.78067 2.3834 1.98614 1.58889 1.19164 0.794419 0.397206 0. 
100. 99.5934 99.1868 98.7802 98.3736 97.967 97.5604 97.1538 96.7472 96.3406 95.934 95.5275 95.1209 94.7144 94.3079 93.9013 93.4948 93.0884 92.6819 92.2755 91.8691 91.4626 91.0563 90.6499 90.2436 89.8372 89.431 89.0247 88.6185 88.2123 87.8062 87.4001 86.994 86.5879 86.1819 85.7759 85.37 84.9641 84.5583 84.1525 83.7468 83.3411 82.9354 82.5298 82.1243 81.7188 81.3134 80.908 80.5027 80.0974 79.6922 79.2871 78.8821 78.4771 78.0722 77.6674 77.2626 76.858 76.4534 76.0488 75.6443 75.2398 74.8354 74.431 74.0267 73.6224 73.2182 72.8141 72.41 72.0059 71.6018 71.1978 70.7938 70.3899 69.9859 69.582 69.178 68.7741 68.3702 67.9663 67.5625 67.1586 66.7548 66.3509 65.9471 65.5433 65.1395 64.7358 64.332 63.9283 63.5246 63.121 62.7174 62.3138 61.9102 61.5067 61.1032 60.6998 60.2964 59.893 59.4897 59.0864 58.6832 58.28 57.8769 57.4738 57.0708 56.6678 56.2649 55.862 55.4592 55.0564 54.6537 54.2511 53.8485 53.446 53.0436 52.6412 52.2388 51.8365 51.4343 51.0321 50.63 50.228 49.826 49.4241 49.0223 48.6205 48.2187 47.817 47.4154 47.0139 46.6124 46.211 45.8097 45.4084 45.0071 44.606 44.2049 43.8038 43.4029 43.002 42.6012 42.2004 41.7997 41.3991 40.9985 40.598 40.1976 39.7972 39.397 38.9968 38.5967 38.1966 37.7967 37.3968 36.9969 36.5972 36.1974 35.7978 35.3982 34.9987 34.5993 34.2 33.8008 33.4016 33.0025 32.6034 32.2045 31.8055 31.4066 31.0078 30.6091 30.2103 29.8117 29.4131 29.0146 28.6162 28.2178 27.8195 27.4212 27.023 26.6248 26.2267 25.8287 25.4307 25.0328 24.6349 24.2371 23.8393 23.4415 23.0439 22.6462 22.2486 21.8511 21.4536 21.0561 20.6586 20.2612 19.8639 19.4665 19.0692 18.6719 18.2746 17.8773 17.48 17.0828 16.6855 16.2882 15.891 15.4937 15.0964 14.6992 14.3019 13.9046 13.5073 13.11 12.7127 12.3154 11.9181 11.5208 11.1235 10.7262 10.3289 9.93165 9.53435 9.13706 8.73976 8.34247 7.94517 7.54787 7.15056 6.75326 6.35596 5.95868 5.56141 5.16415 4.76691 4.36967 3.97244 3.57519 3.17794 2.78067 2.3834 1.98614 1.58889 1.19165 0.794421 0.397207 0. 
100. 99.5934 99.1868 98.7802 98.3736 97.967 97.5604 97.1538 96.7472 96.3406 95.934 95.5275 95.1209 94.7144 94.3079 93.9013 93.4949 93.0884 92.6819 92.2755 91.869 91.4626 91.0562 90.6499 90.2436 89.8372 89.431 89.0247 88.6185 88.2123 87.8062 87.4001 86.994 86.5879 86.1819 85.7759 85.37 84.9641 84.5583 84.1525 83.7468 83.3411 82.9354 82.5298 82.1243 81.7188 81.3133 80.908 80.5027 80.0974 79.6922 79.2871 78.8821 78.4771 78.0722 77.6674 77.2626 76.858 76.4534 76.0488 75.6443 75.2398 74.8354 74.431 74.0267 73.6224 73.2182 72.8141 72.4099 72.0059 71.6018 71.1978 70.7938 70.3898 69.9859 69.5819 69.178 68.7741 68.3702 67.9663 67.5624 67.1586 66.7547 66.3509 65.9471 65.5433 65.1395 64.7357 64.332 63.9283 63.5246 63.121 62.7174 62.3138 61.9102 61.5067 61.1032 60.6998 60.2964 59.893 59.4897 59.0864 58.6832 58.28 57.8769 57.4738 57.0708 56.6678 56.2649 55.862 55.4592 55.0564 54.6537 54.2511 53.8485 53.446 53.0436 52.6412 52.2388 51.8365 51.4343 51.0321 50.63 50.228 49.826 49.4241 49.0222 48.6204 48.2187 47.817 47.4154 47.0139 46.6124 46.211 45.8096 45.4084 45.0071 44.606 44.2049 43.8038 43.4029 43.002 42.6012 42.2004 41.7997 41.3991 40.9985 40.598 40.1976 39.7972 39.397 38.9968 38.5967 38.1966 37.7967 37.3968 36.9969 36.5971 36.1974 35.7978 35.3982 34.9987 34.5993 34.2 33.8008 33.4016 33.0025 32.6034 32.2044 31.8055 31.4066 31.0078 30.609 30.2103 29.8117 29.4131 29.0146 28.6162 28.2178 27.8194 27.4212 27.023 26.6248 26.2267 25.8287 25.4307 25.0328 24.6349 24.2371 23.8393 23.4415 23.0439 22.6462 22.2486 21.8511 21.4536 21.0561 20.6586 20.2612 19.8639 19.4665 19.0692 18.6719 18.2746 17.8773 17.48 17.0828 16.6855 16.2882 15.891 15.4937 15.0964 14.6992 14.3019 13.9046 13.5073 13.11 12.7127 12.3154 11.9181 11.5208 11.1235 10.7262 10.3289 9.93164 9.53435 9.13705 8.73976 8.34246 7.94516 7.54786 7.15056 6.75326 6.35596 5.95868 5.56141 5.16415 4.76691 4.36967 3.97243 3.57519 3.17793 2.78067 2.3834 1.98614 1.58889 1.19165 0.794422 0.397208 0. 
100. 99.5934 99.1868 98.7802 98.3736 97.967 97.5604 97.1538 96.7472 96.3406 95.934 95.5275 95.1209 94.7144 94.3079 93.9013 93.4948 93.0884 92.6819 92.2755 91.869 91.4626 91.0562 90.6499 90.2436 89.8372 89.431 89.0247 88.6185 88.2123 87.8062 87.4001 86.994 86.5879 86.1819 85.7759 85.37 84.9641 84.5583 84.1525 83.7468 83.3411 82.9354 82.5298 82.1242 81.7188 81.3133 80.908 80.5027 80.0974 79.6922 79.2871 78.8821 78.4771 78.0722 77.6674 77.2626 76.8579 76.4533 76.0488 75.6443 75.2398 74.8354 74.431 74.0267 73.6224 73.2182 72.814 72.4099 72.0059 71.6018 71.1978 70.7938 70.3898 69.9859 69.5819 69.178 68.7741 68.3702 67.9663 67.5624 67.1586 66.7547 66.3509 65.9471 65.5433 65.1395 64.7357 64.332 63.9283 63.5246 63.121 62.7173 62.3137 61.9102 61.5067 61.1032 60.6997 60.2963 59.893 59.4897 59.0864 58.6832 58.28 57.8768 57.4738 57.0708 56.6678 56.2649 55.862 55.4592 55.0564 54.6537 54.2511 53.8485 53.446 53.0436 52.6412 52.2388 51.8365 51.4343 51.0321 50.63 50.228 49.826 49.4241 49.0222 48.6204 48.2187 47.817 47.4154 47.0139 46.6124 46.211 45.8096 45.4083 45.0071 44.6059 44.2048 43.8038 43.4028 43.002 42.6011 42.2004 41.7997 41.3991 40.9985 40.598 40.1976 39.7972 39.397 38.9968 38.5966 38.1966 37.7966 37.3967 36.9969 36.5971 36.1974 35.7978 35.3982 34.9987 34.5993 34.2 33.8007 33.4016 33.0025 32.6034 32.2044 31.8055 31.4066 31.0078 30.609 30.2103 29.8117 29.4131 29.0146 28.6162 28.2178 27.8194 27.4212 27.0229 26.6248 26.2267 25.8287 25.4307 25.0328 24.6349 24.237 23.8393 23.4415 23.0439 22.6462 22.2486 21.8511 21.4536 21.0561 20.6586 20.2612 19.8638 19.4665 19.0692 18.6719 18.2746 17.8773 17.48 17.0827 16.6855 16.2882 15.891 15.4937 15.0964 14.6992 14.3019 13.9046 13.5073 13.11 12.7127 12.3154 11.9181 11.5208 11.1235 10.7262 10.3289 9.93164 9.53434 9.13705 8.73975 8.34246 7.94516 7.54786 7.15056 6.75326 6.35596 5.95868 5.56141 5.16415 4.76691 4.36967 3.97243 3.57519 3.17793 2.78067 2.3834 1.98614 1.58889 1.19165 0.794422 0.397208 0. 
100. 99.5934 99.1868 98.7802 98.3736 97.967 97.5604 97.1538 96.7472 96.3406 95.934 95.5275 95.1209 94.7144 94.3079 93.9013 93.4949 93.0884 92.6819 92.2755 91.869 91.4626 91.0562 90.6499 90.2435 89.8372 89.431 89.0247 88.6185 88.2123 87.8062 87.4001 86.994 86.5879 86.1819 85.7759 85.3699 84.9641 84.5583 84.1525 83.7467 83.341 82.9354 82.5298 82.1242 81.7188 81.3133 80.908 80.5027 80.0974 79.6922 79.2871 78.882 78.4771 78.0722 77.6673 77.2626 76.8579 76.4533 76.0488 75.6443 75.2398 74.8354 74.431 74.0267 73.6224 73.2182 72.814 72.4099 72.0058 71.6018 71.1978 70.7938 70.3898 69.9859 69.5819 69.178 68.7741 68.3702 67.9663 67.5624 67.1586 66.7547 66.3509 65.9471 65.5433 65.1395 64.7357 64.332 63.9283 63.5246 63.1209 62.7173 62.3137 61.9102 61.5067 61.1032 60.6997 60.2963 59.893 59.4896 59.0864 58.6831 58.28 57.8768 57.4738 57.0707 56.6678 56.2648 55.862 55.4592 55.0564 54.6537 54.2511 53.8485 53.446 53.0436 52.6412 52.2388 51.8365 51.4343 51.0321 50.63 50.228 49.826 49.4241 49.0222 48.6204 48.2187 47.817 47.4154 47.0139 46.6124 46.211 45.8096 45.4083 45.0071 44.6059 44.2048 43.8038 43.4028 43.0019 42.6011 42.2004 41.7997 41.3991 40.9985 40.598 40.1976 39.7972 39.3969 38.9967 38.5966 38.1966 37.7966 37.3967 36.9969 36.5971 36.1974 35.7977 35.3982 34.9987 34.5993 34.2 33.8007 33.4016 33.0025 32.6034 32.2044 31.8055 31.4066 31.0078 30.609 30.2103 29.8117 29.4131 29.0146 28.6161 28.2178 27.8194 27.4212 27.0229 26.6248 26.2267 25.8286 25.4307 25.0327 24.6349 24.237 23.8393 23.4415 23.0439 22.6462 22.2486 21.8511 21.4536 21.0561 20.6586 20.2612 19.8638 19.4665 19.0692 18.6719 18.2746 17.8773 17.48 17.0827 16.6855 16.2882 15.8909 15.4937 15.0964 14.6991 14.3019 13.9046 13.5073 13.11 12.7127 12.3154 11.9181 11.5208 11.1235 10.7262 10.3289 9.93163 9.53434 9.13704 8.73975 8.34245 7.94516 7.54786 7.15055 6.75325 6.35596 5.95867 5.5614 5.16415 4.7669 4.36967 3.97243 3.57519 3.17793 2.78067 2.38341 1.98614 1.58889 1.19165 0.794423 0.397208 0. 
100. 99.5934 99.1868 98.7802 98.3736 97.967 97.5604 97.1538 96.7472 96.3406 95.934 95.5275 95.1209 94.7144 94.3078 93.9013 93.4948 93.0884 92.6819 92.2755 91.869 91.4626 91.0562 90.6499 90.2435 89.8372 89.431 89.0247 88.6185 88.2123 87.8062 87.4 86.9939 86.5879 86.1819 85.7759 85.3699 84.9641 84.5582 84.1525 83.7467 83.341 82.9354 82.5298 82.1242 81.7187 81.3133 80.9079 80.5026 80.0974 79.6922 79.2871 78.882 78.4771 78.0722 77.6673 77.2626 76.8579 76.4533 76.0488 75.6442 75.2398 74.8354 74.431 74.0267 73.6224 73.2182 72.814 72.4099 72.0058 71.6018 71.1978 70.7938 70.3898 69.9858 69.5819 69.178 68.7741 68.3702 67.9663 67.5624 67.1586 66.7547 66.3509 65.9471 65.5433 65.1395 64.7357 64.332 63.9283 63.5246 63.1209 62.7173 62.3137 61.9102 61.5066 61.1032 60.6997 60.2963 59.8929 59.4896 59.0864 58.6831 58.28 57.8768 57.4737 57.0707 56.6678 56.2648 55.862 55.4592 55.0564 54.6537 54.2511 53.8485 53.446 53.0435 52.6411 52.2388 51.8365 51.4342 51.0321 50.63 50.2279 49.826 49.4241 49.0222 48.6204 48.2187 47.817 47.4154 47.0139 46.6124 46.211 45.8096 45.4083 45.0071 44.6059 44.2048 43.8038 43.4028 43.0019 42.6011 42.2004 41.7997 41.399 40.9985 40.598 40.1975 39.7972 39.3969 38.9967 38.5966 38.1966 37.7966 37.3967 36.9969 36.5971 36.1974 35.7977 35.3982 34.9987 34.5993 34.1999 33.8007 33.4015 33.0024 32.6034 32.2044 31.8055 31.4066 31.0078 30.609 30.2103 29.8117 29.4131 29.0146 28.6161 28.2177 27.8194 27.4211 27.0229 26.6248 26.2267 25.8286 25.4307 25.0327 24.6349 24.237 23.8393 23.4415 23.0438 22.6462 22.2486 21.8511 21.4536 21.0561 20.6586 20.2612 19.8638 19.4665 19.0692 18.6718 18.2746 17.8773 17.48 17.0827 16.6855 16.2882 15.8909 15.4937 15.0964 14.6991 14.3019 13.9046 13.5073 13.11 12.7127 12.3154 11.9181 11.5208 11.1235 10.7262 10.3289 9.93163 9.53433 9.13704 8.73974 8.34245 7.94515 7.54785 7.15055 6.75325 6.35596 5.95867 5.5614 5.16414 4.7669 4.36966 3.97243 3.57518 3.17793 2.78067 2.3834 1.98614 1.58889 1.19165 0.794423 0.397208 0. 
100. 99.5934 99.1868 98.7802 98.3736 97.967 97.5604 97.1538 96.7472 96.3406 95.934 95.5275 95.1209 94.7144 94.3078 93.9013 93.4948 93.0884 92.6819 92.2755 91.869 91.4626 91.0562 90.6499 90.2435 89.8372 89.4309 89.0247 88.6185 88.2123 87.8062 87.4 86.9939 86.5879 86.1818 85.7759 85.3699 84.9641 84.5582 84.1524 83.7467 83.341 82.9354 82.5298 82.1242 81.7187 81.3133 80.9079 80.5026 80.0974 79.6922 79.2871 78.882 78.477 78.0721 77.6673 77.2626 76.8579 76.4533 76.0487 75.6442 75.2398 74.8353 74.431 74.0266 73.6224 73.2182 72.814 72.4099 72.0058 71.6018 71.1978 70.7938 70.3898 69.9858 69.5819 69.178 68.774 68.3701 67.9663 67.5624 67.1585 66.7547 66.3509 65.947 65.5432 65.1395 64.7357 64.332 63.9282 63.5246 63.1209 62.7173 62.3137 61.9101 61.5066 61.1031 60.6997 60.2963 59.8929 59.4896 59.0863 58.6831 58.2799 57.8768 57.4737 57.0707 56.6677 56.2648 55.8619 55.4591 55.0564 54.6537 54.2511 53.8485 53.446 53.0435 52.6411 52.2388 51.8365 51.4342 51.0321 50.63 50.2279 49.826 49.424 49.0222 48.6204 48.2187 47.817 47.4154 47.0138 46.6123 46.2109 45.8096 45.4083 45.0071 44.6059 44.2048 43.8038 43.4028 43.0019 42.6011 42.2003 41.7996 41.399 40.9984 40.5979 40.1975 39.7972 39.3969 38.9967 38.5966 38.1965 37.7966 37.3967 36.9968 36.5971 36.1973 35.7977 35.3981 34.9986 34.5992 34.1999 33.8007 33.4015 33.0024 32.6034 32.2044 31.8054 31.4066 31.0077 30.609 30.2103 29.8116 29.4131 29.0146 28.6161 28.2177 27.8194 27.4211 27.0229 26.6248 26.2267 25.8286 25.4306 25.0327 24.6348 24.237 23.8392 23.4415 23.0438 22.6462 22.2486 21.8511 21.4535 21.0561 20.6586 20.2612 19.8638 19.4665 19.0691 18.6718 18.2745 17.8773 17.48 17.0827 16.6855 16.2882 15.8909 15.4937 15.0964 14.6991 14.3018 13.9046 13.5073 13.11 12.7127 12.3154 11.9181 11.5208 11.1235 10.7262 10.3289 9.93162 9.53433 9.13703 8.73974 8.34244 7.94515 7.54785 7.15055 6.75325 6.35595 5.95867 5.5614 5.16414 4.7669 4.36966 3.97243 3.57518 3.17793 2.78067 2.3834 1.98614 1.58889 1.19165 0.794423 0.397208 0. 
100. 99.5934 99.1868 98.7802 98.3736 97.9669 97.5603 97.1538 96.7472 96.3406 95.934 95.5275 95.1209 94.7144 94.3078 93.9013 93.4948 93.0884 92.6819 92.2754 91.869 91.4626 91.0562 90.6499 90.2435 89.8372 89.4309 89.0247 88.6185 88.2123 87.8061 87.4 86.9939 86.5879 86.1818 85.7758 85.3699 84.964 84.5582 84.1524 83.7467 83.341 82.9354 82.5298 82.1242 81.7187 81.3133 80.9079 80.5026 80.0973 79.6922 79.287 78.882 78.477 78.0721 77.6673 77.2626 76.8579 76.4533 76.0487 75.6442 75.2397 74.8353 74.431 74.0266 73.6224 73.2181 72.814 72.4099 72.0058 71.6018 71.1977 70.7938 70.3898 69.9858 69.5819 69.1779 68.774 68.3701 67.9662 67.5624 67.1585 66.7547 66.3508 65.947 65.5432 65.1394 64.7357 64.3319 63.9282 63.5245 63.1209 62.7173 62.3137 61.9101 61.5066 61.1031 60.6997 60.2963 59.8929 59.4896 59.0863 58.6831 58.2799 57.8768 57.4737 57.0707 56.6677 56.2648 55.8619 55.4591 55.0564 54.6537 54.251 53.8485 53.4459 53.0435 52.6411 52.2387 51.8364 51.4342 51.032 50.6299 50.2279 49.8259 49.424 49.0222 48.6204 48.2186 47.817 47.4154 47.0138 46.6123 46.2109 45.8096 45.4083 45.007 44.6059 44.2048 43.8037 43.4028 43.0019 42.6011 42.2003 41.7996 41.399 40.9984 40.5979 40.1975 39.7971 39.3969 38.9967 38.5966 38.1965 37.7966 37.3967 36.9968 36.597 36.1973 35.7977 35.3981 34.9986 34.5992 34.1999 33.8007 33.4015 33.0024 32.6033 32.2044 31.8054 31.4065 31.0077 30.609 30.2103 29.8116 29.413 29.0145 28.6161 28.2177 27.8194 27.4211 27.0229 26.6247 26.2266 25.8286 25.4306 25.0327 24.6348 24.237 23.8392 23.4415 23.0438 22.6462 22.2486 21.851 21.4535 21.0561 20.6586 20.2612 19.8638 19.4665 19.0691 18.6718 18.2745 17.8773 17.48 17.0827 16.6854 16.2882 15.8909 15.4937 15.0964 14.6991 14.3018 13.9045 13.5073 13.11 12.7127 12.3154 11.9181 11.5208 11.1235 10.7262 10.3289 9.93162 9.53432 9.13702 8.73973 8.34244 7.94514 7.54784 7.15054 6.75324 6.35595 5.95866 5.56139 5.16414 4.76689 4.36966 3.97242 3.57518 3.17793 2.78067 2.3834 1.98614 1.58889 1.19165 0.794422 0.397208 0. 
100. 99.5934 99.1868 98.7802 98.3736 97.967 97.5604 97.1538 96.7472 96.3406 95.934 95.5274 95.1209 94.7144 94.3078 93.9013 93.4948 93.0883 92.6819 92.2754 91.869 91.4626 91.0562 90.6499 90.2435 89.8372 89.4309 89.0247 88.6185 88.2123 87.8061 87.4 86.9939 86.5878 86.1818 85.7758 85.3699 84.964 84.5582 84.1524 83.7467 83.341 82.9353 82.5297 82.1242 81.7187 81.3133 80.9079 80.5026 80.0973 79.6922 79.287 78.882 78.477 78.0721 77.6673 77.2625 76.8579 76.4533 76.0487 75.6442 75.2397 74.8353 74.4309 74.0266 73.6223 73.2181 72.814 72.4099 72.0058 71.6017 71.1977 70.7937 70.3898 69.9858 69.5819 69.1779 68.774 68.3701 67.9662 67.5624 67.1585 66.7547 66.3508 65.947 65.5432 65.1394 64.7357 64.3319 63.9282 63.5245 63.1209 62.7173 62.3137 61.9101 61.5066 61.1031 60.6997 60.2963 59.8929 59.4896 59.0863 58.6831 58.2799 57.8768 57.4737 57.0707 56.6677 56.2648 55.8619 55.4591 55.0563 54.6537 54.251 53.8484 53.4459 53.0435 52.6411 52.2387 51.8364 51.4342 51.032 50.6299 50.2279 49.8259 49.424 49.0222 48.6204 48.2186 47.8169 47.4153 47.0138 46.6123 46.2109 45.8095 45.4082 45.007 44.6058 44.2047 43.8037 43.4027 43.0019 42.601 42.2003 41.7996 41.399 40.9984 40.5979 40.1975 39.7971 39.3968 38.9966 38.5965 38.1965 37.7965 37.3966 36.9968 36.597 36.1973 35.7976 35.3981 34.9986 34.5992 34.1999 33.8006 33.4015 33.0024 32.6033 32.2043 31.8054 31.4065 31.0077 30.6089 30.2102 29.8116 29.413 29.0145 28.6161 28.2177 27.8193 27.4211 27.0229 26.6247 26.2266 25.8286 25.4306 25.0327 24.6348 24.237 23.8392 23.4415 23.0438 22.6462 22.2486 21.851 21.4535 21.056 20.6586 20.2612 19.8638 19.4665 19.0691 18.6718 18.2745 17.8772 17.48 17.0827 16.6854 16.2882 15.8909 15.4937 15.0964 14.6991 14.3018 13.9045 13.5072 13.11 12.7127 12.3154 11.9181 11.5208 11.1235 10.7262 10.3289 9.93161 9.53431 9.13702 8.73972 8.34243 7.94514 7.54784 7.15054 6.75324 6.35595 5.95866 5.56139 5.16413 4.76689 4.36966 3.97242 3.57518 3.17793 2.78067 2.3834 1.98614 1.58889 1.19165 0.794421 0.397207 0. 
100. 99.5934 99.1868 98.7802 98.3735 97.9669 97.5603 97.1538 96.7472 96.3406 95.934 95.5274 95.1209 94.7144 94.3078 93.9013 93.4948 93.0883 92.6819 92.2754 91.869 91.4626 91.0562 90.6498 90.2435 89.8372 89.4309 89.0247 88.6184 88.2123 87.8061 87.4 86.9939 86.5878 86.1818 85.7758 85.3699 84.964 84.5582 84.1524 83.7467 83.341 82.9353 82.5297 82.1241 81.7187 81.3132 80.9079 80.5026 80.0973 79.6921 79.287 78.882 78.477 78.0721 77.6672 77.2625 76.8578 76.4532 76.0487 75.6442 75.2397 74.8353 74.4309 74.0266 73.6223 73.2181 72.8139 72.4098 72.0058 71.6017 71.1977 70.7937 70.3897 69.9858 69.5818 69.1779 68.774 68.3701 67.9662 67.5623 67.1585 66.7546 66.3508 65.947 65.5432 65.1394 64.7356 64.3319 63.9282 63.5245 63.1209 62.7172 62.3137 61.9101 61.5066 61.1031 60.6996 60.2962 59.8929 59.4896 59.0863 58.6831 58.2799 57.8767 57.4737 57.0706 56.6677 56.2648 55.8619 55.4591 55.0563 54.6536 54.251 53.8484 53.4459 53.0434 52.641 52.2387 51.8364 51.4342 51.032 50.6299 50.2279 49.8259 49.424 49.0221 48.6203 48.2186 47.8169 47.4153 47.0138 46.6123 46.2109 45.8095 45.4082 45.007 44.6058 44.2047 43.8037 43.4027 43.0018 42.601 42.2003 41.7996 41.3989 40.9984 40.5979 40.1974 39.7971 39.3968 38.9966 38.5965 38.1965 37.7965 37.3966 36.9968 36.597 36.1972 35.7976 35.398 34.9985 34.5991 34.1998 33.8006 33.4014 33.0023 32.6033 32.2043 31.8054 31.4065 31.0077 30.6089 30.2102 29.8116 29.413 29.0145 28.616 28.2177 27.8193 27.4211 27.0228 26.6247 26.2266 25.8286 25.4306 25.0327 24.6348 24.237 23.8392 23.4415 23.0438 22.6462 22.2486 21.851 21.4535 21.056 20.6586 20.2612 19.8638 19.4664 19.0691 18.6718 18.2745 17.8772 17.48 17.0827 16.6854 16.2882 15.8909 15.4936 15.0964 14.6991 14.3018 13.9045 13.5072 13.1099 12.7127 12.3154 11.9181 11.5208 11.1235 10.7262 10.3289 9.9316 9.53431 9.13701 8.73972 8.34243 7.94513 7.54784 7.15054 6.75324 6.35594 5.95865 5.56138 5.16413 4.76689 4.36966 3.97242 3.57518 3.17793 2.78067 2.3834 1.98614 1.58888 1.19164 0.794419 0.397206 0. 
100. 99.5934 99.1868 98.7802 98.3735 97.9669 97.5603 97.1538 96.7472 96.3406 95.934 95.5274 95.1209 94.7143 94.3078 93.9013 93.4948 93.0883 92.6819 92.2754 91.869 91.4626 91.0562 90.6498 90.2435 89.8372 89.4309 89.0246 88.6184 88.2122 87.8061 87.4 86.9939 86.5878 86.1818 85.7758 85.3699 84.964 84.5582 84.1524 83.7466 83.3409 82.9353 82.5297 82.1241 81.7186 81.3132 80.9078 80.5025 80.0973 79.6921 79.287 78.8819 78.4769 78.072 77.6672 77.2625 76.8578 76.4532 76.0486 75.6441 75.2397 74.8353 74.4309 74.0266 73.6223 73.2181 72.8139 72.4098 72.0057 71.6017 71.1977 70.7937 70.3897 69.9858 69.5818 69.1779 68.774 68.3701 67.9662 67.5623 67.1585 66.7546 66.3508 65.947 65.5432 65.1394 64.7356 64.3319 63.9282 63.5245 63.1208 62.7172 62.3136 61.9101 61.5065 61.1031 60.6996 60.2962 59.8928 59.4895 59.0863 58.683 58.2798 57.8767 57.4736 57.0706 56.6676 56.2647 55.8619 55.459 55.0563 54.6536 54.251 53.8484 53.4459 53.0434 52.641 52.2387 51.8364 51.4341 51.032 50.6299 50.2278 49.8259 49.424 49.0221 48.6203 48.2186 47.8169 47.4153 47.0137 46.6122 46.2108 45.8095 45.4082 45.007 44.6058 44.2047 43.8036 43.4027 43.0018 42.601 42.2002 41.7995 41.3989 40.9983 40.5978 40.1974 39.797 39.3968 38.9966 38.5965 38.1964 37.7965 37.3966 36.9967 36.5969 36.1972 35.7976 35.398 34.9985 34.5991 34.1998 33.8005 33.4014 33.0023 32.6033 32.2043 31.8053 31.4065 31.0076 30.6089 30.2102 29.8115 29.413 29.0145 28.616 28.2176 27.8193 27.421 27.0228 26.6247 26.2266 25.8285 25.4306 25.0327 24.6348 24.2369 23.8392 23.4414 23.0438 22.6461 22.2485 21.851 21.4535 21.056 20.6586 20.2612 19.8638 19.4664 19.0691 18.6718 18.2745 17.8772 17.48 17.0827 16.6854 16.2882 15.8909 15.4936 15.0964 14.6991 14.3018 13.9045 13.5072 13.1099 12.7126 12.3154 11.9181 11.5208 11.1235 10.7262 10.3289 9.9316 9.5343 9.137 8.73971 8.34242 7.94513 7.54783 7.15053 6.75323 6.35593 5.95865 5.56138 5.16412 4.76688 4.36965 3.97242 3.57518 3.17793 2.78066 2.3834 1.98613 1.58888 1.19164 0.794417 0.397205 0. 
100. 99.5934 99.1868 98.7802 98.3736 97.9669 97.5603 97.1537 96.7472 96.3406 95.934 95.5274 95.1209 94.7144 94.3078 93.9013 93.4948 93.0883 92.6819 92.2754 91.869 91.4626 91.0562 90.6498 90.2435 89.8372 89.4309 89.0246 88.6184 88.2122 87.8061 87.4 86.9939 86.5878 86.1818 85.7758 85.3698 84.964 84.5582 84.1524 83.7466 83.341 82.9353 82.5297 82.1241 81.7186 81.3132 80.9078 80.5025 80.0973 79.6921 79.287 78.8819 78.4769 78.072 77.6672 77.2625 76.8578 76.4532 76.0487 75.6441 75.2397 74.8353 74.4309 74.0266 73.6223 73.2181 72.8139 72.4098 72.0057 71.6017 71.1977 70.7937 70.3897 69.9858 69.5818 69.1779 68.774 68.3701 67.9662 67.5623 67.1585 66.7546 66.3508 65.947 65.5432 65.1394 64.7356 64.3319 63.9282 63.5245 63.1208 62.7172 62.3136 61.9101 61.5065 61.1031 60.6996 60.2962 59.8928 59.4895 59.0863 58.683 58.2798 57.8767 57.4736 57.0706 56.6676 56.2647 55.8619 55.459 55.0563 54.6536 54.251 53.8484 53.4459 53.0434 52.641 52.2387 51.8364 51.4341 51.0319 50.6298 50.2278 49.8259 49.4239 49.0221 48.6203 48.2185 47.8169 47.4153 47.0137 46.6122 46.2108 45.8095 45.4082 45.0069 44.6058 44.2047 43.8036 43.4027 43.0018 42.601 42.2002 41.7995 41.3989 40.9983 40.5978 40.1974 39.797 39.3967 38.9965 38.5964 38.1964 37.7964 37.3965 36.9967 36.5969 36.1972 35.7975 35.398 34.9985 34.5991 34.1998 33.8005 33.4014 33.0023 32.6032 32.2043 31.8053 31.4064 31.0076 30.6088 30.2101 29.8115 29.4129 29.0144 28.616 28.2176 27.8193 27.421 27.0228 26.6246 26.2266 25.8285 25.4306 25.0326 24.6348 24.2369 23.8392 23.4414 23.0438 22.6461 22.2485 21.851 21.4535 21.056 20.6586 20.2611 19.8638 19.4664 19.0691 18.6718 18.2745 17.8772 17.4799 17.0827 16.6854 16.2882 15.8909 15.4936 15.0964 14.6991 14.3018 13.9045 13.5072 13.1099 12.7126 12.3153 11.9181 11.5208 11.1235 10.7262 10.3289 9.93159 9.53429 9.137 8.7397 8.34241 7.94512 7.54783 7.15053 6.75323 6.35593 5.95865 5.56137 5.16412 4.76688 4.36965 3.97242 3.57518 3.17793 2.78066 2.3834 1.98613 1.58888 1.19164 0.794416 0.397204 0. 
100. 99.5934 99.1868 98.7802 98.3735 97.9669 97.5603 97.1537 96.7472 96.3406 95.934 95.5274 95.1209 94.7143 94.3078 93.9013 93.4948 93.0883 92.6819 92.2754 91.869 91.4626 91.0562 90.6498 90.2435 89.8372 89.4309 89.0246 88.6184 88.2122 87.8061 87.4 86.9939 86.5878 86.1818 85.7758 85.3698 84.964 84.5581 84.1524 83.7466 83.3409 82.9353 82.5297 82.1241 81.7186 81.3132 80.9078 80.5025 80.0973 79.6921 79.287 78.8819 78.4769 78.072 77.6672 77.2625 76.8578 76.4532 76.0487 75.6441 75.2397 74.8352 74.4309 74.0265 73.6223 73.2181 72.8139 72.4098 72.0057 71.6017 71.1977 70.7937 70.3897 69.9857 69.5818 69.1779 68.774 68.3701 67.9662 67.5623 67.1584 66.7546 66.3508 65.9469 65.5431 65.1394 64.7356 64.3319 63.9281 63.5245 63.1208 62.7172 62.3136 61.9101 61.5065 61.103 60.6996 60.2962 59.8928 59.4895 59.0862 58.683 58.2798 57.8767 57.4736 57.0706 56.6676 56.2647 55.8619 55.459 55.0563 54.6536 54.251 53.8484 53.4459 53.0434 52.641 52.2386 51.8364 51.4341 51.032 50.6299 50.2278 49.8259 49.4239 49.0221 48.6203 48.2185 47.8169 47.4152 47.0137 46.6122 46.2108 45.8095 45.4082 45.0069 44.6058 44.2047 43.8036 43.4027 43.0018 42.601 42.2002 41.7995 41.3989 40.9983 40.5978 40.1974 39.797 39.3967 38.9965 38.5964 38.1964 37.7964 37.3965 36.9967 36.5969 36.1972 35.7975 35.398 34.9985 34.5991 34.1998 33.8005 33.4014 33.0023 32.6032 32.2042 31.8053 31.4064 31.0076 30.6088 30.2101 29.8115 29.4129 29.0144 28.616 28.2176 27.8193 27.421 27.0228 26.6246 26.2266 25.8285 25.4306 25.0326 24.6348 24.2369 23.8392 23.4414 23.0438 22.6461 22.2485 21.851 21.4535 21.056 20.6586 20.2611 19.8638 19.4664 19.0691 18.6718 18.2745 17.8772 17.4799 17.0827 16.6854 16.2881 15.8909 15.4936 15.0964 14.6991 14.3018 13.9045 13.5072 13.1099 12.7126 12.3153 11.9181 11.5208 11.1235 10.7262 10.3289 9.93159 9.53429 9.13699 8.7397 8.34241 7.94512 7.54782 7.15052 6.75323 6.35593 5.95865 5.56138 5.16412 4.76688 4.36965 3.97241 3.57517 3.17792 2.78066 2.3834 1.98613 1.58888 1.19164 0.794419 0.397206 0. 
100. 99.5934 99.1868 98.7802 98.3735 97.9669 97.5603 97.1537 96.7472 96.3406 95.934 95.5274 95.1209 94.7143 94.3078 93.9013 93.4948 93.0883 92.6819 92.2754 91.869 91.4626 91.0562 90.6498 90.2435 89.8372 89.4309 89.0246 88.6184 88.2122 87.8061 87.4 86.9939 86.5878 86.1818 85.7758 85.3699 84.964 84.5582 84.1524 83.7466 83.3409 82.9353 82.5297 82.1241 81.7186 81.3132 80.9078 80.5025 80.0973 79.6921 79.287 78.8819 78.4769 78.072 77.6672 77.2625 76.8578 76.4532 76.0486 75.6441 75.2397 74.8352 74.4309 74.0265 73.6223 73.2181 72.8139 72.4098 72.0057 71.6017 71.1977 70.7937 70.3897 69.9857 69.5818 69.1779 68.7739 68.37 67.9662 67.5623 67.1584 66.7546 66.3508 65.9469 65.5431 65.1394 64.7356 64.3319 63.9281 63.5245 63.1208 62.7172 62.3136 61.9101 61.5065 61.103 60.6996 60.2962 59.8928 59.4895 59.0862 58.683 58.2798 57.8767 57.4736 57.0706 56.6676 56.2647 55.8619 55.459 55.0563 54.6536 54.251 53.8484 53.4459 53.0434 52.641 52.2386 51.8363 51.4341 51.0319 50.6298 50.2278 49.8258 49.4239 49.0221 48.6203 48.2185 47.8169 47.4152 47.0137 46.6122 46.2108 45.8095 45.4082 45.0069 44.6058 44.2047 43.8036 43.4027 43.0018 42.6009 42.2002 41.7995 41.3989 40.9983 40.5978 40.1974 39.797 39.3967 38.9965 38.5964 38.1964 37.7964 37.3965 36.9967 36.5969 36.1972 35.7975 35.398 34.9985 34.5991 34.1998 33.8005 33.4014 33.0023 32.6032 32.2042 31.8053 31.4064 31.0076 30.6088 30.2101 29.8115 29.4129 29.0144 28.616 28.2176 27.8193 27.421 27.0228 26.6246 26.2266 25.8285 25.4306 25.0326 24.6348 24.2369 23.8392 23.4414 23.0438 22.6461 22.2485 21.851 21.4535 21.056 20.6586 20.2611 19.8638 19.4664 19.0691 18.6718 18.2745 17.8772 17.4799 17.0827 16.6854 16.2881 15.8909 15.4936 15.0963 14.6991 14.3018 13.9045 13.5072 13.1099 12.7126 12.3153 11.918 11.5208 11.1235 10.7262 10.3289 9.93158 9.53428 9.13699 8.73969 8.3424 7.94511 7.54782 7.15052 6.75322 6.35593 5.95865 5.56138 5.16412 4.76688 4.36965 3.97241 3.57517 3.17792 2.78066 2.38339 1.98613 1.58888 1.19165 0.794421 0.397208 0. 
100. 99.5934 99.1868 98.7802 98.3735 97.9669 97.5603 97.1537 96.7472 96.3406 95.934 95.5274 95.1209 94.7143 94.3078 93.9013 93.4948 93.0883 92.6819 92.2754 91.869 91.4626 91.0562 90.6498 90.2435 89.8372 89.4309 89.0246 88.6184 88.2122 87.8061 87.4 86.9939 86.5878 86.1818 85.7758 85.3699 84.964 84.5582 84.1524 83.7466 83.3409 82.9353 82.5297 82.1241 81.7186 81.3132 80.9078 80.5025 80.0973 79.6921 79.287 78.8819 78.4769 78.0721 77.6672 77.2625 76.8578 76.4532 76.0486 75.6441 75.2397 74.8352 74.4309 74.0265 73.6223 73.218 72.8139 72.4098 72.0057 71.6017 71.1976 70.7937 70.3897 69.9857 69.5818 69.1778 68.7739 68.37 67.9661 67.5623 67.1584 66.7546 66.3507 65.9469 65.5431 65.1393 64.7356 64.3318 63.9281 63.5245 63.1208 62.7172 62.3136 61.91 61.5065 61.103 60.6996 60.2962 59.8928 59.4895 59.0862 58.683 58.2798 57.8767 57.4736 57.0706 56.6676 56.2647 55.8618 55.459 55.0563 54.6536 54.2509 53.8484 53.4459 53.0434 52.641 52.2386 51.8363 51.4341 51.0319 50.6298 50.2278 49.8258 49.4239 49.0221 48.6203 48.2185 47.8169 47.4152 47.0137 46.6122 46.2108 45.8094 45.4082 45.0069 44.6058 44.2046 43.8036 43.4026 43.0018 42.6009 42.2002 41.7995 41.3989 40.9983 40.5978 40.1974 39.797 39.3967 38.9965 38.5964 38.1964 37.7964 37.3965 36.9967 36.5969 36.1972 35.7975 35.3979 34.9985 34.5991 34.1997 33.8005 33.4013 33.0022 32.6032 32.2042 31.8053 31.4064 31.0076 30.6088 30.2101 29.8115 29.4129 29.0144 28.616 28.2176 27.8193 27.421 27.0228 26.6246 26.2266 25.8285 25.4306 25.0326 24.6348 24.2369 23.8392 23.4414 23.0438 22.6461 22.2485 21.851 21.4535 21.056 20.6586 20.2611 19.8638 19.4664 19.0691 18.6718 18.2745 17.8772 17.4799 17.0827 16.6854 16.2881 15.8909 15.4936 15.0963 14.6991 14.3018 13.9045 13.5072 13.1099 12.7126 12.3153 11.918 11.5207 11.1235 10.7262 10.3289 9.93157 9.53427 9.13698 8.73969 8.34239 7.9451 7.54781 7.15051 6.75322 6.35593 5.95864 5.56138 5.16412 4.76688 4.36964 3.97241 3.57516 3.17791 2.78065 2.38339 1.98613 1.58888 1.19165 0.794423 0.397208 0. 
100. 99.5934 99.1868 98.7802 98.3735 97.9669 97.5603 97.1537 96.7472 96.3406 95.934 95.5274 95.1209 94.7143 94.3078 93.9013 93.4948 93.0883 92.6819 92.2754 91.869 91.4626 91.0562 90.6498 90.2435 89.8372 89.4309 89.0246 88.6184 88.2122 87.8061 87.3999 86.9938 86.5878 86.1818 85.7758 85.3698 84.964 84.5581 84.1524 83.7466 83.3409 82.9353 82.5297 82.1241 81.7186 81.3132 80.9078 80.5025 80.0973 79.6921 79.287 78.8819 78.4769 78.072 77.6672 77.2625 76.8578 76.4532 76.0486 75.6441 75.2397 74.8352 74.4309 74.0265 73.6223 73.218 72.8139 72.4098 72.0057 71.6017 71.1976 70.7936 70.3897 69.9857 69.5818 69.1778 68.7739 68.37 67.9661 67.5623 67.1584 66.7546 66.3507 65.9469 65.5431 65.1393 64.7356 64.3318 63.9281 63.5244 63.1208 62.7172 62.3136 61.91 61.5065 61.103 60.6996 60.2962 59.8928 59.4895 59.0862 58.683 58.2798 57.8767 57.4736 57.0706 56.6676 56.2647 55.8618 55.459 55.0563 54.6536 54.2509 53.8484 53.4459 53.0434 52.641 52.2386 51.8363 51.4341 51.0319 50.6298 50.2278 49.8258 49.4239 49.0221 48.6203 48.2185 47.8168 47.4152 47.0137 46.6122 46.2108 45.8094 45.4081 45.0069 44.6057 44.2046 43.8036 43.4026 43.0017 42.6009 42.2002 41.7995 41.3988 40.9983 40.5978 40.1973 39.797 39.3967 38.9965 38.5964 38.1964 37.7964 37.3965 36.9967 36.5969 36.1972 35.7975 35.3979 34.9984 34.599 34.1997 33.8005 33.4013 33.0022 32.6032 32.2042 31.8053 31.4064 31.0076 30.6088 30.2101 29.8115 29.4129 29.0144 28.616 28.2176 27.8193 27.421 27.0228 26.6246 26.2266 25.8285 25.4306 25.0326 24.6348 24.2369 23.8392 23.4414 23.0438 22.6461 22.2485 21.851 21.4535 21.056 20.6586 20.2611 19.8638 19.4664 19.0691 18.6718 18.2745 17.8772 17.4799 17.0827 16.6854 16.2881 15.8909 15.4936 15.0963 14.6991 14.3018 13.9045 13.5072 13.1099 12.7126 12.3153 11.918 11.5207 11.1235 10.7262 10.3289 9.93157 9.53427 9.13697 8.73968 8.34239 7.9451 7.5478 7.15051 6.75321 6.35592 5.95864 5.56138 5.16412 4.76688 4.36964 3.9724 3.57516 3.17791 2.78065 2.38339 1.98613 1.58889 1.19165 0.794423 0.397209 0. 
100. 99.5934 99.1868 98.7802 98.3735 97.9669 97.5603 97.1537 96.7472 96.3406 95.934 95.5274 95.1209 94.7143 94.3078 93.9013 93.4948 93.0883 92.6819 92.2754 91.869 91.4626 91.0562 90.6498 90.2435 89.8372 89.4309 89.0246 88.6184 88.2122 87.8061 87.3999 86.9938 86.5878 86.1818 85.7758 85.3698 84.964 84.5581 84.1524 83.7466 83.3409 82.9353 82.5297 82.1241 81.7186 81.3132 80.9078 80.5025 80.0973 79.6921 79.287 78.8819 78.4769 78.072 77.6672 77.2625 76.8578 76.4532 76.0486 75.6441 75.2397 74.8352 74.4309 74.0265 73.6223 73.218 72.8139 72.4098 72.0057 71.6016 71.1976 70.7936 70.3897 69.9857 69.5818 69.1778 68.7739 68.37 67.9661 67.5623 67.1584 66.7545 66.3507 65.9469 65.5431 65.1393 64.7356 64.3318 63.9281 63.5244 63.1208 62.7172 62.3136 61.91 61.5065 61.103 60.6996 60.2962 59.8928 59.4895 59.0862 58.683 58.2798 57.8767 57.4736 57.0706 56.6676 56.2647 55.8618 55.459 55.0563 54.6536 54.2509 53.8484 53.4458 53.0434 52.641 52.2386 51.8363 51.4341 51.0319 50.6298 50.2278 49.8258 49.4239 49.022 48.6202 48.2185 47.8168 47.4152 47.0137 46.6122 46.2108 45.8094 45.4081 45.0069 44.6057 44.2046 43.8036 43.4026 43.0017 42.6009 42.2002 41.7995 41.3988 40.9983 40.5978 40.1973 39.797 39.3967 38.9965 38.5964 38.1964 37.7964 37.3965 36.9966 36.5969 36.1971 35.7975 35.3979 34.9984 34.599 34.1997 33.8005 33.4013 33.0022 32.6032 32.2042 31.8053 31.4064 31.0076 30.6088 30.2101 29.8115 29.4129 29.0144 28.616 28.2176 27.8192 27.421 27.0228 26.6246 26.2265 25.8285 25.4306 25.0326 24.6348 24.2369 23.8392 23.4414 23.0438 22.6461 22.2485 21.851 21.4535 21.056 20.6586 20.2611 19.8638 19.4664 19.0691 18.6718 18.2745 17.8772 17.4799 17.0827 16.6854 16.2881 15.8909 15.4936 15.0963 14.699 14.3018 13.9045 13.5072 13.1099 12.7126 12.3153 11.918 11.5207 11.1234 10.7262 10.3289 9.93156 9.53426 9.13697 8.73967 8.34238 7.94509 7.5478 7.1505 6.75321 6.35592 5.95864 5.56137 5.16412 4.76687 4.36964 3.9724 3.57516 3.1779 2.78065 2.38339 1.98613 1.58888 1.19165 0.794423 0.397209 0. 
100. 99.5934 99.1868 98.7802 98.3735 97.9669 97.5603 97.1537 96.7472 96.3406 95.934 95.5274 95.1209 94.7143 94.3078 93.9013 93.4948 93.0883 92.6819 92.2754 91.869 91.4626 91.0562 90.6498 90.2435 89.8372 89.4309 89.0246 88.6184 88.2122 87.8061 87.3999 86.9938 86.5878 86.1818 85.7758 85.3698 84.964 84.5581 84.1524 83.7466 83.3409 82.9353 82.5297 82.1241 81.7186 81.3132 80.9078 80.5025 80.0973 79.6921 79.287 78.8819 78.4769 78.072 77.6672 77.2625 76.8578 76.4532 76.0486 75.6441 75.2396 74.8352 74.4308 74.0265 73.6222 73.218 72.8139 72.4098 72.0057 71.6016 71.1976 70.7936 70.3896 69.9857 69.5817 69.1778 68.7739 68.37 67.9661 67.5622 67.1584 66.7545 66.3507 65.9469 65.5431 65.1393 64.7355 64.3318 63.9281 63.5244 63.1208 62.7172 62.3136 61.91 61.5065 61.103 60.6996 60.2962 59.8928 59.4895 59.0862 58.683 58.2798 57.8767 57.4736 57.0706 56.6676 56.2647 55.8618 55.459 55.0562 54.6535 54.2509 53.8483 53.4458 53.0434 52.641 52.2386 51.8363 51.4341 51.0319 50.6298 50.2278 49.8258 49.4239 49.022 48.6202 48.2185 47.8168 47.4152 47.0137 46.6122 46.2108 45.8094 45.4081 45.0069 44.6057 44.2046 43.8036 43.4026 43.0017 42.6009 42.2001 41.7994 41.3988 40.9982 40.5977 40.1973 39.7969 39.3967 38.9965 38.5964 38.1963 37.7964 37.3965 36.9966 36.5968 36.1971 35.7975 35.3979 34.9984 34.599 34.1997 33.8004 33.4013 33.0022 32.6031 32.2042 31.8052 31.4064 31.0075 30.6088 30.2101 29.8115 29.4129 29.0144 28.6159 28.2176 27.8192 27.421 27.0228 26.6246 26.2265 25.8285 25.4305 25.0326 24.6347 24.2369 23.8392 23.4414 23.0437 22.6461 22.2485 21.851 21.4535 21.056 20.6585 20.2611 19.8638 19.4664 19.0691 18.6718 18.2745 17.8772 17.4799 17.0826 16.6854 16.2881 15.8909 15.4936 15.0963 14.699 14.3018 13.9045 13.5072 13.1099 12.7126 12.3153 11.918 11.5207 11.1234 10.7261 10.3289 9.93155 9.53426 9.13696 8.73967 8.34237 7.94508 7.54779 7.1505 6.75321 6.35592 5.95864 5.56137 5.16412 4.76687 4.36963 3.97239 3.57515 3.1779 2.78065 2.38339 1.98613 1.58888 1.19165 0.794423 0.397209 0. 
100. 99.5934 99.1868 98.7802 98.3735 97.9669 97.5603 97.1537 96.7472 96.3406 95.934 95.5274 95.1209 94.7143 94.3078 93.9013 93.4948 93.0883 92.6819 92.2754 91.869 91.4626 91.0562 90.6498 90.2435 89.8371 89.4309 89.0246 88.6184 88.2122 87.8061 87.3999 86.9938 86.5878 86.1817 85.7758 85.3698 84.9639 84.5581 84.1523 83.7466 83.3409 82.9353 82.5297 82.1241 81.7186 81.3132 80.9078 80.5025 80.0972 79.6921 79.2869 78.8819 78.4769 78.072 77.6672 77.2625 76.8578 76.4532 76.0486 75.6441 75.2396 74.8352 74.4308 74.0265 73.6222 73.218 72.8139 72.4097 72.0057 71.6016 71.1976 70.7936 70.3896 69.9857 69.5817 69.1778 68.7739 68.37 67.9661 67.5622 67.1584 66.7545 66.3507 65.9469 65.5431 65.1393 64.7355 64.3318 63.9281 63.5244 63.1208 62.7171 62.3135 61.91 61.5065 61.103 60.6995 60.2961 59.8928 59.4895 59.0862 58.683 58.2798 57.8766 57.4736 57.0705 56.6676 56.2647 55.8618 55.459 55.0562 54.6535 54.2509 53.8483 53.4458 53.0433 52.6409 52.2386 51.8363 51.4341 51.0319 50.6298 50.2278 49.8258 49.4239 49.022 48.6202 48.2185 47.8168 47.4152 47.0136 46.6121 46.2107 45.8094 45.4081 45.0069 44.6057 44.2046 43.8035 43.4026 43.0017 42.6009 42.2001 41.7994 41.3988 40.9982 40.5977 40.1973 39.7969 39.3967 38.9965 38.5963 38.1963 37.7963 37.3964 36.9966 36.5968 36.1971 35.7974 35.3979 34.9984 34.599 34.1997 33.8004 33.4013 33.0022 32.6031 32.2041 31.8052 31.4063 31.0075 30.6088 30.2101 29.8114 29.4129 29.0144 28.6159 28.2175 27.8192 27.4209 27.0227 26.6246 26.2265 25.8285 25.4305 25.0326 24.6347 24.2369 23.8391 23.4414 23.0437 22.6461 22.2485 21.851 21.4535 21.056 20.6585 20.2611 19.8638 19.4664 19.0691 18.6718 18.2745 17.8772 17.4799 17.0826 16.6854 16.2881 15.8908 15.4936 15.0963 14.699 14.3017 13.9045 13.5072 13.1099 12.7126 12.3153 11.918 11.5207 11.1234 10.7261 10.3288 9.93155 9.53425 9.13695 8.73966 8.34237 7.94507 7.54778 7.15049 6.7532 6.35591 5.95864 5.56137 5.16411 4.76687 4.36963 3.97239 3.57515 3.1779 2.78064 2.38339 1.98613 1.58888 1.19165 0.794422 0.397208 0. 
100. 99.5934 99.1868 98.7802 98.3735 97.9669 97.5603 97.1537 96.7471 96.3406 95.934 95.5274 95.1209 94.7143 94.3078 93.9013 93.4948 93.0883 92.6818 92.2754 91.869 91.4625 91.0562 90.6498 90.2435 89.8371 89.4309 89.0246 88.6184 88.2122 87.806 87.3999 86.9938 86.5878 86.1817 85.7757 85.3698 84.9639 84.5581 84.1523 83.7466 83.3409 82.9353 82.5296 82.1241 81.7186 81.3132 80.9078 80.5025 80.0972 79.6921 79.2869 78.8819 78.4769 78.072 77.6672 77.2625 76.8578 76.4532 76.0486 75.6441 75.2396 74.8352 74.4308 74.0265 73.6222 73.218 72.8138 72.4097 72.0056 71.6016 71.1976 70.7936 70.3896 69.9857 69.5817 69.1778 68.7739 68.37 67.9661 67.5622 67.1583 66.7545 66.3507 65.9469 65.5431 65.1393 64.7355 64.3318 63.9281 63.5244 63.1207 62.7171 62.3135 61.91 61.5065 61.103 60.6995 60.2961 59.8928 59.4894 59.0862 58.683 58.2798 57.8766 57.4736 57.0705 56.6676 56.2646 55.8618 55.459 55.0562 54.6535 54.2509 53.8483 53.4458 53.0433 52.6409 52.2386 51.8363 51.434 51.0319 50.6298 50.2277 49.8258 49.4238 49.022 48.6202 48.2184 47.8168 47.4152 47.0136 46.6121 46.2107 45.8094 45.4081 45.0068 44.6057 44.2046 43.8035 43.4026 43.0017 42.6009 42.2001 41.7994 41.3988 40.9982 40.5977 40.1973 39.7969 39.3966 38.9964 38.5963 38.1963 37.7963 37.3964 36.9966 36.5968 36.1971 35.7974 35.3978 34.9984 34.599 34.1996 33.8004 33.4012 33.0021 32.6031 32.2041 31.8052 31.4063 31.0075 30.6087 30.21 29.8114 29.4128 29.0143 28.6159 28.2175 27.8192 27.4209 27.0227 26.6246 26.2265 25.8285 25.4305 25.0326 24.6347 24.2369 23.8391 23.4414 23.0437 22.6461 22.2485 21.851 21.4535 21.056 20.6585 20.2611 19.8637 19.4664 19.0691 18.6718 18.2745 17.8772 17.4799 17.0826 16.6854 16.2881 15.8908 15.4936 15.0963 14.699 14.3017 13.9045 13.5072 13.1099 12.7126 12.3153 11.918 11.5207 11.1234 10.7261 10.3288 9.93154 9.53424 9.13694 8.73965 8.34236 7.94507 7.54778 7.15049 6.7532 6.35591 5.95863 5.56136 5.16411 4.76686 4.36962 3.97239 3.57514 3.1779 2.78064 2.38338 1.98613 1.58888 1.19165 0.794422 0.397208 0. 
100. 99.5934 99.1868 98.7801 98.3735 97.9669 97.5603 97.1537 96.7471 96.3406 95.934 95.5274 95.1209 94.7143 94.3078 93.9013 93.4948 93.0883 92.6818 92.2754 91.8689 91.4625 91.0562 90.6498 90.2435 89.8371 89.4308 89.0246 88.6184 88.2122 87.806 87.3999 86.9938 86.5878 86.1817 85.7757 85.3698 84.9639 84.5581 84.1523 83.7466 83.3409 82.9352 82.5296 82.1241 81.7186 81.3131 80.9078 80.5025 80.0972 79.692 79.2869 78.8819 78.4769 78.072 77.6672 77.2624 76.8578 76.4531 76.0486 75.6441 75.2396 74.8352 74.4308 74.0265 73.6222 73.218 72.8138 72.4097 72.0056 71.6016 71.1976 70.7936 70.3896 69.9856 69.5817 69.1778 68.7738 68.37 67.9661 67.5622 67.1583 66.7545 66.3507 65.9468 65.543 65.1393 64.7355 64.3318 63.9281 63.5244 63.1207 62.7171 62.3135 61.91 61.5064 61.103 60.6995 60.2961 59.8927 59.4894 59.0862 58.6829 58.2797 57.8766 57.4735 57.0705 56.6675 56.2646 55.8618 55.4589 55.0562 54.6535 54.2509 53.8483 53.4458 53.0433 52.6409 52.2385 51.8363 51.434 51.0318 50.6297 50.2277 49.8257 49.4238 49.022 48.6202 48.2184 47.8167 47.4151 47.0136 46.6121 46.2107 45.8093 45.4081 45.0068 44.6056 44.2045 43.8035 43.4025 43.0016 42.6008 42.2001 41.7994 41.3987 40.9982 40.5977 40.1972 39.7969 39.3966 38.9964 38.5963 38.1963 37.7963 37.3964 36.9965 36.5968 36.197 35.7974 35.3978 34.9983 34.5989 34.1996 33.8004 33.4012 33.0021 32.6031 32.2041 31.8052 31.4063 31.0075 30.6087 30.21 29.8114 29.4128 29.0143 28.6159 28.2175 27.8192 27.4209 27.0227 26.6246 26.2265 25.8285 25.4305 25.0326 24.6347 24.2369 23.8391 23.4414 23.0437 22.6461 22.2485 21.851 21.4534 21.056 20.6585 20.2611 19.8637 19.4664 19.0691 18.6718 18.2745 17.8772 17.4799 17.0826 16.6854 16.2881 15.8908 15.4936 15.0963 14.699 14.3017 13.9044 13.5072 13.1099 12.7126 12.3153 11.918 11.5207 11.1234 10.7261 10.3288 9.93153 9.53423 9.13694 8.73964 8.34235 7.94506 7.54777 7.15048 6.75319 6.35591 5.95863 5.56136 5.1641 4.76686 4.36962 3.97238 3.57514 3.17789 2.78064 2.38338 1.98613 1.58888 1.19164 0.794421 0.397208 0. 
100. 99.5934 99.1868 98.7801 98.3735 97.9669 97.5603 97.1537 96.7471 96.3406 95.934 95.5274 95.1209 94.7143 94.3078 93.9013 93.4948 93.0883 92.6818 92.2754 91.8689 91.4625 91.0561 90.6498 90.2434 89.8371 89.4308 89.0246 88.6184 88.2122 87.806 87.3999 86.9938 86.5877 86.1817 85.7757 85.3698 84.9639 84.5581 84.1523 83.7466 83.3409 82.9352 82.5296 82.124 81.7185 81.3131 80.9077 80.5024 80.0972 79.692 79.2869 78.8819 78.4769 78.072 77.6672 77.2624 76.8577 76.4531 76.0486 75.644 75.2396 74.8352 74.4308 74.0265 73.6222 73.218 72.8138 72.4097 72.0056 71.6016 71.1976 70.7936 70.3896 69.9856 69.5817 69.1777 68.7738 68.3699 67.9661 67.5622 67.1583 66.7545 66.3506 65.9468 65.543 65.1392 64.7355 64.3317 63.928 63.5244 63.1207 62.7171 62.3135 61.9099 61.5064 61.1029 60.6995 60.2961 59.8927 59.4894 59.0861 58.6829 58.2797 57.8766 57.4735 57.0705 56.6675 56.2646 55.8617 55.4589 55.0562 54.6535 54.2508 53.8483 53.4457 53.0433 52.6409 52.2385 51.8362 51.434 51.0318 50.6297 50.2277 49.8257 49.4238 49.0219 48.6201 48.2184 47.8167 47.4151 47.0135 46.6121 46.2107 45.8093 45.408 45.0068 44.6056 44.2045 43.8035 43.4025 43.0016 42.6008 42.2 41.7993 41.3987 40.9981 40.5976 40.1972 39.7968 39.3966 38.9964 38.5963 38.1962 37.7963 37.3964 36.9965 36.5967 36.197 35.7973 35.3978 34.9983 34.5989 34.1996 33.8003 33.4012 33.0021 32.603 32.204 31.8051 31.4062 31.0074 30.6087 30.21 29.8114 29.4128 29.0143 28.6158 28.2175 27.8191 27.4209 27.0227 26.6245 26.2265 25.8284 25.4305 25.0326 24.6347 24.2369 23.8391 23.4414 23.0437 22.6461 22.2485 21.8509 21.4534 21.056 20.6585 20.2611 19.8637 19.4664 19.0691 18.6717 18.2745 17.8772 17.4799 17.0826 16.6854 16.2881 15.8908 15.4936 15.0963 14.699 14.3017 13.9044 13.5071 13.1099 12.7126 12.3153 11.918 11.5207 11.1234 10.7261 10.3288 9.93153 9.53423 9.13693 8.73963 8.34234 7.94505 7.54776 7.15047 6.75319 6.3559 5.95862 5.56135 5.1641 4.76685 4.36962 3.97238 3.57514 3.17789 2.78063 2.38338 1.98612 1.58888 1.19164 0.794419 0.397207 0. 
100. 99.5934 99.1868 98.7802 98.3735 97.9669 97.5603 97.1537 96.7471 96.3405 95.934 95.5274 95.1208 94.7143 94.3078 93.9013 93.4948 93.0883 92.6818 92.2754 91.8689 91.4625 91.0561 90.6498 90.2434 89.8371 89.4308 89.0246 88.6184 88.2122 87.806 87.3999 86.9938 86.5877 86.1817 85.7757 85.3698 84.9639 84.5581 84.1523 83.7466 83.3409 82.9352 82.5296 82.124 81.7185 81.3131 80.9077 80.5024 80.0972 79.692 79.2869 78.8818 78.4769 78.072 77.6671 77.2624 76.8577 76.4531 76.0485 75.644 75.2396 74.8351 74.4308 74.0264 73.6222 73.2179 72.8138 72.4097 72.0056 71.6016 71.1975 70.7936 70.3896 69.9856 69.5817 69.1777 68.7738 68.3699 67.966 67.5622 67.1583 66.7544 66.3506 65.9468 65.543 65.1392 64.7355 64.3317 63.928 63.5243 63.1207 62.7171 62.3135 61.9099 61.5064 61.1029 60.6995 60.2961 59.8927 59.4894 59.0861 58.6829 58.2797 57.8766 57.4735 57.0705 56.6675 56.2646 55.8617 55.4589 55.0561 54.6534 54.2508 53.8482 53.4457 53.0433 52.6409 52.2385 51.8362 51.434 51.0318 50.6297 50.2277 49.8257 49.4238 49.0219 48.6201 48.2184 47.8167 47.4151 47.0135 46.612 46.2106 45.8093 45.408 45.0068 44.6056 44.2045 43.8034 43.4025 43.0016 42.6008 42.2 41.7993 41.3987 40.9981 40.5976 40.1972 39.7968 39.3965 38.9963 38.5962 38.1962 37.7962 37.3963 36.9965 36.5967 36.197 35.7973 35.3977 34.9982 34.5988 34.1995 33.8003 33.4011 33.002 32.603 32.204 31.8051 31.4062 31.0074 30.6086 30.2099 29.8113 29.4128 29.0143 28.6158 28.2174 27.8191 27.4209 27.0226 26.6245 26.2264 25.8284 25.4305 25.0325 24.6347 24.2369 23.8391 23.4414 23.0437 22.6461 22.2485 21.8509 21.4534 21.0559 20.6585 20.2611 19.8637 19.4664 19.069 18.6717 18.2744 17.8772 17.4799 17.0826 16.6853 16.2881 15.8908 15.4936 15.0963 14.699 14.3017 13.9044 13.5071 13.1098 12.7126 12.3153 11.918 11.5207 11.1234 10.7261 10.3288 9.93152 9.53422 9.13692 8.73962 8.34233 7.94504 7.54776 7.15047 6.75318 6.35589 5.95861 5.56135 5.16409 4.76685 4.36961 3.97238 3.57514 3.17789 2.78063 2.38337 1.98612 1.58887 1.19164 0.794418 0.397206 0. 
100. 99.5934 99.1868 98.7801 98.3735 97.9669 97.5603 97.1537 96.7471 96.3406 95.934 95.5274 95.1209 94.7143 94.3078 93.9012 93.4947 93.0883 92.6818 92.2753 91.8689 91.4625 91.0561 90.6498 90.2434 89.8371 89.4308 89.0246 88.6183 88.2122 87.806 87.3999 86.9938 86.5877 86.1817 85.7757 85.3697 84.9639 84.5581 84.1523 83.7465 83.3408 82.9352 82.5296 82.124 81.7185 81.3131 80.9077 80.5024 80.0972 79.692 79.2869 78.8818 78.4768 78.0719 77.6671 77.2624 76.8577 76.4531 76.0485 75.644 75.2395 74.8351 74.4307 74.0264 73.6221 73.2179 72.8138 72.4096 72.0056 71.6015 71.1975 70.7935 70.3896 69.9856 69.5817 69.1777 68.7738 68.3699 67.966 67.5621 67.1583 66.7544 66.3506 65.9468 65.543 65.1392 64.7355 64.3317 63.928 63.5243 63.1207 62.7171 62.3135 61.9099 61.5064 61.1029 60.6994 60.296 59.8927 59.4894 59.0861 58.6829 58.2797 57.8765 57.4735 57.0704 56.6675 56.2645 55.8617 55.4589 55.0561 54.6534 54.2508 53.8482 53.4457 53.0432 52.6408 52.2385 51.8362 51.4339 51.0318 50.6297 50.2276 49.8257 49.4237 49.0219 48.6201 48.2183 47.8167 47.4151 47.0135 46.612 46.2106 45.8093 45.408 45.0067 44.6056 44.2045 43.8034 43.4025 43.0016 42.6007 42.2 41.7993 41.3987 40.9981 40.5976 40.1971 39.7968 39.3965 38.9963 38.5962 38.1962 37.7962 37.3963 36.9965 36.5967 36.197 35.7973 35.3977 34.9982 34.5988 34.1995 33.8003 33.4011 33.002 32.603 32.204 31.8051 31.4062 31.0074 30.6086 30.2099 29.8113 29.4127 29.0142 28.6158 28.2174 27.8191 27.4208 27.0226 26.6245 26.2264 25.8284 25.4305 25.0325 24.6347 24.2368 23.8391 23.4414 23.0437 22.6461 22.2485 21.8509 21.4534 21.0559 20.6585 20.2611 19.8637 19.4664 19.069 18.6717 18.2744 17.8772 17.4799 17.0826 16.6853 16.2881 15.8908 15.4935 15.0963 14.699 14.3017 13.9044 13.5071 13.1098 12.7126 12.3153 11.918 11.5207 11.1234 10.7261 10.3288 9.93151 9.53421 9.13691 8.73961 8.34232 7.94504 7.54775 7.15046 6.75318 6.35589 5.95861 5.56134 5.16409 4.76684 4.36961 3.97237 3.57513 3.17788 2.78063 2.38337 1.98612 1.58887 1.19164 0.794417 0.397206 0. 
100. 99.5934 99.1868 98.7801 98.3735 97.9669 97.5603 97.1537 96.7471 96.3405 95.934 95.5274 95.1208 94.7143 94.3078 93.9012 93.4948 93.0883 92.6818 92.2754 91.8689 91.4625 91.0561 90.6497 90.2434 89.8371 89.4308 89.0245 88.6183 88.2121 87.806 87.3999 86.9938 86.5877 86.1816 85.7757 85.3697 84.9638 84.558 84.1523 83.7465 83.3408 82.9352 82.5296 82.124 81.7185 81.3131 80.9077 80.5024 80.0972 79.692 79.2868 78.8818 78.4768 78.0719 77.6671 77.2624 76.8577 76.4531 76.0485 75.644 75.2395 74.8351 74.4307 74.0264 73.6221 73.2179 72.8138 72.4096 72.0056 71.6015 71.1975 70.7935 70.3895 69.9856 69.5816 69.1777 68.7738 68.3699 67.966 67.5621 67.1583 66.7544 66.3506 65.9468 65.543 65.1392 64.7354 64.3317 63.928 63.5243 63.1207 62.717 62.3134 61.9099 61.5064 61.1029 60.6994 60.296 59.8927 59.4893 59.0861 58.6828 58.2797 57.8765 57.4734 57.0704 56.6675 56.2645 55.8617 55.4589 55.0561 54.6534 54.2507 53.8482 53.4457 53.0432 52.6408 52.2385 51.8362 51.4339 51.0317 50.6296 50.2276 49.8257 49.4237 49.0219 48.6201 48.2183 47.8167 47.4151 47.0135 46.612 46.2106 45.8093 45.408 45.0067 44.6056 44.2045 43.8034 43.4025 43.0016 42.6007 42.2 41.7993 41.3987 40.9981 40.5976 40.1971 39.7968 39.3965 38.9963 38.5962 38.1962 37.7962 37.3963 36.9965 36.5967 36.1969 35.7973 35.3977 34.9982 34.5988 34.1995 33.8003 33.4011 33.002 32.603 32.204 31.8051 31.4062 31.0074 30.6086 30.2099 29.8113 29.4127 29.0142 28.6158 28.2174 27.8191 27.4208 27.0226 26.6245 26.2264 25.8284 25.4305 25.0325 24.6347 24.2369 23.8391 23.4414 23.0437 22.6461 22.2485 21.8509 21.4534 21.0559 20.6585 20.2611 19.8637 19.4664 19.069 18.6717 18.2744 17.8772 17.4799 17.0826 16.6853 16.2881 15.8908 15.4935 15.0963 14.699 14.3017 13.9044 13.5071 13.1098 12.7125 12.3153 11.918 11.5207 11.1234 10.7261 10.3288 9.93151 9.5342 9.1369 8.73961 8.34232 7.94503 7.54774 7.15046 6.75317 6.35589 5.95861 5.56134 5.16409 4.76684 4.3696 3.97237 3.57513 3.17788 2.78062 2.38337 1.98612 1.58887 1.19164 0.79442 0.397207 0. 
100. 99.5934 99.1868 98.7801 98.3735 97.9669 97.5603 97.1537 96.7471 96.3405 95.934 95.5274 95.1208 94.7143 94.3078 93.9012 93.4947 93.0883 92.6818 92.2754 91.8689 91.4625 91.0561 90.6498 90.2434 89.8371 89.4308 89.0246 88.6183 88.2122 87.806 87.3999 86.9938 86.5877 86.1817 85.7757 85.3697 84.9639 84.558 84.1523 83.7465 83.3408 82.9352 82.5296 82.124 81.7185 81.3131 80.9077 80.5024 80.0972 79.692 79.2869 78.8818 78.4768 78.0719 77.6671 77.2624 76.8577 76.4531 76.0485 75.644 75.2395 74.8351 74.4307 74.0264 73.6221 73.2179 72.8138 72.4096 72.0056 71.6015 71.1975 70.7935 70.3895 69.9856 69.5816 69.1777 68.7738 68.3699 67.966 67.5621 67.1583 66.7544 66.3506 65.9468 65.543 65.1392 64.7354 64.3317 63.928 63.5243 63.1207 62.717 62.3134 61.9099 61.5064 61.1029 60.6994 60.296 59.8927 59.4893 59.0861 58.6828 58.2797 57.8765 57.4734 57.0704 56.6675 56.2645 55.8617 55.4588 55.0561 54.6534 54.2508 53.8482 53.4457 53.0432 52.6408 52.2385 51.8362 51.4339 51.0318 50.6297 50.2276 49.8257 49.4237 49.0219 48.6201 48.2183 47.8167 47.415 47.0135 46.612 46.2106 45.8093 45.408 45.0067 44.6056 44.2045 43.8034 43.4025 43.0016 42.6007 42.2 41.7993 41.3987 40.9981 40.5976 40.1971 39.7968 39.3965 38.9963 38.5962 38.1962 37.7962 37.3963 36.9964 36.5967 36.1969 35.7973 35.3977 34.9982 34.5988 34.1995 33.8002 33.4011 33.002 32.603 32.204 31.8051 31.4062 31.0074 30.6086 30.2099 29.8113 29.4127 29.0142 28.6158 28.2174 27.8191 27.4208 27.0226 26.6245 26.2264 25.8284 25.4305 25.0325 24.6347 24.2369 23.8391 23.4414 23.0437 22.6461 22.2485 21.8509 21.4534 21.0559 20.6585 20.2611 19.8637 19.4664 19.069 18.6717 18.2744 17.8772 17.4799 17.0826 16.6853 16.2881 15.8908 15.4935 15.0963 14.699 14.3017 13.9044 13.5071 13.1098 12.7125 12.3152 11.918 11.5207 11.1234 10.7261 10.3288 9.9315 9.5342 9.1369 8.7396 8.34231 7.94502 7.54774 7.15045 6.75316 6.35588 5.9586 5.56134 5.16408 4.76684 4.3696 3.97236 3.57512 3.17787 2.78062 2.38337 1.98612 1.58887 1.19164 0.794421 0.397209 0. 
100. 99.5934 99.1868 98.7801 98.3735 97.9669 97.5603 97.1537 96.7471 96.3405 95.934 95.5274 95.1208 94.7143 94.3078 93.9012 93.4947 93.0883 92.6818 92.2754 91.8689 91.4625 91.0561 90.6497 90.2434 89.8371 89.4308 89.0245 88.6183 88.2121 87.806 87.3999 86.9938 86.5877 86.1817 85.7757 85.3697 84.9639 84.558 84.1523 83.7465 83.3408 82.9352 82.5296 82.124 81.7185 81.3131 80.9077 80.5024 80.0972 79.692 79.2869 78.8818 78.4768 78.0719 77.6671 77.2624 76.8577 76.4531 76.0485 75.644 75.2395 74.8351 74.4307 74.0264 73.6221 73.2179 72.8138 72.4096 72.0056 71.6015 71.1975 70.7935 70.3895 69.9856 69.5816 69.1777 68.7738 68.3699 67.966 67.5621 67.1583 66.7544 66.3506 65.9468 65.543 65.1392 64.7354 64.3317 63.928 63.5243 63.1206 62.717 62.3134 61.9099 61.5063 61.1029 60.6994 60.296 59.8927 59.4893 59.0861 58.6828 58.2797 57.8765 57.4734 57.0704 56.6675 56.2645 55.8617 55.4588 55.0561 54.6534 54.2508 53.8482 53.4457 53.0432 52.6408 52.2385 51.8362 51.4339 51.0317 50.6296 50.2276 49.8257 49.4237 49.0219 48.6201 48.2183 47.8167 47.415 47.0135 46.612 46.2106 45.8093 45.408 45.0067 44.6056 44.2045 43.8034 43.4025 43.0016 42.6007 42.2 41.7993 41.3986 40.9981 40.5976 40.1971 39.7968 39.3965 38.9963 38.5962 38.1962 37.7962 37.3963 36.9964 36.5967 36.1969 35.7973 35.3977 34.9982 34.5988 34.1995 33.8002 33.4011 33.002 32.6029 32.204 31.805 31.4062 31.0074 30.6086 30.2099 29.8113 29.4127 29.0142 28.6158 28.2174 27.8191 27.4208 27.0226 26.6245 26.2264 25.8284 25.4305 25.0325 24.6347 24.2369 23.8391 23.4414 23.0437 22.6461 22.2485 21.8509 21.4534 21.056 20.6585 20.2611 19.8637 19.4664 19.069 18.6717 18.2744 17.8772 17.4799 17.0826 16.6853 16.2881 15.8908 15.4935 15.0963 14.699 14.3017 13.9044 13.5071 13.1098 12.7125 12.3152 11.918 11.5207 11.1234 10.7261 10.3288 9.93149 9.53419 9.13689 8.7396 8.3423 7.94502 7.54773 7.15044 6.75316 6.35587 5.9586 5.56133 5.16408 4.76684 4.3696 3.97236 3.57511 3.17787 2.78061 2.38336 1.98612 1.58887 1.19164 0.794423 0.397209 0. 
100. 99.5934 99.1868 98.7801 98.3735 97.9669 97.5603 97.1537 96.7471 96.3405 95.934 95.5274 95.1208 94.7143 94.3078 93.9012 93.4947 93.0883 92.6818 92.2753 91.8689 91.4625 91.0561 90.6497 90.2434 89.8371 89.4308 89.0245 88.6183 88.2121 87.806 87.3999 86.9938 86.5877 86.1817 85.7757 85.3697 84.9639 84.558 84.1523 83.7465 83.3408 82.9352 82.5296 82.124 81.7185 81.3131 80.9077 80.5024 80.0972 79.692 79.2869 78.8818 78.4768 78.0719 77.6671 77.2624 76.8577 76.4531 76.0485 75.644 75.2395 74.8351 74.4307 74.0264 73.6221 73.2179 72.8138 72.4096 72.0056 71.6015 71.1975 70.7935 70.3895 69.9855 69.5816 69.1777 68.7737 68.3698 67.966 67.5621 67.1582 66.7544 66.3506 65.9467 65.5429 65.1392 64.7354 64.3317 63.928 63.5243 63.1206 62.717 62.3134 61.9099 61.5063 61.1029 60.6994 60.296 59.8927 59.4893 59.0861 58.6828 58.2796 57.8765 57.4734 57.0704 56.6674 56.2645 55.8617 55.4588 55.0561 54.6534 54.2507 53.8482 53.4457 53.0432 52.6408 52.2384 51.8362 51.4339 51.0317 50.6297 50.2276 49.8257 49.4237 49.0219 48.6201 48.2183 47.8166 47.415 47.0135 46.612 46.2106 45.8092 45.408 45.0067 44.6056 44.2045 43.8034 43.4024 43.0016 42.6007 42.2 41.7993 41.3986 40.9981 40.5976 40.1971 39.7968 39.3965 38.9963 38.5962 38.1961 37.7962 37.3963 36.9964 36.5966 36.1969 35.7973 35.3977 34.9982 34.5988 34.1995 33.8002 33.4011 33.002 32.6029 32.2039 31.805 31.4062 31.0073 30.6086 30.2099 29.8113 29.4127 29.0142 28.6158 28.2174 27.8191 27.4208 27.0226 26.6245 26.2264 25.8284 25.4304 25.0325 24.6347 24.2369 23.8391 23.4414 23.0437 22.6461 22.2485 21.8509 21.4534 21.056 20.6585 20.2611 19.8637 19.4664 19.069 18.6717 18.2744 17.8772 17.4799 17.0826 16.6853 16.2881 15.8908 15.4935 15.0962 14.699 14.3017 13.9044 13.5071 13.1098 12.7125 12.3152 11.9179 11.5207 11.1234 10.7261 10.3288 9.93148 9.53418 9.13688 8.73959 8.3423 7.94501 7.54772 7.15044 6.75315 6.35587 5.95859 5.56133 5.16408 4.76683 4.36959 3.97235 3.57511 3.17786 2.78061 2.38336 1.98611 1.58887 1.19164 0.794423 0.39721 0. 
100. 99.5934 99.1868 98.7801 98.3735 97.9669 97.5603 97.1537 96.7471 96.3405 95.934 95.5274 95.1208 94.7143 94.3078 93.9012 93.4947 93.0883 92.6818 92.2753 91.8689 91.4625 91.0561 90.6497 90.2434 89.8371 89.4308 89.0245 88.6183 88.2121 87.806 87.3998 86.9937 86.5877 86.1816 85.7757 85.3697 84.9639 84.558 84.1523 83.7465 83.3408 82.9352 82.5296 82.124 81.7185 81.3131 80.9077 80.5024 80.0972 79.692 79.2869 78.8818 78.4768 78.0719 77.6671 77.2624 76.8577 76.4531 76.0485 75.644 75.2395 74.8351 74.4307 74.0264 73.6221 73.2179 72.8138 72.4096 72.0055 71.6015 71.1975 70.7935 70.3895 69.9855 69.5816 69.1777 68.7737 68.3698 67.966 67.5621 67.1582 66.7544 66.3505 65.9467 65.5429 65.1392 64.7354 64.3317 63.928 63.5243 63.1206 62.717 62.3134 61.9099 61.5063 61.1028 60.6994 60.296 59.8926 59.4893 59.0861 58.6828 58.2796 57.8765 57.4734 57.0704 56.6674 56.2645 55.8616 55.4588 55.0561 54.6534 54.2507 53.8482 53.4456 53.0432 52.6408 52.2384 51.8361 51.4339 51.0317 50.6296 50.2276 49.8256 49.4237 49.0219 48.6201 48.2183 47.8166 47.415 47.0135 46.612 46.2106 45.8092 45.4079 45.0067 44.6055 44.2044 43.8034 43.4024 43.0015 42.6007 42.2 41.7993 41.3986 40.9981 40.5975 40.1971 39.7968 39.3965 38.9963 38.5962 38.1961 37.7961 37.3962 36.9964 36.5966 36.1969 35.7973 35.3977 34.9982 34.5988 34.1995 33.8002 33.401 33.0019 32.6029 32.2039 31.805 31.4061 31.0073 30.6086 30.2099 29.8113 29.4127 29.0142 28.6158 28.2174 27.8191 27.4208 27.0226 26.6245 26.2264 25.8284 25.4304 25.0325 24.6347 24.2369 23.8391 23.4414 23.0437 22.6461 22.2485 21.8509 21.4534 21.056 20.6585 20.2611 19.8637 19.4664 19.069 18.6717 18.2744 17.8771 17.4799 17.0826 16.6853 16.2881 15.8908 15.4935 15.0962 14.699 14.3017 13.9044 13.5071 13.1098 12.7125 12.3152 11.9179 11.5207 11.1234 10.7261 10.3288 9.93148 9.53418 9.13688 8.73958 8.34229 7.945 7.54771 7.15043 6.75314 6.35586 5.95859 5.56133 5.16407 4.76683 4.36959 3.97235 3.5751 3.17786 2.78061 2.38336 1.98611 1.58887 1.19164 0.794424 0.39721 0. 
100. 99.5934 99.1868 98.7801 98.3735 97.9669 97.5603 97.1537 96.7471 96.3405 95.934 95.5274 95.1208 94.7143 94.3078 93.9012 93.4947 93.0883 92.6818 92.2753 91.8689 91.4625 91.0561 90.6497 90.2434 89.8371 89.4308 89.0245 88.6183 88.2121 87.806 87.3998 86.9937 86.5877 86.1816 85.7757 85.3697 84.9639 84.558 84.1523 83.7465 83.3408 82.9352 82.5296 82.124 81.7185 81.3131 80.9077 80.5024 80.0972 79.692 79.2869 78.8818 78.4768 78.0719 77.6671 77.2624 76.8577 76.4531 76.0485 75.644 75.2395 74.8351 74.4307 74.0264 73.6221 73.2179 72.8137 72.4096 72.0055 71.6015 71.1975 70.7935 70.3895 69.9855 69.5816 69.1777 68.7737 68.3698 67.9659 67.5621 67.1582 66.7544 66.3505 65.9467 65.5429 65.1391 64.7354 64.3317 63.9279 63.5243 63.1206 62.717 62.3134 61.9098 61.5063 61.1028 60.6994 60.296 59.8926 59.4893 59.086 58.6828 58.2796 57.8765 57.4734 57.0704 56.6674 56.2645 55.8616 55.4588 55.0561 54.6534 54.2507 53.8482 53.4456 53.0432 52.6408 52.2384 51.8361 51.4339 51.0317 50.6296 50.2276 49.8256 49.4237 49.0219 48.6201 48.2183 47.8166 47.415 47.0135 46.612 46.2106 45.8092 45.4079 45.0067 44.6055 44.2044 43.8034 43.4024 43.0015 42.6007 42.1999 41.7992 41.3986 40.998 40.5975 40.1971 39.7967 39.3965 38.9963 38.5961 38.1961 37.7961 37.3962 36.9964 36.5966 36.1969 35.7972 35.3977 34.9982 34.5988 34.1994 33.8002 33.401 33.0019 32.6029 32.2039 31.805 31.4061 31.0073 30.6086 30.2099 29.8112 29.4127 29.0142 28.6157 28.2174 27.819 27.4208 27.0226 26.6245 26.2264 25.8284 25.4304 25.0325 24.6347 24.2368 23.8391 23.4414 23.0437 22.6461 22.2485 21.8509 21.4534 21.056 20.6585 20.2611 19.8637 19.4664 19.069 18.6717 18.2744 17.8771 17.4799 17.0826 16.6853 16.2881 15.8908 15.4935 15.0962 14.699 14.3017 13.9044 13.5071 13.1098 12.7125 12.3152 11.9179 11.5206 11.1234 10.7261 10.3288 9.93147 9.53417 9.13687 8.73957 8.34228 7.94499 7.54771 7.15042 6.75314 6.35586 5.95858 5.56132 5.16407 4.76682 4.36958 3.97234 3.5751 3.17785 2.7806 2.38336 1.98611 1.58887 1.19164 0.794424 0.39721 0. 
100. 99.5934 99.1868 98.7801 98.3735 97.9669 97.5603 97.1537 96.7471 96.3405 95.934 95.5274 95.1208 94.7143 94.3077 93.9012 93.4947 93.0882 92.6818 92.2753 91.8689 91.4625 91.0561 90.6497 90.2434 89.8371 89.4308 89.0245 88.6183 88.2121 87.806 87.3998 86.9937 86.5877 86.1816 85.7757 85.3697 84.9638 84.558 84.1522 83.7465 83.3408 82.9352 82.5296 82.124 81.7185 81.3131 80.9077 80.5024 80.0972 79.692 79.2869 78.8818 78.4768 78.0719 77.6671 77.2624 76.8577 76.4531 76.0485 75.644 75.2395 74.8351 74.4307 74.0264 73.6221 73.2179 72.8137 72.4096 72.0055 71.6015 71.1974 70.7935 70.3895 69.9855 69.5816 69.1776 68.7737 68.3698 67.9659 67.5621 67.1582 66.7544 66.3505 65.9467 65.5429 65.1391 64.7354 64.3316 63.9279 63.5242 63.1206 62.717 62.3134 61.9098 61.5063 61.1028 60.6994 60.296 59.8926 59.4893 59.086 58.6828 58.2796 57.8765 57.4734 57.0704 56.6674 56.2645 55.8616 55.4588 55.056 54.6534 54.2507 53.8481 53.4456 53.0432 52.6408 52.2384 51.8361 51.4339 51.0317 50.6296 50.2276 49.8256 49.4237 49.0218 48.62 48.2183 47.8166 47.415 47.0134 46.612 46.2106 45.8092 45.4079 45.0067 44.6055 44.2044 43.8034 43.4024 43.0015 42.6007 42.1999 41.7992 41.3986 40.998 40.5975 40.1971 39.7967 39.3964 38.9962 38.5961 38.1961 37.7961 37.3962 36.9964 36.5966 36.1969 35.7972 35.3976 34.9981 34.5987 34.1994 33.8002 33.401 33.0019 32.6029 32.2039 31.805 31.4061 31.0073 30.6085 30.2098 29.8112 29.4127 29.0142 28.6157 28.2173 27.819 27.4208 27.0226 26.6245 26.2264 25.8284 25.4304 25.0325 24.6347 24.2368 23.8391 23.4414 23.0437 22.6461 22.2485 21.8509 21.4534 21.0559 20.6585 20.2611 19.8637 19.4664 19.069 18.6717 18.2744 17.8771 17.4799 17.0826 16.6853 16.288 15.8908 15.4935 15.0962 14.699 14.3017 13.9044 13.5071 13.1098 12.7125 12.3152 11.9179 11.5206 11.1233 10.7261 10.3288 9.93146 9.53416 9.13686 8.73957 8.34227 7.94499 7.5477 7.15041 6.75313 6.35585 5.95858 5.56131 5.16406 4.76681 4.36957 3.97233 3.57509 3.17785 2.7806 2.38335 1.98611 1.58887 1.19164 0.794423 0.39721 0. 
100. 99.5934 99.1868 98.7801 98.3735 97.9669 97.5603 97.1537 96.7471 96.3405 95.9339 95.5274 95.1208 94.7143 94.3077 93.9012 93.4947 93.0882 92.6818 92.2753 91.8689 91.4625 91.0561 90.6497 90.2434 89.8371 89.4308 89.0245 88.6183 88.2121 87.806 87.3998 86.9937 86.5877 86.1816 85.7756 85.3697 84.9638 84.558 84.1522 83.7465 83.3408 82.9352 82.5296 82.124 81.7185 81.3131 80.9077 80.5024 80.0972 79.692 79.2869 78.8818 78.4768 78.0719 77.6671 77.2624 76.8577 76.4531 76.0485 75.644 75.2395 74.8351 74.4307 74.0264 73.6221 73.2179 72.8137 72.4096 72.0055 71.6015 71.1974 70.7934 70.3895 69.9855 69.5816 69.1776 68.7737 68.3698 67.9659 67.562 67.1582 66.7543 66.3505 65.9467 65.5429 65.1391 64.7354 64.3316 63.9279 63.5242 63.1206 62.717 62.3134 61.9098 61.5063 61.1028 60.6994 60.296 59.8926 59.4893 59.086 58.6828 58.2796 57.8765 57.4734 57.0704 56.6674 56.2645 55.8616 55.4588 55.056 54.6533 54.2507 53.8481 53.4456 53.0431 52.6407 52.2384 51.8361 51.4339 51.0317 50.6296 50.2276 49.8256 49.4237 49.0218 48.62 48.2183 47.8166 47.415 47.0134 46.6119 46.2105 45.8092 45.4079 45.0067 44.6055 44.2044 43.8033 43.4024 43.0015 42.6007 42.1999 41.7992 41.3986 40.998 40.5975 40.1971 39.7967 39.3964 38.9962 38.5961 38.1961 37.7961 37.3962 36.9963 36.5965 36.1968 35.7972 35.3976 34.9981 34.5987 34.1994 33.8001 33.401 33.0019 32.6028 32.2038 31.8049 31.4061 31.0073 30.6085 30.2098 29.8112 29.4126 29.0141 28.6157 28.2173 27.819 27.4208 27.0226 26.6244 26.2264 25.8284 25.4304 25.0325 24.6346 24.2368 23.8391 23.4413 23.0437 22.6461 22.2485 21.8509 21.4534 21.0559 20.6585 20.2611 19.8637 19.4664 19.069 18.6717 18.2744 17.8771 17.4799 17.0826 16.6853 16.288 15.8908 15.4935 15.0962 14.6989 14.3017 13.9044 13.5071 13.1098 12.7125 12.3152 11.9179 11.5206 11.1233 10.726 10.3288 9.93145 9.53415 9.13685 8.73956 8.34227 7.94498 7.54769 7.1504 6.75312 6.35584 5.95857 5.56131 5.16405 4.76681 4.36957 3.97233 3.57509 3.17784 2.7806 2.38335 1.98611 1.58887 1.19164 0.794423 0.39721 0. 
100. 99.5934 99.1868 98.7801 98.3735 97.9669 97.5603 97.1537 96.7471 96.3405 95.9339 95.5274 95.1208 94.7143 94.3077 93.9012 93.4947 93.0882 92.6818 92.2753 91.8689 91.4625 91.0561 90.6497 90.2434 89.837 89.4308 89.0245 88.6183 88.2121 87.8059 87.3998 86.9937 86.5877 86.1816 85.7756 85.3697 84.9638 84.558 84.1522 83.7465 83.3408 82.9351 82.5295 82.124 81.7185 81.3131 80.9077 80.5024 80.0971 79.692 79.2868 78.8818 78.4768 78.0719 77.6671 77.2623 76.8577 76.4531 76.0485 75.644 75.2395 74.8351 74.4307 74.0264 73.6221 73.2179 72.8137 72.4096 72.0055 71.6015 71.1974 70.7934 70.3895 69.9855 69.5815 69.1776 68.7737 68.3698 67.9659 67.562 67.1582 66.7543 66.3505 65.9467 65.5429 65.1391 64.7353 64.3316 63.9279 63.5242 63.1206 62.7169 62.3134 61.9098 61.5063 61.1028 60.6993 60.2959 59.8926 59.4893 59.086 58.6828 58.2796 57.8764 57.4734 57.0703 56.6674 56.2645 55.8616 55.4588 55.056 54.6533 54.2507 53.8481 53.4456 53.0431 52.6407 52.2384 51.8361 51.4338 51.0317 50.6296 50.2275 49.8256 49.4237 49.0218 48.62 48.2183 47.8166 47.415 47.0134 46.6119 46.2105 45.8092 45.4079 45.0066 44.6055 44.2044 43.8033 43.4024 43.0015 42.6006 42.1999 41.7992 41.3985 40.998 40.5975 40.197 39.7967 39.3964 38.9962 38.5961 38.196 37.7961 37.3961 36.9963 36.5965 36.1968 35.7971 35.3976 34.9981 34.5987 34.1993 33.8001 33.4009 33.0018 32.6028 32.2038 31.8049 31.406 31.0072 30.6085 30.2098 29.8112 29.4126 29.0141 28.6157 28.2173 27.819 27.4207 27.0226 26.6244 26.2264 25.8284 25.4304 25.0325 24.6346 24.2368 23.8391 23.4413 23.0437 22.646 22.2485 21.8509 21.4534 21.0559 20.6585 20.2611 19.8637 19.4664 19.069 18.6717 18.2744 17.8771 17.4799 17.0826 16.6853 16.288 15.8908 15.4935 15.0962 14.6989 14.3017 13.9044 13.5071 13.1098 12.7125 12.3152 11.9179 11.5206 11.1233 10.726 10.3287 9.93144 9.53415 9.13685 8.73955 8.34226 7.94497 7.54768 7.1504 6.75311 6.35583 5.95856 5.5613 5.16405 4.7668 4.36956 3.97232 3.57508 3.17784 2.78059 2.38335 1.98611 1.58887 1.19164 0.794422 0.397209 0. 
100. 99.5934 99.1868 98.7801 98.3735 97.9669 97.5603 97.1537 96.7471 96.3405 95.9339 95.5274 95.1208 94.7143 94.3077 93.9012 93.4947 93.0882 92.6818 92.2753 91.8689 91.4624 91.056 90.6497 90.2434 89.837 89.4307 89.0245 88.6183 88.2121 87.8059 87.3998 86.9937 86.5876 86.1816 85.7756 85.3697 84.9638 84.558 84.1522 83.7465 83.3408 82.9351 82.5295 82.124 81.7185 81.313 80.9077 80.5024 80.0971 79.692 79.2868 78.8818 78.4768 78.0719 77.6671 77.2623 76.8577 76.4531 76.0485 75.644 75.2395 74.8351 74.4307 74.0264 73.6221 73.2179 72.8137 72.4096 72.0055 71.6014 71.1974 70.7934 70.3894 69.9855 69.5815 69.1776 68.7737 68.3698 67.9659 67.562 67.1582 66.7543 66.3505 65.9466 65.5429 65.1391 64.7353 64.3316 63.9279 63.5242 63.1205 62.7169 62.3133 61.9098 61.5063 61.1028 60.6993 60.2959 59.8926 59.4892 59.086 58.6827 58.2796 57.8764 57.4733 57.0703 56.6674 56.2644 55.8616 55.4588 55.056 54.6533 54.2507 53.8481 53.4456 53.0431 52.6407 52.2384 51.8361 51.4338 51.0317 50.6296 50.2275 49.8256 49.4236 49.0218 48.62 48.2182 47.8165 47.4149 47.0134 46.6119 46.2105 45.8091 45.4079 45.0066 44.6054 44.2043 43.8033 43.4023 43.0014 42.6006 42.1998 41.7991 41.3985 40.9979 40.5974 40.197 39.7966 39.3964 38.9962 38.596 38.196 37.796 37.3961 36.9963 36.5965 36.1968 35.7971 35.3975 34.9981 34.5986 34.1993 33.8001 33.4009 33.0018 32.6028 32.2038 31.8049 31.406 31.0072 30.6085 30.2098 29.8111 29.4126 29.0141 28.6156 28.2173 27.819 27.4207 27.0225 26.6244 26.2263 25.8283 25.4304 25.0325 24.6346 24.2368 23.839 23.4413 23.0437 22.646 22.2485 21.8509 21.4534 21.0559 20.6585 20.2611 19.8637 19.4664 19.069 18.6717 18.2744 17.8771 17.4798 17.0826 16.6853 16.288 15.8908 15.4935 15.0962 14.6989 14.3017 13.9044 13.5071 13.1098 12.7125 12.3152 11.9179 11.5206 11.1233 10.726 10.3287 9.93144 9.53414 9.13684 8.73954 8.34225 7.94496 7.54767 7.15039 6.7531 6.35583 5.95855 5.56129 5.16404 4.7668 4.36956 3.97232 3.57508 3.17784 2.78059 2.38335 1.9861 1.58887 1.19164 0.794421 0.397209 0. 
100. 99.5934 99.1868 98.7801 98.3735 97.9669 97.5603 97.1537 96.7471 96.3405 95.9339 95.5274 95.1208 94.7143 94.3077 93.9012 93.4947 93.0882 92.6817 92.2753 91.8688 91.4624 91.056 90.6497 90.2433 89.837 89.4307 89.0245 88.6183 88.2121 87.8059 87.3998 86.9937 86.5876 86.1816 85.7756 85.3697 84.9638 84.558 84.1522 83.7465 83.3408 82.9351 82.5295 82.1239 81.7185 81.313 80.9077 80.5024 80.0971 79.6919 79.2868 78.8818 78.4768 78.0719 77.6671 77.2623 76.8576 76.453 76.0485 75.644 75.2395 74.8351 74.4307 74.0263 73.6221 73.2178 72.8137 72.4096 72.0055 71.6014 71.1974 70.7934 70.3894 69.9855 69.5815 69.1776 68.7737 68.3698 67.9659 67.562 67.1581 66.7543 66.3504 65.9466 65.5428 65.1391 64.7353 64.3316 63.9279 63.5242 63.1205 62.7169 62.3133 61.9098 61.5062 61.1028 60.6993 60.2959 59.8925 59.4892 59.086 58.6827 58.2795 57.8764 57.4733 57.0703 56.6673 56.2644 55.8615 55.4587 55.056 54.6533 54.2506 53.8481 53.4455 53.0431 52.6407 52.2383 51.836 51.4338 51.0316 50.6295 50.2275 49.8255 49.4236 49.0218 48.6199 48.2182 47.8165 47.4149 47.0133 46.6119 46.2105 45.8091 45.4078 45.0066 44.6054 44.2043 43.8033 43.4023 43.0014 42.6006 42.1998 41.7991 41.3985 40.9979 40.5974 40.197 39.7966 39.3963 38.9961 38.596 38.196 37.796 37.3961 36.9962 36.5964 36.1967 35.7971 35.3975 34.998 34.5986 34.1993 33.8 33.4009 33.0018 32.6027 32.2038 31.8048 31.406 31.0072 30.6084 30.2097 29.8111 29.4125 29.014 28.6156 28.2172 27.8189 27.4207 27.0225 26.6244 26.2263 25.8283 25.4304 25.0325 24.6346 24.2368 23.839 23.4413 23.0436 22.646 22.2484 21.8509 21.4534 21.0559 20.6585 20.2611 19.8637 19.4663 19.069 18.6717 18.2744 17.8771 17.4798 17.0826 16.6853 16.288 15.8908 15.4935 15.0962 14.6989 14.3017 13.9044 13.5071 13.1098 12.7125 12.3152 11.9179 11.5206 11.1233 10.726 10.3287 9.93143 9.53413 9.13683 8.73953 8.34224 7.94495 7.54767 7.15038 6.7531 6.35582 5.95855 5.56128 5.16403 4.76679 4.36955 3.97231 3.57507 3.17783 2.78059 2.38334 1.9861 1.58886 1.19164 0.794419 0.397208 0. 
100. 99.5934 99.1868 98.7801 98.3735 97.9669 97.5603 97.1537 96.7471 96.3405 95.9339 95.5274 95.1208 94.7142 94.3077 93.9012 93.4947 93.0882 92.6817 92.2753 91.8688 91.4624 91.056 90.6497 90.2433 89.837 89.4307 89.0245 88.6182 88.2121 87.8059 87.3998 86.9937 86.5876 86.1816 85.7756 85.3696 84.9638 84.5579 84.1522 83.7464 83.3407 82.9351 82.5295 82.1239 81.7184 81.313 80.9076 80.5023 80.0971 79.6919 79.2868 78.8817 78.4768 78.0719 77.667 77.2623 76.8576 76.453 76.0484 75.6439 75.2395 74.835 74.4307 74.0263 73.622 73.2178 72.8137 72.4095 72.0054 71.6014 71.1974 70.7934 70.3894 69.9855 69.5815 69.1776 68.7737 68.3697 67.9659 67.562 67.1581 66.7543 66.3504 65.9466 65.5428 65.139 64.7353 64.3315 63.9278 63.5242 63.1205 62.7169 62.3133 61.9097 61.5062 61.1027 60.6993 60.2959 59.8925 59.4892 59.0859 58.6827 58.2795 57.8764 57.4733 57.0703 56.6673 56.2644 55.8615 55.4587 55.0559 54.6532 54.2506 53.848 53.4455 53.043 52.6406 52.2383 51.836 51.4338 51.0316 50.6295 50.2275 49.8255 49.4236 49.0217 48.6199 48.2182 47.8165 47.4149 47.0133 46.6118 46.2104 45.8091 45.4078 45.0066 44.6054 44.2043 43.8032 43.4023 43.0014 42.6005 42.1998 41.7991 41.3985 40.9979 40.5974 40.1969 39.7966 39.3963 38.9961 38.596 38.1959 37.7959 37.396 36.9962 36.5964 36.1967 35.797 35.3975 34.998 34.5986 34.1992 33.8 33.4008 33.0017 32.6027 32.2037 31.8048 31.4059 31.0071 30.6084 30.2097 29.8111 29.4125 29.014 28.6156 28.2172 27.8189 27.4207 27.0225 26.6244 26.2263 25.8283 25.4303 25.0324 24.6346 24.2368 23.839 23.4413 23.0436 22.646 22.2484 21.8509 21.4534 21.0559 20.6585 20.2611 19.8637 19.4663 19.069 18.6717 18.2744 17.8771 17.4798 17.0826 16.6853 16.288 15.8908 15.4935 15.0962 14.6989 14.3016 13.9044 13.5071 13.1098 12.7125 12.3152 11.9179 11.5206 11.1233 10.726 10.3287 9.93142 9.53412 9.13682 8.73952 8.34223 7.94494 7.54766 7.15037 6.75309 6.35581 5.95854 5.56128 5.16402 4.76678 4.36955 3.97231 3.57507 3.17783 2.78058 2.38334 1.98609 1.58886 1.19163 0.794417 0.397207 0. 
100. 99.5934 99.1868 98.7801 98.3735 97.9669 97.5603 97.1537 96.7471 96.3405 95.9339 95.5273 95.1208 94.7143 94.3077 93.9012 93.4947 93.0882 92.6817 92.2753 91.8688 91.4624 91.056 90.6497 90.2433 89.837 89.4307 89.0245 88.6182 88.2121 87.8059 87.3998 86.9937 86.5876 86.1816 85.7756 85.3696 84.9638 84.5579 84.1522 83.7464 83.3408 82.9351 82.5295 82.1239 81.7184 81.313 80.9076 80.5023 80.0971 79.6919 79.2868 78.8817 78.4768 78.0719 77.6671 77.2623 76.8576 76.453 76.0485 75.6439 75.2395 74.835 74.4307 74.0263 73.622 73.2178 72.8137 72.4095 72.0055 71.6014 71.1974 70.7934 70.3894 69.9854 69.5815 69.1776 68.7736 68.3697 67.9658 67.562 67.1581 66.7543 66.3504 65.9466 65.5428 65.139 64.7353 64.3315 63.9278 63.5241 63.1205 62.7169 62.3133 61.9097 61.5062 61.1027 60.6993 60.2959 59.8925 59.4892 59.0859 58.6827 58.2795 57.8764 57.4733 57.0703 56.6673 56.2644 55.8615 55.4587 55.0559 54.6532 54.2506 53.848 53.4455 53.043 52.6406 52.2383 51.836 51.4338 51.0316 50.6295 50.2275 49.8255 49.4236 49.0217 48.6199 48.2182 47.8165 47.4149 47.0133 46.6118 46.2104 45.8091 45.4078 45.0065 44.6054 44.2043 43.8032 43.4022 43.0013 42.6005 42.1998 41.7991 41.3984 40.9979 40.5974 40.1969 39.7965 39.3963 38.9961 38.5959 38.1959 37.7959 37.396 36.9962 36.5964 36.1967 35.797 35.3974 34.998 34.5985 34.1992 33.8 33.4008 33.0017 32.6027 32.2037 31.8048 31.4059 31.0071 30.6084 30.2097 29.811 29.4125 29.014 28.6156 28.2172 27.8189 27.4206 27.0225 26.6243 26.2263 25.8283 25.4303 25.0324 24.6346 24.2368 23.839 23.4413 23.0436 22.646 22.2484 21.8509 21.4534 21.0559 20.6585 20.2611 19.8637 19.4663 19.069 18.6717 18.2744 17.8771 17.4798 17.0826 16.6853 16.288 15.8908 15.4935 15.0962 14.6989 14.3016 13.9044 13.5071 13.1098 12.7125 12.3152 11.9179 11.5206 11.1233 10.726 10.3287 9.93141 9.53411 9.13681 8.73952 8.34222 7.94494 7.54765 7.15037 6.75308 6.3558 5.95853 5.56127 5.16402 4.76678 4.36954 3.9723 3.57507 3.17782 2.78058 2.38333 1.98609 1.58886 1.19163 0.794416 0.397206 0. 
100. 99.5934 99.1868 98.7801 98.3735 97.9669 97.5603 97.1537 96.7471 96.3405 95.9339 95.5273 95.1208 94.7142 94.3077 93.9012 93.4947 93.0882 92.6817 92.2753 91.8688 91.4624 91.056 90.6497 90.2433 89.837 89.4307 89.0245 88.6182 88.2121 87.8059 87.3998 86.9937 86.5876 86.1816 85.7756 85.3696 84.9638 84.5579 84.1522 83.7464 83.3407 82.9351 82.5295 82.1239 81.7184 81.313 80.9076 80.5023 80.0971 79.6919 79.2868 78.8818 78.4768 78.0719 77.6671 77.2623 76.8576 76.453 76.0485 75.6439 75.2395 74.835 74.4307 74.0263 73.622 73.2178 72.8137 72.4095 72.0055 71.6014 71.1974 70.7934 70.3894 69.9854 69.5815 69.1775 68.7736 68.3697 67.9658 67.562 67.1581 66.7542 66.3504 65.9466 65.5428 65.139 64.7353 64.3315 63.9278 63.5241 63.1205 62.7169 62.3133 61.9097 61.5062 61.1027 60.6993 60.2959 59.8925 59.4892 59.0859 58.6827 58.2795 57.8764 57.4733 57.0703 56.6673 56.2644 55.8615 55.4587 55.0559 54.6532 54.2506 53.848 53.4455 53.043 52.6406 52.2383 51.836 51.4338 51.0316 50.6295 50.2275 49.8255 49.4236 49.0217 48.6199 48.2182 47.8165 47.4149 47.0133 46.6118 46.2104 45.8091 45.4078 45.0065 44.6054 44.2043 43.8032 43.4023 43.0013 42.6005 42.1998 41.7991 41.3984 40.9979 40.5973 40.1969 39.7965 39.3963 38.9961 38.5959 38.1959 37.7959 37.396 36.9962 36.5964 36.1967 35.797 35.3974 34.9979 34.5985 34.1992 33.8 33.4008 33.0017 32.6026 32.2037 31.8048 31.4059 31.0071 30.6084 30.2097 29.811 29.4125 29.014 28.6156 28.2172 27.8189 27.4206 27.0225 26.6243 26.2263 25.8283 25.4303 25.0324 24.6346 24.2368 23.839 23.4413 23.0436 22.646 22.2484 21.8509 21.4534 21.0559 20.6585 20.2611 19.8637 19.4663 19.069 18.6717 18.2744 17.8771 17.4798 17.0826 16.6853 16.288 15.8907 15.4935 15.0962 14.6989 14.3016 13.9043 13.507 13.1098 12.7125 12.3152 11.9179 11.5206 11.1233 10.726 10.3287 9.9314 9.5341 9.1368 8.73951 8.34222 7.94493 7.54764 7.15036 6.75308 6.3558 5.95853 5.56127 5.16401 4.76677 4.36953 3.9723 3.57506 3.17782 2.78057 2.38333 1.98609 1.58886 1.19163 0.794417 0.397206 0. 
100. 99.5934 99.1868 98.7801 98.3735 97.9669 97.5603 97.1537 96.7471 96.3405 95.9339 95.5274 95.1208 94.7142 94.3077 93.9012 93.4947 93.0882 92.6817 92.2753 91.8688 91.4624 91.056 90.6497 90.2433 89.837 89.4307 89.0245 88.6182 88.2121 87.8059 87.3998 86.9937 86.5876 86.1816 85.7756 85.3696 84.9638 84.558 84.1522 83.7464 83.3407 82.9351 82.5295 82.1239 81.7184 81.313 80.9077 80.5024 80.0971 79.6919 79.2868 78.8818 78.4768 78.0719 77.6671 77.2623 76.8576 76.453 76.0485 75.6439 75.2395 74.835 74.4307 74.0263 73.6221 73.2178 72.8136 72.4095 72.0054 71.6014 71.1974 70.7934 70.3894 69.9854 69.5815 69.1775 68.7736 68.3697 67.9658 67.5619 67.1581 66.7542 66.3504 65.9466 65.5428 65.139 64.7353 64.3315 63.9278 63.5241 63.1205 62.7169 62.3133 61.9097 61.5062 61.1027 60.6993 60.2959 59.8925 59.4892 59.0859 58.6827 58.2795 57.8764 57.4733 57.0703 56.6673 56.2644 55.8615 55.4587 55.0559 54.6532 54.2506 53.848 53.4455 53.043 52.6406 52.2383 51.836 51.4337 51.0316 50.6295 50.2275 49.8255 49.4236 49.0217 48.6199 48.2182 47.8165 47.4149 47.0133 46.6118 46.2104 45.8091 45.4078 45.0065 44.6054 44.2043 43.8032 43.4022 43.0013 42.6005 42.1998 41.7991 41.3984 40.9979 40.5973 40.1969 39.7965 39.3963 38.9961 38.5959 38.1959 37.7959 37.396 36.9962 36.5964 36.1967 35.797 35.3974 34.9979 34.5985 34.1992 33.7999 33.4008 33.0017 32.6026 32.2037 31.8047 31.4059 31.0071 30.6083 30.2097 29.811 29.4125 29.014 28.6156 28.2172 27.8189 27.4206 27.0225 26.6243 26.2263 25.8283 25.4303 25.0324 24.6346 24.2368 23.839 23.4413 23.0436 22.646 22.2484 21.8509 21.4534 21.0559 20.6585 20.2611 19.8637 19.4663 19.069 18.6717 18.2744 17.8771 17.4798 17.0826 16.6853 16.288 15.8907 15.4935 15.0962 14.6989 14.3016 13.9043 13.507 13.1097 12.7125 12.3152 11.9179 11.5206 11.1233 10.726 10.3287 9.93139 9.5341 9.1368 8.7395 8.34221 7.94492 7.54764 7.15035 6.75307 6.35579 5.95852 5.56126 5.16401 4.76677 4.36953 3.97229 3.57505 3.17781 2.78057 2.38333 1.98609 1.58886 1.19163 0.794417 0.397206 0. 
100. 99.5934 99.1868 98.7801 98.3735 97.9669 97.5603 97.1537 96.7471 96.3405 95.9339 95.5273 95.1208 94.7142 94.3077 93.9012 93.4947 93.0882 92.6817 92.2753 91.8688 91.4624 91.056 90.6496 90.2433 89.837 89.4307 89.0245 88.6182 88.212 87.8059 87.3998 86.9937 86.5876 86.1816 85.7756 85.3696 84.9638 84.558 84.1522 83.7464 83.3408 82.9351 82.5295 82.1239 81.7185 81.313 80.9077 80.5024 80.0971 79.6919 79.2868 78.8818 78.4768 78.0719 77.6671 77.2623 76.8577 76.453 76.0485 75.644 75.2395 74.8351 74.4307 74.0263 73.6221 73.2178 72.8137 72.4095 72.0054 71.6014 71.1974 70.7934 70.3894 69.9854 69.5815 69.1775 68.7736 68.3697 67.9658 67.5619 67.1581 66.7542 66.3504 65.9466 65.5428 65.139 64.7352 64.3315 63.9278 63.5241 63.1205 62.7169 62.3133 61.9097 61.5062 61.1027 60.6993 60.2958 59.8925 59.4892 59.0859 58.6827 58.2795 57.8764 57.4733 57.0703 56.6673 56.2644 55.8615 55.4587 55.0559 54.6532 54.2506 53.848 53.4455 53.043 52.6406 52.2383 51.836 51.4337 51.0316 50.6295 50.2274 49.8255 49.4236 49.0217 48.6199 48.2181 47.8165 47.4149 47.0133 46.6118 46.2104 45.8091 45.4078 45.0065 44.6054 44.2043 43.8032 43.4022 43.0013 42.6005 42.1997 41.7991 41.3984 40.9978 40.5973 40.1969 39.7965 39.3962 38.996 38.5959 38.1959 37.7959 37.396 36.9961 36.5964 36.1966 35.797 35.3974 34.9979 34.5985 34.1992 33.7999 33.4008 33.0017 32.6026 32.2036 31.8047 31.4059 31.0071 30.6083 30.2096 29.811 29.4125 29.014 28.6155 28.2172 27.8189 27.4206 27.0225 26.6243 26.2263 25.8283 25.4303 25.0324 24.6346 24.2368 23.839 23.4413 23.0436 22.646 22.2484 21.8509 21.4534 21.0559 20.6585 20.2611 19.8637 19.4663 19.069 18.6717 18.2744 17.8771 17.4798 17.0826 16.6853 16.288 15.8907 15.4935 15.0962 14.6989 14.3016 13.9043 13.507 13.1097 12.7124 12.3152 11.9179 11.5206 11.1233 10.726 10.3287 9.93139 9.53409 9.13679 8.7395 8.34221 7.94492 7.54763 7.15035 6.75306 6.35578 5.95852 5.56125 5.164 4.76676 4.36952 3.97229 3.57505 3.17781 2.78057 2.38333 1.98609 1.58886 1.19163 0.794416 0.397206 0. 
100. 99.5934 99.1868 98.7801 98.3735 97.9669 97.5603 97.1537 96.7471 96.3405 95.9339 95.5273 95.1208 94.7142 94.3077 93.9012 93.4947 93.0882 92.6817 92.2753 91.8688 91.4624 91.056 90.6496 90.2433 89.837 89.4307 89.0244 88.6182 88.212 87.8059 87.3998 86.9936 86.5876 86.1816 85.7756 85.3696 84.9638 84.5579 84.1522 83.7464 83.3408 82.9351 82.5295 82.1239 81.7185 81.313 80.9077 80.5024 80.0971 79.6919 79.2868 78.8818 78.4768 78.0719 77.6671 77.2623 76.8577 76.453 76.0485 75.644 75.2395 74.8351 74.4307 74.0263 73.6221 73.2178 72.8137 72.4095 72.0054 71.6014 71.1973 70.7933 70.3894 69.9854 69.5815 69.1775 68.7736 68.3697 67.9658 67.5619 67.1581 66.7542 66.3504 65.9466 65.5428 65.139 64.7352 64.3315 63.9278 63.5241 63.1205 62.7168 62.3132 61.9097 61.5062 61.1027 60.6992 60.2958 59.8925 59.4892 59.0859 58.6827 58.2795 57.8763 57.4733 57.0702 56.6673 56.2644 55.8615 55.4587 55.0559 54.6532 54.2506 53.848 53.4455 53.043 52.6406 52.2383 51.836 51.4337 51.0316 50.6295 50.2274 49.8255 49.4236 49.0217 48.6199 48.2181 47.8165 47.4148 47.0133 46.6118 46.2104 45.809 45.4078 45.0065 44.6053 44.2042 43.8032 43.4022 43.0013 42.6005 42.1997 41.799 41.3984 40.9978 40.5973 40.1969 39.7965 39.3962 38.996 38.5959 38.1959 37.7959 37.396 36.9961 36.5963 36.1966 35.797 35.3974 34.9979 34.5985 34.1992 33.7999 33.4007 33.0016 32.6026 32.2036 31.8047 31.4059 31.007 30.6083 30.2096 29.811 29.4125 29.014 28.6155 28.2172 27.8189 27.4206 27.0224 26.6243 26.2263 25.8283 25.4303 25.0324 24.6346 24.2368 23.839 23.4413 23.0436 22.646 22.2484 21.8509 21.4534 21.0559 20.6585 20.2611 19.8637 19.4664 19.069 18.6717 18.2744 17.8771 17.4798 17.0826 16.6853 16.288 15.8907 15.4935 15.0962 14.6989 14.3016 13.9043 13.507 13.1097 12.7124 12.3151 11.9179 11.5206 11.1233 10.726 10.3287 9.93138 9.53408 9.13678 8.73949 8.3422 7.94491 7.54762 7.15034 6.75306 6.35578 5.95851 5.56125 5.164 4.76676 4.36952 3.97228 3.57504 3.1778 2.78056 2.38332 1.98609 1.58886 1.19163 0.794415 0.397206 0. 
100. 99.5934 99.1868 98.7801 98.3735 97.9669 97.5603 97.1537 96.7471 96.3405 95.9339 95.5273 95.1208 94.7142 94.3077 93.9012 93.4947 93.0882 92.6817 92.2752 91.8688 91.4624 91.056 90.6496 90.2433 89.837 89.4307 89.0244 88.6182 88.212 87.8059 87.3997 86.9936 86.5876 86.1816 85.7756 85.3696 84.9638 84.5579 84.1522 83.7464 83.3407 82.9351 82.5295 82.1239 81.7184 81.313 80.9077 80.5024 80.0971 79.6919 79.2868 78.8818 78.4768 78.0719 77.6671 77.2623 76.8577 76.453 76.0485 75.644 75.2395 74.8351 74.4307 74.0263 73.622 73.2178 72.8136 72.4095 72.0054 71.6014 71.1973 70.7933 70.3894 69.9854 69.5814 69.1775 68.7736 68.3697 67.9658 67.5619 67.158 66.7542 66.3504 65.9465 65.5428 65.139 64.7352 64.3315 63.9278 63.5241 63.1204 62.7168 62.3132 61.9097 61.5062 61.1027 60.6992 60.2958 59.8925 59.4891 59.0859 58.6826 58.2795 57.8763 57.4733 57.0702 56.6673 56.2643 55.8615 55.4587 55.0559 54.6532 54.2506 53.848 53.4455 53.043 52.6406 52.2383 51.836 51.4337 51.0316 50.6295 50.2274 49.8255 49.4235 49.0217 48.6199 48.2181 47.8165 47.4148 47.0133 46.6118 46.2104 45.809 45.4077 45.0065 44.6053 44.2042 43.8032 43.4022 43.0013 42.6005 42.1997 41.799 41.3984 40.9978 40.5973 40.1969 39.7965 39.3962 38.996 38.5959 38.1958 37.7959 37.396 36.9961 36.5963 36.1966 35.797 35.3974 34.9979 34.5985 34.1992 33.7999 33.4007 33.0016 32.6026 32.2036 31.8047 31.4058 31.007 30.6083 30.2096 29.811 29.4124 29.0139 28.6155 28.2172 27.8189 27.4206 27.0224 26.6243 26.2263 25.8283 25.4303 25.0324 24.6346 24.2368 23.839 23.4413 23.0436 22.646 22.2484 21.8509 21.4534 21.0559 20.6585 20.2611 19.8637 19.4664 19.069 18.6717 18.2744 17.8771 17.4798 17.0825 16.6853 16.288 15.8907 15.4935 15.0962 14.6989 14.3016 13.9043 13.507 13.1097 12.7124 12.3151 11.9178 11.5206 11.1233 10.726 10.3287 9.93137 9.53407 9.13678 8.73948 8.34219 7.94491 7.54762 7.15033 6.75305 6.35577 5.9585 5.56124 5.16399 4.76675 4.36951 3.97227 3.57504 3.1778 2.78056 2.38332 1.98609 1.58885 1.19163 0.794414 0.397205 0. 
100. 99.5934 99.1867 98.7801 98.3735 97.9669 97.5603 97.1537 96.7471 96.3405 95.9339 95.5273 95.1208 94.7142 94.3077 93.9012 93.4947 93.0882 92.6817 92.2752 91.8688 91.4624 91.056 90.6496 90.2433 89.837 89.4307 89.0244 88.6182 88.212 87.8059 87.3997 86.9936 86.5876 86.1815 85.7756 85.3696 84.9638 84.5579 84.1522 83.7464 83.3407 82.9351 82.5295 82.1239 81.7184 81.313 80.9077 80.5024 80.0971 79.6919 79.2868 78.8818 78.4768 78.0719 77.6671 77.2623 76.8577 76.453 76.0485 75.644 75.2395 74.8351 74.4307 74.0263 73.622 73.2178 72.8136 72.4095 72.0054 71.6014 71.1973 70.7933 70.3894 69.9854 69.5814 69.1775 68.7736 68.3697 67.9658 67.5619 67.158 66.7542 66.3504 65.9465 65.5427 65.139 64.7352 64.3315 63.9278 63.5241 63.1204 62.7168 62.3132 61.9097 61.5061 61.1027 60.6992 60.2958 59.8925 59.4891 59.0859 58.6826 58.2794 57.8763 57.4732 57.0702 56.6673 56.2643 55.8615 55.4587 55.0559 54.6532 54.2506 53.848 53.4455 53.043 52.6406 52.2382 51.8359 51.4337 51.0315 50.6294 50.2274 49.8254 49.4235 49.0217 48.6199 48.2181 47.8164 47.4148 47.0133 46.6118 46.2104 45.809 45.4077 45.0065 44.6053 44.2042 43.8032 43.4022 43.0013 42.6005 42.1997 41.799 41.3984 40.9978 40.5973 40.1969 39.7965 39.3962 38.996 38.5959 38.1958 37.7958 37.3959 36.9961 36.5963 36.1966 35.7969 35.3974 34.9979 34.5985 34.1991 33.7999 33.4007 33.0016 32.6026 32.2036 31.8047 31.4058 31.007 30.6083 30.2096 29.811 29.4124 29.0139 28.6155 28.2171 27.8188 27.4206 27.0224 26.6243 26.2262 25.8282 25.4303 25.0324 24.6346 24.2368 23.839 23.4413 23.0436 22.646 22.2484 21.8509 21.4534 21.0559 20.6585 20.2611 19.8637 19.4663 19.069 18.6717 18.2744 17.8771 17.4798 17.0825 16.6853 16.288 15.8907 15.4935 15.0962 14.6989 14.3016 13.9043 13.507 13.1097 12.7124 12.3151 11.9178 11.5205 11.1233 10.726 10.3287 9.93136 9.53406 9.13677 8.73948 8.34219 7.9449 7.54761 7.15032 6.75304 6.35576 5.95849 5.56123 5.16398 4.76674 4.3695 3.97227 3.57503 3.1778 2.78056 2.38332 1.98608 1.58885 1.19163 0.794413 0.397205 0. 
100. 99.5934 99.1867 98.7801 98.3735 97.9669 97.5603 97.1537 96.7471 96.3405 95.9339 95.5273 95.1208 94.7142 94.3077 93.9012 93.4946 93.0882 92.6817 92.2752 91.8688 91.4624 91.056 90.6496 90.2433 89.837 89.4307 89.0244 88.6182 88.212 87.8059 87.3997 86.9936 86.5876 86.1815 85.7755 85.3696 84.9637 84.5579 84.1521 83.7464 83.3407 82.9351 82.5295 82.1239 81.7184 81.313 80.9076 80.5023 80.0971 79.6919 79.2868 78.8818 78.4768 78.0719 77.6671 77.2623 76.8577 76.453 76.0485 75.644 75.2395 74.835 74.4307 74.0263 73.622 73.2178 72.8136 72.4095 72.0054 71.6013 71.1973 70.7933 70.3893 69.9854 69.5814 69.1775 68.7736 68.3696 67.9658 67.5619 67.158 66.7542 66.3503 65.9465 65.5427 65.1389 64.7352 64.3315 63.9277 63.5241 63.1204 62.7168 62.3132 61.9096 61.5061 61.1026 60.6992 60.2958 59.8924 59.4891 59.0858 58.6826 58.2794 57.8763 57.4732 57.0702 56.6672 56.2643 55.8615 55.4586 55.0559 54.6532 54.2505 53.848 53.4454 53.043 52.6406 52.2382 51.8359 51.4337 51.0315 50.6294 50.2274 49.8254 49.4235 49.0216 48.6198 48.2181 47.8164 47.4148 47.0132 46.6118 46.2103 45.809 45.4077 45.0065 44.6053 44.2042 43.8032 43.4022 43.0013 42.6004 42.1997 41.799 41.3983 40.9978 40.5973 40.1968 39.7965 39.3962 38.996 38.5958 38.1958 37.7958 37.3959 36.9961 36.5963 36.1966 35.7969 35.3973 34.9978 34.5984 34.1991 33.7999 33.4007 33.0016 32.6025 32.2036 31.8046 31.4058 31.007 30.6082 30.2096 29.8109 29.4124 29.0139 28.6155 28.2171 27.8188 27.4206 27.0224 26.6243 26.2262 25.8282 25.4303 25.0324 24.6345 24.2367 23.839 23.4413 23.0436 22.646 22.2484 21.8509 21.4534 21.0559 20.6585 20.2611 19.8637 19.4663 19.069 18.6717 18.2744 17.8771 17.4798 17.0825 16.6853 16.288 15.8907 15.4934 15.0962 14.6989 14.3016 13.9043 13.507 13.1097 12.7124 12.3151 11.9178 11.5205 11.1232 10.7259 10.3286 9.93135 9.53406 9.13676 8.73947 8.34218 7.94489 7.5476 7.15032 6.75303 6.35576 5.95849 5.56123 5.16398 4.76673 4.3695 3.97226 3.57503 3.17779 2.78056 2.38332 1.98608 1.58885 1.19163 0.794412 0.397204 0. 
100. 99.5934 99.1867 98.7801 98.3735 97.9669 97.5603 97.1537 96.7471 96.3405 95.9339 95.5273 95.1208 94.7142 94.3077 93.9011 93.4946 93.0881 92.6817 92.2752 91.8688 91.4624 91.056 90.6496 90.2433 89.8369 89.4307 89.0244 88.6182 88.212 87.8058 87.3997 86.9936 86.5875 86.1815 85.7755 85.3696 84.9637 84.5579 84.1521 83.7464 83.3407 82.9351 82.5295 82.1239 81.7184 81.313 80.9076 80.5023 80.0971 79.6919 79.2868 78.8818 78.4768 78.0719 77.6671 77.2623 76.8577 76.453 76.0485 75.644 75.2395 74.835 74.4307 74.0263 73.622 73.2178 72.8136 72.4095 72.0054 71.6013 71.1973 70.7933 70.3893 69.9854 69.5814 69.1775 68.7735 68.3696 67.9657 67.5619 67.158 66.7541 66.3503 65.9465 65.5427 65.1389 64.7352 64.3314 63.9277 63.5241 63.1204 62.7168 62.3132 61.9096 61.5061 61.1026 60.6992 60.2958 59.8924 59.4891 59.0858 58.6826 58.2794 57.8763 57.4732 57.0702 56.6672 56.2643 55.8614 55.4586 55.0559 54.6532 54.2505 53.848 53.4454 53.043 52.6406 52.2382 51.8359 51.4337 51.0315 50.6294 50.2274 49.8254 49.4235 49.0216 48.6198 48.2181 47.8164 47.4148 47.0132 46.6117 46.2103 45.809 45.4077 45.0065 44.6053 44.2042 43.8031 43.4022 43.0013 42.6004 42.1997 41.799 41.3983 40.9978 40.5972 40.1968 39.7964 39.3962 38.9959 38.5958 38.1958 37.7958 37.3959 36.996 36.5962 36.1965 35.7969 35.3973 34.9978 34.5984 34.1991 33.7998 33.4006 33.0015 32.6025 32.2035 31.8046 31.4058 31.0069 30.6082 30.2095 29.8109 29.4124 29.0139 28.6155 28.2171 27.8188 27.4206 27.0224 26.6243 26.2262 25.8282 25.4303 25.0324 24.6345 24.2367 23.839 23.4413 23.0436 22.646 22.2484 21.8509 21.4534 21.0559 20.6585 20.2611 19.8637 19.4663 19.069 18.6717 18.2744 17.8771 17.4798 17.0825 16.6853 16.288 15.8907 15.4934 15.0962 14.6989 14.3016 13.9043 13.507 13.1097 12.7124 12.3151 11.9178 11.5205 11.1232 10.7259 10.3286 9.93134 9.53405 9.13675 8.73946 8.34217 7.94488 7.5476 7.15031 6.75303 6.35575 5.95848 5.56122 5.16397 4.76673 4.36949 3.97226 3.57502 3.17779 2.78055 2.38331 1.98608 1.58885 1.19163 0.794411 0.397204 0. 
100. 99.5934 99.1867 98.7801 98.3735 97.9669 97.5603 97.1537 96.7471 96.3405 95.9339 95.5273 95.1208 94.7142 94.3077 93.9011 93.4946 93.0881 92.6817 92.2752 91.8688 91.4623 91.056 90.6496 90.2433 89.8369 89.4306 89.0244 88.6182 88.212 87.8058 87.3997 86.9936 86.5875 86.1815 85.7755 85.3696 84.9637 84.5579 84.1521 83.7464 83.3407 82.9351 82.5294 82.1239 81.7184 81.313 80.9076 80.5023 80.0971 79.6919 79.2868 78.8817 78.4768 78.0719 77.667 77.2623 76.8576 76.453 76.0485 75.6439 75.2395 74.835 74.4306 74.0263 73.622 73.2178 72.8136 72.4095 72.0054 71.6013 71.1973 70.7933 70.3893 69.9854 69.5814 69.1775 68.7735 68.3696 67.9657 67.5619 67.158 66.7541 66.3503 65.9465 65.5427 65.1389 64.7352 64.3314 63.9277 63.524 63.1204 62.7168 62.3132 61.9096 61.5061 61.1026 60.6992 60.2958 59.8924 59.4891 59.0858 58.6826 58.2794 57.8763 57.4732 57.0702 56.6672 56.2643 55.8614 55.4586 55.0559 54.6532 54.2505 53.8479 53.4454 53.0429 52.6405 52.2382 51.8359 51.4337 51.0315 50.6294 50.2273 49.8254 49.4235 49.0216 48.6198 48.2181 47.8164 47.4148 47.0132 46.6117 46.2103 45.809 45.4077 45.0064 44.6053 44.2042 43.8031 43.4021 43.0012 42.6004 42.1996 41.7989 41.3983 40.9977 40.5972 40.1968 39.7964 39.3961 38.9959 38.5958 38.1957 37.7958 37.3958 36.996 36.5962 36.1965 35.7969 35.3973 34.9978 34.5984 34.199 33.7998 33.4006 33.0015 32.6025 32.2035 31.8046 31.4057 31.0069 30.6082 30.2095 29.8109 29.4123 29.0139 28.6154 28.2171 27.8188 27.4205 27.0224 26.6242 26.2262 25.8282 25.4303 25.0324 24.6345 24.2367 23.839 23.4413 23.0436 22.646 22.2484 21.8509 21.4534 21.0559 20.6585 20.2611 19.8637 19.4663 19.069 18.6717 18.2744 17.8771 17.4798 17.0825 16.6853 16.288 15.8907 15.4934 15.0962 14.6989 14.3016 13.9043 13.507 13.1097 12.7124 12.3151 11.9178 11.5205 11.1232 10.7259 10.3286 9.93133 9.53404 9.13675 8.73946 8.34217 7.94488 7.54759 7.1503 6.75302 6.35574 5.95847 5.56121 5.16396 4.76672 4.36949 3.97225 3.57502 3.17779 2.78055 2.38331 1.98607 1.58885 1.19162 0.79441 0.397203 0. 
100. 99.5934 99.1867 98.7801 98.3735 97.9669 97.5603 97.1537 96.7471 96.3405 95.9339 95.5273 95.1207 94.7142 94.3077 93.9011 93.4946 93.0881 92.6817 92.2752 91.8687 91.4623 91.0559 90.6496 90.2432 89.8369 89.4306 89.0244 88.6182 88.212 87.8058 87.3997 86.9936 86.5875 86.1815 85.7755 85.3696 84.9637 84.5579 84.1521 83.7464 83.3407 82.935 82.5294 82.1239 81.7184 81.313 80.9076 80.5023 80.0971 79.6919 79.2868 78.8817 78.4767 78.0718 77.667 77.2623 76.8576 76.453 76.0484 75.6439 75.2395 74.835 74.4306 74.0263 73.622 73.2178 72.8136 72.4095 72.0054 71.6013 71.1973 70.7933 70.3893 69.9853 69.5814 69.1774 68.7735 68.3696 67.9657 67.5618 67.158 66.7541 66.3503 65.9465 65.5427 65.1389 64.7351 64.3314 63.9277 63.524 63.1204 62.7167 62.3131 61.9096 61.5061 61.1026 60.6991 60.2957 59.8924 59.4891 59.0858 58.6826 58.2794 57.8762 57.4732 57.0701 56.6672 56.2643 55.8614 55.4586 55.0558 54.6531 54.2505 53.8479 53.4454 53.0429 52.6405 52.2382 51.8359 51.4336 51.0315 50.6294 50.2273 49.8254 49.4234 49.0216 48.6198 48.218 47.8163 47.4147 47.0132 46.6117 46.2103 45.8089 45.4076 45.0064 44.6052 44.2041 43.8031 43.4021 43.0012 42.6004 42.1996 41.7989 41.3983 40.9977 40.5972 40.1968 39.7964 39.3961 38.9959 38.5958 38.1957 37.7957 37.3958 36.996 36.5962 36.1965 35.7968 35.3972 34.9978 34.5983 34.199 33.7998 33.4006 33.0015 32.6024 32.2035 31.8045 31.4057 31.0069 30.6081 30.2095 29.8109 29.4123 29.0138 28.6154 28.217 27.8187 27.4205 27.0223 26.6242 26.2262 25.8282 25.4302 25.0323 24.6345 24.2367 23.839 23.4413 23.0436 22.646 22.2484 21.8509 21.4534 21.0559 20.6585 20.2611 19.8637 19.4663 19.069 18.6717 18.2744 17.8771 17.4798 17.0825 16.6853 16.288 15.8907 15.4934 15.0962 14.6989 14.3016 13.9043 13.507 13.1097 12.7124 12.3151 11.9178 11.5205 11.1232 10.7259 10.3286 9.93132 9.53403 9.13674 8.73945 8.34216 7.94487 7.54758 7.15029 6.75301 6.35573 5.95847 5.56121 5.16396 4.76672 4.36948 3.97225 3.57502 3.17778 2.78054 2.38331 1.98607 1.58884 1.19162 0.794409 0.397203 0. 
100. 99.5934 99.1867 98.7801 98.3735 97.9669 97.5603 97.1537 96.7471 96.3405 95.9339 95.5273 95.1207 94.7142 94.3076 93.9011 93.4946 93.0881 92.6816 92.2752 91.8687 91.4623 91.0559 90.6496 90.2432 89.8369 89.4306 89.0244 88.6181 88.212 87.8058 87.3997 86.9936 86.5875 86.1815 85.7755 85.3695 84.9637 84.5578 84.1521 83.7464 83.3407 82.935 82.5294 82.1239 81.7184 81.313 80.9076 80.5023 80.0971 79.6919 79.2868 78.8817 78.4767 78.0718 77.667 77.2623 76.8576 76.453 76.0484 75.6439 75.2394 74.835 74.4306 74.0263 73.622 73.2177 72.8136 72.4094 72.0054 71.6013 71.1973 70.7933 70.3893 69.9853 69.5814 69.1774 68.7735 68.3696 67.9657 67.5618 67.1579 66.7541 66.3503 65.9464 65.5427 65.1389 64.7351 64.3314 63.9277 63.524 63.1203 62.7167 62.3131 61.9096 61.506 61.1026 60.6991 60.2957 59.8924 59.489 59.0858 58.6825 58.2793 57.8762 57.4731 57.0701 56.6672 56.2642 55.8614 55.4586 55.0558 54.6531 54.2505 53.8479 53.4454 53.0429 52.6405 52.2381 51.8358 51.4336 51.0314 50.6293 50.2273 49.8253 49.4234 49.0216 48.6198 48.218 47.8163 47.4147 47.0131 46.6117 46.2103 45.8089 45.4076 45.0064 44.6052 44.2041 43.8031 43.4021 43.0012 42.6003 42.1996 41.7989 41.3982 40.9977 40.5972 40.1967 39.7963 39.3961 38.9958 38.5957 38.1957 37.7957 37.3958 36.9959 36.5961 36.1964 35.7968 35.3972 34.9977 34.5983 34.199 33.7997 33.4005 33.0014 32.6024 32.2034 31.8045 31.4056 31.0068 30.6081 30.2094 29.8108 29.4123 29.0138 28.6154 28.217 27.8187 27.4205 27.0223 26.6242 26.2261 25.8282 25.4302 25.0323 24.6345 24.2367 23.8389 23.4412 23.0436 22.646 22.2484 21.8509 21.4534 21.0559 20.6585 20.2611 19.8637 19.4663 19.069 18.6717 18.2744 17.8771 17.4798 17.0825 16.6853 16.288 15.8907 15.4934 15.0962 14.6989 14.3016 13.9043 13.507 13.1097 12.7124 12.3151 11.9178 11.5205 11.1232 10.7259 10.3286 9.93132 9.53402 9.13673 8.73944 8.34215 7.94486 7.54757 7.15029 6.753 6.35573 5.95846 5.5612 5.16395 4.76671 4.36948 3.97224 3.57501 3.17778 2.78054 2.3833 1.98607 1.58884 1.19162 0.794408 0.397202 0. 
100. 99.5934 99.1867 98.7801 98.3735 97.9669 97.5603 97.1537 96.7471 96.3405 95.9339 95.5273 95.1207 94.7142 94.3076 93.9011 93.4946 93.0881 92.6816 92.2752 91.8687 91.4623 91.0559 90.6496 90.2432 89.8369 89.4306 89.0243 88.6181 88.2119 87.8058 87.3997 86.9936 86.5875 86.1814 85.7755 85.3695 84.9636 84.5578 84.1521 83.7463 83.3406 82.935 82.5294 82.1238 81.7184 81.3129 80.9076 80.5023 80.097 79.6919 79.2867 78.8817 78.4767 78.0718 77.667 77.2623 76.8576 76.453 76.0484 75.6439 75.2394 74.835 74.4306 74.0263 73.622 73.2177 72.8136 72.4094 72.0053 71.6013 71.1973 70.7933 70.3893 69.9853 69.5814 69.1774 68.7735 68.3696 67.9657 67.5618 67.1579 66.7541 66.3503 65.9464 65.5426 65.1389 64.7351 64.3314 63.9277 63.524 63.1203 62.7167 62.3131 61.9096 61.506 61.1025 60.6991 60.2957 59.8923 59.489 59.0857 58.6825 58.2793 57.8762 57.4731 57.0701 56.6671 56.2642 55.8614 55.4585 55.0558 54.6531 54.2504 53.8479 53.4453 53.0429 52.6405 52.2381 51.8358 51.4336 51.0314 50.6293 50.2273 49.8253 49.4234 49.0215 48.6197 48.218 47.8163 47.4147 47.0131 46.6117 46.2102 45.8089 45.4076 45.0064 44.6052 44.2041 43.803 43.4021 43.0012 42.6003 42.1996 41.7989 41.3982 40.9977 40.5971 40.1967 39.7963 39.396 38.9958 38.5957 38.1956 37.7957 37.3958 36.9959 36.5961 36.1964 35.7968 35.3972 34.9977 34.5983 34.1989 33.7997 33.4005 33.0014 32.6024 32.2034 31.8045 31.4056 31.0068 30.6081 30.2094 29.8108 29.4123 29.0138 28.6154 28.217 27.8187 27.4205 27.0223 26.6242 26.2261 25.8281 25.4302 25.0323 24.6345 24.2367 23.8389 23.4412 23.0436 22.646 22.2484 21.8509 21.4534 21.0559 20.6585 20.2611 19.8637 19.4663 19.069 18.6717 18.2744 17.8771 17.4798 17.0825 16.6852 16.288 15.8907 15.4934 15.0961 14.6989 14.3016 13.9043 13.507 13.1097 12.7124 12.3151 11.9178 11.5205 11.1232 10.7259 10.3286 9.93131 9.53402 9.13673 8.73944 8.34215 7.94486 7.54757 7.15028 6.753 6.35572 5.95845 5.56119 5.16394 4.7667 4.36947 3.97224 3.57501 3.17777 2.78054 2.3833 1.98607 1.58884 1.19162 0.794407 0.397202 0. 
100. 99.5934 99.1867 98.7801 98.3735 97.9669 97.5602 97.1536 96.747 96.3405 95.9339 95.5273 95.1207 94.7142 94.3076 93.9011 93.4946 93.0881 92.6816 92.2752 91.8687 91.4623 91.0559 90.6495 90.2432 89.8369 89.4306 89.0243 88.6181 88.2119 87.8058 87.3996 86.9935 86.5875 86.1814 85.7754 85.3695 84.9636 84.5578 84.152 83.7463 83.3406 82.935 82.5294 82.1238 81.7183 81.3129 80.9076 80.5023 80.097 79.6918 79.2867 78.8817 78.4767 78.0718 77.667 77.2623 76.8576 76.453 76.0484 75.6439 75.2394 74.835 74.4306 74.0263 73.622 73.2177 72.8136 72.4094 72.0053 71.6013 71.1973 70.7933 70.3893 69.9853 69.5813 69.1774 68.7735 68.3696 67.9657 67.5618 67.1579 66.7541 66.3502 65.9464 65.5426 65.1388 64.7351 64.3313 63.9276 63.524 63.1203 62.7167 62.3131 61.9095 61.506 61.1025 60.6991 60.2957 59.8923 59.489 59.0857 58.6825 58.2793 57.8762 57.4731 57.0701 56.6671 56.2642 55.8613 55.4585 55.0558 54.6531 54.2504 53.8478 53.4453 53.0429 52.6405 52.2381 51.8358 51.4336 51.0314 50.6293 50.2273 49.8253 49.4234 49.0215 48.6197 48.218 47.8163 47.4147 47.0131 46.6117 46.2102 45.8089 45.4076 45.0064 44.6052 44.2041 43.803 43.4021 43.0012 42.6003 42.1996 41.7989 41.3982 40.9977 40.5971 40.1967 39.7963 39.396 38.9958 38.5957 38.1956 37.7957 37.3958 36.9959 36.5961 36.1964 35.7968 35.3972 34.9977 34.5983 34.1989 33.7997 33.4005 33.0014 32.6024 32.2034 31.8045 31.4056 31.0068 30.6081 30.2094 29.8108 29.4123 29.0138 28.6154 28.217 27.8187 27.4205 27.0223 26.6242 26.2261 25.8281 25.4302 25.0323 24.6345 24.2367 23.8389 23.4412 23.0436 22.646 22.2484 21.8509 21.4534 21.0559 20.6585 20.2611 19.8637 19.4663 19.069 18.6717 18.2744 17.8771 17.4798 17.0825 16.6852 16.288 15.8907 15.4934 15.0961 14.6989 14.3016 13.9043 13.507 13.1097 12.7124 12.3151 11.9178 11.5205 11.1232 10.7259 10.3286 9.9313 9.53401 9.13672 8.73943 8.34214 7.94485 7.54756 7.15028 6.75299 6.35572 5.95845 5.56119 5.16394 4.7667 4.36947 3.97223 3.575 3.17777 2.78053 2.3833 1.98607 1.58884 1.19162 0.794409 0.397203 0. 
100. 99.5934 99.1867 98.7801 98.3735 97.9669 97.5603 97.1536 96.747 96.3405 95.9339 95.5273 95.1207 94.7142 94.3076 93.9011 93.4946 93.0881 92.6816 92.2752 91.8687 91.4623 91.0559 90.6495 90.2432 89.8369 89.4306 89.0243 88.6181 88.2119 87.8058 87.3996 86.9935 86.5875 86.1814 85.7754 85.3695 84.9636 84.5578 84.152 83.7463 83.3406 82.935 82.5294 82.1238 81.7183 81.3129 80.9076 80.5023 80.097 79.6919 79.2867 78.8817 78.4767 78.0718 77.667 77.2623 76.8576 76.453 76.0484 75.6439 75.2394 74.835 74.4306 74.0263 73.622 73.2177 72.8136 72.4094 72.0053 71.6013 71.1973 70.7933 70.3893 69.9853 69.5813 69.1774 68.7735 68.3696 67.9657 67.5618 67.1579 66.7541 66.3502 65.9464 65.5426 65.1388 64.7351 64.3313 63.9276 63.524 63.1203 62.7167 62.3131 61.9095 61.506 61.1025 60.6991 60.2957 59.8923 59.489 59.0857 58.6825 58.2793 57.8762 57.4731 57.0701 56.6671 56.2642 55.8613 55.4585 55.0558 54.6531 54.2504 53.8478 53.4453 53.0429 52.6405 52.2381 51.8358 51.4336 51.0314 50.6293 50.2273 49.8253 49.4234 49.0215 48.6197 48.218 47.8163 47.4147 47.0131 46.6117 46.2102 45.8089 45.4076 45.0064 44.6052 44.2041 43.803 43.4021 43.0012 42.6003 42.1996 41.7989 41.3982 40.9976 40.5971 40.1967 39.7963 39.396 38.9958 38.5957 38.1956 37.7957 37.3957 36.9959 36.5961 36.1964 35.7967 35.3972 34.9977 34.5983 34.1989 33.7997 33.4005 33.0014 32.6024 32.2034 31.8045 31.4056 31.0068 30.6081 30.2094 29.8108 29.4122 29.0138 28.6153 28.217 27.8187 27.4205 27.0223 26.6242 26.2261 25.8281 25.4302 25.0323 24.6345 24.2367 23.8389 23.4412 23.0436 22.646 22.2484 21.8509 21.4534 21.0559 20.6585 20.2611 19.8637 19.4663 19.069 18.6717 18.2744 17.8771 17.4798 17.0825 16.6852 16.288 15.8907 15.4934 15.0961 14.6989 14.3016 13.9043 13.507 13.1097 12.7124 12.3151 11.9178 11.5205 11.1232 10.7259 10.3286 9.93129 9.534 9.13671 8.73943 8.34214 7.94485 7.54756 7.15027 6.75299 6.35571 5.95844 5.56119 5.16394 4.7667 4.36946 3.97223 3.575 3.17776 2.78053 2.3833 1.98607 1.58884 1.19162 0.79441 0.397204 0. 
100. 99.5934 99.1867 98.7801 98.3735 97.9669 97.5602 97.1536 96.747 96.3405 95.9339 95.5273 95.1207 94.7142 94.3076 93.9011 93.4946 93.0881 92.6816 92.2752 91.8687 91.4623 91.0559 90.6495 90.2432 89.8369 89.4306 89.0243 88.6181 88.2119 87.8058 87.3996 86.9935 86.5875 86.1814 85.7754 85.3695 84.9636 84.5578 84.152 83.7463 83.3406 82.935 82.5294 82.1238 81.7184 81.3129 80.9076 80.5023 80.097 79.6919 79.2867 78.8817 78.4767 78.0718 77.667 77.2623 76.8576 76.453 76.0484 75.6439 75.2394 74.835 74.4306 74.0263 73.622 73.2177 72.8136 72.4094 72.0053 71.6013 71.1972 70.7932 70.3893 69.9853 69.5813 69.1774 68.7735 68.3696 67.9657 67.5618 67.1579 66.7541 66.3502 65.9464 65.5426 65.1388 64.7351 64.3313 63.9276 63.5239 63.1203 62.7167 62.3131 61.9095 61.506 61.1025 60.6991 60.2957 59.8923 59.489 59.0857 58.6825 58.2793 57.8762 57.4731 57.0701 56.6671 56.2642 55.8613 55.4585 55.0558 54.6531 54.2504 53.8478 53.4453 53.0429 52.6405 52.2381 51.8358 51.4336 51.0314 50.6293 50.2273 49.8253 49.4234 49.0215 48.6197 48.218 47.8163 47.4147 47.0131 46.6117 46.2102 45.8089 45.4076 45.0064 44.6052 44.2041 43.803 43.4021 43.0012 42.6003 42.1996 41.7989 41.3982 40.9976 40.5971 40.1967 39.7963 39.396 38.9958 38.5957 38.1956 37.7957 37.3957 36.9959 36.5961 36.1964 35.7967 35.3972 34.9977 34.5983 34.1989 33.7997 33.4005 33.0014 32.6024 32.2034 31.8045 31.4056 31.0068 30.6081 30.2094 29.8108 29.4122 29.0138 28.6153 28.217 27.8187 27.4205 27.0223 26.6242 26.2261 25.8281 25.4302 25.0323 24.6345 24.2367 23.8389 23.4412 23.0436 22.646 22.2484 21.8509 21.4534 21.0559 20.6585 20.2611 19.8637 19.4663 19.069 18.6717 18.2744 17.8771 17.4798 17.0825 16.6852 16.288 15.8907 15.4934 15.0961 14.6989 14.3016 13.9043 13.507 13.1097 12.7124 12.3151 11.9178 11.5205 11.1232 10.7259 10.3286 9.93129 9.534 9.13671 8.73942 8.34213 7.94484 7.54755 7.15027 6.75298 6.35571 5.95844 5.56118 5.16393 4.76669 4.36946 3.97223 3.57499 3.17776 2.78053 2.38329 1.98606 1.58884 1.19162 0.794411 0.397204 0. 
100. 99.5934 99.1867 98.7801 98.3735 97.9669 97.5602 97.1536 96.747 96.3404 95.9339 95.5273 95.1207 94.7142 94.3076 93.9011 93.4946 93.0881 92.6816 92.2751 91.8687 91.4623 91.0559 90.6495 90.2432 89.8368 89.4306 89.0243 88.6181 88.2119 87.8058 87.3996 86.9935 86.5874 86.1814 85.7754 85.3695 84.9636 84.5578 84.152 83.7463 83.3406 82.935 82.5294 82.1238 81.7184 81.3129 80.9076 80.5023 80.097 79.6919 79.2867 78.8817 78.4767 78.0718 77.667 77.2623 76.8576 76.453 76.0484 75.6439 75.2394 74.835 74.4306 74.0263 73.622 73.2177 72.8136 72.4094 72.0053 71.6013 71.1972 70.7932 70.3892 69.9853 69.5813 69.1774 68.7735 68.3695 67.9656 67.5618 67.1579 66.754 66.3502 65.9464 65.5426 65.1388 64.735 64.3313 63.9276 63.5239 63.1203 62.7167 62.3131 61.9095 61.506 61.1025 60.6991 60.2957 59.8923 59.489 59.0857 58.6825 58.2793 57.8762 57.4731 57.0701 56.6671 56.2642 55.8613 55.4585 55.0558 54.653 54.2504 53.8478 53.4453 53.0429 52.6404 52.2381 51.8358 51.4336 51.0314 50.6293 50.2273 49.8253 49.4234 49.0215 48.6197 48.218 47.8163 47.4147 47.0131 46.6116 46.2102 45.8089 45.4076 45.0063 44.6052 44.2041 43.803 43.4021 43.0011 42.6003 42.1995 41.7988 41.3982 40.9976 40.5971 40.1967 39.7963 39.396 38.9958 38.5957 38.1956 37.7956 37.3957 36.9959 36.5961 36.1964 35.7967 35.3972 34.9977 34.5983 34.1989 33.7997 33.4005 33.0014 32.6023 32.2034 31.8044 31.4056 31.0068 30.608 30.2094 29.8108 29.4122 29.0137 28.6153 28.217 27.8187 27.4205 27.0223 26.6242 26.2261 25.8281 25.4302 25.0323 24.6345 24.2367 23.8389 23.4412 23.0436 22.646 22.2484 21.8509 21.4534 21.0559 20.6585 20.2611 19.8637 19.4663 19.069 18.6717 18.2744 17.8771 17.4798 17.0825 16.6852 16.288 15.8907 15.4934 15.0961 14.6989 14.3016 13.9043 13.507 13.1097 12.7124 12.3151 11.9178 11.5205 11.1232 10.7259 10.3286 9.93128 9.53399 9.1367 8.73941 8.34212 7.94484 7.54755 7.15026 6.75298 6.3557 5.95843 5.56118 5.16393 4.76669 4.36945 3.97222 3.57499 3.17776 2.78052 2.38329 1.98606 1.58884 1.19162 0.794411 0.397204 0. 
100. 99.5934 99.1867 98.7801 98.3735 97.9669 97.5602 97.1536 96.747 96.3404 95.9339 95.5273 95.1207 94.7142 94.3076 93.9011 93.4946 93.0881 92.6816 92.2751 91.8687 91.4623 91.0559 90.6495 90.2432 89.8368 89.4306 89.0243 88.6181 88.2119 87.8057 87.3996 86.9935 86.5874 86.1814 85.7754 85.3695 84.9636 84.5578 84.152 83.7463 83.3406 82.935 82.5294 82.1238 81.7183 81.3129 80.9076 80.5023 80.097 79.6919 79.2867 78.8817 78.4767 78.0718 77.667 77.2623 76.8576 76.453 76.0484 75.6439 75.2394 74.835 74.4306 74.0263 73.622 73.2177 72.8136 72.4094 72.0053 71.6013 71.1972 70.7932 70.3892 69.9853 69.5813 69.1774 68.7734 68.3695 67.9656 67.5618 67.1579 66.754 66.3502 65.9464 65.5426 65.1388 64.735 64.3313 63.9276 63.5239 63.1203 62.7166 62.3131 61.9095 61.506 61.1025 60.699 60.2956 59.8923 59.489 59.0857 58.6825 58.2793 57.8762 57.4731 57.0701 56.6671 56.2642 55.8613 55.4585 55.0557 54.653 54.2504 53.8478 53.4453 53.0428 52.6404 52.2381 51.8358 51.4336 51.0314 50.6293 50.2273 49.8253 49.4234 49.0215 48.6197 48.218 47.8163 47.4147 47.0131 46.6116 46.2102 45.8089 45.4076 45.0063 44.6052 44.2041 43.803 43.402 43.0011 42.6003 42.1995 41.7988 41.3982 40.9976 40.5971 40.1967 39.7963 39.396 38.9958 38.5957 38.1956 37.7956 37.3957 36.9959 36.5961 36.1964 35.7967 35.3971 34.9976 34.5982 34.1989 33.7996 33.4005 33.0014 32.6023 32.2033 31.8044 31.4056 31.0068 30.608 30.2094 29.8107 29.4122 29.0137 28.6153 28.217 27.8187 27.4204 27.0223 26.6242 26.2261 25.8281 25.4302 25.0323 24.6345 24.2367 23.8389 23.4412 23.0436 22.646 22.2484 21.8509 21.4534 21.0559 20.6585 20.2611 19.8637 19.4663 19.069 18.6717 18.2744 17.8771 17.4798 17.0825 16.6852 16.288 15.8907 15.4934 15.0961 14.6988 14.3016 13.9043 13.507 13.1097 12.7124 12.3151 11.9178 11.5205 11.1232 10.7259 10.3286 9.93128 9.53399 9.1367 8.73941 8.34212 7.94483 7.54754 7.15025 6.75297 6.3557 5.95843 5.56117 5.16392 4.76668 4.36945 3.97222 3.57499 3.17775 2.78052 2.38329 1.98606 1.58884 1.19162 0.794411 0.397204 0. 
100. 99.5934 99.1867 98.7801 98.3735 97.9669 97.5602 97.1536 96.747 96.3404 95.9339 95.5273 95.1207 94.7142 94.3076 93.9011 93.4946 93.0881 92.6816 92.2751 91.8687 91.4623 91.0559 90.6495 90.2432 89.8368 89.4305 89.0243 88.6181 88.2119 87.8057 87.3996 86.9935 86.5874 86.1814 85.7754 85.3695 84.9636 84.5578 84.152 83.7463 83.3406 82.935 82.5294 82.1238 81.7183 81.3129 80.9076 80.5023 80.097 79.6919 79.2867 78.8817 78.4767 78.0718 77.667 77.2623 76.8576 76.453 76.0484 75.6439 75.2394 74.835 74.4306 74.0263 73.622 73.2177 72.8136 72.4094 72.0053 71.6013 71.1972 70.7932 70.3892 69.9853 69.5813 69.1774 68.7734 68.3695 67.9656 67.5617 67.1579 66.754 66.3502 65.9464 65.5426 65.1388 64.735 64.3313 63.9276 63.5239 63.1203 62.7166 62.313 61.9095 61.506 61.1025 60.699 60.2956 59.8923 59.4889 59.0857 58.6824 58.2793 57.8762 57.4731 57.0701 56.6671 56.2642 55.8613 55.4585 55.0557 54.653 54.2504 53.8478 53.4453 53.0428 52.6404 52.2381 51.8358 51.4336 51.0314 50.6293 50.2273 49.8253 49.4234 49.0215 48.6197 48.218 47.8163 47.4147 47.0131 46.6116 46.2102 45.8089 45.4076 45.0063 44.6052 44.2041 43.803 43.402 43.0011 42.6003 42.1995 41.7988 41.3982 40.9976 40.5971 40.1967 39.7963 39.396 38.9958 38.5957 38.1956 37.7956 37.3957 36.9958 36.596 36.1963 35.7967 35.3971 34.9976 34.5982 34.1989 33.7996 33.4004 33.0013 32.6023 32.2033 31.8044 31.4055 31.0067 30.608 30.2093 29.8107 29.4122 29.0137 28.6153 28.2169 27.8187 27.4204 27.0223 26.6242 26.2261 25.8281 25.4302 25.0323 24.6345 24.2367 23.8389 23.4412 23.0436 22.646 22.2484 21.8509 21.4534 21.0559 20.6585 20.2611 19.8637 19.4663 19.069 18.6717 18.2744 17.8771 17.4798 17.0825 16.6852 16.288 15.8907 15.4934 15.0961 14.6988 14.3016 13.9043 13.507 13.1097 12.7124 12.3151 11.9178 11.5205 11.1232 10.7259 10.3286 9.93127 9.53398 9.13669 8.7394 8.34211 7.94482 7.54753 7.15025 6.75297 6.35569 5.95842 5.56117 5.16392 4.76668 4.36944 3.97221 3.57498 3.17775 2.78052 2.38329 1.98606 1.58884 1.19162 0.794411 0.397204 0. 
100. 99.5934 99.1867 98.7801 98.3735 97.9669 97.5602 97.1536 96.747 96.3404 95.9339 95.5273 95.1207 94.7142 94.3076 93.9011 93.4946 93.0881 92.6816 92.2751 91.8687 91.4622 91.0558 90.6495 90.2431 89.8368 89.4305 89.0243 88.6181 88.2119 87.8057 87.3996 86.9935 86.5874 86.1814 85.7754 85.3695 84.9636 84.5578 84.152 83.7463 83.3406 82.935 82.5294 82.1238 81.7183 81.3129 80.9076 80.5023 80.097 79.6918 79.2867 78.8817 78.4767 78.0718 77.667 77.2623 76.8576 76.453 76.0484 75.6439 75.2394 74.835 74.4306 74.0263 73.622 73.2177 72.8136 72.4094 72.0053 71.6012 71.1972 70.7932 70.3892 69.9853 69.5813 69.1774 68.7734 68.3695 67.9656 67.5617 67.1579 66.754 66.3502 65.9463 65.5425 65.1388 64.735 64.3313 63.9276 63.5239 63.1202 62.7166 62.313 61.9095 61.506 61.1025 60.699 60.2956 59.8923 59.4889 59.0857 58.6824 58.2793 57.8761 57.4731 57.0701 56.6671 56.2642 55.8613 55.4585 55.0557 54.653 54.2504 53.8478 53.4453 53.0428 52.6404 52.2381 51.8358 51.4335 51.0314 50.6293 50.2273 49.8253 49.4234 49.0215 48.6197 48.2179 47.8163 47.4146 47.0131 46.6116 46.2102 45.8088 45.4075 45.0063 44.6051 44.204 43.803 43.402 43.0011 42.6003 42.1995 41.7988 41.3982 40.9976 40.5971 40.1966 39.7963 39.396 38.9958 38.5956 38.1956 37.7956 37.3957 36.9958 36.596 36.1963 35.7967 35.3971 34.9976 34.5982 34.1989 33.7996 33.4004 33.0013 32.6023 32.2033 31.8044 31.4055 31.0067 30.608 30.2093 29.8107 29.4122 29.0137 28.6153 28.2169 27.8186 27.4204 27.0223 26.6242 26.2261 25.8281 25.4302 25.0323 24.6344 24.2367 23.8389 23.4412 23.0436 22.646 22.2484 21.8509 21.4534 21.0559 20.6585 20.2611 19.8637 19.4663 19.069 18.6717 18.2744 17.8771 17.4798 17.0825 16.6852 16.288 15.8907 15.4934 15.0961 14.6988 14.3016 13.9043 13.507 13.1097 12.7124 12.3151 11.9178 11.5205 11.1231 10.7259 10.3286 9.93126 9.53397 9.13669 8.7394 8.34211 7.94482 7.54753 7.15024 6.75296 6.35569 5.95842 5.56116 5.16391 4.76667 4.36944 3.97221 3.57498 3.17775 2.78052 2.38329 1.98606 1.58884 1.19162 0.794411 0.397204 0. 
100. 99.5934 99.1867 98.7801 98.3735 97.9668 97.5602 97.1536 96.747 96.3404 95.9338 95.5273 95.1207 94.7142 94.3076 93.9011 93.4946 93.0881 92.6816 92.2751 91.8687 91.4622 91.0558 90.6495 90.2431 89.8368 89.4305 89.0243 88.6181 88.2119 87.8057 87.3996 86.9935 86.5874 86.1814 85.7754 85.3694 84.9636 84.5578 84.152 83.7463 83.3406 82.935 82.5294 82.1238 81.7183 81.3129 80.9075 80.5022 80.097 79.6918 79.2867 78.8817 78.4767 78.0718 77.667 77.2623 76.8576 76.453 76.0484 75.6439 75.2394 74.835 74.4306 74.0263 73.622 73.2177 72.8135 72.4094 72.0053 71.6012 71.1972 70.7932 70.3892 69.9852 69.5813 69.1773 68.7734 68.3695 67.9656 67.5617 67.1579 66.754 66.3502 65.9463 65.5425 65.1388 64.735 64.3313 63.9276 63.5239 63.1202 62.7166 62.313 61.9095 61.5059 61.1024 60.699 60.2956 59.8922 59.4889 59.0856 58.6824 58.2792 57.8761 57.4731 57.07 56.6671 56.2641 55.8613 55.4585 55.0557 54.653 54.2504 53.8478 53.4453 53.0428 52.6404 52.238 51.8358 51.4335 51.0314 50.6293 50.2272 49.8253 49.4233 49.0215 48.6197 48.2179 47.8162 47.4146 47.0131 46.6116 46.2102 45.8088 45.4075 45.0063 44.6051 44.204 43.803 43.402 43.0011 42.6003 42.1995 41.7988 41.3981 40.9976 40.597 40.1966 39.7962 39.396 38.9957 38.5956 38.1956 37.7956 37.3956 36.9958 36.596 36.1963 35.7966 35.3971 34.9976 34.5982 34.1988 33.7996 33.4004 33.0013 32.6023 32.2033 31.8044 31.4055 31.0067 30.608 30.2093 29.8107 29.4121 29.0137 28.6153 28.2169 27.8186 27.4204 27.0222 26.6241 26.2261 25.8281 25.4302 25.0323 24.6344 24.2366 23.8389 23.4412 23.0436 22.646 22.2484 21.8509 21.4534 21.0559 20.6585 20.2611 19.8637 19.4663 19.069 18.6717 18.2744 17.8771 17.4798 17.0825 16.6852 16.2879 15.8907 15.4934 15.0961 14.6988 14.3015 13.9043 13.507 13.1097 12.7124 12.3151 11.9177 11.5204 11.1231 10.7258 10.3285 9.93126 9.53397 9.13668 8.73939 8.3421 7.94481 7.54752 7.15024 6.75296 6.35568 5.95841 5.56116 5.16391 4.76667 4.36943 3.9722 3.57497 3.17774 2.78051 2.38329 1.98606 1.58884 1.19162 0.794411 0.397205 0. 
100. 99.5934 99.1867 98.7801 98.3735 97.9668 97.5602 97.1536 96.747 96.3404 95.9339 95.5273 95.1207 94.7141 94.3076 93.9011 93.4945 93.088 92.6816 92.2751 91.8686 91.4622 91.0558 90.6495 90.2431 89.8368 89.4305 89.0243 88.618 88.2118 87.8057 87.3996 86.9934 86.5874 86.1813 85.7754 85.3694 84.9636 84.5577 84.152 83.7463 83.3406 82.9349 82.5293 82.1238 81.7183 81.3129 80.9075 80.5022 80.097 79.6918 79.2867 78.8817 78.4767 78.0718 77.667 77.2622 76.8576 76.453 76.0484 75.6439 75.2394 74.835 74.4306 74.0263 73.622 73.2177 72.8135 72.4094 72.0053 71.6012 71.1972 70.7932 70.3892 69.9852 69.5813 69.1773 68.7734 68.3695 67.9656 67.5617 67.1578 66.754 66.3501 65.9463 65.5425 65.1387 64.735 64.3312 63.9275 63.5239 63.1202 62.7166 62.313 61.9094 61.5059 61.1024 60.699 60.2956 59.8922 59.4889 59.0856 58.6824 58.2792 57.8761 57.473 57.07 56.667 56.2641 55.8613 55.4584 55.0557 54.653 54.2503 53.8478 53.4452 53.0428 52.6404 52.238 51.8357 51.4335 51.0314 50.6293 50.2272 49.8252 49.4233 49.0215 48.6197 48.2179 47.8162 47.4146 47.0131 46.6116 46.2102 45.8088 45.4075 45.0063 44.6051 44.204 43.803 43.402 43.0011 42.6002 42.1995 41.7988 41.3981 40.9975 40.597 40.1966 39.7962 39.3959 38.9957 38.5956 38.1955 37.7955 37.3956 36.9958 36.596 36.1962 35.7966 35.397 34.9975 34.5981 34.1988 33.7995 33.4004 33.0013 32.6022 32.2033 31.8043 31.4055 31.0067 30.6079 30.2093 29.8107 29.4121 29.0136 28.6152 28.2169 27.8186 27.4204 27.0222 26.6241 26.2261 25.8281 25.4301 25.0323 24.6344 24.2366 23.8389 23.4412 23.0436 22.6459 22.2484 21.8509 21.4534 21.0559 20.6585 20.2611 19.8637 19.4663 19.069 18.6717 18.2744 17.8771 17.4798 17.0825 16.6852 16.2879 15.8907 15.4934 15.0961 14.6988 14.3015 13.9042 13.507 13.1097 12.7124 12.315 11.9177 11.5204 11.1231 10.7258 10.3285 9.93125 9.53396 9.13667 8.73939 8.3421 7.94481 7.54752 7.15023 6.75295 6.35568 5.95841 5.56115 5.1639 4.76666 4.36943 3.9722 3.57497 3.17774 2.78051 2.38328 1.98606 1.58884 1.19162 0.794412 0.397205 0. 
100. 99.5934 99.1867 98.7801 98.3735 97.9668 97.5602 97.1536 96.747 96.3404 95.9338 95.5273 95.1207 94.7141 94.3076 93.9011 93.4945 93.088 92.6816 92.2751 91.8686 91.4622 91.0558 90.6494 90.2431 89.8368 89.4305 89.0242 88.618 88.2118 87.8057 87.3995 86.9934 86.5874 86.1813 85.7753 85.3694 84.9635 84.5577 84.152 83.7462 83.3406 82.9349 82.5293 82.1238 81.7183 81.3129 80.9075 80.5022 80.097 79.6918 79.2867 78.8817 78.4767 78.0718 77.667 77.2622 76.8576 76.453 76.0484 75.6439 75.2394 74.835 74.4306 74.0262 73.622 73.2177 72.8135 72.4094 72.0053 71.6012 71.1972 70.7932 70.3892 69.9852 69.5813 69.1773 68.7734 68.3695 67.9656 67.5617 67.1578 66.754 66.3501 65.9463 65.5425 65.1387 64.735 64.3312 63.9275 63.5238 63.1202 62.7166 62.313 61.9094 61.5059 61.1024 60.699 60.2956 59.8922 59.4889 59.0856 58.6824 58.2792 57.8761 57.473 57.07 56.667 56.2641 55.8612 55.4584 55.0557 54.653 54.2503 53.8477 53.4452 53.0428 52.6404 52.238 51.8357 51.4335 51.0313 50.6292 50.2272 49.8252 49.4233 49.0214 48.6196 48.2179 47.8162 47.4146 47.013 46.6116 46.2101 45.8088 45.4075 45.0062 44.6051 44.204 43.8029 43.402 43.0011 42.6002 42.1994 41.7987 41.3981 40.9975 40.597 40.1966 39.7962 39.3959 38.9957 38.5956 38.1955 37.7955 37.3956 36.9957 36.5959 36.1962 35.7966 35.397 34.9975 34.5981 34.1988 33.7995 33.4003 33.0012 32.6022 32.2032 31.8043 31.4054 31.0066 30.6079 30.2092 29.8106 29.4121 29.0136 28.6152 28.2169 27.8186 27.4204 27.0222 26.6241 26.226 25.8281 25.4301 25.0322 24.6344 24.2366 23.8389 23.4412 23.0435 22.6459 22.2484 21.8508 21.4533 21.0559 20.6585 20.2611 19.8637 19.4663 19.069 18.6717 18.2743 17.8771 17.4798 17.0825 16.6852 16.2879 15.8907 15.4934 15.0961 14.6988 14.3015 13.9042 13.507 13.1097 12.7124 12.315 11.9177 11.5204 11.1231 10.7258 10.3285 9.93124 9.53395 9.13667 8.73938 8.34209 7.9448 7.54752 7.15023 6.75295 6.35567 5.9584 5.56115 5.1639 4.76666 4.36942 3.97219 3.57497 3.17774 2.78051 2.38328 1.98606 1.58884 1.19162 0.794412 0.397205 0. 
100. 99.5934 99.1867 98.7801 98.3735 97.9668 97.5602 97.1536 96.747 96.3404 95.9338 95.5273 95.1207 94.7141 94.3076 93.901 93.4945 93.088 92.6815 92.2751 91.8686 91.4622 91.0558 90.6494 90.2431 89.8368 89.4305 89.0242 88.618 88.2118 87.8056 87.3995 86.9934 86.5873 86.1813 85.7753 85.3694 84.9635 84.5577 84.1519 83.7462 83.3405 82.9349 82.5293 82.1237 81.7183 81.3128 80.9075 80.5022 80.097 79.6918 79.2867 78.8816 78.4767 78.0718 77.667 77.2622 76.8575 76.4529 76.0484 75.6439 75.2394 74.835 74.4306 74.0262 73.6219 73.2177 72.8135 72.4094 72.0053 71.6012 71.1972 70.7932 70.3892 69.9852 69.5812 69.1773 68.7734 68.3695 67.9656 67.5617 67.1578 66.754 66.3501 65.9463 65.5425 65.1387 64.7349 64.3312 63.9275 63.5238 63.1202 62.7166 62.313 61.9094 61.5059 61.1024 60.6989 60.2955 59.8922 59.4889 59.0856 58.6824 58.2792 57.8761 57.473 57.07 56.667 56.2641 55.8612 55.4584 55.0556 54.6529 54.2503 53.8477 53.4452 53.0427 52.6403 52.238 51.8357 51.4335 51.0313 50.6292 50.2272 49.8252 49.4233 49.0214 48.6196 48.2179 47.8162 47.4146 47.013 46.6115 46.2101 45.8087 45.4075 45.0062 44.605 44.2039 43.8029 43.4019 43.001 42.6002 42.1994 41.7987 41.398 40.9975 40.597 40.1965 39.7962 39.3959 38.9957 38.5955 38.1955 37.7955 37.3956 36.9957 36.5959 36.1962 35.7965 35.397 34.9975 34.5981 34.1987 33.7995 33.4003 33.0012 32.6022 32.2032 31.8043 31.4054 31.0066 30.6079 30.2092 29.8106 29.412 29.0136 28.6152 28.2168 27.8186 27.4203 27.0222 26.6241 26.226 25.828 25.4301 25.0322 24.6344 24.2366 23.8389 23.4412 23.0435 22.6459 22.2484 21.8508 21.4533 21.0559 20.6584 20.261 19.8637 19.4663 19.069 18.6717 18.2743 17.877 17.4798 17.0825 16.6852 16.2879 15.8907 15.4934 15.0961 14.6988 14.3015 13.9042 13.5069 13.1097 12.7123 12.315 11.9177 11.5204 11.1231 10.7258 10.3285 9.93123 9.53395 9.13666 8.73938 8.34209 7.9448 7.54751 7.15022 6.75294 6.35566 5.9584 5.56114 5.16389 4.76665 4.36942 3.97219 3.57496 3.17773 2.78051 2.38328 1.98606 1.58884 1.19162 0.794412 0.397205 0. 
100. 99.5934 99.1867 98.7801 98.3734 97.9668 97.5602 97.1536 96.747 96.3404 95.9338 95.5272 95.1207 94.7141 94.3076 93.901 93.4945 93.088 92.6815 92.275 91.8686 91.4622 91.0558 90.6494 90.2431 89.8368 89.4305 89.0242 88.618 88.2118 87.8056 87.3995 86.9934 86.5873 86.1813 85.7753 85.3694 84.9635 84.5577 84.1519 83.7462 83.3405 82.9349 82.5293 82.1237 81.7182 81.3128 80.9074 80.5022 80.0969 79.6918 79.2866 78.8816 78.4766 78.0717 77.6669 77.2622 76.8575 76.4529 76.0484 75.6438 75.2394 74.8349 74.4306 74.0262 73.6219 73.2177 72.8135 72.4094 72.0053 71.6012 71.1972 70.7932 70.3892 69.9852 69.5812 69.1773 68.7734 68.3695 67.9656 67.5617 67.1578 66.7539 66.3501 65.9463 65.5425 65.1387 64.7349 64.3312 63.9275 63.5238 63.1202 62.7165 62.3129 61.9094 61.5058 61.1024 60.6989 60.2955 59.8921 59.4888 59.0856 58.6823 58.2792 57.876 57.473 57.07 56.667 56.2641 55.8612 55.4584 55.0556 54.6529 54.2503 53.8477 53.4452 53.0427 52.6403 52.238 51.8357 51.4335 51.0313 50.6292 50.2271 49.8252 49.4232 49.0214 48.6196 48.2178 47.8162 47.4145 47.013 46.6115 46.2101 45.8087 45.4074 45.0062 44.605 44.2039 43.8029 43.4019 43.001 42.6002 42.1994 41.7987 41.398 40.9974 40.5969 40.1965 39.7961 39.3958 38.9956 38.5955 38.1954 37.7954 37.3955 36.9957 36.5959 36.1961 35.7965 35.3969 34.9974 34.598 34.1987 33.7994 33.4003 33.0012 32.6021 32.2032 31.8042 31.4054 31.0066 30.6078 30.2092 29.8105 29.412 29.0135 28.6151 28.2168 27.8185 27.4203 27.0221 26.624 26.226 25.828 25.4301 25.0322 24.6344 24.2366 23.8388 23.4412 23.0435 22.6459 22.2483 21.8508 21.4533 21.0559 20.6584 20.261 19.8637 19.4663 19.069 18.6716 18.2743 17.877 17.4798 17.0825 16.6852 16.2879 15.8907 15.4934 15.0961 14.6988 14.3015 13.9042 13.5069 13.1096 12.7123 12.315 11.9177 11.5204 11.1231 10.7258 10.3285 9.93123 9.53394 9.13666 8.73937 8.34208 7.9448 7.54751 7.15022 6.75293 6.35566 5.95839 5.56113 5.16388 4.76665 4.36941 3.97218 3.57496 3.17773 2.7805 2.38328 1.98606 1.58884 1.19162 0.794413 0.397206 0. 
100. 99.5934 99.1867 98.7801 98.3735 97.9668 97.5602 97.1536 96.747 96.3404 95.9338 95.5272 95.1207 94.7141 94.3076 93.901 93.4945 93.088 92.6815 92.275 91.8686 91.4622 91.0558 90.6494 90.2431 89.8367 89.4305 89.0242 88.618 88.2118 87.8056 87.3995 86.9934 86.5873 86.1813 85.7753 85.3693 84.9635 84.5577 84.1519 83.7462 83.3405 82.9349 82.5293 82.1237 81.7182 81.3128 80.9075 80.5022 80.0969 79.6918 79.2867 78.8816 78.4766 78.0718 77.6669 77.2622 76.8575 76.4529 76.0484 75.6438 75.2394 74.8349 74.4306 74.0262 73.6219 73.2177 72.8135 72.4094 72.0053 71.6012 71.1972 70.7931 70.3892 69.9852 69.5812 69.1773 68.7734 68.3694 67.9655 67.5617 67.1578 66.7539 66.3501 65.9463 65.5425 65.1387 64.7349 64.3312 63.9275 63.5238 63.1201 62.7165 62.3129 61.9094 61.5058 61.1023 60.6989 60.2955 59.8921 59.4888 59.0855 58.6823 58.2792 57.876 57.473 57.0699 56.667 56.2641 55.8612 55.4584 55.0556 54.6529 54.2502 53.8477 53.4452 53.0427 52.6403 52.238 51.8357 51.4335 51.0313 50.6292 50.2271 49.8252 49.4232 49.0214 48.6196 48.2178 47.8161 47.4145 47.013 46.6115 46.2101 45.8087 45.4074 45.0062 44.605 44.2039 43.8029 43.4019 43.001 42.6001 42.1994 41.7986 41.398 40.9974 40.5969 40.1965 39.7961 39.3958 38.9956 38.5955 38.1954 37.7954 37.3955 36.9956 36.5958 36.1961 35.7965 35.3969 34.9974 34.598 34.1987 33.7994 33.4003 33.0012 32.6021 32.2031 31.8042 31.4054 31.0066 30.6078 30.2091 29.8105 29.412 29.0135 28.6151 28.2168 27.8185 27.4203 27.0221 26.624 26.226 25.828 25.4301 25.0322 24.6344 24.2366 23.8388 23.4411 23.0435 22.6459 22.2483 21.8508 21.4533 21.0559 20.6584 20.261 19.8637 19.4663 19.069 18.6716 18.2743 17.877 17.4798 17.0825 16.6852 16.2879 15.8907 15.4934 15.0961 14.6988 14.3015 13.9042 13.5069 13.1096 12.7123 12.315 11.9177 11.5204 11.1231 10.7258 10.3285 9.93122 9.53393 9.13665 8.73937 8.34208 7.94479 7.5475 7.15022 6.75293 6.35565 5.95839 5.56113 5.16388 4.76664 4.36941 3.97218 3.57495 3.17773 2.7805 2.38328 1.98606 1.58884 1.19162 0.794413 0.397206 0. 
100. 99.5934 99.1867 98.7801 98.3734 97.9668 97.5602 97.1536 96.747 96.3404 95.9338 95.5272 95.1207 94.7141 94.3076 93.901 93.4945 93.088 92.6815 92.275 91.8686 91.4622 91.0558 90.6494 90.2431 89.8367 89.4304 89.0242 88.618 88.2118 87.8056 87.3995 86.9934 86.5873 86.1813 85.7753 85.3693 84.9635 84.5577 84.1519 83.7462 83.3405 82.9349 82.5293 82.1237 81.7182 81.3128 80.9075 80.5022 80.0969 79.6918 79.2867 78.8816 78.4766 78.0718 77.6669 77.2622 76.8575 76.4529 76.0484 75.6439 75.2394 74.8349 74.4306 74.0262 73.6219 73.2177 72.8135 72.4094 72.0053 71.6012 71.1972 70.7932 70.3892 69.9852 69.5812 69.1773 68.7734 68.3694 67.9655 67.5617 67.1578 66.7539 66.3501 65.9463 65.5425 65.1387 64.7349 64.3312 63.9275 63.5238 63.1201 62.7165 62.3129 61.9094 61.5058 61.1023 60.6989 60.2955 59.8921 59.4888 59.0855 58.6823 58.2792 57.876 57.473 57.0699 56.667 56.264 55.8612 55.4584 55.0556 54.6529 54.2503 53.8477 53.4452 53.0427 52.6403 52.238 51.8357 51.4334 51.0313 50.6292 50.2271 49.8252 49.4232 49.0214 48.6196 48.2178 47.8161 47.4145 47.013 46.6115 46.2101 45.8087 45.4074 45.0062 44.605 44.2039 43.8029 43.4019 43.001 42.6001 42.1994 41.7986 41.398 40.9974 40.5969 40.1965 39.7961 39.3958 38.9956 38.5955 38.1954 37.7954 37.3955 36.9956 36.5958 36.1961 35.7965 35.3969 34.9974 34.598 34.1987 33.7994 33.4003 33.0012 32.6021 32.2031 31.8042 31.4053 31.0065 30.6078 30.2091 29.8105 29.412 29.0135 28.6151 28.2168 27.8185 27.4203 27.0221 26.624 26.226 25.828 25.4301 25.0322 24.6344 24.2366 23.8388 23.4412 23.0435 22.6459 22.2483 21.8508 21.4533 21.0559 20.6584 20.261 19.8637 19.4663 19.069 18.6716 18.2743 17.877 17.4798 17.0825 16.6852 16.2879 15.8906 15.4934 15.0961 14.6988 14.3015 13.9042 13.5069 13.1096 12.7123 12.315 11.9177 11.5204 11.1231 10.7258 10.3285 9.93122 9.53393 9.13665 8.73936 8.34208 7.94479 7.5475 7.15021 6.75293 6.35565 5.95838 5.56113 5.16388 4.76664 4.36941 3.97218 3.57495 3.17772 2.7805 2.38328 1.98606 1.58884 1.19163 0.794415 0.397207 0. 
100. 99.5934 99.1867 98.7801 98.3734 97.9668 97.5602 97.1536 96.747 96.3404 95.9338 95.5272 95.1207 94.7141 94.3076 93.901 93.4945 93.088 92.6815 92.275 91.8686 91.4622 91.0558 90.6494 90.2431 89.8367 89.4304 89.0242 88.618 88.2118 87.8056 87.3995 86.9934 86.5873 86.1813 85.7753 85.3693 84.9635 84.5577 84.1519 83.7462 83.3405 82.9348 82.5293 82.1237 81.7182 81.3128 80.9074 80.5022 80.0969 79.6918 79.2867 78.8816 78.4767 78.0718 77.667 77.2622 76.8575 76.4529 76.0484 75.6438 75.2394 74.8349 74.4306 74.0262 73.6219 73.2177 72.8135 72.4094 72.0053 71.6012 71.1972 70.7931 70.3891 69.9852 69.5812 69.1773 68.7733 68.3694 67.9655 67.5616 67.1578 66.7539 66.3501 65.9463 65.5425 65.1387 64.7349 64.3312 63.9275 63.5238 63.1201 62.7165 62.3129 61.9093 61.5058 61.1023 60.6989 60.2955 59.8921 59.4888 59.0855 58.6823 58.2792 57.876 57.473 57.0699 56.667 56.264 55.8612 55.4584 55.0556 54.6529 54.2503 53.8477 53.4452 53.0427 52.6403 52.238 51.8357 51.4334 51.0313 50.6292 50.2271 49.8252 49.4232 49.0214 48.6196 48.2178 47.8161 47.4145 47.013 46.6115 46.2101 45.8087 45.4074 45.0062 44.605 44.2039 43.8029 43.4019 43.001 42.6001 42.1994 41.7986 41.398 40.9974 40.5969 40.1965 39.7961 39.3958 38.9956 38.5955 38.1954 37.7954 37.3955 36.9956 36.5958 36.1961 35.7965 35.3969 34.9974 34.598 34.1987 33.7994 33.4002 33.0011 32.6021 32.2031 31.8042 31.4053 31.0065 30.6078 30.2091 29.8105 29.412 29.0135 28.6151 28.2168 27.8185 27.4203 27.0221 26.624 26.226 25.828 25.4301 25.0322 24.6344 24.2366 23.8388 23.4412 23.0435 22.6459 22.2483 21.8508 21.4533 21.0559 20.6584 20.261 19.8637 19.4663 19.069 18.6716 18.2743 17.877 17.4798 17.0825 16.6852 16.2879 15.8906 15.4934 15.0961 14.6988 14.3015 13.9042 13.5069 13.1096 12.7123 12.315 11.9177 11.5204 11.1231 10.7258 10.3285 9.93121 9.53393 9.13664 8.73936 8.34207 7.94479 7.5475 7.15021 6.75293 6.35565 5.95838 5.56112 5.16387 4.76663 4.3694 3.97217 3.57495 3.17772 2.7805 2.38328 1.98606 1.58884 1.19163 0.794417 0.397208 0. 
100. 99.5934 99.1867 98.7801 98.3734 97.9668 97.5602 97.1536 96.747 96.3404 95.9338 95.5272 95.1207 94.7141 94.3076 93.901 93.4945 93.088 92.6815 92.275 91.8686 91.4622 91.0558 90.6494 90.2431 89.8367 89.4304 89.0242 88.618 88.2118 87.8056 87.3995 86.9934 86.5873 86.1813 85.7753 85.3693 84.9635 84.5577 84.1519 83.7462 83.3405 82.9348 82.5293 82.1237 81.7182 81.3128 80.9075 80.5022 80.0969 79.6918 79.2867 78.8816 78.4767 78.0718 77.667 77.2622 76.8575 76.4529 76.0484 75.6438 75.2394 74.8349 74.4306 74.0262 73.6219 73.2177 72.8135 72.4094 72.0053 71.6012 71.1972 70.7931 70.3891 69.9852 69.5812 69.1773 68.7733 68.3694 67.9655 67.5616 67.1578 66.7539 66.3501 65.9462 65.5424 65.1387 64.7349 64.3312 63.9275 63.5238 63.1201 62.7165 62.3129 61.9093 61.5058 61.1023 60.6989 60.2955 59.8921 59.4888 59.0855 58.6823 58.2791 57.876 57.473 57.0699 56.667 56.264 55.8612 55.4584 55.0556 54.6529 54.2502 53.8477 53.4452 53.0427 52.6403 52.238 51.8357 51.4334 51.0313 50.6292 50.2271 49.8252 49.4232 49.0214 48.6196 48.2178 47.8161 47.4145 47.013 46.6115 46.2101 45.8087 45.4074 45.0062 44.605 44.2039 43.8029 43.4019 43.001 42.6001 42.1993 41.7986 41.398 40.9974 40.5969 40.1965 39.7961 39.3958 38.9956 38.5955 38.1954 37.7954 37.3955 36.9956 36.5958 36.1961 35.7964 35.3969 34.9974 34.598 34.1987 33.7994 33.4002 33.0011 32.6021 32.2031 31.8042 31.4053 31.0065 30.6078 30.2091 29.8105 29.412 29.0135 28.6151 28.2168 27.8185 27.4203 27.0221 26.624 26.226 25.828 25.4301 25.0322 24.6344 24.2366 23.8388 23.4412 23.0435 22.6459 22.2483 21.8508 21.4533 21.0559 20.6584 20.261 19.8637 19.4663 19.069 18.6716 18.2743 17.877 17.4797 17.0825 16.6852 16.2879 15.8906 15.4934 15.0961 14.6988 14.3015 13.9042 13.5069 13.1096 12.7123 12.315 11.9177 11.5204 11.1231 10.7258 10.3285 9.93121 9.53392 9.13664 8.73936 8.34207 7.94478 7.54749 7.15021 6.75292 6.35565 5.95838 5.56112 5.16387 4.76663 4.3694 3.97217 3.57494 3.17772 2.7805 2.38328 1.98606 1.58884 1.19163 0.794418 0.397209 0. 
100. 99.5934 99.1867 98.7801 98.3734 97.9668 97.5602 97.1536 96.747 96.3404 95.9338 95.5272 95.1207 94.7141 94.3076 93.901 93.4945 93.088 92.6815 92.275 91.8686 91.4622 91.0558 90.6494 90.243 89.8367 89.4304 89.0242 88.6179 88.2118 87.8056 87.3995 86.9933 86.5873 86.1812 85.7753 85.3693 84.9635 84.5576 84.1519 83.7462 83.3405 82.9348 82.5292 82.1237 81.7182 81.3128 80.9074 80.5022 80.0969 79.6918 79.2867 78.8816 78.4767 78.0718 77.667 77.2622 76.8575 76.4529 76.0484 75.6438 75.2394 74.8349 74.4306 74.0262 73.6219 73.2177 72.8135 72.4094 72.0053 71.6012 71.1972 70.7931 70.3891 69.9852 69.5812 69.1773 68.7733 68.3694 67.9655 67.5616 67.1578 66.7539 66.3501 65.9462 65.5424 65.1386 64.7349 64.3312 63.9274 63.5238 63.1201 62.7165 62.3129 61.9093 61.5058 61.1023 60.6989 60.2955 59.8921 59.4888 59.0855 58.6823 58.2791 57.876 57.4729 57.0699 56.667 56.264 55.8612 55.4583 55.0556 54.6529 54.2502 53.8477 53.4451 53.0427 52.6403 52.238 51.8357 51.4334 51.0313 50.6292 50.2271 49.8251 49.4232 49.0213 48.6195 48.2178 47.8161 47.4145 47.013 46.6115 46.2101 45.8087 45.4074 45.0062 44.605 44.2039 43.8028 43.4019 43.001 42.6001 42.1993 41.7986 41.398 40.9974 40.5969 40.1964 39.7961 39.3958 38.9956 38.5955 38.1954 37.7954 37.3955 36.9956 36.5958 36.1961 35.7964 35.3969 34.9974 34.598 34.1986 33.7994 33.4002 33.0011 32.6021 32.2031 31.8042 31.4053 31.0065 30.6078 30.2091 29.8105 29.412 29.0135 28.6151 28.2168 27.8185 27.4203 27.0221 26.624 26.226 25.828 25.4301 25.0322 24.6343 24.2366 23.8388 23.4411 23.0435 22.6459 22.2483 21.8508 21.4533 21.0559 20.6584 20.261 19.8637 19.4663 19.069 18.6716 18.2743 17.877 17.4797 17.0825 16.6852 16.2879 15.8906 15.4934 15.0961 14.6988 14.3015 13.9042 13.5069 13.1096 12.7123 12.315 11.9177 11.5204 11.1231 10.7258 10.3285 9.9312 9.53392 9.13664 8.73935 8.34207 7.94478 7.54749 7.1502 6.75292 6.35564 5.95838 5.56112 5.16387 4.76663 4.36939 3.97217 3.57494 3.17772 2.7805 2.38328 1.98606 1.58884 1.19163 0.79442 0.397209 0. 
100. 99.5934 99.1867 98.7801 98.3734 97.9668 97.5602 97.1536 96.747 96.3404 95.9338 95.5272 95.1207 94.7141 94.3076 93.901 93.4945 93.088 92.6815 92.275 91.8686 91.4621 91.0557 90.6494 90.243 89.8367 89.4304 89.0242 88.6179 88.2117 87.8056 87.3994 86.9933 86.5873 86.1812 85.7753 85.3693 84.9635 84.5576 84.1519 83.7461 83.3405 82.9348 82.5292 82.1237 81.7182 81.3128 80.9074 80.5021 80.0969 79.6918 79.2867 78.8816 78.4767 78.0718 77.667 77.2622 76.8575 76.4529 76.0484 75.6438 75.2394 74.8349 74.4305 74.0262 73.6219 73.2177 72.8135 72.4094 72.0053 71.6012 71.1971 70.7931 70.3891 69.9852 69.5812 69.1773 68.7733 68.3694 67.9655 67.5616 67.1577 66.7539 66.3501 65.9462 65.5424 65.1386 64.7349 64.3311 63.9274 63.5238 63.1201 62.7165 62.3129 61.9093 61.5058 61.1023 60.6989 60.2955 59.8921 59.4888 59.0855 58.6823 58.2791 57.876 57.4729 57.0699 56.6669 56.264 55.8611 55.4583 55.0556 54.6529 54.2502 53.8477 53.4451 53.0427 52.6403 52.2379 51.8357 51.4334 51.0313 50.6292 50.2271 49.8251 49.4232 49.0213 48.6195 48.2178 47.8161 47.4145 47.013 46.6115 46.21 45.8087 45.4074 45.0062 44.605 44.2039 43.8028 43.4019 43.0009 42.6001 42.1993 41.7986 41.3979 40.9974 40.5969 40.1964 39.7961 39.3958 38.9956 38.5955 38.1954 37.7954 37.3954 36.9956 36.5958 36.1961 35.7964 35.3968 34.9974 34.598 34.1986 33.7994 33.4002 33.0011 32.6021 32.2031 31.8042 31.4053 31.0065 30.6078 30.2091 29.8105 29.412 29.0135 28.6151 28.2168 27.8185 27.4203 27.0221 26.624 26.226 25.828 25.4301 25.0322 24.6343 24.2366 23.8388 23.4411 23.0435 22.6459 22.2483 21.8508 21.4533 21.0559 20.6584 20.261 19.8637 19.4663 19.069 18.6716 18.2743 17.877 17.4797 17.0825 16.6852 16.2879 15.8906 15.4934 15.0961 14.6988 14.3015 13.9042 13.5069 13.1096 12.7123 12.315 11.9177 11.5204 11.1231 10.7258 10.3285 9.9312 9.53392 9.13663 8.73935 8.34206 7.94478 7.54749 7.1502 6.75292 6.35564 5.95837 5.56112 5.16387 4.76662 4.36939 3.97216 3.57494 3.17771 2.78049 2.38328 1.98606 1.58885 1.19163 0.794421 0.39721 0. 
100. 99.5934 99.1867 98.7801 98.3734 97.9668 97.5602 97.1536 96.747 96.3404 95.9338 95.5272 95.1207 94.7141 94.3075 93.901 93.4945 93.088 92.6815 92.275 91.8686 91.4621 91.0557 90.6494 90.243 89.8367 89.4304 89.0242 88.6179 88.2117 87.8056 87.3994 86.9933 86.5873 86.1812 85.7752 85.3693 84.9634 84.5576 84.1519 83.7461 83.3404 82.9348 82.5292 82.1237 81.7182 81.3128 80.9074 80.5021 80.0969 79.6917 79.2866 78.8816 78.4767 78.0718 77.667 77.2622 76.8575 76.4529 76.0483 75.6438 75.2394 74.8349 74.4305 74.0262 73.6219 73.2177 72.8135 72.4094 72.0053 71.6012 71.1971 70.7931 70.3891 69.9852 69.5812 69.1773 68.7733 68.3694 67.9655 67.5616 67.1577 66.7539 66.35 65.9462 65.5424 65.1386 64.7349 64.3311 63.9274 63.5237 63.1201 62.7165 62.3129 61.9093 61.5058 61.1023 60.6988 60.2954 59.8921 59.4888 59.0855 58.6823 58.2791 57.876 57.4729 57.0699 56.6669 56.264 55.8611 55.4583 55.0556 54.6529 54.2502 53.8476 53.4451 53.0427 52.6403 52.2379 51.8356 51.4334 51.0313 50.6292 50.2271 49.8251 49.4232 49.0213 48.6195 48.2178 47.8161 47.4145 47.0129 46.6115 46.21 45.8087 45.4074 45.0061 44.605 44.2039 43.8028 43.4018 43.0009 42.6001 42.1993 41.7986 41.3979 40.9974 40.5969 40.1964 39.7961 39.3958 38.9956 38.5954 38.1954 37.7954 37.3954 36.9956 36.5958 36.196 35.7964 35.3968 34.9973 34.5979 34.1986 33.7994 33.4002 33.0011 32.602 32.2031 31.8041 31.4053 31.0065 30.6077 30.2091 29.8105 29.4119 29.0135 28.6151 28.2167 27.8185 27.4203 27.0221 26.624 26.226 25.828 25.43 25.0322 24.6343 24.2366 23.8388 23.4411 23.0435 22.6459 22.2483 21.8508 21.4533 21.0559 20.6584 20.261 19.8637 19.4663 19.069 18.6716 18.2743 17.877 17.4797 17.0824 16.6852 16.2879 15.8906 15.4934 15.0961 14.6988 14.3015 13.9042 13.5069 13.1096 12.7123 12.315 11.9177 11.5204 11.1231 10.7258 10.3285 9.9312 9.53391 9.13663 8.73935 8.34206 7.94477 7.54749 7.1502 6.75292 6.35564 5.95837 5.56111 5.16386 4.76662 4.36939 3.97216 3.57493 3.17771 2.78049 2.38328 1.98606 1.58885 1.19163 0.794422 0.397211 0. 
100. 99.5934 99.1867 98.7801 98.3734 97.9668 97.5602 97.1536 96.747 96.3404 95.9338 95.5272 95.1207 94.7141 94.3075 93.901 93.4945 93.088 92.6815 92.275 91.8686 91.4621 91.0557 90.6494 90.243 89.8367 89.4304 89.0241 88.6179 88.2117 87.8055 87.3994 86.9933 86.5872 86.1812 85.7752 85.3693 84.9634 84.5576 84.1518 83.7461 83.3404 82.9348 82.5292 82.1237 81.7182 81.3128 80.9074 80.5021 80.0969 79.6917 79.2866 78.8816 78.4766 78.0718 77.6669 77.2622 76.8575 76.4529 76.0483 75.6438 75.2393 74.8349 74.4305 74.0262 73.6219 73.2177 72.8135 72.4094 72.0052 71.6012 71.1971 70.7931 70.3891 69.9851 69.5812 69.1772 68.7733 68.3694 67.9655 67.5616 67.1577 66.7539 66.35 65.9462 65.5424 65.1386 64.7349 64.3311 63.9274 63.5237 63.1201 62.7164 62.3128 61.9093 61.5058 61.1023 60.6988 60.2954 59.8921 59.4888 59.0855 58.6823 58.2791 57.876 57.4729 57.0699 56.6669 56.264 55.8611 55.4583 55.0555 54.6528 54.2502 53.8476 53.4451 53.0427 52.6403 52.2379 51.8356 51.4334 51.0312 50.6291 50.2271 49.8251 49.4232 49.0213 48.6195 48.2178 47.8161 47.4145 47.0129 46.6114 46.21 45.8087 45.4074 45.0061 44.605 44.2038 43.8028 43.4018 43.0009 42.6001 42.1993 41.7986 41.3979 40.9973 40.5968 40.1964 39.796 39.3958 38.9956 38.5954 38.1953 37.7953 37.3954 36.9955 36.5957 36.196 35.7964 35.3968 34.9973 34.5979 34.1986 33.7994 33.4002 33.0011 32.602 32.203 31.8041 31.4053 31.0065 30.6077 30.209 29.8104 29.4119 29.0135 28.6151 28.2167 27.8184 27.4202 27.0221 26.624 26.2259 25.828 25.43 25.0321 24.6343 24.2365 23.8388 23.4411 23.0435 22.6459 22.2483 21.8508 21.4533 21.0558 20.6584 20.261 19.8636 19.4663 19.069 18.6716 18.2743 17.877 17.4797 17.0824 16.6852 16.2879 15.8906 15.4933 15.0961 14.6988 14.3015 13.9042 13.5069 13.1096 12.7123 12.315 11.9177 11.5204 11.1231 10.7258 10.3285 9.93119 9.53391 9.13663 8.73934 8.34206 7.94477 7.54748 7.1502 6.75291 6.35564 5.95837 5.56111 5.16386 4.76662 4.36938 3.97215 3.57493 3.17771 2.78049 2.38328 1.98606 1.58885 1.19164 0.794423 0.397212 0. 
100. 99.5934 99.1867 98.7801 98.3734 97.9668 97.5602 97.1536 96.747 96.3404 95.9338 95.5272 95.1207 94.7141 94.3075 93.901 93.4945 93.088 92.6815 92.275 91.8685 91.4621 91.0557 90.6493 90.243 89.8367 89.4304 89.0241 88.6179 88.2117 87.8055 87.3994 86.9933 86.5872 86.1812 85.7752 85.3693 84.9634 84.5576 84.1518 83.7461 83.3404 82.9348 82.5292 82.1236 81.7182 81.3127 80.9074 80.5021 80.0969 79.6917 79.2866 78.8816 78.4766 78.0717 77.6669 77.2622 76.8575 76.4529 76.0483 75.6438 75.2393 74.8349 74.4305 74.0262 73.6219 73.2177 72.8135 72.4093 72.0052 71.6012 71.1971 70.7931 70.3891 69.9851 69.5812 69.1772 68.7733 68.3694 67.9655 67.5616 67.1577 66.7539 66.35 65.9462 65.5424 65.1386 64.7348 64.3311 63.9274 63.5237 63.1201 62.7164 62.3128 61.9093 61.5057 61.1022 60.6988 60.2954 59.8921 59.4887 59.0855 58.6823 58.2791 57.876 57.4729 57.0699 56.6669 56.264 55.8611 55.4583 55.0555 54.6528 54.2502 53.8476 53.4451 53.0426 52.6402 52.2379 51.8356 51.4334 51.0312 50.6291 50.2271 49.8251 49.4231 49.0213 48.6195 48.2177 47.8161 47.4144 47.0129 46.6114 46.21 45.8086 45.4073 45.0061 44.6049 44.2038 43.8028 43.4018 43.0009 42.6 42.1993 41.7985 41.3979 40.9973 40.5968 40.1964 39.796 39.3957 38.9955 38.5954 38.1953 37.7953 37.3954 36.9955 36.5957 36.196 35.7963 35.3968 34.9973 34.5979 34.1986 33.7993 33.4002 33.0011 32.602 32.203 31.8041 31.4052 31.0064 30.6077 30.209 29.8104 29.4119 29.0134 28.615 28.2167 27.8184 27.4202 27.0221 26.624 26.2259 25.8279 25.43 25.0321 24.6343 24.2365 23.8388 23.4411 23.0435 22.6459 22.2483 21.8508 21.4533 21.0558 20.6584 20.261 19.8636 19.4663 19.069 18.6716 18.2743 17.877 17.4797 17.0824 16.6852 16.2879 15.8906 15.4933 15.0961 14.6988 14.3015 13.9042 13.5069 13.1096 12.7123 12.315 11.9177 11.5204 11.1231 10.7258 10.3285 9.93119 9.5339 9.13662 8.73934 8.34205 7.94477 7.54748 7.15019 6.75291 6.35564 5.95837 5.56111 5.16386 4.76661 4.36938 3.97215 3.57493 3.17771 2.78049 2.38328 1.98606 1.58885 1.19164 0.794425 0.397212 0. 
100. 99.5934 99.1867 98.7801 98.3734 97.9668 97.5602 97.1536 96.747 96.3404 95.9338 95.5272 95.1206 94.7141 94.3075 93.901 93.4945 93.0879 92.6815 92.275 91.8685 91.4621 91.0557 90.6493 90.243 89.8367 89.4304 89.0241 88.6179 88.2117 87.8055 87.3994 86.9933 86.5872 86.1812 85.7752 85.3693 84.9634 84.5576 84.1518 83.7461 83.3404 82.9348 82.5292 82.1236 81.7181 81.3127 80.9074 80.5021 80.0968 79.6917 79.2866 78.8816 78.4766 78.0717 77.6669 77.2622 76.8575 76.4529 76.0483 75.6438 75.2393 74.8349 74.4305 74.0262 73.6219 73.2177 72.8135 72.4093 72.0052 71.6012 71.1971 70.7931 70.3891 69.9851 69.5812 69.1772 68.7733 68.3694 67.9655 67.5616 67.1577 66.7538 66.35 65.9462 65.5424 65.1386 64.7348 64.3311 63.9274 63.5237 63.12 62.7164 62.3128 61.9092 61.5057 61.1022 60.6988 60.2954 59.892 59.4887 59.0855 58.6822 58.2791 57.876 57.4729 57.0698 56.6669 56.2639 55.8611 55.4583 55.0555 54.6528 54.2502 53.8476 53.4451 53.0426 52.6402 52.2379 51.8356 51.4334 51.0312 50.6291 50.2271 49.8251 49.4231 49.0213 48.6194 48.2177 47.816 47.4144 47.0129 46.6114 46.21 45.8086 45.4073 45.0061 44.6049 44.2038 43.8028 43.4018 43.0009 42.6 42.1992 41.7985 41.3979 40.9973 40.5968 40.1964 39.796 39.3957 38.9955 38.5954 38.1953 37.7953 37.3953 36.9955 36.5957 36.1959 35.7963 35.3967 34.9973 34.5979 34.1985 33.7993 33.4001 33.001 32.602 32.203 31.8041 31.4052 31.0064 30.6077 30.209 29.8104 29.4119 29.0134 28.615 28.2167 27.8184 27.4202 27.022 26.6239 26.2259 25.8279 25.43 25.0321 24.6343 24.2365 23.8388 23.4411 23.0435 22.6459 22.2483 21.8508 21.4533 21.0558 20.6584 20.261 19.8636 19.4663 19.0689 18.6716 18.2743 17.877 17.4797 17.0824 16.6852 16.2879 15.8906 15.4933 15.0961 14.6988 14.3015 13.9042 13.5069 13.1096 12.7123 12.315 11.9177 11.5204 11.1231 10.7258 10.3285 9.93118 9.5339 9.13662 8.73934 8.34205 7.94476 7.54748 7.15019 6.75291 6.35564 5.95837 5.56111 5.16385 4.76661 4.36937 3.97214 3.57492 3.1777 2.78049 2.38328 1.98606 1.58885 1.19164 0.794427 0.397213 0. 
100. 99.5934 99.1867 98.7801 98.3734 97.9668 97.5602 97.1536 96.747 96.3404 95.9338 95.5272 95.1206 94.7141 94.3075 93.901 93.4944 93.0879 92.6815 92.275 91.8685 91.4621 91.0557 90.6493 90.243 89.8367 89.4304 89.0241 88.6179 88.2117 87.8055 87.3994 86.9933 86.5872 86.1811 85.7752 85.3692 84.9634 84.5576 84.1518 83.7461 83.3404 82.9347 82.5291 82.1236 81.7181 81.3127 80.9073 80.502 80.0968 79.6917 79.2866 78.8815 78.4766 78.0717 77.6669 77.2622 76.8575 76.4529 76.0483 75.6438 75.2393 74.8349 74.4305 74.0262 73.6219 73.2177 72.8135 72.4093 72.0052 71.6012 71.1971 70.7931 70.3891 69.9851 69.5812 69.1772 68.7733 68.3694 67.9655 67.5616 67.1577 66.7538 66.35 65.9462 65.5424 65.1386 64.7348 64.3311 63.9274 63.5237 63.12 62.7164 62.3128 61.9092 61.5057 61.1022 60.6988 60.2954 59.892 59.4887 59.0854 58.6822 58.2791 57.8759 57.4729 57.0698 56.6668 56.2639 55.8611 55.4582 55.0555 54.6528 54.2501 53.8476 53.445 53.0426 52.6402 52.2379 51.8356 51.4334 51.0312 50.6291 50.227 49.825 49.4231 49.0212 48.6194 48.2177 47.816 47.4144 47.0129 46.6114 46.21 45.8086 45.4073 45.0061 44.6049 44.2038 43.8027 43.4017 43.0008 42.6 42.1992 41.7985 41.3978 40.9973 40.5968 40.1963 39.796 39.3957 38.9955 38.5953 38.1953 37.7953 37.3953 36.9954 36.5956 36.1959 35.7963 35.3967 34.9972 34.5978 34.1985 33.7993 33.4001 33.001 32.602 32.203 31.804 31.4052 31.0064 30.6076 30.209 29.8104 29.4118 29.0134 28.615 28.2166 27.8184 27.4202 27.022 26.6239 26.2259 25.8279 25.43 25.0321 24.6343 24.2365 23.8388 23.4411 23.0434 22.6458 22.2483 21.8508 21.4533 21.0558 20.6584 20.261 19.8636 19.4663 19.0689 18.6716 18.2743 17.877 17.4797 17.0824 16.6851 16.2879 15.8906 15.4933 15.0961 14.6988 14.3015 13.9042 13.5069 13.1096 12.7123 12.315 11.9177 11.5204 11.1231 10.7258 10.3285 9.93118 9.5339 9.13662 8.73933 8.34205 7.94476 7.54747 7.15019 6.75291 6.35563 5.95836 5.5611 5.16385 4.7666 4.36937 3.97214 3.57492 3.1777 2.78049 2.38328 1.98606 1.58885 1.19164 0.794428 0.397215 0. 
100. 99.5934 99.1867 98.7801 98.3734 97.9668 97.5602 97.1536 96.747 96.3404 95.9338 95.5272 95.1206 94.7141 94.3075 93.901 93.4944 93.0879 92.6814 92.275 91.8685 91.4621 91.0557 90.6493 90.243 89.8366 89.4303 89.0241 88.6179 88.2116 87.8055 87.3993 86.9932 86.5872 86.1811 85.7751 85.3692 84.9633 84.5575 84.1518 83.7461 83.3404 82.9347 82.5291 82.1236 81.7181 81.3127 80.9073 80.502 80.0968 79.6916 79.2865 78.8815 78.4766 78.0717 77.6669 77.2621 76.8575 76.4528 76.0483 75.6438 75.2393 74.8349 74.4305 74.0261 73.6219 73.2176 72.8134 72.4093 72.0052 71.6011 71.1971 70.7931 70.3891 69.9851 69.5811 69.1772 68.7733 68.3693 67.9654 67.5615 67.1577 66.7538 66.35 65.9462 65.5424 65.1386 64.7348 64.3311 63.9274 63.5237 63.12 62.7164 62.3128 61.9092 61.5057 61.1022 60.6987 60.2953 59.892 59.4887 59.0854 58.6822 58.279 57.8759 57.4728 57.0698 56.6668 56.2639 55.861 55.4582 55.0555 54.6528 54.2501 53.8475 53.445 53.0426 52.6402 52.2378 51.8356 51.4333 51.0312 50.6291 50.227 49.825 49.4231 49.0212 48.6194 48.2176 47.816 47.4144 47.0128 46.6114 46.2099 45.8086 45.4073 45.006 44.6049 44.2037 43.8027 43.4017 43.0008 42.5999 42.1992 41.7984 41.3978 40.9972 40.5967 40.1963 39.7959 39.3957 38.9955 38.5953 38.1952 37.7952 37.3953 36.9954 36.5956 36.1959 35.7962 35.3967 34.9972 34.5978 34.1985 33.7992 33.4001 33.001 32.6019 32.2029 31.804 31.4051 31.0063 30.6076 30.2089 29.8103 29.4118 29.0133 28.615 28.2166 27.8184 27.4201 27.022 26.6239 26.2259 25.8279 25.43 25.0321 24.6343 24.2365 23.8387 23.4411 23.0434 22.6458 22.2483 21.8507 21.4533 21.0558 20.6584 20.261 19.8636 19.4663 19.0689 18.6716 18.2743 17.877 17.4797 17.0824 16.6851 16.2879 15.8906 15.4933 15.0961 14.6988 14.3015 13.9042 13.5069 13.1096 12.7123 12.315 11.9177 11.5204 11.123 10.7257 10.3285 9.93117 9.53389 9.13661 8.73933 8.34204 7.94476 7.54747 7.15019 6.75291 6.35563 5.95836 5.5611 5.16384 4.7666 4.36936 3.97213 3.57491 3.1777 2.78049 2.38328 1.98607 1.58886 1.19164 0.79443 0.397216 0. 
100. 99.5934 99.1867 98.7801 98.3734 97.9668 97.5602 97.1536 96.747 96.3404 95.9338 95.5272 95.1206 94.7141 94.3075 93.901 93.4944 93.0879 92.6814 92.2749 91.8685 91.4621 91.0557 90.6493 90.2429 89.8366 89.4303 89.0241 88.6178 88.2116 87.8055 87.3993 86.9932 86.5871 86.1811 85.7751 85.3692 84.9633 84.5575 84.1517 83.746 83.3403 82.9347 82.5291 82.1235 81.7181 81.3126 80.9073 80.502 80.0968 79.6916 79.2865 78.8815 78.4765 78.0717 77.6668 77.2621 76.8574 76.4528 76.0482 75.6437 75.2393 74.8348 74.4305 74.0261 73.6218 73.2176 72.8134 72.4093 72.0052 71.6011 71.1971 70.7931 70.3891 69.9851 69.5811 69.1772 68.7733 68.3693 67.9654 67.5615 67.1577 66.7538 66.35 65.9461 65.5423 65.1386 64.7348 64.3311 63.9273 63.5237 63.12 62.7164 62.3128 61.9092 61.5057 61.1022 60.6987 60.2953 59.892 59.4887 59.0854 58.6822 58.279 57.8759 57.4728 57.0698 56.6668 56.2639 55.861 55.4582 55.0554 54.6527 54.2501 53.8475 53.445 53.0425 52.6401 52.2378 51.8355 51.4333 51.0311 50.629 50.227 49.825 49.423 49.0212 48.6194 48.2176 47.816 47.4144 47.0128 46.6113 46.2099 45.8086 45.4073 45.006 44.6048 44.2037 43.8027 43.4017 43.0008 42.5999 42.1991 41.7984 41.3978 40.9972 40.5967 40.1963 39.7959 39.3957 38.9954 38.5953 38.1952 37.7952 37.3953 36.9954 36.5956 36.1959 35.7962 35.3967 34.9972 34.5978 34.1985 33.7992 33.4001 33.001 32.6019 32.2029 31.804 31.4051 31.0063 30.6076 30.2089 29.8103 29.4118 29.0133 28.6149 28.2166 27.8183 27.4201 27.022 26.6239 26.2259 25.8279 25.43 25.0321 24.6342 24.2365 23.8387 23.441 23.0434 22.6458 22.2483 21.8507 21.4533 21.0558 20.6584 20.261 19.8636 19.4663 19.0689 18.6716 18.2743 17.877 17.4797 17.0824 16.6851 16.2879 15.8906 15.4933 15.0961 14.6988 14.3015 13.9042 13.5069 13.1096 12.7123 12.315 11.9177 11.5204 11.123 10.7257 10.3285 9.93117 9.53389 9.13661 8.73933 8.34204 7.94476 7.54747 7.15019 6.75291 6.35563 5.95836 5.5611 5.16384 4.7666 4.36936 3.97213 3.57491 3.17769 2.78048 2.38327 1.98607 1.58886 1.19165 0.794432 0.397217 0. 
100. 99.5934 99.1867 98.7801 98.3734 97.9668 97.5602 97.1536 96.747 96.3404 95.9338 95.5272 95.1206 94.7141 94.3075 93.901 93.4944 93.0879 92.6814 92.2749 91.8685 91.4621 91.0557 90.6493 90.2429 89.8366 89.4303 89.0241 88.6178 88.2116 87.8054 87.3993 86.9932 86.5871 86.1811 85.7751 85.3692 84.9633 84.5575 84.1517 83.746 83.3403 82.9347 82.5291 82.1235 81.718 81.3126 80.9073 80.502 80.0968 79.6916 79.2865 78.8815 78.4765 78.0716 77.6668 77.2621 76.8574 76.4528 76.0482 75.6437 75.2393 74.8348 74.4305 74.0261 73.6218 73.2176 72.8134 72.4093 72.0052 71.6011 71.1971 70.7931 70.3891 69.9851 69.5811 69.1772 68.7733 68.3693 67.9654 67.5615 67.1577 66.7538 66.35 65.9461 65.5423 65.1385 64.7348 64.331 63.9273 63.5236 63.12 62.7163 62.3127 61.9092 61.5056 61.1021 60.6987 60.2953 59.892 59.4886 59.0854 58.6822 58.279 57.8759 57.4728 57.0698 56.6668 56.2639 55.861 55.4582 55.0554 54.6527 54.2501 53.8475 53.445 53.0425 52.6401 52.2378 51.8355 51.4333 51.0311 50.629 50.227 49.825 49.423 49.0212 48.6194 48.2176 47.816 47.4144 47.0128 46.6114 46.2099 45.8086 45.4073 45.006 44.6048 44.2037 43.8027 43.4017 43.0008 42.5999 42.1991 41.7984 41.3978 40.9972 40.5967 40.1963 39.7959 39.3957 38.9954 38.5953 38.1952 37.7952 37.3953 36.9954 36.5956 36.1959 35.7962 35.3967 34.9972 34.5978 34.1985 33.7992 33.4001 33.001 32.6019 32.2029 31.804 31.4051 31.0063 30.6076 30.2089 29.8103 29.4118 29.0133 28.6149 28.2166 27.8183 27.4201 27.022 26.6239 26.2259 25.8279 25.43 25.0321 24.6342 24.2365 23.8387 23.441 23.0434 22.6458 22.2483 21.8507 21.4533 21.0558 20.6584 20.261 19.8636 19.4663 19.0689 18.6716 18.2743 17.877 17.4797 17.0824 16.6851 16.2879 15.8906 15.4933 15.0961 14.6988 14.3015 13.9042 13.5069 13.1096 12.7123 12.315 11.9177 11.5203 11.123 10.7257 10.3285 9.93117 9.53389 9.1366 8.73932 8.34204 7.94475 7.54747 7.15019 6.75291 6.35563 5.95836 5.5611 5.16384 4.76659 4.36936 3.97213 3.57491 3.17769 2.78048 2.38327 1.98607 1.58886 1.19165 0.794434 0.397218 0. 
100. 99.5933 99.1867 98.7801 98.3734 97.9668 97.5602 97.1536 96.747 96.3404 95.9338 95.5272 95.1206 94.7141 94.3075 93.901 93.4944 93.0879 92.6814 92.2749 91.8685 91.4621 91.0557 90.6493 90.2429 89.8366 89.4303 89.0241 88.6178 88.2116 87.8055 87.3993 86.9932 86.5871 86.1811 85.7751 85.3692 84.9633 84.5575 84.1517 83.746 83.3403 82.9347 82.5291 82.1235 81.718 81.3126 80.9073 80.502 80.0968 79.6916 79.2865 78.8815 78.4765 78.0716 77.6668 77.2621 76.8574 76.4528 76.0482 75.6437 75.2393 74.8348 74.4304 74.0261 73.6218 73.2176 72.8134 72.4093 72.0052 71.6011 71.1971 70.7931 70.3891 69.9851 69.5811 69.1772 68.7733 68.3693 67.9654 67.5615 67.1577 66.7538 66.35 65.9461 65.5423 65.1386 64.7348 64.331 63.9273 63.5236 63.12 62.7163 62.3127 61.9092 61.5056 61.1021 60.6987 60.2953 59.8919 59.4886 59.0854 58.6822 58.279 57.8759 57.4728 57.0698 56.6668 56.2639 55.861 55.4582 55.0554 54.6527 54.2501 53.8475 53.445 53.0425 52.6401 52.2378 51.8355 51.4333 51.0311 50.629 50.227 49.825 49.423 49.0212 48.6194 48.2176 47.816 47.4144 47.0128 46.6113 46.2099 45.8086 45.4073 45.006 44.6048 44.2037 43.8027 43.4017 43.0008 42.5999 42.1991 41.7984 41.3978 40.9972 40.5967 40.1963 39.7959 39.3957 38.9954 38.5953 38.1952 37.7952 37.3952 36.9954 36.5956 36.1958 35.7962 35.3967 34.9972 34.5978 34.1985 33.7992 33.4001 33.001 32.6019 32.2029 31.804 31.4051 31.0063 30.6076 30.2089 29.8103 29.4118 29.0133 28.6149 28.2166 27.8183 27.4201 27.022 26.6239 26.2259 25.8279 25.43 25.0321 24.6342 24.2365 23.8387 23.441 23.0434 22.6458 22.2483 21.8507 21.4533 21.0558 20.6584 20.261 19.8636 19.4663 19.0689 18.6716 18.2743 17.877 17.4797 17.0824 16.6851 16.2879 15.8906 15.4933 15.0961 14.6988 14.3015 13.9042 13.5069 13.1096 12.7123 12.315 11.9177 11.5203 11.123 10.7257 10.3285 9.93116 9.53388 9.1366 8.73932 8.34204 7.94475 7.54747 7.15019 6.75291 6.35564 5.95837 5.5611 5.16384 4.76659 4.36935 3.97212 3.5749 3.17769 2.78048 2.38327 1.98607 1.58886 1.19165 0.794436 0.397219 0. 
100. 99.5934 99.1867 98.7801 98.3734 97.9668 97.5602 97.1536 96.747 96.3404 95.9338 95.5272 95.1206 94.714 94.3075 93.9009 93.4944 93.0879 92.6814 92.2749 91.8685 91.4621 91.0557 90.6493 90.2429 89.8366 89.4303 89.024 88.6178 88.2116 87.8054 87.3993 86.9932 86.5871 86.1811 85.7751 85.3692 84.9633 84.5575 84.1517 83.746 83.3403 82.9347 82.5291 82.1235 81.718 81.3126 80.9073 80.502 80.0968 79.6916 79.2865 78.8815 78.4765 78.0716 77.6668 77.2621 76.8574 76.4528 76.0482 75.6437 75.2393 74.8348 74.4304 74.0261 73.6218 73.2176 72.8134 72.4093 72.0052 71.6011 71.1971 70.7931 70.3891 69.9851 69.5811 69.1772 68.7732 68.3693 67.9654 67.5615 67.1576 66.7538 66.35 65.9461 65.5423 65.1385 64.7348 64.331 63.9273 63.5236 63.12 62.7163 62.3127 61.9092 61.5056 61.1021 60.6987 60.2953 59.8919 59.4886 59.0854 58.6822 58.279 57.8759 57.4728 57.0698 56.6668 56.2638 55.861 55.4582 55.0554 54.6527 54.2501 53.8475 53.445 53.0425 52.6401 52.2378 51.8355 51.4333 51.0311 50.629 50.227 49.825 49.423 49.0212 48.6194 48.2176 47.816 47.4144 47.0128 46.6113 46.2099 45.8086 45.4073 45.006 44.6048 44.2037 43.8027 43.4017 43.0008 42.5999 42.1991 41.7984 41.3978 40.9972 40.5967 40.1963 39.7959 39.3957 38.9954 38.5953 38.1952 37.7952 37.3952 36.9954 36.5956 36.1958 35.7962 35.3966 34.9972 34.5978 34.1985 33.7992 33.4001 33.0009 32.6019 32.2029 31.804 31.4051 31.0063 30.6076 30.2089 29.8103 29.4118 29.0133 28.6149 28.2166 27.8183 27.4201 27.022 26.6239 26.2259 25.8279 25.43 25.0321 24.6342 24.2365 23.8387 23.441 23.0434 22.6458 22.2483 21.8507 21.4533 21.0558 20.6584 20.261 19.8636 19.4663 19.0689 18.6716 18.2743 17.877 17.4797 17.0824 16.6851 16.2879 15.8906 15.4933 15.0961 14.6988 14.3015 13.9042 13.5069 13.1096 12.7123 12.315 11.9177 11.5203 11.123 10.7257 10.3284 9.93116 9.53388 9.1366 8.73932 8.34203 7.94475 7.54747 7.15019 6.75291 6.35564 5.95837 5.5611 5.16384 4.76659 4.36935 3.97212 3.5749 3.17769 2.78048 2.38327 1.98607 1.58886 1.19165 0.794439 0.397221 0. 
100. 99.5933 99.1867 98.7801 98.3734 97.9668 97.5602 97.1536 96.747 96.3404 95.9338 95.5272 95.1206 94.714 94.3075 93.9009 93.4944 93.0879 92.6814 92.2749 91.8685 91.4621 91.0556 90.6493 90.2429 89.8366 89.4303 89.024 88.6178 88.2116 87.8054 87.3993 86.9932 86.5871 86.1811 85.7751 85.3692 84.9633 84.5575 84.1517 83.746 83.3403 82.9346 82.529 82.1235 81.718 81.3126 80.9073 80.502 80.0967 79.6916 79.2865 78.8815 78.4765 78.0716 77.6668 77.2621 76.8574 76.4528 76.0482 75.6437 75.2393 74.8348 74.4304 74.0261 73.6218 73.2176 72.8134 72.4093 72.0052 71.6011 71.1971 70.7931 70.3891 69.9851 69.5811 69.1772 68.7732 68.3693 67.9654 67.5615 67.1576 66.7538 66.3499 65.9461 65.5423 65.1385 64.7348 64.331 63.9273 63.5236 63.12 62.7163 62.3127 61.9091 61.5056 61.1021 60.6987 60.2953 59.8919 59.4886 59.0854 58.6822 58.279 57.8759 57.4728 57.0697 56.6668 56.2638 55.861 55.4582 55.0554 54.6527 54.2501 53.8475 53.445 53.0425 52.6401 52.2378 51.8355 51.4333 51.0311 50.629 50.227 49.825 49.423 49.0212 48.6193 48.2176 47.816 47.4144 47.0128 46.6113 46.2099 45.8086 45.4073 45.006 44.6048 44.2037 43.8027 43.4017 43.0008 42.5999 42.1991 41.7984 41.3978 40.9972 40.5967 40.1963 39.7959 39.3956 38.9954 38.5953 38.1952 37.7952 37.3952 36.9954 36.5956 36.1958 35.7962 35.3966 34.9972 34.5978 34.1985 33.7992 33.4001 33.0009 32.6019 32.2029 31.804 31.4051 31.0063 30.6076 30.2089 29.8103 29.4118 29.0133 28.6149 28.2166 27.8183 27.4201 27.022 26.6239 26.2259 25.8279 25.43 25.0321 24.6342 24.2365 23.8387 23.441 23.0434 22.6458 22.2483 21.8507 21.4533 21.0558 20.6584 20.261 19.8636 19.4663 19.0689 18.6716 18.2743 17.877 17.4797 17.0824 16.6851 16.2879 15.8906 15.4933 15.0961 14.6988 14.3015 13.9042 13.5069 13.1096 12.7123 12.315 11.9177 11.5203 11.123 10.7257 10.3284 9.93116 9.53388 9.1366 8.73931 8.34203 7.94475 7.54747 7.15019 6.75291 6.35564 5.95837 5.5611 5.16384 4.76659 4.36935 3.97212 3.5749 3.17768 2.78048 2.38327 1.98607 1.58887 1.19166 0.794442 0.397223 0. 
100. 99.5934 99.1867 98.7801 98.3734 97.9668 97.5602 97.1536 96.747 96.3404 95.9338 95.5272 95.1206 94.714 94.3075 93.9009 93.4944 93.0879 92.6814 92.2749 91.8685 91.462 91.0556 90.6493 90.2429 89.8366 89.4303 89.024 88.6178 88.2116 87.8054 87.3993 86.9932 86.5871 86.1811 85.7751 85.3692 84.9633 84.5575 84.1517 83.746 83.3403 82.9346 82.529 82.1235 81.718 81.3126 80.9072 80.502 80.0967 79.6916 79.2865 78.8815 78.4765 78.0716 77.6668 77.2621 76.8574 76.4528 76.0482 75.6437 75.2392 74.8348 74.4304 74.0261 73.6218 73.2176 72.8134 72.4093 72.0052 71.6011 71.1971 70.7931 70.3891 69.9851 69.5811 69.1772 68.7732 68.3693 67.9654 67.5615 67.1576 66.7538 66.3499 65.9461 65.5423 65.1385 64.7348 64.331 63.9273 63.5236 63.1199 62.7163 62.3127 61.9091 61.5056 61.1021 60.6987 60.2953 59.8919 59.4886 59.0854 58.6822 58.279 57.8759 57.4728 57.0697 56.6668 56.2638 55.861 55.4581 55.0554 54.6527 54.25 53.8475 53.445 53.0425 52.6401 52.2378 51.8355 51.4333 51.0311 50.629 50.227 49.825 49.423 49.0211 48.6193 48.2176 47.8159 47.4143 47.0128 46.6113 46.2099 45.8085 45.4072 45.006 44.6048 44.2037 43.8027 43.4017 43.0007 42.5999 42.1991 41.7984 41.3978 40.9972 40.5967 40.1963 39.7959 39.3956 38.9954 38.5953 38.1952 37.7952 37.3952 36.9953 36.5955 36.1958 35.7962 35.3966 34.9972 34.5978 34.1985 33.7992 33.4 33.0009 32.6019 32.2029 31.804 31.4051 31.0063 30.6076 30.2089 29.8103 29.4118 29.0133 28.6149 28.2166 27.8183 27.4201 27.022 26.6239 26.2259 25.8279 25.4299 25.0321 24.6342 24.2364 23.8387 23.441 23.0434 22.6458 22.2482 21.8507 21.4533 21.0558 20.6584 20.261 19.8636 19.4663 19.0689 18.6716 18.2743 17.877 17.4797 17.0824 16.6851 16.2879 15.8906 15.4933 15.0961 14.6988 14.3015 13.9042 13.5069 13.1096 12.7123 12.315 11.9177 11.5203 11.123 10.7257 10.3284 9.93116 9.53387 9.13659 8.73931 8.34203 7.94475 7.54747 7.15019 6.75292 6.35564 5.95837 5.5611 5.16384 4.76658 4.36934 3.97211 3.57489 3.17768 2.78047 2.38327 1.98607 1.58887 1.19166 0.794446 0.397225 0. 
100. 99.5934 99.1867 98.7801 98.3734 97.9668 97.5602 97.1536 96.747 96.3404 95.9338 95.5272 95.1206 94.714 94.3075 93.9009 93.4944 93.0879 92.6814 92.2749 91.8685 91.462 91.0556 90.6493 90.2429 89.8366 89.4303 89.024 88.6178 88.2116 87.8054 87.3993 86.9931 86.5871 86.181 85.7751 85.3692 84.9633 84.5575 84.1517 83.746 83.3403 82.9346 82.529 82.1235 81.718 81.3126 80.9072 80.5019 80.0967 79.6916 79.2865 78.8814 78.4765 78.0716 77.6668 77.2621 76.8574 76.4528 76.0482 75.6437 75.2392 74.8348 74.4304 74.0261 73.6218 73.2176 72.8134 72.4093 72.0052 71.6011 71.1971 70.7931 70.3891 69.9851 69.5811 69.1772 68.7732 68.3693 67.9654 67.5615 67.1576 66.7538 66.3499 65.9461 65.5423 65.1385 64.7348 64.331 63.9273 63.5236 63.1199 62.7163 62.3127 61.9091 61.5056 61.1021 60.6987 60.2953 59.8919 59.4886 59.0854 58.6821 58.279 57.8758 57.4728 57.0697 56.6667 56.2638 55.8609 55.4581 55.0554 54.6527 54.25 53.8475 53.4449 53.0425 52.6401 52.2378 51.8355 51.4333 51.0311 50.629 50.2269 49.8249 49.423 49.0211 48.6193 48.2176 47.8159 47.4143 47.0128 46.6113 46.2099 45.8085 45.4072 45.006 44.6048 44.2037 43.8026 43.4017 43.0007 42.5999 42.1991 41.7984 41.3977 40.9972 40.5967 40.1963 39.7959 39.3956 38.9954 38.5953 38.1952 37.7951 37.3952 36.9953 36.5955 36.1958 35.7962 35.3966 34.9971 34.5978 34.1984 33.7992 33.4 33.0009 32.6019 32.2029 31.8039 31.4051 31.0063 30.6075 30.2089 29.8103 29.4117 29.0133 28.6149 28.2166 27.8183 27.4201 27.022 26.6239 26.2258 25.8279 25.4299 25.0321 24.6342 24.2364 23.8387 23.441 23.0434 22.6458 22.2482 21.8507 21.4533 21.0558 20.6584 20.261 19.8636 19.4663 19.0689 18.6716 18.2743 17.877 17.4797 17.0824 16.6851 16.2879 15.8906 15.4933 15.0961 14.6988 14.3015 13.9042 13.5069 13.1096 12.7123 12.315 11.9176 11.5203 11.123 10.7257 10.3284 9.93115 9.53387 9.13659 8.73931 8.34203 7.94475 7.54747 7.15019 6.75292 6.35564 5.95837 5.5611 5.16383 4.76658 4.36934 3.97211 3.57489 3.17768 2.78047 2.38327 1.98608 1.58887 1.19167 0.794451 0.397228 0. 
100. 99.5933 99.1867 98.7801 98.3734 97.9668 97.5602 97.1536 96.747 96.3404 95.9338 95.5272 95.1206 94.714 94.3075 93.9009 93.4944 93.0879 92.6814 92.2749 91.8685 91.462 91.0556 90.6493 90.2429 89.8366 89.4303 89.024 88.6178 88.2116 87.8054 87.3992 86.9931 86.5871 86.181 85.7751 85.3692 84.9633 84.5575 84.1517 83.746 83.3403 82.9346 82.529 82.1235 81.718 81.3126 80.9072 80.5019 80.0967 79.6915 79.2864 78.8814 78.4765 78.0716 77.6668 77.2621 76.8574 76.4528 76.0482 75.6437 75.2392 74.8348 74.4304 74.0261 73.6218 73.2176 72.8134 72.4093 72.0052 71.6011 71.1971 70.7931 70.3891 69.9851 69.5811 69.1772 68.7732 68.3693 67.9654 67.5615 67.1576 66.7538 66.3499 65.9461 65.5423 65.1385 64.7348 64.331 63.9273 63.5236 63.1199 62.7163 62.3127 61.9091 61.5056 61.1021 60.6987 60.2953 59.8919 59.4886 59.0854 58.6821 58.279 57.8758 57.4727 57.0697 56.6667 56.2638 55.8609 55.4581 55.0554 54.6527 54.25 53.8474 53.4449 53.0425 52.6401 52.2378 51.8355 51.4333 51.0311 50.629 50.2269 49.8249 49.423 49.0211 48.6193 48.2176 47.8159 47.4143 47.0128 46.6113 46.2099 45.8085 45.4072 45.006 44.6048 44.2037 43.8026 43.4016 43.0007 42.5999 42.1991 41.7984 41.3977 40.9972 40.5967 40.1962 39.7959 39.3956 38.9954 38.5952 38.1951 37.7951 37.3952 36.9953 36.5955 36.1958 35.7961 35.3966 34.9971 34.5977 34.1984 33.7992 33.4 33.0009 32.6018 32.2029 31.8039 31.4051 31.0063 30.6075 30.2089 29.8103 29.4117 29.0133 28.6149 28.2165 27.8183 27.4201 27.0219 26.6239 26.2258 25.8279 25.4299 25.032 24.6342 24.2364 23.8387 23.441 23.0434 22.6458 22.2482 21.8507 21.4533 21.0558 20.6584 20.261 19.8636 19.4663 19.0689 18.6716 18.2743 17.877 17.4797 17.0824 16.6851 16.2879 15.8906 15.4933 15.0961 14.6988 14.3015 13.9042 13.5069 13.1096 12.7123 12.315 11.9176 11.5203 11.123 10.7257 10.3284 9.93115 9.53387 9.13659 8.73931 8.34203 7.94475 7.54747 7.15019 6.75292 6.35564 5.95837 5.56109 5.16383 4.76658 4.36933 3.9721 3.57488 3.17767 2.78047 2.38328 1.98608 1.58888 1.19167 0.794457 0.397231 0. 
100. 99.5933 99.1867 98.7801 98.3734 97.9668 97.5602 97.1536 96.747 96.3404 95.9338 95.5272 95.1206 94.714 94.3075 93.9009 93.4944 93.0879 92.6814 92.2749 91.8685 91.462 91.0556 90.6492 90.2429 89.8366 89.4303 89.024 88.6178 88.2116 87.8054 87.3992 86.9931 86.587 86.181 85.7751 85.3691 84.9633 84.5575 84.1517 83.7459 83.3402 82.9346 82.529 82.1234 81.718 81.3126 80.9072 80.5019 80.0967 79.6915 79.2864 78.8814 78.4765 78.0716 77.6668 77.2621 76.8574 76.4528 76.0482 75.6437 75.2392 74.8348 74.4304 74.0261 73.6218 73.2176 72.8134 72.4093 72.0052 71.6011 71.1971 70.7931 70.3891 69.9851 69.5811 69.1772 68.7732 68.3693 67.9654 67.5615 67.1576 66.7538 66.3499 65.9461 65.5423 65.1385 64.7348 64.331 63.9273 63.5236 63.1199 62.7163 62.3127 61.9091 61.5056 61.1021 60.6986 60.2952 59.8919 59.4886 59.0853 58.6821 58.279 57.8758 57.4727 57.0697 56.6667 56.2638 55.8609 55.4581 55.0553 54.6526 54.25 53.8474 53.4449 53.0425 52.6401 52.2378 51.8355 51.4333 51.0311 50.629 50.2269 49.8249 49.423 49.0211 48.6193 48.2176 47.8159 47.4143 47.0128 46.6113 46.2099 45.8085 45.4072 45.006 44.6048 44.2037 43.8026 43.4016 43.0007 42.5998 42.1991 41.7983 41.3977 40.9971 40.5966 40.1962 39.7959 39.3956 38.9954 38.5952 38.1951 37.7951 37.3951 36.9953 36.5955 36.1958 35.7961 35.3966 34.9971 34.5977 34.1984 33.7992 33.4 33.0009 32.6018 32.2028 31.8039 31.405 31.0062 30.6075 30.2088 29.8102 29.4117 29.0132 28.6148 28.2165 27.8183 27.4201 27.0219 26.6239 26.2258 25.8279 25.4299 25.032 24.6342 24.2364 23.8387 23.441 23.0434 22.6458 22.2482 21.8507 21.4533 21.0558 20.6584 20.261 19.8636 19.4662 19.0689 18.6716 18.2743 17.877 17.4797 17.0824 16.6851 16.2879 15.8906 15.4933 15.0961 14.6988 14.3015 13.9042 13.5069 13.1096 12.7123 12.315 11.9176 11.5203 11.123 10.7257 10.3284 9.93115 9.53387 9.13659 8.73931 8.34203 7.94475 7.54747 7.1502 6.75292 6.35564 5.95836 5.56109 5.16383 4.76657 4.36932 3.97209 3.57487 3.17767 2.78047 2.38328 1.98609 1.58889 1.19168 0.794464 0.397235 0. 
100. 99.5933 99.1867 98.7801 98.3734 97.9668 97.5602 97.1536 96.7469 96.3404 95.9338 95.5271 95.1206 94.714 94.3075 93.9009 93.4944 93.0879 92.6814 92.2749 91.8684 91.462 91.0556 90.6493 90.2429 89.8365 89.4303 89.024 88.6177 88.2115 87.8054 87.3992 86.9931 86.587 86.181 85.7751 85.3691 84.9633 84.5574 84.1517 83.7459 83.3402 82.9345 82.529 82.1234 81.7179 81.3125 80.9072 80.5019 80.0967 79.6915 79.2864 78.8814 78.4764 78.0716 77.6668 77.2621 76.8574 76.4528 76.0482 75.6437 75.2392 74.8348 74.4304 74.0261 73.6218 73.2176 72.8134 72.4093 72.0052 71.6011 71.1971 70.7931 70.3891 69.9851 69.5811 69.1771 68.7732 68.3693 67.9654 67.5615 67.1576 66.7538 66.3499 65.9461 65.5423 65.1385 64.7347 64.331 63.9273 63.5236 63.1199 62.7163 62.3127 61.9091 61.5056 61.1021 60.6986 60.2952 59.8919 59.4886 59.0853 58.6821 58.2789 57.8758 57.4727 57.0697 56.6667 56.2638 55.8609 55.4581 55.0553 54.6526 54.25 53.8474 53.4449 53.0424 52.6401 52.2377 51.8355 51.4333 51.0311 50.629 50.2269 49.8249 49.4229 49.0211 48.6193 48.2175 47.8159 47.4143 47.0128 46.6113 46.2099 45.8085 45.4072 45.0059 44.6048 44.2036 43.8026 43.4016 43.0007 42.5998 42.199 41.7983 41.3977 40.9971 40.5966 40.1962 39.7959 39.3956 38.9954 38.5952 38.1951 37.7951 37.3951 36.9952 36.5954 36.1957 35.7961 35.3965 34.9971 34.5977 34.1984 33.7991 33.4 33.0009 32.6018 32.2028 31.8039 31.405 31.0062 30.6075 30.2088 29.8102 29.4117 29.0132 28.6148 28.2165 27.8182 27.42 27.0219 26.6238 26.2258 25.8278 25.4299 25.032 24.6342 24.2364 23.8386 23.441 23.0433 22.6458 22.2482 21.8507 21.4532 21.0558 20.6584 20.261 19.8636 19.4662 19.0689 18.6716 18.2743 17.877 17.4797 17.0824 16.6851 16.2879 15.8906 15.4933 15.0961 14.6988 14.3015 13.9042 13.5069 13.1096 12.7123 12.315 11.9176 11.5203 11.123 10.7257 10.3284 9.93115 9.53387 9.13659 8.73931 8.34203 7.94475 7.54747 7.1502 6.75292 6.35564 5.95836 5.56109 5.16382 4.76656 4.36932 3.97208 3.57487 3.17766 2.78047 2.38328 1.98609 1.5889 1.19169 0.794471 0.397239 0. 
100. 99.5934 99.1867 98.7801 98.3734 97.9668 97.5602 97.1536 96.7469 96.3404 95.9338 95.5271 95.1206 94.714 94.3075 93.9009 93.4944 93.0879 92.6814 92.2749 91.8684 91.462 91.0556 90.6493 90.2429 89.8365 89.4303 89.024 88.6177 88.2115 87.8053 87.3992 86.9931 86.587 86.181 85.7751 85.3691 84.9633 84.5574 84.1516 83.7459 83.3402 82.9345 82.5289 82.1234 81.7179 81.3125 80.9072 80.5019 80.0966 79.6914 79.2864 78.8813 78.4764 78.0716 77.6668 77.262 76.8574 76.4528 76.0482 75.6436 75.2392 74.8347 74.4304 74.026 73.6218 73.2175 72.8134 72.4092 72.0052 71.6011 71.1971 70.7931 70.389 69.9851 69.5811 69.1771 68.7732 68.3693 67.9654 67.5615 67.1576 66.7537 66.3499 65.9461 65.5423 65.1385 64.7347 64.331 63.9273 63.5236 63.1199 62.7163 62.3126 61.9091 61.5055 61.102 60.6986 60.2952 59.8919 59.4886 59.0853 58.6821 58.2789 57.8758 57.4727 57.0697 56.6667 56.2637 55.8609 55.4581 55.0553 54.6526 54.25 53.8474 53.4449 53.0424 52.64 52.2377 51.8355 51.4332 51.0311 50.6289 50.2269 49.8248 49.4229 49.021 48.6192 48.2175 47.8159 47.4143 47.0127 46.6113 46.2098 45.8085 45.4072 45.0059 44.6047 44.2036 43.8026 43.4016 43.0006 42.5998 42.199 41.7983 41.3976 40.9971 40.5966 40.1962 39.7958 39.3955 38.9953 38.5952 38.1951 37.795 37.3951 36.9952 36.5954 36.1957 35.7961 35.3965 34.997 34.5977 34.1984 33.7991 33.3999 33.0008 32.6018 32.2028 31.8039 31.405 31.0062 30.6075 30.2088 29.8102 29.4117 29.0132 28.6148 28.2165 27.8182 27.42 27.0219 26.6238 26.2258 25.8278 25.4299 25.032 24.6341 24.2364 23.8386 23.4409 23.0433 22.6457 22.2482 21.8507 21.4532 21.0558 20.6584 20.261 19.8636 19.4662 19.0689 18.6716 18.2743 17.877 17.4797 17.0824 16.6851 16.2879 15.8906 15.4933 15.0961 14.6988 14.3015 13.9042 13.5069 13.1096 12.7123 12.315 11.9176 11.5203 11.123 10.7257 10.3284 9.93115 9.53387 9.13659 8.73931 8.34203 7.94475 7.54747 7.1502 6.75292 6.35564 5.95836 5.56109 5.16382 4.76656 4.36931 3.97208 3.57486 3.17766 2.78047 2.38328 1.9861 1.58891 1.1917 0.794479 0.397243 0. 
100. 99.5933 99.1867 98.7801 98.3734 97.9668 97.5601 97.1536 96.7469 96.3403 95.9338 95.5271 95.1206 94.714 94.3075 93.9009 93.4944 93.0878 92.6813 92.2749 91.8684 91.4621 91.0555 90.6492 90.2429 89.8365 89.4302 89.024 88.6177 88.2115 87.8053 87.3992 86.993 86.587 86.1809 85.7751 85.3691 84.9633 84.5574 84.1516 83.7459 83.3402 82.9345 82.5289 82.1234 81.7179 81.3125 80.9071 80.5018 80.0966 79.6914 79.2863 78.8813 78.4764 78.0716 77.6668 77.262 76.8574 76.4528 76.0482 75.6436 75.2392 74.8347 74.4304 74.026 73.6217 73.2175 72.8134 72.4092 72.0051 71.6011 71.1971 70.7931 70.389 69.9851 69.5811 69.1771 68.7732 68.3693 67.9654 67.5615 67.1576 66.7537 66.3499 65.9461 65.5423 65.1385 64.7347 64.331 63.9272 63.5235 63.1199 62.7162 62.3126 61.9091 61.5055 61.102 60.6986 60.2952 59.8918 59.4885 59.0853 58.6821 58.2789 57.8758 57.4727 57.0696 56.6666 56.2637 55.8609 55.458 55.0553 54.6526 54.2499 53.8473 53.4448 53.0424 52.64 52.2377 51.8354 51.4332 51.031 50.6289 50.2268 49.8248 49.4229 49.021 48.6192 48.2175 47.8158 47.4142 47.0127 46.6112 46.2098 45.8084 45.4071 45.0059 44.6047 44.2036 43.8025 43.4015 43.0006 42.5998 42.199 41.7982 41.3976 40.997 40.5966 40.1961 39.7958 39.3955 38.9953 38.5951 38.195 37.795 37.395 36.9952 36.5954 36.1957 35.796 35.3965 34.997 34.5976 34.1983 33.7991 33.3999 33.0008 32.6018 32.2028 31.8038 31.405 31.0062 30.6074 30.2088 29.8102 29.4116 29.0132 28.6148 28.2164 27.8182 27.42 27.0219 26.6238 26.2258 25.8278 25.4299 25.032 24.6341 24.2363 23.8386 23.4409 23.0433 22.6457 22.2482 21.8507 21.4532 21.0558 20.6584 20.261 19.8636 19.4662 19.0689 18.6716 18.2742 17.8769 17.4797 17.0824 16.6851 16.2879 15.8906 15.4934 15.0961 14.6988 14.3016 13.9043 13.5069 13.1096 12.7123 12.3149 11.9176 11.5203 11.123 10.7257 10.3284 9.93115 9.53387 9.13659 8.73931 8.34203 7.94475 7.54748 7.1502 6.75292 6.35564 5.95836 5.56108 5.16381 4.76655 4.3693 3.97207 3.57485 3.17765 2.78047 2.38329 1.98611 1.58892 1.19171 0.794486 0.397246 0. 
100. 99.5933 99.1867 98.7801 98.3734 97.9668 97.56 97.1538 96.7469 96.3402 95.9339 95.5272 95.1206 94.714 94.3074 93.9009 93.4944 93.0879 92.6813 92.2749 91.8683 91.4622 91.0555 90.6491 90.243 89.8365 89.4302 89.024 88.6177 88.2115 87.8053 87.3992 86.993 86.587 86.1808 85.7751 85.369 84.9632 84.5575 84.1515 83.7458 83.3402 82.9345 82.5288 82.1233 81.7179 81.3124 80.9071 80.5017 80.0966 79.6914 79.2863 78.8813 78.4763 78.0715 77.6668 77.262 76.8573 76.4527 76.0482 75.6436 75.2391 74.8347 74.4304 74.026 73.6217 73.2175 72.8133 72.4092 72.0051 71.6011 71.1971 70.7931 70.389 69.985 69.5811 69.1771 68.7732 68.3693 67.9654 67.5615 67.1576 66.7537 66.3499 65.9461 65.5423 65.1385 64.7347 64.3309 63.9272 63.5235 63.1199 62.7162 62.3126 61.909 61.5055 61.102 60.6985 60.2952 59.8918 59.4885 59.0853 58.6821 58.2789 57.8757 57.4726 57.0696 56.6666 56.2637 55.8608 55.458 55.0553 54.6525 54.2499 53.8473 53.4448 53.0424 52.64 52.2377 51.8354 51.4332 51.031 50.6289 50.2268 49.8248 49.4228 49.021 48.6192 48.2175 47.8158 47.4142 47.0127 46.6112 46.2098 45.8084 45.4071 45.0059 44.6047 44.2036 43.8025 43.4015 43.0006 42.5997 42.1989 41.7982 41.3976 40.997 40.5965 40.1961 39.7958 39.3955 38.9953 38.5951 38.195 37.795 37.395 36.9951 36.5953 36.1956 35.796 35.3964 34.997 34.5976 34.1983 33.7991 33.3999 33.0008 32.6017 32.2027 31.8038 31.4049 31.0061 30.6074 30.2087 29.8101 29.4116 29.0131 28.6147 28.2164 27.8182 27.42 27.0219 26.6238 26.2258 25.8278 25.4298 25.0319 24.6341 24.2363 23.8386 23.4409 23.0433 22.6457 22.2482 21.8507 21.4532 21.0558 20.6584 20.261 19.8636 19.4662 19.0689 18.6716 18.2742 17.8769 17.4797 17.0824 16.6851 16.2879 15.8906 15.4934 15.0961 14.6988 14.3016 13.9043 13.5069 13.1096 12.7123 12.3149 11.9176 11.5203 11.123 10.7257 10.3284 9.93115 9.53387 9.13659 8.73931 8.34203 7.94475 7.54748 7.1502 6.75292 6.35564 5.95836 5.56108 5.1638 4.76654 4.36929 3.97206 3.57484 3.17765 2.78047 2.3833 1.98612 1.58893 1.19172 0.794491 0.397246 0. 
